corr,alpha,beta,phi,half_life_bars,n_obs,adf_stat_x,adf_p_x,adf_cv_5pct_x,sym1,sym2,timeframe,adf_stat_y,adf_p_y,adf_cv_5pct_y,n_obs_adf
0.9964899856695144,0.1754444601765028,0.9698179214467664,0.966261164892691,20.195934578105327,773,,,,XAUCHF,XAUEUR,H8,-2.963403806229673,0.038456257621241496,-2.8653254941943174,773
0.996487387616319,0.1362021023478004,0.9670801492123342,0.9278932700425,9.261898515559082,767,,,,BRENT_F6,XBRUSD,H8,-3.541795982867726,0.006976369457313968,-2.8653962034740705,767
0.9960055371182762,2.046648056199972,1.0282762916221304,0.9127605906942924,7.593499231859432,107,,,,EURHKD,EURUSD,H8,-1.9862054542032919,0.29265408776663504,-2.889485291005291,107
0.9955436418899944,0.1687880638842491,0.9586475794306584,0.7950561183866571,3.022322272871591,773,,,,WTI_Z5,XTIUSD,H8,-3.4449566074194484,0.009518504927677335,-2.865375732701395,773
0.9952422746698604,0.4948834094727257,0.9671608798194516,0.9265820037803147,9.0901296130071,236,,,,GCZ25,XAUCHF,H8,-3.1198341639978584,0.025119768183226275,-2.873918902362675,236
0.9950867079843586,0.7836230190450575,0.923041992320154,0.9331963872803852,10.025326710572305,236,,,,GCZ25,XAUEUR,H8,-2.8903589118723927,0.04648066633830428,-2.873918902362675,236
0.9941999713809728,0.7720973513840406,0.9077350045882572,0.969446891673015,22.33826791554033,773,,,,XAGAUD,XAGUSD,H8,-3.3591082688201896,0.012434406914583945,-2.8653008652386576,773
0.993896945972462,1.3203553521082405,0.8515151886654426,0.9823009360551682,38.81532369137218,773,,,,XAUEUR,XAUGBP,H8,-2.6158414924356737,0.0897671540914553,-2.865291103159288,773
0.9932923741230456,0.067570815130173,0.9441990255899928,0.9416540158688336,11.529900785600358,236,,,,GCZ25,XAUAUD,H8,-2.698121981814268,0.07436381239459182,-2.873918902362675,236
0.9932758214169412,3.026871640145912,0.837822655778385,0.9918733404524572,84.94595603448042,665,,,,DXY_Z5,USDDKK,H8,-1.1157110308060345,0.7087660344340316,-2.8659091963995573,665
0.9926681950284963,1.2171765832971708,0.8846102460764061,0.9558636262591051,15.35548901661369,236,,,,GCZ25,XAUGBP,H8,-2.26483796700362,0.183559249430769,-2.873918902362675,236
0.9920386478072418,1.2400281236048638,0.7478397775702833,0.9775911389679616,30.58395180145832,773,,,,US500,USTEC,H8,-3.1233790497230554,0.024870720178320118,-2.8653254941943174,773
0.9919671437232672,-2.4745415447122507,0.8092729018302345,0.9417230205918972,11.543971848695511,236,,,,GCZ25,XAUJPY,H8,-2.5864459640706765,0.09583109402587203,-2.873918902362675,236
0.9912180110682096,0.7683998165847581,1.2274493001544289,0.988313694122112,58.96551808237196,668,,,,USDCZK,USDDKK,H8,-1.076170069646116,0.7244808600436577,-2.8660036655537744,668
0.99112558463802,-2.502007531083919,0.9523444252723086,0.9783197022114722,31.62345461683334,668,,,,USDCZK,USDHUF,H8,-1.9294708288692641,0.3183266046926242,-2.8659291016222834,668
0.9904597266448192,-3.6537105565492,0.8759654507881486,0.9736442540540928,25.95154451714715,773,,,,XAUGBP,XAUJPY,H8,-3.2441682844906716,0.017566230645335957,-2.865295977855759,773
0.9900026923887856,0.3585687113668467,0.9259874665567768,0.9866897183068708,51.72872387415096,773,,,,XBRUSD,XTIUSD,H8,-1.6523443288969504,0.4558180761363396,-2.8653008652386576,773
0.989813804153987,0.3218577632533104,0.934927369475502,0.8824089275778312,5.540758414287251,767,,,,BRENT_F6,WTI_Z5,H8,-3.2866983663311395,0.01548362936824122,-2.865422101274577,767
0.9895740637703468,-2.2676231427685973,1.1022156591739458,0.9578948730893824,16.113240521171726,668,,,,USDCHF,USDDKK,H8,-3.0169341232039297,0.03334294480199433,-2.8659291016222834,668
0.9890936983860432,0.049670251114529,0.9764785219363884,0.8044813136006175,3.18604071380228,663,,,,WTI_V5,XBRUSD,H8,-2.6860745945298725,0.0764791263650884,-2.8660244429195725,663
0.9887493479748122,0.2058397398629372,0.9622389177789332,0.8035538096068316,3.169236014552649,663,,,,BRENT_F6,WTI_V5,H8,-4.106531037525806,0.0009447277933916998,-2.8660314117601575,663
0.9886077698322578,-0.1282131632049399,1.0177801198959089,0.907571599805833,7.147113211965167,773,,,,WTI_Z5,XBRUSD,H8,-2.199400630407798,0.20646306536058423,-2.865375732701395,773
0.9881260423289971,1.4707894080010346,0.8239116712140084,0.9811469252712728,36.41806367588151,773,,,,XAUCHF,XAUGBP,H8,-2.829587333766343,0.054170135050974295,-2.8653304587462944,773
0.9874063078518082,0.4735574118846877,0.8977265721292453,0.9691518825214258,22.121291729349032,767,,,,BRENT_F6,XTIUSD,H8,-2.611940045837893,0.09055452777133244,-2.8653808299915013,767
0.986876297274979,-0.0209517815169721,1.094006428704037,0.9885451613570884,60.16406119576136,773,,,,XAUAUD,XAUGBP,H8,-1.7854093675850697,0.38772921860809384,-2.8653404270188476,773
0.9861811403072048,5.693487668233142,0.6715366377298536,0.937342933942556,10.712243162141242,236,,,,GCZ25,XAGUSD,H8,-3.362514284407688,0.012305097056871356,-2.8740800599399323,236
0.9857382548014308,0.4581420999682641,1.0806874787018932,0.9628600065906991,18.314334114471283,668,,,,USDDKK,USDPLN,H8,-3.3908189621368616,0.011275862764486189,-2.8659026013871864,668
0.9848355946499974,4.026411723016786,1.391461729763564,0.9754626018292388,27.900592819950887,668,,,,USDHUF,USDPLN,H8,-1.60301759883266,0.48207746359474857,-2.8659224464259823,668
0.984369482320654,-2.9187629122162337,0.8854051341794448,0.9664951427402768,20.33941897501332,668,,,,USDCHF,USDCZK,H8,-2.8061648365867415,0.057398546696815336,-2.8659291016222834,668
0.9839037938915216,1.3184462095270657,1.3357510413685991,0.9660078778292368,20.042835327984985,668,,,,USDCZK,USDPLN,H8,-3.2926621463459744,0.015209679969324257,-2.8659026013871864,668
0.9837011179745164,5.817715353207413,0.6656351361221778,0.93591618059368,10.465860009212486,236,,,,GCZ25,XAGEUR,H8,-3.0447457142181236,0.030921782335638227,-2.8741898504150574,236
0.9835609006498032,-0.4000471154805529,1.0909124509474024,0.957862174228706,16.100463841653124,776,,,,CHFJPY,EURJPY,H8,-3.6765725405954877,0.004455013456695366,-2.8652813916285518,776
0.982291563436879,5.386542847785429,0.6767522730542004,0.9434302093579124,11.903019376411413,236,,,,GCZ25,XAGAUD,H8,-2.8914320786662784,0.046353440411571065,-2.8741898504150574,236
0.9802269682229938,4.753534909020346,0.7702677206074492,0.982183202366396,38.55652749719506,769,,,,DXY_Z5,USDCHF,H8,-2.0731105098413023,0.2554635314301502,-2.8653205426302253,769
0.979839485830677,-1.7455101721121746,0.7424310655045695,0.9855318405420236,47.56104057832794,773,,,,XAUEUR,XAUJPY,H8,-2.5105861622281447,0.11291979818910769,-2.865291103159288,773
0.97942862291471,3.410511763893754,0.9055962155493036,0.974751952298887,27.10544547285493,665,,,,DXY_Z5,USDPLN,H8,-2.4113857834068733,0.1385486090355207,-2.8659224464259823,665
0.977606482828734,-1.559405419515624,1.2649407564731006,0.98956476611558,66.07655264050017,773,,,,XAUAUD,XAUEUR,H8,-2.14692071467477,0.22607062403531553,-2.8653254941943174,773
0.9748666118428124,-2.550257406828133,0.7564429430144805,0.9927877339170504,95.75972047819286,668,,,,USDDKK,USDHUF,H8,-1.09333630811014,0.7177219792730012,-2.8660174956716795,668
0.9747448774697516,0.0974175177377354,1.1305957457941451,0.9917111269448492,83.2767598632761,773,,,,XAGAUD,XAGEUR,H8,-1.977365232252289,0.2965849798135022,-2.8653354363373253,773
0.9744301875181716,-1.7187455726886751,1.2955064394746658,0.9850035493094634,45.87330244330197,773,,,,XAUAUD,XAUCHF,H8,-2.3826829481069867,0.14668378657355308,-2.8653354363373253,773
0.9733717914839228,-3.965717579209997,0.9543025142729228,0.9852621074620982,46.684203650911975,773,,,,XAUAUD,XAUJPY,H8,-2.328624766227195,0.16290202033878787,-2.8653156040031176,773
0.9725113916339874,2.565041179612465,0.6623227382232076,0.9947091938237164,130.66286736363622,665,,,,DXY_Z5,USDCZK,H8,-0.5133046071721015,0.8893939374592827,-2.86596268312982,665
0.972466519234646,0.3211900269783082,0.5466805871057507,0.9833396570449036,41.25707253783169,776,,,,EURSGD,EURUSD,H8,-2.361561998384769,0.15288035173370784,-2.8653354363373253,776
0.9723366135353996,-0.024139785667801,1.2327430905507852,0.9712478815274164,23.759432053345968,776,,,,EURCAD,EURSGD,H8,-3.0164576080220655,0.03338578945244906,-2.865291103159288,776
0.9720315651583736,-1.475264420315832,0.7168013817482538,0.9899495756031614,68.61979927690471,773,,,,XAUCHF,XAUJPY,H8,-2.1145066160559804,0.23872156890946483,-2.865291103159288,773
0.97016375959905,-3.2422070485358265,1.2075805141802287,0.9417863394585964,11.556912823195846,503,,,,ES35,IT40,H8,-3.081242748601104,0.02797281128562381,-2.8675301216074414,503
0.9665929712188284,0.7467445309889946,0.7608737202524265,0.995457900579672,152.25818514079296,773,,,,XAGEUR,XAGUSD,H8,-1.4337388495897303,0.5659987260093804,-2.8653859408474482,773
0.9662988663020516,-2.3926375197056355,0.6068209943269589,0.9434229701206914,11.901451122812928,668,,,,CADCHF,USDCZK,H8,-3.0707642135843964,0.028793790826849994,-2.8659091963995573,668
0.9655548065340104,-1.74658751927678,1.1790540413099042,0.964346952951439,19.09278643093065,668,,,,USDCHF,USDPLN,H8,-3.364788538934357,0.01221942045026175,-2.8658894709126246,668
0.9644799705614272,-0.394401624073583,0.673377259685322,0.9778245602221748,30.909557673253747,668,,,,CADCHF,USDCHF,H8,-2.0014476599035627,0.2859387117193518,-2.865896026254794,668
0.963662334177635,-1.4803011772040795,0.9676382010366408,0.9495118309414076,13.3793371344287,497,,,,ES35,SA40,H8,-2.6477195157636695,0.08353012709316698,-2.867444458865948,497
0.9636386480697282,9.135610512547911,0.6236544178423733,0.9578079098816298,16.079304407748896,497,,,,SA40,XAGUSD,H8,-2.542103433623983,0.10556320582889922,-2.8674324209387345,497
0.9635897432671442,-10.484117146559,1.108891804870934,0.982186999959085,38.56482177966413,773,,,,XAGAUD,XAUJPY,H8,-2.6179714137686685,0.08933953501482844,-2.8653008652386576,773
0.9630669326925616,-3.9298484751644858,0.5811268691392563,0.9366628414204262,10.593415363439878,668,,,,CADCHF,USDHUF,H8,-3.456049498064121,0.00919023854000178,-2.8659091963995573,668
0.9624300068545036,-5.067018373692059,0.8317990246831504,0.9807183280309428,35.60080156737058,668,,,,USDCHF,USDHUF,H8,-2.087888785288756,0.24941238606927063,-2.865896026254794,668
0.9616362745598536,-12.275508861345074,1.2120554971865851,0.9832358826745876,40.99952273681462,773,,,,XAGUSD,XAUJPY,H8,-2.8072506237882355,0.0572455088750168,-2.865305765357574,773
0.961214555097908,4.16243607312554,1.6782468710657137,0.9855353644252018,47.57271227158876,665,,,,DXY_Z5,USDSGD,H8,-2.4172655248135113,0.13692252011751177,-2.865983079837035,665
0.9611997090373956,-3.040938500233347,1.238909854568358,0.8941970281405339,6.19826986769375,485,,,,HK50,IT40,H8,-2.8846787844961916,0.047158875209944114,-2.867605550172837,485
0.9602025408159526,-0.273007379009324,1.4104301814979725,0.9862605487799964,50.10203530737604,776,,,,EURUSD,GBPUSD,H8,-2.163612873379784,0.21971584806000766,-2.865276554696385,776
0.9593526763731132,0.9625641394401032,1.039586053895816,0.9716153487225196,24.071551641895017,668,,,,USDNOK,USDPLN,H8,-3.1179256737079366,0.025254737141701934,-2.865896026254794,668
0.9588820933552732,-0.1292238515159449,0.8862761902777526,0.9693566778662928,22.27147318935198,776,,,,EURCAD,EURNZD,H8,-3.1706992772969573,0.021744609481233367,-2.865291103159288,776
0.9588482906069464,2.696156770070597,0.818147984375489,0.9775758065931064,30.562801484600527,665,,,,DXY_Z5,USDNOK,H8,-2.700365143069029,0.0739751046526358,-2.8659026013871864,665
0.9587362559469848,-0.3794608975662943,0.9699637553919236,0.97765036432037,30.665923025988235,668,,,,USDDKK,USDNOK,H8,-2.952139760110921,0.0396121634438163,-2.8658894709126246,668
0.9585118487691316,-0.6633514778840164,1.2675873445379642,0.9534143484549544,14.529655281877991,668,,,,USDCZK,USDMXN,H8,-2.5185170152899716,0.11103369366514304,-2.8659491890487026,668
0.95805992241927,0.1306597002621595,0.8984211051051786,0.969739038529955,22.557307730767057,668,,,,CADCHF,NZDCHF,H8,-2.9462354809477604,0.04022958606273657,-2.8659026013871864,668
0.956196270155052,0.2853709843883414,1.197947479876663,0.9801446213027252,34.56206200932549,668,,,,USDCZK,USDNOK,H8,-2.6986555305997424,0.07427121006033405,-2.8658894709126246,668
0.9555021674475196,4.239080739211049,0.4805591695719737,0.9627474719561046,18.257948788724672,659,,,,AUS200,USTEC,H8,-2.881388435040992,0.04755547021231998,-2.8659559257802867,659
0.9550756048734594,0.3710786105590444,0.6806951931974045,0.9825415468922822,39.35507781484843,776,,,,EURCAD,EURUSD,H8,-2.3093059786322634,0.16898417214858513,-2.8652862410999114,776
0.9550598718628186,0.2616518031249306,0.920993225909616,0.948422371065388,13.089279037188856,484,,,,ES35,HK50,H8,-3.546629149937778,0.006867269921415853,-2.8675425624806605,484
0.9537383883273304,0.9468389488797264,0.6241356280866472,0.9968934175781136,222.7753424270762,665,,,,DXY_Z5,USDHUF,H8,0.12336858972108904,0.9676208322774155,-2.8660036655537744,665
0.9534908483540646,1.363130910127439,1.973938624188462,0.9884057966965328,59.43669502656687,668,,,,USDDKK,USDSGD,H8,-2.1352357113238374,0.23058413954446844,-2.86596268312982,668
0.9532359192230828,2.962060259141211,1.242870199073245,0.9831875394313182,40.880628816314506,668,,,,USDHUF,USDNOK,H8,-2.3997043072440625,0.14181988317552185,-2.8658894709126246,668
0.952734062727138,1.98922060586962,1.311253753954386,0.9626803442409636,18.22447643877148,668,,,,USDHUF,USDMXN,H8,-3.448499885644492,0.009412527450192427,-2.8659559257802867,668
0.9526049214968324,-10.82646486313684,1.657967773190739,0.9070315176665948,7.103513204506121,155,,,,GCZ25,SA40,H8,-2.8944151846732735,0.046001300582839154,-2.880878382771059,155
0.952046619827652,1.2312346493069928,0.7749692454961474,0.9648231435729602,19.35599478590541,497,,,,SA40,XAUJPY,H8,-2.935994797854173,0.04131955628611351,-2.867384756137026,497
0.9501203002196964,3.558102633057703,0.6294018789008301,0.9714144014305188,23.899876668272817,659,,,,AUS200,US500,H8,-2.31386609647173,0.1675348707246499,-2.86596268312982,659
0.9500923926549784,8.00920484033013,0.4761264993426108,0.967902174340121,21.246374860473363,497,,,,SA40,XPTUSD,H8,-2.477837021113951,0.12096035859481341,-2.867396599893435,497
0.9496311046767008,-1.9143103054041564,0.7384794878843144,0.9646944459214551,19.28415870866832,668,,,,CADCHF,USDDKK,H8,-2.424569539482809,0.13492156760384189,-2.8659026013871864,668
0.9489920976649812,0.7271697144544813,0.8802449635552195,0.9675635905937182,21.0209394612857,506,,,,DE40,IT40,H8,-2.0004464823852546,0.28637736652238754,-2.867384756137026,506
0.9482965958305792,-1.4185542389788628,0.6895465963609265,0.9459575179539234,12.476186092217525,776,,,,EURCAD,SEKJPY,H8,-3.629641935696395,0.005218978669594303,-2.865295977855759,776
0.948180490721332,0.8471091986080566,1.7904806123138923,0.9848795834816146,45.49435102296229,668,,,,USDPLN,USDSGD,H8,-1.963137170732418,0.3029662821005804,-2.8658894709126246,668
0.947091077374112,-0.5073212662882337,0.6402575549433965,0.9474816038548312,12.848489177088751,668,,,,AUDCHF,USDCHF,H8,-3.682802851294308,0.00436165382802096,-2.8659559257802867,668
0.9456438197795486,-1.5861578027972951,0.7322431284388724,0.989402461270148,65.05924152097481,773,,,,XAGUSD,XPTUSD,H8,-1.6220371071577442,0.47166148270772185,-2.865295977855759,773
0.9447557314655726,8.678317910131966,0.6688287537245835,0.967373575909646,20.89647368300838,497,,,,SA40,XAGAUD,H8,-2.3357023318848853,0.16071160380939808,-2.8674084917497074,497
0.9441653282437832,3.892090611326775,0.1733409347239578,0.9562685541331534,15.500929630953635,773,,,,EURJPY,XPTUSD,H8,-3.7508135170717307,0.0034526081585559603,-2.865295977855759,773
0.9439061776766746,-1.3590304671997502,0.7425819392914584,0.9349683180585808,10.30815023362334,776,,,,EURNZD,SEKJPY,H8,-4.584104722877355,0.00013816969659897045,-2.865295977855759,776
0.9436253933381824,2.65461550850464,0.735116520392128,0.9754889312892834,27.9309386463431,620,,,,F40,STOXX50,H8,-2.2664974902362043,0.18300090508407962,-2.866243374831338,620
0.9420993414832716,2.608534862620686,0.9442793510662698,0.9775013702125518,30.46052954648162,776,,,,EURJPY,NOKJPY,H8,-3.710840462357148,0.003963231541783805,-2.8653354363373253,776
0.9408081326347232,6.026533841214416,1.9756169155965195,0.9437520239639032,11.973142579503389,497,,,,SA40,SEKJPY,H8,-3.119836156726183,0.025119627582061016,-2.8674204319994674,497
0.940140358684022,-0.7630474093594457,2.167844291772778,0.9842889684131136,43.77101383616595,668,,,,USDCHF,USDSGD,H8,-1.8229541887615868,0.3691265867731308,-2.865976260062519,668
0.9398710022481124,0.0857268003258485,1.2220208100124603,0.969026496810675,22.03032340553115,776,,,,EURAUD,EURSGD,H8,-2.818119021505284,0.0557318431233323,-2.8653304587462944,776
0.939508695990516,-5.52031072480977,1.222496581669906,0.9885865451941598,60.38347043090943,773,,,,XAGAUD,XAUGBP,H8,-2.3441812077932913,0.15811416007552953,-2.865305765357574,773
0.9390328655922696,-1.440005749370016,1.3815030584049106,0.986690297500339,51.730990083461705,773,,,,JP225,US500,H8,-2.12959737734754,0.2327810600972396,-2.865295977855759,773
0.9386177318352736,-2.879737820549993,1.4807541663801542,0.9608428468479332,17.35279371971723,500,,,,IT40,UK100,H8,-2.106976782861878,0.24171847235848637,-2.867444458865948,500
0.9380587527567648,-0.7070975795879153,1.6732308070775634,0.9733435406331256,25.654838323215817,776,,,,EURNZD,GBPNZD,H8,-2.8093345173355764,0.056952720169498795,-2.8653304587462944,776
0.9371249018818648,2.4470768945337857,2.402420207086021,0.99288134684241,97.02356478196238,668,,,,USDCZK,USDSGD,H8,-1.1476139475573153,0.6957155827555526,-2.86596268312982,668
0.9370936626361078,-0.3820589610380267,1.0139210774774547,0.936620873115617,10.58616604616777,505,,,,DE40,MidDE50,H8,-3.1025329186491475,0.026366308138890477,-2.867326248740681,505
0.9369395374268584,-7.247401857894834,1.84623561489305,0.9772218622019264,30.08246634241061,501,,,,ES35,UK100,H8,-2.269711415920544,0.1819227597455646,-2.867384756137026,501
0.9366997310545314,0.2160955356633991,1.0388466018020446,0.9879792835132152,57.3154454966125,773,,,,JP225,USTEC,H8,-1.873726691719485,0.3445200279520152,-2.865291103159288,773
0.9366338128696692,0.3226387143751541,0.7047626741368674,0.9456338498731152,12.399807110960769,250,,,,CA60,USTEC,H8,-2.0843246152225503,0.25086428711902115,-2.873459364726563,250
0.9361075500339407,-1.5760042271082244,0.7980824523903967,0.954093432604508,14.74979742750756,668,,,,CADCHF,USDPLN,H8,-3.2765202553329353,0.015961202864904673,-2.865896026254794,668
0.9360421974899718,-2.0292640964304307,0.3618277533643578,0.9718200155442548,24.24892091376581,773,,,,SEKJPY,XAUJPY,H8,-3.0356509763211816,0.03169653164166274,-2.865295977855759,773
0.935237821586454,-2.650218265490546,1.053893411343369,0.9756093471307832,28.070557989637752,668,,,,USDCHF,USDNOK,H8,-3.5091773115151224,0.007754505756212723,-2.86596268312982,668
0.9332404226744904,-1.8169713042511877,0.2894917576149287,0.9786047550037504,32.04943089016648,773,,,,EURNZD,XAUAUD,H8,-3.2232834000720185,0.018675888169317437,-2.8653859408474482,773
0.932826697548339,0.1250406864211418,0.9566550770853446,0.977497486985758,30.455212752048872,776,,,,EURAUD,EURCAD,H8,-2.8774135343044502,0.048038244873808804,-2.8653008652386576,776
0.932620988865881,-6.794522046968297,1.32912766398939,0.9880170478091204,57.49717186530562,773,,,,XAGUSD,XAUGBP,H8,-2.4722556797174264,0.12237156390087622,-2.865305765357574,773
0.9323889979799,3.839760194000706,0.1899641964780868,0.971955102355331,24.367408602866348,773,,,,CHFJPY,XPTUSD,H8,-3.1421324302829694,0.02358828559907541,-2.865295977855759,773
0.9322521687131566,4.201536330091084,1.967018681985276,0.9575320369054892,15.972568670945908,507,,,,ES35,SEKJPY,H8,-3.5538944172260494,0.006706168109946404,-2.867396599893435,507
0.9319221439145722,1.7637517104189433,0.8863541906695526,0.942753991072634,11.758239960499877,236,,,,GCZ25,XPTUSD,H8,-2.8901774285279895,0.04650221005686251,-2.8740800599399323,236
0.931454032853962,1.8312182035302391,1.9059968922579469,0.986329992610218,50.358323078139286,668,,,,USDNOK,USDSGD,H8,-2.495809533754526,0.11649724257264932,-2.86596268312982,668
0.930799455955583,5.947408581209912,0.39717453285213,0.9366816046356083,10.596659500075,250,,,,CA60,XAGUSD,H8,-2.8298536024806884,0.054134304453145994,-2.8732185133016057,250
0.9305337937691408,-0.7250936455587924,0.9285182747273109,0.955158081327191,15.108348328572369,250,,,,CA60,US500,H8,-1.7596242194407659,0.4006832517174396,-2.873459364726563,250
0.9290158921693008,-3.454946252893277,1.1050640404700391,0.9607378647586284,17.30545532238138,668,,,,USDCHF,USDMXN,H8,-2.501703112043633,0.11506048895759458,-2.8659091963995573,668
0.9282310209900404,-0.1591761054731701,0.8987808531160627,0.977729609236039,30.77628437664645,668,,,,AUDCHF,CADCHF,H8,-2.7690503389361645,0.06283251059226655,-2.8659158113822065,668
0.9275632715282346,-5.172925179032895,1.8212938709135804,0.957311308190726,15.888161657254136,491,,,,SA40,UK100,H8,-2.4639141359291283,0.12450305353591001,-2.867517732199813,491
0.926939367873326,-7.194180968862124,1.4078200099343414,0.9902081314515055,70.44089782612305,773,,,,XAGAUD,XAUEUR,H8,-2.2795432656821375,0.1786505745545769,-2.865305765357574,773
0.9267828810953408,-1.0391790635035971,0.9897466356882636,0.9724911081517912,24.84901994777673,668,,,,USDDKK,USDMXN,H8,-2.257629241343522,0.18599757275297546,-2.8659091963995573,668
0.9267814271709656,0.5314464607092253,0.6015045962054653,0.9284989674520608,9.34336781587047,241,,,,CA60,SA40,H8,-1.895836402016592,0.3340223266562676,-2.8737103617125186,241
0.9265412143341724,-1.9439650445084504,0.6976634666727174,0.9416756416911948,11.534307023057512,668,,,,AUDCHF,USDDKK,H8,-4.507200511847895,0.00019083212439107358,-2.8659357770630662,668
0.9264728524685468,2.130105879171175,0.3154116980211625,0.9353646048355206,10.373523811033632,665,,,,AUDJPY,US2000,H8,-4.721229669040786,7.67555123276355e-05,-2.8659026013871864,665
0.9263243117395132,0.1642570306426333,1.270618359334637,0.9800979748306524,34.480237500075454,776,,,,EURNZD,EURSGD,H8,-2.3292351603725554,0.16271231263112867,-2.8653156040031176,776
0.9262360201614058,0.1204175112835201,0.8002569071105698,0.9723188246794364,24.69218610116464,668,,,,USDCAD,USDSGD,H8,-2.470978043646402,0.12269629270267424,-2.865896026254794,668
0.9258783114679044,1.1624223755572256,1.289855674656873,0.9429908731425722,11.808566060374122,496,,,,IT40,NOR25,H8,-2.7177542376145163,0.0710160761682741,-2.867567599912013,496
0.9257785688338824,-0.5961135911240305,0.6545158622181746,0.9906303968860384,73.6311688298586,773,,,,XAGAUD,XPTUSD,H8,-1.4977125863989416,0.5346425847026522,-2.865295977855759,773
0.9253740256527476,-0.4689000593707926,0.4738146596226616,0.9675195998126428,20.991994538613017,776,,,,EURGBP,EURNZD,H8,-3.312973774522842,0.014308413392697185,-2.8653354363373253,776
0.9251274270979112,4.699508610485701,0.8544738929923011,0.9737779804278436,26.085674776613622,497,,,,SA40,XAUGBP,H8,-2.5872104850040243,0.09566951580099453,-2.867384756137026,497
0.9248651617094944,5.232161611432577,0.302982149656511,0.9325129200489632,9.920203793926508,250,,,,CA60,XPTUSD,H8,-2.918162656896931,0.043276327647827066,-2.8732185133016057,250
0.9231206032613344,-0.3963619331423764,0.3639632885090402,0.960731301168644,17.302504082239224,773,,,,SEKJPY,XAUAUD,H8,-3.744792947061701,0.003525443434491342,-2.865295977855759,773
0.9229125248268246,0.4775290708729029,0.6745744454501515,0.9664564383461216,20.31554576220755,776,,,,EURAUD,EURUSD,H8,-3.186180212095236,0.02079868872790198,-2.8653304587462944,776
0.9227491211212832,3.290881927296444,0.6703650780451686,0.9663932351892548,20.2766796981528,728,,,,DE40,HK50,H8,-2.648795437364965,0.08332565792218882,-2.865551414233055,728
0.9226281509849128,2.9519301391200843,0.7711773196009272,0.962067478760068,17.924356732824634,507,,,,ES35,XAUAUD,H8,-3.0544935617897564,0.030109345886219864,-2.867396599893435,507
0.9225833204235624,1.7050970456890526,0.9471048839076353,0.9719362267828214,24.350783858475484,668,,,,USDMXN,USDPLN,H8,-2.1602591784225265,0.22098381008506285,-2.8659559257802867,668
0.9219040406822944,-4.4141239020031,0.8218154351211541,0.9433428068161652,11.884111932745032,665,,,,AUDCHF,DXY_Z5,H8,-4.507286917791793,0.00019076343236180222,-2.8659559257802867,665
0.920849731971056,-7.333591850164483,1.437034867153658,0.990508108070341,72.67806224614979,773,,,,XAGAUD,XAUCHF,H8,-1.9852610299329791,0.29307278057478503,-2.8653008652386576,773
0.9206965601375158,-0.4080098771167113,0.6466358413012375,0.9769800330186024,29.762775144692707,776,,,,EURGBP,EURSGD,H8,-2.917957965032139,0.04329922907645648,-2.865276554696385,776
0.9206665657462856,-0.323189257436109,0.7525110298888125,0.9729032718220042,25.23231476889301,507,,,,ES35,XAUJPY,H8,-2.554996158767704,0.10265986853810244,-2.867326248740681,507
0.9201540154122854,1.3448509542355709,0.2128993847868719,0.9440751142839602,12.044355365305735,668,,,,USDCNH,USDMXN,H8,-3.29707109211913,0.015009905467013902,-2.8659559257802867,668
0.919947331406648,-4.428370231394607,0.8480669087144366,0.9785963724222544,32.0367422368751,665,,,,CADCHF,DXY_Z5,H8,-1.8946011422555635,0.3346051507924316,-2.8659158113822065,665
0.9195786867670004,0.47983858488092,0.5371183964314696,0.97521082919404,27.61366936915103,776,,,,GBPCHF,NZDCHF,H8,-3.254156055428471,0.01705626856924584,-2.8653354363373253,776
0.919441649992518,-3.3563558990168785,1.1810059774485928,0.9580999361301814,16.19382099659102,244,,,,CA60,UK100,H8,-2.3371935889634647,0.16025266246416853,-2.8735087323013526,244
0.9192241259692826,-1.044310712977672,0.5272115357943011,0.9734892099149044,25.79772593502001,776,,,,EURSGD,SEKJPY,H8,-2.7874120059958796,0.060094492690741796,-2.865305765357574,776
0.9182672040917332,0.7371569803092066,0.7088878725009292,0.9839244468275854,42.77058230400786,776,,,,NOKJPY,SEKJPY,H8,-2.5477841396776317,0.10427643776893736,-2.865276554696385,776
0.9175468557753418,4.859421272993022,0.7642115632926668,0.9734606067780872,25.76954524519496,497,,,,SA40,XAUAUD,H8,-2.653890893124411,0.08236260337975593,-2.867384756137026,497
0.9166349146172575,-8.567927288495902,1.524778869498559,0.9899170990007004,68.39765769968452,773,,,,XAGUSD,XAUEUR,H8,-2.233166814015507,0.19442873264591187,-2.8653106782623574,773
0.9163701343196424,5.217622775023576,2.4448772726094794,0.997307388301966,257.0788701585253,668,,,,USDHUF,USDSGD,H8,-0.3492483323457006,0.9182338832224919,-2.8658894709126246,668
0.9163331597143344,-2.770872982306253,0.7609969906142717,0.938074476945528,10.842973167579336,668,,,,CADCHF,USDMXN,H8,-3.0729841218476146,0.028618165450251486,-2.8659091963995573,668
0.916128809817038,-2.995784132229933,0.278616295817,0.9733004063245868,25.612826875501398,773,,,,EURNZD,XAUJPY,H8,-3.467992873478185,0.00884817545609964,-2.8653859408474482,773
0.9159524764465856,-3.162099264940683,1.5686566360233896,0.973197459102435,25.513105999921915,776,,,,EURJPY,GBPJPY,H8,-3.4278781873290707,0.010044433254551084,-2.865276554696385,776
0.9159252533693026,0.7491315261875897,0.624287972486999,0.945708420875868,12.417323610332684,250,,,,CA60,JP225,H8,-1.852305536115153,0.3548197002772242,-2.873410402808354,250
0.9153687155429608,1.473714101681682,0.1673325543679248,0.9569483948286804,15.751264098153534,773,,,,NOKJPY,XPTUSD,H8,-4.210086202686125,0.0006334702868719372,-2.865355478124818,773
0.9139107829573314,0.9341823635324272,0.8657931105543959,0.9794152639979894,33.32509698949399,668,,,,USDMXN,USDNOK,H8,-1.55536691694846,0.5059662664801801,-2.8659559257802867,668
0.9136666676723524,3.2031065220536705,0.7069684726347798,0.9908237012616282,75.18957818894081,776,,,,EURJPY,SEKJPY,H8,-1.8574008366920987,0.3523586302677276,-2.865305765357574,776
0.91338127599374,5.638685808344183,0.498581674482817,0.9450797422441776,12.271138469210992,250,,,,CA60,XAGEUR,H8,-2.6063245824023515,0.09169713769496957,-2.8732185133016057,250
0.9130426060198932,-2.0607281536724606,1.588073050869987,0.9787491695777072,32.269601896515105,498,,,,ES35,NOR25,H8,-1.4447915334898982,0.560624265102853,-2.8674204319994674,498
0.912885402309147,-0.8153439897578814,0.955954929201287,0.9725949767783988,24.944526822131905,474,,,,HK50,SA40,H8,-2.234004212151898,0.1941361177980161,-2.867695986993458,474
0.9124238724763508,3.8589437163650886,0.5340051953815752,0.9617911698164506,17.79219690173148,776,,,,GBPJPY,NOKJPY,H8,-3.780618127399567,0.003111959716105733,-2.865291103159288,776
0.909946403691553,3.5798322148494366,0.6775058410042573,0.984219540089176,43.57690428729784,505,,,,DE40,ES35,H8,-2.001023011865858,0.2861247243426216,-2.867396599893435,505
0.9097477287723356,2.9387429824758327,0.8432769090094894,0.9698252545485044,22.62275946528769,507,,,,ES35,XAUGBP,H8,-2.4651069460444344,0.12419661104614543,-2.867326248740681,507
0.9093484411198708,2.2532873997091176,0.7314169534188649,0.955934523785606,15.380760751086784,493,,,,IT40,SA40,H8,-3.3113110456458927,0.01438037941376693,-2.8676183066831036,493
0.9092300522587502,8.339746238365553,2.647574567617516,0.95915760506543,16.622284585004817,507,,,,ES35,EURCAD,H8,-3.8390165706073516,0.0025324230656657174,-2.8674084917497074,507
0.9091858970832436,5.657357253802644,0.425640624128775,0.94222985745615,11.648353098009864,250,,,,CA60,XAGAUD,H8,-2.7004946432331467,0.07395271326334661,-2.8732185133016057,250
0.9083545854114704,-1.7720810714028368,0.26038697926334,0.9833963118795036,41.39903846173991,773,,,,EURCAD,XAUAUD,H8,-2.308988560723084,0.16908536809315516,-2.8653008652386576,773
0.9082838031795216,4.42692466499152,0.6262473666025523,0.955105036260794,15.09008142594356,214,,,,AUS200,CA60,H8,-1.6751688978677892,0.44394946816758324,-2.875271898983725,214
0.9078022631323708,-8.680986943497793,1.5516167661144868,0.9913268150567978,79.57133673163916,773,,,,XAGUSD,XAUCHF,H8,-2.0387564055823635,0.2698424430230256,-2.8653106782623574,773
0.9075518170843566,2.5018302009956974,1.0089365748758086,0.9758993245556687,28.41250500078246,776,,,,CHFJPY,NOKJPY,H8,-3.692481222551642,0.004220164080410908,-2.8653354363373253,776
0.9074964772508136,-2.079774476450698,1.4123520996576269,0.9924196658998092,91.09317558877724,624,,,,DE40,STOXX50,H8,-1.2964903079506391,0.6307764684450684,-2.866205413627313,624
0.9062783676001952,-1.7835768535723893,0.3116459094513011,0.9774856305344208,30.43899061258236,773,,,,EURNZD,XAUGBP,H8,-3.476727847676155,0.008605278452939475,-2.8653304587462944,773
0.9062219629324588,-0.3876816378532286,0.3960872615426493,0.9700193931550856,22.771519779788257,773,,,,SEKJPY,XAUGBP,H8,-3.1969192069582553,0.020163701618471905,-2.865295977855759,773
0.9060055272331596,-6.7843791081652896,1.8539670045977945,0.976789752314344,29.515912411364333,725,,,,HK50,UK100,H8,-2.244192318540718,0.19059874509431002,-2.8655738086413374,725
0.905590204186328,-3.2021010567664527,0.3387168461100504,0.953541953526776,14.570530719173048,497,,,,EURNZD,SA40,H8,-3.790306675722654,0.0030080620480117206,-2.867444458865948,497
0.9045914069580896,1.8896213942190223,0.2135546915677233,0.9617081244166568,17.75284862564787,773,,,,NOKJPY,XAGUSD,H8,-3.558398774398471,0.006608010624596268,-2.865295977855759,773
0.9045543867594422,-1.6866872613466102,0.3395849550931602,0.9387880290532494,10.97349742754474,491,,,,NZDCHF,Sugar_H6,H8,-3.4637836157560824,0.008967405102838322,-2.867468682890213,491
0.9045177783774502,8.01491163689693,0.2978614893333075,0.9710599877223898,23.60290105023005,756,,,,UK100,XAGUSD,H8,-3.5629414766496077,0.006510334953887626,-2.8654536415414684,756
0.9041725280541844,-8.264697269134947,0.8970815553803031,0.9909290253651112,76.06664923857674,773,,,,XAGEUR,XAUJPY,H8,-1.9866365491152413,0.29246307011947525,-2.8653156040031176,773
0.9040120424175768,-2.322914420732477,0.5496941021685023,0.9539929712080848,14.71682083579594,668,,,,AUDCHF,USDCZK,H8,-4.00988129467615,0.0013596446152974344,-2.8659357770630662,668
0.903827790663,-5.015647929295481,1.06090228342695,0.9938045862874187,111.53376059299156,773,,,,XAGAUD,XAUAUD,H8,-1.4038714626734994,0.5804186897254316,-2.8653404270188476,773
0.9036212598872422,-3.098550592317232,0.311747507940264,0.9686758040309634,21.779759641713945,497,,,,EURCAD,SA40,H8,-2.392351044703464,0.14390691825603724,-2.867396599893435,497
0.9022869364919496,-3.940035388858348,1.362469164950581,0.9681333594868288,21.403054199762373,484,,,,HK50,MidDE50,H8,-1.8132322920827608,0.3739122983925537,-2.867567599912013,484
0.9020081043611752,3.630543790548665,0.9713285328796744,0.9782433845202644,31.51130144657382,497,,,,SA40,XAUEUR,H8,-2.34493223939998,0.15788548674091502,-2.867384756137026,497
0.901841449047918,-0.5422833156701719,1.6264915308889691,0.9850130873654565,45.902719073897536,776,,,,EURCAD,GBPCAD,H8,-2.272669067132052,0.18093428583530086,-2.865276554696385,776
0.9018305227836698,-1.0908599418694411,0.3294191781671667,0.9401550659414936,11.232249005199726,497,,,,NOKJPY,SA40,H8,-3.6086485171055536,0.005597823019897564,-2.867396599893435,497
0.9017923807421088,0.7084456069242722,1.6278682283088262,0.9813592198989488,36.83679085785752,776,,,,EURCAD,EURGBP,H8,-2.662144439375663,0.0808211116267537,-2.865276554696385,776
0.9017211870922508,-2.377844428668352,0.919976576781721,0.9828529902385612,40.07622080585778,776,,,,EURUSD,SEKJPY,H8,-2.1106971098129796,0.2402350522472687,-2.865305765357574,776
0.901664823704092,5.457275725215807,0.2600741057123197,0.9620778795203322,17.92936907059104,498,,,,NOR25,XPTUSD,H8,-3.300265843869953,0.014866595445141895,-2.8674204319994674,498
0.9015395945208128,-2.2440197974728644,1.4943784788519885,0.9777359820717744,30.785193708944128,505,,,,IT40,STOXX50,H8,-1.3970524389692458,0.5836883976936206,-2.8674931065091105,505
0.9011533530716124,1.3393975554256086,0.3320878566390658,0.9602361142210728,17.08265829446923,497,,,,EURJPY,SA40,H8,-3.244106659550037,0.017569418124012866,-2.867384756137026,497
0.9010311645332584,1.7145035073625334,0.2763341709371806,0.9758254072316584,28.324561262594884,773,,,,SEKJPY,XAGUSD,H8,-2.7523691169093585,0.06540617633487548,-2.865295977855759,773
0.9008750630612388,2.493809704591935,1.7463675398807412,0.9819069222526556,37.96244758168149,668,,,,USDMXN,USDSGD,H8,-1.0162230734837967,0.7473014165680125,-2.8659491890487026,668
0.9001773776284614,-0.6416079547930982,1.331391584535903,0.984338250145924,43.909841332925474,668,,,,CADCHF,GBPCHF,H8,-3.2256613472564903,0.01854652852739577,-2.86596268312982,668
0.8997135865554996,7.9545985854872,2.412900382397805,0.9547013641025246,14.95247187717668,507,,,,ES35,EURNZD,H8,-4.1976213296489995,0.0006650357826529075,-2.867396599893435,507
0.8995616558608113,-1.71059985485393,1.613120961676598,0.963668377669691,18.729632560278443,477,,,,HK50,NOR25,H8,-2.868134196755407,0.049181023827881136,-2.8676311169658177,477
0.8993231436158687,-1.977408086949998,1.0206150702780077,0.9703116048157864,22.999097143760224,492,,,,NOR25,UK100,H8,-1.1770998282731693,0.6833684081888923,-2.867480869596464,492
0.8990800619562926,2.017629415460896,0.6438170285865611,0.9251361918251164,8.907707466278817,107,,,,EURHKD,GBPUSD,H8,-2.0037786054844506,0.28491877402038307,-2.8892174239808703,107
0.899070204678327,1.440593211964659,0.5147148025538547,0.9756409337283966,28.107410432800776,488,,,,NOR25,SA40,H8,-2.469804516115413,0.12299511542670016,-2.867580197120949,488
0.8978209242068412,-1.4763667171877544,0.1932483605637016,0.9613931114338008,17.60512903108723,236,,,,AUDNZD,GCZ25,H8,-2.0670959445775003,0.2579495972042071,-2.873918902362675,236
0.8977711858543769,-2.1711691990656714,0.7063265370189994,0.9667656709702136,20.50783563523664,668,,,,CADCHF,USDNOK,H8,-2.662563070941126,0.08074353019007902,-2.8659026013871864,668
0.897740786581919,-1.4087672070185675,1.279041388306178,0.9685914074085482,21.72029499060908,668,,,,AUDJPY,CADJPY,H8,-3.1684227378217757,0.02188681128437019,-2.8659158113822065,668
0.8975976109306667,-1.5156937831884232,3.533169597076605,0.936430508315993,10.553403869243793,236,,,,GCZ25,SEKJPY,H8,-2.7642192286333924,0.06356935445123867,-2.873918902362675,236
0.897436924706268,1.200294898951045,0.2131210908832178,0.9774968289135322,30.454311921663837,773,,,,SEKJPY,XPTUSD,H8,-2.6853129007089582,0.07661444340054449,-2.865295977855759,773
0.8973067805635756,-6.246990603510308,1.1535735932797062,0.9908870389975768,75.7145838604249,773,,,,XAGUSD,XAUAUD,H8,-1.7833385694554804,0.3887644404014522,-2.8653404270188476,773
0.8971861565992414,4.004763774211297,1.8139875405693904,0.9826469980030632,39.59635007946858,665,,,,DXY_Z5,USDCAD,H8,-2.0464113377162,0.26660114974729043,-2.8659158113822065,665
0.8965549525110048,7.4336726796520125,0.5827796800212178,0.9768990027696884,29.65715253131342,507,,,,ES35,XAGUSD,H8,-2.541544969001058,0.10569034830333979,-2.8672689011327894,507
0.896483396279558,-0.1758992537766648,1.0462555679544845,0.9646656643551648,19.26816509063644,503,,,,IT40,MidDE50,H8,-1.048536156852999,0.7351530505668161,-2.867480869596464,503
0.8964047959587085,3.646834301348129,0.192281770244924,0.930361032197035,9.602695805147931,236,,,,CHFJPY,GCZ25,H8,-2.8669957131778587,0.049322760886060364,-2.873918902362675,236
0.8959330687026921,1.6482988456088643,0.9962827902273104,0.9749353741313987,27.30635982125765,507,,,,ES35,XAUCHF,H8,-2.2059845233258466,0.2040805946773459,-2.867326248740681,507
0.8956126806713988,3.107713738360518,1.6055095861286068,0.9254096316041832,8.94166614509252,250,,,,CA60,NOKJPY,H8,-3.1436574486553557,0.023486554961530456,-2.8732185133016057,250
0.8955700916796207,9.199062083868506,0.5501937206046132,0.9938292551138272,111.98102819137888,773,,,,XAUJPY,XPTUSD,H8,-1.3978303103905543,0.5833158518312791,-2.865291103159288,773
0.8954426647748733,7.782671964252816,0.3228722122047849,0.970724867537764,23.328705724780743,756,,,,UK100,XAGAUD,H8,-3.401949764255253,0.010892583587137381,-2.8654483492874236,756
0.8952852294039231,-2.6902096545382834,1.8681646145979716,0.925652777830569,8.972072350642302,421,,,,Sugar_H6,USDMXN,H8,-3.858180189151915,0.002365108152051689,-2.868446209372638,421
0.8942300067127475,4.355795611107847,0.2120189154574473,0.9761999865028756,28.77584965641856,773,,,,EURJPY,XAGUSD,H8,-2.8830318852025703,0.047357037661186874,-2.865295977855759,773
0.8941598685299841,0.1807571858216723,0.7383510725782472,0.98893867136975,62.31679145206677,776,,,,EURSGD,GBPUSD,H8,-2.167799552828995,0.21813918557200712,-2.8653354363373253,776
0.8937652633209483,0.001850606836651,0.8471918298100939,0.9983098709325816,409.7682683958164,776,,,,EURAUD,EURNZD,H8,-0.34410700559945384,0.9190209940342242,-2.8653106782623574,776
0.8937270555767397,-3.7777960711047136,1.6976513293451978,0.9659519879364544,20.00935944391399,776,,,,CHFJPY,GBPJPY,H8,-3.794341039017045,0.002965747139817217,-2.865276554696385,776
0.8936880711882403,1.8210917979959431,0.9664701637217556,0.9734154269743136,25.72515624615253,507,,,,ES35,XAUEUR,H8,-2.589262455744893,0.09523686918448182,-2.8672689011327894,507
0.8928007064030126,-2.538744245169073,0.4647816805590543,0.96374291631009,18.768858985425407,776,,,,EURGBP,EURJPY,H8,-3.9717748241855064,0.0015657357200459475,-2.865276554696385,776
0.8927646173124046,-0.591863305650109,0.6976268106284164,0.9838057564576028,42.45455549345701,776,,,,NZDCHF,USDCHF,H8,-2.395160232969242,0.14310705921590816,-2.865276554696385,776
0.8922379074773562,4.75523492313322,1.9591009952178204,0.9765875420919344,29.257970497240237,730,,,,HK50,SEKJPY,H8,-2.9433481169013325,0.040534441969508714,-2.8655128165959236,730
0.8922265002276707,2.2313522957849523,0.8039136968150392,0.9814378951655738,36.994401355238594,665,,,,DXY_Z5,USDMXN,H8,-1.7755970286879355,0.39264261081222995,-2.8659291016222834,665
0.8920152142539184,3.564729509100891,0.9876450619179612,0.9799258953468118,34.1816745908123,497,,,,SA40,XAUCHF,H8,-1.9652125754656142,0.3020313033545704,-2.8674324209387345,497
0.8917646514772777,1.094990722627233,0.1499163784469681,0.9640660222690892,18.94077691695205,668,,,,USDCNH,USDHUF,H8,-2.378981584383788,0.14775678373830026,-2.8659694611921034,668
0.8908747669915975,-4.087367350745021,0.5732497453065798,0.9664314776766436,20.30017899704558,668,,,,NZDCHF,USDHUF,H8,-3.092812290903134,0.027089704149607135,-2.865896026254794,668
0.8904995627388652,8.160353315701876,0.7038372964817965,0.9755074401475016,27.952309946095205,773,,,,JP225,XAGEUR,H8,-2.87789854759074,0.047979121467972424,-2.8653106782623574,773
0.890487453359159,-2.528856569790923,0.2958770354399149,0.9728419582196248,25.174559134176484,730,,,,EURCAD,HK50,H8,-2.933045982910495,0.041637947764012896,-2.8655403100177566,730
0.8904794492740518,7.47800895544341,0.2272625838824073,0.976041442609656,28.58311569307004,756,,,,UK100,XPTUSD,H8,-3.26998859356012,0.016274455491579014,-2.8654536415414684,756
0.8895387282286308,-0.5073159272115834,0.1546871321119449,0.9630426116755176,18.40655872134347,773,,,,GBPNZD,XAUAUD,H8,-3.8183965767120513,0.002724603721175896,-2.865291103159288,773
0.8890857324057535,-1.1298237181718518,0.3581379828450461,0.9642087511717043,19.017708295217567,776,,,,EURGBP,SEKJPY,H8,-3.7701927002688524,0.0032274368011639596,-2.865276554696385,776
0.8884520849756242,1.050266997631014,0.3632279684855812,0.9719706360644266,24.381106780529244,497,,,,CHFJPY,SA40,H8,-2.7456388584429865,0.0664681943361755,-2.867384756137026,497
0.8878029633487924,1.5043790159303565,0.2982126301457352,0.975344338576388,27.765088681479973,773,,,,SEKJPY,XAGAUD,H8,-2.7485876652395063,0.06600119342483776,-2.865295977855759,773
0.8864493480869898,-2.5556377395907237,0.5936299176549752,0.9731735242315096,25.49003089426709,668,,,,NZDCHF,USDCZK,H8,-2.8167758577816273,0.055917124983096055,-2.865882935271461,668
0.8862485212584303,-0.7382462797924887,1.4611177250391945,0.9644378121111944,19.1424635758954,776,,,,EURCAD,GBPNZD,H8,-2.8853784101981184,0.047074900642061074,-2.8653304587462944,776
0.8862469687485581,5.484218205021328,1.8882040665045177,0.9743915879033376,26.719095493309272,776,,,,CHFJPY,EURGBP,H8,-3.2698274828502196,0.016282249972422936,-2.865276554696385,776
0.884658465569204,1.7050781867622042,1.1415715081540234,0.9637753609949744,18.78598362348107,498,,,,DE40,NOR25,H8,-2.965488340205773,0.03824547784550106,-2.867505393939065,498
0.8844365842136278,-1.5108820037323891,0.3497154712118749,0.9395763621107232,11.121283818094597,421,,,,CADCHF,Sugar_H6,H8,-2.991297832196256,0.03571510381257232,-2.868462751982839,421
0.8838612264175323,6.385949549287959,0.4442518735470257,0.9797679810176504,33.91215732421728,507,,,,ES35,XPTUSD,H8,-2.226986219850073,0.19659719150498528,-2.8673612117611267,507
0.8837750609010577,1.7350544339431464,0.2285141324071077,0.9631750759050516,18.47403204131892,773,,,,NOKJPY,XAGAUD,H8,-3.517470274289281,0.007549593889899988,-2.865295977855759,773
0.8833936688558361,-0.2901471159025088,0.2334571881303686,0.9808218703508484,35.794892862017214,773,,,,EURNZD,XAGAUD,H8,-3.0039672759769673,0.03452556396460794,-2.865295977855759,773
0.8829481840619867,6.99423865475937,0.6280168914694985,0.9776707438542052,30.69423000194377,507,,,,ES35,XAGAUD,H8,-2.4194616214774975,0.13631867958584654,-2.8672689011327894,507
0.8823084814244921,-1.5903313934932024,0.7283501295179174,0.9514425281344644,13.925330372339076,668,,,,AUDCHF,USDPLN,H8,-4.104855897156315,0.0009507786393297786,-2.865882935271461,668
0.8815480194552096,2.6102343376889303,1.0501969077819435,0.9693388349736282,22.258308782356146,498,,,,MidDE50,NOR25,H8,-2.8389576912692043,0.05292080573588493,-2.867372960189225,498
0.8813911014542095,5.104322763544514,0.5117020145565986,0.9832460510615756,41.02461789779752,659,,,,AUS200,US2000,H8,-2.3951060280419987,0.14312246319894517,-2.8659491890487026,659
0.8810277651965069,0.1666551011496206,0.4021211524872498,0.981190351326756,36.50294771779206,776,,,,GBPCHF,USDCHF,H8,-2.595004031871966,0.09403423505159142,-2.865276554696385,776
0.8807144445855256,0.6260721902304258,0.8750826625021185,0.978677706002004,32.16027749076242,616,,,,STOXX50,UK100,H8,-2.2148423059210334,0.20090272471775344,-2.8662664495424255,616
0.8802913741901581,4.350550768137252,0.2316185533406655,0.9834571377688958,41.55253861621139,773,,,,CHFJPY,XAGUSD,H8,-2.5763985466810095,0.09797397520544532,-2.865291103159288,773
0.8802724032506167,-0.4593286429527605,1.4169599751611373,0.9923271511879556,89.99063802618073,776,,,,EURAUD,GBPAUD,H8,-1.241673086197075,0.6554171577015485,-2.8653354363373253,776
0.880029212702816,8.857021478184976,0.7233565659164681,0.982759766835238,39.85763106750132,497,,,,SA40,XAGEUR,H8,-1.7909600081448667,0.38495894494355837,-2.8674324209387345,497
0.8795835381505168,0.1958206602343213,0.9208327699555748,0.9869715501874314,52.855251763798925,776,,,,EURCAD,GBPUSD,H8,-1.9429902170430176,0.31211508660249077,-2.8652862410999114,776
0.8795117953106326,3.138620527651235,0.754818570347942,0.9893082828942004,64.48310111907776,776,,,,CHFJPY,SEKJPY,H8,-1.9295793444903775,0.31827652001668566,-2.8653106782623574,776
0.8791436379149162,0.4688490958855663,0.5103191863206958,0.978897222536266,32.498448044673104,776,,,,GBPCAD,GBPUSD,H8,-2.6124978605287965,0.09044162724110211,-2.8652862410999114,776
0.8790114447327597,4.319815039503816,0.3640047821161135,0.978933858663014,32.55557312659551,756,,,,UK100,XAUJPY,H8,-3.0347531390676123,0.03177390214428509,-2.8654430713273373,756
0.8788448685169321,6.5608842493990025,1.4820620783465233,0.9640090501578832,18.910239118966217,506,,,,IT40,SEKJPY,H8,-2.866237282979466,0.04941736917481668,-2.8672917032172953,506
0.8777134455461851,-0.638118812595958,1.5653727528379873,0.9333225185587384,10.044962202262646,250,,,,CA60,EURJPY,H8,-2.8713881591435917,0.048777765585699906,-2.873410402808354,250
0.8776805684750103,-0.0493380341781491,0.7969324104633883,0.9968745493204852,221.4283595328737,668,,,,AUDCHF,NZDCHF,H8,-0.6906942037656467,0.8491452464925284,-2.8659291016222834,668
0.8770339483977292,-3.132049242424668,0.3683236401172926,0.8844952233465835,5.647364664952631,432,,,,AUDUSD,NOR25,H8,-4.5153401136515035,0.00018446346354232028,-2.8682850303746843,432
0.8766611726708942,-1.6836371705068682,0.9242997522299932,0.9652836843803804,19.61742074925647,236,,,,GCZ25,JP225,H8,-2.1778171498329133,0.21439482601372672,-2.8741347158661448,236
0.8765670697312655,-0.1995223379949312,0.3460886825131191,0.984481494342889,44.31836879052943,776,,,,EURGBP,EURUSD,H8,-2.3219509241847662,0.1649860592183342,-2.865276554696385,776
0.8765043086182414,-4.909259140146299,1.6886331975159632,0.9355213075097708,10.399595935015151,236,,,,GCZ25,US2000,H8,-2.753201649924029,0.06527575527664412,-2.873918902362675,236
0.8759181712642129,-0.1078692265236668,0.2113497998943297,0.9771383826503204,29.97134443512851,773,,,,EURNZD,XAGUSD,H8,-3.4897870157841697,0.00825329194564354,-2.8653304587462944,773
0.8750910233920437,-1.4225805632646535,1.3800287560538516,0.9584590144878502,16.336838415434126,421,,,,Sugar_H6,USDCZK,H8,-2.7018261774643926,0.07372279334514882,-2.868446209372638,421
0.8749775166995348,-0.852359231229852,0.4463773429393087,0.9754133004923266,27.84394570500314,773,,,,SEKJPY,XAUEUR,H8,-2.879221512321982,0.04781815646893312,-2.865295977855759,773
0.8748964700950981,3.980966466127183,0.1432624415266987,0.9171789786208514,8.01765130262161,236,,,,EURJPY,GCZ25,H8,-3.4794267114645367,0.0085314497175466,-2.8741898504150574,236
0.8746989160534975,-1.194244637792993,3.4935048776219126,0.9342255452941104,10.1877396231916,236,,,,GCZ25,NOKJPY,H8,-2.816140756250871,0.05600490811940568,-2.873918902362675,236
0.8746263014457352,-1.4158410731316629,1.0471218235221555,0.988708243884768,61.03801235893673,773,,,,US2000,US500,H8,-2.449330118878476,0.12829442979594297,-2.8653205426302253,773
0.8746229184952279,4.2013284455829085,0.2271228797440111,0.977093923621348,29.912494339436755,773,,,,EURJPY,XAGAUD,H8,-2.8237348508599376,0.05496257963645235,-2.865295977855759,773
0.8740980004886555,0.5745750203377807,0.6740175187740793,0.986205812400302,49.90184503490304,776,,,,EURNZD,EURUSD,H8,-2.2016292717846206,0.20565465671114774,-2.865276554696385,776
0.873630746556238,-4.179517748349888,0.98007288481415,0.9921163646928938,87.57524791883849,773,,,,XAGEUR,XAUGBP,H8,-1.6835323617245366,0.43961644651721354,-2.8653404270188476,773
0.8735640510422555,-0.7461719750310039,0.2599339945453949,0.9744362572548227,26.76639453405516,773,,,,NOKJPY,XAUJPY,H8,-3.70150534766856,0.0040920298322713955,-2.865355478124818,773
0.8733367507899763,-3.620505810094224,0.5102628547474285,0.961880179149628,17.83456131668029,668,,,,AUDCHF,USDHUF,H8,-3.3259778502601702,0.013756452807382894,-2.8659291016222834,668
0.8732357142137708,-0.91314507588228,0.4577406393940148,0.9785899985782742,32.02710084456967,773,,,,SEKJPY,XAUCHF,H8,-2.8526155871357632,0.05114214857281183,-2.8653008652386576,773
0.8730340274887408,-2.76379756362571,0.2453591924543487,0.9860348449152072,49.28666226505235,773,,,,EURCAD,XAUJPY,H8,-2.1045555544751,0.24268674029021814,-2.8653205426302253,773
0.8728698831831516,-5.635361754484787,1.1429544690384363,0.9930565467403506,99.48046637400884,773,,,,XAGEUR,XAUEUR,H8,-1.5981475886931162,0.4845239388223328,-2.8653404270188476,773
0.8728385836834701,-0.7503267256686091,0.0834733236857284,0.9746942868083036,27.04288229647899,773,,,,EURGBP,XPTUSD,H8,-3.1881164134057185,0.020682935022810937,-2.865291103159288,773
0.872361545344528,0.1141464509779561,1.4005345083952028,0.9289810323677788,9.40920058082861,250,,,,CA60,CHFJPY,H8,-3.0828029090196076,0.027852304551094925,-2.8732185133016057,250
0.8711671420109487,-0.2287134804615426,0.3842299626025681,0.945545091766652,12.379020621187276,776,,,,GBPNZD,SEKJPY,H8,-4.738521888703423,7.119446051695516e-05,-2.865276554696385,776
0.8710769314330691,-0.2756424794128267,0.5309494562286643,0.9940642566503004,116.42820903091902,773,,,,XAGEUR,XPTUSD,H8,-1.2327694422284348,0.6593427112546569,-2.865291103159288,773
0.8708926678025377,2.1186106675747745,0.2301396296198822,0.9631316057031428,18.45183617790201,665,,,,AUDJPY,JP225,H8,-3.4205970473233744,0.010276441877285521,-2.865976260062519,665
0.870739242171112,0.3943402248212959,0.3262574925273323,0.9776620508296444,30.68214915792561,668,,,,USDCAD,USDCHF,H8,-1.9878830240637817,0.2919111123227702,-2.865896026254794,668
0.8705802245699832,-0.352536326562636,0.3633284842021749,0.9827135644768974,39.7501697911876,668,,,,USDCAD,USDDKK,H8,-1.8126004649359246,0.374224100020208,-2.865896026254794,668
0.8701140497674147,-3.464875735525892,1.2644454584044589,0.9862313512930024,49.99505171657712,505,,,,ES35,MidDE50,H8,-0.5923734668687803,0.8726960154290728,-2.8673378563200003,505
0.8692515723217569,0.2982650333560971,0.933261976773109,0.96825972697686,21.48966093863937,776,,,,EURAUD,GBPUSD,H8,-3.62576073259093,0.0052872115048901575,-2.8653008652386576,776
0.868993018186599,-4.894468469642295,1.3175327848240377,0.95548397667465,15.2215306720973,421,,,,Sugar_H6,USDHUF,H8,-2.940124118225691,0.040877120108686237,-2.868446209372638,421
0.8689247436958892,7.8184194871628705,0.3637640768089947,0.9766392352522694,29.323486100883983,756,,,,UK100,XAGEUR,H8,-2.8211326303772193,0.05531795192616598,-2.8653962034740705,756
0.8684515689709023,-1.2900657729680056,0.1961969636194927,0.9862431526997396,50.0382390066972,773,,,,EURSGD,XAUAUD,H8,-2.1822573049195704,0.2127479343156482,-2.865305765357574,773
0.8677516647299984,1.5061638974963083,0.151819979192196,0.9709538782732948,23.51539784031305,668,,,,USDCNH,USDCZK,H8,-2.163756050854485,0.2196618144482788,-2.8659694611921034,668
0.8677409239651875,-0.4949913407931744,0.1621272816684363,0.9818300585000734,37.80038110777716,773,,,,EURNZD,XPTUSD,H8,-2.7940552838667263,0.059127958763154645,-2.8653859408474482,773
0.867693456193652,-2.125741720018389,0.3482692225807797,0.9804214728616218,35.05572275357176,773,,,,EURNZD,XAUEUR,H8,-3.027205742533156,0.03243065860615905,-2.8653859408474482,773
0.8675565947122857,-4.642604815965727,0.4179807101984751,0.985073355483525,46.08946319757993,497,,,,EURUSD,SA40,H8,-1.5711072715720593,0.4980890020714328,-2.867396599893435,497
0.8662615638308311,-5.739260077839443,1.1654971055726857,0.99351530391804,106.54274472377102,773,,,,XAGEUR,XAUCHF,H8,-1.7337099193223242,0.4138331126715813,-2.865305765357574,773
0.8656187281924309,0.4152643165557119,0.9078943166475854,0.9281113104921876,9.2910679639815,500,,,,F40,SWI20,H8,-2.602356500342813,0.0925112041924675,-2.867384756137026,500
0.8655874075706967,-3.9655951958260167,0.4125536161097872,0.960670742933776,17.27532125736746,505,,,,GBPUSD,MidDE50,H8,-2.8075454714335115,0.05720400842960874,-2.8673031724657454,505
0.8647631527784779,4.562611598345031,0.8505383255900055,0.97523973544413,27.64631482316443,776,,,,EURJPY,EURNZD,H8,-3.3544560183374306,0.012612977522427269,-2.865276554696385,776
0.8647390407736069,-2.282031130856512,0.2342167760049467,0.978247261260644,31.51697956448861,497,,,,EURSGD,SA40,H8,-1.983242281633774,0.29396876411644535,-2.867396599893435,497
0.8645593163985269,-2.168586336019085,0.3565548125532848,0.979882377554512,34.10697909857425,773,,,,EURNZD,XAUCHF,H8,-2.943895140005578,0.040476537937230335,-2.8653859408474482,773
0.8641207578557875,-5.448822724878246,1.8075501836833987,0.9710810654674958,23.620359263679628,598,,,,HK50,STOXX50,H8,-1.904614345485266,0.3298935004243936,-2.8664595311890215,598
0.8640940725951328,9.32251654839231,1.7994417121747814,0.9805328953555604,35.25836548146646,507,,,,ES35,EURUSD,H8,-2.4031500764524165,0.14084929611046265,-2.867396599893435,507
0.8637400428193377,2.5335371035710783,0.5983897171905105,0.8970262229565206,6.378448619521399,107,,,,EURHKD,NZDUSD,H8,-2.3189039198362122,0.1659435438046939,-2.8892174239808703,107
0.8635891734807222,-0.4891371944818332,0.40222565505824,0.9544369089282114,14.863642327100528,668,,,,AUDUSD,EURUSD,H8,-3.4685736263024673,0.008831837392946466,-2.8659559257802867,668
0.8632162662972778,1.3000927227383228,0.8520159105666741,0.9885259186132446,60.06257887986647,650,,,,AUS200,UK100,H8,-1.6538377874593866,0.45503968115982546,-2.866010569916275,650
0.8629948379096849,-15.168826648344275,2.6607050385068853,0.9392275509815404,11.055420499888983,236,,,,GCZ25,US500,H8,-3.6006482801906863,0.005748646113354636,-2.874648939216792,236
0.8622912000474952,1.743907031437829,0.2576860996353505,0.9854694388536932,47.35529341870527,773,,,,EURJPY,XAUJPY,H8,-2.5159366949852635,0.11164474901781846,-2.865291103159288,773
0.861953389712494,-1.692088774181599,0.2739080450394994,0.9875475229110078,55.31609999157271,773,,,,EURCAD,XAUGBP,H8,-1.9928705203710184,0.28970785042363356,-2.8653008652386576,773
0.8617783012326631,-0.0310322869615713,0.7877775969053594,0.97273735505102,25.07662560502406,776,,,,GBPCAD,GBPNZD,H8,-3.032578305241753,0.031961982170612274,-2.865291103159288,776
0.8616312450732053,-2.980802642115459,0.763068811747908,0.9560940471244588,15.43792191267424,668,,,,NZDCHF,USDMXN,H8,-3.1001868521861176,0.0265393636753919,-2.8659291016222834,668
0.8615571165524994,-2.0255717211124304,0.1639638152605489,0.960442860105088,17.173777075518732,497,,,,EURGBP,SA40,H8,-3.1848388822187217,0.0208792083495851,-2.867384756137026,497
0.8611332583370618,6.186159597189574,4.114474522883583,0.9470203989332854,12.733566553226307,507,,,,ES35,GBPNZD,H8,-3.671108032645415,0.004538395139437516,-2.8673031724657454,507
0.8604143067870316,1.6471108348243404,0.3340350917993024,0.9640707641807464,18.943323009035065,665,,,,AUDJPY,US500,H8,-3.376692137458931,0.01177956616522461,-2.8659091963995573,665
0.8595063189622321,1.5342015725834484,0.1883966946068774,0.9741261592836256,26.441409309949325,668,,,,USDCNH,USDNOK,H8,-1.6172266715762886,0.4741835440367806,-2.8659694611921034,668
0.8586832598528065,1.3574049910243895,0.4595481756610861,0.9645542578757754,19.206502482144117,250,,,,CA60,XAUJPY,H8,-2.121883926387694,0.2358064924998124,-2.8732185133016057,250
0.858277514108278,3.1747286590792845,1.7637159733142465,0.9687343125352852,21.821172301919034,491,,,,Sugar_H6,USDCHF,H8,-2.4843184297773417,0.11933659098346572,-2.867468682890213,491
0.8581554578746596,4.489106144402685,1.0366623542822335,0.9723287130988684,24.70113494574974,498,,,,NOR25,SEKJPY,H8,-2.998073400506078,0.035074712564316705,-2.8674204319994674,498
0.8581321346679387,-1.908906320131324,0.1335832138470361,0.9770620034996148,29.870382590923835,773,,,,EURGBP,XAUJPY,H8,-2.9847688819151434,0.03634148545123807,-2.865291103159288,773
0.8572151573205278,4.1861698993467655,0.2470309696690362,0.9851443370592085,46.31134670174395,773,,,,CHFJPY,XAGAUD,H8,-2.4843514278612178,0.11932836526043727,-2.865291103159288,773
0.8566830577150184,-2.5914427713297177,0.1888307722337065,0.9224370199291092,8.58533572929805,431,,,,AUDUSD,SA40,H8,-2.7697130945976127,0.06273196509333509,-2.8683970525583358,431
0.8556090539447958,-0.7385448062974129,1.225323657012787,0.9864926979343904,50.96911971698069,668,,,,AUDCHF,GBPCHF,H8,-2.0578296820228257,0.2618059048350039,-2.8659357770630662,668
0.8553514530505205,5.9483910841133785,0.401407729358964,0.979932176057641,34.19248177792456,756,,,,UK100,XAUGBP,H8,-2.630020021541568,0.08695009652533908,-2.86547495466493,756
0.8551805358136404,-10.734056729554435,1.877502356984608,0.9480884922903936,13.002823777698318,236,,,,GCZ25,USTEC,H8,-3.376197147859925,0.011797572499766422,-2.874648939216792,236
0.8545715365758423,-1.2922434389200697,0.5411888060426238,0.9650438311799576,19.48040861784168,498,,,,NOKJPY,NOR25,H8,-2.6171075876971033,0.08951277345797282,-2.867384756137026,498
0.853498931148294,1.7064203415998134,0.2027259479543828,0.9743950040843984,26.722706957671708,668,,,,USDCNH,USDPLN,H8,-1.7377952750325838,0.41175189306379373,-2.8659694611921034,668
0.8530512728129481,1.4789979634492627,0.2829004915476727,0.9900602272872928,69.38756069961374,773,,,,CHFJPY,XAUJPY,H8,-2.1061204345316273,0.24206067679550652,-2.865291103159288,773
0.852346835997949,4.996614954072325,0.3817725141140846,0.9885086923980738,59.97201963764216,659,,,,AUS200,JP225,H8,-1.808965904822247,0.376019543952359,-2.8659424728408456,659
0.8519099270142819,-2.440492674624494,0.307259276435984,0.9692658459063752,22.20461691120624,730,,,,EURNZD,HK50,H8,-3.6396923653866815,0.005045994432942114,-2.8655403100177566,730
0.8518983786263089,3.774785223416648,0.7370821115193877,0.9784506665438124,31.81776530542168,730,,,,HK50,XAUAUD,H8,-2.643959214772965,0.08424780782029423,-2.8655458544300387,730
0.8517267490228855,2.102129756808761,0.553201266378345,0.9768888919418248,29.64402507869052,246,,,,CA60,ES35,H8,-1.5796823137042206,0.4937911955094548,-2.873459364726563,246
0.8515369180139163,-0.9778935943668652,0.1576801492728231,0.9686593099993688,21.768113006510934,730,,,,GBPCAD,HK50,H8,-2.7841595315653196,0.060572333954433774,-2.865523768488869,730
0.8515270672960507,-3.3754090570028112,0.2853318458726849,0.9153551393099276,7.837205176790892,439,,,,AUDUSD,MidDE50,H8,-3.5994146099426847,0.005772229019602128,-2.8681766097362087,439
0.8506981340172688,0.3947114372355917,0.9564883849874224,0.9571532305015928,15.828246838193095,242,,,,CA60,NOR25,H8,-1.1521005314693689,0.6938542924088665,-2.8736593200231484,242
0.8502842870325562,-1.0860621181604957,0.1449642097142512,0.9645351998360324,19.19599280776472,773,,,,GBPNZD,XAUJPY,H8,-3.804072311963753,0.002865923648849174,-2.865291103159288,773
0.8500882669583287,-3.408033172300723,0.3646158343943056,0.9558056184365964,15.334872173945351,506,,,,EURCAD,IT40,H8,-3.1694794424342545,0.021820705334563845,-2.867444458865948,506
0.8498619845914444,-0.5894058844289729,0.1467356409775343,0.9879454463429864,57.15358408758152,773,,,,EURCAD,XPTUSD,H8,-2.494860351943362,0.1167298702006142,-2.8653808299915013,773
0.848977626625885,-0.8832419550866979,1.3667744976083522,0.9837487128833168,42.30431277147249,668,,,,CADCHF,USDSGD,H8,-1.2441245078943235,0.6543324637868273,-2.8659091963995573,668
0.8487381434509598,-1.3011440985425278,1.247610300054379,0.994347702507945,122.28414973669788,749,,,,DE40,UK100,H8,-1.3443679683727912,0.608637559604959,-2.8654117005229844,749
0.8485907133278217,-1.3091693528827937,0.1347375621416135,0.9803168117060664,34.86746635434137,773,,,,EURGBP,XAUAUD,H8,-2.7711888465380885,0.0625085466804307,-2.865291103159288,773
0.8483842815622794,-2.0519511445027554,0.7035400845935443,0.98163645557397,37.39818335569616,668,,,,NZDCHF,USDDKK,H8,-1.9546093924836572,0.3068228172801157,-2.865896026254794,668
0.8480478264147346,3.3223474122723617,0.5539344007106607,0.9700747984050252,22.81432850990015,506,,,,IT40,XAUJPY,H8,-2.3905001122032523,0.1444356535549653,-2.8673031724657454,506
0.8473522972888113,4.556158660780898,0.4603945937930178,0.9943825257320712,123.04435258312424,773,,,,XAUGBP,XPTUSD,H8,-1.4740488122048025,0.5463077447170737,-2.865291103159288,773
0.8471123689148173,-0.6708810595701444,0.1655627416832975,0.9552620264549389,15.14426905390577,236,,,,EURNZD,GCZ25,H8,-2.5156401704234317,0.1117151301469263,-2.8743581895178485,236
0.8465805833112305,-5.96486057209868,0.5914964998685196,0.9709094488975564,23.47894871894553,505,,,,EURUSD,MidDE50,H8,-2.959358583855545,0.0388680757031979,-2.8674204319994674,505
0.8462594667285602,1.7731002965737404,0.2537997835479764,0.9736734428622386,25.98070523640624,773,,,,NOKJPY,XAGEUR,H8,-2.8561071072316246,0.05069540994934681,-2.865295977855759,773
0.8462490256851837,5.318242692504125,0.4762491645784397,0.982176631729226,38.54218498525332,756,,,,UK100,XAUCHF,H8,-2.2470837014669933,0.18960248473864283,-2.8654273226340554,756
0.8460273925247858,-1.1910668577838623,2.1408739987682543,0.9832264052653056,40.97616027472466,776,,,,EURUSD,GBPCAD,H8,-2.87798195616723,0.04796895996610469,-2.8653354363373253,776
0.8459241594868269,-3.3445349402090785,0.2741717506930886,0.9222965910395804,8.569176386215977,440,,,,AUDUSD,IT40,H8,-3.522943159017803,0.00741704901936861,-2.8681614049724002,440
0.8457494057661905,-2.419078442001406,0.2072335569065091,0.9271952227195334,9.169688227792957,439,,,,AUDUSD,ES35,H8,-3.504202377744957,0.007879821732363202,-2.8681766097362087,439
0.8457423766307061,-0.4622662044242521,0.163036399003958,0.9640601356414904,18.93761712294417,773,,,,GBPNZD,XAUGBP,H8,-3.787693330334659,0.0030357680937556347,-2.865291103159288,773
0.8456857701682093,5.751440123450574,0.5655239001182331,0.9617588384010196,17.776857432357364,506,,,,IT40,XAUAUD,H8,-2.655495054738398,0.0820612162714433,-2.8673031724657454,506
0.8453059128155294,7.407842094218765,0.3671961445498083,0.9808931102283877,35.92965438081477,773,,,,USTEC,XPTUSD,H8,-2.1340316106846524,0.23105226786953947,-2.8653454308425705,773
0.8446065649144976,-3.710100802454861,0.3252324233216673,0.9493420221558094,13.333306642501755,659,,,,AUDUSD,DE40,H8,-3.583917276221654,0.006076044133236439,-2.8659559257802867,659
0.8446034259647615,7.997559232019856,0.5739499624460318,0.9862766144217368,50.16109617271016,730,,,,HK50,XAGUSD,H8,-2.2458025416760616,0.19004350626335925,-2.8655128165959236,730
0.8445141640183501,8.327894095231468,3.128581442494277,0.9764187099902364,29.045994650079194,507,,,,ES35,EURSGD,H8,-3.3846397829000394,0.011493779183832244,-2.8674084917497074,507
0.8444600615207152,-0.7324136675348224,0.1952348250774462,0.9637745624385444,18.785561769029087,773,,,,GBPNZD,XAUCHF,H8,-3.8019591234407195,0.002887334080802106,-2.865291103159288,773
0.844254581068953,-0.3970941097846612,1.561526841758974,0.974674626376292,27.02161717490146,776,,,,EURAUD,GBPCAD,H8,-3.2570377822334105,0.016911564272922525,-2.865276554696385,776
0.8439415094010196,-1.3208972987286691,0.1485456418313169,0.9822841401079124,38.77819334675543,773,,,,EURGBP,XAUGBP,H8,-2.6172963705502053,0.08947489136114634,-2.865291103159288,773
0.8439256867105231,-1.9585772293817572,0.2356566561769054,0.8707930783493146,5.010066354858829,427,,,,AUDCAD,SE30,H8,-3.793231007818006,0.002977334886697867,-2.868380822100627,427
0.8437128634522548,0.6773930116447318,0.7167227994025642,0.9855989877642468,47.78442601544306,730,,,,HK50,XAUJPY,H8,-2.243468578199926,0.19084864763878145,-2.8655128165959236,730
0.8436812355258148,-0.2644570410834443,1.6424722225594377,0.9678779260445268,21.23007191649484,421,,,,Sugar_H6,USDDKK,H8,-2.277481117736011,0.17933363793951212,-2.868446209372638,421
0.8430721604826839,5.403598243350469,0.4616529175849755,0.9811443986348284,36.41313694599235,756,,,,UK100,XAUEUR,H8,-2.323390103184342,0.16453512202840903,-2.8654273226340554,756
0.842992285153256,-6.377035337986542,2.6050488152503246,0.9031361837259338,6.803436278664326,250,,,,CA60,GBPJPY,H8,-3.8288971445598685,0.0026251178902492785,-2.8732185133016057,250
0.8425961808688336,3.3773497208293977,2.314041746292089,0.9729533545651392,25.279685552235414,507,,,,ES35,NOKJPY,H8,-3.25919244114607,0.016804073665653094,-2.867480869596464,507
0.8420757599920463,-4.43541024387049,0.786072691085769,0.9839154259351884,42.74639937042931,756,,,,SEKJPY,UK100,H8,-2.4860172525406794,0.11891365184141978,-2.865375732701395,756
0.8417534870975815,4.103430648127374,0.4978108344564767,0.9872103984505044,53.8488341840399,756,,,,UK100,USTEC,H8,-2.6762721959001077,0.07823498131809206,-2.8654013553540745,756
0.8416238010473895,3.207695766096801,0.2068828183059371,0.9606220154415056,17.253509601730403,773,,,,GBPJPY,USTEC,H8,-4.036946998573167,0.0012289351974318192,-2.865291103159288,773
0.8414192326538295,-2.8249435313854643,0.6033073468560443,0.9772174450407004,30.07656613487529,756,,,,NOKJPY,UK100,H8,-3.052885844611652,0.03024207537373632,-2.865375732701395,756
0.8411682003433854,4.642687753994237,0.0898200860941694,0.9502194838516818,13.57454282751193,773,,,,GBPJPY,XPTUSD,H8,-4.310593402656071,0.0004258185498853917,-2.865295977855759,773
0.8407243550013936,2.078934390778261,0.2479987169594342,0.9674810834656536,20.96671596182515,665,,,,AUDJPY,USTEC,H8,-3.2025402988024063,0.019838106824343418,-2.8659091963995573,665
0.8405264619723389,3.3008392598026486,0.1862973931250827,0.9688211284710108,21.88290751488593,773,,,,GBPJPY,JP225,H8,-3.281322491955092,0.015734284188157137,-2.865295977855759,773
0.8403471095467705,-3.228390027861857,0.5037914267209598,0.9715518088894242,24.01700558169652,498,,,,EURCAD,NOR25,H8,-2.8634365255252554,0.049768037016184666,-2.8674204319994674,498
0.8399952028657923,6.9447487838273965,0.4404782980648699,0.9850720237334528,46.08532040442096,730,,,,HK50,XPTUSD,H8,-2.2961803773268143,0.17320283536645703,-2.8655458544300387,730
0.839749191919642,-2.425548394000816,0.1969158856915037,0.9501580153323024,13.55736698807385,629,,,,AUDUSD,HK50,H8,-2.4466901410151736,0.1289895852887889,-2.8662357332485353,629
0.8391362475783031,-1.1404560146706344,0.6257578732104129,0.97381985480648,26.127957325601727,776,,,,EURAUD,SEKJPY,H8,-2.7657847434445397,0.06332982403451251,-2.8653008652386576,776
0.8388466950156247,-5.007123542596254,0.701573624214034,0.9743626286253084,26.688519439705875,498,,,,EURUSD,NOR25,H8,-2.6246375163499067,0.08801135046922931,-2.8674324209387345,498
0.838806787222313,-5.355955914646881,1.7350900523563266,0.9852637163688664,46.68933865696419,505,,,,ES35,STOXX50,H8,-1.5071413012440666,0.5299757277507083,-2.867349510566146,505
0.8386163523163818,-3.585229298130275,0.7880803312237022,0.9824533355218048,39.15547761033773,776,,,,EURCAD,EURJPY,H8,-2.4474486117120584,0.1287895874181177,-2.865295977855759,776
0.8385061573937457,-12.077091015888085,7.553001040990815,0.9425846233540778,11.722511951607457,421,,,,Sugar_H6,USDCNH,H8,-2.8730702006804476,0.04857038344013643,-2.8685128587855955,421
0.8382368226946147,4.586048890411582,0.9144334183334266,0.9851162358708552,46.2232512567468,776,,,,CHFJPY,EURNZD,H8,-2.6347360995451985,0.08602840915619381,-2.865276554696385,776
0.8381398097815335,0.8018537317373741,1.5516135661567256,0.9857280033655358,48.21953443212182,776,,,,EURAUD,EURGBP,H8,-1.950542050766485,0.30867048436852385,-2.8653254941943174,776
0.8379131781232246,8.736674459968427,0.5213225827972058,0.985281626835224,46.74657772323749,773,,,,JP225,XAGUSD,H8,-1.9394047778222125,0.3137568413705042,-2.865305765357574,773
0.8376750923095515,-2.759736854756204,0.3368503241466466,0.9906627892807884,73.88781415535067,773,,,,EURUSD,XAUAUD,H8,-1.8441495934900987,0.3587732329502198,-2.865291103159288,773
0.8375298456762865,-2.1180618726409084,0.6380252798487468,0.9586432869692788,16.41119646502134,668,,,,AUDCHF,USDNOK,H8,-4.0795821233552685,0.0010465883044035258,-2.8659357770630662,668
0.8371764957545439,-0.5316577616066378,0.1033958435840248,0.9780824878791412,31.277413689248256,773,,,,EURGBP,XAGUSD,H8,-2.965910456232019,0.03820291342134938,-2.865291103159288,773
0.8366295644563921,-1.004244160481121,0.3552258990725974,0.9757352677307848,28.218042112057237,668,,,,GBPCHF,USDCZK,H8,-2.773334167101917,0.06218490371443598,-2.865882935271461,668
0.8363462668698131,-0.5942742880231231,0.5526325140381473,0.9667990653573892,20.528815516005636,668,,,,AUDUSD,GBPUSD,H8,-2.596155368386605,0.09379448098561355,-2.8659559257802867,668
0.836162979004724,1.874911859385917,0.3750385415347207,0.9857770152767248,48.38689728615134,668,,,,USDCNH,USDSGD,H8,-0.9630696715075838,0.7664944390064816,-2.8659694611921034,668
0.8360787655336737,-0.2216852112147898,0.1864260885429467,0.9885068524755736,59.96236310094217,773,,,,EURCAD,XAGUSD,H8,-2.3548094722384945,0.154899252586023,-2.8653859408474482,773
0.8357075109690524,-0.6877921662074146,0.1880397846814513,0.9667292431690012,20.484998048304597,773,,,,GBPNZD,XAUEUR,H8,-3.645070323356485,0.00495558952476766,-2.865291103159288,773
0.8355649075800669,8.203220675914245,0.3352785279335992,0.9700327304065032,22.781810309296255,506,,,,IT40,XPTUSD,H8,-2.5409472270241285,0.10582656029356446,-2.8672917032172953,506
0.834248793997082,-0.8896109172497291,0.1690678722862531,0.950395457338472,13.623949530600044,730,,,,GBPNZD,HK50,H8,-3.5104615308821194,0.007722449649744855,-2.8655625802683473,730
0.8340681417537658,5.218050587822152,0.8386415582766178,0.9850724520199178,46.08665263250936,769,,,,DXY_Z5,NZDCHF,H8,-1.992193017699937,0.2900066452804254,-2.8653205426302253,769
0.8339815932479844,-3.768972409590925,0.3858058045766103,0.9873790257585936,54.57295226237474,730,,,,EURUSD,HK50,H8,-2.1375954148892924,0.2296683743402681,-2.8655128165959236,730
0.833586682363499,-0.4337593004495551,0.1850936017487794,0.9511551425802164,13.841325264599607,491,,,,GBPCHF,Sugar_H6,H8,-3.0185664212467573,0.033196533689916895,-2.867468682890213,491
0.83305744688321,-0.3388490303784811,1.185060787386042,0.9841198696544864,43.301210290625285,776,,,,EURSGD,GBPCAD,H8,-3.2085567537448054,0.019494692737675543,-2.8653354363373253,776
0.8327285106081599,-1.531369476769703,0.2445259876498198,0.9901048947996268,69.70235289233825,773,,,,EURAUD,XAUAUD,H8,-2.0496759699355422,0.26522528125491496,-2.8653254941943174,773
0.8327236610418078,4.686090848437497,1.1234394761673832,0.9891615148303596,63.605200775952,776,,,,EURJPY,EURSGD,H8,-1.7962215305486715,0.3823392058846121,-2.865305765357574,776
0.8325616791486076,8.321253810775335,0.5673337212096043,0.9828780278269266,40.1353342936881,773,,,,JP225,XAGAUD,H8,-2.2188558043704822,0.19947319997008128,-2.865305765357574,773
0.832348435788027,4.715062726502927,0.7407591534370396,0.9706383819854222,23.25895925719682,506,,,,IT40,XAUCHF,H8,-2.3443480908816023,0.1580633280067235,-2.8673031724657454,506
0.8320733302702183,5.752049699707981,0.6170763720171663,0.967721290414851,21.125350611375705,506,,,,IT40,XAUGBP,H8,-2.461267016646607,0.1251850871625359,-2.8673031724657454,506
0.8319798584920665,-3.454327940167277,0.3881911208724741,0.9556556087937806,15.281806574070716,506,,,,EURNZD,IT40,H8,-3.364098214510972,0.01224537048221026,-2.867280279529963,506
0.8317976676326154,-0.1700596634122569,0.3805807835295987,0.9868568824818428,52.39107678363441,668,,,,USDCAD,USDPLN,H8,-1.7258886307041583,0.41782564725870347,-2.865896026254794,668
0.8316967185529576,9.020747540232051,0.4322332484330267,0.9718902982257352,24.310425328852283,506,,,,IT40,XAGUSD,H8,-2.309393878729013,0.1689561559582426,-2.8673031724657454,506
0.8312064397865074,3.570056571168939,0.7497708905932599,0.9606298996039312,17.257035091153927,432,,,,AUS200,NOR25,H8,-2.06066623074601,0.26062206872715243,-2.868300808913956,432
0.8310351798637112,4.985558499369887,0.5005445865850388,0.9931881757888418,101.40950080054589,773,,,,XAUAUD,XPTUSD,H8,-1.8601747958105517,0.3510216825408848,-2.865291103159288,773
0.8310080169872158,6.182344996041594,0.3099156224027974,0.9792097305250376,32.99219344694454,498,,,,NOR25,XAGUSD,H8,-2.2624850501454743,0.18435279890973072,-2.8674204319994674,498
0.8309923507145985,7.678147801997014,0.1931379933914167,0.9791400795133623,32.88086756318661,659,,,,AUS200,XPTUSD,H8,-2.1156448125199208,0.23827045447944623,-2.8659694611921034,659
0.8308177666564898,-2.0261150678131576,0.1840177705811312,0.9897154753998412,67.04993390872826,773,,,,EURSGD,XAUJPY,H8,-2.0870354429983093,0.24975956850714143,-2.8653859408474482,773
0.8307054431132096,-1.309886929677371,0.2012017637234432,0.9930127627367362,98.85491685698776,773,,,,EURUSD,XPTUSD,H8,-1.5781164409222521,0.49457631434926014,-2.865291103159288,773
0.8305731952019847,3.81363931659995,0.7994059507663661,0.9839136804523008,42.74172326475419,730,,,,HK50,XAUGBP,H8,-2.38596845011683,0.14573593639721988,-2.8655128165959236,730
0.8300512667956746,-0.9706027139958436,1.293907624418257,0.9655742885317428,19.785981136232436,668,,,,AUDCHF,USDSGD,H8,-3.3590633118993805,0.01243612174090656,-2.8659291016222834,668
0.8298801638666996,-1.1741518060849214,0.1745338147211588,0.9460568401941488,12.499807827261767,497,,,,GBPNZD,SA40,H8,-3.7847958221155493,0.0030667610102069203,-2.867384756137026,497
0.8296574657596153,-1.7216283003076662,0.7542816930063061,0.9761458026181576,28.709692834366187,668,,,,NZDCHF,USDPLN,H8,-2.6802026501140612,0.07752717354300703,-2.865882935271461,668
0.8292325996026444,-14.017335950851445,2.5831785553856936,0.9276207759618404,9.225691202573836,157,,,,GCZ25,STOXX50,H8,-2.401428662172066,0.1413335853046247,-2.8802520918255534,157
0.8286264513463247,2.507867544282504,0.9548971342963324,0.9850225026632088,45.931793847410106,730,,,,HK50,XAUCHF,H8,-2.2985486933169335,0.1724364740564196,-2.8655128165959236,730
0.8281447203640699,-0.5831606009520154,1.400200849393126,0.9889986197158026,62.65826152500744,776,,,,EURAUD,GBPNZD,H8,-1.7581019916616443,0.4014521881736572,-2.8652813916285518,776
0.8280974645613469,7.582306623597812,0.6141735266697864,0.9844674813943864,44.27807185072174,730,,,,HK50,XAGAUD,H8,-2.1670423868424713,0.21842381360395852,-2.8655458544300387,730
0.827542595845356,0.349226171202555,0.9673984815275416,0.9740591377700492,26.372191266247203,668,,,,CADJPY,NZDJPY,H8,-2.6741864057432703,0.07861265207880941,-2.865882935271461,668
0.8272894180317447,-0.3574677384061052,0.0539635756292107,0.9465265149987316,12.612698520980738,492,,,,NOKSEK,OJ_F6,H8,-3.4596520666799098,0.009085832277967758,-2.8676183066831036,492
0.8270541937787681,2.9252435066358218,0.2696872491343192,0.964093699842572,18.95564742998569,773,,,,GBPJPY,US500,H8,-3.8146309839823904,0.0027611185516737127,-2.865291103159288,773
0.8267810044570565,2.7663536610141755,1.015984003935465,0.9939481289618188,114.1874365050329,773,,,,JP225,US2000,H8,-1.324503134224966,0.6178888879411439,-2.865291103159288,773
0.826153001793895,-0.6109679179134444,0.1117535176743546,0.9795776433403234,33.59284152338598,773,,,,EURGBP,XAGAUD,H8,-3.0032446632793137,0.03459249857960525,-2.8653454308425705,773
0.8256834849248569,-0.5251562294531492,0.278272230696863,0.986676806251816,51.67825405548447,668,,,,USDCAD,USDCZK,H8,-1.5248954521271043,0.5211619460400293,-2.865896026254794,668
0.8256546171967581,-1.2793708609622256,0.4636072696356012,0.9591434421757156,16.61640065750298,668,,,,GBPCHF,USDMXN,H8,-2.978241116288486,0.036976977998716805,-2.8659026013871864,668
0.8255688690475702,0.2622914681331831,0.7450886635246855,0.9890121018209832,62.73556976602902,773,,,,US2000,USTEC,H8,-2.5686942584269135,0.09964167070225105,-2.865295977855759,773
0.8255407592218817,3.710427874965109,0.3171798835160619,0.9776509933651706,30.66679599103497,488,,,,DXY_Z5,Sugar_H6,H8,-2.1966016538290973,0.20748117177725783,-2.8674931065091105,488
0.825227836180885,-1.4360031336129604,0.1445672398777777,0.9873340805360946,54.3780641933708,665,,,,AUDNZD,JP225,H8,-1.9573571621193544,0.30557761002664263,-2.8659026013871864,665
0.8250770727255117,-0.4109662005264777,0.1122702156104156,0.9900946654805652,69.63001160951129,773,,,,EURSGD,XPTUSD,H8,-2.294842389091665,0.1736367998345832,-2.8653808299915013,773
0.8249474839547023,5.751155112638699,7.539335143065406,0.9305341413726368,9.627510554301884,236,,,,GCZ25,USDCAD,H8,-2.8302620320356113,0.0540793815141984,-2.873972159235721,236
0.8246897833367725,6.106790462294946,0.3492192412644286,0.982055479059568,38.27961288030864,756,,,,UK100,XAUAUD,H8,-2.422519465380474,0.1354810648620729,-2.86547495466493,756
0.8242874708612261,3.4312763210368926,0.6480677577074672,0.989237418448212,64.05623257536882,756,,,,UK100,US500,H8,-2.3854472733646106,0.1458860051637511,-2.8653910653234655,756
0.8242290768729648,-6.360976764540896,2.958445594449039,0.9670683763268456,20.699564044522933,668,,,,CADCHF,USDCNH,H8,-2.4638584028781483,0.12451738526646267,-2.865983079837035,668
0.8226713388886772,-1.0675776302505375,0.0883964756681832,0.9539508729301234,14.703044790538309,665,,,,AUDUSD,XPTUSD,H8,-3.9536704239429743,0.0016735115411554088,-2.8659026013871864,665
0.8220631243144433,-0.4779459053661394,0.3470980482379403,0.9871562118133246,53.620182958567874,668,,,,USDCAD,USDNOK,H8,-1.6282476380507405,0.4684081020290167,-2.865896026254794,668
0.8219091087203334,9.235021368872848,1.7826691006718318,0.9750237701587467,27.40423968055801,758,,,,DE40,EURCAD,H8,-3.327550495172924,0.013690993768970372,-2.86546960465041,758
0.8217555197668673,-0.3614357161466291,0.2006858661004518,0.989506403100062,65.70711544013254,773,,,,EURCAD,XAGAUD,H8,-2.2020135642238814,0.2055154610702154,-2.8653859408474482,773
0.821729568248641,0.0794139676956771,1.699228168354347,0.9686288742224431,21.74665408323192,659,,,,AUS200,GBPJPY,H8,-3.339084807947609,0.013219253787436049,-2.8659424728408456,659
0.8215914936614122,1.638630870302593,0.1780015499580961,0.9788884379509656,32.48478010010668,668,,,,USDCNH,USDDKK,H8,-1.8946026988996656,0.33460441605374264,-2.8659694611921034,668
0.8215256321491738,1.2743734137115874,0.5266187583698814,0.9779644563745296,31.10800867895204,498,,,,EURJPY,NOR25,H8,-2.4827908095095497,0.11971785069340363,-2.8674084917497074,498
0.8213486799591108,-0.2880900428506109,0.3311504706333911,0.972615199935804,24.963206208196397,776,,,,GBPCAD,SEKJPY,H8,-3.1370239804321085,0.023931836138811984,-2.865276554696385,776
0.8212759445013537,0.344570196782306,0.6646518219275473,0.976531880107996,29.187747526794737,245,,,,CA60,IT40,H8,-1.3139250600642944,0.6227777472868423,-2.8735087323013526,245
0.8210772173417623,0.3209834831414304,0.1216420233039997,0.9715015894313264,23.97406653619585,773,,,,GBPNZD,XAGAUD,H8,-3.43967428990735,0.009678479048237359,-2.865291103159288,773
0.8208316280972712,-1.9797570937011024,0.3044556554132663,0.9876248313007958,55.66383695433404,773,,,,EURCAD,XAUEUR,H8,-2.0344958943264655,0.27165560367677744,-2.8653008652386576,773
0.8205129292623269,-2.025174778133316,0.312707376237044,0.9875644160899498,55.39171719029505,773,,,,EURCAD,XAUCHF,H8,-2.0410718823437954,0.26885977731726496,-2.8653008652386576,773
0.820452822243003,6.915773881971512,4.287184614486684,0.9730092302561504,25.33274305945383,507,,,,ES35,GBPCAD,H8,-2.159493442878702,0.22127394077140633,-2.867384756137026,507
0.8192518976648993,4.921042254541097,0.7088663997812461,0.9705353155923456,23.176375808151366,506,,,,IT40,XAUEUR,H8,-2.347685968441519,0.15704898180406485,-2.8673031724657454,506
0.8189517994688934,-1.2197603067693406,0.2050983540434443,0.9894758441328187,65.51531194164163,773,,,,EURSGD,XAUGBP,H8,-1.9403668157485099,0.3133159308155704,-2.865355478124818,773
0.8189432481687665,8.695905839445285,0.4655093930739691,0.9712836689997356,23.78947817693969,506,,,,IT40,XAGAUD,H8,-2.284336136418375,0.1770696553605507,-2.8673031724657454,506
0.8186771005914958,-12.54972601251859,2.6331528588741158,0.9399444518937232,11.191616781879906,156,,,,GCZ25,SE30,H8,-2.460707578064378,0.12532957469612221,-2.880497674144038,156
0.8181813795424161,-1.532592244017979,0.4021679882924762,0.9591290089324204,16.61040860722651,668,,,,AUDUSD,SEKJPY,H8,-3.3591627768632675,0.012432328053820645,-2.8659026013871864,668
0.8179890961803448,3.081445421671256,0.6111977961128658,0.9794274705997174,33.34507733023376,495,,,,DE40,SA40,H8,-1.9668803310369598,0.3012809959397429,-2.867444458865948,495
0.8179000169616798,-1.8802780202395704,2.2287878209624696,0.980037838829753,34.37531470626636,507,,,,ES35,EURJPY,H8,-2.5467618703284303,0.10450712188372735,-2.8672689011327894,507
0.8178129076125914,4.712761905044625,1.223746263553987,0.9922439432301002,89.02147937927072,776,,,,CHFJPY,EURSGD,H8,-1.6599316037196625,0.4518660873281802,-2.8653205426302253,776
0.8169203758116089,-3.3917315787142925,1.5410174154962852,0.989887688446222,68.1977191872319,756,,,,JP225,UK100,H8,-2.107643571104805,0.2414522118850299,-2.865375732701395,756
0.816582895106118,10.21403526916615,4.300970030153001,0.9695086213072344,22.38420056293375,507,,,,ES35,EURGBP,H8,-3.78273450766728,0.003088986497682835,-2.867396599893435,507
0.8163448558243899,6.831176128592278,0.2673239292705684,0.9812964687060952,36.71203164940335,773,,,,US500,XPTUSD,H8,-2.12489826268643,0.2346214450941796,-2.8653454308425705,773
0.8163325539169112,0.5244768043871888,1.7476367580822871,0.9647316944502584,19.304896078159587,421,,,,Sugar_H6,USDPLN,H8,-2.4968953040446187,0.116231559495661,-2.868446209372638,421
0.81525177457076,-1.3199267148015077,0.1839950315924903,0.9874951691901136,55.0830521152965,665,,,,AUDNZD,US2000,H8,-1.224569549305746,0.6629382316252049,-2.8659158113822065,665
0.8151345590926204,7.98176157927964,0.5809206895370203,0.9833088964839252,41.18039627116123,773,,,,USTEC,XAGEUR,H8,-2.482234803986827,0.11985683903443256,-2.8653254941943174,773
0.8146677713623589,4.439235214116467,1.2332227254863892,0.9666943707560728,20.463182375244124,668,,,,AUDJPY,AUDNZD,H8,-3.391595559601385,0.011248736851510672,-2.865882935271461,668
0.8146639059696593,8.10304138423044,3.172317867537485,0.9689426680228922,21.969914620643053,758,,,,DE40,GBPCAD,H8,-3.0278448397627162,0.032374603030152126,-2.86546426916434,758
0.814335277551376,-1.8573857815457608,0.3322308984832575,0.975252867816649,27.661171142758025,668,,,,GBPCHF,USDHUF,H8,-2.8555574512058013,0.050765524927123794,-2.865882935271461,668
0.8142059534650145,4.007232631981527,0.107816828030464,0.9854380849685525,47.25258082036296,489,,,,DXY_Z5,OJ_F6,H8,-2.362807701010972,0.1525099107827051,-2.8675301216074414,489
0.8138737450113882,0.145100240423878,0.9351743158964144,0.9781143022003822,31.323387893148528,776,,,,GBPAUD,GBPCAD,H8,-2.7949448922159226,0.05899949026599368,-2.8653008652386576,776
0.8138686948612168,2.7732653272118384,0.9137858555119216,0.984806595259491,45.27412541067551,730,,,,HK50,XAUEUR,H8,-2.321912412549259,0.16499813757241605,-2.8655128165959236,730
0.8138380193504002,-1.7263461429946405,0.2272335385283783,0.9521883264367592,14.148043129454589,505,,,,GBPCAD,MidDE50,H8,-2.9796954919531817,0.036834587619357,-2.8673031724657454,505
0.8133579478347435,3.8839487783918183,0.5616233946273193,0.9867850198313444,52.10428272164446,495,,,,MidDE50,SA40,H8,-1.3214360635869364,0.6193091264232407,-2.8674204319994674,495
0.8129133315272109,4.26478785393099,0.2448503132982922,0.98382654007792,42.50955929327595,773,,,,EURJPY,XAGEUR,H8,-2.3331498042416374,0.16149924273653743,-2.865295977855759,773
0.8128243103413951,2.314678370228978,0.3805125299133044,0.983206924114944,40.928220716104185,498,,,,NOR25,XAUJPY,H8,-1.9424189980934956,0.31237637295948145,-2.8674565460819896,498
0.8123485724003361,3.1754471777484783,0.1709534711467088,0.9345265886865584,10.23621253035805,236,,,,AUDJPY,GCZ25,H8,-2.7171727203710088,0.07111348803870719,-2.873918902362675,236
0.8122675825678201,1.3702476555223018,0.3809689052208075,0.9844036329313955,44.095379870421965,773,,,,CHFJPY,USTEC,H8,-1.964087911168979,0.3025377943662152,-2.8653354363373253,773
0.8119487043931046,-3.7258172354893184,0.4061965741680557,0.9719349677093856,24.34967571947657,505,,,,EURCAD,MidDE50,H8,-2.1887904459822036,0.21033900457852756,-2.8673031724657454,505
0.8116714605266302,-1.439234947448358,0.212821348716045,0.9388796516422756,10.990477909297704,506,,,,GBPNZD,IT40,H8,-3.6303655817501914,0.00520634565391443,-2.867349510566146,506
0.8111641602032512,-8.41966519276079,4.170222015737554,0.9824892501175156,39.2365006336531,668,,,,USDCHF,USDCNH,H8,-2.154260462596322,0.22326285393557754,-2.865983079837035,668
0.8109686126122007,4.34940512738592,1.1166144920779937,0.965892909824564,19.97409320506984,250,,,,CA60,SEKJPY,H8,-2.0485004831319813,0.2657202398165439,-2.8732185133016057,250
0.8109091468575239,-0.4734784839301173,1.0544984540995468,0.978051689089877,31.233033970486066,776,,,,EURSGD,GBPNZD,H8,-2.7309976687141804,0.06882619190472575,-2.865291103159288,776
0.810360962475866,5.046882478223033,0.6145911201748244,0.9919787252031752,86.06655482910264,776,,,,EURJPY,EURUSD,H8,-1.517881056818878,0.5246480228227222,-2.865276554696385,776
0.8101217581755266,-0.3121112103359333,0.1175286044989862,0.9856970573044088,48.1144524632092,665,,,,AUDNZD,XAGEUR,H8,-2.1330898327322725,0.23141880375499307,-2.8659091963995573,665
0.8100527358231842,4.93623403850897,2.134834200295177,0.9907136450942114,74.29435744426893,773,,,,JP225,NOKJPY,H8,-1.6161300857391596,0.4747587197865206,-2.865295977855759,773
0.8097306790835033,5.30637384739253,0.3769275147860508,0.9946456611592004,129.10834899448724,773,,,,XAUEUR,XPTUSD,H8,-1.4099968954007536,0.5774742084937468,-2.865291103159288,773
0.809245082196328,7.207990290964636,0.4347579944282263,0.9818309548248187,37.80226309808387,773,,,,US500,XAGEUR,H8,-2.5395651975346247,0.1061419987476157,-2.8653254941943174,773
0.8090414524157568,-1.3135580004139764,0.1056675483206722,0.9760678437942224,28.61503310290635,492,,,,NZDCHF,OJ_F6,H8,-2.566869478965999,0.10003980596014583,-2.867605550172837,492
0.8086162813213975,-1.2475403758728894,0.5616402649358202,0.9900414981032852,69.2564079283422,776,,,,GBPUSD,SEKJPY,H8,-1.7477696361777797,0.4066832266269616,-2.865276554696385,776
0.8085859105599763,-0.7106862933356163,0.4251399939596464,0.9805099939409128,35.21652579346957,668,,,,GBPCHF,USDDKK,H8,-2.2596585184196005,0.1853090478054667,-2.8658894709126246,668
0.8085115337102551,0.5307913497000358,0.272022226389661,0.9760463821722412,28.58908197059961,773,,,,NOKJPY,XAUGBP,H8,-2.912592777209493,0.04390310352143718,-2.865295977855759,773
0.8085087192676176,1.6978874797197334,0.3417067737706325,0.9862347052352486,50.00731794818782,773,,,,EURJPY,USTEC,H8,-2.200519212916935,0.20605706648786054,-2.865360521688131,773
0.8082490057395554,-0.1834548634660571,0.5833791065623598,0.982882154813281,40.14509466645608,756,,,,EURJPY,UK100,H8,-2.682889928362339,0.0770461448902361,-2.8653808299915013,756
0.8081900296876314,6.5956161181336,1.270118455851793,0.985404292912552,47.14237507118194,758,,,,DE40,SEKJPY,H8,-2.421324803455295,0.13580787130141186,-2.865375732701395,758
0.8081729720119663,-15.078679487291517,3.5227713408909054,0.9792799019650922,33.105107980791004,422,,,,OJ_F6,USDHUF,H8,-2.60584770795205,0.09179467820207887,-2.868479374038333,422
0.8072777844378605,5.871753958845113,1.7692077356412286,0.9733003409953594,25.61276334985069,506,,,,IT40,NOKJPY,H8,-2.6327611543139735,0.08641345662591587,-2.8672917032172953,506
0.8072459124830696,-1.5348351496217356,0.8226458963904142,0.9716409949143604,24.093636965900213,776,,,,EURNZD,NOKJPY,H8,-3.5007696219465374,0.007967350524934561,-2.8653008652386576,776
0.8071698984240714,-0.8920646102666541,1.5950119133172806,0.9700452054064312,22.791443850963716,421,,,,Sugar_H6,USDNOK,H8,-2.2296348821902385,0.19566602218285267,-2.868446209372638,421
0.8068358937509886,-3.4854097274467284,0.8165043793166123,0.994535393588406,126.49612993320189,773,,,,XAGEUR,XAUAUD,H8,-1.2743456764253065,0.6408259621862806,-2.8653404270188476,773
0.8065795566163054,4.4601223146148925,0.102010942460833,0.8965435864764764,6.347015244933982,236,,,,GBPJPY,GCZ25,H8,-3.5435970872798146,0.006935531345245541,-2.873918902362675,236
0.806544432267081,1.8554076480817687,0.3073591523208214,0.9901302418402036,69.88225214693554,773,,,,EURJPY,JP225,H8,-1.9557749522957264,0.30629432218195174,-2.865291103159288,773
0.8058336301144686,-0.1638883556247859,0.5885372468169834,0.9448358324790124,12.21531960282926,668,,,,AUDCAD,AUDNZD,H8,-5.010943095139621,2.1112629686808664e-05,-2.8659357770630662,668
0.8056306367402248,3.5644457838784565,0.487404859072747,0.9681967373848368,21.44640461049459,250,,,,CA60,XAUGBP,H8,-2.027997573064916,0.27443363880897326,-2.8732185133016057,250
0.8055256553969515,4.755358384135749,0.9507380106883844,0.99005178392577,69.3283741807083,776,,,,CHFJPY,EURCAD,H8,-1.8071323735186489,0.376926461837675,-2.8653008652386576,776
0.8049991154640672,-1.7222937893967123,0.209212154845656,0.9851149948652456,46.21936845177671,730,,,,EURSGD,HK50,H8,-2.334892858990718,0.16096109933351466,-2.8655128165959236,730
0.8045092858530717,5.971996502242748,0.3281614532219584,0.981980965643,38.11987479584311,498,,,,NOR25,XAGAUD,H8,-2.136442264563292,0.2301156236177092,-2.8674204319994674,498
0.80429863833079,-3.1742463725696486,0.5242039411702658,0.9780944876843684,31.29473866965995,498,,,,EURNZD,NOR25,H8,-2.308027208351877,0.16939210591081816,-2.867384756137026,498
0.8041427664688143,-0.3047008211782326,1.5691010044694842,0.9860143772018464,49.21402250814264,776,,,,EURNZD,GBPCAD,H8,-2.072154308883961,0.2558578701868084,-2.865276554696385,776
0.8039973072011887,1.5740892269824678,0.3400117888812251,0.9892474282255236,64.11618756125974,773,,,,CHFJPY,JP225,H8,-1.7471911697635927,0.4069766870249288,-2.865305765357574,773
0.8031837643229484,1.9983963539190877,0.9369673600050518,0.981524637223975,37.1697278838896,497,,,,SA40,USTEC,H8,-1.6436064880632104,0.46037692576788514,-2.8674324209387345,497
0.8017886394090354,5.773658476857468,0.4996967428991528,0.9830106313761487,40.45131480183973,758,,,,DE40,XAUAUD,H8,-2.624399581553961,0.08805849353507927,-2.86546426916434,758
0.8007440136996906,-1.868735805460449,1.2412472243600736,0.808123771474784,3.253600351767924,107,,,,EURCHF,EURPLN,H8,-3.1153062424794986,0.025440999828199272,-2.8892174239808703,107
0.8006799149293581,8.38996802872435,0.4491748421669279,0.9850588303822728,46.04431857391347,773,,,,USTEC,XAGUSD,H8,-2.3565421881510296,0.15437944630321865,-2.8653254941943174,773
0.8001356089479301,-4.683571519086047,0.5871181705926802,0.9788359887634016,32.40341046023918,756,,,,EURNZD,UK100,H8,-3.248657057814401,0.01733541125341597,-2.8654536415414684,756
-0.8004361403835565,11.758567088752503,-0.2098456629401562,0.969759307876782,22.57266185021464,480,,,,IT40,OJ_F6,H8,-2.686606572243857,0.07638473070578589,-2.8678163032301995,480
-0.8007715423751552,25.24293833541833,-1.4243751174394157,0.957314756758466,15.889473683403825,482,,,,Cocoa_H6,SA40,H8,-3.7400340941059205,0.0035840089624858736,-2.867567599912013,482
-0.8008286270869738,1.4364227274187724,-0.1573210325880875,0.9815831688975608,37.28896763704558,773,,,,GBPCHF,XAUAUD,H8,-2.63706328082144,0.08557639678887607,-2.8653254941943174,773
-0.8012978642135182,8.587423267694398,-2.051692756366564,0.9708430039293248,23.424645640870168,730,,,,HK50,NZDCHF,H8,-3.311535745726652,0.014370635344716831,-2.8655458544300387,730
-0.8017409817350855,1.252973450196878,-0.1546067504651058,0.9512799119035712,13.877674634837344,491,,,,GBPNZD,Sugar_H6,H8,-3.3278660988352917,0.013677890453618193,-2.8674931065091105,491
-0.8019428769346703,-0.6914191736952582,-0.4826895221452741,0.9432966129874368,11.87414254283724,668,,,,AUDUSD,CADCHF,H8,-3.5932146009173915,0.005892082918716308,-2.8659559257802867,668
-0.802413087909123,2.1354179807307685,-0.7255972427381997,0.9615980993857446,17.700979021370213,776,,,,NOKJPY,NZDCHF,H8,-3.5936271359921674,0.005884038562021471,-2.8653008652386576,776
-0.802648359584373,2.230848604650973,-0.241202842101635,0.9597219935253084,16.86012544237362,668,,,,GBPNZD,USDHUF,H8,-3.216875755049809,0.019028390871936394,-2.865896026254794,668
-0.8032690831946703,2.0166906208470863,-0.5809503805298845,0.9829544238597666,40.3167778467642,668,,,,EURNZD,USDNOK,H8,-2.3362518444258344,0.16054238415530225,-2.8658894709126246,668
-0.8038347553587147,2.51903359529378,-0.168360228439407,0.985565266737282,47.671983098266296,665,,,,USDPLN,XPTUSD,H8,-2.3904272888335303,0.14445648414750578,-2.8659026013871864,665
-0.8039605103849947,2.207236620601079,-0.0573735366267589,0.9692592187262764,22.1997544814194,665,,,,USDCNH,XAGAUD,H8,-2.6591686916880684,0.08137426261044484,-2.865989920612213,665
-0.8043693275248185,6.367248702266145,-0.6602424462346015,0.9917369686483388,83.53828546532496,668,,,,EURJPY,USDDKK,H8,-1.4813784258786142,0.5427022327836709,-2.865882935271461,668
-0.8045092369237372,5.420044948380814,-0.360246728901933,0.9862082494866512,49.91072452115495,665,,,,USDNOK,XAUAUD,H8,-2.027266953034824,0.27474692120761257,-2.8659026013871864,665
-0.8046400590226933,19.404989509027487,-1.3266325248457764,0.954708360739948,14.954836105551156,500,,,,Cocoa_H6,XAUGBP,H8,-4.238830873875275,0.0005659691962928012,-2.867349510566146,500
-0.8055719298811961,12.404017811025993,-1.121815714185334,0.9642503370827672,19.040238798748867,439,,,,MidDE50,USDDKK,H8,-3.358597030199467,0.012453919857081283,-2.8683325885102855,439
-0.8057279187584169,0.3000890041284682,-0.3453966353142814,0.9841970047430176,43.51426601095768,668,,,,EURGBP,USDPLN,H8,-1.9762423809064893,0.2970861412942908,-2.8658894709126246,668
-0.8061198663318221,4.276314760791001,-0.3402438077120411,0.993200316618194,101.59118760269207,773,,,,USDCHF,XAUJPY,H8,-1.4739039207556706,0.546378945856479,-2.8653706489231876,773
-0.806789232050115,0.537721340602729,-0.123282926642304,0.97519019149313,27.59040859385529,773,,,,GBPCHF,XAGUSD,H8,-3.352770223981683,0.012678243635134633,-2.8653304587462944,773
-0.8080974731287538,5.391501277482651,-0.6282501564627752,0.974818931170514,27.1784727198663,491,,,,Sugar_H6,XAGAUD,H8,-2.9485883916073496,0.03998257935470871,-2.8675425624806605,491
-0.8086242690417004,1.4708070880769302,-0.1760966629985194,0.9811635199141852,36.45045468898094,773,,,,GBPCHF,XAUGBP,H8,-2.8257108076507964,0.05469397838222745,-2.8653304587462944,773
-0.809910734289754,6.957412975175704,-0.2745183459362384,0.9920508189699434,86.85027264974038,769,,,,DXY_Z5,XAUAUD,H8,-1.6145248391187836,0.4756008563990732,-2.8653106782623574,769
-0.8099447636771353,10.07998510799706,-1.0804141555208002,0.9683540278647934,21.55474125901376,505,,,,MidDE50,USDCHF,H8,-3.4456220386572673,0.00949852118273053,-2.8674204319994674,505
-0.8100870084147461,12.297305479868538,-0.7834421321331841,0.9674541228155948,20.94905707353893,461,,,,HK50,Sugar_H6,H8,-2.749892269729883,0.06579542403821706,-2.867843681679954,461
-0.8101210052147588,6.613268653612868,-0.756307833349449,0.9928256005353194,96.26697575535871,668,,,,CHFJPY,USDDKK,H8,-1.256726465453671,0.6487303222477616,-2.865896026254794,668
-0.8105074626656525,3.511859770243011,-0.1213868952833317,0.8798268047187807,5.41393484139174,107,,,,EURHKD,JP225,H8,-3.815180533864963,0.0027557616327932312,-2.8900369024285117,107
-0.8105734404836406,8.77470510785565,-0.5697935892560237,0.976626187891538,29.30692261432452,495,,,,DXY_Z5,NOR25,H8,-2.756194791196919,0.06480858412227569,-2.8675425624806605,495
-0.8109329731509458,11.707966337173811,-0.8837331779465651,0.986961213767196,52.81307512774266,653,,,,UK100,USDMXN,H8,-1.884063097972985,0.3395950708585833,-2.865983079837035,653
-0.8113052877734449,42.23346793821608,-16.56018926480228,0.976624669974178,29.304996834931405,236,,,,GCZ25,USDHKD,H8,-1.6854230511011958,0.4386381755550974,-2.8742454699025872,236
-0.8122274212279571,7.804838673965373,-1.8689897240657916,0.9684333531323682,21.60978747165146,432,,,,NOR25,USDSGD,H8,-2.1786810234365146,0.21407379376496327,-2.8683485906158963,432
-0.8124973845405663,7.791958628775683,-0.3156209613567074,0.988547816642876,60.17809140881168,726,,,,DXY_Z5,HK50,H8,-1.9900296165378955,0.2909618034183494,-2.865534780932388,726
-0.8126220841542259,5.683585156341586,-0.51528974109008,0.9798351359219122,34.02625682427507,668,,,,NOKJPY,USDHUF,H8,-2.577391104077398,0.09776067621190282,-2.865882935271461,668
-0.813392407586316,12.390695558287195,-0.999885955734356,0.972110868306226,24.50545919014182,659,,,,DE40,USDNOK,H8,-2.7917730018164653,0.05945857980600102,-2.865983079837035,659
-0.8135522516766628,4.923177963564777,-0.5749787160675227,0.9729652098007616,25.290924520277404,491,,,,Sugar_H6,XAGUSD,H8,-3.102171831922407,0.02639288013540989,-2.8675425624806605,491
-0.8135834826498924,11.662838183588011,-0.5698545517903532,0.969423866477425,22.32118249411224,481,,,,DE40,Sugar_H6,H8,-2.6773687203441177,0.07803700750303162,-2.867580197120949,481
-0.8139692988208498,13.109093255524828,-0.914882047401364,0.9652006969965324,19.569801926637616,439,,,,MidDE50,USDCZK,H8,-3.1699622932074343,0.021790556531425847,-2.8683325885102855,439
-0.8142400550390991,8.621226835030306,-0.9926949629594756,0.9677019193902292,21.11247036526461,432,,,,NOR25,USDPLN,H8,-2.6612465480900895,0.08098770678207351,-2.8683325885102855,432
-0.8147971741191717,13.20383266480786,-1.1966130173492786,0.955773826059412,15.32359562970004,500,,,,Cocoa_H6,XAGEUR,H8,-3.7912566284692693,0.002998048659629777,-2.867349510566146,500
-0.8153625441189921,7.1335390736068405,-0.908948812279182,0.9710311641048868,23.579068230070128,498,,,,NOR25,USDCHF,H8,-3.3532403820339343,0.012660011264548231,-2.8674204319994674,498
-0.8157591987152883,24.619018480903307,-1.1901392683027208,0.9548861155003006,15.015147014373472,500,,,,Cocoa_H6,XAUJPY,H8,-4.093452813893708,0.000992942295758283,-2.867349510566146,500
-0.81649545437079,0.560061116001543,-1.1906420478041486,0.9841657041188788,43.42755994250026,776,,,,EURCAD,GBPCHF,H8,-3.2127057073854126,0.01926090261025782,-2.8653354363373253,776
-0.8166526580139377,1.1974264542809323,-0.4072202470551799,0.9642729218528548,19.052496798710468,776,,,,GBPCHF,SEKJPY,H8,-3.3799717251449537,0.011660879776558532,-2.8653156040031176,776
-0.817175230183848,18.446196475695174,-1.7155399599928949,0.9675608081100976,21.01910632551964,481,,,,Sugar_H6,UK100,H8,-2.8441782408249323,0.05223505023235076,-2.867580197120949,481
-0.8178391250315135,10.629237652437704,-0.9826132228125246,0.9730413762611968,25.363367385798654,491,,,,Sugar_H6,XAUCHF,H8,-2.6040232873019113,0.09216858360854874,-2.8674565460819896,491
-0.8181449309448136,1.3889880389414746,-0.2518090560221992,0.977131599306194,29.96235057914183,668,,,,GBPCAD,USDCZK,H8,-3.3199851021979416,0.014008434546534597,-2.86596268312982,668
-0.8182122266480382,0.8369847095746723,-0.1282090190816057,0.9855666546867212,47.676600854380894,492,,,,EURUSD,OJ_F6,H8,-2.3652796460803347,0.15177666356812397,-2.8674931065091105,492
-0.8187223113280114,7.003260847911512,-0.3140142398228672,0.9914433415311856,80.65969021567832,665,,,,USDHUF,XAGUSD,H8,-1.747007497219068,0.40706987851181475,-2.8659026013871864,665
-0.8190801048713808,3.235492696158171,-0.3025511998085132,0.8502326776979033,4.272219201849254,107,,,,EURSEK,SEKJPY,H8,-2.0462861691821237,0.26665397869735263,-2.889485291005291,107
-0.8200560007964148,5.932924595737945,-0.3477444270350956,0.9779354181830816,31.0666093265601,665,,,,USDMXN,XAUAUD,H8,-1.6893746677953307,0.4365951149680031,-2.8659694611921034,665
-0.820488268536621,14.592023602494203,-0.7735758760856893,0.9708753794788696,23.451074061430727,659,,,,DE40,USDHUF,H8,-3.038983518555993,0.031410750351311426,-2.865989920612213,659
-0.8210000787668182,6.071890777932803,-0.3116068270640936,0.9705300471855888,23.17216993759835,491,,,,CHFJPY,Sugar_H6,H8,-2.723350352051073,0.07008406199002307,-2.867468682890213,491
-0.8215636284297864,7.645314372882125,-3.810822483185709,0.9844282243737408,44.16556689082706,668,,,,EURUSD,USDCNH,H8,-1.7727456352910802,0.3940741908836781,-2.8659694611921034,668
-0.8216093460941862,32.96169771022405,-2.085681925481406,0.9845360649139444,44.47599297922349,492,,,,OJ_F6,XAUJPY,H8,-2.188160425888014,0.21057056731710183,-2.8674565460819896,492
-0.8219134594364598,5.012572137054496,-0.582121578245112,0.9869295421870036,52.68425803968178,776,,,,EURJPY,USDCHF,H8,-1.8849140056918186,0.3391909781910605,-2.8652813916285518,776
-0.822191048873524,11.501996420653583,-0.4296007460408587,0.9903012328799958,71.12041927609144,665,,,,USDHUF,XAUJPY,H8,-1.7890503233017208,0.38591129478369895,-2.8659026013871864,665
-0.8228875769543254,1.2041048634596736,-0.3136288348740887,0.9761528215107422,28.71824573321472,668,,,,GBPCAD,USDDKK,H8,-3.5710664218239843,0.006338886265124305,-2.86596268312982,668
-0.8229123324141785,2.919094295320873,-0.0720238762942016,0.9687063437416494,21.80135650897625,665,,,,USDCNH,XAUJPY,H8,-2.4743531416348485,0.12183982869082721,-2.865989920612213,665
-0.8242943558418242,14.30196397767012,-1.4673360036824976,0.9398614089502972,11.17567412020099,236,,,,GCZ25,XTIUSD,H8,-2.5568521178673285,0.10224693411566582,-2.8740258764297293,236
-0.8248617924242525,11.5077117543123,-1.0992264510976086,0.9679137543885196,21.254169209035773,659,,,,DE40,USDPLN,H8,-3.0640775171981263,0.029328375260923568,-2.865989920612213,659
-0.8249475230859122,0.6671016563292372,-0.9002796861325514,0.9607591045568532,17.315012310644164,776,,,,GBPAUD,NOKSEK,H8,-2.5773997361428918,0.09775882274634162,-2.8653354363373253,776
-0.8251970338676189,12.51478359178798,-1.5714778405226415,0.982557241357203,39.390801994030745,439,,,,ES35,USDDKK,H8,-2.0834224805531583,0.2512325382653243,-2.8683325885102855,439
-0.8260902347354242,8.41223989646039,-0.3336340404989615,0.9884760456780404,59.80113662733442,494,,,,DXY_Z5,SA40,H8,-1.2846919046703547,0.636146362930409,-2.8674324209387345,494
-0.8264762244760039,2.178589729729288,-0.1591786713501652,0.9744094411464452,26.73797995017255,773,,,,GBPCHF,XAUJPY,H8,-3.167294501215971,0.02195758371709726,-2.8653304587462944,773
-0.8266433283797767,13.949482749317593,-1.6547799866086093,0.9865109063555006,51.0383909714034,629,,,,HK50,USDNOK,H8,-1.9959538875763607,0.28834999165129793,-2.866153285929353,629
-0.8274152534290438,9.484165858356276,-0.9309126205332184,0.9706849989838746,23.296502515385555,432,,,,NOR25,USDNOK,H8,-2.0833810849511902,0.25124944327261234,-2.8683325885102855,432
-0.8277718867942215,15.53030490816124,-0.893811345446114,0.96539132380944,19.679525277969773,439,,,,MidDE50,USDHUF,H8,-2.252090964157167,0.18788517576931313,-2.8681766097362087,439
-0.8280383804263823,0.8557379005874692,-1.1059575711809848,0.970873580786244,23.449604232934227,668,,,,EURAUD,USDSGD,H8,-3.3741099954300346,0.011873766563690637,-2.8659291016222834,668
-0.8280446375383613,0.1727676226217086,-0.1915946291757127,0.9836856806831412,42.1395189366629,665,,,,CADCHF,XAGUSD,H8,-2.2838187218015893,0.17723987476001218,-2.8660036655537744,665
-0.8282689650107941,10.589050471927935,-0.969576211516251,0.9716356825543933,24.089058925850043,491,,,,Sugar_H6,XAUEUR,H8,-2.6757588969699735,0.078327791134362,-2.8674565460819896,491
-0.8293919099870191,4.33355357085113,-1.769756848992795,0.9889154472744404,62.185497934372734,769,,,,DXY_Z5,EURGBP,H8,-1.9421515547894985,0.3124987420696882,-2.8653106782623574,769
-0.8294953812248935,2.5948212781889524,-1.168760300336508,0.8874292894299138,5.80396779295944,107,,,,EURHKD,USDCAD,H8,-2.277552453990405,0.1793099797951755,-2.8900369024285117,107
-0.8296659830595747,14.1512658093392,-1.3190308661720147,0.9824383538307868,39.12177699321557,629,,,,HK50,USDCZK,H8,-2.3686722973921177,0.15077430757510563,-2.866153285929353,629
-0.8297040774244571,0.8399179551409646,-1.6660215343009628,0.9666280246128652,20.421803070098296,668,,,,CADCHF,GBPNZD,H8,-2.948109558390807,0.040032743789502834,-2.8659357770630662,668
-0.8301339136179156,20.916900663996728,-5.384557930210118,0.9392202762552492,11.05405491425682,439,,,,MidDE50,USDCNH,H8,-2.13042421959587,0.23245811678529138,-2.868316661451884,439
-0.8302718421966122,0.2727203980447379,-1.6987631138908492,0.9820057867585134,38.17293810497997,776,,,,EURUSD,GBPCHF,H8,-2.387436713372278,0.14531374513676232,-2.8652813916285518,776
-0.8302752785291606,2.3253251195602123,-0.1960643521157077,0.9569970600544816,15.769487384949027,497,,,,GBPCHF,SA40,H8,-3.9957439701444684,0.0014329617720481545,-2.867517732199813,497
-0.8303430176421613,13.020582106101095,-1.1697107607152997,0.9594277304413265,16.73529353735583,439,,,,MidDE50,USDNOK,H8,-2.5697558502694564,0.09941060360539222,-2.8681766097362087,439
-0.8307330184465667,12.253485266107637,-3.5796645278421084,0.973052739274712,25.37420999139704,668,,,,CHFJPY,USDCNH,H8,-2.708659790794304,0.07255169758934193,-2.86596268312982,668
-0.8308886165097689,7.073751170618817,-0.4661426264086556,0.9907379170613476,74.4899623016625,665,,,,USDCZK,XAUAUD,H8,-1.6239899117531047,0.47063816712894396,-2.8659026013871864,665
-0.8314227792970917,13.94705779950729,-1.237871735931933,0.963525076912108,18.65466997817086,439,,,,MidDE50,USDMXN,H8,-2.3777059410054946,0.14812785404638407,-2.8681766097362087,439
-0.8323417938637991,13.25079996205653,-1.081119359347145,0.974379766046746,26.706605282338,659,,,,DE40,USDMXN,H8,-3.190364343974102,0.02054924763967508,-2.8659559257802867,659
-0.8331963709706504,14.713779198639324,-1.7597542401939308,0.990595738104904,73.35852476024654,431,,,,SA40,USDDKK,H8,-0.9213128750423865,0.7808727851071777,-2.868300808913956,431
-0.8332958669270923,0.7967696354802831,-0.0732645244619586,0.980399978876582,35.01689698947425,492,,,,EURSGD,OJ_F6,H8,-2.8864271611589527,0.046949252802232035,-2.867592847097137,492
-0.8333996607213742,5.209668346690511,-0.9100218049765484,0.9892250289660312,63.98217827343713,769,,,,DXY_Z5,EURNZD,H8,-1.8957906439896328,0.3340439084669632,-2.8653106782623574,769
-0.8342648640897666,5.93248987917929,-0.2855530684534869,0.9622255292299072,18.000822146900354,491,,,,EURJPY,Sugar_H6,H8,-3.22127397917321,0.018785813485235395,-2.8674565460819896,491
-0.8342733671357613,7.82920532999,-0.3371672376473945,0.9829064073594596,40.202547457391525,504,,,,DXY_Z5,ES35,H8,-1.9225139249867835,0.32154508983065655,-2.8674324209387345,504
-0.8346388097276621,2.886082735864416,-0.3593203953870789,0.991849788214741,84.69947750536744,773,,,,USDCHF,XAUAUD,H8,-1.7425603913069647,0.40932814424246144,-2.865291103159288,773
-0.8346587223888671,5.588727763891872,-2.600145659690363,0.9709255016746255,23.492105298061414,668,,,,EURCAD,USDCNH,H8,-2.219520481993573,0.1992370812207866,-2.8659694611921034,668
-0.8348990100487064,27.923032676059066,-2.7922367915697546,0.98051128363566,35.2188793855949,492,,,,OJ_F6,XAUEUR,H8,-2.4383523871858235,0.1312029509840496,-2.8674565460819896,492
-0.835005837895571,8.57777649973587,-0.4488616181073649,0.9629988894792888,18.38439397416381,474,,,,NOR25,Sugar_H6,H8,-2.8750129005398817,0.048331769203981016,-2.867669873870454,474
-0.8357693803172525,-0.8783381738835254,-1.6094463845769356,0.976103689393314,28.65848110634153,668,,,,AUDCHF,EURGBP,H8,-2.2268950704361767,0.19662928654489753,-2.8659026013871864,668
-0.8364698335749633,5.064436102189109,-0.6570925321949445,0.9932498628958591,102.33942064139764,776,,,,CHFJPY,USDCHF,H8,-1.368861405929289,0.5971100010885498,-2.865276554696385,776
-0.8365694090291628,9.041714640396115,-1.906199824582333,0.940211732491006,11.24323012303111,668,,,,GBPJPY,USDCNH,H8,-4.755851834769966,6.600972576065093e-05,-2.865882935271461,668
-0.8372722147892486,-0.2847311208093869,-0.946942487010631,0.9851423841090088,46.3052135519104,668,,,,NZDUSD,USDSGD,H8,-1.6582139278082186,0.4527602181404985,-2.8659357770630662,668
-0.8375694110064492,7.126652299150557,-0.3178545932151928,0.9823884694837836,39.00997776029564,665,,,,USDMXN,XAUJPY,H8,-1.294135027580809,0.6318512557692295,-2.8659694611921034,665
-0.8376453650109036,0.4615135557610178,-0.3275302158809391,0.9865319913157696,51.11883962040445,668,,,,EURGBP,USDDKK,H8,-1.7031698328552753,0.4294800281160929,-2.8658894709126246,668
-0.8381575932612474,16.096601675852632,-0.9381941712666492,0.952693727444904,14.302958608856468,440,,,,IT40,USDHUF,H8,-2.722380791738783,0.07024483849540013,-2.8681614049724002,440
-0.8383074517088533,0.6482795656384877,-0.9800703466543772,0.9878558376486866,56.72929459742012,668,,,,EURSGD,USDSGD,H8,-2.148589193876956,0.22543050294416772,-2.86596268312982,668
-0.8398808195465763,1.9312053368430528,-0.3127947160367141,0.9854434733538896,47.27020121533095,665,,,,CADCHF,XAUGBP,H8,-2.011733432460868,0.28145221371515317,-2.8660314117601575,665
-0.8402543082346291,9.630241568159004,-0.7526086531440949,0.9675811017176854,21.032483234521653,432,,,,NOR25,USDCZK,H8,-2.8834723152720514,0.04730397584768684,-2.8683325885102855,432
-0.8404263112484541,15.591702675676512,-1.7966492520565314,0.9883371093184796,59.08459972094935,431,,,,SA40,USDNOK,H8,-1.0065007100970227,0.7508859382803518,-2.868300808913956,431
-0.8409395332789487,1.36370591601613,-0.2180576981100596,0.9916521558703264,82.68601873561835,773,,,,USDCHF,XPTUSD,H8,-1.7438228087397274,0.4086867123121949,-2.8653706489231876,773
-0.8416748604795579,12.38105203835152,-0.6327306180629974,0.953875585699998,14.67847083425992,479,,,,IT40,Sugar_H6,H8,-3.3513168282785233,0.012734752492913047,-2.867605550172837,479
-0.8421514201047245,1.3523401881989363,-0.279482261129106,0.9680469075293264,21.344198411958278,491,,,,EURAUD,Sugar_H6,H8,-2.3671359302444697,0.1512276530806434,-2.867468682890213,491
-0.8421850988724425,2.073393070569396,-0.2490657504453103,0.974188476509944,26.506091370500965,668,,,,GBPCAD,USDHUF,H8,-3.348137682392754,0.012859138360254612,-2.86596268312982,668
-0.8429501140059268,0.904180097311688,-0.052253782242047,0.9557483612957816,15.314575132491758,492,,,,GBPCAD,OJ_F6,H8,-3.9751849928464065,0.001546171639778503,-2.8674931065091105,492
-0.843071249859519,10.617437319853057,-2.120743493874123,0.9645689286397212,19.21460046677597,659,,,,DE40,USDSGD,H8,-2.864927412993004,0.04958111702375498,-2.865976260062519,659
-0.8437589366405575,1.53361135329105,-0.661269554249104,0.9818247920379312,37.78932700030766,668,,,,EURNZD,USDPLN,H8,-2.2391066557671504,0.19235927443071882,-2.865882935271461,668
-0.8443117285980838,0.7686237802831013,-1.179713446416664,0.989233613790386,64.033473275673,668,,,,EURCAD,USDSGD,H8,-1.48704080332318,0.5399120505583029,-2.866010569916275,668
-0.8447948125933143,1.1001832792316053,-0.0966412395485062,0.9711222648875968,23.65455738655722,492,,,,EURAUD,OJ_F6,H8,-3.4647001151582932,0.008941322743656775,-2.867592847097137,492
-0.8448642007698305,11.697688428493011,-0.2899021998049014,0.9667688289014718,20.50981778703662,462,,,,HK50,OJ_F6,H8,-3.044398543145388,0.030951058120402032,-2.867843681679954,462
-0.8452248022446108,24.571336102476018,-2.4206344624430427,0.9817138657043244,37.55797616212583,492,,,,OJ_F6,XAUGBP,H8,-2.3552076804246735,0.154779685050217,-2.8674565460819896,492
-0.8455994795799137,9.710467217618769,-0.4957893935221109,0.9676718123221758,21.092482109446664,502,,,,DXY_Z5,MidDE50,H8,-2.9373310792127714,0.04117594492116421,-2.8674565460819896,502
-0.8456486336041723,9.232926835750025,-1.6419247476904242,0.9788447829863256,32.41702565996798,507,,,,ES35,USDCHF,H8,-2.5958611732529646,0.09385569953640199,-2.867396599893435,507
-0.845924440621689,11.578486640129087,-0.7278792231210899,0.9670377465140712,20.68000352504657,432,,,,NOR25,USDHUF,H8,-2.851685592289757,0.051261684424062814,-2.8683325885102855,432
-0.8461148246168527,-0.0389320016242904,-0.8912281799450839,0.9906390104109808,73.6992405340942,668,,,,AUDCHF,EURNZD,H8,-1.2293324706432254,0.6608520886392306,-2.8659291016222834,668
-0.8464066092310993,0.8885942259868588,-0.3534404558358097,0.9651929624989708,19.565375376642432,668,,,,EURGBP,USDMXN,H8,-3.3978474436228887,0.011032471345734495,-2.865882935271461,668
-0.847853823720628,12.002252376655282,-1.2969376281205682,0.9562019329008504,15.476816043869189,439,,,,MidDE50,USDPLN,H8,-2.6076732307731643,0.09142171461826532,-2.8681766097362087,439
-0.8478746521702114,2.175441252556768,-0.6414093929173496,0.9888827924272808,62.00181714455644,668,,,,GBPUSD,USDMXN,H8,-1.2060552025259383,0.6709855075121802,-2.8659224464259823,668
-0.8478987184469,28.70169667980462,-2.913749259614089,0.977985897032732,31.138646421509783,492,,,,OJ_F6,XAUCHF,H8,-2.540316886153304,0.1059703436721195,-2.8674565460819896,492
-0.8479229534878617,1.7281036053867582,-0.4704683813338968,0.960672565277582,17.276138032816714,665,,,,AUDUSD,DXY_Z5,H8,-3.1056544087809,0.02613755699177634,-2.865976260062519,665
-0.8482832514175959,1.8035483701351,-0.6064046541409195,0.9889602919438902,62.43951623380415,668,,,,EURNZD,USDDKK,H8,-1.5792816446750966,0.4939921008800072,-2.865882935271461,668
-0.8484175472134586,0.804499188716487,-0.1003876298916437,0.9704698847513008,23.124247518917,773,,,,GBPCHF,XPTUSD,H8,-3.351260640450974,0.012736941582970647,-2.8653304587462944,773
-0.8484700421126636,-0.2599647399811163,-0.9314560881890868,0.9836873605563043,42.143894344583,668,,,,CADCHF,GBPUSD,H8,-1.2232178808268321,0.6635290800686245,-2.8659091963995573,668
-0.8487897267250974,12.50550269930964,-1.8321275644379915,0.9788081295050952,32.36035340553376,629,,,,HK50,USDPLN,H8,-2.319705337668168,0.16569134334478902,-2.8661606613087542,629
-0.8490827522863985,15.36861721511316,-1.7876942668960891,0.9806027403451684,35.38657873228619,629,,,,HK50,USDMXN,H8,-2.424596774595487,0.1349141458694108,-2.8661606613087542,629
-0.8493182627271894,3.813417649831508,-0.2365911966726786,0.9820369649869326,38.23979962233011,665,,,,USDMXN,XAGUSD,H8,-1.318025230103291,0.6208859350064396,-2.8659694611921034,665
-0.8496907808322189,2.2902799183589195,-0.3802082159613777,0.9759317369665346,28.451238286834247,773,,,,NZDCHF,XAUCHF,H8,-2.8075393387467207,0.05720487136959922,-2.8653859408474482,773
-0.8497238764404752,13.99630660153678,-1.9688098755547687,0.9838838128386732,42.66186561442788,431,,,,SA40,USDPLN,H8,-1.3405027681871249,0.6104446780386281,-2.868300808913956,431
-0.850340425578031,1.1353666744330977,-0.0572536360994051,0.9417368527753324,11.5467964403452,492,,,,GBPNZD,OJ_F6,H8,-3.8713740947394712,0.0022559151597881825,-2.867444458865948,492
-0.850625250484374,2.172070977530341,-0.0546489252509547,0.9668212613813444,20.5427834346337,665,,,,USDCNH,XAGUSD,H8,-2.6436591374038114,0.08430528575876334,-2.865989920612213,665
-0.8506326515506196,13.38912226043384,-1.0788260511607757,0.945530620005268,12.375637863498076,500,,,,Cocoa_H6,XAGAUD,H8,-4.479266414418259,0.00021431681342087448,-2.867349510566146,500
-0.8508922034026042,11.486087531569424,-3.2237001102632536,0.9684908966959614,21.64989213587752,668,,,,EURJPY,USDCNH,H8,-2.4068894832313985,0.13980133741688067,-2.8659559257802867,668
-0.8509927454594735,0.7776523894644722,-1.3426086119107263,0.9806545558832054,35.48229378390943,776,,,,EURNZD,GBPCHF,H8,-2.7448619831771257,0.06659166671773611,-2.8653156040031176,776
-0.8530187496654604,5.7208686751064,-1.8137697441360865,0.9815648655476328,37.25159899235184,769,,,,DXY_Z5,GBPCAD,H8,-2.3923904296068104,0.1438956824593684,-2.8653205426302253,769
-0.853581411337697,8.813629712667465,-0.6183361442788365,0.9864832565136328,50.93327469696298,668,,,,CHFJPY,USDHUF,H8,-2.2094981029435172,0.20281627187914342,-2.865896026254794,668
-0.8537879160656865,0.5621734486900312,-0.1524234162220273,0.9812040508749266,36.52980733383157,665,,,,CADCHF,XPTUSD,H8,-1.9613589022883025,0.30376852022944467,-2.8659291016222834,665
-0.8542576526002381,1.2321232485766185,-0.1027875307669403,0.9742241316871731,26.54324025965797,492,,,,EURNZD,OJ_F6,H8,-3.053647714026279,0.030179115144517616,-2.867592847097137,492
-0.8542928111456819,-0.3733218051951416,-0.9080930638137796,0.96052825809398,17.21169292174182,668,,,,AUDCHF,GBPUSD,H8,-3.417580103094866,0.010373968495933973,-2.8659158113822065,668
-0.8548249252802428,13.397686033042364,-1.6467646393248931,0.9826555943495556,39.61614785605517,439,,,,ES35,USDNOK,H8,-1.3861368316826563,0.5889039556291117,-2.8682850303746843,439
-0.8550630767776204,4.812355964217513,-0.2431407315452441,0.9905129334410314,72.7152050513686,665,,,,USDCZK,XPTUSD,H8,-1.842596602517501,0.3595279829008491,-2.8659026013871864,665
-0.8550678173239284,1.8664487309515316,-0.558120274262405,0.96201188987945,17.897613851736875,668,,,,EURAUD,USDNOK,H8,-3.975630891516476,0.001543630401303678,-2.8659291016222834,668
-0.8552376859204509,12.592473939018678,-0.9895169253229164,0.9455849140508942,12.388338319842466,500,,,,Cocoa_H6,XAGUSD,H8,-4.315449054571397,0.0004176301059362606,-2.867349510566146,500
-0.855319445186119,10.139533864109085,-0.4993782375318447,0.9862299800494204,49.990038446090296,665,,,,USDHUF,XAUAUD,H8,-2.0962076173706943,0.24604226954894998,-2.8659026013871864,665
-0.8555150663538779,6.119899679610116,-0.4614591785919325,0.9691700474386888,22.13453187839608,491,,,,Sugar_H6,XPTUSD,H8,-3.631069391724566,0.005194085608655098,-2.867592847097137,491
-0.8558514364070683,20.865874149520717,-5.616628327896626,0.971625456157775,24.080250935230197,492,,,,OJ_F6,SEKJPY,H8,-2.66008302061568,0.08120398739426826,-2.867444458865948,492
-0.8559310038648229,1.004882224071726,-0.2177940248600863,0.9676441448822504,21.074146332653378,491,,,,EURSGD,Sugar_H6,H8,-2.810034427280807,0.056854655729959624,-2.867605550172837,491
-0.8560575497954794,-0.5073218244208313,-0.3597432319318656,0.9474498486288544,12.84051179057004,668,,,,AUDUSD,USDCHF,H8,-3.6806644387614362,0.004393494148733546,-2.8659559257802867,668
-0.8562847409434207,2.592295183402253,-0.6537111151751634,0.9670737635000984,20.703008112711355,668,,,,EURNZD,USDMXN,H8,-2.717523601049151,0.07105469816929484,-2.8659158113822065,668
-0.8569691533155569,11.427395302292508,-1.3686978771290836,0.9618504103720196,17.82037072671319,215,,,,CA60,USDMXN,H8,-1.983310873078292,0.2939382985517427,-2.875142613826617,215
-0.8576881484687021,11.92191711562481,-1.794158988921614,0.977943798457269,31.07854577911641,439,,,,ES35,USDPLN,H8,-1.8896685803243127,0.33693683632094845,-2.8682850303746843,439
-0.8579686272335721,3.026733948770685,-0.2704459951805111,0.98057005933506,35.3264720179824,665,,,,CADCHF,XAUJPY,H8,-1.8776312601643006,0.3426561219337818,-2.8659424728408456,665
-0.85809200781145,6.6161173899007375,-0.4523912365538325,0.9534100891975732,14.528294784640824,668,,,,GBPJPY,USDMXN,H8,-4.400120179564586,0.00029668728823632984,-2.865882935271461,668
-0.859706076228572,1.2293516065956396,-0.3909013689789015,0.9717166151584836,24.158990794553574,491,,,,EURUSD,Sugar_H6,H8,-2.3438762428851114,0.1582070804835209,-2.867605550172837,491
-0.8597358059809691,1.373693301183427,-0.2608477982468338,0.9781153744517346,31.32493970929613,668,,,,EURGBP,USDHUF,H8,-2.65882408620853,0.08143851072572311,-2.865882935271461,668
-0.8598003293169674,3.8602164641848153,-0.7188256635088407,0.8917211880062549,6.0483115770532105,107,,,,EURHKD,USDNOK,H8,-1.9607834891619427,0.30402832986308775,-2.8900369024285117,107
-0.860119525062341,1.087590190531095,-0.3593956313348122,0.9659922085073664,20.03343891147632,668,,,,GBPCAD,USDPLN,H8,-2.7709217296364956,0.06254893872532286,-2.865896026254794,668
-0.8604640901681171,8.336546746469262,-0.548039257559699,0.9849631213178898,45.749031460436,668,,,,EURJPY,USDHUF,H8,-2.3340751191890097,0.16121341189295046,-2.865882935271461,668
-0.8616533626430406,6.883378807569544,-0.5711446973509571,0.9869156214874192,52.62783598535461,668,,,,EURJPY,USDCZK,H8,-2.019935325987134,0.2779011337918116,-2.865882935271461,668
-0.8621380718743404,0.4764156198217997,-0.9916269716976012,0.9764132465304431,29.039185732140123,776,,,,EURSGD,GBPCHF,H8,-2.583908932510525,0.09636877776420405,-2.865305765357574,776
-0.8632059924955582,0.5398408888228817,-0.6215918916868253,0.9878040792708148,56.48706378444469,776,,,,EURNZD,USDCHF,H8,-2.09522489076541,0.2464390271012477,-2.865276554696385,776
-0.8632758300522004,7.19391442523782,-0.6508245242962903,0.9884743465899416,59.79226957773093,668,,,,CHFJPY,USDCZK,H8,-1.784242939679835,0.3883122195983327,-2.865896026254794,668
-0.8642824521406336,0.3236384222758979,-0.4045420196518914,0.9542810112164928,14.811758215424522,668,,,,AUDUSD,USDDKK,H8,-3.464875947395376,0.00893632657441011,-2.8659559257802867,668
-0.8644779796487919,5.243478639356971,-1.3414491591893345,0.9567957859961342,15.694384042672713,776,,,,EURJPY,GBPCHF,H8,-3.8002173830499326,0.002905091663309416,-2.8652813916285518,776
-0.865038604932569,6.63009795182721,-0.7437413217955798,0.98589994752466,48.81179771928776,769,,,,DXY_Z5,SEKJPY,H8,-1.8549672494560712,0.3535332162002924,-2.8653404270188476,769
-0.8652226275014778,11.119575650873882,-0.2819030552829991,0.9763979592625835,29.02015049699345,484,,,,ES35,OJ_F6,H8,-2.531743437505475,0.1079405762140142,-2.8676311169658177,484
-0.865426605440363,7.68596563034329,-0.2561032354625358,0.987609933982765,55.59649054888974,665,,,,USDHUF,XPTUSD,H8,-2.1847807007842164,0.2118154806432389,-2.8659026013871864,665
-0.8658575798272593,9.623697046508235,-0.8659845877874665,0.9670954469747444,20.71688195614997,491,,,,Sugar_H6,XAUGBP,H8,-2.877625605782439,0.04801238584447444,-2.8674565460819896,491
-0.8669408347631834,1.3935955081110478,-0.3342883899899127,0.962729616719148,18.24903374133329,668,,,,GBPCAD,USDNOK,H8,-4.080418505189649,0.001043278230360679,-2.86596268312982,668
-0.8674565296514767,14.543650503406717,-1.3360793558902098,0.9542647256725344,14.80635864623239,440,,,,IT40,USDMXN,H8,-2.9746942838999075,0.037326172621107094,-2.8681614049724002,440
-0.868158095707047,2.872123612446436,-0.3551842285838794,0.9499525652646658,13.500265214028346,439,,,,CADCHF,ES35,H8,-3.5916824180854814,0.005922047569294858,-2.8683485906158963,439
-0.868372311222096,0.8177303203685719,-2.091032015754873,0.9874302115943602,54.79659779484948,668,,,,EURUSD,USDCAD,H8,-1.6051956243970023,0.48098305906564365,-2.865896026254794,668
-0.8684817927812795,2.2990604437525706,-0.3782148493848732,0.9772328845346976,30.0971993685182,773,,,,NZDCHF,XAUEUR,H8,-2.8638398509252028,0.04971741299372014,-2.8653859408474482,773
-0.8688977241639203,0.6898211469996488,-0.2743629499044602,0.98060831026101,35.396843093877905,668,,,,EURGBP,USDCZK,H8,-2.188166272734048,0.21056841759168565,-2.8658894709126246,668
-0.8704657440427321,19.773533549740733,-4.923169221536544,0.9426748059606388,11.74150964263823,659,,,,DE40,USDCNH,H8,-2.8206446777048106,0.05538479723420875,-2.866010569916275,659
-0.8706323983905592,0.0084115257302445,-0.7604975383750057,0.9948213670827072,133.50064796869054,776,,,,EURAUD,NZDCHF,H8,-0.7126356490493005,0.843449415995683,-2.8653008652386576,776
-0.8709213085069337,11.073511883078394,-1.6860538081740213,0.9857966385256172,48.45422934684465,497,,,,SA40,USDCHF,H8,-1.4536388484069944,0.5563083279328324,-2.867396599893435,497
-0.8730714341660972,3.7165625739138983,-0.8271520392260641,0.9636716056654656,18.73132797904793,668,,,,CADCHF,EURJPY,H8,-2.671543787460683,0.07909319971641882,-2.8659091963995573,668
-0.8734970139602283,17.26347938460406,-4.137411437111443,0.9573106992244534,15.88792999477715,653,,,,UK100,USDCNH,H8,-2.6841400727193347,0.07682316803252573,-2.8660736839408383,653
-0.87461045813841,19.217735632045944,-5.995740976076349,0.8819552325967615,5.518073508074282,215,,,,CA60,USDCNH,H8,-2.27472239826435,0.1802501306975834,-2.8753374677799957,215
-0.874767628300232,13.688388768509974,-0.8102970316274751,0.9628555391335968,18.31208918957099,473,,,,SA40,Sugar_H6,H8,-2.754819468630876,0.06502291104322117,-2.867695986993458,473
-0.8749898860264087,6.054366246542424,-0.2266194400997968,0.8508418604126011,4.291162573381447,229,,,,Cotton_H6,GCZ25,H8,-4.3656122515642615,0.00034130775556373636,-2.8743015807562924,229
-0.8756243096132719,0.4727793729136658,-1.538188054222679,0.9636299955341616,18.709496427311542,776,,,,EURAUD,NOKSEK,H8,-2.382188474138862,0.1468268134973887,-2.8653404270188476,776
-0.8763331106038609,-0.6384079225683053,-1.047280130968112,0.9792968831361668,33.13254781047675,776,,,,EURUSD,NZDCHF,H8,-2.3974144161268627,0.14246750088127652,-2.8652862410999114,776
-0.8766589860045957,1.0009823738115768,-0.0978027545553135,0.9728867553053228,25.21673098557715,492,,,,EURCAD,OJ_F6,H8,-3.045930581273087,0.03082204379767982,-2.8674931065091105,492
-0.8768934848796411,3.137409588282816,-0.4389840140406455,0.9705723135799392,23.205954433064026,668,,,,EURAUD,USDHUF,H8,-2.811855247948122,0.05660018329847586,-2.8659158113822065,668
-0.8773318820483992,13.709395845250224,-1.3485107149208684,0.976529303358141,29.18450477390176,439,,,,ES35,USDCZK,H8,-2.42714149184632,0.13422198433490767,-2.8683325885102855,439
-0.8779222072824714,10.958770457400492,-2.5286161698850145,0.9397499591568882,11.154346931213766,439,,,,MidDE50,USDSGD,H8,-3.0729863497737764,0.02861798965147857,-2.868316661451884,439
-0.8781670186082273,0.532124070105569,-0.4158545142700516,0.9602224594226192,17.076673577503946,668,,,,AUDUSD,USDNOK,H8,-3.6719096239843902,0.004526075388832611,-2.865882935271461,668
-0.8782852454311584,0.1562429080718327,-0.45069427178936,0.953350553806598,14.509303917888902,668,,,,AUDUSD,USDPLN,H8,-4.1684070567172515,0.0007449059985111643,-2.8659357770630662,668
-0.8783182912760232,7.972769674914378,-2.166750025313247,0.9520728673346076,14.113110978709752,507,,,,ES35,NZDCHF,H8,-4.038064808059851,0.0012237976919431484,-2.867396599893435,507
-0.8790924504703773,9.207616258217332,-3.3158784093436173,0.9511460795066232,13.83869212747451,668,,,,NOKJPY,USDCNH,H8,-3.177814675236613,0.021305305907298157,-2.8659357770630662,668
-0.8792486405075111,4.296275727444907,-0.8372626946737333,0.9841300574414092,43.32923138960734,668,,,,SEKJPY,USDDKK,H8,-1.6412653689599057,0.46159967740202495,-2.8659224464259823,668
-0.8795355739285977,13.055000315537711,-0.7790151301329046,0.9624544317526372,18.11270725867684,491,,,,Sugar_H6,XAUJPY,H8,-3.1162472227329325,0.025373952973964657,-2.8674565460819896,491
-0.8798149262495804,1.9571651494523583,-0.5306084516444394,0.973918161527708,26.22775577524216,668,,,,EURSGD,USDMXN,H8,-2.541148708700746,0.10578063241010321,-2.8660036655537744,668
-0.8798620741707728,4.545013811748202,-0.7974730417858785,0.9601513705836,17.045582533726513,776,,,,EURJPY,NZDCHF,H8,-4.164311447247736,0.0007567977550645955,-2.865276554696385,776
-0.8818161971665536,17.997511132324632,-1.3491450122585145,0.974848742677036,27.21110136462045,629,,,,HK50,USDHUF,H8,-2.851496602631763,0.05128600400454787,-2.866153285929353,629
-0.8824705570251384,0.5479946278498312,-0.1788938164194404,0.9728783950290264,25.20885007199689,773,,,,NZDCHF,XPTUSD,H8,-2.925170756757888,0.042498301769592836,-2.8653859408474482,773
-0.8825231554276162,0.2915105188300249,-0.158147799234041,0.9464627193594956,12.597248428148934,491,,,,EURGBP,Sugar_H6,H8,-3.3286434593617846,0.01364566307057411,-2.867468682890213,491
-0.8826403517747846,0.1132228700020941,-0.2310740449713335,0.9695423321989336,22.409363229231182,773,,,,NZDCHF,XAGUSD,H8,-3.4596773030124788,0.009085104666604256,-2.8653655786032237,773
-0.8833433459978773,-0.2184802659531469,-0.3256953997126494,0.9824464040506288,39.13987843788338,776,,,,EURGBP,USDCHF,H8,-2.362283006879011,0.15266586567498952,-2.8652813916285518,776
-0.8835916940883992,4.941387092919447,-0.7711334675410608,0.9727756103030556,25.112354369644414,668,,,,NOKJPY,USDMXN,H8,-2.7916804799186417,0.059472014416993575,-2.8658894709126246,668
-0.8841450395572856,0.3055748772486631,-0.2535161122727437,0.9754097565045275,27.83988242222249,773,,,,NZDCHF,XAGAUD,H8,-3.176850340846002,0.021364388923622097,-2.8653859408474482,773
-0.8853542097595675,1.4466258556433331,-0.3215555269000607,0.9482485998769434,13.044143190509647,668,,,,AUDUSD,USDHUF,H8,-3.837756771701723,0.0025437960390519935,-2.8659559257802867,668
-0.8854390861036012,3.938657548343367,-0.924372960830834,0.9789953241012834,32.65186105050283,668,,,,SEKJPY,USDPLN,H8,-1.9645969539083983,0.3023084963208429,-2.8659224464259823,668
-0.8861118052330221,10.405559364969022,-3.894670385508457,0.9585175565640464,16.360389857933047,668,,,,SEKJPY,USDCNH,H8,-2.2439261351047874,0.19069063176674605,-2.8659424728408456,668
-0.8867266914176303,1.2633573926567925,-0.2853943887409312,0.9587825582266236,16.46783659593427,491,,,,EURCAD,Sugar_H6,H8,-2.7755996892339185,0.06184459441301897,-2.867468682890213,491
-0.8867529133154638,2.561491325352915,-0.8116671401937166,0.9773803890843736,30.295743386440684,776,,,,SEKJPY,USDCHF,H8,-2.307662875454374,0.16950845120227687,-2.8653106782623574,776
-0.8867790618654604,11.898342957856704,-0.8301867734566275,0.9623684452218604,18.07051836187988,483,,,,ES35,Sugar_H6,H8,-3.033923656679637,0.03184552473251783,-2.8675550551408353,483
-0.8868009780402463,4.542847442416874,-0.8914894718391299,0.9754207686034292,27.85251194269484,776,,,,CHFJPY,NZDCHF,H8,-3.3713515200011317,0.011975138762489268,-2.865276554696385,776
-0.8874553575104347,2.2867835966875383,-0.0439908117654477,0.954448306831084,14.86744957707472,665,,,,USDCNH,XPTUSD,H8,-3.204795449923312,0.01970877237095243,-2.8660036655537744,665
-0.8880153143190505,-0.1755073967807854,-0.9907067076951122,0.9712967445047656,23.80047467838901,668,,,,AUDCHF,EURCAD,H8,-3.209892150471217,0.0194191757689607,-2.8659291016222834,668
-0.8882089410322613,0.5959032770109636,-0.3357288831669963,0.9455666986796688,12.384074559076788,668,,,,AUDUSD,USDCZK,H8,-3.803773394404774,0.002868943323714045,-2.8659559257802867,668
-0.8883844128733714,9.675526462099173,-0.7995815425028864,0.9623638267615384,18.068257790045223,491,,,,Sugar_H6,XAUAUD,H8,-3.0535914794000028,0.03018375850462035,-2.8674565460819896,491
-0.8889978419529945,2.2424304867011284,-0.5132015536280642,0.9817738755628218,37.68278464774708,668,,,,EURNZD,USDCZK,H8,-2.198873078312196,0.20665471864366597,-2.865882935271461,668
-0.8912119155671083,16.080589988003645,-1.5194957058756138,0.9851469038639024,46.31941008611649,431,,,,SA40,USDCZK,H8,-1.282994026717455,0.6369162118398777,-2.868300808913956,431
-0.8924801476984278,25.27263590102076,-2.300417222414969,0.974919591076258,27.288956023420663,492,,,,OJ_F6,XAUAUD,H8,-2.7566948898331574,0.06473079064018947,-2.8674565460819896,492
-0.8930502113373348,3.338223292176996,-0.7438933518583215,0.9735992866496987,25.906746564171897,668,,,,CADCHF,CHFJPY,H8,-2.53407076321216,0.10740304933964062,-2.8659091963995573,668
-0.895832045590376,0.4796727135401984,-0.4628129291997062,0.9740427963631578,26.35536849225031,776,,,,GBPNZD,NZDCHF,H8,-2.933777003374962,0.04155882732100326,-2.865305765357574,776
-0.8963199833221752,2.180400646802938,-0.3157048184163123,0.9808036917119995,35.76066526260958,665,,,,CADCHF,XAUAUD,H8,-2.1233193909025125,0.23524172032431978,-2.8660314117601575,665
-0.8973651050471106,0.7858232874557736,-1.52312715509781,0.9801051430266806,34.4927865793345,668,,,,GBPUSD,USDCAD,H8,-3.1192674736842876,0.0251597797169118,-2.86596268312982,668
-0.8977642509157465,1.4019735866633938,-0.6349970373998234,0.9573816444372942,15.914963452219297,668,,,,EURAUD,USDPLN,H8,-3.8149088975016716,0.002758408299942543,-2.865882935271461,668
-0.8983384206171758,0.4443018422516874,-0.6131816582769061,0.976299384868911,28.897998341203994,776,,,,EURAUD,USDCHF,H8,-2.8181426775958816,0.05572858438491094,-2.8653304587462944,776
-0.8995268540839336,4.741659308128824,-0.866603669951793,0.9827479294962932,39.83004396187459,668,,,,SEKJPY,USDNOK,H8,-1.5644231968012259,0.5014360394124522,-2.8659224464259823,668
-0.899884047934781,3.262380382811392,-0.3319814998498914,0.956868773226321,15.721537485038258,431,,,,CADCHF,SA40,H8,-2.550600885575456,0.10364279863868209,-2.868300808913956,431
-0.9000221101048359,0.0899460751951412,-1.0848402776541253,0.9809313010420552,36.00231293535626,668,,,,CADCHF,EURAUD,H8,-2.064880206439904,0.2588688315902682,-2.8659026013871864,668
-0.9001266642926282,2.0088881149202606,-0.4689646766338583,0.9664096358604644,20.28675105387292,668,,,,EURAUD,USDCZK,H8,-2.93028406620533,0.04193801304124678,-2.8659559257802867,668
-0.901833049069565,3.455385748824747,-0.9671071478563356,0.9454569451720044,12.358444279296826,107,,,,EURHKD,USDPLN,H8,-0.7999082443174687,0.8191490186876358,-2.889758398668639,107
-0.9018643255545682,-0.2075631215885471,-0.8739091107598601,0.9522867128123496,14.17794331082385,668,,,,AUDUSD,USDSGD,H8,-3.180451491809428,0.021144476401819986,-2.8659559257802867,668
-0.9034141439113584,3.849378934908983,-0.3999234866145942,0.93957150489228,11.120361448363887,491,,,,SEKJPY,Sugar_H6,H8,-3.9362903300654484,0.0017834230693513984,-2.8674565460819896,491
-0.9037063758403108,1.5451450036018946,-0.3129449993076973,0.950022476525024,13.519643319026263,491,,,,EURNZD,Sugar_H6,H8,-3.2176040749569834,0.01898803367443111,-2.867468682890213,491
-0.9037889085942488,2.3818735447657127,-0.651432811852285,0.9595390041616764,16.78228447492501,668,,,,EURCAD,USDMXN,H8,-2.864884022791319,0.049586548896733786,-2.8660036655537744,668
-0.9054941359808916,3.605923070717026,-0.5022711747105258,0.9725877528597394,24.93786103489455,668,,,,EURNZD,USDHUF,H8,-2.769362942776063,0.0627850698607054,-2.865896026254794,668
-0.907547705639056,-0.8024106937415217,-1.8049359161099805,0.9691441255198184,22.115642511026227,668,,,,CADCHF,EURGBP,H8,-2.984618178303198,0.03635605238969514,-2.8658894709126246,668
-0.9079794716973874,1.600582398899945,-0.5187632370714428,0.9792006478816512,32.97763403682742,668,,,,EURSGD,USDNOK,H8,-3.101759856724903,0.026423225038693342,-2.8660036655537744,668
-0.90817101099053,3.434005627563247,-1.9620394172326048,0.9368274084602046,10.621934447522513,668,,,,AUDUSD,USDCNH,H8,-4.637432857968582,0.00011013246328981462,-2.865882935271461,668
-0.9087485878441632,1.93226650198808,-0.3390569490148237,0.9720833056018092,24.480919035933525,773,,,,NZDCHF,XAUGBP,H8,-3.0625360476931363,0.02945280645135855,-2.865355478124818,773
-0.908889742696487,3.2096732374060224,-0.4995739841563557,0.9954944311859012,153.4954902927833,668,,,,GBPUSD,USDHUF,H8,-0.6017827366457491,0.8705786923879959,-2.8658894709126246,668
-0.9096063226119568,16.64607076234454,-4.729789554939013,0.8911209723307421,6.012983244637888,432,,,,NOR25,USDCNH,H8,-3.1859146343609606,0.02081460982306459,-2.8683646683004276,432
-0.9103008943256872,26.406872540382995,-8.268111762041062,0.94974771818244,13.443795779593309,629,,,,HK50,USDCNH,H8,-4.116320239079284,0.0009100827449153107,-2.866153285929353,629
-0.9113232464406446,5.273889280747641,-3.8807452397301794,0.9321608175124884,9.86687386441221,236,,,,GCZ25,NZDCHF,H8,-2.8535319865693713,0.051024584053629446,-2.873918902362675,236
-0.9116355779695254,15.037972007740684,-1.856130052187856,0.9669035068811902,20.59470369420224,439,,,,ES35,USDMXN,H8,-2.5223047620764447,0.11014122151459632,-2.8681766097362087,439
-0.9116983902231338,10.511408796227771,-1.0831237846734632,0.9359203382334697,10.466562050174456,432,,,,NOR25,USDMXN,H8,-3.7181192132480483,0.0038653905439525564,-2.868269325317112,432
-0.9117310449141212,-0.1388261251312743,-1.193482076943292,0.9702149620024534,22.923336592657886,668,,,,NZDUSD,USDCAD,H8,-2.8507157937281082,0.05138658047732571,-2.865882935271461,668
-0.9118114599239162,3.497870026984212,-0.3704817594111506,0.9383800600466496,10.898501032942155,497,,,,NZDCHF,SA40,H8,-4.3290547691480405,0.0003954710493238967,-2.8674565460819896,497
-0.9118388200112229,17.44846142600918,-1.346438981906006,0.9680586133075324,21.35214896322587,439,,,,ES35,USDHUF,H8,-2.6213949280134354,0.08865549958999558,-2.8682850303746843,439
-0.9128761590105684,5.330630942240592,-1.5711613604768593,0.9609224638871616,17.38886410871439,776,,,,CHFJPY,GBPCHF,H8,-3.7386433981623455,0.0036012914172959772,-2.8652813916285518,776
-0.9138058809045768,0.540372631521877,-0.1326145622089843,0.906535370587705,7.0639037037425165,236,,,,CADCHF,GCZ25,H8,-3.2724395373598685,0.016156283122136246,-2.873918902362675,236
-0.914270263626228,20.16980186739772,-1.4960504012054436,0.973732847434924,26.04025279688332,431,,,,SA40,USDHUF,H8,-2.0039807227845725,0.2848304232544605,-2.868300808913956,431
-0.9153080087226036,22.71226431274426,-6.1387216983215,0.8750359839504873,5.192492201751479,440,,,,IT40,USDCNH,H8,-5.430721478554598,2.9186507829787733e-06,-2.868146269723016,440
-0.9158164750643596,29.21352772218381,-9.026902017082085,0.923813964083954,8.746936511781245,431,,,,SA40,USDCNH,H8,-2.71853794532294,0.07088496242453596,-2.868446209372638,431
-0.917702272923736,7.892211051716199,-0.9149482777346152,0.9626496229974612,18.209197822296492,668,,,,CHFJPY,USDMXN,H8,-2.9656674511806846,0.03822741218081355,-2.865896026254794,668
-0.9180099253303436,1.920556701732195,-0.6268452268319475,0.9728355164663176,25.16850632351853,668,,,,EURCAD,USDNOK,H8,-2.737525000196035,0.06776683735091282,-2.865896026254794,668
-0.919617437640921,7.505637198412709,-0.8061227324137656,0.9665731668465296,20.387712976340243,668,,,,EURJPY,USDMXN,H8,-2.7276723217703704,0.06937093331040484,-2.865896026254794,668
-0.919806045296248,25.65685392313676,-8.158899160241212,0.9145378564683035,7.758842474990216,439,,,,ES35,USDCNH,H8,-3.3502792996612643,0.01277522865431397,-2.8682850303746843,439
-0.9200751639344602,4.898972131452645,-0.7075203985861042,0.975145451888798,27.540115170261743,668,,,,SEKJPY,USDCZK,H8,-2.2353504531281674,0.19366628982680278,-2.8659224464259823,668
-0.9214441707197176,3.263252469913112,-0.304052153530026,0.962463596820686,18.11721545484496,773,,,,NZDCHF,XAUJPY,H8,-4.099337589877609,0.0009709691669857133,-2.8653304587462944,773
-0.9221812137432812,5.206409551046651,-1.0647259777383318,0.9666408321331088,20.42977815040996,769,,,,DXY_Z5,EURAUD,H8,-2.9841676499331258,0.036399629573148164,-2.8653655786032237,769
-0.9224093123448694,-0.0613923494590012,-0.6196926085136354,0.9676410458973956,21.072094524684672,776,,,,EURSGD,NZDCHF,H8,-2.7373149511529746,0.06780072338679351,-2.8653106782623574,776
-0.9251818367395632,5.498707921181494,-0.94085601264263,0.9675137089210194,20.988124418382487,668,,,,SEKJPY,USDMXN,H8,-2.566045227950979,0.10022003829318255,-2.865896026254794,668
-0.9266236982804004,4.3716698601985415,-0.1991606921204497,0.9619634201297442,17.87435964960592,665,,,,USDMXN,XPTUSD,H8,-1.9889578388451181,0.29143559086830906,-2.866010569916275,665
-0.9266855318062444,1.4250375115039473,-0.7911215874030396,0.9283377335075208,9.32154661110726,776,,,,NZDCHF,SEKJPY,H8,-4.436405223824264,0.0002557615122443946,-2.865295977855759,776
-0.9268466947445312,1.9145568707056888,-0.5301895461187277,0.9920142691910464,86.45117839387694,668,,,,GBPUSD,USDCZK,H8,-1.218217945006278,0.6657101274112639,-2.8658894709126246,668
-0.926906097518029,1.9431679237500863,-0.311966157718671,0.9748519500046026,27.21461638819996,773,,,,NZDCHF,XAUAUD,H8,-2.912598742800499,0.04390242820243742,-2.8653859408474482,773
-0.9270662843560772,4.50397722945086,-0.4585211233182177,0.8173107166326585,3.4359131676392014,107,,,,EURHKD,USDJPY,H8,-3.7020192438209403,0.004084841150237554,-2.8900369024285117,107
-0.9272440266245188,3.064959719241573,-0.9951428788422456,0.9720730745494413,24.47182225629261,668,,,,EURUSD,USDMXN,H8,-2.2759607277601406,0.17983835501437123,-2.8659091963995573,668
-0.9276430342791844,-0.5421106458993901,-0.6950511444050513,0.94081689848414,11.361813113962604,668,,,,AUDCHF,EURUSD,H8,-4.528234509404236,0.00017478676408031957,-2.8659357770630662,668
-0.9285306839229968,1.5396147135028713,-0.7582802241368989,0.928766601828473,9.37980709513058,668,,,,CADCHF,SEKJPY,H8,-3.5589696706463863,0.006595663033319038,-2.8659091963995573,668
-0.9290420176917924,0.9336604867459976,-0.4643969193350601,0.9233398059621744,8.690633439448137,668,,,,AUDUSD,USDMXN,H8,-5.464785055988181,2.4727372968037727e-06,-2.8659357770630662,668
-0.930386794085112,1.6951536831862524,-0.6002531118810626,0.9546471430959677,14.934174824871713,668,,,,EURAUD,USDDKK,H8,-3.4555311828942674,0.009205347979438052,-2.8659559257802867,668
-0.9317783674976324,0.3373055707665329,-0.6201651982032863,0.9856093725618224,47.81916029993344,776,,,,EURCAD,USDCHF,H8,-2.3485291909566,0.15679344659102906,-2.865291103159288,776
-0.9334432024530576,5.110670637055152,-1.1026962127917477,0.9867592253588902,52.002099728717525,769,,,,DXY_Z5,EURCAD,H8,-1.8668060249584821,0.34783404367705173,-2.8653205426302253,769
-0.9345813880754148,-0.1226740719090239,-0.7960231584012317,0.9683662165868968,21.56318143435375,776,,,,EURCAD,NZDCHF,H8,-3.1747509189179626,0.021493508590739813,-2.865291103159288,776
-0.935401577863953,17.648893574583575,-2.115597023157765,0.945508856738736,12.37055410670151,431,,,,SA40,USDMXN,H8,-2.709348646324887,0.07243446888490263,-2.868300808913956,431
-0.935504227017938,6.771602826794005,-0.6912366692786142,0.9662283170801276,20.175950146483768,668,,,,SEKJPY,USDHUF,H8,-3.170221817443026,0.021774366979134,-2.8659224464259823,668
-0.9356895565910224,-0.4767411018082194,-0.4414969134030624,0.9511265351362002,13.8330171332162,776,,,,EURGBP,NZDCHF,H8,-3.626530473750028,0.00527361507197562,-2.8653354363373253,776
-0.9400237731430722,-0.140467750390776,-1.25338146962491,0.939334557459016,11.075545200327651,668,,,,AUDCHF,EURSGD,H8,-4.538212454406349,0.000167632464376767,-2.865882935271461,668
-0.9405750814556106,0.1666418158069761,-0.5979771143843231,0.981237071841223,36.5947101243296,776,,,,GBPUSD,USDCHF,H8,-2.5912530936469156,0.09481858462584913,-2.865276554696385,776
-0.9426225152181084,1.1600670381335128,-0.5835970986129428,0.9748925380213614,27.25917581567852,668,,,,EURSGD,USDPLN,H8,-2.929603015384214,0.0420122815184579,-2.865983079837035,668
-0.9462903578990204,0.1585672219161538,-1.029405032188853,0.9641789398982492,19.001589268312884,668,,,,CADCHF,EURNZD,H8,-2.9252447751221315,0.04249014697928068,-2.8659357770630662,668
-0.9503903470987236,-0.0876116981593673,-0.7677446092794588,0.963087635595828,18.429438240268748,776,,,,EURGBP,GBPCHF,H8,-2.829698942291801,0.05415511403102173,-2.8653008652386576,776
-0.9504270459575838,1.6662630528160207,-0.6414685634829681,0.9831084909990138,40.68768562903716,668,,,,EURCAD,USDDKK,H8,-1.7455702640206732,0.4077993155090072,-2.865896026254794,668
-0.9509637912929244,1.871929856271766,-0.6815190014853735,0.9786429478100284,32.10736913783158,668,,,,GBPUSD,USDNOK,H8,-2.5516209799368865,0.10341404143958105,-2.865882935271461,668
-0.951459944553764,-0.4303789143606394,-0.736255667437919,0.9632782905138152,18.526943859259436,668,,,,CADCHF,EURUSD,H8,-2.3206622438212,0.16539055263332814,-2.8659091963995573,668
-0.9517574032960756,0.6483183041940335,-1.980107387145489,0.9884191991436976,59.505883695592246,668,,,,EURUSD,USDSGD,H8,-2.1346938878873836,0.2307947190007703,-2.86596268312982,668
-0.9519546911032708,2.835456877975285,-0.4171421393296419,0.9770707853461436,29.88195666140241,668,,,,EURSGD,USDHUF,H8,-2.9157525305476817,0.04354661853401937,-2.86596268312982,668
-0.9529799340672446,1.388207176067798,-0.7051456904958985,0.9635734895327082,18.67992931807844,668,,,,EURCAD,USDPLN,H8,-2.2171451577384698,0.20008170433110845,-2.8660036655537744,668
-0.953049037950739,1.2579392946332768,-0.7401357609323568,0.9810210525745856,36.17421753613384,668,,,,GBPUSD,USDPLN,H8,-1.7060646859054187,0.42799050835434305,-2.865896026254794,668
-0.9557115115682876,5.164906573188498,-1.4322274988712462,0.986722512940392,51.85735071152392,769,,,,DXY_Z5,EURSGD,H8,-1.8775457460116238,0.3426968980405182,-2.8653706489231876,769
-0.9558826469670754,1.55701689260249,-0.6771146498315528,0.9859549616017094,49.00435631138156,668,,,,GBPUSD,USDDKK,H8,-1.983044962801016,0.29405641404882454,-2.865882935271461,668
-0.9580259291623532,2.3988159909901774,-0.9740449139937346,0.977709203263918,30.747790752209365,668,,,,EURUSD,USDNOK,H8,-2.9147470405173346,0.04365979645299686,-2.8658894709126246,668
-0.9599776870115988,21.999104162504963,-1.5965856722103495,0.8007142312206353,3.118756179844932,154,,,,Cocoa_H6,GCZ25,H8,-4.11141562410276,0.0009272891851351253,-2.880622899711496,154
-0.9618592773379884,0.2928814909599807,-0.5049523160391469,0.9778974535598438,31.012647754885435,776,,,,EURSGD,USDCHF,H8,-2.5832667305924817,0.0965052466225268,-2.865360521688131,776
-0.963022068737706,1.7431245935692807,-0.4391760703950642,0.978905344438285,32.511095047236424,668,,,,EURSGD,USDCZK,H8,-2.4304649296849936,0.13332185041417915,-2.866010569916275,668
-0.9636076823489874,1.415330286202091,-0.5441730884838486,0.9849398422644372,45.67777702835168,668,,,,EURSGD,USDDKK,H8,-2.2786988620714292,0.1789300651830788,-2.86596268312982,668
-0.9644820514212266,0.6549180557458012,-1.4143890929645766,0.972732009090263,25.071640690040688,668,,,,GBPUSD,USDSGD,H8,-2.8193386018884916,0.05556404227601359,-2.8659224464259823,668
-0.9658587673895828,2.079647664368,-0.5264241929140012,0.9703107299699985,22.99840911974505,668,,,,EURCAD,USDCZK,H8,-2.31879225889334,0.1659787033577842,-2.8659091963995573,668
-0.9667121371971372,-0.0035715357428222,-1.3312017201201454,0.9416229566357502,11.523578210591962,668,,,,CADCHF,EURSGD,H8,-2.9530858964067535,0.03951396534754089,-2.8659158113822065,668
-0.9741133220021304,3.448528205450438,-0.5101490159576414,0.9496074816696656,13.405401970876817,668,,,,EURCAD,USDHUF,H8,-3.4487396965777743,0.00940539314839818,-2.8660036655537744,668
-0.975441594351621,4.58468853853675,-0.7606372923583296,0.9920252499851334,86.57069542253753,668,,,,EURUSD,USDHUF,H8,-1.1866045163211143,0.6793314037332667,-2.8660174956716795,668
-0.9766984900529244,0.0137828913261739,-1.1399108115088854,0.9611676739011497,17.500885308797812,668,,,,AUDCHF,EURAUD,H8,-3.382847762142547,0.011557673893496243,-2.86596268312982,668
-0.9775097588765356,-0.0073251499376361,-1.1262842630558203,0.9596469066498832,16.828099200536858,668,,,,CADCHF,EURCAD,H8,-3.5688302395922884,0.006385660854553197,-2.86596268312982,668
-0.9781942450669684,4.946629104696231,-1.2081198199829508,0.9742596066575024,26.58030352373611,769,,,,DXY_Z5,GBPUSD,H8,-3.185517665608346,0.020838427408674465,-2.8653106782623574,769
-0.9816422733655163,0.0028077774497927,-0.9046028539935232,0.963335385353468,18.556340850319792,776,,,,EURNZD,NZDCHF,H8,-3.3322681972535544,0.01349627543733608,-2.8653354363373253,776
-0.985569721495546,1.5585107267972016,-1.0858534749563633,0.9618868920909852,17.837764396460454,668,,,,EURUSD,USDPLN,H8,-3.3994799426670586,0.010976613107518652,-2.8659026013871864,668
-0.9893185471646242,-0.051818924243854,-0.9238808968064854,0.963584015765596,18.685430279888426,776,,,,EURUSD,USDCHF,H8,-3.3927976700339357,0.011206862657716941,-2.8652813916285518,776
-0.9916699099534736,2.6051429976834166,-0.8047817554598243,0.9859243003334968,48.89685100299492,668,,,,EURUSD,USDCZK,H8,-1.5479394994635702,0.5096772787317516,-2.8660174956716795,668
-0.9941907148258368,4.710720858126381,-0.8369594743633945,0.9918531842017856,84.7349292096103,769,,,,DXY_Z5,EURUSD,H8,-1.1396445360021767,0.6990060827135225,-2.8653156040031176,769
-0.9968279609144224,4.087605009307145,-1.014133076742834,0.8351378531293668,3.847430345299172,107,,,,EURHKD,USDDKK,H8,-2.6740902906689517,0.07863008990914785,-2.889758398668639,107
-0.9999672723994244,2.019105909357118,-1.0049192156114797,0.8854047056542588,5.695050957923685,668,,,,EURUSD,USDDKK,H8,-1.5434156791689237,0.5119354475608221,-2.8660036655537744,668
