time,open,high,low,close,tick_volume,spread,real_volume
2025-09-22 00:00:00,48.50181,48.57281,48.43207,48.57075,94,18369,0
2025-09-22 00:10:00,48.57075,48.57491,48.53218,48.57408,41,18109,0
2025-09-22 00:20:00,48.57408,48.57533,48.57326,48.57367,18,18451,0
2025-09-22 00:30:00,48.57569,48.58235,48.57491,48.57697,85,17359,0
2025-09-22 00:40:00,48.57697,48.60533,48.57697,48.59995,133,16446,0
2025-09-22 00:50:00,48.59995,48.61744,48.5976,48.61454,187,15707,0
2025-09-22 01:00:00,48.61454,48.66223,48.61454,48.65178,695,8129,0
2025-09-22 01:10:00,48.65178,48.65178,48.64106,48.64347,271,8165,0
2025-09-22 01:20:00,48.64347,48.64388,48.63065,48.63106,347,8333,0
2025-09-22 01:30:00,48.63106,48.63513,48.62716,48.62722,259,8405,0
2025-09-22 01:40:00,48.62722,48.63901,48.62722,48.633539999999996,643,6493,0
2025-09-22 01:50:00,48.633539999999996,48.64535,48.62413,48.6437,448,6249,0
2025-09-22 02:00:00,48.6437,48.65695,48.64082,48.6412,460,4308,0
2025-09-22 02:10:00,48.6412,48.64272,48.63708,48.64115,407,5468,0
2025-09-22 02:20:00,48.64115,48.64346,48.63512,48.63513,251,6142,0
2025-09-22 02:30:00,48.63513,48.65119,48.62976,48.64911,646,4843,0
2025-09-22 02:40:00,48.64911,48.65165,48.62459,48.62911,560,4605,0
2025-09-22 02:50:00,48.62911,48.63666,48.62583,48.62898,712,4615,0
2025-09-22 03:00:00,48.62814,48.62814,48.58798,48.59212,854,4909,0
2025-09-22 03:10:00,48.59213,48.60006,48.58292,48.58319,931,6679,0
2025-09-22 03:20:00,48.58319,48.61317,48.58314,48.61053,1106,6120,0
2025-09-22 03:30:00,48.61053,48.61053,48.57943,48.58695,885,6120,0
2025-09-22 03:40:00,48.58695,48.58782,48.5553,48.55775,719,7592,0
2025-09-22 03:50:00,48.55775,48.59098,48.54718,48.59015,874,7263,0
2025-09-22 04:00:00,48.59015,48.61464,48.56515,48.59419,1036,7265,0
2025-09-22 04:10:00,48.59419,48.59816,48.58349,48.59519,860,8131,0
2025-09-22 04:20:00,48.59519,48.59564,48.57085,48.57198,736,8962,0
2025-09-22 04:30:00,48.57198,48.59462,48.56249,48.58722,915,7648,0
2025-09-22 04:40:00,48.58681,48.58884,48.56389,48.56494,877,7647,0
2025-09-22 04:50:00,48.56494,48.57739,48.56247,48.57177,802,7645,0
2025-09-22 05:00:00,48.57186,48.57695,48.55352,48.56809,777,7645,0
2025-09-22 05:10:00,48.56809,48.56906,48.54465,48.55045,804,8774,0
2025-09-22 05:20:00,48.55045,48.5557,48.5417,48.55319,634,8512,0
2025-09-22 05:30:00,48.55323,48.56027,48.54014,48.54957,790,7991,0
2025-09-22 05:40:00,48.54957,48.56524,48.54004,48.54438,806,7640,0
2025-09-22 05:50:00,48.54438,48.55137,48.52839,48.53193,778,8189,0
2025-09-22 06:00:00,48.53203,48.56574,48.53077,48.561,766,7642,0
2025-09-22 06:10:00,48.561,48.56699,48.54612,48.56291,755,7828,0
2025-09-22 06:20:00,48.5629,48.5629,48.54849,48.55328,621,8200,0
2025-09-22 06:30:00,48.55328,48.55545,48.54349,48.54442,427,8851,0
2025-09-22 06:40:00,48.54446,48.56606,48.54446,48.56355,674,7721,0
2025-09-22 06:50:00,48.56356,48.5692,48.54572,48.55033,553,7398,0
2025-09-22 07:00:00,48.55033,48.55466,48.54479,48.54859,712,7327,0
2025-09-22 07:10:00,48.54857,48.55495,48.53811,48.5441,433,7722,0
2025-09-22 07:20:00,48.5441,48.54745,48.52729,48.52862,472,8867,0
2025-09-22 07:30:00,48.52862,48.5454,48.52561,48.5454,507,7368,0
2025-09-22 07:40:00,48.5454,48.54656,48.52847,48.52979,557,7436,0
2025-09-22 07:50:00,48.52979,48.55636,48.52937,48.5545,464,7267,0
2025-09-22 08:00:00,48.5545,48.56022,48.54107,48.55774,478,7263,0
2025-09-22 08:10:00,48.55774,48.5623,48.54525,48.55657,462,7263,0
2025-09-22 08:20:00,48.55661,48.57722,48.55428,48.56975,733,7263,0
2025-09-22 08:30:00,48.5695,48.58052,48.56025,48.56646,366,7260,0
2025-09-22 08:40:00,48.56646,48.58053,48.55288,48.55976,633,7524,0
2025-09-22 08:50:00,48.55976,48.57988,48.55461,48.57921,769,7265,0
2025-09-22 09:00:00,48.57921,48.61522,48.57921,48.601,952,2580,0
2025-09-22 09:10:00,48.601,48.61759,48.59184,48.61524,772,2239,0
2025-09-22 09:20:00,48.61524,48.62836,48.608670000000004,48.62608,986,2015,0
2025-09-22 09:30:00,48.62402,48.63541,48.60976,48.63032,987,1409,0
2025-09-22 09:40:00,48.63032,48.64219,48.62595,48.62781,565,1410,0
2025-09-22 09:50:00,48.62781,48.628,48.6051,48.61322,744,2070,0
2025-09-22 10:00:00,48.61405,48.63539,48.60998,48.61376,1145,1889,0
2025-09-22 10:10:00,48.61376,48.62427,48.60006,48.62343,1215,1494,0
2025-09-22 10:20:00,48.62341,48.65669,48.62084,48.65176,1038,1397,0
2025-09-22 10:30:00,48.65176,48.65724,48.63114,48.64899,982,1398,0
2025-09-22 10:40:00,48.64899,48.65792,48.63415,48.64646,619,1390,0
2025-09-22 10:50:00,48.64646,48.65693,48.63206,48.6342,910,1389,0
2025-09-22 11:00:00,48.63378,48.67553,48.6279,48.67473,1147,1854,0
2025-09-22 11:10:00,48.67473,48.71142,48.666290000000004,48.70261,1128,1808,0
2025-09-22 11:20:00,48.70097,48.71214,48.6889,48.6986,1088,1390,0
2025-09-22 11:30:00,48.6986,48.71995,48.69693,48.700450000000004,1200,1550,0
2025-09-22 11:40:00,48.70048,48.70928,48.69376,48.69553,1073,2019,0
2025-09-22 11:50:00,48.69555,48.70169,48.68764,48.69487,964,1390,0
2025-09-22 12:00:00,48.69488,48.71399,48.69179,48.70067,790,1518,0
2025-09-22 12:10:00,48.70067,48.72482,48.69989,48.71487,967,2015,0
2025-09-22 12:20:00,48.71569,48.71573,48.69802,48.7106,972,1754,0
2025-09-22 12:30:00,48.7106,48.7211,48.70183,48.71226,731,1391,0
2025-09-22 12:40:00,48.71226,48.73636,48.71226,48.72753,910,2024,0
2025-09-22 12:50:00,48.72754,48.76989,48.72658,48.76966,906,1392,0
2025-09-22 13:00:00,48.76966,48.7803,48.76088,48.77161,722,1392,0
2025-09-22 13:10:00,48.77161,48.77803,48.75697,48.77283,858,1395,0
2025-09-22 13:20:00,48.77283,48.80287,48.77283,48.782939999999996,877,1398,0
2025-09-22 13:30:00,48.78296,48.78389,48.75616,48.76466,844,1718,0
2025-09-22 13:40:00,48.76466,48.77572,48.75968,48.77278,619,1696,0
2025-09-22 13:50:00,48.77279,48.77279,48.7555,48.75764,443,1770,0
2025-09-22 14:00:00,48.75764,48.76195,48.74477,48.75523,574,1333,0
2025-09-22 14:10:00,48.75523,48.76078,48.7475,48.75588,486,1427,0
2025-09-22 14:20:00,48.75588,48.77177,48.75151,48.76622,465,1232,0
2025-09-22 14:30:00,48.76622,48.78582,48.76622,48.78014,455,1202,0
2025-09-22 14:40:00,48.78014,48.78582,48.76602,48.7782,445,1259,0
2025-09-22 14:50:00,48.7782,48.80157,48.76859,48.78464,682,1384,0
2025-09-22 15:00:00,48.78547,48.81892,48.78547,48.79784,835,1310,0
2025-09-22 15:10:00,48.79825,48.81259,48.77054,48.77436,692,1252,0
2025-09-22 15:20:00,48.77436,48.78613,48.75053,48.75365,719,1520,0
2025-09-22 15:30:00,48.75365,48.78855,48.74918,48.78722,837,1450,0
2025-09-22 15:40:00,48.78722,48.80523,48.77935,48.78578,958,1416,0
2025-09-22 15:50:00,48.78578,48.80328,48.77748,48.78587,1034,1244,0
2025-09-22 16:00:00,48.78752,48.80767,48.76002,48.78938,1369,1131,0
2025-09-22 16:10:00,48.7898,48.79369,48.77835,48.79203,812,1133,0
2025-09-22 16:20:00,48.79203,48.7989,48.78465,48.78518,668,1132,0
2025-09-22 16:30:00,48.78518,48.78768,48.76323,48.76554,1033,1230,0
2025-09-22 16:40:00,48.76554,48.77136,48.73075,48.73971,1023,1346,0
2025-09-22 16:50:00,48.73971,48.76906,48.73971,48.76515,696,1139,0
2025-09-22 17:00:00,48.76515,48.76681,48.7355,48.74187,776,1138,0
2025-09-22 17:10:00,48.74187,48.74187,48.71108,48.71852,848,1200,0
2025-09-22 17:20:00,48.71852,48.72078,48.70751,48.71644,635,1190,0
2025-09-22 17:30:00,48.71644,48.72472,48.69536,48.71619,640,1521,0
2025-09-22 17:40:00,48.71619,48.73247,48.70309,48.72573,797,1341,0
2025-09-22 17:50:00,48.72573,48.73899,48.71612,48.72273,1014,1268,0
2025-09-22 18:00:00,48.72273,48.73436,48.71851,48.72875,844,1348,0
2025-09-22 18:10:00,48.72876,48.73493,48.70621,48.73056,748,1256,0
2025-09-22 18:20:00,48.73056,48.74536,48.71865,48.74117,694,1279,0
2025-09-22 18:30:00,48.74118,48.75591,48.73795,48.74624,666,1379,0
2025-09-22 18:40:00,48.74624,48.7508,48.73843,48.74515,603,1386,0
2025-09-22 18:50:00,48.74515,48.74644,48.7248,48.73467,624,1323,0
2025-09-22 19:00:00,48.73467,48.74719,48.71287,48.73801,999,1611,0
2025-09-22 19:10:00,48.73801,48.78814,48.73794,48.78681,961,3172,0
2025-09-22 19:20:00,48.78681,48.7984,48.7864,48.79171,517,3173,0
2025-09-22 19:30:00,48.79213,48.79376,48.77499,48.78396,824,3173,0
2025-09-22 19:40:00,48.78396,48.79333,48.77411,48.78136,483,3489,0
2025-09-22 19:50:00,48.78136,48.79623,48.78136,48.78574,361,3605,0
2025-09-22 20:00:00,48.78574,48.79126,48.78261,48.79012,343,3994,0
2025-09-22 20:10:00,48.79012,48.79012,48.77393,48.78114,392,3993,0
2025-09-22 20:20:00,48.78114,48.78971,48.77962,48.78806,378,4192,0
2025-09-22 20:30:00,48.78806,48.80307,48.78429,48.80109,532,4381,0
2025-09-22 20:40:00,48.80109,48.81608,48.79968,48.80707,493,4116,0
2025-09-22 20:50:00,48.80707,48.81711,48.80511,48.81096,776,4183,0
2025-09-22 21:00:00,48.81096,48.8121,48.792,48.80964,798,4729,0
2025-09-22 21:10:00,48.81005,48.81009,48.79302,48.79783,537,3866,0
2025-09-22 21:20:00,48.79743,48.80446,48.79562,48.80104,427,3359,0
2025-09-22 21:30:00,48.80104,48.8112,48.79639,48.79848,299,3295,0
2025-09-22 21:40:00,48.79848,48.801,48.79114,48.79747,291,3564,0
2025-09-22 21:50:00,48.79747,48.80976,48.79371,48.80642,276,3775,0
2025-09-22 22:00:00,48.80642,48.81136,48.80255,48.80877,306,3920,0
2025-09-22 22:10:00,48.80877,48.80992,48.803,48.80909,237,4153,0
2025-09-22 22:20:00,48.80909,48.81842,48.80559,48.81609,270,4153,0
2025-09-22 22:30:00,48.81609,48.81818,48.81013,48.81502,269,4274,0
2025-09-22 22:40:00,48.81502,48.8192,48.81108,48.81703,267,4388,0
2025-09-22 22:50:00,48.81703,48.82723,48.81409,48.81844,461,4600,0
2025-09-22 23:00:00,48.81844,48.82223,48.81065,48.81794,516,4811,0
2025-09-22 23:10:00,48.81794,48.82271,48.81376,48.82228,476,4171,0
2025-09-22 23:20:00,48.82228,48.83027,48.82065,48.83027,552,4501,0
2025-09-22 23:30:00,48.83027,48.83204,48.82276,48.83168,774,3708,0
2025-09-22 23:40:00,48.83168,48.83168,48.81665,48.82476,176,3708,0
2025-09-22 23:50:00,48.82301,48.83179,48.80961,48.81086,312,6342,0
2025-09-23 00:00:00,48.75556,48.80173,48.75556,48.79444,114,15314,0
2025-09-23 00:10:00,48.79444,48.79444,48.73885,48.78564,156,12703,0
2025-09-23 00:20:00,48.78564,48.78777,48.7658,48.78555,139,13368,0
2025-09-23 00:30:00,48.78085,48.79366,48.77528,48.78625,379,17853,0
2025-09-23 00:40:00,48.78625,48.79377,48.78,48.78206,303,17961,0
2025-09-23 00:50:00,48.78206,48.79099,48.7663,48.79012,816,17486,0
2025-09-23 01:00:00,48.79012,48.8701,48.79012,48.86705,656,5274,0
2025-09-23 01:10:00,48.86705,48.86818,48.85576,48.85881,514,7463,0
2025-09-23 01:20:00,48.85923,48.86714,48.85371,48.86618,454,6724,0
2025-09-23 01:30:00,48.86618,48.87312,48.84827,48.86033,451,5480,0
2025-09-23 01:40:00,48.8604,48.86445,48.84197,48.85901,402,5404,0
2025-09-23 01:50:00,48.85901,48.8615,48.84363,48.8504,329,5400,0
2025-09-23 02:00:00,48.846940000000004,48.86882,48.846940000000004,48.8659,220,4215,0
2025-09-23 02:10:00,48.8659,48.86632,48.85824,48.86152,569,4273,0
2025-09-23 02:20:00,48.86152,48.87186,48.85715,48.87056,457,5163,0
2025-09-23 02:30:00,48.87067,48.87772,48.8585,48.86055,338,4127,0
2025-09-23 02:40:00,48.86055,48.86728,48.85057,48.86604,361,5686,0
2025-09-23 02:50:00,48.86604,48.86604,48.84089,48.85372,333,5715,0
2025-09-23 03:00:00,48.85385,48.85385,48.83351,48.84911,788,5683,0
2025-09-23 03:10:00,48.84911,48.85241,48.83022,48.83927,713,5683,0
2025-09-23 03:20:00,48.83927,48.86065,48.8351,48.84718,509,5684,0
2025-09-23 03:30:00,48.84718,48.87679,48.84342,48.86237,603,6444,0
2025-09-23 03:40:00,48.85956,48.87626,48.85,48.87365,652,6411,0
2025-09-23 03:50:00,48.87365,48.87927,48.8612,48.86819,627,6391,0
2025-09-23 04:00:00,48.86819,48.87402,48.85676,48.86245,696,7422,0
2025-09-23 04:10:00,48.86202,48.86933,48.85654,48.8622,496,8104,0
2025-09-23 04:20:00,48.86224,48.8756,48.86221,48.87319,567,8030,0
2025-09-23 04:30:00,48.87319,48.90635,48.86736,48.90594,780,6629,0
2025-09-23 04:40:00,48.90594,48.92557,48.90587,48.92557,950,6578,0
2025-09-23 04:50:00,48.9256,48.93143,48.89814,48.91574,891,6271,0
2025-09-23 05:00:00,48.91574,48.91614,48.88548,48.88674,929,6238,0
2025-09-23 05:10:00,48.88674,48.89019,48.85843,48.88344,1044,6234,0
2025-09-23 05:20:00,48.88344,48.89046,48.86512,48.86558,658,6236,0
2025-09-23 05:30:00,48.86558,48.86558,48.83821,48.84828,906,7569,0
2025-09-23 05:40:00,48.84833,48.85646,48.84196,48.84739,734,7288,0
2025-09-23 05:50:00,48.84739,48.85421,48.83595,48.8538,868,6220,0
2025-09-23 06:00:00,48.8538,48.85587,48.81677,48.82077,566,6219,0
2025-09-23 06:10:00,48.82083,48.84017,48.81854,48.82804,702,6216,0
2025-09-23 06:20:00,48.8281,48.84982,48.8278,48.84816,528,6218,0
2025-09-23 06:30:00,48.84816,48.85276,48.83617,48.83689,424,5972,0
2025-09-23 06:40:00,48.83687,48.84926,48.83641,48.8438,441,7234,0
2025-09-23 06:50:00,48.8438,48.8616,48.84289,48.85614,534,5970,0
2025-09-23 07:00:00,48.85614,48.86402,48.8381,48.84376,585,6577,0
2025-09-23 07:10:00,48.84376,48.845,48.82177,48.82685,502,7653,0
2025-09-23 07:20:00,48.82685,48.82785,48.81483,48.824,435,7666,0
2025-09-23 07:30:00,48.824,48.84,48.82399,48.83655,500,7422,0
2025-09-23 07:40:00,48.83659,48.83981,48.82972,48.82972,573,6685,0
2025-09-23 07:50:00,48.82971,48.83029,48.81106,48.81917,625,6905,0
2025-09-23 08:00:00,48.81917,48.82047,48.79956,48.81604,891,6099,0
2025-09-23 08:10:00,48.81607,48.82972,48.80983,48.82701,716,5967,0
2025-09-23 08:20:00,48.82701,48.9063,48.81331,48.90098,572,5967,0
2025-09-23 08:30:00,48.90098,48.94375,48.89873,48.92688,1654,6735,0
2025-09-23 08:40:00,48.92688,48.92927,48.90431,48.91038,1060,6597,0
2025-09-23 08:50:00,48.91038,48.91471,48.88972,48.89652,1005,7003,0
2025-09-23 09:00:00,48.89652,48.92412,48.89652,48.92288,1158,2536,0
2025-09-23 09:10:00,48.92289,48.92405,48.88659,48.89799,1089,2183,0
2025-09-23 09:20:00,48.89801,48.8991,48.88034,48.89123,1249,1498,0
2025-09-23 09:30:00,48.89123,48.8941,48.87355,48.88706,898,1409,0
2025-09-23 09:40:00,48.88706,48.93109,48.883,48.92722,997,1409,0
2025-09-23 09:50:00,48.92723,48.93059,48.88652,48.88915,1390,2013,0
2025-09-23 10:00:00,48.88915,48.90108,48.84569,48.85872,1549,1582,0
2025-09-23 10:10:00,48.85873,48.86917,48.8134,48.85523,1589,1523,0
2025-09-23 10:20:00,48.85523,48.86653,48.83146,48.86653,868,1516,0
2025-09-23 10:30:00,48.86694,48.91186,48.85495,48.88769,1554,1519,0
2025-09-23 10:40:00,48.88769,48.88989,48.84262,48.85843,1531,1836,0
2025-09-23 10:50:00,48.85843,48.87287,48.84445,48.86572,1578,1516,0
2025-09-23 11:00:00,48.86572,48.87104,48.8378,48.84786,1231,1514,0
2025-09-23 11:10:00,48.84745,48.86214,48.83913,48.86055,1277,1514,0
2025-09-23 11:20:00,48.86139,48.8916,48.85552,48.885,1296,1522,0
2025-09-23 11:30:00,48.885,48.89836,48.87131,48.89425,1223,1518,0
2025-09-23 11:40:00,48.89406,48.91398,48.88666,48.91356,1424,1850,0
2025-09-23 11:50:00,48.91356,48.92575,48.89798,48.91219,1106,1776,0
2025-09-23 12:00:00,48.91219,48.91938,48.911410000000004,48.91899,1085,1700,0
2025-09-23 12:10:00,48.919,48.93514,48.91633,48.92798,883,1631,0
2025-09-23 12:20:00,48.92766,48.95248,48.92766,48.94351,868,1885,0
2025-09-23 12:30:00,48.94352,48.94729,48.921170000000004,48.93306,920,1915,0
2025-09-23 12:40:00,48.93308,48.93843,48.91434,48.91932,952,2067,0
2025-09-23 12:50:00,48.91932,48.92468,48.90398,48.91144,855,2064,0
2025-09-23 13:00:00,48.91144,48.91515,48.88731,48.914320000000004,1023,1467,0
2025-09-23 13:10:00,48.914320000000004,48.93007,48.90595,48.90647,759,1468,0
2025-09-23 13:20:00,48.90649,48.90693,48.86737,48.87046,797,2182,0
2025-09-23 13:30:00,48.87049,48.88556,48.86316,48.86988,984,1567,0
2025-09-23 13:40:00,48.86991,48.89055,48.86329,48.88938,980,1489,0
2025-09-23 13:50:00,48.88938,48.89203,48.87844,48.88777,620,1465,0
2025-09-23 14:00:00,48.88777,48.90172,48.88241,48.89662,646,1240,0
2025-09-23 14:10:00,48.89662,48.90186,48.86931,48.87207,578,1425,0
2025-09-23 14:20:00,48.87207,48.89176,48.87197,48.87323,478,1348,0
2025-09-23 14:30:00,48.87282,48.8865,48.86722,48.88163,604,1455,0
2025-09-23 14:40:00,48.88163,48.8939,48.87954,48.89107,585,1237,0
2025-09-23 14:50:00,48.89148,48.89273,48.86688,48.86813,705,1407,0
2025-09-23 15:00:00,48.86813,48.88792,48.86404,48.86886,825,1341,0
2025-09-23 15:10:00,48.86886,48.87705,48.83963,48.84051,782,1237,0
2025-09-23 15:20:00,48.84051,48.85201,48.82281,48.84537,779,1463,0
2025-09-23 15:30:00,48.84538,48.86401,48.83571,48.85322,882,1255,0
2025-09-23 15:40:00,48.85322,48.88338,48.84452,48.88338,643,1575,0
2025-09-23 15:50:00,48.88292,48.88804,48.87522,48.87655,741,1241,0
2025-09-23 16:00:00,48.87655,48.91026,48.87613,48.89291,1172,1385,0
2025-09-23 16:10:00,48.89291,48.89291,48.87457,48.88407,832,1238,0
2025-09-23 16:20:00,48.88352,48.89764,48.86146,48.86313,881,1565,0
2025-09-23 16:30:00,48.86313,48.87458,48.84698,48.86741,1180,1565,0
2025-09-23 16:40:00,48.86783,48.8895,48.8358,48.83802,1188,1528,0
2025-09-23 16:50:00,48.83761,48.88473,48.82416,48.88343,1642,1302,0
2025-09-23 17:00:00,48.88301,48.90869,48.86247,48.87926,1710,1184,0
2025-09-23 17:10:00,48.87968,48.89595,48.869839999999996,48.89044,1061,1128,0
2025-09-23 17:20:00,48.89044,48.899,48.86039,48.87354,996,1129,0
2025-09-23 17:30:00,48.87354,48.89367,48.8584,48.88757,1046,1291,0
2025-09-23 17:40:00,48.88758,48.90077,48.87345,48.88589,983,1214,0
2025-09-23 17:50:00,48.8859,48.89724,48.87272,48.87684,1115,1129,0
2025-09-23 18:00:00,48.87684,48.89548,48.86712,48.87768,1080,1456,0
2025-09-23 18:10:00,48.87768,48.88086,48.86234,48.87205,895,1412,0
2025-09-23 18:20:00,48.87205,48.87962,48.86373,48.86487,810,1436,0
2025-09-23 18:30:00,48.86487,48.88029,48.85111,48.86566,883,1647,0
2025-09-23 18:40:00,48.86566,48.88486,48.86113,48.88206,606,1559,0
2025-09-23 18:50:00,48.88206,48.90312,48.87086,48.8999,808,1457,0
2025-09-23 19:00:00,48.8999,48.8999,48.87222,48.88015,1016,1603,0
2025-09-23 19:10:00,48.88058,48.90578,48.87992,48.90537,839,3294,0
2025-09-23 19:20:00,48.90537,48.91624,48.89418,48.90544,494,3290,0
2025-09-23 19:30:00,48.90544,48.90959,48.8374,48.89227,1051,3658,0
2025-09-23 19:40:00,48.89186,48.90213,48.87479,48.89381,1317,4033,0
2025-09-23 19:50:00,48.89257,48.92636,48.89257,48.90336,1311,4994,0
2025-09-23 20:00:00,48.90336,48.92898,48.9019,48.92898,1627,4734,0
2025-09-23 20:10:00,48.92858,48.93229,48.9089,48.90998,1077,3561,0
2025-09-23 20:20:00,48.90998,48.94139,48.90512,48.92843,1417,3370,0
2025-09-23 20:30:00,48.92843,48.95741,48.92663,48.94716,1753,5088,0
2025-09-23 20:40:00,48.94716,48.96124,48.94247,48.95439,1960,4804,0
2025-09-23 20:50:00,48.95439,48.95699,48.92736,48.93665,2978,3671,0
2025-09-23 21:00:00,48.93665,48.94799,48.92134,48.93945,1888,3693,0
2025-09-23 21:10:00,48.93945,48.95531,48.93808,48.94648,2766,3392,0
2025-09-23 21:20:00,48.94649,48.94921,48.92824,48.93784,1918,3729,0
2025-09-23 21:30:00,48.93781,48.94347,48.93134,48.93345,2620,4264,0
2025-09-23 21:40:00,48.93345,48.95277,48.93239,48.94341,2264,4565,0
2025-09-23 21:50:00,48.94335,48.94816,48.92236,48.93293,2376,3333,0
2025-09-23 22:00:00,48.93293,48.94582,48.91882,48.92217,1096,3333,0
2025-09-23 22:10:00,48.92218,48.92779,48.90577,48.90577,582,3378,0
2025-09-23 22:20:00,48.90577,48.92887,48.90539,48.92661,375,3763,0
2025-09-23 22:30:00,48.92661,48.93328,48.91559,48.93247,668,3803,0
2025-09-23 22:40:00,48.93247,48.94025,48.92509,48.93406,641,4070,0
2025-09-23 22:50:00,48.93406,48.9464,48.93243,48.93618,531,4039,0
2025-09-23 23:00:00,48.93618,48.94399,48.9309,48.93207,579,4270,0
2025-09-23 23:10:00,48.93207,48.93294,48.9197,48.92169,364,5192,0
2025-09-23 23:20:00,48.92169,48.92705,48.9196,48.92632,402,4990,0
2025-09-23 23:30:00,48.92693,48.92768,48.9087,48.91342,704,3499,0
2025-09-23 23:40:00,48.91342,48.91342,48.87688,48.88184,213,5438,0
2025-09-23 23:50:00,48.86504,48.9007,48.86504,48.90002,257,9051,0
2025-09-24 00:00:00,48.90598,48.90598,48.83263,48.84224,79,9145,0
2025-09-24 00:10:00,48.84225,48.90662,48.84087,48.90621,190,12251,0
2025-09-24 00:20:00,48.90621,48.90621,48.89625,48.90002,144,11877,0
2025-09-24 00:30:00,48.90002,48.90479,48.89524,48.90396,168,11564,0
2025-09-24 00:40:00,48.90396,48.91185,48.90313,48.90854,251,11548,0
2025-09-24 00:50:00,48.90854,48.91401,48.90692,48.9086,295,11416,0
2025-09-24 01:00:00,48.9086,48.96062,48.9086,48.9552,2021,7001,0
2025-09-24 01:10:00,48.95521,48.96028,48.94304,48.94732,754,7163,0
2025-09-24 01:20:00,48.94732,48.94814,48.93639,48.94489,599,7071,0
2025-09-24 01:30:00,48.94491,48.94702,48.93709,48.94439,595,7041,0
2025-09-24 01:40:00,48.94446,48.95395,48.93989,48.95395,461,6243,0
2025-09-24 01:50:00,48.95414,48.95505,48.93848,48.95286,278,5654,0
2025-09-24 02:00:00,48.95608,48.95608,48.93034,48.94087,432,4879,0
2025-09-24 02:10:00,48.94088,48.94239,48.93101,48.93991,646,4816,0
2025-09-24 02:20:00,48.93992,48.94944,48.93954,48.94802,437,4990,0
2025-09-24 02:30:00,48.94802,48.94862,48.92327,48.92413,630,5775,0
2025-09-24 02:40:00,48.92413,48.93254,48.922579999999996,48.93024,718,7050,0
2025-09-24 02:50:00,48.93026,48.93576,48.9242,48.9356,462,6743,0
2025-09-24 03:00:00,48.93512,48.9358,48.90391,48.90969,1131,6221,0
2025-09-24 03:10:00,48.90979,48.91827,48.89429,48.91274,772,5648,0
2025-09-24 03:20:00,48.91274,48.93752,48.91025,48.92124,877,5643,0
2025-09-24 03:30:00,48.92166,48.92205,48.90574,48.9089,879,6560,0
2025-09-24 03:40:00,48.9089,48.92705,48.90658,48.92444,818,6644,0
2025-09-24 03:50:00,48.92444,48.92444,48.90248,48.90615,981,7033,0
2025-09-24 04:00:00,48.90578,48.91121,48.88005,48.89485,789,6969,0
2025-09-24 04:10:00,48.89485,48.91003,48.88698,48.8874,576,6019,0
2025-09-24 04:20:00,48.8874,48.89722,48.87881,48.8812,942,6019,0
2025-09-24 04:30:00,48.8812,48.89561,48.88036,48.88711,970,7123,0
2025-09-24 04:40:00,48.88753,48.89461,48.87512,48.88101,929,7710,0
2025-09-24 04:50:00,48.88101,48.89682,48.87254,48.87821,842,6417,0
2025-09-24 05:00:00,48.87558,48.89066,48.87048,48.88209,636,6025,0
2025-09-24 05:10:00,48.88209,48.90697,48.87908,48.89361,538,5989,0
2025-09-24 05:20:00,48.89361,48.89403,48.87354,48.88264,940,6105,0
2025-09-24 05:30:00,48.88264,48.89129,48.87268,48.88075,728,5922,0
2025-09-24 05:40:00,48.88075,48.90446,48.8709,48.87381,510,5916,0
2025-09-24 05:50:00,48.87381,48.89684,48.87218,48.87762,544,5911,0
2025-09-24 06:00:00,48.87762,48.89963,48.8721,48.89922,881,5911,0
2025-09-24 06:10:00,48.89922,48.9019,48.88456,48.88639,529,5909,0
2025-09-24 06:20:00,48.88638,48.89347,48.88421,48.88815,579,6527,0
2025-09-24 06:30:00,48.88815,48.90118,48.883070000000004,48.89248,508,5726,0
2025-09-24 06:40:00,48.89248,48.89455,48.86886,48.873310000000004,977,5727,0
2025-09-24 06:50:00,48.87207,48.87792,48.86835,48.87165,625,6122,0
2025-09-24 07:00:00,48.87207,48.88275,48.85347,48.87862,821,6698,0
2025-09-24 07:10:00,48.87862,48.89985,48.87656,48.88088,552,5729,0
2025-09-24 07:20:00,48.88088,48.90612,48.88086,48.90264,462,5727,0
2025-09-24 07:30:00,48.90264,48.90928,48.88564,48.88726,568,6657,0
2025-09-24 07:40:00,48.88726,48.89418,48.88413,48.89362,811,6106,0
2025-09-24 07:50:00,48.89362,48.9133,48.886,48.90671,555,5726,0
2025-09-24 08:00:00,48.90676,48.91729,48.8939,48.89515,771,6160,0
2025-09-24 08:10:00,48.8952,48.91058,48.89368,48.90411,503,5727,0
2025-09-24 08:20:00,48.90457,48.90825,48.89356,48.89548,584,6548,0
2025-09-24 08:30:00,48.89548,48.89959,48.86792,48.89709,668,5725,0
2025-09-24 08:40:00,48.89709,48.89709,48.85744,48.85753,538,5721,0
2025-09-24 08:50:00,48.85754,48.88888,48.85635,48.88626,837,6903,0
2025-09-24 09:00:00,48.88626,48.94183,48.88626,48.92129,1027,2235,0
2025-09-24 09:10:00,48.92129,48.92129,48.88774,48.89772,980,2376,0
2025-09-24 09:20:00,48.89772,48.9103,48.87141,48.89414,1026,1980,0
2025-09-24 09:30:00,48.89414,48.90254,48.86894,48.8834,1159,1632,0
2025-09-24 09:40:00,48.8834,48.89562,48.87469,48.87809,871,1400,0
2025-09-24 09:50:00,48.87809,48.8848,48.86454,48.87102,1080,1522,0
2025-09-24 10:00:00,48.87102,48.90138,48.87049,48.88555,1315,1835,0
2025-09-24 10:10:00,48.88555,48.89006,48.86419,48.88416,1229,1452,0
2025-09-24 10:20:00,48.88417,48.89754,48.87989,48.8886,1049,1419,0
2025-09-24 10:30:00,48.8886,48.90589,48.87452,48.90185,1098,1638,0
2025-09-24 10:40:00,48.90186,48.91272,48.89007,48.89841,975,1912,0
2025-09-24 10:50:00,48.89841,48.90197,48.88989,48.89522,856,1359,0
2025-09-24 11:00:00,48.89563,48.89563,48.854,48.86985,1238,1359,0
2025-09-24 11:10:00,48.86985,48.87604,48.83128,48.84995,1252,2050,0
2025-09-24 11:20:00,48.84995,48.85677,48.82712,48.83211,1088,1757,0
2025-09-24 11:30:00,48.83212,48.84868,48.82415,48.8432,1187,1721,0
2025-09-24 11:40:00,48.8432,48.84324,48.81893,48.82404,1033,1509,0
2025-09-24 11:50:00,48.82405,48.84758,48.81964,48.83573,964,1554,0
2025-09-24 12:00:00,48.83574,48.85403,48.83392,48.84267,1004,1510,0
2025-09-24 12:10:00,48.84144,48.84687,48.82983,48.83981,869,1474,0
2025-09-24 12:20:00,48.83981,48.83981,48.81797,48.82434,831,1495,0
2025-09-24 12:30:00,48.82396,48.83851,48.80578,48.80923,564,1472,0
2025-09-24 12:40:00,48.80927,48.80927,48.79361,48.79854,674,1471,0
2025-09-24 12:50:00,48.79854,48.83395,48.79522,48.82525,925,1474,0
2025-09-24 13:00:00,48.82446,48.83601,48.8192,48.82261,427,1397,0
2025-09-24 13:10:00,48.82261,48.82261,48.77825,48.78324,750,1397,0
2025-09-24 13:20:00,48.78326,48.78705,48.77095,48.78705,840,1675,0
2025-09-24 13:30:00,48.78705,48.80458,48.76934,48.76935,1059,1876,0
2025-09-24 13:40:00,48.76935,48.77171,48.75067,48.75263,960,1450,0
2025-09-24 13:50:00,48.75263,48.75602,48.71991,48.73897,977,1620,0
2025-09-24 14:00:00,48.73897,48.74502,48.73453,48.7362,571,1426,0
2025-09-24 14:10:00,48.7362,48.7518,48.72115,48.74603,732,1346,0
2025-09-24 14:20:00,48.74603,48.74604,48.72722,48.73771,625,1322,0
2025-09-24 14:30:00,48.73771,48.75835,48.73418,48.73723,678,1417,0
2025-09-24 14:40:00,48.73723,48.74477,48.73104,48.73359,580,1453,0
2025-09-24 14:50:00,48.73359,48.74981,48.72416,48.73632,902,1188,0
2025-09-24 15:00:00,48.73632,48.76679,48.73385,48.75843,1224,1267,0
2025-09-24 15:10:00,48.75843,48.77402,48.7457,48.77075,948,1321,0
2025-09-24 15:20:00,48.772,48.77834,48.74875,48.75449,788,1190,0
2025-09-24 15:30:00,48.75449,48.75449,48.72229,48.7257,956,1191,0
2025-09-24 15:40:00,48.7257,48.73673,48.70988,48.71301,992,1540,0
2025-09-24 15:50:00,48.71302,48.72707,48.70494,48.7176,1206,1187,0
2025-09-24 16:00:00,48.7176,48.72063,48.70497,48.71012,1053,1188,0
2025-09-24 16:10:00,48.71012,48.7131,48.67715,48.6943,1065,1238,0
2025-09-24 16:20:00,48.69431,48.71037,48.67678,48.69186,1066,1187,0
2025-09-24 16:30:00,48.69187,48.69501,48.671170000000004,48.69053,1261,1155,0
2025-09-24 16:40:00,48.69053,48.70655,48.66962,48.7055,1245,1197,0
2025-09-24 16:50:00,48.7055,48.72565,48.70009,48.70012,1388,1334,0
2025-09-24 17:00:00,48.70012,48.70169,48.66423,48.69314,1428,1198,0
2025-09-24 17:10:00,48.69232,48.70058,48.67476,48.67674,1047,1153,0
2025-09-24 17:20:00,48.67674,48.707,48.65858,48.70254,1363,1193,0
2025-09-24 17:30:00,48.70254,48.71116,48.68712,48.70969,1090,1253,0
2025-09-24 17:40:00,48.70969,48.73295,48.70556,48.72434,1079,1254,0
2025-09-24 17:50:00,48.72434,48.73317,48.70343,48.71968,1101,1302,0
2025-09-24 18:00:00,48.71926,48.72835,48.69337,48.70683,1140,1378,0
2025-09-24 18:10:00,48.70683,48.71513,48.6982,48.70586,929,1425,0
2025-09-24 18:20:00,48.70586,48.72294,48.69859,48.69916,954,1619,0
2025-09-24 18:30:00,48.69874,48.71754,48.69502,48.7129,830,1377,0
2025-09-24 18:40:00,48.7129,48.72346,48.70514,48.71112,768,1377,0
2025-09-24 18:50:00,48.71154,48.72312,48.69773,48.70501,860,1659,0
2025-09-24 19:00:00,48.70501,48.70501,48.67728,48.68521,1057,1844,0
2025-09-24 19:10:00,48.68521,48.69447,48.67972,48.68789,1033,3135,0
2025-09-24 19:20:00,48.68789,48.69793,48.66982,48.67193,569,3134,0
2025-09-24 19:30:00,48.67152,48.67271,48.6475,48.66102,1021,3453,0
2025-09-24 19:40:00,48.66103,48.67419,48.65099,48.6539,601,3142,0
2025-09-24 19:50:00,48.6539,48.663,48.64511,48.65402,519,3144,0
2025-09-24 20:00:00,48.65443,48.6791,48.65069,48.67785,569,3477,0
2025-09-24 20:10:00,48.67785,48.68487,48.67205,48.68081,471,3899,0
2025-09-24 20:20:00,48.68081,48.68123,48.67163,48.67628,411,4184,0
2025-09-24 20:30:00,48.67587,48.6807,48.66297,48.66593,309,4202,0
2025-09-24 20:40:00,48.66593,48.67091,48.65164,48.6631,421,4218,0
2025-09-24 20:50:00,48.66311,48.67796,48.66311,48.67253,689,3953,0
2025-09-24 21:00:00,48.67295,48.67694,48.64927,48.65093,558,3708,0
2025-09-24 21:10:00,48.65093,48.66739,48.64582,48.66739,630,4429,0
2025-09-24 21:20:00,48.66739,48.66954,48.66197,48.66697,832,3487,0
2025-09-24 21:30:00,48.66698,48.67418,48.65512,48.66743,717,3141,0
2025-09-24 21:40:00,48.66743,48.67848,48.65879,48.66199,660,3352,0
2025-09-24 21:50:00,48.66199,48.67127,48.65283,48.66929,605,3657,0
2025-09-24 22:00:00,48.66929,48.67075,48.65042,48.6526,477,3769,0
2025-09-24 22:10:00,48.6526,48.66333,48.6526,48.65589,502,3777,0
2025-09-24 22:20:00,48.65589,48.65786,48.65228,48.65441,550,4278,0
2025-09-24 22:30:00,48.65441,48.67196,48.65441,48.66965,729,3716,0
2025-09-24 22:40:00,48.66966,48.68197,48.66847,48.67877,508,3138,0
2025-09-24 22:50:00,48.67919,48.68124,48.67083,48.67607,399,3136,0
2025-09-24 23:00:00,48.67607,48.68168,48.6679,48.66925,293,3539,0
2025-09-24 23:10:00,48.66925,48.67487,48.66695,48.66983,537,4340,0
2025-09-24 23:20:00,48.66983,48.67696,48.66633,48.67629,556,3988,0
2025-09-24 23:30:00,48.67629,48.67778,48.66959,48.67744,615,3747,0
2025-09-24 23:40:00,48.66448,48.66614,48.6563,48.65713,250,6211,0
2025-09-24 23:50:00,48.65652,48.67116,48.6523,48.66776,438,6196,0
2025-09-25 00:00:00,48.62524,48.73293,48.61673,48.732169999999996,84,9514,0
2025-09-25 00:10:00,48.732169999999996,48.732169999999996,48.72068,48.72478,88,11583,0
2025-09-25 00:20:00,48.72478,48.73527,48.72478,48.73444,92,11567,0
2025-09-25 00:30:00,48.73444,48.73488,48.72793,48.7296,73,11567,0
2025-09-25 00:40:00,48.7296,48.73609,48.72918,48.73375,65,11570,0
2025-09-25 00:50:00,48.73375,48.7394,48.73284,48.73284,189,11568,0
2025-09-25 01:00:00,48.73284,48.76591,48.73284,48.76367,754,5734,0
2025-09-25 01:10:00,48.76367,48.76462,48.75806,48.76154,341,7638,0
2025-09-25 01:20:00,48.76155,48.77438,48.76127,48.77064,596,6492,0
2025-09-25 01:30:00,48.77064,48.78315,48.76428,48.78315,526,5726,0
2025-09-25 01:40:00,48.78315,48.79056,48.77988,48.78311,651,6082,0
2025-09-25 01:50:00,48.78311,48.80112,48.78311,48.79928,716,5939,0
2025-09-25 02:00:00,48.79928,48.79973,48.74069,48.74394,577,5936,0
2025-09-25 02:10:00,48.74393,48.75752,48.74349,48.74835,478,11677,0
2025-09-25 02:20:00,48.74835,48.75459,48.74428,48.74785,682,12194,0
2025-09-25 02:30:00,48.74785,48.75789,48.73021,48.73792,624,11504,0
2025-09-25 02:40:00,48.73792,48.75148,48.7356,48.74449,762,14029,0
2025-09-25 02:50:00,48.74449,48.7547,48.7345,48.73688,461,13480,0
2025-09-25 03:00:00,48.737,48.74516,48.72219,48.73738,1092,13477,0
2025-09-25 03:10:00,48.73738,48.73788,48.71824,48.72171,886,13899,0
2025-09-25 03:20:00,48.72171,48.73394,48.71931,48.7328,692,14827,0
2025-09-25 03:30:00,48.7328,48.77257,48.7328,48.76298,687,10343,0
2025-09-25 03:40:00,48.76298,48.77003,48.75189,48.76911,661,10510,0
2025-09-25 03:50:00,48.76919,48.79187,48.74931,48.78854,890,8926,0
2025-09-25 04:00:00,48.78813,48.79512,48.76041,48.76095,776,8926,0
2025-09-25 04:10:00,48.76095,48.78382,48.75383,48.7687,494,9255,0
2025-09-25 04:20:00,48.7687,48.7828,48.75208,48.76636,688,9255,0
2025-09-25 04:30:00,48.76638,48.77774,48.7423,48.75686,828,10610,0
2025-09-25 04:40:00,48.75686,48.76262,48.73128,48.75378,739,10573,0
2025-09-25 04:50:00,48.75378,48.77545,48.7427,48.74563,805,9251,0
2025-09-25 05:00:00,48.74563,48.77682,48.74248,48.76391,700,9252,0
2025-09-25 05:10:00,48.76391,48.78007,48.75224,48.77674,645,9253,0
2025-09-25 05:20:00,48.77674,48.77922,48.7468,48.77798,478,9253,0
2025-09-25 05:30:00,48.77798,48.78931,48.75398,48.77557,510,9253,0
2025-09-25 05:40:00,48.77557,48.79436,48.765,48.79074,499,9255,0
2025-09-25 05:50:00,48.79081,48.79313,48.75882,48.77417,659,9256,0
2025-09-25 06:00:00,48.77417,48.7846,48.75453,48.76672,567,9254,0
2025-09-25 06:10:00,48.76675,48.79149,48.76634,48.77732,335,9256,0
2025-09-25 06:20:00,48.77732,48.7921,48.76646,48.78993,649,9257,0
2025-09-25 06:30:00,48.78993,48.79448,48.77479,48.7807,618,8886,0
2025-09-25 06:40:00,48.7807,48.78489,48.77129,48.77836,453,11163,0
2025-09-25 06:50:00,48.77836,48.79368,48.77836,48.78409,603,10430,0
2025-09-25 07:00:00,48.78409,48.81692,48.78308,48.8007,561,6736,0
2025-09-25 07:10:00,48.80084,48.80847,48.79195,48.80128,420,5836,0
2025-09-25 07:20:00,48.80128,48.82069,48.8008,48.82069,561,6313,0
2025-09-25 07:30:00,48.82069,48.8238,48.81644,48.81687,394,6336,0
2025-09-25 07:40:00,48.81688,48.81836,48.81032,48.81058,542,7176,0
2025-09-25 07:50:00,48.81059,48.81533,48.80667,48.81171,686,7634,0
2025-09-25 08:00:00,48.81171,48.81243,48.79545,48.79586,666,7682,0
2025-09-25 08:10:00,48.79586,48.79773,48.78346,48.78777,842,7521,0
2025-09-25 08:20:00,48.78777,48.79185,48.77637,48.77638,564,7303,0
2025-09-25 08:30:00,48.77638,48.79012,48.7684,48.78897,508,6227,0
2025-09-25 08:40:00,48.78897,48.78967,48.76831,48.78438,664,5848,0
2025-09-25 08:50:00,48.78438,48.7866,48.76322,48.77504,617,5847,0
2025-09-25 09:00:00,48.77504,48.79501,48.77504,48.77885,859,3181,0
2025-09-25 09:10:00,48.77885,48.83452,48.77347,48.82692,1079,2744,0
2025-09-25 09:20:00,48.82652,48.83173,48.79492,48.80735,1199,2445,0
2025-09-25 09:30:00,48.80694,48.82799,48.80604,48.80651,1243,2320,0
2025-09-25 09:40:00,48.80654,48.81721,48.79963,48.81134,1197,2279,0
2025-09-25 09:50:00,48.81134,48.82262,48.80354,48.80785,1120,1982,0
2025-09-25 10:00:00,48.80785,48.81715,48.80438,48.80659,1209,2359,0
2025-09-25 10:10:00,48.80703,48.81933,48.79421,48.81272,1199,2311,0
2025-09-25 10:20:00,48.81275,48.81701,48.79833,48.79834,1135,2099,0
2025-09-25 10:30:00,48.79834,48.82249,48.78529,48.80207,1274,2315,0
2025-09-25 10:40:00,48.80249,48.80706,48.75867,48.76453,1373,2056,0
2025-09-25 10:50:00,48.76454,48.77476,48.75416,48.76075,1063,2193,0
2025-09-25 11:00:00,48.76075,48.78703,48.74933,48.78663,1035,2334,0
2025-09-25 11:10:00,48.78664,48.79435,48.77641,48.79319,820,2357,0
2025-09-25 11:20:00,48.79319,48.79446,48.76197,48.77671,786,2460,0
2025-09-25 11:30:00,48.77671,48.78689,48.76481,48.76622,792,2561,0
2025-09-25 11:40:00,48.76622,48.78325,48.75701,48.7748,789,2876,0
2025-09-25 11:50:00,48.7748,48.80903,48.77001,48.79652,985,1991,0
2025-09-25 12:00:00,48.79693,48.82736,48.79435,48.82407,908,1991,0
2025-09-25 12:10:00,48.82407,48.83602,48.80853,48.81085,864,2428,0
2025-09-25 12:20:00,48.81085,48.81151,48.79285,48.79766,650,2112,0
2025-09-25 12:30:00,48.7977,48.80704,48.78134,48.793,747,1990,0
2025-09-25 12:40:00,48.793,48.81551,48.7886,48.8151,712,1990,0
2025-09-25 12:50:00,48.8151,48.82088,48.80365,48.80688,783,1992,0
2025-09-25 13:00:00,48.80816,48.81703,48.80515,48.81404,912,1991,0
2025-09-25 13:10:00,48.81404,48.83645,48.81363,48.83493,680,1991,0
2025-09-25 13:20:00,48.83493,48.83493,48.81525,48.81647,419,2065,0
2025-09-25 13:30:00,48.81647,48.82867,48.81647,48.82826,882,2077,0
2025-09-25 13:40:00,48.82826,48.83779,48.8163,48.83278,723,2077,0
2025-09-25 13:50:00,48.83278,48.83278,48.81116,48.81241,416,2077,0
2025-09-25 14:00:00,48.81241,48.81262,48.79031,48.79817,687,2022,0
2025-09-25 14:10:00,48.79817,48.80682,48.78024,48.79884,683,1905,0
2025-09-25 14:20:00,48.79884,48.79926,48.78626,48.79502,529,1908,0
2025-09-25 14:30:00,48.79502,48.80235,48.7714,48.77229,612,1958,0
2025-09-25 14:40:00,48.772710000000004,48.78063,48.76383,48.77651,720,1940,0
2025-09-25 14:50:00,48.77651,48.79106,48.7648,48.78819,701,2008,0
2025-09-25 15:00:00,48.78819,48.80824,48.77134,48.77889,832,2003,0
2025-09-25 15:10:00,48.77889,48.78056,48.75121,48.76346,915,1919,0
2025-09-25 15:20:00,48.76346,48.77771,48.7618,48.77067,908,1904,0
2025-09-25 15:30:00,48.74407,48.74407,48.63222,48.64165,2383,2062,0
2025-09-25 15:40:00,48.64248,48.6505,48.60112,48.61124,1756,1913,0
2025-09-25 15:50:00,48.61124,48.62446,48.57735,48.61999,1748,1797,0
2025-09-25 16:00:00,48.61999,48.65254,48.59767,48.6285,1602,1862,0
2025-09-25 16:10:00,48.6285,48.66554,48.61226,48.66146,1513,1786,0
2025-09-25 16:20:00,48.66063,48.66065,48.6228,48.62788,1070,1889,0
2025-09-25 16:30:00,48.62829,48.64069,48.61685,48.63102,1447,1864,0
2025-09-25 16:40:00,48.63144,48.63144,48.57914,48.58731,1452,1862,0
2025-09-25 16:50:00,48.58772,48.58772,48.55513,48.56679,1371,1819,0
2025-09-25 17:00:00,48.56721,48.60192,48.54034,48.57294,1524,1875,0
2025-09-25 17:10:00,48.57294,48.58001,48.55173,48.57006,1457,1753,0
2025-09-25 17:20:00,48.57006,48.59162,48.55005,48.56567,1366,2010,0
2025-09-25 17:30:00,48.56609,48.5688,48.5259,48.54001,1150,2010,0
2025-09-25 17:40:00,48.5396,48.55282,48.52749,48.53971,1216,2010,0
2025-09-25 17:50:00,48.53971,48.54013,48.51425,48.52499,1325,2283,0
2025-09-25 18:00:00,48.52499,48.52707,48.49112,48.497,1266,2296,0
2025-09-25 18:10:00,48.49743,48.53584,48.48373,48.53385,1116,1940,0
2025-09-25 18:20:00,48.53387,48.54387,48.5161,48.52536,977,2269,0
2025-09-25 18:30:00,48.52494,48.52736,48.49173,48.52461,876,2268,0
2025-09-25 18:40:00,48.52461,48.53184,48.51084,48.52067,720,2316,0
2025-09-25 18:50:00,48.52116,48.52279,48.50511,48.50596,729,2694,0
2025-09-25 19:00:00,48.50596,48.51981,48.48353,48.51926,1015,2713,0
2025-09-25 19:10:00,48.51927,48.53564,48.48837,48.49178,980,5511,0
2025-09-25 19:20:00,48.49179,48.53132,48.4885,48.52882,1093,4233,0
2025-09-25 19:30:00,48.52882,48.5292,48.50145,48.50809,491,4233,0
2025-09-25 19:40:00,48.50809,48.51609,48.48867,48.48868,455,4514,0
2025-09-25 19:50:00,48.48868,48.48868,48.47798,48.48549,400,4790,0
2025-09-25 20:00:00,48.48549,48.49034,48.46243,48.46648,685,5109,0
2025-09-25 20:10:00,48.46648,48.47474,48.45397,48.45439,726,5634,0
2025-09-25 20:20:00,48.45273,48.45705,48.40576,48.4096,1332,5223,0
2025-09-25 20:30:00,48.4096,48.42437,48.40305,48.41818,863,4559,0
2025-09-25 20:40:00,48.4182,48.4322,48.4182,48.42449,633,4542,0
2025-09-25 20:50:00,48.42449,48.44028,48.42449,48.43239,436,4543,0
2025-09-25 21:00:00,48.43239,48.4426,48.3886,48.39569,776,4541,0
2025-09-25 21:10:00,48.39569,48.40821,48.37623,48.40572,1015,5873,0
2025-09-25 21:20:00,48.40613,48.41685,48.40198,48.41023,854,4543,0
2025-09-25 21:30:00,48.41023,48.4252,48.40526,48.42437,346,4540,0
2025-09-25 21:40:00,48.42437,48.42853,48.41592,48.42008,413,4540,0
2025-09-25 21:50:00,48.42008,48.43005,48.40604,48.41153,541,4540,0
2025-09-25 22:00:00,48.41153,48.42709,48.40906,48.42488,449,5203,0
2025-09-25 22:10:00,48.42488,48.44503,48.42321,48.43024,464,5502,0
2025-09-25 22:20:00,48.43024,48.4448,48.42849,48.43372,705,5845,0
2025-09-25 22:30:00,48.43372,48.43877,48.42435,48.43169,647,5100,0
2025-09-25 22:40:00,48.43169,48.43942,48.42567,48.43548,460,4877,0
2025-09-25 22:50:00,48.43549,48.44356,48.43508,48.43856,475,4957,0
2025-09-25 23:00:00,48.43863,48.44753,48.43078,48.43078,486,5591,0
2025-09-25 23:10:00,48.43078,48.44909,48.42954,48.44909,520,6005,0
2025-09-25 23:20:00,48.4491,48.45844,48.42569,48.42866,910,5289,0
2025-09-25 23:30:00,48.42866,48.45434,48.42824,48.45215,512,6185,0
2025-09-25 23:40:00,48.45215,48.45703,48.44345,48.45662,322,6225,0
2025-09-25 23:50:00,48.45662,48.46578,48.44745,48.45211,715,7655,0
2025-09-26 00:00:00,48.44775,48.44775,48.3565,48.4241,84,10341,0
2025-09-26 00:10:00,48.4241,48.42561,48.4241,48.42561,66,16234,0
2025-09-26 00:20:00,48.42561,48.42864,48.41201,48.42783,109,17432,0
2025-09-26 00:30:00,48.42783,48.45277,48.41466,48.44976,675,14982,0
2025-09-26 00:40:00,48.44976,48.45188,48.43513,48.44107,1583,14320,0
2025-09-26 00:50:00,48.44107,48.446039999999996,48.43147,48.43481,1796,14314,0
2025-09-26 01:00:00,48.4348,48.49125,48.4348,48.49075,774,10450,0
2025-09-26 01:10:00,48.49075,48.49202,48.48713,48.49104,567,10584,0
2025-09-26 01:20:00,48.49104,48.49171,48.48721,48.48917,584,10671,0
2025-09-26 01:30:00,48.49209,48.49441,48.48554,48.49082,564,10352,0
2025-09-26 01:40:00,48.49085,48.4967,48.4867,48.48838,525,10268,0
2025-09-26 01:50:00,48.48838,48.50048,48.48301,48.49089,439,8558,0
2025-09-26 02:00:00,48.48813,48.53456,48.486580000000004,48.53373,292,10854,0
2025-09-26 02:10:00,48.53373,48.53373,48.50274,48.50357,585,10855,0
2025-09-26 02:20:00,48.50357,48.51788,48.50183,48.5098,451,10818,0
2025-09-26 02:30:00,48.5098,48.51233,48.44524,48.45328,524,10643,0
2025-09-26 02:40:00,48.45328,48.46058,48.43659,48.445,473,15919,0
2025-09-26 02:50:00,48.445,48.45959,48.43913,48.45544,331,15918,0
2025-09-26 03:00:00,48.45544,48.45858,48.43758,48.43841,461,15913,0
2025-09-26 03:10:00,48.43841,48.46132,48.43509,48.45806,553,15915,0
2025-09-26 03:20:00,48.45806,48.46444,48.44514,48.45899,860,15921,0
2025-09-26 03:30:00,48.45903,48.46269,48.45423,48.45681,548,17161,0
2025-09-26 03:40:00,48.45683,48.47097,48.45109,48.46204,602,17606,0
2025-09-26 03:50:00,48.46204,48.486,48.45901,48.486,800,17512,0
2025-09-26 04:00:00,48.48602,48.53433,48.4852,48.52345,682,16214,0
2025-09-26 04:10:00,48.52345,48.53008,48.4751,48.52459,478,16506,0
2025-09-26 04:20:00,48.52459,48.52866,48.51829,48.52691,532,16629,0
2025-09-26 04:30:00,48.52691,48.52896,48.49435,48.49672,459,12478,0
2025-09-26 04:40:00,48.49672,48.49833,48.4752,48.47727,354,11419,0
2025-09-26 04:50:00,48.47727,48.48191,48.46751,48.48154,554,10916,0
2025-09-26 05:00:00,48.48154,48.50613,48.47611,48.50613,712,9394,0
2025-09-26 05:10:00,48.50614,48.50997,48.50011,48.50802,507,9390,0
2025-09-26 05:20:00,48.50802,48.52189,48.50242,48.51983,692,10007,0
2025-09-26 05:30:00,48.51983,48.52796,48.51447,48.51447,573,9976,0
2025-09-26 05:40:00,48.51447,48.52403,48.51447,48.52278,232,11986,0
2025-09-26 05:50:00,48.52278,48.52569,48.51156,48.51489,253,11986,0
2025-09-26 06:00:00,48.51489,48.51613,48.50616,48.51406,271,11984,0
2025-09-26 06:10:00,48.51406,48.51655,48.50616,48.51198,220,11984,0
2025-09-26 06:20:00,48.51198,48.52957,48.50789,48.52833,226,9393,0
2025-09-26 06:30:00,48.52874,48.53291,48.52034,48.52294,491,8971,0
2025-09-26 06:40:00,48.52252,48.5287,48.51458,48.52716,522,10141,0
2025-09-26 06:50:00,48.5272,48.53591,48.51988,48.53235,712,9295,0
2025-09-26 07:00:00,48.53234,48.55019,48.53025,48.54882,479,4945,0
2025-09-26 07:10:00,48.54882,48.56601,48.54841,48.56167,632,4946,0
2025-09-26 07:20:00,48.56167,48.56167,48.54115,48.54788,552,4943,0
2025-09-26 07:30:00,48.54788,48.56247,48.54734,48.55919,537,4943,0
2025-09-26 07:40:00,48.55918,48.56196,48.54831,48.55522,433,6099,0
2025-09-26 07:50:00,48.55522,48.55758,48.54075,48.55758,607,5693,0
2025-09-26 08:00:00,48.55759,48.55912,48.54978,48.55184,513,5579,0
2025-09-26 08:10:00,48.55183,48.56146,48.54017,48.56028,637,4995,0
2025-09-26 08:20:00,48.56028,48.56928,48.55722,48.56219,601,4940,0
2025-09-26 08:30:00,48.56217,48.56298,48.54184,48.54911,557,6031,0
2025-09-26 08:40:00,48.54915,48.55649,48.54205,48.55649,653,4893,0
2025-09-26 08:50:00,48.55649,48.55687,48.53324,48.53654,512,4893,0
2025-09-26 09:00:00,48.53654,48.58763,48.53654,48.57691,811,2947,0
2025-09-26 09:10:00,48.57899,48.57993,48.561,48.56622,921,2088,0
2025-09-26 09:20:00,48.56582,48.57797,48.55896,48.56473,980,1842,0
2025-09-26 09:30:00,48.56473,48.58115,48.56051,48.57277,874,1555,0
2025-09-26 09:40:00,48.57277,48.57693,48.53679,48.54814,1080,1553,0
2025-09-26 09:50:00,48.54814,48.57619,48.54675,48.57456,844,1553,0
2025-09-26 10:00:00,48.57456,48.58885,48.55573,48.56473,1193,1555,0
2025-09-26 10:10:00,48.56473,48.58135,48.54773,48.55038,1081,1554,0
2025-09-26 10:20:00,48.55041,48.56423,48.54374,48.56281,757,1554,0
2025-09-26 10:30:00,48.56284,48.58837,48.56284,48.5723,824,1553,0
2025-09-26 10:40:00,48.5723,48.57867,48.53778,48.53977,937,1553,0
2025-09-26 10:50:00,48.53977,48.5506,48.52874,48.54839,874,1477,0
2025-09-26 11:00:00,48.54839,48.588,48.54198,48.57273,922,1478,0
2025-09-26 11:10:00,48.57273,48.58831,48.56591,48.57734,926,1477,0
2025-09-26 11:20:00,48.57734,48.59,48.56933,48.5826,651,1477,0
2025-09-26 11:30:00,48.58176,48.60583,48.57867,48.6006,998,1620,0
2025-09-26 11:40:00,48.6006,48.61321,48.58028,48.58682,902,1509,0
2025-09-26 11:50:00,48.58687,48.58854,48.57363,48.57971,798,1510,0
2025-09-26 12:00:00,48.57971,48.58075,48.56614,48.56954,772,1473,0
2025-09-26 12:10:00,48.56956,48.58071,48.56195,48.57212,918,1638,0
2025-09-26 12:20:00,48.57212,48.59128,48.56436,48.59099,885,1440,0
2025-09-26 12:30:00,48.59057,48.6009,48.57972,48.5955,711,1472,0
2025-09-26 12:40:00,48.5955,48.59799,48.58236,48.58601,605,1472,0
2025-09-26 12:50:00,48.58601,48.5962,48.56242,48.57419,861,1609,0
2025-09-26 13:00:00,48.57381,48.58624,48.56687,48.58128,841,1471,0
2025-09-26 13:10:00,48.58128,48.58362,48.55939,48.56032,609,1623,0
2025-09-26 13:20:00,48.56074,48.56116,48.54243,48.54491,881,1665,0
2025-09-26 13:30:00,48.54495,48.55335,48.53258,48.53366,649,1470,0
2025-09-26 13:40:00,48.53367,48.53975,48.51963,48.52174,918,1472,0
2025-09-26 13:50:00,48.52175,48.52717,48.49999,48.50855,772,1471,0
2025-09-26 14:00:00,48.50855,48.53629,48.50855,48.53468,550,1508,0
2025-09-26 14:10:00,48.53468,48.53468,48.51381,48.53167,465,1414,0
2025-09-26 14:20:00,48.53167,48.53255,48.50986,48.52306,538,1294,0
2025-09-26 14:30:00,48.52306,48.54978,48.52101,48.53899,552,1267,0
2025-09-26 14:40:00,48.53899,48.54547,48.53636,48.54146,595,1454,0
2025-09-26 14:50:00,48.54104,48.56434,48.52931,48.53016,737,1556,0
2025-09-26 15:00:00,48.53004,48.55929,48.52599,48.55041,753,1251,0
2025-09-26 15:10:00,48.55041,48.57997,48.54554,48.57747,660,1250,0
2025-09-26 15:20:00,48.57705,48.58131,48.56572,48.5782,688,1596,0
2025-09-26 15:30:00,48.57737,48.60513,48.54529,48.55446,1767,1539,0
2025-09-26 15:40:00,48.55571,48.59511,48.55155,48.58978,1291,1411,0
2025-09-26 15:50:00,48.58978,48.59563,48.55622,48.59529,1184,1314,0
2025-09-26 16:00:00,48.59446,48.64241,48.59446,48.63329,1417,1318,0
2025-09-26 16:10:00,48.63329,48.63745,48.60265,48.60473,1068,1322,0
2025-09-26 16:20:00,48.60473,48.61351,48.57579,48.58372,896,1425,0
2025-09-26 16:30:00,48.58414,48.61526,48.57605,48.60342,1155,1474,0
2025-09-26 16:40:00,48.60342,48.6126,48.57342,48.57468,1229,1470,0
2025-09-26 16:50:00,48.57427,48.60355,48.57385,48.5981,931,1407,0
2025-09-26 17:00:00,48.5981,48.64888,48.5981,48.63151,1266,1565,0
2025-09-26 17:10:00,48.63151,48.65384,48.62008,48.62806,1322,1414,0
2025-09-26 17:20:00,48.62806,48.631,48.60923,48.61971,1216,1251,0
2025-09-26 17:30:00,48.61848,48.64125,48.61346,48.63875,1050,1251,0
2025-09-26 17:40:00,48.63834,48.68252,48.63376,48.67499,1371,1252,0
2025-09-26 17:50:00,48.67498,48.67541,48.6264,48.62735,1294,1446,0
2025-09-26 18:00:00,48.62735,48.65084,48.6118,48.61645,1132,1674,0
2025-09-26 18:10:00,48.61645,48.63289,48.60965,48.63043,891,1616,0
2025-09-26 18:20:00,48.63044,48.65423,48.62537,48.65381,773,1714,0
2025-09-26 18:30:00,48.65423,48.66359,48.63322,48.63889,762,1692,0
2025-09-26 18:40:00,48.63889,48.64476,48.61565,48.63229,573,1691,0
2025-09-26 18:50:00,48.63229,48.63902,48.61245,48.62547,661,1692,0
2025-09-26 19:00:00,48.62547,48.62547,48.60243,48.61441,724,2155,0
2025-09-26 19:10:00,48.61402,48.62448,48.60036,48.62448,622,3391,0
2025-09-26 19:20:00,48.62448,48.63255,48.61273,48.63172,691,3393,0
2025-09-26 19:30:00,48.63172,48.63778,48.61566,48.61691,804,3393,0
2025-09-26 19:40:00,48.61691,48.63818,48.61525,48.63818,374,3393,0
2025-09-26 19:50:00,48.63818,48.63818,48.61983,48.62612,828,3394,0
2025-09-26 20:00:00,48.6257,48.63647,48.61812,48.63022,608,3410,0
2025-09-26 20:10:00,48.63022,48.63022,48.61647,48.6246,336,3497,0
2025-09-26 20:20:00,48.6246,48.64094,48.62335,48.64065,766,4104,0
2025-09-26 20:30:00,48.64065,48.6615,48.64034,48.64969,790,3529,0
2025-09-26 20:40:00,48.64969,48.65619,48.64797,48.6538,837,3472,0
2025-09-26 20:50:00,48.6538,48.65957,48.64709,48.65401,424,3397,0
2025-09-26 21:00:00,48.65359,48.65659,48.64181,48.64635,674,3555,0
2025-09-26 21:10:00,48.64636,48.64919,48.64127,48.64368,810,4600,0
2025-09-26 21:20:00,48.64368,48.65593,48.64368,48.65402,786,3991,0
2025-09-26 21:30:00,48.65402,48.66072,48.64438,48.651089999999996,779,3848,0
2025-09-26 21:40:00,48.651089999999996,48.65225,48.6315,48.64539,835,4182,0
2025-09-26 21:50:00,48.6454,48.67292,48.64402,48.66605,946,4462,0
2025-09-26 22:00:00,48.66606,48.67273,48.66205,48.66263,612,3548,0
2025-09-26 22:10:00,48.66266,48.66635,48.65631,48.66306,782,3848,0
2025-09-26 22:20:00,48.66307,48.66471,48.64449,48.64609,549,3717,0
2025-09-26 22:30:00,48.64609,48.65558,48.64004,48.65012,683,3966,0
2025-09-26 22:40:00,48.65012,48.65703,48.64834,48.65454,421,5104,0
2025-09-26 22:50:00,48.65454,48.67203,48.64743,48.67203,518,4793,0
2025-09-26 23:00:00,48.67124,48.67701,48.66744,48.67297,719,3639,0
2025-09-26 23:10:00,48.67297,48.67297,48.66018,48.6683,302,3639,0
2025-09-26 23:20:00,48.66831,48.67589,48.65708,48.66329,549,5144,0
2025-09-26 23:30:00,48.66465,48.66887,48.65108,48.65296,779,4359,0
2025-09-26 23:40:00,48.65296,48.65326,48.64076,48.65243,282,4566,0
2025-09-26 23:50:00,48.65243,48.65499,48.646,48.64765,247,6388,0
2025-09-29 00:00:00,48.61373,48.62316,48.59386,48.62234,78,12747,0
2025-09-29 00:10:00,48.62234,48.62442,48.62234,48.62359,16,12663,0
2025-09-29 00:20:00,48.62359,48.62566,48.62317,48.62566,20,12789,0
2025-09-29 00:30:00,48.62566,48.62691,48.62442,48.62649,43,12415,0
2025-09-29 00:40:00,48.62649,48.64224,48.6249,48.64016,871,11916,0
2025-09-29 00:50:00,48.64016,48.64891,48.6347,48.64185,524,11915,0
2025-09-29 01:00:00,48.64185,48.66947,48.64185,48.66546,825,6459,0
2025-09-29 01:10:00,48.66546,48.67731,48.65615,48.67731,498,7261,0
2025-09-29 01:20:00,48.67731,48.68706,48.66752,48.67514,576,6161,0
2025-09-29 01:30:00,48.67534,48.68105,48.66301,48.66938,383,6118,0
2025-09-29 01:40:00,48.66938,48.68227,48.66489,48.67144,322,6114,0
2025-09-29 01:50:00,48.67198,48.68159,48.66199,48.67793,517,6118,0
2025-09-29 02:00:00,48.68146,48.69477,48.67563,48.68984,454,4138,0
2025-09-29 02:10:00,48.69027,48.69899,48.68051,48.68734,274,4138,0
2025-09-29 02:20:00,48.68734,48.70525,48.68362,48.69217,667,4141,0
2025-09-29 02:30:00,48.69217,48.71072,48.68967,48.6912,430,4013,0
2025-09-29 02:40:00,48.6912,48.69554,48.679429999999996,48.69263,479,5246,0
2025-09-29 02:50:00,48.69263,48.69304,48.67545,48.67704,290,5851,0
2025-09-29 03:00:00,48.67704,48.70777,48.66307,48.70538,706,6265,0
2025-09-29 03:10:00,48.70538,48.71515,48.68708,48.70124,583,8810,0
2025-09-29 03:20:00,48.70124,48.71276,48.69452,48.71074,501,8812,0
2025-09-29 03:30:00,48.71074,48.73709,48.70873,48.73625,542,5783,0
2025-09-29 03:40:00,48.73625,48.74148,48.7206,48.74063,538,5787,0
2025-09-29 03:50:00,48.74063,48.74105,48.72279,48.74019,653,5788,0
2025-09-29 04:00:00,48.74019,48.74019,48.70921,48.7129,568,5797,0
2025-09-29 04:10:00,48.7129,48.72426,48.69889,48.72426,603,5898,0
2025-09-29 04:20:00,48.72426,48.73345,48.70266,48.73123,656,5898,0
2025-09-29 04:30:00,48.73123,48.75802,48.71392,48.75719,616,5898,0
2025-09-29 04:40:00,48.75719,48.7609,48.73662,48.74479,638,5906,0
2025-09-29 04:50:00,48.74479,48.74937,48.72309,48.74354,677,5907,0
2025-09-29 05:00:00,48.74354,48.76202,48.73657,48.76198,546,5910,0
2025-09-29 05:10:00,48.76191,48.7666,48.73283,48.744839999999996,481,5910,0
2025-09-29 05:20:00,48.745,48.76274,48.73532,48.74927,559,5913,0
2025-09-29 05:30:00,48.74927,48.767,48.73529,48.767,429,5913,0
2025-09-29 05:40:00,48.767,48.767,48.7439,48.75141,489,5913,0
2025-09-29 05:50:00,48.75141,48.76474,48.74584,48.75965,618,5914,0
2025-09-29 06:00:00,48.75965,48.76426,48.74526,48.76259,476,5914,0
2025-09-29 06:10:00,48.76259,48.76707,48.75104,48.75798,482,5918,0
2025-09-29 06:20:00,48.75798,48.77194,48.74958,48.77086,343,5922,0
2025-09-29 06:30:00,48.77128,48.77422,48.75626,48.76036,296,5840,0
2025-09-29 06:40:00,48.76036,48.7681,48.74486,48.75435,316,5835,0
2025-09-29 06:50:00,48.75435,48.7668,48.7395,48.74034,313,5836,0
2025-09-29 07:00:00,48.74034,48.75297,48.73145,48.7423,360,5839,0
2025-09-29 07:10:00,48.7423,48.75906,48.7423,48.75556,256,5847,0
2025-09-29 07:20:00,48.75602,48.76327,48.74464,48.74638,332,5857,0
2025-09-29 07:30:00,48.74638,48.7669,48.74515,48.75877,477,5856,0
2025-09-29 07:40:00,48.75877,48.76495,48.74691,48.76306,370,5849,0
2025-09-29 07:50:00,48.76306,48.78009,48.74672,48.74755,424,5849,0
2025-09-29 08:00:00,48.74755,48.78675,48.74755,48.78259,487,5849,0
2025-09-29 08:10:00,48.78259,48.78259,48.76373,48.77718,390,5820,0
2025-09-29 08:20:00,48.77718,48.77718,48.76012,48.76135,399,5818,0
2025-09-29 08:30:00,48.76134,48.77418,48.73694,48.75075,978,6615,0
2025-09-29 08:40:00,48.75075,48.75754,48.73685,48.7395,599,5819,0
2025-09-29 08:50:00,48.7395,48.77166,48.7395,48.76741,749,5803,0
2025-09-29 09:00:00,48.76741,48.78327,48.75253,48.75256,922,2009,0
2025-09-29 09:10:00,48.75256,48.76936,48.75048,48.76017,908,1618,0
2025-09-29 09:20:00,48.76019,48.76516,48.74948,48.76182,963,1381,0
2025-09-29 09:30:00,48.76182,48.776089999999996,48.75256,48.77107,792,1357,0
2025-09-29 09:40:00,48.77107,48.77285,48.75519,48.76093,810,1430,0
2025-09-29 09:50:00,48.76093,48.76411,48.74116,48.7497,998,1881,0
2025-09-29 10:00:00,48.74928,48.77355,48.73891,48.76651,1158,1580,0
2025-09-29 10:10:00,48.76651,48.80741,48.76651,48.79783,939,1426,0
2025-09-29 10:20:00,48.79783,48.80352,48.78645,48.80072,963,1426,0
2025-09-29 10:30:00,48.80076,48.80402,48.7624,48.76648,861,1430,0
2025-09-29 10:40:00,48.76652,48.78557,48.76592,48.78033,857,1448,0
2025-09-29 10:50:00,48.78035,48.80433,48.77571,48.77753,994,1447,0
2025-09-29 11:00:00,48.77753,48.78555,48.76282,48.77307,791,1498,0
2025-09-29 11:10:00,48.77307,48.7853,48.73928,48.73928,936,1498,0
2025-09-29 11:20:00,48.73969,48.74011,48.70044,48.72444,902,1496,0
2025-09-29 11:30:00,48.72449,48.75405,48.72449,48.74887,722,1498,0
2025-09-29 11:40:00,48.74887,48.75618,48.74245,48.7548,898,1497,0
2025-09-29 11:50:00,48.7548,48.76774,48.74554,48.76698,719,1498,0
2025-09-29 12:00:00,48.76657,48.77935,48.75785,48.7584,856,1467,0
2025-09-29 12:10:00,48.7584,48.77634,48.75539,48.75984,843,1466,0
2025-09-29 12:20:00,48.75984,48.77825,48.74942,48.7687,581,1466,0
2025-09-29 12:30:00,48.7687,48.77122,48.75839,48.76293,758,1593,0
2025-09-29 12:40:00,48.76293,48.76403,48.73881,48.73959,693,1804,0
2025-09-29 12:50:00,48.73959,48.75386,48.73881,48.74433,849,1626,0
2025-09-29 13:00:00,48.74433,48.75483,48.74289,48.74674,637,1474,0
2025-09-29 13:10:00,48.74674,48.7552,48.73812,48.74077,636,1697,0
2025-09-29 13:20:00,48.74077,48.75675,48.74057,48.75581,818,1476,0
2025-09-29 13:30:00,48.75581,48.75748,48.73669,48.74639,751,1474,0
2025-09-29 13:40:00,48.74639,48.75369,48.73537,48.74962,648,1474,0
2025-09-29 13:50:00,48.74965,48.75977,48.74352,48.75695,798,1505,0
2025-09-29 14:00:00,48.75695,48.75779,48.7381,48.74142,486,1505,0
2025-09-29 14:10:00,48.74142,48.74377,48.72618,48.72635,518,1523,0
2025-09-29 14:20:00,48.72635,48.73355,48.71242,48.71288,529,1528,0
2025-09-29 14:30:00,48.71288,48.74387,48.71081,48.73599,575,1456,0
2025-09-29 14:40:00,48.73599,48.74363,48.72093,48.72095,616,1340,0
2025-09-29 14:50:00,48.72136,48.79974,48.72136,48.79228,1097,1404,0
2025-09-29 15:00:00,48.79228,48.81398,48.76553,48.76752,1226,1339,0
2025-09-29 15:10:00,48.76752,48.78833,48.75373,48.78441,763,1463,0
2025-09-29 15:20:00,48.78441,48.78441,48.75087,48.76129,826,1250,0
2025-09-29 15:30:00,48.76129,48.83108,48.74715,48.83009,1345,1280,0
2025-09-29 15:40:00,48.83007,48.85167,48.80684,48.84902,1091,1253,0
2025-09-29 15:50:00,48.84902,48.88401,48.84252,48.87664,1407,1253,0
2025-09-29 16:00:00,48.87623,48.88283,48.83482,48.84069,1307,1473,0
2025-09-29 16:10:00,48.83986,48.85341,48.83627,48.84191,809,1571,0
2025-09-29 16:20:00,48.84191,48.84933,48.82464,48.84675,799,1314,0
2025-09-29 16:30:00,48.84675,48.88267,48.84015,48.85917,1099,1361,0
2025-09-29 16:40:00,48.86,48.89723,48.85714,48.88025,1132,1380,0
2025-09-29 16:50:00,48.88026,48.88068,48.83538,48.83669,1043,1338,0
2025-09-29 17:00:00,48.83669,48.852,48.81628,48.84178,1065,1448,0
2025-09-29 17:10:00,48.84178,48.8418,48.8107,48.81112,776,1265,0
2025-09-29 17:20:00,48.81112,48.82759,48.802459999999996,48.81328,1033,1367,0
2025-09-29 17:30:00,48.81329,48.82477,48.7933,48.80256,882,1366,0
2025-09-29 17:40:00,48.80256,48.8149,48.7989,48.8112,897,1376,0
2025-09-29 17:50:00,48.81122,48.81246,48.79119,48.79551,1141,1443,0
2025-09-29 18:00:00,48.79552,48.81026,48.77618,48.77827,1010,1367,0
2025-09-29 18:10:00,48.77827,48.78617,48.7627,48.78365,885,1400,0
2025-09-29 18:20:00,48.78365,48.81176,48.78188,48.80452,842,1558,0
2025-09-29 18:30:00,48.80452,48.80495,48.78589,48.79231,761,1527,0
2025-09-29 18:40:00,48.79231,48.81041,48.7869,48.79015,543,1527,0
2025-09-29 18:50:00,48.79015,48.80043,48.78205,48.785,595,1679,0
2025-09-29 19:00:00,48.785,48.785,48.75786,48.77119,648,2012,0
2025-09-29 19:10:00,48.7712,48.77976,48.75839,48.7638,647,4425,0
2025-09-29 19:20:00,48.76382,48.79098,48.76226,48.77765,856,4005,0
2025-09-29 19:30:00,48.77766,48.77769,48.76607,48.77212,755,3918,0
2025-09-29 19:40:00,48.77216,48.77603,48.76496,48.76916,366,3279,0
2025-09-29 19:50:00,48.76916,48.77957,48.76643,48.76948,446,3280,0
2025-09-29 20:00:00,48.76948,48.77814,48.76324,48.77303,723,3703,0
2025-09-29 20:10:00,48.77303,48.77459,48.75802,48.75814,460,3281,0
2025-09-29 20:20:00,48.75814,48.76072,48.73297,48.73764,681,3858,0
2025-09-29 20:30:00,48.73764,48.7434,48.72979,48.74274,663,4329,0
2025-09-29 20:40:00,48.74274,48.74637,48.73121,48.73961,639,4065,0
2025-09-29 20:50:00,48.73962,48.74548,48.73008,48.73105,875,4026,0
2025-09-29 21:00:00,48.73105,48.74199,48.726820000000004,48.7362,625,3476,0
2025-09-29 21:10:00,48.7362,48.75824,48.73586,48.75823,606,3477,0
2025-09-29 21:20:00,48.75823,48.76473,48.7538,48.75872,581,3477,0
2025-09-29 21:30:00,48.75872,48.77481,48.75405,48.77408,656,3902,0
2025-09-29 21:40:00,48.77408,48.78965,48.77051,48.78715,357,3476,0
2025-09-29 21:50:00,48.78715,48.79034,48.77848,48.78411,275,3474,0
2025-09-29 22:00:00,48.78411,48.78411,48.74255,48.75353,537,3474,0
2025-09-29 22:10:00,48.75353,48.77949,48.75312,48.77949,634,4365,0
2025-09-29 22:20:00,48.7795,48.78062,48.77393,48.7786,610,3626,0
2025-09-29 22:30:00,48.7786,48.78292,48.76986,48.77396,252,3477,0
2025-09-29 22:40:00,48.77396,48.77775,48.74752,48.75182,553,3477,0
2025-09-29 22:50:00,48.75182,48.76369,48.43204,48.75264,1094,4976,0
2025-09-29 23:00:00,48.75264,48.76729,48.75092,48.75712,684,4204,0
2025-09-29 23:10:00,48.75712,48.77,48.75699,48.76991,380,3712,0
2025-09-29 23:20:00,48.76991,48.77129,48.75413,48.75498,278,3617,0
2025-09-29 23:30:00,48.75409,48.75914,48.75152,48.75679,213,3741,0
2025-09-29 23:40:00,48.74552,48.74679,48.7405,48.74473,160,6191,0
2025-09-29 23:50:00,48.74393,48.75943,48.74124,48.75115,386,6245,0
2025-09-30 00:00:00,48.73786,48.73786,48.67232,48.72912,75,8645,0
2025-09-30 00:10:00,48.72912,48.7422,48.72912,48.74095,79,11961,0
2025-09-30 00:20:00,48.74095,48.74597,48.73728,48.73811,92,12086,0
2025-09-30 00:30:00,48.73811,48.74311,48.73562,48.74144,223,11447,0
2025-09-30 00:40:00,48.74144,48.74601,48.74019,48.74518,204,11446,0
2025-09-30 00:50:00,48.74518,48.74601,48.73397,48.74149,604,11446,0
2025-09-30 01:00:00,48.74149,48.76986,48.74149,48.75991,304,5738,0
2025-09-30 01:10:00,48.75991,48.77281,48.755160000000004,48.75869,485,5548,0
2025-09-30 01:20:00,48.75869,48.77274,48.75698,48.76242,466,5540,0
2025-09-30 01:30:00,48.76253,48.76764,48.75013,48.75651,554,5539,0
2025-09-30 01:40:00,48.75664,48.77187,48.75362,48.77187,599,5539,0
2025-09-30 01:50:00,48.77187,48.77461,48.76078,48.76794,521,5539,0
2025-09-30 02:00:00,48.76772,48.77252,48.758070000000004,48.77132,349,4633,0
2025-09-30 02:10:00,48.77132,48.78116,48.76896,48.7739,327,4633,0
2025-09-30 02:20:00,48.7739,48.78239,48.7737,48.77732,406,5608,0
2025-09-30 02:30:00,48.77732,48.7792,48.77057,48.77554,309,6065,0
2025-09-30 02:40:00,48.77554,48.78835,48.76965,48.78817,509,5142,0
2025-09-30 02:50:00,48.78817,48.79163,48.78404,48.78509,365,4389,0
2025-09-30 03:00:00,48.78549,48.78549,48.75865,48.76603,1107,4431,0
2025-09-30 03:10:00,48.76606,48.78159,48.76606,48.77608,626,5592,0
2025-09-30 03:20:00,48.77608,48.7835,48.76493,48.76871,606,5627,0
2025-09-30 03:30:00,48.76871,48.76871,48.74812,48.75446,442,5625,0
2025-09-30 03:40:00,48.7545,48.75562,48.72526,48.72568,753,4589,0
2025-09-30 03:50:00,48.72568,48.74648,48.69874,48.74607,921,4589,0
2025-09-30 04:00:00,48.74607,48.75079,48.7313,48.74776,843,4591,0
2025-09-30 04:10:00,48.74792,48.75783,48.73266,48.73619,511,5926,0
2025-09-30 04:20:00,48.73619,48.75881,48.73429,48.75631,415,5927,0
2025-09-30 04:30:00,48.75631,48.76296,48.72659,48.74037,769,5928,0
2025-09-30 04:40:00,48.74037,48.74662,48.71968,48.71968,598,5926,0
2025-09-30 04:50:00,48.71968,48.74514,48.70983,48.71184,684,5923,0
2025-09-30 05:00:00,48.71181,48.73073,48.69529,48.72844,734,6184,0
2025-09-30 05:10:00,48.72844,48.74755,48.72075,48.74719,506,6322,0
2025-09-30 05:20:00,48.74724,48.75083,48.73008,48.7435,455,5925,0
2025-09-30 05:30:00,48.7435,48.75207,48.73428,48.73636,383,5925,0
2025-09-30 05:40:00,48.73636,48.74553,48.73332,48.74387,547,5925,0
2025-09-30 05:50:00,48.74428,48.74781,48.72614,48.737,477,5925,0
2025-09-30 06:00:00,48.737,48.75036,48.73315,48.74537,529,5925,0
2025-09-30 06:10:00,48.74537,48.75285,48.72954,48.75067,405,5925,0
2025-09-30 06:20:00,48.75067,48.76395,48.74568,48.76065,278,5926,0
2025-09-30 06:30:00,48.76065,48.77178,48.74503,48.74674,517,4529,0
2025-09-30 06:40:00,48.74674,48.75642,48.74057,48.75563,610,5761,0
2025-09-30 06:50:00,48.75563,48.76404,48.74784,48.75003,807,5146,0
2025-09-30 07:00:00,48.75003,48.76246,48.74528,48.75929,525,4531,0
2025-09-30 07:10:00,48.75929,48.76054,48.74102,48.74306,252,4530,0
2025-09-30 07:20:00,48.74309,48.74945,48.72979,48.7431,496,4527,0
2025-09-30 07:30:00,48.7431,48.7535,48.72779,48.751,464,4527,0
2025-09-30 07:40:00,48.751,48.76973,48.74399,48.76765,530,4530,0
2025-09-30 07:50:00,48.76765,48.769800000000004,48.75853,48.76613,728,4532,0
2025-09-30 08:00:00,48.76613,48.78507,48.76352,48.78139,745,4532,0
2025-09-30 08:10:00,48.78111,48.79889,48.77311,48.77394,425,4531,0
2025-09-30 08:20:00,48.77394,48.79195,48.77394,48.783,417,4530,0
2025-09-30 08:30:00,48.78315,48.79666,48.77524,48.79662,462,4529,0
2025-09-30 08:40:00,48.79662,48.80493,48.77791,48.80451,588,4528,0
2025-09-30 08:50:00,48.80451,48.81562,48.78637,48.78813,661,4527,0
2025-09-30 09:00:00,48.78813,48.82056,48.78813,48.81876,1071,2426,0
2025-09-30 09:10:00,48.81876,48.82803,48.81192,48.81605,1109,1954,0
2025-09-30 09:20:00,48.81609,48.84253,48.81609,48.83724,970,2024,0
2025-09-30 09:30:00,48.83724,48.85021,48.83358,48.84801,840,1765,0
2025-09-30 09:40:00,48.84801,48.8619,48.83524,48.83617,965,1706,0
2025-09-30 09:50:00,48.83617,48.84444,48.82927,48.83085,924,1694,0
2025-09-30 10:00:00,48.83002,48.8586,48.82237,48.84887,1182,1593,0
2025-09-30 10:10:00,48.84887,48.87565,48.8469,48.87059,695,1544,0
2025-09-30 10:20:00,48.87052,48.879,48.86549,48.86814,862,2085,0
2025-09-30 10:30:00,48.86814,48.86911,48.8508,48.85161,1042,1878,0
2025-09-30 10:40:00,48.85164,48.86119,48.8289,48.85088,1453,1746,0
2025-09-30 10:50:00,48.85088,48.8632,48.83921,48.8514,1204,1700,0
2025-09-30 11:00:00,48.85641,48.88888,48.85636,48.88707,1268,1544,0
2025-09-30 11:10:00,48.88707,48.89496,48.87163,48.88973,989,1545,0
2025-09-30 11:20:00,48.88973,48.89197,48.86924,48.88489,813,1545,0
2025-09-30 11:30:00,48.88489,48.90906,48.88449,48.89691,942,1645,0
2025-09-30 11:40:00,48.89691,48.93883,48.89691,48.92224,1053,1501,0
2025-09-30 11:50:00,48.9223,48.92602,48.90517,48.90925,862,1501,0
2025-09-30 12:00:00,48.90925,48.92161,48.89488,48.9025,929,1500,0
2025-09-30 12:10:00,48.9025,48.90586,48.88329,48.89455,558,1499,0
2025-09-30 12:20:00,48.89457,48.89584,48.87011,48.87078,653,1478,0
2025-09-30 12:30:00,48.87078,48.88344,48.86952,48.87303,714,1476,0
2025-09-30 12:40:00,48.87303,48.901089999999996,48.86814,48.89549,618,1476,0
2025-09-30 12:50:00,48.89552,48.89565,48.87161,48.88074,622,1476,0
2025-09-30 13:00:00,48.88074,48.89651,48.876689999999996,48.87791,677,1478,0
2025-09-30 13:10:00,48.87791,48.87831,48.85524,48.86732,796,1485,0
2025-09-30 13:20:00,48.86734,48.88041,48.86296,48.8638,631,1476,0
2025-09-30 13:30:00,48.8638,48.86699,48.85259,48.85743,517,1476,0
2025-09-30 13:40:00,48.85743,48.86039,48.84664,48.84801,540,1476,0
2025-09-30 13:50:00,48.84801,48.87825,48.84762,48.87396,946,1476,0
2025-09-30 14:00:00,48.87396,48.88629,48.85599,48.85602,634,1258,0
2025-09-30 14:10:00,48.85602,48.85645,48.8378,48.84145,614,1298,0
2025-09-30 14:20:00,48.84145,48.85526,48.83549,48.84623,693,1249,0
2025-09-30 14:30:00,48.84623,48.86091,48.84425,48.84868,549,1251,0
2025-09-30 14:40:00,48.84868,48.85357,48.84413,48.8477,497,1249,0
2025-09-30 14:50:00,48.8477,48.86271,48.83925,48.85558,694,1547,0
2025-09-30 15:00:00,48.85599,48.87773,48.84975,48.851,774,1455,0
2025-09-30 15:10:00,48.851,48.86749,48.851,48.8555,689,1253,0
2025-09-30 15:20:00,48.85592,48.86525,48.84529,48.852,660,1249,0
2025-09-30 15:30:00,48.852,48.85734,48.81706,48.83549,633,1254,0
2025-09-30 15:40:00,48.83549,48.84462,48.82232,48.83428,718,1269,0
2025-09-30 15:50:00,48.83471,48.83849,48.82032,48.83653,538,1249,0
2025-09-30 16:00:00,48.83653,48.84529,48.76483,48.76821,992,1249,0
2025-09-30 16:10:00,48.76823,48.79808,48.76614,48.78917,826,1427,0
2025-09-30 16:20:00,48.78917,48.79041,48.7507,48.76815,967,1247,0
2025-09-30 16:30:00,48.76857,48.81158,48.76775,48.805,1022,1441,0
2025-09-30 16:40:00,48.805,48.83345,48.79848,48.83304,934,1609,0
2025-09-30 16:50:00,48.83304,48.83797,48.80331,48.80738,1021,1467,0
2025-09-30 17:00:00,48.810810000000004,48.86052,48.77753,48.8605,1731,1503,0
2025-09-30 17:10:00,48.8605,48.88321,48.84494,48.86067,1151,1294,0
2025-09-30 17:20:00,48.86067,48.86403,48.82557,48.84658,1263,1333,0
2025-09-30 17:30:00,48.84704,48.88678,48.84659,48.88514,1114,1436,0
2025-09-30 17:40:00,48.88514,48.89257,48.8638,48.88545,1152,1364,0
2025-09-30 17:50:00,48.88503,48.89601,48.86934,48.88569,1394,1242,0
2025-09-30 18:00:00,48.88569,48.8879,48.84619,48.84792,1536,1242,0
2025-09-30 18:10:00,48.84792,48.85796,48.80774,48.80775,1224,1501,0
2025-09-30 18:20:00,48.80775,48.81743,48.78312,48.78586,987,1650,0
2025-09-30 18:30:00,48.78586,48.80448,48.78586,48.79502,796,1896,0
2025-09-30 18:40:00,48.79503,48.80998,48.78889,48.80387,914,1705,0
2025-09-30 18:50:00,48.80387,48.82054,48.79164,48.81929,645,1693,0
2025-09-30 19:00:00,48.81929,48.82426,48.79675,48.81753,802,1736,0
2025-09-30 19:10:00,48.81755,48.82055,48.79657,48.81788,620,4716,0
2025-09-30 19:20:00,48.81788,48.83708,48.81704,48.83708,922,3971,0
2025-09-30 19:30:00,48.8371,48.86545,48.83105,48.85678,1125,3728,0
2025-09-30 19:40:00,48.85681,48.87608,48.85194,48.87568,829,3728,0
2025-09-30 19:50:00,48.87529,48.90644,48.87487,48.89572,701,3731,0
2025-09-30 20:00:00,48.89572,48.90154,48.87202,48.87925,723,3732,0
2025-09-30 20:10:00,48.87926,48.8909,48.87738,48.8902,596,4254,0
2025-09-30 20:20:00,48.89022,48.90905,48.88384,48.88829,757,4576,0
2025-09-30 20:30:00,48.88829,48.89655,48.87898,48.89174,635,4601,0
2025-09-30 20:40:00,48.89174,48.89288,48.85953,48.86075,597,4461,0
2025-09-30 20:50:00,48.86077,48.86699,48.84796,48.85805,564,4559,0
2025-09-30 21:00:00,48.85805,48.85843,48.83528,48.84249,483,4552,0
2025-09-30 21:10:00,48.84249,48.8511,48.83002,48.83046,300,4534,0
2025-09-30 21:20:00,48.83046,48.83432,48.81861,48.82476,434,5310,0
2025-09-30 21:30:00,48.82476,48.82476,48.80179,48.82155,822,4815,0
2025-09-30 21:40:00,48.82156,48.83165,48.81536,48.81981,680,4158,0
2025-09-30 21:50:00,48.81981,48.83912,48.81981,48.8297,701,4758,0
2025-09-30 22:00:00,48.82971,48.82972,48.80915,48.82231,912,4535,0
2025-09-30 22:10:00,48.82231,48.8334,48.82119,48.83132,648,3745,0
2025-09-30 22:20:00,48.83132,48.8342,48.81423,48.82213,316,3750,0
2025-09-30 22:30:00,48.82213,48.82426,48.81502,48.81993,364,3757,0
2025-09-30 22:40:00,48.81993,48.82663,48.80951,48.81755,375,4360,0
2025-09-30 22:50:00,48.81755,48.82901,48.81295,48.81542,706,4650,0
2025-09-30 23:00:00,48.81584,48.81791,48.80189,48.80733,783,3700,0
2025-09-30 23:10:00,48.80733,48.80935,48.79373,48.80468,525,3623,0
2025-09-30 23:20:00,48.80468,48.80703,48.79469,48.79883,188,3620,0
2025-09-30 23:30:00,48.79883,48.80643,48.79883,48.80582,459,4419,0
2025-09-30 23:40:00,48.80582,48.80582,48.78633,48.78675,220,4419,0
2025-09-30 23:50:00,48.78675,48.80006,48.78499,48.79711,282,6438,0
2025-10-01 00:00:00,48.79618,48.79618,48.75861,48.77608,82,6702,0
2025-10-01 00:10:00,48.77524,48.77782,48.76245,48.77658,166,12850,0
2025-10-01 00:20:00,48.77658,48.77815,48.77619,48.77732,68,12782,0
2025-10-01 00:30:00,48.77732,48.78188,48.7708,48.78188,190,12543,0
2025-10-01 00:40:00,48.78188,48.78268,48.77555,48.77598,179,12168,0
2025-10-01 00:50:00,48.77598,48.78249,48.77543,48.77753,513,12015,0
2025-10-01 01:00:00,48.77753,48.82572,48.77753,48.80896,808,7978,0
2025-10-01 01:10:00,48.80896,48.8094,48.79951,48.80256,490,8239,0
2025-10-01 01:20:00,48.80256,48.81577,48.79419,48.79422,583,6214,0
2025-10-01 01:30:00,48.79422,48.80885,48.79222,48.80431,361,6138,0
2025-10-01 01:40:00,48.80431,48.8058,48.7975,48.79836,266,6146,0
2025-10-01 01:50:00,48.79835,48.79931,48.78672,48.79445,546,6848,0
2025-10-01 02:00:00,48.79445,48.82551,48.79246,48.82509,876,6336,0
2025-10-01 02:10:00,48.82514,48.83295,48.81541,48.81583,762,5539,0
2025-10-01 02:20:00,48.81583,48.82528,48.8097,48.82062,728,4783,0
2025-10-01 02:30:00,48.82062,48.82693,48.80373,48.81125,695,4592,0
2025-10-01 02:40:00,48.80916,48.82021,48.79381,48.81701,1166,4706,0
2025-10-01 02:50:00,48.81757,48.82148,48.80385,48.80615,894,4595,0
2025-10-01 03:00:00,48.80615,48.80615,48.7829,48.78761,725,5430,0
2025-10-01 03:10:00,48.78761,48.81302,48.7862,48.81058,577,5980,0
2025-10-01 03:20:00,48.81059,48.81786,48.80218,48.80292,401,6419,0
2025-10-01 03:30:00,48.80292,48.80677,48.78745,48.78913,423,6643,0
2025-10-01 03:40:00,48.78913,48.80427,48.78647,48.80389,466,6709,0
2025-10-01 03:50:00,48.8039,48.81854,48.79468,48.8153,676,5401,0
2025-10-01 04:00:00,48.8153,48.81571,48.78137,48.78852,912,5400,0
2025-10-01 04:10:00,48.78852,48.80458,48.78781,48.80053,328,7159,0
2025-10-01 04:20:00,48.80053,48.81218,48.79604,48.81054,287,7595,0
2025-10-01 04:30:00,48.81054,48.8184,48.80511,48.81631,517,7594,0
2025-10-01 04:40:00,48.81589,48.82418,48.81243,48.81449,293,7601,0
2025-10-01 04:50:00,48.81449,48.82021,48.80183,48.81605,502,7797,0
2025-10-01 05:00:00,48.81605,48.81774,48.79263,48.79268,673,7127,0
2025-10-01 05:10:00,48.79268,48.80675,48.78652,48.79769,550,6931,0
2025-10-01 05:20:00,48.79769,48.81129,48.79591,48.80298,346,5938,0
2025-10-01 05:30:00,48.80298,48.80499,48.78571,48.79387,585,5935,0
2025-10-01 05:40:00,48.79387,48.81562,48.79387,48.81478,453,5939,0
2025-10-01 05:50:00,48.81478,48.8272,48.8039,48.82087,487,5941,0
2025-10-01 06:00:00,48.82087,48.82416,48.80406,48.82304,406,5940,0
2025-10-01 06:10:00,48.82304,48.82443,48.79907,48.80032,335,5940,0
2025-10-01 06:20:00,48.80032,48.81632,48.79723,48.81632,310,5942,0
2025-10-01 06:30:00,48.81632,48.82348,48.80098,48.81258,345,4610,0
2025-10-01 06:40:00,48.81268,48.82347,48.80813,48.82335,350,4601,0
2025-10-01 06:50:00,48.82335,48.82601,48.80872,48.8221,551,4602,0
2025-10-01 07:00:00,48.82211,48.83,48.81925,48.82792,652,5412,0
2025-10-01 07:10:00,48.82757,48.84266,48.82655,48.83829,500,6043,0
2025-10-01 07:20:00,48.83829,48.85536,48.83142,48.85536,378,4608,0
2025-10-01 07:30:00,48.85536,48.87183,48.85155,48.85266,749,4609,0
2025-10-01 07:40:00,48.85273,48.8804,48.8515,48.87412,678,4812,0
2025-10-01 07:50:00,48.87423,48.90786,48.87422,48.89772,807,4614,0
2025-10-01 08:00:00,48.89772,48.93536,48.89772,48.91878,927,4616,0
2025-10-01 08:10:00,48.91878,48.92986,48.89244,48.9265,633,4606,0
2025-10-01 08:20:00,48.9265,48.93191,48.89336,48.91668,790,4605,0
2025-10-01 08:30:00,48.9168,48.9203,48.89466,48.89466,400,4608,0
2025-10-01 08:40:00,48.89466,48.91026,48.88291,48.88291,371,4604,0
2025-10-01 08:50:00,48.88291,48.90516,48.88291,48.88942,559,5945,0
2025-10-01 09:00:00,48.88942,48.93136,48.88877,48.92213,1086,2180,0
2025-10-01 09:10:00,48.92213,48.94306,48.91254,48.91972,979,2117,0
2025-10-01 09:20:00,48.91972,48.93512,48.91071,48.93491,885,1740,0
2025-10-01 09:30:00,48.93631,48.95925,48.93184,48.95887,966,1688,0
2025-10-01 09:40:00,48.9589,49.00187,48.95889,48.98536,1333,1685,0
2025-10-01 09:50:00,48.98536,48.98668,48.96567,48.97441,1502,1679,0
2025-10-01 10:00:00,48.97362,49.01674,48.97362,48.98967,1613,1516,0
2025-10-01 10:10:00,48.98967,49.01884,48.98927,48.99756,1549,1483,0
2025-10-01 10:20:00,48.99762,49.00116,48.91156,48.91156,1620,1361,0
2025-10-01 10:30:00,48.91115,48.93062,48.88559,48.93062,1613,1618,0
2025-10-01 10:40:00,48.93021,48.93203,48.86374,48.90123,1829,1354,0
2025-10-01 10:50:00,48.90165,48.92955,48.88585,48.89764,1318,1356,0
2025-10-01 11:00:00,48.89764,48.95257,48.89764,48.94784,1522,1624,0
2025-10-01 11:10:00,48.94784,48.95037,48.90663,48.93307,1441,1356,0
2025-10-01 11:20:00,48.93307,48.93844,48.91268,48.92278,1066,1355,0
2025-10-01 11:30:00,48.92278,48.96879,48.9155,48.96031,1106,1356,0
2025-10-01 11:40:00,48.96073,48.96572,48.92609,48.92729,1129,1356,0
2025-10-01 11:50:00,48.92729,48.92817,48.89506,48.89712,883,1810,0
2025-10-01 12:00:00,48.89796,48.91763,48.88461,48.9014,1110,1357,0
2025-10-01 12:10:00,48.90142,48.90942,48.87656,48.87684,1080,1355,0
2025-10-01 12:20:00,48.87684,48.89308,48.86709,48.86834,819,1355,0
2025-10-01 12:30:00,48.86792,48.87834,48.8555,48.86872,890,1355,0
2025-10-01 12:40:00,48.86877,48.86972,48.84134,48.85576,995,1355,0
2025-10-01 12:50:00,48.85584,48.85584,48.81334,48.8217,946,1354,0
2025-10-01 13:00:00,48.8217,48.8264,48.79524,48.80416,1239,1354,0
2025-10-01 13:10:00,48.8042,48.81889,48.79014,48.79188,1030,1358,0
2025-10-01 13:20:00,48.79188,48.79288,48.76007,48.76275,1027,1798,0
2025-10-01 13:30:00,48.76192,48.78747,48.75495,48.77996,905,1352,0
2025-10-01 13:40:00,48.77996,48.81376,48.77957,48.80572,1009,1352,0
2025-10-01 13:50:00,48.80488,48.816159999999996,48.77118,48.79491,1022,1351,0
2025-10-01 14:00:00,48.79532,48.81416,48.79532,48.808,556,1380,0
2025-10-01 14:10:00,48.808,48.83309,48.80081,48.82703,608,1387,0
2025-10-01 14:20:00,48.82703,48.8424,48.82255,48.84,585,1293,0
2025-10-01 14:30:00,48.84,48.85338,48.82402,48.85196,613,1265,0
2025-10-01 14:40:00,48.85196,48.85878,48.84538,48.84957,580,1238,0
2025-10-01 14:50:00,48.84957,48.8535,48.82672,48.83162,749,1414,0
2025-10-01 15:00:00,48.83162,48.8362,48.78897,48.78981,1020,1356,0
2025-10-01 15:10:00,48.78981,48.97464,48.78332,48.94756,2083,1529,0
2025-10-01 15:20:00,48.94672,48.9567,48.88353,48.90436,2307,1345,0
2025-10-01 15:30:00,48.90436,48.95353,48.88015,48.89567,1832,1204,0
2025-10-01 15:40:00,48.89567,48.93572,48.87013,48.9298,1583,1128,0
2025-10-01 15:50:00,48.9298,48.94087,48.87027,48.89085,1386,1177,0
2025-10-01 16:00:00,48.89127,48.9225,48.87917,48.91824,1359,1345,0
2025-10-01 16:10:00,48.91824,48.93453,48.88551,48.90316,1301,1331,0
2025-10-01 16:20:00,48.90316,48.92734,48.88356,48.90857,1289,1284,0
2025-10-01 16:30:00,48.90691,48.93526,48.90392,48.92094,1432,1285,0
2025-10-01 16:40:00,48.92095,48.9419,48.91888,48.92257,1248,1200,0
2025-10-01 16:50:00,48.9234,48.92378,48.89448,48.90875,1122,1129,0
2025-10-01 17:00:00,48.90792,48.94782,48.8792,48.89949,1764,1335,0
2025-10-01 17:10:00,48.90074,48.90325,48.84883,48.86145,1298,1127,0
2025-10-01 17:20:00,48.86103,48.89174,48.82938,48.88356,1193,1128,0
2025-10-01 17:30:00,48.88356,48.91473,48.88049,48.90572,841,1129,0
2025-10-01 17:40:00,48.90572,48.91666,48.80962,48.86831,1862,1175,0
2025-10-01 17:50:00,48.86873,48.90078,48.84796,48.87476,2335,1465,0
2025-10-01 18:00:00,48.87476,48.88177,48.82309,48.84032,1682,1432,0
2025-10-01 18:10:00,48.8424,48.85034,48.78257,48.79214,1171,1174,0
2025-10-01 18:20:00,48.79172,48.8174,48.7701,48.78914,1036,1419,0
2025-10-01 18:30:00,48.78914,48.81292,48.77962,48.79745,968,1419,0
2025-10-01 18:40:00,48.79746,48.82712,48.79064,48.79191,860,1614,0
2025-10-01 18:50:00,48.79191,48.79506,48.77183,48.77434,668,1581,0
2025-10-01 19:00:00,48.77434,48.77967,48.73592,48.7672,1099,1888,0
2025-10-01 19:10:00,48.7672,48.76973,48.75353,48.76627,567,4418,0
2025-10-01 19:20:00,48.76627,48.77476,48.75979,48.75981,502,4434,0
2025-10-01 19:30:00,48.75982,48.76362,48.74087,48.74824,786,4558,0
2025-10-01 19:40:00,48.74866,48.76012,48.72954,48.75738,525,4496,0
2025-10-01 19:50:00,48.75738,48.76732,48.74168,48.75951,969,4056,0
2025-10-01 20:00:00,48.76035,48.79102,48.75993,48.78498,917,3684,0
2025-10-01 20:10:00,48.78498,48.79295,48.77769,48.78672,784,3381,0
2025-10-01 20:20:00,48.78672,48.80754,48.78672,48.79652,730,3381,0
2025-10-01 20:30:00,48.79652,48.79839,48.77297,48.78414,606,3804,0
2025-10-01 20:40:00,48.78414,48.78909,48.76821,48.77944,699,3816,0
2025-10-01 20:50:00,48.77944,48.7835,48.75708,48.76221,674,4519,0
2025-10-01 21:00:00,48.76221,48.77848,48.75609,48.778059999999996,811,3382,0
2025-10-01 21:10:00,48.778059999999996,48.81687,48.76872,48.81598,490,3382,0
2025-10-01 21:20:00,48.81598,48.83077,48.80794,48.82952,698,3382,0
2025-10-01 21:30:00,48.82952,48.84616,48.82703,48.84075,430,3383,0
2025-10-01 21:40:00,48.84075,48.8445,48.822,48.83134,669,3383,0
2025-10-01 21:50:00,48.83135,48.83227,48.81013,48.81013,833,4040,0
2025-10-01 22:00:00,48.81013,48.82284,48.8027,48.80603,707,3380,0
2025-10-01 22:10:00,48.80603,48.81465,48.80104,48.80532,531,4484,0
2025-10-01 22:20:00,48.80532,48.81367,48.80069,48.81202,723,3384,0
2025-10-01 22:30:00,48.81204,48.81861,48.80036,48.80989,573,4020,0
2025-10-01 22:40:00,48.8099,48.82126,48.80811,48.82081,405,3384,0
2025-10-01 22:50:00,48.82123,48.82154,48.78723,48.7918,665,3384,0
2025-10-01 23:00:00,48.7918,48.79548,48.78317,48.79004,810,3379,0
2025-10-01 23:10:00,48.79004,48.79576,48.78695,48.78762,230,3555,0
2025-10-01 23:20:00,48.78764,48.79148,48.77006,48.77172,633,4381,0
2025-10-01 23:30:00,48.77172,48.78649,48.77133,48.78519,418,4352,0
2025-10-01 23:40:00,48.78085,48.78244,48.48001,48.59282,316,6256,0
2025-10-01 23:50:00,48.59282,48.78103,48.58847,48.73459,642,6301,0
2025-10-02 00:00:00,48.41796,48.67653,48.41796,48.61822,25,29127,0
2025-10-02 00:10:00,48.61822,48.63827,48.60062,48.6168,21,32163,0
2025-10-02 00:20:00,48.6168,48.75716,48.53296,48.75565,590,19339,0
2025-10-02 00:30:00,48.75565,48.76521,48.75482,48.76195,195,19211,0
2025-10-02 00:40:00,48.76195,48.77235,48.75159,48.75658,1066,18032,0
2025-10-02 00:50:00,48.75658,48.76796,48.75467,48.7663,849,18307,0
2025-10-02 01:00:00,48.7663,48.87784,48.7663,48.87685,1052,7843,0
2025-10-02 01:10:00,48.87685,48.88287,48.87193,48.88155,380,7641,0
2025-10-02 01:20:00,48.88155,48.88435,48.87402,48.87583,323,7930,0
2025-10-02 01:30:00,48.87583,48.8799,48.87411,48.87599,191,8416,0
2025-10-02 01:40:00,48.87599,48.88001,48.87599,48.87951,145,8684,0
2025-10-02 01:50:00,48.87951,48.87992,48.87477,48.87516,125,8793,0
2025-10-02 02:00:00,48.87516,48.87558,48.85,48.8618,367,8866,0
2025-10-02 02:10:00,48.8618,48.86183,48.85044,48.85552,288,12025,0
2025-10-02 02:20:00,48.85555,48.86311,48.85426,48.86311,389,11519,0
2025-10-02 02:30:00,48.8631,48.8652,48.85653,48.85789,306,11123,0
2025-10-02 02:40:00,48.85789,48.85862,48.83624,48.83788,389,11973,0
2025-10-02 02:50:00,48.83788,48.84188,48.82747,48.82893,452,14198,0
2025-10-02 03:00:00,48.82893,48.83588,48.80756,48.80851,823,13929,0
2025-10-02 03:10:00,48.80851,48.81763,48.79138,48.81678,982,13717,0
2025-10-02 03:20:00,48.81678,48.82086,48.80498,48.80891,567,12887,0
2025-10-02 03:30:00,48.80891,48.84281,48.8089,48.83308,542,9260,0
2025-10-02 03:40:00,48.83308,48.84386,48.82957,48.84139,459,10188,0
2025-10-02 03:50:00,48.84139,48.85373,48.83413,48.84627,670,10500,0
2025-10-02 04:00:00,48.84627,48.84953,48.81954,48.83912,825,9634,0
2025-10-02 04:10:00,48.83912,48.86284,48.8387,48.86034,423,9082,0
2025-10-02 04:20:00,48.86034,48.88109,48.85826,48.87058,621,9083,0
2025-10-02 04:30:00,48.87058,48.89237,48.8581,48.89237,682,9538,0
2025-10-02 04:40:00,48.89238,48.89325,48.87258,48.88159,658,9465,0
2025-10-02 04:50:00,48.8812,48.88901,48.8812,48.88768,574,9747,0
2025-10-02 05:00:00,48.88768,48.89592,48.87615,48.88426,516,10350,0
2025-10-02 05:10:00,48.88426,48.90182,48.88006,48.8857,673,10074,0
2025-10-02 05:20:00,48.88578,48.89379,48.88184,48.89337,352,9089,0
2025-10-02 05:30:00,48.89337,48.89833,48.87623,48.881,573,9089,0
2025-10-02 05:40:00,48.88104,48.88579,48.87935,48.88426,396,10154,0
2025-10-02 05:50:00,48.88426,48.88943,48.86899,48.87024,318,10576,0
2025-10-02 06:00:00,48.87024,48.88214,48.86757,48.8809,480,9087,0
2025-10-02 06:10:00,48.8809,48.89231,48.8681,48.88382,393,9087,0
2025-10-02 06:20:00,48.88382,48.89146,48.87031,48.8773,302,9086,0
2025-10-02 06:30:00,48.8773,48.8829,48.86011,48.87677,530,8436,0
2025-10-02 06:40:00,48.87677,48.88093,48.8631,48.87968,235,8435,0
2025-10-02 06:50:00,48.87968,48.88286,48.8717,48.87911,166,8436,0
2025-10-02 07:00:00,48.87911,48.88088,48.86199,48.87791,431,8250,0
2025-10-02 07:10:00,48.87791,48.8806,48.86518,48.86748,456,8252,0
2025-10-02 07:20:00,48.86748,48.88139,48.86729,48.87639,268,8251,0
2025-10-02 07:30:00,48.87639,48.87806,48.85766,48.86647,595,8249,0
2025-10-02 07:40:00,48.86647,48.86766,48.84949,48.85469,429,9309,0
2025-10-02 07:50:00,48.85472,48.86782,48.85331,48.86508,635,9767,0
2025-10-02 08:00:00,48.86508,48.87741,48.85474,48.8692,712,8246,0
2025-10-02 08:10:00,48.86927,48.87359,48.84755,48.86254,644,8246,0
2025-10-02 08:20:00,48.86254,48.86576,48.84486,48.86576,482,8247,0
2025-10-02 08:30:00,48.86617,48.87817,48.85025,48.86392,376,8246,0
2025-10-02 08:40:00,48.86392,48.88678,48.86375,48.8834,451,8249,0
2025-10-02 08:50:00,48.8834,48.88423,48.868430000000004,48.87244,277,8248,0
2025-10-02 09:00:00,48.87286,48.95195,48.87286,48.94774,1043,3215,0
2025-10-02 09:10:00,48.94774,48.95194,48.92978,48.93066,611,2377,0
2025-10-02 09:20:00,48.93066,48.94001,48.91864,48.9265,844,2077,0
2025-10-02 09:30:00,48.92775,48.95295,48.9149,48.93294,1280,2077,0
2025-10-02 09:40:00,48.93341,48.93455,48.91173,48.91572,1005,2007,0
2025-10-02 09:50:00,48.91572,48.95022,48.91213,48.94492,1131,2007,0
2025-10-02 10:00:00,48.94497,48.99392,48.93686,48.97441,1070,2004,0
2025-10-02 10:10:00,48.97441,48.9937,48.95846,48.98097,1149,2073,0
2025-10-02 10:20:00,48.981,48.98446,48.96201,48.96357,982,2202,0
2025-10-02 10:30:00,48.96357,48.97512,48.95961,48.96881,939,2571,0
2025-10-02 10:40:00,48.96883,49.00532,48.96772,49.00346,1029,2068,0
2025-10-02 10:50:00,49.00346,49.00418,48.97632,48.97714,1024,2042,0
2025-10-02 11:00:00,48.97675,48.9966,48.9757,48.97943,1139,2441,0
2025-10-02 11:10:00,48.97943,48.99318,48.971940000000004,48.98463,962,2287,0
2025-10-02 11:20:00,48.98463,49.00525,48.98306,48.99922,707,2217,0
2025-10-02 11:30:00,48.9988,49.00434,48.97836,48.98683,933,2019,0
2025-10-02 11:40:00,48.98729,48.99221,48.95704,48.99014,1080,2019,0
2025-10-02 11:50:00,48.99017,49.00711,48.97831,48.99455,1115,2149,0
2025-10-02 12:00:00,48.99458,49.00531,48.9839,48.98702,1126,2142,0
2025-10-02 12:10:00,48.98702,49.02046,48.98618,49.01445,856,2012,0
2025-10-02 12:20:00,49.01447,49.01713,49.00469,49.0053,870,2027,0
2025-10-02 12:30:00,49.00614,49.01565,48.9935,48.99931,1024,2131,0
2025-10-02 12:40:00,48.99976,49.01034,48.99278,48.9966,965,2017,0
2025-10-02 12:50:00,48.9966,49.00811,48.98199,49.00584,1011,2004,0
2025-10-02 13:00:00,49.00542,49.00555,48.96702,48.98323,1074,2003,0
2025-10-02 13:10:00,48.98368,48.98639,48.96863,48.97848,815,2063,0
2025-10-02 13:20:00,48.9785,48.99357,48.96843,48.98925,688,2003,0
2025-10-02 13:30:00,48.98925,48.99842,48.9783,48.98312,688,1999,0
2025-10-02 13:40:00,48.98312,48.99274,48.96619,48.9917,736,1998,0
2025-10-02 13:50:00,48.9917,49.00319,48.97965,48.99596,954,2087,0
2025-10-02 14:00:00,48.99596,49.00106,48.97876,48.98044,582,2012,0
2025-10-02 14:10:00,48.98044,49.00214,48.98044,48.99772,399,1962,0
2025-10-02 14:20:00,48.99772,49.0009,48.98432,48.99014,405,1958,0
2025-10-02 14:30:00,48.99014,49.01472,48.98354,49.00522,588,2041,0
2025-10-02 14:40:00,49.00522,49.00733,48.98683,48.99011,585,2023,0
2025-10-02 14:50:00,48.99013,49.00184,48.98511,48.99202,769,1761,0
2025-10-02 15:00:00,48.99202,49.02543,48.99119,49.00398,784,1761,0
2025-10-02 15:10:00,49.00398,49.02102,48.99984,49.00499,550,1762,0
2025-10-02 15:20:00,49.00499,49.00708,48.97655,48.98102,560,1762,0
2025-10-02 15:30:00,48.98102,48.98606,48.97146,48.97384,666,1872,0
2025-10-02 15:40:00,48.97384,48.97558,48.94027,48.95291,1021,1865,0
2025-10-02 15:50:00,48.95292,48.96344,48.92559,48.9387,1022,2044,0
2025-10-02 16:00:00,48.93912,48.96456,48.93339,48.96456,1272,1778,0
2025-10-02 16:10:00,48.96373,48.96456,48.92684,48.95146,848,1759,0
2025-10-02 16:20:00,48.95146,48.95959,48.93982,48.95622,686,1760,0
2025-10-02 16:30:00,48.95622,48.9683,48.91762,48.91804,1075,1815,0
2025-10-02 16:40:00,48.91804,48.91804,48.87947,48.87947,1373,1864,0
2025-10-02 16:50:00,48.87947,48.88826,48.84101,48.87914,1240,1749,0
2025-10-02 17:00:00,48.87915,48.87915,48.83402,48.84607,1228,2025,0
2025-10-02 17:10:00,48.84607,48.84752,48.80927,48.83511,1496,1769,0
2025-10-02 17:20:00,48.83511,48.85477,48.8168,48.84745,1127,1747,0
2025-10-02 17:30:00,48.84745,48.855199999999996,48.83533,48.84224,954,1747,0
2025-10-02 17:40:00,48.84224,48.84923,48.81055,48.82053,1028,1747,0
2025-10-02 17:50:00,48.82053,48.84433,48.80447,48.83933,1201,1746,0
2025-10-02 18:00:00,48.83808,48.83931,48.80526,48.81674,1046,2023,0
2025-10-02 18:10:00,48.81674,48.82467,48.74797,48.76498,1175,2368,0
2025-10-02 18:20:00,48.76456,48.78726,48.75712,48.76362,826,2435,0
2025-10-02 18:30:00,48.76362,48.76902,48.73198,48.73663,855,2854,0
2025-10-02 18:40:00,48.73663,48.76439,48.73125,48.73357,911,2781,0
2025-10-02 18:50:00,48.73357,48.7727,48.70903,48.76369,984,2955,0
2025-10-02 19:00:00,48.76369,48.77628,48.74543,48.77346,1129,2990,0
2025-10-02 19:10:00,48.77346,48.80146,48.77189,48.79449,745,4577,0
2025-10-02 19:20:00,48.79449,48.79665,48.77048,48.79473,811,4582,0
2025-10-02 19:30:00,48.79476,48.81204,48.79246,48.79965,605,4415,0
2025-10-02 19:40:00,48.79968,48.8022,48.78893,48.79925,870,4849,0
2025-10-02 19:50:00,48.79925,48.82508,48.79925,48.82478,742,4422,0
2025-10-02 20:00:00,48.82478,48.84295,48.81764,48.83669,516,4428,0
2025-10-02 20:10:00,48.83669,48.84211,48.81673,48.83202,520,4428,0
2025-10-02 20:20:00,48.83202,48.85072,48.83202,48.84281,691,4431,0
2025-10-02 20:30:00,48.84281,48.84865,48.82781,48.83898,448,4429,0
2025-10-02 20:40:00,48.83898,48.847,48.83352,48.84262,363,4483,0
2025-10-02 20:50:00,48.84262,48.84509,48.8186,48.81906,446,4893,0
2025-10-02 21:00:00,48.81906,48.83212,48.8145,48.82677,590,5357,0
2025-10-02 21:10:00,48.82677,48.84222,48.82311,48.83647,389,5344,0
2025-10-02 21:20:00,48.83647,48.84012,48.83051,48.83887,290,5281,0
2025-10-02 21:30:00,48.83887,48.84586,48.83512,48.84498,233,5281,0
2025-10-02 21:40:00,48.84498,48.84619,48.83485,48.84228,305,5310,0
2025-10-02 21:50:00,48.84228,48.85861,48.84228,48.85392,629,5330,0
2025-10-02 22:00:00,48.85393,48.87907,48.85385,48.87665,517,4812,0
2025-10-02 22:10:00,48.87665,48.87793,48.86479,48.86579,471,4619,0
2025-10-02 22:20:00,48.86579,48.86947,48.86395,48.86572,572,4794,0
2025-10-02 22:30:00,48.8653,48.86691,48.85718,48.85799,281,4572,0
2025-10-02 22:40:00,48.85799,48.85799,48.83949,48.84118,416,4590,0
2025-10-02 22:50:00,48.84119,48.8465,48.83589,48.83731,455,5471,0
2025-10-02 23:00:00,48.83732,48.86309,48.82924,48.85427,804,5421,0
2025-10-02 23:10:00,48.85385,48.85428,48.82617,48.82849,583,4998,0
2025-10-02 23:20:00,48.8285,48.84615,48.8285,48.83858,707,4782,0
2025-10-02 23:30:00,48.83858,48.84782,48.83016,48.8469,752,4804,0
2025-10-02 23:40:00,48.83331,48.83505,48.81358,48.81662,237,7175,0
2025-10-02 23:50:00,48.81662,48.82082,48.70679,48.81385,530,7491,0
2025-10-03 00:00:00,48.72764,48.77013,48.50692,48.76655,180,14809,0
2025-10-03 00:10:00,48.76655,48.7782,48.76023,48.76796,142,14450,0
2025-10-03 00:20:00,48.76796,48.77148,48.76627,48.77141,115,14102,0
2025-10-03 00:30:00,48.77141,48.78276,48.76815,48.7786,245,14032,0
2025-10-03 00:40:00,48.7786,48.78821,48.77319,48.78592,324,14033,0
2025-10-03 00:50:00,48.78592,48.78592,48.76969,48.7779,301,14015,0
2025-10-03 01:00:00,48.7779,48.823949999999996,48.7779,48.8166,804,9318,0
2025-10-03 01:10:00,48.8166,48.82003,48.81246,48.81761,511,10075,0
2025-10-03 01:20:00,48.81761,48.82007,48.81122,48.81128,215,10077,0
2025-10-03 01:30:00,48.81128,48.81958,48.80988,48.81958,447,9786,0
2025-10-03 01:40:00,48.81958,48.82784,48.81958,48.82133,334,9293,0
2025-10-03 01:50:00,48.82133,48.82606,48.81825,48.81972,328,9511,0
2025-10-03 02:00:00,48.81972,48.8339,48.81235,48.83202,555,9109,0
2025-10-03 02:10:00,48.83202,48.83783,48.82843,48.83665,322,9103,0
2025-10-03 02:20:00,48.83665,48.83845,48.83333,48.83335,415,9894,0
2025-10-03 02:30:00,48.83336,48.8453,48.79838,48.81579,284,10735,0
2025-10-03 02:40:00,48.81579,48.81897,48.81098,48.81694,351,16754,0
2025-10-03 02:50:00,48.81694,48.8171,48.81115,48.81174,648,16715,0
2025-10-03 03:00:00,48.81177,48.81182,48.794200000000004,48.81138,704,15266,0
2025-10-03 03:10:00,48.81143,48.81847,48.801,48.80142,764,15141,0
2025-10-03 03:20:00,48.80142,48.81714,48.80142,48.81243,708,15678,0
2025-10-03 03:30:00,48.81242,48.83586,48.80435,48.82828,572,8754,0
2025-10-03 03:40:00,48.82828,48.83506,48.8237,48.83461,442,8575,0
2025-10-03 03:50:00,48.83461,48.84106,48.82504,48.83766,801,8896,0
2025-10-03 04:00:00,48.83814,48.85886,48.82054,48.8385,1129,9209,0
2025-10-03 04:10:00,48.8385,48.83918,48.81319,48.820570000000004,1004,9276,0
2025-10-03 04:20:00,48.820570000000004,48.82639,48.80533,48.81443,724,9433,0
2025-10-03 04:30:00,48.81443,48.82294,48.75925,48.79198,607,10092,0
2025-10-03 04:40:00,48.79198,48.84051,48.79157,48.83996,742,10743,0
2025-10-03 04:50:00,48.83996,48.85215,48.83724,48.84423,757,10546,0
2025-10-03 05:00:00,48.84506,48.8527,48.82948,48.83196,662,9046,0
2025-10-03 05:10:00,48.83253,48.84851,48.82819,48.8481,447,9050,0
2025-10-03 05:20:00,48.8481,48.85018,48.81717,48.82265,588,9051,0
2025-10-03 05:30:00,48.82265,48.83742,48.81492,48.82441,472,9030,0
2025-10-03 05:40:00,48.82441,48.85422,48.82311,48.85057,483,9041,0
2025-10-03 05:50:00,48.85057,48.85057,48.83136,48.84512,395,9036,0
2025-10-03 06:00:00,48.84512,48.84809,48.83049,48.84039,432,9036,0
2025-10-03 06:10:00,48.8405,48.84299,48.81876,48.82709,455,9035,0
2025-10-03 06:20:00,48.82709,48.82868,48.81328,48.82621,478,9030,0
2025-10-03 06:30:00,48.82621,48.84238,48.8165,48.84071,312,8652,0
2025-10-03 06:40:00,48.84071,48.84538,48.8266,48.84538,351,8637,0
2025-10-03 06:50:00,48.84538,48.85455,48.83847,48.8417,417,8634,0
2025-10-03 07:00:00,48.84185,48.87485,48.84101,48.86771,394,6186,0
2025-10-03 07:10:00,48.86771,48.86812,48.84413,48.85637,373,6185,0
2025-10-03 07:20:00,48.85637,48.85995,48.84645,48.85424,525,6182,0
2025-10-03 07:30:00,48.85427,48.85593,48.84196,48.84904,533,7120,0
2025-10-03 07:40:00,48.84904,48.85295,48.84103,48.84872,568,7261,0
2025-10-03 07:50:00,48.84872,48.84904,48.82683,48.82819,734,7480,0
2025-10-03 08:00:00,48.82819,48.83803,48.81843,48.83535,934,8054,0
2025-10-03 08:10:00,48.83538,48.84201,48.82504,48.83389,937,7978,0
2025-10-03 08:20:00,48.83393,48.83401,48.81415,48.82029,879,7872,0
2025-10-03 08:30:00,48.82029,48.83581,48.81665,48.83349,754,7474,0
2025-10-03 08:40:00,48.83352,48.84303,48.81952,48.84303,612,7445,0
2025-10-03 08:50:00,48.84303,48.85606,48.84037,48.84981,936,5602,0
2025-10-03 09:00:00,48.850319999999996,48.90198,48.850319999999996,48.89375,910,2012,0
2025-10-03 09:10:00,48.89375,48.90675,48.88919,48.90342,871,1845,0
2025-10-03 09:20:00,48.90342,48.90359,48.88122,48.88501,878,1485,0
2025-10-03 09:30:00,48.88501,48.91804,48.88445,48.90253,810,1467,0
2025-10-03 09:40:00,48.90255,48.90966,48.87529,48.87782,866,1636,0
2025-10-03 09:50:00,48.87782,48.88662,48.86832,48.86832,763,1468,0
2025-10-03 10:00:00,48.86874,48.90141,48.86874,48.88853,1001,1502,0
2025-10-03 10:10:00,48.88853,48.90383,48.8881,48.89574,664,1501,0
2025-10-03 10:20:00,48.89574,48.91435,48.89141,48.91089,680,1908,0
2025-10-03 10:30:00,48.91089,48.93205,48.90914,48.92869,680,1926,0
2025-10-03 10:40:00,48.92828,48.94259,48.91781,48.91824,817,1828,0
2025-10-03 10:50:00,48.91824,48.93494,48.91638,48.93459,900,1981,0
2025-10-03 11:00:00,48.93504,48.95611,48.93017,48.94472,996,1413,0
2025-10-03 11:10:00,48.94472,48.9587,48.94385,48.94705,658,1413,0
2025-10-03 11:20:00,48.94705,48.95763,48.94029,48.95163,908,1415,0
2025-10-03 11:30:00,48.95163,48.96727,48.94562,48.96056,923,1754,0
2025-10-03 11:40:00,48.96091,48.96722,48.94687,48.95234,826,1425,0
2025-10-03 11:50:00,48.95236,48.98548,48.95117,48.9688,1017,1434,0
2025-10-03 12:00:00,48.96801,48.9726,48.93958,48.94159,866,1426,0
2025-10-03 12:10:00,48.94162,48.95167,48.93617,48.93705,831,1453,0
2025-10-03 12:20:00,48.93709,48.94858,48.93184,48.94313,698,1457,0
2025-10-03 12:30:00,48.94313,48.96587,48.93778,48.96016,696,1455,0
2025-10-03 12:40:00,48.96016,48.96436,48.95396,48.96342,735,1548,0
2025-10-03 12:50:00,48.96345,48.96797,48.94587,48.95278,614,1418,0
2025-10-03 13:00:00,48.9528,48.95775,48.93928,48.95073,794,1418,0
2025-10-03 13:10:00,48.95073,48.95872,48.94387,48.95251,457,1417,0
2025-10-03 13:20:00,48.95251,48.95451,48.94285,48.95051,598,1473,0
2025-10-03 13:30:00,48.95051,48.95607,48.94323,48.95063,387,1471,0
2025-10-03 13:40:00,48.95063,48.96563,48.95021,48.958,598,1471,0
2025-10-03 13:50:00,48.95759,48.96037,48.94098,48.95365,737,1471,0
2025-10-03 14:00:00,48.95365,48.95891,48.94505,48.949,362,1356,0
2025-10-03 14:10:00,48.949,48.95125,48.9315,48.9452,505,1502,0
2025-10-03 14:20:00,48.9452,48.95675,48.93668,48.95106,488,1529,0
2025-10-03 14:30:00,48.95106,48.978790000000004,48.94981,48.96574,585,1409,0
2025-10-03 14:40:00,48.96617,48.98193,48.96254,48.97204,484,1232,0
2025-10-03 14:50:00,48.97162,48.97371,48.93934,48.94371,576,1232,0
2025-10-03 15:00:00,48.94371,48.95849,48.93486,48.94635,670,1319,0
2025-10-03 15:10:00,48.94635,48.95312,48.93578,48.948949999999996,519,1189,0
2025-10-03 15:20:00,48.94978,48.9657,48.93322,48.93322,547,1187,0
2025-10-03 15:30:00,48.93155,48.95808,48.91586,48.93504,876,1563,0
2025-10-03 15:40:00,48.93504,48.95183,48.9294,48.95142,839,1405,0
2025-10-03 15:50:00,48.95139,48.97208,48.9455,48.96638,804,1344,0
2025-10-03 16:00:00,48.96638,48.97155,48.94362,48.94679,841,1325,0
2025-10-03 16:10:00,48.94679,48.97763,48.93721,48.97735,816,1200,0
2025-10-03 16:20:00,48.97735,48.98257,48.95882,48.97191,680,1107,0
2025-10-03 16:30:00,48.97191,48.97325,48.952,48.96342,811,1175,0
2025-10-03 16:40:00,48.96342,48.98611,48.95567,48.96672,1019,1403,0
2025-10-03 16:50:00,48.96672,48.96673,48.94543,48.962,1105,1178,0
2025-10-03 17:00:00,48.96116,49.05037,48.9535,49.00155,2218,1179,0
2025-10-03 17:10:00,49.00155,49.0265,48.98012,48.99359,1486,1178,0
2025-10-03 17:20:00,48.99359,49.00534,48.96711,48.97875,1490,1222,0
2025-10-03 17:30:00,48.97875,48.99877,48.96404,48.96966,1086,1177,0
2025-10-03 17:40:00,48.96926,48.971,48.94542,48.971,1127,1178,0
2025-10-03 17:50:00,48.971,48.97957,48.95953,48.97129,1303,1178,0
2025-10-03 18:00:00,48.97129,48.9735,48.9522,48.95914,863,1417,0
2025-10-03 18:10:00,48.95914,48.98441,48.95371,48.97601,858,1370,0
2025-10-03 18:20:00,48.97601,48.99608,48.96703,48.97824,824,1648,0
2025-10-03 18:30:00,48.97824,48.991,48.97175,48.97639,845,1751,0
2025-10-03 18:40:00,48.9764,48.99431,48.9631,48.96849,677,1981,0
2025-10-03 18:50:00,48.96849,48.99409,48.96849,48.98598,720,2053,0
2025-10-03 19:00:00,48.98598,48.98598,48.96002,48.9629,969,2137,0
2025-10-03 19:10:00,48.9629,48.96861,48.95214,48.95223,640,4621,0
2025-10-03 19:20:00,48.9514,48.95536,48.94095,48.95517,880,3757,0
2025-10-03 19:30:00,48.95437,48.95654,48.94711,48.94958,326,3566,0
2025-10-03 19:40:00,48.94958,48.95974,48.94598,48.95765,257,3566,0
2025-10-03 19:50:00,48.95765,48.95765,48.94842,48.9528,301,3566,0
2025-10-03 20:00:00,48.9528,48.95518,48.94472,48.94851,475,3857,0
2025-10-03 20:10:00,48.94851,48.95907,48.94476,48.94849,383,4356,0
2025-10-03 20:20:00,48.94849,48.95151,48.94348,48.94611,586,4525,0
2025-10-03 20:30:00,48.94612,48.96356,48.94588,48.96106,622,3572,0
2025-10-03 20:40:00,48.96106,48.96106,48.94217,48.94301,331,3572,0
2025-10-03 20:50:00,48.94301,48.94509,48.91471,48.92614,726,4632,0
2025-10-03 21:00:00,48.92614,48.927,48.89552,48.91014,829,4618,0
2025-10-03 21:10:00,48.91014,48.93215,48.91014,48.92214,665,3572,0
2025-10-03 21:20:00,48.92214,48.93415,48.91956,48.93135,296,3571,0
2025-10-03 21:30:00,48.93176,48.94302,48.92968,48.94261,192,3571,0
2025-10-03 21:40:00,48.94261,48.95144,48.94011,48.9466,342,3572,0
2025-10-03 21:50:00,48.94659,48.95237,48.93947,48.94973,399,3944,0
2025-10-03 22:00:00,48.94847,48.95615,48.93896,48.94657,539,4634,0
2025-10-03 22:10:00,48.94657,48.9561,48.94508,48.95388,306,4593,0
2025-10-03 22:20:00,48.95388,48.95773,48.94778,48.95201,605,4843,0
2025-10-03 22:30:00,48.95244,48.95827,48.94882,48.95792,774,3881,0
2025-10-03 22:40:00,48.95794,48.96628,48.95745,48.96377,359,3581,0
2025-10-03 22:50:00,48.96377,48.96377,48.94205,48.95043,296,3582,0
2025-10-03 23:00:00,48.95043,48.9676,48.95042,48.96719,562,4545,0
2025-10-03 23:10:00,48.96719,48.97059,48.95032,48.95115,680,3886,0
2025-10-03 23:20:00,48.95116,48.96931,48.95048,48.96522,568,3581,0
2025-10-03 23:30:00,48.96473,48.96473,48.9414,48.94593,499,3852,0
2025-10-03 23:40:00,48.94593,48.94593,48.93738,48.94446,219,5460,0
2025-10-03 23:50:00,48.94446,48.94503,48.93393,48.94121,262,6373,0
2025-10-06 00:00:00,48.77712,48.83051,48.7198,48.82332,145,12593,0
2025-10-06 00:10:00,48.82332,48.85709,48.82332,48.85626,121,11813,0
2025-10-06 00:20:00,48.85626,48.85626,48.83331,48.83831,111,11770,0
2025-10-06 00:30:00,48.83831,48.83925,48.82998,48.83346,119,12942,0
2025-10-06 00:40:00,48.83346,48.85228,48.82974,48.84811,153,11889,0
2025-10-06 00:50:00,48.84811,48.85521,48.84728,48.85395,122,12140,0
2025-10-06 01:00:00,48.85395,48.88335,48.84896,48.8601,1386,6850,0
2025-10-06 01:10:00,48.8601,48.87145,48.84611,48.85292,1238,6821,0
2025-10-06 01:20:00,48.85292,48.87211,48.85031,48.86696,893,6910,0
2025-10-06 01:30:00,48.86701,48.87299,48.8577,48.85902,826,5867,0
2025-10-06 01:40:00,48.85902,48.86426,48.8535,48.85624,675,5865,0
2025-10-06 01:50:00,48.85624,48.86079,48.84461,48.84778,634,7085,0
2025-10-06 02:00:00,48.84778,48.8591,48.82763,48.83862,1096,4386,0
2025-10-06 02:10:00,48.83862,48.85755,48.82964,48.83864,980,4275,0
2025-10-06 02:20:00,48.83863,48.8446,48.82026,48.83639,1207,4986,0
2025-10-06 02:30:00,48.83597,48.84261,48.81519,48.84233,966,4952,0
2025-10-06 02:40:00,48.84233,48.84428,48.82588,48.84012,942,4613,0
2025-10-06 02:50:00,48.84012,48.84764,48.82066,48.84472,562,5199,0
2025-10-06 03:00:00,48.84472,48.86713,48.83294,48.85485,949,5200,0
2025-10-06 03:10:00,48.85485,48.85565,48.8317,48.83906,977,7125,0
2025-10-06 03:20:00,48.83906,48.85007,48.81873,48.83088,667,7864,0
2025-10-06 03:30:00,48.83088,48.84522,48.82271,48.82976,921,5768,0
2025-10-06 03:40:00,48.82851,48.8541,48.82604,48.84477,819,6064,0
2025-10-06 03:50:00,48.84479,48.85628,48.83361,48.85396,908,6415,0
2025-10-06 04:00:00,48.85396,48.86149,48.83004,48.85826,688,5878,0
2025-10-06 04:10:00,48.858670000000004,48.86426,48.85361,48.85691,584,5878,0
2025-10-06 04:20:00,48.85732,48.85732,48.8234,48.82461,670,5929,0
2025-10-06 04:30:00,48.82461,48.86072,48.82371,48.85953,917,6308,0
2025-10-06 04:40:00,48.85953,48.88254,48.85478,48.8811,853,5884,0
2025-10-06 04:50:00,48.8811,48.88864,48.8707,48.88106,929,6169,0
2025-10-06 05:00:00,48.88106,48.89669,48.87822,48.89669,833,6629,0
2025-10-06 05:10:00,48.8967,48.90385,48.88463,48.90214,644,6479,0
2025-10-06 05:20:00,48.90218,48.91008,48.88775,48.90799,518,5895,0
2025-10-06 05:30:00,48.90799,48.91508,48.8912,48.89746,628,5895,0
2025-10-06 05:40:00,48.89756,48.89962,48.88335,48.88644,302,5896,0
2025-10-06 05:50:00,48.88644,48.89787,48.88102,48.88562,563,6290,0
2025-10-06 06:00:00,48.88562,48.90353,48.88343,48.8876,429,5897,0
2025-10-06 06:10:00,48.8876,48.89304,48.88334,48.88461,545,7047,0
2025-10-06 06:20:00,48.88461,48.90341,48.88378,48.90341,637,5897,0
2025-10-06 06:30:00,48.90341,48.90733,48.89228,48.90672,464,5779,0
2025-10-06 06:40:00,48.90677,48.90979,48.89571,48.89737,508,5781,0
2025-10-06 06:50:00,48.89737,48.89821,48.8828,48.8878,228,5780,0
2025-10-06 07:00:00,48.8878,48.89776,48.87313,48.87737,557,5780,0
2025-10-06 07:10:00,48.87741,48.88013,48.87032,48.87408,406,5779,0
2025-10-06 07:20:00,48.87408,48.9048,48.86741,48.877,411,5778,0
2025-10-06 07:30:00,48.877,48.88417,48.8727,48.87674,763,6758,0
2025-10-06 07:40:00,48.87674,48.88766,48.87275,48.87319,564,6418,0
2025-10-06 07:50:00,48.87319,48.87788,48.86627,48.86739,330,6394,0
2025-10-06 08:00:00,48.86739,48.88454,48.86612,48.87663,549,6495,0
2025-10-06 08:10:00,48.87664,48.87749,48.84394,48.85275,423,7140,0
2025-10-06 08:20:00,48.85275,48.85981,48.84804,48.85042,324,7142,0
2025-10-06 08:30:00,48.85042,48.85171,48.83813,48.84251,405,7407,0
2025-10-06 08:40:00,48.84251,48.84294,48.83399,48.8372,455,7462,0
2025-10-06 08:50:00,48.8372,48.84967,48.83646,48.84794,387,7618,0
2025-10-06 09:00:00,48.84794,48.88594,48.84794,48.85571,932,2207,0
2025-10-06 09:10:00,48.85571,48.85654,48.82414,48.84269,1175,1909,0
2025-10-06 09:20:00,48.8427,48.85506,48.83468,48.85506,883,1842,0
2025-10-06 09:30:00,48.85506,48.86049,48.83509,48.83996,1133,1587,0
2025-10-06 09:40:00,48.84038,48.84437,48.76826,48.77159,1118,1291,0
2025-10-06 09:50:00,48.77159,48.79216,48.76322,48.78103,1017,1289,0
2025-10-06 10:00:00,48.78063,48.82836,48.77251,48.82319,1476,1403,0
2025-10-06 10:10:00,48.82317,48.84153,48.81506,48.83861,1052,1403,0
2025-10-06 10:20:00,48.83695,48.85399,48.82212,48.85263,1143,1402,0
2025-10-06 10:30:00,48.85221,48.86194,48.82859,48.85099,1092,1404,0
2025-10-06 10:40:00,48.85099,48.85452,48.66751,48.67091,2987,1399,0
2025-10-06 10:50:00,48.67094,48.68762,48.65083,48.65252,1880,1398,0
2025-10-06 11:00:00,48.65254,48.66313,48.61837,48.62709,1880,1490,0
2025-10-06 11:10:00,48.62714,48.64966,48.60872,48.64872,1537,1397,0
2025-10-06 11:20:00,48.64955,48.67476,48.62985,48.67264,1195,1396,0
2025-10-06 11:30:00,48.67266,48.70334,48.66658,48.70334,1147,1399,0
2025-10-06 11:40:00,48.7017,48.72195,48.6959,48.70819,1044,1400,0
2025-10-06 11:50:00,48.70819,48.7082,48.67514,48.67885,961,1399,0
2025-10-06 12:00:00,48.67593,48.68716,48.64158,48.64225,941,1401,0
2025-10-06 12:10:00,48.64225,48.67191,48.64028,48.66227,947,1397,0
2025-10-06 12:20:00,48.66227,48.66905,48.64694,48.66161,929,1397,0
2025-10-06 12:30:00,48.66161,48.67868,48.65197,48.65744,756,1397,0
2025-10-06 12:40:00,48.65744,48.66501,48.62875,48.66292,967,1397,0
2025-10-06 12:50:00,48.66292,48.67463,48.65151,48.66751,940,1397,0
2025-10-06 13:00:00,48.66751,48.66929,48.62067,48.62651,827,1355,0
2025-10-06 13:10:00,48.62651,48.64002,48.61294,48.63077,943,1355,0
2025-10-06 13:20:00,48.63078,48.65876,48.62309,48.65751,854,1356,0
2025-10-06 13:30:00,48.65751,48.66252,48.6462,48.64891,820,1356,0
2025-10-06 13:40:00,48.64891,48.65438,48.63356,48.64639,979,1435,0
2025-10-06 13:50:00,48.64639,48.66649,48.64292,48.65655,1123,1357,0
2025-10-06 14:00:00,48.65655,48.66506,48.6331,48.65684,627,1404,0
2025-10-06 14:10:00,48.65684,48.6868,48.65489,48.68596,500,1252,0
2025-10-06 14:20:00,48.68596,48.708709999999996,48.6833,48.70689,577,1251,0
2025-10-06 14:30:00,48.70689,48.71866,48.70035,48.71542,628,1293,0
2025-10-06 14:40:00,48.71542,48.72469,48.69516,48.69683,576,1177,0
2025-10-06 14:50:00,48.69683,48.7197,48.69517,48.70795,791,1225,0
2025-10-06 15:00:00,48.70753,48.72948,48.69744,48.71928,1381,1367,0
2025-10-06 15:10:00,48.71969,48.74711,48.71848,48.7315,1059,1278,0
2025-10-06 15:20:00,48.73151,48.73324,48.70985,48.72258,1007,1138,0
2025-10-06 15:30:00,48.72258,48.74721,48.71847,48.74702,979,1133,0
2025-10-06 15:40:00,48.7466,48.76162,48.73242,48.75901,766,1257,0
2025-10-06 15:50:00,48.75943,48.76879,48.74802,48.7649,882,1371,0
2025-10-06 16:00:00,48.7649,48.79253,48.76135,48.78882,1065,1219,0
2025-10-06 16:10:00,48.78923,48.79138,48.76852,48.77599,818,1370,0
2025-10-06 16:20:00,48.77599,48.77955,48.75829,48.76246,752,1134,0
2025-10-06 16:30:00,48.76246,48.77772,48.74198,48.776089999999996,1120,1135,0
2025-10-06 16:40:00,48.776089999999996,48.80237,48.77397,48.79862,855,1135,0
2025-10-06 16:50:00,48.79862,48.82406,48.79768,48.80914,1068,1435,0
2025-10-06 17:00:00,48.80956,48.83662,48.79686,48.8362,1072,1170,0
2025-10-06 17:10:00,48.8362,48.83871,48.80244,48.80762,965,1171,0
2025-10-06 17:20:00,48.80803,48.8116,48.79263,48.80629,706,1134,0
2025-10-06 17:30:00,48.80629,48.82297,48.79736,48.82049,855,1135,0
2025-10-06 17:40:00,48.82049,48.85589,48.81843,48.85255,880,1276,0
2025-10-06 17:50:00,48.85255,48.88626,48.85006,48.88162,1364,1170,0
2025-10-06 18:00:00,48.8812,48.89835,48.86997,48.87985,1075,1170,0
2025-10-06 18:10:00,48.87943,48.88589,48.85662,48.86011,888,1283,0
2025-10-06 18:20:00,48.86011,48.86595,48.8466,48.85046,622,1361,0
2025-10-06 18:30:00,48.85047,48.85089,48.8134,48.81795,638,1463,0
2025-10-06 18:40:00,48.81795,48.8349,48.81754,48.82091,600,1756,0
2025-10-06 18:50:00,48.82091,48.83056,48.81781,48.82791,627,1750,0
2025-10-06 19:00:00,48.8279,48.83177,48.80656,48.82719,940,1829,0
2025-10-06 19:10:00,48.82719,48.82761,48.80087,48.80756,911,3532,0
2025-10-06 19:20:00,48.80758,48.81737,48.80287,48.81264,538,3664,0
2025-10-06 19:30:00,48.81305,48.816,48.80279,48.807,343,4188,0
2025-10-06 19:40:00,48.807,48.82035,48.80023,48.81208,677,4374,0
2025-10-06 19:50:00,48.81208,48.83589,48.81206,48.83589,791,3387,0
2025-10-06 20:00:00,48.83547,48.83827,48.82285,48.82628,578,3387,0
2025-10-06 20:10:00,48.82628,48.8364,48.82464,48.8364,626,3392,0
2025-10-06 20:20:00,48.8364,48.83814,48.82836,48.82983,416,3389,0
2025-10-06 20:30:00,48.82983,48.85247,48.82511,48.85159,661,3386,0
2025-10-06 20:40:00,48.85158,48.85236,48.82995,48.8315,602,3438,0
2025-10-06 20:50:00,48.8315,48.83689,48.82183,48.82764,745,4093,0
2025-10-06 21:00:00,48.82769,48.84819,48.8249,48.83366,609,3379,0
2025-10-06 21:10:00,48.833709999999996,48.8448,48.83161,48.84181,445,3377,0
2025-10-06 21:20:00,48.84189,48.85237,48.83408,48.84659,555,3376,0
2025-10-06 21:30:00,48.84659,48.85197,48.82864,48.83063,708,3787,0
2025-10-06 21:40:00,48.83063,48.84858,48.8285,48.842060000000004,434,3379,0
2025-10-06 21:50:00,48.842060000000004,48.84348,48.83041,48.84197,638,3386,0
2025-10-06 22:00:00,48.84197,48.84817,48.83747,48.83748,572,4291,0
2025-10-06 22:10:00,48.8379,48.84949,48.83402,48.84168,577,3598,0
2025-10-06 22:20:00,48.84174,48.85337,48.83662,48.85174,503,3388,0
2025-10-06 22:30:00,48.85174,48.85809,48.84213,48.85295,409,3388,0
2025-10-06 22:40:00,48.85295,48.86028,48.84811,48.85448,533,3565,0
2025-10-06 22:50:00,48.85448,48.8564,48.82993,48.83227,786,3730,0
2025-10-06 23:00:00,48.83185,48.84949,48.82576,48.84907,345,3678,0
2025-10-06 23:10:00,48.84907,48.84924,48.83874,48.84479,686,3686,0
2025-10-06 23:20:00,48.84479,48.84982,48.83996,48.84371,575,4382,0
2025-10-06 23:30:00,48.84371,48.84437,48.83136,48.84088,543,3684,0
2025-10-06 23:40:00,48.82711,48.83044,48.82544,48.82835,195,6395,0
2025-10-06 23:50:00,48.82835,48.84229,48.82835,48.83358,535,6418,0
2025-10-07 00:00:00,48.81908,48.81908,48.72317,48.79432,72,7628,0
2025-10-07 00:10:00,48.79433,48.81265,48.78558,48.80432,161,12161,0
2025-10-07 00:20:00,48.80432,48.81463,48.79113,48.80068,175,12209,0
2025-10-07 00:30:00,48.80068,48.80273,48.78984,48.79815,178,11961,0
2025-10-07 00:40:00,48.79815,48.80671,48.7981,48.80501,373,11942,0
2025-10-07 00:50:00,48.80501,48.8075,48.79544,48.80012,251,12033,0
2025-10-07 01:00:00,48.80012,48.83304,48.80012,48.82976,875,5819,0
2025-10-07 01:10:00,48.82976,48.83777,48.82767,48.83498,750,6605,0
2025-10-07 01:20:00,48.83498,48.84378,48.83251,48.83569,682,6980,0
2025-10-07 01:30:00,48.83569,48.83569,48.81612,48.81818,389,7339,0
2025-10-07 01:40:00,48.81822,48.82995,48.81305,48.82995,747,5990,0
2025-10-07 01:50:00,48.82995,48.83259,48.82272,48.8289,574,5989,0
2025-10-07 02:00:00,48.8289,48.84214,48.82076,48.82382,251,4330,0
2025-10-07 02:10:00,48.8234,48.83556,48.81922,48.83389,469,4344,0
2025-10-07 02:20:00,48.83389,48.83764,48.83139,48.83556,142,4344,0
2025-10-07 02:30:00,48.83556,48.84109,48.82843,48.8301,123,4239,0
2025-10-07 02:40:00,48.8301,48.88473,48.82499,48.83942,890,5753,0
2025-10-07 02:50:00,48.83942,48.83977,48.82991,48.83354,1195,7152,0
2025-10-07 03:00:00,48.83406,48.83677,48.81761,48.82459,769,6654,0
2025-10-07 03:10:00,48.82459,48.84189,48.81698,48.84105,507,6513,0
2025-10-07 03:20:00,48.84147,48.84577,48.83374,48.83806,410,6536,0
2025-10-07 03:30:00,48.83806,48.83922,48.81977,48.82102,312,7044,0
2025-10-07 03:40:00,48.82061,48.8254,48.81571,48.81737,336,7135,0
2025-10-07 03:50:00,48.81779,48.83355,48.81737,48.83012,483,7261,0
2025-10-07 04:00:00,48.82795,48.82795,48.80183,48.81482,596,7685,0
2025-10-07 04:10:00,48.81482,48.82527,48.80915,48.81988,404,7675,0
2025-10-07 04:20:00,48.8203,48.82757,48.81061,48.81105,434,7683,0
2025-10-07 04:30:00,48.81105,48.81106,48.7821,48.78295,286,8308,0
2025-10-07 04:40:00,48.78295,48.78967,48.77799,48.784,311,8320,0
2025-10-07 04:50:00,48.784,48.78401,48.77553,48.77681,320,8391,0
2025-10-07 05:00:00,48.77681,48.78767,48.7768,48.78386,299,8388,0
2025-10-07 05:10:00,48.78386,48.80597,48.78386,48.80135,490,8446,0
2025-10-07 05:20:00,48.80135,48.81087,48.80021,48.80862,261,7856,0
2025-10-07 05:30:00,48.80862,48.8163,48.80436,48.80615,403,8038,0
2025-10-07 05:40:00,48.80701,48.81275,48.80222,48.80705,614,7694,0
2025-10-07 05:50:00,48.80705,48.8146,48.79599,48.80003,556,7500,0
2025-10-07 06:00:00,48.80003,48.80612,48.7916,48.79785,616,6635,0
2025-10-07 06:10:00,48.79785,48.8263,48.79577,48.82296,593,5886,0
2025-10-07 06:20:00,48.82296,48.8313,48.82046,48.82088,192,5885,0
2025-10-07 06:30:00,48.82088,48.82493,48.80674,48.82451,531,5781,0
2025-10-07 06:40:00,48.82409,48.83369,48.82409,48.8284,185,5781,0
2025-10-07 06:50:00,48.8284,48.82914,48.81149,48.81308,337,6127,0
2025-10-07 07:00:00,48.81308,48.8228,48.80574,48.8219,243,6875,0
2025-10-07 07:10:00,48.8219,48.82914,48.8119,48.8288,460,6946,0
2025-10-07 07:20:00,48.82882,48.82882,48.80732,48.81066,223,6942,0
2025-10-07 07:30:00,48.81066,48.81694,48.80305,48.81107,498,6581,0
2025-10-07 07:40:00,48.81107,48.81174,48.78122,48.78873,470,5773,0
2025-10-07 07:50:00,48.78873,48.80051,48.78382,48.79717,278,5774,0
2025-10-07 08:00:00,48.79717,48.80426,48.77043,48.77113,549,5774,0
2025-10-07 08:10:00,48.77113,48.77302,48.75545,48.75712,609,6227,0
2025-10-07 08:20:00,48.75712,48.75797,48.74488,48.75311,649,7047,0
2025-10-07 08:30:00,48.75311,48.75383,48.73907,48.75008,750,6878,0
2025-10-07 08:40:00,48.75008,48.763419999999996,48.75008,48.76292,785,6319,0
2025-10-07 08:50:00,48.76292,48.76502,48.74882,48.75533,445,6401,0
2025-10-07 09:00:00,48.75533,48.78244,48.74561,48.75626,1068,2270,0
2025-10-07 09:10:00,48.75626,48.77436,48.75196,48.76282,1042,1438,0
2025-10-07 09:20:00,48.76283,48.77015,48.7509,48.76388,916,1438,0
2025-10-07 09:30:00,48.7643,48.77697,48.75773,48.76521,862,1439,0
2025-10-07 09:40:00,48.76521,48.77289,48.75748,48.77001,820,1437,0
2025-10-07 09:50:00,48.77001,48.7732,48.75522,48.76304,737,1437,0
2025-10-07 10:00:00,48.76262,48.76806,48.73115,48.73291,949,1861,0
2025-10-07 10:10:00,48.73249,48.75463,48.72221,48.74749,1022,1436,0
2025-10-07 10:20:00,48.74752,48.75301,48.73057,48.73203,765,1625,0
2025-10-07 10:30:00,48.73203,48.73848,48.71495,48.71652,992,1436,0
2025-10-07 10:40:00,48.71652,48.71812,48.69058,48.69655,875,1434,0
2025-10-07 10:50:00,48.69655,48.72438,48.69579,48.72165,909,1397,0
2025-10-07 11:00:00,48.72124,48.74107,48.71915,48.74011,712,1397,0
2025-10-07 11:10:00,48.74012,48.7454,48.717,48.72262,623,1871,0
2025-10-07 11:20:00,48.72262,48.72276,48.70652,48.70906,811,1397,0
2025-10-07 11:30:00,48.70864,48.71611,48.69504,48.70405,798,1705,0
2025-10-07 11:40:00,48.70405,48.71577,48.68007,48.68606,987,1395,0
2025-10-07 11:50:00,48.68606,48.69737,48.67363,48.67692,597,1396,0
2025-10-07 12:00:00,48.67692,48.69621,48.67267,48.69381,916,1687,0
2025-10-07 12:10:00,48.69381,48.69886,48.66614,48.66697,760,1513,0
2025-10-07 12:20:00,48.66697,48.67789,48.6596,48.66488,823,1451,0
2025-10-07 12:30:00,48.66488,48.67753,48.65532,48.66324,883,1305,0
2025-10-07 12:40:00,48.66324,48.67283,48.65633,48.66375,782,1263,0
2025-10-07 12:50:00,48.66375,48.6823,48.66375,48.6823,798,1264,0
2025-10-07 13:00:00,48.6823,48.69858,48.66307,48.69666,833,1306,0
2025-10-07 13:10:00,48.69668,48.70754,48.68577,48.70563,946,1264,0
2025-10-07 13:20:00,48.70563,48.70982,48.69327,48.69827,588,1237,0
2025-10-07 13:30:00,48.69827,48.71628,48.69785,48.71586,641,1235,0
2025-10-07 13:40:00,48.71586,48.71932,48.70115,48.71016,660,1237,0
2025-10-07 13:50:00,48.71018,48.72396,48.70736,48.71358,906,1237,0
2025-10-07 14:00:00,48.71358,48.717060000000004,48.68189,48.68528,521,1292,0
2025-10-07 14:10:00,48.68487,48.69055,48.67848,48.68325,492,1236,0
2025-10-07 14:20:00,48.68283,48.68283,48.64635,48.65315,762,1084,0
2025-10-07 14:30:00,48.65358,48.65825,48.64264,48.65692,511,1081,0
2025-10-07 14:40:00,48.65734,48.67036,48.64239,48.64258,728,1260,0
2025-10-07 14:50:00,48.64258,48.66945,48.6333,48.66882,870,1087,0
2025-10-07 15:00:00,48.66882,48.68686,48.66297,48.68435,860,1010,0
2025-10-07 15:10:00,48.68477,48.68519,48.64213,48.6495,611,1009,0
2025-10-07 15:20:00,48.6495,48.66659,48.63296,48.65885,849,1011,0
2025-10-07 15:30:00,48.65885,48.68585,48.64806,48.67139,906,1104,0
2025-10-07 15:40:00,48.67139,48.68784,48.66757,48.68066,850,1236,0
2025-10-07 15:50:00,48.68067,48.69044,48.65935,48.6896,958,1014,0
2025-10-07 16:00:00,48.6896,48.70372,48.67641,48.69788,892,1014,0
2025-10-07 16:10:00,48.69788,48.69925,48.66681,48.6879,945,1016,0
2025-10-07 16:20:00,48.6879,48.69777,48.6836,48.68807,816,1296,0
2025-10-07 16:30:00,48.68807,48.68992,48.6596,48.66144,999,1327,0
2025-10-07 16:40:00,48.66144,48.69714,48.66065,48.69158,1032,1122,0
2025-10-07 16:50:00,48.69158,48.6944,48.65551,48.6594,886,1059,0
2025-10-07 17:00:00,48.65899,48.66245,48.6398,48.65367,1256,1261,0
2025-10-07 17:10:00,48.65367,48.67461,48.64937,48.66966,1235,1087,0
2025-10-07 17:20:00,48.66968,48.67399,48.6404,48.64207,955,1058,0
2025-10-07 17:30:00,48.64207,48.65185,48.63662,48.64008,1110,1311,0
2025-10-07 17:40:00,48.64008,48.65307,48.63958,48.65072,845,1310,0
2025-10-07 17:50:00,48.65072,48.68615,48.64344,48.67317,1095,1057,0
2025-10-07 18:00:00,48.67275,48.69634,48.66622,48.68804,1089,1057,0
2025-10-07 18:10:00,48.68804,48.71877,48.68804,48.70682,1022,1303,0
2025-10-07 18:20:00,48.70682,48.71838,48.70379,48.71319,920,1716,0
2025-10-07 18:30:00,48.71319,48.7185,48.69391,48.70824,892,1733,0
2025-10-07 18:40:00,48.70866,48.73952,48.70365,48.73368,971,1733,0
2025-10-07 18:50:00,48.73368,48.73952,48.70998,48.7104,806,1732,0
2025-10-07 19:00:00,48.7104,48.7208,48.69107,48.71682,973,2008,0
2025-10-07 19:10:00,48.71687,48.73271,48.71225,48.71714,1083,3614,0
2025-10-07 19:20:00,48.71714,48.72063,48.70425,48.71352,958,3533,0
2025-10-07 19:30:00,48.71394,48.71602,48.68781,48.70654,867,3533,0
2025-10-07 19:40:00,48.70657,48.70967,48.68776,48.70169,918,3538,0
2025-10-07 19:50:00,48.70169,48.70795,48.67765,48.67806,710,3539,0
2025-10-07 20:00:00,48.67806,48.71529,48.67803,48.71336,1129,3552,0
2025-10-07 20:10:00,48.71295,48.71838,48.69578,48.70662,942,3877,0
2025-10-07 20:20:00,48.70662,48.708,48.69102,48.70132,652,3548,0
2025-10-07 20:30:00,48.70091,48.70412,48.68751,48.7012,784,3538,0
2025-10-07 20:40:00,48.7012,48.71436,48.69451,48.69861,788,3538,0
2025-10-07 20:50:00,48.69855,48.70557,48.66097,48.66413,694,4043,0
2025-10-07 21:00:00,48.66416,48.666290000000004,48.65193,48.65834,941,3556,0
2025-10-07 21:10:00,48.65834,48.665,48.65365,48.6607,610,3563,0
2025-10-07 21:20:00,48.6607,48.66112,48.64826,48.65521,778,3570,0
2025-10-07 21:30:00,48.65521,48.65726,48.62794,48.62794,755,3572,0
2025-10-07 21:40:00,48.62794,48.6323,48.6215,48.626,526,4270,0
2025-10-07 21:50:00,48.626,48.64262,48.61397,48.6223,855,3565,0
2025-10-07 22:00:00,48.62222,48.62413,48.60536,48.61902,721,3569,0
2025-10-07 22:10:00,48.6186,48.62278,48.59174,48.59257,708,3574,0
2025-10-07 22:20:00,48.59257,48.60382,48.58962,48.60299,727,3577,0
2025-10-07 22:30:00,48.60299,48.60859,48.59045,48.59661,667,3577,0
2025-10-07 22:40:00,48.59661,48.59786,48.58132,48.58944,689,3620,0
2025-10-07 22:50:00,48.58947,48.60009,48.58874,48.59451,555,3579,0
2025-10-07 23:00:00,48.59451,48.61166,48.58413,48.60498,560,3580,0
2025-10-07 23:10:00,48.60498,48.61029,48.59138,48.60894,564,3573,0
2025-10-07 23:20:00,48.60894,48.6132,48.60455,48.60784,513,3573,0
2025-10-07 23:30:00,48.60787,48.6194,48.60204,48.6194,480,4280,0
2025-10-07 23:40:00,48.6194,48.6194,48.60661,48.61223,180,4280,0
2025-10-07 23:50:00,48.61376,48.61376,48.2299,48.44108,967,6421,0
2025-10-08 00:00:00,48.59881,48.60268,48.56113,48.5897,123,8026,0
2025-10-08 00:10:00,48.5897,48.59983,48.58757,48.59274,96,11966,0
2025-10-08 00:20:00,48.59274,48.60211,48.59213,48.5951,86,12016,0
2025-10-08 00:30:00,48.5951,48.6001,48.59497,48.59885,98,11762,0
2025-10-08 00:40:00,48.59885,48.60428,48.59885,48.60386,126,11636,0
2025-10-08 00:50:00,48.60386,48.61371,48.60099,48.60868,670,11593,0
2025-10-08 01:00:00,48.60868,48.64765,48.60868,48.64681,477,7436,0
2025-10-08 01:10:00,48.64681,48.64688,48.63046,48.63099,278,7755,0
2025-10-08 01:20:00,48.63141,48.643,48.63141,48.63895,608,7430,0
2025-10-08 01:30:00,48.63895,48.64271,48.63429,48.64271,572,7319,0
2025-10-08 01:40:00,48.64271,48.64382,48.64049,48.64162,243,7121,0
2025-10-08 01:50:00,48.64162,48.64197,48.63653,48.63814,424,7121,0
2025-10-08 02:00:00,48.63814,48.64648,48.63116,48.63241,388,5807,0
2025-10-08 02:10:00,48.63241,48.63561,48.6275,48.63049,503,5032,0
2025-10-08 02:20:00,48.63049,48.64516,48.62984,48.64185,311,4271,0
2025-10-08 02:30:00,48.64185,48.64382,48.63295,48.63712,147,4170,0
2025-10-08 02:40:00,48.63712,48.63712,48.61566,48.63236,612,4170,0
2025-10-08 02:50:00,48.63236,48.63836,48.61318,48.61358,424,6825,0
2025-10-08 03:00:00,48.61358,48.61527,48.58277,48.58488,1061,6872,0
2025-10-08 03:10:00,48.58448,48.5876,48.57834,48.58703,803,7332,0
2025-10-08 03:20:00,48.58703,48.5989,48.57612,48.59729,847,6381,0
2025-10-08 03:30:00,48.59689,48.60067,48.58677,48.60067,944,6163,0
2025-10-08 03:40:00,48.60026,48.60337,48.59356,48.59919,743,6434,0
2025-10-08 03:50:00,48.59919,48.60433,48.58067,48.58782,708,7034,0
2025-10-08 04:00:00,48.58782,48.58782,48.53425,48.54952,1778,6300,0
2025-10-08 04:10:00,48.54952,48.57752,48.54742,48.56129,1231,5836,0
2025-10-08 04:20:00,48.56129,48.56171,48.49927,48.50911,1160,5834,0
2025-10-08 04:30:00,48.50952,48.51936,48.49482,48.51139,1050,5829,0
2025-10-08 04:40:00,48.51139,48.51816,48.50773,48.5094,306,5829,0
2025-10-08 04:50:00,48.5094,48.52066,48.49428,48.50285,622,5829,0
2025-10-08 05:00:00,48.5033,48.50387,48.47481,48.48029,931,6424,0
2025-10-08 05:10:00,48.48032,48.49907,48.46795,48.47219,1010,5826,0
2025-10-08 05:20:00,48.47219,48.50358,48.46821,48.49774,680,5825,0
2025-10-08 05:30:00,48.49774,48.50566,48.49565,48.50263,453,5828,0
2025-10-08 05:40:00,48.50263,48.5085,48.49621,48.50403,583,6097,0
2025-10-08 05:50:00,48.50403,48.50704,48.48572,48.4925,471,6737,0
2025-10-08 06:00:00,48.4925,48.4925,48.47227,48.47269,418,7121,0
2025-10-08 06:10:00,48.47312,48.47474,48.46287,48.46835,390,7505,0
2025-10-08 06:20:00,48.46835,48.48194,48.46793,48.47267,338,7505,0
2025-10-08 06:30:00,48.47267,48.48012,48.46903,48.48012,447,7445,0
2025-10-08 06:40:00,48.48012,48.48709,48.47714,48.48584,354,7595,0
2025-10-08 06:50:00,48.48584,48.49554,48.4825,48.49366,704,6697,0
2025-10-08 07:00:00,48.49366,48.50032,48.47789,48.47872,653,6135,0
2025-10-08 07:10:00,48.47872,48.48669,48.46708,48.46746,720,5704,0
2025-10-08 07:20:00,48.46746,48.48205,48.46282,48.46703,553,5705,0
2025-10-08 07:30:00,48.46703,48.48587,48.46686,48.47629,524,5704,0
2025-10-08 07:40:00,48.47629,48.4808,48.45705,48.47954,548,5703,0
2025-10-08 07:50:00,48.47954,48.48121,48.45875,48.47929,512,5705,0
2025-10-08 08:00:00,48.47929,48.47929,48.4347,48.43645,584,5707,0
2025-10-08 08:10:00,48.43645,48.46953,48.43349,48.45902,928,5811,0
2025-10-08 08:20:00,48.45902,48.46471,48.45429,48.4606,321,5709,0
2025-10-08 08:30:00,48.4606,48.47649,48.45208,48.46097,694,4590,0
2025-10-08 08:40:00,48.46097,48.46411,48.44453,48.46289,696,5030,0
2025-10-08 08:50:00,48.46294,48.4708,48.44758,48.46037,680,4120,0
2025-10-08 09:00:00,48.46079,48.49667,48.46079,48.4841,1193,1991,0
2025-10-08 09:10:00,48.48372,48.48515,48.44501,48.45205,1122,1643,0
2025-10-08 09:20:00,48.45205,48.46742,48.44206,48.46001,1163,1497,0
2025-10-08 09:30:00,48.46001,48.47539,48.44422,48.44845,1019,1486,0
2025-10-08 09:40:00,48.44847,48.48399,48.44316,48.48201,1037,1485,0
2025-10-08 09:50:00,48.48119,48.48752,48.47079,48.48404,1036,1486,0
2025-10-08 10:00:00,48.48405,48.50022,48.46873,48.49127,1223,1357,0
2025-10-08 10:10:00,48.49169,48.49586,48.46364,48.46376,1101,1355,0
2025-10-08 10:20:00,48.46376,48.49578,48.46338,48.48332,1093,1685,0
2025-10-08 10:30:00,48.48337,48.52988,48.47535,48.5232,1317,1357,0
2025-10-08 10:40:00,48.5232,48.55667,48.50483,48.54191,1080,1298,0
2025-10-08 10:50:00,48.54191,48.55755,48.53218,48.5455,1243,1658,0
2025-10-08 11:00:00,48.54592,48.56696,48.53781,48.56252,1210,1256,0
2025-10-08 11:10:00,48.56252,48.56252,48.53337,48.53987,1116,1256,0
2025-10-08 11:20:00,48.53988,48.54663,48.51198,48.51814,1149,1393,0
2025-10-08 11:30:00,48.51814,48.53364,48.511,48.51796,977,1328,0
2025-10-08 11:40:00,48.518,48.51908,48.50681,48.51496,878,1233,0
2025-10-08 11:50:00,48.51496,48.51504,48.46029,48.48255,1228,1232,0
2025-10-08 12:00:00,48.48255,48.49909,48.46236,48.49126,1184,1230,0
2025-10-08 12:10:00,48.49128,48.50623,48.48322,48.49006,1009,1232,0
2025-10-08 12:20:00,48.49006,48.50273,48.4828,48.48996,898,1230,0
2025-10-08 12:30:00,48.48998,48.49341,48.46721,48.49077,781,1230,0
2025-10-08 12:40:00,48.49119,48.49496,48.45622,48.45784,1440,1372,0
2025-10-08 12:50:00,48.45784,48.47179,48.44351,48.46963,1106,1230,0
2025-10-08 13:00:00,48.46963,48.48577,48.45847,48.48155,1042,1230,0
2025-10-08 13:10:00,48.48116,48.50303,48.47376,48.50203,798,1231,0
2025-10-08 13:20:00,48.50203,48.53649,48.49185,48.53607,879,1232,0
2025-10-08 13:30:00,48.53607,48.53878,48.5248,48.53103,691,1232,0
2025-10-08 13:40:00,48.53103,48.55477,48.52531,48.54768,607,1319,0
2025-10-08 13:50:00,48.54768,48.57103,48.53383,48.56101,1383,1321,0
2025-10-08 14:00:00,48.56059,48.56498,48.54067,48.55109,1030,1345,0
2025-10-08 14:10:00,48.55109,48.55314,48.53977,48.54255,689,1341,0
2025-10-08 14:20:00,48.54231,48.54605,48.52797,48.54002,745,1251,0
2025-10-08 14:30:00,48.54002,48.55002,48.53409,48.54585,700,1241,0
2025-10-08 14:40:00,48.54585,48.54922,48.53371,48.54315,744,1096,0
2025-10-08 14:50:00,48.54315,48.55096,48.52662,48.53229,846,1095,0
2025-10-08 15:00:00,48.53187,48.537819999999996,48.52493,48.53494,705,1095,0
2025-10-08 15:10:00,48.53494,48.56891,48.52783,48.56311,777,1096,0
2025-10-08 15:20:00,48.56352,48.57356,48.55775,48.56786,722,1094,0
2025-10-08 15:30:00,48.56786,48.57916,48.54522,48.55098,707,1286,0
2025-10-08 15:40:00,48.55098,48.57339,48.54937,48.56767,656,1094,0
2025-10-08 15:50:00,48.56767,48.57199,48.55581,48.55831,740,1094,0
2025-10-08 16:00:00,48.55831,48.57896,48.55288,48.57635,814,1094,0
2025-10-08 16:10:00,48.57635,48.60736,48.57488,48.59108,940,1287,0
2025-10-08 16:20:00,48.59108,48.59526,48.55027,48.5511,877,1428,0
2025-10-08 16:30:00,48.5511,48.57511,48.54985,48.5605,1071,1269,0
2025-10-08 16:40:00,48.5605,48.58358,48.54111,48.54114,1205,1072,0
2025-10-08 16:50:00,48.54114,48.56995,48.53743,48.55638,1202,1071,0
2025-10-08 17:00:00,48.55638,48.57435,48.5426,48.55311,1120,1071,0
2025-10-08 17:10:00,48.55311,48.57143,48.54401,48.55556,963,1256,0
2025-10-08 17:20:00,48.55556,48.56371,48.54278,48.55943,941,1334,0
2025-10-08 17:30:00,48.55943,48.56738,48.55192,48.56738,1052,1230,0
2025-10-08 17:40:00,48.56738,48.57174,48.5538,48.55475,931,1071,0
2025-10-08 17:50:00,48.55517,48.55559,48.50663,48.51186,1418,1071,0
2025-10-08 18:00:00,48.51144,48.51292,48.48071,48.48785,1289,1467,0
2025-10-08 18:10:00,48.48785,48.49298,48.47526,48.47627,1017,1175,0
2025-10-08 18:20:00,48.47627,48.49392,48.47181,48.4907,831,1727,0
2025-10-08 18:30:00,48.4907,48.496809999999996,48.46859,48.46989,881,1571,0
2025-10-08 18:40:00,48.4699,48.47875,48.45122,48.45754,780,1512,0
2025-10-08 18:50:00,48.45754,48.4588,48.43036,48.44232,865,1512,0
2025-10-08 19:00:00,48.44315,48.44315,48.4097,48.41012,1006,1800,0
2025-10-08 19:10:00,48.41012,48.41893,48.40401,48.41713,857,3454,0
2025-10-08 19:20:00,48.41718,48.42454,48.40098,48.40494,652,3139,0
2025-10-08 19:30:00,48.40599,48.41269,48.38957,48.39299,798,3139,0
2025-10-08 19:40:00,48.39263,48.41106,48.38974,48.40386,1090,3323,0
2025-10-08 19:50:00,48.40386,48.41856,48.39588,48.41776,825,3394,0
2025-10-08 20:00:00,48.41818,48.4279,48.41143,48.426,780,3169,0
2025-10-08 20:10:00,48.426,48.4269,48.41678,48.41888,491,3370,0
2025-10-08 20:20:00,48.41888,48.42619,48.41401,48.41587,503,4216,0
2025-10-08 20:30:00,48.41587,48.41671,48.3941,48.41394,788,3160,0
2025-10-08 20:40:00,48.41352,48.43102,48.41352,48.42903,514,3159,0
2025-10-08 20:50:00,48.42903,48.42903,48.40865,48.40933,521,3816,0
2025-10-08 21:00:00,48.40901,48.41664,48.38682,48.40446,1096,3246,0
2025-10-08 21:10:00,48.40446,48.46566,48.39317,48.42483,1488,3244,0
2025-10-08 21:20:00,48.42483,48.45769,48.41211,48.4564,821,3984,0
2025-10-08 21:30:00,48.45556,48.47331,48.45018,48.47248,666,4254,0
2025-10-08 21:40:00,48.47248,48.48204,48.46303,48.47011,460,4306,0
2025-10-08 21:50:00,48.47136,48.48337,48.46905,48.4744,774,4326,0
2025-10-08 22:00:00,48.47524,48.49426,48.47524,48.49055,918,3215,0
2025-10-08 22:10:00,48.49055,48.49417,48.48116,48.49019,858,3160,0
2025-10-08 22:20:00,48.49019,48.50303,48.4816,48.49969,519,3160,0
2025-10-08 22:30:00,48.49969,48.50428,48.49001,48.49454,484,3161,0
2025-10-08 22:40:00,48.49454,48.50092,48.48825,48.49973,483,3841,0
2025-10-08 22:50:00,48.49973,48.51351,48.49183,48.51211,634,3315,0
2025-10-08 23:00:00,48.51212,48.52471,48.51165,48.51935,531,3052,0
2025-10-08 23:10:00,48.51935,48.52205,48.50129,48.52205,646,3345,0
2025-10-08 23:20:00,48.52205,48.52642,48.50012,48.50238,374,3261,0
2025-10-08 23:30:00,48.50238,48.50721,48.49367,48.50721,553,4091,0
2025-10-08 23:40:00,48.50721,48.50721,48.49483,48.50594,348,4257,0
2025-10-08 23:50:00,48.50624,48.51789,48.48782,48.49408,418,5883,0
2025-10-09 00:00:00,48.47809,48.60094,48.47165,48.5871,235,9888,0
2025-10-09 00:10:00,48.5871,48.5924,48.58605,48.59106,524,13263,0
2025-10-09 00:20:00,48.59106,48.59461,48.58213,48.58876,666,13498,0
2025-10-09 00:30:00,48.58876,48.60011,48.58783,48.59077,271,12398,0
2025-10-09 00:40:00,48.59077,48.60961,48.58994,48.60585,453,11852,0
2025-10-09 00:50:00,48.60585,48.61591,48.60501,48.61257,352,11806,0
2025-10-09 01:00:00,48.61257,48.65237,48.61257,48.65237,605,7942,0
2025-10-09 01:10:00,48.65237,48.65328,48.64577,48.65094,434,7920,0
2025-10-09 01:20:00,48.65094,48.65186,48.64705,48.6496,141,7866,0
2025-10-09 01:30:00,48.6496,48.65293,48.64536,48.64698,145,7866,0
2025-10-09 01:40:00,48.64698,48.65063,48.64698,48.65015,118,7889,0
2025-10-09 01:50:00,48.65015,48.65847,48.64931,48.65023,250,7925,0
2025-10-09 02:00:00,48.65023,48.65106,48.58683,48.59788,428,8191,0
2025-10-09 02:10:00,48.59788,48.6044,48.5945,48.59518,620,15088,0
2025-10-09 02:20:00,48.59519,48.59608,48.5812,48.58774,715,15216,0
2025-10-09 02:30:00,48.58776,48.60316,48.58734,48.59214,352,14863,0
2025-10-09 02:40:00,48.59214,48.59624,48.58302,48.58833,497,14495,0
2025-10-09 02:50:00,48.58833,48.60164,48.56523,48.58396,802,13910,0
2025-10-09 03:00:00,48.58396,48.60234,48.5536,48.599,1014,14745,0
2025-10-09 03:10:00,48.599,48.59997,48.56964,48.58143,656,14746,0
2025-10-09 03:20:00,48.58143,48.61906,48.58017,48.61243,592,14834,0
2025-10-09 03:30:00,48.61368,48.66223,48.5943,48.65615,368,9455,0
2025-10-09 03:40:00,48.65617,48.6614,48.6479,48.6548,542,10136,0
2025-10-09 03:50:00,48.6548,48.66161,48.63864,48.64762,917,10131,0
2025-10-09 04:00:00,48.64762,48.68314,48.63647,48.66427,1153,9785,0
2025-10-09 04:10:00,48.66427,48.67675,48.648179999999996,48.66216,870,10192,0
2025-10-09 04:20:00,48.66216,48.68711,48.66093,48.68672,1000,8653,0
2025-10-09 04:30:00,48.68676,48.68834,48.64881,48.66497,726,8762,0
2025-10-09 04:40:00,48.66503,48.6701,48.55436,48.66065,727,7882,0
2025-10-09 04:50:00,48.66065,48.66884,48.65276,48.65768,422,8651,0
2025-10-09 05:00:00,48.65768,48.67101,48.65308,48.66158,419,8652,0
2025-10-09 05:10:00,48.66158,48.66558,48.64585,48.64732,431,9459,0
2025-10-09 05:20:00,48.64732,48.66492,48.64732,48.66155,787,9793,0
2025-10-09 05:30:00,48.66197,48.68502,48.6605,48.68118,741,8807,0
2025-10-09 05:40:00,48.68119,48.69144,48.67759,48.68304,476,9156,0
2025-10-09 05:50:00,48.68304,48.70535,48.66086,48.67091,297,7718,0
2025-10-09 06:00:00,48.67091,48.68504,48.66757,48.67745,756,9967,0
2025-10-09 06:10:00,48.677459999999996,48.679429999999996,48.65983,48.66695,672,9650,0
2025-10-09 06:20:00,48.66695,48.6887,48.66658,48.68575,606,9168,0
2025-10-09 06:30:00,48.68575,48.69373,48.68567,48.69286,295,8398,0
2025-10-09 06:40:00,48.69286,48.69511,48.67846,48.67888,332,8804,0
2025-10-09 06:50:00,48.67888,48.69401,48.67888,48.69275,550,8399,0
2025-10-09 07:00:00,48.69275,48.69546,48.68685,48.69187,161,8400,0
2025-10-09 07:10:00,48.69187,48.69399,48.67576,48.68812,366,8482,0
2025-10-09 07:20:00,48.68818,48.69413,48.68618,48.68785,200,8476,0
2025-10-09 07:30:00,48.68785,48.68827,48.68242,48.68284,137,8475,0
2025-10-09 07:40:00,48.68284,48.69325,48.6772,48.69309,514,8475,0
2025-10-09 07:50:00,48.69309,48.69565,48.68695,48.68695,341,9272,0
2025-10-09 08:00:00,48.68695,48.69664,48.68599,48.69576,290,9744,0
2025-10-09 08:10:00,48.69575,48.69746,48.68586,48.68998,436,9839,0
2025-10-09 08:20:00,48.68998,48.69147,48.6726,48.67785,560,9108,0
2025-10-09 08:30:00,48.67788,48.69043,48.67788,48.68625,573,8473,0
2025-10-09 08:40:00,48.68625,48.68625,48.66897,48.66997,432,8471,0
2025-10-09 08:50:00,48.66997,48.67525,48.65425,48.6555,943,9075,0
2025-10-09 09:00:00,48.6535,48.69022,48.64924,48.65402,1025,3129,0
2025-10-09 09:10:00,48.6536,48.66538,48.63271,48.639,1154,3230,0
2025-10-09 09:20:00,48.63901,48.644,48.61962,48.62388,1326,2536,0
2025-10-09 09:30:00,48.6248,48.62713,48.60559,48.61882,1361,2274,0
2025-10-09 09:40:00,48.61884,48.61885,48.59248,48.59585,1294,1972,0
2025-10-09 09:50:00,48.59627,48.597409999999996,48.57375,48.58938,1328,1972,0
2025-10-09 10:00:00,48.58943,48.61817,48.58651,48.6143,1368,2050,0
2025-10-09 10:10:00,48.6143,48.62603,48.59693,48.61119,1165,1982,0
2025-10-09 10:20:00,48.61119,48.61312,48.58648,48.59172,1059,1883,0
2025-10-09 10:30:00,48.59256,48.60538,48.57972,48.5806,1117,1820,0
2025-10-09 10:40:00,48.58063,48.60207,48.56128,48.59328,1291,1826,0
2025-10-09 10:50:00,48.59328,48.60112,48.57743,48.57991,952,1825,0
2025-10-09 11:00:00,48.57991,48.59247,48.56369,48.59149,1216,2117,0
2025-10-09 11:10:00,48.59111,48.5996,48.58054,48.59523,838,1813,0
2025-10-09 11:20:00,48.59523,48.59935,48.57718,48.58238,986,1812,0
2025-10-09 11:30:00,48.58238,48.58239,48.55259,48.56034,1259,1811,0
2025-10-09 11:40:00,48.56037,48.59648,48.55617,48.57009,1374,1812,0
2025-10-09 11:50:00,48.56925,48.58933,48.55267,48.58897,1124,1831,0
2025-10-09 12:00:00,48.58981,48.64199,48.58647,48.60334,1597,1813,0
2025-10-09 12:10:00,48.60376,48.6158,48.58678,48.60814,1110,1974,0
2025-10-09 12:20:00,48.60814,48.62931,48.60775,48.62782,1146,2168,0
2025-10-09 12:30:00,48.62698,48.64953,48.62029,48.6407,888,1828,0
2025-10-09 12:40:00,48.6407,48.64315,48.62671,48.63475,912,1828,0
2025-10-09 12:50:00,48.63433,48.65548,48.62503,48.64886,1101,1824,0
2025-10-09 13:00:00,48.64973,48.65729,48.64349,48.64944,770,1773,0
2025-10-09 13:10:00,48.64944,48.65239,48.62566,48.63592,797,2177,0
2025-10-09 13:20:00,48.63594,48.65211,48.63104,48.63905,868,1773,0
2025-10-09 13:30:00,48.63905,48.64107,48.61442,48.61635,995,1880,0
2025-10-09 13:40:00,48.61635,48.623,48.60492,48.61418,911,1772,0
2025-10-09 13:50:00,48.61418,48.62878,48.59793,48.61774,1242,1850,0
2025-10-09 14:00:00,48.61774,48.63305,48.58449,48.58847,930,1757,0
2025-10-09 14:10:00,48.58805,48.60286,48.58536,48.6016,524,1730,0
2025-10-09 14:20:00,48.6016,48.61357,48.59523,48.61206,553,1735,0
2025-10-09 14:30:00,48.61124,48.61871,48.60724,48.61562,551,1636,0
2025-10-09 14:40:00,48.61562,48.63896,48.61562,48.62644,731,1531,0
2025-10-09 14:50:00,48.62645,48.62947,48.59609,48.59821,955,1554,0
2025-10-09 15:00:00,48.59779,48.60938,48.58556,48.59141,948,1532,0
2025-10-09 15:10:00,48.59187,48.59758,48.57992,48.58417,1121,1528,0
2025-10-09 15:20:00,48.58417,48.59143,48.56724,48.57887,646,1528,0
2025-10-09 15:30:00,48.57929,48.60944,48.57379,48.59826,960,1633,0
2025-10-09 15:40:00,48.59826,48.60616,48.58125,48.59552,1020,1664,0
2025-10-09 15:50:00,48.59552,48.61381,48.58883,48.60744,922,1713,0
2025-10-09 16:00:00,48.60702,48.64075,48.58122,48.58208,1711,1754,0
2025-10-09 16:10:00,48.58249,48.63405,48.57988,48.58241,1993,1505,0
2025-10-09 16:20:00,48.58242,48.60465,48.5695,48.60284,1101,1719,0
2025-10-09 16:30:00,48.60284,48.60828,48.56278,48.56608,1314,1614,0
2025-10-09 16:40:00,48.56608,48.57256,48.50988,48.54668,1731,1500,0
2025-10-09 16:50:00,48.54668,48.567660000000004,48.54128,48.55504,1429,1496,0
2025-10-09 17:00:00,48.55462,48.55549,48.50853,48.53016,1735,1520,0
2025-10-09 17:10:00,48.53016,48.54678,48.516,48.53327,1337,1491,0
2025-10-09 17:20:00,48.53285,48.53285,48.45064,48.46102,1701,1616,0
2025-10-09 17:30:00,48.46102,48.47374,48.44466,48.46543,1598,1678,0
2025-10-09 17:40:00,48.46543,48.47137,48.44663,48.46553,1361,1672,0
2025-10-09 17:50:00,48.46553,48.49482,48.45796,48.4631,1401,1526,0
2025-10-09 18:00:00,48.46352,48.46662,48.38366,48.40166,1341,1747,0
2025-10-09 18:10:00,48.40166,48.43933,48.39998,48.43503,1144,1804,0
2025-10-09 18:20:00,48.43545,48.43671,48.35788,48.35906,1229,2632,0
2025-10-09 18:30:00,48.35906,48.3681,48.33867,48.33867,1276,2954,0
2025-10-09 18:40:00,48.33825,48.34471,48.31633,48.34346,1417,2726,0
2025-10-09 18:50:00,48.34346,48.36557,48.3373,48.36557,948,2727,0
2025-10-09 19:00:00,48.36599,48.3677,48.3436,48.3459,1219,2961,0
2025-10-09 19:10:00,48.34591,48.34698,48.32743,48.3352,959,4851,0
2025-10-09 19:20:00,48.3352,48.35481,48.32113,48.35359,1016,4761,0
2025-10-09 19:30:00,48.35317,48.35781,48.32352,48.33215,768,4760,0
2025-10-09 19:40:00,48.33217,48.35085,48.32661,48.34732,1254,5549,0
2025-10-09 19:50:00,48.34732,48.35614,48.32121,48.34195,1139,4774,0
2025-10-09 20:00:00,48.34154,48.36271,48.33336,48.35661,1287,5048,0
2025-10-09 20:10:00,48.35665,48.36698,48.34297,48.36032,1207,4780,0
2025-10-09 20:20:00,48.36033,48.37772,48.35192,48.37588,944,4786,0
2025-10-09 20:30:00,48.37588,48.3763,48.35271,48.35482,669,4784,0
2025-10-09 20:40:00,48.35524,48.35565,48.33152,48.33543,825,4786,0
2025-10-09 20:50:00,48.33585,48.35101,48.33176,48.34929,1000,5101,0
2025-10-09 21:00:00,48.34929,48.35531,48.3375,48.34721,742,4785,0
2025-10-09 21:10:00,48.34721,48.35802,48.3363,48.35706,644,4785,0
2025-10-09 21:20:00,48.35705,48.35705,48.33573,48.34337,594,4787,0
2025-10-09 21:30:00,48.34337,48.34547,48.32018,48.32949,525,4786,0
2025-10-09 21:40:00,48.3291,48.33671,48.30293,48.30293,663,4784,0
2025-10-09 21:50:00,48.30293,48.30548,48.27371,48.28959,1147,5876,0
2025-10-09 22:00:00,48.28961,48.31822,48.28961,48.31372,892,4937,0
2025-10-09 22:10:00,48.31371,48.32085,48.30555,48.31341,688,5137,0
2025-10-09 22:20:00,48.31341,48.32958,48.30957,48.32711,778,5759,0
2025-10-09 22:30:00,48.32711,48.35031,48.318,48.34972,913,5417,0
2025-10-09 22:40:00,48.34972,48.35307,48.33588,48.34429,740,5614,0
2025-10-09 22:50:00,48.34387,48.35462,48.33455,48.34924,866,4797,0
2025-10-09 23:00:00,48.34924,48.37054,48.34586,48.37054,748,5247,0
2025-10-09 23:10:00,48.37056,48.37097,48.35855,48.36124,555,5246,0
2025-10-09 23:20:00,48.36082,48.36988,48.35416,48.36937,555,5809,0
2025-10-09 23:30:00,48.36895,48.3774,48.13781,48.23019,623,5393,0
2025-10-09 23:40:00,48.23019,48.33879,48.22701,48.33795,402,8613,0
2025-10-09 23:50:00,48.33795,48.36121,48.12361,48.31391,549,8058,0
2025-10-10 00:00:00,48.3138,48.3138,48.20613,48.30444,160,10246,0
2025-10-10 00:10:00,48.30445,48.30729,48.25128,48.29826,296,9387,0
2025-10-10 00:20:00,48.29826,48.30694,48.28936,48.30652,89,8751,0
2025-10-10 00:30:00,48.30652,48.30821,48.29567,48.30465,315,8705,0
2025-10-10 00:40:00,48.30465,48.31592,48.30181,48.31592,145,8552,0
2025-10-10 00:50:00,48.31592,48.32033,48.31048,48.31482,137,8300,0
2025-10-10 01:00:00,48.31482,48.35082,48.31482,48.35042,801,4393,0
2025-10-10 01:10:00,48.35045,48.35668,48.34636,48.35668,658,3708,0
2025-10-10 01:20:00,48.35668,48.35676,48.34638,48.35079,204,3714,0
2025-10-10 01:30:00,48.35079,48.35474,48.34816,48.35357,404,3798,0
2025-10-10 01:40:00,48.35357,48.35824,48.35149,48.35694,290,4010,0
2025-10-10 01:50:00,48.35694,48.35953,48.34578,48.35237,313,3990,0
2025-10-10 02:00:00,48.34413,48.35374,48.33148,48.33383,444,4972,0
2025-10-10 02:10:00,48.33299,48.35074,48.32179,48.34989,1017,2852,0
2025-10-10 02:20:00,48.34989,48.35916,48.34657,48.35703,362,2469,0
2025-10-10 02:30:00,48.35703,48.35703,48.3316,48.35172,743,2463,0
2025-10-10 02:40:00,48.35131,48.35992,48.34939,48.35533,434,2430,0
2025-10-10 02:50:00,48.35533,48.35923,48.35047,48.35228,454,2713,0
2025-10-10 03:00:00,48.35228,48.35606,48.33255,48.33639,1017,3604,0
2025-10-10 03:10:00,48.33639,48.34615,48.32914,48.33116,442,3638,0
2025-10-10 03:20:00,48.33116,48.34776,48.32901,48.33743,701,3818,0
2025-10-10 03:30:00,48.33743,48.35046,48.33125,48.34918,371,3693,0
2025-10-10 03:40:00,48.34918,48.35164,48.34244,48.34783,456,3720,0
2025-10-10 03:50:00,48.34783,48.36744,48.34454,48.35562,890,4151,0
2025-10-10 04:00:00,48.35563,48.37256,48.34778,48.35336,647,3973,0
2025-10-10 04:10:00,48.35336,48.36814,48.34894,48.36342,580,3972,0
2025-10-10 04:20:00,48.36342,48.36641,48.35715,48.36431,585,3688,0
2025-10-10 04:30:00,48.36475,48.36684,48.3522,48.35986,940,2560,0
2025-10-10 04:40:00,48.35986,48.36641,48.35839,48.36423,497,2400,0
2025-10-10 04:50:00,48.36465,48.36954,48.33866,48.34153,634,3275,0
2025-10-10 05:00:00,48.34199,48.37013,48.34028,48.36971,715,2400,0
2025-10-10 05:10:00,48.36971,48.38058,48.36636,48.37854,348,2401,0
2025-10-10 05:20:00,48.37895,48.38349,48.374,48.37976,398,2401,0
2025-10-10 05:30:00,48.37976,48.38143,48.36757,48.37232,385,3427,0
2025-10-10 05:40:00,48.37231,48.37231,48.35413,48.36519,527,3661,0
2025-10-10 05:50:00,48.36562,48.36972,48.35385,48.3687,532,3976,0
2025-10-10 06:00:00,48.3687,48.38236,48.36712,48.38153,646,2401,0
2025-10-10 06:10:00,48.38153,48.38194,48.36647,48.37609,279,2401,0
2025-10-10 06:20:00,48.37609,48.3834,48.37525,48.38201,394,2401,0
2025-10-10 06:30:00,48.38201,48.3878,48.37837,48.38756,470,2892,0
2025-10-10 06:40:00,48.38756,48.38939,48.37469,48.37678,333,3455,0
2025-10-10 06:50:00,48.37678,48.38721,48.37176,48.38597,506,3137,0
2025-10-10 07:00:00,48.38599,48.38645,48.37242,48.37485,494,2849,0
2025-10-10 07:10:00,48.37489,48.37672,48.36181,48.36734,659,2401,0
2025-10-10 07:20:00,48.36734,48.37638,48.36353,48.37613,368,2401,0
2025-10-10 07:30:00,48.37619,48.38098,48.35764,48.36332,195,2401,0
2025-10-10 07:40:00,48.36332,48.37425,48.36259,48.37395,399,4088,0
2025-10-10 07:50:00,48.37399,48.38556,48.3679,48.37512,612,2402,0
2025-10-10 08:00:00,48.37516,48.38201,48.36814,48.37862,658,2992,0
2025-10-10 08:10:00,48.37862,48.39916,48.37862,48.39916,461,2403,0
2025-10-10 08:20:00,48.39916,48.40514,48.38136,48.38196,329,2403,0
2025-10-10 08:30:00,48.38202,48.39031,48.37256,48.37845,879,2725,0
2025-10-10 08:40:00,48.37845,48.39782,48.37577,48.39282,479,4126,0
2025-10-10 08:50:00,48.39284,48.39574,48.36673,48.3687,888,3736,0
2025-10-10 09:00:00,48.3687,48.38685,48.3687,48.37934,1080,1003,0
2025-10-10 09:10:00,48.37928,48.39355,48.3736,48.38429,988,744,0
2025-10-10 09:20:00,48.38429,48.39813,48.37654,48.37828,1021,798,0
2025-10-10 09:30:00,48.37829,48.40884,48.36648,48.37894,1554,743,0
2025-10-10 09:40:00,48.37852,48.38229,48.35412,48.357169999999996,1049,742,0
2025-10-10 09:50:00,48.357169999999996,48.40469,48.34916,48.38683,1371,1231,0
2025-10-10 10:00:00,48.38683,48.41287,48.37114,48.39739,1519,853,0
2025-10-10 10:10:00,48.39739,48.41755,48.38613,48.38742,1236,746,0
2025-10-10 10:20:00,48.38742,48.38939,48.35756,48.38016,857,752,0
2025-10-10 10:30:00,48.38016,48.4054,48.37621,48.40175,1083,1220,0
2025-10-10 10:40:00,48.40175,48.4116,48.39257,48.40221,979,744,0
2025-10-10 10:50:00,48.40263,48.42868,48.39928,48.41756,1003,743,0
2025-10-10 11:00:00,48.41756,48.44141,48.41117,48.43476,903,743,0
2025-10-10 11:10:00,48.43477,48.45911,48.43393,48.44503,1307,1275,0
2025-10-10 11:20:00,48.44503,48.47031,48.43614,48.45208,1010,744,0
2025-10-10 11:30:00,48.45208,48.45708,48.44447,48.45059,991,937,0
2025-10-10 11:40:00,48.45059,48.4528,48.4386,48.44187,944,745,0
2025-10-10 11:50:00,48.44187,48.44309,48.41784,48.42046,1057,746,0
2025-10-10 12:00:00,48.42004,48.42982,48.40728,48.41112,720,747,0
2025-10-10 12:10:00,48.41119,48.41568,48.38934,48.39156,748,747,0
2025-10-10 12:20:00,48.39164,48.40709,48.38662,48.38663,598,746,0
2025-10-10 12:30:00,48.38663,48.39598,48.38046,48.39069,569,1099,0
2025-10-10 12:40:00,48.39153,48.41106,48.39031,48.41089,889,1316,0
2025-10-10 12:50:00,48.41091,48.42649,48.39859,48.40376,1145,747,0
2025-10-10 13:00:00,48.40334,48.40752,48.39013,48.40522,1128,746,0
2025-10-10 13:10:00,48.40522,48.4293,48.40522,48.4281,829,747,0
2025-10-10 13:20:00,48.4281,48.44461,48.4276,48.43282,841,746,0
2025-10-10 13:30:00,48.43282,48.43323,48.40681,48.41171,581,745,0
2025-10-10 13:40:00,48.41171,48.412,48.39788,48.40496,963,912,0
2025-10-10 13:50:00,48.40496,48.40664,48.38784,48.39366,884,746,0
2025-10-10 14:00:00,48.39366,48.39989,48.38617,48.39865,752,710,0
2025-10-10 14:10:00,48.39865,48.40851,48.38976,48.39194,474,757,0
2025-10-10 14:20:00,48.39194,48.40032,48.37626,48.37813,531,895,0
2025-10-10 14:30:00,48.37813,48.38166,48.35357,48.37746,844,876,0
2025-10-10 14:40:00,48.37746,48.38605,48.3708,48.37531,892,847,0
2025-10-10 14:50:00,48.37573,48.38085,48.34635,48.34887,1059,884,0
2025-10-10 15:00:00,48.34887,48.38579,48.34297,48.37986,1223,797,0
2025-10-10 15:10:00,48.37987,48.41433,48.37723,48.40962,926,520,0
2025-10-10 15:20:00,48.40962,48.41166,48.39687,48.40499,677,520,0
2025-10-10 15:30:00,48.40458,48.41456,48.38816,48.39766,953,788,0
2025-10-10 15:40:00,48.39849,48.40406,48.38413,48.39882,834,667,0
2025-10-10 15:50:00,48.39882,48.40543,48.3902,48.39531,881,520,0
2025-10-10 16:00:00,48.39531,48.39558,48.35555,48.3638,797,519,0
2025-10-10 16:10:00,48.3638,48.39879,48.3622,48.39778,715,519,0
2025-10-10 16:20:00,48.39778,48.40424,48.36271,48.37558,664,519,0
2025-10-10 16:30:00,48.37558,48.37966,48.35783,48.36204,848,520,0
2025-10-10 16:40:00,48.36204,48.39149,48.36204,48.37306,907,596,0
2025-10-10 16:50:00,48.37306,48.3914,48.36346,48.37676,784,711,0
2025-10-10 17:00:00,48.37718,48.41788,48.36526,48.41499,1126,888,0
2025-10-10 17:10:00,48.41499,48.42005,48.3688,48.37665,993,665,0
2025-10-10 17:20:00,48.37624,48.38902,48.3675,48.37829,989,638,0
2025-10-10 17:30:00,48.37829,48.40587,48.36869,48.40129,1019,520,0
2025-10-10 17:40:00,48.40129,48.41878,48.39619,48.41197,863,520,0
2025-10-10 17:50:00,48.41155,48.44122,48.40606,48.42384,1474,520,0
2025-10-10 18:00:00,48.42384,48.60378,48.42134,48.58681,3074,745,0
2025-10-10 18:10:00,48.58639,48.59225,48.53044,48.56016,2559,881,0
2025-10-10 18:20:00,48.55974,48.63183,48.55657,48.62864,2441,826,0
2025-10-10 18:30:00,48.62822,48.64292,48.59129,48.59501,2462,834,0
2025-10-10 18:40:00,48.59501,48.60624,48.56268,48.58092,1862,740,0
2025-10-10 18:50:00,48.58092,48.58737,48.5494,48.56631,1678,722,0
2025-10-10 19:00:00,48.56631,48.60821,48.5497,48.60489,1838,767,0
2025-10-10 19:10:00,48.60531,48.61065,48.53484,48.53526,1518,2107,0
2025-10-10 19:20:00,48.53484,48.56958,48.53147,48.55063,1328,2104,0
2025-10-10 19:30:00,48.55063,48.56394,48.52992,48.53632,1327,2105,0
2025-10-10 19:40:00,48.53673,48.55989,48.52346,48.53743,951,2104,0
2025-10-10 19:50:00,48.53743,48.54353,48.52062,48.52792,1025,2104,0
2025-10-10 20:00:00,48.52792,48.5412,48.49611,48.49818,860,2836,0
2025-10-10 20:10:00,48.49818,48.51709,48.48927,48.50656,700,3171,0
2025-10-10 20:20:00,48.50656,48.52571,48.50409,48.51533,908,2765,0
2025-10-10 20:30:00,48.51535,48.52329,48.50765,48.52084,745,2184,0
2025-10-10 20:40:00,48.52042,48.52915,48.51194,48.51795,812,2109,0
2025-10-10 20:50:00,48.51795,48.53097,48.50326,48.50422,622,2107,0
2025-10-10 21:00:00,48.50464,48.52583,48.503,48.52542,1411,2108,0
2025-10-10 21:10:00,48.52542,48.52672,48.50863,48.51753,731,2108,0
2025-10-10 21:20:00,48.51753,48.54544,48.51189,48.54285,941,2902,0
2025-10-10 21:30:00,48.54289,48.55696,48.53671,48.5428,883,2285,0
2025-10-10 21:40:00,48.5428,48.54456,48.52527,48.53866,609,2106,0
2025-10-10 21:50:00,48.53824,48.5585,48.53817,48.53844,823,2109,0
2025-10-10 22:00:00,48.53809,48.54615,48.519,48.54361,584,2099,0
2025-10-10 22:10:00,48.5436,48.54524,48.52849,48.54245,837,2112,0
2025-10-10 22:20:00,48.54247,48.5543,48.5333,48.55269,735,2537,0
2025-10-10 22:30:00,48.55269,48.57199,48.55096,48.56797,540,2634,0
2025-10-10 22:40:00,48.56797,48.572540000000004,48.54761,48.55727,1062,2372,0
2025-10-10 22:50:00,48.557339999999996,48.58306,48.55346,48.56535,818,2112,0
2025-10-10 23:00:00,48.56528,48.57049,48.55021,48.55125,1049,2116,0
2025-10-10 23:10:00,48.55129,48.56244,48.53948,48.54803,764,2359,0
2025-10-10 23:20:00,48.54803,48.56298,48.53965,48.554429999999996,495,2136,0
2025-10-10 23:30:00,48.554429999999996,48.56245,48.51306,48.53417,594,2420,0
2025-10-10 23:40:00,48.53417,48.53818,48.51426,48.51754,344,3697,0
2025-10-10 23:50:00,48.51754,48.60155,48.50489,48.57006,1625,4828,0
2025-10-13 00:00:00,48.34782,48.44838,48.31349,48.41626,131,17129,0
2025-10-13 00:10:00,48.41626,48.41627,48.40255,48.40801,63,24007,0
2025-10-13 00:20:00,48.40801,48.41384,48.341,48.41012,90,24236,0
2025-10-13 00:30:00,48.41012,48.49709,48.4038,48.49707,143,13605,0
2025-10-13 00:40:00,48.49707,48.52793,48.41923,48.52793,427,13252,0
2025-10-13 00:50:00,48.52793,48.57456,48.52793,48.56265,315,9842,0
2025-10-13 01:00:00,48.56265,48.57075,48.50733,48.51507,1443,6022,0
2025-10-13 01:10:00,48.515,48.52221,48.49879,48.50219,1370,4990,0
2025-10-13 01:20:00,48.50219,48.51596,48.49079,48.5133,1377,4818,0
2025-10-13 01:30:00,48.5133,48.54498,48.51003,48.54466,1046,4573,0
2025-10-13 01:40:00,48.544669999999996,48.54892,48.5302,48.53414,484,4743,0
2025-10-13 01:50:00,48.53413,48.54258,48.53056,48.54006,436,4912,0
2025-10-13 02:00:00,48.54006,48.56469,48.53076,48.55877,783,5339,0
2025-10-13 02:10:00,48.55877,48.56421,48.51951,48.5315,759,5856,0
2025-10-13 02:20:00,48.5315,48.55903,48.51897,48.55497,870,5070,0
2025-10-13 02:30:00,48.55498,48.57479,48.54333,48.54749,754,4493,0
2025-10-13 02:40:00,48.54752,48.54769,48.52357,48.53729,796,4733,0
2025-10-13 02:50:00,48.53729,48.5433,48.51421,48.51601,878,5869,0
2025-10-13 03:00:00,48.51603,48.53507,48.50969,48.51287,1042,8064,0
2025-10-13 03:10:00,48.51287,48.53843,48.5061,48.53675,820,8350,0
2025-10-13 03:20:00,48.53675,48.54092,48.51739,48.52074,652,9203,0
2025-10-13 03:30:00,48.52074,48.54356,48.52071,48.541,710,7179,0
2025-10-13 03:40:00,48.541,48.56567,48.541,48.56401,815,7354,0
2025-10-13 03:50:00,48.56401,48.58269,48.56113,48.58187,682,7391,0
2025-10-13 04:00:00,48.58187,48.59859,48.56386,48.572540000000004,887,7384,0
2025-10-13 04:10:00,48.572540000000004,48.57659,48.55331,48.56969,742,7526,0
2025-10-13 04:20:00,48.56969,48.57551,48.55675,48.55886,585,7677,0
2025-10-13 04:30:00,48.55886,48.58468,48.55845,48.58257,519,7676,0
2025-10-13 04:40:00,48.58132,48.60215,48.57714,48.58358,542,7704,0
2025-10-13 04:50:00,48.58358,48.60139,48.57982,48.59633,548,7753,0
2025-10-13 05:00:00,48.59675,48.62212,48.59466,48.61331,814,7548,0
2025-10-13 05:10:00,48.61334,48.63087,48.61334,48.61336,733,6510,0
2025-10-13 05:20:00,48.61336,48.61381,48.59113,48.59165,816,6633,0
2025-10-13 05:30:00,48.59165,48.60681,48.58491,48.59502,751,7125,0
2025-10-13 05:40:00,48.59505,48.60249,48.59334,48.59499,763,5897,0
2025-10-13 05:50:00,48.595,48.60398,48.58959,48.6001,479,6212,0
2025-10-13 06:00:00,48.60009,48.60892,48.59235,48.6004,594,6464,0
2025-10-13 06:10:00,48.6004,48.60093,48.58702,48.58952,454,7317,0
2025-10-13 06:20:00,48.5891,48.59282,48.58016,48.58429,530,6897,0
2025-10-13 06:30:00,48.58429,48.60308,48.58348,48.60052,424,5520,0
2025-10-13 06:40:00,48.60052,48.60595,48.59436,48.60343,291,5520,0
2025-10-13 06:50:00,48.60344,48.61092,48.59651,48.60613,408,5903,0
2025-10-13 07:00:00,48.60613,48.60647,48.59326,48.60177,422,6169,0
2025-10-13 07:10:00,48.60178,48.62801,48.59859,48.62701,710,5682,0
2025-10-13 07:20:00,48.62701,48.62781,48.61384,48.61548,418,5522,0
2025-10-13 07:30:00,48.61592,48.62096,48.59937,48.61128,398,6906,0
2025-10-13 07:40:00,48.6113,48.61526,48.60007,48.60592,729,5693,0
2025-10-13 07:50:00,48.60592,48.61039,48.59863,48.61039,375,5504,0
2025-10-13 08:00:00,48.61039,48.6171,48.5864,48.59218,784,5590,0
2025-10-13 08:10:00,48.59218,48.60989,48.58766,48.60416,698,6691,0
2025-10-13 08:20:00,48.60416,48.60914,48.58907,48.59043,815,6000,0
2025-10-13 08:30:00,48.59045,48.59468,48.57877,48.59343,652,5892,0
2025-10-13 08:40:00,48.59343,48.59718,48.58503,48.58758,693,6315,0
2025-10-13 08:50:00,48.58767,48.58839,48.56388,48.57221,620,6053,0
2025-10-13 09:00:00,48.57221,48.60961,48.57221,48.59886,925,1947,0
2025-10-13 09:10:00,48.59887,48.65576,48.59841,48.65373,1125,2035,0
2025-10-13 09:20:00,48.65373,48.65879,48.61493,48.64162,1171,1958,0
2025-10-13 09:30:00,48.64162,48.64244,48.60806,48.61317,1277,1673,0
2025-10-13 09:40:00,48.61318,48.64838,48.60019,48.60263,1339,1368,0
2025-10-13 09:50:00,48.60138,48.61829,48.57001,48.58616,1374,1365,0
2025-10-13 10:00:00,48.58616,48.59337,48.55998,48.56048,1659,1351,0
2025-10-13 10:10:00,48.56048,48.57098,48.54143,48.55959,1415,1351,0
2025-10-13 10:20:00,48.5596,48.58826,48.55428,48.58578,1269,1628,0
2025-10-13 10:30:00,48.58579,48.58982,48.5486,48.56431,1334,1631,0
2025-10-13 10:40:00,48.56431,48.56549,48.53587,48.53713,1151,1261,0
2025-10-13 10:50:00,48.53713,48.55113,48.47004,48.47838,1188,1261,0
2025-10-13 11:00:00,48.47692,48.539,48.45815,48.52304,1490,1404,0
2025-10-13 11:10:00,48.52305,48.52667,48.49348,48.49702,1187,1560,0
2025-10-13 11:20:00,48.49702,48.50976,48.48164,48.48414,1158,1471,0
2025-10-13 11:30:00,48.48414,48.48918,48.44364,48.44477,1306,1540,0
2025-10-13 11:40:00,48.44453,48.47424,48.44325,48.46554,1234,1251,0
2025-10-13 11:50:00,48.46554,48.47476,48.45509,48.46196,801,1250,0
2025-10-13 12:00:00,48.46196,48.50451,48.45781,48.48919,1027,1242,0
2025-10-13 12:10:00,48.48919,48.50255,48.48443,48.4983,806,1242,0
2025-10-13 12:20:00,48.4983,48.50091,48.48774,48.48774,767,1614,0
2025-10-13 12:30:00,48.4877,48.51455,48.4857,48.51378,877,1270,0
2025-10-13 12:40:00,48.51378,48.51384,48.48731,48.49609,928,1260,0
2025-10-13 12:50:00,48.49612,48.50678,48.49364,48.50124,684,1243,0
2025-10-13 13:00:00,48.50124,48.50669,48.48605,48.4969,833,1243,0
2025-10-13 13:10:00,48.49693,48.49696,48.47294,48.47938,911,1243,0
2025-10-13 13:20:00,48.47938,48.47951,48.44659,48.46711,946,1246,0
2025-10-13 13:30:00,48.46711,48.4737,48.45008,48.47135,898,1246,0
2025-10-13 13:40:00,48.47137,48.48143,48.45258,48.46277,873,1241,0
2025-10-13 13:50:00,48.46277,48.47261,48.44821,48.45859,758,1241,0
2025-10-13 14:00:00,48.45859,48.50357,48.45842,48.48487,1313,1021,0
2025-10-13 14:10:00,48.48487,48.49562,48.46882,48.49092,834,1164,0
2025-10-13 14:20:00,48.49092,48.4983,48.45667,48.46192,772,1077,0
2025-10-13 14:30:00,48.46192,48.46665,48.42963,48.43138,963,1018,0
2025-10-13 14:40:00,48.43138,48.4399,48.41436,48.4375,1021,1021,0
2025-10-13 14:50:00,48.43751,48.4392,48.38334,48.39642,1278,1019,0
2025-10-13 15:00:00,48.39642,48.41521,48.38926,48.39976,1179,1017,0
2025-10-13 15:10:00,48.39976,48.42889,48.39776,48.41489,996,1017,0
2025-10-13 15:20:00,48.41489,48.41489,48.38208,48.38254,707,1334,0
2025-10-13 15:30:00,48.38254,48.39561,48.36797,48.39066,874,1045,0
2025-10-13 15:40:00,48.39024,48.4012,48.37297,48.37441,783,1246,0
2025-10-13 15:50:00,48.37441,48.39575,48.36262,48.39119,962,1047,0
2025-10-13 16:00:00,48.39119,48.41029,48.37518,48.40873,1186,1093,0
2025-10-13 16:10:00,48.40873,48.41121,48.38893,48.39474,814,1187,0
2025-10-13 16:20:00,48.39474,48.40619,48.38855,48.40406,900,1131,0
2025-10-13 16:30:00,48.40406,48.41211,48.38417,48.41137,1095,1120,0
2025-10-13 16:40:00,48.41137,48.41821,48.38257,48.41324,1242,1149,0
2025-10-13 16:50:00,48.41324,48.42915,48.39844,48.41901,1091,1305,0
2025-10-13 17:00:00,48.41901,48.41943,48.39732,48.39946,1161,1045,0
2025-10-13 17:10:00,48.39946,48.39946,48.36835,48.38687,1091,1045,0
2025-10-13 17:20:00,48.38687,48.38688,48.36072,48.36249,1185,1045,0
2025-10-13 17:30:00,48.36209,48.37872,48.35917,48.37124,812,1044,0
2025-10-13 17:40:00,48.37124,48.37922,48.36117,48.37749,1019,1044,0
2025-10-13 17:50:00,48.3775,48.37795,48.34382,48.36083,1173,1216,0
2025-10-13 18:00:00,48.36084,48.38769,48.36022,48.36649,1014,1074,0
2025-10-13 18:10:00,48.36649,48.39172,48.35645,48.39011,665,1074,0
2025-10-13 18:20:00,48.39011,48.40062,48.38339,48.38572,844,1209,0
2025-10-13 18:30:00,48.38572,48.40584,48.38112,48.39448,583,1209,0
2025-10-13 18:40:00,48.39448,48.40793,48.38854,48.40191,594,1484,0
2025-10-13 18:50:00,48.40191,48.41468,48.39991,48.40866,442,1268,0
2025-10-13 19:00:00,48.40866,48.40866,48.39408,48.40231,678,1322,0
2025-10-13 19:10:00,48.40231,48.40413,48.38218,48.38905,590,4771,0
2025-10-13 19:20:00,48.38905,48.40921,48.37567,48.39476,1090,3630,0
2025-10-13 19:30:00,48.39476,48.39734,48.37584,48.3771,567,3143,0
2025-10-13 19:40:00,48.37669,48.40048,48.37583,48.40006,350,3145,0
2025-10-13 19:50:00,48.40006,48.40634,48.39042,48.39911,516,3146,0
2025-10-13 20:00:00,48.39911,48.4046,48.38377,48.38819,641,3332,0
2025-10-13 20:10:00,48.38819,48.39386,48.38275,48.39261,604,4107,0
2025-10-13 20:20:00,48.39261,48.39819,48.38725,48.39415,505,4074,0
2025-10-13 20:30:00,48.39498,48.39584,48.37864,48.37937,606,4096,0
2025-10-13 20:40:00,48.37937,48.38724,48.37094,48.37919,668,4031,0
2025-10-13 20:50:00,48.37919,48.39595,48.37919,48.38199,767,3991,0
2025-10-13 21:00:00,48.38199,48.39859,48.38197,48.39644,668,4397,0
2025-10-13 21:10:00,48.39644,48.40101,48.388419999999996,48.39973,478,4586,0
2025-10-13 21:20:00,48.39974,48.40633,48.3953,48.40027,712,3137,0
2025-10-13 21:30:00,48.39985,48.40336,48.38,48.38047,809,3137,0
2025-10-13 21:40:00,48.3805,48.38113,48.37436,48.37551,725,4161,0
2025-10-13 21:50:00,48.37551,48.37787,48.359,48.37077,686,3311,0
2025-10-13 22:00:00,48.37077,48.38373,48.36995,48.38285,398,3314,0
2025-10-13 22:10:00,48.38285,48.39081,48.37869,48.39024,296,3319,0
2025-10-13 22:20:00,48.39024,48.39153,48.38248,48.3829,386,3355,0
2025-10-13 22:30:00,48.3829,48.38466,48.36685,48.37133,294,3735,0
2025-10-13 22:40:00,48.37133,48.37499,48.35883,48.36092,229,3957,0
2025-10-13 22:50:00,48.36092,48.36706,48.35373,48.35537,699,4540,0
2025-10-13 23:00:00,48.35537,48.36341,48.34603,48.36142,459,4913,0
2025-10-13 23:10:00,48.36142,48.37171,48.3612,48.37041,520,4037,0
2025-10-13 23:20:00,48.37041,48.37444,48.3616,48.36328,348,3617,0
2025-10-13 23:30:00,48.36328,48.37048,48.3599,48.36949,536,3653,0
2025-10-13 23:40:00,48.36949,48.36949,48.356700000000004,48.36384,211,4759,0
2025-10-13 23:50:00,48.36384,48.36933,48.35238,48.36793,437,7530,0
2025-10-14 00:00:00,48.36371,48.36548,48.30664,48.33353,67,8824,0
2025-10-14 00:10:00,48.3335,48.33647,48.33333,48.3351,111,13468,0
2025-10-14 00:20:00,48.3351,48.3351,48.31213,48.3168,84,13885,0
2025-10-14 00:30:00,48.3168,48.35392,48.31574,48.35313,249,12826,0
2025-10-14 00:40:00,48.35313,48.36736,48.35313,48.36694,125,12421,0
2025-10-14 00:50:00,48.36694,48.3682,48.36307,48.36349,70,12252,0
2025-10-14 01:00:00,48.36349,48.39336,48.36349,48.39037,451,7165,0
2025-10-14 01:10:00,48.39037,48.39904,48.39031,48.39735,127,7772,0
2025-10-14 01:20:00,48.39735,48.40023,48.39071,48.39278,223,7817,0
2025-10-14 01:30:00,48.39278,48.39279,48.38422,48.38744,154,7895,0
2025-10-14 01:40:00,48.38744,48.38827,48.37973,48.38302,90,7960,0
2025-10-14 01:50:00,48.38302,48.38509,48.37325,48.37325,130,8010,0
2025-10-14 02:00:00,48.37367,48.37659,48.35903,48.36442,468,7734,0
2025-10-14 02:10:00,48.36442,48.37735,48.3577,48.36575,713,6031,0
2025-10-14 02:20:00,48.36582,48.3818,48.36225,48.36334,534,6034,0
2025-10-14 02:30:00,48.36334,48.37409,48.35587,48.35688,450,8320,0
2025-10-14 02:40:00,48.35688,48.39248,48.35239,48.35328,780,7757,0
2025-10-14 02:50:00,48.35286,48.35838,48.34948,48.35352,721,7705,0
2025-10-14 03:00:00,48.35352,48.36036,48.30702,48.31496,1062,7746,0
2025-10-14 03:10:00,48.31496,48.32812,48.30406,48.32125,784,8971,0
2025-10-14 03:20:00,48.32125,48.32169,48.30313,48.30559,304,9193,0
2025-10-14 03:30:00,48.30559,48.32543,48.30559,48.31775,557,7334,0
2025-10-14 03:40:00,48.31775,48.33945,48.31632,48.32801,826,6229,0
2025-10-14 03:50:00,48.32805,48.35342,48.32511,48.34757,816,5771,0
2025-10-14 04:00:00,48.3484,48.368,48.3441,48.35559,820,5813,0
2025-10-14 04:10:00,48.35559,48.37658,48.35017,48.37282,842,5882,0
2025-10-14 04:20:00,48.37282,48.38917,48.36585,48.3822,817,5883,0
2025-10-14 04:30:00,48.3822,48.39028,48.37797,48.3837,693,7213,0
2025-10-14 04:40:00,48.3837,48.38596,48.37954,48.38402,432,7244,0
2025-10-14 04:50:00,48.38402,48.39119,48.37676,48.37962,449,7432,0
2025-10-14 05:00:00,48.37962,48.38899,48.37459,48.37543,313,7560,0
2025-10-14 05:10:00,48.37543,48.39223,48.37502,48.37981,705,6181,0
2025-10-14 05:20:00,48.37987,48.39861,48.3769,48.39399,474,5906,0
2025-10-14 05:30:00,48.39399,48.39608,48.37905,48.39542,595,5909,0
2025-10-14 05:40:00,48.39542,48.39704,48.38557,48.39068,492,6351,0
2025-10-14 05:50:00,48.39067,48.40628,48.38881,48.39531,485,7039,0
2025-10-14 06:00:00,48.39531,48.39629,48.38529,48.38857,354,7365,0
2025-10-14 06:10:00,48.38857,48.39741,48.38381,48.39477,341,7540,0
2025-10-14 06:20:00,48.39477,48.41278,48.38849,48.41083,685,6111,0
2025-10-14 06:30:00,48.41084,48.41811,48.40551,48.41403,632,5998,0
2025-10-14 06:40:00,48.41402,48.43018,48.41292,48.42933,533,6822,0
2025-10-14 06:50:00,48.42933,48.43015,48.4128,48.41526,511,7269,0
2025-10-14 07:00:00,48.41526,48.43633,48.41482,48.42918,1057,6126,0
2025-10-14 07:10:00,48.42918,48.46285,48.42828,48.46285,1364,5886,0
2025-10-14 07:20:00,48.46289,48.47786,48.44048,48.46713,1019,5782,0
2025-10-14 07:30:00,48.46713,48.46713,48.455799999999996,48.46017,648,5777,0
2025-10-14 07:40:00,48.46017,48.47383,48.45073,48.47259,717,6602,0
2025-10-14 07:50:00,48.47259,48.48388,48.47207,48.48286,816,6870,0
2025-10-14 08:00:00,48.48329,48.48409,48.4539,48.45565,858,6618,0
2025-10-14 08:10:00,48.45565,48.45755,48.44617,48.45645,1007,6917,0
2025-10-14 08:20:00,48.45645,48.45645,48.43869,48.44656,849,6810,0
2025-10-14 08:30:00,48.44659,48.47545,48.44562,48.47426,1035,6402,0
2025-10-14 08:40:00,48.47388,48.49225,48.45559,48.45888,1080,5844,0
2025-10-14 08:50:00,48.4589,48.46741,48.43845,48.45931,1054,5896,0
2025-10-14 09:00:00,48.45931,48.49951,48.45931,48.47714,1283,2172,0
2025-10-14 09:10:00,48.47757,48.47865,48.45457,48.47013,1375,1828,0
2025-10-14 09:20:00,48.46845,48.47982,48.42042,48.42512,1449,1390,0
2025-10-14 09:30:00,48.42512,48.4302,48.39801,48.42808,1391,2024,0
2025-10-14 09:40:00,48.42809,48.45212,48.41985,48.42305,1361,1251,0
2025-10-14 09:50:00,48.42305,48.44031,48.41805,48.43542,1054,1251,0
2025-10-14 10:00:00,48.43458,48.44804,48.42041,48.44129,1672,1286,0
2025-10-14 10:10:00,48.44129,48.44129,48.39619,48.41327,1388,1734,0
2025-10-14 10:20:00,48.41327,48.43294,48.38816,48.39276,1402,1189,0
2025-10-14 10:30:00,48.39276,48.40355,48.36597,48.36868,1720,1188,0
2025-10-14 10:40:00,48.36868,48.37545,48.3177,48.3363,1692,1187,0
2025-10-14 10:50:00,48.3363,48.36706,48.3363,48.34433,1284,1188,0
2025-10-14 11:00:00,48.34517,48.37701,48.32861,48.36823,1329,1577,0
2025-10-14 11:10:00,48.36825,48.37846,48.35905,48.37438,1272,1188,0
2025-10-14 11:20:00,48.37438,48.3758,48.35789,48.3716,948,1187,0
2025-10-14 11:30:00,48.37119,48.39338,48.3631,48.37374,950,1187,0
2025-10-14 11:40:00,48.37374,48.38565,48.35355,48.36237,1224,1336,0
2025-10-14 11:50:00,48.3624,48.38472,48.35634,48.38436,1032,1187,0
2025-10-14 12:00:00,48.38438,48.38607,48.35339,48.37997,1137,1187,0
2025-10-14 12:10:00,48.38,48.38717,48.37202,48.38675,930,1159,0
2025-10-14 12:20:00,48.38675,48.39873,48.38646,48.38678,1024,1159,0
2025-10-14 12:30:00,48.3872,48.40055,48.3787,48.39618,1070,1160,0
2025-10-14 12:40:00,48.39621,48.39904,48.35915,48.37837,973,1205,0
2025-10-14 12:50:00,48.37842,48.38142,48.35995,48.36303,952,1159,0
2025-10-14 13:00:00,48.36303,48.38162,48.35884,48.36778,1078,1655,0
2025-10-14 13:10:00,48.3674,48.38422,48.35876,48.36614,942,1160,0
2025-10-14 13:20:00,48.36617,48.37428,48.35335,48.36431,883,1159,0
2025-10-14 13:30:00,48.36431,48.37953,48.35864,48.37457,891,1160,0
2025-10-14 13:40:00,48.37457,48.38182,48.34996,48.35301,894,1191,0
2025-10-14 13:50:00,48.35301,48.36571,48.35035,48.35736,1041,1689,0
2025-10-14 14:00:00,48.35694,48.36326,48.33271,48.33972,982,1174,0
2025-10-14 14:10:00,48.33972,48.35887,48.3393,48.35561,732,1120,0
2025-10-14 14:20:00,48.35561,48.38385,48.35519,48.37502,911,1094,0
2025-10-14 14:30:00,48.37503,48.37885,48.35965,48.37313,911,959,0
2025-10-14 14:40:00,48.37313,48.37645,48.35724,48.36185,749,937,0
2025-10-14 14:50:00,48.36185,48.37189,48.34809,48.35655,1095,937,0
2025-10-14 15:00:00,48.35654,48.37275,48.34871,48.35852,868,1071,0
2025-10-14 15:10:00,48.35852,48.40932,48.35441,48.38933,1032,1198,0
2025-10-14 15:20:00,48.38933,48.40754,48.38187,48.38229,1145,1021,0
2025-10-14 15:30:00,48.38229,48.38841,48.35825,48.35825,945,1021,0
2025-10-14 15:40:00,48.35951,48.3668,48.33607,48.34043,1078,1164,0
2025-10-14 15:50:00,48.34043,48.37784,48.34043,48.37115,910,1075,0
2025-10-14 16:00:00,48.37115,48.3941,48.36569,48.3876,1265,1301,0
2025-10-14 16:10:00,48.38719,48.42623,48.38719,48.41237,1227,1019,0
2025-10-14 16:20:00,48.41237,48.4762,48.39481,48.45881,1611,1061,0
2025-10-14 16:30:00,48.45881,48.48923,48.44492,48.48341,1458,1019,0
2025-10-14 16:40:00,48.482169999999996,48.48698,48.4574,48.46541,1448,1019,0
2025-10-14 16:50:00,48.46541,48.47889,48.44842,48.44885,1451,1019,0
2025-10-14 17:00:00,48.44885,48.46214,48.42803,48.44877,1448,1359,0
2025-10-14 17:10:00,48.44837,48.46986,48.44429,48.44585,1452,1070,0
2025-10-14 17:20:00,48.44627,48.50307,48.44591,48.48056,1411,1020,0
2025-10-14 17:30:00,48.48056,48.52214,48.47805,48.5161,1032,1020,0
2025-10-14 17:40:00,48.5161,48.54259,48.49623,48.49791,1065,1021,0
2025-10-14 17:50:00,48.49791,48.54715,48.49665,48.53497,1341,1115,0
2025-10-14 18:00:00,48.5354,48.53863,48.50375,48.50704,1280,1110,0
2025-10-14 18:10:00,48.50704,48.52765,48.50072,48.52514,1046,1117,0
2025-10-14 18:20:00,48.52514,48.52514,48.49399,48.50526,933,1356,0
2025-10-14 18:30:00,48.50526,48.52087,48.49203,48.50762,1149,1663,0
2025-10-14 18:40:00,48.50762,48.53357,48.50346,48.52826,1172,1692,0
2025-10-14 18:50:00,48.52784,48.57381,48.52658,48.56861,1321,1640,0
2025-10-14 19:00:00,48.56852,48.57093,48.54513,48.54559,1549,1862,0
2025-10-14 19:10:00,48.54601,48.59219,48.52871,48.58478,1569,3497,0
2025-10-14 19:20:00,48.58313,48.59476,48.53829,48.56595,1575,3346,0
2025-10-14 19:30:00,48.56596,48.58947,48.54925,48.58905,1203,3302,0
2025-10-14 19:40:00,48.58905,48.60015,48.5728,48.57301,996,3304,0
2025-10-14 19:50:00,48.57343,48.59188,48.56936,48.57397,1263,3309,0
2025-10-14 20:00:00,48.57397,48.58533,48.55646,48.55855,955,3309,0
2025-10-14 20:10:00,48.55855,48.56117,48.54102,48.54144,642,3309,0
2025-10-14 20:20:00,48.54144,48.56324,48.54018,48.55678,606,3414,0
2025-10-14 20:30:00,48.55678,48.56618,48.54267,48.54268,632,3928,0
2025-10-14 20:40:00,48.542699999999996,48.56452,48.542699999999996,48.56368,714,4838,0
2025-10-14 20:50:00,48.56368,48.57382,48.55732,48.56876,807,4174,0
2025-10-14 21:00:00,48.56876,48.57846,48.55349,48.55493,928,3462,0
2025-10-14 21:10:00,48.55494,48.56172,48.54884,48.54989,943,3311,0
2025-10-14 21:20:00,48.54989,48.56484,48.54947,48.5535,678,3312,0
2025-10-14 21:30:00,48.5535,48.56194,48.54778,48.55781,988,3411,0
2025-10-14 21:40:00,48.55781,48.57183,48.55319,48.55361,716,4628,0
2025-10-14 21:50:00,48.55361,48.56879,48.54997,48.55544,1078,3698,0
2025-10-14 22:00:00,48.55544,48.57518,48.55408,48.56928,575,3307,0
2025-10-14 22:10:00,48.56928,48.57012,48.55408,48.55993,369,3311,0
2025-10-14 22:20:00,48.55993,48.57165,48.55879,48.55963,423,3313,0
2025-10-14 22:30:00,48.55921,48.57825,48.54767,48.55078,900,3774,0
2025-10-14 22:40:00,48.55078,48.5709,48.54702,48.56464,1095,4285,0
2025-10-14 22:50:00,48.56465,48.5667,48.5522,48.55502,967,3562,0
2025-10-14 23:00:00,48.55502,48.56284,48.53985,48.54151,497,3527,0
2025-10-14 23:10:00,48.54151,48.54762,48.53699,48.53912,323,4019,0
2025-10-14 23:20:00,48.53912,48.53965,48.52981,48.53029,158,3996,0
2025-10-14 23:30:00,48.53029,48.53584,48.5263,48.53472,414,4408,0
2025-10-14 23:40:00,48.53472,48.54112,48.52599,48.53986,334,4747,0
2025-10-14 23:50:00,48.53986,48.55096,48.53918,48.55013,339,6283,0
2025-10-15 00:00:00,48.54368,48.54368,48.45438,48.53214,58,6598,0
2025-10-15 00:10:00,48.53213,48.53213,48.529560000000004,48.529560000000004,37,11680,0
2025-10-15 00:20:00,48.529560000000004,48.53155,48.529560000000004,48.53071,51,11596,0
2025-10-15 00:30:00,48.53071,48.53155,48.52887,48.52971,45,11721,0
2025-10-15 00:40:00,48.52971,48.53096,48.52888,48.53054,49,11845,0
2025-10-15 00:50:00,48.53054,48.53365,48.53009,48.53009,75,11752,0
2025-10-15 01:00:00,48.53009,48.56614,48.53009,48.5596,538,7443,0
2025-10-15 01:10:00,48.5596,48.56165,48.55737,48.55898,225,7433,0
2025-10-15 01:20:00,48.55898,48.55898,48.54961,48.55219,242,7481,0
2025-10-15 01:30:00,48.55219,48.5599,48.5494,48.5535,249,7586,0
2025-10-15 01:40:00,48.5535,48.56228,48.54526,48.55202,351,7296,0
2025-10-15 01:50:00,48.55205,48.55722,48.54725,48.54725,588,6109,0
2025-10-15 02:00:00,48.54722,48.56517,48.54425,48.56517,628,4683,0
2025-10-15 02:10:00,48.56521,48.56744,48.54983,48.55118,693,4422,0
2025-10-15 02:20:00,48.55118,48.5668,48.54997,48.56467,660,4441,0
2025-10-15 02:30:00,48.56477,48.57774,48.55219,48.56451,508,4322,0
2025-10-15 02:40:00,48.56454,48.56716,48.52581,48.52872,583,4711,0
2025-10-15 02:50:00,48.52878,48.54714,48.52878,48.54555,536,5780,0
2025-10-15 03:00:00,48.54513,48.56649,48.53173,48.55917,1192,5933,0
2025-10-15 03:10:00,48.55917,48.56431,48.54988,48.56297,836,6390,0
2025-10-15 03:20:00,48.56297,48.5716,48.55688,48.56261,776,6661,0
2025-10-15 03:30:00,48.56261,48.56566,48.54794,48.54836,624,7089,0
2025-10-15 03:40:00,48.54836,48.58006,48.54711,48.57918,749,6488,0
2025-10-15 03:50:00,48.57917,48.58534,48.5623,48.58001,920,6431,0
2025-10-15 04:00:00,48.58006,48.58901,48.56827,48.579,781,5733,0
2025-10-15 04:10:00,48.579,48.60789,48.57579,48.59723,999,6662,0
2025-10-15 04:20:00,48.59723,48.6351,48.59681,48.63429,954,5846,0
2025-10-15 04:30:00,48.63429,48.63513,48.60332,48.60372,732,5844,0
2025-10-15 04:40:00,48.60372,48.61128,48.59844,48.60838,838,6817,0
2025-10-15 04:50:00,48.60838,48.62153,48.6024,48.62009,768,5843,0
2025-10-15 05:00:00,48.62009,48.63751,48.6053,48.63724,774,5843,0
2025-10-15 05:10:00,48.6373,48.64069,48.62154,48.62885,696,5844,0
2025-10-15 05:20:00,48.62885,48.63258,48.61321,48.63177,531,5845,0
2025-10-15 05:30:00,48.63177,48.63806,48.62071,48.63522,609,5845,0
2025-10-15 05:40:00,48.63522,48.63571,48.62132,48.62419,640,6632,0
2025-10-15 05:50:00,48.62419,48.6492,48.62298,48.62996,660,5847,0
2025-10-15 06:00:00,48.62996,48.64041,48.62507,48.63849,598,5845,0
2025-10-15 06:10:00,48.63846,48.63846,48.60899,48.61151,726,6070,0
2025-10-15 06:20:00,48.61156,48.62836,48.61062,48.62297,805,5857,0
2025-10-15 06:30:00,48.62297,48.62952,48.61502,48.6263,757,6629,0
2025-10-15 06:40:00,48.6263,48.63789,48.6202,48.63732,686,6510,0
2025-10-15 06:50:00,48.63732,48.63739,48.61946,48.62114,615,6333,0
2025-10-15 07:00:00,48.62114,48.63464,48.62114,48.63222,589,5720,0
2025-10-15 07:10:00,48.63224,48.6348,48.61381,48.61477,308,5716,0
2025-10-15 07:20:00,48.61477,48.62215,48.60428,48.61054,779,5715,0
2025-10-15 07:30:00,48.61054,48.62123,48.59897,48.60037,492,5714,0
2025-10-15 07:40:00,48.6004,48.62356,48.59999,48.60774,609,5714,0
2025-10-15 07:50:00,48.60774,48.62183,48.60382,48.60425,455,5713,0
2025-10-15 08:00:00,48.60425,48.63673,48.60425,48.6338,549,5714,0
2025-10-15 08:10:00,48.6338,48.64085,48.62571,48.63715,525,5717,0
2025-10-15 08:20:00,48.63715,48.63747,48.62653,48.63723,830,6780,0
2025-10-15 08:30:00,48.63681,48.65158,48.6264,48.63299,628,5718,0
2025-10-15 08:40:00,48.633070000000004,48.64707,48.61658,48.62566,561,5719,0
2025-10-15 08:50:00,48.6257,48.63693,48.61723,48.62714,815,4954,0
2025-10-15 09:00:00,48.62756,48.66675,48.62756,48.64816,1065,1683,0
2025-10-15 09:10:00,48.648179999999996,48.69774,48.6439,48.67429,1346,1475,0
2025-10-15 09:20:00,48.67429,48.68577,48.65609,48.664789999999996,986,1384,0
2025-10-15 09:30:00,48.664789999999996,48.67103,48.65262,48.67103,971,1208,0
2025-10-15 09:40:00,48.67103,48.70595,48.66943,48.69829,1108,1284,0
2025-10-15 09:50:00,48.69829,48.71951,48.6907,48.70621,1100,1225,0
2025-10-15 10:00:00,48.70621,48.72925,48.69675,48.72789,1358,1226,0
2025-10-15 10:10:00,48.7279,48.73324,48.70962,48.71004,1167,1581,0
2025-10-15 10:20:00,48.7092,48.71144,48.68454,48.69436,1257,1230,0
2025-10-15 10:30:00,48.69436,48.72788,48.68494,48.72146,1129,1230,0
2025-10-15 10:40:00,48.72188,48.7548,48.71322,48.7258,1069,1231,0
2025-10-15 10:50:00,48.7258,48.73274,48.70726,48.71133,1013,1220,0
2025-10-15 11:00:00,48.71091,48.73144,48.70971,48.7306,1114,1355,0
2025-10-15 11:10:00,48.7306,48.73244,48.7133,48.72999,1289,1344,0
2025-10-15 11:20:00,48.72993,48.73043,48.71352,48.71845,1085,1217,0
2025-10-15 11:30:00,48.71847,48.73469,48.70693,48.73122,1045,1218,0
2025-10-15 11:40:00,48.73122,48.7479,48.72807,48.7479,890,1218,0
2025-10-15 11:50:00,48.74793,48.75887,48.70026,48.711,1210,1219,0
2025-10-15 12:00:00,48.71106,48.71617,48.68876,48.69476,798,1217,0
2025-10-15 12:10:00,48.69476,48.70268,48.68554,48.69875,1026,1563,0
2025-10-15 12:20:00,48.69875,48.70781,48.6924,48.70357,809,1216,0
2025-10-15 12:30:00,48.70359,48.73303,48.70359,48.72207,1002,1411,0
2025-10-15 12:40:00,48.72251,48.72311,48.70164,48.70354,1171,1252,0
2025-10-15 12:50:00,48.70354,48.72482,48.70271,48.71566,955,1252,0
2025-10-15 13:00:00,48.71566,48.71654,48.68457,48.68653,969,1316,0
2025-10-15 13:10:00,48.68653,48.70131,48.68097,48.68273,876,1251,0
2025-10-15 13:20:00,48.68273,48.68313,48.65963,48.67048,849,1284,0
2025-10-15 13:30:00,48.67048,48.67818,48.6648,48.66836,780,1251,0
2025-10-15 13:40:00,48.66836,48.672579999999996,48.65688,48.66206,820,1434,0
2025-10-15 13:50:00,48.66201,48.67965,48.65839,48.67226,774,1342,0
2025-10-15 14:00:00,48.67227,48.69761,48.67227,48.68952,619,1275,0
2025-10-15 14:10:00,48.68953,48.69944,48.6815,48.69305,508,1237,0
2025-10-15 14:20:00,48.69306,48.70546,48.68953,48.69124,527,1226,0
2025-10-15 14:30:00,48.69124,48.69124,48.66659,48.68129,671,1280,0
2025-10-15 14:40:00,48.68129,48.69033,48.66462,48.666290000000004,630,1163,0
2025-10-15 14:50:00,48.66671,48.67424,48.65214,48.65372,1025,1147,0
2025-10-15 15:00:00,48.65373,48.67635,48.64713,48.66173,908,1064,0
2025-10-15 15:10:00,48.66173,48.66947,48.64843,48.65381,1014,1221,0
2025-10-15 15:20:00,48.65382,48.68208,48.65131,48.67957,920,1022,0
2025-10-15 15:30:00,48.68083,48.68645,48.65375,48.65934,1040,1020,0
2025-10-15 15:40:00,48.65934,48.66997,48.65059,48.65813,1065,1093,0
2025-10-15 15:50:00,48.65813,48.6598,48.62648,48.64142,1185,1351,0
2025-10-15 16:00:00,48.64142,48.64282,48.61171,48.63577,1317,1060,0
2025-10-15 16:10:00,48.63577,48.64504,48.61894,48.62581,1004,1357,0
2025-10-15 16:20:00,48.62581,48.65899,48.61754,48.65242,946,1134,0
2025-10-15 16:30:00,48.65237,48.69036,48.64995,48.68217,1424,1014,0
2025-10-15 16:40:00,48.68217,48.69244,48.67338,48.69076,1195,1011,0
2025-10-15 16:50:00,48.69118,48.70301,48.67647,48.68345,1587,1011,0
2025-10-15 17:00:00,48.68345,48.69416,48.65567,48.66972,1160,1198,0
2025-10-15 17:10:00,48.66972,48.68707,48.66193,48.67084,971,1092,0
2025-10-15 17:20:00,48.67084,48.68589,48.66638,48.66981,735,1012,0
2025-10-15 17:30:00,48.66981,48.67777,48.65194,48.65822,827,1012,0
2025-10-15 17:40:00,48.65822,48.67646,48.65021,48.66069,840,1160,0
2025-10-15 17:50:00,48.66069,48.67311,48.6545,48.67174,925,1268,0
2025-10-15 18:00:00,48.67174,48.67386,48.64525,48.66097,874,1405,0
2025-10-15 18:10:00,48.66098,48.69553,48.66098,48.6923,1008,1395,0
2025-10-15 18:20:00,48.69146,48.71664,48.68706,48.70083,1030,1401,0
2025-10-15 18:30:00,48.70209,48.72087,48.69957,48.71746,1125,1731,0
2025-10-15 18:40:00,48.71788,48.7615,48.71498,48.72577,1316,1668,0
2025-10-15 18:50:00,48.72577,48.7284,48.69915,48.7263,1371,1634,0
2025-10-15 19:00:00,48.7263,48.72923,48.68921,48.69504,1262,1801,0
2025-10-15 19:10:00,48.69504,48.71563,48.68041,48.70415,854,3263,0
2025-10-15 19:20:00,48.70415,48.71348,48.69477,48.71348,693,3265,0
2025-10-15 19:30:00,48.71348,48.72282,48.70364,48.70635,568,3266,0
2025-10-15 19:40:00,48.70635,48.72499,48.69304,48.72037,1113,4157,0
2025-10-15 19:50:00,48.72038,48.73231,48.70835,48.72555,957,3272,0
2025-10-15 20:00:00,48.72557,48.72652,48.70366,48.7216,1186,3674,0
2025-10-15 20:10:00,48.72161,48.72698,48.68563,48.69358,1245,3527,0
2025-10-15 20:20:00,48.69358,48.70442,48.69024,48.69496,1024,3529,0
2025-10-15 20:30:00,48.69496,48.69892,48.67923,48.68188,587,4017,0
2025-10-15 20:40:00,48.68188,48.6823,48.66315,48.67045,760,4006,0
2025-10-15 20:50:00,48.67045,48.67822,48.66613,48.6774,955,3882,0
2025-10-15 21:00:00,48.6774,48.69281,48.66843,48.67659,878,3266,0
2025-10-15 21:10:00,48.67659,48.69002,48.67319,48.69002,688,4271,0
2025-10-15 21:20:00,48.69002,48.71696,48.68573,48.70774,853,3275,0
2025-10-15 21:30:00,48.70774,48.7128,48.68907,48.69087,439,3276,0
2025-10-15 21:40:00,48.69087,48.69806,48.68866,48.69172,796,3566,0
2025-10-15 21:50:00,48.69172,48.69763,48.68254,48.6968,587,3297,0
2025-10-15 22:00:00,48.6968,48.70654,48.68699,48.69578,542,3300,0
2025-10-15 22:10:00,48.69578,48.70271,48.69377,48.69988,795,3322,0
2025-10-15 22:20:00,48.69988,48.71077,48.69947,48.70835,257,3330,0
2025-10-15 22:30:00,48.70835,48.71299,48.7006,48.70359,512,3336,0
2025-10-15 22:40:00,48.70359,48.70712,48.69816,48.70589,523,4672,0
2025-10-15 22:50:00,48.70549,48.73724,48.70147,48.73556,807,3316,0
2025-10-15 23:00:00,48.73556,48.73951,48.72591,48.73605,471,3317,0
2025-10-15 23:10:00,48.73605,48.73752,48.72273,48.72387,590,4169,0
2025-10-15 23:20:00,48.72429,48.74361,48.72429,48.72967,536,3511,0
2025-10-15 23:30:00,48.72967,48.73953,48.71151,48.71309,329,3339,0
2025-10-15 23:40:00,48.71309,48.72736,48.68893,48.72125,281,5417,0
2025-10-15 23:50:00,48.72123,48.73598,48.72123,48.73387,445,6334,0
2025-10-16 00:00:00,48.73294,48.79113,48.73294,48.77523,122,7729,0
2025-10-16 00:10:00,48.77526,48.78528,48.77351,48.78402,125,13507,0
2025-10-16 00:20:00,48.78402,48.78637,48.77928,48.77929,87,13134,0
2025-10-16 00:30:00,48.77887,48.78108,48.77803,48.78024,65,13336,0
2025-10-16 00:40:00,48.78024,48.78604,48.78024,48.78478,132,12910,0
2025-10-16 00:50:00,48.78478,48.78771,48.78269,48.78436,106,12532,0
2025-10-16 01:00:00,48.78436,48.82455,48.78436,48.81873,598,8141,0
2025-10-16 01:10:00,48.81873,48.82363,48.81297,48.82321,404,7859,0
2025-10-16 01:20:00,48.82323,48.82744,48.82323,48.82583,411,7117,0
2025-10-16 01:30:00,48.82582,48.83186,48.81558,48.83186,499,6979,0
2025-10-16 01:40:00,48.8319,48.84679,48.82629,48.83042,370,6472,0
2025-10-16 01:50:00,48.83047,48.83556,48.8223,48.82446,535,6471,0
2025-10-16 02:00:00,48.82446,48.82523,48.7832,48.80002,560,6472,0
2025-10-16 02:10:00,48.7996,48.80023,48.79126,48.79466,520,9841,0
2025-10-16 02:20:00,48.79465,48.79548,48.77288,48.77372,439,9843,0
2025-10-16 02:30:00,48.77372,48.77676,48.77009,48.77083,467,14084,0
2025-10-16 02:40:00,48.7704,48.77159,48.76273,48.76726,605,15027,0
2025-10-16 02:50:00,48.76726,48.78167,48.76414,48.7704,747,14080,0
2025-10-16 03:00:00,48.76762,48.77865,48.75487,48.77696,589,14074,0
2025-10-16 03:10:00,48.77696,48.79576,48.76439,48.78288,942,14077,0
2025-10-16 03:20:00,48.78288,48.82607,48.78288,48.8239,916,14540,0
2025-10-16 03:30:00,48.8239,48.89008,48.81829,48.88924,1302,8680,0
2025-10-16 03:40:00,48.88882,48.90292,48.86626,48.86859,942,8683,0
2025-10-16 03:50:00,48.86859,48.89336,48.86341,48.88688,1032,8682,0
2025-10-16 04:00:00,48.8873,48.89528,48.86812,48.86976,1105,8682,0
2025-10-16 04:10:00,48.86976,48.89328,48.86934,48.88884,1081,9558,0
2025-10-16 04:20:00,48.88884,48.91018,48.88878,48.89378,889,9030,0
2025-10-16 04:30:00,48.89378,48.9016,48.88574,48.89842,1131,9689,0
2025-10-16 04:40:00,48.89842,48.92324,48.89273,48.92153,1002,9034,0
2025-10-16 04:50:00,48.92158,48.93452,48.89647,48.91036,1065,9258,0
2025-10-16 05:00:00,48.91077,48.92721,48.90845,48.92472,844,9623,0
2025-10-16 05:10:00,48.92472,48.9255,48.8895,48.889920000000004,612,10274,0
2025-10-16 05:20:00,48.889920000000004,48.90481,48.88303,48.88801,741,9030,0
2025-10-16 05:30:00,48.88801,48.89687,48.88099,48.8952,549,9027,0
2025-10-16 05:40:00,48.8952,48.89855,48.88487,48.88931,783,9029,0
2025-10-16 05:50:00,48.88931,48.89504,48.88208,48.8825,490,10123,0
2025-10-16 06:00:00,48.8825,48.88514,48.87304,48.87879,721,9640,0
2025-10-16 06:10:00,48.87879,48.89833,48.87797,48.8892,773,9058,0
2025-10-16 06:20:00,48.88923,48.89053,48.87066,48.87574,499,9969,0
2025-10-16 06:30:00,48.87532,48.88108,48.87065,48.87467,743,9476,0
2025-10-16 06:40:00,48.87467,48.88142,48.87467,48.87989,322,9454,0
2025-10-16 06:50:00,48.87989,48.88095,48.86835,48.87385,494,9689,0
2025-10-16 07:00:00,48.87388,48.88233,48.86915,48.87768,615,8186,0
2025-10-16 07:10:00,48.87767,48.87767,48.85984,48.85984,509,8532,0
2025-10-16 07:20:00,48.85984,48.86982,48.85901,48.86403,679,8228,0
2025-10-16 07:30:00,48.86403,48.86403,48.85647,48.85818,562,8258,0
2025-10-16 07:40:00,48.85818,48.86237,48.84481,48.85479,688,9259,0
2025-10-16 07:50:00,48.85479,48.86359,48.84291,48.84458,365,8182,0
2025-10-16 08:00:00,48.84458,48.85911,48.83378,48.8342,683,8204,0
2025-10-16 08:10:00,48.8342,48.84913,48.82656,48.84324,551,10101,0
2025-10-16 08:20:00,48.84282,48.84408,48.82895,48.83696,500,10101,0
2025-10-16 08:30:00,48.83696,48.84766,48.82303,48.84566,905,10386,0
2025-10-16 08:40:00,48.84566,48.85908,48.83645,48.85446,1016,10237,0
2025-10-16 08:50:00,48.85446,48.86189,48.84547,48.84924,664,10764,0
2025-10-16 09:00:00,48.84924,48.90704,48.84924,48.905,1021,3061,0
2025-10-16 09:10:00,48.905,48.92343,48.89129,48.90667,1157,2973,0
2025-10-16 09:20:00,48.90667,48.92354,48.89184,48.90675,1201,2775,0
2025-10-16 09:30:00,48.90675,48.90895,48.88524,48.90302,971,2377,0
2025-10-16 09:40:00,48.90302,48.90852,48.87621,48.88673,977,2304,0
2025-10-16 09:50:00,48.88628,48.89,48.86599,48.87343,1192,2628,0
2025-10-16 10:00:00,48.87343,48.8823,48.86317,48.87113,1310,2147,0
2025-10-16 10:10:00,48.87084,48.8809,48.84981,48.86089,1330,2489,0
2025-10-16 10:20:00,48.86089,48.8636,48.84581,48.85115,1196,1762,0
2025-10-16 10:30:00,48.85115,48.86887,48.83974,48.85798,1184,1961,0
2025-10-16 10:40:00,48.85798,48.89808,48.85505,48.86906,1155,1611,0
2025-10-16 10:50:00,48.86906,48.88289,48.83936,48.87927,1756,1544,0
2025-10-16 11:00:00,48.87843,48.90416,48.86695,48.90248,1261,1543,0
2025-10-16 11:10:00,48.90248,48.9109,48.88551,48.89829,1196,1544,0
2025-10-16 11:20:00,48.89829,48.91022,48.89656,48.89699,830,1574,0
2025-10-16 11:30:00,48.89699,48.90737,48.88806,48.89497,746,1889,0
2025-10-16 11:40:00,48.89498,48.91166,48.89498,48.90658,891,2012,0
2025-10-16 11:50:00,48.90658,48.91244,48.89961,48.91021,808,1764,0
2025-10-16 12:00:00,48.91021,48.91484,48.90026,48.90879,970,2152,0
2025-10-16 12:10:00,48.90881,48.91679,48.89805,48.91266,1084,1758,0
2025-10-16 12:20:00,48.91267,48.91359,48.88593,48.88886,1032,1534,0
2025-10-16 12:30:00,48.88886,48.89594,48.88347,48.89092,1087,1534,0
2025-10-16 12:40:00,48.89093,48.93349,48.89067,48.90832,1078,1580,0
2025-10-16 12:50:00,48.90832,48.91197,48.89749,48.90553,743,2317,0
2025-10-16 13:00:00,48.90553,48.91462,48.90146,48.90538,768,2570,0
2025-10-16 13:10:00,48.90538,48.91474,48.88647,48.91213,1066,1956,0
2025-10-16 13:20:00,48.91255,48.92927,48.90853,48.92414,995,1631,0
2025-10-16 13:30:00,48.92415,48.92589,48.89539,48.89542,893,1652,0
2025-10-16 13:40:00,48.89542,48.90308,48.88773,48.89916,656,1766,0
2025-10-16 13:50:00,48.89916,48.90103,48.88658,48.89663,581,1901,0
2025-10-16 14:00:00,48.89663,48.9018,48.87605,48.88247,700,1563,0
2025-10-16 14:10:00,48.88247,48.88617,48.87082,48.87156,522,1506,0
2025-10-16 14:20:00,48.87156,48.87912,48.86102,48.86325,629,1433,0
2025-10-16 14:30:00,48.86325,48.8868,48.85989,48.88458,888,1298,0
2025-10-16 14:40:00,48.88458,48.89922,48.87955,48.88252,869,1298,0
2025-10-16 14:50:00,48.88253,48.89919,48.88253,48.89043,1068,1608,0
2025-10-16 15:00:00,48.89043,48.89762,48.86933,48.86934,762,1588,0
2025-10-16 15:10:00,48.86934,48.89135,48.86934,48.87789,782,1507,0
2025-10-16 15:20:00,48.87705,48.89436,48.87472,48.87472,789,1527,0
2025-10-16 15:30:00,48.87472,48.90706,48.87298,48.88836,1140,1537,0
2025-10-16 15:40:00,48.88836,48.89781,48.87445,48.88385,1000,1295,0
2025-10-16 15:50:00,48.88385,48.92169,48.88385,48.91648,1039,1294,0
2025-10-16 16:00:00,48.91648,48.92436,48.89286,48.89882,1078,1326,0
2025-10-16 16:10:00,48.89884,48.91035,48.892,48.89832,1034,1465,0
2025-10-16 16:20:00,48.89874,48.9063,48.88277,48.89852,939,1406,0
2025-10-16 16:30:00,48.89853,48.90606,48.87479,48.90522,1398,1374,0
2025-10-16 16:40:00,48.90522,48.93383,48.89712,48.92989,1158,1390,0
2025-10-16 16:50:00,48.92947,48.93032,48.90416,48.90467,1148,1441,0
2025-10-16 17:00:00,48.90509,48.91586,48.88923,48.91474,1274,1284,0
2025-10-16 17:10:00,48.91474,48.9585,48.914320000000004,48.95734,1131,1343,0
2025-10-16 17:20:00,48.95734,48.96764,48.94342,48.96143,1066,1378,0
2025-10-16 17:30:00,48.96143,48.97842,48.94854,48.96449,1027,1331,0
2025-10-16 17:40:00,48.96449,48.9759,48.95435,48.96464,1130,1258,0
2025-10-16 17:50:00,48.96464,48.99211,48.96099,48.98664,1129,1361,0
2025-10-16 18:00:00,48.98664,48.99144,48.97084,48.98711,990,1374,0
2025-10-16 18:10:00,48.98711,48.99116,48.95541,48.95762,921,1290,0
2025-10-16 18:20:00,48.95762,48.96687,48.94925,48.95893,863,2227,0
2025-10-16 18:30:00,48.95893,48.95894,48.93586,48.94626,986,2350,0
2025-10-16 18:40:00,48.94626,48.9515,48.92541,48.93551,781,2350,0
2025-10-16 18:50:00,48.93552,48.9372,48.91195,48.92268,951,2543,0
2025-10-16 19:00:00,48.92268,48.93829,48.90514,48.93241,1455,2826,0
2025-10-16 19:10:00,48.93241,48.95702,48.9288,48.94908,1117,4402,0
2025-10-16 19:20:00,48.94952,48.94972,48.92767,48.93537,1144,4600,0
2025-10-16 19:30:00,48.93537,48.96296,48.91857,48.93639,1709,4226,0
2025-10-16 19:40:00,48.93597,48.96836,48.93011,48.9609,1263,4242,0
2025-10-16 19:50:00,48.9609,48.96517,48.95216,48.95614,1050,4838,0
2025-10-16 20:00:00,48.95614,48.99462,48.95277,48.98637,1124,5070,0
2025-10-16 20:10:00,48.98637,49.02083,48.97741,48.98969,1391,4258,0
2025-10-16 20:20:00,48.98969,49.02607,48.98928,49.01318,977,4472,0
2025-10-16 20:30:00,49.01318,49.01656,48.97994,48.99433,875,5133,0
2025-10-16 20:40:00,48.99435,49.01782,48.98997,49.01572,993,4235,0
2025-10-16 20:50:00,49.01572,49.02243,48.99363,49.00285,780,4236,0
2025-10-16 21:00:00,49.00287,49.01613,48.99371,49.01434,991,4235,0
2025-10-16 21:10:00,49.01434,49.02755,48.9818,48.99234,1075,4508,0
2025-10-16 21:20:00,48.99235,48.99671,48.96839,48.97326,859,5022,0
2025-10-16 21:30:00,48.97327,49.00269,48.97243,49.0004,857,5101,0
2025-10-16 21:40:00,49.0004,49.00533,48.98817,48.99086,962,4453,0
2025-10-16 21:50:00,48.99087,49.02087,48.9845,49.00553,801,4603,0
2025-10-16 22:00:00,49.00553,49.0112,48.99776,49.0072,808,4269,0
2025-10-16 22:10:00,49.0072,49.02181,49.00556,49.02013,471,4832,0
2025-10-16 22:20:00,49.02013,49.02814,49.01332,49.01376,544,5112,0
2025-10-16 22:30:00,49.01376,49.02425,48.99752,49.00773,1058,4695,0
2025-10-16 22:40:00,49.00773,49.02888,49.0037,49.00906,658,4269,0
2025-10-16 22:50:00,49.00951,49.01693,48.99866,49.00606,939,4341,0
2025-10-16 23:00:00,49.00606,49.00835,48.99895,49.00263,642,4645,0
2025-10-16 23:10:00,49.00389,49.00826,49.00121,49.00338,416,5423,0
2025-10-16 23:20:00,49.00338,49.01046,49.00291,49.00427,612,4765,0
2025-10-16 23:30:00,49.00434,49.00434,48.98489,48.99504,653,4495,0
2025-10-16 23:40:00,48.99503,48.99503,48.9827,48.9869,162,4770,0
2025-10-16 23:50:00,48.9869,48.99637,48.9825,48.98553,310,7150,0
2025-10-17 00:00:00,48.99356,48.99356,48.90822,48.90929,164,14171,0
2025-10-17 00:10:00,48.90937,48.96407,48.90937,48.96335,136,13886,0
2025-10-17 00:20:00,48.96335,48.97035,48.94708,48.96086,151,13593,0
2025-10-17 00:30:00,48.96086,48.9717,48.95454,48.96842,100,13826,0
2025-10-17 00:40:00,48.96842,48.97298,48.96005,48.97255,110,13578,0
2025-10-17 00:50:00,48.97255,48.97255,48.96203,48.96496,171,13748,0
2025-10-17 01:00:00,48.96496,48.9926,48.92248,48.98041,999,8177,0
2025-10-17 01:10:00,48.98041,48.9979,48.98015,48.99574,581,8251,0
2025-10-17 01:20:00,48.99574,49.02635,48.98569,49.00065,779,7954,0
2025-10-17 01:30:00,49.00025,49.00202,48.98369,48.99268,521,7761,0
2025-10-17 01:40:00,48.99268,48.9997,48.99065,48.99841,329,8548,0
2025-10-17 01:50:00,48.99841,48.99883,48.98889,48.99253,309,9157,0
2025-10-17 02:00:00,48.99254,48.99357,48.95067,48.99149,470,9356,0
2025-10-17 02:10:00,48.99149,48.99401,48.97666,48.9881,222,13471,0
2025-10-17 02:20:00,48.9881,48.99415,48.98807,48.99158,183,13498,0
2025-10-17 02:30:00,48.99158,48.99735,48.96496,48.9684,220,13462,0
2025-10-17 02:40:00,48.9684,49.01214,48.96661,48.96869,269,18217,0
2025-10-17 02:50:00,48.96869,48.98712,48.96869,48.98528,747,16665,0
2025-10-17 03:00:00,48.98157,48.98414,48.96607,48.97135,765,16665,0
2025-10-17 03:10:00,48.97133,48.98769,48.97088,48.98228,511,17382,0
2025-10-17 03:20:00,48.98228,48.99381,48.97623,48.98688,499,17710,0
2025-10-17 03:30:00,48.98688,49.02603,48.98646,49.01633,604,12144,0
2025-10-17 03:40:00,49.01633,49.05019,49.01633,49.05019,1178,11408,0
2025-10-17 03:50:00,49.05019,49.07833,49.03841,49.05102,1003,11230,0
2025-10-17 04:00:00,49.05102,49.067,49.00697,49.03193,985,11751,0
2025-10-17 04:10:00,49.03198,49.06489,48.96181,49.0189,1145,11930,0
2025-10-17 04:20:00,49.0189,49.06639,49.01639,49.02485,858,11947,0
2025-10-17 04:30:00,49.02485,49.07846,49.02058,49.02543,772,13046,0
2025-10-17 04:40:00,49.02543,49.07715,49.00708,49.03609,1084,11935,0
2025-10-17 04:50:00,49.03609,49.07126,49.00877,49.01314,928,11728,0
2025-10-17 05:00:00,49.01314,49.05229,48.98274,48.99791,800,12976,0
2025-10-17 05:10:00,48.99794,49.05837,48.99464,49.02565,971,12365,0
2025-10-17 05:20:00,49.01528,49.07258,49.01205,49.03912,811,11725,0
2025-10-17 05:30:00,49.03912,49.08578,49.02429,49.04799,630,11726,0
2025-10-17 05:40:00,49.04803,49.0851,49.03135,49.0347,791,11724,0
2025-10-17 05:50:00,49.0347,49.06981,49.01554,49.02408,795,11723,0
2025-10-17 06:00:00,49.02409,49.07297,49.01435,49.02688,724,12430,0
2025-10-17 06:10:00,49.02688,49.08501,49.02676,49.04802,797,11988,0
2025-10-17 06:20:00,49.04808,49.08489,49.03359,49.07225,791,11733,0
2025-10-17 06:30:00,49.03764,49.08772,49.03764,49.0699,535,11552,0
2025-10-17 06:40:00,49.0699,49.08735,49.06919,49.07711,947,12844,0
2025-10-17 06:50:00,49.07711,49.08723,49.07209,49.08455,812,11559,0
2025-10-17 07:00:00,49.08455,49.11589,49.0843,49.09745,612,6176,0
2025-10-17 07:10:00,49.09753,49.1052,49.08472,49.08864,348,6180,0
2025-10-17 07:20:00,49.08864,49.11773,49.0794,49.11469,637,6407,0
2025-10-17 07:30:00,49.11469,49.12369,49.11024,49.11109,562,6179,0
2025-10-17 07:40:00,49.11109,49.11838,49.09733,49.116,3884,6887,0
2025-10-17 07:50:00,49.11594,49.12964,49.11538,49.12419,2244,6176,0
2025-10-17 08:00:00,49.12419,49.13929,49.1236,49.13462,533,6176,0
2025-10-17 08:10:00,49.13461,49.14511,49.1308,49.14465,659,7030,0
2025-10-17 08:20:00,49.14465,49.14465,49.13467,49.14132,325,7625,0
2025-10-17 08:30:00,49.14132,49.1523,49.14,49.1523,353,7871,0
2025-10-17 08:40:00,49.1523,49.15604,49.14477,49.14533,445,7942,0
2025-10-17 08:50:00,49.14533,49.19138,49.14533,49.16947,900,7436,0
2025-10-17 09:00:00,49.16947,49.21588,49.16947,49.20329,1254,2266,0
2025-10-17 09:10:00,49.20373,49.22466,49.19037,49.22424,1050,1459,0
2025-10-17 09:20:00,49.22382,49.22382,49.19469,49.20243,944,1459,0
2025-10-17 09:30:00,49.20243,49.20243,49.16346,49.164,1261,1666,0
2025-10-17 09:40:00,49.164,49.1765,49.1528,49.16443,940,1768,0
2025-10-17 09:50:00,49.16444,49.18176,49.14799,49.15794,1088,808,0
2025-10-17 10:00:00,49.15794,49.15946,49.13604,49.14018,1540,1802,0
2025-10-17 10:10:00,49.14018,49.17754,49.11515,49.13792,1424,1947,0
2025-10-17 10:20:00,49.13792,49.13839,49.08714,49.12772,1869,1503,0
2025-10-17 10:30:00,49.12772,49.14469,49.11567,49.12862,1539,1712,0
2025-10-17 10:40:00,49.12862,49.14836,49.1203,49.1384,1461,1879,0
2025-10-17 10:50:00,49.13883,49.17086,49.13862,49.1647,1365,1242,0
2025-10-17 11:00:00,49.16516,49.18537,49.1284,49.13308,1334,1237,0
2025-10-17 11:10:00,49.1335,49.14945,49.1173,49.12971,1057,1786,0
2025-10-17 11:20:00,49.12971,49.13359,49.10235,49.12875,1010,1381,0
2025-10-17 11:30:00,49.12875,49.13091,49.10524,49.11959,864,1236,0
2025-10-17 11:40:00,49.11959,49.13431,49.10983,49.1166,955,1236,0
2025-10-17 11:50:00,49.1166,49.1187,49.08125,49.10126,974,1237,0
2025-10-17 12:00:00,49.10126,49.13261,49.09874,49.12883,648,1263,0
2025-10-17 12:10:00,49.12883,49.13893,49.12206,49.13365,546,1264,0
2025-10-17 12:20:00,49.13365,49.14614,49.11495,49.12274,976,1265,0
2025-10-17 12:30:00,49.12274,49.13186,49.10153,49.12521,780,1259,0
2025-10-17 12:40:00,49.12521,49.13223,49.11005,49.11556,752,1259,0
2025-10-17 12:50:00,49.11556,49.12354,49.10519,49.11843,720,1261,0
2025-10-17 13:00:00,49.11717,49.11717,49.08882,49.09557,811,1261,0
2025-10-17 13:10:00,49.09557,49.10816,49.08973,49.09836,727,1260,0
2025-10-17 13:20:00,49.09836,49.10305,49.0795,49.08927,911,1264,0
2025-10-17 13:30:00,49.08931,49.10315,49.0819,49.09353,1064,1266,0
2025-10-17 13:40:00,49.09353,49.11884,49.08913,49.11772,852,1263,0
2025-10-17 13:50:00,49.11773,49.12661,49.06059,49.06959,1129,1437,0
2025-10-17 14:00:00,49.06959,49.10435,49.06911,49.08608,931,1270,0
2025-10-17 14:10:00,49.08609,49.099,49.03513,49.06925,1806,1202,0
2025-10-17 14:20:00,49.06925,49.07148,49.05538,49.05673,787,1036,0
2025-10-17 14:30:00,49.05673,49.06973,49.0548,49.05689,643,1037,0
2025-10-17 14:40:00,49.05689,49.07205,49.05354,49.05772,557,1073,0
2025-10-17 14:50:00,49.05772,49.07849,49.03397,49.0531,724,1136,0
2025-10-17 15:00:00,49.0531,49.05902,49.0346,49.03723,1210,1142,0
2025-10-17 15:10:00,49.03765,49.04228,49.00879,49.01862,1218,1036,0
2025-10-17 15:20:00,49.01862,49.02787,48.99566,49.00003,1070,1053,0
2025-10-17 15:30:00,48.99919,49.01221,48.981,48.99083,1156,1204,0
2025-10-17 15:40:00,48.99083,49.01939,48.978790000000004,49.01771,968,1035,0
2025-10-17 15:50:00,49.01772,49.02072,49.00855,49.01904,685,1037,0
2025-10-17 16:00:00,49.01904,49.02398,48.99968,49.01802,1032,1040,0
2025-10-17 16:10:00,49.01802,49.02955,49.00997,49.0287,623,1365,0
2025-10-17 16:20:00,49.0287,49.03691,49.00981,49.02405,973,1295,0
2025-10-17 16:30:00,49.02405,49.03311,48.99959,49.01554,1593,1313,0
2025-10-17 16:40:00,49.01554,49.02777,49.00263,49.02013,1382,1299,0
2025-10-17 16:50:00,49.02055,49.02455,48.98613,48.99364,1200,1136,0
2025-10-17 17:00:00,48.99366,49.00408,48.94359,48.96249,1623,1034,0
2025-10-17 17:10:00,48.96249,48.96982,48.93489,48.95587,1384,1034,0
2025-10-17 17:20:00,48.95587,48.98559,48.95168,48.97565,1202,1185,0
2025-10-17 17:30:00,48.97565,48.98736,48.96502,48.98323,1107,1126,0
2025-10-17 17:40:00,48.98323,48.99583,48.96416,48.9755,1126,1039,0
2025-10-17 17:50:00,48.97508,48.98671,48.9657,48.97748,1434,1038,0
2025-10-17 18:00:00,48.97748,48.97999,48.95305,48.96042,1106,1096,0
2025-10-17 18:10:00,48.96084,48.97738,48.95411,48.96566,909,1155,0
2025-10-17 18:20:00,48.96566,48.96927,48.94586,48.947540000000004,896,1998,0
2025-10-17 18:30:00,48.947540000000004,48.98662,48.94503,48.9833,931,2275,0
2025-10-17 18:40:00,48.9833,48.99315,48.97247,48.98965,833,1954,0
2025-10-17 18:50:00,48.98965,48.99946,48.98621,48.99908,777,1955,0
2025-10-17 19:00:00,48.99908,48.9995,48.96831,48.971,718,2185,0
2025-10-17 19:10:00,48.971,49.01059,48.971,49.01017,1054,3557,0
2025-10-17 19:20:00,49.01017,49.01562,48.99812,49.01142,803,3557,0
2025-10-17 19:30:00,49.01142,49.01687,48.99565,49.00314,715,3559,0
2025-10-17 19:40:00,49.00314,49.00395,48.95846,48.9837,828,4070,0
2025-10-17 19:50:00,48.9837,48.99321,48.96984,48.97125,844,4502,0
2025-10-17 20:00:00,48.97125,48.97604,48.96155,48.97114,1006,4457,0
2025-10-17 20:10:00,48.97115,48.98839,48.96941,48.98181,905,4190,0
2025-10-17 20:20:00,48.98181,48.98881,48.96551,48.96551,887,4641,0
2025-10-17 20:30:00,48.96551,48.96789,48.94468,48.95449,978,4871,0
2025-10-17 20:40:00,48.95449,48.97072,48.95391,48.96891,1098,3669,0
2025-10-17 20:50:00,48.96891,48.96891,48.93253,48.93631,701,3652,0
2025-10-17 21:00:00,48.93631,48.94549,48.9183,48.94419,966,3654,0
2025-10-17 21:10:00,48.94419,48.97229,48.93939,48.97229,886,4561,0
2025-10-17 21:20:00,48.97229,48.98548,48.96855,48.97837,685,3593,0
2025-10-17 21:30:00,48.97837,48.97926,48.96498,48.97801,403,3586,0
2025-10-17 21:40:00,48.97801,48.98011,48.96791,48.96875,273,3586,0
2025-10-17 21:50:00,48.96833,48.97085,48.94903,48.95817,502,3587,0
2025-10-17 22:00:00,48.95817,48.97082,48.95817,48.96151,440,3935,0
2025-10-17 22:10:00,48.96151,48.96441,48.958709999999996,48.96328,284,4196,0
2025-10-17 22:20:00,48.96328,48.9641,48.95142,48.95304,272,4350,0
2025-10-17 22:30:00,48.95304,48.9571,48.949,48.95229,305,4462,0
2025-10-17 22:40:00,48.95229,48.95763,48.94651,48.95068,274,4525,0
2025-10-17 22:50:00,48.95068,48.9636,48.94793,48.9636,611,4597,0
2025-10-17 23:00:00,48.9636,48.9636,48.952,48.95931,456,4983,0
2025-10-17 23:10:00,48.95931,48.96112,48.92375,48.94991,690,3929,0
2025-10-17 23:20:00,48.94991,48.95397,48.93731,48.9386,378,3574,0
2025-10-17 23:30:00,48.9386,48.9386,48.90737,48.90897,645,4790,0
2025-10-17 23:40:00,48.90897,48.90897,48.73125,48.76789,521,4788,0
2025-10-17 23:50:00,48.76789,48.89335,48.74379,48.7438,663,6734,0
2025-10-20 00:00:00,48.76822,48.78066,48.72956,48.78014,322,30884,0
2025-10-20 00:10:00,48.78014,48.78571,48.76804,48.76804,250,26898,0
2025-10-20 00:20:00,48.76804,48.7693,48.74437,48.75105,109,26016,0
2025-10-20 00:30:00,48.75105,48.75419,48.74615,48.75116,168,29579,0
2025-10-20 00:40:00,48.75116,48.83984,48.74376,48.83968,325,22188,0
2025-10-20 00:50:00,48.83968,48.8722,48.83968,48.85556,385,16378,0
2025-10-20 01:00:00,48.85556,48.8918,48.85556,48.884,719,7718,0
2025-10-20 01:10:00,48.884,48.884,48.87406,48.87881,452,7687,0
2025-10-20 01:20:00,48.87881,48.88516,48.87125,48.88315,810,7467,0
2025-10-20 01:30:00,48.88315,48.89894,48.87656,48.89894,647,6676,0
2025-10-20 01:40:00,48.89894,48.90583,48.89894,48.90297,393,6050,0
2025-10-20 01:50:00,48.90296,48.90296,48.88698,48.89253,503,6540,0
2025-10-20 02:00:00,48.89168,48.90276,48.88516,48.90248,599,4276,0
2025-10-20 02:10:00,48.9025,48.90539,48.8942,48.89649,636,4147,0
2025-10-20 02:20:00,48.89648,48.91357,48.89638,48.91112,397,5059,0
2025-10-20 02:30:00,48.91112,48.91433,48.90675,48.91221,213,5482,0
2025-10-20 02:40:00,48.91221,48.91636,48.90706,48.91187,530,5322,0
2025-10-20 02:50:00,48.91187,48.9182,48.9006,48.90457,592,4331,0
2025-10-20 03:00:00,48.90476,48.92332,48.89681,48.92248,856,5950,0
2025-10-20 03:10:00,48.92164,48.93055,48.903,48.91649,909,5354,0
2025-10-20 03:20:00,48.91649,48.92723,48.90251,48.90728,789,5356,0
2025-10-20 03:30:00,48.90728,48.93345,48.90011,48.914320000000004,548,5873,0
2025-10-20 03:40:00,48.914320000000004,48.93299,48.90709,48.92987,614,5847,0
2025-10-20 03:50:00,48.92987,48.93272,48.91112,48.93272,891,6323,0
2025-10-20 04:00:00,48.93278,48.94314,48.92945,48.9366,700,5986,0
2025-10-20 04:10:00,48.9366,48.94299,48.92574,48.94144,892,6218,0
2025-10-20 04:20:00,48.94144,48.94145,48.91054,48.91054,676,6206,0
2025-10-20 04:30:00,48.91054,48.91524,48.89038,48.90835,929,7114,0
2025-10-20 04:40:00,48.90835,48.93351,48.90628,48.93031,843,5983,0
2025-10-20 04:50:00,48.93031,48.93504,48.91174,48.91384,632,6816,0
2025-10-20 05:00:00,48.91384,48.95183,48.91384,48.94672,607,5978,0
2025-10-20 05:10:00,48.94672,48.95817,48.93302,48.95733,743,5977,0
2025-10-20 05:20:00,48.95733,48.96014,48.95096,48.95697,503,5977,0
2025-10-20 05:30:00,48.95696,48.96305,48.95281,48.95283,384,6932,0
2025-10-20 05:40:00,48.95284,48.95301,48.93513,48.93765,784,7187,0
2025-10-20 05:50:00,48.93765,48.95168,48.92962,48.94335,721,5974,0
2025-10-20 06:00:00,48.94335,48.95658,48.93477,48.95532,470,5974,0
2025-10-20 06:10:00,48.95532,48.95791,48.94589,48.95488,650,5976,0
2025-10-20 06:20:00,48.95446,48.95534,48.94094,48.94136,618,7018,0
2025-10-20 06:30:00,48.94136,48.95948,48.93968,48.95571,472,5831,0
2025-10-20 06:40:00,48.95571,48.95613,48.94071,48.95024,508,5830,0
2025-10-20 06:50:00,48.9503,48.96222,48.94082,48.96194,576,5830,0
2025-10-20 07:00:00,48.96194,48.96472,48.94199,48.95389,529,5831,0
2025-10-20 07:10:00,48.95408,48.95693,48.94094,48.95135,478,5832,0
2025-10-20 07:20:00,48.9514,48.95696,48.94372,48.95596,649,6180,0
2025-10-20 07:30:00,48.95596,48.96592,48.95125,48.95405,558,6161,0
2025-10-20 07:40:00,48.95454,48.98132,48.94884,48.96228,494,5833,0
2025-10-20 07:50:00,48.96233,48.97655,48.95287,48.95329,566,5836,0
2025-10-20 08:00:00,48.95329,48.97018,48.94659,48.95699,488,5833,0
2025-10-20 08:10:00,48.95699,48.96863,48.95321,48.96745,744,6344,0
2025-10-20 08:20:00,48.96746,48.96838,48.95072,48.96102,732,6597,0
2025-10-20 08:30:00,48.96102,48.98332,48.96098,48.97663,593,5834,0
2025-10-20 08:40:00,48.97663,48.97747,48.95725,48.97426,703,5834,0
2025-10-20 08:50:00,48.97426,48.97596,48.96011,48.96848,669,5836,0
2025-10-20 09:00:00,48.96848,48.98247,48.96245,48.96708,1238,2459,0
2025-10-20 09:10:00,48.96708,48.96961,48.94695,48.94761,1056,1909,0
2025-10-20 09:20:00,48.94761,48.95708,48.94306,48.95309,857,1682,0
2025-10-20 09:30:00,48.95309,48.97344,48.95143,48.95583,699,1700,0
2025-10-20 09:40:00,48.95583,48.98004,48.954,48.95764,843,1821,0
2025-10-20 09:50:00,48.95764,48.95861,48.93644,48.9435,806,1719,0
2025-10-20 10:00:00,48.9435,48.95015,48.92202,48.94921,1187,1761,0
2025-10-20 10:10:00,48.94922,48.96071,48.94317,48.96037,1107,1817,0
2025-10-20 10:20:00,48.96037,48.97428,48.94976,48.97211,746,1874,0
2025-10-20 10:30:00,48.97211,48.98437,48.96204,48.97271,983,1256,0
2025-10-20 10:40:00,48.97145,48.9853,48.9646,48.96667,676,1255,0
2025-10-20 10:50:00,48.96667,48.97108,48.9506,48.96184,1041,1255,0
2025-10-20 11:00:00,48.96186,48.97343,48.94242,48.96523,1066,1253,0
2025-10-20 11:10:00,48.96523,48.97986,48.9624,48.96919,648,1253,0
2025-10-20 11:20:00,48.96919,48.97625,48.96331,48.97505,570,1253,0
2025-10-20 11:30:00,48.97506,48.98139,48.96023,48.9655,676,1688,0
2025-10-20 11:40:00,48.96512,48.97755,48.96134,48.97471,1082,1252,0
2025-10-20 11:50:00,48.97471,48.97732,48.95604,48.96671,1061,1253,0
2025-10-20 12:00:00,48.96671,48.98832,48.95516,48.96405,1090,1252,0
2025-10-20 12:10:00,48.96405,48.9733,48.95319,48.96382,1022,1377,0
2025-10-20 12:20:00,48.96382,48.97176,48.95607,48.96468,896,1223,0
2025-10-20 12:30:00,48.96468,48.98397,48.95418,48.982169999999996,810,1223,0
2025-10-20 12:40:00,48.98259,48.98899,48.97589,48.98359,874,1223,0
2025-10-20 12:50:00,48.9836,48.98444,48.95306,48.966,1151,1321,0
2025-10-20 13:00:00,48.966,48.9694,48.94636,48.94638,793,1224,0
2025-10-20 13:10:00,48.9464,48.9494,48.91933,48.91933,794,1223,0
2025-10-20 13:20:00,48.91975,48.9332,48.91675,48.9332,643,1224,0
2025-10-20 13:30:00,48.9332,48.93863,48.92794,48.93451,503,1224,0
2025-10-20 13:40:00,48.93451,48.93696,48.92389,48.93458,843,1756,0
2025-10-20 13:50:00,48.93458,48.93557,48.9259,48.92671,910,1221,0
2025-10-20 14:00:00,48.92671,48.9372,48.91849,48.93177,474,1258,0
2025-10-20 14:10:00,48.93177,48.93318,48.92259,48.93068,413,1219,0
2025-10-20 14:20:00,48.93068,48.9311,48.91897,48.92513,422,1215,0
2025-10-20 14:30:00,48.92513,48.92555,48.89721,48.91728,717,1250,0
2025-10-20 14:40:00,48.91728,48.91771,48.89159,48.91352,682,1251,0
2025-10-20 14:50:00,48.91352,48.94367,48.9131,48.94367,728,1154,0
2025-10-20 15:00:00,48.94367,48.95131,48.93622,48.9381,773,1045,0
2025-10-20 15:10:00,48.9381,48.9601,48.93561,48.9494,674,994,0
2025-10-20 15:20:00,48.9494,48.95491,48.93577,48.93662,705,1029,0
2025-10-20 15:30:00,48.93662,48.9481,48.92751,48.93294,765,1013,0
2025-10-20 15:40:00,48.93294,48.94777,48.92432,48.93666,912,1211,0
2025-10-20 15:50:00,48.93666,48.93666,48.91707,48.93148,793,1043,0
2025-10-20 16:00:00,48.93148,48.93617,48.92163,48.9259,839,992,0
2025-10-20 16:10:00,48.9259,48.92632,48.89851,48.90773,764,1101,0
2025-10-20 16:20:00,48.90773,48.92606,48.90546,48.92583,678,1177,0
2025-10-20 16:30:00,48.92583,48.92897,48.9005,48.92388,987,1097,0
2025-10-20 16:40:00,48.92388,48.92778,48.90579,48.90651,648,992,0
2025-10-20 16:50:00,48.90651,48.91597,48.90088,48.91179,778,1167,0
2025-10-20 17:00:00,48.91179,48.92635,48.90558,48.91915,674,1138,0
2025-10-20 17:10:00,48.91915,48.94461,48.91765,48.94461,732,1283,0
2025-10-20 17:20:00,48.94461,48.95603,48.93957,48.95253,724,1299,0
2025-10-20 17:30:00,48.95253,48.97686,48.94809,48.96898,1029,1047,0
2025-10-20 17:40:00,48.96898,48.97165,48.95063,48.95147,765,996,0
2025-10-20 17:50:00,48.95147,48.95506,48.93032,48.93229,1002,999,0
2025-10-20 18:00:00,48.9323,48.94282,48.928960000000004,48.93031,629,995,0
2025-10-20 18:10:00,48.93031,48.95986,48.9265,48.95601,721,1061,0
2025-10-20 18:20:00,48.95559,48.97312,48.95554,48.96515,670,1500,0
2025-10-20 18:30:00,48.96515,48.96562,48.94802,48.94802,665,1722,0
2025-10-20 18:40:00,48.94802,48.95694,48.93381,48.94173,575,1779,0
2025-10-20 18:50:00,48.94173,48.95655,48.92508,48.9258,945,1654,0
2025-10-20 19:00:00,48.92578,48.92967,48.90746,48.92211,772,1888,0
2025-10-20 19:10:00,48.92211,48.93308,48.91463,48.93033,622,3231,0
2025-10-20 19:20:00,48.93033,48.93159,48.90724,48.90894,369,3234,0
2025-10-20 19:30:00,48.90894,48.91946,48.90388,48.91056,318,3234,0
2025-10-20 19:40:00,48.91056,48.91325,48.90137,48.91185,485,3243,0
2025-10-20 19:50:00,48.91185,48.91185,48.89588,48.8969,363,3655,0
2025-10-20 20:00:00,48.8969,48.90698,48.89224,48.9055,411,3873,0
2025-10-20 20:10:00,48.9055,48.90554,48.8864,48.88854,352,4257,0
2025-10-20 20:20:00,48.88854,48.89111,48.88423,48.88877,481,4330,0
2025-10-20 20:30:00,48.88877,48.88925,48.86559,48.86559,584,4612,0
2025-10-20 20:40:00,48.86559,48.86687,48.83544,48.84048,618,5028,0
2025-10-20 20:50:00,48.84048,48.8477,48.83459,48.84328,770,4351,0
2025-10-20 21:00:00,48.84328,48.84754,48.8338,48.83517,836,4182,0
2025-10-20 21:10:00,48.83517,48.84004,48.81749,48.83006,813,4151,0
2025-10-20 21:20:00,48.83006,48.84406,48.82755,48.8385,700,3846,0
2025-10-20 21:30:00,48.83852,48.86139,48.83609,48.85881,895,3422,0
2025-10-20 21:40:00,48.85883,48.86056,48.84642,48.85495,343,3265,0
2025-10-20 21:50:00,48.85495,48.8691,48.84758,48.86028,370,3269,0
2025-10-20 22:00:00,48.86028,48.87074,48.85406,48.86479,563,3270,0
2025-10-20 22:10:00,48.86479,48.86622,48.85715,48.86063,480,3900,0
2025-10-20 22:20:00,48.86063,48.86126,48.85462,48.86126,326,3858,0
2025-10-20 22:30:00,48.86126,48.86127,48.84702,48.847409999999996,190,3831,0
2025-10-20 22:40:00,48.847409999999996,48.85097,48.84478,48.84604,245,3857,0
2025-10-20 22:50:00,48.84603,48.84603,48.58624,48.65573,498,3963,0
2025-10-20 23:00:00,48.65615,48.84403,48.63561,48.83885,433,5086,0
2025-10-20 23:10:00,48.83885,48.85777,48.83132,48.84112,722,4104,0
2025-10-20 23:20:00,48.84113,48.84879,48.83908,48.84571,600,3335,0
2025-10-20 23:30:00,48.84571,48.85762,48.84571,48.85654,131,3305,0
2025-10-20 23:40:00,48.85654,48.86117,48.64046,48.66633,318,2475,0
2025-10-20 23:50:00,48.66632,48.68442,48.6549,48.67365,156,28709,0
2025-10-21 00:00:00,48.40412,48.81785,48.40412,48.75814,75,14499,0
2025-10-21 00:10:00,48.76653,48.83701,48.76653,48.83686,410,11618,0
2025-10-21 00:20:00,48.83686,48.84015,48.82007,48.83745,429,11228,0
2025-10-21 00:30:00,48.83745,48.84081,48.78518,48.83879,362,11189,0
2025-10-21 00:40:00,48.83879,48.84304,48.83879,48.84183,121,10958,0
2025-10-21 00:50:00,48.84141,48.84257,48.83765,48.84024,146,10916,0
2025-10-21 01:00:00,48.84024,48.86698,48.84024,48.85296,475,5780,0
2025-10-21 01:10:00,48.85296,48.85602,48.85096,48.85468,155,6914,0
2025-10-21 01:20:00,48.85468,48.85468,48.84681,48.84842,155,6937,0
2025-10-21 01:30:00,48.84842,48.86164,48.84348,48.85303,488,5753,0
2025-10-21 01:40:00,48.85305,48.86302,48.84048,48.84707,434,5444,0
2025-10-21 01:50:00,48.84712,48.85951,48.689,48.84451,457,5227,0
2025-10-21 02:00:00,48.84454,48.87908,48.84454,48.8729,649,3991,0
2025-10-21 02:10:00,48.8729,48.87335,48.86348,48.86654,457,4233,0
2025-10-21 02:20:00,48.86654,48.87179,48.86175,48.86351,297,5290,0
2025-10-21 02:30:00,48.86351,48.86471,48.83903,48.84724,545,5272,0
2025-10-21 02:40:00,48.84727,48.84999,48.63832,48.82599,674,4495,0
2025-10-21 02:50:00,48.82602,48.83924,48.82573,48.83394,557,3874,0
2025-10-21 03:00:00,48.83323,48.86272,48.8305,48.85258,1156,4371,0
2025-10-21 03:10:00,48.85302,48.86553,48.85112,48.86553,903,5069,0
2025-10-21 03:20:00,48.86554,48.86663,48.84895,48.85677,589,4949,0
2025-10-21 03:30:00,48.85677,48.87112,48.85059,48.86404,562,5368,0
2025-10-21 03:40:00,48.86409,48.87353,48.85745,48.87278,649,5370,0
2025-10-21 03:50:00,48.87277,48.88892,48.85646,48.88251,686,5440,0
2025-10-21 04:00:00,48.88251,48.88985,48.87596,48.88689,876,5321,0
2025-10-21 04:10:00,48.8873,48.88853,48.87414,48.8805,834,5412,0
2025-10-21 04:20:00,48.8805,48.8809,48.85991,48.86175,632,6438,0
2025-10-21 04:30:00,48.86175,48.87156,48.85864,48.85906,761,5277,0
2025-10-21 04:40:00,48.85906,48.86769,48.84093,48.85944,788,5276,0
2025-10-21 04:50:00,48.85949,48.87029,48.84103,48.85427,824,5270,0
2025-10-21 05:00:00,48.85553,48.85639,48.84299,48.84627,622,5272,0
2025-10-21 05:10:00,48.84627,48.85789,48.83243,48.83331,778,5406,0
2025-10-21 05:20:00,48.83331,48.85769,48.83247,48.83834,700,5275,0
2025-10-21 05:30:00,48.83834,48.84176,48.80923,48.81691,944,5752,0
2025-10-21 05:40:00,48.81704,48.82829,48.79612,48.80552,890,5268,0
2025-10-21 05:50:00,48.80552,48.82527,48.80552,48.81888,402,5260,0
2025-10-21 06:00:00,48.81845,48.82067,48.80485,48.81196,797,5409,0
2025-10-21 06:10:00,48.81196,48.82275,48.80826,48.82266,824,5702,0
2025-10-21 06:20:00,48.82266,48.82594,48.81987,48.82303,528,5274,0
2025-10-21 06:30:00,48.82302,48.82422,48.80752,48.81315,603,5919,0
2025-10-21 06:40:00,48.81317,48.82119,48.80468,48.81109,620,6150,0
2025-10-21 06:50:00,48.81109,48.82547,48.8091,48.8206,701,5116,0
2025-10-21 07:00:00,48.82065,48.82256,48.80084,48.80515,606,5119,0
2025-10-21 07:10:00,48.80515,48.82505,48.80495,48.81228,324,5119,0
2025-10-21 07:20:00,48.81187,48.82288,48.8033,48.81839,535,5122,0
2025-10-21 07:30:00,48.81839,48.81839,48.79457,48.81815,575,5122,0
2025-10-21 07:40:00,48.81815,48.82047,48.78492,48.7983,685,5126,0
2025-10-21 07:50:00,48.7983,48.82642,48.78284,48.82286,1164,5504,0
2025-10-21 08:00:00,48.82286,48.82509,48.80138,48.80893,1137,5222,0
2025-10-21 08:10:00,48.80895,48.82332,48.7978,48.8071,794,5108,0
2025-10-21 08:20:00,48.80711,48.80888,48.78821,48.79243,751,6388,0
2025-10-21 08:30:00,48.79242,48.80038,48.78578,48.78862,837,6599,0
2025-10-21 08:40:00,48.78866,48.8067,48.77799,48.803,810,5093,0
2025-10-21 08:50:00,48.803,48.803,48.77767,48.78762,817,5092,0
2025-10-21 09:00:00,48.78762,48.81536,48.78382,48.80506,1245,1705,0
2025-10-21 09:10:00,48.80506,48.80947,48.79707,48.80488,926,1265,0
2025-10-21 09:20:00,48.80446,48.8216,48.8032,48.81967,994,1305,0
2025-10-21 09:30:00,48.81967,48.83128,48.81043,48.8227,940,1304,0
2025-10-21 09:40:00,48.8227,48.8467,48.8169,48.83997,965,1305,0
2025-10-21 09:50:00,48.83999,48.8547,48.83549,48.84228,825,1302,0
2025-10-21 10:00:00,48.84228,48.85785,48.82817,48.83374,1234,1217,0
2025-10-21 10:10:00,48.83374,48.84205,48.80728,48.8192,818,1217,0
2025-10-21 10:20:00,48.8192,48.8509,48.81836,48.84022,936,1594,0
2025-10-21 10:30:00,48.83981,48.84423,48.81348,48.82226,922,1575,0
2025-10-21 10:40:00,48.82228,48.8484,48.81918,48.84684,1165,1288,0
2025-10-21 10:50:00,48.84686,48.85002,48.81778,48.81892,900,1215,0
2025-10-21 11:00:00,48.81892,48.82744,48.79837,48.81878,1283,1557,0
2025-10-21 11:10:00,48.81878,48.81922,48.79593,48.81155,1199,1854,0
2025-10-21 11:20:00,48.81155,48.82833,48.80554,48.82193,766,1694,0
2025-10-21 11:30:00,48.82193,48.83224,48.80744,48.81925,630,1446,0
2025-10-21 11:40:00,48.81925,48.82306,48.77594,48.77846,659,1423,0
2025-10-21 11:50:00,48.77846,48.81052,48.77081,48.80465,764,1464,0
2025-10-21 12:00:00,48.80423,48.80611,48.78221,48.78618,743,1646,0
2025-10-21 12:10:00,48.78618,48.80901,48.78191,48.79464,776,1852,0
2025-10-21 12:20:00,48.79464,48.8147,48.79464,48.8073,652,1558,0
2025-10-21 12:30:00,48.80773,48.82973,48.80135,48.8148,765,1601,0
2025-10-21 12:40:00,48.81481,48.82101,48.79725,48.79889,642,1515,0
2025-10-21 12:50:00,48.79889,48.81683,48.79694,48.80019,617,1614,0
2025-10-21 13:00:00,48.80019,48.81327,48.78275,48.78275,662,1731,0
2025-10-21 13:10:00,48.78275,48.78365,48.7435,48.74794,1032,1719,0
2025-10-21 13:20:00,48.74585,48.77793,48.74044,48.77744,857,1899,0
2025-10-21 13:30:00,48.77744,48.77947,48.75546,48.75888,842,1894,0
2025-10-21 13:40:00,48.75889,48.76254,48.74789,48.75558,941,1214,0
2025-10-21 13:50:00,48.756,48.79453,48.75138,48.79285,628,1213,0
2025-10-21 14:00:00,48.79285,48.81318,48.78892,48.81318,652,988,0
2025-10-21 14:10:00,48.81318,48.82709,48.80236,48.80236,525,1059,0
2025-10-21 14:20:00,48.80194,48.81425,48.79319,48.80009,669,1088,0
2025-10-21 14:30:00,48.80009,48.8187,48.79818,48.80024,648,987,0
2025-10-21 14:40:00,48.80024,48.80192,48.78259,48.78553,646,986,0
2025-10-21 14:50:00,48.78553,48.79519,48.7555,48.77125,823,990,0
2025-10-21 15:00:00,48.77125,48.78794,48.74422,48.74507,989,1106,0
2025-10-21 15:10:00,48.74507,48.75772,48.73561,48.74828,1178,1148,0
2025-10-21 15:20:00,48.7487,48.76116,48.73076,48.73898,776,1136,0
2025-10-21 15:30:00,48.7394,48.75745,48.72456,48.75195,1034,1314,0
2025-10-21 15:40:00,48.75195,48.75195,48.73685,48.74469,790,1196,0
2025-10-21 15:50:00,48.74469,48.76624,48.72948,48.7633,1037,1017,0
2025-10-21 16:00:00,48.7633,48.77308,48.74947,48.75748,1200,1369,0
2025-10-21 16:10:00,48.75706,48.78492,48.75147,48.77248,1332,1233,0
2025-10-21 16:20:00,48.77248,48.77906,48.75209,48.7643,1128,1163,0
2025-10-21 16:30:00,48.76473,48.78769,48.75126,48.77598,1086,1038,0
2025-10-21 16:40:00,48.7764,48.78403,48.72624,48.74379,1092,1056,0
2025-10-21 16:50:00,48.74379,48.77774,48.73917,48.76762,1234,1209,0
2025-10-21 17:00:00,48.76762,48.77692,48.73806,48.75038,1293,1360,0
2025-10-21 17:10:00,48.75038,48.77243,48.75038,48.76393,1048,1138,0
2025-10-21 17:20:00,48.76393,48.79342,48.76186,48.77329,1091,1119,0
2025-10-21 17:30:00,48.77329,48.77642,48.73654,48.74074,1011,1077,0
2025-10-21 17:40:00,48.74074,48.74479,48.71245,48.73346,912,1076,0
2025-10-21 17:50:00,48.73346,48.73668,48.70815,48.73454,890,1036,0
2025-10-21 18:00:00,48.73412,48.75932,48.73299,48.751,1002,1489,0
2025-10-21 18:10:00,48.751,48.76626,48.7488,48.76586,818,1405,0
2025-10-21 18:20:00,48.76586,48.77765,48.75269,48.77696,747,1501,0
2025-10-21 18:30:00,48.77696,48.77796,48.74629,48.75159,720,1713,0
2025-10-21 18:40:00,48.75159,48.77841,48.74529,48.76627,748,1717,0
2025-10-21 18:50:00,48.76627,48.78056,48.76627,48.77263,520,1715,0
2025-10-21 19:00:00,48.77263,48.77263,48.69471,48.75038,1538,1869,0
2025-10-21 19:10:00,48.75039,48.75892,48.72997,48.75071,1335,2836,0
2025-10-21 19:20:00,48.75029,48.76418,48.71866,48.76335,1030,4419,0
2025-10-21 19:30:00,48.76335,48.77022,48.71189,48.74285,1163,4442,0
2025-10-21 19:40:00,48.74285,48.75547,48.74266,48.75172,843,3366,0
2025-10-21 19:50:00,48.75172,48.758,48.73365,48.73868,879,3364,0
2025-10-21 20:00:00,48.73868,48.73961,48.72374,48.7365,688,3361,0
2025-10-21 20:10:00,48.7365,48.74258,48.72856,48.73233,530,3361,0
2025-10-21 20:20:00,48.73275,48.73466,48.71429,48.7147,435,3721,0
2025-10-21 20:30:00,48.7147,48.72046,48.71131,48.71541,404,4033,0
2025-10-21 20:40:00,48.71541,48.71668,48.70922,48.71157,306,4282,0
2025-10-21 20:50:00,48.71157,48.71525,48.70218,48.71234,374,4318,0
2025-10-21 21:00:00,48.71234,48.72706,48.71212,48.7207,333,4383,0
2025-10-21 21:10:00,48.7207,48.7293,48.71626,48.71721,347,4399,0
2025-10-21 21:20:00,48.71721,48.72067,48.7128,48.7192,292,4454,0
2025-10-21 21:30:00,48.7192,48.73072,48.7192,48.72956,291,4402,0
2025-10-21 21:40:00,48.72956,48.73503,48.72161,48.72706,273,4394,0
2025-10-21 21:50:00,48.72706,48.73125,48.71293,48.71546,402,4396,0
2025-10-21 22:00:00,48.71546,48.72926,48.71546,48.72598,644,4070,0
2025-10-21 22:10:00,48.72598,48.72919,48.72133,48.72738,522,3536,0
2025-10-21 22:20:00,48.72738,48.72793,48.71185,48.71307,279,3485,0
2025-10-21 22:30:00,48.71307,48.72107,48.70969,48.72075,282,3550,0
2025-10-21 22:40:00,48.72075,48.72236,48.71484,48.71872,251,3780,0
2025-10-21 22:50:00,48.71872,48.72274,48.69731,48.69985,383,4256,0
2025-10-21 23:00:00,48.70027,48.70147,48.68866,48.69195,405,4290,0
2025-10-21 23:10:00,48.69195,48.695,48.69088,48.69442,363,4552,0
2025-10-21 23:20:00,48.69442,48.69561,48.69111,48.69299,288,4295,0
2025-10-21 23:30:00,48.69299,48.69572,48.69087,48.69454,336,4443,0
2025-10-21 23:40:00,48.69454,48.69938,48.68541,48.69273,244,4443,0
2025-10-21 23:50:00,48.69273,48.7085,48.68331,48.69231,304,6241,0
2025-10-22 00:00:00,48.35818,48.68593,48.35818,48.68593,54,11583,0
2025-10-22 00:10:00,48.68591,48.68895,48.68127,48.68472,149,11786,0
2025-10-22 00:20:00,48.68472,48.68544,48.6758,48.6791,186,11573,0
2025-10-22 00:30:00,48.6791,48.68277,48.67793,48.68068,144,11519,0
2025-10-22 00:40:00,48.68068,48.68571,48.67942,48.68155,163,11514,0
2025-10-22 00:50:00,48.68155,48.68848,48.67925,48.68344,101,11512,0
2025-10-22 01:00:00,48.68344,48.70361,48.68344,48.69281,543,7336,0
2025-10-22 01:10:00,48.69281,48.69365,48.69193,48.69289,223,7328,0
2025-10-22 01:20:00,48.69289,48.69671,48.69025,48.69445,195,7400,0
2025-10-22 01:30:00,48.69487,48.69853,48.69434,48.69658,137,7509,0
2025-10-22 01:40:00,48.69658,48.69803,48.69257,48.69673,93,7585,0
2025-10-22 01:50:00,48.69673,48.69673,48.6865,48.68898,144,7637,0
2025-10-22 02:00:00,48.68898,48.7062,48.68719,48.70413,503,5446,0
2025-10-22 02:10:00,48.70413,48.70727,48.69149,48.69298,695,4990,0
2025-10-22 02:20:00,48.69298,48.70536,48.6925,48.69255,647,4926,0
2025-10-22 02:30:00,48.69217,48.70762,48.69141,48.70762,489,4651,0
2025-10-22 02:40:00,48.70767,48.70924,48.69101,48.70167,353,4483,0
2025-10-22 02:50:00,48.70167,48.70376,48.69543,48.69543,473,4483,0
2025-10-22 03:00:00,48.69543,48.71351,48.6881,48.69481,751,5485,0
2025-10-22 03:10:00,48.69397,48.7253,48.69272,48.7232,850,4488,0
2025-10-22 03:20:00,48.7232,48.73021,48.722,48.72451,794,3673,0
2025-10-22 03:30:00,48.72451,48.72493,48.7136,48.71401,486,5570,0
2025-10-22 03:40:00,48.71401,48.71698,48.70944,48.71355,338,6835,0
2025-10-22 03:50:00,48.71355,48.71355,48.7057,48.71022,559,6497,0
2025-10-22 04:00:00,48.71022,48.72782,48.70446,48.71761,894,6486,0
2025-10-22 04:10:00,48.7176,48.72463,48.70725,48.70725,411,7185,0
2025-10-22 04:20:00,48.70725,48.71203,48.69121,48.69278,413,8077,0
2025-10-22 04:30:00,48.69278,48.70447,48.69181,48.69264,300,8308,0
2025-10-22 04:40:00,48.69264,48.70621,48.68715,48.70107,295,8313,0
2025-10-22 04:50:00,48.70107,48.7041,48.69664,48.70111,237,8388,0
2025-10-22 05:00:00,48.70111,48.71345,48.70069,48.712180000000004,161,8463,0
2025-10-22 05:10:00,48.712180000000004,48.72045,48.70797,48.71324,281,8519,0
2025-10-22 05:20:00,48.71324,48.71944,48.71183,48.71225,190,8558,0
2025-10-22 05:30:00,48.71225,48.71802,48.70719,48.71507,178,8589,0
2025-10-22 05:40:00,48.71506,48.72591,48.71273,48.72003,178,8610,0
2025-10-22 05:50:00,48.72003,48.72003,48.71099,48.71237,173,8626,0
2025-10-22 06:00:00,48.71241,48.72472,48.70588,48.70663,505,6684,0
2025-10-22 06:10:00,48.70669,48.71058,48.70234,48.70604,338,8427,0
2025-10-22 06:20:00,48.70607,48.70987,48.69739,48.699,767,6981,0
2025-10-22 06:30:00,48.69905,48.72431,48.69905,48.72363,661,5315,0
2025-10-22 06:40:00,48.72363,48.72686,48.71633,48.71745,664,5315,0
2025-10-22 06:50:00,48.71745,48.72756,48.71162,48.71162,508,5315,0
2025-10-22 07:00:00,48.71162,48.72828,48.71118,48.72668,549,5316,0
2025-10-22 07:10:00,48.72668,48.73167,48.70827,48.72275,411,5315,0
2025-10-22 07:20:00,48.72275,48.72792,48.70171,48.71549,480,5313,0
2025-10-22 07:30:00,48.71549,48.72631,48.70995,48.72619,533,5314,0
2025-10-22 07:40:00,48.72619,48.73222,48.72618,48.72717,438,5314,0
2025-10-22 07:50:00,48.72717,48.7303,48.7251,48.72758,354,6125,0
2025-10-22 08:00:00,48.72758,48.74374,48.72716,48.74035,435,6799,0
2025-10-22 08:10:00,48.74035,48.7478,48.73642,48.7478,736,6871,0
2025-10-22 08:20:00,48.74782,48.75301,48.74023,48.75224,605,6155,0
2025-10-22 08:30:00,48.75226,48.76029,48.7454,48.75298,543,5485,0
2025-10-22 08:40:00,48.75298,48.75788,48.74538,48.74705,476,5311,0
2025-10-22 08:50:00,48.74704,48.76035,48.73601,48.75529,753,5549,0
2025-10-22 09:00:00,48.75529,48.77057,48.73902,48.74669,975,2216,0
2025-10-22 09:10:00,48.74669,48.7543,48.73992,48.74352,725,1801,0
2025-10-22 09:20:00,48.74352,48.7728,48.74227,48.76188,738,1794,0
2025-10-22 09:30:00,48.76188,48.78574,48.75676,48.77306,823,1792,0
2025-10-22 09:40:00,48.77306,48.78401,48.76753,48.76857,688,1671,0
2025-10-22 09:50:00,48.76773,48.7797,48.75235,48.76457,800,1715,0
2025-10-22 10:00:00,48.76457,48.77903,48.72822,48.74053,1088,1482,0
2025-10-22 10:10:00,48.74053,48.753,48.73165,48.7466,785,1419,0
2025-10-22 10:20:00,48.7466,48.75676,48.7246,48.73156,692,1406,0
2025-10-22 10:30:00,48.73198,48.74764,48.73031,48.74431,598,1607,0
2025-10-22 10:40:00,48.74431,48.7503,48.73972,48.74745,487,1625,0
2025-10-22 10:50:00,48.74745,48.75291,48.72665,48.72709,638,1627,0
2025-10-22 11:00:00,48.72709,48.72753,48.69475,48.70473,995,1454,0
2025-10-22 11:10:00,48.70473,48.70934,48.68475,48.68975,994,1323,0
2025-10-22 11:20:00,48.68975,48.72035,48.68576,48.70883,1001,1427,0
2025-10-22 11:30:00,48.70883,48.70883,48.68828,48.69916,758,1355,0
2025-10-22 11:40:00,48.69916,48.70918,48.69161,48.69786,743,1215,0
2025-10-22 11:50:00,48.69746,48.72807,48.69704,48.71642,1139,1297,0
2025-10-22 12:00:00,48.71643,48.73544,48.71199,48.72298,979,1076,0
2025-10-22 12:10:00,48.72299,48.72589,48.70336,48.71149,913,1160,0
2025-10-22 12:20:00,48.71149,48.71401,48.69618,48.70944,545,1158,0
2025-10-22 12:30:00,48.70944,48.72104,48.70596,48.70848,722,1217,0
2025-10-22 12:40:00,48.70848,48.71312,48.70505,48.7064,280,1272,0
2025-10-22 12:50:00,48.70682,48.70695,48.69785,48.70382,616,1785,0
2025-10-22 13:00:00,48.70258,48.71384,48.68824,48.68824,617,1269,0
2025-10-22 13:10:00,48.68824,48.69029,48.67854,48.68475,600,2254,0
2025-10-22 13:20:00,48.68475,48.68559,48.66392,48.67149,861,782,0
2025-10-22 13:30:00,48.67149,48.67149,48.65557,48.66859,519,782,0
2025-10-22 13:40:00,48.66859,48.67994,48.66229,48.67448,471,1211,0
2025-10-22 13:50:00,48.67406,48.6812,48.66439,48.66851,450,1211,0
2025-10-22 14:00:00,48.66851,48.68351,48.66851,48.67421,620,1029,0
2025-10-22 14:10:00,48.67421,48.67991,48.66574,48.67316,483,1098,0
2025-10-22 14:20:00,48.67316,48.68028,48.66176,48.66261,480,1140,0
2025-10-22 14:30:00,48.66261,48.6794,48.65715,48.66264,545,1202,0
2025-10-22 14:40:00,48.66264,48.66708,48.65417,48.66247,626,1096,0
2025-10-22 14:50:00,48.66247,48.67506,48.65479,48.65522,595,1246,0
2025-10-22 15:00:00,48.65522,48.68658,48.65436,48.67368,925,1276,0
2025-10-22 15:10:00,48.67368,48.69088,48.6614,48.66605,742,1275,0
2025-10-22 15:20:00,48.66563,48.67109,48.65001,48.66985,720,1221,0
2025-10-22 15:30:00,48.66985,48.67443,48.64523,48.64602,764,1170,0
2025-10-22 15:40:00,48.64602,48.65605,48.6299,48.63443,776,1144,0
2025-10-22 15:50:00,48.63443,48.67967,48.63399,48.6577,797,805,0
2025-10-22 16:00:00,48.6577,48.67662,48.65177,48.66521,903,1096,0
2025-10-22 16:10:00,48.66515,48.67516,48.65859,48.66582,726,1187,0
2025-10-22 16:20:00,48.66582,48.68937,48.6548,48.68659,764,1163,0
2025-10-22 16:30:00,48.68659,48.71941,48.68444,48.71395,1042,995,0
2025-10-22 16:40:00,48.71395,48.71437,48.69684,48.70987,744,902,0
2025-10-22 16:50:00,48.70987,48.71289,48.6994,48.70468,765,995,0
2025-10-22 17:00:00,48.7051,48.72568,48.69633,48.70248,1012,1323,0
2025-10-22 17:10:00,48.70248,48.70885,48.69408,48.70119,857,1205,0
2025-10-22 17:20:00,48.70119,48.73982,48.69588,48.73763,836,1166,0
2025-10-22 17:30:00,48.73763,48.74134,48.71741,48.72139,735,1327,0
2025-10-22 17:40:00,48.72139,48.73974,48.71551,48.73287,838,883,0
2025-10-22 17:50:00,48.73288,48.77655,48.73273,48.77531,919,1082,0
2025-10-22 18:00:00,48.77531,48.79778,48.76464,48.78026,1083,1082,0
2025-10-22 18:10:00,48.78026,48.78779,48.76636,48.78362,689,1071,0
2025-10-22 18:20:00,48.78362,48.79312,48.76363,48.77994,782,1515,0
2025-10-22 18:30:00,48.77994,48.79184,48.7636,48.78618,762,1638,0
2025-10-22 18:40:00,48.78618,48.79394,48.77737,48.7787,685,1717,0
2025-10-22 18:50:00,48.7787,48.78096,48.76509,48.77225,826,1726,0
2025-10-22 19:00:00,48.77225,48.77375,48.7511,48.76137,650,1505,0
2025-10-22 19:10:00,48.76096,48.77905,48.75621,48.77556,836,3931,0
2025-10-22 19:20:00,48.77556,48.78102,48.77033,48.77635,457,3430,0
2025-10-22 19:30:00,48.77635,48.80313,48.76883,48.77512,1826,4290,0
2025-10-22 19:40:00,48.77512,48.796170000000004,48.76967,48.78774,1216,4284,0
2025-10-22 19:50:00,48.78774,48.79494,48.77982,48.78831,635,3830,0
2025-10-22 20:00:00,48.78831,48.79125,48.76172,48.76728,774,3453,0
2025-10-22 20:10:00,48.76728,48.77877,48.75605,48.77877,735,3457,0
2025-10-22 20:20:00,48.77879,48.78191,48.76386,48.77298,514,3832,0
2025-10-22 20:30:00,48.77298,48.78286,48.7624,48.77914,444,4016,0
2025-10-22 20:40:00,48.77914,48.78086,48.76562,48.76921,409,4216,0
2025-10-22 20:50:00,48.76921,48.7718,48.75663,48.75967,594,4723,0
2025-10-22 21:00:00,48.75955,48.7631,48.75376,48.76277,641,4501,0
2025-10-22 21:10:00,48.76277,48.77182,48.75921,48.76514,746,3445,0
2025-10-22 21:20:00,48.76514,48.77149,48.76176,48.76435,369,3445,0
2025-10-22 21:30:00,48.76393,48.76536,48.75759,48.75928,385,3549,0
2025-10-22 21:40:00,48.75928,48.76012,48.72983,48.74019,530,3727,0
2025-10-22 21:50:00,48.74019,48.74839,48.73809,48.74437,773,3665,0
2025-10-22 22:00:00,48.74403,48.74403,48.72318,48.73402,548,3665,0
2025-10-22 22:10:00,48.73404,48.74799,48.73166,48.74515,592,4083,0
2025-10-22 22:20:00,48.74516,48.74819,48.74019,48.74019,697,3457,0
2025-10-22 22:30:00,48.74019,48.7423,48.73432,48.73891,216,3458,0
2025-10-22 22:40:00,48.73891,48.73982,48.72283,48.73201,363,3463,0
2025-10-22 22:50:00,48.73201,48.73342,48.72202,48.72349,716,3540,0
2025-10-22 23:00:00,48.72349,48.74593,48.72349,48.74465,564,3649,0
2025-10-22 23:10:00,48.74468,48.75311,48.74468,48.74766,127,3553,0
2025-10-22 23:20:00,48.74766,48.74766,48.73437,48.74114,371,3553,0
2025-10-22 23:30:00,48.74114,48.75141,48.74049,48.74301,488,3566,0
2025-10-22 23:40:00,48.74765,48.74765,48.7251,48.73264,227,2592,0
2025-10-22 23:50:00,48.73263,48.74612,48.73047,48.7396,254,6292,0
2025-10-23 00:00:00,48.50834,48.56372,48.50834,48.56331,80,35054,0
2025-10-23 00:10:00,48.56331,48.80545,48.55727,48.78646,332,13146,0
2025-10-23 00:20:00,48.78646,48.80003,48.78646,48.7963,93,13089,0
2025-10-23 00:30:00,48.7963,48.80737,48.79591,48.80695,129,12573,0
2025-10-23 00:40:00,48.80695,48.80737,48.80148,48.80402,103,12573,0
2025-10-23 00:50:00,48.80402,48.80782,48.80109,48.80614,243,12699,0
2025-10-23 01:00:00,48.80614,48.83252,48.80614,48.82763,396,7504,0
2025-10-23 01:10:00,48.82763,48.84516,48.82721,48.8422,317,6893,0
2025-10-23 01:20:00,48.8422,48.84266,48.82566,48.82568,332,6886,0
2025-10-23 01:30:00,48.82568,48.83028,48.82568,48.82773,389,8010,0
2025-10-23 01:40:00,48.82773,48.8285,48.82482,48.82522,152,8028,0
2025-10-23 01:50:00,48.82522,48.8293,48.82315,48.82527,299,8296,0
2025-10-23 02:00:00,48.82527,48.82796,48.73099,48.74643,469,8601,0
2025-10-23 02:10:00,48.74643,48.74726,48.7337,48.73453,418,9019,0
2025-10-23 02:20:00,48.73453,48.73788,48.7286,48.72893,375,9802,0
2025-10-23 02:30:00,48.72893,48.73448,48.72805,48.72964,219,9886,0
2025-10-23 02:40:00,48.72964,48.73046,48.69788,48.69956,273,10104,0
2025-10-23 02:50:00,48.69956,48.70337,48.69662,48.6987,202,17679,0
2025-10-23 03:00:00,48.6987,48.70049,48.67003,48.67086,555,17749,0
2025-10-23 03:10:00,48.67086,48.6776,48.66949,48.67725,656,17036,0
2025-10-23 03:20:00,48.67728,48.68042,48.66848,48.67682,542,15885,0
2025-10-23 03:30:00,48.67682,48.75922,48.67681,48.75096,581,11957,0
2025-10-23 03:40:00,48.75096,48.76047,48.74897,48.75621,319,14490,0
2025-10-23 03:50:00,48.75621,48.76876,48.75198,48.76043,617,14864,0
2025-10-23 04:00:00,48.76043,48.77743,48.69218,48.70553,707,12420,0
2025-10-23 04:10:00,48.70562,48.77225,48.68783,48.69498,747,13057,0
2025-10-23 04:20:00,48.69498,48.76926,48.68257,48.75413,670,12429,0
2025-10-23 04:30:00,48.75423,48.76183,48.67397,48.68793,831,12475,0
2025-10-23 04:40:00,48.68799,48.76457,48.67836,48.69699,614,12473,0
2025-10-23 04:50:00,48.69699,48.76894,48.67274,48.68168,678,12483,0
2025-10-23 05:00:00,48.68168,48.74522,48.66176,48.73713,763,12475,0
2025-10-23 05:10:00,48.73718,48.74422,48.72964,48.73854,850,12810,0
2025-10-23 05:20:00,48.73854,48.753190000000004,48.73337,48.7358,705,12811,0
2025-10-23 05:30:00,48.7358,48.74205,48.72887,48.73194,619,13299,0
2025-10-23 05:40:00,48.73194,48.74623,48.72481,48.74385,504,12728,0
2025-10-23 05:50:00,48.74385,48.74562,48.72795,48.73637,581,12713,0
2025-10-23 06:00:00,48.73637,48.7465,48.7327,48.74371,274,12707,0
2025-10-23 06:10:00,48.74371,48.74396,48.73388,48.74096,659,12847,0
2025-10-23 06:20:00,48.74097,48.74481,48.72928,48.7394,548,13370,0
2025-10-23 06:30:00,48.7394,48.75226,48.73828,48.74971,2303,11253,0
2025-10-23 06:40:00,48.74971,48.75139,48.74284,48.74335,344,11253,0
2025-10-23 06:50:00,48.74335,48.74335,48.72746,48.7307,414,11936,0
2025-10-23 07:00:00,48.7307,48.7307,48.72371,48.72775,295,11889,0
2025-10-23 07:10:00,48.72775,48.74338,48.72687,48.72979,235,12101,0
2025-10-23 07:20:00,48.72983,48.74568,48.72983,48.73771,671,10750,0
2025-10-23 07:30:00,48.73815,48.74395,48.73549,48.74356,597,11460,0
2025-10-23 07:40:00,48.74356,48.75226,48.73696,48.74624,707,11459,0
2025-10-23 07:50:00,48.74624,48.76273,48.74157,48.76101,665,10575,0
2025-10-23 08:00:00,48.76101,48.76101,48.74856,48.75154,491,10592,0
2025-10-23 08:10:00,48.75154,48.75862,48.74646,48.75432,451,10992,0
2025-10-23 08:20:00,48.75432,48.80001,48.75383,48.79735,482,5728,0
2025-10-23 08:30:00,48.79735,48.79735,48.78286,48.78395,495,5936,0
2025-10-23 08:40:00,48.78395,48.79275,48.77989,48.79206,418,6806,0
2025-10-23 08:50:00,48.79206,48.81382,48.79206,48.80271,820,5319,0
2025-10-23 09:00:00,48.80271,48.82524,48.80229,48.8135,734,3065,0
2025-10-23 09:10:00,48.8135,48.82689,48.80813,48.81995,590,2142,0
2025-10-23 09:20:00,48.81954,48.81966,48.80163,48.80662,662,2116,0
2025-10-23 09:30:00,48.80662,48.81365,48.78961,48.79287,893,1898,0
2025-10-23 09:40:00,48.79287,48.7979,48.77507,48.79665,683,1812,0
2025-10-23 09:50:00,48.79665,48.80988,48.78756,48.79016,708,1898,0
2025-10-23 10:00:00,48.79016,48.80187,48.77669,48.78908,950,2069,0
2025-10-23 10:10:00,48.78908,48.80282,48.7863,48.80264,607,2183,0
2025-10-23 10:20:00,48.80264,48.81468,48.79255,48.79426,824,1921,0
2025-10-23 10:30:00,48.79426,48.80111,48.77457,48.78576,749,1762,0
2025-10-23 10:40:00,48.78576,48.80279,48.78336,48.80196,634,1674,0
2025-10-23 10:50:00,48.80196,48.81975,48.79736,48.81389,699,1772,0
2025-10-23 11:00:00,48.81389,48.83385,48.80609,48.82245,619,1816,0
2025-10-23 11:10:00,48.82245,48.83885,48.80936,48.81765,563,1883,0
2025-10-23 11:20:00,48.81765,48.83144,48.81656,48.82772,556,2067,0
2025-10-23 11:30:00,48.82814,48.83028,48.81272,48.8151,650,2261,0
2025-10-23 11:40:00,48.81511,48.81629,48.79346,48.80509,762,1903,0
2025-10-23 11:50:00,48.8051,48.80833,48.78566,48.79844,781,1934,0
2025-10-23 12:00:00,48.79844,48.80747,48.7911,48.7945,913,1636,0
2025-10-23 12:10:00,48.7945,48.81391,48.78805,48.81201,883,1545,0
2025-10-23 12:20:00,48.81201,48.8175,48.80114,48.81235,554,1727,0
2025-10-23 12:30:00,48.81236,48.81336,48.79994,48.80477,556,1887,0
2025-10-23 12:40:00,48.80477,48.80477,48.79222,48.80282,623,2014,0
2025-10-23 12:50:00,48.80324,48.80326,48.78308,48.78561,399,1953,0
2025-10-23 13:00:00,48.78561,48.78601,48.77799,48.78462,535,2324,0
2025-10-23 13:10:00,48.78462,48.79492,48.78138,48.794,678,1725,0
2025-10-23 13:20:00,48.794,48.79401,48.77989,48.78135,550,1725,0
2025-10-23 13:30:00,48.78135,48.78986,48.77808,48.78654,580,1725,0
2025-10-23 13:40:00,48.78654,48.78956,48.76371,48.76893,530,1870,0
2025-10-23 13:50:00,48.76893,48.77832,48.74962,48.75549,652,2097,0
2025-10-23 14:00:00,48.75249,48.77134,48.74915,48.76282,549,1882,0
2025-10-23 14:10:00,48.76282,48.77039,48.75552,48.75978,541,1791,0
2025-10-23 14:20:00,48.75978,48.76759,48.75852,48.76434,404,1665,0
2025-10-23 14:30:00,48.76434,48.7875,48.7572,48.77383,507,1660,0
2025-10-23 14:40:00,48.77341,48.7788,48.77074,48.77223,380,1641,0
2025-10-23 14:50:00,48.77223,48.77385,48.75769,48.76047,485,1636,0
2025-10-23 15:00:00,48.76089,48.78802,48.76089,48.78802,625,1545,0
2025-10-23 15:10:00,48.78802,48.78909,48.75928,48.76182,567,1535,0
2025-10-23 15:20:00,48.76182,48.7822,48.75979,48.77969,521,1493,0
2025-10-23 15:30:00,48.77969,48.81478,48.778,48.81478,564,1407,0
2025-10-23 15:40:00,48.81478,48.83173,48.80703,48.83173,571,1405,0
2025-10-23 15:50:00,48.83046,48.84126,48.81475,48.81813,747,1545,0
2025-10-23 16:00:00,48.81813,48.82931,48.8072,48.81794,795,1580,0
2025-10-23 16:10:00,48.81794,48.82764,48.81169,48.82055,720,1523,0
2025-10-23 16:20:00,48.82055,48.83518,48.81643,48.83173,693,1458,0
2025-10-23 16:30:00,48.83173,48.85954,48.82975,48.85324,1029,1605,0
2025-10-23 16:40:00,48.85324,48.85366,48.83071,48.84023,998,1438,0
2025-10-23 16:50:00,48.84023,48.85042,48.83647,48.84406,747,1316,0
2025-10-23 17:00:00,48.84406,48.87786,48.8387,48.86656,1019,1622,0
2025-10-23 17:10:00,48.86656,48.87212,48.85731,48.8666,994,1407,0
2025-10-23 17:20:00,48.8666,48.86866,48.85359,48.86712,742,1312,0
2025-10-23 17:30:00,48.86712,48.89616,48.8671,48.87773,806,1315,0
2025-10-23 17:40:00,48.87773,48.8811,48.85551,48.86368,647,1315,0
2025-10-23 17:50:00,48.86368,48.87742,48.85446,48.86759,1033,1538,0
2025-10-23 18:00:00,48.86717,48.87909,48.8564,48.86145,707,1655,0
2025-10-23 18:10:00,48.86145,48.86714,48.84055,48.85065,508,1655,0
2025-10-23 18:20:00,48.85065,48.85224,48.84005,48.84323,473,1963,0
2025-10-23 18:30:00,48.84323,48.86048,48.83739,48.84226,606,2331,0
2025-10-23 18:40:00,48.84226,48.84849,48.83659,48.84486,410,2310,0
2025-10-23 18:50:00,48.84486,48.86711,48.83842,48.85622,484,2375,0
2025-10-23 19:00:00,48.85622,48.85862,48.83934,48.85406,1007,2764,0
2025-10-23 19:10:00,48.85406,48.86678,48.84346,48.85034,808,4336,0
2025-10-23 19:20:00,48.85036,48.85681,48.84447,48.85387,639,4782,0
2025-10-23 19:30:00,48.85387,48.86049,48.84285,48.85052,678,4326,0
2025-10-23 19:40:00,48.85052,48.85706,48.82664,48.82974,454,4325,0
2025-10-23 19:50:00,48.82974,48.8349,48.80998,48.81052,595,4658,0
2025-10-23 20:00:00,48.80964,48.81885,48.70837,48.81077,1053,4521,0
2025-10-23 20:10:00,48.81035,48.83358,48.80963,48.82873,735,4362,0
2025-10-23 20:20:00,48.82873,48.82923,48.79042,48.79042,2076,4359,0
2025-10-23 20:30:00,48.79024,48.80464,48.78053,48.78691,872,4366,0
2025-10-23 20:40:00,48.78691,48.84511,48.78668,48.837180000000004,1095,4360,0
2025-10-23 20:50:00,48.837180000000004,48.83983,48.80522,48.83152,2274,4347,0
2025-10-23 21:00:00,48.83154,48.83507,48.80009,48.81537,3849,5604,0
2025-10-23 21:10:00,48.81565,48.83678,48.80702,48.81603,3677,4791,0
2025-10-23 21:20:00,48.81532,48.83238,48.80342,48.80685,1663,4364,0
2025-10-23 21:30:00,48.80685,48.83406,48.80613,48.82558,2051,4401,0
2025-10-23 21:40:00,48.82577,48.84599,48.82014,48.82687,2334,4386,0
2025-10-23 21:50:00,48.8266,48.84153,48.82416,48.83607,2367,4390,0
2025-10-23 22:00:00,48.83495,48.85424,48.72423,48.83642,1678,4383,0
2025-10-23 22:10:00,48.83642,48.84675,48.8356,48.83594,842,4374,0
2025-10-23 22:20:00,48.83594,48.83858,48.82574,48.82748,1173,4991,0
2025-10-23 22:30:00,48.82748,48.83376,48.82292,48.83022,1573,5605,0
2025-10-23 22:40:00,48.83027,48.83829,48.82962,48.83269,1293,5058,0
2025-10-23 22:50:00,48.83274,48.84161,48.61064,48.84031,784,4683,0
2025-10-23 23:00:00,48.84031,48.84036,48.82841,48.83105,702,4536,0
2025-10-23 23:10:00,48.83103,48.83409,48.82497,48.82572,300,5057,0
2025-10-23 23:20:00,48.82572,48.83268,48.82572,48.82866,187,5501,0
2025-10-23 23:30:00,48.82866,48.83428,48.82561,48.83302,184,5677,0
2025-10-23 23:40:00,48.81552,48.82764,48.80923,48.82722,231,9143,0
2025-10-23 23:50:00,48.82722,48.87131,48.76708,48.80367,493,9454,0
2025-10-24 00:00:00,48.52203,48.83227,48.52203,48.83127,125,14675,0
2025-10-24 00:10:00,48.83127,48.83127,48.81338,48.81338,220,14605,0
2025-10-24 00:20:00,48.81338,48.82077,48.81324,48.82077,102,14429,0
2025-10-24 00:30:00,48.82077,48.82544,48.62885,48.63025,498,14084,0
2025-10-24 00:40:00,48.63025,48.63271,48.43868,48.5449,545,43329,0
2025-10-24 00:50:00,48.5449,48.62666,48.44823,48.56021,707,47219,0
2025-10-24 01:00:00,48.56021,48.5865,48.34353,48.41112,528,50776,0
2025-10-24 01:10:00,48.41112,48.41653,48.40433,48.41073,95,52759,0
2025-10-24 01:20:00,48.41073,48.83063,48.40787,48.82935,191,10905,0
2025-10-24 01:30:00,48.82935,48.83866,48.82856,48.83866,630,9020,0
2025-10-24 01:40:00,48.83866,48.83922,48.83421,48.83635,376,8426,0
2025-10-24 01:50:00,48.83635,48.83854,48.82971,48.82996,361,8473,0
2025-10-24 02:00:00,48.82996,48.83066,48.82043,48.82062,318,8994,0
2025-10-24 02:10:00,48.82062,48.82415,48.82046,48.82266,193,10489,0
2025-10-24 02:20:00,48.82266,48.8245,48.81797,48.81798,142,10747,0
2025-10-24 02:30:00,48.81798,48.81835,48.81276,48.815690000000004,171,10882,0
2025-10-24 02:40:00,48.815690000000004,48.815690000000004,48.7783,48.78813,162,10969,0
2025-10-24 02:50:00,48.78813,48.79607,48.78202,48.78268,337,17229,0
2025-10-24 03:00:00,48.78268,48.80371,48.78236,48.79821,395,17313,0
2025-10-24 03:10:00,48.79821,48.8016,48.79142,48.79225,203,17299,0
2025-10-24 03:20:00,48.79225,48.80014,48.78929,48.79882,209,17326,0
2025-10-24 03:30:00,48.79882,48.83574,48.79832,48.83151,224,10700,0
2025-10-24 03:40:00,48.83151,48.86555,48.83106,48.85584,650,10256,0
2025-10-24 03:50:00,48.85586,48.8635,48.8516,48.86091,902,9104,0
2025-10-24 04:00:00,48.86091,48.86135,48.83863,48.83977,807,9095,0
2025-10-24 04:10:00,48.83977,48.84182,48.83318,48.83376,848,10613,0
2025-10-24 04:20:00,48.83379,48.83704,48.81548,48.81954,562,10662,0
2025-10-24 04:30:00,48.81959,48.8313,48.81531,48.8292,448,9272,0
2025-10-24 04:40:00,48.8292,48.8313,48.823949999999996,48.82816,162,9272,0
2025-10-24 04:50:00,48.82816,48.83489,48.81975,48.82185,200,9271,0
2025-10-24 05:00:00,48.82185,48.82711,48.82019,48.82657,502,9271,0
2025-10-24 05:10:00,48.82657,48.82982,48.81982,48.81982,357,10180,0
2025-10-24 05:20:00,48.81982,48.82064,48.81142,48.81239,240,10606,0
2025-10-24 05:30:00,48.81239,48.81472,48.80789,48.80915,203,10829,0
2025-10-24 05:40:00,48.80957,48.81316,48.80659,48.80912,405,10982,0
2025-10-24 05:50:00,48.80912,48.81018,48.80542,48.80625,261,11060,0
2025-10-24 06:00:00,48.80625,48.80981,48.8036,48.80671,472,11057,0
2025-10-24 06:10:00,48.80671,48.81151,48.79949,48.80252,388,10474,0
2025-10-24 06:20:00,48.80252,48.82113,48.80174,48.82096,584,9800,0
2025-10-24 06:30:00,48.82098,48.82911,48.82062,48.82363,262,8919,0
2025-10-24 06:40:00,48.82363,48.82573,48.823,48.823,250,8926,0
2025-10-24 06:50:00,48.823,48.83065,48.8174,48.8174,357,9304,0
2025-10-24 07:00:00,48.8174,48.83145,48.814,48.82179,468,7194,0
2025-10-24 07:10:00,48.82179,48.82338,48.81986,48.82116,195,7625,0
2025-10-24 07:20:00,48.82116,48.82116,48.81478,48.81683,195,7652,0
2025-10-24 07:30:00,48.81725,48.82174,48.81385,48.81943,335,7763,0
2025-10-24 07:40:00,48.81945,48.825450000000004,48.81945,48.82372,679,6343,0
2025-10-24 07:50:00,48.82372,48.82726,48.81174,48.81969,310,6150,0
2025-10-24 08:00:00,48.81969,48.82763,48.81142,48.82761,599,6150,0
2025-10-24 08:10:00,48.82761,48.83182,48.81251,48.81838,315,6147,0
2025-10-24 08:20:00,48.81838,48.82586,48.80806,48.80848,504,6148,0
2025-10-24 08:30:00,48.80848,48.81844,48.80351,48.81804,545,6148,0
2025-10-24 08:40:00,48.81804,48.82762,48.81659,48.82382,252,6179,0
2025-10-24 08:50:00,48.82382,48.82677,48.80785,48.80993,285,6184,0
2025-10-24 09:00:00,48.80993,48.84681,48.80909,48.83194,673,2065,0
2025-10-24 09:10:00,48.83194,48.83222,48.81943,48.82567,692,2067,0
2025-10-24 09:20:00,48.82567,48.85347,48.82567,48.84942,667,1883,0
2025-10-24 09:30:00,48.84942,48.86437,48.8416,48.86098,889,1930,0
2025-10-24 09:40:00,48.86098,48.86977,48.856700000000004,48.86237,919,1296,0
2025-10-24 09:50:00,48.86238,48.88076,48.85734,48.87921,473,1277,0
2025-10-24 10:00:00,48.87921,48.89011,48.85495,48.85953,996,1349,0
2025-10-24 10:10:00,48.85953,48.86723,48.8259,48.85415,990,1797,0
2025-10-24 10:20:00,48.85416,48.85759,48.82828,48.85004,829,1666,0
2025-10-24 10:30:00,48.85551,48.93531,48.85551,48.91469,1511,1888,0
2025-10-24 10:40:00,48.91469,48.92704,48.89109,48.89109,997,2041,0
2025-10-24 10:50:00,48.89109,48.9051,48.8843,48.89276,801,1900,0
2025-10-24 11:00:00,48.89276,48.91094,48.85406,48.85406,1273,1613,0
2025-10-24 11:10:00,48.85425,48.85461,48.75043,48.78733,2520,2408,0
2025-10-24 11:20:00,48.78733,48.78824,48.75764,48.76868,1361,1810,0
2025-10-24 11:30:00,48.76868,48.78031,48.76083,48.76482,1045,1636,0
2025-10-24 11:40:00,48.76483,48.77348,48.75544,48.75814,803,1415,0
2025-10-24 11:50:00,48.75814,48.77725,48.75461,48.76669,722,1426,0
2025-10-24 12:00:00,48.76669,48.78115,48.75635,48.77066,1121,1643,0
2025-10-24 12:10:00,48.77075,48.7884,48.75871,48.7884,1759,2013,0
2025-10-24 12:20:00,48.78882,48.78883,48.771209999999996,48.77122,846,1820,0
2025-10-24 12:30:00,48.77122,48.77317,48.76149,48.76191,1166,1593,0
2025-10-24 12:40:00,48.76192,48.76675,48.74951,48.75902,957,1400,0
2025-10-24 12:50:00,48.75902,48.78094,48.75454,48.77777,870,1538,0
2025-10-24 13:00:00,48.7782,48.78992,48.77447,48.78747,896,1467,0
2025-10-24 13:10:00,48.78749,48.798,48.78218,48.79042,547,1414,0
2025-10-24 13:20:00,48.79,48.79178,48.77849,48.78354,545,1394,0
2025-10-24 13:30:00,48.78354,48.78772,48.77297,48.78703,1062,2013,0
2025-10-24 13:40:00,48.78703,48.79616,48.77941,48.77983,792,1806,0
2025-10-24 13:50:00,48.77984,48.7834,48.7696,48.76977,916,1775,0
2025-10-24 14:00:00,48.76977,48.77543,48.74935,48.76907,722,1119,0
2025-10-24 14:10:00,48.76907,48.78297,48.76379,48.77809,434,1115,0
2025-10-24 14:20:00,48.77809,48.78448,48.75377,48.75726,703,1062,0
2025-10-24 14:30:00,48.75726,48.78046,48.75273,48.77341,766,1045,0
2025-10-24 14:40:00,48.77341,48.7775,48.75938,48.76597,603,1285,0
2025-10-24 14:50:00,48.76597,48.78965,48.75973,48.78838,787,1068,0
2025-10-24 15:00:00,48.78964,48.80288,48.7781,48.77811,730,1042,0
2025-10-24 15:10:00,48.77811,48.79068,48.77145,48.78833,717,1041,0
2025-10-24 15:20:00,48.78833,48.78878,48.75993,48.75993,734,1056,0
2025-10-24 15:30:00,48.75951,48.92565,48.75867,48.87433,2967,1208,0
2025-10-24 15:40:00,48.87434,48.8976,48.83035,48.8397,2055,1141,0
2025-10-24 15:50:00,48.8376,48.85807,48.82981,48.85059,1636,1324,0
2025-10-24 16:00:00,48.85059,48.88251,48.83287,48.8756,1432,1181,0
2025-10-24 16:10:00,48.87519,48.87857,48.819,48.82794,1231,1071,0
2025-10-24 16:20:00,48.82794,48.83623,48.80141,48.83372,1295,976,0
2025-10-24 16:30:00,48.83372,48.85118,48.81745,48.83379,1461,976,0
2025-10-24 16:40:00,48.83322,48.85321,48.79094,48.80267,1279,975,0
2025-10-24 16:50:00,48.80267,48.81687,48.78851,48.80704,1213,1040,0
2025-10-24 17:00:00,48.80704,48.83036,48.78494,48.80586,1529,1332,0
2025-10-24 17:10:00,48.80587,48.84646,48.80587,48.83673,1221,1117,0
2025-10-24 17:20:00,48.83674,48.85007,48.8094,48.81108,840,978,0
2025-10-24 17:30:00,48.81024,48.82015,48.78873,48.81284,881,1037,0
2025-10-24 17:40:00,48.81284,48.81674,48.79141,48.7931,769,1122,0
2025-10-24 17:50:00,48.7931,48.80337,48.7726,48.79739,1100,1165,0
2025-10-24 18:00:00,48.79739,48.8174,48.76901,48.81269,1005,1427,0
2025-10-24 18:10:00,48.81269,48.82253,48.80914,48.81337,869,1363,0
2025-10-24 18:20:00,48.81295,48.82835,48.8052,48.82835,685,1504,0
2025-10-24 18:30:00,48.82835,48.83224,48.78651,48.79257,696,1596,0
2025-10-24 18:40:00,48.79257,48.80361,48.77454,48.77786,1042,2119,0
2025-10-24 18:50:00,48.77786,48.79142,48.76941,48.78665,722,1994,0
2025-10-24 19:00:00,48.78665,48.78665,48.76472,48.76944,833,2047,0
2025-10-24 19:10:00,48.76944,48.78555,48.76293,48.7729,770,3565,0
2025-10-24 19:20:00,48.7729,48.7821,48.76581,48.77802,534,3565,0
2025-10-24 19:30:00,48.77802,48.77927,48.75843,48.75843,717,3730,0
2025-10-24 19:40:00,48.75843,48.77646,48.75285,48.7752,491,3564,0
2025-10-24 19:50:00,48.7752,48.78246,48.77317,48.77555,654,3566,0
2025-10-24 20:00:00,48.77555,48.79174,48.77555,48.78806,447,4335,0
2025-10-24 20:10:00,48.78811,48.80053,48.78689,48.78838,821,4183,0
2025-10-24 20:20:00,48.78838,48.79402,48.78634,48.78981,556,3838,0
2025-10-24 20:30:00,48.78981,48.79865,48.78477,48.79551,368,4525,0
2025-10-24 20:40:00,48.79551,48.79658,48.77101,48.77206,684,3849,0
2025-10-24 20:50:00,48.77206,48.79222,48.76911,48.77962,646,3976,0
2025-10-24 21:00:00,48.77962,48.7882,48.77049,48.77891,559,3867,0
2025-10-24 21:10:00,48.77891,48.78616,48.77679,48.78322,501,3871,0
2025-10-24 21:20:00,48.78322,48.7848,48.77037,48.77923,602,3871,0
2025-10-24 21:30:00,48.77927,48.78043,48.77422,48.77768,512,3870,0
2025-10-24 21:40:00,48.77767,48.78543,48.77031,48.78543,671,4306,0
2025-10-24 21:50:00,48.78543,48.78655,48.77636,48.77789,679,4050,0
2025-10-24 22:00:00,48.77789,48.79009,48.77272,48.78967,669,4333,0
2025-10-24 22:10:00,48.78969,48.7932,48.78318,48.7852,415,4015,0
2025-10-24 22:20:00,48.7852,48.78833,48.77182,48.7731,363,4546,0
2025-10-24 22:30:00,48.77312,48.78046,48.76223,48.78046,621,3877,0
2025-10-24 22:40:00,48.78046,48.78622,48.77808,48.78371,426,3877,0
2025-10-24 22:50:00,48.78371,48.79725,48.77452,48.78549,697,4364,0
2025-10-24 23:00:00,48.78591,48.8119,48.78508,48.80095,633,3580,0
2025-10-24 23:10:00,48.80095,48.81066,48.8003,48.81059,517,3580,0
2025-10-24 23:20:00,48.81063,48.81403,48.7992,48.80659,709,3580,0
2025-10-24 23:30:00,48.80659,48.80737,48.77478,48.77526,505,3776,0
2025-10-24 23:40:00,48.77526,48.77632,48.74245,48.77458,356,4755,0
2025-10-24 23:50:00,48.77457,48.78134,48.76499,48.76977,440,6435,0
2025-10-27 00:00:00,48.70632,48.70678,48.59238,48.59951,210,39577,0
2025-10-27 00:10:00,48.59951,48.6805,48.59951,48.61346,111,30757,0
2025-10-27 00:20:00,48.61346,48.66926,48.59348,48.59785,67,31740,0
2025-10-27 00:30:00,48.59785,48.65227,48.5966,48.65227,153,33028,0
2025-10-27 00:40:00,48.65227,48.80595,48.65155,48.7704,639,20817,0
2025-10-27 00:50:00,48.7704,48.80789,48.76355,48.78735,563,21661,0
2025-10-27 01:00:00,48.78735,48.846940000000004,48.71023,48.73919,1180,11260,0
2025-10-27 01:10:00,48.73919,48.90838,48.7213,48.90793,974,7449,0
2025-10-27 01:20:00,48.90793,48.92744,48.89668,48.90684,902,7435,0
2025-10-27 01:30:00,48.90688,48.91028,48.88997,48.90591,1040,8027,0
2025-10-27 01:40:00,48.90591,48.914320000000004,48.89252,48.8974,1026,8371,0
2025-10-27 01:50:00,48.89746,48.90992,48.89137,48.89137,847,7617,0
2025-10-27 02:00:00,48.89137,48.91168,48.8842,48.90049,886,5513,0
2025-10-27 02:10:00,48.90054,48.91662,48.88257,48.9146,791,5046,0
2025-10-27 02:20:00,48.9146,48.92083,48.90194,48.91463,542,4532,0
2025-10-27 02:30:00,48.91463,48.92805,48.90479,48.92099,852,4751,0
2025-10-27 02:40:00,48.92099,48.92334,48.90884,48.91711,935,5414,0
2025-10-27 02:50:00,48.91714,48.93109,48.89662,48.907939999999996,820,5287,0
2025-10-27 03:00:00,48.907939999999996,48.91806,48.88295,48.89013,674,9385,0
2025-10-27 03:10:00,48.89013,48.90284,48.88454,48.89907,953,9913,0
2025-10-27 03:20:00,48.89917,48.91171,48.88649,48.9104,576,9765,0
2025-10-27 03:30:00,48.9104,48.93438,48.90914,48.92685,321,7633,0
2025-10-27 03:40:00,48.92685,48.93321,48.9131,48.91869,534,7635,0
2025-10-27 03:50:00,48.91869,48.93808,48.91767,48.91767,880,7984,0
2025-10-27 04:00:00,48.91767,48.94798,48.9109,48.94781,762,8002,0
2025-10-27 04:10:00,48.94787,48.98146,48.93833,48.97895,979,7975,0
2025-10-27 04:20:00,48.97895,48.98069,48.96119,48.96132,354,7968,0
2025-10-27 04:30:00,48.96132,48.96132,48.94623,48.95245,640,7987,0
2025-10-27 04:40:00,48.95245,48.95245,48.9219,48.92347,558,7984,0
2025-10-27 04:50:00,48.92355,48.94017,48.91119,48.91203,360,7994,0
2025-10-27 05:00:00,48.91161,48.92149,48.905,48.90632,515,7988,0
2025-10-27 05:10:00,48.90632,48.90674,48.89919,48.89919,152,7981,0
2025-10-27 05:20:00,48.89919,48.90089,48.89416,48.89711,190,7978,0
2025-10-27 05:30:00,48.89711,48.89836,48.88911,48.88953,357,7977,0
2025-10-27 05:40:00,48.88951,48.89195,48.88535,48.88535,394,8404,0
2025-10-27 05:50:00,48.88535,48.88968,48.88388,48.88537,322,9067,0
2025-10-27 06:00:00,48.88536,48.89148,48.88337,48.88397,255,9403,0
2025-10-27 06:10:00,48.88397,48.88582,48.88059,48.88465,171,9598,0
2025-10-27 06:20:00,48.88465,48.89004,48.87761,48.88176,307,9712,0
2025-10-27 06:30:00,48.88176,48.88777,48.87967,48.88051,412,9323,0
2025-10-27 06:40:00,48.88051,48.88261,48.87925,48.88009,98,10288,0
2025-10-27 06:50:00,48.88009,48.88093,48.86579,48.86875,172,10285,0
2025-10-27 07:00:00,48.86875,48.86917,48.8448,48.84648,289,10280,0
2025-10-27 07:10:00,48.84648,48.849,48.84312,48.84312,117,10279,0
2025-10-27 07:20:00,48.84312,48.86876,48.83933,48.85567,231,7700,0
2025-10-27 07:30:00,48.85567,48.86611,48.84241,48.85405,210,7698,0
2025-10-27 07:40:00,48.85405,48.858670000000004,48.85321,48.85699,143,7698,0
2025-10-27 07:50:00,48.85699,48.86403,48.84483,48.8637,484,7699,0
2025-10-27 08:00:00,48.8637,48.87169,48.8572,48.86074,331,8773,0
2025-10-27 08:10:00,48.86074,48.86074,48.84638,48.85119,350,8959,0
2025-10-27 08:20:00,48.85119,48.85473,48.8438,48.852,354,9440,0
2025-10-27 08:30:00,48.852,48.87186,48.84901,48.86237,738,8845,0
2025-10-27 08:40:00,48.86238,48.86292,48.84394,48.84436,388,8880,0
2025-10-27 08:50:00,48.84436,48.85779,48.83761,48.85779,506,7995,0
2025-10-27 09:00:00,48.85821,48.90057,48.85821,48.8915,548,5315,0
2025-10-27 09:10:00,48.8915,48.89878,48.87768,48.886449999999996,634,4893,0
2025-10-27 09:20:00,48.886449999999996,48.89611,48.88185,48.88862,559,4734,0
2025-10-27 09:30:00,48.88862,48.90058,48.88234,48.88824,555,4792,0
2025-10-27 09:40:00,48.88824,48.89222,48.87799,48.88301,390,5324,0
2025-10-27 09:50:00,48.88301,48.88625,48.85565,48.8597,755,4955,0
2025-10-27 10:00:00,48.8597,48.88331,48.8541,48.8541,1050,2158,0
2025-10-27 10:10:00,48.8541,48.86235,48.84607,48.85816,755,2387,0
2025-10-27 10:20:00,48.85817,48.8597,48.76265,48.83828,2334,2213,0
2025-10-27 10:30:00,48.83918,48.87066,48.83785,48.86676,652,1892,0
2025-10-27 10:40:00,48.86676,48.87255,48.85382,48.85575,618,1665,0
2025-10-27 10:50:00,48.85575,48.85989,48.84401,48.84401,537,1550,0
2025-10-27 11:00:00,48.84402,48.84988,48.83504,48.8398,782,1797,0
2025-10-27 11:10:00,48.8398,48.87492,48.83605,48.87355,717,1821,0
2025-10-27 11:20:00,48.87355,48.88499,48.86972,48.873,632,1999,0
2025-10-27 11:30:00,48.873,48.88216,48.8661,48.88049,848,2012,0
2025-10-27 11:40:00,48.88049,48.89242,48.87017,48.88524,1067,2173,0
2025-10-27 11:50:00,48.88524,48.8861,48.80588,48.85217,1675,2265,0
2025-10-27 12:00:00,48.85217,48.88231,48.84905,48.858,1323,1832,0
2025-10-27 12:10:00,48.858,48.88905,48.85645,48.88864,779,1442,0
2025-10-27 12:20:00,48.88864,48.90203,48.87243,48.88108,806,1448,0
2025-10-27 12:30:00,48.8815,48.89647,48.87115,48.8797,1693,1609,0
2025-10-27 12:40:00,48.87892,48.89293,48.86477,48.89,945,1855,0
2025-10-27 12:50:00,48.88959,48.89068,48.87625,48.87829,791,1761,0
2025-10-27 13:00:00,48.87846,48.89481,48.86538,48.89481,694,1810,0
2025-10-27 13:10:00,48.89481,48.90051,48.88443,48.89814,614,1869,0
2025-10-27 13:20:00,48.89814,48.90539,48.88022,48.88248,509,1756,0
2025-10-27 13:30:00,48.88248,48.89886,48.87307,48.8973,526,1816,0
2025-10-27 13:40:00,48.8973,48.90114,48.885,48.88849,535,1963,0
2025-10-27 13:50:00,48.88849,48.88968,48.87055,48.8737,493,2466,0
2025-10-27 14:00:00,48.8737,48.89385,48.8737,48.883539999999996,596,1403,0
2025-10-27 14:10:00,48.883539999999996,48.88984,48.88097,48.8856,496,1200,0
2025-10-27 14:20:00,48.8856,48.89016,48.86498,48.86585,673,1220,0
2025-10-27 14:30:00,48.86585,48.86911,48.84989,48.85202,677,1230,0
2025-10-27 14:40:00,48.85202,48.87821,48.8516,48.87684,647,1340,0
2025-10-27 14:50:00,48.87558,48.89851,48.86825,48.8929,784,1307,0
2025-10-27 15:00:00,48.8929,48.91024,48.88686,48.89631,987,1342,0
2025-10-27 15:10:00,48.89674,48.90432,48.88382,48.89671,801,1345,0
2025-10-27 15:20:00,48.89672,48.90277,48.87302,48.87303,682,1263,0
2025-10-27 15:30:00,48.87219,48.87898,48.85871,48.86093,594,1218,0
2025-10-27 15:40:00,48.86093,48.87388,48.859,48.87265,663,1218,0
2025-10-27 15:50:00,48.87265,48.87786,48.86226,48.87453,693,1227,0
2025-10-27 16:00:00,48.87453,48.88135,48.861,48.86771,675,1222,0
2025-10-27 16:10:00,48.86771,48.87528,48.86097,48.87017,621,1223,0
2025-10-27 16:20:00,48.87017,48.87507,48.85824,48.86379,663,1200,0
2025-10-27 16:30:00,48.86379,48.86537,48.84798,48.8485,888,1550,0
2025-10-27 16:40:00,48.8485,48.85168,48.82907,48.85126,959,1225,0
2025-10-27 16:50:00,48.85126,48.85714,48.84082,48.84764,672,1226,0
2025-10-27 17:00:00,48.84764,48.85301,48.83445,48.8454,756,1262,0
2025-10-27 17:10:00,48.8454,48.86804,48.8454,48.85681,765,1537,0
2025-10-27 17:20:00,48.85681,48.86434,48.84401,48.86434,743,1344,0
2025-10-27 17:30:00,48.86392,48.86568,48.51623,48.85746,846,1703,0
2025-10-27 17:40:00,48.85746,48.86401,48.83922,48.85909,636,1551,0
2025-10-27 17:50:00,48.85951,48.87641,48.85065,48.86947,635,1457,0
2025-10-27 18:00:00,48.86947,48.87024,48.83206,48.83496,612,1420,0
2025-10-27 18:10:00,48.83496,48.8416,48.82958,48.83627,429,1417,0
2025-10-27 18:20:00,48.83627,48.84991,48.82892,48.84914,569,1625,0
2025-10-27 18:30:00,48.84914,48.86382,48.84914,48.85671,635,1624,0
2025-10-27 18:40:00,48.85671,48.86261,48.84888,48.85456,619,1589,0
2025-10-27 18:50:00,48.85456,48.85783,48.83885,48.85027,946,1612,0
2025-10-27 19:00:00,48.85069,48.85069,48.82955,48.83507,1078,1780,0
2025-10-27 19:10:00,48.83507,48.8473,48.82916,48.83019,926,2968,0
2025-10-27 19:20:00,48.83023,48.84664,48.83023,48.8437,808,3312,0
2025-10-27 19:30:00,48.84419,48.86092,48.83917,48.84236,680,3778,0
2025-10-27 19:40:00,48.8424,48.85059,48.8333,48.83826,664,3872,0
2025-10-27 19:50:00,48.83833,48.85918,48.83266,48.8362,730,3874,0
2025-10-27 20:00:00,48.8362,48.85277,48.82925,48.83456,689,4541,0
2025-10-27 20:10:00,48.83456,48.8409,48.82174,48.8235,647,4571,0
2025-10-27 20:20:00,48.8235,48.83609,48.82292,48.82762,630,4592,0
2025-10-27 20:30:00,48.82762,48.83405,48.82148,48.82316,641,4600,0
2025-10-27 20:40:00,48.82316,48.83938,48.82279,48.83308,370,4597,0
2025-10-27 20:50:00,48.83308,48.83753,48.82974,48.83455,521,5219,0
2025-10-27 21:00:00,48.83497,48.83623,48.81846,48.82001,447,5335,0
2025-10-27 21:10:00,48.82003,48.83102,48.81983,48.83024,644,4903,0
2025-10-27 21:20:00,48.83024,48.83048,48.81812,48.81964,448,4853,0
2025-10-27 21:30:00,48.81964,48.82816,48.8178,48.82548,542,4621,0
2025-10-27 21:40:00,48.82548,48.87731,48.82548,48.87689,776,4616,0
2025-10-27 21:50:00,48.87689,48.89416,48.87284,48.88967,848,4616,0
2025-10-27 22:00:00,48.88932,48.88932,48.85842,48.86243,659,4635,0
2025-10-27 22:10:00,48.86247,48.88267,48.86247,48.87187,384,4640,0
2025-10-27 22:20:00,48.87187,48.88152,48.86285,48.86778,629,5107,0
2025-10-27 22:30:00,48.86779,48.8814,48.86737,48.88133,509,4770,0
2025-10-27 22:40:00,48.88133,48.88308,48.86868,48.87684,390,5169,0
2025-10-27 22:50:00,48.87684,48.88035,48.871,48.87857,255,5563,0
2025-10-27 23:00:00,48.87857,48.88198,48.85984,48.86526,303,5726,0
2025-10-27 23:10:00,48.86526,48.87223,48.86438,48.87002,146,6017,0
2025-10-27 23:20:00,48.87002,48.90521,48.86829,48.90509,169,6068,0
2025-10-27 23:30:00,48.90509,48.90509,48.89641,48.90078,693,4935,0
2025-10-27 23:40:00,48.90078,48.90078,48.87361,48.87641,282,4935,0
2025-10-27 23:50:00,48.87736,48.87745,48.77717,48.78515,290,7517,0
2025-10-28 00:00:00,48.65187,48.81132,48.56989,48.81093,124,9043,0
2025-10-28 00:10:00,48.81093,48.82068,48.79918,48.81566,147,8848,0
2025-10-28 00:20:00,48.81566,48.82459,48.81566,48.81912,92,8549,0
2025-10-28 00:30:00,48.81912,48.84233,48.81544,48.84179,234,8472,0
2025-10-28 00:40:00,48.84179,48.84343,48.83397,48.83575,308,8272,0
2025-10-28 00:50:00,48.83492,48.83862,48.83031,48.83535,150,8257,0
2025-10-28 01:00:00,48.83535,48.86591,48.83535,48.85455,848,2282,0
2025-10-28 01:10:00,48.85455,48.85822,48.85086,48.85715,674,4465,0
2025-10-28 01:20:00,48.85715,48.86559,48.85345,48.85953,356,3873,0
2025-10-28 01:30:00,48.85953,48.87921,48.85917,48.86283,408,2535,0
2025-10-28 01:40:00,48.86283,48.87628,48.85981,48.86238,379,2521,0
2025-10-28 01:50:00,48.86238,48.88527,48.86238,48.88146,209,2527,0
2025-10-28 02:00:00,48.88091,48.88148,48.86279,48.87548,717,2568,0
2025-10-28 02:10:00,48.87548,48.88142,48.87056,48.87564,326,2612,0
2025-10-28 02:20:00,48.8757,48.88151,48.87099,48.87386,675,3327,0
2025-10-28 02:30:00,48.87386,48.88715,48.87376,48.88715,493,3537,0
2025-10-28 02:40:00,48.88721,48.89282,48.87496,48.88405,557,2488,0
2025-10-28 02:50:00,48.88405,48.89187,48.86597,48.87106,409,3598,0
2025-10-28 03:00:00,48.87106,48.87685,48.85279,48.871,635,2490,0
2025-10-28 03:10:00,48.871,48.89396,48.85233,48.89396,759,2491,0
2025-10-28 03:20:00,48.89396,48.91167,48.87897,48.90707,657,2491,0
2025-10-28 03:30:00,48.90707,48.91126,48.88272,48.88421,830,2489,0
2025-10-28 03:40:00,48.88421,48.90655,48.87448,48.90614,741,2471,0
2025-10-28 03:50:00,48.90614,48.90733,48.89375,48.897,564,2452,0
2025-10-28 04:00:00,48.897,48.91148,48.88578,48.91041,1124,2447,0
2025-10-28 04:10:00,48.91041,48.92075,48.89633,48.89933,1078,3745,0
2025-10-28 04:20:00,48.89933,48.91257,48.89026,48.9061,833,2431,0
2025-10-28 04:30:00,48.9061,48.91537,48.8887,48.89744,799,2429,0
2025-10-28 04:40:00,48.89758,48.91609,48.89733,48.91062,721,2429,0
2025-10-28 04:50:00,48.91062,48.91617,48.89087,48.89611,763,2428,0
2025-10-28 05:00:00,48.89611,48.92847,48.8939,48.91516,876,3554,0
2025-10-28 05:10:00,48.91516,48.92949,48.91077,48.91091,656,2429,0
2025-10-28 05:20:00,48.91091,48.91786,48.89327,48.91609,870,2429,0
2025-10-28 05:30:00,48.9163,48.9163,48.8853,48.88922,491,2426,0
2025-10-28 05:40:00,48.88922,48.90318,48.8804,48.89691,590,2427,0
2025-10-28 05:50:00,48.89691,48.90144,48.88029,48.89471,329,2426,0
2025-10-28 06:00:00,48.89471,48.90908,48.88619,48.89089,562,2426,0
2025-10-28 06:10:00,48.89089,48.90473,48.88264,48.88944,583,2427,0
2025-10-28 06:20:00,48.88944,48.91007,48.8845,48.8927,754,2428,0
2025-10-28 06:30:00,48.8927,48.91494,48.88566,48.89932,620,2430,0
2025-10-28 06:40:00,48.89956,48.91852,48.89427,48.90689,721,2429,0
2025-10-28 06:50:00,48.90719,48.93319,48.89632,48.9203,897,2431,0
2025-10-28 07:00:00,48.9203,48.9315,48.90148,48.92613,713,2429,0
2025-10-28 07:10:00,48.92613,48.93853,48.92207,48.93307,592,2431,0
2025-10-28 07:20:00,48.93307,48.94443,48.91535,48.92032,832,2430,0
2025-10-28 07:30:00,48.92055,48.93803,48.9096,48.93761,671,2432,0
2025-10-28 07:40:00,48.93761,48.9466,48.92208,48.93066,684,2431,0
2025-10-28 07:50:00,48.93024,48.94986,48.91987,48.93105,799,2430,0
2025-10-28 08:00:00,48.93105,48.95021,48.92273,48.93577,846,2430,0
2025-10-28 08:10:00,48.93577,48.94791,48.92152,48.93873,552,2428,0
2025-10-28 08:20:00,48.93873,48.94617,48.91748,48.93124,741,2426,0
2025-10-28 08:30:00,48.93124,48.94342,48.92259,48.92476,780,2427,0
2025-10-28 08:40:00,48.92476,48.93839,48.91572,48.92739,468,2426,0
2025-10-28 08:50:00,48.92717,48.93355,48.91301,48.91536,609,2426,0
2025-10-28 09:00:00,48.91536,48.94389,48.91536,48.92845,1021,1355,0
2025-10-28 09:10:00,48.92846,48.9386,48.92086,48.93818,997,759,0
2025-10-28 09:20:00,48.93818,48.94311,48.9216,48.92579,274,759,0
2025-10-28 09:30:00,48.92579,48.92663,48.90305,48.91122,468,759,0
2025-10-28 09:40:00,48.91122,48.91476,48.89815,48.90284,345,1064,0
2025-10-28 09:50:00,48.90284,48.90832,48.87974,48.88505,643,1388,0
2025-10-28 10:00:00,48.88505,48.88549,48.85574,48.88524,984,1306,0
2025-10-28 10:10:00,48.88524,48.88843,48.87278,48.87423,807,990,0
2025-10-28 10:20:00,48.87423,48.88756,48.87187,48.88573,840,926,0
2025-10-28 10:30:00,48.88573,48.89443,48.87965,48.89242,577,882,0
2025-10-28 10:40:00,48.89243,48.91083,48.88768,48.91083,604,1161,0
2025-10-28 10:50:00,48.91083,48.91083,48.8689,48.89035,1132,1253,0
2025-10-28 11:00:00,48.89035,48.894800000000004,48.87618,48.87793,1208,851,0
2025-10-28 11:10:00,48.87709,48.9088,48.87207,48.90657,779,913,0
2025-10-28 11:20:00,48.90657,48.9071,48.89353,48.90487,616,1142,0
2025-10-28 11:30:00,48.90487,48.92358,48.89986,48.92168,966,1307,0
2025-10-28 11:40:00,48.92169,48.92169,48.90095,48.91729,1116,1395,0
2025-10-28 11:50:00,48.91734,48.93317,48.87793,48.89189,1135,753,0
2025-10-28 12:00:00,48.89231,48.89804,48.86141,48.874,1114,756,0
2025-10-28 12:10:00,48.87485,48.88764,48.86507,48.88722,792,1008,0
2025-10-28 12:20:00,48.88764,48.88963,48.8731,48.88317,678,750,0
2025-10-28 12:30:00,48.88359,48.90552,48.88317,48.90273,690,750,0
2025-10-28 12:40:00,48.90274,48.91468,48.90239,48.9089,704,752,0
2025-10-28 12:50:00,48.9089,48.91434,48.9024,48.9124,923,752,0
2025-10-28 13:00:00,48.9124,48.92025,48.90078,48.90885,847,1236,0
2025-10-28 13:10:00,48.90887,48.92784,48.90808,48.92216,539,751,0
2025-10-28 13:20:00,48.92216,48.92523,48.91476,48.92199,505,750,0
2025-10-28 13:30:00,48.92199,48.93815,48.91794,48.93766,701,752,0
2025-10-28 13:40:00,48.93766,48.94949,48.9243,48.94362,647,751,0
2025-10-28 13:50:00,48.94362,48.94907,48.93642,48.94264,503,751,0
2025-10-28 14:00:00,48.94264,48.94755,48.91834,48.92318,575,823,0
2025-10-28 14:10:00,48.92318,48.92524,48.89452,48.90659,926,802,0
2025-10-28 14:20:00,48.90659,48.90659,48.89638,48.90067,1749,818,0
2025-10-28 14:30:00,48.90067,48.91538,48.899,48.90771,448,543,0
2025-10-28 14:40:00,48.90771,48.91441,48.90175,48.90175,478,535,0
2025-10-28 14:50:00,48.90176,48.92165,48.90137,48.92165,628,574,0
2025-10-28 15:00:00,48.92165,48.92503,48.90221,48.90473,769,529,0
2025-10-28 15:10:00,48.90473,48.90473,48.88177,48.89315,715,527,0
2025-10-28 15:20:00,48.89315,48.91041,48.89028,48.8929,694,612,0
2025-10-28 15:30:00,48.8929,48.8941,48.85946,48.86876,694,623,0
2025-10-28 15:40:00,48.87001,48.87087,48.84642,48.85059,583,738,0
2025-10-28 15:50:00,48.85059,48.85876,48.81919,48.84111,993,783,0
2025-10-28 16:00:00,48.84111,48.84136,48.79704,48.80082,966,523,0
2025-10-28 16:10:00,48.80082,48.80317,48.78297,48.78853,787,523,0
2025-10-28 16:20:00,48.78811,48.80589,48.77914,48.79804,778,640,0
2025-10-28 16:30:00,48.79804,48.82001,48.79232,48.8175,922,541,0
2025-10-28 16:40:00,48.8175,48.8306,48.80499,48.82431,802,523,0
2025-10-28 16:50:00,48.82431,48.84329,48.82322,48.83766,813,523,0
2025-10-28 17:00:00,48.83766,48.86323,48.82915,48.8624,910,850,0
2025-10-28 17:10:00,48.8624,48.87805,48.86211,48.87766,791,752,0
2025-10-28 17:20:00,48.87766,48.90981,48.8764,48.89961,1113,759,0
2025-10-28 17:30:00,48.89961,48.92219,48.89062,48.92096,813,528,0
2025-10-28 17:40:00,48.92096,48.93289,48.90699,48.9167,810,861,0
2025-10-28 17:50:00,48.9167,48.91885,48.89616,48.91355,622,682,0
2025-10-28 18:00:00,48.91355,48.94191,48.91355,48.92054,844,605,0
2025-10-28 18:10:00,48.92013,48.92367,48.89282,48.89633,659,532,0
2025-10-28 18:20:00,48.89633,48.90945,48.89592,48.90655,502,531,0
2025-10-28 18:30:00,48.90655,48.92168,48.90489,48.9168,606,531,0
2025-10-28 18:40:00,48.9168,48.92685,48.91563,48.91609,698,627,0
2025-10-28 18:50:00,48.91609,48.92364,48.89997,48.92102,1137,530,0
2025-10-28 19:00:00,48.92102,48.92102,48.89837,48.90672,1152,845,0
2025-10-28 19:10:00,48.90672,48.92265,48.89945,48.91279,870,2324,0
2025-10-28 19:20:00,48.91279,48.9215,48.90874,48.9135,681,2281,0
2025-10-28 19:30:00,48.9135,48.91929,48.891,48.89292,1455,2414,0
2025-10-28 19:40:00,48.89293,48.90904,48.87981,48.89218,801,2117,0
2025-10-28 19:50:00,48.89218,48.93798,48.88673,48.93632,961,2506,0
2025-10-28 20:00:00,48.93633,48.93914,48.90651,48.91117,1064,2839,0
2025-10-28 20:10:00,48.91121,48.93983,48.90745,48.93899,877,2121,0
2025-10-28 20:20:00,48.93898,48.93898,48.92521,48.92752,571,2122,0
2025-10-28 20:30:00,48.92751,48.93979,48.91375,48.93151,681,2386,0
2025-10-28 20:40:00,48.93157,48.93745,48.92686,48.93105,343,2127,0
2025-10-28 20:50:00,48.93103,48.93144,48.91067,48.91704,588,2142,0
2025-10-28 21:00:00,48.91749,48.9191,48.90488,48.91114,621,2141,0
2025-10-28 21:10:00,48.91114,48.92149,48.90439,48.91361,559,2148,0
2025-10-28 21:20:00,48.91362,48.91424,48.89453,48.89579,652,2714,0
2025-10-28 21:30:00,48.89537,48.91635,48.88807,48.91157,850,2347,0
2025-10-28 21:40:00,48.91199,48.91581,48.90597,48.91366,465,2165,0
2025-10-28 21:50:00,48.91366,48.92152,48.9048,48.91911,661,2148,0
2025-10-28 22:00:00,48.91911,48.92096,48.89454,48.90176,2311,2574,0
2025-10-28 22:10:00,48.90176,48.91328,48.89959,48.90629,2074,2178,0
2025-10-28 22:20:00,48.90629,48.90718,48.8894,48.89228,3371,2230,0
2025-10-28 22:30:00,48.89176,48.90689,48.88587,48.88921,1675,2272,0
2025-10-28 22:40:00,48.88931,48.898179999999996,48.87203,48.87739,1824,2261,0
2025-10-28 22:50:00,48.8774,48.87928,48.84858,48.8507,766,2284,0
2025-10-28 23:00:00,48.85052,48.86967,48.85052,48.86869,855,3222,0
2025-10-28 23:10:00,48.86869,48.87385,48.86638,48.87093,718,3082,0
2025-10-28 23:20:00,48.87093,48.87613,48.8549,48.85853,596,2191,0
2025-10-28 23:30:00,48.85853,48.86367,48.84146,48.8432,481,2200,0
2025-10-28 23:40:00,48.8432,48.8432,48.819069999999996,48.82191,297,4033,0
2025-10-28 23:50:00,48.82191,48.82952,48.80984,48.81235,347,9376,0
2025-10-29 00:00:00,48.80558,48.84852,48.80558,48.84672,95,9806,0
2025-10-29 00:10:00,48.84672,48.84674,48.84381,48.8456,71,10339,0
2025-10-29 00:20:00,48.8456,48.84738,48.8358,48.8469,120,10674,0
2025-10-29 00:30:00,48.8469,48.87548,48.83816,48.87474,262,9807,0
2025-10-29 00:40:00,48.87474,48.88165,48.87393,48.87733,201,9714,0
2025-10-29 00:50:00,48.87733,48.87815,48.87391,48.87526,277,9709,0
2025-10-29 01:00:00,48.87526,48.90749,48.87526,48.90155,666,5906,0
2025-10-29 01:10:00,48.90155,48.90759,48.90113,48.9036,284,5921,0
2025-10-29 01:20:00,48.9036,48.90923,48.90232,48.90713,170,6014,0
2025-10-29 01:30:00,48.90713,48.90713,48.89811,48.89979,95,6064,0
2025-10-29 01:40:00,48.89979,48.89979,48.89001,48.8921,134,6099,0
2025-10-29 01:50:00,48.8921,48.89584,48.89041,48.89324,119,6126,0
2025-10-29 02:00:00,48.89324,48.89405,48.88033,48.8868,385,6234,0
2025-10-29 02:10:00,48.88661,48.89438,48.88661,48.89395,158,7129,0
2025-10-29 02:20:00,48.89395,48.89577,48.88478,48.88518,197,7214,0
2025-10-29 02:30:00,48.88518,48.8874,48.88412,48.88533,138,7448,0
2025-10-29 02:40:00,48.88533,48.88708,48.8808,48.88299,136,7654,0
2025-10-29 02:50:00,48.88299,48.91305,48.87582,48.91222,545,7775,0
2025-10-29 03:00:00,48.91223,48.92736,48.90519,48.91267,999,7718,0
2025-10-29 03:10:00,48.91267,48.92575,48.89725,48.91046,680,7405,0
2025-10-29 03:20:00,48.91048,48.92368,48.90537,48.91634,531,7107,0
2025-10-29 03:30:00,48.91676,48.927,48.90088,48.91563,1001,6149,0
2025-10-29 03:40:00,48.91563,48.9275,48.91298,48.91298,550,6125,0
2025-10-29 03:50:00,48.9134,48.92774,48.89902,48.91032,996,6225,0
2025-10-29 04:00:00,48.91032,48.91818,48.90197,48.91104,492,5962,0
2025-10-29 04:10:00,48.91104,48.91604,48.89247,48.91436,557,5055,0
2025-10-29 04:20:00,48.91436,48.91941,48.89381,48.89626,437,5049,0
2025-10-29 04:30:00,48.89626,48.89811,48.87992,48.88401,824,5483,0
2025-10-29 04:40:00,48.88401,48.88902,48.86652,48.88243,847,5299,0
2025-10-29 04:50:00,48.88243,48.89296,48.88181,48.88181,604,5039,0
2025-10-29 05:00:00,48.88221,48.88249,48.86861,48.87724,749,5342,0
2025-10-29 05:10:00,48.87723,48.87932,48.86509,48.86707,467,6423,0
2025-10-29 05:20:00,48.86707,48.86831,48.85839,48.86422,623,5331,0
2025-10-29 05:30:00,48.86422,48.86956,48.858,48.86667,510,5078,0
2025-10-29 05:40:00,48.86667,48.86689,48.85991,48.86604,553,5514,0
2025-10-29 05:50:00,48.86603,48.87848,48.85802,48.87816,575,5372,0
2025-10-29 06:00:00,48.87858,48.87945,48.86007,48.86859,486,5203,0
2025-10-29 06:10:00,48.86859,48.87803,48.86845,48.87053,219,5037,0
2025-10-29 06:20:00,48.87053,48.87053,48.85847,48.85847,512,5037,0
2025-10-29 06:30:00,48.85847,48.86005,48.84647,48.85225,424,6013,0
2025-10-29 06:40:00,48.85231,48.85446,48.83651,48.85068,406,4734,0
2025-10-29 06:50:00,48.85026,48.8511,48.83178,48.84513,209,4732,0
2025-10-29 07:00:00,48.84555,48.84681,48.83696,48.83696,268,4732,0
2025-10-29 07:10:00,48.83694,48.84082,48.83075,48.83438,638,5280,0
2025-10-29 07:20:00,48.83438,48.83477,48.82644,48.83188,327,6227,0
2025-10-29 07:30:00,48.83188,48.83746,48.82753,48.82877,504,4811,0
2025-10-29 07:40:00,48.82918,48.82918,48.8183,48.82335,475,4917,0
2025-10-29 07:50:00,48.82335,48.8337,48.82237,48.83328,433,4732,0
2025-10-29 08:00:00,48.83412,48.83746,48.81812,48.81882,497,4775,0
2025-10-29 08:10:00,48.81872,48.81872,48.79977,48.80393,382,6018,0
2025-10-29 08:20:00,48.80393,48.81319,48.79853,48.80166,346,6501,0
2025-10-29 08:30:00,48.80166,48.80747,48.79368,48.80412,452,6775,0
2025-10-29 08:40:00,48.80412,48.81437,48.80053,48.8022,273,6875,0
2025-10-29 08:50:00,48.8022,48.81307,48.79708,48.81114,393,6929,0
2025-10-29 09:00:00,48.81156,48.82698,48.80046,48.81447,446,3816,0
2025-10-29 09:10:00,48.81447,48.82991,48.8115,48.81664,345,3820,0
2025-10-29 09:20:00,48.81663,48.82549,48.81206,48.82087,442,3521,0
2025-10-29 09:30:00,48.82087,48.83186,48.81798,48.82549,367,3514,0
2025-10-29 09:40:00,48.82507,48.82549,48.81209,48.81428,338,3553,0
2025-10-29 09:50:00,48.81428,48.81917,48.80742,48.81784,666,3432,0
2025-10-29 10:00:00,48.81786,48.84697,48.81144,48.84514,809,1794,0
2025-10-29 10:10:00,48.84514,48.85318,48.83736,48.83786,609,1865,0
2025-10-29 10:20:00,48.83788,48.85855,48.83746,48.8499,777,1718,0
2025-10-29 10:30:00,48.8499,48.85199,48.82255,48.83115,544,1746,0
2025-10-29 10:40:00,48.83157,48.84861,48.82693,48.83585,513,2025,0
2025-10-29 10:50:00,48.83585,48.84132,48.802459999999996,48.81244,973,2201,0
2025-10-29 11:00:00,48.81202,48.82102,48.79413,48.80259,1114,1861,0
2025-10-29 11:10:00,48.80301,48.80653,48.78654,48.79641,713,1776,0
2025-10-29 11:20:00,48.79641,48.82565,48.79334,48.82017,655,1873,0
2025-10-29 11:30:00,48.82059,48.8252,48.79677,48.79977,798,2124,0
2025-10-29 11:40:00,48.79977,48.80809,48.79291,48.80369,651,2177,0
2025-10-29 11:50:00,48.80369,48.80483,48.77802,48.77813,750,2203,0
2025-10-29 12:00:00,48.77813,48.78198,48.77256,48.78072,602,2244,0
2025-10-29 12:10:00,48.78072,48.78822,48.75972,48.78359,913,2132,0
2025-10-29 12:20:00,48.78359,48.81141,48.78049,48.79806,904,1880,0
2025-10-29 12:30:00,48.79806,48.84051,48.79574,48.83675,660,1659,0
2025-10-29 12:40:00,48.83675,48.85747,48.83113,48.85232,972,1661,0
2025-10-29 12:50:00,48.85232,48.87343,48.84984,48.85522,1222,1707,0
2025-10-29 13:00:00,48.85525,48.86437,48.83397,48.85577,720,1662,0
2025-10-29 13:10:00,48.85577,48.86584,48.85241,48.86584,555,1731,0
2025-10-29 13:20:00,48.86584,48.87283,48.86122,48.87191,588,2096,0
2025-10-29 13:30:00,48.87191,48.8944,48.86739,48.8896,829,2228,0
2025-10-29 13:40:00,48.8896,48.9053,48.88434,48.89597,1047,2122,0
2025-10-29 13:50:00,48.89597,48.90853,48.89282,48.89786,897,1764,0
2025-10-29 14:00:00,48.89786,48.90219,48.887,48.88827,704,1708,0
2025-10-29 14:10:00,48.88827,48.88869,48.87153,48.87428,526,1698,0
2025-10-29 14:20:00,48.87428,48.87428,48.84272,48.84569,642,1662,0
2025-10-29 14:30:00,48.84527,48.86381,48.84052,48.86087,579,1684,0
2025-10-29 14:40:00,48.86088,48.88113,48.86004,48.87225,723,1687,0
2025-10-29 14:50:00,48.87225,48.8828,48.86173,48.86562,655,1685,0
2025-10-29 15:00:00,48.86562,48.8841,48.86504,48.86605,766,1706,0
2025-10-29 15:10:00,48.86605,48.87719,48.85368,48.86304,588,1444,0
2025-10-29 15:20:00,48.86304,48.86306,48.83368,48.85003,547,1442,0
2025-10-29 15:30:00,48.85003,48.85338,48.83051,48.83052,666,1439,0
2025-10-29 15:40:00,48.83052,48.83549,48.82237,48.83192,786,1572,0
2025-10-29 15:50:00,48.83192,48.84424,48.81374,48.84256,744,1437,0
2025-10-29 16:00:00,48.84256,48.85078,48.83214,48.83736,804,1435,0
2025-10-29 16:10:00,48.83736,48.87508,48.83472,48.86351,878,1696,0
2025-10-29 16:20:00,48.86351,48.87324,48.84757,48.86313,968,1546,0
2025-10-29 16:30:00,48.86313,48.8695,48.83018,48.83487,880,1436,0
2025-10-29 16:40:00,48.83488,48.85625,48.82814,48.83713,1100,1436,0
2025-10-29 16:50:00,48.83713,48.85007,48.83713,48.84541,829,1616,0
2025-10-29 17:00:00,48.84541,48.85992,48.82378,48.83425,816,1439,0
2025-10-29 17:10:00,48.83467,48.86188,48.83388,48.85856,932,1506,0
2025-10-29 17:20:00,48.85856,48.88107,48.85062,48.87112,811,1443,0
2025-10-29 17:30:00,48.87112,48.87717,48.86215,48.87385,763,1489,0
2025-10-29 17:40:00,48.87385,48.87909,48.86191,48.8697,608,1623,0
2025-10-29 17:50:00,48.86971,48.90321,48.86564,48.89686,731,1662,0
2025-10-29 18:00:00,48.89686,48.91424,48.8897,48.89559,849,1793,0
2025-10-29 18:10:00,48.89559,48.89812,48.87893,48.89185,850,1451,0
2025-10-29 18:20:00,48.89185,48.90325,48.88407,48.89475,521,1446,0
2025-10-29 18:30:00,48.89475,48.92514,48.8924,48.92125,645,1442,0
2025-10-29 18:40:00,48.92125,48.94773,48.91873,48.94606,727,1493,0
2025-10-29 18:50:00,48.94606,48.96453,48.93002,48.95673,1182,1599,0
2025-10-29 19:00:00,48.95659,48.95701,48.9214,48.92874,1288,1871,0
2025-10-29 19:10:00,48.92874,48.93814,48.91852,48.92836,940,3586,0
2025-10-29 19:20:00,48.92836,48.94105,48.91779,48.935810000000004,711,3233,0
2025-10-29 19:30:00,48.935810000000004,48.935810000000004,48.91584,48.92826,686,3234,0
2025-10-29 19:40:00,48.92826,48.92867,48.90732,48.91219,508,3713,0
2025-10-29 19:50:00,48.91219,48.91602,48.90243,48.91434,720,3422,0
2025-10-29 20:00:00,48.91434,48.91533,48.88533,48.90856,644,3424,0
2025-10-29 20:10:00,48.90856,48.91938,48.88971,48.90653,971,3884,0
2025-10-29 20:20:00,48.90653,48.90658,48.85876,48.86686,694,3962,0
2025-10-29 20:30:00,48.86647,48.86647,48.82442,48.83994,957,5596,0
2025-10-29 20:40:00,48.83999,48.85645,48.82724,48.85436,1406,4339,0
2025-10-29 20:50:00,48.85443,48.87519,48.77767,48.78172,754,4475,0
2025-10-29 21:00:00,48.78214,48.88375,48.73858,48.85159,2332,4423,0
2025-10-29 21:10:00,48.85159,48.85666,48.78788,48.82472,1621,4396,0
2025-10-29 21:20:00,48.82472,48.82895,48.79959,48.81176,996,4403,0
2025-10-29 21:30:00,48.81178,48.84318,48.5895,48.60072,3492,5328,0
2025-10-29 21:40:00,48.60078,48.68248,48.57959,48.59426,3277,5531,0
2025-10-29 21:50:00,48.59426,48.6778,48.59259,48.64716,2991,4364,0
2025-10-29 22:00:00,48.64912,48.67287,48.58891,48.61877,2720,4785,0
2025-10-29 22:10:00,48.61876,48.63364,48.58779,48.62411,2114,4954,0
2025-10-29 22:20:00,48.62369,48.6242,48.57484,48.57885,2111,5504,0
2025-10-29 22:30:00,48.57885,48.62678,48.57422,48.6242,1364,4394,0
2025-10-29 22:40:00,48.6242,48.65086,48.61563,48.64506,1117,4391,0
2025-10-29 22:50:00,48.64506,48.66622,48.63705,48.64466,803,5225,0
2025-10-29 23:00:00,48.64424,48.66486,48.64036,48.6469,1067,4572,0
2025-10-29 23:10:00,48.6469,48.67207,48.63801,48.66287,636,4572,0
2025-10-29 23:20:00,48.66287,48.67043,48.65286,48.66476,442,5323,0
2025-10-29 23:30:00,48.66476,48.70172,48.65737,48.6981,705,5744,0
2025-10-29 23:40:00,48.65604,48.65814,48.61754,48.62624,435,14253,0
2025-10-29 23:50:00,48.62624,48.63372,48.618,48.61947,889,14839,0
2025-10-30 00:00:00,48.62037,48.71849,48.61458,48.70968,77,15873,0
2025-10-30 00:10:00,48.70968,48.71916,48.70684,48.70839,160,16724,0
2025-10-30 00:20:00,48.70839,48.7199,48.70059,48.71278,120,17757,0
2025-10-30 00:30:00,48.7132,48.71718,48.70622,48.71276,164,17174,0
2025-10-30 00:40:00,48.71276,48.736,48.70815,48.73558,220,15829,0
2025-10-30 00:50:00,48.73558,48.73587,48.7247,48.72765,220,15639,0
2025-10-30 01:00:00,48.72765,48.75633,48.72765,48.75119,575,10788,0
2025-10-30 01:10:00,48.75119,48.76144,48.74659,48.7511,620,11956,0
2025-10-30 01:20:00,48.75111,48.75766,48.7445,48.74734,325,11936,0
2025-10-30 01:30:00,48.74734,48.75163,48.74507,48.75036,149,11963,0
2025-10-30 01:40:00,48.75036,48.76172,48.74696,48.75515,194,12036,0
2025-10-30 01:50:00,48.75515,48.75601,48.75135,48.75481,200,12108,0
2025-10-30 02:00:00,48.75481,48.79457,48.75481,48.78071,572,12123,0
2025-10-30 02:10:00,48.78071,48.78834,48.78071,48.78624,204,13039,0
2025-10-30 02:20:00,48.78624,48.79007,48.78279,48.78418,323,13208,0
2025-10-30 02:30:00,48.78418,48.78776,48.78011,48.78692,225,13448,0
2025-10-30 02:40:00,48.78692,48.7873,48.75907,48.75951,265,13742,0
2025-10-30 02:50:00,48.75951,48.77037,48.71035,48.72983,742,12345,0
2025-10-30 03:00:00,48.72989,48.73288,48.70115,48.72177,928,19014,0
2025-10-30 03:10:00,48.72176,48.78239,48.71924,48.77735,667,18312,0
2025-10-30 03:20:00,48.77735,48.80218,48.77734,48.79966,474,18310,0
2025-10-30 03:30:00,48.79966,48.84341,48.7984,48.82208,837,10322,0
2025-10-30 03:40:00,48.82208,48.83909,48.81984,48.8335,523,13169,0
2025-10-30 03:50:00,48.8335,48.83612,48.8213,48.82217,481,13369,0
2025-10-30 04:00:00,48.82217,48.83065,48.79821,48.80143,907,13939,0
2025-10-30 04:10:00,48.80143,48.82896,48.79766,48.816159999999996,820,13485,0
2025-10-30 04:20:00,48.816159999999996,48.81749,48.80156,48.81098,816,13351,0
2025-10-30 04:30:00,48.81097,48.83135,48.808840000000004,48.81325,705,13361,0
2025-10-30 04:40:00,48.81328,48.8343,48.81325,48.82333,707,12746,0
2025-10-30 04:50:00,48.82333,48.8387,48.82333,48.83118,637,12697,0
2025-10-30 05:00:00,48.83075,48.84016,48.82098,48.83956,645,13276,0
2025-10-30 05:10:00,48.83956,48.85045,48.83193,48.83273,601,14181,0
2025-10-30 05:20:00,48.83273,48.83709,48.82597,48.83383,472,14378,0
2025-10-30 05:30:00,48.83384,48.84397,48.82822,48.83219,320,14279,0
2025-10-30 05:40:00,48.83219,48.84578,48.82914,48.83264,515,13425,0
2025-10-30 05:50:00,48.83264,48.84654,48.8273,48.84612,513,12691,0
2025-10-30 06:00:00,48.84612,48.85741,48.84065,48.85276,413,12681,0
2025-10-30 06:10:00,48.85276,48.86116,48.74009,48.81665,940,12684,0
2025-10-30 06:20:00,48.81665,48.83616,48.8104,48.82875,630,12697,0
2025-10-30 06:30:00,48.82875,48.83408,48.81191,48.82379,919,11856,0
2025-10-30 06:40:00,48.82379,48.82865,48.79656,48.81286,583,12933,0
2025-10-30 06:50:00,48.81291,48.83531,48.81207,48.8332,426,11880,0
2025-10-30 07:00:00,48.83362,48.83669,48.82329,48.82411,744,11890,0
2025-10-30 07:10:00,48.82411,48.89738,48.76194,48.88764,1139,11874,0
2025-10-30 07:20:00,48.88764,48.9135,48.88097,48.88576,776,11869,0
2025-10-30 07:30:00,48.88534,48.90443,48.86524,48.88343,1403,11827,0
2025-10-30 07:40:00,48.88385,48.8951,48.87923,48.88603,734,11822,0
2025-10-30 07:50:00,48.88609,48.90249,48.88203,48.89925,831,12569,0
2025-10-30 08:00:00,48.89929,48.90565,48.85637,48.87774,751,11498,0
2025-10-30 08:10:00,48.87777,48.90595,48.87739,48.88949,872,11547,0
2025-10-30 08:20:00,48.88991,48.89243,48.87298,48.87429,733,11547,0
2025-10-30 08:30:00,48.87429,48.87552,48.83342,48.852289999999996,574,11485,0
2025-10-30 08:40:00,48.852289999999996,48.86883,48.82893,48.85585,619,11464,0
2025-10-30 08:50:00,48.85585,48.86139,48.79176,48.81071,837,11432,0
2025-10-30 09:00:00,48.81071,48.84995,48.81071,48.84432,673,8052,0
2025-10-30 09:10:00,48.84432,48.85632,48.84096,48.84912,513,8053,0
2025-10-30 09:20:00,48.84912,48.85244,48.83324,48.83597,828,8286,0
2025-10-30 09:30:00,48.83639,48.85154,48.81243,48.82054,1144,8050,0
2025-10-30 09:40:00,48.82058,48.85804,48.80716,48.85606,1096,8033,0
2025-10-30 09:50:00,48.85606,48.85814,48.83897,48.84343,931,5760,0
2025-10-30 10:00:00,48.84343,48.8904,48.84299,48.88936,1786,2715,0
2025-10-30 10:10:00,48.88936,48.89753,48.86597,48.8842,986,1665,0
2025-10-30 10:20:00,48.8842,48.88422,48.86009,48.87431,923,2006,0
2025-10-30 10:30:00,48.87515,48.88899,48.86691,48.88652,769,1908,0
2025-10-30 10:40:00,48.88643,48.89085,48.84412,48.85167,901,2354,0
2025-10-30 10:50:00,48.85168,48.88036,48.84633,48.87937,1053,2322,0
2025-10-30 11:00:00,48.87937,48.89118,48.85926,48.86833,1378,2308,0
2025-10-30 11:10:00,48.86834,48.86881,48.83648,48.84608,1243,1657,0
2025-10-30 11:20:00,48.84611,48.8759,48.84286,48.87083,1055,1657,0
2025-10-30 11:30:00,48.87083,48.87129,48.85457,48.86211,1111,1656,0
2025-10-30 11:40:00,48.86215,48.88019,48.85769,48.87529,964,1655,0
2025-10-30 11:50:00,48.87529,48.89895,48.87333,48.885040000000004,896,1502,0
2025-10-30 12:00:00,48.88548,48.89898,48.87257,48.88944,1142,1819,0
2025-10-30 12:10:00,48.88902,48.90285,48.88505,48.89842,755,1488,0
2025-10-30 12:20:00,48.89846,48.92214,48.89816,48.92206,845,1481,0
2025-10-30 12:30:00,48.92133,48.93393,48.89653,48.90211,753,1502,0
2025-10-30 12:40:00,48.90218,48.90854,48.88674,48.89108,789,1494,0
2025-10-30 12:50:00,48.89108,48.89819,48.86442,48.87213,1135,1501,0
2025-10-30 13:00:00,48.87213,48.89064,48.8693,48.88192,992,1500,0
2025-10-30 13:10:00,48.88192,48.88506,48.8665,48.8784,946,1630,0
2025-10-30 13:20:00,48.87841,48.88273,48.85478,48.85661,896,1805,0
2025-10-30 13:30:00,48.85662,48.87131,48.85263,48.8544,778,2029,0
2025-10-30 13:40:00,48.85442,48.85496,48.83412,48.83412,665,1493,0
2025-10-30 13:50:00,48.83412,48.83564,48.81743,48.82274,885,1697,0
2025-10-30 14:00:00,48.82277,48.83162,48.81281,48.82785,624,1345,0
2025-10-30 14:10:00,48.82743,48.8435,48.82248,48.82856,768,1493,0
2025-10-30 14:20:00,48.82857,48.84355,48.82277,48.82887,739,1390,0
2025-10-30 14:30:00,48.82887,48.84877,48.82551,48.82734,673,1607,0
2025-10-30 14:40:00,48.82692,48.82777,48.80275,48.80581,825,1405,0
2025-10-30 14:50:00,48.80581,48.81343,48.78406,48.79051,767,1275,0
2025-10-30 15:00:00,48.79051,48.79726,48.77957,48.79427,780,1259,0
2025-10-30 15:10:00,48.79427,48.79497,48.75888,48.75972,672,1257,0
2025-10-30 15:20:00,48.75972,48.76363,48.700919999999996,48.71503,848,1268,0
2025-10-30 15:30:00,48.71461,48.7274,48.67878,48.6965,1210,1451,0
2025-10-30 15:40:00,48.6965,48.69809,48.65968,48.66095,1290,1412,0
2025-10-30 15:50:00,48.66137,48.66708,48.61148,48.61854,1549,1375,0
2025-10-30 16:00:00,48.61938,48.62741,48.59094,48.60151,1871,1254,0
2025-10-30 16:10:00,48.60151,48.63839,48.58863,48.6378,1261,1256,0
2025-10-30 16:20:00,48.6378,48.69384,48.63429,48.68501,1112,1256,0
2025-10-30 16:30:00,48.68543,48.70133,48.67214,48.68391,1012,1118,0
2025-10-30 16:40:00,48.68391,48.71355,48.67341,48.68082,1056,1354,0
2025-10-30 16:50:00,48.68082,48.72009,48.68082,48.72009,1527,1502,0
2025-10-30 17:00:00,48.72047,48.75207,48.69666,48.7424,1609,1252,0
2025-10-30 17:10:00,48.74198,48.74619,48.71164,48.72691,1330,1261,0
2025-10-30 17:20:00,48.72691,48.74474,48.71629,48.73004,1211,1259,0
2025-10-30 17:30:00,48.72962,48.74013,48.69924,48.70409,1142,1427,0
2025-10-30 17:40:00,48.70409,48.70572,48.66607,48.6713,1251,1427,0
2025-10-30 17:50:00,48.6713,48.68679,48.66394,48.68679,1456,1357,0
2025-10-30 18:00:00,48.68679,48.69138,48.65785,48.67974,1797,1458,0
2025-10-30 18:10:00,48.67974,48.69787,48.67702,48.69663,1134,1394,0
2025-10-30 18:20:00,48.69663,48.70236,48.68752,48.69149,716,1269,0
2025-10-30 18:30:00,48.69149,48.69149,48.64359,48.64811,674,1257,0
2025-10-30 18:40:00,48.64811,48.66966,48.64337,48.65932,686,1257,0
2025-10-30 18:50:00,48.65932,48.65933,48.6362,48.64934,789,1422,0
2025-10-30 19:00:00,48.64934,48.65061,48.61939,48.62802,1165,1671,0
2025-10-30 19:10:00,48.62802,48.64222,48.61852,48.61859,585,2984,0
2025-10-30 19:20:00,48.61862,48.63684,48.61556,48.62931,864,3624,0
2025-10-30 19:30:00,48.62823,48.64623,48.62312,48.64623,878,3357,0
2025-10-30 19:40:00,48.64623,48.66454,48.64215,48.64916,665,3354,0
2025-10-30 19:50:00,48.64919,48.65777,48.63844,48.6546,876,3388,0
2025-10-30 20:00:00,48.65427,48.65469,48.62948,48.63717,830,4164,0
2025-10-30 20:10:00,48.63717,48.63926,48.61064,48.62617,709,3799,0
2025-10-30 20:20:00,48.62617,48.63752,48.62259,48.63559,554,3922,0
2025-10-30 20:30:00,48.63475,48.63514,48.62186,48.63301,735,4494,0
2025-10-30 20:40:00,48.63301,48.64488,48.62679,48.63626,377,4499,0
2025-10-30 20:50:00,48.63627,48.64061,48.62483,48.63447,612,4801,0
2025-10-30 21:00:00,48.63448,48.64003,48.62551,48.62888,678,4786,0
2025-10-30 21:10:00,48.62888,48.63717,48.62603,48.62942,737,3979,0
2025-10-30 21:20:00,48.62945,48.64483,48.6291,48.64482,659,3868,0
2025-10-30 21:30:00,48.64482,48.65094,48.6407,48.65006,554,4148,0
2025-10-30 21:40:00,48.65006,48.65006,48.61245,48.6182,749,4611,0
2025-10-30 21:50:00,48.61824,48.63173,48.61385,48.61793,580,3852,0
2025-10-30 22:00:00,48.61793,48.63685,48.6147,48.61705,703,3883,0
2025-10-30 22:10:00,48.61663,48.62893,48.61327,48.62696,614,3851,0
2025-10-30 22:20:00,48.62696,48.62919,48.61311,48.62835,502,3848,0
2025-10-30 22:30:00,48.62835,48.633539999999996,48.62792,48.63165,317,3862,0
2025-10-30 22:40:00,48.63165,48.63623,48.6294,48.63497,320,4439,0
2025-10-30 22:50:00,48.63455,48.64158,48.62514,48.62783,338,4830,0
2025-10-30 23:00:00,48.62783,48.64298,48.62658,48.64268,576,3672,0
2025-10-30 23:10:00,48.64227,48.65614,48.6422,48.65355,396,3513,0
2025-10-30 23:20:00,48.65355,48.65355,48.64049,48.64571,516,3934,0
2025-10-30 23:30:00,48.64571,48.65934,48.63153,48.63784,495,4092,0
2025-10-30 23:40:00,48.6217,48.64581,48.62094,48.64581,251,6004,0
2025-10-30 23:50:00,48.64581,48.64943,48.59673,48.60091,348,6001,0
2025-10-31 00:00:00,48.60107,48.60107,48.51296,48.5283,95,8956,0
2025-10-31 00:10:00,48.5283,48.53697,48.52658,48.53604,251,21026,0
2025-10-31 00:20:00,48.53604,48.53604,48.49492,48.50406,135,24993,0
2025-10-31 00:30:00,48.50406,48.51955,48.49323,48.51955,291,23750,0
2025-10-31 00:40:00,48.51955,48.56316,48.49617,48.56177,635,20495,0
2025-10-31 00:50:00,48.56177,48.56785,48.54901,48.56404,369,20107,0
2025-10-31 01:00:00,48.56404,48.639,48.56404,48.6281,807,5491,0
2025-10-31 01:10:00,48.6281,48.633,48.62165,48.62257,383,5482,0
2025-10-31 01:20:00,48.62258,48.628190000000004,48.61543,48.62787,582,6857,0
2025-10-31 01:30:00,48.62789,48.6333,48.62621,48.63035,593,7392,0
2025-10-31 01:40:00,48.63035,48.63035,48.61774,48.62632,548,7468,0
2025-10-31 01:50:00,48.62632,48.63116,48.61636,48.6267,473,6155,0
2025-10-31 02:00:00,48.62626,48.62626,48.58914,48.6049,565,6153,0
2025-10-31 02:10:00,48.6049,48.60555,48.59393,48.59403,472,15154,0
2025-10-31 02:20:00,48.59403,48.5942,48.58565,48.58565,290,16066,0
2025-10-31 02:30:00,48.58565,48.59559,48.58374,48.59404,380,16488,0
2025-10-31 02:40:00,48.59404,48.60561,48.59351,48.60511,258,16636,0
2025-10-31 02:50:00,48.60516,48.62078,48.59712,48.61185,561,12390,0
2025-10-31 03:00:00,48.61192,48.61837,48.5948,48.60671,475,11069,0
2025-10-31 03:10:00,48.60671,48.62022,48.59228,48.59729,346,12296,0
2025-10-31 03:20:00,48.59746,48.62195,48.59746,48.60073,393,12288,0
2025-10-31 03:30:00,48.60073,48.63082,48.60031,48.61665,432,11128,0
2025-10-31 03:40:00,48.61682,48.63212,48.61563,48.63168,553,11278,0
2025-10-31 03:50:00,48.63168,48.64221,48.62204,48.62608,643,11672,0
2025-10-31 04:00:00,48.62608,48.62865,48.6007,48.62394,966,12105,0
2025-10-31 04:10:00,48.62401,48.62707,48.61155,48.61202,988,12790,0
2025-10-31 04:20:00,48.6116,48.63285,48.60868,48.6296,818,12616,0
2025-10-31 04:30:00,48.6296,48.63128,48.61306,48.62623,621,12612,0
2025-10-31 04:40:00,48.62623,48.62751,48.59685,48.60325,833,12618,0
2025-10-31 04:50:00,48.60336,48.6111,48.57713,48.58027,1072,13126,0
2025-10-31 05:00:00,48.58081,48.60425,48.56915,48.58716,661,12602,0
2025-10-31 05:10:00,48.58725,48.61091,48.58721,48.61028,663,13282,0
2025-10-31 05:20:00,48.61028,48.61617,48.60232,48.60787,489,13839,0
2025-10-31 05:30:00,48.60787,48.60875,48.59479,48.59601,483,14185,0
2025-10-31 05:40:00,48.59601,48.60575,48.58471,48.58509,541,12607,0
2025-10-31 05:50:00,48.58509,48.60509,48.58094,48.58174,520,12603,0
2025-10-31 06:00:00,48.58216,48.60508,48.58174,48.60466,368,12605,0
2025-10-31 06:10:00,48.60466,48.6076,48.58004,48.59324,296,12604,0
2025-10-31 06:20:00,48.59324,48.60298,48.58342,48.58385,344,12605,0
2025-10-31 06:30:00,48.58385,48.61037,48.58178,48.60995,248,11070,0
2025-10-31 06:40:00,48.60995,48.60996,48.56708,48.57564,478,11072,0
2025-10-31 06:50:00,48.57564,48.57692,48.56439,48.57,344,12033,0
2025-10-31 07:00:00,48.57,48.58458,48.45874,48.583,504,11132,0
2025-10-31 07:10:00,48.583,48.58844,48.58066,48.58622,500,11132,0
2025-10-31 07:20:00,48.58622,48.6184,48.57927,48.61647,634,11192,0
2025-10-31 07:30:00,48.61647,48.61949,48.60866,48.61886,452,11108,0
2025-10-31 07:40:00,48.61886,48.62148,48.60963,48.60963,427,11630,0
2025-10-31 07:50:00,48.60963,48.61454,48.60451,48.6097,305,12632,0
2025-10-31 08:00:00,48.6097,48.63406,48.6097,48.62485,454,8067,0
2025-10-31 08:10:00,48.62527,48.62719,48.61452,48.6154,492,8321,0
2025-10-31 08:20:00,48.6154,48.62144,48.611580000000004,48.61762,657,6883,0
2025-10-31 08:30:00,48.61762,48.62183,48.5972,48.61922,556,7071,0
2025-10-31 08:40:00,48.6193,48.63704,48.59664,48.60166,630,6129,0
2025-10-31 08:50:00,48.60166,48.61876,48.58615,48.6033,713,6112,0
2025-10-31 09:00:00,48.59457,48.62838,48.59248,48.62159,764,6277,0
2025-10-31 09:10:00,48.62117,48.66373,48.60219,48.66205,745,4376,0
2025-10-31 09:20:00,48.66205,48.67194,48.65497,48.66185,569,4374,0
2025-10-31 09:30:00,48.66185,48.67359,48.65508,48.66435,567,4365,0
2025-10-31 09:40:00,48.66438,48.66489,48.64478,48.64894,797,4735,0
2025-10-31 09:50:00,48.64894,48.65019,48.61471,48.62227,922,4373,0
2025-10-31 10:00:00,48.62275,48.66567,48.62229,48.6512,1280,1431,0
2025-10-31 10:10:00,48.6512,48.6776,48.64833,48.66664,1041,1245,0
2025-10-31 10:20:00,48.66664,48.67833,48.65939,48.67754,881,1572,0
2025-10-31 10:30:00,48.67754,48.68441,48.6711,48.67154,659,1747,0
2025-10-31 10:40:00,48.67155,48.6739,48.6592,48.67112,669,1830,0
2025-10-31 10:50:00,48.67112,48.6922,48.66207,48.688,799,1867,0
2025-10-31 11:00:00,48.688,48.69339,48.66796,48.66898,895,801,0
2025-10-31 11:10:00,48.66898,48.683,48.66767,48.67316,772,1240,0
2025-10-31 11:20:00,48.67316,48.70165,48.6725,48.68354,1017,1173,0
2025-10-31 11:30:00,48.68354,48.69591,48.67874,48.69537,986,1528,0
2025-10-31 11:40:00,48.69538,48.69614,48.67066,48.68713,1037,1461,0
2025-10-31 11:50:00,48.68713,48.68716,48.65416,48.6821,1199,1167,0
2025-10-31 12:00:00,48.68253,48.68594,48.66584,48.68548,953,1168,0
2025-10-31 12:10:00,48.68548,48.69766,48.68046,48.68046,508,1164,0
2025-10-31 12:20:00,48.68046,48.68133,48.66818,48.672579999999996,704,1600,0
2025-10-31 12:30:00,48.67259,48.68115,48.6689,48.6784,716,1609,0
2025-10-31 12:40:00,48.6784,48.69024,48.6659,48.67167,846,1163,0
2025-10-31 12:50:00,48.67167,48.715,48.66208,48.71275,796,1164,0
2025-10-31 13:00:00,48.71233,48.71283,48.68317,48.68875,651,1168,0
2025-10-31 13:10:00,48.68875,48.69974,48.68129,48.68129,447,1420,0
2025-10-31 13:20:00,48.68171,48.69037,48.67545,48.68326,805,1549,0
2025-10-31 13:30:00,48.68328,48.68361,48.67321,48.67563,851,1473,0
2025-10-31 13:40:00,48.67563,48.69147,48.67412,48.69105,680,1163,0
2025-10-31 13:50:00,48.69107,48.69228,48.68054,48.68562,790,1163,0
2025-10-31 14:00:00,48.68585,48.70531,48.68585,48.69452,705,1167,0
2025-10-31 14:10:00,48.69452,48.70375,48.688,48.70166,433,1009,0
2025-10-31 14:20:00,48.70166,48.70166,48.68468,48.69319,319,994,0
2025-10-31 14:30:00,48.69319,48.69446,48.65839,48.65931,443,1019,0
2025-10-31 14:40:00,48.66015,48.66845,48.63732,48.66638,482,1119,0
2025-10-31 14:50:00,48.66638,48.67945,48.66596,48.66913,588,1138,0
2025-10-31 15:00:00,48.66871,48.66871,48.62999,48.63739,667,1200,0
2025-10-31 15:10:00,48.63739,48.64911,48.61191,48.62208,738,1099,0
2025-10-31 15:20:00,48.62208,48.64452,48.61598,48.64422,560,942,0
2025-10-31 15:30:00,48.64422,48.64463,48.62283,48.62992,845,939,0
2025-10-31 15:40:00,48.62992,48.63928,48.61905,48.63045,796,739,0
2025-10-31 15:50:00,48.63046,48.63531,48.61653,48.62464,774,953,0
2025-10-31 16:00:00,48.62422,48.62506,48.59717,48.6127,945,952,0
2025-10-31 16:10:00,48.6127,48.62425,48.59761,48.59762,909,1001,0
2025-10-31 16:20:00,48.59764,48.61372,48.58809,48.59588,763,941,0
2025-10-31 16:30:00,48.59589,48.59756,48.56974,48.57228,769,939,0
2025-10-31 16:40:00,48.57228,48.57228,48.51584,48.54154,1085,940,0
2025-10-31 16:50:00,48.54196,48.56741,48.53706,48.55154,978,948,0
2025-10-31 17:00:00,48.55112,48.56696,48.53289,48.53809,1191,1331,0
2025-10-31 17:10:00,48.53809,48.54319,48.51813,48.52313,924,1283,0
2025-10-31 17:20:00,48.52313,48.52314,48.48271,48.49108,1093,1256,0
2025-10-31 17:30:00,48.49108,48.5277,48.48533,48.52679,1004,1045,0
2025-10-31 17:40:00,48.52679,48.54211,48.51156,48.51355,981,986,0
2025-10-31 17:50:00,48.51355,48.54525,48.51047,48.53418,801,1065,0
2025-10-31 18:00:00,48.53376,48.53993,48.4973,48.51867,827,966,0
2025-10-31 18:10:00,48.51867,48.52565,48.50439,48.52061,636,973,0
2025-10-31 18:20:00,48.52019,48.53447,48.50246,48.51314,826,970,0
2025-10-31 18:30:00,48.51314,48.51649,48.49833,48.50864,910,1078,0
2025-10-31 18:40:00,48.50864,48.51318,48.49061,48.50391,1144,1025,0
2025-10-31 18:50:00,48.50475,48.5691,48.50391,48.55765,1720,1105,0
2025-10-31 19:00:00,48.55773,48.55773,48.51541,48.52109,1523,1384,0
2025-10-31 19:10:00,48.52151,48.53376,48.49726,48.49726,1165,3082,0
2025-10-31 19:20:00,48.49726,48.52718,48.49726,48.51535,739,3082,0
2025-10-31 19:30:00,48.51537,48.53458,48.51454,48.52351,869,3085,0
2025-10-31 19:40:00,48.51804,48.52015,48.50242,48.51121,632,3846,0
2025-10-31 19:50:00,48.51121,48.51736,48.5014,48.50533,773,3110,0
2025-10-31 20:00:00,48.50533,48.50656,48.48277,48.49202,753,3110,0
2025-10-31 20:10:00,48.4921,48.49275,48.47179,48.47449,602,3391,0
2025-10-31 20:20:00,48.47449,48.47848,48.46344,48.47557,757,3408,0
2025-10-31 20:30:00,48.47557,48.49408,48.47555,48.48636,611,3412,0
2025-10-31 20:40:00,48.48636,48.48848,48.47296,48.47923,1038,3416,0
2025-10-31 20:50:00,48.47923,48.49372,48.47461,48.47839,660,3406,0
2025-10-31 21:00:00,48.47839,48.48509,48.46473,48.4678,928,3867,0
2025-10-31 21:10:00,48.46657,48.47903,48.46298,48.47903,650,3408,0
2025-10-31 21:20:00,48.47903,48.48744,48.47233,48.47783,492,3404,0
2025-10-31 21:30:00,48.47783,48.47878,48.46469,48.47309,656,3688,0
2025-10-31 21:40:00,48.47309,48.47957,48.45968,48.47957,469,3688,0
2025-10-31 21:50:00,48.47961,48.48925,48.47772,48.47908,742,3402,0
2025-10-31 22:00:00,48.48035,48.48797,48.47247,48.48249,557,3676,0
2025-10-31 22:10:00,48.48252,48.49338,48.47763,48.488,655,3406,0
2025-10-31 22:20:00,48.48806,48.50991,48.48637,48.5099,600,3400,0
2025-10-31 22:30:00,48.5099,48.51197,48.50193,48.50463,452,3400,0
2025-10-31 22:40:00,48.50463,48.50954,48.48457,48.48792,398,3949,0
2025-10-31 22:50:00,48.48792,48.49428,48.47618,48.4829,773,3866,0
2025-10-31 23:00:00,48.48253,48.49817,48.47925,48.49733,610,3280,0
2025-10-31 23:10:00,48.49733,48.50659,48.49005,48.49006,258,3279,0
2025-10-31 23:20:00,48.49006,48.51248,48.48963,48.50637,624,4089,0
2025-10-31 23:30:00,48.50637,48.51452,48.49861,48.51122,721,3449,0
2025-10-31 23:40:00,48.51122,48.51122,48.49123,48.50485,227,3449,0
2025-10-31 23:50:00,48.50114,48.52631,48.49409,48.50547,322,6005,0
2025-11-03 00:00:00,48.44792,48.48888,48.44277,48.48012,127,12201,0
2025-11-03 00:10:00,48.48012,48.48998,48.47504,48.48751,90,11729,0
2025-11-03 00:20:00,48.48751,48.48796,48.48709,48.48796,29,11626,0
2025-11-03 00:30:00,48.48796,48.49462,48.48608,48.48776,73,10973,0
2025-11-03 00:40:00,48.48776,48.49446,48.47225,48.47517,625,11586,0
2025-11-03 00:50:00,48.47517,48.502,48.47382,48.49433,1223,11309,0
2025-11-03 01:00:00,48.49433,48.53394,48.49433,48.53299,806,7421,0
2025-11-03 01:10:00,48.53299,48.53965,48.52192,48.52658,535,7455,0
2025-11-03 01:20:00,48.52743,48.52827,48.5059,48.51452,549,7583,0
2025-11-03 01:30:00,48.51452,48.5231,48.50281,48.50579,885,5647,0
2025-11-03 01:40:00,48.50579,48.51873,48.50285,48.51043,535,5651,0
2025-11-03 01:50:00,48.51043,48.5117,48.48403,48.49244,818,6158,0
2025-11-03 02:00:00,48.49244,48.50577,48.49054,48.50401,815,5541,0
2025-11-03 02:10:00,48.50401,48.5045,48.48643,48.48681,443,5535,0
2025-11-03 02:20:00,48.48681,48.50705,48.47444,48.50326,405,6805,0
2025-11-03 02:30:00,48.50368,48.50866,48.49843,48.50056,245,6064,0
2025-11-03 02:40:00,48.50056,48.51015,48.47816,48.48476,741,5386,0
2025-11-03 02:50:00,48.48475,48.496,48.47906,48.49162,684,6223,0
2025-11-03 03:00:00,48.49162,48.49303,48.45889,48.46445,569,6108,0
2025-11-03 03:10:00,48.46445,48.50036,48.46318,48.49868,469,6247,0
2025-11-03 03:20:00,48.49868,48.5038,48.49287,48.49366,442,6237,0
2025-11-03 03:30:00,48.49365,48.50376,48.48056,48.49769,576,6225,0
2025-11-03 03:40:00,48.49769,48.50542,48.4897,48.50303,342,6223,0
2025-11-03 03:50:00,48.50274,48.50768,48.49717,48.50191,476,6209,0
2025-11-03 04:00:00,48.50191,48.52125,48.49896,48.51896,461,6218,0
2025-11-03 04:10:00,48.51895,48.52317,48.50525,48.51228,711,6599,0
2025-11-03 04:20:00,48.5123,48.51833,48.50882,48.51432,552,7789,0
2025-11-03 04:30:00,48.51432,48.51907,48.50981,48.51654,521,6235,0
2025-11-03 04:40:00,48.51654,48.52895,48.51538,48.52881,249,6214,0
2025-11-03 04:50:00,48.52881,48.52922,48.51001,48.51427,645,6307,0
2025-11-03 05:00:00,48.51427,48.52321,48.50573,48.50992,560,6216,0
2025-11-03 05:10:00,48.50992,48.52469,48.50852,48.51818,342,6213,0
2025-11-03 05:20:00,48.51842,48.52434,48.49431,48.49609,358,6214,0
2025-11-03 05:30:00,48.49615,48.51533,48.49438,48.51177,765,6464,0
2025-11-03 05:40:00,48.51178,48.51251,48.49894,48.50199,819,6866,0
2025-11-03 05:50:00,48.50199,48.51856,48.50157,48.50997,642,7030,0
2025-11-03 06:00:00,48.50997,48.5355,48.50955,48.53466,385,6230,0
2025-11-03 06:10:00,48.53466,48.53738,48.52734,48.52846,527,6231,0
2025-11-03 06:20:00,48.52846,48.53122,48.51948,48.51977,352,7218,0
2025-11-03 06:30:00,48.51976,48.52104,48.50867,48.51766,288,7522,0
2025-11-03 06:40:00,48.51766,48.51801,48.51184,48.514,235,7778,0
2025-11-03 06:50:00,48.514,48.51649,48.506569999999996,48.51606,220,7922,0
2025-11-03 07:00:00,48.51606,48.51857,48.50993,48.51077,263,8014,0
2025-11-03 07:10:00,48.51077,48.51721,48.50769,48.51636,238,8064,0
2025-11-03 07:20:00,48.51636,48.52095,48.51415,48.5195,151,8117,0
2025-11-03 07:30:00,48.5195,48.52605,48.51485,48.52001,302,8163,0
2025-11-03 07:40:00,48.52001,48.53991,48.52001,48.5255,642,6784,0
2025-11-03 07:50:00,48.5255,48.53445,48.52137,48.52355,507,6475,0
2025-11-03 08:00:00,48.52355,48.54225,48.5218,48.53672,582,5978,0
2025-11-03 08:10:00,48.53672,48.54101,48.52348,48.53504,325,5977,0
2025-11-03 08:20:00,48.53504,48.54118,48.53481,48.53875,576,5978,0
2025-11-03 08:30:00,48.53875,48.5516,48.53827,48.54648,575,6833,0
2025-11-03 08:40:00,48.54648,48.55859,48.53374,48.55708,462,7027,0
2025-11-03 08:50:00,48.55708,48.57142,48.51794,48.51794,736,5061,0
2025-11-03 09:00:00,48.51794,48.59355,48.5171,48.55209,1131,1589,0
2025-11-03 09:10:00,48.55212,48.55655,48.52728,48.54726,922,1373,0
2025-11-03 09:20:00,48.54727,48.55506,48.53671,48.55264,916,1443,0
2025-11-03 09:30:00,48.55264,48.57267,48.54095,48.56955,1751,1248,0
2025-11-03 09:40:00,48.56955,48.57417,48.55558,48.56527,739,1246,0
2025-11-03 09:50:00,48.56527,48.57221,48.55432,48.56982,1185,1473,0
2025-11-03 10:00:00,48.57005,48.57184,48.52588,48.52588,1062,1623,0
2025-11-03 10:10:00,48.52588,48.53103,48.50872,48.50914,828,804,0
2025-11-03 10:20:00,48.50911,48.51735,48.50328,48.50871,931,1374,0
2025-11-03 10:30:00,48.50871,48.51416,48.47299,48.47383,835,1357,0
2025-11-03 10:40:00,48.47383,48.47933,48.44882,48.45273,961,1541,0
2025-11-03 10:50:00,48.45274,48.45728,48.43942,48.45629,1021,1545,0
2025-11-03 11:00:00,48.45629,48.47047,48.44727,48.46702,1057,1192,0
2025-11-03 11:10:00,48.46705,48.48123,48.44857,48.47265,832,1135,0
2025-11-03 11:20:00,48.47265,48.48021,48.43542,48.44313,820,740,0
2025-11-03 11:30:00,48.44313,48.48911,48.43528,48.47399,896,953,0
2025-11-03 11:40:00,48.474,48.47649,48.45787,48.46906,625,1144,0
2025-11-03 11:50:00,48.46906,48.4699,48.44444,48.45774,856,1180,0
2025-11-03 12:00:00,48.45774,48.47276,48.4346,48.43545,968,1187,0
2025-11-03 12:10:00,48.43672,48.45579,48.42991,48.44192,649,1258,0
2025-11-03 12:20:00,48.44192,48.48002,48.436,48.46575,942,1445,0
2025-11-03 12:30:00,48.46575,48.47563,48.45852,48.46469,913,1179,0
2025-11-03 12:40:00,48.46469,48.4734,48.45817,48.46127,886,1143,0
2025-11-03 12:50:00,48.46211,48.46525,48.45388,48.45617,612,1144,0
2025-11-03 13:00:00,48.45617,48.46339,48.44916,48.46339,653,1143,0
2025-11-03 13:10:00,48.46344,48.47927,48.46243,48.47789,813,1187,0
2025-11-03 13:20:00,48.47789,48.48303,48.46641,48.46976,550,1142,0
2025-11-03 13:30:00,48.46976,48.47141,48.45863,48.46381,509,1142,0
2025-11-03 13:40:00,48.46381,48.46633,48.45088,48.46309,622,1143,0
2025-11-03 13:50:00,48.46309,48.46627,48.45414,48.45534,482,1144,0
2025-11-03 14:00:00,48.45534,48.46227,48.45534,48.46126,453,1166,0
2025-11-03 14:10:00,48.46127,48.47567,48.45972,48.47564,580,1164,0
2025-11-03 14:20:00,48.47564,48.48256,48.47387,48.47781,465,1032,0
2025-11-03 14:30:00,48.47781,48.49022,48.46786,48.48423,546,1019,0
2025-11-03 14:40:00,48.48423,48.48599,48.47445,48.48298,536,1072,0
2025-11-03 14:50:00,48.48298,48.48717,48.46184,48.46266,575,966,0
2025-11-03 15:00:00,48.4614,48.46191,48.44015,48.44499,776,1070,0
2025-11-03 15:10:00,48.44541,48.44985,48.43383,48.43834,533,958,0
2025-11-03 15:20:00,48.43834,48.43834,48.41184,48.41626,758,946,0
2025-11-03 15:30:00,48.41627,48.44386,48.41626,48.43709,826,1128,0
2025-11-03 15:40:00,48.43709,48.43709,48.4199,48.42612,723,958,0
2025-11-03 15:50:00,48.42612,48.43504,48.41016,48.43297,804,926,0
2025-11-03 16:00:00,48.43297,48.44046,48.41603,48.42409,997,942,0
2025-11-03 16:10:00,48.42409,48.42726,48.41353,48.4164,588,928,0
2025-11-03 16:20:00,48.4164,48.43969,48.41465,48.418,883,945,0
2025-11-03 16:30:00,48.418,48.43063,48.40718,48.42309,857,822,0
2025-11-03 16:40:00,48.42297,48.425,48.40868,48.41308,899,1008,0
2025-11-03 16:50:00,48.41309,48.43999,48.4069,48.42368,988,933,0
2025-11-03 17:00:00,48.42326,48.4784,48.42326,48.46661,1607,1191,0
2025-11-03 17:10:00,48.46577,48.47308,48.4529,48.4715,1026,970,0
2025-11-03 17:20:00,48.4715,48.4715,48.42537,48.42684,937,929,0
2025-11-03 17:30:00,48.42684,48.44634,48.41113,48.42415,862,924,0
2025-11-03 17:40:00,48.42415,48.46074,48.42011,48.46032,678,948,0
2025-11-03 17:50:00,48.46032,48.48835,48.45154,48.48827,914,1068,0
2025-11-03 18:00:00,48.48827,48.50373,48.47209,48.49497,949,1197,0
2025-11-03 18:10:00,48.49539,48.50507,48.47916,48.50465,554,1197,0
2025-11-03 18:20:00,48.50465,48.51551,48.49304,48.50058,689,1200,0
2025-11-03 18:30:00,48.50058,48.50708,48.49651,48.50202,784,1417,0
2025-11-03 18:40:00,48.50202,48.511,48.4978,48.50529,576,1377,0
2025-11-03 18:50:00,48.50529,48.51238,48.50057,48.51093,707,1376,0
2025-11-03 19:00:00,48.51093,48.51093,48.48157,48.487,756,1759,0
2025-11-03 19:10:00,48.48704,48.52648,48.48699,48.51224,858,3198,0
2025-11-03 19:20:00,48.51224,48.52647,48.51132,48.51272,680,3610,0
2025-11-03 19:30:00,48.51272,48.51532,48.50179,48.50707,801,3211,0
2025-11-03 19:40:00,48.50707,48.50782,48.48684,48.48922,815,3206,0
2025-11-03 19:50:00,48.48922,48.49415,48.47294,48.47626,529,3488,0
2025-11-03 20:00:00,48.47629,48.49927,48.47629,48.49127,676,3202,0
2025-11-03 20:10:00,48.49085,48.49169,48.47377,48.48224,509,3201,0
2025-11-03 20:20:00,48.48224,48.48224,48.45855,48.46476,567,3203,0
2025-11-03 20:30:00,48.46476,48.47677,48.45579,48.46332,488,3200,0
2025-11-03 20:40:00,48.46331,48.46741,48.45255,48.45743,672,3211,0
2025-11-03 20:50:00,48.45747,48.47059,48.45624,48.46481,514,3268,0
2025-11-03 21:00:00,48.46481,48.4728,48.4473,48.44834,597,3500,0
2025-11-03 21:10:00,48.44834,48.45787,48.44326,48.45242,493,4101,0
2025-11-03 21:20:00,48.45242,48.46416,48.44602,48.46119,657,3291,0
2025-11-03 21:30:00,48.46119,48.46203,48.4442,48.45526,457,3289,0
2025-11-03 21:40:00,48.45526,48.45778,48.45077,48.45628,455,3290,0
2025-11-03 21:50:00,48.45628,48.46504,48.45446,48.45945,463,3848,0
2025-11-03 22:00:00,48.45945,48.47439,48.45883,48.46968,355,4223,0
2025-11-03 22:10:00,48.46968,48.46968,48.45994,48.46552,442,4170,0
2025-11-03 22:20:00,48.46552,48.46567,48.4513,48.45536,633,3300,0
2025-11-03 22:30:00,48.45536,48.46078,48.44823,48.44864,377,2129,0
2025-11-03 22:40:00,48.44864,48.45336,48.4453,48.44936,292,3980,0
2025-11-03 22:50:00,48.44936,48.45196,48.44491,48.45189,315,4258,0
2025-11-03 23:00:00,48.45191,48.45191,48.44336,48.45027,604,3183,0
2025-11-03 23:10:00,48.45027,48.45504,48.44419,48.45482,427,3358,0
2025-11-03 23:20:00,48.45486,48.45667,48.43957,48.44556,564,3166,0
2025-11-03 23:30:00,48.44559,48.45916,48.44353,48.45913,311,3245,0
2025-11-03 23:40:00,48.45913,48.45913,48.44207,48.44388,93,3767,0
2025-11-03 23:50:00,48.44388,48.44838,48.43163,48.43163,250,5959,0
2025-11-04 00:00:00,48.36685,48.45949,48.36685,48.45907,84,11647,0
2025-11-04 00:10:00,48.45907,48.46294,48.44704,48.45569,182,11389,0
2025-11-04 00:20:00,48.45569,48.45768,48.44466,48.44928,103,11126,0
2025-11-04 00:30:00,48.44928,48.45456,48.44183,48.45414,131,10833,0
2025-11-04 00:40:00,48.45414,48.45555,48.45204,48.45555,164,10828,0
2025-11-04 00:50:00,48.45555,48.45555,48.45345,48.45512,116,10815,0
2025-11-04 01:00:00,48.45512,48.48226,48.45512,48.47182,629,5273,0
2025-11-04 01:10:00,48.47182,48.47363,48.46778,48.47034,430,5996,0
2025-11-04 01:20:00,48.47034,48.47276,48.46303,48.47276,345,6201,0
2025-11-04 01:30:00,48.47276,48.47684,48.47059,48.47329,546,5437,0
2025-11-04 01:40:00,48.47332,48.47604,48.46228,48.46722,444,5644,0
2025-11-04 01:50:00,48.46725,48.46947,48.46518,48.46518,291,6222,0
2025-11-04 02:00:00,48.46518,48.46806,48.41708,48.42737,713,5120,0
2025-11-04 02:10:00,48.42737,48.43196,48.41772,48.4218,420,4894,0
2025-11-04 02:20:00,48.42264,48.42496,48.41452,48.41492,502,4947,0
2025-11-04 02:30:00,48.41492,48.42703,48.41156,48.42123,484,5476,0
2025-11-04 02:40:00,48.42123,48.42407,48.41445,48.41872,372,6178,0
2025-11-04 02:50:00,48.41872,48.4287,48.41566,48.41882,462,6429,0
2025-11-04 03:00:00,48.41882,48.41992,48.40087,48.40248,391,6432,0
2025-11-04 03:10:00,48.40248,48.41792,48.3957,48.41327,529,6522,0
2025-11-04 03:20:00,48.41327,48.41619,48.37302,48.38271,523,6573,0
2025-11-04 03:30:00,48.38271,48.41046,48.38062,48.40588,782,4946,0
2025-11-04 03:40:00,48.40588,48.42892,48.40451,48.42493,533,4945,0
2025-11-04 03:50:00,48.42492,48.43713,48.41466,48.43671,459,4487,0
2025-11-04 04:00:00,48.43671,48.43752,48.42155,48.43054,328,4485,0
2025-11-04 04:10:00,48.43053,48.43216,48.40911,48.41398,625,4636,0
2025-11-04 04:20:00,48.41398,48.42548,48.4091,48.42548,541,5513,0
2025-11-04 04:30:00,48.42548,48.4441,48.42548,48.43191,435,5154,0
2025-11-04 04:40:00,48.43191,48.43356,48.42164,48.42547,421,5161,0
2025-11-04 04:50:00,48.42547,48.44058,48.41264,48.44058,539,4478,0
2025-11-04 05:00:00,48.44058,48.45152,48.43803,48.44449,401,4480,0
2025-11-04 05:10:00,48.44449,48.45795,48.44445,48.4569,597,4280,0
2025-11-04 05:20:00,48.45648,48.46002,48.45096,48.45578,400,5601,0
2025-11-04 05:30:00,48.45578,48.46035,48.44331,48.44869,612,6078,0
2025-11-04 05:40:00,48.44869,48.45141,48.43999,48.4404,243,6316,0
2025-11-04 05:50:00,48.4404,48.4429,48.43676,48.4404,213,6454,0
2025-11-04 06:00:00,48.4404,48.44203,48.43465,48.43506,145,6543,0
2025-11-04 06:10:00,48.43506,48.43991,48.43205,48.43945,135,6604,0
2025-11-04 06:20:00,48.44029,48.4449,48.42979,48.43125,254,6649,0
2025-11-04 06:30:00,48.43125,48.45063,48.43125,48.45063,280,6683,0
2025-11-04 06:40:00,48.45063,48.45818,48.43285,48.43369,184,6723,0
2025-11-04 06:50:00,48.43369,48.43786,48.42304,48.42388,211,6742,0
2025-11-04 07:00:00,48.42346,48.42932,48.41793,48.419200000000004,331,6761,0
2025-11-04 07:10:00,48.419200000000004,48.42287,48.41783,48.41949,225,6777,0
2025-11-04 07:20:00,48.41949,48.43659,48.41564,48.43659,509,5254,0
2025-11-04 07:30:00,48.43617,48.44406,48.43167,48.4338,411,5248,0
2025-11-04 07:40:00,48.4338,48.44376,48.42583,48.4429,606,4485,0
2025-11-04 07:50:00,48.4429,48.45177,48.43368,48.44452,354,4484,0
2025-11-04 08:00:00,48.44452,48.45168,48.42836,48.44833,550,4477,0
2025-11-04 08:10:00,48.44833,48.46371,48.44592,48.46054,593,4464,0
2025-11-04 08:20:00,48.46054,48.50302,48.45979,48.50236,1105,4698,0
2025-11-04 08:30:00,48.50278,48.50485,48.472409999999996,48.47902,837,4698,0
2025-11-04 08:40:00,48.4786,48.50578,48.47812,48.50115,600,4462,0
2025-11-04 08:50:00,48.50115,48.50375,48.48279,48.49947,557,4452,0
2025-11-04 09:00:00,48.49947,48.56123,48.49947,48.55696,1118,2117,0
2025-11-04 09:10:00,48.55696,48.56619,48.54663,48.55742,1044,1348,0
2025-11-04 09:20:00,48.55742,48.56025,48.54552,48.5524,813,1356,0
2025-11-04 09:30:00,48.5524,48.55696,48.5308,48.54056,1227,1490,0
2025-11-04 09:40:00,48.54056,48.57189,48.53999,48.54404,948,796,0
2025-11-04 09:50:00,48.54404,48.55249,48.52909,48.53559,1124,1080,0
2025-11-04 10:00:00,48.53517,48.54947,48.51863,48.52998,1268,1080,0
2025-11-04 10:10:00,48.52998,48.55284,48.52822,48.54688,1186,1204,0
2025-11-04 10:20:00,48.54688,48.5492,48.532939999999996,48.54543,970,1079,0
2025-11-04 10:30:00,48.54543,48.55045,48.52279,48.52301,969,1078,0
2025-11-04 10:40:00,48.52303,48.53692,48.50082,48.51136,782,1078,0
2025-11-04 10:50:00,48.51136,48.51575,48.4897,48.49355,836,1077,0
2025-11-04 11:00:00,48.49355,48.50016,48.48458,48.49512,658,1076,0
2025-11-04 11:10:00,48.49512,48.50395,48.47743,48.48171,737,1480,0
2025-11-04 11:20:00,48.48174,48.48738,48.45799,48.4739,1083,1260,0
2025-11-04 11:30:00,48.47391,48.48904,48.46769,48.48734,832,1078,0
2025-11-04 11:40:00,48.48692,48.48776,48.46472,48.4691,673,1078,0
2025-11-04 11:50:00,48.46912,48.4696,48.42795,48.43375,1049,1383,0
2025-11-04 12:00:00,48.43375,48.46946,48.42546,48.46031,1085,1073,0
2025-11-04 12:10:00,48.46031,48.47003,48.45512,48.45855,657,1073,0
2025-11-04 12:20:00,48.45813,48.46282,48.44749,48.45436,626,1074,0
2025-11-04 12:30:00,48.45436,48.47134,48.45024,48.46908,699,1192,0
2025-11-04 12:40:00,48.46908,48.47384,48.46032,48.46034,636,1184,0
2025-11-04 12:50:00,48.46034,48.46034,48.44039,48.44508,521,1298,0
2025-11-04 13:00:00,48.44457,48.45468,48.44056,48.44062,670,1183,0
2025-11-04 13:10:00,48.44062,48.45295,48.43086,48.44158,645,1322,0
2025-11-04 13:20:00,48.44158,48.45463,48.43916,48.44633,743,1189,0
2025-11-04 13:30:00,48.44637,48.45604,48.42566,48.42795,799,1231,0
2025-11-04 13:40:00,48.42794,48.42873,48.40847,48.41319,682,1272,0
2025-11-04 13:50:00,48.41319,48.41362,48.38353,48.38728,1086,1484,0
2025-11-04 14:00:00,48.3873,48.40009,48.37843,48.39207,646,1058,0
2025-11-04 14:10:00,48.39207,48.40438,48.38254,48.38543,583,1043,0
2025-11-04 14:20:00,48.38543,48.38714,48.35333,48.36011,744,1044,0
2025-11-04 14:30:00,48.36011,48.36167,48.33725,48.36167,743,862,0
2025-11-04 14:40:00,48.36167,48.37052,48.35328,48.36661,751,863,0
2025-11-04 14:50:00,48.36661,48.38692,48.36393,48.3853,765,1152,0
2025-11-04 15:00:00,48.3853,48.40625,48.3819,48.39623,756,866,0
2025-11-04 15:10:00,48.39623,48.40621,48.38977,48.39808,653,865,0
2025-11-04 15:20:00,48.3985,48.40941,48.38651,48.39951,538,1229,0
2025-11-04 15:30:00,48.39951,48.40606,48.39161,48.40603,703,1100,0
2025-11-04 15:40:00,48.40603,48.42057,48.40603,48.41374,661,852,0
2025-11-04 15:50:00,48.41374,48.41964,48.39624,48.39919,624,852,0
2025-11-04 16:00:00,48.39919,48.4134,48.38217,48.38432,735,999,0
2025-11-04 16:10:00,48.38433,48.38783,48.35667,48.36008,657,851,0
2025-11-04 16:20:00,48.36008,48.3605,48.33745,48.3437,722,851,0
2025-11-04 16:30:00,48.3437,48.34818,48.32436,48.33107,871,855,0
2025-11-04 16:40:00,48.33107,48.35309,48.31849,48.34511,965,764,0
2025-11-04 16:50:00,48.34511,48.36837,48.34511,48.35246,627,876,0
2025-11-04 17:00:00,48.35162,48.36048,48.32491,48.35457,851,926,0
2025-11-04 17:10:00,48.35458,48.35705,48.33716,48.34734,858,996,0
2025-11-04 17:20:00,48.34734,48.35904,48.3446,48.34959,755,887,0
2025-11-04 17:30:00,48.34959,48.38564,48.34874,48.38072,843,874,0
2025-11-04 17:40:00,48.38072,48.38343,48.36308,48.37822,859,972,0
2025-11-04 17:50:00,48.37822,48.39999,48.37487,48.39673,872,1017,0
2025-11-04 18:00:00,48.39673,48.40255,48.38713,48.39216,716,1162,0
2025-11-04 18:10:00,48.39216,48.41796,48.38999,48.41377,801,967,0
2025-11-04 18:20:00,48.41377,48.41546,48.39691,48.40361,633,1126,0
2025-11-04 18:30:00,48.40361,48.40847,48.3934,48.39885,606,1306,0
2025-11-04 18:40:00,48.39885,48.39932,48.38426,48.38878,577,1450,0
2025-11-04 18:50:00,48.38878,48.3888,48.37552,48.38328,548,1492,0
2025-11-04 19:00:00,48.38412,48.38412,48.34214,48.35472,802,1580,0
2025-11-04 19:10:00,48.35477,48.35965,48.32508,48.34619,813,3431,0
2025-11-04 19:20:00,48.34619,48.355,48.34537,48.35165,621,3461,0
2025-11-04 19:30:00,48.35165,48.35165,48.33163,48.33431,872,3606,0
2025-11-04 19:40:00,48.33431,48.34414,48.32995,48.33782,780,3985,0
2025-11-04 19:50:00,48.33787,48.3526,48.33787,48.34279,490,3546,0
2025-11-04 20:00:00,48.34282,48.3508,48.33224,48.34371,714,3556,0
2025-11-04 20:10:00,48.34371,48.34625,48.33228,48.33399,392,3568,0
2025-11-04 20:20:00,48.33399,48.35525,48.33399,48.34897,478,3443,0
2025-11-04 20:30:00,48.34897,48.35117,48.33543,48.34418,435,3456,0
2025-11-04 20:40:00,48.34418,48.35668,48.34292,48.34661,513,3457,0
2025-11-04 20:50:00,48.34661,48.34744,48.33779,48.34273,401,4154,0
2025-11-04 21:00:00,48.34273,48.34743,48.33914,48.34629,364,4509,0
2025-11-04 21:10:00,48.34629,48.35558,48.34461,48.35007,254,4636,0
2025-11-04 21:20:00,48.35007,48.35315,48.33713,48.33797,555,3444,0
2025-11-04 21:30:00,48.33797,48.33797,48.32267,48.32308,481,3442,0
2025-11-04 21:40:00,48.32308,48.33229,48.3198,48.32276,739,3454,0
2025-11-04 21:50:00,48.32276,48.34524,48.32177,48.3343,676,3545,0
2025-11-04 22:00:00,48.33431,48.33588,48.31649,48.32313,615,3748,0
2025-11-04 22:10:00,48.32313,48.33516,48.32072,48.33474,339,4051,0
2025-11-04 22:20:00,48.33474,48.33474,48.32772,48.3335,308,4426,0
2025-11-04 22:30:00,48.3335,48.34227,48.33041,48.34,307,3003,0
2025-11-04 22:40:00,48.34003,48.34961,48.33031,48.33047,746,3837,0
2025-11-04 22:50:00,48.33047,48.34094,48.32328,48.33841,457,3546,0
2025-11-04 23:00:00,48.33841,48.34558,48.32366,48.33146,703,3545,0
2025-11-04 23:10:00,48.33148,48.34045,48.33148,48.33494,497,3740,0
2025-11-04 23:20:00,48.33495,48.33524,48.32579,48.32868,362,4532,0
2025-11-04 23:30:00,48.32868,48.3402,48.32867,48.33624,270,4576,0
2025-11-04 23:40:00,48.33624,48.33624,48.32272,48.32566,162,4790,0
2025-11-04 23:50:00,48.32566,48.32894,48.051,48.05498,329,6430,0
2025-11-05 00:00:00,48.27884,48.29919,48.27751,48.29012,105,12276,0
2025-11-05 00:10:00,48.29012,48.2963,48.28907,48.2963,82,12999,0
2025-11-05 00:20:00,48.2963,48.30245,48.29308,48.29448,153,12155,0
2025-11-05 00:30:00,48.29448,48.30156,48.29206,48.30069,204,12031,0
2025-11-05 00:40:00,48.30069,48.30863,48.29959,48.3016,460,12032,0
2025-11-05 00:50:00,48.3016,48.31631,48.30073,48.30833,325,12032,0
2025-11-05 01:00:00,48.30833,48.33408,48.30833,48.32845,620,7042,0
2025-11-05 01:10:00,48.32845,48.33511,48.32761,48.33506,227,7677,0
2025-11-05 01:20:00,48.33506,48.33587,48.33205,48.33396,276,7957,0
2025-11-05 01:30:00,48.33396,48.33396,48.32961,48.33297,137,8116,0
2025-11-05 01:40:00,48.33297,48.34239,48.33154,48.34239,380,6779,0
2025-11-05 01:50:00,48.34239,48.3463,48.34094,48.34315,294,6767,0
2025-11-05 02:00:00,48.34315,48.34939,48.33005,48.33868,666,5188,0
2025-11-05 02:10:00,48.33868,48.34629,48.33511,48.34537,540,3784,0
2025-11-05 02:20:00,48.34537,48.35112,48.33115,48.35074,615,5068,0
2025-11-05 02:30:00,48.35074,48.35454,48.3397,48.35157,654,4996,0
2025-11-05 02:40:00,48.35157,48.35421,48.33338,48.35029,705,5068,0
2025-11-05 02:50:00,48.35032,48.35263,48.32441,48.35232,981,4977,0
2025-11-05 03:00:00,48.35232,48.35681,48.33125,48.33127,925,4882,0
2025-11-05 03:10:00,48.33127,48.35113,48.32364,48.3425,964,5750,0
2025-11-05 03:20:00,48.34253,48.37028,48.3416,48.36073,973,5710,0
2025-11-05 03:30:00,48.36073,48.39537,48.35944,48.39454,842,5922,0
2025-11-05 03:40:00,48.39454,48.40554,48.37626,48.39345,860,5286,0
2025-11-05 03:50:00,48.39391,48.3945,48.37368,48.37791,634,4739,0
2025-11-05 04:00:00,48.37791,48.38718,48.35451,48.37111,679,4739,0
2025-11-05 04:10:00,48.37111,48.37235,48.35572,48.36726,396,4738,0
2025-11-05 04:20:00,48.36726,48.37101,48.35875,48.3696,371,4738,0
2025-11-05 04:30:00,48.36967,48.38411,48.36449,48.3666,535,5419,0
2025-11-05 04:40:00,48.36674,48.37486,48.35316,48.37147,453,4737,0
2025-11-05 04:50:00,48.37147,48.37964,48.35984,48.3611,335,4736,0
2025-11-05 05:00:00,48.3611,48.38948,48.35984,48.38512,426,4737,0
2025-11-05 05:10:00,48.38512,48.38512,48.37116,48.3755,346,4740,0
2025-11-05 05:20:00,48.3755,48.38125,48.37031,48.37103,467,3519,0
2025-11-05 05:30:00,48.37101,48.37248,48.35343,48.37206,486,4738,0
2025-11-05 05:40:00,48.37248,48.37851,48.35344,48.3721,595,4737,0
2025-11-05 05:50:00,48.3721,48.37464,48.35011,48.37464,397,4737,0
2025-11-05 06:00:00,48.37464,48.37776,48.35609,48.37692,383,4738,0
2025-11-05 06:10:00,48.37692,48.37825,48.35943,48.36777,288,4739,0
2025-11-05 06:20:00,48.36777,48.37979,48.36261,48.37831,205,4739,0
2025-11-05 06:30:00,48.37789,48.38426,48.36369,48.38384,310,4739,0
2025-11-05 06:40:00,48.38384,48.38902,48.36733,48.36847,296,4861,0
2025-11-05 06:50:00,48.36852,48.3792,48.36852,48.37777,527,5491,0
2025-11-05 07:00:00,48.37777,48.37978,48.3687,48.37137,482,5519,0
2025-11-05 07:10:00,48.37137,48.3816,48.36729,48.37138,361,6007,0
2025-11-05 07:20:00,48.37148,48.38424,48.36799,48.38255,671,5337,0
2025-11-05 07:30:00,48.3826,48.38813,48.37015,48.37881,559,5457,0
2025-11-05 07:40:00,48.37881,48.3857,48.37216,48.38233,573,4856,0
2025-11-05 07:50:00,48.38233,48.38736,48.37135,48.37497,507,4857,0
2025-11-05 08:00:00,48.37497,48.38076,48.36047,48.36907,519,4856,0
2025-11-05 08:10:00,48.36907,48.38776,48.36251,48.38227,461,4850,0
2025-11-05 08:20:00,48.38227,48.40324,48.36852,48.40156,2462,4853,0
2025-11-05 08:30:00,48.40163,48.40434,48.39129,48.40138,1045,5098,0
2025-11-05 08:40:00,48.4014,48.40441,48.36421,48.37569,663,4964,0
2025-11-05 08:50:00,48.37569,48.39932,48.37569,48.39369,367,4460,0
2025-11-05 09:00:00,48.39369,48.40725,48.39308,48.39778,763,2090,0
2025-11-05 09:10:00,48.39778,48.41134,48.38976,48.39033,784,1845,0
2025-11-05 09:20:00,48.39033,48.40123,48.38954,48.39931,448,2211,0
2025-11-05 09:30:00,48.39931,48.42474,48.39463,48.42132,743,1609,0
2025-11-05 09:40:00,48.42133,48.42356,48.40619,48.41919,593,1299,0
2025-11-05 09:50:00,48.41919,48.41963,48.40399,48.40399,539,1225,0
2025-11-05 10:00:00,48.40441,48.43723,48.39656,48.4364,1052,1420,0
2025-11-05 10:10:00,48.4364,48.4364,48.41092,48.41306,657,2097,0
2025-11-05 10:20:00,48.41308,48.42268,48.40745,48.42188,904,1406,0
2025-11-05 10:30:00,48.42189,48.43452,48.41622,48.42643,697,931,0
2025-11-05 10:40:00,48.42643,48.42816,48.40716,48.41251,1007,1488,0
2025-11-05 10:50:00,48.41209,48.43329,48.40661,48.40746,977,1303,0
2025-11-05 11:00:00,48.40788,48.42749,48.39328,48.42175,853,1228,0
2025-11-05 11:10:00,48.42175,48.42303,48.40643,48.40697,378,1227,0
2025-11-05 11:20:00,48.40697,48.41059,48.39686,48.40858,730,1258,0
2025-11-05 11:30:00,48.40858,48.41363,48.39311,48.40363,544,1230,0
2025-11-05 11:40:00,48.40363,48.40363,48.3851,48.38634,459,1256,0
2025-11-05 11:50:00,48.38646,48.39373,48.38042,48.39269,614,1432,0
2025-11-05 12:00:00,48.3927,48.39466,48.35986,48.37398,938,1604,0
2025-11-05 12:10:00,48.37399,48.3753,48.35518,48.35718,596,1357,0
2025-11-05 12:20:00,48.35718,48.37098,48.35211,48.3686,588,1740,0
2025-11-05 12:30:00,48.3686,48.3764,48.36599,48.3763,362,2230,0
2025-11-05 12:40:00,48.3763,48.39149,48.372,48.37385,775,1568,0
2025-11-05 12:50:00,48.37429,48.38926,48.37257,48.37637,769,1301,0
2025-11-05 13:00:00,48.37637,48.38422,48.36841,48.36947,691,1278,0
2025-11-05 13:10:00,48.36947,48.38727,48.36348,48.38727,494,1226,0
2025-11-05 13:20:00,48.38727,48.40628,48.38328,48.40271,623,1983,0
2025-11-05 13:30:00,48.40231,48.40666,48.39554,48.40554,687,1430,0
2025-11-05 13:40:00,48.40596,48.40705,48.39871,48.40245,637,1254,0
2025-11-05 13:50:00,48.40287,48.40823,48.39783,48.40403,623,1227,0
2025-11-05 14:00:00,48.40403,48.41516,48.40072,48.41132,609,1077,0
2025-11-05 14:10:00,48.41132,48.41901,48.4077,48.41642,646,1116,0
2025-11-05 14:20:00,48.41642,48.41848,48.4025,48.4025,570,1005,0
2025-11-05 14:30:00,48.4025,48.40603,48.39561,48.39769,723,1077,0
2025-11-05 14:40:00,48.39769,48.4159,48.3936,48.3953,749,1023,0
2025-11-05 14:50:00,48.3953,48.41063,48.39388,48.40902,842,1005,0
2025-11-05 15:00:00,48.40859,48.41831,48.40413,48.41168,756,1004,0
2025-11-05 15:10:00,48.41168,48.41168,48.36024,48.37813,1009,1005,0
2025-11-05 15:20:00,48.37855,48.39649,48.37519,48.38627,723,1049,0
2025-11-05 15:30:00,48.38627,48.38627,48.35964,48.36615,640,1013,0
2025-11-05 15:40:00,48.36615,48.37192,48.34491,48.34533,837,944,0
2025-11-05 15:50:00,48.34491,48.35874,48.32888,48.33191,910,1093,0
2025-11-05 16:00:00,48.33192,48.33956,48.31171,48.33447,832,1004,0
2025-11-05 16:10:00,48.33489,48.37251,48.33447,48.36744,560,816,0
2025-11-05 16:20:00,48.36786,48.37413,48.35614,48.37081,603,1093,0
2025-11-05 16:30:00,48.37165,48.38851,48.36647,48.3806,694,905,0
2025-11-05 16:40:00,48.38062,48.39246,48.36389,48.3868,811,1135,0
2025-11-05 16:50:00,48.3868,48.41178,48.37652,48.37778,939,1149,0
2025-11-05 17:00:00,48.35125,48.36258,48.30029,48.34411,2028,1059,0
2025-11-05 17:10:00,48.34411,48.38353,48.33443,48.36498,1357,1003,0
2025-11-05 17:20:00,48.36498,48.38923,48.35614,48.38509,1144,1004,0
2025-11-05 17:30:00,48.38467,48.39221,48.34524,48.35881,910,1055,0
2025-11-05 17:40:00,48.35839,48.36255,48.33848,48.35288,849,1137,0
2025-11-05 17:50:00,48.35288,48.36254,48.34103,48.35192,788,1141,0
2025-11-05 18:00:00,48.35192,48.35481,48.3164,48.33174,1059,1195,0
2025-11-05 18:10:00,48.33174,48.34712,48.32678,48.33939,696,1076,0
2025-11-05 18:20:00,48.33939,48.36129,48.331,48.35688,653,1373,0
2025-11-05 18:30:00,48.35688,48.35688,48.33821,48.34788,545,1386,0
2025-11-05 18:40:00,48.34788,48.35963,48.3395,48.35855,662,1658,0
2025-11-05 18:50:00,48.35898,48.37766,48.35771,48.36489,788,1683,0
2025-11-05 19:00:00,48.36489,48.36489,48.34132,48.34721,1051,2157,0
2025-11-05 19:10:00,48.34722,48.35487,48.3403,48.3403,593,3842,0
2025-11-05 19:20:00,48.3403,48.34521,48.33631,48.34156,369,4390,0
2025-11-05 19:30:00,48.34156,48.34156,48.32578,48.32811,326,4645,0
2025-11-05 19:40:00,48.32811,48.33791,48.32183,48.3281,718,3850,0
2025-11-05 19:50:00,48.3281,48.34422,48.32488,48.33959,525,3903,0
2025-11-05 20:00:00,48.33959,48.35014,48.32898,48.3479,477,3897,0
2025-11-05 20:10:00,48.3479,48.35313,48.33448,48.35102,419,3907,0
2025-11-05 20:20:00,48.35102,48.35102,48.33279,48.33569,481,3904,0
2025-11-05 20:30:00,48.33569,48.34411,48.32989,48.34243,544,3904,0
2025-11-05 20:40:00,48.34243,48.34285,48.32759,48.33646,392,3903,0
2025-11-05 20:50:00,48.33646,48.3381,48.32832,48.33617,396,3902,0
2025-11-05 21:00:00,48.33621,48.35101,48.33561,48.34434,586,4020,0
2025-11-05 21:10:00,48.34434,48.34591,48.33529,48.33853,271,4311,0
2025-11-05 21:20:00,48.33852,48.34855,48.33618,48.34771,224,4719,0
2025-11-05 21:30:00,48.34771,48.3513,48.34557,48.35039,155,4901,0
2025-11-05 21:40:00,48.35038,48.35318,48.34763,48.34926,172,4958,0
2025-11-05 21:50:00,48.34926,48.36556,48.34459,48.3545,478,4397,0
2025-11-05 22:00:00,48.35452,48.38122,48.35452,48.3808,599,3842,0
2025-11-05 22:10:00,48.3808,48.38379,48.37741,48.37824,409,3843,0
2025-11-05 22:20:00,48.37823,48.38256,48.36969,48.37338,273,4525,0
2025-11-05 22:30:00,48.37338,48.37776,48.36994,48.37096,267,4821,0
2025-11-05 22:40:00,48.37098,48.37672,48.3635,48.36883,622,4376,0
2025-11-05 22:50:00,48.36883,48.37491,48.36178,48.36346,703,3874,0
2025-11-05 23:00:00,48.36346,48.38417,48.36141,48.38417,359,3671,0
2025-11-05 23:10:00,48.38417,48.38479,48.38059,48.38393,370,3673,0
2025-11-05 23:20:00,48.38392,48.39023,48.37609,48.38015,390,4401,0
2025-11-05 23:30:00,48.38015,48.39177,48.37973,48.39028,569,3672,0
2025-11-05 23:40:00,48.37779,48.38501,48.3742,48.37799,127,6335,0
2025-11-05 23:50:00,48.37799,48.38792,48.25471,48.38035,402,6355,0
2025-11-06 00:00:00,48.38272,48.44421,48.38272,48.44421,100,9860,0
2025-11-06 00:10:00,48.44421,48.44596,48.4375,48.44034,166,13205,0
2025-11-06 00:20:00,48.44034,48.4484,48.44034,48.4484,80,12933,0
2025-11-06 00:30:00,48.4484,48.44922,48.43902,48.44787,123,12933,0
2025-11-06 00:40:00,48.44787,48.4496,48.44618,48.44829,195,12941,0
2025-11-06 00:50:00,48.44829,48.4496,48.44454,48.44749,241,12943,0
2025-11-06 01:00:00,48.44749,48.47677,48.44749,48.47269,639,7213,0
2025-11-06 01:10:00,48.47269,48.4797,48.47219,48.47686,499,8104,0
2025-11-06 01:20:00,48.47686,48.47959,48.47519,48.47599,202,8795,0
2025-11-06 01:30:00,48.47599,48.47892,48.47456,48.47658,167,9050,0
2025-11-06 01:40:00,48.47658,48.47998,48.47345,48.47956,148,9186,0
2025-11-06 01:50:00,48.47956,48.48357,48.47688,48.47928,123,9264,0
2025-11-06 02:00:00,48.47928,48.47928,48.42107,48.43548,518,9320,0
2025-11-06 02:10:00,48.43549,48.44652,48.43425,48.44303,426,12183,0
2025-11-06 02:20:00,48.44303,48.45108,48.44244,48.45054,434,12710,0
2025-11-06 02:30:00,48.45054,48.49489,48.4501,48.46476,376,8377,0
2025-11-06 02:40:00,48.46476,48.48058,48.46214,48.48057,282,11922,0
2025-11-06 02:50:00,48.48015,48.48015,48.46882,48.47597,408,12064,0
2025-11-06 03:00:00,48.4764,48.49911,48.47597,48.49088,456,12139,0
2025-11-06 03:10:00,48.49088,48.49755,48.48405,48.49497,337,12775,0
2025-11-06 03:20:00,48.49497,48.50418,48.4903,48.50417,329,12052,0
2025-11-06 03:30:00,48.50422,48.51346,48.50208,48.50676,538,11094,0
2025-11-06 03:40:00,48.50676,48.51087,48.50001,48.50122,484,11287,0
2025-11-06 03:50:00,48.50122,48.50834,48.49512,48.49697,523,12058,0
2025-11-06 04:00:00,48.497,48.50779,48.49321,48.50542,550,11413,0
2025-11-06 04:10:00,48.50542,48.50704,48.49101,48.49703,539,10740,0
2025-11-06 04:20:00,48.49703,48.50612,48.49167,48.49209,656,10718,0
2025-11-06 04:30:00,48.49209,48.50094,48.47388,48.48142,471,10647,0
2025-11-06 04:40:00,48.48142,48.49218,48.47419,48.4882,428,10645,0
2025-11-06 04:50:00,48.4882,48.49452,48.47092,48.49416,472,10648,0
2025-11-06 05:00:00,48.49416,48.49458,48.47319,48.49101,402,10653,0
2025-11-06 05:10:00,48.49101,48.5026,48.47562,48.49485,298,10652,0
2025-11-06 05:20:00,48.49485,48.50492,48.48561,48.49895,314,10658,0
2025-11-06 05:30:00,48.49895,48.50121,48.4853,48.49774,360,10658,0
2025-11-06 05:40:00,48.49773,48.50429,48.48816,48.49856,471,10662,0
2025-11-06 05:50:00,48.49856,48.50632,48.48713,48.4929,312,10662,0
2025-11-06 06:00:00,48.49308,48.50592,48.48547,48.50132,392,10660,0
2025-11-06 06:10:00,48.50132,48.51045,48.49598,48.49598,224,10660,0
2025-11-06 06:20:00,48.49598,48.50104,48.47851,48.49044,488,10657,0
2025-11-06 06:30:00,48.49057,48.50087,48.47984,48.4965,230,9925,0
2025-11-06 06:40:00,48.4965,48.498,48.47949,48.49527,227,9919,0
2025-11-06 06:50:00,48.49527,48.50316,48.48816,48.50316,310,9920,0
2025-11-06 07:00:00,48.50316,48.52504,48.49752,48.51355,377,6668,0
2025-11-06 07:10:00,48.51355,48.52588,48.5052,48.51759,526,6672,0
2025-11-06 07:20:00,48.51759,48.5346,48.51736,48.53283,436,6670,0
2025-11-06 07:30:00,48.53283,48.53547,48.51607,48.52982,584,6670,0
2025-11-06 07:40:00,48.5299,48.53312,48.51344,48.51386,333,6664,0
2025-11-06 07:50:00,48.51386,48.5457,48.51344,48.54509,651,6672,0
2025-11-06 08:00:00,48.54509,48.55839,48.51952,48.55338,553,6649,0
2025-11-06 08:10:00,48.55338,48.5555,48.52886,48.53595,521,6646,0
2025-11-06 08:20:00,48.53595,48.54222,48.52291,48.53269,489,7739,0
2025-11-06 08:30:00,48.53269,48.53942,48.5191,48.52809,444,6629,0
2025-11-06 08:40:00,48.52809,48.53119,48.50441,48.50443,388,5406,0
2025-11-06 08:50:00,48.50443,48.53714,48.50443,48.53671,650,6624,0
2025-11-06 09:00:00,48.53672,48.5723,48.53672,48.56958,1951,2670,0
2025-11-06 09:10:00,48.56958,48.58221,48.56365,48.57731,2085,2256,0
2025-11-06 09:20:00,48.57731,48.58988,48.57118,48.58324,874,2143,0
2025-11-06 09:30:00,48.58325,48.59229,48.56956,48.58171,1537,2091,0
2025-11-06 09:40:00,48.58171,48.58393,48.56669,48.57578,696,1938,0
2025-11-06 09:50:00,48.57578,48.58354,48.57113,48.57207,502,1898,0
2025-11-06 10:00:00,48.57249,48.60496,48.57207,48.58857,809,1912,0
2025-11-06 10:10:00,48.58857,48.59159,48.57653,48.59159,413,1997,0
2025-11-06 10:20:00,48.59159,48.59173,48.58222,48.58676,500,2099,0
2025-11-06 10:30:00,48.58676,48.58676,48.55997,48.56662,655,1944,0
2025-11-06 10:40:00,48.56662,48.57586,48.55929,48.57586,590,2330,0
2025-11-06 10:50:00,48.57586,48.63396,48.57495,48.62315,1124,2387,0
2025-11-06 11:00:00,48.62315,48.636,48.6134,48.61608,1135,2308,0
2025-11-06 11:10:00,48.61609,48.61686,48.59275,48.59338,863,1940,0
2025-11-06 11:20:00,48.59338,48.60491,48.58685,48.60145,610,1852,0
2025-11-06 11:30:00,48.60145,48.60946,48.59591,48.59816,497,1841,0
2025-11-06 11:40:00,48.59774,48.60818,48.59402,48.59702,721,1452,0
2025-11-06 11:50:00,48.59788,48.59944,48.58354,48.59351,643,1992,0
2025-11-06 12:00:00,48.59351,48.59351,48.58101,48.59126,778,2009,0
2025-11-06 12:10:00,48.59126,48.60461,48.58799,48.5992,788,2043,0
2025-11-06 12:20:00,48.5992,48.60738,48.59528,48.6004,607,1834,0
2025-11-06 12:30:00,48.6004,48.60939,48.59171,48.60025,458,1835,0
2025-11-06 12:40:00,48.60025,48.60779,48.5908,48.5908,578,2532,0
2025-11-06 12:50:00,48.5908,48.59758,48.583709999999996,48.58505,824,1925,0
2025-11-06 13:00:00,48.58464,48.59657,48.58362,48.5915,603,1756,0
2025-11-06 13:10:00,48.5915,48.60146,48.58772,48.59597,863,1756,0
2025-11-06 13:20:00,48.596,48.6038,48.5909,48.59946,467,2441,0
2025-11-06 13:30:00,48.59946,48.61931,48.59523,48.61459,843,1785,0
2025-11-06 13:40:00,48.61459,48.62948,48.61208,48.62044,719,1782,0
2025-11-06 13:50:00,48.62044,48.62795,48.60893,48.62584,446,1777,0
2025-11-06 14:00:00,48.62584,48.63706,48.59906,48.62798,1256,1762,0
2025-11-06 14:10:00,48.62798,48.64535,48.62425,48.63665,657,1403,0
2025-11-06 14:20:00,48.63665,48.63699,48.62008,48.62093,578,1679,0
2025-11-06 14:30:00,48.62093,48.64672,48.61851,48.64261,599,1658,0
2025-11-06 14:40:00,48.64261,48.65632,48.641,48.65294,371,1682,0
2025-11-06 14:50:00,48.65294,48.6797,48.65207,48.67141,879,1686,0
2025-11-06 15:00:00,48.67141,48.69574,48.66357,48.68143,971,1648,0
2025-11-06 15:10:00,48.68143,48.68549,48.67192,48.67488,593,1420,0
2025-11-06 15:20:00,48.67446,48.68917,48.66951,48.67968,797,1682,0
2025-11-06 15:30:00,48.67968,48.71461,48.67674,48.70856,1070,1569,0
2025-11-06 15:40:00,48.70856,48.72319,48.70133,48.71778,833,1371,0
2025-11-06 15:50:00,48.71778,48.71955,48.67933,48.68321,900,1696,0
2025-11-06 16:00:00,48.68321,48.68704,48.67204,48.68496,852,1687,0
2025-11-06 16:10:00,48.68622,48.69053,48.66643,48.66659,835,1562,0
2025-11-06 16:20:00,48.66701,48.66917,48.64558,48.66133,862,1563,0
2025-11-06 16:30:00,48.66133,48.66782,48.64907,48.64953,784,1507,0
2025-11-06 16:40:00,48.64953,48.64997,48.62922,48.64297,844,1571,0
2025-11-06 16:50:00,48.64297,48.64303,48.62158,48.62327,740,1551,0
2025-11-06 17:00:00,48.62327,48.64846,48.61713,48.64027,1008,1552,0
2025-11-06 17:10:00,48.64027,48.67057,48.63344,48.66902,857,1431,0
2025-11-06 17:20:00,48.66734,48.68271,48.66037,48.67116,831,1677,0
2025-11-06 17:30:00,48.67116,48.67581,48.62619,48.64697,980,1669,0
2025-11-06 17:40:00,48.64697,48.67915,48.63773,48.67584,975,1641,0
2025-11-06 17:50:00,48.67584,48.71735,48.66902,48.70472,1196,1533,0
2025-11-06 18:00:00,48.70473,48.70666,48.67093,48.67181,1086,1916,0
2025-11-06 18:10:00,48.67181,48.69157,48.66883,48.68827,849,1903,0
2025-11-06 18:20:00,48.68827,48.69501,48.68016,48.68743,909,2373,0
2025-11-06 18:30:00,48.68743,48.70444,48.67718,48.70444,693,2412,0
2025-11-06 18:40:00,48.70444,48.70528,48.67916,48.70293,545,3099,0
2025-11-06 18:50:00,48.70293,48.70308,48.67495,48.68447,637,3183,0
2025-11-06 19:00:00,48.68441,48.68441,48.66316,48.67363,854,3330,0
2025-11-06 19:10:00,48.67363,48.68395,48.66293,48.6795,796,6531,0
2025-11-06 19:20:00,48.6795,48.6846,48.63061,48.64409,809,6456,0
2025-11-06 19:30:00,48.64409,48.68175,48.64409,48.67974,1004,5358,0
2025-11-06 19:40:00,48.67974,48.68747,48.66528,48.67052,993,5138,0
2025-11-06 19:50:00,48.67052,48.68361,48.66808,48.67489,392,5138,0
2025-11-06 20:00:00,48.67489,48.69464,48.66857,48.6934,739,6162,0
2025-11-06 20:10:00,48.6934,48.70604,48.68837,48.69334,973,5331,0
2025-11-06 20:20:00,48.69334,48.69963,48.68773,48.68891,629,5143,0
2025-11-06 20:30:00,48.68891,48.71145,48.68891,48.70466,525,5143,0
2025-11-06 20:40:00,48.70466,48.71823,48.70381,48.71275,697,5142,0
2025-11-06 20:50:00,48.71275,48.72287,48.70252,48.70539,722,5142,0
2025-11-06 21:00:00,48.70477,48.71008,48.69893,48.70967,755,6463,0
2025-11-06 21:10:00,48.70967,48.71952,48.70967,48.71516,527,5769,0
2025-11-06 21:20:00,48.71517,48.72374,48.71067,48.72104,615,5494,0
2025-11-06 21:30:00,48.72104,48.72955,48.70568,48.70569,699,5440,0
2025-11-06 21:40:00,48.70569,48.70915,48.69189,48.69652,366,5350,0
2025-11-06 21:50:00,48.69652,48.7015,48.68628,48.69602,480,5363,0
2025-11-06 22:00:00,48.69579,48.7036,48.69225,48.69968,280,5680,0
2025-11-06 22:10:00,48.69969,48.71052,48.69899,48.70934,421,6159,0
2025-11-06 22:20:00,48.70934,48.70952,48.68722,48.6885,322,5936,0
2025-11-06 22:30:00,48.6885,48.69615,48.6885,48.69317,293,5911,0
2025-11-06 22:40:00,48.69317,48.70359,48.69317,48.69561,350,6113,0
2025-11-06 22:50:00,48.69561,48.70313,48.69351,48.69586,1368,6583,0
2025-11-06 23:00:00,48.69806,48.70268,48.68198,48.68582,1494,6937,0
2025-11-06 23:10:00,48.68582,48.70911,48.6846,48.70762,579,6640,0
2025-11-06 23:20:00,48.70763,48.71015,48.70148,48.70163,581,6104,0
2025-11-06 23:30:00,48.70163,48.70323,48.68818,48.69085,610,6102,0
2025-11-06 23:40:00,48.69085,48.69457,48.68025,48.69415,205,7048,0
2025-11-06 23:50:00,48.69413,48.69623,48.66781,48.68323,285,8375,0
2025-11-07 00:00:00,48.65474,48.67864,48.51682,48.63251,113,10405,0
2025-11-07 00:10:00,48.63253,48.712180000000004,48.63253,48.69384,188,16786,0
2025-11-07 00:20:00,48.69426,48.70877,48.69383,48.70151,406,16281,0
2025-11-07 00:30:00,48.70193,48.71549,48.70108,48.71128,320,16360,0
2025-11-07 00:40:00,48.71128,48.71846,48.70412,48.71494,1191,16260,0
2025-11-07 00:50:00,48.71494,48.72094,48.688,48.6931,1152,16258,0
2025-11-07 01:00:00,48.6931,48.75029,48.6931,48.74818,218,10511,0
2025-11-07 01:10:00,48.74818,48.75278,48.74306,48.75271,392,10509,0
2025-11-07 01:20:00,48.7527,48.76083,48.74254,48.75535,252,10516,0
2025-11-07 01:30:00,48.75535,48.75577,48.73322,48.75365,358,10520,0
2025-11-07 01:40:00,48.75365,48.75365,48.73787,48.74454,272,10521,0
2025-11-07 01:50:00,48.74473,48.75323,48.73366,48.7362,240,10512,0
2025-11-07 02:00:00,48.7362,48.7553,48.73235,48.74133,506,10231,0
2025-11-07 02:10:00,48.74133,48.74639,48.72051,48.72051,367,10232,0
2025-11-07 02:20:00,48.72051,48.73669,48.70531,48.72064,370,10229,0
2025-11-07 02:30:00,48.72064,48.73794,48.71937,48.73033,332,7195,0
2025-11-07 02:40:00,48.73031,48.73486,48.71426,48.72114,689,7478,0
2025-11-07 02:50:00,48.72114,48.73437,48.71143,48.73226,582,7181,0
2025-11-07 03:00:00,48.73226,48.73226,48.69806,48.71676,630,7180,0
2025-11-07 03:10:00,48.71718,48.72267,48.70432,48.71022,918,10325,0
2025-11-07 03:20:00,48.71022,48.72106,48.70635,48.71619,658,11497,0
2025-11-07 03:30:00,48.7171,48.7343,48.70778,48.73089,799,10296,0
2025-11-07 03:40:00,48.73132,48.73255,48.71147,48.71262,609,10289,0
2025-11-07 03:50:00,48.71261,48.71747,48.7104,48.71558,603,11082,0
2025-11-07 04:00:00,48.71558,48.72839,48.71066,48.72806,434,11386,0
2025-11-07 04:10:00,48.72811,48.73359,48.71919,48.7222,605,10406,0
2025-11-07 04:20:00,48.72178,48.7272,48.71792,48.71792,561,10781,0
2025-11-07 04:30:00,48.71792,48.72276,48.7144,48.71859,334,11721,0
2025-11-07 04:40:00,48.71859,48.71992,48.70916,48.71022,417,12101,0
2025-11-07 04:50:00,48.71022,48.713,48.70826,48.71207,552,12291,0
2025-11-07 05:00:00,48.71251,48.71628,48.69109,48.69701,744,12397,0
2025-11-07 05:10:00,48.69701,48.702,48.69248,48.69537,700,11585,0
2025-11-07 05:20:00,48.69538,48.7055,48.68981,48.70516,498,10305,0
2025-11-07 05:30:00,48.70516,48.70657,48.68982,48.70657,320,10304,0
2025-11-07 05:40:00,48.70661,48.71724,48.70661,48.7112,525,10659,0
2025-11-07 05:50:00,48.7112,48.71667,48.71071,48.71634,456,10857,0
2025-11-07 06:00:00,48.71634,48.71634,48.7042,48.70798,438,11687,0
2025-11-07 06:10:00,48.70799,48.70891,48.70138,48.70643,334,11954,0
2025-11-07 06:20:00,48.70643,48.70647,48.69041,48.69817,342,12112,0
2025-11-07 06:30:00,48.69817,48.7161,48.69817,48.7112,456,9712,0
2025-11-07 06:40:00,48.71123,48.71342,48.70694,48.71342,487,9582,0
2025-11-07 06:50:00,48.71351,48.72396,48.71308,48.71528,405,8758,0
2025-11-07 07:00:00,48.71528,48.72372,48.71335,48.71684,563,6783,0
2025-11-07 07:10:00,48.71726,48.72787,48.71707,48.72031,405,6806,0
2025-11-07 07:20:00,48.72031,48.72988,48.71476,48.72904,457,6291,0
2025-11-07 07:30:00,48.72904,48.73663,48.7141,48.71452,238,6290,0
2025-11-07 07:40:00,48.71452,48.72836,48.71212,48.71212,376,6283,0
2025-11-07 07:50:00,48.71212,48.72508,48.70317,48.71774,422,6278,0
2025-11-07 08:00:00,48.71778,48.72123,48.69468,48.70515,552,6261,0
2025-11-07 08:10:00,48.7052,48.72417,48.69917,48.7153,534,6256,0
2025-11-07 08:20:00,48.7153,48.7153,48.68388,48.69984,540,6256,0
2025-11-07 08:30:00,48.69984,48.71239,48.69312,48.7085,383,6246,0
2025-11-07 08:40:00,48.7085,48.71678,48.6927,48.70503,558,6239,0
2025-11-07 08:50:00,48.70503,48.7099,48.69916,48.70002,687,6236,0
2025-11-07 09:00:00,48.70002,48.73004,48.70002,48.73004,704,2438,0
2025-11-07 09:10:00,48.72962,48.73662,48.72289,48.73605,964,1237,0
2025-11-07 09:20:00,48.73565,48.74652,48.73527,48.73869,668,1675,0
2025-11-07 09:30:00,48.73869,48.74477,48.72376,48.72766,315,1463,0
2025-11-07 09:40:00,48.72766,48.73243,48.72211,48.72697,867,1580,0
2025-11-07 09:50:00,48.72698,48.7398,48.72529,48.7309,884,1660,0
2025-11-07 10:00:00,48.7309,48.75444,48.71728,48.75402,888,1712,0
2025-11-07 10:10:00,48.75402,48.75994,48.74268,48.75117,797,1990,0
2025-11-07 10:20:00,48.75117,48.76746,48.75111,48.75599,875,1530,0
2025-11-07 10:30:00,48.75599,48.76043,48.7469,48.75533,780,1441,0
2025-11-07 10:40:00,48.75577,48.75683,48.74411,48.7454,614,1494,0
2025-11-07 10:50:00,48.7454,48.75892,48.738,48.75554,530,1484,0
2025-11-07 11:00:00,48.75512,48.76575,48.74398,48.74878,580,1485,0
2025-11-07 11:10:00,48.74878,48.76248,48.7414,48.75963,637,1884,0
2025-11-07 11:20:00,48.75964,48.76172,48.75249,48.7565,599,1469,0
2025-11-07 11:30:00,48.7565,48.76325,48.7531,48.75606,340,1467,0
2025-11-07 11:40:00,48.75606,48.77016,48.75202,48.76926,428,1432,0
2025-11-07 11:50:00,48.76926,48.77809,48.758070000000004,48.758070000000004,764,1606,0
2025-11-07 12:00:00,48.75766,48.78185,48.75408,48.77896,660,2307,0
2025-11-07 12:10:00,48.77896,48.79243,48.77896,48.79243,809,1077,0
2025-11-07 12:20:00,48.79244,48.80556,48.79117,48.80315,647,1432,0
2025-11-07 12:30:00,48.80315,48.80894,48.79359,48.80129,764,1433,0
2025-11-07 12:40:00,48.80129,48.80966,48.79794,48.80579,439,1432,0
2025-11-07 12:50:00,48.8058,48.821039999999996,48.80162,48.813,687,1433,0
2025-11-07 13:00:00,48.81258,48.82379,48.81004,48.81806,459,1433,0
2025-11-07 13:10:00,48.81806,48.83315,48.81045,48.83315,849,1434,0
2025-11-07 13:20:00,48.83315,48.84893,48.83204,48.84601,484,1434,0
2025-11-07 13:30:00,48.84601,48.85744,48.84292,48.84999,518,1462,0
2025-11-07 13:40:00,48.84999,48.85087,48.83049,48.84657,697,1661,0
2025-11-07 13:50:00,48.84657,48.85632,48.83655,48.84502,515,2355,0
2025-11-07 14:00:00,48.8446,48.8547,48.839,48.84922,715,1441,0
2025-11-07 14:10:00,48.84922,48.87848,48.8484,48.87706,701,1311,0
2025-11-07 14:20:00,48.87706,48.88249,48.86183,48.86324,554,1212,0
2025-11-07 14:30:00,48.86324,48.86324,48.83813,48.84197,848,1341,0
2025-11-07 14:40:00,48.84197,48.85459,48.84109,48.84736,587,1190,0
2025-11-07 14:50:00,48.84736,48.85455,48.83201,48.8408,633,1188,0
2025-11-07 15:00:00,48.84123,48.87418,48.84123,48.86131,951,1248,0
2025-11-07 15:10:00,48.86131,48.88973,48.86131,48.88973,705,1116,0
2025-11-07 15:20:00,48.88932,48.90031,48.8843,48.89145,778,1296,0
2025-11-07 15:30:00,48.89145,48.89545,48.87035,48.88302,1233,1189,0
2025-11-07 15:40:00,48.88302,48.90255,48.87794,48.87794,1020,1190,0
2025-11-07 15:50:00,48.87794,48.90268,48.8733,48.89597,742,1189,0
2025-11-07 16:00:00,48.89597,48.91706,48.88714,48.9147,1042,1189,0
2025-11-07 16:10:00,48.9147,48.92406,48.90618,48.9107,740,1191,0
2025-11-07 16:20:00,48.9107,48.92472,48.90734,48.91882,586,1220,0
2025-11-07 16:30:00,48.91883,48.92187,48.9089,48.9131,946,1279,0
2025-11-07 16:40:00,48.9131,48.93103,48.90665,48.92695,910,1086,0
2025-11-07 16:50:00,48.92695,48.94366,48.90217,48.90302,1005,1256,0
2025-11-07 17:00:00,48.90091,48.989959999999996,48.90091,48.97507,1258,1189,0
2025-11-07 17:10:00,48.97549,48.98044,48.95491,48.96336,1006,1189,0
2025-11-07 17:20:00,48.96336,48.97282,48.95992,48.96287,880,1291,0
2025-11-07 17:30:00,48.96287,48.9937,48.95847,48.97166,769,1284,0
2025-11-07 17:40:00,48.97166,48.97267,48.94134,48.95678,707,1266,0
2025-11-07 17:50:00,48.95678,48.96094,48.90925,48.911,1004,1301,0
2025-11-07 18:00:00,48.91057,48.93441,48.90886,48.92531,829,1318,0
2025-11-07 18:10:00,48.92531,48.94873,48.92529,48.9271,585,1479,0
2025-11-07 18:20:00,48.9271,48.95193,48.92641,48.95012,590,1788,0
2025-11-07 18:30:00,48.95055,48.95182,48.93016,48.93608,503,1818,0
2025-11-07 18:40:00,48.93608,48.93788,48.92551,48.93618,432,2330,0
2025-11-07 18:50:00,48.93618,48.9493,48.92607,48.92737,448,2392,0
2025-11-07 19:00:00,48.92737,48.92737,48.90038,48.90722,812,2799,0
2025-11-07 19:10:00,48.90722,48.90914,48.88475,48.88557,771,5061,0
2025-11-07 19:20:00,48.88557,48.90271,48.88557,48.90144,987,5531,0
2025-11-07 19:30:00,48.90144,48.9041,48.88908,48.90293,1335,5603,0
2025-11-07 19:40:00,48.90293,48.91818,48.9009,48.90928,1395,3989,0
2025-11-07 19:50:00,48.9093,48.92195,48.9093,48.91318,1503,4468,0
2025-11-07 20:00:00,48.91318,48.94003,48.91318,48.93363,499,4297,0
2025-11-07 20:10:00,48.93363,48.93363,48.89271,48.89271,275,4287,0
2025-11-07 20:20:00,48.89271,48.89653,48.88939,48.89106,237,4295,0
2025-11-07 20:30:00,48.89106,48.89849,48.8864,48.89482,338,4294,0
2025-11-07 20:40:00,48.89482,48.89657,48.87995,48.88313,348,4550,0
2025-11-07 20:50:00,48.88313,48.88518,48.86826,48.87118,300,4857,0
2025-11-07 21:00:00,48.87118,48.8831,48.85922,48.87988,432,5110,0
2025-11-07 21:10:00,48.87988,48.88819,48.87743,48.88778,327,5240,0
2025-11-07 21:20:00,48.88778,48.88989,48.86885,48.86885,130,5214,0
2025-11-07 21:30:00,48.86885,48.87096,48.85041,48.85609,385,5214,0
2025-11-07 21:40:00,48.85651,48.85651,48.8128,48.81459,619,5388,0
2025-11-07 21:50:00,48.81459,48.84569,48.814189999999996,48.83105,692,5640,0
2025-11-07 22:00:00,48.8302,48.8473,48.82397,48.84443,734,5062,0
2025-11-07 22:10:00,48.84443,48.8581,48.84146,48.85491,444,4734,0
2025-11-07 22:20:00,48.85491,48.85995,48.84114,48.84409,310,4734,0
2025-11-07 22:30:00,48.84409,48.85995,48.84325,48.85876,527,5283,0
2025-11-07 22:40:00,48.85876,48.8666,48.85696,48.86141,424,4755,0
2025-11-07 22:50:00,48.86141,48.86346,48.84685,48.84873,635,4514,0
2025-11-07 23:00:00,48.84871,48.86404,48.84771,48.86377,1262,5049,0
2025-11-07 23:10:00,48.86377,48.86551,48.84361,48.86224,458,4718,0
2025-11-07 23:20:00,48.86224,48.86926,48.85743,48.86828,628,4410,0
2025-11-07 23:30:00,48.8683,48.873,48.86186,48.87156,704,3957,0
2025-11-07 23:40:00,48.87156,48.87156,48.83607,48.83647,252,4085,0
2025-11-07 23:50:00,48.83647,48.85034,48.82767,48.84661,274,6610,0
2025-11-10 00:00:00,48.75944,48.76713,48.7514,48.76629,63,8808,0
2025-11-10 00:10:00,48.76629,48.77179,48.76629,48.77179,22,8383,0
2025-11-10 00:20:00,48.77179,48.77222,48.76674,48.76716,22,8381,0
2025-11-10 00:30:00,48.76716,48.76716,48.76084,48.76168,70,8165,0
2025-11-10 00:40:00,48.76168,48.7621,48.75957,48.76126,83,8164,0
2025-11-10 00:50:00,48.76126,48.76548,48.75535,48.76253,145,8164,0
2025-11-10 01:00:00,48.76253,48.78288,48.73692,48.74156,531,4968,0
2025-11-10 01:10:00,48.74156,48.76409,48.74072,48.75227,534,2404,0
2025-11-10 01:20:00,48.75227,48.75945,48.74942,48.75069,502,2404,0
2025-11-10 01:30:00,48.75069,48.75825,48.74034,48.75253,869,2893,0
2025-11-10 01:40:00,48.75253,48.75257,48.72921,48.73269,785,2397,0
2025-11-10 01:50:00,48.73268,48.73721,48.72724,48.73252,541,3230,0
2025-11-10 02:00:00,48.73252,48.79894,48.72985,48.74801,1078,3938,0
2025-11-10 02:10:00,48.74801,48.76793,48.74758,48.75444,598,4172,0
2025-11-10 02:20:00,48.75487,48.77773,48.74843,48.76707,518,4320,0
2025-11-10 02:30:00,48.76707,48.78086,48.76664,48.77522,419,4412,0
2025-11-10 02:40:00,48.77522,48.78556,48.76504,48.78175,442,4474,0
2025-11-10 02:50:00,48.78175,48.78629,48.7721,48.78372,737,3406,0
2025-11-10 03:00:00,48.78375,48.78484,48.75262,48.77052,1140,2834,0
2025-11-10 03:10:00,48.77054,48.78849,48.77011,48.77932,772,3199,0
2025-11-10 03:20:00,48.77932,48.80221,48.77848,48.7958,504,3847,0
2025-11-10 03:30:00,48.7958,48.80106,48.7842,48.79389,717,3778,0
2025-11-10 03:40:00,48.79389,48.8053,48.79054,48.79926,488,3783,0
2025-11-10 03:50:00,48.79925,48.80187,48.78871,48.79446,456,4064,0
2025-11-10 04:00:00,48.79446,48.7961,48.77999,48.78249,334,4260,0
2025-11-10 04:10:00,48.78249,48.79023,48.77941,48.78888,317,4374,0
2025-11-10 04:20:00,48.78888,48.79928,48.78716,48.79369,255,4448,0
2025-11-10 04:30:00,48.79369,48.79734,48.78393,48.79223,297,4500,0
2025-11-10 04:40:00,48.79223,48.80535,48.7918,48.80431,539,2905,0
2025-11-10 04:50:00,48.80431,48.80624,48.79483,48.79638,417,2792,0
2025-11-10 05:00:00,48.79638,48.79918,48.78239,48.78563,502,3308,0
2025-11-10 05:10:00,48.78563,48.79144,48.77544,48.77625,368,3939,0
2025-11-10 05:20:00,48.77625,48.78212,48.77435,48.77682,335,4209,0
2025-11-10 05:30:00,48.77725,48.78181,48.762950000000004,48.77101,340,4347,0
2025-11-10 05:40:00,48.77101,48.77375,48.76399,48.76736,235,4411,0
2025-11-10 05:50:00,48.76736,48.78564,48.76444,48.78533,536,2775,0
2025-11-10 06:00:00,48.78533,48.80595,48.77879,48.79454,581,2396,0
2025-11-10 06:10:00,48.79454,48.79793,48.78514,48.79103,395,2395,0
2025-11-10 06:20:00,48.79103,48.79666,48.78946,48.79624,418,3262,0
2025-11-10 06:30:00,48.79624,48.81347,48.79286,48.80991,458,3881,0
2025-11-10 06:40:00,48.80991,48.81155,48.79502,48.80108,275,3915,0
2025-11-10 06:50:00,48.80108,48.80891,48.79635,48.80544,272,4160,0
2025-11-10 07:00:00,48.80544,48.80911,48.79878,48.802459999999996,254,4302,0
2025-11-10 07:10:00,48.80204,48.80636,48.7855,48.80562,526,2966,0
2025-11-10 07:20:00,48.80562,48.81988,48.80479,48.81625,456,2821,0
2025-11-10 07:30:00,48.81625,48.82141,48.80994,48.81142,416,3291,0
2025-11-10 07:40:00,48.81153,48.83086,48.81055,48.82699,703,2446,0
2025-11-10 07:50:00,48.82699,48.82874,48.81167,48.81944,445,2399,0
2025-11-10 08:00:00,48.81944,48.82375,48.79504,48.8234,826,2410,0
2025-11-10 08:10:00,48.8234,48.82382,48.80476,48.81045,315,2405,0
2025-11-10 08:20:00,48.81048,48.81532,48.79244,48.80714,610,2858,0
2025-11-10 08:30:00,48.80718,48.81311,48.78202,48.78835,598,2841,0
2025-11-10 08:40:00,48.78835,48.79813,48.7605,48.77924,706,2406,0
2025-11-10 08:50:00,48.77924,48.786410000000004,48.75539,48.77345,637,2398,0
2025-11-10 09:00:00,48.77345,48.8088,48.77345,48.80569,890,787,0
2025-11-10 09:10:00,48.80569,48.81653,48.79321,48.79562,1008,1153,0
2025-11-10 09:20:00,48.79562,48.81479,48.78029,48.81296,903,1178,0
2025-11-10 09:30:00,48.81298,48.85991,48.81298,48.85749,962,746,0
2025-11-10 09:40:00,48.85749,48.86072,48.84832,48.85953,645,762,0
2025-11-10 09:50:00,48.85953,48.86234,48.83296,48.84447,812,745,0
2025-11-10 10:00:00,48.84447,48.86633,48.83354,48.85222,819,746,0
2025-11-10 10:10:00,48.85222,48.88091,48.84988,48.86733,754,828,0
2025-11-10 10:20:00,48.86736,48.88079,48.86265,48.87868,677,818,0
2025-11-10 10:30:00,48.87868,48.90855,48.87752,48.90379,768,1176,0
2025-11-10 10:40:00,48.90379,48.90815,48.88592,48.89774,835,745,0
2025-11-10 10:50:00,48.89774,48.90304,48.86374,48.86712,800,744,0
2025-11-10 11:00:00,48.86712,48.8734,48.84982,48.85878,850,744,0
2025-11-10 11:10:00,48.85878,48.85882,48.84211,48.85062,902,760,0
2025-11-10 11:20:00,48.85062,48.85351,48.83251,48.85309,442,743,0
2025-11-10 11:30:00,48.85309,48.85436,48.82667,48.83806,615,743,0
2025-11-10 11:40:00,48.83764,48.86394,48.8349,48.85012,642,743,0
2025-11-10 11:50:00,48.85014,48.86223,48.84007,48.84419,630,788,0
2025-11-10 12:00:00,48.84419,48.85642,48.83701,48.85398,681,1257,0
2025-11-10 12:10:00,48.85398,48.86141,48.84154,48.84196,533,743,0
2025-11-10 12:20:00,48.84196,48.85025,48.83448,48.83496,438,743,0
2025-11-10 12:30:00,48.83496,48.83502,48.81471,48.82646,648,743,0
2025-11-10 12:40:00,48.82649,48.82818,48.8151,48.82601,846,745,0
2025-11-10 12:50:00,48.82601,48.83024,48.81926,48.82497,302,744,0
2025-11-10 13:00:00,48.82497,48.82497,48.79149,48.79164,514,744,0
2025-11-10 13:10:00,48.79164,48.80678,48.78802,48.79823,768,863,0
2025-11-10 13:20:00,48.79823,48.81042,48.79823,48.80765,684,953,0
2025-11-10 13:30:00,48.80765,48.81302,48.80226,48.81302,692,912,0
2025-11-10 13:40:00,48.81302,48.82671,48.81302,48.82206,341,804,0
2025-11-10 13:50:00,48.82206,48.83261,48.81268,48.829,654,1060,0
2025-11-10 14:00:00,48.829,48.84108,48.82762,48.83608,578,572,0
2025-11-10 14:10:00,48.83608,48.85865,48.83023,48.85782,683,560,0
2025-11-10 14:20:00,48.85782,48.87399,48.85671,48.86777,598,523,0
2025-11-10 14:30:00,48.86777,48.8818,48.8607,48.8672,600,522,0
2025-11-10 14:40:00,48.8672,48.8689,48.83004,48.83269,484,521,0
2025-11-10 14:50:00,48.8327,48.86757,48.83228,48.84979,664,520,0
2025-11-10 15:00:00,48.84979,48.86267,48.84443,48.86046,719,527,0
2025-11-10 15:10:00,48.86057,48.88316,48.85438,48.8809,742,522,0
2025-11-10 15:20:00,48.8809,48.891329999999996,48.87416,48.87523,818,570,0
2025-11-10 15:30:00,48.87525,48.87627,48.85185,48.85185,930,582,0
