time,open,high,low,close,tick_volume,spread,real_volume
2024-11-11 08:30:00,76917.2,76919.2,76779.4,76841.9,107,750,0
2024-11-11 08:40:00,76844.9,76976.9,76844.9,76976.9,83,750,0
2024-11-11 08:50:00,76977.9,76977.9,76946.2,76947.3,55,750,0
2024-11-11 09:00:00,76947.3,76962.2,76872.0,76956.3,140,750,0
2024-11-11 09:10:00,76954.3,76974.1,76817.7,76854.4,160,750,0
2024-11-11 09:20:00,76854.4,76888.0,76829.7,76843.2,188,750,0
2024-11-11 09:30:00,76843.1,76922.6,76843.1,76892.2,107,750,0
2024-11-11 09:40:00,76892.2,76936.6,76816.7,76845.0,163,750,0
2024-11-11 09:50:00,76845.0,76957.7,76820.0,76957.5,185,750,0
2024-11-11 10:00:00,76963.4,77113.5,76915.3,76928.0,284,750,0
2024-11-11 10:10:00,76928.0,77175.4,76928.0,77174.8,188,750,0
2024-11-11 10:20:00,77174.8,77174.8,76988.9,77028.6,310,750,0
2024-11-11 10:30:00,77029.6,77035.5,76853.3,76969.4,288,750,0
2024-11-11 10:40:00,76973.3,77230.6,76973.3,77135.5,156,750,0
2024-11-11 10:50:00,77135.5,77185.9,77009.1,77021.9,207,750,0
2024-11-11 11:00:00,77021.9,77032.6,76911.9,76962.6,179,750,0
2024-11-11 11:10:00,76962.6,77018.3,76956.5,76979.6,144,750,0
2024-11-11 11:20:00,76979.6,77024.9,76883.7,76926.0,236,750,0
2024-11-11 11:30:00,76927.0,76941.7,76850.6,76885.5,230,750,0
2024-11-11 11:40:00,76885.5,76961.1,76883.2,76892.3,127,750,0
2024-11-11 11:50:00,76892.3,76958.7,76892.3,76903.0,156,750,0
2024-11-11 12:00:00,76903.0,76908.3,76867.3,76880.3,172,750,0
2024-11-11 12:10:00,76879.7,76992.9,76871.3,76988.9,221,750,0
2024-11-11 12:20:00,76988.9,77001.6,76949.9,76967.9,126,750,0
2024-11-11 12:30:00,76967.9,76988.5,76907.1,76907.1,173,750,0
2024-11-11 12:40:00,76907.1,76921.8,76835.5,76843.9,164,750,0
2024-11-11 12:50:00,76846.8,76893.3,76789.3,76792.2,202,750,0
2024-11-11 13:00:00,76794.2,76891.2,76794.2,76821.8,228,750,0
2024-11-11 13:10:00,76821.8,76865.3,76774.1,76775.6,141,750,0
2024-11-11 13:20:00,76775.6,76777.4,76694.2,76776.2,178,750,0
2024-11-11 13:30:00,76776.2,76889.6,76776.2,76829.6,114,750,0
2024-11-11 13:40:00,76829.6,76848.9,76812.0,76827.7,104,750,0
2024-11-11 13:50:00,76827.7,76830.6,76700.0,76703.5,187,750,0
2024-11-11 14:00:00,76708.5,76748.4,76683.4,76685.0,197,750,0
2024-11-11 14:10:00,76688.0,76773.9,76667.7,76763.0,168,750,0
2024-11-11 14:20:00,76763.0,76767.3,76686.5,76705.3,101,750,0
2024-11-11 14:30:00,76705.3,76713.9,76667.7,76713.9,158,750,0
2024-11-11 14:40:00,76713.9,76760.5,76707.0,76724.6,119,750,0
2024-11-11 14:50:00,76724.1,76725.7,76686.9,76687.0,98,750,0
2024-11-11 15:00:00,76687.0,76757.8,76680.5,76694.3,80,750,0
2024-11-11 15:10:00,76694.3,76811.8,76692.9,76738.1,125,750,0
2024-11-11 15:20:00,76739.1,76814.3,76724.1,76769.9,175,750,0
2024-11-11 15:30:00,76767.0,76768.0,76687.8,76707.7,155,750,0
2024-11-11 15:40:00,76707.7,76763.2,76677.0,76755.5,132,750,0
2024-11-11 15:50:00,76755.5,76812.0,76730.7,76790.9,204,750,0
2024-11-11 16:00:00,76791.9,76812.3,76759.1,76781.8,249,750,0
2024-11-11 16:10:00,76782.8,76782.8,76690.7,76695.0,287,750,0
2024-11-11 16:20:00,76695.0,76791.2,76676.6,76734.9,197,750,0
2024-11-11 16:30:00,76734.9,76783.3,76672.5,76741.6,273,750,0
2024-11-11 16:40:00,76741.6,76754.4,76670.5,76724.5,285,750,0
2024-11-11 16:50:00,76724.5,76773.0,76545.3,76547.2,268,750,0
2024-11-11 17:00:00,76550.2,76650.4,76550.2,76633.0,121,750,0
2024-11-11 17:10:00,76633.0,76672.2,76600.9,76608.9,151,750,0
2024-11-11 17:20:00,76610.4,76627.3,76580.3,76590.2,132,750,0
2024-11-12 08:30:00,76184.2,76184.2,75909.7,75932.6,159,750,0
2024-11-12 08:40:00,75932.6,76041.8,75932.6,75977.4,108,750,0
2024-11-12 08:50:00,75977.4,76041.9,75977.4,76004.2,71,750,0
2024-11-12 09:00:00,76004.2,76012.2,75885.4,75885.4,194,750,0
2024-11-12 09:10:00,75889.4,75916.2,75854.7,75877.5,249,750,0
2024-11-12 09:20:00,75877.5,75940.2,75815.7,75902.5,349,750,0
2024-11-12 09:30:00,75903.5,75994.2,75869.8,75889.6,276,750,0
2024-11-12 09:40:00,75889.1,75963.6,75871.3,75953.7,223,750,0
2024-11-12 09:50:00,75944.8,76015.4,75916.1,75968.3,262,750,0
2024-11-12 10:00:00,75969.3,76038.1,75899.9,76008.0,329,750,0
2024-11-12 10:10:00,76007.5,76135.3,75999.7,76094.4,356,750,0
2024-11-12 10:20:00,76106.3,76169.2,76093.8,76150.3,251,750,0
2024-11-12 10:30:00,76150.3,76174.5,76088.3,76123.2,443,750,0
2024-11-12 10:40:00,76123.2,76149.4,76036.5,76076.8,276,750,0
2024-11-12 10:50:00,76076.8,76151.2,76057.3,76124.6,288,750,0
2024-11-12 11:00:00,76125.1,76155.9,76107.2,76137.1,252,750,0
2024-11-12 11:10:00,76137.1,76170.7,76128.6,76139.9,161,750,0
2024-11-12 11:20:00,76140.0,76166.0,76106.3,76131.6,188,750,0
2024-11-12 11:30:00,76133.1,76194.3,76113.8,76183.9,156,750,0
2024-11-12 11:40:00,76183.4,76226.5,76138.7,76145.6,208,750,0
2024-11-12 11:50:00,76145.6,76191.1,76116.2,76117.2,156,750,0
2024-11-12 12:00:00,76117.2,76123.2,75962.8,75974.6,164,750,0
2024-11-12 12:10:00,75976.1,76000.4,75910.3,75922.5,231,750,0
2024-11-12 12:20:00,75922.5,75944.4,75862.8,75929.3,176,750,0
2024-11-12 12:30:00,75926.4,75946.1,75870.6,75870.6,193,750,0
2024-11-12 12:40:00,75870.6,75898.6,75839.6,75848.4,209,750,0
2024-11-12 12:50:00,75851.3,75879.4,75761.7,75803.6,211,750,0
2024-11-12 13:00:00,75803.6,75905.7,75802.8,75890.4,296,750,0
2024-11-12 13:10:00,75889.9,76066.3,75889.9,76021.3,338,750,0
2024-11-12 13:20:00,76013.4,76033.4,75964.7,75989.2,179,750,0
2024-11-12 13:30:00,75993.1,76030.3,75975.4,76007.7,152,750,0
2024-11-12 13:40:00,76007.7,76010.2,75869.1,75904.6,187,750,0
2024-11-12 13:50:00,75904.6,76025.2,75877.4,76014.3,198,750,0
2024-11-12 14:00:00,76014.3,76069.4,76000.7,76001.7,182,750,0
2024-11-12 14:10:00,76001.7,76064.7,75964.3,75966.5,181,750,0
2024-11-12 14:20:00,75966.5,76038.5,75953.2,76038.0,159,750,0
2024-11-12 14:30:00,76037.5,76157.7,75995.9,76076.9,257,750,0
2024-11-12 14:40:00,76076.9,76143.8,76057.1,76097.6,303,750,0
2024-11-12 14:50:00,76093.6,76204.9,76057.9,76204.9,310,750,0
2024-11-12 15:00:00,76208.9,76266.9,76103.1,76212.6,494,750,0
2024-11-12 15:10:00,76213.1,76235.6,76060.6,76108.1,336,750,0
2024-11-12 15:20:00,76108.1,76200.8,76058.9,76176.2,227,750,0
2024-11-12 15:30:00,76176.2,76333.5,76176.2,76189.2,275,750,0
2024-11-12 15:40:00,76192.7,76238.4,76145.5,76220.2,270,750,0
2024-11-12 15:50:00,76220.2,76232.9,76154.6,76198.4,274,750,0
2024-11-12 16:00:00,76198.4,76222.1,76045.0,76078.1,307,750,0
2024-11-12 16:10:00,76078.1,76080.4,75962.7,75990.3,246,750,0
2024-11-12 16:20:00,75990.3,76211.2,75981.5,76203.2,337,750,0
2024-11-12 16:30:00,76197.3,76268.6,76176.2,76228.0,459,750,0
2024-11-12 16:40:00,76228.0,76280.4,76146.8,76192.3,424,750,0
2024-11-12 16:50:00,76191.8,76272.1,76062.1,76063.0,343,750,0
2024-11-12 17:00:00,76074.4,76150.3,76062.2,76120.7,168,750,0
2024-11-12 17:10:00,76120.7,76146.5,76062.3,76062.3,112,750,0
2024-11-12 17:20:00,76059.3,76119.9,76037.6,76047.6,146,750,0
2024-11-13 08:30:00,75721.4,75843.5,75621.3,75820.5,153,750,0
2024-11-13 08:40:00,75821.5,75930.7,75808.7,75930.7,100,750,0
2024-11-13 08:50:00,75930.7,75952.6,75865.4,75866.4,72,750,0
2024-11-13 09:00:00,75866.4,75898.2,75776.2,75814.0,158,750,0
2024-11-13 09:10:00,75814.0,75828.5,75759.9,75811.5,164,750,0
2024-11-13 09:20:00,75811.5,75932.2,75803.1,75898.6,162,750,0
2024-11-13 09:30:00,75898.6,75899.7,75787.8,75847.9,197,750,0
2024-11-13 09:40:00,75847.9,75943.1,75826.2,75877.2,133,750,0
2024-11-13 09:50:00,75887.1,75952.7,75837.9,75884.2,203,750,0
2024-11-13 10:00:00,75884.2,75907.5,75792.4,75858.9,496,750,0
2024-11-13 10:10:00,75858.9,75949.2,75801.6,75949.2,455,750,0
2024-11-13 10:20:00,75949.2,75966.8,75871.5,75871.5,298,750,0
2024-11-13 10:30:00,75872.1,75941.0,75805.0,75805.2,429,750,0
2024-11-13 10:40:00,75805.2,75807.3,75730.1,75761.3,293,750,0
2024-11-13 10:50:00,75761.3,75961.9,75737.6,75853.2,351,750,0
2024-11-13 11:00:00,75854.2,75854.2,75755.4,75764.8,338,750,0
2024-11-13 11:10:00,75766.8,75804.1,75733.8,75744.7,346,750,0
2024-11-13 11:20:00,75748.6,75913.4,75739.7,75879.8,330,750,0
2024-11-13 11:30:00,75879.8,75898.5,75816.1,75832.3,308,750,0
2024-11-13 11:40:00,75832.3,75929.1,75832.3,75922.7,356,750,0
2024-11-13 11:50:00,75922.7,75929.8,75781.3,75823.1,280,750,0
2024-11-13 12:00:00,75824.1,75827.8,75765.0,75809.0,198,750,0
2024-11-13 12:10:00,75808.0,75830.4,75776.9,75788.3,190,750,0
2024-11-13 12:20:00,75788.3,75808.6,75731.5,75785.4,155,750,0
2024-11-13 12:30:00,75785.4,75802.5,75733.3,75799.0,225,750,0
2024-11-13 12:40:00,75785.1,75806.0,75764.5,75806.0,179,750,0
2024-11-13 12:50:00,75806.0,75866.6,75805.6,75866.6,182,750,0
2024-11-13 13:00:00,75863.6,75932.5,75856.6,75869.4,199,750,0
2024-11-13 13:10:00,75869.4,75880.8,75797.8,75807.2,108,750,0
2024-11-13 13:20:00,75807.2,75841.3,75801.7,75811.8,126,750,0
2024-11-13 13:30:00,75811.3,75842.9,75796.4,75822.4,134,750,0
2024-11-13 13:40:00,75810.5,75819.4,75767.1,75809.1,199,750,0
2024-11-13 13:50:00,75808.6,75818.8,75769.2,75804.3,196,750,0
2024-11-13 14:00:00,75804.9,75851.1,75763.6,75795.4,268,750,0
2024-11-13 14:10:00,75795.4,75839.3,75765.1,75822.5,200,750,0
2024-11-13 14:20:00,75822.5,75848.6,75781.2,75811.1,203,750,0
2024-11-13 14:30:00,75794.7,75851.4,75758.6,75816.1,289,750,0
2024-11-13 14:40:00,75817.0,75837.7,75775.0,75790.9,226,750,0
2024-11-13 14:50:00,75790.9,75835.9,75753.5,75777.2,194,750,0
2024-11-13 15:00:00,75775.2,75885.8,75767.3,75833.7,236,750,0
2024-11-13 15:10:00,75833.7,75875.4,75798.5,75844.1,246,750,0
2024-11-13 15:20:00,75844.1,75893.2,75813.8,75861.2,256,750,0
2024-11-13 15:30:00,75861.2,76026.9,75814.7,75890.0,315,750,0
2024-11-13 15:40:00,75890.0,75968.5,75834.4,75909.0,408,750,0
2024-11-13 15:50:00,75911.5,76023.7,75878.8,75948.5,380,750,0
2024-11-13 16:00:00,75948.5,76026.7,75926.6,75982.5,326,750,0
2024-11-13 16:10:00,75982.5,76024.6,75922.7,75934.6,332,750,0
2024-11-13 16:20:00,75934.6,75961.8,75868.5,75912.8,284,750,0
2024-11-13 16:30:00,75894.0,75939.4,75770.4,75813.7,444,750,0
2024-11-13 16:40:00,75813.7,75831.6,75728.4,75734.6,378,750,0
2024-11-13 16:50:00,75735.6,75794.2,75630.9,75701.0,301,750,0
2024-11-13 17:00:00,75703.0,75703.0,75517.5,75619.8,187,750,0
2024-11-13 17:10:00,75626.7,75691.7,75561.3,75602.0,174,750,0
2024-11-13 17:20:00,75602.0,75669.5,75575.3,75590.2,140,750,0
2024-11-14 08:30:00,75479.7,75589.9,75383.4,75488.7,137,750,0
2024-11-14 08:40:00,75488.7,75560.3,75445.1,75503.7,71,750,0
2024-11-14 08:50:00,75503.7,75529.6,75473.0,75527.7,52,750,0
2024-11-14 09:00:00,75527.7,75538.6,75393.7,75450.4,137,750,0
2024-11-14 09:10:00,75450.4,75542.8,75406.7,75542.6,167,750,0
2024-11-14 09:20:00,75546.1,75669.5,75512.8,75669.5,215,750,0
2024-11-14 09:30:00,75669.5,75739.1,75572.3,75708.5,268,750,0
2024-11-14 09:40:00,75708.5,75767.3,75665.2,75683.1,224,750,0
2024-11-14 09:50:00,75683.1,75714.8,75587.2,75710.7,234,750,0
2024-11-14 10:00:00,75717.6,75750.8,75612.6,75749.2,434,750,0
2024-11-14 10:10:00,75749.2,75873.9,75737.2,75785.0,365,750,0
2024-11-14 10:20:00,75784.0,75786.0,75652.8,75723.2,284,750,0
2024-11-14 10:30:00,75723.2,75740.5,75609.0,75612.6,304,750,0
2024-11-14 10:40:00,75612.0,75632.8,75536.4,75605.5,417,750,0
2024-11-14 10:50:00,75605.5,75680.3,75563.6,75580.2,330,750,0
2024-11-14 11:00:00,75580.2,75719.7,75580.2,75667.6,125,750,0
2024-11-14 11:10:00,75667.6,75716.9,75552.6,75607.4,283,750,0
2024-11-14 11:20:00,75627.2,75689.4,75545.3,75560.0,225,750,0
2024-11-14 11:30:00,75561.0,75593.5,75557.8,75564.4,242,750,0
2024-11-14 11:40:00,75562.4,75568.4,75445.1,75446.1,217,750,0
2024-11-14 11:50:00,75446.1,75497.7,75427.8,75447.5,188,750,0
2024-11-14 12:00:00,75436.1,75528.0,75426.7,75447.8,222,750,0
2024-11-14 12:10:00,75439.8,75471.0,75393.0,75462.3,226,750,0
2024-11-14 12:20:00,75462.3,75475.9,75420.8,75429.6,155,750,0
2024-11-14 12:30:00,75429.6,75512.2,75429.5,75512.2,104,750,0
2024-11-14 12:40:00,75512.2,75539.9,75447.8,75523.6,130,750,0
2024-11-14 12:50:00,75523.6,75556.0,75516.7,75532.7,208,750,0
2024-11-14 13:00:00,75537.7,75595.2,75516.2,75576.4,216,750,0
2024-11-14 13:10:00,75573.4,75624.3,75540.7,75567.7,266,750,0
2024-11-14 13:20:00,75567.7,75595.7,75494.2,75505.6,130,750,0
2024-11-14 13:30:00,75509.1,75604.2,75506.6,75583.8,155,750,0
2024-11-14 13:40:00,75582.8,75654.5,75564.9,75638.7,105,750,0
2024-11-14 13:50:00,75638.7,75695.2,75548.6,75586.0,246,750,0
2024-11-14 14:00:00,75586.0,75727.3,75586.0,75659.8,268,750,0
2024-11-14 14:10:00,75660.3,75743.3,75643.1,75734.1,232,750,0
2024-11-14 14:20:00,75734.1,75836.3,75727.8,75798.5,326,750,0
2024-11-14 14:30:00,75798.5,75876.8,75789.9,75847.2,330,750,0
2024-11-14 14:40:00,75856.2,75925.0,75831.4,75831.9,309,750,0
2024-11-14 14:50:00,75831.9,75959.5,75831.9,75851.1,266,750,0
2024-11-14 15:00:00,75851.1,75955.5,75842.3,75955.1,280,750,0
2024-11-14 15:10:00,75960.1,75978.5,75886.8,75937.4,281,750,0
2024-11-14 15:20:00,75937.4,75989.3,75917.0,75980.4,287,750,0
2024-11-14 15:30:00,75980.4,75980.4,75795.5,75910.1,449,750,0
2024-11-14 15:40:00,75910.1,75984.9,75876.9,75978.0,407,750,0
2024-11-14 15:50:00,75978.0,75978.0,75904.9,75930.7,320,750,0
2024-11-14 16:00:00,75931.6,76032.1,75864.2,75966.5,296,750,0
2024-11-14 16:10:00,75966.5,76056.1,75951.1,76044.3,294,750,0
2024-11-14 16:20:00,76043.3,76052.5,75856.6,75935.8,343,750,0
2024-11-14 16:30:00,75946.3,76059.6,75900.9,75955.7,532,750,0
2024-11-14 16:40:00,75958.7,75958.7,75731.6,75773.3,472,750,0
2024-11-14 16:50:00,75776.4,75806.6,75681.6,75761.6,283,750,0
2024-11-14 17:00:00,75776.4,75919.5,75751.7,75887.7,290,750,0
2024-11-14 17:10:00,75887.7,75920.5,75840.2,75841.2,123,750,0
2024-11-14 17:20:00,75841.2,75926.1,75829.3,75904.8,102,750,0
2024-11-15 08:30:00,75599.3,75617.3,75400.8,75617.3,129,750,0
2024-11-15 08:40:00,75617.3,75711.7,75599.4,75644.2,103,750,0
2024-11-15 08:50:00,75644.2,75645.3,75604.5,75615.5,41,750,0
2024-11-15 09:00:00,75615.5,75737.6,75550.1,75622.6,272,750,0
2024-11-15 09:10:00,75622.6,75702.5,75552.5,75676.8,190,750,0
2024-11-15 09:20:00,75676.3,75728.4,75596.9,75728.3,183,750,0
2024-11-15 09:30:00,75725.4,75725.4,75573.3,75574.8,169,750,0
2024-11-15 09:40:00,75574.9,75642.4,75574.9,75582.5,159,750,0
2024-11-15 09:50:00,75584.5,75596.6,75483.2,75531.1,311,750,0
2024-11-15 10:00:00,75541.6,75626.0,75493.4,75597.5,382,750,0
2024-11-15 10:10:00,75599.5,75718.0,75544.1,75670.6,431,750,0
2024-11-15 10:20:00,75664.2,75822.8,75604.2,75712.7,357,750,0
2024-11-15 10:30:00,75705.3,75827.1,75697.4,75827.1,344,750,0
2024-11-15 10:40:00,75824.6,75907.5,75724.0,75752.2,269,750,0
2024-11-15 10:50:00,75752.2,75880.5,75735.3,75880.5,182,750,0
2024-11-15 11:00:00,75880.5,75901.3,75835.7,75886.0,224,750,0
2024-11-15 11:10:00,75886.0,76010.2,75886.0,76008.2,247,750,0
2024-11-15 11:20:00,76011.1,76011.1,75879.9,75921.6,238,750,0
2024-11-15 11:30:00,75921.6,75970.5,75890.7,75959.3,224,750,0
2024-11-15 11:40:00,75959.3,76004.4,75931.3,75954.2,152,750,0
2024-11-15 11:50:00,75954.2,76013.9,75941.3,75970.8,176,750,0
2024-11-15 12:00:00,75970.8,76052.2,75970.8,76036.4,98,750,0
2024-11-15 12:10:00,76035.9,76035.9,75926.9,75943.2,213,750,0
2024-11-15 12:20:00,75943.2,76086.9,75941.8,76086.9,210,750,0
2024-11-15 12:30:00,76086.9,76090.7,76008.2,76017.3,94,750,0
2024-11-15 12:40:00,76017.3,76103.7,75990.4,76095.9,118,750,0
2024-11-15 12:50:00,76095.9,76166.3,76073.3,76119.9,196,750,0
2024-11-15 13:00:00,76119.9,76202.4,76064.1,76064.2,159,750,0
2024-11-15 13:10:00,76064.2,76095.7,76038.0,76083.7,191,750,0
2024-11-15 13:20:00,76083.7,76095.2,76041.3,76041.3,133,750,0
2024-11-15 13:30:00,76034.3,76079.8,75980.3,76067.1,240,750,0
2024-11-15 13:40:00,76067.1,76093.0,75958.5,75992.6,200,750,0
2024-11-15 13:50:00,75992.6,76002.1,75925.0,75932.0,235,750,0
2024-11-15 14:00:00,75932.0,75975.9,75926.1,75975.8,165,750,0
2024-11-15 14:10:00,75975.8,75979.7,75882.6,75897.3,187,750,0
2024-11-15 14:20:00,75897.3,75920.1,75866.2,75907.8,166,750,0
2024-11-15 14:30:00,75907.8,75955.9,75865.9,75944.0,122,750,0
2024-11-15 14:40:00,75944.0,76003.6,75942.0,75976.1,143,750,0
2024-11-15 14:50:00,75977.1,76073.6,75951.2,76073.6,145,750,0
2024-11-15 15:00:00,76073.6,76084.6,76012.2,76043.6,153,750,0
2024-11-15 15:10:00,76043.6,76070.4,75952.7,75978.9,208,750,0
2024-11-15 15:20:00,75977.9,75998.3,75877.3,75878.3,142,750,0
2024-11-15 15:30:00,75878.3,75881.3,75754.6,75824.9,262,750,0
2024-11-15 15:40:00,75824.9,75871.5,75679.7,75701.6,225,750,0
2024-11-15 15:50:00,75707.6,75749.0,75666.5,75726.2,292,750,0
2024-11-15 16:00:00,75726.2,75839.1,75719.3,75790.7,231,750,0
2024-11-15 16:10:00,75791.7,75819.5,75746.8,75765.6,273,750,0
2024-11-15 16:20:00,75765.6,75849.9,75746.8,75804.7,325,750,0
2024-11-15 16:30:00,75804.7,75862.8,75698.3,75725.3,485,750,0
2024-11-15 16:40:00,75722.4,75860.0,75717.4,75762.7,467,750,0
2024-11-15 16:50:00,75754.3,75801.4,75698.2,75723.6,237,750,0
2024-11-15 17:00:00,75722.6,75722.6,75619.4,75642.8,116,750,0
2024-11-15 17:10:00,75642.8,75782.9,75620.4,75762.5,134,750,0
2024-11-15 17:20:00,75762.5,75958.2,75762.5,75879.8,225,750,0
2024-11-18 08:30:00,76017.1,76180.1,76017.1,76157.3,140,750,0
2024-11-18 08:40:00,76157.3,76250.7,76098.7,76215.0,73,750,0
2024-11-18 08:50:00,76215.0,76300.4,76161.4,76285.1,100,750,0
2024-11-18 09:00:00,76285.1,76357.2,76206.1,76273.8,218,750,0
2024-11-18 09:10:00,76273.8,76407.2,76268.8,76406.8,194,750,0
2024-11-18 09:20:00,76406.8,76450.5,76294.2,76294.2,361,750,0
2024-11-18 09:30:00,76295.2,76297.7,76224.7,76236.0,288,750,0
2024-11-18 09:40:00,76236.0,76261.1,76162.7,76198.7,236,750,0
2024-11-18 09:50:00,76198.1,76259.3,76186.7,76211.6,351,750,0
2024-11-18 10:00:00,76211.6,76285.7,76197.8,76224.1,431,750,0
2024-11-18 10:10:00,76226.6,76257.2,76164.3,76243.9,426,750,0
2024-11-18 10:20:00,76243.9,76345.7,76219.1,76311.4,376,750,0
2024-11-18 10:30:00,76307.9,76307.9,76218.2,76276.5,320,750,0
2024-11-18 10:40:00,76276.5,76276.5,76130.7,76138.7,261,750,0
2024-11-18 10:50:00,76136.7,76166.9,76096.5,76111.8,321,750,0
2024-11-18 11:00:00,76114.3,76123.9,75974.8,76120.0,444,750,0
2024-11-18 11:10:00,76119.9,76177.1,76078.4,76153.1,321,750,0
2024-11-18 11:20:00,76153.1,76206.9,76129.6,76181.0,364,750,0
2024-11-18 11:30:00,76152.2,76194.5,76126.0,76179.9,277,750,0
2024-11-18 11:40:00,76179.9,76294.4,76146.3,76269.9,266,750,0
2024-11-18 11:50:00,76269.9,76309.1,76226.4,76263.4,306,750,0
2024-11-18 12:00:00,76265.3,76304.1,76229.3,76285.1,253,750,0
2024-11-18 12:10:00,76286.5,76334.7,76219.5,76235.4,220,750,0
2024-11-18 12:20:00,76235.4,76310.9,76235.4,76295.8,212,750,0
2024-11-18 12:30:00,76285.9,76298.7,76206.3,76227.8,176,750,0
2024-11-18 12:40:00,76228.3,76264.5,76208.9,76244.9,177,750,0
2024-11-18 12:50:00,76244.9,76274.4,76216.8,76259.5,152,750,0
2024-11-18 13:00:00,76259.5,76272.6,76206.7,76209.3,182,750,0
2024-11-18 13:10:00,76209.3,76209.3,76148.8,76177.7,196,750,0
2024-11-18 13:20:00,76177.7,76181.7,76109.2,76140.7,197,750,0
2024-11-18 13:30:00,76140.2,76151.6,76006.2,76075.9,289,750,0
2024-11-18 13:40:00,76075.9,76153.9,76049.2,76111.6,226,750,0
2024-11-18 13:50:00,76111.6,76121.3,76045.2,76121.3,162,750,0
2024-11-18 14:00:00,76121.3,76207.9,76121.3,76191.7,247,750,0
2024-11-18 14:10:00,76191.7,76197.7,76144.4,76161.5,196,750,0
2024-11-18 14:20:00,76161.5,76224.4,76144.3,76223.9,181,750,0
2024-11-18 14:30:00,76224.9,76298.2,76187.1,76245.5,218,750,0
2024-11-18 14:40:00,76256.4,76311.2,76249.2,76294.5,260,750,0
2024-11-18 14:50:00,76295.0,76325.9,76191.7,76221.5,273,750,0
2024-11-18 15:00:00,76221.5,76240.8,76127.1,76209.3,223,750,0
2024-11-18 15:10:00,76209.3,76225.0,76143.0,76152.9,166,750,0
2024-11-18 15:20:00,76152.9,76174.2,76060.8,76073.9,244,750,0
2024-11-18 15:30:00,76073.4,76276.8,76064.5,76201.9,292,750,0
2024-11-18 15:40:00,76201.9,76323.5,76201.9,76274.2,289,750,0
2024-11-18 15:50:00,76274.2,76275.6,76171.7,76217.7,224,750,0
2024-11-18 16:00:00,76217.7,76282.7,76189.5,76217.6,242,750,0
2024-11-18 16:10:00,76214.6,76238.0,76163.4,76196.9,290,750,0
2024-11-18 16:20:00,76198.0,76224.0,76163.0,76181.5,236,750,0
2024-11-18 16:30:00,76182.5,76289.4,76071.0,76255.0,341,750,0
2024-11-18 16:40:00,76261.5,76300.0,76197.0,76254.9,275,750,0
2024-11-18 16:50:00,76254.9,76254.9,76123.4,76186.5,196,750,0
2024-11-18 17:00:00,76192.5,76274.9,76192.5,76250.2,111,750,0
2024-11-18 17:10:00,76250.2,76337.2,76234.4,76325.3,132,750,0
2024-11-18 17:20:00,76322.8,76387.4,76294.0,76357.7,143,750,0
2024-11-19 08:30:00,76530.9,76709.7,76530.9,76619.4,63,750,0
2024-11-19 08:40:00,76611.4,76649.3,76604.5,76649.3,26,750,0
2024-11-19 08:50:00,76650.3,76696.0,76604.6,76694.9,87,750,0
2024-11-19 09:00:00,76694.4,76694.9,76579.8,76670.3,110,750,0
2024-11-19 09:10:00,76670.3,76690.2,76536.2,76690.2,148,750,0
2024-11-19 09:20:00,76690.2,76834.5,76669.8,76799.1,182,750,0
2024-11-19 09:30:00,76799.1,76855.9,76723.7,76785.3,149,750,0
2024-11-19 09:40:00,76785.3,76824.4,76747.9,76748.9,130,750,0
2024-11-19 09:50:00,76748.9,76884.6,76721.8,76825.3,238,750,0
2024-11-19 10:00:00,76828.3,76950.8,76793.7,76878.3,360,750,0
2024-11-19 10:10:00,76878.3,76903.9,76701.6,76701.7,435,750,0
2024-11-19 10:20:00,76702.7,76733.4,76659.1,76715.9,322,750,0
2024-11-19 10:30:00,76715.9,76728.3,76552.9,76565.7,362,750,0
2024-11-19 10:40:00,76565.7,76712.6,76457.8,76699.8,325,750,0
2024-11-19 10:50:00,76692.9,76783.5,76660.6,76751.9,389,750,0
2024-11-19 11:00:00,76751.9,76851.6,76735.1,76785.6,361,750,0
2024-11-19 11:10:00,76785.6,76792.5,76609.8,76617.8,399,750,0
2024-11-19 11:20:00,76623.8,76633.7,76284.1,76320.2,515,750,0
2024-11-19 11:30:00,76333.1,76394.7,76195.0,76332.3,506,750,0
2024-11-19 11:40:00,76332.3,76336.5,76154.4,76192.4,413,750,0
2024-11-19 11:50:00,76190.5,76284.7,76152.2,76274.3,303,750,0
2024-11-19 12:00:00,76274.3,76327.6,76260.2,76278.9,310,750,0
2024-11-19 12:10:00,76279.0,76311.0,76226.7,76311.0,298,750,0
2024-11-19 12:20:00,76312.0,76368.6,76209.3,76219.1,294,750,0
2024-11-19 12:30:00,76219.1,76284.2,76192.7,76228.6,308,750,0
2024-11-19 12:40:00,76228.1,76289.5,76203.5,76281.6,280,750,0
2024-11-19 12:50:00,76280.1,76329.3,76244.9,76304.6,265,750,0
2024-11-19 13:00:00,76304.6,76341.2,76286.4,76318.2,284,750,0
2024-11-19 13:10:00,76318.7,76368.5,76287.0,76306.7,292,750,0
2024-11-19 13:20:00,76306.7,76331.3,76274.7,76286.6,194,750,0
2024-11-19 13:30:00,76286.6,76373.3,76271.8,76342.2,181,750,0
2024-11-19 13:40:00,76342.2,76419.4,76327.4,76364.4,177,750,0
2024-11-19 13:50:00,76359.4,76418.0,76329.9,76407.5,229,750,0
2024-11-19 14:00:00,76409.0,76437.5,76370.2,76425.6,211,750,0
2024-11-19 14:10:00,76425.6,76455.4,76389.8,76441.3,185,750,0
2024-11-19 14:20:00,76440.8,76550.4,76432.4,76535.5,212,750,0
2024-11-19 14:30:00,76535.5,76538.7,76487.1,76495.6,168,750,0
2024-11-19 14:40:00,76495.1,76564.2,76491.6,76547.3,204,750,0
2024-11-19 14:50:00,76547.3,76643.2,76522.9,76624.2,242,750,0
2024-11-19 15:00:00,76624.2,76625.1,76457.3,76496.7,238,750,0
2024-11-19 15:10:00,76498.7,76537.2,76417.0,76447.4,163,750,0
2024-11-19 15:20:00,76447.4,76468.5,76382.5,76466.1,176,750,0
2024-11-19 15:30:00,76466.1,76497.0,76339.6,76456.2,252,750,0
2024-11-19 15:40:00,76456.2,76470.1,76296.6,76327.8,200,750,0
2024-11-19 15:50:00,76324.3,76347.7,76243.1,76244.8,273,750,0
2024-11-19 16:00:00,76244.3,76313.9,76178.1,76248.8,411,750,0
2024-11-19 16:10:00,76248.8,76349.5,76236.2,76305.6,288,750,0
2024-11-19 16:20:00,76296.7,76311.6,76140.8,76218.6,302,750,0
2024-11-19 16:30:00,76223.1,76315.1,76199.7,76255.9,412,750,0
2024-11-19 16:40:00,76243.0,76328.2,76215.2,76289.3,330,750,0
2024-11-19 16:50:00,76289.3,76326.7,76247.1,76285.5,276,750,0
2024-11-19 17:00:00,76286.5,76292.9,76220.0,76263.7,217,750,0
2024-11-19 17:10:00,76266.2,76277.1,76198.3,76214.2,107,750,0
2024-11-19 17:20:00,76214.2,76235.1,76182.5,76193.5,146,750,0
2024-11-20 08:30:00,76632.3,76770.4,76621.4,76648.3,95,750,0
2024-11-20 08:40:00,76648.3,76650.8,76597.8,76617.7,73,750,0
2024-11-20 08:50:00,76617.7,76622.6,76593.9,76615.8,36,750,0
2024-11-20 09:00:00,76615.8,76725.1,76596.9,76699.4,233,750,0
2024-11-20 09:10:00,76699.4,76864.7,76670.6,76858.7,340,750,0
2024-11-20 09:20:00,76860.2,76864.3,76750.1,76775.4,269,750,0
2024-11-20 09:30:00,76777.4,76864.8,76750.6,76856.3,204,750,0
2024-11-20 09:40:00,76856.3,76880.2,76725.8,76728.3,217,750,0
2024-11-20 09:50:00,76728.3,76811.1,76727.3,76804.2,160,750,0
2024-11-20 10:00:00,76792.3,76838.1,76764.9,76818.3,386,750,0
2024-11-20 10:10:00,76818.3,76935.1,76782.5,76885.8,391,750,0
2024-11-20 10:20:00,76885.8,76986.6,76885.8,76982.3,364,750,0
2024-11-20 10:30:00,76982.3,77019.6,76897.3,77019.6,349,750,0
2024-11-20 10:40:00,77016.1,77051.9,76957.9,77005.8,303,750,0
2024-11-20 10:50:00,77002.8,77030.1,76891.8,76965.4,303,750,0
2024-11-20 11:00:00,76967.4,77029.4,76933.2,77020.5,272,750,0
2024-11-20 11:10:00,77020.5,77128.8,77020.5,77105.7,206,750,0
2024-11-20 11:20:00,77105.7,77147.9,77041.5,77087.2,230,750,0
2024-11-20 11:30:00,77087.2,77142.8,77039.6,77134.8,227,750,0
2024-11-20 11:40:00,77133.3,77133.3,77033.7,77041.1,231,750,0
2024-11-20 11:50:00,77041.1,77052.5,76965.3,76974.7,203,750,0
2024-11-20 12:00:00,76974.7,76974.7,76893.0,76933.6,211,750,0
2024-11-20 12:10:00,76933.1,77015.9,76929.1,76972.3,221,750,0
2024-11-20 12:20:00,76972.3,76977.2,76918.4,76930.3,201,750,0
2024-11-20 12:30:00,76930.3,76990.1,76887.4,76987.0,254,750,0
2024-11-20 12:40:00,76987.0,76991.9,76906.9,76949.1,188,750,0
2024-11-20 12:50:00,76948.1,76983.9,76903.6,76909.5,195,750,0
2024-11-20 13:00:00,76909.5,76909.5,76822.1,76835.0,204,750,0
2024-11-20 13:10:00,76835.0,76879.4,76822.5,76868.7,204,750,0
2024-11-20 13:20:00,76868.7,76870.7,76751.2,76764.7,156,750,0
2024-11-20 13:30:00,76764.7,76809.9,76738.4,76740.5,182,750,0
2024-11-20 13:40:00,76740.5,76794.4,76712.8,76784.2,172,750,0
2024-11-20 13:50:00,76788.2,76851.0,76778.3,76815.1,221,750,0
2024-11-20 14:00:00,76816.1,76862.9,76800.9,76837.4,207,750,0
2024-11-20 14:10:00,76837.4,76871.1,76757.5,76757.5,179,750,0
2024-11-20 14:20:00,76760.0,76810.0,76742.2,76809.9,191,750,0
2024-11-20 14:30:00,76817.9,76881.9,76775.0,76862.1,244,750,0
2024-11-20 14:40:00,76862.0,77052.0,76862.0,77051.5,318,750,0
2024-11-20 14:50:00,77051.0,77051.0,76976.7,77023.8,192,750,0
2024-11-20 15:00:00,77023.8,77129.9,77023.8,77108.1,252,750,0
2024-11-20 15:10:00,77108.1,77142.8,77002.2,77054.6,240,750,0
2024-11-20 15:20:00,77056.0,77090.1,77006.4,77040.2,206,750,0
2024-11-20 15:30:00,77040.2,77112.6,77015.8,77027.8,249,750,0
2024-11-20 15:40:00,77026.8,77104.6,76990.1,77089.3,236,750,0
2024-11-20 15:50:00,77089.4,77127.0,77042.3,77047.3,196,750,0
2024-11-20 16:00:00,77047.3,77094.0,76977.3,77054.4,231,750,0
2024-11-20 16:10:00,77052.4,77057.7,76921.1,76934.0,231,750,0
2024-11-20 16:20:00,76939.0,76947.4,76772.7,76892.4,420,750,0
2024-11-20 16:30:00,76895.4,76895.4,76783.8,76803.2,460,750,0
2024-11-20 16:40:00,76807.2,76867.6,76755.1,76827.0,437,750,0
2024-11-20 16:50:00,76828.5,76990.1,76779.3,76916.6,281,750,0
2024-11-20 17:00:00,76915.6,76937.0,76761.7,76764.6,222,750,0
2024-11-20 17:10:00,76765.6,76778.5,76499.3,76511.3,195,750,0
2024-11-20 17:20:00,76511.3,76635.6,76448.8,76509.4,176,750,0
2024-11-20 17:30:00,76448.8,76448.8,76448.8,76448.8,1,11180,0
2024-11-21 08:30:00,76901.4,76995.9,76883.6,76897.5,104,750,0
2024-11-21 08:40:00,76897.5,76954.3,76893.6,76949.4,41,750,0
2024-11-21 08:50:00,76949.4,77029.0,76949.4,77000.2,44,750,0
2024-11-21 09:00:00,76993.7,77273.6,76984.3,77259.7,170,750,0
2024-11-21 09:10:00,77272.7,77288.7,77161.6,77288.7,206,750,0
2024-11-21 09:20:00,77288.7,77303.0,77075.9,77085.1,326,750,0
2024-11-21 09:30:00,77085.1,77313.8,77085.1,77306.2,318,750,0
2024-11-21 09:40:00,77306.2,77388.9,77180.7,77363.8,325,750,0
2024-11-21 09:50:00,77364.8,77427.2,77232.0,77252.9,271,750,0
2024-11-21 10:00:00,77252.9,77342.8,77206.1,77310.7,284,750,0
2024-11-21 10:10:00,77310.6,77429.2,77229.3,77298.0,319,750,0
2024-11-21 10:20:00,77296.1,77396.2,77296.1,77334.2,332,750,0
2024-11-21 10:30:00,77335.2,77413.7,77253.3,77412.1,292,750,0
2024-11-21 10:40:00,77412.1,77412.1,77289.1,77303.6,253,750,0
2024-11-21 10:50:00,77303.6,77339.9,77248.8,77311.0,266,750,0
2024-11-21 11:00:00,77311.0,77381.2,77272.4,77314.0,224,750,0
2024-11-21 11:10:00,77314.0,77329.6,77220.5,77225.5,227,750,0
2024-11-21 11:20:00,77225.5,77246.8,77026.5,77031.5,340,750,0
2024-11-21 11:30:00,77034.5,77089.9,76957.2,76998.4,307,750,0
2024-11-21 11:40:00,76998.4,77183.9,76978.0,77162.6,319,750,0
2024-11-21 11:50:00,77162.6,77164.0,77075.0,77111.2,227,750,0
2024-11-21 12:00:00,77112.1,77177.9,77076.2,77080.3,180,750,0
2024-11-21 12:10:00,77080.3,77096.2,76979.5,77002.6,195,750,0
2024-11-21 12:20:00,77002.6,77016.6,76876.8,76923.4,253,750,0
2024-11-21 12:30:00,76921.9,77042.7,76856.5,77042.4,271,750,0
2024-11-21 12:40:00,77042.4,77079.4,76967.0,76967.0,135,750,0
2024-11-21 12:50:00,76967.0,76998.4,76937.4,76948.3,116,750,0
2024-11-21 13:00:00,76948.3,77110.6,76948.3,77110.5,167,750,0
2024-11-21 13:10:00,77110.5,77162.6,77050.8,77147.5,211,750,0
2024-11-21 13:20:00,77147.5,77221.4,77133.4,77203.9,253,750,0
2024-11-21 13:30:00,77203.9,77219.3,77130.5,77178.5,228,750,0
2024-11-21 13:40:00,77178.0,77179.0,77130.8,77146.0,125,750,0
2024-11-21 13:50:00,77146.0,77164.8,77049.9,77081.4,183,750,0
2024-11-21 14:00:00,77071.9,77111.6,77048.3,77096.2,244,750,0
2024-11-21 14:10:00,77096.2,77151.5,77094.4,77146.0,203,750,0
2024-11-21 14:20:00,77146.0,77184.9,77127.7,77128.9,133,750,0
2024-11-21 14:30:00,77128.9,77161.2,77127.8,77139.4,143,750,0
2024-11-21 14:40:00,77139.4,77191.7,77139.4,77172.5,162,750,0
2024-11-21 14:50:00,77172.5,77189.9,77134.2,77154.9,220,750,0
2024-11-21 15:00:00,77153.0,77207.1,77133.2,77184.3,251,750,0
2024-11-21 15:10:00,77185.3,77377.1,77185.3,77377.1,281,750,0
2024-11-21 15:20:00,77384.0,77394.3,77251.0,77251.1,244,750,0
2024-11-21 15:30:00,77251.1,77377.3,77251.1,77355.8,245,750,0
2024-11-21 15:40:00,77355.8,77409.2,77259.7,77370.4,185,750,0
2024-11-21 15:50:00,77370.4,77398.7,77327.3,77353.4,202,750,0
2024-11-21 16:00:00,77353.4,77418.1,77349.4,77394.5,167,750,0
2024-11-21 16:10:00,77394.5,77410.4,77252.7,77261.2,262,750,0
2024-11-21 16:20:00,77261.2,77320.9,77211.2,77301.9,251,750,0
2024-11-21 16:30:00,77301.9,77301.9,77081.1,77098.4,424,750,0
2024-11-21 16:40:00,77097.5,77229.8,77086.5,77197.3,441,750,0
2024-11-21 16:50:00,77183.4,77198.3,77010.6,77055.3,276,750,0
2024-11-21 17:00:00,77060.3,77169.7,77053.4,77169.7,212,750,0
2024-11-21 17:10:00,77169.7,77316.9,77102.2,77296.1,176,750,0
2024-11-21 17:20:00,77296.1,77326.4,77024.8,77052.7,156,750,0
2024-11-22 08:30:00,77350.6,77408.2,77298.6,77301.6,70,750,0
2024-11-22 08:40:00,77301.6,77380.5,77301.6,77358.7,49,750,0
2024-11-22 08:50:00,77358.7,77373.6,77199.7,77265.3,60,750,0
2024-11-22 09:00:00,77265.3,77368.3,77169.9,77368.3,200,750,0
2024-11-22 09:10:00,77371.8,77409.6,77295.7,77352.1,168,750,0
2024-11-22 09:20:00,77352.1,77395.9,77284.0,77350.4,253,750,0
2024-11-22 09:30:00,77350.4,77467.8,77324.6,77428.4,213,750,0
2024-11-22 09:40:00,77428.4,77509.7,77408.2,77491.3,248,750,0
2024-11-22 09:50:00,77492.3,77561.5,77492.3,77522.6,258,750,0
2024-11-22 10:00:00,77521.7,77636.7,77429.1,77595.3,405,750,0
2024-11-22 10:10:00,77595.3,77649.4,77451.0,77468.9,309,750,0
2024-11-22 10:20:00,77468.9,77585.5,77468.9,77530.2,146,750,0
2024-11-22 10:30:00,77530.2,77648.0,77515.4,77598.5,181,750,0
2024-11-22 10:40:00,77598.5,77635.0,77542.3,77619.0,226,750,0
2024-11-22 10:50:00,77620.5,77638.7,77449.2,77456.5,186,750,0
2024-11-22 11:00:00,77456.5,77487.9,77335.8,77336.0,173,750,0
2024-11-22 11:10:00,77336.0,77336.0,77096.3,77129.1,338,750,0
2024-11-22 11:20:00,77129.1,77198.6,76971.8,77106.8,271,750,0
2024-11-22 11:30:00,77106.8,77185.1,76967.3,77100.3,205,750,0
2024-11-22 11:40:00,77088.3,77229.8,77065.5,77224.8,222,750,0
2024-11-22 11:50:00,77224.7,77239.8,77190.7,77233.8,220,750,0
2024-11-22 12:00:00,77233.8,77267.1,77141.7,77158.6,192,750,0
2024-11-22 12:10:00,77158.6,77158.6,77043.1,77104.2,228,750,0
2024-11-22 12:20:00,77104.2,77113.1,77015.3,77083.6,257,750,0
2024-11-22 12:30:00,77083.6,77271.0,77044.1,77261.1,251,750,0
2024-11-22 12:40:00,77261.1,77284.6,77190.9,77205.5,183,750,0
2024-11-22 12:50:00,77205.5,77282.5,77148.4,77149.4,110,750,0
2024-11-22 13:00:00,77149.4,77163.8,77096.7,77117.1,143,750,0
2024-11-22 13:10:00,77118.1,77132.9,76949.2,77062.8,191,750,0
2024-11-22 13:20:00,77062.8,77068.7,76938.8,76993.1,139,750,0
2024-11-22 13:30:00,76993.1,77051.2,76933.4,77019.8,143,750,0
2024-11-22 13:40:00,77022.8,77060.8,76935.4,76957.3,111,750,0
2024-11-22 13:50:00,76960.3,77012.9,76954.1,76964.4,130,750,0
2024-11-22 14:00:00,76964.4,77032.0,76959.5,76959.8,195,750,0
2024-11-22 14:10:00,76959.8,77086.4,76932.6,77086.4,198,750,0
2024-11-22 14:20:00,77087.4,77199.1,77059.6,77130.9,169,750,0
2024-11-22 14:30:00,77130.0,77191.9,77070.3,77114.5,163,750,0
2024-11-22 14:40:00,77114.5,77192.7,77059.2,77154.1,163,750,0
2024-11-22 14:50:00,77154.1,77203.4,77117.3,77193.0,140,750,0
2024-11-22 15:00:00,77194.9,77271.1,77190.4,77238.1,179,750,0
2024-11-22 15:10:00,77238.1,77312.1,77218.3,77254.9,192,750,0
2024-11-22 15:20:00,77253.9,77293.8,77154.3,77213.6,206,750,0
2024-11-22 15:30:00,77212.6,77217.0,77109.1,77111.0,193,750,0
2024-11-22 15:40:00,77111.0,77208.0,77105.6,77204.9,190,750,0
2024-11-22 15:50:00,77204.9,77204.9,77144.9,77160.0,186,750,0
2024-11-22 16:00:00,77161.0,77255.6,77161.0,77216.3,171,750,0
2024-11-22 16:10:00,77216.3,77257.0,77159.3,77175.7,154,750,0
2024-11-22 16:20:00,77175.7,77209.3,77111.1,77140.8,217,750,0
2024-11-22 16:30:00,77140.8,77220.0,77025.4,77220.0,268,750,0
2024-11-22 16:40:00,77221.0,77355.6,77203.0,77328.8,374,750,0
2024-11-22 16:50:00,77328.8,77328.8,77138.2,77197.8,300,750,0
2024-11-22 17:00:00,77197.8,77345.0,77162.0,77308.2,193,750,0
2024-11-22 17:10:00,77308.2,77343.1,77219.8,77338.2,217,750,0
2024-11-22 17:20:00,77338.2,77360.5,77188.2,77206.1,118,750,0
2024-11-25 08:30:00,77139.8,77462.1,77118.9,77385.6,157,750,0
2024-11-25 08:40:00,77386.5,77470.1,77325.0,77325.0,111,750,0
2024-11-25 08:50:00,77325.0,77464.3,77325.0,77425.6,168,750,0
2024-11-25 09:00:00,77425.6,77450.5,77333.2,77364.5,306,750,0
2024-11-25 09:10:00,77365.1,77387.0,77194.4,77214.5,347,750,0
2024-11-25 09:20:00,77214.5,77251.6,77090.9,77138.5,351,750,0
2024-11-25 09:30:00,77138.5,77214.8,77041.6,77125.9,299,750,0
2024-11-25 09:40:00,77127.8,77257.4,77060.6,77240.8,390,750,0
2024-11-25 09:50:00,77240.8,77249.2,77166.1,77224.3,259,750,0
2024-11-25 10:00:00,77225.2,77370.4,77176.6,77293.2,520,750,0
2024-11-25 10:10:00,77290.2,77407.9,77217.2,77374.8,425,750,0
2024-11-25 10:20:00,77373.8,77373.8,77140.4,77201.4,377,750,0
2024-11-25 10:30:00,77191.0,77225.6,77136.0,77136.6,382,750,0
2024-11-25 10:40:00,77138.5,77194.4,77116.0,77187.9,343,750,0
2024-11-25 10:50:00,77187.9,77200.9,77103.2,77127.0,329,750,0
2024-11-25 11:00:00,77131.0,77226.0,77101.4,77148.9,324,750,0
2024-11-25 11:10:00,77148.9,77274.2,77147.0,77272.6,326,750,0
2024-11-25 11:20:00,77274.1,77310.5,77231.0,77272.8,319,750,0
2024-11-25 11:30:00,77269.8,77315.4,77249.3,77291.3,326,750,0
2024-11-25 11:40:00,77291.3,77402.1,77253.1,77389.2,312,750,0
2024-11-25 11:50:00,77389.2,77407.3,77284.3,77309.0,355,750,0
2024-11-25 12:00:00,77308.0,77309.0,77226.8,77288.9,209,750,0
2024-11-25 12:10:00,77288.9,77353.7,77276.4,77306.7,215,750,0
2024-11-25 12:20:00,77306.7,77309.4,77247.8,77248.2,218,750,0
2024-11-25 12:30:00,77248.2,77295.3,77226.3,77228.3,188,750,0
2024-11-25 12:40:00,77228.8,77228.8,77126.1,77127.1,147,750,0
2024-11-25 12:50:00,77127.1,77147.4,77082.8,77112.4,183,750,0
2024-11-25 13:00:00,77112.4,77130.5,77038.8,77052.8,191,750,0
2024-11-25 13:10:00,77052.8,77074.9,76984.4,77029.0,207,750,0
2024-11-25 13:20:00,77030.5,77141.8,76995.7,77057.2,200,750,0
2024-11-25 13:30:00,77057.7,77090.8,77023.4,77035.8,226,750,0
2024-11-25 13:40:00,77035.8,77057.5,77011.7,77020.6,196,750,0
2024-11-25 13:50:00,77020.6,77032.5,76988.3,77000.0,228,750,0
2024-11-25 14:00:00,77002.5,77024.4,76895.0,76896.0,313,750,0
2024-11-25 14:10:00,76889.6,76902.2,76820.8,76887.4,295,750,0
2024-11-25 14:20:00,76888.4,76901.2,76821.9,76850.1,271,750,0
2024-11-25 14:30:00,76843.1,76931.5,76833.7,76917.6,247,750,0
2024-11-25 14:40:00,76917.6,76917.6,76800.6,76822.0,258,750,0
2024-11-25 14:50:00,76824.5,76859.2,76809.1,76809.1,311,750,0
2024-11-25 15:00:00,76809.1,76908.6,76795.9,76886.8,309,750,0
2024-11-25 15:10:00,76889.8,76963.9,76843.3,76934.9,293,750,0
2024-11-25 15:20:00,76928.9,76979.9,76903.0,76968.9,242,750,0
2024-11-25 15:30:00,76969.9,76981.3,76900.5,76919.2,259,750,0
2024-11-25 15:40:00,76924.7,76931.6,76827.4,76848.7,294,750,0
2024-11-25 15:50:00,76848.2,76868.5,76749.4,76798.1,250,750,0
2024-11-25 16:00:00,76794.1,76804.1,76747.5,76797.4,231,750,0
2024-11-25 16:10:00,76797.4,76809.4,76769.0,76794.1,291,750,0
2024-11-25 16:20:00,76794.2,76806.0,76752.9,76791.8,283,750,0
2024-11-25 16:30:00,76792.8,76823.8,76693.5,76805.6,444,750,0
2024-11-25 16:40:00,76805.6,76816.8,76715.9,76777.9,299,750,0
2024-11-25 16:50:00,76776.4,76776.4,76498.3,76498.3,349,750,0
2024-11-25 17:00:00,76495.3,76550.5,76414.4,76469.2,321,750,0
2024-11-25 17:10:00,76469.2,76527.3,76407.6,76460.3,150,750,0
2024-11-25 17:20:00,76460.3,76543.9,76419.7,76485.3,158,750,0
2024-11-26 08:30:00,76203.7,76292.2,76100.4,76137.2,111,750,0
2024-11-26 08:40:00,76149.6,76192.9,76093.5,76103.6,74,750,0
2024-11-26 08:50:00,76117.0,76123.5,76098.7,76103.7,68,750,0
2024-11-26 09:00:00,76113.1,76127.0,75972.5,76025.3,262,750,0
2024-11-26 09:10:00,76026.3,76221.0,76026.3,76192.1,305,750,0
2024-11-26 09:20:00,76192.1,76216.1,76077.1,76114.7,346,750,0
2024-11-26 09:30:00,76126.2,76176.7,76044.0,76155.5,248,750,0
2024-11-26 09:40:00,76156.5,76182.4,76094.7,76114.2,239,750,0
2024-11-26 09:50:00,76117.2,76243.3,76114.7,76236.0,367,750,0
2024-11-26 10:00:00,76250.4,76356.8,76161.5,76316.2,375,750,0
2024-11-26 10:10:00,76319.2,76388.3,76253.0,76338.2,475,750,0
2024-11-26 10:20:00,76338.2,76456.0,76259.1,76419.7,319,750,0
2024-11-26 10:30:00,76395.3,76514.5,76360.8,76514.5,381,750,0
2024-11-26 10:40:00,76515.5,76710.5,76460.6,76689.0,366,750,0
2024-11-26 10:50:00,76689.0,76739.1,76669.5,76708.9,275,750,0
2024-11-26 11:00:00,76708.9,76857.9,76708.9,76753.1,248,750,0
2024-11-26 11:10:00,76753.1,76935.1,76753.1,76882.4,301,750,0
2024-11-26 11:20:00,76881.4,76949.7,76759.0,76768.9,283,750,0
2024-11-26 11:30:00,76769.9,76796.0,76695.7,76732.2,147,750,0
2024-11-26 11:40:00,76732.2,76795.5,76698.4,76726.4,146,750,0
2024-11-26 11:50:00,76726.4,76728.0,76643.5,76682.4,145,750,0
2024-11-26 12:00:00,76683.3,76772.9,76672.6,76672.6,166,750,0
2024-11-26 12:10:00,76674.6,76808.7,76674.6,76780.7,163,750,0
2024-11-26 12:20:00,76781.1,76830.9,76751.5,76787.8,100,750,0
2024-11-26 12:30:00,76787.8,76827.9,76700.1,76700.1,143,750,0
2024-11-26 12:40:00,76700.1,76756.3,76662.3,76753.3,94,750,0
2024-11-26 12:50:00,76753.3,76824.0,76753.3,76792.9,124,750,0
2024-11-26 13:00:00,76792.9,76857.0,76755.2,76841.6,160,750,0
2024-11-26 13:10:00,76843.6,76896.1,76807.8,76856.0,218,750,0
2024-11-26 13:20:00,76856.0,76884.3,76759.3,76771.5,145,750,0
2024-11-26 13:30:00,76771.5,76821.8,76771.5,76811.3,145,750,0
2024-11-26 13:40:00,76811.7,76876.2,76792.8,76837.0,197,750,0
2024-11-26 13:50:00,76837.0,76883.5,76818.0,76824.1,229,750,0
2024-11-26 14:00:00,76824.1,76930.6,76824.1,76880.6,172,750,0
2024-11-26 14:10:00,76882.6,76991.3,76882.6,76967.0,248,750,0
2024-11-26 14:20:00,76967.0,76967.0,76807.6,76833.1,191,750,0
2024-11-26 14:30:00,76837.1,76912.6,76837.0,76877.4,190,750,0
2024-11-26 14:40:00,76883.4,76906.2,76851.8,76852.9,147,750,0
2024-11-26 14:50:00,76853.9,76947.1,76853.9,76931.0,190,750,0
2024-11-26 15:00:00,76904.2,76951.2,76904.2,76917.6,132,750,0
2024-11-26 15:10:00,76917.6,76976.0,76909.0,76927.9,216,750,0
2024-11-26 15:20:00,76927.9,76934.0,76818.4,76819.9,221,750,0
2024-11-26 15:30:00,76819.9,76848.4,76773.1,76813.7,185,750,0
2024-11-26 15:40:00,76815.7,76870.9,76804.9,76817.9,85,750,0
2024-11-26 15:50:00,76817.9,76826.5,76758.5,76814.2,118,750,0
2024-11-26 16:00:00,76814.2,76994.0,76814.2,76977.3,184,750,0
2024-11-26 16:10:00,76979.3,77041.4,76858.5,76916.2,239,750,0
2024-11-26 16:20:00,76916.2,77021.0,76916.2,76973.2,249,750,0
2024-11-26 16:30:00,76973.2,76998.6,76895.7,76932.7,261,750,0
2024-11-26 16:40:00,76932.7,77015.7,76826.4,77014.7,259,750,0
2024-11-26 16:50:00,77014.7,77061.9,76960.1,76960.1,210,750,0
2024-11-26 17:00:00,76961.1,77013.8,76901.1,76903.6,190,750,0
2024-11-26 17:10:00,76899.6,76926.5,76841.1,76853.0,146,750,0
2024-11-26 17:20:00,76854.0,76938.6,76820.8,76846.2,163,750,0
2024-11-27 08:30:00,77089.9,77147.6,77020.3,77114.9,96,750,0
2024-11-27 08:40:00,77114.9,77142.8,77091.1,77112.0,36,750,0
2024-11-27 08:50:00,77113.0,77144.5,77048.5,77131.1,55,750,0
2024-11-27 09:00:00,77130.1,77244.5,77040.6,77140.1,185,750,0
2024-11-27 09:10:00,77140.1,77247.3,77071.5,77210.0,188,750,0
2024-11-27 09:20:00,77210.0,77247.0,77138.2,77203.9,248,750,0
2024-11-27 09:30:00,77203.9,77266.8,77171.2,77213.9,185,750,0
2024-11-27 09:40:00,77213.9,77224.7,77163.6,77173.0,186,750,0
2024-11-27 09:50:00,77173.1,77266.7,77173.1,77208.6,211,750,0
2024-11-27 10:00:00,77208.6,77327.1,77049.3,77306.8,396,750,0
2024-11-27 10:10:00,77282.5,77333.4,77134.8,77210.6,395,750,0
2024-11-27 10:20:00,77211.6,77224.5,77086.0,77119.6,406,750,0
2024-11-27 10:30:00,77119.6,77132.1,77033.4,77055.7,372,750,0
2024-11-27 10:40:00,77055.7,77077.2,76990.7,77037.6,327,750,0
2024-11-27 10:50:00,77039.6,77057.6,76992.6,77028.0,299,750,0
2024-11-27 11:00:00,77028.0,77056.9,76945.8,76961.2,287,750,0
2024-11-27 11:10:00,76958.2,77073.0,76923.5,76985.1,291,750,0
2024-11-27 11:20:00,76985.1,77033.8,76939.6,76941.3,256,750,0
2024-11-27 11:30:00,76945.3,76945.3,76797.9,76864.0,310,750,0
2024-11-27 11:40:00,76864.0,76911.4,76784.9,76834.6,318,750,0
2024-11-27 11:50:00,76834.1,76951.9,76809.2,76928.6,250,750,0
2024-11-27 12:00:00,76928.7,76966.0,76864.5,76903.2,233,750,0
2024-11-27 12:10:00,76903.2,76927.7,76839.2,76870.1,197,750,0
2024-11-27 12:20:00,76870.1,76976.9,76870.1,76953.1,214,750,0
2024-11-27 12:30:00,76953.6,77011.5,76947.9,76951.9,188,750,0
2024-11-27 12:40:00,76951.9,76952.0,76827.4,76861.2,167,750,0
2024-11-27 12:50:00,76861.2,76886.1,76808.2,76861.9,150,750,0
2024-11-27 13:00:00,76861.9,76920.9,76828.3,76876.6,185,750,0
2024-11-27 13:10:00,76876.6,76883.6,76750.1,76782.2,225,750,0
2024-11-27 13:20:00,76783.3,76814.1,76738.7,76774.4,255,750,0
2024-11-27 13:30:00,76777.3,76799.4,76743.6,76763.5,203,750,0
2024-11-27 13:40:00,76765.5,76849.2,76731.7,76849.1,144,750,0
2024-11-27 13:50:00,76849.1,76898.0,76813.3,76895.5,155,750,0
2024-11-27 14:00:00,76895.5,76934.3,76783.3,76785.3,167,750,0
2024-11-27 14:10:00,76785.3,76854.2,76765.7,76825.4,178,750,0
2024-11-27 14:20:00,76825.4,76876.1,76775.9,76788.9,191,750,0
2024-11-27 14:30:00,76778.0,76869.6,76747.2,76869.1,211,750,0
2024-11-27 14:40:00,76871.1,76989.7,76838.3,76978.8,285,750,0
2024-11-27 14:50:00,76978.3,76991.3,76897.3,76901.3,212,750,0
2024-11-27 15:00:00,76901.3,76936.0,76820.7,76826.5,196,750,0
2024-11-27 15:10:00,76826.5,76826.5,76730.8,76745.0,207,750,0
2024-11-27 15:20:00,76746.0,76772.5,76717.9,76760.1,192,750,0
2024-11-27 15:30:00,76767.1,76835.4,76760.4,76827.7,293,750,0
2024-11-27 15:40:00,76827.7,76864.3,76769.8,76787.4,294,750,0
2024-11-27 15:50:00,76787.4,76832.0,76753.0,76800.3,269,750,0
2024-11-27 16:00:00,76800.3,76810.6,76662.8,76688.7,194,750,0
2024-11-27 16:10:00,76689.7,76798.7,76689.7,76781.2,289,750,0
2024-11-27 16:20:00,76778.2,76801.5,76734.7,76792.0,195,750,0
2024-11-27 16:30:00,76790.1,76883.5,76755.4,76869.7,352,750,0
2024-11-27 16:40:00,76871.7,76902.4,76802.3,76830.1,316,750,0
2024-11-27 16:50:00,76831.1,76847.5,76642.1,76654.1,277,750,0
2024-11-27 17:00:00,76655.6,76732.7,76632.3,76637.3,241,750,0
2024-11-27 17:10:00,76637.3,76664.7,76507.6,76526.0,223,750,0
2024-11-27 17:20:00,76526.0,76554.9,76441.5,76501.3,172,750,0
2024-11-28 08:30:00,76693.5,76774.1,76693.5,76753.3,49,750,0
2024-11-28 08:40:00,76753.3,76753.4,76693.7,76693.8,56,750,0
2024-11-28 08:50:00,76693.8,76693.8,76614.2,76645.1,38,750,0
2024-11-28 09:00:00,76645.1,76676.0,76592.9,76617.4,146,750,0
2024-11-28 09:10:00,76617.4,76624.4,76578.6,76603.6,114,750,0
2024-11-28 09:20:00,76603.6,76610.5,76459.7,76493.6,196,750,0
2024-11-28 09:30:00,76493.6,76529.6,76402.4,76512.3,164,750,0
2024-11-28 09:40:00,76512.3,76593.1,76480.4,76566.6,102,750,0
2024-11-28 09:50:00,76566.6,76568.0,76447.8,76449.4,115,750,0
2024-11-28 10:00:00,76451.4,76502.0,76369.2,76402.9,265,750,0
2024-11-28 10:10:00,76402.9,76620.7,76395.0,76613.4,327,750,0
2024-11-28 10:20:00,76613.4,76700.8,76589.2,76654.7,199,750,0
2024-11-28 10:30:00,76654.7,76697.7,76603.5,76637.6,202,750,0
2024-11-28 10:40:00,76637.6,76660.6,76475.6,76500.6,186,750,0
2024-11-28 10:50:00,76500.6,76646.5,76477.8,76626.7,172,750,0
2024-11-28 11:00:00,76627.7,76629.6,76551.3,76585.0,116,750,0
2024-11-28 11:10:00,76587.0,76692.2,76587.0,76665.6,160,750,0
2024-11-28 11:20:00,76665.6,76697.4,76627.0,76697.4,199,750,0
2024-11-28 11:30:00,76696.9,76753.3,76670.3,76722.0,181,750,0
2024-11-28 11:40:00,76722.0,76767.6,76701.9,76741.3,128,750,0
2024-11-28 11:50:00,76741.3,76765.0,76673.0,76675.9,139,750,0
2024-11-28 12:00:00,76675.9,76719.5,76613.4,76637.3,156,750,0
2024-11-28 12:10:00,76637.3,76664.0,76600.0,76601.0,111,750,0
2024-11-28 12:20:00,76601.0,76610.5,76551.6,76588.8,66,750,0
2024-11-28 12:30:00,76588.8,76633.6,76588.8,76608.1,68,750,0
2024-11-28 12:40:00,76609.1,76610.1,76552.2,76554.6,62,750,0
2024-11-28 12:50:00,76554.6,76603.2,76518.1,76527.0,103,750,0
2024-11-28 13:00:00,76527.0,76617.0,76496.0,76576.2,105,750,0
2024-11-28 13:10:00,76576.2,76588.1,76507.2,76512.4,112,750,0
2024-11-28 13:20:00,76512.4,76524.5,76463.3,76469.2,129,750,0
2024-11-28 13:30:00,76469.2,76484.0,76463.0,76467.0,98,750,0
2024-11-28 13:40:00,76467.0,76517.0,76441.4,76482.2,93,750,0
2024-11-28 13:50:00,76482.2,76551.2,76477.7,76517.8,101,750,0
2024-11-28 14:00:00,76517.8,76556.5,76438.4,76461.7,153,750,0
2024-11-28 14:10:00,76461.7,76480.6,76421.6,76445.1,136,750,0
2024-11-28 14:20:00,76445.1,76484.1,76445.1,76471.2,127,750,0
2024-11-28 14:30:00,76464.3,76479.4,76423.3,76469.9,173,750,0
2024-11-28 14:40:00,76469.9,76476.6,76384.2,76387.5,203,750,0
2024-11-28 14:50:00,76387.0,76408.5,76362.4,76366.9,190,750,0
2024-11-28 15:00:00,76366.9,76457.8,76366.9,76398.1,149,750,0
2024-11-28 15:10:00,76398.1,76450.8,76383.7,76430.8,133,750,0
2024-11-28 15:20:00,76430.8,76448.0,76365.8,76378.7,130,750,0
2024-11-28 15:30:00,76380.7,76399.2,76279.8,76351.7,289,750,0
2024-11-28 15:40:00,76351.7,76431.9,76351.7,76419.4,167,750,0
2024-11-28 15:50:00,76418.9,76452.3,76384.0,76452.3,131,750,0
2024-11-28 16:00:00,76452.3,76484.0,76417.2,76465.1,169,750,0
2024-11-28 16:10:00,76465.1,76542.4,76437.1,76446.2,168,750,0
2024-11-28 16:20:00,76446.2,76483.0,76410.6,76458.8,150,750,0
2024-11-28 16:30:00,76458.8,76494.4,76400.9,76493.4,217,750,0
2024-11-28 16:40:00,76493.4,76502.8,76430.1,76443.1,218,750,0
2024-11-28 16:50:00,76443.1,76443.1,76326.8,76329.3,215,750,0
2024-11-28 17:00:00,76329.3,76470.6,76329.3,76412.5,112,750,0
2024-11-28 17:10:00,76412.0,76415.0,76306.5,76371.3,178,750,0
2024-11-28 17:20:00,76371.3,76424.5,76363.9,76395.3,125,750,0
2024-11-29 08:30:00,76518.8,76566.6,76372.6,76418.4,75,750,0
2024-11-29 08:40:00,76418.4,76451.3,76293.1,76356.3,60,750,0
2024-11-29 08:50:00,76353.3,76454.5,76279.2,76433.6,81,750,0
2024-11-29 09:00:00,76435.6,76486.4,76294.3,76421.8,182,750,0
2024-11-29 09:10:00,76417.8,76417.8,76224.3,76271.3,196,750,0
2024-11-29 09:20:00,76271.3,76428.7,76229.4,76426.8,136,750,0
2024-11-29 09:30:00,76426.8,76428.0,76258.0,76322.1,91,750,0
2024-11-29 09:40:00,76322.1,76363.9,76271.2,76316.0,112,750,0
2024-11-29 09:50:00,76316.0,76331.9,76224.4,76225.6,196,750,0
2024-11-29 10:00:00,76225.6,76338.3,76195.0,76288.0,229,750,0
2024-11-29 10:10:00,76288.0,76298.5,76217.9,76274.8,183,750,0
2024-11-29 10:20:00,76287.2,76319.4,76204.5,76307.3,247,750,0
2024-11-29 10:30:00,76307.3,76341.7,76173.8,76196.7,170,750,0
2024-11-29 10:40:00,76196.7,76214.6,76094.1,76164.0,267,750,0
2024-11-29 10:50:00,76164.0,76225.7,76155.1,76178.0,176,750,0
2024-11-29 11:00:00,76178.0,76262.6,76154.1,76262.6,193,750,0
2024-11-29 11:10:00,76262.6,76277.6,76200.8,76207.3,180,750,0
2024-11-29 11:20:00,76207.3,76207.3,76136.7,76194.7,140,750,0
2024-11-29 11:30:00,76194.7,76219.7,76167.4,76202.4,169,750,0
2024-11-29 11:40:00,76202.4,76214.9,76142.2,76202.0,136,750,0
2024-11-29 11:50:00,76202.0,76213.5,76155.8,76210.1,117,750,0
2024-11-29 12:00:00,76176.7,76202.1,76140.0,76160.2,133,750,0
2024-11-29 12:10:00,76160.2,76188.7,76143.2,76173.7,165,750,0
2024-11-29 12:20:00,76173.7,76182.7,76119.2,76134.8,171,750,0
2024-11-29 12:30:00,76134.8,76169.1,76121.5,76151.2,195,750,0
2024-11-29 12:40:00,76151.2,76228.8,76151.2,76195.4,96,750,0
2024-11-29 12:50:00,76195.4,76226.8,76181.6,76205.4,148,750,0
2024-11-29 13:00:00,76205.4,76304.6,76165.1,76294.0,177,750,0
2024-11-29 13:10:00,76294.0,76299.8,76135.4,76137.4,167,750,0
2024-11-29 13:20:00,76137.4,76253.4,76135.5,76235.8,165,750,0
2024-11-29 13:30:00,76235.8,76346.6,76235.8,76346.6,120,750,0
2024-11-29 13:40:00,76346.6,76357.9,76287.6,76312.6,119,750,0
2024-11-29 13:50:00,76312.6,76312.6,76237.0,76269.2,150,750,0
2024-11-29 14:00:00,76268.6,76345.8,76234.3,76332.0,174,750,0
2024-11-29 14:10:00,76332.0,76373.7,76300.7,76311.0,176,750,0
2024-11-29 14:20:00,76309.0,76349.2,76297.5,76330.4,181,750,0
2024-11-29 14:30:00,76331.4,76384.7,76318.1,76376.7,126,750,0
2024-11-29 14:40:00,76376.7,76387.1,76342.4,76361.4,103,750,0
2024-11-29 14:50:00,76361.4,76448.7,76357.5,76423.4,133,750,0
2024-11-29 15:00:00,76420.4,76443.4,76390.9,76391.9,165,750,0
2024-11-29 15:10:00,76390.9,76445.2,76302.4,76370.0,203,750,0
2024-11-29 15:20:00,76370.0,76391.0,76335.5,76349.1,138,750,0
2024-11-29 15:30:00,76349.1,76370.1,76308.9,76316.4,220,750,0
2024-11-29 15:40:00,76316.4,76326.1,76212.8,76310.3,190,750,0
2024-11-29 15:50:00,76310.3,76346.2,76288.0,76332.1,108,750,0
2024-11-29 16:00:00,76335.0,76355.9,76290.1,76297.1,140,750,0
2024-11-29 16:10:00,76297.1,76300.6,76163.7,76181.7,204,750,0
2024-11-29 16:20:00,76181.7,76273.9,76163.9,76180.6,183,750,0
2024-11-29 16:30:00,76181.1,76287.0,76166.7,76223.7,241,750,0
2024-11-29 16:40:00,76222.3,76226.8,76088.3,76128.9,267,750,0
2024-11-29 16:50:00,76128.9,76165.3,76035.0,76066.9,234,750,0
2024-11-29 17:00:00,76068.9,76267.1,76068.9,76245.2,200,750,0
2024-11-29 17:10:00,76246.2,76473.8,76245.2,76473.8,220,750,0
2024-11-29 17:20:00,76470.8,76470.8,76325.0,76385.8,120,750,0
2024-12-02 08:30:00,76308.4,76356.3,76235.2,76326.0,90,750,0
2024-12-02 08:40:00,76326.0,76481.5,76326.0,76458.6,84,750,0
2024-12-02 08:50:00,76458.6,76474.5,76417.7,76453.7,175,750,0
2024-12-02 09:00:00,76453.7,76460.7,76308.8,76369.6,209,750,0
2024-12-02 09:10:00,76370.1,76447.2,76317.9,76416.3,253,750,0
2024-12-02 09:20:00,76416.3,76601.6,76416.3,76516.2,347,750,0
2024-12-02 09:30:00,76518.2,76562.8,76471.4,76540.3,221,750,0
2024-12-02 09:40:00,76540.3,76566.7,76465.9,76507.2,162,750,0
2024-12-02 09:50:00,76507.2,76546.3,76410.2,76536.3,210,750,0
2024-12-02 10:00:00,76536.3,76588.4,76433.5,76555.1,243,750,0
2024-12-02 10:10:00,76555.1,76653.2,76554.3,76630.8,259,750,0
2024-12-02 10:20:00,76630.8,76639.8,76552.0,76562.0,223,750,0
2024-12-02 10:30:00,76563.0,76601.8,76515.5,76559.2,206,750,0
2024-12-02 10:40:00,76559.2,76739.5,76557.8,76731.0,192,750,0
2024-12-02 10:50:00,76732.5,76758.8,76674.1,76687.9,155,750,0
2024-12-02 11:00:00,76698.9,76794.3,76646.9,76698.0,200,750,0
2024-12-02 11:10:00,76698.0,76753.0,76608.3,76641.2,198,750,0
2024-12-02 11:20:00,76627.7,76665.0,76590.9,76636.0,152,750,0
2024-12-02 11:30:00,76636.0,76696.2,76546.7,76621.9,100,750,0
2024-12-02 11:40:00,76621.9,76689.1,76610.8,76648.8,116,750,0
2024-12-02 11:50:00,76648.8,76727.3,76648.8,76688.9,136,750,0
2024-12-02 12:00:00,76686.9,76860.9,76649.1,76851.5,266,750,0
2024-12-02 12:10:00,76851.5,76895.6,76805.6,76865.6,181,750,0
2024-12-02 12:20:00,76866.6,76922.3,76852.9,76855.1,214,750,0
2024-12-02 12:30:00,76856.1,76935.8,76856.1,76900.9,180,750,0
2024-12-02 12:40:00,76902.9,76929.9,76886.3,76915.8,161,750,0
2024-12-02 12:50:00,76915.8,76918.1,76864.5,76880.9,147,750,0
2024-12-02 13:00:00,76880.9,76946.2,76880.9,76921.8,167,750,0
2024-12-02 13:10:00,76921.8,76997.1,76920.8,76952.3,187,750,0
2024-12-02 13:20:00,76952.3,76990.3,76936.6,76959.5,153,750,0
2024-12-02 13:30:00,76959.5,76974.8,76927.1,76974.3,153,750,0
2024-12-02 13:40:00,76974.3,77071.4,76974.3,77037.5,207,750,0
2024-12-02 13:50:00,77026.6,77090.7,77016.2,77027.1,200,750,0
2024-12-02 14:00:00,77027.1,77170.5,77016.2,77129.9,289,750,0
2024-12-02 14:10:00,77129.9,77242.2,77100.5,77174.3,274,750,0
2024-12-02 14:20:00,77174.8,77212.3,77149.8,77212.3,202,750,0
2024-12-02 14:30:00,77212.3,77271.0,77197.8,77213.2,249,750,0
2024-12-02 14:40:00,77217.1,77272.7,77199.6,77243.2,292,750,0
2024-12-02 14:50:00,77243.2,77400.9,77242.9,77388.5,342,750,0
2024-12-02 15:00:00,77391.4,77456.7,77326.8,77418.4,286,750,0
2024-12-02 15:10:00,77418.4,77423.3,77308.1,77318.2,209,750,0
2024-12-02 15:20:00,77318.2,77380.7,77315.1,77326.8,201,750,0
2024-12-02 15:30:00,77326.8,77472.7,77321.4,77435.7,244,750,0
2024-12-02 15:40:00,77435.7,77513.5,77387.4,77483.8,255,750,0
2024-12-02 15:50:00,77483.8,77531.4,77425.1,77472.7,223,750,0
2024-12-02 16:00:00,77472.7,77540.9,77460.5,77485.2,277,750,0
2024-12-02 16:10:00,77488.7,77488.7,77411.1,77465.4,303,750,0
2024-12-02 16:20:00,77465.4,77518.9,77452.0,77512.3,265,750,0
2024-12-02 16:30:00,77512.3,77553.9,77406.1,77461.0,426,750,0
2024-12-02 16:40:00,77461.4,77474.9,77286.8,77361.3,327,750,0
2024-12-02 16:50:00,77361.3,77382.2,77210.6,77235.0,334,750,0
2024-12-02 17:00:00,77230.5,77271.5,77087.7,77230.2,274,750,0
2024-12-02 17:10:00,77230.7,77342.3,77182.4,77323.9,266,750,0
2024-12-02 17:20:00,77323.9,77429.0,77287.1,77424.6,225,750,0
2024-12-03 08:30:00,77499.1,77614.7,77499.1,77571.0,46,1940,0
2024-12-03 08:40:00,77571.0,77656.7,77567.5,77656.7,77,750,0
2024-12-03 08:50:00,77656.7,77660.3,77638.9,77639.0,22,750,0
2024-12-03 09:00:00,77640.9,77640.9,77457.8,77520.6,188,750,0
2024-12-03 09:10:00,77521.6,77549.5,77423.0,77530.0,192,750,0
2024-12-03 09:20:00,77541.5,77676.7,77479.9,77649.0,263,750,0
2024-12-03 09:30:00,77645.5,77697.3,77497.3,77539.3,293,750,0
2024-12-03 09:40:00,77539.3,77694.0,77451.7,77552.9,304,750,0
2024-12-03 09:50:00,77553.9,77618.4,77425.9,77589.4,248,750,0
2024-12-03 10:00:00,77592.4,77685.7,77554.6,77673.6,357,750,0
2024-12-03 10:10:00,77675.6,77704.2,77552.3,77674.5,360,750,0
2024-12-03 10:20:00,77676.0,77822.5,77650.6,77821.4,323,750,0
2024-12-03 10:30:00,77821.9,77973.4,77791.3,77922.3,377,750,0
2024-12-03 10:40:00,77920.8,77974.1,77873.5,77967.1,278,750,0
2024-12-03 10:50:00,77967.1,78003.6,77937.9,77975.0,241,750,0
2024-12-03 11:00:00,77997.9,78048.9,77949.2,78032.5,320,750,0
2024-12-03 11:10:00,78035.5,78054.8,77953.4,78010.1,323,750,0
2024-12-03 11:20:00,78011.1,78074.1,77986.3,78003.7,322,750,0
2024-12-03 11:30:00,78003.7,78003.7,77855.0,77966.0,250,750,0
2024-12-03 11:40:00,77966.0,77984.7,77909.3,77984.7,150,750,0
2024-12-03 11:50:00,77978.3,77978.8,77893.0,77949.8,163,750,0
2024-12-03 12:00:00,77953.7,77971.7,77925.1,77967.8,191,750,0
2024-12-03 12:10:00,77968.8,77993.2,77876.7,77910.0,291,750,0
2024-12-03 12:20:00,77910.0,77920.6,77858.0,77910.7,174,750,0
2024-12-03 12:30:00,77910.7,77968.9,77866.3,77903.1,234,750,0
2024-12-03 12:40:00,77901.7,77916.9,77867.8,77868.8,253,750,0
2024-12-03 12:50:00,77868.8,77893.6,77823.1,77845.8,233,750,0
2024-12-03 13:00:00,77846.3,77868.2,77781.7,77781.7,265,750,0
2024-12-03 13:10:00,77778.2,77786.2,77740.6,77757.6,215,750,0
2024-12-03 13:20:00,77757.1,77805.9,77740.7,77750.6,230,750,0
2024-12-03 13:30:00,77750.6,77758.6,77654.2,77673.2,179,750,0
2024-12-03 13:40:00,77673.2,77716.7,77652.6,77711.9,164,750,0
2024-12-03 13:50:00,77711.9,77773.3,77701.9,77750.5,118,750,0
2024-12-03 14:00:00,77750.5,77807.8,77747.9,77790.8,90,750,0
2024-12-03 14:10:00,77790.8,77886.0,77705.0,77705.0,200,750,0
2024-12-03 14:20:00,77705.0,77705.0,77610.4,77627.3,292,750,0
2024-12-03 14:30:00,77627.3,77654.3,77588.6,77596.7,217,750,0
2024-12-03 14:40:00,77596.2,77609.2,77515.7,77556.4,152,750,0
2024-12-03 14:50:00,77556.4,77612.9,77503.7,77543.3,193,750,0
2024-12-03 15:00:00,77544.3,77679.6,77542.9,77679.6,171,750,0
2024-12-03 15:10:00,77685.5,77723.0,77658.0,77683.9,208,750,0
2024-12-03 15:20:00,77683.9,77693.8,77607.2,77638.0,187,750,0
2024-12-03 15:30:00,77638.0,77670.4,77571.3,77616.5,216,750,0
2024-12-03 15:40:00,77616.5,77699.9,77590.8,77651.9,258,750,0
2024-12-03 15:50:00,77652.0,77670.4,77534.9,77551.9,330,750,0
2024-12-03 16:00:00,77551.9,77586.9,77497.0,77504.0,266,750,0
2024-12-03 16:10:00,77523.4,77523.4,77351.3,77400.9,333,750,0
2024-12-03 16:20:00,77378.0,77412.0,77254.8,77286.7,402,750,0
2024-12-03 16:30:00,77295.2,77364.5,77132.1,77160.5,352,750,0
2024-12-03 16:40:00,77160.5,77285.2,77076.9,77255.2,297,750,0
2024-12-03 16:50:00,77256.2,77268.1,77173.1,77201.6,258,750,0
2024-12-03 17:00:00,77206.5,77427.7,77206.5,77359.0,265,750,0
2024-12-03 17:10:00,77359.0,77382.5,77266.4,77324.3,158,750,0
2024-12-03 17:20:00,77324.3,77362.3,77302.5,77303.6,150,750,0
2024-12-04 08:30:00,77311.8,77421.5,77266.0,77420.0,107,750,0
2024-12-04 08:40:00,77420.5,77477.4,77418.5,77443.6,94,750,0
2024-12-04 08:50:00,77443.6,77488.5,77356.0,77408.8,51,750,0
2024-12-04 09:00:00,77408.8,77547.3,77357.1,77488.7,219,750,0
2024-12-04 09:10:00,77488.7,77600.3,77485.7,77568.3,175,750,0
2024-12-04 09:20:00,77568.3,77600.9,77493.8,77573.4,223,750,0
2024-12-04 09:30:00,77571.9,77617.2,77551.4,77576.0,186,750,0
2024-12-04 09:40:00,77576.0,77645.7,77548.8,77639.7,231,750,0
2024-12-04 09:50:00,77640.7,77718.6,77608.9,77652.0,257,750,0
2024-12-04 10:00:00,77652.4,77711.4,77615.3,77690.7,255,750,0
2024-12-04 10:10:00,77692.2,77758.3,77685.5,77748.0,324,750,0
2024-12-04 10:20:00,77748.0,77791.7,77694.1,77708.9,284,750,0
2024-12-04 10:30:00,77709.0,77718.1,77608.5,77621.6,289,750,0
2024-12-04 10:40:00,77621.6,77705.3,77591.5,77654.0,175,750,0
2024-12-04 10:50:00,77654.0,77733.6,77624.6,77728.8,132,750,0
2024-12-04 11:00:00,77728.8,77824.5,77696.2,77717.7,195,750,0
2024-12-04 11:10:00,77717.7,77766.4,77665.9,77737.1,211,750,0
2024-12-04 11:20:00,77737.1,77825.2,77710.2,77825.2,167,750,0
2024-12-04 11:30:00,77825.2,77842.0,77796.4,77809.5,238,750,0
2024-12-04 11:40:00,77810.5,77855.3,77786.2,77834.9,247,750,0
2024-12-04 11:50:00,77834.8,77857.8,77762.3,77820.0,152,750,0
2024-12-04 12:00:00,77823.0,77906.1,77806.0,77858.1,171,750,0
2024-12-04 12:10:00,77858.1,77892.5,77833.4,77883.9,225,750,0
2024-12-04 12:20:00,77886.9,77892.4,77808.9,77838.9,178,750,0
2024-12-04 12:30:00,77841.9,77912.8,77830.6,77838.7,203,750,0
2024-12-04 12:40:00,77837.7,77879.0,77819.8,77821.8,161,750,0
2024-12-04 12:50:00,77821.8,77904.7,77821.8,77894.6,154,750,0
2024-12-04 13:00:00,77894.6,77895.6,77838.1,77841.5,206,750,0
2024-12-04 13:10:00,77841.5,77869.8,77806.8,77827.5,159,750,0
2024-12-04 13:20:00,77827.5,77919.5,77827.5,77905.5,176,750,0
2024-12-04 13:30:00,77921.4,77924.6,77869.8,77894.7,140,750,0
2024-12-04 13:40:00,77894.7,77894.7,77821.6,77829.4,155,750,0
2024-12-04 13:50:00,77829.4,77892.8,77810.4,77868.1,174,750,0
2024-12-04 14:00:00,77865.1,77954.6,77831.7,77949.2,212,750,0
2024-12-04 14:10:00,77949.2,78032.9,77911.1,77932.5,239,750,0
2024-12-04 14:20:00,77932.5,77955.0,77867.4,77868.4,171,750,0
2024-12-04 14:30:00,77868.4,77885.4,77741.3,77763.7,183,750,0
2024-12-04 14:40:00,77763.7,77786.2,77717.0,77773.5,175,750,0
2024-12-04 14:50:00,77773.5,77787.9,77674.5,77681.2,155,750,0
2024-12-04 15:00:00,77681.2,77728.7,77662.9,77728.6,233,750,0
2024-12-04 15:10:00,77728.6,77775.4,77709.8,77712.7,163,750,0
2024-12-04 15:20:00,77712.7,77714.8,77676.7,77709.8,136,750,0
2024-12-04 15:30:00,77710.7,77713.7,77663.2,77692.2,188,750,0
2024-12-04 15:40:00,77699.6,77707.0,77655.0,77666.5,170,750,0
2024-12-04 15:50:00,77666.5,77714.1,77655.5,77655.5,247,750,0
2024-12-04 16:00:00,77657.5,77740.3,77655.0,77709.8,195,750,0
2024-12-04 16:10:00,77709.8,77821.4,77709.8,77753.4,154,750,0
2024-12-04 16:20:00,77753.4,77797.9,77725.2,77788.8,92,750,0
2024-12-04 16:30:00,77788.8,77792.9,77671.9,77771.7,201,750,0
2024-12-04 16:40:00,77771.7,77797.9,77626.7,77699.6,262,750,0
2024-12-04 16:50:00,77699.6,77702.1,77636.5,77636.5,148,750,0
2024-12-04 17:00:00,77652.4,77781.0,77625.5,77766.6,198,750,0
2024-12-04 17:10:00,77766.1,77829.9,77662.1,77724.9,175,750,0
2024-12-04 17:20:00,77724.9,77880.9,77723.4,77770.4,198,750,0
2024-12-04 17:30:00,77775.3,77775.3,77775.3,77775.3,1,7020,0
2024-12-05 08:30:00,77733.7,77910.1,77733.7,77808.5,98,750,0
2024-12-05 08:40:00,77808.5,77887.3,77761.8,77761.8,62,750,0
2024-12-05 08:50:00,77761.8,77811.8,77761.8,77805.8,51,750,0
2024-12-05 09:00:00,77805.8,77808.8,77689.2,77732.2,128,750,0
2024-12-05 09:10:00,77733.2,77943.9,77719.3,77943.9,138,750,0
2024-12-05 09:20:00,77943.9,78036.5,77863.0,78036.5,119,750,0
2024-12-05 09:30:00,78029.6,78059.6,77930.7,78052.8,157,750,0
2024-12-05 09:40:00,78052.8,78143.3,78035.4,78114.9,179,750,0
2024-12-05 09:50:00,78114.9,78132.3,78078.4,78107.1,192,750,0
2024-12-05 10:00:00,78107.1,78280.0,78092.1,78280.0,359,750,0
2024-12-05 10:10:00,78280.0,78353.1,78265.9,78350.0,355,750,0
2024-12-05 10:20:00,78350.0,78421.9,78332.9,78400.0,374,750,0
2024-12-05 10:30:00,78403.0,78420.9,78347.9,78408.3,337,750,0
2024-12-05 10:40:00,78408.3,78428.6,78359.0,78412.5,229,750,0
2024-12-05 10:50:00,78406.5,78468.3,78385.8,78458.8,248,750,0
2024-12-05 11:00:00,78460.3,78486.1,78439.4,78450.3,279,750,0
2024-12-05 11:10:00,78450.3,78477.6,78440.8,78470.4,222,750,0
2024-12-05 11:20:00,78470.9,78470.9,78388.1,78440.3,165,750,0
2024-12-05 11:30:00,78438.3,78552.3,78418.0,78512.2,262,750,0
2024-12-05 11:40:00,78516.2,78545.0,78434.9,78444.8,204,750,0
2024-12-05 11:50:00,78446.8,78527.4,78444.8,78505.7,98,750,0
2024-12-05 12:00:00,78505.7,78563.7,78504.8,78524.9,137,750,0
2024-12-05 12:10:00,78524.9,78564.4,78504.7,78555.8,128,750,0
2024-12-05 12:20:00,78555.8,78560.3,78481.8,78510.6,118,750,0
2024-12-05 12:30:00,78506.6,78513.7,78476.0,78513.7,168,750,0
2024-12-05 12:40:00,78513.6,78544.0,78400.0,78400.0,167,750,0
2024-12-05 12:50:00,78400.0,78400.0,78334.5,78340.3,182,750,0
2024-12-05 13:00:00,78340.3,78409.7,78335.8,78396.3,186,750,0
2024-12-05 13:10:00,78394.3,78474.3,78378.1,78470.2,160,750,0
2024-12-05 13:20:00,78470.2,78470.2,78389.8,78396.8,147,750,0
2024-12-05 13:30:00,78396.9,78453.5,78380.0,78446.0,145,750,0
2024-12-05 13:40:00,78446.0,78453.9,78302.4,78310.5,155,750,0
2024-12-05 13:50:00,78310.5,78377.9,78302.8,78355.0,76,750,0
2024-12-05 14:00:00,78355.0,78400.4,78331.1,78379.9,132,750,0
2024-12-05 14:10:00,78364.5,78377.7,78312.6,78313.6,110,750,0
2024-12-05 14:20:00,78312.6,78322.9,78250.7,78256.7,212,750,0
2024-12-05 14:30:00,78255.7,78270.3,78213.1,78215.2,217,750,0
2024-12-05 14:40:00,78220.6,78238.7,78177.9,78219.8,239,750,0
2024-12-05 14:50:00,78218.8,78237.7,78152.7,78153.7,231,750,0
2024-12-05 15:00:00,78155.7,78231.4,78126.4,78137.3,252,750,0
2024-12-05 15:10:00,78138.8,78157.5,78095.6,78156.5,231,750,0
2024-12-05 15:20:00,78158.5,78160.5,78097.9,78112.4,238,750,0
2024-12-05 15:30:00,78112.4,78220.8,78096.5,78169.3,185,750,0
2024-12-05 15:40:00,78169.3,78189.3,78121.7,78187.8,172,750,0
2024-12-05 15:50:00,78188.8,78301.4,78175.3,78268.5,137,750,0
2024-12-05 16:00:00,78268.5,78291.0,78188.5,78203.0,217,750,0
2024-12-05 16:10:00,78206.5,78241.2,78186.4,78207.6,268,750,0
2024-12-05 16:20:00,78211.1,78219.6,78129.3,78129.3,190,750,0
2024-12-05 16:30:00,78129.3,78221.0,78121.9,78221.0,255,750,0
2024-12-05 16:40:00,78228.9,78245.2,78172.3,78177.1,207,750,0
2024-12-05 16:50:00,78176.1,78315.7,78158.7,78269.4,180,750,0
2024-12-05 17:00:00,78270.4,78336.2,78270.4,78275.6,115,750,0
2024-12-05 17:10:00,78275.6,78304.6,78211.8,78279.7,106,750,0
2024-12-05 17:20:00,78280.2,78317.6,78244.9,78271.9,157,750,0
2024-12-06 08:30:00,78455.0,78532.8,78401.2,78529.9,67,750,0
2024-12-06 08:40:00,78529.9,78539.8,78490.1,78501.1,47,750,0
2024-12-06 08:50:00,78501.1,78520.1,78393.5,78453.4,71,750,0
2024-12-06 09:00:00,78453.4,78474.4,78288.1,78314.0,121,750,0
2024-12-06 09:10:00,78314.0,78323.1,78263.2,78306.3,100,750,0
2024-12-06 09:20:00,78306.3,78390.1,78296.4,78346.3,116,750,0
2024-12-06 09:30:00,78350.3,78408.3,78333.4,78380.3,178,750,0
2024-12-06 09:40:00,78382.3,78463.8,78375.3,78463.8,188,750,0
2024-12-06 09:50:00,78463.8,78499.2,78361.7,78370.2,248,750,0
2024-12-06 10:00:00,78381.6,78523.7,78370.7,78513.9,306,750,0
2024-12-06 10:10:00,78513.9,78562.0,78441.9,78560.0,335,750,0
2024-12-06 10:20:00,78560.0,78682.3,78538.1,78672.8,248,750,0
2024-12-06 10:30:00,78672.8,78702.7,78638.9,78649.2,263,750,0
2024-12-06 10:40:00,78649.2,78756.2,78600.7,78600.7,226,750,0
2024-12-06 10:50:00,78600.7,78662.6,78505.7,78532.5,240,750,0
2024-12-06 11:00:00,78532.5,78557.2,78459.9,78465.0,169,750,0
2024-12-06 11:10:00,78465.0,78506.9,78387.6,78401.4,163,750,0
2024-12-06 11:20:00,78401.4,78484.0,78371.5,78436.3,114,750,0
2024-12-06 11:30:00,78436.3,78464.5,78412.3,78441.0,136,750,0
2024-12-06 11:40:00,78441.0,78492.7,78423.1,78475.6,165,750,0
2024-12-06 11:50:00,78475.6,78481.0,78374.2,78374.2,138,750,0
2024-12-06 12:00:00,78376.2,78392.3,78341.7,78365.8,158,750,0
2024-12-06 12:10:00,78365.8,78434.1,78365.8,78382.0,146,750,0
2024-12-06 12:20:00,78382.0,78413.7,78344.0,78372.6,142,750,0
2024-12-06 12:30:00,78373.1,78408.8,78338.3,78365.7,190,750,0
2024-12-06 12:40:00,78365.7,78379.7,78332.0,78357.0,157,750,0
2024-12-06 12:50:00,78357.0,78383.8,78311.2,78330.1,230,750,0
2024-12-06 13:00:00,78330.1,78438.2,78330.1,78423.1,165,750,0
2024-12-06 13:10:00,78423.1,78468.4,78389.3,78422.2,153,750,0
2024-12-06 13:20:00,78422.2,78422.3,78340.3,78389.1,180,750,0
2024-12-06 13:30:00,78389.1,78423.6,78362.5,78365.4,148,750,0
2024-12-06 13:40:00,78367.4,78402.0,78340.2,78351.6,183,750,0
2024-12-06 13:50:00,78352.6,78381.8,78336.8,78341.3,164,750,0
2024-12-06 14:00:00,78341.3,78349.3,78318.9,78344.1,135,750,0
2024-12-06 14:10:00,78344.1,78424.1,78331.1,78393.3,166,750,0
2024-12-06 14:20:00,78393.3,78443.0,78393.3,78435.4,169,750,0
2024-12-06 14:30:00,78428.9,78431.0,78394.6,78418.0,173,750,0
2024-12-06 14:40:00,78418.0,78421.9,78366.7,78367.8,160,750,0
2024-12-06 14:50:00,78367.8,78415.4,78367.8,78410.0,77,750,0
2024-12-06 15:00:00,78410.1,78428.6,78373.0,78377.5,129,750,0
2024-12-06 15:10:00,78377.5,78398.7,78337.6,78337.6,98,750,0
2024-12-06 15:20:00,78337.6,78387.9,78325.6,78384.4,185,750,0
2024-12-06 15:30:00,78383.9,78434.0,78354.3,78378.1,270,750,0
2024-12-06 15:40:00,78378.1,78458.2,78339.3,78414.2,191,750,0
2024-12-06 15:50:00,78414.2,78487.1,78391.0,78396.1,171,750,0
2024-12-06 16:00:00,78396.1,78427.2,78328.7,78331.5,220,750,0
2024-12-06 16:10:00,78331.5,78362.1,78310.5,78347.2,169,750,0
2024-12-06 16:20:00,78347.2,78399.1,78334.4,78359.2,194,750,0
2024-12-06 16:30:00,78360.2,78361.2,78250.4,78316.5,299,750,0
2024-12-06 16:40:00,78316.5,78405.4,78263.4,78385.3,286,750,0
2024-12-06 16:50:00,78385.3,78475.6,78381.9,78384.0,235,750,0
2024-12-06 17:00:00,78384.0,78463.4,78383.0,78463.4,170,750,0
2024-12-06 17:10:00,78459.9,78476.3,78352.3,78444.1,200,750,0
2024-12-06 17:20:00,78443.1,78488.5,78384.4,78384.4,225,750,0
2024-12-09 08:30:00,78399.2,78481.0,78318.5,78318.5,102,750,0
2024-12-09 08:40:00,78318.5,78410.4,78318.5,78370.5,44,750,0
2024-12-09 08:50:00,78368.5,78373.5,78324.7,78339.7,52,750,0
2024-12-09 09:00:00,78339.8,78397.6,78147.4,78154.4,226,750,0
2024-12-09 09:10:00,78155.4,78220.2,78098.9,78133.6,193,750,0
2024-12-09 09:20:00,78133.6,78361.8,78133.6,78361.8,283,750,0
2024-12-09 09:30:00,78361.8,78581.7,78361.8,78531.5,221,750,0
2024-12-09 09:40:00,78539.5,78742.9,78457.7,78742.8,229,750,0
2024-12-09 09:50:00,78742.8,78888.7,78687.7,78868.3,325,750,0
2024-12-09 10:00:00,78870.3,78997.8,78844.2,78908.7,301,750,0
2024-12-09 10:10:00,78908.7,79037.9,78867.1,78883.2,316,750,0
2024-12-09 10:20:00,78883.2,78972.5,78868.3,78912.7,358,750,0
2024-12-09 10:30:00,78912.7,78944.6,78803.4,78858.4,293,750,0
2024-12-09 10:40:00,78858.4,78904.6,78839.6,78868.4,197,750,0
2024-12-09 10:50:00,78868.4,78880.2,78811.6,78825.3,235,750,0
2024-12-09 11:00:00,78824.3,78848.4,78763.8,78846.9,215,750,0
2024-12-09 11:10:00,78847.9,78884.2,78773.0,78786.9,220,750,0
2024-12-09 11:20:00,78787.9,78877.7,78764.8,78860.4,180,750,0
2024-12-09 11:30:00,78860.4,78886.7,78814.8,78846.0,172,750,0
2024-12-09 11:40:00,78846.0,78851.4,78777.8,78805.3,196,750,0
2024-12-09 11:50:00,78804.8,78806.2,78713.1,78749.2,244,750,0
2024-12-09 12:00:00,78749.2,78792.0,78726.8,78791.0,199,750,0
2024-12-09 12:10:00,78791.0,78824.0,78765.2,78786.1,184,750,0
2024-12-09 12:20:00,78786.0,78788.0,78686.7,78686.7,158,750,0
2024-12-09 12:30:00,78686.7,78724.8,78662.3,78677.6,193,750,0
2024-12-09 12:40:00,78677.6,78683.5,78618.2,78618.2,165,750,0
2024-12-09 12:50:00,78618.2,78648.5,78581.0,78625.3,130,750,0
2024-12-09 13:00:00,78631.8,78694.9,78560.8,78578.9,210,750,0
2024-12-09 13:10:00,78580.9,78672.3,78528.9,78669.3,209,750,0
2024-12-09 13:20:00,78669.3,78836.7,78668.1,78817.6,169,750,0
2024-12-09 13:30:00,78817.6,78854.9,78758.6,78844.8,126,750,0
2024-12-09 13:40:00,78844.8,78940.2,78810.9,78860.2,123,750,0
2024-12-09 13:50:00,78860.2,78870.4,78738.6,78744.4,134,750,0
2024-12-09 14:00:00,78746.4,78748.3,78656.4,78663.5,146,750,0
2024-12-09 14:10:00,78671.5,78696.6,78654.9,78668.9,207,750,0
2024-12-09 14:20:00,78668.9,78684.8,78643.0,78646.9,162,750,0
2024-12-09 14:30:00,78646.9,78694.3,78646.9,78691.5,151,750,0
2024-12-09 14:40:00,78691.5,78717.2,78660.8,78665.0,115,750,0
2024-12-09 14:50:00,78665.0,78692.1,78642.6,78658.0,223,750,0
2024-12-09 15:00:00,78658.0,78673.9,78611.5,78643.6,227,750,0
2024-12-09 15:10:00,78643.6,78648.5,78512.0,78524.3,213,750,0
2024-12-09 15:20:00,78524.3,78577.3,78513.7,78543.3,188,750,0
2024-12-09 15:30:00,78543.3,78750.3,78543.3,78723.9,244,750,0
2024-12-09 15:40:00,78723.9,78760.0,78668.7,78752.3,192,750,0
2024-12-09 15:50:00,78752.3,78832.9,78743.9,78758.6,174,750,0
2024-12-09 16:00:00,78758.6,78921.8,78758.6,78920.8,163,750,0
2024-12-09 16:10:00,78909.8,79020.4,78866.9,79017.4,194,750,0
2024-12-09 16:20:00,79017.4,79085.8,78988.4,79031.2,258,750,0
2024-12-09 16:30:00,79031.2,79048.5,78923.4,78971.3,333,750,0
2024-12-09 16:40:00,78971.3,79060.3,78970.7,79012.9,316,750,0
2024-12-09 16:50:00,79010.4,79098.7,78984.1,78997.1,346,750,0
2024-12-09 17:00:00,78997.1,79139.8,78995.2,79113.9,215,750,0
2024-12-09 17:10:00,79113.9,79114.0,79012.3,79028.4,233,750,0
2024-12-09 17:20:00,79012.4,79072.9,78947.7,78977.7,207,750,0
2024-12-10 08:30:00,78606.4,78606.4,78523.6,78598.6,98,1940,0
2024-12-10 08:40:00,78598.6,78613.5,78430.2,78451.2,70,750,0
2024-12-10 08:50:00,78451.2,78455.2,78399.4,78412.4,71,750,0
2024-12-10 09:00:00,78412.4,78487.8,78270.9,78388.7,210,750,0
2024-12-10 09:10:00,78388.7,78442.0,78339.4,78359.1,214,750,0
2024-12-10 09:20:00,78359.6,78440.1,78330.2,78419.8,258,750,0
2024-12-10 09:30:00,78419.8,78421.7,78349.3,78372.6,173,750,0
2024-12-10 09:40:00,78372.5,78561.7,78372.5,78537.6,235,750,0
2024-12-10 09:50:00,78537.6,78538.5,78319.3,78332.4,253,750,0
2024-12-10 10:00:00,78332.4,78435.6,78306.6,78415.9,353,750,0
2024-12-10 10:10:00,78410.4,78419.1,78314.5,78356.0,350,750,0
2024-12-10 10:20:00,78354.0,78391.1,78317.7,78377.7,243,750,0
2024-12-10 10:30:00,78377.2,78521.2,78350.6,78511.1,213,750,0
2024-12-10 10:40:00,78511.1,78512.5,78404.8,78404.8,178,750,0
2024-12-10 10:50:00,78404.8,78505.7,78404.8,78486.9,203,750,0
2024-12-10 11:00:00,78488.9,78574.6,78463.4,78559.5,198,750,0
2024-12-10 11:10:00,78558.0,78558.0,78428.2,78473.0,197,750,0
2024-12-10 11:20:00,78472.0,78476.9,78380.2,78402.5,208,750,0
2024-12-10 11:30:00,78402.5,78470.5,78363.2,78391.8,200,750,0
2024-12-10 11:40:00,78392.3,78423.0,78343.9,78419.0,189,750,0
2024-12-10 11:50:00,78420.0,78523.2,78387.6,78523.2,171,750,0
2024-12-10 12:00:00,78523.2,78577.9,78511.7,78539.3,142,750,0
2024-12-10 12:10:00,78545.3,78579.9,78528.1,78562.9,166,750,0
2024-12-10 12:20:00,78562.9,78563.5,78523.9,78548.1,112,750,0
2024-12-10 12:30:00,78548.1,78614.2,78548.0,78614.1,119,750,0
2024-12-10 12:40:00,78614.0,78619.0,78543.0,78574.7,112,750,0
2024-12-10 12:50:00,78574.7,78600.6,78537.7,78570.3,83,750,0
2024-12-10 13:00:00,78570.8,78634.5,78549.2,78634.5,153,750,0
2024-12-10 13:10:00,78634.5,78677.9,78607.1,78631.6,125,750,0
2024-12-10 13:20:00,78632.1,78687.4,78627.5,78672.0,144,750,0
2024-12-10 13:30:00,78672.0,78759.2,78672.0,78713.2,135,750,0
2024-12-10 13:40:00,78713.2,78717.2,78607.3,78650.1,175,750,0
2024-12-10 13:50:00,78650.1,78709.7,78650.1,78686.2,126,750,0
2024-12-10 14:00:00,78686.2,78750.2,78659.2,78686.9,123,750,0
2024-12-10 14:10:00,78686.9,78714.0,78542.8,78554.1,186,750,0
2024-12-10 14:20:00,78556.5,78569.0,78458.9,78464.9,184,750,0
2024-12-10 14:30:00,78464.9,78486.0,78416.6,78484.3,191,750,0
2024-12-10 14:40:00,78484.3,78527.0,78465.1,78517.1,125,750,0
2024-12-10 14:50:00,78518.1,78577.8,78516.1,78572.1,122,750,0
2024-12-10 15:00:00,78572.6,78572.6,78515.0,78555.4,167,750,0
2024-12-10 15:10:00,78555.4,78555.4,78482.5,78518.1,145,750,0
2024-12-10 15:20:00,78519.1,78535.3,78468.6,78478.5,150,750,0
2024-12-10 15:30:00,78478.5,78597.3,78455.4,78575.3,275,750,0
2024-12-10 15:40:00,78576.3,78619.5,78466.9,78543.2,255,750,0
2024-12-10 15:50:00,78547.7,78617.3,78533.2,78617.2,274,750,0
2024-12-10 16:00:00,78617.2,78691.2,78617.2,78666.6,269,750,0
2024-12-10 16:10:00,78666.6,78730.5,78603.8,78717.0,238,750,0
2024-12-10 16:20:00,78717.0,78739.4,78637.8,78697.0,270,750,0
2024-12-10 16:30:00,78698.0,78822.9,78667.1,78801.0,419,750,0
2024-12-10 16:40:00,78805.0,78824.4,78723.4,78779.1,421,750,0
2024-12-10 16:50:00,78779.6,78821.6,78702.5,78710.5,290,750,0
2024-12-10 17:00:00,78728.4,78764.8,78613.9,78707.7,143,750,0
2024-12-10 17:10:00,78707.7,78729.6,78625.1,78629.1,229,750,0
2024-12-10 17:20:00,78628.6,78647.0,78573.8,78595.3,163,750,0
2024-12-11 08:30:00,78537.4,78537.4,78295.1,78372.0,107,750,0
2024-12-11 08:40:00,78372.0,78435.8,78370.1,78375.1,54,750,0
2024-12-11 08:50:00,78375.1,78377.1,78345.2,78353.4,42,1250,0
2024-12-11 09:00:00,78353.4,78367.4,78196.9,78196.9,169,750,0
2024-12-11 09:10:00,78196.9,78316.5,78169.0,78254.9,138,750,0
2024-12-11 09:20:00,78254.9,78257.8,78111.0,78115.1,194,750,0
2024-12-11 09:30:00,78115.1,78145.1,77998.0,77998.5,309,750,0
2024-12-11 09:40:00,77998.5,78087.6,77988.8,78072.8,251,750,0
2024-12-11 09:50:00,78072.8,78161.9,78072.8,78088.1,293,750,0
2024-12-11 10:00:00,78088.1,78191.1,78061.2,78156.3,371,750,0
2024-12-11 10:10:00,78158.3,78165.8,78072.3,78110.3,263,750,0
2024-12-11 10:20:00,78110.3,78170.2,78083.6,78145.5,260,750,0
2024-12-11 10:30:00,78145.5,78260.3,78122.6,78161.9,241,750,0
2024-12-11 10:40:00,78161.9,78198.9,78105.2,78160.9,255,750,0
2024-12-11 10:50:00,78160.9,78226.8,78147.0,78152.2,260,750,0
2024-12-11 11:00:00,78151.2,78226.4,78151.2,78221.5,154,750,0
2024-12-11 11:10:00,78221.5,78268.7,78180.9,78242.0,171,750,0
2024-12-11 11:20:00,78242.0,78336.6,78240.6,78305.0,195,750,0
2024-12-11 11:30:00,78305.0,78455.1,78305.0,78455.1,236,750,0
2024-12-11 11:40:00,78457.1,78463.1,78321.0,78331.0,206,750,0
2024-12-11 11:50:00,78331.0,78354.8,78289.3,78334.4,127,750,0
2024-12-11 12:00:00,78334.4,78376.8,78244.3,78283.3,116,750,0
2024-12-11 12:10:00,78283.3,78346.7,78227.7,78285.6,179,750,0
2024-12-11 12:20:00,78239.7,78333.8,78239.7,78324.7,160,750,0
2024-12-11 12:30:00,78324.7,78348.1,78271.4,78324.4,141,750,0
2024-12-11 12:40:00,78324.4,78326.9,78256.5,78294.5,142,750,0
2024-12-11 12:50:00,78294.5,78311.6,78244.6,78244.6,111,750,0
2024-12-11 13:00:00,78244.6,78315.4,78214.5,78281.1,177,750,0
2024-12-11 13:10:00,78281.1,78310.9,78237.2,78273.7,134,750,0
2024-12-11 13:20:00,78273.7,78393.3,78273.7,78302.0,252,750,0
2024-12-11 13:30:00,78302.0,78366.9,78293.2,78366.9,82,750,0
2024-12-11 13:40:00,78366.9,78425.2,78358.9,78407.4,150,750,0
2024-12-11 13:50:00,78407.4,78430.9,78367.4,78402.9,110,750,0
2024-12-11 14:00:00,78402.9,78417.0,78354.0,78413.5,137,750,0
2024-12-11 14:10:00,78413.5,78430.9,78338.5,78394.7,138,750,0
2024-12-11 14:20:00,78396.7,78426.2,78326.3,78365.7,122,750,0
2024-12-11 14:30:00,78366.2,78411.0,78322.8,78327.7,159,750,0
2024-12-11 14:40:00,78327.7,78395.0,78320.9,78320.9,149,750,0
2024-12-11 14:50:00,78320.9,78354.6,78288.6,78291.6,176,750,0
2024-12-11 15:00:00,78291.6,78426.9,78291.0,78369.4,212,750,0
2024-12-11 15:10:00,78372.9,78372.9,78249.1,78257.3,251,750,0
2024-12-11 15:20:00,78256.3,78273.5,78177.9,78244.5,188,750,0
2024-12-11 15:30:00,78244.5,78413.1,78244.5,78333.7,247,750,0
2024-12-11 15:40:00,78333.7,78373.1,78314.6,78341.2,232,750,0
2024-12-11 15:50:00,78339.2,78343.7,78266.9,78307.6,225,750,0
2024-12-11 16:00:00,78307.6,78490.3,78307.6,78460.7,178,750,0
2024-12-11 16:10:00,78460.7,78483.6,78443.0,78468.2,183,750,0
2024-12-11 16:20:00,78468.7,78497.8,78443.4,78467.4,174,750,0
2024-12-11 16:30:00,78465.4,78525.7,78426.7,78448.5,234,750,0
2024-12-11 16:40:00,78448.5,78487.9,78414.0,78469.5,196,750,0
2024-12-11 16:50:00,78471.0,78509.5,78449.7,78450.7,148,750,0
2024-12-11 17:00:00,78450.7,78475.2,78315.0,78471.8,136,750,0
2024-12-11 17:10:00,78472.3,78558.7,78442.0,78452.0,154,750,0
2024-12-11 17:20:00,78452.0,78548.9,78424.1,78424.1,120,750,0
2024-12-12 08:30:00,78525.3,78841.9,78525.3,78830.0,71,750,0
2024-12-12 08:40:00,78830.0,78843.0,78790.0,78841.1,71,750,0
2024-12-12 08:50:00,78841.1,78872.0,78833.1,78868.1,43,1450,0
2024-12-12 09:00:00,78842.2,78929.1,78808.8,78909.2,119,750,0
2024-12-12 09:10:00,78909.2,78946.2,78851.3,78880.9,74,750,0
2024-12-12 09:20:00,78877.9,78916.8,78861.0,78901.2,72,1350,0
2024-12-12 09:30:00,78901.2,79005.2,78901.2,78997.4,166,750,0
2024-12-12 09:40:00,78996.9,79005.4,78827.9,78866.0,234,750,0
2024-12-12 09:50:00,78866.0,78890.5,78826.0,78842.6,205,750,0
2024-12-12 10:00:00,78842.6,78972.0,78842.6,78923.8,358,750,0
2024-12-12 10:10:00,78923.8,78928.3,78851.5,78887.5,330,750,0
2024-12-12 10:20:00,78888.0,78908.0,78754.0,78763.1,235,750,0
2024-12-12 10:30:00,78764.1,78809.8,78728.1,78753.5,243,750,0
2024-12-12 10:40:00,78753.5,78856.7,78728.0,78841.2,189,750,0
2024-12-12 10:50:00,78842.7,78900.2,78797.1,78821.5,307,750,0
2024-12-12 11:00:00,78823.5,78847.6,78725.8,78726.4,219,750,0
2024-12-12 11:10:00,78723.9,78723.9,78676.8,78700.8,109,750,0
2024-12-12 11:20:00,78700.8,78700.8,78602.7,78653.5,140,750,0
2024-12-12 11:30:00,78656.5,78690.9,78603.6,78607.2,189,750,0
2024-12-12 11:40:00,78607.2,78635.8,78571.7,78619.3,142,750,0
2024-12-12 11:50:00,78619.3,78651.0,78600.3,78602.3,135,750,0
2024-12-12 12:00:00,78599.4,78668.7,78544.6,78555.6,203,750,0
2024-12-12 12:10:00,78558.6,78659.6,78558.6,78590.9,189,750,0
2024-12-12 12:20:00,78590.9,78650.8,78576.1,78634.9,176,750,0
2024-12-12 12:30:00,78637.8,78637.8,78553.5,78630.1,173,750,0
2024-12-12 12:40:00,78631.6,78658.4,78557.9,78580.2,134,750,0
2024-12-12 12:50:00,78582.7,78596.4,78556.3,78583.1,113,750,0
2024-12-12 13:00:00,78582.6,78659.3,78581.1,78654.3,170,750,0
2024-12-12 13:10:00,78654.3,78655.3,78531.0,78536.9,224,750,0
2024-12-12 13:20:00,78539.9,78567.2,78506.0,78556.2,202,750,0
2024-12-12 13:30:00,78556.2,78605.3,78536.3,78586.8,132,750,0
2024-12-12 13:40:00,78562.9,78656.6,78562.9,78656.6,94,750,0
2024-12-12 13:50:00,78656.6,78686.7,78629.6,78659.5,93,750,0
2024-12-12 14:00:00,78659.5,78661.0,78565.9,78600.3,130,750,0
2024-12-12 14:10:00,78600.3,78620.6,78431.0,78457.2,237,750,0
2024-12-12 14:20:00,78457.2,78514.1,78386.2,78395.3,174,750,0
2024-12-12 14:30:00,78395.3,78397.6,78314.1,78331.8,239,750,0
2024-12-12 14:40:00,78320.3,78379.1,78219.6,78360.8,304,750,0
2024-12-12 14:50:00,78360.8,78387.1,78275.5,78280.2,204,750,0
2024-12-12 15:00:00,78284.2,78313.9,78246.0,78273.2,186,750,0
2024-12-12 15:10:00,78273.2,78344.3,78253.7,78336.0,202,750,0
2024-12-12 15:20:00,78336.0,78422.3,78291.4,78363.8,222,750,0
2024-12-12 15:30:00,78364.8,78441.7,78262.0,78276.8,185,750,0
2024-12-12 15:40:00,78276.8,78455.8,78275.8,78455.8,186,750,0
2024-12-12 15:50:00,78455.8,78457.8,78386.8,78414.6,189,750,0
2024-12-12 16:00:00,78414.6,78496.7,78390.3,78471.7,233,750,0
2024-12-12 16:10:00,78471.7,78484.4,78314.8,78346.7,197,750,0
2024-12-12 16:20:00,78348.7,78356.7,78285.7,78328.5,192,750,0
2024-12-12 16:30:00,78328.5,78380.6,78265.6,78356.4,275,750,0
2024-12-12 16:40:00,78357.4,78434.8,78305.3,78416.6,256,750,0
2024-12-12 16:50:00,78418.6,78436.1,78334.8,78334.8,200,750,0
2024-12-12 17:00:00,78335.8,78341.9,78242.6,78273.0,259,750,0
2024-12-12 17:10:00,78272.0,78285.1,78198.7,78241.7,212,750,0
2024-12-12 17:20:00,78241.7,78252.7,78162.4,78176.4,206,750,0
2024-12-13 08:30:00,77959.7,78056.6,77959.7,77984.8,71,750,0
2024-12-13 08:40:00,77984.8,78092.8,77941.9,78091.8,68,750,0
2024-12-13 08:50:00,78091.8,78160.8,78003.0,78010.0,113,750,0
2024-12-13 09:00:00,78010.0,78145.8,77964.2,77986.1,289,750,0
2024-12-13 09:10:00,78000.1,78157.7,77986.2,78157.7,243,750,0
2024-12-13 09:20:00,78157.7,78261.4,78153.6,78157.7,261,750,0
2024-12-13 09:30:00,78158.7,78227.8,78067.9,78180.4,148,750,0
2024-12-13 09:40:00,78180.4,78284.5,78149.3,78192.3,118,750,0
2024-12-13 09:50:00,78192.3,78300.2,78192.3,78238.5,154,750,0
2024-12-13 10:00:00,78238.5,78319.7,78158.9,78240.6,302,750,0
2024-12-13 10:10:00,78240.6,78249.6,78180.6,78223.3,283,750,0
2024-12-13 10:20:00,78224.3,78291.7,78189.3,78277.3,252,750,0
2024-12-13 10:30:00,78278.3,78435.8,78278.0,78433.2,301,750,0
2024-12-13 10:40:00,78421.2,78442.7,78118.0,78205.9,244,750,0
2024-12-13 10:50:00,78213.9,78214.9,78085.5,78085.5,191,750,0
2024-12-13 11:00:00,78088.5,78150.7,78035.9,78071.8,229,750,0
2024-12-13 11:10:00,78071.8,78092.6,78026.2,78037.1,183,750,0
2024-12-13 11:20:00,78037.1,78088.3,78037.0,78069.2,139,750,0
2024-12-13 11:30:00,78071.2,78155.2,78017.1,78133.7,187,750,0
2024-12-13 11:40:00,78133.7,78158.2,78113.4,78131.3,145,750,0
2024-12-13 11:50:00,78131.3,78193.8,78130.9,78167.4,182,750,0
2024-12-13 12:00:00,78169.4,78244.1,78142.9,78147.3,198,750,0
2024-12-13 12:10:00,78147.3,78228.1,78092.3,78098.4,271,750,0
2024-12-13 12:20:00,78098.5,78166.0,78083.3,78145.0,216,750,0
2024-12-13 12:30:00,78145.0,78254.3,78116.0,78245.4,182,750,0
2024-12-13 12:40:00,78245.4,78343.3,78245.4,78339.3,171,750,0
2024-12-13 12:50:00,78340.3,78407.3,78327.4,78390.3,236,750,0
2024-12-13 13:00:00,78390.3,78525.7,78381.3,78524.4,263,750,0
2024-12-13 13:10:00,78523.9,78606.2,78491.5,78604.2,234,750,0
2024-12-13 13:20:00,78604.2,78623.2,78546.3,78597.4,223,750,0
2024-12-13 13:30:00,78597.4,78631.9,78522.1,78631.9,301,750,0
2024-12-13 13:40:00,78631.9,78666.5,78541.3,78576.9,253,750,0
2024-12-13 13:50:00,78578.9,78639.0,78561.0,78570.0,160,750,0
2024-12-13 14:00:00,78570.0,78723.9,78570.0,78707.3,223,750,0
2024-12-13 14:10:00,78707.8,78772.7,78692.0,78758.2,218,750,0
2024-12-13 14:20:00,78758.2,78769.2,78715.8,78755.8,260,750,0
2024-12-13 14:30:00,78755.8,78839.0,78741.8,78832.3,274,750,0
2024-12-13 14:40:00,78832.3,78851.9,78694.6,78697.6,217,750,0
2024-12-13 14:50:00,78697.6,78777.6,78694.6,78706.5,204,750,0
2024-12-13 15:00:00,78706.5,78835.5,78706.5,78821.6,238,750,0
2024-12-13 15:10:00,78821.6,78893.1,78807.9,78859.8,366,750,0
2024-12-13 15:20:00,78862.3,78890.8,78834.3,78872.1,410,750,0
2024-12-13 15:30:00,78874.1,78898.3,78813.4,78883.1,313,750,0
2024-12-13 15:40:00,78881.2,79068.3,78878.5,79053.1,482,750,0
2024-12-13 15:50:00,79054.1,79096.7,78952.0,78961.0,564,750,0
2024-12-13 16:00:00,78961.0,78977.1,78808.5,78839.7,266,750,0
2024-12-13 16:10:00,78839.7,78887.9,78806.6,78830.7,568,750,0
2024-12-13 16:20:00,78834.2,78941.5,78828.5,78897.9,459,750,0
2024-12-13 16:30:00,78897.4,78898.6,78707.4,78708.9,530,750,0
2024-12-13 16:40:00,78710.4,78733.6,78678.0,78702.4,439,750,0
2024-12-13 16:50:00,78706.9,78710.9,78526.7,78527.7,387,750,0
2024-12-13 17:00:00,78529.7,78546.2,78464.8,78480.8,330,750,0
2024-12-13 17:10:00,78482.3,78542.8,78453.0,78499.9,328,750,0
2024-12-13 17:20:00,78506.9,78546.9,78419.1,78419.1,190,750,0
2024-12-17 08:30:00,78324.5,78358.6,78224.6,78321.6,80,750,0
2024-12-17 08:40:00,78321.6,78322.6,78224.7,78269.8,87,750,0
2024-12-17 08:50:00,78269.8,78323.8,78218.9,78245.9,73,750,0
2024-12-17 09:00:00,78245.9,78266.9,78126.0,78193.5,212,750,0
2024-12-17 09:10:00,78193.5,78265.2,78094.2,78265.2,201,750,0
2024-12-17 09:20:00,78265.2,78273.9,78121.9,78220.4,340,750,0
2024-12-17 09:30:00,78220.4,78220.4,78047.7,78166.5,440,750,0
2024-12-17 09:40:00,78147.5,78187.3,78006.5,78010.4,372,750,0
2024-12-17 09:50:00,78012.4,78033.0,77944.8,77989.1,422,750,0
2024-12-17 10:00:00,77991.1,78016.3,77826.3,77844.2,549,750,0
2024-12-17 10:10:00,77844.2,77850.7,77704.1,77708.1,424,750,0
2024-12-17 10:20:00,77728.1,77890.9,77699.1,77778.8,436,750,0
2024-12-17 10:30:00,77770.8,77878.3,77737.6,77772.9,576,750,0
2024-12-17 10:40:00,77770.4,77814.0,77734.3,77814.0,374,750,0
2024-12-17 10:50:00,77812.5,77833.8,77635.9,77663.4,368,750,0
2024-12-17 11:00:00,77661.9,77699.8,77542.3,77608.1,461,750,0
2024-12-17 11:10:00,77609.1,77696.3,77554.5,77641.8,525,750,0
2024-12-17 11:20:00,77646.8,77718.4,77585.7,77695.9,493,750,0
2024-12-17 11:30:00,77697.9,77767.4,77687.9,77736.3,282,750,0
2024-12-17 11:40:00,77736.3,77765.5,77637.3,77656.3,292,750,0
2024-12-17 11:50:00,77656.3,77696.6,77585.1,77663.4,255,750,0
2024-12-17 12:00:00,77663.4,77714.3,77578.8,77603.5,296,750,0
2024-12-17 12:10:00,77604.5,77625.2,77540.7,77583.9,337,750,0
2024-12-17 12:20:00,77594.9,77672.1,77581.3,77653.0,334,750,0
2024-12-17 12:30:00,77653.0,77683.0,77628.9,77675.5,271,750,0
2024-12-17 12:40:00,77675.5,77747.7,77672.4,77735.3,231,750,0
2024-12-17 12:50:00,77735.3,77753.9,77715.5,77746.1,222,750,0
2024-12-17 13:00:00,77746.1,77746.1,77648.5,77648.5,265,750,0
2024-12-17 13:10:00,77650.0,77661.4,77596.9,77638.4,239,750,0
2024-12-17 13:20:00,77638.4,77661.5,77593.8,77605.5,213,750,0
2024-12-17 13:30:00,77605.5,77636.1,77562.8,77609.4,192,750,0
2024-12-17 13:40:00,77608.9,77632.3,77569.3,77594.8,175,750,0
2024-12-17 13:50:00,77595.8,77685.5,77572.8,77677.0,253,750,0
2024-12-17 14:00:00,77677.0,77745.4,77621.3,77642.1,272,750,0
2024-12-17 14:10:00,77642.1,77653.0,77529.0,77534.4,246,750,0
2024-12-17 14:20:00,77534.4,77576.8,77514.9,77540.9,208,750,0
2024-12-17 14:30:00,77540.9,77540.9,77449.9,77462.5,278,750,0
2024-12-17 14:40:00,77462.5,77479.0,77394.0,77412.7,246,750,0
2024-12-17 14:50:00,77413.2,77449.0,77399.4,77409.1,207,750,0
2024-12-17 15:00:00,77409.1,77417.8,77344.8,77367.0,304,750,0
2024-12-17 15:10:00,77367.0,77476.6,77367.0,77469.3,252,750,0
2024-12-17 15:20:00,77469.3,77492.2,77441.4,77455.3,268,750,0
2024-12-17 15:30:00,77456.3,77483.7,77421.1,77476.1,300,750,0
2024-12-17 15:40:00,77476.1,77476.1,77328.1,77369.1,303,750,0
2024-12-17 15:50:00,77374.6,77381.1,77320.6,77364.3,245,750,0
2024-12-17 16:00:00,77364.3,77377.0,77291.6,77314.3,314,750,0
2024-12-17 16:10:00,77314.3,77328.4,77267.8,77295.3,239,750,0
2024-12-17 16:20:00,77304.3,77401.3,77302.8,77354.7,341,750,0
2024-12-17 16:30:00,77345.2,77367.2,77250.8,77266.6,392,750,0
2024-12-17 16:40:00,77267.1,77325.3,77215.0,77312.8,412,750,0
2024-12-17 16:50:00,77312.7,77315.2,77130.1,77168.6,407,750,0
2024-12-17 17:00:00,77167.6,77241.7,77123.2,77226.8,257,750,0
2024-12-17 17:10:00,77226.8,77245.9,77154.4,77223.0,252,750,0
2024-12-17 17:20:00,77212.0,77243.2,77163.1,77192.2,218,750,0
2024-12-17 17:30:00,77192.2,77192.2,77192.2,77192.2,1,3650,0
2024-12-18 08:30:00,77277.7,77385.8,77177.7,77385.8,66,750,0
2024-12-18 08:40:00,77385.8,77441.0,77385.8,77441.0,38,750,0
2024-12-18 08:50:00,77441.0,77481.1,77391.1,77430.3,53,750,0
2024-12-18 09:00:00,77431.3,77564.4,77413.3,77527.4,188,750,0
2024-12-18 09:10:00,77527.4,77558.8,77453.5,77558.8,180,750,0
2024-12-18 09:20:00,77559.8,77604.7,77495.4,77554.9,253,750,0
2024-12-18 09:30:00,77554.9,77716.0,77549.9,77683.5,398,750,0
2024-12-18 09:40:00,77682.0,77689.7,77573.8,77582.7,148,750,0
2024-12-18 09:50:00,77582.7,77598.8,77500.9,77565.0,206,750,0
2024-12-18 10:00:00,77566.0,77601.5,77505.3,77537.2,271,750,0
2024-12-18 10:10:00,77537.2,77580.4,77475.1,77479.8,169,750,0
2024-12-18 10:20:00,77479.8,77485.7,77419.8,77440.2,218,750,0
2024-12-18 10:30:00,77440.2,77451.1,77330.1,77376.8,210,750,0
2024-12-18 10:40:00,77361.8,77431.2,77342.5,77408.4,287,750,0
2024-12-18 10:50:00,77408.8,77414.7,77356.6,77356.7,228,750,0
2024-12-18 11:00:00,77356.7,77396.4,77330.3,77352.3,231,750,0
2024-12-18 11:10:00,77351.8,77409.6,77343.8,77344.8,154,750,0
2024-12-18 11:20:00,77346.8,77407.9,77264.7,77266.5,156,750,0
2024-12-18 11:30:00,77267.5,77299.4,77242.7,77295.6,162,750,0
2024-12-18 11:40:00,77295.6,77305.0,77238.1,77239.6,221,750,0
2024-12-18 11:50:00,77239.6,77239.6,77152.5,77153.5,138,750,0
2024-12-18 12:00:00,77154.5,77168.1,77103.9,77164.2,146,750,0
2024-12-18 12:10:00,77164.2,77205.2,77133.0,77133.5,151,750,0
2024-12-18 12:20:00,77133.5,77173.4,77113.6,77136.7,143,750,0
2024-12-18 12:30:00,77136.7,77153.7,77086.8,77117.0,155,750,0
2024-12-18 12:40:00,77117.0,77169.4,77117.0,77143.2,148,750,0
2024-12-18 12:50:00,77143.3,77203.5,77133.7,77170.5,153,750,0
2024-12-18 13:00:00,77170.5,77256.8,77170.5,77253.9,149,750,0
2024-12-18 13:10:00,77253.9,77346.1,77226.1,77316.1,238,750,0
2024-12-18 13:20:00,77316.1,77373.2,77315.9,77348.7,227,750,0
2024-12-18 13:30:00,77348.7,77390.0,77344.7,77345.2,144,750,0
2024-12-18 13:40:00,77345.2,77352.4,77302.7,77307.1,129,750,0
2024-12-18 13:50:00,77307.6,77331.6,77292.1,77301.0,106,750,0
2024-12-18 14:00:00,77293.8,77344.1,77293.8,77315.0,149,750,0
2024-12-18 14:10:00,77323.2,77373.7,77319.7,77353.7,152,750,0
2024-12-18 14:20:00,77362.9,77378.1,77333.3,77354.2,203,750,0
2024-12-18 14:30:00,77354.2,77371.3,77327.4,77368.7,140,750,0
2024-12-18 14:40:00,77368.7,77368.7,77318.2,77326.5,185,750,0
2024-12-18 14:50:00,77318.3,77342.8,77303.7,77313.3,136,750,0
2024-12-18 15:00:00,77313.3,77313.3,77162.4,77201.5,167,750,0
2024-12-18 15:10:00,77201.5,77201.8,77139.7,77166.0,190,750,0
2024-12-18 15:20:00,77166.0,77166.0,77125.0,77150.8,157,750,0
2024-12-18 15:30:00,77150.9,77151.2,76939.8,76969.1,225,750,0
2024-12-18 15:40:00,76969.1,76970.6,76850.8,76892.7,224,750,0
2024-12-18 15:50:00,76892.7,77017.5,76884.2,77009.0,176,750,0
2024-12-18 16:00:00,77009.0,77010.6,76919.1,76937.1,172,750,0
2024-12-18 16:10:00,76944.0,76944.0,76862.6,76875.1,209,750,0
2024-12-18 16:20:00,76871.7,76880.9,76799.6,76802.7,204,750,0
2024-12-18 16:30:00,76802.7,76911.8,76764.5,76899.3,267,750,0
2024-12-18 16:40:00,76899.3,76927.3,76863.0,76913.3,261,750,0
2024-12-18 16:50:00,76913.3,77004.5,76913.3,76986.4,261,750,0
2024-12-18 17:00:00,76986.9,77036.3,76984.9,77022.2,196,750,0
2024-12-18 17:10:00,77020.3,77049.2,76983.7,77009.3,223,750,0
2024-12-18 17:20:00,77009.3,77041.7,76967.3,77010.4,106,750,0
2024-12-19 08:30:00,76072.1,76137.9,75906.0,76003.0,87,750,0
2024-12-19 08:40:00,76003.0,76034.4,75954.0,76004.9,126,750,0
2024-12-19 08:50:00,76004.9,76066.1,75957.0,76009.0,65,750,0
2024-12-19 09:00:00,76009.0,76102.5,75959.2,75979.7,304,750,0
2024-12-19 09:10:00,75979.7,76064.3,75857.1,76059.4,211,750,0
2024-12-19 09:20:00,76059.4,76169.0,76042.2,76061.2,297,750,0
2024-12-19 09:30:00,76063.2,76077.9,76016.4,76030.0,259,750,0
2024-12-19 09:40:00,76033.9,76112.0,76031.8,76054.9,350,750,0
2024-12-19 09:50:00,76063.6,76063.6,75901.3,76054.6,415,750,0
2024-12-19 10:00:00,76047.8,76121.2,75921.8,76052.0,589,750,0
2024-12-19 10:10:00,76052.0,76094.7,76000.1,76031.3,413,750,0
2024-12-19 10:20:00,76031.3,76064.2,75954.8,75956.8,487,750,0
2024-12-19 10:30:00,75956.8,76013.0,75921.4,75940.5,379,750,0
2024-12-19 10:40:00,75940.5,75973.0,75898.7,75957.0,282,750,0
2024-12-19 10:50:00,75956.5,75997.5,75917.4,75992.2,369,750,0
2024-12-19 11:00:00,75978.6,76051.2,75978.6,76016.2,344,750,0
2024-12-19 11:10:00,76016.2,76017.0,75939.0,75962.0,311,750,0
2024-12-19 11:20:00,75964.0,76101.0,75933.2,76081.6,285,750,0
2024-12-19 11:30:00,76081.6,76143.6,76074.8,76126.3,287,750,0
2024-12-19 11:40:00,76127.2,76153.9,76031.9,76040.7,285,750,0
2024-12-19 11:50:00,76040.7,76109.1,76006.3,76065.5,319,750,0
2024-12-19 12:00:00,76057.7,76057.7,75851.7,75872.7,75,750,0
2024-12-19 12:10:00,75872.7,75887.2,75811.2,75832.2,178,750,0
2024-12-19 12:20:00,75832.2,75991.2,75830.2,75962.4,305,750,0
2024-12-19 12:30:00,75948.8,75957.6,75826.5,75838.1,339,750,0
2024-12-19 12:40:00,75837.1,75933.2,75826.3,75877.5,336,750,0
2024-12-19 12:50:00,75870.8,76001.0,75860.0,75959.7,341,750,0
2024-12-19 13:00:00,75958.8,76044.2,75937.3,75999.2,328,750,0
2024-12-19 13:10:00,75999.7,76013.9,75920.1,75977.7,305,750,0
2024-12-19 13:20:00,75978.7,76022.9,75943.4,75990.7,284,750,0
2024-12-19 13:30:00,75990.7,76019.3,75864.9,75962.0,276,750,0
2024-12-19 13:40:00,75961.0,75966.9,75888.5,75931.9,298,750,0
2024-12-19 13:50:00,75935.2,75943.0,75861.1,75910.9,262,750,0
2024-12-19 14:00:00,75905.0,76053.9,75904.9,76045.6,287,750,0
2024-12-19 14:10:00,76045.6,76128.6,75912.3,76123.6,294,750,0
2024-12-19 14:20:00,76123.6,76144.2,76048.8,76050.7,206,750,0
2024-12-19 14:30:00,76050.7,76091.9,76033.5,76071.1,236,750,0
2024-12-19 14:40:00,76072.1,76194.9,76072.1,76194.3,229,750,0
2024-12-19 14:50:00,76194.3,76256.9,76194.2,76219.3,265,750,0
2024-12-19 15:00:00,76219.3,76219.3,76081.1,76094.8,301,750,0
2024-12-19 15:10:00,76096.3,76183.5,76081.3,76146.9,209,750,0
2024-12-19 15:20:00,76147.8,76187.9,76111.8,76175.5,209,750,0
2024-12-19 15:30:00,76174.5,76280.0,76147.1,76257.8,220,750,0
2024-12-19 15:40:00,76257.8,76303.2,76151.6,76183.3,213,750,0
2024-12-19 15:50:00,76183.3,76183.3,76005.3,76029.7,214,750,0
2024-12-19 16:00:00,76029.7,76139.5,76008.8,76119.4,197,750,0
2024-12-19 16:10:00,76119.4,76136.6,76068.5,76076.5,250,750,0
2024-12-19 16:20:00,76076.5,76127.4,76053.8,76093.5,250,750,0
2024-12-19 16:30:00,76094.5,76221.3,76060.1,76157.0,412,750,0
2024-12-19 16:40:00,76157.0,76170.2,76048.9,76067.1,384,750,0
2024-12-19 16:50:00,76067.1,76074.4,75874.7,75886.0,300,750,0
2024-12-19 17:00:00,75888.4,75914.9,75825.4,75861.7,211,750,0
2024-12-19 17:10:00,75866.6,75976.3,75849.4,75964.1,273,750,0
2024-12-19 17:20:00,75964.6,75977.4,75882.5,75896.2,171,750,0
2024-12-20 08:30:00,75676.3,75865.5,75676.3,75827.3,138,750,0
2024-12-20 08:40:00,75827.3,75873.3,75807.7,75862.7,59,750,0
2024-12-20 08:50:00,75862.7,75924.5,75822.5,75924.5,74,750,0
2024-12-20 09:00:00,75925.5,76048.0,75857.0,75965.8,179,750,0
2024-12-20 09:10:00,75965.8,75965.8,75837.5,75940.1,208,750,0
2024-12-20 09:20:00,75927.4,75928.8,75802.0,75808.5,291,750,0
2024-12-20 09:30:00,75808.5,75865.0,75757.8,75809.1,262,750,0
2024-12-20 09:40:00,75809.2,75925.4,75760.1,75806.7,254,750,0
2024-12-20 09:50:00,75806.7,75946.7,75774.8,75890.4,263,750,0
2024-12-20 10:00:00,75891.4,75902.2,75530.3,75627.4,462,750,0
2024-12-20 10:10:00,75614.7,75693.1,75567.3,75597.3,475,750,0
2024-12-20 10:20:00,75597.3,75687.0,75588.0,75634.0,403,750,0
2024-12-20 10:30:00,75638.8,75639.8,75440.5,75446.5,398,750,0
2024-12-20 10:40:00,75447.5,75533.5,75430.3,75475.0,360,750,0
2024-12-20 10:50:00,75476.0,75548.7,75413.6,75451.9,311,750,0
2024-12-20 11:00:00,75453.8,75469.4,75387.5,75408.7,301,750,0
2024-12-20 11:10:00,75400.8,75423.7,75327.7,75372.1,333,750,0
2024-12-20 11:20:00,75372.1,75418.7,75344.7,75391.4,316,750,0
2024-12-20 11:30:00,75388.4,75515.5,75385.5,75502.3,318,750,0
2024-12-20 11:40:00,75502.3,75569.0,75441.2,75445.0,282,750,0
2024-12-20 11:50:00,75445.0,75567.5,75430.0,75533.5,300,750,0
2024-12-20 12:00:00,75539.3,75556.4,75416.9,75422.1,260,750,0
2024-12-20 12:10:00,75422.1,75424.3,75328.1,75379.8,333,750,0
2024-12-20 12:20:00,75379.8,75409.1,75345.9,75362.5,296,750,0
2024-12-20 12:30:00,75363.5,75385.9,75327.6,75345.1,281,750,0
2024-12-20 12:40:00,75345.1,75381.9,75321.2,75327.0,262,750,0
2024-12-20 12:50:00,75319.2,75372.6,75312.5,75326.5,304,750,0
2024-12-20 13:00:00,75323.6,75342.3,75250.4,75289.6,312,750,0
2024-12-20 13:10:00,75290.6,75314.3,75232.8,75244.1,307,750,0
2024-12-20 13:20:00,75244.6,75275.2,75232.5,75271.9,240,750,0
2024-12-20 13:30:00,75271.9,75299.5,75210.5,75234.9,215,750,0
2024-12-20 13:40:00,75236.4,75260.8,75208.0,75226.6,232,750,0
2024-12-20 13:50:00,75227.1,75293.2,75206.5,75243.5,231,750,0
2024-12-20 14:00:00,75247.4,75254.6,75140.7,75142.6,293,750,0
2024-12-20 14:10:00,75142.1,75241.7,75135.3,75226.6,209,750,0
2024-12-20 14:20:00,75226.6,75352.9,75226.6,75349.2,209,750,0
2024-12-20 14:30:00,75349.6,75484.3,75324.0,75484.3,231,750,0
2024-12-20 14:40:00,75484.3,75703.3,75484.3,75703.3,201,750,0
2024-12-20 14:50:00,75703.3,75757.3,75585.3,75598.7,150,750,0
2024-12-20 15:00:00,75598.7,75639.9,75539.4,75639.9,284,750,0
2024-12-20 15:10:00,75639.9,75693.3,75615.5,75677.6,234,750,0
2024-12-20 15:20:00,75677.6,75787.9,75665.8,75787.0,227,750,0
2024-12-20 15:30:00,75785.0,75985.7,75752.3,75878.7,269,750,0
2024-12-20 15:40:00,75878.7,75935.1,75824.6,75888.1,282,750,0
2024-12-20 15:50:00,75889.1,75896.3,75783.0,75860.1,253,750,0
2024-12-20 16:00:00,75859.1,75888.6,75813.9,75857.5,285,750,0
2024-12-20 16:10:00,75857.5,75883.3,75755.0,75779.7,331,750,0
2024-12-20 16:20:00,75792.3,75816.8,75705.5,75723.2,281,750,0
2024-12-20 16:30:00,75725.2,75937.0,75705.5,75879.2,354,750,0
2024-12-20 16:40:00,75881.2,75922.3,75626.7,75696.3,360,750,0
2024-12-20 16:50:00,75696.3,75782.7,75588.4,75719.8,250,750,0
2024-12-20 17:00:00,75700.3,75987.8,75677.8,75926.9,271,750,0
2024-12-20 17:10:00,75925.4,75948.6,75804.4,75842.7,269,750,0
2024-12-20 17:20:00,75835.9,76034.2,75786.9,76034.2,227,750,0
2024-12-23 08:30:00,76236.4,76356.2,76236.4,76304.3,68,750,0
2024-12-23 08:40:00,76304.3,76304.3,76168.9,76233.7,70,750,0
2024-12-23 08:50:00,76233.7,76292.5,76223.0,76241.7,57,750,0
2024-12-23 09:00:00,76241.7,76317.2,76118.1,76129.9,196,750,0
2024-12-23 09:10:00,76131.9,76251.5,76118.2,76177.5,190,750,0
2024-12-23 09:20:00,76177.5,76177.5,76109.4,76143.5,192,750,0
2024-12-23 09:30:00,76143.5,76212.9,76112.4,76173.4,193,750,0
2024-12-23 09:40:00,76173.4,76187.3,76111.0,76140.9,99,750,0
2024-12-23 09:50:00,76119.3,76144.7,76080.2,76101.0,233,750,0
2024-12-23 10:00:00,76107.9,76170.5,75955.9,76025.6,467,750,0
2024-12-23 10:10:00,76025.6,76152.1,76007.7,76089.1,368,750,0
2024-12-23 10:20:00,76089.1,76104.7,75952.7,75969.4,336,750,0
2024-12-23 10:30:00,75969.4,75977.2,75855.0,75922.5,255,750,0
2024-12-23 10:40:00,75922.5,76028.3,75921.3,76006.8,249,750,0
2024-12-23 10:50:00,76006.8,76062.9,75993.3,76019.6,184,750,0
2024-12-23 11:00:00,76019.1,76129.4,76011.4,76055.2,225,750,0
2024-12-23 11:10:00,76059.0,76081.1,76021.3,76081.1,218,750,0
2024-12-23 11:20:00,76081.1,76088.8,76037.1,76088.1,168,750,0
2024-12-23 11:30:00,76087.6,76113.1,75969.3,76013.9,189,750,0
2024-12-23 11:40:00,76014.4,76061.0,75974.6,76057.5,133,750,0
2024-12-23 11:50:00,76057.5,76099.3,76018.0,76031.3,138,750,0
2024-12-23 12:00:00,76031.3,76072.4,76006.2,76031.5,141,750,0
2024-12-23 12:10:00,76031.5,76075.4,76005.9,76067.0,239,750,0
2024-12-23 12:20:00,76067.0,76067.0,75982.4,75995.2,118,750,0
2024-12-23 12:30:00,75995.2,76004.5,75926.0,75937.7,171,750,0
2024-12-23 12:40:00,75937.7,75962.0,75883.4,75894.2,206,750,0
2024-12-23 12:50:00,75894.2,75995.2,75894.2,75936.6,256,750,0
2024-12-23 13:00:00,75936.1,75989.5,75890.7,75977.5,282,750,0
2024-12-23 13:10:00,75971.7,76021.5,75956.3,75984.9,229,750,0
2024-12-23 13:20:00,75982.0,76005.4,75922.7,75928.3,257,750,0
2024-12-23 13:30:00,75932.3,75935.1,75739.7,75777.1,246,750,0
2024-12-23 13:40:00,75778.5,75818.4,75711.1,75720.9,284,750,0
2024-12-23 13:50:00,75721.4,75778.9,75665.5,75745.1,232,750,0
2024-12-23 14:00:00,75745.1,75798.9,75732.4,75785.5,233,750,0
2024-12-23 14:10:00,75784.5,75847.8,75781.5,75840.3,232,750,0
2024-12-23 14:20:00,75839.8,75919.5,75825.6,75912.5,205,750,0
2024-12-23 14:30:00,75912.0,75924.0,75878.3,75914.8,142,750,0
2024-12-23 14:40:00,75914.8,75963.1,75865.3,75883.2,181,750,0
2024-12-23 14:50:00,75886.1,75979.6,75864.9,75979.6,158,750,0
2024-12-23 15:00:00,75979.6,76009.0,75923.1,75973.2,206,750,0
2024-12-23 15:10:00,75974.2,75983.0,75901.9,75926.5,183,750,0
2024-12-23 15:20:00,75928.5,75996.8,75913.8,75960.3,189,750,0
2024-12-23 15:30:00,75964.3,75968.2,75859.6,75860.7,177,750,0
2024-12-23 15:40:00,75860.7,75880.4,75781.8,75802.2,208,750,0
2024-12-23 15:50:00,75789.4,75837.1,75765.0,75833.8,182,750,0
2024-12-23 16:00:00,75833.8,75887.2,75787.4,75787.4,165,750,0
2024-12-23 16:10:00,75787.4,75798.1,75508.4,75509.4,253,750,0
2024-12-23 16:20:00,75501.6,75848.8,75455.6,75819.9,334,750,0
2024-12-23 16:30:00,75820.9,76022.0,75820.9,75969.9,450,750,0
2024-12-23 16:40:00,75980.6,76023.8,75885.0,75959.3,342,750,0
2024-12-23 16:50:00,75971.5,76102.6,75931.8,75985.9,212,750,0
2024-12-23 17:00:00,75993.8,76062.4,75919.2,75933.0,135,750,0
2024-12-23 17:10:00,75933.0,75934.0,75847.7,75886.4,96,750,0
2024-12-23 17:20:00,75886.4,75928.3,75838.1,75864.6,100,750,0
2024-12-24 08:30:00,76032.3,76302.3,76032.3,76302.3,119,750,0
2024-12-24 08:40:00,76302.3,76320.1,76143.4,76271.0,72,750,0
2024-12-24 08:50:00,76271.0,76311.2,76182.8,76291.7,36,750,0
2024-12-24 09:00:00,76291.7,76393.8,76268.1,76325.2,167,750,0
2024-12-24 09:10:00,76325.2,76468.5,76324.6,76410.2,175,750,0
2024-12-24 09:20:00,76416.1,76441.2,76340.8,76366.6,141,750,0
2024-12-24 09:30:00,76366.5,76416.5,76229.7,76271.4,82,1320,0
2024-12-24 09:40:00,76271.4,76313.0,76204.7,76293.1,77,1220,0
2024-12-24 09:50:00,76293.1,76349.9,76253.0,76265.0,114,750,0
2024-12-24 10:00:00,76265.0,76374.7,76221.1,76277.8,163,750,0
2024-12-24 10:10:00,76277.8,76318.1,76235.1,76250.1,141,750,0
2024-12-24 10:20:00,76250.1,76272.5,76167.5,76192.2,163,750,0
2024-12-24 10:30:00,76192.2,76287.6,76152.7,76243.2,129,750,0
2024-12-24 10:40:00,76243.2,76274.7,76219.1,76223.8,88,750,0
2024-12-24 10:50:00,76223.8,76365.1,76223.8,76356.2,116,750,0
2024-12-24 11:00:00,76356.3,76436.7,76348.6,76433.9,120,750,0
2024-12-24 11:10:00,76433.9,76482.9,76349.8,76382.0,133,750,0
2024-12-24 11:20:00,76382.0,76511.5,76359.4,76492.9,173,750,0
2024-12-24 11:30:00,76508.5,76583.8,76484.7,76567.4,206,750,0
2024-12-24 11:40:00,76567.4,76591.7,76428.9,76453.4,301,750,0
2024-12-24 11:50:00,76431.9,76463.9,76401.7,76401.8,27,750,0
2024-12-24 12:00:00,76352.8,76353.7,76318.9,76333.4,11,2300,0
2024-12-27 08:30:00,76441.2,76487.2,76156.2,76257.2,90,750,0
2024-12-27 08:40:00,76257.2,76270.2,76151.2,76166.2,76,750,0
2024-12-27 08:50:00,76165.7,76178.2,76041.2,76104.2,78,750,0
2024-12-27 09:00:00,76103.2,76377.2,75942.2,76367.2,229,750,0
2024-12-27 09:10:00,76369.2,76550.2,76360.2,76431.2,156,750,0
2024-12-27 09:20:00,76432.2,76575.2,76281.2,76290.2,162,750,0
2024-12-27 09:30:00,76292.2,76304.2,76134.2,76134.2,162,750,0
2024-12-27 09:40:00,76136.2,76141.2,75956.2,75956.2,145,750,0
2024-12-27 09:50:00,75956.2,75996.2,75796.2,75835.2,197,750,0
2024-12-27 10:00:00,75832.2,75911.2,75796.2,75861.2,407,750,0
2024-12-27 10:10:00,75861.2,76152.2,75797.2,76142.7,364,750,0
2024-12-27 10:20:00,76142.7,76170.7,76101.2,76157.2,302,750,0
2024-12-27 10:30:00,76139.2,76158.2,75974.2,76030.8,326,750,0
2024-12-27 10:40:00,76031.8,76193.9,75990.1,76115.7,272,750,0
2024-12-27 10:50:00,76107.8,76198.2,76030.1,76048.5,353,750,0
2024-12-27 11:00:00,76052.9,76101.7,75923.0,75938.0,364,750,0
2024-12-27 11:10:00,75938.0,75980.5,75866.9,75885.5,351,750,0
2024-12-27 11:20:00,75885.5,76028.5,75877.7,76022.3,314,750,0
2024-12-27 11:30:00,76022.3,76086.3,75966.8,76002.5,323,750,0
2024-12-27 11:40:00,76003.0,76050.1,75935.1,76022.8,286,750,0
2024-12-27 11:50:00,76022.8,76062.0,75952.2,76028.0,287,750,0
2024-12-27 12:00:00,76029.9,76082.6,75943.3,76047.3,253,750,0
2024-12-27 12:10:00,76047.3,76193.9,76046.2,76180.5,261,750,0
2024-12-27 12:20:00,76180.5,76241.4,76180.5,76203.9,268,750,0
2024-12-27 12:30:00,76203.8,76222.4,76080.4,76092.2,218,750,0
2024-12-27 12:40:00,76091.7,76160.7,76089.3,76151.9,155,750,0
2024-12-27 12:50:00,76151.9,76220.0,76151.9,76212.3,169,750,0
2024-12-27 13:00:00,76214.3,76217.6,76053.6,76076.1,194,750,0
2024-12-27 13:10:00,76081.9,76138.0,76064.4,76086.5,227,750,0
2024-12-27 13:20:00,76083.5,76219.6,76071.8,76166.6,257,750,0
2024-12-27 13:30:00,76169.9,76169.9,76061.9,76087.5,150,750,0
2024-12-27 13:40:00,76087.5,76148.6,76056.6,76095.5,171,750,0
2024-12-27 13:50:00,76095.9,76141.3,76078.7,76103.9,134,750,0
2024-12-27 14:00:00,76103.9,76180.0,76103.9,76172.2,144,750,0
2024-12-27 14:10:00,76172.2,76194.0,76131.5,76160.5,160,750,0
2024-12-27 14:20:00,76161.5,76199.0,76029.7,76080.6,169,750,0
2024-12-27 14:30:00,76092.4,76143.0,76077.7,76114.2,212,750,0
2024-12-27 14:40:00,76114.2,76124.4,76065.9,76066.0,209,750,0
2024-12-27 14:50:00,76058.2,76108.5,75998.1,76069.8,172,750,0
2024-12-27 15:00:00,76070.8,76114.0,76005.9,76020.2,155,750,0
2024-12-27 15:10:00,76020.2,76069.0,75984.6,76055.8,208,750,0
2024-12-27 15:20:00,76055.8,76120.3,76047.4,76100.9,225,750,0
2024-12-27 15:30:00,76100.9,76100.9,75970.1,76011.0,212,750,0
2024-12-27 15:40:00,76017.3,76041.4,75952.7,75997.1,252,750,0
2024-12-27 15:50:00,75997.1,76041.7,75961.7,75980.6,218,750,0
2024-12-27 16:00:00,75980.6,75982.5,75915.2,75933.6,309,750,0
2024-12-27 16:10:00,75935.5,75957.4,75863.9,75866.3,233,750,0
2024-12-27 16:20:00,75866.3,75936.0,75862.2,75907.9,290,750,0
2024-12-27 16:30:00,75919.2,76052.0,75883.8,75977.3,417,750,0
2024-12-27 16:40:00,75977.3,76266.7,75963.6,76257.8,420,750,0
2024-12-27 16:50:00,76257.8,76317.7,76215.6,76222.6,293,750,0
2024-12-27 17:00:00,76221.6,76254.4,75967.6,75998.6,287,750,0
2024-12-27 17:10:00,75998.6,76005.5,75803.2,75824.8,169,750,0
2024-12-27 17:20:00,75827.8,75940.8,75818.0,75869.2,123,750,0
2024-12-30 08:30:00,75904.9,76025.8,75874.4,75897.1,85,2400,0
2024-12-30 08:40:00,75904.0,75904.0,75817.6,75818.6,55,750,0
2024-12-30 08:50:00,75818.6,75832.4,75808.0,75815.8,37,750,0
2024-12-30 09:00:00,75815.8,75910.3,75639.9,75871.0,210,750,0
2024-12-30 09:10:00,75871.0,75992.9,75742.3,75896.0,227,750,0
2024-12-30 09:20:00,75900.9,75921.1,75714.8,75741.3,259,750,0
2024-12-30 09:30:00,75741.3,75780.0,75672.6,75740.6,267,750,0
2024-12-30 09:40:00,75740.6,75786.4,75728.7,75728.7,224,750,0
2024-12-30 09:50:00,75728.7,75743.5,75634.0,75677.1,190,750,0
2024-12-30 10:00:00,75661.0,75677.1,75530.3,75629.8,346,750,0
2024-12-30 10:10:00,75629.8,75734.2,75599.1,75701.8,288,750,0
2024-12-30 10:20:00,75701.8,75760.2,75673.3,75720.2,308,750,0
2024-12-30 10:30:00,75707.9,75763.9,75675.9,75755.2,262,750,0
2024-12-30 10:40:00,75750.8,75883.5,75750.8,75870.9,179,750,0
2024-12-30 10:50:00,75857.7,75886.1,75791.3,75808.9,155,750,0
2024-12-30 11:00:00,75808.9,75816.8,75719.5,75758.8,153,750,0
2024-12-30 11:10:00,75758.8,75870.4,75747.0,75852.8,150,750,0
2024-12-30 11:20:00,75852.8,75997.2,75852.8,75991.1,119,750,0
2024-12-30 11:30:00,75991.1,75998.1,75887.3,75896.7,193,750,0
2024-12-30 11:40:00,75897.2,75901.6,75790.7,75833.9,173,750,0
2024-12-30 11:50:00,75834.4,75842.6,75731.9,75838.5,303,750,0
2024-12-30 12:00:00,75838.5,75955.6,75836.5,75932.3,142,750,0
2024-12-30 12:10:00,75932.3,76006.1,75889.2,75995.4,137,750,0
2024-12-30 12:20:00,75995.4,76089.0,75995.4,76080.5,112,750,0
2024-12-30 12:30:00,76080.5,76080.5,75954.1,75993.3,147,750,0
2024-12-30 12:40:00,75993.3,76049.2,75968.5,75969.4,124,750,0
2024-12-30 12:50:00,75969.4,75988.2,75889.1,75898.6,108,750,0
2024-12-30 13:00:00,75898.6,75932.7,75833.6,75917.4,146,750,0
2024-12-30 13:10:00,75917.4,76022.2,75906.2,75964.9,143,750,0
2024-12-30 13:20:00,75964.9,75988.4,75944.1,75953.7,121,750,0
2024-12-30 13:30:00,75953.7,75977.4,75916.4,75927.8,147,750,0
2024-12-30 13:40:00,75927.8,75964.8,75922.7,75928.5,132,750,0
2024-12-30 13:50:00,75928.5,75942.3,75825.4,75849.7,160,750,0
2024-12-30 14:00:00,75849.7,75887.3,75816.5,75839.8,183,750,0
2024-12-30 14:10:00,75839.8,75863.3,75789.3,75816.7,227,750,0
2024-12-30 14:20:00,75818.7,75841.8,75765.4,75774.1,175,750,0
2024-12-30 14:30:00,75774.1,75809.2,75730.0,75757.7,305,750,0
2024-12-30 14:40:00,75757.7,75832.9,75596.6,75603.7,374,750,0
2024-12-30 14:50:00,75603.7,75708.6,75603.7,75692.6,373,750,0
2024-12-30 15:00:00,75692.6,75704.4,75551.5,75564.4,372,750,0
2024-12-30 15:10:00,75564.4,75580.6,75406.7,75455.2,365,750,0
2024-12-30 15:20:00,75447.4,75502.0,75413.5,75452.6,209,750,0
2024-12-30 15:30:00,75452.1,75505.1,75414.9,75480.0,286,750,0
2024-12-30 15:40:00,75481.4,75481.4,75392.4,75433.4,264,750,0
2024-12-30 15:50:00,75433.4,75469.6,75295.0,75315.4,344,750,0
2024-12-30 16:00:00,75306.5,75369.0,75294.0,75369.0,426,750,0
2024-12-30 16:10:00,75385.8,75552.0,75372.0,75544.2,266,750,0
2024-12-30 16:20:00,75545.2,75669.9,75532.7,75645.2,307,750,0
2024-12-30 16:30:00,75645.7,75645.7,75329.8,75356.4,359,750,0
2024-12-30 16:40:00,75357.4,75380.1,75261.5,75286.0,379,750,0
2024-12-30 16:50:00,75285.9,75440.5,75269.3,75440.5,224,750,0
2024-12-30 17:00:00,75440.0,75461.3,75288.1,75293.0,272,750,0
2024-12-30 17:10:00,75291.1,75307.9,75239.1,75273.6,176,750,0
2024-12-30 17:20:00,75273.6,75296.3,75234.7,75240.2,76,750,0
2024-12-31 08:30:00,75130.9,75313.3,75130.9,75186.1,80,750,0
2024-12-31 08:40:00,75186.1,75286.6,75186.1,75186.2,60,750,0
2024-12-31 08:50:00,75186.2,75259.1,75186.2,75254.2,32,1230,0
2024-12-31 09:00:00,75254.2,75423.5,75150.9,75373.4,164,750,0
2024-12-31 09:10:00,75373.4,75413.7,75343.9,75393.9,97,750,0
2024-12-31 09:20:00,75393.8,75485.3,75379.2,75476.2,205,750,0
2024-12-31 09:30:00,75476.1,75476.1,75388.5,75411.6,136,1620,0
2024-12-31 09:40:00,75411.6,75460.8,75402.6,75459.6,151,750,0
2024-12-31 09:50:00,75454.1,75483.5,75437.0,75455.0,91,750,0
2024-12-31 10:00:00,75455.0,75484.1,75359.6,75404.1,140,750,0
2024-12-31 10:10:00,75404.1,75483.3,75374.2,75450.1,200,750,0
2024-12-31 10:20:00,75450.1,75463.4,75335.9,75365.3,161,750,0
2024-12-31 10:30:00,75365.3,75404.3,75332.2,75383.8,97,750,0
2024-12-31 10:40:00,75383.8,75431.6,75363.1,75407.0,103,750,0
2024-12-31 10:50:00,75407.0,75407.2,75336.7,75343.0,133,750,0
2024-12-31 11:00:00,75343.0,75345.0,75238.2,75313.9,187,750,0
2024-12-31 11:10:00,75314.0,75414.3,75263.9,75414.3,193,750,0
2024-12-31 11:20:00,75414.3,75688.9,75414.3,75688.9,316,750,0
2024-12-31 11:30:00,75671.2,75716.8,75580.6,75617.1,222,750,0
2024-12-31 11:40:00,75617.1,75676.6,75268.8,75290.6,225,750,0
2024-12-31 11:50:00,75284.7,75333.9,75284.7,75333.9,23,1520,0
2024-12-31 12:00:00,75449.0,75523.1,75449.0,75479.7,35,750,0
2024-12-31 13:20:00,75080.2,75080.2,75080.2,75080.2,1,49750,0
2025-01-02 08:30:00,75635.2,75680.2,75578.2,75653.2,112,750,0
2025-01-02 08:40:00,75653.2,75791.7,75653.2,75729.2,71,750,0
2025-01-02 08:50:00,75718.2,75722.2,75536.2,75611.2,139,750,0
2025-01-02 09:00:00,75611.2,75651.7,75454.2,75650.2,173,750,0
2025-01-02 09:10:00,75650.2,75852.2,75650.2,75788.2,167,750,0
2025-01-02 09:20:00,75788.2,75902.7,75788.2,75885.2,141,750,0
2025-01-02 09:30:00,75885.2,75886.2,75765.2,75866.2,97,750,0
2025-01-02 09:40:00,75866.2,75873.2,75710.2,75733.2,114,750,0
2025-01-02 09:50:00,75733.2,75856.7,75710.2,75833.2,137,750,0
2025-01-02 10:00:00,75840.2,76083.2,75812.2,76044.2,525,750,0
2025-01-02 10:10:00,76048.2,76157.2,75993.2,76142.2,246,750,0
2025-01-02 10:20:00,76142.2,76183.2,76010.1,76085.9,303,750,0
2025-01-02 10:30:00,76085.9,76141.5,76011.3,76024.9,213,750,0
2025-01-02 10:40:00,76024.9,76029.7,75944.5,76004.0,180,750,0
2025-01-02 10:50:00,76004.0,76067.0,75988.3,75988.8,153,750,0
2025-01-02 11:00:00,75988.9,75990.8,75781.9,75804.9,244,750,0
2025-01-02 11:10:00,75803.9,75853.7,75789.3,75842.6,232,750,0
2025-01-02 11:20:00,75844.6,75891.0,75820.4,75870.0,282,750,0
2025-01-02 11:30:00,75870.0,75887.0,75709.9,75723.8,247,750,0
2025-01-02 11:40:00,75725.8,75803.2,75695.7,75775.7,201,750,0
2025-01-02 11:50:00,75778.7,75778.7,75682.2,75709.4,202,750,0
2025-01-02 12:00:00,75709.4,75709.4,75611.6,75653.2,224,750,0
2025-01-02 12:10:00,75653.2,75718.3,75568.7,75714.3,260,750,0
2025-01-02 12:20:00,75714.3,75714.3,75608.6,75649.5,210,750,0
2025-01-02 12:30:00,75649.5,75651.4,75586.3,75610.8,232,750,0
2025-01-02 12:40:00,75611.8,75618.1,75564.1,75566.1,221,750,0
2025-01-02 12:50:00,75566.0,75582.1,75420.1,75460.2,214,750,0
2025-01-02 13:00:00,75460.2,75460.2,75334.8,75436.5,256,750,0
2025-01-02 13:10:00,75436.5,75548.1,75431.4,75548.1,152,750,0
2025-01-02 13:20:00,75548.1,75579.7,75460.6,75540.8,162,750,0
2025-01-02 13:30:00,75540.8,75542.2,75381.6,75421.1,203,750,0
2025-01-02 13:40:00,75421.1,75513.8,75404.8,75513.4,209,750,0
2025-01-02 13:50:00,75510.4,75581.1,75464.8,75577.1,208,750,0
2025-01-02 14:00:00,75572.8,75690.8,75572.8,75686.8,154,750,0
2025-01-02 14:10:00,75686.8,75711.7,75643.8,75675.3,174,750,0
2025-01-02 14:20:00,75679.3,75680.2,75626.1,75659.7,198,750,0
2025-01-02 14:30:00,75661.5,75769.4,75643.8,75769.0,138,750,0
2025-01-02 14:40:00,75769.0,75880.3,75760.3,75868.6,261,750,0
2025-01-02 14:50:00,75868.6,75868.6,75793.2,75854.7,213,750,0
2025-01-02 15:00:00,75854.7,75868.9,75800.2,75848.3,221,750,0
2025-01-02 15:10:00,75848.7,75849.2,75735.9,75754.1,212,750,0
2025-01-02 15:20:00,75753.1,75816.3,75705.5,75716.4,253,750,0
2025-01-02 15:30:00,75716.4,75774.5,75662.5,75757.8,235,750,0
2025-01-02 15:40:00,75757.8,75768.8,75722.5,75742.8,225,750,0
2025-01-02 15:50:00,75742.8,75753.7,75568.6,75585.7,310,750,0
2025-01-02 16:00:00,75585.7,75608.4,75466.2,75478.5,325,750,0
2025-01-02 16:10:00,75480.4,75591.9,75476.3,75586.1,233,750,0
2025-01-02 16:20:00,75583.2,75657.0,75510.0,75527.8,214,750,0
2025-01-02 16:30:00,75527.8,75645.0,75527.8,75591.5,381,750,0
2025-01-02 16:40:00,75592.9,75740.1,75592.9,75670.2,294,750,0
2025-01-02 16:50:00,75670.2,75788.3,75667.2,75733.3,238,750,0
2025-01-02 17:00:00,75732.2,75797.8,75635.8,75757.0,205,750,0
2025-01-02 17:10:00,75757.0,75859.4,75732.4,75823.1,170,750,0
2025-01-02 17:20:00,75823.1,75823.1,75572.2,75670.6,183,750,0
2025-01-03 08:30:00,75607.8,75757.4,75535.0,75565.6,87,750,0
2025-01-03 08:40:00,75583.3,75642.4,75583.3,75615.9,52,750,0
2025-01-03 08:50:00,75645.4,75659.2,75614.9,75656.3,28,750,0
2025-01-03 09:00:00,75656.3,75701.7,75385.8,75406.5,283,750,0
2025-01-03 09:10:00,75406.5,75427.5,75328.2,75342.3,285,750,0
2025-01-03 09:20:00,75342.3,75377.5,75255.1,75362.8,319,750,0
2025-01-03 09:30:00,75362.8,75573.7,75362.8,75512.8,269,750,0
2025-01-03 09:40:00,75512.8,75739.7,75480.4,75618.0,237,750,0
2025-01-03 09:50:00,75618.0,75707.2,75588.6,75700.3,213,750,0
2025-01-03 10:00:00,75717.0,75884.0,75708.2,75856.4,382,750,0
2025-01-03 10:10:00,75857.4,75959.9,75831.5,75903.8,298,750,0
2025-01-03 10:20:00,75903.8,75933.4,75800.8,75800.8,323,750,0
2025-01-03 10:30:00,75813.6,75843.0,75759.9,75760.8,300,750,0
2025-01-03 10:40:00,75760.8,75873.8,75756.7,75814.4,169,750,0
2025-01-03 10:50:00,75814.4,75910.1,75791.8,75868.8,159,750,0
2025-01-03 11:00:00,75868.8,75971.8,75852.8,75948.0,157,750,0
2025-01-03 11:10:00,75948.0,76012.1,75905.6,76009.4,203,750,0
2025-01-03 11:20:00,76005.6,76073.6,75994.4,76027.0,200,750,0
2025-01-03 11:30:00,76018.3,76046.7,75916.6,75942.2,157,750,0
2025-01-03 11:40:00,75942.2,76023.5,75942.2,76017.2,140,750,0
2025-01-03 11:50:00,76017.2,76032.9,75993.7,76009.2,98,750,0
2025-01-03 12:00:00,76009.2,76009.2,75907.5,75951.5,124,750,0
2025-01-03 12:10:00,75951.5,76020.9,75921.6,75925.0,108,750,0
2025-01-03 12:20:00,75924.0,75929.0,75885.5,75919.3,122,750,0
2025-01-03 12:30:00,75919.3,75969.0,75912.7,75946.9,147,750,0
2025-01-03 12:40:00,75946.9,75973.3,75929.2,75952.6,87,750,0
2025-01-03 12:50:00,75952.6,75994.0,75894.1,75985.5,151,750,0
2025-01-03 13:00:00,75985.5,76014.4,75951.6,76012.3,175,750,0
2025-01-03 13:10:00,76012.3,76057.1,75987.4,76047.5,182,750,0
2025-01-03 13:20:00,76045.0,76086.2,76021.4,76058.5,203,750,0
2025-01-03 13:30:00,76061.8,76093.8,76023.2,76060.2,227,750,0
2025-01-03 13:40:00,76061.2,76092.5,76012.0,76078.3,208,750,0
2025-01-03 13:50:00,76078.3,76092.7,76015.7,76068.4,173,750,0
2025-01-03 14:00:00,76065.0,76109.9,76034.4,76053.9,242,750,0
2025-01-03 14:10:00,76054.9,76058.1,75972.4,75980.3,183,750,0
2025-01-03 14:20:00,75980.3,76105.1,75978.2,76105.1,168,750,0
2025-01-03 14:30:00,76082.1,76106.1,76054.0,76056.9,209,750,0
2025-01-03 14:40:00,76054.5,76070.9,75997.2,76014.8,162,750,0
2025-01-03 14:50:00,76014.8,76058.8,76005.7,76040.0,163,750,0
2025-01-03 15:00:00,76042.0,76070.3,75976.9,76008.2,208,750,0
2025-01-03 15:10:00,76012.1,76046.3,75989.6,75989.6,168,750,0
2025-01-03 15:20:00,75989.6,76016.1,75969.8,76012.5,138,750,0
2025-01-03 15:30:00,76012.5,76118.7,75986.0,76050.2,227,750,0
2025-01-03 15:40:00,76050.2,76110.4,76021.7,76096.5,180,750,0
2025-01-03 15:50:00,76096.5,76227.9,76080.5,76213.0,212,750,0
2025-01-03 16:00:00,76216.0,76219.9,76056.7,76110.0,234,750,0
2025-01-03 16:10:00,76110.0,76194.5,76073.8,76143.6,253,750,0
2025-01-03 16:20:00,76143.6,76341.6,76143.6,76295.3,184,750,0
2025-01-03 16:30:00,76295.3,76362.4,76233.0,76288.8,219,750,0
2025-01-03 16:40:00,76288.8,76313.6,76151.4,76170.7,268,750,0
2025-01-03 16:50:00,76170.7,76170.7,75981.9,76042.0,271,750,0
2025-01-03 17:00:00,76042.9,76073.4,75972.1,76049.0,211,750,0
2025-01-03 17:10:00,76049.0,76062.7,75952.7,75974.3,98,750,0
2025-01-03 17:20:00,75977.3,76032.3,75933.0,75979.3,144,750,0
2025-01-06 08:30:00,75868.2,76148.7,75868.2,76070.1,90,750,0
2025-01-06 08:40:00,76070.1,76119.7,75998.3,76061.7,62,750,0
2025-01-06 08:50:00,76061.7,76109.0,76025.4,76048.0,50,750,0
2025-01-06 09:00:00,76048.0,76204.5,76025.4,76126.8,186,750,0
2025-01-06 09:10:00,76128.8,76167.6,76040.3,76072.9,229,750,0
2025-01-06 09:20:00,76072.9,76167.4,76028.4,76163.4,227,750,0
2025-01-06 09:30:00,76164.4,76178.4,76091.2,76123.6,226,750,0
2025-01-06 09:40:00,76126.7,76167.1,76111.6,76160.5,126,750,0
2025-01-06 09:50:00,76160.5,76295.1,76151.7,76295.1,166,750,0
2025-01-06 10:00:00,76296.1,76306.3,76137.4,76217.6,250,750,0
2025-01-06 10:10:00,76217.6,76257.6,76157.3,76218.7,225,750,0
2025-01-06 10:20:00,76218.7,76218.8,76078.0,76128.4,159,750,0
2025-01-06 10:30:00,76128.4,76195.7,76127.4,76153.4,180,750,0
2025-01-06 10:40:00,76153.4,76250.0,76153.4,76227.8,127,750,0
2025-01-06 10:50:00,76227.9,76262.8,76207.0,76246.7,118,750,0
2025-01-06 11:00:00,76246.7,76275.3,76194.4,76215.9,236,750,0
2025-01-06 11:10:00,76218.9,76234.2,76189.4,76189.4,214,750,0
2025-01-06 11:20:00,76189.4,76226.5,76167.7,76226.5,196,750,0
2025-01-06 11:30:00,76226.5,76262.5,76195.1,76234.6,224,750,0
2025-01-06 11:40:00,76234.6,76243.9,76194.2,76219.2,165,750,0
2025-01-06 11:50:00,76218.7,76235.4,76175.3,76220.6,119,750,0
2025-01-06 12:00:00,76220.6,76224.6,76172.4,76175.0,130,750,0
2025-01-06 12:10:00,76175.0,76175.7,76146.2,76150.3,120,750,0
2025-01-06 12:20:00,76150.3,76181.8,76146.1,76158.3,99,750,0
2025-01-06 12:30:00,76158.3,76160.7,76040.3,76144.9,181,750,0
2025-01-06 12:40:00,76144.9,76159.6,76060.9,76061.8,150,750,0
2025-01-06 12:50:00,76061.8,76111.0,76059.4,76059.4,129,750,0
2025-01-06 13:00:00,76059.4,76129.3,76026.0,76129.3,165,750,0
2025-01-06 13:10:00,76132.3,76333.0,76132.3,76332.6,296,750,0
2025-01-06 13:20:00,76332.6,76500.9,76332.6,76488.2,250,750,0
2025-01-06 13:30:00,76488.2,76625.6,76488.2,76576.0,199,750,0
2025-01-06 13:40:00,76576.0,76728.8,76561.2,76682.7,218,750,0
2025-01-06 13:50:00,76692.5,76767.3,76681.3,76752.9,166,750,0
2025-01-06 14:00:00,76752.9,76773.1,76649.8,76741.9,222,750,0
2025-01-06 14:10:00,76741.9,76778.6,76729.7,76735.7,180,750,0
2025-01-06 14:20:00,76735.7,76791.6,76719.0,76784.8,190,750,0
2025-01-06 14:30:00,76784.8,76804.7,76727.3,76798.4,174,750,0
2025-01-06 14:40:00,76798.5,76814.7,76744.7,76758.1,148,750,0
2025-01-06 14:50:00,76762.0,76765.0,76695.3,76731.7,193,750,0
2025-01-06 15:00:00,76732.7,76741.0,76591.5,76602.6,208,750,0
2025-01-06 15:10:00,76602.6,76615.5,76534.1,76556.3,261,750,0
2025-01-06 15:20:00,76556.3,76614.5,76550.0,76585.5,252,750,0
2025-01-06 15:30:00,76583.5,76604.0,76547.1,76573.1,309,750,0
2025-01-06 15:40:00,76577.1,76623.3,76530.9,76539.0,229,750,0
2025-01-06 15:50:00,76539.0,76549.8,76502.9,76508.4,251,750,0
2025-01-06 16:00:00,76508.4,76543.9,76497.8,76499.8,212,750,0
2025-01-06 16:10:00,76499.8,76503.8,76074.3,76121.5,340,750,0
2025-01-06 16:20:00,76120.5,76161.8,75993.0,76101.6,341,750,0
2025-01-06 16:30:00,76091.8,76199.5,75992.2,76043.8,430,750,0
2025-01-06 16:40:00,76044.8,76076.3,75963.8,76011.3,344,750,0
2025-01-06 16:50:00,76011.3,76158.6,75974.4,76151.7,210,750,0
2025-01-06 17:00:00,76144.4,76158.2,76068.1,76158.2,175,750,0
2025-01-06 17:10:00,76158.2,76158.2,76022.0,76049.1,149,750,0
2025-01-06 17:20:00,76049.1,76139.2,76032.4,76044.3,93,750,0
2025-01-07 08:30:00,75386.2,75522.2,75189.3,75484.8,149,750,0
2025-01-07 08:40:00,75484.8,75558.2,75406.1,75408.2,90,750,0
2025-01-07 08:50:00,75424.9,75457.8,75366.9,75368.9,64,750,0
2025-01-07 09:00:00,75365.9,75547.6,75334.4,75455.6,180,750,0
2025-01-07 09:10:00,75455.6,75677.0,75455.6,75676.9,177,750,0
2025-01-07 09:20:00,75676.8,75676.8,75530.1,75605.6,290,750,0
2025-01-07 09:30:00,75605.5,75641.3,75512.9,75529.7,232,750,0
2025-01-07 09:40:00,75528.6,75587.1,75480.6,75566.8,221,750,0
2025-01-07 09:50:00,75566.8,75596.1,75479.5,75553.0,182,750,0
2025-01-07 10:00:00,75553.0,75634.1,75512.4,75575.0,229,750,0
2025-01-07 10:10:00,75575.0,75618.3,75484.5,75534.7,295,750,0
2025-01-07 10:20:00,75528.4,75535.6,75427.9,75472.9,205,750,0
2025-01-07 10:30:00,75473.9,75624.0,75473.9,75538.1,237,750,0
2025-01-07 10:40:00,75538.1,75616.9,75474.1,75616.9,221,750,0
2025-01-07 10:50:00,75616.0,75616.0,75474.5,75555.2,226,750,0
2025-01-07 11:00:00,75555.2,75575.7,75432.1,75489.1,285,750,0
2025-01-07 11:10:00,75489.1,75544.6,75449.2,75476.9,270,750,0
2025-01-07 11:20:00,75479.0,75494.7,75413.4,75413.4,113,750,0
2025-01-07 11:30:00,75413.4,75436.9,75365.1,75409.6,186,750,0
2025-01-07 11:40:00,75411.5,75421.3,75279.9,75317.8,174,750,0
2025-01-07 11:50:00,75317.8,75468.4,75309.4,75433.4,238,750,0
2025-01-07 12:00:00,75433.4,75443.4,75370.8,75443.4,210,750,0
2025-01-07 12:10:00,75446.4,75490.5,75400.6,75447.6,299,750,0
2025-01-07 12:20:00,75450.5,75462.0,75351.3,75378.3,179,750,0
2025-01-07 12:30:00,75378.3,75489.8,75378.3,75489.8,208,750,0
2025-01-07 12:40:00,75489.8,75500.3,75407.7,75411.8,192,750,0
2025-01-07 12:50:00,75411.8,75451.4,75407.7,75432.6,118,750,0
2025-01-07 13:00:00,75432.6,75458.6,75408.4,75434.5,102,750,0
2025-01-07 13:10:00,75434.5,75448.4,75388.2,75410.9,159,750,0
2025-01-07 13:20:00,75410.9,75470.6,75381.4,75454.9,180,750,0
2025-01-07 13:30:00,75454.9,75474.5,75385.2,75466.1,231,750,0
2025-01-07 13:40:00,75466.6,75508.8,75459.5,75508.8,151,750,0
2025-01-07 13:50:00,75508.8,75509.3,75471.2,75498.6,139,750,0
2025-01-07 14:00:00,75498.6,75547.5,75498.4,75523.0,126,750,0
2025-01-07 14:10:00,75522.9,75529.0,75467.3,75468.1,142,750,0
2025-01-07 14:20:00,75465.1,75496.0,75440.3,75466.4,136,750,0
2025-01-07 14:30:00,75470.8,75483.0,75433.8,75459.9,169,750,0
2025-01-07 14:40:00,75459.9,75497.2,75458.3,75467.8,126,750,0
2025-01-07 14:50:00,75462.8,75550.5,75448.9,75522.6,261,750,0
2025-01-07 15:00:00,75517.7,75550.3,75498.9,75519.8,211,750,0
2025-01-07 15:10:00,75519.8,75564.2,75510.6,75564.2,168,750,0
2025-01-07 15:20:00,75564.2,75572.5,75499.6,75518.8,177,750,0
2025-01-07 15:30:00,75518.3,75518.3,75427.8,75444.3,204,750,0
2025-01-07 15:40:00,75445.3,75476.9,75403.2,75413.2,222,750,0
2025-01-07 15:50:00,75413.2,75458.7,75404.4,75451.4,148,750,0
2025-01-07 16:00:00,75451.4,75480.8,75425.9,75448.8,169,750,0
2025-01-07 16:10:00,75448.8,75491.1,75422.0,75485.5,154,750,0
2025-01-07 16:20:00,75485.5,75530.7,75485.5,75525.8,177,750,0
2025-01-07 16:30:00,75525.8,75568.7,75518.6,75538.2,323,750,0
2025-01-07 16:40:00,75532.8,75569.7,75470.3,75471.3,280,750,0
2025-01-07 16:50:00,75473.3,75502.7,75409.4,75444.3,221,750,0
2025-01-07 17:00:00,75444.8,75444.8,74988.1,74988.1,307,750,0
2025-01-07 17:10:00,75000.9,75057.1,74912.4,74926.2,238,750,0
2025-01-07 17:20:00,74926.2,75021.8,74917.5,74941.1,199,750,0
2025-01-07 17:30:00,74941.1,74941.1,74941.1,74941.1,1,3000,0
2025-01-08 08:30:00,74938.8,75033.4,74898.4,75013.7,140,750,0
2025-01-08 08:40:00,75015.7,75032.5,74944.9,74973.5,60,750,0
2025-01-08 08:50:00,74973.5,75006.8,74973.3,75006.3,58,750,0
2025-01-08 09:00:00,75006.3,75057.1,74798.2,74878.0,357,750,0
2025-01-08 09:10:00,74881.9,74939.3,74823.9,74863.9,288,750,0
2025-01-08 09:20:00,74863.9,74863.9,74691.5,74691.5,340,750,0
2025-01-08 09:30:00,74691.5,74770.2,74628.5,74770.2,309,750,0
2025-01-08 09:40:00,74773.2,74812.8,74710.2,74742.7,189,750,0
2025-01-08 09:50:00,74742.7,74742.7,74650.6,74655.7,265,750,0
2025-01-08 10:00:00,74656.8,74796.3,74656.8,74757.0,309,750,0
2025-01-08 10:10:00,74757.0,74882.5,74746.4,74837.8,339,750,0
2025-01-08 10:20:00,74859.4,74946.9,74822.2,74886.3,333,750,0
2025-01-08 10:30:00,74886.3,75058.4,74882.5,75024.1,326,750,0
2025-01-08 10:40:00,75025.1,75132.0,74989.1,75066.5,330,750,0
2025-01-08 10:50:00,75066.0,75102.6,74923.6,74959.8,265,750,0
2025-01-08 11:00:00,74961.8,75117.9,74961.8,75075.6,281,750,0
2025-01-08 11:10:00,75078.6,75159.3,75018.4,75119.2,240,750,0
2025-01-08 11:20:00,75119.2,75161.9,75091.6,75152.2,228,750,0
2025-01-08 11:30:00,75149.7,75149.7,75011.0,75014.0,141,750,0
2025-01-08 11:40:00,75013.9,75042.5,74910.8,74914.4,156,750,0
2025-01-08 11:50:00,74914.4,75011.3,74911.5,75001.8,197,750,0
2025-01-08 12:00:00,75000.3,75063.7,74975.8,75063.3,317,750,0
2025-01-08 12:10:00,75071.2,75094.1,74991.6,75052.0,324,750,0
2025-01-08 12:20:00,75051.5,75146.2,75034.0,75137.4,252,750,0
2025-01-08 12:30:00,75137.3,75177.1,75097.6,75166.0,175,750,0
2025-01-08 12:40:00,75162.6,75162.6,75054.4,75068.1,233,750,0
2025-01-08 12:50:00,75069.1,75069.1,75009.1,75041.9,157,750,0
2025-01-08 13:00:00,75038.4,75045.5,75003.3,75030.6,203,750,0
2025-01-08 13:10:00,75030.6,75051.6,75002.9,75025.2,185,750,0
2025-01-08 13:20:00,75026.2,75048.8,74965.5,74997.8,233,750,0
2025-01-08 13:30:00,74986.0,75007.6,74585.1,74585.1,335,750,0
2025-01-08 13:40:00,74584.2,74763.8,74563.2,74753.5,224,750,0
2025-01-08 13:50:00,74753.5,74753.5,74616.8,74696.3,199,750,0
2025-01-08 14:00:00,74696.3,74739.4,74630.7,74716.3,174,750,0
2025-01-08 14:10:00,74716.3,74728.4,74589.6,74599.4,304,750,0
2025-01-08 14:20:00,74599.4,74659.4,74518.2,74534.9,399,750,0
2025-01-08 14:30:00,74534.9,74567.6,74443.4,74567.6,402,750,0
2025-01-08 14:40:00,74567.6,74613.3,74536.2,74580.0,224,750,0
2025-01-08 14:50:00,74580.0,74641.9,74513.9,74521.8,223,750,0
2025-01-08 15:00:00,74521.8,74667.1,74521.8,74629.2,310,750,0
2025-01-08 15:10:00,74629.2,74752.8,74574.8,74582.7,299,750,0
2025-01-08 15:20:00,74582.7,74675.2,74553.0,74669.7,285,750,0
2025-01-08 15:30:00,74669.7,74721.8,74585.3,74623.6,286,750,0
2025-01-08 15:40:00,74616.7,74660.4,74596.7,74606.7,225,750,0
2025-01-08 15:50:00,74606.7,74704.3,74553.6,74687.4,236,750,0
2025-01-08 16:00:00,74694.9,74738.0,74620.2,74620.9,391,750,0
2025-01-08 16:10:00,74633.7,74634.7,74555.0,74602.9,340,750,0
2025-01-08 16:20:00,74601.4,74664.0,74598.8,74616.8,225,750,0
2025-01-08 16:30:00,74613.3,74636.4,74484.7,74484.7,411,750,0
2025-01-08 16:40:00,74487.7,74580.7,74462.9,74540.3,369,750,0
2025-01-08 16:50:00,74544.2,74544.2,74452.7,74514.9,258,750,0
2025-01-08 17:00:00,74514.9,74669.5,74476.4,74551.3,209,750,0
2025-01-08 17:10:00,74552.4,74557.3,74482.4,74525.9,119,750,0
2025-01-08 17:20:00,74525.9,74526.9,74406.8,74406.9,117,750,0
2025-01-09 08:30:00,74818.5,74918.1,74818.5,74882.7,78,750,0
2025-01-09 08:40:00,74882.6,74898.5,74849.2,74858.1,45,750,0
2025-01-09 08:50:00,74860.0,74878.8,74807.0,74845.5,55,750,0
2025-01-09 09:00:00,74845.5,74947.7,74845.5,74899.4,143,750,0
2025-01-09 09:10:00,74873.8,74938.6,74847.6,74848.6,160,750,0
2025-01-09 09:20:00,74848.6,74868.1,74748.5,74748.7,209,750,0
2025-01-09 09:30:00,74748.7,74756.8,74650.2,74756.1,241,750,0
2025-01-09 09:40:00,74748.3,74760.0,74673.8,74686.2,194,750,0
2025-01-09 09:50:00,74686.2,74739.7,74655.5,74672.7,249,750,0
2025-01-09 10:00:00,74672.7,74703.7,74577.2,74628.3,313,750,0
2025-01-09 10:10:00,74629.3,74693.4,74605.7,74685.6,260,750,0
2025-01-09 10:20:00,74685.6,74780.6,74648.2,74780.6,288,750,0
2025-01-09 10:30:00,74780.6,74904.5,74767.8,74885.2,235,750,0
2025-01-09 10:40:00,74884.1,74909.3,74837.6,74871.2,257,750,0
2025-01-09 10:50:00,74873.2,74937.4,74849.0,74929.3,276,750,0
2025-01-09 11:00:00,74930.3,74955.7,74886.2,74940.9,221,750,0
2025-01-09 11:10:00,74940.9,74957.0,74848.9,74904.1,190,750,0
2025-01-09 11:20:00,74904.1,74956.6,74898.3,74939.2,199,750,0
2025-01-09 11:30:00,74939.2,74941.3,74883.0,74900.5,166,750,0
2025-01-09 11:40:00,74903.4,74961.7,74896.8,74949.9,196,750,0
2025-01-09 11:50:00,74945.9,74979.1,74865.6,74899.0,200,750,0
2025-01-09 12:00:00,74899.0,74979.5,74899.0,74976.1,191,750,0
2025-01-09 12:10:00,74979.0,75085.1,74979.0,75065.1,180,750,0
2025-01-09 12:20:00,75065.1,75134.2,75047.3,75134.2,160,750,0
2025-01-09 12:30:00,75135.2,75156.1,75072.7,75145.6,153,750,0
2025-01-09 12:40:00,75142.1,75142.1,75048.4,75122.7,172,750,0
2025-01-09 12:50:00,75123.7,75185.5,75111.2,75158.9,211,750,0
2025-01-09 13:00:00,75159.9,75228.0,75159.9,75209.8,137,750,0
2025-01-09 13:10:00,75209.8,75231.1,75180.4,75225.2,156,750,0
2025-01-09 13:20:00,75225.2,75259.9,75182.7,75222.8,184,750,0
2025-01-09 13:30:00,75222.8,75301.8,75215.9,75263.3,166,750,0
2025-01-09 13:40:00,75273.1,75309.5,75231.8,75302.8,103,750,0
2025-01-09 13:50:00,75302.8,75316.4,75235.8,75254.9,180,750,0
2025-01-09 14:00:00,75254.9,75270.5,75183.9,75270.5,151,750,0
2025-01-09 14:10:00,75270.5,75333.4,75265.5,75287.6,139,750,0
2025-01-09 14:20:00,75287.6,75290.3,75185.4,75188.4,120,750,0
2025-01-09 14:30:00,75188.4,75189.4,75133.4,75140.7,111,750,0
2025-01-09 14:40:00,75142.6,75197.0,75134.0,75196.9,152,750,0
2025-01-09 14:50:00,75196.9,75290.2,75196.9,75272.5,153,750,0
2025-01-09 15:00:00,75272.5,75279.0,75214.6,75245.9,161,750,0
2025-01-09 15:10:00,75246.9,75262.1,75210.0,75222.8,167,750,0
2025-01-09 15:20:00,75224.8,75290.8,75211.1,75284.5,136,750,0
2025-01-09 15:30:00,75284.5,75362.1,75252.3,75256.8,167,750,0
2025-01-09 15:40:00,75256.8,75297.4,75229.3,75287.3,163,750,0
2025-01-09 15:50:00,75287.3,75305.8,75237.2,75240.2,195,750,0
2025-01-09 16:00:00,75239.2,75239.2,75106.2,75146.5,221,750,0
2025-01-09 16:10:00,75146.5,75163.1,75093.0,75102.9,175,750,0
2025-01-09 16:20:00,75102.9,75110.9,75055.5,75109.5,169,750,0
2025-01-09 16:30:00,75111.5,75172.2,75101.1,75110.0,127,750,0
2025-01-09 16:40:00,75110.9,75160.3,75080.2,75159.9,182,750,0
2025-01-09 16:50:00,75159.9,75159.9,74926.4,75047.6,155,750,0
2025-01-09 17:00:00,75047.6,75066.4,75010.7,75029.0,182,750,0
2025-01-09 17:10:00,75026.5,75196.1,75004.3,75172.0,182,750,0
2025-01-09 17:20:00,75154.3,75323.8,75154.3,75252.0,199,750,0
2025-01-10 08:30:00,75162.2,75223.3,74979.0,74981.9,51,2120,0
2025-01-10 08:40:00,74982.9,74993.8,74876.6,74899.2,44,750,0
2025-01-10 08:50:00,74899.2,74905.2,74845.1,74845.1,43,750,0
2025-01-10 09:00:00,74845.1,74962.4,74820.5,74868.9,190,750,0
2025-01-10 09:10:00,74870.9,74921.8,74845.3,74916.9,166,750,0
2025-01-10 09:20:00,74916.9,75034.8,74916.9,75034.8,197,750,0
2025-01-10 09:30:00,75034.8,75289.2,75034.8,75256.2,178,750,0
2025-01-10 09:40:00,75257.1,75272.8,75195.4,75221.0,197,750,0
2025-01-10 09:50:00,75222.0,75249.8,75198.9,75228.5,213,750,0
2025-01-10 10:00:00,75230.5,75245.4,75100.8,75186.5,383,750,0
2025-01-10 10:10:00,75186.5,75338.8,75153.4,75330.0,280,750,0
2025-01-10 10:20:00,75331.0,75534.0,75329.5,75523.4,226,750,0
2025-01-10 10:30:00,75525.4,75623.6,75504.1,75554.4,259,750,0
2025-01-10 10:40:00,75554.4,75590.6,75493.9,75541.5,232,750,0
2025-01-10 10:50:00,75541.4,75556.0,75361.1,75363.1,178,750,0
2025-01-10 11:00:00,75363.1,75395.6,75259.8,75324.4,149,750,0
2025-01-10 11:10:00,75324.3,75355.0,75283.8,75351.1,164,750,0
2025-01-10 11:20:00,75351.0,75361.9,75289.1,75329.9,145,750,0
2025-01-10 11:30:00,75329.9,75370.8,75273.8,75301.9,158,750,0
2025-01-10 11:40:00,75301.9,75387.6,75267.8,75387.6,162,750,0
2025-01-10 11:50:00,75387.6,75462.0,75387.6,75431.4,156,750,0
2025-01-10 12:00:00,75432.4,75434.4,75295.8,75298.7,179,750,0
2025-01-10 12:10:00,75298.2,75326.0,75274.3,75306.2,201,750,0
2025-01-10 12:20:00,75306.2,75338.1,75306.0,75338.0,132,750,0
2025-01-10 12:30:00,75338.0,75346.8,75317.4,75322.0,136,750,0
2025-01-10 12:40:00,75323.0,75333.7,75291.9,75297.8,160,750,0
2025-01-10 12:50:00,75297.8,75365.2,75281.1,75362.2,224,750,0
2025-01-10 13:00:00,75362.2,75366.1,75263.3,75270.7,178,750,0
2025-01-10 13:10:00,75270.7,75344.5,75270.7,75317.4,151,750,0
2025-01-10 13:20:00,75317.4,75389.5,75317.4,75373.2,211,750,0
2025-01-10 13:30:00,75373.7,75408.6,75364.9,75408.6,210,750,0
2025-01-10 13:40:00,75409.5,75426.4,75331.4,75335.4,233,750,0
2025-01-10 13:50:00,75337.4,75354.2,75286.3,75321.4,313,750,0
2025-01-10 14:00:00,75321.4,75328.8,75262.0,75305.7,286,750,0
2025-01-10 14:10:00,75306.7,75315.5,75246.9,75258.1,252,750,0
2025-01-10 14:20:00,75260.0,75297.6,75254.8,75282.0,185,750,0
2025-01-10 14:30:00,75282.0,75389.1,75282.0,75367.1,185,750,0
2025-01-10 14:40:00,75367.1,75405.1,75313.9,75316.0,189,750,0
2025-01-10 14:50:00,75316.0,75378.7,75271.6,75378.7,140,750,0
2025-01-10 15:00:00,75378.7,75437.8,75307.5,75318.6,247,750,0
2025-01-10 15:10:00,75318.6,75354.5,75296.0,75353.5,181,750,0
2025-01-10 15:20:00,75355.5,75357.8,75289.4,75292.3,197,750,0
2025-01-10 15:30:00,75292.3,75292.3,74793.9,74862.9,425,750,0
2025-01-10 15:40:00,74862.9,74975.5,74815.6,74886.7,451,750,0
2025-01-10 15:50:00,74884.7,75002.0,74816.9,74975.5,292,750,0
2025-01-10 16:00:00,74975.5,75038.7,74922.4,74987.8,271,750,0
2025-01-10 16:10:00,74987.8,75120.7,74981.6,75087.1,260,750,0
2025-01-10 16:20:00,75087.1,75122.7,75041.3,75091.7,341,750,0
2025-01-10 16:30:00,75102.9,75105.9,74804.1,74856.4,484,750,0
2025-01-10 16:40:00,74855.4,74929.9,74800.3,74815.0,311,750,0
2025-01-10 16:50:00,74815.0,74851.6,74751.0,74851.6,226,750,0
2025-01-10 17:00:00,74850.1,74850.1,74515.6,74516.1,272,750,0
2025-01-10 17:10:00,74519.0,74624.1,74519.0,74588.7,197,750,0
2025-01-10 17:20:00,74583.8,74731.7,74579.8,74695.2,143,750,0
2025-01-13 08:30:00,74536.0,74536.0,74230.4,74252.1,119,750,0
2025-01-13 08:40:00,74252.1,74344.9,74252.1,74329.2,102,750,0
2025-01-13 08:50:00,74329.2,74338.0,74285.8,74321.4,57,750,0
2025-01-13 09:00:00,74321.4,74339.1,74127.2,74231.7,209,750,0
2025-01-13 09:10:00,74233.7,74268.2,74100.9,74184.7,238,750,0
2025-01-13 09:20:00,74184.7,74218.9,74057.1,74084.0,275,750,0
2025-01-13 09:30:00,74066.3,74147.8,74029.5,74105.4,232,750,0
2025-01-13 09:40:00,74105.4,74128.6,74054.2,74064.5,266,750,0
2025-01-13 09:50:00,74065.5,74238.7,74065.5,74238.7,218,750,0
2025-01-13 10:00:00,74234.2,74242.7,74113.5,74164.9,263,750,0
2025-01-13 10:10:00,74164.9,74200.5,74104.9,74136.3,350,750,0
2025-01-13 10:20:00,74136.8,74139.3,73950.5,74014.5,337,750,0
2025-01-13 10:30:00,74028.7,74112.4,74001.7,74099.9,276,750,0
2025-01-13 10:40:00,74099.9,74100.8,73874.5,73889.0,328,750,0
2025-01-13 10:50:00,73888.0,73939.6,73776.0,73787.9,354,750,0
2025-01-13 11:00:00,73792.9,73846.2,73700.9,73785.4,217,750,0
2025-01-13 11:10:00,73787.3,73787.8,73672.5,73721.2,170,750,0
2025-01-13 11:20:00,73719.2,73737.1,73640.8,73653.1,233,750,0
2025-01-13 11:30:00,73653.1,73699.0,73587.1,73610.3,265,750,0
2025-01-13 11:40:00,73609.3,73613.2,73445.3,73532.4,272,750,0
2025-01-13 11:50:00,73532.4,73644.9,73532.4,73626.7,210,750,0
2025-01-13 12:00:00,73626.7,73632.5,73521.0,73527.4,274,750,0
2025-01-13 12:10:00,73526.0,73643.5,73526.0,73643.5,217,750,0
2025-01-13 12:20:00,73643.5,73687.8,73610.9,73614.9,219,750,0
2025-01-13 12:30:00,73615.9,73699.2,73615.9,73698.4,221,750,0
2025-01-13 12:40:00,73698.9,73771.7,73663.5,73744.7,281,750,0
2025-01-13 12:50:00,73737.9,73739.7,73611.7,73615.6,239,750,0
2025-01-13 13:00:00,73615.6,73621.5,73573.1,73585.1,253,750,0
2025-01-13 13:10:00,73585.6,73639.8,73524.2,73633.6,236,750,0
2025-01-13 13:20:00,73633.1,73689.0,73617.3,73653.8,234,750,0
2025-01-13 13:30:00,73654.2,73695.8,73640.4,73695.8,183,750,0
2025-01-13 13:40:00,73695.8,73702.2,73635.2,73636.2,173,750,0
2025-01-13 13:50:00,73636.2,73653.1,73480.3,73480.3,192,750,0
2025-01-13 14:00:00,73483.2,73526.1,73428.4,73461.7,187,750,0
2025-01-13 14:10:00,73463.6,73592.2,73444.1,73583.3,148,750,0
2025-01-13 14:20:00,73580.4,73655.0,73578.4,73588.8,237,750,0
2025-01-13 14:30:00,73588.8,73630.8,73562.9,73565.9,289,750,0
2025-01-13 14:40:00,73566.8,73632.4,73566.8,73625.3,216,750,0
2025-01-13 14:50:00,73625.8,73639.1,73496.1,73502.0,287,750,0
2025-01-13 15:00:00,73507.0,73529.7,73433.7,73445.5,273,750,0
2025-01-13 15:10:00,73445.4,73446.5,73388.5,73446.4,188,750,0
2025-01-13 15:20:00,73448.4,73457.5,73392.1,73417.3,172,750,0
2025-01-13 15:30:00,73417.3,73463.0,73377.3,73419.6,237,750,0
2025-01-13 15:40:00,73420.6,73445.1,73377.0,73418.9,238,750,0
2025-01-13 15:50:00,73418.9,73488.0,73408.0,73439.6,158,750,0
2025-01-13 16:00:00,73439.6,73475.5,73403.4,73433.0,176,750,0
2025-01-13 16:10:00,73434.0,73454.2,73382.2,73392.3,164,750,0
2025-01-13 16:20:00,73392.3,73418.9,73369.1,73371.1,210,750,0
2025-01-13 16:30:00,73376.4,73429.2,73310.2,73385.3,240,750,0
2025-01-13 16:40:00,73385.3,73617.7,73359.9,73581.9,347,750,0
2025-01-13 16:50:00,73581.9,73645.6,73533.7,73613.6,304,750,0
2025-01-13 17:00:00,73623.5,73689.1,73604.8,73653.6,201,750,0
2025-01-13 17:10:00,73653.6,73653.6,73567.9,73616.8,130,750,0
2025-01-13 17:20:00,73616.8,73645.4,73509.4,73545.0,103,750,0
2025-01-14 08:30:00,74122.7,74281.5,74115.9,74214.6,176,750,0
2025-01-14 08:40:00,74214.6,74295.0,74145.7,74210.2,124,750,0
2025-01-14 08:50:00,74206.8,74212.8,74145.8,74168.5,59,750,0
2025-01-14 09:00:00,74168.5,74308.5,74121.0,74207.0,277,750,0
2025-01-14 09:10:00,74210.9,74252.3,74121.3,74179.1,338,750,0
2025-01-14 09:20:00,74179.1,74316.7,74118.7,74233.1,337,750,0
2025-01-14 09:30:00,74233.1,74270.0,74105.5,74154.1,393,750,0
2025-01-14 09:40:00,74154.6,74170.1,74041.5,74050.3,317,750,0
2025-01-14 09:50:00,74046.3,74142.3,73918.8,74073.0,364,750,0
2025-01-14 10:00:00,74077.9,74250.4,74069.0,74142.9,411,750,0
2025-01-14 10:10:00,74142.9,74260.4,74120.2,74199.1,314,750,0
2025-01-14 10:20:00,74199.1,74262.2,74186.1,74245.0,218,750,0
2025-01-14 10:30:00,74246.0,74311.4,74194.2,74205.3,230,750,0
2025-01-14 10:40:00,74207.2,74388.0,74176.2,74316.5,270,750,0
2025-01-14 10:50:00,74316.5,74363.1,74305.2,74339.2,200,750,0
2025-01-14 11:00:00,74339.1,74365.2,74295.7,74316.6,241,750,0
2025-01-14 11:10:00,74316.6,74356.6,74249.2,74341.8,216,750,0
2025-01-14 11:20:00,74341.8,74364.4,74263.0,74282.4,181,750,0
2025-01-14 11:30:00,74283.4,74341.0,74269.3,74307.9,198,750,0
2025-01-14 11:40:00,74310.8,74346.9,74287.8,74335.9,235,750,0
2025-01-14 11:50:00,74335.4,74341.3,74276.8,74293.4,208,750,0
2025-01-14 12:00:00,74293.4,74379.6,74276.3,74334.7,214,750,0
2025-01-14 12:10:00,74334.7,74374.6,74268.4,74366.6,241,750,0
2025-01-14 12:20:00,74366.6,74375.8,74302.5,74336.9,238,750,0
2025-01-14 12:30:00,74339.9,74339.9,74243.4,74265.9,181,750,0
2025-01-14 12:40:00,74265.9,74265.9,74198.0,74234.1,172,750,0
2025-01-14 12:50:00,74234.1,74237.6,74191.0,74218.3,175,750,0
2025-01-14 13:00:00,74218.3,74218.3,74120.1,74136.8,128,750,0
2025-01-14 13:10:00,74136.8,74226.9,74134.9,74169.8,112,750,0
2025-01-14 13:20:00,74169.8,74173.7,74092.1,74104.2,201,750,0
2025-01-14 13:30:00,74102.2,74150.7,74102.0,74124.3,210,750,0
2025-01-14 13:40:00,74124.3,74150.9,74080.6,74092.6,177,750,0
2025-01-14 13:50:00,74092.6,74126.8,74082.6,74104.1,212,750,0
2025-01-14 14:00:00,74104.1,74105.2,73984.9,73991.2,196,750,0
2025-01-14 14:10:00,73991.2,73992.1,73842.5,73917.7,259,750,0
2025-01-14 14:20:00,73917.7,74055.4,73834.4,74039.3,330,750,0
2025-01-14 14:30:00,74039.3,74144.9,73999.5,74126.2,235,750,0
2025-01-14 14:40:00,74130.1,74134.9,74052.3,74097.0,117,750,0
2025-01-14 14:50:00,74097.0,74108.9,73997.0,74002.9,136,750,0
2025-01-14 15:00:00,74002.9,74030.6,73963.9,74014.3,136,750,0
2025-01-14 15:10:00,74014.3,74036.2,73904.1,73904.1,280,750,0
2025-01-14 15:20:00,73885.4,73923.8,73817.3,73913.2,265,750,0
2025-01-14 15:30:00,73916.1,74174.4,73894.0,73915.6,354,750,0
2025-01-14 15:40:00,73915.6,74041.8,73911.3,74015.4,182,750,0
2025-01-14 15:50:00,74015.4,74049.5,73891.8,73893.3,257,750,0
2025-01-14 16:00:00,73896.3,73906.2,73830.6,73897.3,253,750,0
2025-01-14 16:10:00,73897.3,73927.2,73864.6,73881.6,355,750,0
2025-01-14 16:20:00,73883.5,73904.4,73864.5,73903.1,272,750,0
2025-01-14 16:30:00,73904.1,73951.2,73879.3,73888.6,433,750,0
2025-01-14 16:40:00,73888.6,73891.1,73742.5,73744.7,548,750,0
2025-01-14 16:50:00,73746.6,73754.5,73554.5,73595.8,297,750,0
2025-01-14 17:00:00,73598.3,73733.0,73553.0,73705.4,223,750,0
2025-01-14 17:10:00,73704.9,73804.1,73683.8,73768.7,144,750,0
2025-01-14 17:20:00,73766.7,73781.5,73674.1,73693.8,176,750,0
2025-01-15 08:30:00,73845.6,73895.0,73720.3,73895.0,105,750,0
2025-01-15 08:40:00,73896.9,73900.3,73814.1,73883.2,70,750,0
2025-01-15 08:50:00,73884.2,73884.2,73816.2,73840.0,57,750,0
2025-01-15 09:00:00,73840.0,73859.1,73785.8,73831.0,248,750,0
2025-01-15 09:10:00,73831.0,73932.1,73785.5,73882.8,340,750,0
2025-01-15 09:20:00,73884.8,73926.7,73712.6,73712.6,373,750,0
2025-01-15 09:30:00,73712.6,73796.7,73693.4,73727.1,266,750,0
2025-01-15 09:40:00,73737.5,73935.9,73733.5,73893.4,351,750,0
2025-01-15 09:50:00,73894.3,74094.6,73894.3,74007.4,420,750,0
2025-01-15 10:00:00,74015.3,74160.2,73997.6,74148.9,481,750,0
2025-01-15 10:10:00,74148.9,74223.7,73939.4,73999.4,420,750,0
2025-01-15 10:20:00,73999.4,74050.5,73946.8,74035.7,397,750,0
2025-01-15 10:30:00,74035.7,74198.9,74007.1,74176.7,282,750,0
2025-01-15 10:40:00,74176.7,74204.1,74106.4,74112.8,202,750,0
2025-01-15 10:50:00,74112.8,74141.9,74074.8,74117.8,378,750,0
2025-01-15 11:00:00,74116.3,74204.6,74068.1,74136.8,315,750,0
2025-01-15 11:10:00,74136.8,74210.2,74088.5,74193.1,254,750,0
2025-01-15 11:20:00,74196.5,74204.3,74159.6,74191.3,245,750,0
2025-01-15 11:30:00,74191.3,74219.2,74162.6,74198.1,244,750,0
2025-01-15 11:40:00,74198.1,74260.5,74161.2,74251.7,248,750,0
2025-01-15 11:50:00,74238.9,74252.9,74187.8,74225.3,182,750,0
2025-01-15 12:00:00,74226.2,74304.7,74223.3,74267.7,230,750,0
2025-01-15 12:10:00,74267.7,74292.0,74225.6,74285.1,232,750,0
2025-01-15 12:20:00,74285.1,74306.8,74242.6,74298.0,271,750,0
2025-01-15 12:30:00,74290.6,74323.8,74248.9,74281.1,198,750,0
2025-01-15 12:40:00,74281.1,74296.9,74159.5,74251.6,250,750,0
2025-01-15 12:50:00,74251.6,74267.9,74156.5,74219.9,211,750,0
2025-01-15 13:00:00,74219.9,74287.2,74218.5,74265.3,206,750,0
2025-01-15 13:10:00,74265.3,74308.6,74254.5,74288.9,239,750,0
2025-01-15 13:20:00,74288.9,74288.9,74183.7,74246.1,208,750,0
2025-01-15 13:30:00,74246.1,74264.2,74223.9,74251.9,182,750,0
2025-01-15 13:40:00,74251.9,74333.7,74246.0,74329.7,242,750,0
2025-01-15 13:50:00,74329.7,74349.9,74295.4,74311.1,172,750,0
2025-01-15 14:00:00,74312.1,74314.3,74279.4,74301.5,144,750,0
2025-01-15 14:10:00,74301.0,74315.4,74281.8,74308.5,161,750,0
2025-01-15 14:20:00,74308.5,74314.0,74222.8,74245.0,214,750,0
2025-01-15 14:30:00,74245.0,74270.2,74192.1,74210.4,225,750,0
2025-01-15 14:40:00,74210.4,74299.9,74208.4,74246.0,219,750,0
2025-01-15 14:50:00,74248.9,74257.0,74225.5,74255.7,203,750,0
2025-01-15 15:00:00,74256.6,74315.2,74251.2,74314.7,277,750,0
2025-01-15 15:10:00,74314.7,74361.6,74289.3,74338.0,276,750,0
2025-01-15 15:20:00,74338.0,74354.2,74306.8,74321.2,286,750,0
2025-01-15 15:30:00,74325.2,74985.3,74317.3,74983.1,480,750,0
2025-01-15 15:40:00,74988.0,75204.1,74926.7,75204.1,462,750,0
2025-01-15 15:50:00,75204.1,75208.9,75054.3,75149.1,272,750,0
2025-01-15 16:00:00,75149.1,75220.7,75120.1,75158.5,266,750,0
2025-01-15 16:10:00,75158.5,75158.5,74943.5,75088.6,295,750,0
2025-01-15 16:20:00,75088.6,75135.5,74996.8,75100.8,296,750,0
2025-01-15 16:30:00,75100.8,75115.8,74977.0,75013.1,261,750,0
2025-01-15 16:40:00,75013.1,75167.6,75013.1,75167.6,261,750,0
2025-01-15 16:50:00,75165.7,75197.8,75030.7,75030.7,235,750,0
2025-01-15 17:00:00,75031.7,75173.8,75031.7,75136.4,292,750,0
2025-01-15 17:10:00,75136.4,75160.0,75095.4,75118.7,154,750,0
2025-01-15 17:20:00,75118.7,75216.4,75104.9,75156.3,202,750,0
2025-01-16 08:30:00,75236.2,75584.5,75236.2,75482.9,138,750,0
2025-01-16 08:40:00,75483.9,75527.3,75450.4,75519.6,88,750,0
2025-01-16 08:50:00,75519.6,75639.0,75446.6,75612.4,95,750,0
2025-01-16 09:00:00,75612.4,75615.9,75450.6,75612.5,177,750,0
2025-01-16 09:10:00,75621.4,75780.7,75560.4,75591.4,372,750,0
2025-01-16 09:20:00,75593.3,75607.4,75457.5,75481.4,299,750,0
2025-01-16 09:30:00,75482.4,75561.7,75482.4,75503.1,255,750,0
2025-01-16 09:40:00,75493.2,75538.2,75415.0,75416.0,230,750,0
2025-01-16 09:50:00,75416.0,75496.5,75353.8,75419.9,265,750,0
2025-01-16 10:00:00,75412.0,75516.8,75392.2,75482.4,423,750,0
2025-01-16 10:10:00,75484.4,75487.9,75358.7,75390.7,423,750,0
2025-01-16 10:20:00,75391.7,75411.0,75234.8,75241.3,312,750,0
2025-01-16 10:30:00,75242.3,75380.9,75179.9,75380.9,272,750,0
2025-01-16 10:40:00,75376.5,75376.5,75292.6,75300.1,266,750,0
2025-01-16 10:50:00,75301.1,75313.0,75229.3,75261.6,188,750,0
2025-01-16 11:00:00,75261.6,75323.7,75213.2,75297.0,248,750,0
2025-01-16 11:10:00,75297.0,75363.8,75283.9,75351.0,184,750,0
2025-01-16 11:20:00,75351.0,75375.9,75296.3,75303.3,212,750,0
2025-01-16 11:30:00,75303.3,75309.2,75211.6,75251.0,230,750,0
2025-01-16 11:40:00,75251.0,75255.2,75210.0,75249.3,271,750,0
2025-01-16 11:50:00,75248.3,75351.0,75238.0,75298.7,179,750,0
2025-01-16 12:00:00,75299.7,75303.7,75238.8,75271.4,219,750,0
2025-01-16 12:10:00,75268.5,75285.2,75238.6,75250.7,246,750,0
2025-01-16 12:20:00,75250.7,75282.0,75236.6,75238.1,136,750,0
2025-01-16 12:30:00,75238.1,75282.6,75219.7,75237.5,130,750,0
2025-01-16 12:40:00,75237.5,75243.4,75193.6,75211.5,184,750,0
2025-01-16 12:50:00,75211.0,75212.2,75150.9,75154.8,292,750,0
2025-01-16 13:00:00,75156.8,75284.6,75130.0,75276.6,152,750,0
2025-01-16 13:10:00,75276.6,75363.5,75268.4,75338.0,204,750,0
2025-01-16 13:20:00,75338.0,75365.4,75296.3,75334.2,188,750,0
2025-01-16 13:30:00,75334.2,75355.9,75304.2,75327.7,126,750,0
2025-01-16 13:40:00,75327.7,75346.5,75304.1,75321.9,84,750,0
2025-01-16 13:50:00,75321.9,75384.3,75321.9,75344.2,115,750,0
2025-01-16 14:00:00,75344.3,75344.3,75262.6,75275.3,114,750,0
2025-01-16 14:10:00,75275.3,75277.9,75206.5,75262.1,129,750,0
2025-01-16 14:20:00,75262.1,75283.3,75176.7,75197.3,196,750,0
2025-01-16 14:30:00,75197.3,75246.8,75118.3,75158.7,193,750,0
2025-01-16 14:40:00,75159.2,75160.7,75049.4,75063.8,274,750,0
2025-01-16 14:50:00,75065.3,75094.2,75008.2,75094.2,311,750,0
2025-01-16 15:00:00,75094.2,75118.2,75029.0,75114.3,300,750,0
2025-01-16 15:10:00,75114.3,75135.6,75053.7,75070.4,191,750,0
2025-01-16 15:20:00,75070.4,75232.6,75070.4,75208.8,165,750,0
2025-01-16 15:30:00,75208.8,75365.8,75208.8,75314.0,190,750,0
2025-01-16 15:40:00,75314.0,75367.4,75230.9,75285.9,180,750,0
2025-01-16 15:50:00,75285.9,75349.7,75217.7,75294.7,223,750,0
2025-01-16 16:00:00,75294.7,75299.4,75247.6,75275.8,141,750,0
2025-01-16 16:10:00,75275.8,75376.3,75275.8,75364.9,152,750,0
2025-01-16 16:20:00,75363.9,75366.5,75287.1,75302.9,218,750,0
2025-01-16 16:30:00,75302.4,75306.2,75209.9,75300.6,241,750,0
2025-01-16 16:40:00,75307.5,75368.2,75258.3,75278.5,284,750,0
2025-01-16 16:50:00,75279.0,75371.3,75199.2,75239.7,270,750,0
2025-01-16 17:00:00,75239.7,75267.3,75163.7,75234.9,167,750,0
2025-01-16 17:10:00,75234.9,75367.1,75173.8,75300.1,242,750,0
2025-01-16 17:20:00,75300.1,75421.0,75253.8,75332.8,219,750,0
2025-01-17 08:30:00,75330.4,75413.8,75330.4,75389.8,107,750,0
2025-01-17 08:40:00,75389.8,75449.5,75332.6,75449.0,56,750,0
2025-01-17 08:50:00,75446.6,75451.2,75401.8,75451.1,53,750,0
2025-01-17 09:00:00,75452.2,75560.8,75451.2,75542.1,123,750,0
2025-01-17 09:10:00,75542.1,75542.1,75447.4,75488.5,212,750,0
2025-01-17 09:20:00,75488.5,75588.4,75449.8,75541.5,134,750,0
2025-01-17 09:30:00,75541.5,75689.7,75529.6,75634.9,188,750,0
2025-01-17 09:40:00,75634.9,75634.9,75523.5,75626.1,199,750,0
2025-01-17 09:50:00,75626.1,75676.7,75567.5,75676.7,147,750,0
2025-01-17 10:00:00,75705.3,75809.0,75665.4,75674.4,174,750,0
2025-01-17 10:10:00,75674.4,75710.1,75592.4,75619.3,152,750,0
2025-01-17 10:20:00,75619.4,75708.0,75609.1,75610.7,235,750,0
2025-01-17 10:30:00,75611.7,75787.2,75609.8,75787.2,175,750,0
2025-01-17 10:40:00,75786.2,75833.2,75768.5,75805.8,122,750,0
2025-01-17 10:50:00,75805.8,75913.8,75805.8,75911.8,176,750,0
2025-01-17 11:00:00,75914.3,76047.0,75913.0,76004.7,223,750,0
2025-01-17 11:10:00,76002.7,76008.6,75887.8,75917.7,196,750,0
2025-01-17 11:20:00,75917.7,75986.7,75908.6,75925.8,105,750,0
2025-01-17 11:30:00,75925.8,75984.4,75914.1,75969.9,127,750,0
2025-01-17 11:40:00,75969.9,75973.7,75889.4,75896.5,112,750,0
2025-01-17 11:50:00,75897.5,75934.3,75886.0,75929.4,124,750,0
2025-01-17 12:00:00,75933.8,75998.9,75902.0,75951.3,162,750,0
2025-01-17 12:10:00,75951.3,76013.2,75939.5,76003.7,207,750,0
2025-01-17 12:20:00,76003.7,76049.1,75960.0,76011.1,175,750,0
2025-01-17 12:30:00,76011.1,76028.2,75963.8,75998.5,169,750,0
2025-01-17 12:40:00,75999.0,76033.3,75970.4,76033.2,141,750,0
2025-01-17 12:50:00,76015.4,76056.6,75971.1,76051.3,173,750,0
2025-01-17 13:00:00,76051.3,76110.5,76051.3,76102.5,169,750,0
2025-01-17 13:10:00,76102.5,76126.4,76079.6,76115.2,201,750,0
2025-01-17 13:20:00,76115.3,76119.7,76080.2,76104.5,137,750,0
2025-01-17 13:30:00,76103.5,76121.6,76070.0,76095.9,87,750,0
2025-01-17 13:40:00,76095.9,76107.3,76071.7,76080.5,86,750,0
2025-01-17 13:50:00,76080.5,76080.5,76046.5,76062.8,70,750,0
2025-01-17 14:00:00,76062.8,76066.8,75998.9,75999.9,148,750,0
2025-01-17 14:10:00,75999.9,76023.6,75919.6,75980.4,180,750,0
2025-01-17 14:20:00,75980.4,76079.1,75965.7,76048.4,193,750,0
2025-01-17 14:30:00,76048.4,76071.5,76033.3,76040.7,160,750,0
2025-01-17 14:40:00,76040.7,76075.1,76035.3,76041.4,142,750,0
2025-01-17 14:50:00,76041.4,76063.0,76021.9,76048.7,105,750,0
2025-01-17 15:00:00,76048.3,76071.9,76027.9,76037.9,148,750,0
2025-01-17 15:10:00,76037.9,76055.3,75902.9,75933.7,205,750,0
2025-01-17 15:20:00,75932.7,76131.6,75929.7,76114.6,201,750,0
2025-01-17 15:30:00,76114.6,76169.0,76104.1,76143.7,377,750,0
2025-01-17 15:40:00,76144.2,76205.9,76136.0,76156.8,224,750,0
2025-01-17 15:50:00,76156.8,76176.4,76106.7,76166.7,187,750,0
2025-01-17 16:00:00,76166.8,76188.3,76122.9,76185.9,169,750,0
2025-01-17 16:10:00,76185.9,76190.4,76100.7,76111.6,242,750,0
2025-01-17 16:20:00,76111.6,76156.4,76071.9,76135.1,324,750,0
2025-01-17 16:30:00,76121.4,76134.2,75983.9,76097.6,197,750,0
2025-01-17 16:40:00,76097.6,76154.1,76075.0,76121.8,227,750,0
2025-01-17 16:50:00,76121.8,76228.9,76121.8,76210.6,267,750,0
2025-01-17 17:00:00,76200.8,76267.0,76180.1,76224.6,266,750,0
2025-01-17 17:10:00,76212.7,76238.4,76157.1,76161.6,159,750,0
2025-01-17 17:20:00,76161.6,76161.6,76064.8,76107.4,181,750,0
2025-01-20 08:30:00,76559.7,76659.5,76558.8,76633.8,97,750,0
2025-01-20 08:40:00,76633.3,76633.3,76558.9,76610.3,47,750,0
2025-01-20 08:50:00,76610.3,76628.1,76486.9,76521.6,86,750,0
2025-01-20 09:00:00,76524.5,76529.5,76397.3,76404.2,107,750,0
2025-01-20 09:10:00,76404.2,76502.4,76348.9,76487.6,184,750,0
2025-01-20 09:20:00,76487.6,76526.3,76440.9,76524.3,237,750,0
2025-01-20 09:30:00,76524.3,76623.3,76519.6,76601.6,194,750,0
2025-01-20 09:40:00,76602.5,76647.3,76597.3,76638.0,188,750,0
2025-01-20 09:50:00,76638.0,76697.4,76607.5,76656.6,186,750,0
2025-01-20 10:00:00,76645.7,76764.3,76645.7,76736.5,252,750,0
2025-01-20 10:10:00,76745.5,76765.1,76658.2,76712.9,241,750,0
2025-01-20 10:20:00,76712.9,76753.0,76703.4,76705.8,169,750,0
2025-01-20 10:30:00,76705.8,76732.7,76689.0,76695.7,169,750,0
2025-01-20 10:40:00,76697.7,76707.6,76618.7,76631.9,176,750,0
2025-01-20 10:50:00,76631.9,76696.8,76629.3,76671.4,179,750,0
2025-01-20 11:00:00,76671.4,76706.7,76662.4,76689.0,149,750,0
2025-01-20 11:10:00,76690.4,76710.2,76643.7,76643.8,236,750,0
2025-01-20 11:20:00,76645.8,76650.4,76528.6,76560.1,234,750,0
2025-01-20 11:30:00,76556.7,76558.0,76451.6,76489.8,248,750,0
2025-01-20 11:40:00,76487.3,76606.4,76473.9,76580.8,217,750,0
2025-01-20 11:50:00,76581.3,76582.2,76461.5,76505.6,295,750,0
2025-01-20 12:00:00,76507.6,76521.4,76394.2,76401.2,270,750,0
2025-01-20 12:10:00,76400.2,76454.0,76371.8,76430.5,287,750,0
2025-01-20 12:20:00,76430.5,76466.8,76378.3,76394.4,226,750,0
2025-01-20 12:30:00,76394.4,76441.5,76331.1,76441.5,185,750,0
2025-01-20 12:40:00,76441.5,76488.7,76422.7,76483.8,106,750,0
2025-01-20 12:50:00,76483.8,76484.3,76419.5,76448.0,145,750,0
2025-01-20 13:00:00,76448.0,76491.7,76415.3,76430.6,174,750,0
2025-01-20 13:10:00,76430.6,76431.6,76368.2,76410.2,180,750,0
2025-01-20 13:20:00,76410.2,76412.2,76253.0,76308.7,220,750,0
2025-01-20 13:30:00,76308.7,76333.3,76281.0,76333.3,154,750,0
2025-01-20 13:40:00,76333.3,76375.7,76305.3,76352.0,94,750,0
2025-01-20 13:50:00,76352.0,76403.7,76306.7,76382.7,145,750,0
2025-01-20 14:00:00,76366.0,76385.6,76221.4,76332.7,191,750,0
2025-01-20 14:10:00,76332.7,76341.4,76278.5,76285.4,112,750,0
2025-01-20 14:20:00,76285.4,76313.9,76214.4,76221.3,89,750,0
2025-01-20 14:30:00,76221.3,76325.3,76221.3,76307.5,153,750,0
2025-01-20 14:40:00,76307.4,76334.8,76267.1,76273.5,181,750,0
2025-01-20 14:50:00,76273.5,76408.6,76272.1,76404.7,179,750,0
2025-01-20 15:00:00,76404.6,76405.1,76341.7,76344.5,162,750,0
2025-01-20 15:10:00,76344.5,76344.5,76111.9,76167.1,204,750,0
2025-01-20 15:20:00,76169.1,76199.3,76102.4,76116.8,275,750,0
2025-01-20 15:30:00,76116.8,76431.7,76085.2,76189.1,273,750,0
2025-01-20 15:40:00,76188.1,76307.3,76188.1,76248.8,156,750,0
2025-01-20 15:50:00,76248.8,76413.1,76248.8,76374.9,221,750,0
2025-01-20 16:00:00,76374.9,76472.7,76283.9,76315.6,189,750,0
2025-01-20 16:10:00,76315.6,76316.1,76231.2,76285.2,156,750,0
2025-01-20 16:20:00,76285.2,76366.1,76264.1,76302.2,189,750,0
2025-01-20 16:30:00,76302.2,76347.8,76275.6,76313.9,275,750,0
2025-01-20 16:40:00,76313.9,76448.3,76309.9,76409.4,231,750,0
2025-01-20 16:50:00,76410.4,76464.3,76311.3,76330.7,236,750,0
2025-01-20 17:00:00,76329.7,76345.0,76261.1,76267.6,150,750,0
2025-01-20 17:10:00,76267.6,76314.1,76106.9,76114.8,171,750,0
2025-01-20 17:20:00,76114.8,76258.0,76114.8,76178.1,75,750,0
2025-01-21 08:30:00,76239.9,76239.9,76042.5,76042.6,75,750,0
2025-01-21 08:40:00,76042.6,76077.2,75958.8,76027.9,47,750,0
2025-01-21 08:50:00,76027.9,76092.8,76008.0,76041.6,80,750,0
2025-01-21 09:00:00,76048.5,76194.6,76026.9,76052.6,230,750,0
2025-01-21 09:10:00,76052.6,76169.2,76041.7,76051.6,218,750,0
2025-01-21 09:20:00,76051.6,76202.0,76032.0,76181.0,170,750,0
2025-01-21 09:30:00,76181.0,76340.3,76173.7,76306.4,135,750,0
2025-01-21 09:40:00,76309.4,76435.5,76262.7,76401.9,164,750,0
2025-01-21 09:50:00,76401.9,76439.1,76319.5,76323.6,159,750,0
2025-01-21 10:00:00,76323.6,76418.2,76275.4,76411.4,324,750,0
2025-01-21 10:10:00,76411.4,76562.2,76411.4,76540.6,263,750,0
2025-01-21 10:20:00,76540.6,76563.9,76435.6,76498.8,235,750,0
2025-01-21 10:30:00,76498.8,76644.0,76498.8,76532.8,240,750,0
2025-01-21 10:40:00,76532.8,76554.1,76406.6,76471.2,274,750,0
2025-01-21 10:50:00,76471.2,76479.8,76379.9,76389.2,229,750,0
2025-01-21 11:00:00,76390.2,76521.3,76356.2,76470.2,270,750,0
2025-01-21 11:10:00,76470.2,76502.6,76411.3,76447.7,264,750,0
2025-01-21 11:20:00,76444.7,76508.7,76398.4,76432.2,232,750,0
2025-01-21 11:30:00,76432.7,76506.9,76379.0,76471.4,284,750,0
2025-01-21 11:40:00,76471.4,76529.9,76434.8,76508.5,313,750,0
2025-01-21 11:50:00,76509.5,76560.1,76509.5,76515.6,207,750,0
2025-01-21 12:00:00,76547.2,76567.3,76492.9,76534.6,230,750,0
2025-01-21 12:10:00,76534.6,76570.9,76484.5,76532.3,239,750,0
2025-01-21 12:20:00,76532.3,76591.5,76520.7,76587.2,270,750,0
2025-01-21 12:30:00,76584.2,76649.9,76572.4,76636.3,271,750,0
2025-01-21 12:40:00,76636.3,76657.3,76615.8,76632.5,155,750,0
2025-01-21 12:50:00,76632.5,76632.5,76569.8,76574.3,222,750,0
2025-01-21 13:00:00,76574.3,76644.4,76557.7,76644.3,207,750,0
2025-01-21 13:10:00,76641.7,76641.7,76557.2,76561.1,142,750,0
2025-01-21 13:20:00,76561.1,76577.1,76496.5,76537.3,151,750,0
2025-01-21 13:30:00,76537.3,76558.1,76497.9,76537.5,238,750,0
2025-01-21 13:40:00,76537.5,76593.4,76537.4,76586.5,181,750,0
2025-01-21 13:50:00,76586.5,76612.5,76564.2,76585.5,133,750,0
2025-01-21 14:00:00,76583.5,76655.6,76571.8,76573.7,214,750,0
2025-01-21 14:10:00,76573.7,76621.9,76564.7,76572.5,157,750,0
2025-01-21 14:20:00,76574.0,76592.9,76514.3,76574.0,150,750,0
2025-01-21 14:30:00,76574.0,76595.3,76535.6,76547.0,151,750,0
2025-01-21 14:40:00,76548.0,76573.9,76530.3,76533.8,114,750,0
2025-01-21 14:50:00,76533.8,76594.4,76505.0,76581.0,134,750,0
2025-01-21 15:00:00,76581.0,76615.2,76540.1,76613.2,142,750,0
2025-01-21 15:10:00,76613.2,76645.1,76582.2,76640.8,192,750,0
2025-01-21 15:20:00,76639.8,76644.3,76580.5,76580.5,174,750,0
2025-01-21 15:30:00,76580.5,76642.7,76565.5,76609.9,131,750,0
2025-01-21 15:40:00,76609.4,76621.0,76574.7,76587.4,158,750,0
2025-01-21 15:50:00,76587.4,76618.7,76536.9,76543.9,175,750,0
2025-01-21 16:00:00,76543.9,76573.6,76490.4,76522.8,147,750,0
2025-01-21 16:10:00,76522.8,76582.4,76508.8,76575.3,187,750,0
2025-01-21 16:20:00,76574.3,76578.8,76529.0,76543.5,146,750,0
2025-01-21 16:30:00,76543.5,76571.5,76464.5,76507.5,314,750,0
2025-01-21 16:40:00,76508.5,76598.2,76475.2,76487.2,290,750,0
2025-01-21 16:50:00,76489.1,76505.5,76382.7,76422.7,291,750,0
2025-01-21 17:00:00,76427.7,76447.8,76337.9,76417.9,180,750,0
2025-01-21 17:10:00,76421.9,76453.0,76356.8,76447.6,163,750,0
2025-01-21 17:20:00,76448.6,76498.1,76413.1,76467.5,136,750,0
2025-01-22 08:30:00,76471.5,76563.3,76398.6,76468.7,74,750,0
2025-01-22 08:40:00,76468.7,76481.7,76418.4,76481.7,40,1430,0
2025-01-22 08:50:00,76482.6,76482.6,76369.3,76371.2,35,750,0
2025-01-22 09:00:00,76371.2,76396.0,76143.3,76320.1,312,750,0
2025-01-22 09:10:00,76324.0,76595.8,76324.0,76563.6,297,750,0
2025-01-22 09:20:00,76563.6,76805.1,76563.6,76762.4,311,750,0
2025-01-22 09:30:00,76763.4,76797.8,76725.3,76785.7,259,750,0
2025-01-22 09:40:00,76785.7,76795.1,76696.4,76756.2,262,750,0
2025-01-22 09:50:00,76756.2,76773.1,76595.6,76672.7,246,750,0
2025-01-22 10:00:00,76658.9,76787.3,76628.3,76657.2,272,750,0
2025-01-22 10:10:00,76657.2,76809.2,76657.2,76809.2,230,750,0
2025-01-22 10:20:00,76809.7,76823.0,76731.8,76747.1,277,750,0
2025-01-22 10:30:00,76748.6,76775.8,76608.9,76663.4,342,750,0
2025-01-22 10:40:00,76664.4,76736.6,76642.7,76736.6,281,750,0
2025-01-22 10:50:00,76737.6,76840.6,76737.1,76839.6,212,750,0
2025-01-22 11:00:00,76839.6,76870.6,76776.8,76828.1,229,750,0
2025-01-22 11:10:00,76828.1,76851.8,76779.5,76808.8,227,750,0
2025-01-22 11:20:00,76809.8,76865.1,76783.7,76851.5,169,750,0
2025-01-22 11:30:00,76851.5,76882.3,76822.5,76857.5,221,750,0
2025-01-22 11:40:00,76857.5,76867.8,76795.8,76796.8,165,750,0
2025-01-22 11:50:00,76794.8,76821.5,76752.2,76793.7,195,750,0
2025-01-22 12:00:00,76798.6,76845.2,76775.4,76820.1,132,750,0
2025-01-22 12:10:00,76820.1,76823.0,76661.6,76710.7,196,750,0
2025-01-22 12:20:00,76710.7,76850.7,76690.4,76773.9,158,750,0
2025-01-22 12:30:00,76773.9,76806.7,76756.5,76806.7,131,750,0
2025-01-22 12:40:00,76806.7,76846.8,76804.9,76846.8,128,750,0
2025-01-22 12:50:00,76844.3,76883.9,76844.3,76861.7,148,750,0
2025-01-22 13:00:00,76861.2,76877.6,76774.6,76834.5,157,750,0
2025-01-22 13:10:00,76834.5,76874.7,76813.4,76852.8,195,750,0
2025-01-22 13:20:00,76852.8,76852.8,76808.4,76827.5,164,750,0
2025-01-22 13:30:00,76828.0,76831.2,76665.2,76680.4,243,750,0
2025-01-22 13:40:00,76680.9,76701.1,76660.7,76670.0,160,750,0
2025-01-22 13:50:00,76672.9,76706.7,76645.6,76670.6,146,750,0
2025-01-22 14:00:00,76670.6,76746.7,76664.9,76746.7,167,750,0
2025-01-22 14:10:00,76746.7,76809.6,76746.6,76784.2,137,750,0
2025-01-22 14:20:00,76784.2,76784.2,76738.5,76763.1,122,750,0
2025-01-22 14:30:00,76763.6,76773.0,76678.7,76680.7,157,750,0
2025-01-22 14:40:00,76680.7,76755.1,76680.7,76741.4,107,750,0
2025-01-22 14:50:00,76741.4,76742.2,76690.7,76700.8,122,750,0
2025-01-22 15:00:00,76700.8,76799.4,76689.3,76799.4,187,750,0
2025-01-22 15:10:00,76799.4,76801.3,76715.4,76715.7,181,750,0
2025-01-22 15:20:00,76727.0,76737.6,76643.0,76652.4,192,750,0
2025-01-22 15:30:00,76652.4,76666.8,76569.2,76595.6,313,750,0
2025-01-22 15:40:00,76596.6,76661.6,76583.8,76658.2,192,750,0
2025-01-22 15:50:00,76658.2,76675.8,76605.0,76612.3,172,750,0
2025-01-22 16:00:00,76612.3,76622.9,76544.2,76556.1,194,750,0
2025-01-22 16:10:00,76554.1,76564.6,76481.0,76503.9,326,750,0
2025-01-22 16:20:00,76501.4,76553.8,76451.4,76534.1,302,750,0
2025-01-22 16:30:00,76532.1,76532.1,76295.0,76298.9,366,750,0
2025-01-22 16:40:00,76300.9,76402.4,76300.8,76388.5,218,750,0
2025-01-22 16:50:00,76388.5,76392.4,76223.2,76269.1,255,750,0
2025-01-22 17:00:00,76273.1,76296.3,76243.0,76248.5,166,750,0
2025-01-22 17:10:00,76248.5,76296.5,76219.0,76281.3,126,750,0
2025-01-22 17:20:00,76281.3,76358.8,76273.8,76358.8,114,750,0
2025-01-23 08:30:00,76135.8,76181.2,75936.3,75958.1,96,750,0
2025-01-23 08:40:00,75958.1,75965.1,75888.1,75909.8,81,750,0
2025-01-23 08:50:00,75909.8,75929.7,75909.8,75919.8,30,1430,0
2025-01-23 09:00:00,75919.8,76000.9,75862.6,75936.7,180,750,0
2025-01-23 09:10:00,75930.8,75978.3,75870.8,75878.7,220,750,0
2025-01-23 09:20:00,75878.7,75923.2,75814.1,75876.5,239,750,0
2025-01-23 09:30:00,75876.5,75948.1,75833.8,75948.0,264,750,0
2025-01-23 09:40:00,75948.0,75948.0,75837.0,75884.9,269,750,0
2025-01-23 09:50:00,75884.9,75891.4,75837.6,75844.7,275,750,0
2025-01-23 10:00:00,75843.7,75889.2,75720.7,75787.2,394,750,0
2025-01-23 10:10:00,75788.1,75875.2,75767.9,75849.1,257,750,0
2025-01-23 10:20:00,75849.1,75855.4,75783.5,75838.0,274,750,0
2025-01-23 10:30:00,75838.0,75845.8,75661.8,75686.5,323,750,0
2025-01-23 10:40:00,75686.5,75769.9,75635.1,75769.9,261,750,0
2025-01-23 10:50:00,75769.9,75851.4,75725.8,75748.9,267,750,0
2025-01-23 11:00:00,75748.9,75749.9,75665.5,75681.3,250,750,0
2025-01-23 11:10:00,75681.3,75734.6,75645.6,75734.6,224,750,0
2025-01-23 11:20:00,75734.6,75793.3,75700.2,75787.7,208,750,0
2025-01-23 11:30:00,75787.7,75822.3,75756.5,75777.1,150,750,0
2025-01-23 11:40:00,75777.1,75861.3,75753.0,75801.6,181,750,0
2025-01-23 11:50:00,75801.6,75856.0,75800.6,75817.1,145,750,0
2025-01-23 12:00:00,75817.1,75825.0,75755.7,75776.9,182,750,0
2025-01-23 12:10:00,75776.4,75815.5,75764.4,75796.3,142,750,0
2025-01-23 12:20:00,75796.3,75861.3,75777.0,75853.6,147,750,0
2025-01-23 12:30:00,75854.6,75892.1,75836.7,75885.0,137,750,0
2025-01-23 12:40:00,75885.0,75898.4,75796.6,75833.0,161,750,0
2025-01-23 12:50:00,75833.0,75838.8,75801.9,75829.1,107,750,0
2025-01-23 13:00:00,75829.1,75910.0,75813.3,75910.0,134,750,0
2025-01-23 13:10:00,75910.0,75910.0,75848.1,75863.9,101,750,0
2025-01-23 13:20:00,75863.9,75935.3,75843.2,75917.2,133,750,0
2025-01-23 13:30:00,75917.2,75950.0,75906.2,75927.9,108,750,0
2025-01-23 13:40:00,75927.9,75942.7,75906.7,75913.7,91,750,0
2025-01-23 13:50:00,75913.7,75936.6,75872.4,75883.3,127,750,0
2025-01-23 14:00:00,75882.3,75944.3,75869.6,75906.4,134,750,0
2025-01-23 14:10:00,75906.4,75927.6,75823.5,75896.7,186,750,0
2025-01-23 14:20:00,75896.7,75945.1,75885.9,75922.7,146,750,0
2025-01-23 14:30:00,75922.7,75946.1,75895.1,75895.6,163,750,0
2025-01-23 14:40:00,75895.7,75895.7,75855.3,75868.9,130,750,0
2025-01-23 14:50:00,75869.9,75916.4,75860.1,75916.4,107,750,0
2025-01-23 15:00:00,75914.4,75949.0,75799.8,75836.4,167,750,0
2025-01-23 15:10:00,75836.4,75874.9,75741.3,75755.1,216,750,0
2025-01-23 15:20:00,75755.1,75767.6,75693.6,75731.0,198,750,0
2025-01-23 15:30:00,75731.0,75769.7,75686.9,75699.9,190,750,0
2025-01-23 15:40:00,75699.9,75699.9,75630.5,75647.5,187,750,0
2025-01-23 15:50:00,75648.5,75657.2,75593.1,75608.1,192,750,0
2025-01-23 16:00:00,75608.0,75638.3,75597.9,75602.8,147,750,0
2025-01-23 16:10:00,75602.8,75735.3,75602.8,75658.3,200,750,0
2025-01-23 16:20:00,75658.3,75739.5,75614.3,75628.3,262,750,0
2025-01-23 16:30:00,75626.8,75626.8,75520.9,75562.2,349,750,0
2025-01-23 16:40:00,75563.1,75674.6,75560.0,75644.4,323,750,0
2025-01-23 16:50:00,75646.4,75734.8,75637.5,75666.3,223,750,0
2025-01-23 17:00:00,75673.2,75754.7,75640.6,75674.3,165,750,0
2025-01-23 17:10:00,75674.3,75698.0,75591.5,75591.5,175,750,0
2025-01-23 17:20:00,75591.5,75591.5,75475.1,75475.1,142,750,0
2025-01-24 08:30:00,75998.3,76078.3,75998.3,76041.8,99,750,0
2025-01-24 08:40:00,76040.9,76194.1,76030.1,76194.1,81,750,0
2025-01-24 08:50:00,76192.1,76416.3,76146.7,76388.0,150,750,0
2025-01-24 09:00:00,76388.0,76389.9,76082.5,76114.1,229,750,0
2025-01-24 09:10:00,76114.1,76141.9,76041.8,76041.8,155,750,0
2025-01-24 09:20:00,76041.8,76074.5,75994.4,76004.8,163,750,0
2025-01-24 09:30:00,76004.8,76129.5,75996.5,76129.5,183,750,0
2025-01-24 09:40:00,76129.5,76167.0,76075.1,76143.3,151,750,0
2025-01-24 09:50:00,76143.3,76232.6,76080.0,76204.0,212,750,0
2025-01-24 10:00:00,76204.0,76330.1,76204.0,76287.3,375,750,0
2025-01-24 10:10:00,76286.3,76351.3,76226.7,76277.0,319,750,0
2025-01-24 10:20:00,76277.0,76306.0,76221.0,76293.2,276,750,0
2025-01-24 10:30:00,76293.2,76487.8,76293.2,76459.7,281,750,0
2025-01-24 10:40:00,76459.7,76542.7,76427.4,76512.4,278,750,0
2025-01-24 10:50:00,76512.4,76542.2,76372.3,76416.0,236,750,0
2025-01-24 11:00:00,76428.3,76471.1,76365.5,76461.8,249,750,0
2025-01-24 11:10:00,76461.8,76536.3,76423.2,76496.3,264,750,0
2025-01-24 11:20:00,76496.3,76542.0,76465.2,76537.0,237,750,0
2025-01-24 11:30:00,76521.3,76570.6,76492.3,76533.3,220,750,0
2025-01-24 11:40:00,76534.3,76558.1,76454.1,76475.1,235,750,0
2025-01-24 11:50:00,76475.1,76570.5,76468.9,76570.5,187,750,0
2025-01-24 12:00:00,76571.5,76609.5,76520.2,76605.5,188,750,0
2025-01-24 12:10:00,76605.5,76606.0,76523.3,76574.7,223,750,0
2025-01-24 12:20:00,76574.7,76621.4,76526.4,76590.9,240,750,0
2025-01-24 12:30:00,76588.9,76591.8,76517.3,76520.7,180,750,0
2025-01-24 12:40:00,76520.7,76520.7,76440.4,76475.2,126,750,0
2025-01-24 12:50:00,76475.2,76511.5,76457.4,76481.5,101,750,0
2025-01-24 13:00:00,76481.5,76500.8,76412.3,76422.7,115,750,0
2025-01-24 13:10:00,76422.7,76449.0,76399.2,76399.2,143,750,0
2025-01-24 13:20:00,76388.9,76401.0,76371.8,76391.9,144,750,0
2025-01-24 13:30:00,76391.9,76421.0,76331.2,76334.0,138,750,0
2025-01-24 13:40:00,76334.0,76338.7,76285.0,76286.2,96,750,0
2025-01-24 13:50:00,76286.3,76298.6,76255.9,76260.0,95,750,0
2025-01-24 14:00:00,76258.5,76315.1,76238.9,76298.4,124,750,0
2025-01-24 14:10:00,76300.3,76314.2,76242.0,76254.9,121,750,0
2025-01-24 14:20:00,76251.5,76288.7,76251.1,76266.0,126,750,0
2025-01-24 14:30:00,76266.0,76290.7,76251.1,76254.0,147,750,0
2025-01-24 14:40:00,76254.0,76334.9,76254.0,76311.6,151,750,0
2025-01-24 14:50:00,76312.6,76419.8,76312.6,76335.9,144,750,0
2025-01-24 15:00:00,76335.9,76344.3,76220.0,76220.1,109,750,0
2025-01-24 15:10:00,76220.1,76227.0,76166.3,76193.5,163,750,0
2025-01-24 15:20:00,76193.5,76252.2,76186.3,76201.5,176,750,0
2025-01-24 15:30:00,76201.5,76216.6,76132.7,76189.2,153,750,0
2025-01-24 15:40:00,76189.2,76246.7,76179.0,76241.6,126,750,0
2025-01-24 15:50:00,76241.6,76278.7,76219.1,76223.0,157,750,0
2025-01-24 16:00:00,76223.0,76239.4,76196.6,76209.8,160,750,0
2025-01-24 16:10:00,76209.8,76209.8,76144.2,76186.9,309,750,0
2025-01-24 16:20:00,76186.9,76226.0,76146.9,76168.3,221,750,0
2025-01-24 16:30:00,76168.3,76173.1,76099.4,76139.3,309,750,0
2025-01-24 16:40:00,76139.3,76162.0,76061.3,76064.8,410,750,0
2025-01-24 16:50:00,76062.9,76077.7,75884.2,75884.2,267,750,0
2025-01-24 17:00:00,75884.2,75948.8,75817.1,75817.1,168,750,0
2025-01-24 17:10:00,75817.1,75977.7,75805.7,75951.6,133,750,0
2025-01-24 17:20:00,75951.6,75974.7,75906.2,75955.6,75,750,0
2025-01-27 08:30:00,75536.8,75537.8,75356.0,75418.3,89,750,0
2025-01-27 08:40:00,75418.3,75418.3,75355.3,75361.1,52,750,0
2025-01-27 08:50:00,75361.1,75365.1,75300.9,75320.7,53,750,0
2025-01-27 09:00:00,75321.7,75448.3,75256.5,75334.7,383,750,0
2025-01-27 09:10:00,75340.6,75407.8,75275.3,75279.7,291,750,0
2025-01-27 09:20:00,75295.5,75310.7,75204.7,75285.2,339,750,0
2025-01-27 09:30:00,75286.2,75385.1,75208.8,75385.1,254,750,0
2025-01-27 09:40:00,75384.1,75468.4,75315.0,75330.8,341,750,0
2025-01-27 09:50:00,75332.7,75400.3,75288.6,75316.2,361,750,0
2025-01-27 10:00:00,75325.1,75460.5,75319.2,75387.0,380,750,0
2025-01-27 10:10:00,75387.9,75539.5,75380.0,75512.5,405,750,0
2025-01-27 10:20:00,75510.6,75532.4,75421.6,75437.0,319,750,0
2025-01-27 10:30:00,75437.0,75557.1,75352.7,75364.6,251,750,0
2025-01-27 10:40:00,75362.6,75483.1,75307.5,75431.3,212,750,0
2025-01-27 10:50:00,75431.3,75552.9,75408.6,75549.9,225,750,0
2025-01-27 11:00:00,75549.9,75560.3,75464.2,75486.9,247,750,0
2025-01-27 11:10:00,75486.9,75675.8,75479.0,75623.9,166,750,0
2025-01-27 11:20:00,75623.9,75691.5,75615.6,75638.9,129,750,0
2025-01-27 11:30:00,75636.9,75717.2,75636.9,75717.2,126,750,0
2025-01-27 11:40:00,75717.2,75777.6,75715.1,75725.6,114,750,0
2025-01-27 11:50:00,75725.6,75776.7,75706.0,75756.2,116,750,0
2025-01-27 12:00:00,75758.2,75760.2,75631.4,75697.6,139,750,0
2025-01-27 12:10:00,75697.6,75729.4,75620.7,75669.9,191,750,0
2025-01-27 12:20:00,75670.8,75707.5,75643.0,75700.9,282,750,0
2025-01-27 12:30:00,75700.4,75745.7,75640.7,75712.5,301,750,0
2025-01-27 12:40:00,75713.5,75761.9,75693.1,75703.3,217,750,0
2025-01-27 12:50:00,75703.3,75743.8,75637.5,75674.5,136,750,0
2025-01-27 13:00:00,75676.4,75681.9,75604.5,75664.5,186,750,0
2025-01-27 13:10:00,75666.5,75739.1,75641.7,75706.8,202,750,0
2025-01-27 13:20:00,75706.8,75745.6,75673.6,75728.8,140,750,0
2025-01-27 13:30:00,75728.8,75738.1,75653.9,75693.5,218,750,0
2025-01-27 13:40:00,75693.5,75792.4,75693.5,75792.4,203,750,0
2025-01-27 13:50:00,75792.4,75857.7,75776.9,75841.8,172,750,0
2025-01-27 14:00:00,75841.8,75862.4,75791.1,75791.8,179,750,0
2025-01-27 14:10:00,75791.8,75815.5,75766.7,75785.1,160,750,0
2025-01-27 14:20:00,75784.7,75844.9,75766.5,75832.6,174,750,0
2025-01-27 14:30:00,75832.6,75947.9,75825.6,75871.1,186,750,0
2025-01-27 14:40:00,75871.1,75972.0,75868.7,75930.0,201,750,0
2025-01-27 14:50:00,75930.0,75949.7,75884.3,75908.4,236,750,0
2025-01-27 15:00:00,75908.4,75982.2,75862.5,75966.5,202,750,0
2025-01-27 15:10:00,75966.5,76108.6,75929.9,75960.9,257,750,0
2025-01-27 15:20:00,75952.0,76012.2,75935.2,75991.6,184,750,0
2025-01-27 15:30:00,75991.6,75993.4,75849.3,75853.5,176,750,0
2025-01-27 15:40:00,75853.5,76003.3,75853.5,75977.3,201,750,0
2025-01-27 15:50:00,75960.5,76049.1,75923.5,76038.1,300,750,0
2025-01-27 16:00:00,76038.7,76042.1,75951.6,75976.0,166,750,0
2025-01-27 16:10:00,75976.0,75982.4,75859.2,75894.8,215,750,0
2025-01-27 16:20:00,75894.8,75924.8,75848.0,75924.8,173,750,0
2025-01-27 16:30:00,75924.8,76019.2,75885.3,75982.3,449,750,0
2025-01-27 16:40:00,75983.3,76114.2,75982.8,76074.4,323,750,0
2025-01-27 16:50:00,76074.4,76203.8,76074.4,76129.4,222,750,0
2025-01-27 17:00:00,76165.4,76195.1,76107.2,76122.6,225,750,0
2025-01-27 17:10:00,76122.6,76130.0,76032.9,76045.7,156,750,0
2025-01-27 17:20:00,76045.7,76211.7,76045.7,76209.7,152,750,0
2025-01-27 17:30:00,76183.1,76183.1,76183.1,76183.1,1,3310,0
2025-01-28 08:30:00,76104.0,76275.9,76033.9,76048.7,68,1230,0
2025-01-28 08:40:00,76048.8,76048.8,75930.2,75983.6,64,750,0
2025-01-28 08:50:00,75983.6,75995.5,75884.9,75906.6,100,750,0
2025-01-28 09:00:00,75906.6,75926.8,75735.8,75854.8,294,750,0
2025-01-28 09:10:00,75854.8,75946.3,75841.5,75911.0,332,750,0
2025-01-28 09:20:00,75911.0,75949.5,75843.4,75920.5,219,750,0
2025-01-28 09:30:00,75921.0,75922.6,75802.4,75809.7,224,750,0
2025-01-28 09:40:00,75809.7,75881.8,75767.6,75845.7,153,750,0
2025-01-28 09:50:00,75845.7,75879.3,75817.8,75817.8,151,750,0
2025-01-28 10:00:00,75817.8,75902.7,75799.1,75901.3,318,750,0
2025-01-28 10:10:00,75901.3,75913.2,75805.6,75811.0,262,750,0
2025-01-28 10:20:00,75811.0,75927.0,75811.0,75877.2,155,750,0
2025-01-28 10:30:00,75878.2,75974.8,75849.7,75943.0,199,750,0
2025-01-28 10:40:00,75943.0,75966.7,75884.4,75903.2,175,750,0
2025-01-28 10:50:00,75903.2,76089.2,75885.3,76075.1,216,750,0
2025-01-28 11:00:00,76075.1,76203.2,76058.2,76200.6,197,750,0
2025-01-28 11:10:00,76201.1,76277.9,76085.3,76148.7,192,750,0
2025-01-28 11:20:00,76154.6,76159.4,76081.7,76094.6,173,750,0
2025-01-28 11:30:00,76094.6,76136.3,76073.6,76109.9,171,750,0
2025-01-28 11:40:00,76110.9,76225.7,76090.8,76220.7,198,750,0
2025-01-28 11:50:00,76220.7,76221.6,76094.6,76099.5,86,750,0
2025-01-28 12:00:00,76100.5,76171.0,76049.9,76170.3,133,750,0
2025-01-28 12:10:00,76170.3,76170.3,76058.9,76076.9,161,750,0
2025-01-28 12:20:00,76076.9,76126.6,76074.0,76111.9,155,750,0
2025-01-28 12:30:00,76111.9,76203.8,76108.8,76200.3,155,750,0
2025-01-28 12:40:00,76200.3,76262.8,76155.4,76169.9,168,750,0
2025-01-28 12:50:00,76175.8,76184.7,76148.0,76155.9,92,750,0
2025-01-28 13:00:00,76155.9,76206.7,76149.4,76206.6,89,750,0
2025-01-28 13:10:00,76206.6,76286.0,76174.0,76260.8,140,750,0
2025-01-28 13:20:00,76260.8,76276.7,76217.5,76253.1,143,750,0
2025-01-28 13:30:00,76255.1,76272.3,76197.6,76216.7,126,750,0
2025-01-28 13:40:00,76221.6,76227.5,76177.1,76187.7,132,750,0
2025-01-28 13:50:00,76187.7,76199.1,76101.9,76111.7,93,750,0
2025-01-28 14:00:00,76110.7,76133.3,76071.7,76097.5,141,750,0
2025-01-28 14:10:00,76097.5,76097.5,76009.1,76062.4,100,750,0
2025-01-28 14:20:00,76062.4,76092.6,76031.7,76078.6,67,750,0
2025-01-28 14:30:00,76078.6,76078.6,76022.6,76057.3,134,750,0
2025-01-28 14:40:00,76057.3,76057.6,76022.5,76049.2,81,750,0
2025-01-28 14:50:00,76049.2,76152.8,76049.2,76152.8,123,750,0
2025-01-28 15:00:00,76153.8,76193.0,76134.8,76177.4,134,750,0
2025-01-28 15:10:00,76177.4,76250.4,76169.2,76193.1,145,750,0
2025-01-28 15:20:00,76193.1,76345.5,76193.1,76337.0,279,750,0
2025-01-28 15:30:00,76337.5,76416.5,76314.0,76325.8,189,750,0
2025-01-28 15:40:00,76326.3,76420.7,76291.3,76377.2,240,750,0
2025-01-28 15:50:00,76379.2,76480.1,76379.2,76454.0,263,750,0
2025-01-28 16:00:00,76452.0,76483.6,76409.3,76409.3,254,750,0
2025-01-28 16:10:00,76409.3,76473.4,76356.2,76416.4,248,750,0
2025-01-28 16:20:00,76399.7,76540.6,76399.7,76519.9,260,750,0
2025-01-28 16:30:00,76523.9,76527.8,76334.5,76362.3,443,750,0
2025-01-28 16:40:00,76367.2,76379.0,76187.1,76218.5,516,750,0
2025-01-28 16:50:00,76214.1,76286.8,76168.2,76232.1,353,750,0
2025-01-28 17:00:00,76230.0,76265.7,76209.3,76226.2,117,750,0
2025-01-28 17:10:00,76228.2,76271.2,76184.8,76194.8,107,750,0
2025-01-28 17:20:00,76201.6,76314.3,76199.7,76307.5,110,750,0
2025-01-29 08:30:00,76339.2,76498.2,76339.2,76464.8,99,750,0
2025-01-29 08:40:00,76465.7,76573.5,76463.8,76558.7,108,750,0
2025-01-29 08:50:00,76558.7,76612.2,76558.7,76607.2,54,750,0
2025-01-29 09:00:00,76607.2,76691.1,76519.3,76544.1,148,750,0
2025-01-29 09:10:00,76544.1,76568.8,76502.1,76549.8,172,750,0
2025-01-29 09:20:00,76549.9,76621.3,76543.6,76621.3,227,750,0
2025-01-29 09:30:00,76621.3,76684.6,76571.8,76682.8,160,750,0
2025-01-29 09:40:00,76682.8,76747.3,76682.8,76740.5,167,750,0
2025-01-29 09:50:00,76740.5,76790.9,76715.8,76762.2,182,750,0
2025-01-29 10:00:00,76762.2,76830.4,76742.4,76812.9,319,750,0
2025-01-29 10:10:00,76813.9,76869.8,76787.3,76857.5,296,750,0
2025-01-29 10:20:00,76857.5,76917.2,76852.1,76894.9,240,750,0
2025-01-29 10:30:00,76894.9,76919.7,76847.1,76917.8,202,750,0
2025-01-29 10:40:00,76917.8,76966.8,76869.8,76876.8,226,750,0
2025-01-29 10:50:00,76880.7,76893.6,76825.4,76835.8,197,750,0
2025-01-29 11:00:00,76835.8,76835.8,76772.0,76830.4,188,750,0
2025-01-29 11:10:00,76830.9,76894.3,76815.3,76818.7,171,750,0
2025-01-29 11:20:00,76818.7,76898.1,76774.5,76872.4,128,750,0
2025-01-29 11:30:00,76872.4,76885.3,76823.0,76845.7,169,750,0
2025-01-29 11:40:00,76845.7,76879.4,76781.9,76803.8,158,750,0
2025-01-29 11:50:00,76803.8,76818.4,76752.0,76759.4,155,750,0
2025-01-29 12:00:00,76759.4,76771.2,76715.3,76755.3,164,750,0
2025-01-29 12:10:00,76760.7,76760.7,76725.2,76734.0,166,750,0
2025-01-29 12:20:00,76734.0,76779.1,76729.6,76741.0,138,750,0
2025-01-29 12:30:00,76741.0,76911.8,76741.0,76911.8,183,750,0
2025-01-29 12:40:00,76911.8,76987.2,76904.0,76972.4,149,750,0
2025-01-29 12:50:00,76972.4,77013.2,76949.6,77011.2,137,750,0
2025-01-29 13:00:00,77011.2,77087.3,76979.1,77071.4,210,750,0
2025-01-29 13:10:00,77072.8,77126.7,77042.9,77126.7,222,750,0
2025-01-29 13:20:00,77126.7,77165.0,77109.6,77121.8,210,750,0
2025-01-29 13:30:00,77121.8,77163.0,77111.1,77120.9,186,750,0
2025-01-29 13:40:00,77120.9,77205.6,77120.9,77185.4,162,750,0
2025-01-29 13:50:00,77185.4,77196.7,77128.8,77129.2,178,750,0
2025-01-29 14:00:00,77129.2,77155.6,77096.6,77150.9,196,750,0
2025-01-29 14:10:00,77150.9,77196.9,77117.3,77171.3,128,750,0
2025-01-29 14:20:00,77171.3,77224.8,77171.3,77184.4,178,750,0
2025-01-29 14:30:00,77184.5,77229.7,77174.4,77229.7,203,750,0
2025-01-29 14:40:00,77229.7,77252.0,77179.7,77207.0,209,750,0
2025-01-29 14:50:00,77207.0,77277.1,77204.0,77247.3,133,750,0
2025-01-29 15:00:00,77247.3,77279.5,77244.5,77262.4,109,750,0
2025-01-29 15:10:00,77262.4,77326.7,77220.6,77245.4,167,750,0
2025-01-29 15:20:00,77245.4,77270.9,77161.2,77170.1,177,750,0
2025-01-29 15:30:00,77170.1,77244.4,77151.3,77182.3,175,750,0
2025-01-29 15:40:00,77182.3,77207.0,77149.7,77174.6,130,750,0
2025-01-29 15:50:00,77174.6,77239.3,77142.8,77214.1,157,750,0
2025-01-29 16:00:00,77216.1,77230.9,77164.7,77198.2,174,750,0
2025-01-29 16:10:00,77198.2,77207.6,77101.3,77106.3,202,750,0
2025-01-29 16:20:00,77106.3,77106.3,77032.4,77047.3,193,750,0
2025-01-29 16:30:00,77047.3,77120.1,77024.8,77070.9,388,750,0
2025-01-29 16:40:00,77070.9,77151.7,77029.6,77129.1,299,750,0
2025-01-29 16:50:00,77130.1,77222.6,77105.4,77130.3,164,750,0
2025-01-29 17:00:00,77125.3,77173.8,77091.7,77153.1,179,750,0
2025-01-29 17:10:00,77142.7,77166.0,77111.6,77138.4,73,750,0
2025-01-29 17:20:00,77138.4,77169.1,77026.8,77046.6,104,750,0
2025-01-30 08:30:00,77143.2,77345.7,77141.2,77302.3,147,750,0
2025-01-30 08:40:00,77303.3,77316.3,77237.1,77288.7,47,750,0
2025-01-30 08:50:00,77288.7,77296.7,77195.9,77224.6,43,2120,0
2025-01-30 09:00:00,77224.6,77225.6,77049.7,77079.4,184,750,0
2025-01-30 09:10:00,77079.4,77191.7,77069.5,77159.0,133,750,0
2025-01-30 09:20:00,77159.0,77197.6,77137.0,77192.3,191,750,0
2025-01-30 09:30:00,77192.3,77223.7,77175.1,77180.1,174,750,0
2025-01-30 09:40:00,77180.1,77275.2,77180.1,77275.2,95,750,0
2025-01-30 09:50:00,77275.2,77327.8,77197.6,77212.1,223,750,0
2025-01-30 10:00:00,77212.1,77217.1,77158.0,77178.0,225,750,0
2025-01-30 10:10:00,77178.0,77212.0,77124.7,77151.3,187,750,0
2025-01-30 10:20:00,77151.3,77206.7,77151.3,77172.1,172,750,0
2025-01-30 10:30:00,77172.1,77226.2,77103.1,77134.0,214,750,0
2025-01-30 10:40:00,77134.0,77211.8,77129.1,77199.9,256,750,0
2025-01-30 10:50:00,77199.9,77213.8,77158.3,77160.4,160,750,0
2025-01-30 11:00:00,77160.4,77202.3,77076.6,77118.2,224,750,0
2025-01-30 11:10:00,77118.2,77163.7,77055.7,77143.7,213,750,0
2025-01-30 11:20:00,77144.7,77151.7,77052.4,77062.4,184,750,0
2025-01-30 11:30:00,77062.4,77078.7,76934.0,76996.9,307,750,0
2025-01-30 11:40:00,76996.9,77022.3,76941.5,77022.3,189,750,0
2025-01-30 11:50:00,77022.3,77043.2,76993.4,77027.8,201,750,0
2025-01-30 12:00:00,77027.8,77040.0,76985.8,77021.6,174,750,0
2025-01-30 12:10:00,77023.6,77056.4,76997.5,77056.4,129,750,0
2025-01-30 12:20:00,77056.4,77109.3,77044.7,77072.9,148,750,0
2025-01-30 12:30:00,77072.9,77143.2,77068.9,77120.7,115,750,0
2025-01-30 12:40:00,77120.6,77168.3,77093.0,77168.3,141,750,0
2025-01-30 12:50:00,77156.0,77166.3,77127.2,77160.6,99,750,0
2025-01-30 13:00:00,77163.5,77241.2,77148.9,77233.5,161,750,0
2025-01-30 13:10:00,77233.5,77243.6,77168.7,77185.5,145,750,0
2025-01-30 13:20:00,77185.5,77249.3,77172.5,77248.8,134,750,0
2025-01-30 13:30:00,77248.8,77249.3,77193.4,77222.8,83,750,0
2025-01-30 13:40:00,77222.8,77241.7,77189.9,77212.9,137,750,0
2025-01-30 13:50:00,77212.9,77232.6,77205.4,77224.5,196,750,0
2025-01-30 14:00:00,77224.5,77289.1,77195.8,77268.8,151,750,0
2025-01-30 14:10:00,77268.8,77268.8,77167.6,77201.1,184,750,0
2025-01-30 14:20:00,77203.1,77256.2,77203.1,77244.1,191,750,0
2025-01-30 14:30:00,77244.6,77293.4,77229.6,77293.4,205,750,0
2025-01-30 14:40:00,77293.4,77323.4,77259.2,77313.5,170,750,0
2025-01-30 14:50:00,77313.5,77339.7,77304.2,77310.8,198,750,0
2025-01-30 15:00:00,77310.8,77338.7,77230.9,77313.8,214,750,0
2025-01-30 15:10:00,77311.8,77340.0,77295.4,77340.0,226,750,0
2025-01-30 15:20:00,77340.5,77354.6,77323.7,77354.6,141,750,0
2025-01-30 15:30:00,77326.5,77361.3,77246.6,77290.0,196,750,0
2025-01-30 15:40:00,77290.0,77363.3,77290.0,77357.7,188,750,0
2025-01-30 15:50:00,77357.7,77404.8,77340.5,77404.8,199,750,0
2025-01-30 16:00:00,77406.7,77471.9,77369.0,77425.7,260,750,0
2025-01-30 16:10:00,77425.7,77437.0,77388.6,77401.9,169,750,0
2025-01-30 16:20:00,77402.4,77480.4,77385.4,77470.1,201,750,0
2025-01-30 16:30:00,77473.0,77497.6,77425.6,77485.6,293,750,0
2025-01-30 16:40:00,77485.6,77533.0,77460.3,77514.2,249,750,0
2025-01-30 16:50:00,77514.2,77519.1,77408.9,77436.1,195,750,0
2025-01-30 17:00:00,77437.1,77459.9,77377.3,77390.8,172,750,0
2025-01-30 17:10:00,77390.8,77501.1,77385.8,77457.2,233,750,0
2025-01-30 17:20:00,77457.2,77522.5,77451.2,77476.1,141,750,0
2025-01-31 08:30:00,77777.0,77860.6,77634.2,77669.9,115,750,0
2025-01-31 08:40:00,77669.9,77708.5,77614.5,77674.9,55,750,0
2025-01-31 08:50:00,77674.9,77698.1,77629.6,77634.5,68,750,0
2025-01-31 09:00:00,77634.5,77732.5,77630.7,77642.5,229,750,0
2025-01-31 09:10:00,77642.5,77725.2,77634.6,77708.1,376,750,0
2025-01-31 09:20:00,77708.1,77846.9,77692.6,77821.5,286,750,0
2025-01-31 09:30:00,77821.5,77859.9,77715.6,77818.2,194,750,0
2025-01-31 09:40:00,77818.2,77882.3,77797.4,77874.9,165,750,0
2025-01-31 09:50:00,77874.9,77874.9,77746.4,77793.4,179,750,0
2025-01-31 10:00:00,77793.4,77824.2,77645.2,77720.9,245,750,0
2025-01-31 10:10:00,77721.4,77721.4,77586.5,77601.8,270,750,0
2025-01-31 10:20:00,77601.8,77634.9,77519.5,77550.7,280,750,0
2025-01-31 10:30:00,77550.8,77631.1,77502.5,77622.8,382,750,0
2025-01-31 10:40:00,77622.8,77665.8,77570.5,77661.9,281,750,0
2025-01-31 10:50:00,77663.9,77674.8,77604.7,77647.4,205,750,0
2025-01-31 11:00:00,77647.4,77837.4,77647.4,77817.9,306,750,0
2025-01-31 11:10:00,77817.9,77907.0,77735.9,77903.2,198,750,0
2025-01-31 11:20:00,77903.2,77933.7,77860.3,77902.1,217,750,0
2025-01-31 11:30:00,77902.1,77929.5,77859.3,77872.0,242,750,0
2025-01-31 11:40:00,77872.0,77914.1,77862.0,77879.5,180,750,0
2025-01-31 11:50:00,77879.5,77881.4,77742.6,77742.6,272,750,0
2025-01-31 12:00:00,77742.6,77765.1,77700.0,77711.4,191,750,0
2025-01-31 12:10:00,77710.9,77710.9,77595.7,77663.5,236,750,0
2025-01-31 12:20:00,77663.5,77681.1,77602.1,77664.7,189,750,0
2025-01-31 12:30:00,77664.7,77694.5,77615.5,77652.8,130,750,0
2025-01-31 12:40:00,77652.8,77675.8,77621.3,77675.8,91,750,0
2025-01-31 12:50:00,77675.8,77712.9,77675.8,77692.8,79,750,0
2025-01-31 13:00:00,77692.8,77788.6,77633.4,77743.0,136,750,0
2025-01-31 13:10:00,77743.0,77817.3,77705.4,77732.1,242,750,0
2025-01-31 13:20:00,77732.0,77799.9,77731.6,77769.6,151,750,0
2025-01-31 13:30:00,77769.6,77813.7,77761.2,77773.3,161,750,0
2025-01-31 13:40:00,77770.8,77817.4,77757.2,77783.2,173,750,0
2025-01-31 13:50:00,77783.2,77842.1,77771.6,77830.3,139,750,0
2025-01-31 14:00:00,77830.3,77934.1,77791.1,77923.9,186,750,0
2025-01-31 14:10:00,77923.9,77927.3,77862.1,77879.3,151,750,0
2025-01-31 14:20:00,77879.3,77913.8,77867.6,77909.8,131,750,0
2025-01-31 14:30:00,77910.8,77921.6,77893.2,77910.3,170,750,0
2025-01-31 14:40:00,77911.3,77946.6,77896.6,77921.3,158,750,0
2025-01-31 14:50:00,77921.3,77927.3,77857.6,77858.6,156,750,0
2025-01-31 15:00:00,77859.6,77881.8,77808.2,77864.8,142,750,0
2025-01-31 15:10:00,77864.8,77875.8,77827.7,77857.4,159,750,0
2025-01-31 15:20:00,77856.4,77857.6,77813.2,77845.1,169,750,0
2025-01-31 15:30:00,77845.1,77865.4,77788.2,77825.9,213,750,0
2025-01-31 15:40:00,77825.9,77839.3,77774.5,77775.5,235,750,0
2025-01-31 15:50:00,77780.5,77839.6,77769.6,77810.9,178,750,0
2025-01-31 16:00:00,77810.9,77864.9,77780.1,77813.9,190,750,0
2025-01-31 16:10:00,77812.9,77812.9,77733.1,77735.5,178,750,0
2025-01-31 16:20:00,77735.0,77783.3,77711.0,77768.0,173,750,0
2025-01-31 16:30:00,77776.8,77806.2,77716.4,77801.2,298,750,0
2025-01-31 16:40:00,77803.2,77851.2,77751.0,77791.3,245,750,0
2025-01-31 16:50:00,77791.3,77898.7,77760.1,77866.6,265,750,0
2025-01-31 17:00:00,77866.6,77968.5,77850.8,77930.5,226,750,0
2025-01-31 17:10:00,77931.0,77982.5,77814.4,77814.4,240,750,0
2025-01-31 17:20:00,77813.4,77877.9,77751.1,77841.3,211,750,0
2025-02-03 08:30:00,76842.7,76842.7,76481.5,76505.3,122,750,0
2025-02-03 08:40:00,76505.3,76566.6,76449.3,76554.8,101,750,0
2025-02-03 08:50:00,76554.8,76603.4,76466.8,76552.1,118,750,0
2025-02-03 09:00:00,76552.2,76830.4,76552.2,76803.7,330,750,0
2025-02-03 09:10:00,76803.7,76824.5,76695.9,76766.8,380,750,0
2025-02-03 09:20:00,76766.8,76920.6,76717.9,76916.1,246,750,0
2025-02-03 09:30:00,76916.6,76988.3,76906.7,76934.0,241,750,0
2025-02-03 09:40:00,76938.0,76980.9,76898.1,76966.1,377,750,0
2025-02-03 09:50:00,76966.1,76979.9,76850.9,76870.2,371,750,0
2025-02-03 10:00:00,76873.1,76873.1,76704.2,76722.0,511,750,0
2025-02-03 10:10:00,76725.0,76815.2,76722.0,76800.9,361,750,0
2025-02-03 10:20:00,76800.9,76891.1,76800.9,76881.6,307,750,0
2025-02-03 10:30:00,76881.6,76965.9,76856.6,76912.5,291,750,0
2025-02-03 10:40:00,76912.5,76915.5,76816.6,76857.2,194,750,0
2025-02-03 10:50:00,76857.2,76899.4,76818.4,76860.5,215,750,0
2025-02-03 11:00:00,76860.5,76888.9,76820.5,76858.6,180,750,0
2025-02-03 11:10:00,76858.6,76875.7,76815.8,76825.6,143,750,0
2025-02-03 11:20:00,76825.6,76884.1,76813.6,76858.3,228,750,0
2025-02-03 11:30:00,76856.4,76944.6,76848.3,76919.1,208,750,0
2025-02-03 11:40:00,76919.1,76920.1,76864.5,76905.8,218,750,0
2025-02-03 11:50:00,76905.8,76907.5,76838.3,76840.2,185,750,0
2025-02-03 12:00:00,76839.2,76919.2,76811.9,76919.2,240,750,0
2025-02-03 12:10:00,76911.3,76918.2,76851.9,76902.5,197,750,0
2025-02-03 12:20:00,76902.5,76918.7,76864.6,76901.0,165,750,0
2025-02-03 12:30:00,76902.0,77037.2,76902.0,77015.9,200,750,0
2025-02-03 12:40:00,77015.9,77036.2,76968.3,77036.2,142,750,0
2025-02-03 12:50:00,77036.2,77039.3,76989.0,77037.2,168,750,0
2025-02-03 13:00:00,77038.7,77192.1,77038.7,77192.1,178,750,0
2025-02-03 13:10:00,77192.6,77200.8,77141.3,77179.5,172,750,0
2025-02-03 13:20:00,77180.5,77198.0,77135.1,77192.6,225,750,0
2025-02-03 13:30:00,77191.6,77195.0,77164.2,77185.2,185,750,0
2025-02-03 13:40:00,77183.8,77183.8,77135.0,77158.2,163,750,0
2025-02-03 13:50:00,77160.2,77176.3,77111.8,77126.3,186,750,0
2025-02-03 14:00:00,77128.3,77252.9,77128.3,77248.0,183,750,0
2025-02-03 14:10:00,77248.0,77251.3,77160.3,77174.9,168,750,0
2025-02-03 14:20:00,77174.9,77240.9,77168.1,77211.1,142,750,0
2025-02-03 14:30:00,77211.6,77226.5,77117.0,77167.1,193,750,0
2025-02-03 14:40:00,77167.1,77183.6,77071.3,77108.4,149,750,0
2025-02-03 14:50:00,77120.4,77145.5,77067.9,77145.5,273,750,0
2025-02-03 15:00:00,77145.5,77293.7,77145.5,77280.6,213,750,0
2025-02-03 15:10:00,77281.6,77319.6,77261.0,77296.5,153,750,0
2025-02-03 15:20:00,77296.5,77380.3,77272.5,77366.2,156,750,0
2025-02-03 15:30:00,77366.2,77394.9,77301.4,77303.4,271,750,0
2025-02-03 15:40:00,77303.4,77375.8,77288.5,77361.3,223,750,0
2025-02-03 15:50:00,77361.3,77393.6,77352.4,77365.1,188,750,0
2025-02-03 16:00:00,77365.1,77374.0,77318.8,77341.3,132,750,0
2025-02-03 16:10:00,77341.3,77361.2,77310.3,77312.5,203,750,0
2025-02-03 16:20:00,77312.5,77372.3,77272.5,77336.2,233,750,0
2025-02-03 16:30:00,77338.2,77413.1,77277.8,77387.4,376,750,0
2025-02-03 16:40:00,77387.4,77426.6,77370.6,77422.3,272,750,0
2025-02-03 16:50:00,77422.3,77536.2,77411.4,77484.8,342,750,0
2025-02-03 17:00:00,77480.8,77547.7,77361.1,77511.6,179,750,0
2025-02-03 17:10:00,77506.1,77510.7,77370.2,77370.2,117,750,0
2025-02-03 17:20:00,77370.2,77826.6,77370.2,77826.6,101,750,0
2025-02-04 08:30:00,77771.7,77864.2,77771.7,77804.4,51,750,0
2025-02-04 08:40:00,77804.4,77950.0,77804.4,77919.4,60,750,0
2025-02-04 08:50:00,77919.4,77965.1,77860.0,77965.1,62,750,0
2025-02-04 09:00:00,77965.1,78004.7,77844.3,77989.4,240,750,0
2025-02-04 09:10:00,77989.4,78058.7,77971.6,78049.3,247,750,0
2025-02-04 09:20:00,78049.8,78055.3,77990.3,78027.2,265,750,0
2025-02-04 09:30:00,78031.6,78117.4,78025.5,78087.8,230,750,0
2025-02-04 09:40:00,78087.8,78173.1,78087.8,78173.0,251,750,0
2025-02-04 09:50:00,78174.5,78176.9,78113.7,78165.5,206,750,0
2025-02-04 10:00:00,78172.4,78220.4,78041.7,78124.0,365,750,0
2025-02-04 10:10:00,78124.0,78172.7,78073.0,78148.8,369,750,0
2025-02-04 10:20:00,78148.8,78208.2,78044.4,78044.4,320,750,0
2025-02-04 10:30:00,78044.4,78047.9,77863.9,77889.5,297,750,0
2025-02-04 10:40:00,77889.5,78057.5,77889.5,77993.4,178,750,0
2025-02-04 10:50:00,77993.4,78130.3,77923.4,78117.6,228,750,0
2025-02-04 11:00:00,78117.1,78191.0,78075.4,78189.4,232,750,0
2025-02-04 11:10:00,78189.9,78194.8,78052.3,78079.0,238,750,0
2025-02-04 11:20:00,78079.0,78082.9,77948.1,78012.0,275,750,0
2025-02-04 11:30:00,78012.0,78181.5,78002.2,78156.3,147,750,0
2025-02-04 11:40:00,78156.3,78261.2,78089.1,78237.5,205,750,0
2025-02-04 11:50:00,78237.5,78296.9,78211.8,78294.3,214,750,0
2025-02-04 12:00:00,78294.3,78348.2,78232.5,78348.2,233,750,0
2025-02-04 12:10:00,78348.2,78365.4,78280.8,78284.8,277,750,0
2025-02-04 12:20:00,78286.8,78351.7,78239.8,78348.2,270,750,0
2025-02-04 12:30:00,78348.2,78396.6,78309.2,78337.7,238,750,0
2025-02-04 12:40:00,78337.2,78438.0,78316.8,78438.0,217,750,0
2025-02-04 12:50:00,78436.4,78459.8,78374.1,78417.0,256,750,0
2025-02-04 13:00:00,78418.4,78461.9,78391.1,78403.6,284,750,0
2025-02-04 13:10:00,78404.6,78415.2,78259.8,78345.0,204,750,0
2025-02-04 13:20:00,78345.0,78362.0,78285.3,78328.9,208,750,0
2025-02-04 13:30:00,78328.9,78328.9,78257.6,78270.7,226,750,0
2025-02-04 13:40:00,78274.2,78303.8,78263.3,78278.9,225,750,0
2025-02-04 13:50:00,78277.9,78319.7,78265.0,78265.0,268,750,0
2025-02-04 14:00:00,78266.9,78304.5,78242.2,78278.8,149,750,0
2025-02-04 14:10:00,78278.8,78312.4,78228.5,78239.5,154,750,0
2025-02-04 14:20:00,78239.5,78270.4,78208.6,78219.3,153,750,0
2025-02-04 14:30:00,78219.3,78328.6,78215.8,78323.1,169,750,0
2025-02-04 14:40:00,78323.1,78338.9,78262.1,78262.2,200,750,0
2025-02-04 14:50:00,78262.2,78313.2,78253.3,78255.3,215,750,0
2025-02-04 15:00:00,78255.3,78279.8,78217.5,78232.4,224,750,0
2025-02-04 15:10:00,78232.4,78275.5,78218.7,78248.4,138,750,0
2025-02-04 15:20:00,78256.4,78380.2,78256.4,78373.3,185,750,0
2025-02-04 15:30:00,78373.3,78373.3,78220.2,78252.1,213,750,0
2025-02-04 15:40:00,78252.1,78252.2,78205.0,78213.7,177,750,0
2025-02-04 15:50:00,78214.7,78217.7,78181.8,78211.3,207,750,0
2025-02-04 16:00:00,78211.3,78323.5,78211.3,78317.6,183,750,0
2025-02-04 16:10:00,78317.6,78374.1,78289.6,78296.1,166,750,0
2025-02-04 16:20:00,78302.0,78317.5,78263.3,78294.4,214,750,0
2025-02-04 16:30:00,78293.4,78330.0,78238.0,78267.2,334,750,0
2025-02-04 16:40:00,78261.2,78297.4,78178.2,78196.7,323,750,0
2025-02-04 16:50:00,78196.7,78255.2,78182.4,78232.0,196,750,0
2025-02-04 17:00:00,78235.0,78457.1,78235.0,78433.0,274,750,0
2025-02-04 17:10:00,78433.0,78687.4,78416.6,78663.7,223,750,0
2025-02-04 17:20:00,78663.7,78716.7,78558.9,78645.0,184,750,0
2025-02-05 08:30:00,78428.9,78534.8,78425.4,78489.4,95,750,0
2025-02-05 08:40:00,78489.4,78489.4,78385.6,78385.6,52,750,0
2025-02-05 08:50:00,78386.6,78393.0,78290.7,78292.7,82,750,0
2025-02-05 09:00:00,78292.7,78415.5,78239.3,78387.3,288,750,0
2025-02-05 09:10:00,78387.3,78584.9,78387.3,78569.9,263,750,0
2025-02-05 09:20:00,78569.9,78679.0,78569.9,78661.2,176,750,0
2025-02-05 09:30:00,78661.3,78675.2,78528.1,78583.2,251,750,0
2025-02-05 09:40:00,78583.6,78633.1,78490.9,78609.9,269,750,0
2025-02-05 09:50:00,78609.9,78610.9,78494.6,78499.6,164,750,0
2025-02-05 10:00:00,78500.6,78723.8,78500.6,78586.3,413,750,0
2025-02-05 10:10:00,78586.3,78807.6,78564.3,78805.0,395,750,0
2025-02-05 10:20:00,78804.5,78835.3,78665.7,78736.8,323,750,0
2025-02-05 10:30:00,78736.8,78738.8,78545.5,78562.3,274,750,0
2025-02-05 10:40:00,78562.3,78609.2,78531.8,78549.0,303,750,0
2025-02-05 10:50:00,78549.0,78628.9,78529.1,78550.4,301,750,0
2025-02-05 11:00:00,78549.9,78577.1,78503.7,78555.0,352,750,0
2025-02-05 11:10:00,78547.6,78600.7,78521.9,78576.3,274,750,0
2025-02-05 11:20:00,78576.3,78673.3,78564.0,78656.2,285,750,0
2025-02-05 11:30:00,78659.6,78689.7,78611.1,78622.9,277,750,0
2025-02-05 11:40:00,78622.9,78683.2,78578.3,78672.7,245,750,0
2025-02-05 11:50:00,78668.7,78730.5,78650.1,78699.4,298,750,0
2025-02-05 12:00:00,78699.4,78739.1,78671.6,78683.0,217,750,0
2025-02-05 12:10:00,78683.0,78693.0,78610.4,78665.9,260,750,0
2025-02-05 12:20:00,78665.9,78705.1,78611.1,78688.3,224,750,0
2025-02-05 12:30:00,78688.3,78713.4,78659.5,78710.7,139,750,0
2025-02-05 12:40:00,78710.7,78719.0,78690.2,78709.2,135,750,0
2025-02-05 12:50:00,78709.2,78718.6,78633.7,78671.6,151,750,0
2025-02-05 13:00:00,78671.6,78689.4,78597.4,78605.4,200,750,0
2025-02-05 13:10:00,78605.4,78652.4,78593.6,78607.6,211,750,0
2025-02-05 13:20:00,78607.6,78626.9,78578.7,78581.7,204,750,0
2025-02-05 13:30:00,78583.6,78583.6,78515.6,78542.7,202,750,0
2025-02-05 13:40:00,78542.7,78542.7,78471.0,78506.9,200,750,0
2025-02-05 13:50:00,78506.9,78517.3,78464.0,78478.7,192,750,0
2025-02-05 14:00:00,78478.2,78500.1,78421.4,78421.5,199,750,0
2025-02-05 14:10:00,78421.5,78490.8,78417.3,78464.6,168,750,0
2025-02-05 14:20:00,78461.7,78508.7,78432.5,78433.5,189,750,0
2025-02-05 14:30:00,78433.5,78482.1,78433.5,78454.5,201,750,0
2025-02-05 14:40:00,78454.5,78508.5,78449.0,78492.9,159,750,0
2025-02-05 14:50:00,78492.9,78643.0,78492.9,78624.7,194,750,0
2025-02-05 15:00:00,78624.7,78661.3,78568.4,78636.5,221,750,0
2025-02-05 15:10:00,78636.5,78646.1,78512.8,78523.4,267,750,0
2025-02-05 15:20:00,78520.5,78621.3,78500.1,78621.3,237,750,0
2025-02-05 15:30:00,78621.3,78622.3,78516.3,78520.2,238,750,0
2025-02-05 15:40:00,78521.2,78584.9,78521.2,78540.2,251,750,0
2025-02-05 15:50:00,78540.2,78553.5,78500.8,78525.9,224,750,0
2025-02-05 16:00:00,78526.4,78528.4,78431.9,78457.7,234,750,0
2025-02-05 16:10:00,78460.6,78467.1,78398.6,78413.2,195,750,0
2025-02-05 16:20:00,78413.2,78463.1,78395.6,78441.6,223,750,0
2025-02-05 16:30:00,78442.6,78485.3,78412.0,78480.4,310,750,0
2025-02-05 16:40:00,78480.4,78571.8,78445.3,78551.0,336,750,0
2025-02-05 16:50:00,78551.0,78554.5,78453.7,78453.7,234,750,0
2025-02-05 17:00:00,78463.6,78494.2,78415.6,78466.7,219,750,0
2025-02-05 17:10:00,78466.7,78645.4,78443.9,78601.4,232,750,0
2025-02-05 17:20:00,78601.4,78838.0,78601.4,78719.4,254,750,0
2025-02-06 08:30:00,78947.6,78982.8,78868.0,78911.7,92,750,0
2025-02-06 08:40:00,78911.7,78913.7,78911.7,78911.8,12,2230,0
2025-02-06 08:50:00,78913.8,78913.8,78851.4,78885.6,30,750,0
2025-02-06 09:00:00,78885.6,78915.4,78823.8,78877.4,179,750,0
2025-02-06 09:10:00,78877.4,78947.4,78845.7,78920.8,203,750,0
2025-02-06 09:20:00,78920.8,78924.8,78833.8,78856.7,231,750,0
2025-02-06 09:30:00,78861.6,78922.0,78832.0,78874.9,251,750,0
2025-02-06 09:40:00,78874.9,78937.9,78874.9,78908.4,181,750,0
2025-02-06 09:50:00,78908.9,78910.4,78769.6,78779.6,206,750,0
2025-02-06 10:00:00,78778.6,78910.3,78778.6,78866.4,225,750,0
2025-02-06 10:10:00,78866.4,78938.6,78866.4,78909.4,203,750,0
2025-02-06 10:20:00,78909.4,78926.3,78852.7,78906.6,193,750,0
2025-02-06 10:30:00,78908.6,79066.1,78905.5,79058.2,226,750,0
2025-02-06 10:40:00,79058.2,79142.6,79021.7,79139.6,174,750,0
2025-02-06 10:50:00,79139.6,79244.2,79139.1,79192.5,247,750,0
2025-02-06 11:00:00,79192.5,79224.5,79147.9,79173.3,177,750,0
2025-02-06 11:10:00,79173.3,79179.4,79066.9,79090.0,163,750,0
2025-02-06 11:20:00,79090.0,79101.4,79013.4,79074.5,235,750,0
2025-02-06 11:30:00,79074.5,79074.5,78972.8,78982.1,146,750,0
2025-02-06 11:40:00,78982.1,79072.8,78969.1,79052.8,108,750,0
2025-02-06 11:50:00,79052.8,79173.1,79052.8,79093.4,79,750,0
2025-02-06 12:00:00,79093.4,79183.4,79093.4,79154.1,119,750,0
2025-02-06 12:10:00,79154.1,79263.3,79154.1,79261.3,143,750,0
2025-02-06 12:20:00,79262.3,79293.8,79182.1,79185.1,157,750,0
2025-02-06 12:30:00,79185.1,79222.1,79141.0,79196.5,133,750,0
2025-02-06 12:40:00,79196.5,79296.7,79196.5,79289.3,106,750,0
2025-02-06 12:50:00,79287.4,79296.2,79250.6,79270.4,130,750,0
2025-02-06 13:00:00,79270.4,79295.3,79231.3,79295.2,108,750,0
2025-02-06 13:10:00,79249.7,79287.6,79222.6,79222.6,95,750,0
2025-02-06 13:20:00,79221.6,79240.6,79201.8,79202.3,142,750,0
2025-02-06 13:30:00,79202.3,79306.9,79202.3,79306.9,109,750,0
2025-02-06 13:40:00,79307.0,79308.5,79252.5,79286.4,116,750,0
2025-02-06 13:50:00,79286.4,79381.3,79261.8,79378.3,147,750,0
2025-02-06 14:00:00,79377.3,79393.0,79282.2,79385.7,230,750,0
2025-02-06 14:10:00,79385.7,79433.8,79349.1,79399.7,214,750,0
2025-02-06 14:20:00,79402.6,79558.0,79375.9,79512.9,177,750,0
2025-02-06 14:30:00,79512.9,79527.9,79385.5,79396.6,149,750,0
2025-02-06 14:40:00,79396.6,79438.3,79380.3,79400.4,151,750,0
2025-02-06 14:50:00,79400.9,79467.5,79396.4,79446.0,189,750,0
2025-02-06 15:00:00,79448.0,79472.5,79372.4,79389.8,154,750,0
2025-02-06 15:10:00,79391.8,79433.2,79374.2,79431.2,152,750,0
2025-02-06 15:20:00,79431.1,79507.4,79430.1,79494.8,129,750,0
2025-02-06 15:30:00,79494.8,79543.6,79458.1,79526.7,159,750,0
2025-02-06 15:40:00,79528.7,79530.6,79390.5,79423.4,179,750,0
2025-02-06 15:50:00,79423.4,79464.6,79384.8,79463.1,120,750,0
2025-02-06 16:00:00,79463.1,79507.5,79440.4,79469.3,181,750,0
2025-02-06 16:10:00,79469.3,79469.3,79413.8,79458.7,186,750,0
2025-02-06 16:20:00,79458.7,79467.3,79409.6,79419.6,214,750,0
2025-02-06 16:30:00,79416.1,79416.1,79287.5,79335.8,343,750,0
2025-02-06 16:40:00,79335.8,79353.2,79232.5,79256.6,297,750,0
2025-02-06 16:50:00,79256.6,79293.8,79183.4,79218.6,194,750,0
2025-02-06 17:00:00,79218.6,79308.3,79210.8,79303.9,174,750,0
2025-02-06 17:10:00,79303.9,79326.1,79227.2,79319.9,148,750,0
2025-02-06 17:20:00,79319.9,79869.0,79263.5,79725.0,230,750,0
2025-02-07 08:30:00,79489.7,79542.2,79469.9,79477.0,65,750,0
2025-02-07 08:40:00,79477.0,79559.3,79477.0,79559.3,47,1330,0
2025-02-07 08:50:00,79559.3,79601.4,79557.3,79562.4,68,750,0
2025-02-07 09:00:00,79562.4,79794.2,79557.4,79777.4,214,750,0
2025-02-07 09:10:00,79777.4,79819.0,79652.8,79713.4,175,750,0
2025-02-07 09:20:00,79713.4,79727.8,79633.7,79637.0,272,750,0
2025-02-07 09:30:00,79637.0,79794.9,79631.6,79788.3,171,750,0
2025-02-07 09:40:00,79737.3,79778.0,79691.8,79760.8,168,750,0
2025-02-07 09:50:00,79762.3,79771.8,79686.9,79692.4,232,750,0
2025-02-07 10:00:00,79692.4,79808.2,79647.3,79777.5,308,750,0
2025-02-07 10:10:00,79777.5,79859.0,79740.0,79819.5,317,750,0
2025-02-07 10:20:00,79830.8,79834.0,79752.5,79762.4,320,750,0
2025-02-07 10:30:00,79765.3,79935.3,79761.9,79907.5,252,750,0
2025-02-07 10:40:00,79910.5,79925.9,79668.3,79702.3,195,750,0
2025-02-07 10:50:00,79704.2,79773.3,79689.2,79714.0,212,750,0
2025-02-07 11:00:00,79715.0,79724.9,79666.4,79708.3,262,750,0
2025-02-07 11:10:00,79708.3,79755.9,79645.9,79752.1,193,750,0
2025-02-07 11:20:00,79752.1,79754.1,79606.0,79616.6,215,750,0
2025-02-07 11:30:00,79599.8,79704.2,79589.1,79704.2,192,750,0
2025-02-07 11:40:00,79704.2,79761.8,79673.9,79715.5,140,750,0
2025-02-07 11:50:00,79689.3,79802.2,79678.8,79792.3,248,750,0
2025-02-07 12:00:00,79792.3,79852.6,79763.1,79788.8,210,750,0
2025-02-07 12:10:00,79788.8,79788.8,79670.8,79710.9,158,750,0
2025-02-07 12:20:00,79710.9,79767.2,79710.9,79729.2,158,750,0
2025-02-07 12:30:00,79728.2,79774.1,79690.6,79774.1,201,750,0
2025-02-07 12:40:00,79774.1,79802.0,79725.5,79775.3,146,750,0
2025-02-07 12:50:00,79776.3,79788.2,79753.6,79776.8,85,750,0
2025-02-07 13:00:00,79775.8,79806.8,79702.3,79739.3,163,750,0
2025-02-07 13:10:00,79739.3,79789.7,79720.5,79789.7,163,750,0
2025-02-07 13:20:00,79790.2,79790.2,79683.1,79690.1,167,750,0
2025-02-07 13:30:00,79690.1,79690.6,79627.0,79633.3,173,750,0
2025-02-07 13:40:00,79633.3,79681.0,79628.5,79680.1,108,750,0
2025-02-07 13:50:00,79680.1,79767.7,79680.1,79758.8,173,750,0
2025-02-07 14:00:00,79759.3,79802.2,79737.0,79798.5,110,750,0
2025-02-07 14:10:00,79798.5,79834.4,79666.5,79671.5,135,750,0
2025-02-07 14:20:00,79671.5,79707.8,79663.6,79688.6,93,750,0
2025-02-07 14:30:00,79688.6,79702.8,79662.1,79689.9,138,750,0
2025-02-07 14:40:00,79689.9,79696.4,79642.5,79651.0,117,750,0
2025-02-07 14:50:00,79651.0,79723.3,79651.0,79715.0,138,750,0
2025-02-07 15:00:00,79714.0,79770.3,79664.4,79690.1,121,750,0
2025-02-07 15:10:00,79690.1,79739.4,79690.1,79699.8,180,750,0
2025-02-07 15:20:00,79699.8,79719.2,79660.1,79688.8,190,750,0
2025-02-07 15:30:00,79661.7,79777.5,79588.1,79628.7,300,750,0
2025-02-07 15:40:00,79631.6,79657.4,79572.9,79656.9,265,750,0
2025-02-07 15:50:00,79656.9,79706.5,79602.0,79654.4,145,750,0
2025-02-07 16:00:00,79654.4,79718.2,79620.2,79651.9,143,750,0
2025-02-07 16:10:00,79651.9,79794.4,79645.2,79792.0,224,750,0
2025-02-07 16:20:00,79792.0,79809.3,79668.9,79673.9,163,750,0
2025-02-07 16:30:00,79674.9,79708.4,79603.7,79657.7,312,750,0
2025-02-07 16:40:00,79658.7,79757.8,79615.1,79756.4,292,750,0
2025-02-07 16:50:00,79756.4,79851.0,79668.4,79692.6,270,750,0
2025-02-07 17:00:00,79693.1,79693.1,79598.6,79643.8,207,750,0
2025-02-07 17:10:00,79648.7,79675.6,79592.3,79640.0,211,750,0
2025-02-07 17:20:00,79640.0,79698.9,79636.0,79663.9,169,750,0
2025-02-10 08:30:00,79505.1,79752.0,79505.1,79735.2,90,750,0
2025-02-10 08:40:00,79735.2,79735.2,79680.8,79680.8,42,750,0
2025-02-10 08:50:00,79680.8,79721.6,79680.8,79721.6,26,2030,0
2025-02-10 09:00:00,79721.6,79855.9,79718.1,79825.8,175,750,0
2025-02-10 09:10:00,79825.8,79890.2,79792.6,79836.5,163,750,0
2025-02-10 09:20:00,79836.4,79838.1,79769.4,79769.4,155,750,0
2025-02-10 09:30:00,79768.4,79832.2,79731.7,79800.8,181,750,0
2025-02-10 09:40:00,79800.8,79845.1,79796.5,79820.3,181,750,0
2025-02-10 09:50:00,79820.3,79821.2,79671.7,79697.2,212,750,0
2025-02-10 10:00:00,79697.2,79710.5,79633.0,79701.3,277,750,0
2025-02-10 10:10:00,79701.3,79836.6,79698.7,79766.3,132,750,0
2025-02-10 10:20:00,79766.3,79830.6,79741.6,79830.6,136,750,0
2025-02-10 10:30:00,79830.6,79852.7,79713.1,79729.0,126,750,0
2025-02-10 10:40:00,79729.0,79767.7,79694.2,79731.5,137,750,0
2025-02-10 10:50:00,79730.6,79771.1,79706.0,79719.2,140,750,0
2025-02-10 11:00:00,79718.2,79803.7,79714.5,79726.4,212,750,0
2025-02-10 11:10:00,79726.4,79815.8,79726.4,79769.3,185,750,0
2025-02-10 11:20:00,79769.3,79773.7,79700.4,79726.6,199,750,0
2025-02-10 11:30:00,79727.1,79730.7,79660.8,79666.7,199,750,0
2025-02-10 11:40:00,79669.7,79685.9,79656.9,79671.4,192,750,0
2025-02-10 11:50:00,79671.4,79733.6,79667.7,79733.1,118,750,0
2025-02-10 12:00:00,79732.1,79766.0,79721.2,79755.8,148,750,0
2025-02-10 12:10:00,79754.3,79754.5,79709.8,79753.5,124,750,0
2025-02-10 12:20:00,79753.0,79753.0,79705.4,79733.7,121,750,0
2025-02-10 12:30:00,79733.7,79839.4,79733.7,79825.6,128,750,0
2025-02-10 12:40:00,79825.6,79858.5,79825.6,79837.9,119,750,0
2025-02-10 12:50:00,79837.9,79882.9,79837.9,79870.8,138,750,0
2025-02-10 13:00:00,79870.8,79885.6,79826.6,79880.9,122,750,0
2025-02-10 13:10:00,79882.9,79943.8,79882.9,79929.4,148,750,0
2025-02-10 13:20:00,79931.4,80086.7,79901.5,80086.7,149,750,0
2025-02-10 13:30:00,80087.7,80096.5,80017.4,80076.3,135,750,0
2025-02-10 13:40:00,80076.3,80096.1,80036.0,80048.8,129,750,0
2025-02-10 13:50:00,80041.9,80115.0,80026.1,80096.3,122,750,0
2025-02-10 14:00:00,80096.3,80096.3,80032.6,80033.7,188,750,0
2025-02-10 14:10:00,80033.8,80036.8,79953.9,79968.2,116,750,0
2025-02-10 14:20:00,79970.1,80022.9,79959.3,79988.5,102,750,0
2025-02-10 14:30:00,79988.5,79990.0,79942.2,79957.0,127,750,0
2025-02-10 14:40:00,79957.0,80037.2,79942.6,80028.3,133,750,0
2025-02-10 14:50:00,80029.3,80037.2,79937.2,79945.6,153,750,0
2025-02-10 15:00:00,79945.6,79990.6,79941.2,79951.2,153,750,0
2025-02-10 15:10:00,79951.2,79998.8,79943.1,79992.9,127,750,0
2025-02-10 15:20:00,79992.9,80036.8,79964.5,80029.4,117,750,0
2025-02-10 15:30:00,80029.4,80057.3,79994.0,80010.2,147,750,0
2025-02-10 15:40:00,80011.2,80042.5,79994.4,80038.1,113,750,0
2025-02-10 15:50:00,80038.1,80097.1,80017.4,80080.4,151,750,0
2025-02-10 16:00:00,80080.4,80080.4,79967.9,79993.8,112,750,0
2025-02-10 16:10:00,79993.8,80016.6,79970.0,79997.0,103,750,0
2025-02-10 16:20:00,79997.0,80030.6,79996.0,80027.6,95,750,0
2025-02-10 16:30:00,80027.6,80072.9,79960.4,80061.6,296,750,0
2025-02-10 16:40:00,80061.6,80080.7,79961.8,80031.4,299,750,0
2025-02-10 16:50:00,80031.4,80044.3,79886.0,79887.9,248,750,0
2025-02-10 17:00:00,79883.5,79977.8,79877.6,79973.8,150,750,0
2025-02-10 17:10:00,79973.8,80036.7,79914.9,79944.2,131,750,0
2025-02-10 17:20:00,79943.7,80017.6,79942.2,80006.8,153,750,0
2025-02-11 08:30:00,79774.5,79791.4,79676.6,79676.6,92,750,0
2025-02-11 08:40:00,79676.6,79676.6,79603.3,79609.3,54,750,0
2025-02-11 08:50:00,79609.3,79614.3,79579.7,79584.7,35,1240,0
2025-02-11 09:00:00,79584.7,79691.7,79584.7,79610.0,274,750,0
2025-02-11 09:10:00,79610.0,79668.5,79575.9,79602.6,191,750,0
2025-02-11 09:20:00,79602.6,79667.3,79587.2,79626.3,145,750,0
2025-02-11 09:30:00,79626.2,79645.5,79586.4,79588.7,122,750,0
2025-02-11 09:40:00,79588.7,79653.7,79588.5,79622.4,117,750,0
2025-02-11 09:50:00,79622.4,79622.4,79577.6,79585.5,180,750,0
2025-02-11 10:00:00,79585.5,79668.6,79585.5,79618.3,247,750,0
2025-02-11 10:10:00,79618.8,79690.5,79603.1,79672.2,216,750,0
2025-02-11 10:20:00,79672.2,79676.1,79611.5,79633.2,219,750,0
2025-02-11 10:30:00,79634.7,79670.4,79567.2,79648.9,180,750,0
2025-02-11 10:40:00,79648.9,79737.3,79620.9,79652.3,162,750,0
2025-02-11 10:50:00,79652.3,79654.3,79523.6,79528.8,184,750,0
2025-02-11 11:00:00,79529.3,79589.5,79526.9,79584.9,112,750,0
2025-02-11 11:10:00,79591.3,79650.7,79591.3,79599.0,152,750,0
2025-02-11 11:20:00,79598.5,79601.5,79537.8,79570.2,175,750,0
2025-02-11 11:30:00,79571.2,79595.6,79533.2,79550.3,151,750,0
2025-02-11 11:40:00,79550.3,79589.1,79550.3,79570.6,106,750,0
2025-02-11 11:50:00,79570.6,79584.9,79534.0,79544.5,116,750,0
2025-02-11 12:00:00,79544.5,79577.1,79542.5,79571.1,153,750,0
2025-02-11 12:10:00,79571.1,79611.7,79547.5,79599.3,157,750,0
2025-02-11 12:20:00,79599.3,79616.1,79569.4,79613.4,116,750,0
2025-02-11 12:30:00,79611.9,79629.1,79556.0,79556.0,151,750,0
2025-02-11 12:40:00,79555.0,79592.6,79546.1,79587.3,118,750,0
2025-02-11 12:50:00,79587.3,79587.9,79556.2,79576.1,140,750,0
2025-02-11 13:00:00,79576.1,79670.9,79569.8,79635.0,160,750,0
2025-02-11 13:10:00,79635.0,79685.7,79632.0,79659.9,180,750,0
2025-02-11 13:20:00,79659.9,79691.8,79638.5,79639.5,151,750,0
2025-02-11 13:30:00,79639.5,79678.0,79638.0,79641.8,161,750,0
2025-02-11 13:40:00,79641.7,79679.0,79627.8,79678.5,127,750,0
2025-02-11 13:50:00,79679.0,79698.3,79542.3,79542.3,152,750,0
2025-02-11 14:00:00,79543.3,79617.7,79486.3,79529.6,212,750,0
2025-02-11 14:10:00,79529.6,79580.6,79487.3,79570.6,196,750,0
2025-02-11 14:20:00,79570.6,79589.5,79524.9,79589.5,164,750,0
2025-02-11 14:30:00,79589.5,79631.9,79560.0,79627.5,206,750,0
2025-02-11 14:40:00,79627.5,79664.2,79604.6,79605.1,148,750,0
2025-02-11 14:50:00,79603.6,79608.3,79557.7,79588.7,144,750,0
2025-02-11 15:00:00,79588.7,79605.6,79536.0,79541.0,153,750,0
2025-02-11 15:10:00,79541.0,79612.0,79541.0,79589.2,234,750,0
2025-02-11 15:20:00,79588.7,79688.3,79584.8,79655.8,208,750,0
2025-02-11 15:30:00,79655.8,79697.9,79655.8,79697.9,145,750,0
2025-02-11 15:40:00,79697.9,79707.3,79621.4,79629.7,173,750,0
2025-02-11 15:50:00,79630.2,79643.4,79590.2,79643.4,236,750,0
2025-02-11 16:00:00,79643.4,79690.7,79593.7,79658.1,264,750,0
2025-02-11 16:10:00,79658.1,79708.8,79654.3,79687.1,223,750,0
2025-02-11 16:20:00,79687.1,79735.2,79669.1,79731.1,188,750,0
2025-02-11 16:30:00,79731.1,79756.8,79643.9,79721.6,302,750,0
2025-02-11 16:40:00,79723.2,79766.8,79690.9,79746.5,322,750,0
2025-02-11 16:50:00,79746.5,79839.7,79730.2,79761.0,239,750,0
2025-02-11 17:00:00,79761.0,79812.5,79710.1,79727.4,165,750,0
2025-02-11 17:10:00,79727.4,79761.7,79646.9,79665.7,155,750,0
2025-02-11 17:20:00,79665.7,79731.2,79656.2,79731.2,153,750,0
2025-02-12 08:30:00,80015.2,80113.5,79996.4,80113.5,76,750,0
2025-02-12 08:40:00,80113.5,80160.6,80075.9,80127.5,63,750,0
2025-02-12 08:50:00,80127.5,80127.5,80037.4,80068.2,63,750,0
2025-02-12 09:00:00,80090.4,80240.6,80090.4,80201.0,201,750,0
2025-02-12 09:10:00,80201.0,80386.8,80191.1,80358.0,238,750,0
2025-02-12 09:20:00,80358.1,80362.3,80205.9,80233.2,275,750,0
2025-02-12 09:30:00,80232.2,80451.6,80227.3,80424.0,269,750,0
2025-02-12 09:40:00,80424.0,80468.0,80368.5,80423.9,231,750,0
2025-02-12 09:50:00,80426.9,80426.9,80355.8,80368.3,188,750,0
2025-02-12 10:00:00,80368.3,80492.5,80368.3,80491.5,283,750,0
2025-02-12 10:10:00,80491.0,80514.5,80417.4,80455.4,292,750,0
2025-02-12 10:20:00,80455.4,80509.6,80440.7,80494.8,241,750,0
2025-02-12 10:30:00,80494.8,80678.3,80468.5,80678.3,268,750,0
2025-02-12 10:40:00,80678.3,80714.0,80649.9,80679.2,275,750,0
2025-02-12 10:50:00,80679.7,80693.1,80460.0,80477.0,203,750,0
2025-02-12 11:00:00,80477.0,80573.1,80406.5,80547.9,173,750,0
2025-02-12 11:10:00,80547.4,80547.4,80381.1,80416.4,207,750,0
2025-02-12 11:20:00,80416.4,80516.2,80398.5,80507.5,191,750,0
2025-02-12 11:30:00,80507.5,80543.2,80442.2,80490.7,193,750,0
2025-02-12 11:40:00,80492.6,80503.6,80397.9,80415.9,158,750,0
2025-02-12 11:50:00,80407.0,80447.0,80367.7,80413.7,148,750,0
2025-02-12 12:00:00,80413.7,80426.0,80350.4,80386.1,228,750,0
2025-02-12 12:10:00,80384.1,80494.3,80369.7,80430.3,192,750,0
2025-02-12 12:20:00,80430.3,80485.6,80408.1,80424.8,225,750,0
2025-02-12 12:30:00,80424.8,80424.8,80325.8,80352.4,222,750,0
2025-02-12 12:40:00,80353.4,80356.3,80325.7,80327.6,192,750,0
2025-02-12 12:50:00,80326.6,80345.4,80308.8,80337.4,246,750,0
2025-02-12 13:00:00,80336.5,80338.0,80303.7,80317.0,253,750,0
2025-02-12 13:10:00,80317.0,80348.5,80292.6,80335.2,159,750,0
2025-02-12 13:20:00,80335.2,80347.1,80297.4,80324.2,171,750,0
2025-02-12 13:30:00,80324.2,80340.9,80295.0,80312.8,173,750,0
2025-02-12 13:40:00,80313.8,80326.1,80295.0,80306.5,173,750,0
2025-02-12 13:50:00,80308.1,80327.4,80283.9,80283.9,153,750,0
2025-02-12 14:00:00,80285.8,80316.2,80283.0,80311.5,178,750,0
2025-02-12 14:10:00,80311.5,80338.4,80287.1,80313.8,214,750,0
2025-02-12 14:20:00,80313.3,80332.1,80286.9,80318.3,153,750,0
2025-02-12 14:30:00,80318.3,80321.7,80286.5,80301.9,163,750,0
2025-02-12 14:40:00,80305.9,80319.0,80293.1,80293.7,141,750,0
2025-02-12 14:50:00,80293.7,80302.1,80253.3,80262.8,149,750,0
2025-02-12 15:00:00,80262.3,80319.5,80251.6,80278.7,166,750,0
2025-02-12 15:10:00,80278.7,80307.5,80260.6,80264.5,158,750,0
2025-02-12 15:20:00,80264.5,80293.3,80248.5,80270.2,127,750,0
2025-02-12 15:30:00,80277.1,80277.1,79846.1,79929.6,389,750,0
2025-02-12 15:40:00,79929.6,79985.1,79850.1,79918.7,370,750,0
2025-02-12 15:50:00,79918.2,79981.0,79886.6,79973.2,329,750,0
2025-02-12 16:00:00,79974.2,79986.6,79852.7,79970.4,310,750,0
2025-02-12 16:10:00,79967.0,80101.1,79944.9,80001.3,343,750,0
2025-02-12 16:20:00,79998.8,80106.3,79968.7,80063.9,334,750,0
2025-02-12 16:30:00,80065.8,80203.1,79995.7,80168.5,396,750,0
2025-02-12 16:40:00,80168.0,80168.0,80071.2,80138.6,320,750,0
2025-02-12 16:50:00,80138.7,80138.7,80098.6,80099.2,156,750,0
2025-02-12 17:00:00,80093.2,80136.3,80006.5,80109.2,239,750,0
2025-02-12 17:10:00,80109.2,80125.7,80038.9,80103.4,147,750,0
2025-02-12 17:20:00,80101.4,80208.0,80057.8,80196.2,239,750,0
2025-02-12 17:30:00,80133.3,80133.3,80133.3,80133.3,1,6690,0
2025-02-13 08:30:00,80582.6,80803.8,80582.6,80779.1,187,750,0
2025-02-13 08:40:00,80780.1,80786.5,80709.7,80741.5,66,750,0
2025-02-13 08:50:00,80741.5,80793.1,80685.1,80685.1,62,750,0
2025-02-13 09:00:00,80685.1,80804.2,80685.1,80793.8,284,750,0
2025-02-13 09:10:00,80794.3,80879.7,80746.8,80763.2,210,750,0
2025-02-13 09:20:00,80763.2,80767.6,80645.4,80649.6,241,750,0
2025-02-13 09:30:00,80649.6,80713.8,80627.7,80631.3,188,750,0
2025-02-13 09:40:00,80631.3,80668.3,80417.9,80453.7,193,750,0
2025-02-13 09:50:00,80453.7,80484.6,80339.4,80477.7,183,750,0
2025-02-13 10:00:00,80479.7,80524.1,80339.2,80342.1,340,750,0
2025-02-13 10:10:00,80342.1,80373.6,80275.1,80286.1,315,750,0
2025-02-13 10:20:00,80287.0,80327.2,80226.4,80234.3,217,750,0
2025-02-13 10:30:00,80234.3,80234.3,80131.3,80137.3,235,750,0
2025-02-13 10:40:00,80137.3,80180.2,80082.9,80137.6,288,750,0
2025-02-13 10:50:00,80137.6,80143.9,80071.0,80095.2,172,750,0
2025-02-13 11:00:00,80095.2,80181.4,80081.3,80097.2,202,750,0
2025-02-13 11:10:00,80097.2,80158.0,80084.5,80113.8,229,750,0
2025-02-13 11:20:00,80113.8,80163.5,80081.6,80110.9,187,750,0
2025-02-13 11:30:00,80110.9,80203.2,80058.2,80116.7,169,750,0
2025-02-13 11:40:00,80116.7,80198.3,80089.3,80161.7,209,750,0
2025-02-13 11:50:00,80161.7,80170.6,80095.3,80122.7,101,750,0
2025-02-13 12:00:00,80121.7,80144.3,80095.4,80139.9,159,750,0
2025-02-13 12:10:00,80140.4,80190.0,80118.5,80190.0,178,750,0
2025-02-13 12:20:00,80189.0,80239.2,80154.9,80219.6,239,750,0
2025-02-13 12:30:00,80219.6,80267.4,80155.3,80233.9,132,750,0
2025-02-13 12:40:00,80233.9,80270.4,80232.9,80270.4,149,750,0
2025-02-13 12:50:00,80270.4,80278.8,80192.1,80205.3,134,750,0
2025-02-13 13:00:00,80206.2,80286.0,80192.6,80196.9,112,750,0
2025-02-13 13:10:00,80198.9,80496.1,80198.9,80483.7,242,750,0
2025-02-13 13:20:00,80482.7,80576.0,80414.7,80448.4,307,750,0
2025-02-13 13:30:00,80448.4,80534.5,80447.3,80477.2,218,750,0
2025-02-13 13:40:00,80477.2,80521.8,80372.6,80413.5,246,750,0
2025-02-13 13:50:00,80414.5,80423.5,80316.2,80349.4,136,750,0
2025-02-13 14:00:00,80349.4,80384.9,80260.3,80328.1,144,750,0
2025-02-13 14:10:00,80328.1,80363.9,80246.1,80258.8,123,750,0
2025-02-13 14:20:00,80258.8,80346.7,80243.0,80323.7,195,750,0
2025-02-13 14:30:00,80323.7,80345.8,80270.7,80273.7,210,750,0
2025-02-13 14:40:00,80273.7,80290.0,80224.8,80255.8,132,750,0
2025-02-13 14:50:00,80255.8,80298.3,80224.9,80276.7,160,750,0
2025-02-13 15:00:00,80293.5,80300.4,80232.3,80240.0,92,750,0
2025-02-13 15:10:00,80242.0,80277.7,80195.4,80275.7,181,750,0
2025-02-13 15:20:00,80275.7,80371.7,80256.8,80370.7,201,750,0
2025-02-13 15:30:00,80370.7,80416.4,80203.6,80271.1,198,750,0
2025-02-13 15:40:00,80271.1,80397.1,80250.6,80278.7,203,750,0
2025-02-13 15:50:00,80268.8,80291.8,80160.5,80160.5,229,750,0
2025-02-13 16:00:00,80160.5,80190.7,80097.2,80133.0,133,750,0
2025-02-13 16:10:00,80137.9,80204.7,80087.9,80093.9,184,750,0
2025-02-13 16:20:00,80093.9,80121.4,80053.8,80070.0,199,750,0
2025-02-13 16:30:00,80071.0,80120.1,79978.1,79998.9,287,750,0
2025-02-13 16:40:00,80002.3,80152.4,80002.3,80152.4,359,750,0
2025-02-13 16:50:00,80152.4,80182.6,79946.7,79976.0,239,750,0
2025-02-13 17:00:00,79979.0,80193.7,79979.0,80151.6,206,750,0
2025-02-13 17:10:00,80151.6,80303.4,80151.6,80293.6,125,750,0
2025-02-13 17:20:00,80293.6,80343.7,80232.2,80232.2,86,750,0
2025-02-13 17:30:00,80232.2,80232.2,80232.2,80232.2,1,5700,0
2025-02-14 08:30:00,80759.2,80939.7,80748.7,80905.1,99,750,0
2025-02-14 08:40:00,80905.1,80959.7,80890.2,80921.1,29,750,0
2025-02-14 08:50:00,80922.1,80984.1,80905.3,80940.0,74,750,0
2025-02-14 09:00:00,80940.0,81043.1,80837.0,80908.4,234,750,0
2025-02-14 09:10:00,80908.4,80915.3,80710.1,80710.3,260,750,0
2025-02-14 09:20:00,80710.3,80817.1,80710.3,80808.0,242,750,0
2025-02-14 09:30:00,80809.0,80927.4,80770.2,80914.8,199,750,0
2025-02-14 09:40:00,80914.9,80980.7,80828.0,80965.9,169,750,0
2025-02-14 09:50:00,80968.9,80974.2,80795.1,80799.1,199,750,0
2025-02-14 10:00:00,80799.1,80945.2,80799.1,80889.3,321,750,0
2025-02-14 10:10:00,80889.3,81044.1,80889.3,81044.1,295,750,0
2025-02-14 10:20:00,81044.1,81056.4,81007.5,81041.5,257,750,0
2025-02-14 10:30:00,81041.5,81064.9,80984.5,81061.5,385,750,0
2025-02-14 10:40:00,81051.6,81129.0,81014.0,81076.0,295,750,0
2025-02-14 10:50:00,81078.5,81134.0,81035.2,81044.2,269,750,0
2025-02-14 11:00:00,81036.3,81137.9,81036.3,81103.6,269,750,0
2025-02-14 11:10:00,81103.6,81244.4,81103.6,81209.3,268,750,0
2025-02-14 11:20:00,81209.3,81234.5,81146.5,81170.2,256,750,0
2025-02-14 11:30:00,81169.7,81256.6,81154.8,81161.7,176,750,0
2025-02-14 11:40:00,81164.7,81188.5,81079.2,81086.1,152,750,0
2025-02-14 11:50:00,81086.0,81086.0,81017.5,81050.2,104,750,0
2025-02-14 12:00:00,81050.2,81097.8,81025.5,81082.7,162,750,0
2025-02-14 12:10:00,81082.7,81229.1,81082.7,81219.2,238,750,0
2025-02-14 12:20:00,81219.7,81238.5,81153.6,81207.8,170,750,0
2025-02-14 12:30:00,81207.8,81215.0,81060.7,81060.7,143,750,0
2025-02-14 12:40:00,81060.7,81102.1,81019.4,81029.1,110,750,0
2025-02-14 12:50:00,81029.1,81035.9,80945.3,80984.4,142,750,0
2025-02-14 13:00:00,80988.3,81014.3,80949.9,80994.9,111,750,0
2025-02-14 13:10:00,80994.9,81058.4,80994.9,81005.4,93,750,0
2025-02-14 13:20:00,81005.4,81039.4,80970.5,80989.5,133,750,0
2025-02-14 13:30:00,80989.5,81009.1,80899.7,80983.8,180,750,0
2025-02-14 13:40:00,80983.8,81014.5,80924.5,80989.8,167,750,0
2025-02-14 13:50:00,80989.8,81031.2,80964.0,81006.3,74,750,0
2025-02-14 14:00:00,81006.3,81032.3,80973.4,80978.6,141,750,0
2025-02-14 14:10:00,80974.6,81021.9,80942.6,81021.9,151,750,0
2025-02-14 14:20:00,81021.9,81034.9,80991.7,81008.9,109,750,0
2025-02-14 14:30:00,81008.9,81030.0,80957.0,80998.0,174,750,0
2025-02-14 14:40:00,80997.0,81012.0,80909.7,80928.9,146,750,0
2025-02-14 14:50:00,80929.0,80978.8,80872.3,80958.5,216,750,0
2025-02-14 15:00:00,80958.5,80970.3,80856.4,80858.3,160,750,0
2025-02-14 15:10:00,80858.3,80886.5,80821.3,80886.5,205,750,0
2025-02-14 15:20:00,80881.5,80913.5,80858.3,80858.9,205,750,0
2025-02-14 15:30:00,80858.9,80953.4,80858.9,80953.4,295,750,0
2025-02-14 15:40:00,80953.4,80953.4,80859.4,80916.8,210,750,0
2025-02-14 15:50:00,80916.8,80927.9,80881.5,80910.2,156,750,0
2025-02-14 16:00:00,80910.2,80914.8,80871.9,80886.7,198,750,0
2025-02-14 16:10:00,80886.7,80930.9,80870.9,80913.9,143,750,0
2025-02-14 16:20:00,80913.9,81004.0,80913.9,80981.0,167,750,0
2025-02-14 16:30:00,80971.1,80977.1,80888.2,80906.4,255,750,0
2025-02-14 16:40:00,80906.4,80972.8,80904.4,80910.6,219,750,0
2025-02-14 16:50:00,80910.6,80987.2,80902.7,80971.3,282,750,0
2025-02-14 17:00:00,80967.3,80983.3,80889.5,80970.5,141,750,0
2025-02-14 17:10:00,80972.4,80984.8,80868.9,80879.3,159,750,0
2025-02-14 17:20:00,80879.3,80960.2,80857.6,80860.1,193,750,0
2025-02-14 17:30:00,80859.6,80859.6,80859.6,80859.6,1,750,0
2025-02-17 08:30:00,81245.8,81384.3,81158.6,81160.6,76,750,0
2025-02-17 08:40:00,81160.6,81172.6,81113.0,81172.6,51,750,0
2025-02-17 08:50:00,81173.6,81216.4,81057.6,81216.4,103,750,0
2025-02-17 09:00:00,81216.4,81218.4,81038.9,81129.2,148,750,0
2025-02-17 09:10:00,81129.2,81188.9,81088.5,81100.0,215,750,0
2025-02-17 09:20:00,81100.0,81100.1,80984.8,80987.8,163,750,0
2025-02-17 09:30:00,80985.8,81026.6,80975.2,80975.2,166,750,0
2025-02-17 09:40:00,80975.2,80977.0,80887.4,80937.9,157,750,0
2025-02-17 09:50:00,80939.9,80949.8,80803.7,80813.4,193,750,0
2025-02-17 10:00:00,80814.4,80826.8,80725.0,80756.4,280,750,0
2025-02-17 10:10:00,80761.4,80835.8,80717.4,80763.2,340,750,0
2025-02-17 10:20:00,80764.2,80800.8,80665.5,80699.0,251,750,0
2025-02-17 10:30:00,80699.0,80708.3,80604.6,80620.5,261,750,0
2025-02-17 10:40:00,80622.0,80655.4,80584.7,80615.9,241,750,0
2025-02-17 10:50:00,80615.4,80671.9,80584.0,80595.8,146,750,0
2025-02-17 11:00:00,80595.8,80652.8,80545.7,80559.5,171,750,0
2025-02-17 11:10:00,80561.4,80632.6,80555.4,80586.1,206,750,0
2025-02-17 11:20:00,80586.1,80660.0,80577.1,80657.1,255,750,0
2025-02-17 11:30:00,80657.1,80671.9,80601.7,80611.8,118,750,0
2025-02-17 11:40:00,80611.8,80623.6,80516.1,80524.0,168,750,0
2025-02-17 11:50:00,80524.0,80610.8,80524.0,80598.8,122,750,0
2025-02-17 12:00:00,80598.8,80655.6,80558.0,80641.8,178,750,0
2025-02-17 12:10:00,80641.8,80696.9,80577.9,80665.8,144,750,0
2025-02-17 12:20:00,80665.8,80703.4,80608.5,80639.5,229,750,0
2025-02-17 12:30:00,80639.5,80661.4,80508.0,80576.5,155,750,0
2025-02-17 12:40:00,80576.5,80598.0,80511.0,80538.1,120,750,0
2025-02-17 12:50:00,80538.1,80610.1,80507.5,80604.7,155,750,0
2025-02-17 13:00:00,80604.7,80607.1,80508.9,80521.9,107,750,0
2025-02-17 13:10:00,80521.9,80566.7,80472.9,80557.8,98,750,0
2025-02-17 13:20:00,80557.8,80643.0,80557.8,80599.8,71,750,0
2025-02-17 13:30:00,80599.8,80664.4,80599.8,80636.4,95,750,0
2025-02-17 13:40:00,80636.4,80659.0,80561.8,80564.7,96,750,0
2025-02-17 13:50:00,80565.7,80616.8,80560.3,80560.3,80,750,0
2025-02-17 14:00:00,80560.3,80568.7,80503.2,80538.2,97,750,0
2025-02-17 14:10:00,80538.2,80538.7,80472.7,80484.1,111,750,0
2025-02-17 14:20:00,80484.2,80522.9,80465.2,80470.8,103,750,0
2025-02-17 14:30:00,80470.8,80535.0,80432.2,80535.0,106,750,0
2025-02-17 14:40:00,80535.0,80540.9,80425.0,80441.7,68,750,0
2025-02-17 14:50:00,80443.7,80503.8,80427.6,80446.9,110,750,0
2025-02-17 15:00:00,80446.9,80488.5,80442.9,80477.1,144,750,0
2025-02-17 15:10:00,80477.2,80501.1,80431.6,80440.2,118,750,0
2025-02-17 15:20:00,80427.8,80427.8,80347.1,80347.1,131,750,0
2025-02-17 15:30:00,80349.5,80382.3,80339.9,80369.6,174,750,0
2025-02-17 15:40:00,80368.1,80385.9,80350.2,80379.9,125,750,0
2025-02-17 15:50:00,80365.1,80424.5,80360.1,80415.6,116,750,0
2025-02-17 16:00:00,80415.6,80478.6,80410.6,80433.6,121,750,0
2025-02-17 16:10:00,80433.6,80453.2,80411.5,80439.3,154,750,0
2025-02-17 16:20:00,80439.3,80495.3,80439.3,80463.6,163,750,0
2025-02-17 16:30:00,80463.6,80578.8,80463.6,80571.9,202,750,0
2025-02-17 16:40:00,80571.9,80674.5,80550.6,80656.2,241,750,0
2025-02-17 16:50:00,80656.2,80729.2,80654.9,80695.5,183,750,0
2025-02-17 17:00:00,80699.0,80840.9,80699.0,80769.1,128,750,0
2025-02-17 17:10:00,80769.1,80769.1,80619.4,80619.4,111,750,0
2025-02-17 17:20:00,80619.4,80666.1,80601.6,80631.5,113,750,0
2025-02-18 08:30:00,80788.9,80872.2,80708.7,80709.7,86,750,0
2025-02-18 08:40:00,80709.7,80843.6,80709.7,80810.0,92,750,0
2025-02-18 08:50:00,80810.0,80846.0,80739.9,80743.8,58,750,0
2025-02-18 09:00:00,80743.8,80908.6,80701.3,80709.3,143,750,0
2025-02-18 09:10:00,80709.3,80798.6,80701.3,80757.5,115,750,0
2025-02-18 09:20:00,80757.6,80853.5,80748.9,80783.2,123,750,0
2025-02-18 09:30:00,80783.2,80862.6,80758.2,80761.0,79,750,0
2025-02-18 09:40:00,80762.9,80808.9,80747.8,80779.1,139,750,0
2025-02-18 09:50:00,80779.2,80906.4,80779.2,80906.4,159,750,0
2025-02-18 10:00:00,80906.4,81007.6,80884.7,80973.3,308,750,0
2025-02-18 10:10:00,80973.3,81017.8,80914.7,80977.7,194,750,0
2025-02-18 10:20:00,80977.7,81001.4,80919.7,80990.5,195,750,0
2025-02-18 10:30:00,80990.5,81097.5,80972.6,81074.0,192,750,0
2025-02-18 10:40:00,81074.0,81089.7,80929.9,80938.4,213,750,0
2025-02-18 10:50:00,80938.4,81017.0,80905.4,80991.3,273,750,0
2025-02-18 11:00:00,80988.4,81015.7,80911.1,80979.5,192,750,0
2025-02-18 11:10:00,80979.5,81001.4,80922.3,80968.9,242,750,0
2025-02-18 11:20:00,80968.9,81067.2,80953.3,81061.2,183,750,0
2025-02-18 11:30:00,81061.2,81081.8,81015.5,81081.8,176,750,0
2025-02-18 11:40:00,81081.8,81095.7,81038.7,81089.7,209,750,0
2025-02-18 11:50:00,81089.7,81110.7,81056.3,81069.2,146,750,0
2025-02-18 12:00:00,81069.2,81194.1,81046.9,81175.9,246,750,0
2025-02-18 12:10:00,81176.9,81205.5,81109.5,81138.5,205,750,0
2025-02-18 12:20:00,81136.2,81192.8,81135.2,81174.2,179,750,0
2025-02-18 12:30:00,81174.2,81201.4,81147.9,81194.8,162,750,0
2025-02-18 12:40:00,81194.8,81224.4,81180.9,81209.6,120,750,0
2025-02-18 12:50:00,81209.6,81300.3,81208.2,81278.6,188,750,0
2025-02-18 13:00:00,81278.6,81325.4,81278.6,81300.8,154,750,0
2025-02-18 13:10:00,81300.8,81307.6,81253.3,81267.7,141,750,0
2025-02-18 13:20:00,81267.8,81343.2,81267.8,81343.1,147,750,0
2025-02-18 13:30:00,81343.1,81369.5,81331.2,81356.4,145,750,0
2025-02-18 13:40:00,81356.4,81379.1,81332.3,81378.1,147,750,0
2025-02-18 13:50:00,81378.1,81378.1,81342.6,81361.7,127,750,0
2025-02-18 14:00:00,81361.7,81394.9,81330.3,81365.5,159,750,0
2025-02-18 14:10:00,81365.5,81388.0,81336.5,81351.4,110,750,0
2025-02-18 14:20:00,81351.4,81365.1,81333.5,81346.1,62,750,0
2025-02-18 14:30:00,81346.1,81437.1,81310.2,81437.1,133,750,0
2025-02-18 14:40:00,81437.2,81466.3,81415.8,81454.6,89,750,0
2025-02-18 14:50:00,81457.6,81507.4,81457.6,81481.3,142,750,0
2025-02-18 15:00:00,81481.3,81481.3,81414.1,81427.3,182,750,0
2025-02-18 15:10:00,81427.3,81470.8,81392.8,81470.3,144,750,0
2025-02-18 15:20:00,81470.3,81479.6,81449.6,81466.3,129,750,0
2025-02-18 15:30:00,81470.3,81513.2,81435.6,81461.8,157,750,0
2025-02-18 15:40:00,81462.8,81540.8,81462.8,81506.7,119,750,0
2025-02-18 15:50:00,81506.7,81564.1,81471.9,81564.1,139,750,0
2025-02-18 16:00:00,81564.1,81578.3,81446.1,81500.1,174,750,0
2025-02-18 16:10:00,81500.1,81515.6,81443.6,81473.3,186,750,0
2025-02-18 16:20:00,81473.3,81517.6,81444.3,81444.3,181,750,0
2025-02-18 16:30:00,81444.3,81444.3,81316.4,81320.4,286,750,0
2025-02-18 16:40:00,81320.4,81328.3,81240.7,81323.8,245,750,0
2025-02-18 16:50:00,81322.3,81486.2,81290.6,81468.4,227,750,0
2025-02-18 17:00:00,81467.4,81471.9,81342.9,81366.3,183,750,0
2025-02-18 17:10:00,81366.3,81387.6,81306.9,81306.9,103,750,0
2025-02-18 17:20:00,81306.9,81386.4,81306.9,81341.8,133,750,0
2025-02-19 08:30:00,81237.4,81326.3,81225.5,81275.2,75,750,0
2025-02-19 08:40:00,81275.2,81321.0,81275.2,81300.2,33,750,0
2025-02-19 08:50:00,81300.2,81369.8,81287.4,81287.4,45,750,0
2025-02-19 09:00:00,81287.4,81413.1,81258.7,81337.2,153,750,0
2025-02-19 09:10:00,81337.2,81468.1,81323.9,81461.9,140,750,0
2025-02-19 09:20:00,81463.4,81554.7,81426.2,81465.0,155,750,0
2025-02-19 09:30:00,81467.0,81483.0,81421.7,81428.9,121,750,0
2025-02-19 09:40:00,81428.9,81529.5,81426.9,81521.5,138,750,0
2025-02-19 09:50:00,81521.5,81521.5,81447.7,81457.0,156,750,0
2025-02-19 10:00:00,81457.0,81512.9,81411.2,81446.0,269,750,0
2025-02-19 10:10:00,81448.0,81536.0,81412.1,81479.8,313,750,0
2025-02-19 10:20:00,81479.8,81498.6,81412.9,81497.6,284,750,0
2025-02-19 10:30:00,81497.7,81581.1,81467.8,81468.8,263,750,0
2025-02-19 10:40:00,81468.8,81517.5,81452.2,81472.2,230,750,0
2025-02-19 10:50:00,81473.1,81477.1,81386.0,81424.5,225,750,0
2025-02-19 11:00:00,81424.5,81424.5,81327.4,81379.2,262,750,0
2025-02-19 11:10:00,81381.2,81430.1,81343.2,81404.1,247,750,0
2025-02-19 11:20:00,81404.6,81513.7,81333.3,81484.4,281,750,0
2025-02-19 11:30:00,81484.4,81553.6,81474.6,81527.7,215,750,0
2025-02-19 11:40:00,81527.7,81577.5,81486.1,81575.6,195,750,0
2025-02-19 11:50:00,81575.6,81609.6,81560.5,81582.9,187,750,0
2025-02-19 12:00:00,81586.9,81595.9,81491.7,81491.8,220,750,0
2025-02-19 12:10:00,81491.8,81541.6,81429.4,81532.6,194,750,0
2025-02-19 12:20:00,81532.6,81576.6,81507.2,81575.1,243,750,0
2025-02-19 12:30:00,81575.1,81604.3,81545.9,81583.5,213,750,0
2025-02-19 12:40:00,81584.5,81606.3,81540.5,81540.5,199,750,0
2025-02-19 12:50:00,81538.5,81570.7,81491.9,81520.6,193,750,0
2025-02-19 13:00:00,81520.6,81522.7,81442.9,81444.8,237,750,0
2025-02-19 13:10:00,81443.8,81475.8,81370.5,81372.5,212,750,0
2025-02-19 13:20:00,81370.6,81370.6,81297.5,81304.3,236,750,0
2025-02-19 13:30:00,81304.3,81331.4,81114.4,81128.3,266,750,0
2025-02-19 13:40:00,81128.3,81218.4,81087.9,81087.9,204,750,0
2025-02-19 13:50:00,81088.4,81095.4,81009.1,81050.4,160,750,0
2025-02-19 14:00:00,81050.4,81050.4,80933.0,81011.8,184,750,0
2025-02-19 14:10:00,81011.8,81108.0,80968.9,81053.0,258,750,0
2025-02-19 14:20:00,81054.0,81070.3,80938.0,80949.8,303,750,0
2025-02-19 14:30:00,80949.8,80972.2,80891.7,80915.6,272,750,0
2025-02-19 14:40:00,80916.6,80927.5,80779.0,80904.6,227,750,0
2025-02-19 14:50:00,80904.6,81088.1,80904.6,80992.2,233,750,0
2025-02-19 15:00:00,80992.2,80994.1,80810.7,80977.8,277,750,0
2025-02-19 15:10:00,80977.8,81085.0,80948.4,81066.2,252,750,0
2025-02-19 15:20:00,81066.2,81103.7,81056.0,81076.9,212,750,0
2025-02-19 15:30:00,81076.9,81099.6,80977.4,80980.9,263,750,0
2025-02-19 15:40:00,80985.3,81018.0,80929.0,80929.0,217,750,0
2025-02-19 15:50:00,80930.0,80971.0,80854.3,80945.0,233,750,0
2025-02-19 16:00:00,80945.0,81023.4,80919.4,80925.7,261,750,0
2025-02-19 16:10:00,80924.7,80948.0,80852.3,80855.2,238,750,0
2025-02-19 16:20:00,80855.2,80948.7,80852.8,80861.8,198,750,0
2025-02-19 16:30:00,80861.8,80927.5,80851.7,80869.4,343,750,0
2025-02-19 16:40:00,80869.4,81179.6,80869.4,81145.2,380,750,0
2025-02-19 16:50:00,81145.7,81266.9,81062.5,81062.5,289,750,0
2025-02-19 17:00:00,81068.4,81073.4,80953.4,80964.3,192,750,0
2025-02-19 17:10:00,80965.3,81066.2,80939.5,81047.9,126,750,0
2025-02-19 17:20:00,81047.9,81316.0,81047.9,81248.6,147,750,0
2025-02-20 08:30:00,80901.2,80901.2,80808.9,80856.7,61,750,0
2025-02-20 08:40:00,80856.7,80927.2,80856.7,80905.5,73,750,0
2025-02-20 08:50:00,80905.5,80933.3,80878.8,80878.8,47,750,0
2025-02-20 09:00:00,80878.8,81054.7,80861.0,81054.7,185,750,0
2025-02-20 09:10:00,81054.7,81124.3,80968.2,80997.9,163,750,0
2025-02-20 09:20:00,80998.9,81044.6,80967.4,80992.4,218,750,0
2025-02-20 09:30:00,80989.4,81085.0,80966.8,81084.9,173,750,0
2025-02-20 09:40:00,81084.9,81089.8,80964.6,80982.7,145,750,0
2025-02-20 09:50:00,80982.7,80989.9,80886.0,80961.3,194,750,0
2025-02-20 10:00:00,80961.8,81059.4,80918.9,80935.6,313,750,0
2025-02-20 10:10:00,80933.6,80993.9,80675.5,80732.3,380,750,0
2025-02-20 10:20:00,80732.8,80862.5,80683.1,80842.3,249,750,0
2025-02-20 10:30:00,80842.3,80891.8,80748.6,80837.1,240,750,0
2025-02-20 10:40:00,80839.0,80902.1,80801.5,80859.9,214,750,0
2025-02-20 10:50:00,80859.9,81009.9,80858.9,80980.7,160,750,0
2025-02-20 11:00:00,80980.7,81084.5,80980.7,81084.5,149,750,0
2025-02-20 11:10:00,81085.0,81189.8,81047.5,81157.9,264,750,0
2025-02-20 11:20:00,81158.9,81173.7,81014.7,81024.5,259,750,0
2025-02-20 11:30:00,81024.5,81082.8,81004.6,81008.8,174,750,0
2025-02-20 11:40:00,81008.8,81115.8,81008.8,81098.1,161,750,0
2025-02-20 11:50:00,81098.1,81151.3,81058.2,81059.1,180,750,0
2025-02-20 12:00:00,81059.1,81105.0,81035.3,81081.2,154,750,0
2025-02-20 12:10:00,81081.3,81156.8,81077.5,81154.8,179,750,0
2025-02-20 12:20:00,81155.8,81242.0,81154.9,81202.8,200,750,0
2025-02-20 12:30:00,81202.8,81274.7,81175.9,81191.3,180,750,0
2025-02-20 12:40:00,81191.3,81249.1,81158.7,81236.0,181,750,0
2025-02-20 12:50:00,81231.1,81234.5,81154.6,81223.0,170,750,0
2025-02-20 13:00:00,81223.0,81284.1,81210.1,81229.9,216,750,0
2025-02-20 13:10:00,81229.9,81279.4,81207.6,81256.8,183,750,0
2025-02-20 13:20:00,81258.7,81376.7,81244.9,81326.5,216,750,0
2025-02-20 13:30:00,81329.0,81329.1,81198.8,81254.2,203,750,0
2025-02-20 13:40:00,81256.2,81289.8,81174.4,81174.4,164,750,0
2025-02-20 13:50:00,81174.4,81207.0,81144.2,81182.2,200,750,0
2025-02-20 14:00:00,81182.2,81271.0,81173.4,81236.9,164,750,0
2025-02-20 14:10:00,81236.9,81322.4,81216.6,81287.0,182,750,0
2025-02-20 14:20:00,81287.0,81306.9,81198.0,81198.0,127,750,0
2025-02-20 14:30:00,81198.0,81249.1,81155.0,81155.0,136,750,0
2025-02-20 14:40:00,81156.1,81213.8,81155.8,81211.8,117,750,0
2025-02-20 14:50:00,81213.2,81280.4,81198.8,81234.6,127,750,0
2025-02-20 15:00:00,81235.6,81282.9,81175.2,81221.3,172,750,0
2025-02-20 15:10:00,81221.3,81274.8,81185.9,81232.3,188,750,0
2025-02-20 15:20:00,81232.2,81298.4,81211.3,81243.2,167,750,0
2025-02-20 15:30:00,81243.2,81264.8,81199.5,81222.2,156,750,0
2025-02-20 15:40:00,81222.2,81225.0,81111.0,81120.6,178,750,0
2025-02-20 15:50:00,81124.5,81254.4,81124.0,81223.6,172,750,0
2025-02-20 16:00:00,81224.5,81290.4,81186.7,81234.1,213,750,0
2025-02-20 16:10:00,81231.1,81231.1,81136.5,81144.9,120,750,0
2025-02-20 16:20:00,81144.9,81182.3,81124.9,81176.1,183,750,0
2025-02-20 16:30:00,81175.6,81387.5,81172.1,81340.6,447,750,0
2025-02-20 16:40:00,81332.2,81423.3,81265.7,81305.0,438,750,0
2025-02-20 16:50:00,81305.0,81323.3,81223.1,81280.3,214,750,0
2025-02-20 17:00:00,81281.3,81281.3,81123.8,81186.0,188,750,0
2025-02-20 17:10:00,81186.0,81405.6,81176.1,81366.0,164,750,0
2025-02-20 17:20:00,81366.0,81410.7,81304.5,81335.3,169,750,0
2025-02-21 08:30:00,81523.5,81612.5,81521.0,81550.5,113,750,0
2025-02-21 08:40:00,81551.5,81569.0,81485.0,81516.9,91,750,0
2025-02-21 08:50:00,81517.9,81549.7,81475.3,81475.3,65,750,0
2025-02-21 09:00:00,81475.3,81535.4,81405.8,81444.6,189,750,0
2025-02-21 09:10:00,81452.0,81459.0,81352.3,81394.1,202,750,0
2025-02-21 09:20:00,81399.1,81410.2,81356.1,81397.5,137,750,0
2025-02-21 09:30:00,81398.5,81411.4,81338.7,81354.5,167,750,0
2025-02-21 09:40:00,81354.5,81376.2,81261.1,81325.9,143,750,0
2025-02-21 09:50:00,81325.9,81390.2,81250.1,81250.1,183,750,0
2025-02-21 10:00:00,81242.2,81381.8,81217.3,81353.0,282,750,0
2025-02-21 10:10:00,81354.0,81378.3,81216.7,81270.9,189,750,0
2025-02-21 10:20:00,81270.9,81320.3,81176.4,81288.7,337,750,0
2025-02-21 10:30:00,81286.7,81406.0,81271.1,81387.9,231,750,0
2025-02-21 10:40:00,81387.9,81485.2,81353.0,81437.3,228,750,0
2025-02-21 10:50:00,81437.3,81443.3,81297.1,81381.4,158,750,0
2025-02-21 11:00:00,81383.4,81449.7,81362.2,81379.2,163,750,0
2025-02-21 11:10:00,81379.2,81418.7,81286.4,81339.1,238,750,0
2025-02-21 11:20:00,81339.1,81389.6,81313.0,81372.2,224,750,0
2025-02-21 11:30:00,81372.2,81419.5,81341.6,81376.4,188,750,0
2025-02-21 11:40:00,81376.4,81452.4,81373.7,81375.7,123,750,0
2025-02-21 11:50:00,81375.8,81435.9,81367.8,81393.4,155,750,0
2025-02-21 12:00:00,81393.4,81394.4,81325.7,81333.9,114,750,0
2025-02-21 12:10:00,81333.9,81413.5,81333.9,81365.1,166,750,0
2025-02-21 12:20:00,81365.1,81477.9,81365.1,81425.3,144,750,0
2025-02-21 12:30:00,81427.3,81505.0,81427.3,81505.0,144,750,0
2025-02-21 12:40:00,81505.0,81507.9,81450.9,81507.0,151,750,0
2025-02-21 12:50:00,81506.0,81540.1,81453.5,81513.7,147,750,0
2025-02-21 13:00:00,81513.7,81561.5,81508.6,81518.1,131,750,0
2025-02-21 13:10:00,81518.1,81585.4,81517.6,81567.5,103,750,0
2025-02-21 13:20:00,81571.5,81596.4,81559.0,81577.1,165,750,0
2025-02-21 13:30:00,81578.1,81584.1,81507.9,81509.9,160,750,0
2025-02-21 13:40:00,81510.9,81542.7,81481.1,81514.6,215,750,0
2025-02-21 13:50:00,81515.6,81537.4,81479.7,81506.7,174,750,0
2025-02-21 14:00:00,81506.7,81524.5,81472.9,81521.5,161,750,0
2025-02-21 14:10:00,81521.5,81560.9,81489.7,81534.1,176,750,0
2025-02-21 14:20:00,81534.1,81617.1,81534.1,81583.7,133,750,0
2025-02-21 14:30:00,81583.7,81601.3,81559.0,81588.7,121,750,0
2025-02-21 14:40:00,81588.7,81626.1,81562.2,81583.3,148,750,0
2025-02-21 14:50:00,81583.3,81632.8,81583.3,81629.8,144,750,0
2025-02-21 15:00:00,81629.8,81666.5,81613.6,81645.9,140,750,0
2025-02-21 15:10:00,81645.9,81661.6,81604.4,81604.4,152,750,0
2025-02-21 15:20:00,81604.4,81604.7,81563.6,81564.6,172,750,0
2025-02-21 15:30:00,81564.6,81637.3,81546.6,81557.5,228,750,0
2025-02-21 15:40:00,81558.5,81600.7,81549.5,81586.8,232,750,0
2025-02-21 15:50:00,81586.8,81588.8,81488.7,81493.7,175,750,0
2025-02-21 16:00:00,81494.7,81523.2,81485.0,81488.0,190,750,0
2025-02-21 16:10:00,81488.0,81529.5,81482.3,81517.9,198,750,0
2025-02-21 16:20:00,81517.9,81560.3,81459.2,81459.2,230,750,0
2025-02-21 16:30:00,81459.2,81517.6,81392.0,81419.5,313,750,0
2025-02-21 16:40:00,81419.5,81508.0,81406.7,81507.1,303,750,0
2025-02-21 16:50:00,81507.6,81512.6,81368.6,81405.9,212,750,0
2025-02-21 17:00:00,81406.9,81546.5,81362.7,81522.7,150,750,0
2025-02-21 17:10:00,81522.7,81600.9,81506.0,81590.4,124,750,0
2025-02-21 17:20:00,81590.4,81600.4,81519.1,81553.9,154,750,0
2025-02-24 08:30:00,81268.1,81268.1,81113.1,81122.1,78,750,0
2025-02-24 08:40:00,81122.1,81122.1,81062.6,81063.6,38,750,0
2025-02-24 08:50:00,81061.6,81149.1,81061.6,81119.4,53,750,0
2025-02-24 09:00:00,81119.4,81242.2,81073.1,81117.5,234,750,0
2025-02-24 09:10:00,81117.5,81117.5,80978.4,81007.1,240,750,0
2025-02-24 09:20:00,81007.6,81009.0,80937.0,80957.5,288,750,0
2025-02-24 09:30:00,80958.0,80971.1,80792.3,80850.9,310,750,0
2025-02-24 09:40:00,80850.9,80890.8,80752.5,80845.2,247,750,0
2025-02-24 09:50:00,80845.2,80904.9,80772.7,80773.6,219,750,0
2025-02-24 10:00:00,80775.6,80874.4,80633.4,80667.2,356,750,0
2025-02-24 10:10:00,80669.2,80684.0,80378.1,80396.4,348,750,0
2025-02-24 10:20:00,80398.9,80544.0,80394.9,80494.8,323,750,0
2025-02-24 10:30:00,80496.8,80563.9,80387.0,80426.1,338,750,0
2025-02-24 10:40:00,80427.1,80586.6,80379.4,80557.7,304,750,0
2025-02-24 10:50:00,80557.7,80675.1,80539.7,80675.1,193,750,0
2025-02-24 11:00:00,80675.1,80768.5,80655.2,80655.3,239,750,0
2025-02-24 11:10:00,80656.7,80656.7,80557.1,80558.3,282,750,0
2025-02-24 11:20:00,80558.3,80637.1,80557.4,80616.1,283,750,0
2025-02-24 11:30:00,80616.6,80715.6,80560.2,80588.1,242,750,0
2025-02-24 11:40:00,80589.1,80651.2,80534.7,80552.9,298,750,0
2025-02-24 11:50:00,80552.9,80603.0,80511.4,80602.5,196,750,0
2025-02-24 12:00:00,80603.5,80616.5,80543.3,80580.3,146,750,0
2025-02-24 12:10:00,80580.3,80622.6,80534.9,80595.1,191,750,0
2025-02-24 12:20:00,80595.1,80659.0,80534.7,80596.3,231,750,0
2025-02-24 12:30:00,80598.3,80637.3,80537.1,80570.8,161,750,0
2025-02-24 12:40:00,80570.8,80581.6,80483.3,80548.1,133,750,0
2025-02-24 12:50:00,80549.1,80549.1,80464.1,80474.4,158,750,0
2025-02-24 13:00:00,80474.4,80544.9,80444.8,80544.8,265,750,0
2025-02-24 13:10:00,80544.8,80544.8,80444.7,80456.7,196,750,0
2025-02-24 13:20:00,80456.7,80465.1,80418.3,80434.3,195,750,0
2025-02-24 13:30:00,80434.3,80483.1,80394.8,80402.3,260,750,0
2025-02-24 13:40:00,80402.3,80516.3,80390.9,80448.3,182,750,0
2025-02-24 13:50:00,80448.3,80457.4,80366.8,80431.1,194,750,0
2025-02-24 14:00:00,80427.6,80427.6,80324.9,80338.8,162,750,0
2025-02-24 14:10:00,80338.8,80347.5,80241.0,80241.0,171,750,0
2025-02-24 14:20:00,80236.1,80320.8,80217.2,80302.0,175,750,0
2025-02-24 14:30:00,80302.0,80338.9,80292.9,80314.2,123,750,0
2025-02-24 14:40:00,80314.2,80348.4,80296.2,80315.5,160,750,0
2025-02-24 14:50:00,80315.5,80342.7,80283.7,80310.3,160,750,0
2025-02-24 15:00:00,80312.2,80385.8,80286.1,80337.3,224,750,0
2025-02-24 15:10:00,80337.8,80372.7,80305.0,80315.9,145,750,0
2025-02-24 15:20:00,80315.9,80395.1,80315.9,80371.8,143,750,0
2025-02-24 15:30:00,80371.8,80458.5,80346.7,80427.4,208,750,0
2025-02-24 15:40:00,80428.4,80475.9,80342.5,80439.5,118,750,0
2025-02-24 15:50:00,80434.6,80504.0,80400.4,80486.2,213,750,0
2025-02-24 16:00:00,80486.2,80506.0,80380.0,80380.0,234,750,0
2025-02-24 16:10:00,80380.0,80380.5,80302.7,80305.4,211,750,0
2025-02-24 16:20:00,80306.4,80329.7,80228.8,80238.9,252,750,0
2025-02-24 16:30:00,80238.9,80245.5,80038.9,80116.6,351,750,0
2025-02-24 16:40:00,80116.6,80245.8,80030.8,80125.4,373,750,0
2025-02-24 16:50:00,80128.4,80218.4,79925.4,79971.1,327,750,0
2025-02-24 17:00:00,79975.1,80035.7,79787.4,79987.2,286,750,0
2025-02-24 17:10:00,79987.2,80089.6,79982.3,79996.3,169,750,0
2025-02-24 17:20:00,79996.3,80059.9,79910.9,79932.8,149,750,0
2025-02-25 08:30:00,80034.8,80180.0,79970.2,80157.1,125,750,0
2025-02-25 08:40:00,80158.1,80158.1,80055.0,80055.0,61,750,0
2025-02-25 08:50:00,80055.0,80057.1,79970.7,79980.6,75,750,0
2025-02-25 09:00:00,79978.1,80054.2,79925.5,79943.0,318,750,0
2025-02-25 09:10:00,79943.0,79992.7,79870.4,79895.6,287,750,0
2025-02-25 09:20:00,79895.6,79895.6,79802.2,79802.2,291,750,0
2025-02-25 09:30:00,79810.2,79854.4,79766.6,79800.4,322,750,0
2025-02-25 09:40:00,79800.4,79800.4,79665.4,79672.4,225,750,0
2025-02-25 09:50:00,79668.4,79717.1,79661.2,79685.8,287,750,0
2025-02-25 10:00:00,79677.8,79776.1,79656.3,79718.3,471,750,0
2025-02-25 10:10:00,79718.7,79870.5,79693.4,79783.1,375,750,0
2025-02-25 10:20:00,79783.1,79783.1,79695.5,79777.1,256,750,0
2025-02-25 10:30:00,79777.1,79993.8,79777.1,79988.4,243,750,0
2025-02-25 10:40:00,79988.4,80097.8,79928.7,80032.5,191,750,0
2025-02-25 10:50:00,80032.5,80037.9,79910.6,79984.1,187,750,0
2025-02-25 11:00:00,79989.0,80186.4,79977.1,80156.5,172,750,0
2025-02-25 11:10:00,80156.5,80214.5,80093.2,80187.7,191,750,0
2025-02-25 11:20:00,80187.8,80220.9,80140.2,80166.2,185,750,0
2025-02-25 11:30:00,80169.2,80277.9,80082.5,80105.0,256,750,0
2025-02-25 11:40:00,80105.0,80176.6,80055.3,80070.3,233,750,0
2025-02-25 11:50:00,80069.3,80157.7,80056.4,80157.7,137,750,0
2025-02-25 12:00:00,80159.7,80167.6,80037.4,80136.2,120,750,0
2025-02-25 12:10:00,80137.2,80249.1,80137.2,80249.1,204,750,0
2025-02-25 12:20:00,80249.1,80256.4,80192.2,80242.8,181,750,0
2025-02-25 12:30:00,80242.8,80313.6,80173.4,80176.5,189,750,0
2025-02-25 12:40:00,80176.5,80264.0,80171.6,80237.9,185,750,0
2025-02-25 12:50:00,80239.9,80245.5,80171.0,80186.8,162,750,0
2025-02-25 13:00:00,80188.8,80277.6,80138.4,80277.6,205,750,0
2025-02-25 13:10:00,80267.2,80320.5,80246.8,80312.1,182,750,0
2025-02-25 13:20:00,80312.1,80322.5,80271.0,80289.9,175,750,0
2025-02-25 13:30:00,80288.4,80312.6,80171.8,80309.1,233,750,0
2025-02-25 13:40:00,80302.6,80338.1,80245.1,80327.5,150,750,0
2025-02-25 13:50:00,80327.5,80353.8,80303.4,80326.5,145,750,0
2025-02-25 14:00:00,80327.5,80363.7,80319.0,80352.0,172,750,0
2025-02-25 14:10:00,80352.0,80431.8,80338.4,80416.8,160,750,0
2025-02-25 14:20:00,80416.8,80418.8,80377.8,80383.4,170,750,0
2025-02-25 14:30:00,80383.4,80388.4,80308.2,80333.7,239,750,0
2025-02-25 14:40:00,80333.2,80333.2,80278.8,80291.8,146,750,0
2025-02-25 14:50:00,80292.8,80398.5,80287.9,80397.0,164,750,0
2025-02-25 15:00:00,80398.5,80427.1,80339.6,80361.5,150,750,0
2025-02-25 15:10:00,80361.0,80393.6,80343.4,80369.4,185,750,0
2025-02-25 15:20:00,80369.4,80388.2,80340.2,80382.9,138,750,0
2025-02-25 15:30:00,80380.9,80477.0,80380.9,80459.0,257,750,0
2025-02-25 15:40:00,80456.0,80491.6,80417.4,80486.1,179,750,0
2025-02-25 15:50:00,80488.0,80543.7,80485.0,80502.7,224,750,0
2025-02-25 16:00:00,80500.8,80521.8,80377.2,80388.1,232,750,0
2025-02-25 16:10:00,80388.1,80550.9,80344.7,80542.9,344,750,0
2025-02-25 16:20:00,80542.9,80591.8,80489.1,80562.9,348,750,0
2025-02-25 16:30:00,80562.4,80562.4,80350.5,80531.4,366,750,0
2025-02-25 16:40:00,80531.9,80542.6,80481.3,80522.5,321,750,0
2025-02-25 16:50:00,80522.5,80549.3,80356.6,80367.6,199,750,0
2025-02-25 17:00:00,80370.6,80386.5,80214.7,80240.5,239,750,0
2025-02-25 17:10:00,80240.5,80281.8,80125.4,80164.2,240,750,0
2025-02-25 17:20:00,80164.2,80164.2,80036.1,80036.1,196,750,0
2025-02-26 08:30:00,80693.7,80816.0,80609.2,80805.1,87,750,0
2025-02-26 08:40:00,80818.0,80863.8,80784.3,80796.3,76,750,0
2025-02-26 08:50:00,80796.3,80863.0,80785.4,80831.8,64,750,0
2025-02-26 09:00:00,80831.8,80895.5,80799.1,80894.6,191,750,0
2025-02-26 09:10:00,80904.0,80911.4,80760.2,80784.6,240,750,0
2025-02-26 09:20:00,80784.6,80831.7,80714.4,80808.9,186,750,0
2025-02-26 09:30:00,80808.9,80845.7,80733.9,80766.8,176,750,0
2025-02-26 09:40:00,80766.8,80858.7,80765.8,80858.7,180,750,0
2025-02-26 09:50:00,80858.7,80867.0,80687.9,80704.8,210,750,0
2025-02-26 10:00:00,80704.8,80803.3,80678.9,80798.5,217,750,0
2025-02-26 10:10:00,80799.5,80914.6,80756.0,80877.2,262,750,0
2025-02-26 10:20:00,80877.2,80900.9,80839.4,80853.3,230,750,0
2025-02-26 10:30:00,80855.8,80943.7,80841.9,80883.5,289,750,0
2025-02-26 10:40:00,80886.5,80978.6,80866.6,80978.6,238,750,0
2025-02-26 10:50:00,80978.6,81032.9,80964.2,80975.0,278,750,0
2025-02-26 11:00:00,80974.5,80982.5,80826.4,80847.3,349,750,0
2025-02-26 11:10:00,80847.3,80906.8,80825.5,80899.3,306,750,0
2025-02-26 11:20:00,80902.3,80903.8,80816.5,80848.4,247,750,0
2025-02-26 11:30:00,80848.4,80891.2,80816.9,80816.9,214,750,0
2025-02-26 11:40:00,80816.9,80839.4,80788.4,80823.3,165,750,0
2025-02-26 11:50:00,80821.3,80863.5,80782.6,80837.0,202,750,0
2025-02-26 12:00:00,80838.0,80865.1,80794.7,80812.6,230,750,0
2025-02-26 12:10:00,80815.6,80884.5,80782.3,80861.8,198,750,0
2025-02-26 12:20:00,80862.8,80921.1,80829.2,80894.0,134,750,0
2025-02-26 12:30:00,80893.0,80973.0,80861.0,80938.1,162,750,0
2025-02-26 12:40:00,80938.1,80965.2,80874.3,80878.9,138,750,0
2025-02-26 12:50:00,80878.9,80917.9,80832.5,80839.9,158,750,0
2025-02-26 13:00:00,80839.9,80866.3,80831.4,80845.3,142,750,0
2025-02-26 13:10:00,80846.3,80898.7,80831.4,80857.7,164,750,0
2025-02-26 13:20:00,80857.7,80857.7,80825.7,80848.0,134,750,0
2025-02-26 13:30:00,80848.0,80848.0,80790.1,80816.1,179,750,0
2025-02-26 13:40:00,80816.1,80818.1,80769.4,80816.4,117,750,0
2025-02-26 13:50:00,80816.5,80842.8,80790.5,80829.0,177,750,0
2025-02-26 14:00:00,80831.0,80858.0,80796.3,80842.1,198,750,0
2025-02-26 14:10:00,80842.1,80916.0,80812.0,80904.5,161,750,0
2025-02-26 14:20:00,80904.4,80942.8,80852.6,80869.7,143,750,0
2025-02-26 14:30:00,80870.1,80924.9,80848.4,80874.7,139,750,0
2025-02-26 14:40:00,80874.7,80879.3,80804.8,80875.1,176,750,0
2025-02-26 14:50:00,80875.1,80890.3,80830.3,80876.2,144,750,0
2025-02-26 15:00:00,80875.2,80897.0,80836.0,80838.0,193,750,0
2025-02-26 15:10:00,80837.9,80847.7,80771.9,80791.3,206,750,0
2025-02-26 15:20:00,80791.3,80864.8,80758.9,80864.8,170,750,0
2025-02-26 15:30:00,80864.8,80914.1,80814.8,80880.6,161,750,0
2025-02-26 15:40:00,80882.6,80890.9,80787.7,80814.1,189,750,0
2025-02-26 15:50:00,80814.1,80836.9,80717.9,80744.6,220,750,0
2025-02-26 16:00:00,80744.5,80781.1,80705.5,80706.0,180,750,0
2025-02-26 16:10:00,80706.0,80706.0,80615.3,80624.8,254,750,0
2025-02-26 16:20:00,80615.9,80687.9,80572.3,80600.8,195,750,0
2025-02-26 16:30:00,80603.3,80737.6,80602.1,80602.1,263,750,0
2025-02-26 16:40:00,80602.1,80799.3,80602.1,80777.4,247,750,0
2025-02-26 16:50:00,80777.4,80822.2,80777.4,80801.9,187,750,0
2025-02-26 17:00:00,80804.9,80938.8,80804.9,80938.8,178,750,0
2025-02-26 17:10:00,80938.8,80969.6,80899.6,80900.6,185,750,0
2025-02-26 17:20:00,80900.6,80960.3,80894.7,80914.7,146,750,0
2025-02-27 08:30:00,80719.7,80756.5,80693.8,80701.9,67,750,0
2025-02-27 08:40:00,80701.9,80703.9,80643.3,80643.4,50,750,0
2025-02-27 08:50:00,80643.4,80644.4,80563.8,80584.8,81,750,0
2025-02-27 09:00:00,80584.8,80702.2,80584.8,80639.7,157,750,0
2025-02-27 09:10:00,80640.7,80726.4,80620.8,80696.6,144,750,0
2025-02-27 09:20:00,80696.7,80715.9,80627.2,80644.0,135,750,0
2025-02-27 09:30:00,80644.0,80651.8,80507.3,80558.2,174,750,0
2025-02-27 09:40:00,80558.2,80571.2,80462.3,80515.1,143,750,0
2025-02-27 09:50:00,80515.1,80541.2,80436.5,80439.6,204,750,0
2025-02-27 10:00:00,80445.6,80509.0,80425.0,80442.6,302,750,0
2025-02-27 10:10:00,80442.6,80442.6,80318.0,80363.2,405,750,0
2025-02-27 10:20:00,80363.2,80442.4,80361.0,80410.2,260,750,0
2025-02-27 10:30:00,80410.2,80483.1,80409.1,80434.7,262,750,0
2025-02-27 10:40:00,80434.7,80449.1,80375.6,80407.9,206,750,0
2025-02-27 10:50:00,80407.9,80425.1,80354.4,80358.5,210,750,0
2025-02-27 11:00:00,80360.5,80421.5,80289.6,80401.6,179,750,0
2025-02-27 11:10:00,80403.6,80505.8,80402.6,80473.9,184,750,0
2025-02-27 11:20:00,80473.9,80527.8,80459.2,80509.4,251,750,0
2025-02-27 11:30:00,80509.9,80537.3,80392.5,80407.3,189,750,0
2025-02-27 11:40:00,80407.3,80443.8,80403.3,80430.0,142,750,0
2025-02-27 11:50:00,80430.0,80508.3,80429.9,80486.1,140,750,0
2025-02-27 12:00:00,80485.1,80494.4,80404.6,80462.8,140,750,0
2025-02-27 12:10:00,80463.3,80488.6,80411.0,80437.7,121,750,0
2025-02-27 12:20:00,80437.7,80440.6,80358.8,80373.6,84,750,0
2025-02-27 12:30:00,80373.6,80426.0,80373.6,80410.4,71,750,0
2025-02-27 12:40:00,80410.4,80446.8,80348.3,80380.3,125,750,0
2025-02-27 12:50:00,80381.3,80399.2,80329.7,80358.6,111,750,0
2025-02-27 13:00:00,80358.6,80511.6,80358.6,80433.3,129,750,0
2025-02-27 13:10:00,80438.7,80453.6,80356.3,80379.7,226,750,0
2025-02-27 13:20:00,80379.3,80381.6,80311.8,80314.0,204,750,0
2025-02-27 13:30:00,80314.0,80415.8,80314.0,80401.3,133,750,0
2025-02-27 13:40:00,80401.3,80404.7,80312.0,80323.3,109,750,0
2025-02-27 13:50:00,80321.3,80355.8,80274.6,80351.1,145,750,0
2025-02-27 14:00:00,80351.1,80375.8,80335.4,80362.7,159,750,0
2025-02-27 14:10:00,80362.7,80404.8,80333.3,80335.3,169,750,0
2025-02-27 14:20:00,80335.3,80342.1,80274.2,80322.9,167,750,0
2025-02-27 14:30:00,80322.4,80389.2,80322.4,80382.9,127,750,0
2025-02-27 14:40:00,80382.9,80423.5,80319.2,80323.1,262,750,0
2025-02-27 14:50:00,80323.1,80353.4,80278.8,80316.6,231,750,0
2025-02-27 15:00:00,80316.1,80374.7,80312.1,80344.7,235,750,0
2025-02-27 15:10:00,80344.7,80373.5,80309.4,80323.2,239,750,0
2025-02-27 15:20:00,80323.2,80441.9,80275.5,80396.3,204,750,0
2025-02-27 15:30:00,80398.2,80400.2,80271.8,80323.0,260,750,0
2025-02-27 15:40:00,80323.0,80342.7,80129.1,80154.1,260,750,0
2025-02-27 15:50:00,80154.1,80159.1,79847.9,80019.3,313,750,0
2025-02-27 16:00:00,80019.3,80120.3,79963.7,79976.6,234,750,0
2025-02-27 16:10:00,79972.1,80210.6,79962.2,80062.8,280,750,0
2025-02-27 16:20:00,80064.7,80240.5,80055.8,80071.1,214,750,0
2025-02-27 16:30:00,80072.1,80150.2,80058.0,80087.6,303,750,0
2025-02-27 16:40:00,80087.1,80087.1,79900.6,80013.9,263,750,0
2025-02-27 16:50:00,80013.9,80018.9,79810.1,79825.0,299,750,0
2025-02-27 17:00:00,79827.0,79906.7,79655.0,79841.1,247,750,0
2025-02-27 17:10:00,79841.1,80048.5,79841.1,79965.6,224,750,0
2025-02-27 17:20:00,79965.6,80147.6,79939.7,80119.9,164,750,0
2025-02-28 08:30:00,79307.6,79307.6,79034.0,79178.4,126,750,0
2025-02-28 08:40:00,79176.9,79221.3,79135.7,79219.4,74,750,0
2025-02-28 08:50:00,79219.4,79296.0,79199.5,79204.1,102,750,0
2025-02-28 09:00:00,79208.6,79227.5,79082.3,79100.3,182,750,0
2025-02-28 09:10:00,79101.3,79139.1,79059.0,79061.3,267,750,0
2025-02-28 09:20:00,79061.3,79130.1,79060.4,79077.3,187,750,0
2025-02-28 09:30:00,79077.3,79113.1,79003.2,79008.3,255,750,0
2025-02-28 09:40:00,79008.3,79008.3,78931.9,78941.0,201,750,0
2025-02-28 09:50:00,78942.0,79075.2,78942.0,79027.1,239,750,0
2025-02-28 10:00:00,79027.1,79236.4,79027.1,79235.9,338,750,0
2025-02-28 10:10:00,79235.9,79260.3,79149.6,79230.3,390,750,0
2025-02-28 10:20:00,79230.3,79366.4,79160.2,79323.2,380,750,0
2025-02-28 10:30:00,79323.2,79375.5,79238.8,79375.5,265,750,0
2025-02-28 10:40:00,79375.5,79380.4,79230.7,79281.8,183,750,0
2025-02-28 10:50:00,79281.9,79500.8,79281.9,79461.5,136,750,0
2025-02-28 11:00:00,79461.5,79544.8,79429.6,79544.8,213,750,0
2025-02-28 11:10:00,79544.3,79587.2,79489.6,79539.3,233,750,0
2025-02-28 11:20:00,79539.3,79545.5,79269.8,79290.6,211,750,0
2025-02-28 11:30:00,79290.6,79334.0,79185.4,79274.0,294,750,0
2025-02-28 11:40:00,79274.0,79274.0,79187.1,79250.6,283,750,0
2025-02-28 11:50:00,79250.6,79271.1,79205.9,79228.3,221,750,0
2025-02-28 12:00:00,79228.3,79274.2,79225.3,79233.9,288,750,0
2025-02-28 12:10:00,79232.9,79235.5,79152.8,79227.5,191,750,0
2025-02-28 12:20:00,79227.5,79254.4,79180.2,79234.6,258,750,0
2025-02-28 12:30:00,79234.6,79324.6,79234.6,79272.1,263,750,0
2025-02-28 12:40:00,79272.1,79297.4,79206.5,79233.5,232,750,0
2025-02-28 12:50:00,79233.4,79246.9,79185.8,79195.3,241,750,0
2025-02-28 13:00:00,79195.3,79246.8,79160.9,79184.5,201,750,0
2025-02-28 13:10:00,79188.4,79192.7,79081.2,79155.6,239,750,0
2025-02-28 13:20:00,79155.5,79224.6,79134.7,79195.6,178,750,0
2025-02-28 13:30:00,79195.6,79202.6,79109.8,79166.4,192,750,0
2025-02-28 13:40:00,79167.8,79198.0,79134.5,79169.0,231,750,0
2025-02-28 13:50:00,79169.0,79209.6,79147.9,79193.1,215,750,0
2025-02-28 14:00:00,79193.6,79226.3,79023.0,79055.6,284,750,0
2025-02-28 14:10:00,79055.6,79063.7,78985.8,79048.8,253,750,0
2025-02-28 14:20:00,79048.8,79083.1,78999.0,79033.7,217,750,0
2025-02-28 14:30:00,79033.2,79057.9,78986.4,78986.4,192,750,0
2025-02-28 14:40:00,78995.3,79020.5,78975.9,78983.3,243,750,0
2025-02-28 14:50:00,78983.3,79199.6,78983.3,79165.8,250,750,0
2025-02-28 15:00:00,79167.8,79273.4,79159.3,79176.1,251,750,0
2025-02-28 15:10:00,79176.1,79195.4,79046.4,79054.1,251,750,0
2025-02-28 15:20:00,79054.1,79087.0,79024.6,79082.0,193,750,0
2025-02-28 15:30:00,79082.0,79194.6,79048.2,79191.4,228,750,0
2025-02-28 15:40:00,79191.4,79199.3,79007.6,79107.1,254,750,0
2025-02-28 15:50:00,79109.1,79110.1,79031.1,79039.5,242,750,0
2025-02-28 16:00:00,79038.9,79133.6,78966.7,79133.1,284,750,0
2025-02-28 16:10:00,79133.1,79141.0,79054.3,79074.1,243,750,0
2025-02-28 16:20:00,79073.6,79073.6,78965.6,78974.6,247,750,0
2025-02-28 16:30:00,78972.6,78974.6,78861.5,78973.5,380,750,0
2025-02-28 16:40:00,78973.5,78987.4,78852.8,78867.1,414,750,0
2025-02-28 16:50:00,78868.1,78911.8,78698.1,78717.5,329,750,0
2025-02-28 17:00:00,78707.1,78879.3,78689.2,78875.8,266,750,0
2025-02-28 17:10:00,78877.8,78968.4,78855.5,78893.4,261,750,0
2025-02-28 17:20:00,78893.4,79184.9,78893.4,79098.9,138,750,0
2025-03-03 08:30:00,79708.1,79725.5,79513.1,79513.1,70,750,0
2025-03-03 08:40:00,79513.1,79593.9,79476.3,79593.9,72,1740,0
2025-03-03 08:50:00,79594.9,79617.9,79550.1,79617.9,84,750,0
2025-03-03 09:00:00,79618.9,79618.9,79211.0,79285.7,242,750,0
2025-03-03 09:10:00,79285.7,79373.7,79222.0,79251.3,180,750,0
2025-03-03 09:20:00,79235.4,79265.7,79215.2,79219.0,240,750,0
2025-03-03 09:30:00,79219.0,79354.5,79172.8,79353.9,169,750,0
2025-03-03 09:40:00,79353.9,79395.6,79303.9,79313.5,139,750,0
2025-03-03 09:50:00,79313.5,79341.1,79250.8,79327.6,173,750,0
2025-03-03 10:00:00,79337.6,79366.4,79188.1,79239.1,269,750,0
2025-03-03 10:10:00,79239.1,79511.0,79226.2,79485.9,277,750,0
2025-03-03 10:20:00,79485.9,79528.1,79259.0,79270.7,258,750,0
2025-03-03 10:30:00,79270.7,79280.6,79112.2,79274.2,354,750,0
2025-03-03 10:40:00,79274.2,79389.0,79225.6,79388.9,184,750,0
2025-03-03 10:50:00,79388.9,79453.9,79370.6,79419.7,152,750,0
2025-03-03 11:00:00,79419.7,79419.7,79341.8,79355.2,187,750,0
2025-03-03 11:10:00,79355.2,79564.2,79355.2,79536.0,254,750,0
2025-03-03 11:20:00,79557.4,79577.6,79503.5,79527.6,185,750,0
2025-03-03 11:30:00,79527.7,79619.4,79468.1,79607.5,107,750,0
2025-03-03 11:40:00,79607.4,79671.2,79586.5,79629.2,140,750,0
2025-03-03 11:50:00,79630.2,79701.7,79607.3,79689.7,153,750,0
2025-03-03 12:00:00,79690.7,79720.0,79682.4,79694.7,184,750,0
2025-03-03 12:10:00,79694.7,79710.2,79655.9,79671.6,197,750,0
2025-03-03 12:20:00,79671.6,79734.6,79671.6,79708.4,195,750,0
2025-03-03 12:30:00,79712.4,79863.7,79709.4,79797.0,293,750,0
2025-03-03 12:40:00,79797.0,79839.0,79716.8,79804.3,136,750,0
2025-03-03 12:50:00,79804.3,79853.4,79804.3,79851.2,126,750,0
2025-03-03 13:00:00,79851.2,79947.6,79816.5,79924.8,166,750,0
2025-03-03 13:10:00,79924.8,80006.2,79924.8,79960.1,187,750,0
2025-03-03 13:20:00,79960.1,80045.9,79925.7,80043.9,367,750,0
2025-03-03 13:30:00,80043.9,80074.3,79905.5,79960.0,214,750,0
2025-03-03 13:40:00,79960.0,79997.1,79911.3,79967.9,181,750,0
2025-03-03 13:50:00,79967.9,80043.6,79962.3,80043.6,121,750,0
2025-03-03 14:00:00,80043.6,80129.8,79992.2,80022.4,217,750,0
2025-03-03 14:10:00,80022.4,80208.5,79997.5,80150.2,286,750,0
2025-03-03 14:20:00,80151.2,80267.2,80151.2,80252.8,227,750,0
2025-03-03 14:30:00,80252.8,80267.0,80190.9,80209.4,221,750,0
2025-03-03 14:40:00,80209.4,80276.7,80173.1,80200.6,146,750,0
2025-03-03 14:50:00,80201.1,80288.3,80194.2,80240.0,191,750,0
2025-03-03 15:00:00,80240.0,80245.0,80136.0,80155.8,146,750,0
2025-03-03 15:10:00,80155.8,80177.0,80093.6,80112.5,160,750,0
2025-03-03 15:20:00,80113.5,80204.9,80094.3,80190.8,187,750,0
2025-03-03 15:30:00,80190.8,80229.8,80141.4,80178.3,279,750,0
2025-03-03 15:40:00,80177.8,80185.6,80092.2,80140.6,210,750,0
2025-03-03 15:50:00,80144.1,80250.8,80142.0,80247.2,127,750,0
2025-03-03 16:00:00,80247.2,80343.3,80246.0,80333.3,171,750,0
2025-03-03 16:10:00,80332.8,80457.2,80303.5,80457.2,243,750,0
2025-03-03 16:20:00,80457.2,80476.1,80282.3,80289.3,257,750,0
2025-03-03 16:30:00,80291.2,80434.3,80291.0,80368.4,290,750,0
2025-03-03 16:40:00,80368.4,80425.7,80265.3,80291.7,344,750,0
2025-03-03 16:50:00,80291.7,80303.6,80156.6,80156.6,241,750,0
2025-03-03 17:00:00,80178.9,80270.6,80042.2,80205.5,344,750,0
2025-03-03 17:10:00,80203.5,80216.9,80045.4,80068.3,174,750,0
2025-03-03 17:20:00,80068.3,80295.4,80068.3,80275.5,96,750,0
2025-03-04 08:30:00,79709.8,79854.2,79709.8,79846.3,104,750,0
2025-03-04 08:40:00,79846.3,79881.7,79787.6,79791.7,54,750,0
2025-03-04 08:50:00,79791.8,79841.5,79760.1,79763.0,62,750,0
2025-03-04 09:00:00,79763.1,79785.4,79599.0,79602.0,386,750,0
2025-03-04 09:10:00,79618.9,79641.5,79562.1,79578.6,340,750,0
2025-03-04 09:20:00,79578.6,79641.2,79551.3,79634.4,384,750,0
2025-03-04 09:30:00,79634.4,79832.1,79570.6,79789.1,315,750,0
2025-03-04 09:40:00,79791.1,79841.0,79754.6,79807.6,244,750,0
2025-03-04 09:50:00,79808.6,79855.0,79721.7,79771.5,261,750,0
2025-03-04 10:00:00,79761.5,79814.4,79527.0,79593.6,470,750,0
2025-03-04 10:10:00,79603.6,79673.5,79461.1,79500.8,491,750,0
2025-03-04 10:20:00,79496.8,79725.6,79496.8,79692.7,445,750,0
2025-03-04 10:30:00,79693.7,79814.4,79667.5,79767.2,340,750,0
2025-03-04 10:40:00,79768.2,79805.5,79633.2,79637.2,368,750,0
2025-03-04 10:50:00,79637.2,79696.4,79540.1,79664.3,312,750,0
2025-03-04 11:00:00,79666.3,79812.3,79583.1,79757.5,294,750,0
2025-03-04 11:10:00,79757.5,79911.7,79727.8,79789.8,289,750,0
2025-03-04 11:20:00,79789.8,79832.7,79745.2,79807.3,316,750,0
2025-03-04 11:30:00,79806.3,79858.8,79752.3,79775.1,304,750,0
2025-03-04 11:40:00,79775.1,79871.7,79709.6,79867.3,227,750,0
2025-03-04 11:50:00,79867.3,79867.3,79772.1,79787.2,233,750,0
2025-03-04 12:00:00,79783.2,79783.2,79669.1,79724.4,300,750,0
2025-03-04 12:10:00,79724.4,79805.4,79691.5,79796.6,316,750,0
2025-03-04 12:20:00,79796.1,79832.4,79749.8,79762.7,417,750,0
2025-03-04 12:30:00,79762.7,79794.0,79689.6,79717.0,266,750,0
2025-03-04 12:40:00,79717.0,79784.6,79699.6,79725.3,190,750,0
2025-03-04 12:50:00,79727.3,79774.7,79695.0,79703.0,166,750,0
2025-03-04 13:00:00,79703.0,79704.0,79613.2,79676.9,136,750,0
2025-03-04 13:10:00,79676.9,79732.2,79610.2,79611.2,138,750,0
2025-03-04 13:20:00,79611.2,79721.1,79610.1,79720.9,141,750,0
2025-03-04 13:30:00,79720.9,79737.2,79658.9,79707.5,170,750,0
2025-03-04 13:40:00,79707.5,79835.2,79707.5,79782.5,234,750,0
2025-03-04 13:50:00,79779.5,79851.6,79779.5,79835.1,153,750,0
2025-03-04 14:00:00,79836.7,79842.6,79713.0,79719.1,208,750,0
2025-03-04 14:10:00,79719.1,79772.9,79709.2,79757.7,173,750,0
2025-03-04 14:20:00,79757.7,79802.4,79719.8,79747.4,219,750,0
2025-03-04 14:30:00,79733.5,79749.9,79633.2,79646.5,257,750,0
2025-03-04 14:40:00,79646.5,79677.4,79612.6,79615.6,181,750,0
2025-03-04 14:50:00,79615.6,79644.6,79533.5,79586.5,293,750,0
2025-03-04 15:00:00,79591.0,79601.5,79537.7,79578.4,269,750,0
2025-03-04 15:10:00,79577.9,79577.9,79452.3,79475.4,266,750,0
2025-03-04 15:20:00,79475.4,79558.4,79457.9,79536.5,291,750,0
2025-03-04 15:30:00,79535.5,79658.4,79534.9,79565.8,437,750,0
2025-03-04 15:40:00,79566.8,79576.7,79467.3,79478.8,329,750,0
2025-03-04 15:50:00,79480.8,79520.7,79445.2,79515.1,399,750,0
2025-03-04 16:00:00,79503.7,79652.1,79484.3,79588.8,449,750,0
2025-03-04 16:10:00,79591.3,79693.5,79570.4,79644.4,365,750,0
2025-03-04 16:20:00,79634.5,79658.2,79574.2,79596.8,384,750,0
2025-03-04 16:30:00,79594.8,79669.1,79454.5,79543.2,501,750,0
2025-03-04 16:40:00,79543.2,79543.2,79373.1,79424.8,383,750,0
2025-03-04 16:50:00,79426.8,79554.4,79387.0,79497.7,314,750,0
2025-03-04 17:00:00,79499.7,79523.6,79391.3,79407.2,346,750,0
2025-03-04 17:10:00,79407.2,79448.6,79146.5,79157.5,285,750,0
2025-03-04 17:20:00,79157.5,79293.0,79109.3,79195.5,279,750,0
2025-03-05 08:30:00,79529.3,80006.4,79529.3,79926.8,138,750,0
2025-03-05 08:40:00,79926.8,79967.2,79912.9,79952.8,52,750,0
2025-03-05 08:50:00,79962.8,80052.5,79866.3,79980.8,101,750,0
2025-03-05 09:00:00,79980.8,80222.0,79980.8,80197.6,265,750,0
2025-03-05 09:10:00,80200.5,80267.3,80096.8,80165.3,362,750,0
2025-03-05 09:20:00,80166.3,80348.0,80143.6,80318.2,257,750,0
2025-03-05 09:30:00,80318.2,80341.9,80247.3,80331.4,247,750,0
2025-03-05 09:40:00,80331.4,80394.7,80296.7,80359.3,231,750,0
2025-03-05 09:50:00,80359.3,80398.5,80296.1,80326.2,196,750,0
2025-03-05 10:00:00,80327.2,80481.2,80298.9,80452.2,488,750,0
2025-03-05 10:10:00,80453.2,80545.1,80436.5,80476.8,403,750,0
2025-03-05 10:20:00,80476.8,80506.1,80387.2,80417.3,298,750,0
2025-03-05 10:30:00,80417.3,80431.3,80331.1,80334.6,180,750,0
2025-03-05 10:40:00,80334.6,80400.4,80306.8,80328.7,185,750,0
2025-03-05 10:50:00,80328.7,80337.7,80237.5,80286.6,255,750,0
2025-03-05 11:00:00,80286.6,80422.3,80256.0,80407.2,293,750,0
2025-03-05 11:10:00,80407.2,80474.1,80380.3,80444.6,231,750,0
2025-03-05 11:20:00,80445.6,80577.5,80436.5,80540.7,198,750,0
2025-03-05 11:30:00,80541.7,80577.7,80505.8,80563.5,213,750,0
2025-03-05 11:40:00,80563.5,80656.4,80557.4,80652.4,215,750,0
2025-03-05 11:50:00,80652.4,80753.3,80652.4,80706.9,185,750,0
2025-03-05 12:00:00,80707.9,80760.6,80654.1,80729.0,214,750,0
2025-03-05 12:10:00,80729.0,80731.0,80659.6,80663.6,254,750,0
2025-03-05 12:20:00,80664.6,80680.8,80590.6,80624.7,198,750,0
2025-03-05 12:30:00,80624.7,80673.1,80609.5,80645.5,153,750,0
2025-03-05 12:40:00,80645.5,80701.4,80589.2,80599.1,166,750,0
2025-03-05 12:50:00,80600.1,80650.7,80561.1,80586.9,266,750,0
2025-03-05 13:00:00,80586.9,80643.5,80577.8,80596.6,171,750,0
2025-03-05 13:10:00,80596.6,80632.5,80526.2,80535.2,200,750,0
2025-03-05 13:20:00,80527.2,80541.9,80469.8,80518.5,208,750,0
2025-03-05 13:30:00,80519.5,80530.5,80435.0,80463.6,190,750,0
2025-03-05 13:40:00,80463.6,80586.6,80437.3,80583.0,151,750,0
2025-03-05 13:50:00,80583.0,80594.9,80457.5,80487.2,265,750,0
2025-03-05 14:00:00,80496.6,80599.4,80475.3,80578.3,177,750,0
2025-03-05 14:10:00,80578.3,80626.3,80515.7,80549.6,206,750,0
2025-03-05 14:20:00,80546.6,80611.8,80493.8,80610.8,204,750,0
2025-03-05 14:30:00,80611.8,80635.9,80557.2,80601.6,202,750,0
2025-03-05 14:40:00,80601.6,80601.7,80443.7,80444.5,155,750,0
2025-03-05 14:50:00,80444.5,80471.4,80371.4,80414.3,155,750,0
2025-03-05 15:00:00,80414.3,80453.8,80367.4,80437.0,319,750,0
2025-03-05 15:10:00,80437.0,80465.2,80318.6,80325.5,246,750,0
2025-03-05 15:20:00,80319.5,80338.9,80264.9,80264.9,216,750,0
2025-03-05 15:30:00,80264.9,80330.8,80264.9,80312.6,148,750,0
2025-03-05 15:40:00,80314.6,80389.8,80280.4,80343.6,267,750,0
2025-03-05 15:50:00,80343.6,80345.6,80266.3,80295.4,207,750,0
2025-03-05 16:00:00,80295.4,80297.3,80181.0,80199.1,275,750,0
2025-03-05 16:10:00,80199.1,80284.8,80183.2,80223.2,209,750,0
2025-03-05 16:20:00,80222.2,80255.5,80202.1,80239.7,212,750,0
2025-03-05 16:30:00,80239.7,80341.5,80183.6,80333.0,420,750,0
2025-03-05 16:40:00,80333.0,80448.4,80333.0,80341.8,342,750,0
2025-03-05 16:50:00,80341.8,80354.3,80193.5,80266.2,203,750,0
2025-03-05 17:00:00,80269.7,80608.0,80266.2,80414.8,346,750,0
2025-03-05 17:10:00,80414.8,80520.5,80364.0,80453.8,210,750,0
2025-03-05 17:20:00,80453.8,80608.3,80442.9,80522.7,226,750,0
2025-03-06 08:30:00,81038.8,81278.0,81038.8,81219.2,220,750,0
2025-03-06 08:40:00,81219.2,81219.2,81138.7,81138.7,51,1340,0
2025-03-06 08:50:00,81138.7,81155.8,81129.9,81130.9,37,750,0
2025-03-06 09:00:00,81130.9,81403.5,81130.9,81403.5,339,750,0
2025-03-06 09:10:00,81403.5,81453.3,81284.1,81348.8,246,750,0
2025-03-06 09:20:00,81348.8,81471.3,81298.0,81471.3,220,750,0
2025-03-06 09:30:00,81471.3,81557.9,81444.7,81554.8,302,750,0
2025-03-06 09:40:00,81554.8,81572.3,81441.0,81481.8,245,750,0
2025-03-06 09:50:00,81481.8,81494.2,81380.6,81392.0,196,750,0
2025-03-06 10:00:00,81392.0,81552.8,81271.4,81542.9,433,750,0
2025-03-06 10:10:00,81541.9,81588.1,81384.8,81492.9,434,750,0
2025-03-06 10:20:00,81494.9,81511.9,81360.2,81430.4,346,750,0
2025-03-06 10:30:00,81440.4,81535.0,81373.7,81522.6,346,750,0
2025-03-06 10:40:00,81522.6,81556.4,81463.5,81536.9,334,750,0
2025-03-06 10:50:00,81536.9,81590.0,81329.5,81351.3,358,750,0
2025-03-06 11:00:00,81348.3,81457.4,81262.6,81347.2,318,750,0
2025-03-06 11:10:00,81349.2,81421.7,81221.7,81226.8,242,750,0
2025-03-06 11:20:00,81228.7,81303.4,81202.3,81205.1,361,750,0
2025-03-06 11:30:00,81204.7,81209.3,81131.9,81182.4,354,750,0
2025-03-06 11:40:00,81183.9,81355.9,81156.6,81237.7,266,750,0
2025-03-06 11:50:00,81237.7,81237.7,81094.5,81113.2,184,750,0
2025-03-06 12:00:00,81112.2,81254.6,81077.1,81200.8,313,750,0
2025-03-06 12:10:00,81200.8,81200.8,81058.7,81136.4,344,750,0
2025-03-06 12:20:00,81136.9,81210.5,81087.2,81208.8,381,750,0
2025-03-06 12:30:00,81209.3,81241.4,81160.4,81169.7,266,750,0
2025-03-06 12:40:00,81168.2,81181.3,81015.3,81020.4,277,750,0
2025-03-06 12:50:00,81020.4,81093.4,80998.6,80998.6,404,750,0
2025-03-06 13:00:00,80999.1,81081.9,80877.2,81044.1,397,750,0
2025-03-06 13:10:00,81052.6,81084.2,80899.5,81081.2,246,750,0
2025-03-06 13:20:00,81081.2,81133.7,81037.6,81099.4,284,750,0
2025-03-06 13:30:00,81099.4,81168.6,81084.6,81132.2,227,750,0
2025-03-06 13:40:00,81133.2,81232.4,81124.2,81223.5,178,750,0
2025-03-06 13:50:00,81223.5,81340.8,81183.5,81298.7,265,750,0
2025-03-06 14:00:00,81297.7,81331.5,81267.9,81303.2,190,750,0
2025-03-06 14:10:00,81303.2,81329.9,81240.4,81255.4,248,750,0
2025-03-06 14:20:00,81255.4,81378.5,81234.6,81378.5,190,750,0
2025-03-06 14:30:00,81378.5,81387.9,81032.4,81317.7,172,750,0
2025-03-06 14:40:00,81317.7,81354.7,81250.6,81325.6,161,750,0
2025-03-06 14:50:00,81325.6,81325.6,81233.4,81265.7,199,750,0
2025-03-06 15:00:00,81248.7,81312.5,81166.6,81218.5,198,750,0
2025-03-06 15:10:00,81218.5,81269.7,81135.4,81226.9,260,750,0
2025-03-06 15:20:00,81226.9,81251.2,81172.9,81172.9,240,750,0
2025-03-06 15:30:00,81173.4,81322.4,81149.0,81282.4,226,750,0
2025-03-06 15:40:00,81285.4,81322.6,81244.8,81321.3,255,750,0
2025-03-06 15:50:00,81310.8,81319.3,81226.9,81252.6,267,750,0
2025-03-06 16:00:00,81252.6,81297.6,81217.5,81249.8,152,750,0
2025-03-06 16:10:00,81249.8,81250.8,81039.3,81041.4,219,750,0
2025-03-06 16:20:00,81041.4,81079.0,80998.5,80998.5,198,750,0
2025-03-06 16:30:00,80998.5,81069.0,80903.2,80908.2,423,750,0
2025-03-06 16:40:00,80907.7,80953.8,80848.7,80889.9,433,750,0
2025-03-06 16:50:00,80888.9,80970.7,80864.1,80939.9,255,750,0
2025-03-06 17:00:00,80938.9,81243.0,80917.0,81214.1,188,750,0
2025-03-06 17:10:00,81216.1,81273.9,81163.3,81209.2,117,750,0
2025-03-06 17:20:00,81211.2,81284.5,81179.4,81190.4,112,750,0
2025-03-07 08:30:00,80656.6,80734.3,80649.6,80694.6,97,750,0
2025-03-07 08:40:00,80696.5,80737.0,80659.7,80713.6,62,750,0
2025-03-07 08:50:00,80714.6,80718.6,80665.8,80697.8,53,750,0
2025-03-07 09:00:00,80697.8,80755.6,80659.9,80688.0,169,750,0
2025-03-07 09:10:00,80688.0,80748.6,80683.0,80685.4,167,750,0
2025-03-07 09:20:00,80685.4,80820.6,80685.4,80747.6,232,750,0
2025-03-07 09:30:00,80747.6,80762.6,80683.2,80724.3,181,750,0
2025-03-07 09:40:00,80725.3,80755.1,80703.4,80743.2,223,750,0
2025-03-07 09:50:00,80743.2,80757.4,80628.6,80652.9,313,750,0
2025-03-07 10:00:00,80652.9,80675.7,80568.5,80570.0,407,750,0
2025-03-07 10:10:00,80570.0,80570.9,80442.7,80442.7,347,750,0
2025-03-07 10:20:00,80442.7,80447.3,80346.7,80348.6,319,750,0
2025-03-07 10:30:00,80348.6,80436.3,80333.2,80354.1,263,750,0
2025-03-07 10:40:00,80339.7,80510.8,80315.0,80485.4,226,750,0
2025-03-07 10:50:00,80485.4,80490.4,80343.4,80361.0,169,750,0
2025-03-07 11:00:00,80356.0,80552.1,80315.8,80552.1,293,750,0
2025-03-07 11:10:00,80550.2,80752.3,80532.5,80751.3,229,750,0
2025-03-07 11:20:00,80751.3,80755.3,80592.5,80610.6,178,750,0
2025-03-07 11:30:00,80610.6,80669.9,80593.2,80598.0,184,750,0
2025-03-07 11:40:00,80598.0,80650.2,80592.6,80650.2,179,750,0
2025-03-07 11:50:00,80650.2,80682.9,80628.5,80648.0,156,750,0
2025-03-07 12:00:00,80654.5,80765.0,80641.3,80674.3,157,750,0
2025-03-07 12:10:00,80674.3,80723.3,80674.2,80717.7,94,750,0
2025-03-07 12:20:00,80717.7,80725.7,80640.0,80650.9,146,750,0
2025-03-07 12:30:00,80650.9,80700.6,80639.5,80688.7,92,750,0
2025-03-07 12:40:00,80688.7,80752.2,80684.9,80713.3,181,750,0
2025-03-07 12:50:00,80714.8,80810.3,80703.2,80810.3,171,750,0
2025-03-07 13:00:00,80810.3,80841.5,80751.7,80826.6,188,750,0
2025-03-07 13:10:00,80826.6,80871.7,80807.7,80828.5,173,750,0
2025-03-07 13:20:00,80828.5,80852.8,80805.0,80807.1,205,750,0
2025-03-07 13:30:00,80810.1,80866.7,80769.4,80822.8,168,750,0
2025-03-07 13:40:00,80822.8,80844.1,80762.8,80762.8,183,750,0
2025-03-07 13:50:00,80763.8,80819.6,80762.7,80798.6,159,750,0
2025-03-07 14:00:00,80798.6,80840.7,80766.0,80830.9,173,750,0
2025-03-07 14:10:00,80830.9,80844.1,80765.6,80767.6,113,750,0
2025-03-07 14:20:00,80767.6,80800.5,80720.0,80722.0,115,750,0
2025-03-07 14:30:00,80722.0,80822.5,80722.0,80800.8,170,750,0
2025-03-07 14:40:00,80800.8,80800.8,80709.2,80784.4,222,750,0
2025-03-07 14:50:00,80784.4,80793.7,80730.0,80772.9,244,750,0
2025-03-07 15:00:00,80772.9,80815.8,80748.0,80804.4,284,750,0
2025-03-07 15:10:00,80804.4,80813.4,80749.7,80794.3,252,750,0
2025-03-07 15:20:00,80793.3,80799.2,80750.5,80760.0,275,750,0
2025-03-07 15:30:00,80760.0,80899.2,80731.7,80852.1,365,750,0
2025-03-07 15:40:00,80853.1,80956.8,80832.1,80909.8,385,750,0
2025-03-07 15:50:00,80909.8,80939.1,80755.3,80772.2,309,750,0
2025-03-07 16:00:00,80776.2,80899.2,80730.3,80797.8,313,750,0
2025-03-07 16:10:00,80796.8,80821.9,80596.9,80681.5,377,750,0
2025-03-07 16:20:00,80681.5,80737.9,80639.7,80709.3,370,750,0
2025-03-07 16:30:00,80720.8,80974.0,80699.3,80972.0,375,750,0
2025-03-07 16:40:00,80972.0,81247.1,80972.0,81173.6,323,750,0
2025-03-07 16:50:00,81173.6,81202.5,81095.0,81147.8,200,750,0
2025-03-07 17:00:00,81145.8,81293.5,81101.0,81241.7,215,750,0
2025-03-07 17:10:00,81241.7,81246.1,81001.6,81005.6,186,750,0
2025-03-07 17:20:00,81005.6,81116.4,80991.1,81065.5,80,750,0
2025-03-10 09:30:00,80919.7,81002.5,80825.0,80875.5,133,750,0
2025-03-10 09:40:00,80875.5,80924.9,80870.0,80919.0,79,750,0
2025-03-10 09:50:00,80919.0,80943.0,80851.3,80871.3,76,1450,0
2025-03-10 10:00:00,80871.3,80896.3,80807.5,80887.4,124,750,0
2025-03-10 10:10:00,80889.4,81015.8,80874.5,80979.7,193,750,0
2025-03-10 10:20:00,80981.7,81005.6,80870.5,80950.7,163,750,0
2025-03-10 10:30:00,80950.7,80992.3,80902.6,80930.5,87,750,0
2025-03-10 10:40:00,80930.4,80936.8,80821.0,80821.0,114,750,0
2025-03-10 10:50:00,80821.0,80859.0,80782.4,80799.9,150,750,0
2025-03-10 11:00:00,80798.0,80961.4,80791.9,80924.2,382,750,0
2025-03-10 11:10:00,80922.7,80922.7,80578.0,80591.6,481,750,0
2025-03-10 11:20:00,80593.1,80716.9,80589.6,80654.4,274,750,0
2025-03-10 11:30:00,80654.4,80714.3,80633.4,80675.7,225,750,0
2025-03-10 11:40:00,80675.7,80724.5,80571.9,80600.4,198,750,0
2025-03-10 11:50:00,80600.4,80640.9,80391.3,80407.2,257,750,0
2025-03-10 12:00:00,80407.2,80565.6,80391.3,80429.1,286,750,0
2025-03-10 12:10:00,80426.6,80502.3,80371.2,80476.3,254,750,0
2025-03-10 12:20:00,80476.3,80602.0,80464.2,80492.3,208,750,0
2025-03-10 12:30:00,80492.3,80600.9,80492.3,80564.0,138,750,0
2025-03-10 12:40:00,80564.0,80615.9,80544.3,80579.3,170,750,0
2025-03-10 12:50:00,80579.3,80644.4,80493.5,80499.5,158,750,0
2025-03-10 13:00:00,80501.5,80590.1,80501.4,80584.1,143,750,0
2025-03-10 13:10:00,80577.1,80627.7,80561.3,80594.0,165,750,0
2025-03-10 13:20:00,80594.0,80617.7,80470.8,80472.8,136,750,0
2025-03-10 13:30:00,80474.3,80501.7,80410.1,80412.5,155,750,0
2025-03-10 13:40:00,80412.0,80412.0,80296.9,80300.9,220,750,0
2025-03-10 13:50:00,80300.9,80454.6,80300.9,80418.6,137,750,0
2025-03-10 14:00:00,80418.6,80562.1,80406.1,80414.2,230,750,0
2025-03-10 14:10:00,80414.2,80599.6,80414.2,80550.6,180,750,0
2025-03-10 14:20:00,80550.6,80633.2,80550.6,80585.6,197,750,0
2025-03-10 14:30:00,80585.6,80585.6,80520.4,80550.7,231,750,0
2025-03-10 14:40:00,80550.7,80589.6,80493.1,80556.6,228,750,0
2025-03-10 14:50:00,80556.6,80580.8,80492.3,80525.1,140,750,0
2025-03-10 15:00:00,80525.1,80557.3,80497.8,80501.4,195,750,0
2025-03-10 15:10:00,80501.4,80508.8,80420.5,80457.0,177,750,0
2025-03-10 15:20:00,80457.0,80486.8,80362.0,80362.1,173,750,0
2025-03-10 15:30:00,80362.1,80406.3,80353.3,80396.4,135,750,0
2025-03-10 15:40:00,80396.4,80435.4,80359.0,80368.2,129,750,0
2025-03-10 15:50:00,80368.2,80410.3,80367.3,80382.4,167,750,0
2025-03-10 16:00:00,80382.4,80426.4,80349.6,80381.3,191,750,0
2025-03-10 16:10:00,80380.3,80437.9,80374.7,80428.4,185,750,0
2025-03-10 16:20:00,80418.4,80445.8,80388.8,80424.3,191,750,0
2025-03-10 16:30:00,80424.3,80565.7,80399.5,80528.8,387,750,0
2025-03-10 16:40:00,80528.8,80584.5,80448.9,80451.2,327,750,0
2025-03-10 16:50:00,80450.6,80455.6,80289.7,80397.0,294,750,0
2025-03-10 17:00:00,80397.0,80397.0,80154.7,80259.8,277,750,0
2025-03-10 17:10:00,80259.8,80374.2,80241.9,80258.7,313,750,0
2025-03-10 17:20:00,80258.7,80314.0,80126.2,80126.2,330,750,0
2025-03-10 17:30:00,80126.2,80240.2,80026.3,80085.5,472,750,0
2025-03-10 17:40:00,80085.5,80096.7,79917.1,80010.9,379,750,0
2025-03-10 17:50:00,80010.9,80082.7,79948.3,79980.7,244,750,0
2025-03-10 18:00:00,79984.2,80088.4,79984.2,80034.2,222,750,0
2025-03-10 18:10:00,80034.2,80078.7,80020.5,80022.5,163,750,0
2025-03-10 18:20:00,80022.5,80136.3,80020.5,80136.3,146,750,0
2025-03-11 09:30:00,79878.3,79938.1,79865.4,79873.5,78,750,0
2025-03-11 09:40:00,79873.5,80009.2,79873.5,79961.4,56,750,0
2025-03-11 09:50:00,79961.4,80078.2,79961.4,80062.3,76,750,0
2025-03-11 10:00:00,80062.3,80098.2,79888.9,80005.7,336,750,0
2025-03-11 10:10:00,80005.7,80069.5,79907.6,79930.4,395,750,0
2025-03-11 10:20:00,79930.4,80056.4,79904.8,79957.9,353,750,0
2025-03-11 10:30:00,79957.9,79982.6,79873.6,79946.2,277,750,0
2025-03-11 10:40:00,79946.2,80053.9,79901.5,79962.8,288,750,0
2025-03-11 10:50:00,79962.8,80027.7,79913.2,79985.0,228,750,0
2025-03-11 11:00:00,79986.0,80132.9,79957.1,79988.9,397,750,0
2025-03-11 11:10:00,79989.9,80396.7,79985.9,80185.2,389,750,0
2025-03-11 11:20:00,80185.2,80341.9,80144.5,80325.0,336,750,0
2025-03-11 11:30:00,80325.0,80325.0,80184.5,80266.1,419,750,0
2025-03-11 11:40:00,80267.6,80280.0,80111.1,80142.0,322,750,0
2025-03-11 11:50:00,80142.0,80165.8,80103.2,80165.8,275,750,0
2025-03-11 12:00:00,80165.8,80312.9,80165.8,80239.2,374,750,0
2025-03-11 12:10:00,80240.2,80366.1,80223.8,80356.1,287,750,0
2025-03-11 12:20:00,80358.1,80374.2,80277.0,80336.0,313,750,0
2025-03-11 12:30:00,80333.5,80397.7,80276.6,80313.8,256,750,0
2025-03-11 12:40:00,80313.8,80386.5,80274.5,80358.2,269,750,0
2025-03-11 12:50:00,80360.2,80398.9,80312.5,80320.5,283,750,0
2025-03-11 13:00:00,80321.5,80325.4,80257.1,80258.6,290,750,0
2025-03-11 13:10:00,80258.1,80287.0,80226.5,80243.0,360,750,0
2025-03-11 13:20:00,80244.0,80285.7,80240.4,80245.3,383,750,0
2025-03-11 13:30:00,80244.3,80274.4,80200.6,80226.6,282,750,0
2025-03-11 13:40:00,80225.2,80256.5,80195.0,80242.7,293,750,0
2025-03-11 13:50:00,80240.7,80241.8,80162.3,80176.5,301,750,0
2025-03-11 14:00:00,80175.5,80179.5,80032.1,80061.0,393,750,0
2025-03-11 14:10:00,80062.5,80086.0,80017.5,80025.4,330,750,0
2025-03-11 14:20:00,80025.4,80027.4,79957.5,80015.5,312,750,0
2025-03-11 14:30:00,79989.6,80011.1,79932.9,79938.2,261,750,0
2025-03-11 14:40:00,79938.2,79961.9,79929.3,79937.0,211,750,0
2025-03-11 14:50:00,79938.5,79939.0,79862.2,79882.9,202,750,0
2025-03-11 15:00:00,79882.9,79944.6,79813.2,79813.2,277,750,0
2025-03-11 15:10:00,79813.2,79882.8,79787.1,79864.7,238,750,0
2025-03-11 15:20:00,79864.7,79894.6,79792.4,79805.5,267,750,0
2025-03-11 15:30:00,79805.5,79831.5,79722.6,79739.6,277,750,0
2025-03-11 15:40:00,79741.6,79797.2,79695.0,79730.5,280,750,0
2025-03-11 15:50:00,79730.6,79823.7,79725.6,79764.9,267,750,0
2025-03-11 16:00:00,79769.9,79936.3,79768.9,79918.8,235,750,0
2025-03-11 16:10:00,79919.7,79985.9,79862.6,79890.7,257,750,0
2025-03-11 16:20:00,79890.7,79938.1,79876.8,79923.6,215,750,0
2025-03-11 16:30:00,79924.6,80075.6,79864.4,80068.1,496,750,0
2025-03-11 16:40:00,80056.1,80123.8,79953.7,80117.3,508,750,0
2025-03-11 16:50:00,80116.8,80122.8,79971.2,80074.3,416,750,0
2025-03-11 17:00:00,80074.3,80081.9,79797.2,80046.6,282,750,0
2025-03-11 17:10:00,80045.6,80046.6,79851.3,79936.4,368,750,0
2025-03-11 17:20:00,79936.4,80011.2,79840.1,79840.1,452,750,0
2025-03-11 17:30:00,79839.6,79904.4,79647.8,79659.3,507,750,0
2025-03-11 17:40:00,79659.8,79797.3,79593.0,79633.1,407,750,0
2025-03-11 17:50:00,79635.1,79856.6,79633.1,79753.0,253,750,0
2025-03-11 18:00:00,79751.0,79975.5,79668.2,79964.5,216,750,0
2025-03-11 18:10:00,79964.5,80053.3,79935.6,79979.7,180,750,0
2025-03-11 18:20:00,79979.7,80007.1,79793.4,79793.4,195,750,0
2025-03-12 09:30:00,79748.7,79838.6,79739.8,79768.9,67,750,0
2025-03-12 09:40:00,79768.9,79768.9,79689.2,79703.2,66,750,0
2025-03-12 09:50:00,79704.2,79714.2,79594.6,79599.6,97,750,0
2025-03-12 10:00:00,79599.6,79639.6,79486.1,79519.0,234,750,0
2025-03-12 10:10:00,79519.0,79573.3,79444.3,79459.5,282,750,0
2025-03-12 10:20:00,79460.5,79539.7,79411.0,79477.7,253,750,0
2025-03-12 10:30:00,79477.7,79628.4,79471.9,79628.4,231,750,0
2025-03-12 10:40:00,79628.4,79863.6,79627.0,79781.0,257,750,0
2025-03-12 10:50:00,79781.0,79855.9,79694.5,79785.3,247,750,0
2025-03-12 11:00:00,79785.3,79855.5,79582.4,79600.7,379,750,0
2025-03-12 11:10:00,79600.7,79606.7,79446.7,79488.9,416,750,0
2025-03-12 11:20:00,79488.9,79550.0,79463.3,79540.2,313,750,0
2025-03-12 11:30:00,79540.2,79776.0,79540.2,79776.0,337,750,0
2025-03-12 11:40:00,79776.0,79777.0,79555.8,79584.5,427,750,0
2025-03-12 11:50:00,79584.5,79830.6,79571.5,79801.7,312,750,0
2025-03-12 12:00:00,79802.7,79866.3,79727.4,79771.2,444,750,0
2025-03-12 12:10:00,79778.2,79832.2,79750.6,79803.0,378,750,0
2025-03-12 12:20:00,79803.0,79827.0,79730.3,79768.3,336,750,0
2025-03-12 12:30:00,79771.3,79899.3,79769.8,79894.3,330,750,0
2025-03-12 12:40:00,79894.8,79915.6,79814.2,79883.7,360,750,0
2025-03-12 12:50:00,79883.7,80018.1,79882.7,79991.2,237,750,0
2025-03-12 13:00:00,79993.2,80066.8,79935.7,79954.6,334,750,0
2025-03-12 13:10:00,79937.2,79955.4,79869.0,79870.2,254,750,0
2025-03-12 13:20:00,79870.2,79912.0,79810.3,79896.1,315,750,0
2025-03-12 13:30:00,79897.1,79954.6,79897.1,79934.1,302,750,0
2025-03-12 13:40:00,79934.6,79985.3,79919.2,79958.5,288,750,0
2025-03-12 13:50:00,79958.0,80021.8,79924.4,79963.2,348,750,0
2025-03-12 14:00:00,79967.7,80004.4,79936.5,79978.5,356,750,0
2025-03-12 14:10:00,79978.5,80055.3,79978.5,80038.8,391,750,0
2025-03-12 14:20:00,80032.3,80052.7,79954.4,80003.2,317,750,0
2025-03-12 14:30:00,80003.2,80053.2,80003.2,80034.9,280,750,0
2025-03-12 14:40:00,80034.9,80046.8,79958.0,79997.1,249,750,0
2025-03-12 14:50:00,80002.6,80019.8,79773.4,79780.5,403,750,0
2025-03-12 15:00:00,79779.5,79784.0,79519.0,79570.4,328,750,0
2025-03-12 15:10:00,79570.4,79872.0,79570.3,79820.2,335,750,0
2025-03-12 15:20:00,79818.2,79885.8,79770.4,79871.5,261,750,0
2025-03-12 15:30:00,79871.5,80113.1,79799.6,80085.5,330,750,0
2025-03-12 15:40:00,80089.5,80121.4,80015.8,80106.4,300,750,0
2025-03-12 15:50:00,80106.4,80171.6,80101.5,80120.7,273,750,0
2025-03-12 16:00:00,80120.7,80148.2,80065.7,80118.2,199,750,0
2025-03-12 16:10:00,80118.2,80129.2,79996.1,80004.2,308,750,0
2025-03-12 16:20:00,80004.2,80140.0,80004.2,80123.0,216,750,0
2025-03-12 16:30:00,80124.0,80195.9,80082.2,80152.2,228,750,0
2025-03-12 16:40:00,80152.2,80183.1,80076.3,80111.1,342,750,0
2025-03-12 16:50:00,80114.1,80188.6,79993.7,80011.0,253,750,0
2025-03-12 17:00:00,80011.0,80062.9,79926.4,79965.4,263,750,0
2025-03-12 17:10:00,79966.4,79968.4,79847.9,79898.4,325,750,0
2025-03-12 17:20:00,79898.4,79921.2,79795.7,79915.9,322,750,0
2025-03-12 17:30:00,79912.9,79919.9,79725.7,79747.5,397,750,0
2025-03-12 17:40:00,79734.6,79775.9,79546.5,79557.5,408,750,0
2025-03-12 17:50:00,79557.5,79645.3,79530.6,79572.6,222,750,0
2025-03-12 18:00:00,79573.6,79576.6,79413.1,79464.0,200,750,0
2025-03-12 18:10:00,79464.0,79617.8,79436.1,79566.9,114,750,0
2025-03-12 18:20:00,79566.9,79746.6,79470.2,79597.0,152,750,0
2025-03-13 09:30:00,79413.3,79475.3,79309.6,79452.5,96,750,0
2025-03-13 09:40:00,79453.5,79457.5,79393.7,79420.7,50,1450,0
2025-03-13 09:50:00,79421.7,79494.5,79421.7,79465.8,87,750,0
2025-03-13 10:00:00,79465.8,79646.5,79465.8,79635.6,204,750,0
2025-03-13 10:10:00,79640.5,79813.3,79624.6,79654.2,270,750,0
2025-03-13 10:20:00,79655.2,79758.8,79617.9,79681.2,278,750,0
2025-03-13 10:30:00,79681.2,79686.2,79476.7,79497.8,302,750,0
2025-03-13 10:40:00,79502.8,79525.7,79426.2,79517.6,233,750,0
2025-03-13 10:50:00,79519.6,79559.2,79429.1,79482.5,273,750,0
2025-03-13 11:00:00,79467.6,79651.1,79460.0,79596.5,410,750,0
2025-03-13 11:10:00,79596.0,79691.0,79538.0,79543.0,351,750,0
2025-03-13 11:20:00,79543.0,79652.6,79521.9,79575.4,231,750,0
2025-03-13 11:30:00,79577.4,79625.3,79510.7,79510.7,203,750,0
2025-03-13 11:40:00,79510.7,79534.9,79450.5,79463.4,260,750,0
2025-03-13 11:50:00,79463.4,79571.0,79462.4,79568.6,212,750,0
2025-03-13 12:00:00,79568.6,79621.4,79479.6,79484.2,282,750,0
2025-03-13 12:10:00,79484.7,79638.7,79475.8,79614.8,244,750,0
2025-03-13 12:20:00,79613.8,79753.0,79600.9,79743.9,218,750,0
2025-03-13 12:30:00,79743.9,79862.6,79731.3,79848.7,196,750,0
2025-03-13 12:40:00,79848.7,79922.2,79818.7,79922.2,163,750,0
2025-03-13 12:50:00,79923.2,79923.2,79786.0,79866.4,157,750,0
2025-03-13 13:00:00,79867.3,79915.6,79826.7,79856.8,214,750,0
2025-03-13 13:10:00,79856.8,79892.9,79833.1,79865.2,227,750,0
2025-03-13 13:20:00,79865.2,79877.1,79787.6,79843.0,179,750,0
2025-03-13 13:30:00,79848.0,79934.7,79830.9,79933.7,164,750,0
2025-03-13 13:40:00,79933.7,79978.2,79892.9,79893.5,185,750,0
2025-03-13 13:50:00,79884.5,79910.3,79780.1,79815.1,180,750,0
2025-03-13 14:00:00,79815.1,79893.0,79815.1,79835.5,186,750,0
2025-03-13 14:10:00,79841.5,79886.9,79806.6,79848.2,134,750,0
2025-03-13 14:20:00,79848.2,79858.1,79752.3,79800.4,173,750,0
2025-03-13 14:30:00,79800.4,79916.7,79799.3,79819.2,121,750,0
2025-03-13 14:40:00,79819.3,79887.4,79804.7,79834.0,146,750,0
2025-03-13 14:50:00,79834.0,79948.2,79805.4,79896.9,171,750,0
2025-03-13 15:00:00,79906.4,79963.9,79668.3,79671.3,296,750,0
2025-03-13 15:10:00,79671.3,79747.7,79653.2,79739.2,227,750,0
2025-03-13 15:20:00,79739.2,79739.2,79652.2,79662.2,223,750,0
2025-03-13 15:30:00,79663.2,79802.8,79663.2,79742.0,245,750,0
2025-03-13 15:40:00,79742.0,79785.3,79670.0,79686.5,257,750,0
2025-03-13 15:50:00,79686.5,79763.9,79671.0,79744.0,255,750,0
2025-03-13 16:00:00,79744.0,79808.5,79715.0,79783.1,243,750,0
2025-03-13 16:10:00,79783.1,79788.6,79653.2,79737.0,260,750,0
2025-03-13 16:20:00,79737.0,79793.2,79709.1,79780.4,244,750,0
2025-03-13 16:30:00,79781.4,80025.5,79718.3,80020.1,454,750,0
2025-03-13 16:40:00,80020.1,80122.1,79957.7,80006.6,396,750,0
2025-03-13 16:50:00,80006.6,80039.7,79908.5,79915.5,332,750,0
2025-03-13 17:00:00,79915.5,79999.4,79873.4,79999.4,304,750,0
2025-03-13 17:10:00,79999.4,80019.3,79938.9,80019.3,269,750,0
2025-03-13 17:20:00,80019.3,80020.7,79895.1,79898.2,241,750,0
2025-03-13 17:30:00,79898.2,79927.8,79849.5,79863.5,299,750,0
2025-03-13 17:40:00,79863.5,79863.5,79731.1,79761.2,334,750,0
2025-03-13 17:50:00,79770.1,79897.0,79726.4,79777.3,243,750,0
2025-03-13 18:00:00,79787.3,79876.7,79739.5,79760.5,156,750,0
2025-03-13 18:10:00,79760.5,79807.9,79708.6,79753.6,164,750,0
2025-03-13 18:20:00,79754.6,79786.2,79674.9,79686.9,264,750,0
2025-03-14 09:30:00,80219.9,80279.9,80211.0,80256.0,78,750,0
2025-03-14 09:40:00,80256.0,80310.1,80239.1,80310.1,47,750,0
2025-03-14 09:50:00,80310.1,80310.1,80232.4,80261.3,78,750,0
2025-03-14 10:00:00,80261.3,80356.2,80161.5,80235.5,305,750,0
2025-03-14 10:10:00,80228.5,80364.2,80225.6,80364.2,314,750,0
2025-03-14 10:20:00,80364.7,80405.8,80319.2,80369.7,255,750,0
2025-03-14 10:30:00,80369.7,80407.3,80332.3,80395.5,290,750,0
2025-03-14 10:40:00,80396.5,80430.1,80368.4,80403.7,300,750,0
2025-03-14 10:50:00,80404.2,80405.2,80324.3,80324.3,316,750,0
2025-03-14 11:00:00,80324.3,80324.3,80141.8,80251.6,468,750,0
2025-03-14 11:10:00,80251.6,80349.6,80176.9,80344.4,309,750,0
2025-03-14 11:20:00,80341.9,80702.7,80337.5,80682.7,290,750,0
2025-03-14 11:30:00,80682.7,80748.0,80568.3,80636.7,269,750,0
2025-03-14 11:40:00,80636.7,80688.0,80579.1,80588.6,216,750,0
2025-03-14 11:50:00,80588.6,80682.8,80570.7,80668.3,229,750,0
2025-03-14 12:00:00,80671.3,80686.8,80570.2,80587.9,238,750,0
2025-03-14 12:10:00,80572.9,80677.7,80567.8,80596.4,271,750,0
2025-03-14 12:20:00,80596.4,80630.9,80568.8,80624.5,170,750,0
2025-03-14 12:30:00,80600.0,80647.4,80531.9,80595.6,234,750,0
2025-03-14 12:40:00,80595.6,80631.6,80537.9,80608.3,246,750,0
2025-03-14 12:50:00,80608.3,80673.2,80604.2,80658.4,191,750,0
2025-03-14 13:00:00,80658.4,80676.1,80612.7,80666.6,235,750,0
2025-03-14 13:10:00,80665.6,80676.5,80612.8,80673.4,181,750,0
2025-03-14 13:20:00,80673.4,80769.4,80662.1,80766.6,179,750,0
2025-03-14 13:30:00,80766.6,80821.6,80751.6,80803.7,219,750,0
2025-03-14 13:40:00,80803.7,80845.0,80757.3,80780.4,209,750,0
2025-03-14 13:50:00,80780.4,80890.7,80780.4,80890.2,176,750,0
2025-03-14 14:00:00,80890.2,80939.6,80838.9,80869.9,275,750,0
2025-03-14 14:10:00,80869.9,80980.8,80708.7,80803.8,233,750,0
2025-03-14 14:20:00,80804.8,80860.6,80785.8,80817.9,166,750,0
2025-03-14 14:30:00,80818.4,80841.4,80764.4,80841.4,191,750,0
2025-03-14 14:40:00,80841.4,80895.4,80799.7,80871.4,268,750,0
2025-03-14 14:50:00,80872.4,80876.9,80736.7,80740.7,189,750,0
2025-03-14 15:00:00,80740.7,80904.6,80721.7,80882.4,261,750,0
2025-03-14 15:10:00,80882.4,80892.0,80829.2,80860.5,179,750,0
2025-03-14 15:20:00,80860.5,80924.0,80854.5,80866.5,194,750,0
2025-03-14 15:30:00,80867.5,80899.6,80796.5,80811.4,202,750,0
2025-03-14 15:40:00,80811.4,80847.3,80768.5,80768.5,180,750,0
2025-03-14 15:50:00,80768.5,80768.5,80695.5,80713.9,182,750,0
2025-03-14 16:00:00,80713.9,80715.4,80547.3,80547.3,205,750,0
2025-03-14 16:10:00,80548.3,80559.6,80491.0,80491.0,189,750,0
2025-03-14 16:20:00,80492.0,80544.0,80414.7,80478.5,227,750,0
2025-03-14 16:30:00,80463.5,80514.4,80410.2,80442.4,408,750,0
2025-03-14 16:40:00,80444.4,80517.4,80439.5,80515.4,281,750,0
2025-03-14 16:50:00,80522.4,80594.1,80502.1,80502.6,286,750,0
2025-03-14 17:00:00,80495.1,80673.8,80449.0,80623.1,193,750,0
2025-03-14 17:10:00,80623.1,80725.7,80599.9,80707.2,196,750,0
2025-03-14 17:20:00,80707.2,80735.4,80664.7,80667.6,150,750,0
2025-03-14 17:30:00,80702.0,80764.8,80643.0,80693.7,282,750,0
2025-03-14 17:40:00,80691.2,80713.0,80627.7,80640.7,379,750,0
2025-03-14 17:50:00,80640.7,80682.7,80618.8,80659.9,240,750,0
2025-03-14 18:00:00,80658.9,80679.9,80606.2,80606.2,167,750,0
2025-03-14 18:10:00,80607.2,80662.2,80351.2,80630.3,213,750,0
2025-03-14 18:20:00,80631.3,80998.7,80630.3,80798.2,200,750,0
2025-03-17 09:30:00,80780.3,80935.7,80780.3,80889.3,70,750,0
2025-03-17 09:40:00,80890.3,80933.8,80870.5,80888.5,55,750,0
2025-03-17 09:50:00,80888.5,80930.6,80866.5,80925.7,58,1950,0
2025-03-17 10:00:00,80925.7,81103.5,80914.7,81038.7,277,750,0
2025-03-17 10:10:00,81038.7,81046.7,80918.2,80923.9,198,750,0
2025-03-17 10:20:00,80923.9,80962.8,80870.9,80947.7,288,750,0
2025-03-17 10:30:00,80947.6,80993.0,80914.9,80959.1,203,750,0
2025-03-17 10:40:00,80961.1,81000.2,80922.3,80982.6,202,750,0
2025-03-17 10:50:00,80983.6,81058.9,80983.6,81049.9,277,750,0
2025-03-17 11:00:00,81050.9,81050.9,80879.9,81016.7,355,750,0
2025-03-17 11:10:00,81016.7,81051.5,80939.8,80973.9,377,750,0
2025-03-17 11:20:00,80973.9,81045.3,80946.9,80966.8,280,750,0
2025-03-17 11:30:00,80984.7,81156.4,80957.5,81137.5,356,750,0
2025-03-17 11:40:00,81139.5,81166.4,81068.0,81070.0,271,750,0
2025-03-17 11:50:00,81071.0,81119.3,80965.1,81000.9,233,750,0
2025-03-17 12:00:00,80992.4,81022.4,80922.9,80925.8,369,750,0
2025-03-17 12:10:00,80925.8,80953.8,80862.9,80935.0,215,750,0
2025-03-17 12:20:00,80936.0,81014.2,80902.9,80976.6,270,750,0
2025-03-17 12:30:00,80976.6,80978.6,80898.3,80901.5,145,750,0
2025-03-17 12:40:00,80901.5,80952.3,80880.3,80915.4,136,750,0
2025-03-17 12:50:00,80915.4,80949.9,80901.1,80949.9,122,750,0
2025-03-17 13:00:00,80949.9,80998.1,80900.7,80960.9,193,750,0
2025-03-17 13:10:00,80955.9,80979.0,80897.6,80937.9,156,750,0
2025-03-17 13:20:00,80937.8,80948.8,80852.1,80878.8,156,750,0
2025-03-17 13:30:00,80878.8,80914.1,80867.3,80893.6,155,750,0
2025-03-17 13:40:00,80908.6,80921.8,80870.2,80870.2,209,750,0
2025-03-17 13:50:00,80870.2,80885.8,80791.7,80820.4,236,750,0
2025-03-17 14:00:00,80820.4,80867.7,80792.6,80828.5,287,750,0
2025-03-17 14:10:00,80828.5,80844.0,80781.5,80812.4,193,750,0
2025-03-17 14:20:00,80812.4,80884.7,80765.4,80776.2,200,750,0
2025-03-17 14:30:00,80786.2,80818.3,80759.6,80808.2,207,750,0
2025-03-17 14:40:00,80810.2,80812.7,80751.0,80758.9,190,750,0
2025-03-17 14:50:00,80759.5,80785.9,80743.3,80774.1,276,750,0
2025-03-17 15:00:00,80774.1,80791.2,80749.2,80753.2,200,750,0
2025-03-17 15:10:00,80753.2,80785.2,80708.0,80723.8,248,750,0
2025-03-17 15:20:00,80722.8,80787.9,80707.6,80782.1,210,750,0
2025-03-17 15:30:00,80782.1,80822.6,80732.5,80785.7,264,750,0
2025-03-17 15:40:00,80787.7,80893.9,80732.5,80741.6,229,750,0
2025-03-17 15:50:00,80741.6,80781.5,80718.6,80754.8,188,750,0
2025-03-17 16:00:00,80754.8,80826.8,80719.9,80826.8,279,750,0
2025-03-17 16:10:00,80826.8,80833.8,80746.3,80786.7,231,750,0
2025-03-17 16:20:00,80788.7,80803.0,80736.7,80771.4,191,750,0
2025-03-17 16:30:00,80783.9,81062.1,80771.4,81028.2,395,750,0
2025-03-17 16:40:00,81027.7,81118.9,80969.1,81039.7,347,750,0
2025-03-17 16:50:00,81039.7,81100.4,80990.8,81078.8,306,750,0
2025-03-17 17:00:00,81028.4,81188.0,80971.9,81139.0,340,750,0
2025-03-17 17:10:00,81139.0,81190.7,81060.0,81081.2,290,750,0
2025-03-17 17:20:00,81081.2,81164.3,81065.4,81074.9,294,750,0
2025-03-17 17:30:00,81075.0,81208.9,81065.4,81196.0,260,750,0
2025-03-17 17:40:00,81196.0,81242.2,81146.9,81217.3,262,750,0
2025-03-17 17:50:00,81217.3,81277.8,81141.3,81141.3,278,750,0
2025-03-17 18:00:00,81149.8,81210.4,81134.0,81201.1,197,750,0
2025-03-17 18:10:00,81201.1,81243.3,81171.2,81234.4,213,750,0
2025-03-17 18:20:00,81211.5,81371.0,81193.5,81279.7,222,750,0
2025-03-18 09:30:00,81482.1,81599.2,81482.1,81531.3,74,750,0
2025-03-18 09:40:00,81531.3,81564.2,81488.6,81564.2,76,750,0
2025-03-18 09:50:00,81564.2,81567.7,81483.9,81499.1,115,750,0
2025-03-18 10:00:00,81499.1,81634.8,81487.3,81633.8,226,750,0
2025-03-18 10:10:00,81633.8,81667.1,81525.6,81667.1,295,750,0
2025-03-18 10:20:00,81667.1,81804.3,81632.3,81800.4,449,750,0
2025-03-18 10:30:00,81792.4,81925.7,81782.9,81855.2,440,750,0
2025-03-18 10:40:00,81855.2,81974.2,81819.9,81948.4,406,750,0
2025-03-18 10:50:00,81951.4,81952.5,81831.7,81868.2,387,750,0
2025-03-18 11:00:00,81866.2,81966.2,81866.2,81932.4,504,750,0
2025-03-18 11:10:00,81934.4,82041.1,81908.2,82015.2,420,750,0
2025-03-18 11:20:00,82010.2,82081.2,81952.7,81969.6,508,750,0
2025-03-18 11:30:00,81969.6,82016.3,81905.8,81993.9,456,750,0
2025-03-18 11:40:00,81997.4,82028.9,81912.5,82007.9,431,750,0
2025-03-18 11:50:00,82007.4,82052.9,81975.4,82036.7,407,750,0
2025-03-18 12:00:00,82036.7,82068.1,81934.1,82049.7,430,750,0
2025-03-18 12:10:00,82055.2,82172.7,82055.2,82172.7,413,750,0
2025-03-18 12:20:00,82173.7,82196.6,82124.8,82190.3,449,750,0
2025-03-18 12:30:00,82190.3,82213.7,82140.7,82203.9,418,750,0
2025-03-18 12:40:00,82203.9,82253.7,82142.3,82155.5,369,750,0
2025-03-18 12:50:00,82157.5,82231.9,82149.4,82195.4,286,750,0
2025-03-18 13:00:00,82196.4,82282.4,82191.4,82223.2,339,750,0
2025-03-18 13:10:00,82222.2,82225.3,82112.4,82119.8,320,750,0
2025-03-18 13:20:00,82119.8,82149.8,82041.4,82068.0,314,750,0
2025-03-18 13:30:00,82069.5,82088.1,82027.4,82039.8,290,750,0
2025-03-18 13:40:00,82039.8,82116.4,82039.8,82088.5,304,750,0
2025-03-18 13:50:00,82088.5,82129.3,82077.2,82123.3,315,750,0
2025-03-18 14:00:00,82123.3,82192.0,82103.1,82171.9,303,750,0
2025-03-18 14:10:00,82171.9,82286.2,82152.7,82240.2,332,750,0
2025-03-18 14:20:00,82240.7,82304.7,82176.4,82230.3,276,750,0
2025-03-18 14:30:00,82232.3,82342.6,82232.3,82266.1,295,750,0
2025-03-18 14:40:00,82263.1,82323.1,82246.4,82281.9,295,750,0
2025-03-18 14:50:00,82281.9,82307.6,82231.3,82260.0,270,750,0
2025-03-18 15:00:00,82260.5,82305.8,82247.6,82273.3,311,750,0
2025-03-18 15:10:00,82275.3,82329.6,82234.1,82283.5,304,750,0
2025-03-18 15:20:00,82283.5,82311.6,82259.4,82281.2,251,750,0
2025-03-18 15:30:00,82281.2,82345.9,82235.5,82273.8,321,750,0
2025-03-18 15:40:00,82273.8,82351.7,82263.9,82295.1,243,750,0
2025-03-18 15:50:00,82294.6,82340.8,82238.9,82271.6,248,750,0
2025-03-18 16:00:00,82271.6,82283.9,82233.6,82256.1,235,750,0
2025-03-18 16:10:00,82256.1,82256.1,82067.0,82130.9,277,750,0
2025-03-18 16:20:00,82130.9,82152.7,82055.1,82056.1,207,750,0
2025-03-18 16:30:00,82052.1,82091.1,81676.0,81676.0,644,750,0
2025-03-18 16:40:00,81682.0,81861.7,81670.0,81821.1,486,750,0
2025-03-18 16:50:00,81820.6,81868.9,81774.5,81821.6,464,750,0
2025-03-18 17:00:00,81834.6,81868.5,81755.6,81804.9,417,750,0
2025-03-18 17:10:00,81787.9,81816.3,81703.1,81707.1,296,750,0
2025-03-18 17:20:00,81709.1,81851.7,81709.1,81797.1,293,750,0
2025-03-18 17:30:00,81797.1,81922.3,81764.5,81913.2,321,750,0
2025-03-18 17:40:00,81913.2,81914.2,81737.7,81743.3,388,750,0
2025-03-18 17:50:00,81743.8,81757.8,81600.9,81609.9,369,750,0
2025-03-18 18:00:00,81614.9,81668.9,81542.9,81642.9,231,750,0
2025-03-18 18:10:00,81642.9,81799.5,81642.4,81793.0,188,750,0
2025-03-18 18:20:00,81765.5,81831.0,81729.0,81731.1,148,750,0
2025-03-19 09:30:00,81689.0,81839.1,81689.0,81839.1,48,3750,0
2025-03-19 09:40:00,81839.1,81889.6,81793.2,81853.1,38,750,0
2025-03-19 09:50:00,81853.1,81868.7,81793.2,81857.7,68,750,0
2025-03-19 10:00:00,81855.2,81928.3,81798.2,81855.3,154,750,0
2025-03-19 10:10:00,81855.3,81940.3,81855.3,81913.0,162,750,0
2025-03-19 10:20:00,81913.0,81983.3,81896.1,81924.0,251,750,0
2025-03-19 10:30:00,81924.0,82108.0,81921.5,82071.0,224,750,0
2025-03-19 10:40:00,82070.5,82215.6,82070.5,82184.5,305,750,0
2025-03-19 10:50:00,82184.5,82205.0,82106.5,82172.6,252,750,0
2025-03-19 11:00:00,82162.6,82243.2,82113.6,82209.7,352,750,0
2025-03-19 11:10:00,82208.7,82305.9,82180.2,82253.9,326,750,0
2025-03-19 11:20:00,82253.9,82323.2,82220.8,82314.2,266,750,0
2025-03-19 11:30:00,82314.2,82579.9,82314.2,82526.3,292,750,0
2025-03-19 11:40:00,82526.3,82526.3,82376.0,82417.7,235,750,0
2025-03-19 11:50:00,82417.7,82509.8,82377.2,82481.3,157,750,0
2025-03-19 12:00:00,82481.3,82490.1,82388.5,82476.8,190,750,0
2025-03-19 12:10:00,82476.8,82489.2,82273.7,82329.2,234,750,0
2025-03-19 12:20:00,82329.2,82396.4,82291.1,82338.4,174,750,0
2025-03-19 12:30:00,82338.4,82481.9,82329.2,82437.4,151,750,0
2025-03-19 12:40:00,82437.4,82526.6,82408.1,82523.1,148,750,0
2025-03-19 12:50:00,82523.1,82572.8,82461.2,82572.8,138,750,0
2025-03-19 13:00:00,82573.7,82717.3,82558.4,82707.3,194,750,0
2025-03-19 13:10:00,82707.3,82738.4,82658.9,82734.9,208,750,0
2025-03-19 13:20:00,82734.9,82878.2,82726.6,82789.4,250,750,0
2025-03-19 13:30:00,82787.9,82906.1,82723.4,82745.7,293,750,0
2025-03-19 13:40:00,82746.7,82843.3,82708.3,82818.9,217,750,0
2025-03-19 13:50:00,82818.9,82831.6,82767.6,82831.6,121,750,0
2025-03-19 14:00:00,82831.6,82914.7,82831.5,82913.7,178,750,0
2025-03-19 14:10:00,82913.7,83013.2,82895.7,82926.9,192,750,0
2025-03-19 14:20:00,82926.9,82951.1,82868.3,82931.4,199,750,0
2025-03-19 14:30:00,82933.3,82993.1,82874.2,82952.8,283,750,0
2025-03-19 14:40:00,82953.8,83027.4,82953.8,83014.6,163,750,0
2025-03-19 14:50:00,83014.6,83016.2,82951.1,82984.2,143,750,0
2025-03-19 15:00:00,82986.2,83172.3,82986.2,83078.1,200,750,0
2025-03-19 15:10:00,83079.1,83183.5,83079.1,83119.3,202,750,0
2025-03-19 15:20:00,83119.8,83119.8,82916.3,82916.7,244,750,0
2025-03-19 15:30:00,82916.7,82933.3,82795.2,82819.1,237,750,0
2025-03-19 15:40:00,82819.1,82839.4,82776.0,82781.9,175,750,0
2025-03-19 15:50:00,82781.9,82830.8,82769.9,82819.0,219,750,0
2025-03-19 16:00:00,82817.6,82865.7,82789.0,82793.0,270,750,0
2025-03-19 16:10:00,82794.0,82845.0,82780.0,82844.2,256,750,0
2025-03-19 16:20:00,82842.3,82901.8,82800.8,82901.7,188,750,0
2025-03-19 16:30:00,82901.7,82998.5,82862.2,82990.7,239,750,0
2025-03-19 16:40:00,82990.7,83074.8,82981.0,83013.2,245,750,0
2025-03-19 16:50:00,83008.7,83074.8,82988.1,82988.1,297,750,0
2025-03-19 17:00:00,82988.1,83006.7,82923.3,82947.9,281,750,0
2025-03-19 17:10:00,82946.4,82946.4,82855.9,82892.8,161,750,0
2025-03-19 17:20:00,82892.8,82893.2,82834.3,82835.3,157,750,0
2025-03-19 17:30:00,82836.7,82912.0,82835.4,82872.3,152,750,0
2025-03-19 17:40:00,82872.3,82919.0,82821.6,82874.5,220,750,0
2025-03-19 17:50:00,82874.4,82924.0,82846.6,82854.1,198,750,0
2025-03-19 18:00:00,82855.1,83026.6,82855.1,83018.8,155,750,0
2025-03-19 18:10:00,83018.8,83066.9,82981.1,82997.3,166,750,0
2025-03-19 18:20:00,82997.3,83153.7,82995.5,83121.0,137,750,0
2025-03-20 09:30:00,82702.4,82982.8,82662.3,82848.6,108,750,0
2025-03-20 09:40:00,82848.6,82852.5,82733.1,82733.1,74,750,0
2025-03-20 09:50:00,82733.1,82738.4,82686.1,82696.0,47,750,0
2025-03-20 10:00:00,82696.0,82745.5,82549.0,82696.0,307,750,0
2025-03-20 10:10:00,82696.0,82826.5,82573.4,82580.3,268,750,0
2025-03-20 10:20:00,82581.3,82610.3,82514.8,82573.0,169,750,0
2025-03-20 10:30:00,82572.9,82675.6,82544.6,82656.1,195,750,0
2025-03-20 10:40:00,82659.1,82725.7,82618.7,82629.2,175,750,0
2025-03-20 10:50:00,82649.8,82698.9,82572.5,82686.2,224,750,0
2025-03-20 11:00:00,82686.2,82717.5,82532.4,82667.2,342,750,0
2025-03-20 11:10:00,82665.3,82821.0,82610.5,82737.4,300,750,0
2025-03-20 11:20:00,82737.4,82740.2,82561.2,82589.6,249,750,0
2025-03-20 11:30:00,82589.6,82700.4,82589.6,82692.6,214,750,0
2025-03-20 11:40:00,82694.4,82732.7,82584.1,82684.6,203,750,0
2025-03-20 11:50:00,82684.6,82684.6,82551.2,82565.9,176,750,0
2025-03-20 12:00:00,82566.9,82569.8,82449.1,82457.3,277,750,0
2025-03-20 12:10:00,82457.3,82526.4,82453.4,82487.5,310,750,0
2025-03-20 12:20:00,82487.5,82525.6,82400.1,82448.7,336,750,0
2025-03-20 12:30:00,82437.5,82505.5,82392.6,82438.6,296,750,0
2025-03-20 12:40:00,82438.6,82459.2,82372.6,82404.5,212,750,0
2025-03-20 12:50:00,82394.7,82422.2,82314.8,82401.8,261,750,0
2025-03-20 13:00:00,82371.5,82382.4,82314.0,82329.8,40,750,0
2025-03-20 13:10:00,82719.0,82719.0,82461.7,82475.9,107,750,0
2025-03-20 13:20:00,82469.6,82544.7,82359.9,82398.7,286,750,0
2025-03-20 13:30:00,82398.7,82437.9,82288.1,82341.5,302,750,0
2025-03-20 13:40:00,82328.8,82409.8,82288.2,82340.4,347,750,0
2025-03-20 13:50:00,82340.4,82510.8,82331.5,82491.6,216,750,0
2025-03-20 14:00:00,82491.6,82512.6,82414.1,82462.5,310,750,0
2025-03-20 14:10:00,82462.5,82490.5,82376.6,82490.5,346,750,0
2025-03-20 14:20:00,82490.5,82509.9,82417.4,82476.2,376,750,0
2025-03-20 14:30:00,82468.5,82541.7,82423.6,82530.9,310,750,0
2025-03-20 14:40:00,82530.9,82635.4,82487.9,82595.1,292,750,0
2025-03-20 14:50:00,82595.1,82672.3,82563.8,82617.8,239,750,0
2025-03-20 15:00:00,82617.8,82617.8,82442.6,82592.1,234,750,0
2025-03-20 15:10:00,82592.1,82635.5,82395.1,82423.4,173,750,0
2025-03-20 15:20:00,82424.4,82426.3,82291.8,82310.4,116,750,0
2025-03-20 15:30:00,82310.4,82352.2,82216.1,82289.0,203,750,0
2025-03-20 15:40:00,82289.5,82289.5,82226.8,82250.9,127,750,0
2025-03-20 15:50:00,82252.8,82291.3,82215.2,82215.2,203,750,0
2025-03-20 16:00:00,82231.9,82251.1,82144.7,82144.7,212,750,0
2025-03-20 16:10:00,82150.6,82336.4,82135.9,82254.7,252,750,0
2025-03-20 16:20:00,82254.7,82254.7,82064.5,82064.5,267,750,0
2025-03-20 16:30:00,82066.5,82356.4,82019.4,82339.7,277,750,0
2025-03-20 16:40:00,82342.6,82346.8,82147.9,82235.4,317,750,0
2025-03-20 16:50:00,82235.4,82257.0,82046.1,82054.1,261,750,0
2025-03-20 17:00:00,82060.0,82257.1,82060.0,82191.1,299,750,0
2025-03-20 17:10:00,82191.1,82213.2,82132.9,82166.0,279,750,0
2025-03-20 17:20:00,82166.0,82191.0,82010.7,82064.6,358,750,0
2025-03-20 17:30:00,82064.6,82153.0,82034.4,82144.0,368,750,0
2025-03-20 17:40:00,82144.0,82266.8,82100.5,82101.5,346,750,0
2025-03-20 17:50:00,82101.5,82190.6,82068.3,82090.8,276,750,0
2025-03-20 18:00:00,82090.8,82097.1,82005.6,82016.4,181,750,0
2025-03-20 18:10:00,82016.4,82016.4,81748.1,81750.0,219,750,0
2025-03-20 18:20:00,81751.0,81798.1,81655.1,81762.9,259,750,0
2025-03-24 09:30:00,81886.0,81985.1,81802.7,81983.6,103,750,0
2025-03-24 09:40:00,81983.6,82118.6,81983.2,82097.1,116,750,0
2025-03-24 09:50:00,82099.1,82181.5,82099.1,82161.0,103,750,0
2025-03-24 10:00:00,82161.0,82372.9,82161.0,82372.9,141,750,0
2025-03-24 10:10:00,82372.9,82422.0,82299.6,82326.9,184,750,0
2025-03-24 10:20:00,82326.8,82359.1,82270.1,82303.5,168,750,0
2025-03-24 10:30:00,82305.4,82356.5,82213.4,82269.3,189,750,0
2025-03-24 10:40:00,82245.8,82415.6,82155.1,82158.9,279,750,0
2025-03-24 10:50:00,82158.9,82261.9,82158.7,82203.7,190,750,0
2025-03-24 11:00:00,82203.7,82369.6,82203.7,82315.6,257,750,0
2025-03-24 11:10:00,82315.6,82330.7,82150.9,82237.4,320,750,0
2025-03-24 11:20:00,82235.4,82278.3,82170.5,82276.3,321,750,0
2025-03-24 11:30:00,82244.9,82275.1,82077.1,82106.0,286,750,0
2025-03-24 11:40:00,82085.0,82210.2,82070.4,82199.2,325,750,0
2025-03-24 11:50:00,82199.2,82223.3,82127.2,82142.3,190,750,0
2025-03-24 12:00:00,82142.3,82230.7,82105.9,82128.7,225,750,0
2025-03-24 12:10:00,82128.7,82166.9,82087.5,82117.0,238,750,0
2025-03-24 12:20:00,82113.1,82130.8,82067.7,82099.8,209,750,0
2025-03-24 12:30:00,82099.8,82107.7,81974.0,81993.0,277,750,0
2025-03-24 12:40:00,81986.1,81989.1,81943.2,81944.2,178,750,0
2025-03-24 12:50:00,81958.9,81960.9,81876.8,81877.7,194,750,0
2025-03-24 13:00:00,81876.7,82000.1,81876.5,81966.7,172,750,0
2025-03-24 13:10:00,81966.7,82022.2,81945.7,82009.6,229,750,0
2025-03-24 13:20:00,82009.6,82064.4,81991.1,82050.0,198,750,0
2025-03-24 13:30:00,82050.0,82074.7,81951.7,81996.8,186,750,0
2025-03-24 13:40:00,81996.8,82002.5,81930.4,82001.6,102,750,0
2025-03-24 13:50:00,82001.6,82055.8,81986.7,82049.2,155,750,0
2025-03-24 14:00:00,82040.5,82040.5,81943.7,81989.8,150,750,0
2025-03-24 14:10:00,81989.8,82024.2,81864.4,81892.8,191,750,0
2025-03-24 14:20:00,81892.8,81968.9,81886.5,81886.5,148,750,0
2025-03-24 14:30:00,81898.3,81962.1,81829.0,81918.0,149,750,0
2025-03-24 14:40:00,81918.9,81926.7,81847.9,81862.6,150,750,0
2025-03-24 14:50:00,81862.6,81886.7,81824.3,81873.0,115,750,0
2025-03-24 15:00:00,81872.5,81912.7,81809.9,81830.3,174,750,0
2025-03-24 15:10:00,81830.3,81839.0,81761.2,81765.6,193,750,0
2025-03-24 15:20:00,81765.6,81780.2,81712.9,81714.0,249,750,0
2025-03-24 15:30:00,81714.0,81772.3,81678.0,81679.0,198,750,0
2025-03-24 15:40:00,81679.0,81712.0,81635.4,81686.8,273,750,0
2025-03-24 15:50:00,81688.8,81689.3,81614.2,81624.1,300,750,0
2025-03-24 16:00:00,81627.9,81689.9,81590.4,81652.7,233,750,0
2025-03-24 16:10:00,81653.7,81727.4,81637.8,81727.4,145,750,0
2025-03-24 16:20:00,81727.4,81766.2,81682.5,81692.8,155,750,0
2025-03-24 16:30:00,81692.3,81773.7,81646.0,81698.0,194,750,0
2025-03-24 16:40:00,81698.0,81730.3,81656.8,81677.7,171,750,0
2025-03-24 16:50:00,81682.6,81711.8,81624.2,81633.1,188,750,0
2025-03-24 17:00:00,81634.5,81694.0,81603.4,81653.9,259,750,0
2025-03-24 17:10:00,81653.9,81687.1,81621.9,81687.1,199,750,0
2025-03-24 17:20:00,81687.6,81796.2,81687.6,81773.1,221,750,0
2025-03-24 17:30:00,81773.1,81778.7,81606.3,81634.8,238,750,0
2025-03-24 17:40:00,81634.8,81744.1,81633.8,81718.1,236,750,0
2025-03-24 17:50:00,81718.1,81771.1,81566.3,81597.6,223,750,0
2025-03-24 18:00:00,81599.6,81692.7,81599.6,81640.9,115,750,0
2025-03-24 18:10:00,81640.9,81775.4,81638.0,81769.5,158,750,0
2025-03-24 18:20:00,81768.9,81824.4,81766.5,81788.2,181,750,0
2025-03-25 09:30:00,81526.2,81631.2,81504.7,81630.3,69,750,0
2025-03-25 09:40:00,81630.3,81630.3,81604.8,81610.7,20,1320,0
2025-03-25 09:50:00,81610.7,81673.6,81610.7,81673.6,64,750,0
2025-03-25 10:00:00,81673.6,81771.7,81673.6,81713.9,183,750,0
2025-03-25 10:10:00,81714.8,81723.7,81672.3,81685.9,125,750,0
2025-03-25 10:20:00,81685.9,81816.6,81619.0,81698.1,245,750,0
2025-03-25 10:30:00,81698.1,81741.1,81617.7,81696.2,109,750,0
2025-03-25 10:40:00,81696.2,81739.9,81614.8,81723.0,162,750,0
2025-03-25 10:50:00,81723.0,81762.9,81659.0,81662.9,159,750,0
2025-03-25 11:00:00,81662.9,81706.4,81492.3,81495.7,312,750,0
2025-03-25 11:10:00,81492.3,81523.8,81446.9,81469.0,258,750,0
2025-03-25 11:20:00,81469.0,81529.5,81446.7,81467.7,267,750,0
2025-03-25 11:30:00,81458.4,81458.4,81414.1,81418.5,189,750,0
2025-03-25 11:40:00,81418.5,81440.7,81398.0,81407.3,177,750,0
2025-03-25 11:50:00,81407.3,81459.8,81396.4,81411.6,219,750,0
2025-03-25 12:00:00,81411.6,81551.2,81379.9,81478.2,190,750,0
2025-03-25 12:10:00,81478.2,81622.5,81478.2,81596.8,118,750,0
2025-03-25 12:20:00,81596.8,81678.6,81596.8,81647.9,97,750,0
2025-03-25 12:30:00,81648.9,81748.4,81648.9,81739.2,159,750,0
2025-03-25 12:40:00,81739.2,81892.7,81728.8,81873.0,191,750,0
2025-03-25 12:50:00,81873.0,81897.3,81847.4,81879.1,116,750,0
2025-03-25 13:00:00,81879.1,81924.1,81862.4,81914.4,139,750,0
2025-03-25 13:10:00,81914.4,81946.4,81848.0,81877.9,141,750,0
2025-03-25 13:20:00,81877.9,82009.0,81877.9,81957.0,187,750,0
2025-03-25 13:30:00,81957.0,82000.4,81862.8,81939.8,214,750,0
2025-03-25 13:40:00,81939.8,82035.3,81892.8,82034.9,145,750,0
2025-03-25 13:50:00,82033.5,82037.3,81958.3,81974.1,136,750,0
2025-03-25 14:00:00,81976.0,82068.9,81958.4,82019.6,165,750,0
2025-03-25 14:10:00,82021.6,82097.5,82021.6,82041.9,146,750,0
2025-03-25 14:20:00,82042.8,82094.4,82032.8,82064.6,117,750,0
2025-03-25 14:30:00,82064.6,82110.2,82047.7,82064.4,148,750,0
2025-03-25 14:40:00,82064.4,82085.2,82034.6,82046.4,105,750,0
2025-03-25 14:50:00,82046.4,82127.5,82034.9,82127.0,192,750,0
2025-03-25 15:00:00,82125.7,82170.4,82116.3,82125.8,189,750,0
2025-03-25 15:10:00,82126.3,82175.5,82116.9,82163.3,147,750,0
2025-03-25 15:20:00,82163.3,82165.0,82105.2,82113.8,79,750,0
2025-03-25 15:30:00,82113.8,82159.1,82104.5,82131.6,109,750,0
2025-03-25 15:40:00,82131.6,82208.4,82131.6,82208.4,111,750,0
2025-03-25 15:50:00,82208.4,82244.9,82189.0,82215.8,107,750,0
2025-03-25 16:00:00,82217.8,82260.6,82185.3,82193.1,130,750,0
2025-03-25 16:10:00,82198.4,82213.6,82122.5,82122.6,128,750,0
2025-03-25 16:20:00,82122.6,82238.7,82105.8,82238.3,148,750,0
2025-03-25 16:30:00,82244.6,82291.7,82128.1,82156.1,225,750,0
2025-03-25 16:40:00,82155.6,82320.6,82155.6,82278.3,184,750,0
2025-03-25 16:50:00,82278.3,82358.9,82278.3,82341.6,155,750,0
2025-03-25 17:00:00,82341.6,82350.4,82199.4,82210.2,242,750,0
2025-03-25 17:10:00,82210.2,82264.4,82178.9,82205.3,186,750,0
2025-03-25 17:20:00,82204.8,82247.3,82181.8,82247.3,140,750,0
2025-03-25 17:30:00,82246.8,82391.1,82196.2,82370.8,256,750,0
2025-03-25 17:40:00,82370.8,82370.8,82294.2,82365.3,147,750,0
2025-03-25 17:50:00,82364.8,82367.2,82270.7,82289.9,148,750,0
2025-03-25 18:00:00,82287.0,82332.6,82185.2,82191.1,196,750,0
2025-03-25 18:10:00,82214.0,82272.9,82197.9,82233.3,108,750,0
2025-03-25 18:20:00,82234.3,82283.8,82215.8,82224.7,135,750,0
2025-03-26 09:30:00,82061.2,82144.0,81948.5,82043.7,71,750,0
2025-03-26 09:40:00,82043.7,82130.0,82043.7,82130.0,34,750,0
2025-03-26 09:50:00,82130.0,82225.4,82089.9,82225.4,42,750,0
2025-03-26 10:00:00,82225.4,82875.7,82148.0,82371.7,104,750,0
2025-03-26 10:10:00,82371.7,82495.7,82336.4,82468.3,108,750,0
2025-03-26 10:20:00,82468.3,82490.6,82291.0,82458.4,117,750,0
2025-03-26 10:30:00,82458.4,82617.5,82458.4,82617.5,164,750,0
2025-03-26 10:40:00,82619.4,82684.7,82562.3,82589.7,201,750,0
2025-03-26 10:50:00,82589.7,82590.1,82461.2,82492.1,217,750,0
2025-03-26 11:00:00,82508.7,82508.7,82314.9,82380.9,236,750,0
2025-03-26 11:10:00,82379.4,82427.4,82275.6,82285.6,272,750,0
2025-03-26 11:20:00,82285.6,82339.6,82256.2,82314.0,288,750,0
2025-03-26 11:30:00,82314.0,82374.0,82277.8,82283.6,190,750,0
2025-03-26 11:40:00,82283.6,82361.4,82222.7,82236.6,191,750,0
2025-03-26 11:50:00,82240.6,82315.8,82205.2,82268.0,181,750,0
2025-03-26 12:00:00,82268.0,82283.2,82205.0,82264.1,162,750,0
2025-03-26 12:10:00,82264.1,82379.2,82264.1,82308.4,173,750,0
2025-03-26 12:20:00,82308.4,82411.6,82263.7,82411.6,156,750,0
2025-03-26 12:30:00,82411.6,82519.6,82390.0,82508.3,189,750,0
2025-03-26 12:40:00,82507.8,82539.0,82463.2,82530.0,221,750,0
2025-03-26 12:50:00,82530.0,82613.8,82530.0,82571.3,123,750,0
2025-03-26 13:00:00,82565.4,82586.9,82516.5,82525.3,128,750,0
2025-03-26 13:10:00,82525.3,82593.7,82500.9,82584.7,100,750,0
2025-03-26 13:20:00,82584.7,82725.1,82584.6,82725.1,119,750,0
2025-03-26 13:30:00,82725.6,82758.1,82679.5,82713.7,138,750,0
2025-03-26 13:40:00,82713.7,82788.1,82713.7,82788.1,91,750,0
2025-03-26 13:50:00,82788.1,82814.1,82764.3,82807.8,97,750,0
2025-03-26 14:00:00,82810.7,82837.2,82735.2,82742.4,154,750,0
2025-03-26 14:10:00,82742.4,82869.9,82742.4,82834.8,116,750,0
2025-03-26 14:20:00,82834.8,82868.5,82830.7,82840.1,97,750,0
2025-03-26 14:30:00,82839.6,82859.7,82781.2,82856.1,125,750,0
2025-03-26 14:40:00,82856.1,82872.2,82815.4,82815.4,166,750,0
2025-03-26 14:50:00,82815.4,82843.2,82781.3,82843.1,106,750,0
2025-03-26 15:00:00,82843.1,82864.1,82775.4,82797.5,158,750,0
2025-03-26 15:10:00,82797.5,82865.5,82771.5,82798.2,133,750,0
2025-03-26 15:20:00,82798.2,82891.8,82798.2,82886.9,117,750,0
2025-03-26 15:30:00,82884.9,82886.9,82764.7,82766.7,107,750,0
2025-03-26 15:40:00,82766.7,82857.2,82766.2,82844.0,145,750,0
2025-03-26 15:50:00,82844.0,82845.0,82765.5,82793.4,112,750,0
2025-03-26 16:00:00,82793.4,82800.3,82686.6,82748.3,136,750,0
2025-03-26 16:10:00,82748.3,82842.1,82729.5,82793.5,131,750,0
2025-03-26 16:20:00,82793.5,82793.5,82687.0,82733.8,116,750,0
2025-03-26 16:30:00,82733.8,82737.7,82648.5,82694.6,133,750,0
2025-03-26 16:40:00,82695.6,82699.3,82516.5,82533.2,190,750,0
2025-03-26 16:50:00,82533.2,82573.9,82490.3,82498.7,184,750,0
2025-03-26 17:00:00,82498.7,82612.3,82467.9,82553.4,170,750,0
2025-03-26 17:10:00,82539.7,82605.1,82485.1,82591.6,114,750,0
2025-03-26 17:20:00,82589.8,82589.8,82515.9,82553.2,139,750,0
2025-03-26 17:30:00,82553.2,82590.2,82515.9,82560.6,120,750,0
2025-03-26 17:40:00,82560.6,82603.4,82472.8,82582.1,201,750,0
2025-03-26 17:50:00,82582.1,82634.2,82561.5,82565.6,172,750,0
2025-03-26 18:00:00,82565.6,82585.3,82547.9,82551.0,97,750,0
2025-03-26 18:10:00,82546.1,82652.5,82538.2,82651.1,166,750,0
2025-03-26 18:20:00,82648.6,82744.9,82568.3,82587.5,102,750,0
2025-03-27 09:30:00,82439.6,82441.6,82303.3,82344.5,70,750,0
2025-03-27 09:40:00,82344.5,82434.4,82344.5,82421.2,90,750,0
2025-03-27 09:50:00,82421.2,82447.7,82324.2,82351.7,60,750,0
2025-03-27 10:00:00,82352.7,82501.9,82340.1,82362.6,195,750,0
2025-03-27 10:10:00,82367.5,82551.2,82367.5,82524.3,188,750,0
2025-03-27 10:20:00,82521.4,82534.0,82393.1,82418.7,162,750,0
2025-03-27 10:30:00,82418.7,82419.5,82329.0,82345.0,205,750,0
2025-03-27 10:40:00,82347.0,82410.7,82347.0,82368.5,162,750,0
2025-03-27 10:50:00,82368.5,82371.5,82272.9,82364.9,207,750,0
2025-03-27 11:00:00,82364.9,82423.1,82252.0,82381.3,305,750,0
2025-03-27 11:10:00,82381.3,82461.6,82329.9,82389.1,263,750,0
2025-03-27 11:20:00,82390.1,82398.3,82315.2,82358.9,196,750,0
2025-03-27 11:30:00,82361.8,82372.1,82310.9,82338.6,185,750,0
2025-03-27 11:40:00,82338.6,82364.4,82312.5,82340.2,131,750,0
2025-03-27 11:50:00,82343.1,82490.6,82323.6,82459.1,163,750,0
2025-03-27 12:00:00,82458.2,82480.5,82368.8,82371.8,141,750,0
2025-03-27 12:10:00,82371.8,82419.3,82312.2,82349.1,152,750,0
2025-03-27 12:20:00,82349.1,82369.4,82313.7,82368.0,189,750,0
2025-03-27 12:30:00,82368.0,82368.0,82265.3,82274.3,162,750,0
2025-03-27 12:40:00,82274.3,82293.4,82203.3,82221.4,198,750,0
2025-03-27 12:50:00,82221.4,82253.6,82192.6,82212.3,223,750,0
2025-03-27 13:00:00,82212.3,82233.1,82173.9,82209.2,245,750,0
2025-03-27 13:10:00,82209.2,82234.4,82178.4,82202.4,213,750,0
2025-03-27 13:20:00,82201.5,82242.4,82184.6,82192.8,244,750,0
2025-03-27 13:30:00,82196.7,82212.2,82173.7,82184.7,190,750,0
2025-03-27 13:40:00,82184.8,82209.7,82161.6,82188.9,193,750,0
2025-03-27 13:50:00,82188.9,82195.3,82136.2,82140.6,263,750,0
2025-03-27 14:00:00,82140.6,82149.1,82062.3,82137.2,238,750,0
2025-03-27 14:10:00,82137.2,82191.8,82094.8,82130.1,279,750,0
2025-03-27 14:20:00,82130.1,82135.4,82072.2,82072.2,196,750,0
2025-03-27 14:30:00,82072.3,82108.9,82072.3,82097.9,204,750,0
2025-03-27 14:40:00,82098.9,82109.4,82077.4,82094.0,187,750,0
2025-03-27 14:50:00,82094.5,82109.3,82082.2,82091.3,196,750,0
2025-03-27 15:00:00,82091.3,82092.5,82014.2,82022.1,201,750,0
2025-03-27 15:10:00,82023.1,82042.1,81979.4,81985.4,257,750,0
2025-03-27 15:20:00,81985.4,81986.4,81938.4,81956.1,255,750,0
2025-03-27 15:30:00,81956.1,82043.7,81954.2,81987.9,342,750,0
2025-03-27 15:40:00,81987.9,81994.4,81914.5,81923.0,207,750,0
2025-03-27 15:50:00,81925.0,81972.9,81902.6,81949.3,254,750,0
2025-03-27 16:00:00,81949.3,82009.5,81922.1,81951.8,300,750,0
2025-03-27 16:10:00,81951.8,82027.0,81951.8,81989.7,222,750,0
2025-03-27 16:20:00,81989.7,82024.5,81954.2,82024.5,189,750,0
2025-03-27 16:30:00,82023.6,82079.7,81926.6,81965.7,302,750,0
2025-03-27 16:40:00,81974.0,82164.2,81955.9,82162.2,252,750,0
2025-03-27 16:50:00,82162.2,82331.3,82162.1,82245.7,229,750,0
2025-03-27 17:00:00,82246.7,82346.7,82212.3,82291.0,191,750,0
2025-03-27 17:10:00,82291.0,82336.1,82241.8,82336.0,216,750,0
2025-03-27 17:20:00,82336.5,82376.8,82283.3,82359.1,180,750,0
2025-03-27 17:30:00,82348.7,82466.6,82324.2,82418.5,191,750,0
2025-03-27 17:40:00,82420.5,82519.8,82404.8,82496.4,230,750,0
2025-03-27 17:50:00,82496.4,82628.5,82482.7,82610.3,195,750,0
2025-03-27 18:00:00,82610.4,82666.5,82526.1,82533.0,237,750,0
2025-03-27 18:10:00,82533.0,82602.6,82471.2,82471.2,178,750,0
2025-03-27 18:20:00,82471.2,82471.2,82291.0,82369.2,157,750,0
2025-03-28 09:30:00,82371.5,82371.5,82136.9,82150.7,155,750,0
2025-03-28 09:40:00,82150.7,82166.9,82139.9,82155.7,47,750,0
2025-03-28 09:50:00,82155.7,82165.9,82079.2,82086.1,57,750,0
2025-03-28 10:00:00,82086.1,82186.7,82029.1,82132.3,274,750,0
2025-03-28 10:10:00,82132.3,82241.9,82068.6,82241.9,158,750,0
2025-03-28 10:20:00,82244.4,82375.4,82211.1,82226.5,218,750,0
2025-03-28 10:30:00,82226.5,82238.7,82131.9,82199.3,169,750,0
2025-03-28 10:40:00,82210.1,82213.1,82104.0,82113.2,180,750,0
2025-03-28 10:50:00,82113.2,82141.7,81964.7,82074.1,288,750,0
2025-03-28 11:00:00,82076.1,82264.5,82076.1,82237.4,392,750,0
2025-03-28 11:10:00,82237.4,82255.1,82174.9,82197.5,252,750,0
2025-03-28 11:20:00,82199.5,82244.8,82109.5,82114.7,272,750,0
2025-03-28 11:30:00,82110.7,82302.1,82087.3,82300.2,371,750,0
2025-03-28 11:40:00,82300.2,82375.1,82252.3,82364.4,245,750,0
2025-03-28 11:50:00,82364.4,82452.9,82363.6,82447.0,149,750,0
2025-03-28 12:00:00,82447.0,82452.9,82329.8,82369.7,207,750,0
2025-03-28 12:10:00,82369.7,82431.3,82351.4,82409.3,198,750,0
2025-03-28 12:20:00,82409.2,82409.2,82300.3,82352.3,260,750,0
2025-03-28 12:30:00,82352.3,82376.0,82274.7,82283.5,253,750,0
2025-03-28 12:40:00,82283.5,82321.2,82166.8,82197.3,196,750,0
2025-03-28 12:50:00,82207.5,82240.3,82101.6,82140.9,213,750,0
2025-03-28 13:00:00,82140.9,82263.1,82140.9,82211.0,241,750,0
2025-03-28 13:10:00,82211.0,82239.9,82165.9,82209.9,246,750,0
2025-03-28 13:20:00,82209.9,82211.9,82110.9,82128.9,108,750,0
2025-03-28 13:30:00,82148.0,82187.1,82130.7,82186.8,60,750,0
2025-03-28 13:40:00,82186.8,82273.1,82186.6,82222.0,142,750,0
2025-03-28 13:50:00,82224.9,82278.8,82203.6,82219.0,149,750,0
2025-03-28 14:00:00,82216.5,82241.6,82188.6,82224.4,117,750,0
2025-03-28 14:10:00,82224.4,82308.8,82190.0,82299.3,117,750,0
2025-03-28 14:20:00,82299.3,82353.7,82267.8,82353.7,135,750,0
2025-03-28 14:30:00,82353.7,82426.9,82310.4,82426.9,127,750,0
2025-03-28 14:40:00,82427.3,82499.9,82418.0,82481.0,117,750,0
2025-03-28 14:50:00,82481.0,82545.5,82438.3,82523.9,176,750,0
2025-03-28 15:00:00,82523.9,82534.2,82455.3,82510.5,169,750,0
2025-03-28 15:10:00,82510.5,82511.4,82452.5,82494.9,194,750,0
2025-03-28 15:20:00,82494.9,82535.1,82452.1,82518.5,151,750,0
2025-03-28 15:30:00,82518.5,82518.5,82355.4,82358.7,278,750,0
2025-03-28 15:40:00,82358.7,82379.1,82242.2,82356.1,243,750,0
2025-03-28 15:50:00,82356.1,82423.9,82338.7,82358.9,217,750,0
2025-03-28 16:00:00,82374.6,82539.4,82326.1,82498.6,313,750,0
2025-03-28 16:10:00,82498.6,82603.2,82441.8,82595.2,308,750,0
2025-03-28 16:20:00,82595.2,82595.2,82484.2,82554.3,232,750,0
2025-03-28 16:30:00,82552.4,82587.6,82440.4,82573.0,409,750,0
2025-03-28 16:40:00,82573.0,82618.5,82503.3,82577.7,409,750,0
2025-03-28 16:50:00,82578.6,82738.2,82573.8,82611.6,308,750,0
2025-03-28 17:00:00,82608.7,82747.9,82566.5,82606.7,433,750,0
2025-03-28 17:10:00,82606.7,82738.3,82555.7,82558.6,282,750,0
2025-03-28 17:20:00,82598.9,82648.5,82483.1,82505.7,262,750,0
2025-03-28 17:30:00,82505.7,82523.6,82379.9,82439.7,258,750,0
2025-03-28 17:40:00,82439.7,82446.4,82298.4,82351.9,239,750,0
2025-03-28 17:50:00,82351.9,82368.6,82230.1,82247.9,221,750,0
2025-03-28 18:00:00,82250.8,82263.6,82160.5,82234.3,153,750,0
2025-03-28 18:10:00,82234.3,82365.1,82234.3,82344.4,130,750,0
2025-03-28 18:20:00,82345.4,82449.6,82345.4,82398.6,111,750,0
2025-03-31 09:30:00,81860.2,81894.0,81689.1,81792.5,152,750,0
2025-03-31 09:40:00,81792.5,81792.5,81664.8,81739.4,107,750,0
2025-03-31 09:50:00,81739.4,81770.0,81681.5,81725.8,72,750,0
2025-03-31 10:00:00,81729.7,81849.6,81705.2,81822.3,341,750,0
2025-03-31 10:10:00,81810.5,81834.9,81696.6,81745.1,362,750,0
2025-03-31 10:20:00,81745.1,81817.3,81685.1,81784.7,415,750,0
2025-03-31 10:30:00,81784.7,81784.7,81674.9,81761.2,349,750,0
2025-03-31 10:40:00,81761.2,81782.4,81682.6,81726.9,265,750,0
2025-03-31 10:50:00,81728.5,81823.6,81695.1,81820.1,268,750,0
2025-03-31 11:00:00,81820.1,81869.0,81768.7,81825.4,355,750,0
2025-03-31 11:10:00,81825.9,81908.5,81813.7,81856.5,307,750,0
2025-03-31 11:20:00,81856.5,81858.1,81777.9,81804.9,290,750,0
2025-03-31 11:30:00,81786.8,81848.9,81782.8,81783.9,247,750,0
2025-03-31 11:40:00,81783.9,81794.1,81689.8,81713.5,174,750,0
2025-03-31 11:50:00,81714.5,81760.4,81687.9,81694.8,151,750,0
2025-03-31 12:00:00,81689.9,81699.7,81650.9,81679.2,164,750,0
2025-03-31 12:10:00,81679.2,81721.2,81650.9,81666.6,107,750,0
2025-03-31 12:20:00,81670.5,81730.0,81667.6,81729.9,138,750,0
2025-03-31 12:30:00,81731.7,81736.0,81644.5,81644.5,163,750,0
2025-03-31 12:40:00,81643.5,81656.1,81553.1,81562.8,152,750,0
2025-03-31 12:50:00,81563.8,81575.5,81501.1,81517.4,250,750,0
2025-03-31 13:00:00,81516.4,81597.9,81505.7,81549.6,217,750,0
2025-03-31 13:10:00,81549.6,81598.2,81523.7,81524.6,171,750,0
2025-03-31 13:20:00,81526.6,81601.9,81515.1,81521.4,137,750,0
2025-03-31 13:30:00,81521.4,81528.4,81429.3,81432.3,185,750,0
2025-03-31 13:40:00,81434.3,81526.5,81432.4,81452.2,207,750,0
2025-03-31 13:50:00,81440.4,81542.2,81401.8,81481.9,239,750,0
2025-03-31 14:00:00,81485.3,81523.0,81452.9,81484.3,234,750,0
2025-03-31 14:10:00,81475.6,81537.3,81473.5,81505.5,274,750,0
2025-03-31 14:20:00,81505.5,81523.2,81408.7,81438.2,134,750,0
2025-03-31 14:30:00,81440.2,81568.5,81423.3,81568.5,129,750,0
2025-03-31 14:40:00,81568.5,81627.7,81536.6,81594.1,128,750,0
2025-03-31 14:50:00,81594.1,81625.1,81547.9,81568.3,180,750,0
2025-03-31 15:00:00,81567.8,81587.5,81539.4,81582.2,153,750,0
2025-03-31 15:10:00,81582.2,81618.1,81551.8,81617.9,94,750,0
2025-03-31 15:20:00,81617.9,81680.9,81595.0,81658.4,178,750,0
2025-03-31 15:30:00,81658.5,81692.7,81624.4,81682.8,133,750,0
2025-03-31 15:40:00,81682.8,81729.1,81645.0,81662.8,194,750,0
2025-03-31 15:50:00,81662.8,81715.5,81606.9,81620.1,351,750,0
2025-03-31 16:00:00,81620.1,81645.3,81572.1,81575.9,170,750,0
2025-03-31 16:10:00,81575.9,81632.0,81527.9,81626.1,176,750,0
2025-03-31 16:20:00,81626.1,81686.4,81578.8,81628.1,141,750,0
2025-03-31 16:30:00,81628.1,81628.1,81396.0,81414.6,353,750,0
2025-03-31 16:40:00,81414.6,81476.9,81350.6,81413.3,261,750,0
2025-03-31 16:50:00,81413.3,81695.2,81371.1,81678.9,257,750,0
2025-03-31 17:00:00,81713.7,81849.4,81687.5,81819.4,325,750,0
2025-03-31 17:10:00,81823.2,81866.8,81644.9,81645.3,233,750,0
2025-03-31 17:20:00,81645.3,81653.4,81479.9,81526.5,274,750,0
2025-03-31 17:30:00,81527.0,81728.6,81527.0,81706.8,357,750,0
2025-03-31 17:40:00,81706.8,81804.1,81667.8,81783.4,253,750,0
2025-03-31 17:50:00,81783.4,81813.3,81526.2,81577.3,304,750,0
2025-03-31 18:00:00,81562.6,81787.0,81562.6,81757.2,187,750,0
2025-03-31 18:10:00,81757.2,81799.4,81726.8,81791.7,171,750,0
2025-03-31 18:20:00,81799.5,81888.9,81778.9,81832.0,189,750,0
2025-04-01 09:30:00,82022.8,82121.0,81924.7,81924.7,73,750,0
2025-04-01 09:40:00,81924.7,82052.5,81890.4,82052.5,99,750,0
2025-04-01 09:50:00,82052.5,82201.3,82023.1,82073.3,133,750,0
2025-04-01 10:00:00,82073.3,82388.1,82023.2,82363.2,343,750,0
2025-04-01 10:10:00,82368.5,82503.1,82327.8,82335.6,482,750,0
2025-04-01 10:20:00,82335.6,82390.8,82218.8,82230.1,278,750,0
2025-04-01 10:30:00,82230.1,82262.1,82104.1,82106.4,236,750,0
2025-04-01 10:40:00,82106.4,82178.8,82071.9,82178.7,233,750,0
2025-04-01 10:50:00,82178.7,82335.5,82123.0,82321.8,207,750,0
2025-04-01 11:00:00,82320.8,82375.1,82237.3,82353.3,267,750,0
2025-04-01 11:10:00,82356.1,82482.6,82349.2,82473.4,273,750,0
2025-04-01 11:20:00,82475.3,82571.1,82468.7,82566.9,300,750,0
2025-04-01 11:30:00,82566.9,82621.6,82537.1,82566.5,252,750,0
2025-04-01 11:40:00,82566.6,82646.7,82542.1,82587.8,314,750,0
2025-04-01 11:50:00,82580.8,82624.9,82525.9,82578.3,215,750,0
2025-04-01 12:00:00,82578.3,82717.6,82576.2,82694.4,287,750,0
2025-04-01 12:10:00,82694.4,82800.5,82674.4,82777.2,317,750,0
2025-04-01 12:20:00,82777.2,82835.1,82676.8,82745.9,272,750,0
2025-04-01 12:30:00,82745.9,82918.0,82745.9,82886.8,378,750,0
2025-04-01 12:40:00,82873.6,82936.1,82830.0,82880.9,388,750,0
2025-04-01 12:50:00,82882.2,82886.1,82808.6,82822.5,346,750,0
2025-04-01 13:00:00,82822.5,82894.2,82729.6,82767.6,335,750,0
2025-04-01 13:10:00,82773.5,82780.1,82705.8,82740.7,272,750,0
2025-04-01 13:20:00,82740.7,82806.2,82688.6,82691.5,210,750,0
2025-04-01 13:30:00,82691.5,82702.6,82472.1,82473.3,206,750,0
2025-04-01 13:40:00,82478.2,82539.9,82468.2,82487.2,197,750,0
2025-04-01 13:50:00,82486.7,82574.7,82472.1,82551.5,220,750,0
2025-04-01 14:00:00,82519.1,82589.5,82481.1,82557.0,165,750,0
2025-04-01 14:10:00,82557.0,82574.7,82506.8,82566.3,106,750,0
2025-04-01 14:20:00,82566.3,82604.9,82523.0,82527.0,163,750,0
2025-04-01 14:30:00,82527.0,82548.3,82425.0,82433.8,181,750,0
2025-04-01 14:40:00,82433.3,82492.2,82423.7,82468.6,191,750,0
2025-04-01 14:50:00,82468.6,82477.5,82397.6,82421.2,190,750,0
2025-04-01 15:00:00,82421.2,82428.6,82299.9,82340.9,215,750,0
2025-04-01 15:10:00,82340.9,82451.0,82324.2,82366.4,304,750,0
2025-04-01 15:20:00,82366.4,82406.9,82288.6,82348.8,290,750,0
2025-04-01 15:30:00,82359.6,82444.7,82291.3,82388.0,345,750,0
2025-04-01 15:40:00,82388.0,82390.6,82289.9,82343.2,226,750,0
2025-04-01 15:50:00,82334.3,82372.1,82291.6,82294.3,182,750,0
2025-04-01 16:00:00,82315.9,82371.9,82290.6,82312.1,235,750,0
2025-04-01 16:10:00,82312.1,82333.7,82264.4,82277.8,227,750,0
2025-04-01 16:20:00,82277.8,82351.6,82245.7,82265.4,239,750,0
2025-04-01 16:30:00,82266.4,82293.0,82019.1,82076.3,517,750,0
2025-04-01 16:40:00,82073.8,82340.2,82073.3,82291.8,305,750,0
2025-04-01 16:50:00,82291.8,82301.6,82109.9,82290.6,211,750,0
2025-04-01 17:00:00,82286.7,82286.7,82153.4,82199.9,259,750,0
2025-04-01 17:10:00,82205.8,82227.3,82088.8,82124.2,259,750,0
2025-04-01 17:20:00,82123.7,82222.2,82092.6,82208.7,242,750,0
2025-04-01 17:30:00,82208.7,82371.6,82170.1,82368.1,310,750,0
2025-04-01 17:40:00,82370.5,82502.2,82342.6,82476.9,227,750,0
2025-04-01 17:50:00,82476.9,82608.6,82474.9,82592.9,186,750,0
2025-04-01 18:00:00,82578.2,82744.3,82567.4,82709.9,231,750,0
2025-04-01 18:10:00,82709.9,82929.6,82702.2,82903.7,188,750,0
2025-04-01 18:20:00,82903.7,83039.8,82865.4,82974.6,191,750,0
2025-04-02 09:30:00,82314.9,82372.1,82232.8,82315.2,88,750,0
2025-04-02 09:40:00,82316.2,82502.1,82316.2,82502.1,74,750,0
2025-04-02 09:50:00,82502.1,82506.5,82379.3,82416.7,70,750,0
2025-04-02 10:00:00,82416.7,82459.3,82319.4,82459.3,243,750,0
2025-04-02 10:10:00,82459.3,82554.0,82408.3,82554.0,384,750,0
2025-04-02 10:20:00,82554.0,82592.6,82349.1,82357.9,421,750,0
2025-04-02 10:30:00,82357.9,82398.0,82245.0,82252.5,395,750,0
2025-04-02 10:40:00,82254.9,82305.3,82179.5,82225.9,393,750,0
2025-04-02 10:50:00,82225.9,82307.2,82177.7,82240.2,361,750,0
2025-04-02 11:00:00,82240.2,82303.8,82156.6,82272.5,274,750,0
2025-04-02 11:10:00,82271.5,82344.4,82195.1,82310.2,260,750,0
2025-04-02 11:20:00,82303.4,82415.0,82282.8,82356.2,186,750,0
2025-04-02 11:30:00,82356.2,82440.0,82345.4,82350.3,169,750,0
2025-04-02 11:40:00,82350.3,82424.1,82321.8,82422.1,154,750,0
2025-04-02 11:50:00,82403.4,82413.1,82312.2,82345.8,156,750,0
2025-04-02 12:00:00,82345.8,82515.3,82345.7,82484.8,115,750,0
2025-04-02 12:10:00,82484.8,82512.2,82392.6,82452.4,220,750,0
2025-04-02 12:20:00,82452.4,82455.6,82334.5,82347.6,183,750,0
2025-04-02 12:30:00,82347.6,82409.9,82336.7,82387.4,183,750,0
2025-04-02 12:40:00,82387.4,82466.1,82366.7,82394.4,205,750,0
2025-04-02 12:50:00,82394.4,82418.1,82322.5,82332.5,235,750,0
2025-04-02 13:00:00,82332.5,82395.5,82158.3,82281.7,355,750,0
2025-04-02 13:10:00,82281.7,82402.9,82221.4,82336.1,296,750,0
2025-04-02 13:20:00,82336.1,82349.6,82167.2,82227.0,231,750,0
2025-04-02 13:30:00,82227.0,82236.8,82020.0,82028.5,207,750,0
2025-04-02 13:40:00,82030.5,82097.8,81963.1,82050.6,277,750,0
2025-04-02 13:50:00,82050.6,82085.2,82003.4,82010.4,257,750,0
2025-04-02 14:00:00,82010.4,82019.3,81913.0,81971.9,158,750,0
2025-04-02 14:10:00,81971.9,82043.1,81958.3,82022.8,180,750,0
2025-04-02 14:20:00,82022.8,82029.5,81957.7,82001.9,174,750,0
2025-04-02 14:30:00,82001.9,82032.4,81834.0,81834.0,156,750,0
2025-04-02 14:40:00,81834.1,81887.8,81810.8,81833.8,251,750,0
2025-04-02 14:50:00,81833.8,81911.4,81828.0,81838.9,207,750,0
2025-04-02 15:00:00,81838.9,81868.8,81751.1,81751.1,269,750,0
2025-04-02 15:10:00,81751.1,81825.4,81741.7,81758.6,227,750,0
2025-04-02 15:20:00,81760.0,81760.0,81611.3,81642.4,274,750,0
2025-04-02 15:30:00,81642.8,81739.0,81590.6,81679.5,317,750,0
2025-04-02 15:40:00,81679.5,81712.3,81635.4,81660.9,302,750,0
2025-04-02 15:50:00,81664.4,81714.2,81649.7,81676.4,246,750,0
2025-04-02 16:00:00,81688.2,81704.3,81583.9,81640.6,235,750,0
2025-04-02 16:10:00,81640.6,81735.7,81563.2,81601.8,316,750,0
2025-04-02 16:20:00,81601.8,81649.9,81562.8,81621.6,294,750,0
2025-04-02 16:30:00,81622.0,81633.3,81490.0,81490.0,340,750,0
2025-04-02 16:40:00,81490.9,81518.0,81449.6,81468.3,314,750,0
2025-04-02 16:50:00,81468.3,81585.6,81431.9,81509.6,344,750,0
2025-04-02 17:00:00,81510.6,81631.7,81477.2,81551.3,417,750,0
2025-04-02 17:10:00,81552.3,81569.6,81440.9,81454.6,408,750,0
2025-04-02 17:20:00,81452.6,81493.7,81392.4,81417.0,335,750,0
2025-04-02 17:30:00,81417.5,81484.9,81397.8,81452.9,338,750,0
2025-04-02 17:40:00,81453.9,81871.3,81437.1,81871.3,339,750,0
2025-04-02 17:50:00,81899.7,81965.6,81855.6,81888.1,199,750,0
2025-04-02 18:00:00,81882.2,81945.7,81826.1,81918.7,131,750,0
2025-04-02 18:10:00,81918.7,81936.4,81826.4,81891.3,232,750,0
2025-04-02 18:20:00,81892.3,82037.9,81892.3,81945.5,135,750,0
2025-04-03 09:30:00,80769.9,80769.9,80489.7,80569.4,155,750,0
2025-04-03 09:40:00,80572.3,80593.9,80482.0,80482.0,123,750,0
2025-04-03 09:50:00,80482.0,80484.3,80306.4,80419.5,131,750,0
2025-04-03 10:00:00,80419.5,80472.6,80268.1,80447.2,447,750,0
2025-04-03 10:10:00,80447.2,80583.9,80273.7,80303.7,501,750,0
2025-04-03 10:20:00,80303.7,80431.8,80260.1,80349.9,581,750,0
2025-04-03 10:30:00,80352.9,80363.7,79910.6,79949.2,669,750,0
2025-04-03 10:40:00,79949.2,79962.5,79848.9,79858.3,570,750,0
2025-04-03 10:50:00,79857.9,79880.8,79758.6,79877.4,551,750,0
2025-04-03 11:00:00,79874.4,79881.7,79696.5,79745.0,504,750,0
2025-04-03 11:10:00,79745.9,79777.1,79682.4,79743.7,534,750,0
2025-04-03 11:20:00,79743.7,79869.3,79586.5,79712.7,571,750,0
2025-04-03 11:30:00,79715.7,79766.2,79632.1,79734.1,497,750,0
2025-04-03 11:40:00,79735.5,79736.5,79352.4,79509.3,647,750,0
2025-04-03 11:50:00,79507.9,79511.9,79339.9,79434.9,548,750,0
2025-04-03 12:00:00,79431.9,79544.5,79261.9,79262.8,613,750,0
2025-04-03 12:10:00,79264.4,79361.7,79182.6,79302.6,681,750,0
2025-04-03 12:20:00,79299.6,79390.9,79260.3,79380.7,555,750,0
2025-04-03 12:30:00,79380.7,79382.2,79152.3,79192.6,500,750,0
2025-04-03 12:40:00,79192.6,79196.7,78774.4,78864.9,578,750,0
2025-04-03 12:50:00,78868.8,79008.2,78863.3,78931.5,603,750,0
2025-04-03 13:00:00,78931.5,78941.4,78508.0,78580.7,655,750,0
2025-04-03 13:10:00,78583.6,78737.9,78524.5,78606.4,731,750,0
2025-04-03 13:20:00,78606.9,78774.1,78439.5,78448.4,697,750,0
2025-04-03 13:30:00,78450.3,78464.5,78067.8,78152.3,681,750,0
2025-04-03 13:40:00,78152.3,78294.6,78072.6,78185.0,459,750,0
2025-04-03 13:50:00,78185.0,78201.6,78028.7,78063.0,264,750,0
2025-04-03 14:00:00,78071.8,78532.1,78018.5,78507.5,426,750,0
2025-04-03 14:10:00,78519.2,78797.2,78373.5,78447.2,454,750,0
2025-04-03 14:20:00,78445.2,78728.3,78445.2,78723.0,351,750,0
2025-04-03 14:30:00,78723.0,78870.8,78664.0,78870.8,341,750,0
2025-04-03 14:40:00,78870.8,78969.4,78756.4,78829.9,317,750,0
2025-04-03 14:50:00,78829.9,78868.3,78719.4,78725.6,335,750,0
2025-04-03 15:00:00,78723.0,78946.4,78701.1,78813.8,349,750,0
2025-04-03 15:10:00,78809.9,79121.8,78742.0,79109.2,328,750,0
2025-04-03 15:20:00,79109.2,79125.3,78835.4,78914.0,323,750,0
2025-04-03 15:30:00,78913.0,78961.2,78788.7,78811.4,301,750,0
2025-04-03 15:40:00,78811.4,78858.9,78661.4,78723.2,372,750,0
2025-04-03 15:50:00,78732.1,78948.4,78732.1,78875.6,285,750,0
2025-04-03 16:00:00,78875.6,78915.7,78667.9,78698.4,346,750,0
2025-04-03 16:10:00,78698.9,78772.7,78416.5,78422.4,426,750,0
2025-04-03 16:20:00,78421.4,78422.4,78291.8,78339.7,448,750,0
2025-04-03 16:30:00,78354.5,79102.8,78323.9,79053.6,519,750,0
2025-04-03 16:40:00,79053.6,79058.5,78889.4,78983.7,360,750,0
2025-04-03 16:50:00,78975.9,79206.9,78912.2,78942.6,409,750,0
2025-04-03 17:00:00,78942.1,79057.1,78889.0,78957.5,513,750,0
2025-04-03 17:10:00,78956.5,79163.3,78901.1,79054.8,501,750,0
2025-04-03 17:20:00,79040.6,79245.7,79040.6,79208.2,340,750,0
2025-04-03 17:30:00,79205.3,79258.4,79067.3,79090.9,283,750,0
2025-04-03 17:40:00,79090.9,79203.5,79051.4,79168.8,172,750,0
2025-04-03 17:50:00,79168.8,79348.4,79041.6,79088.8,271,750,0
2025-04-03 18:00:00,79112.4,79215.8,79009.2,79073.2,208,750,0
2025-04-03 18:10:00,79073.2,79254.6,79045.2,79053.6,260,750,0
2025-04-03 18:20:00,79053.6,79190.9,78973.4,79139.3,221,750,0
2025-04-04 09:30:00,78764.0,78764.0,78468.8,78634.8,154,750,0
2025-04-04 09:40:00,78632.8,78745.7,78469.1,78517.3,96,750,0
2025-04-04 09:50:00,78517.3,78517.3,78276.2,78317.5,142,750,0
2025-04-04 10:00:00,78317.5,78327.4,77694.7,77908.2,539,750,0
2025-04-04 10:10:00,77915.1,78186.6,77915.1,78013.5,358,750,0
2025-04-04 10:20:00,78013.5,78089.5,77880.7,78002.5,575,750,0
2025-04-04 10:30:00,77987.3,77994.6,77729.1,77756.1,573,750,0
2025-04-04 10:40:00,77756.1,77759.0,77332.8,77393.0,587,750,0
2025-04-04 10:50:00,77394.9,77405.8,76973.9,77096.9,630,750,0
2025-04-04 11:00:00,77113.1,77113.1,76767.1,76980.5,737,750,0
2025-04-04 11:10:00,76971.3,77132.0,76885.9,77120.2,568,750,0
2025-04-04 11:20:00,77124.2,77243.9,77031.7,77048.2,472,750,0
2025-04-04 11:30:00,77045.3,77100.5,76955.0,76988.8,403,750,0
2025-04-04 11:40:00,76979.9,77542.3,76979.9,77392.6,500,750,0
2025-04-04 11:50:00,77400.5,77523.3,77313.1,77371.7,510,750,0
2025-04-04 12:00:00,77373.7,77508.3,77224.2,77508.3,521,750,0
2025-04-04 12:10:00,77512.6,77548.6,77331.0,77340.8,446,750,0
2025-04-04 12:20:00,77348.7,77460.7,77295.1,77384.7,321,750,0
2025-04-04 12:30:00,77385.7,77464.5,77242.2,77431.1,402,750,0
2025-04-04 12:40:00,77431.1,77494.2,77366.4,77466.5,465,750,0
2025-04-04 12:50:00,77467.5,77520.4,77416.3,77449.9,349,750,0
2025-04-04 13:00:00,77453.8,77500.1,77134.3,77134.3,364,750,0
2025-04-04 13:10:00,77134.3,77171.7,76791.0,76879.8,454,750,0
2025-04-04 13:20:00,76879.8,76888.8,76535.5,76680.7,474,750,0
2025-04-04 13:30:00,76680.7,76722.4,76534.6,76621.1,449,750,0
2025-04-04 13:40:00,76591.5,76774.2,76277.5,76277.5,432,750,0
2025-04-04 13:50:00,76277.5,76462.6,76168.5,76461.1,433,750,0
2025-04-04 14:00:00,76462.1,76628.5,76462.1,76599.0,254,750,0
2025-04-04 14:10:00,76599.0,76622.5,76391.3,76398.8,323,750,0
2025-04-04 14:20:00,76400.8,76414.5,76112.6,76133.4,247,750,0
2025-04-04 14:30:00,76133.4,76385.2,76022.6,76354.5,219,750,0
2025-04-04 14:40:00,76354.5,76354.5,76113.1,76280.7,231,750,0
2025-04-04 14:50:00,76280.7,76456.3,76254.3,76371.6,218,750,0
2025-04-04 15:00:00,76365.7,76365.7,76114.1,76128.0,243,750,0
2025-04-04 15:10:00,76128.0,76216.0,76118.1,76126.9,324,750,0
2025-04-04 15:20:00,76126.9,76270.0,76088.5,76153.9,264,750,0
2025-04-04 15:30:00,76154.0,76398.8,76154.0,76250.3,271,750,0
2025-04-04 15:40:00,76250.3,76434.4,76229.4,76396.1,123,750,0
2025-04-04 15:50:00,76396.1,76397.0,76159.1,76188.0,274,750,0
2025-04-04 16:00:00,76188.0,76533.0,76188.0,76408.4,316,750,0
2025-04-04 16:10:00,76408.4,76429.1,76164.8,76321.3,280,750,0
2025-04-04 16:20:00,76321.3,76332.2,76160.7,76182.7,333,750,0
2025-04-04 16:30:00,76189.6,76384.5,76098.9,76242.0,427,750,0
2025-04-04 16:40:00,76242.0,76259.7,75678.1,75696.8,557,750,0
2025-04-04 16:50:00,75694.8,75963.4,75634.7,75839.8,496,750,0
2025-04-04 17:00:00,75839.8,75839.8,75341.2,75341.2,413,750,0
2025-04-04 17:10:00,75341.3,75392.8,75051.8,75150.3,413,750,0
2025-04-04 17:20:00,75151.3,75218.0,74876.8,74876.8,175,750,0
2025-04-04 17:30:00,74875.9,74900.5,74464.7,74568.6,353,750,0
2025-04-04 17:40:00,74570.6,74642.8,74022.0,74082.6,371,750,0
2025-04-04 17:50:00,74082.6,74446.9,73916.3,74418.4,409,750,0
2025-04-04 18:00:00,74412.5,75850.6,74408.5,75157.7,316,750,0
2025-04-04 18:10:00,75158.7,75552.5,75068.1,75123.4,285,750,0
2025-04-04 18:20:00,75123.4,75158.8,74789.7,74812.4,230,750,0
2025-04-07 09:30:00,71154.9,71155.9,69896.0,70269.7,122,750,0
2025-04-07 09:40:00,70269.7,70570.1,70021.6,70022.6,179,750,0
2025-04-07 09:50:00,70021.6,70342.0,69984.2,70280.5,231,750,0
2025-04-07 10:00:00,70280.5,70870.4,70280.5,70870.4,426,750,0
2025-04-07 10:10:00,70870.4,71067.2,70485.4,70961.2,440,750,0
2025-04-07 10:20:00,70963.1,71340.3,70774.6,71278.3,698,750,0
2025-04-07 10:30:00,71315.7,71437.9,71018.5,71432.5,746,750,0
2025-04-07 10:40:00,71437.4,72035.1,71380.3,71973.2,703,750,0
2025-04-07 10:50:00,71974.2,72365.7,71834.7,72295.6,528,750,0
2025-04-07 11:00:00,72295.6,72816.3,72223.8,72726.8,491,750,0
2025-04-07 11:10:00,72708.1,72995.3,72649.0,72961.9,474,750,0
2025-04-07 11:20:00,72961.8,73435.1,72906.6,73342.6,610,750,0
2025-04-07 11:30:00,73342.6,73393.8,73065.6,73228.2,646,750,0
2025-04-07 11:40:00,73197.7,73613.4,73154.4,73509.3,601,750,0
2025-04-07 11:50:00,73509.3,73864.2,73504.4,73612.8,423,750,0
2025-04-07 12:00:00,73611.8,73829.9,73504.0,73823.0,491,750,0
2025-04-07 12:10:00,73847.6,74052.8,73703.1,73724.7,614,750,0
2025-04-07 12:20:00,73726.7,74009.8,73676.6,73966.5,439,750,0
2025-04-07 12:30:00,73966.5,74484.5,73942.8,74416.6,500,750,0
2025-04-07 12:40:00,74447.1,74634.5,74399.8,74576.8,269,750,0
2025-04-07 12:50:00,74584.8,74660.4,74480.1,74506.3,349,750,0
2025-04-07 13:00:00,74508.3,75128.4,74508.3,74922.9,350,750,0
2025-04-07 13:10:00,74922.9,74922.9,74479.1,74611.2,412,750,0
2025-04-07 13:20:00,74613.2,74842.1,74573.7,74591.1,404,750,0
2025-04-07 13:30:00,74631.4,74706.6,74546.5,74696.3,370,750,0
2025-04-07 13:40:00,74647.1,74734.7,74539.2,74665.7,447,750,0
2025-04-07 13:50:00,74666.7,74728.6,74472.0,74496.6,299,750,0
2025-04-07 14:00:00,74496.6,74691.7,74447.4,74645.2,461,750,0
2025-04-07 14:10:00,74645.2,74645.2,74478.7,74596.9,392,750,0
2025-04-07 14:20:00,74596.9,74687.9,74460.3,74461.4,409,750,0
2025-04-07 14:30:00,74458.5,74465.7,74327.1,74418.5,302,750,0
2025-04-07 14:40:00,74418.5,74454.4,74247.0,74249.9,443,750,0
2025-04-07 14:50:00,74257.8,74325.0,74119.6,74212.4,504,750,0
2025-04-07 15:00:00,74212.4,74360.5,74208.2,74250.7,553,750,0
2025-04-07 15:10:00,74258.0,74385.2,74179.7,74332.6,510,750,0
2025-04-07 15:20:00,74331.6,74485.7,74283.6,74463.8,450,750,0
2025-04-07 15:30:00,74475.6,74528.9,74217.3,74290.0,376,750,0
2025-04-07 15:40:00,74292.9,74817.6,74234.0,74780.7,381,750,0
2025-04-07 15:50:00,74780.7,74984.6,74710.7,74717.2,226,750,0
2025-04-07 16:00:00,74718.2,74812.8,74516.4,74537.0,246,750,0
2025-04-07 16:10:00,74537.0,74537.0,74265.0,74363.4,398,750,0
2025-04-07 16:20:00,74364.4,74585.9,74254.7,74287.2,367,750,0
2025-04-07 16:30:00,74293.1,74472.4,73822.7,73856.5,489,750,0
2025-04-07 16:40:00,73844.6,74340.8,73666.3,74277.8,404,750,0
2025-04-07 16:50:00,74279.8,75180.9,74278.8,75136.1,335,750,0
2025-04-07 17:00:00,75136.1,75244.7,74897.9,74922.6,395,750,0
2025-04-07 17:10:00,74922.6,77526.5,74922.6,77317.9,439,750,0
2025-04-07 17:20:00,77452.7,77452.9,75215.4,75320.9,355,750,0
2025-04-07 17:30:00,75321.8,75743.3,74660.9,74734.5,326,750,0
2025-04-07 17:40:00,74749.2,75033.6,74601.3,74714.7,289,750,0
2025-04-07 17:50:00,74734.4,75335.8,74734.4,75214.8,297,750,0
2025-04-07 18:00:00,75216.8,75598.8,74915.7,74918.7,239,750,0
2025-04-07 18:10:00,74922.6,75000.4,73480.7,74267.6,216,750,0
2025-04-07 18:20:00,74266.1,74404.0,73791.3,73791.3,167,750,0
2025-04-08 09:30:00,75413.7,75414.6,74776.7,74942.2,112,750,0
2025-04-08 09:40:00,74943.2,75215.0,74943.2,75198.2,119,750,0
2025-04-08 09:50:00,75199.2,75314.5,75067.4,75109.8,139,750,0
2025-04-08 10:00:00,75109.8,75149.1,74479.2,74521.1,607,750,0
2025-04-08 10:10:00,74525.1,75212.5,74502.4,74872.7,525,750,0
2025-04-08 10:20:00,74872.8,75259.2,74781.9,75132.6,440,750,0
2025-04-08 10:30:00,75137.6,75159.7,74742.0,74956.5,532,750,0
2025-04-08 10:40:00,74958.4,75066.8,74778.4,74976.4,532,750,0
2025-04-08 10:50:00,74979.4,75205.4,74905.7,75143.9,590,750,0
2025-04-08 11:00:00,75161.7,75196.0,75058.1,75191.2,566,750,0
2025-04-08 11:10:00,75192.2,75235.8,75071.4,75225.5,593,750,0
2025-04-08 11:20:00,75225.5,75348.2,75151.4,75335.1,558,750,0
2025-04-08 11:30:00,75336.1,75553.4,75292.0,75502.3,418,750,0
2025-04-08 11:40:00,75502.8,75744.2,75502.3,75708.8,449,750,0
2025-04-08 11:50:00,75708.8,75991.9,75628.5,75989.9,474,750,0
2025-04-08 12:00:00,75990.4,76058.9,75921.7,76018.1,472,750,0
2025-04-08 12:10:00,76018.1,76280.5,75861.3,76184.3,495,750,0
2025-04-08 12:20:00,76185.3,76294.0,76070.7,76207.3,472,750,0
2025-04-08 12:30:00,76207.3,76412.6,76204.2,76392.5,421,750,0
2025-04-08 12:40:00,76411.2,76538.0,76333.3,76386.9,468,750,0
2025-04-08 12:50:00,76386.9,76393.0,76159.4,76317.4,437,750,0
2025-04-08 13:00:00,76315.4,76402.8,76162.6,76347.7,536,750,0
2025-04-08 13:10:00,76329.0,76344.7,75751.6,76086.4,635,750,0
2025-04-08 13:20:00,76086.4,76285.8,75998.8,76205.5,461,750,0
2025-04-08 13:30:00,76205.5,76206.9,76015.9,76080.3,472,750,0
2025-04-08 13:40:00,76080.3,76347.7,76035.9,76299.5,446,750,0
2025-04-08 13:50:00,76290.6,76304.6,76164.5,76195.3,342,750,0
2025-04-08 14:00:00,76197.3,76308.3,76112.5,76269.0,400,750,0
2025-04-08 14:10:00,76269.5,76338.3,76109.4,76314.6,395,750,0
2025-04-08 14:20:00,76314.6,76474.1,76232.5,76474.1,280,750,0
2025-04-08 14:30:00,76475.1,76813.3,76423.4,76809.6,310,750,0
2025-04-08 14:40:00,76807.7,76874.8,76664.4,76874.8,363,750,0
2025-04-08 14:50:00,76873.8,76917.1,76779.0,76857.7,430,750,0
2025-04-08 15:00:00,76860.7,76986.2,76767.8,76802.0,492,750,0
2025-04-08 15:10:00,76808.9,77359.2,76807.0,77352.2,384,750,0
2025-04-08 15:20:00,77352.2,77360.0,77045.4,77130.1,228,750,0
2025-04-08 15:30:00,77135.0,77662.8,77131.1,77572.9,376,750,0
2025-04-08 15:40:00,77572.9,77669.9,77271.3,77399.8,228,750,0
2025-04-08 15:50:00,77399.8,77795.1,77332.8,77740.8,282,750,0
2025-04-08 16:00:00,77702.4,77705.4,77318.4,77461.9,397,750,0
2025-04-08 16:10:00,77461.9,77681.5,77343.8,77349.1,597,750,0
2025-04-08 16:20:00,77355.1,77615.2,77324.6,77543.5,545,750,0
2025-04-08 16:30:00,77543.5,77664.5,77153.5,77298.3,534,750,0
2025-04-08 16:40:00,77301.3,77304.2,77029.1,77046.8,365,750,0
2025-04-08 16:50:00,77066.5,77273.9,76892.6,77059.0,548,750,0
2025-04-08 17:00:00,77082.1,77449.9,77029.9,77358.3,434,750,0
2025-04-08 17:10:00,77358.3,77431.1,77076.2,77405.6,413,750,0
2025-04-08 17:20:00,77408.5,77463.5,77154.0,77394.2,388,750,0
2025-04-08 17:30:00,77394.2,77465.0,77165.9,77390.3,504,750,0
2025-04-08 17:40:00,77389.3,77408.1,77151.3,77333.6,522,750,0
2025-04-08 17:50:00,77334.5,77405.4,77148.5,77154.4,254,750,0
2025-04-08 18:00:00,77155.4,77219.4,76839.5,76920.2,248,750,0
2025-04-08 18:10:00,76920.2,76960.6,76607.2,76717.5,174,750,0
2025-04-08 18:20:00,76717.5,76878.0,76612.2,76632.9,155,750,0
2025-04-09 09:30:00,75138.0,75167.7,74847.5,75167.7,105,750,0
2025-04-09 09:40:00,75172.6,75192.3,74744.7,74745.6,143,750,0
2025-04-09 09:50:00,74745.6,74847.1,74464.0,74523.1,128,750,0
2025-04-09 10:00:00,74523.1,75737.4,74445.3,75404.5,381,750,0
2025-04-09 10:10:00,75408.5,76441.0,75408.5,76218.4,537,750,0
2025-04-09 10:20:00,76184.9,76259.5,75798.2,76167.2,618,750,0
2025-04-09 10:30:00,76180.9,76269.7,75762.8,76003.2,493,750,0
2025-04-09 10:40:00,76005.2,76315.0,75846.6,75962.6,651,750,0
2025-04-09 10:50:00,75962.6,76030.2,75502.6,75590.5,781,750,0
2025-04-09 11:00:00,75590.5,75723.5,75014.4,75145.0,808,750,0
2025-04-09 11:10:00,75180.4,75726.1,75103.7,75554.8,497,750,0
2025-04-09 11:20:00,75554.8,75710.9,75231.2,75320.3,576,750,0
2025-04-09 11:30:00,75328.1,75570.2,74983.6,75545.7,610,750,0
2025-04-09 11:40:00,75564.4,75941.6,75564.4,75898.5,427,750,0
2025-04-09 11:50:00,75886.7,76335.0,75813.8,76335.0,580,750,0
2025-04-09 12:00:00,76335.0,76521.6,76217.8,76320.8,340,750,0
2025-04-09 12:10:00,76320.8,76398.2,76176.3,76316.2,468,750,0
2025-04-09 12:20:00,76314.2,76342.3,76040.1,76086.5,394,750,0
2025-04-09 12:30:00,76094.4,76245.3,75976.3,76217.8,455,750,0
2025-04-09 12:40:00,76218.8,76218.8,75977.5,76046.1,461,750,0
2025-04-09 12:50:00,76026.4,76049.1,75733.1,75951.7,458,750,0
2025-04-09 13:00:00,75938.9,75971.4,75779.3,75868.3,401,750,0
2025-04-09 13:10:00,75873.3,76009.4,75741.7,75871.0,334,750,0
2025-04-09 13:20:00,75871.0,75971.1,75743.4,75824.2,415,750,0
2025-04-09 13:30:00,75822.7,75940.6,75745.4,75883.3,377,750,0
2025-04-09 13:40:00,75887.3,76114.5,75745.4,76114.5,390,750,0
2025-04-09 13:50:00,76114.5,76253.0,76045.8,76045.8,270,750,0
2025-04-09 14:00:00,76009.4,76012.3,75253.3,75577.3,430,750,0
2025-04-09 14:10:00,75577.3,75781.4,75510.9,75612.7,297,750,0
2025-04-09 14:20:00,75621.6,75647.2,75448.1,75535.5,470,750,0
2025-04-09 14:30:00,75535.5,75561.4,74817.2,75340.4,623,750,0
2025-04-09 14:40:00,75314.7,75688.8,75293.0,75559.9,442,750,0
2025-04-09 14:50:00,75558.9,75593.5,75332.6,75359.6,459,750,0
2025-04-09 15:00:00,75360.6,75467.4,75211.4,75392.4,451,750,0
2025-04-09 15:10:00,75392.4,75549.6,75367.1,75533.2,504,750,0
2025-04-09 15:20:00,75535.1,75601.3,75315.0,75454.1,441,750,0
2025-04-09 15:30:00,75454.1,75585.4,75419.0,75465.7,459,750,0
2025-04-09 15:40:00,75465.8,75703.1,75465.8,75632.0,339,750,0
2025-04-09 15:50:00,75629.0,75812.5,75575.6,75764.1,482,750,0
2025-04-09 16:00:00,75765.1,75929.6,75540.1,75818.9,525,750,0
2025-04-09 16:10:00,75842.6,75898.6,75747.5,75888.9,415,750,0
2025-04-09 16:20:00,75876.1,75911.4,75755.6,75874.0,573,750,0
2025-04-09 16:30:00,75868.1,76023.9,75692.2,76010.1,548,750,0
2025-04-09 16:40:00,76018.0,76202.1,75659.9,75991.5,543,750,0
2025-04-09 16:50:00,75992.5,76231.5,75835.4,75945.6,438,750,0
2025-04-09 17:00:00,75944.6,76206.5,75920.5,76089.4,475,750,0
2025-04-09 17:10:00,76089.4,76297.8,76025.4,76282.8,429,750,0
2025-04-09 17:20:00,76282.8,76304.4,75990.8,76056.6,319,750,0
2025-04-09 17:30:00,76056.5,76217.0,75938.7,75938.7,251,750,0
2025-04-09 17:40:00,75938.7,76062.5,75738.7,75784.2,301,750,0
2025-04-09 17:50:00,75784.2,75784.2,75384.7,75656.1,239,750,0
2025-04-09 18:00:00,75656.1,75929.3,75611.7,75857.4,190,750,0
2025-04-09 18:10:00,75857.4,75915.6,75591.1,75832.8,195,750,0
2025-04-09 18:20:00,75832.8,75838.7,75669.1,75693.8,265,750,0
2025-04-10 09:30:00,79102.3,79544.2,79102.3,79147.8,146,750,0
2025-04-10 09:40:00,79147.8,79225.6,79001.8,79172.3,167,750,0
2025-04-10 09:50:00,79172.3,79395.5,79172.3,79387.7,228,750,0
2025-04-10 10:00:00,79387.7,79639.5,79013.1,79638.5,205,750,0
2025-04-10 10:10:00,79640.5,79669.0,79278.6,79324.6,375,750,0
2025-04-10 10:20:00,79361.1,79393.9,78768.8,78815.4,359,750,0
2025-04-10 10:30:00,78815.4,78915.2,78397.0,78576.4,380,750,0
2025-04-10 10:40:00,78581.3,78829.1,78396.0,78641.0,461,750,0
2025-04-10 10:50:00,78643.0,78686.4,77903.6,77954.7,516,750,0
2025-04-10 11:00:00,77954.7,78470.6,77706.6,78417.9,445,750,0
2025-04-10 11:10:00,78417.9,78642.2,78348.0,78617.0,234,750,0
2025-04-10 11:20:00,78643.1,78660.2,78262.8,78346.3,345,750,0
2025-04-10 11:30:00,78351.3,78377.8,78139.0,78303.3,383,750,0
2025-04-10 11:40:00,78309.2,78472.8,77816.1,78119.0,407,750,0
2025-04-10 11:50:00,78128.8,78139.9,77409.7,77876.2,377,750,0
2025-04-10 12:00:00,77880.1,78062.7,77824.4,77944.1,431,750,0
2025-04-10 12:10:00,77944.1,78066.9,77866.2,78047.2,229,750,0
2025-04-10 12:20:00,78048.2,78125.0,78011.8,78060.8,245,750,0
2025-04-10 12:30:00,78060.8,78306.7,78060.8,78196.6,222,750,0
2025-04-10 12:40:00,78196.6,78203.9,78105.4,78131.1,368,750,0
2025-04-10 12:50:00,78131.1,78401.5,78092.8,78313.4,346,750,0
2025-04-10 13:00:00,78318.4,78573.5,78264.3,78541.0,247,750,0
2025-04-10 13:10:00,78541.0,78657.6,78462.7,78623.0,363,750,0
2025-04-10 13:20:00,78623.0,78641.3,78559.2,78610.7,138,750,0
2025-04-10 13:30:00,78610.7,78931.2,78610.7,78871.0,145,750,0
2025-04-10 13:40:00,78872.0,78878.1,78767.0,78795.6,210,750,0
2025-04-10 13:50:00,78795.6,78816.7,78746.7,78800.0,110,750,0
2025-04-10 14:00:00,78800.0,78809.5,78721.3,78808.8,123,750,0
2025-04-10 14:10:00,78808.8,78846.5,78739.7,78822.5,154,750,0
2025-04-10 14:20:00,78822.5,78882.7,78750.2,78764.7,172,750,0
2025-04-10 14:30:00,78764.7,78882.3,78745.7,78780.3,173,750,0
2025-04-10 14:40:00,78780.3,78855.9,78762.6,78780.1,151,750,0
2025-04-10 14:50:00,78795.9,78818.9,78699.3,78730.0,184,750,0
2025-04-10 15:00:00,78730.0,78774.0,78642.8,78750.5,145,750,0
2025-04-10 15:10:00,78750.5,78766.3,78692.3,78727.8,120,750,0
2025-04-10 15:20:00,78727.8,78727.8,78323.9,78520.0,237,750,0
2025-04-10 15:30:00,78521.0,78765.2,78321.0,78534.6,352,750,0
2025-04-10 15:40:00,78534.6,78558.2,78405.1,78531.5,177,750,0
2025-04-10 15:50:00,78531.5,78531.5,78412.9,78491.2,148,750,0
2025-04-10 16:00:00,78491.2,78625.0,78479.1,78539.9,247,750,0
2025-04-10 16:10:00,78539.9,78740.7,78528.2,78740.3,172,2710,0
2025-04-10 16:20:00,78740.3,78787.6,78525.8,78525.9,101,750,0
2025-04-10 16:30:00,78525.9,78648.6,78247.0,78327.7,247,750,0
2025-04-10 16:40:00,78328.7,78665.0,78303.7,78637.3,194,750,0
2025-04-10 16:50:00,78637.3,78745.7,78488.8,78524.9,277,750,0
2025-04-10 17:00:00,78524.9,78700.7,78384.5,78605.1,304,750,0
2025-04-10 17:10:00,78605.1,78639.2,78299.8,78605.7,306,750,0
2025-04-10 17:20:00,78603.8,78777.9,78603.8,78705.0,221,750,0
2025-04-10 17:30:00,78705.0,79072.8,78705.0,79063.6,347,750,0
2025-04-10 17:40:00,79062.6,79131.3,78923.6,79045.5,326,750,0
2025-04-10 17:50:00,79045.5,79203.3,79045.5,79128.4,218,750,0
2025-04-10 18:00:00,79128.4,79209.4,79071.2,79185.7,202,750,0
2025-04-10 18:10:00,79172.9,79172.9,78968.8,78978.7,65,750,0
2025-04-10 18:20:00,78978.7,79149.8,78968.9,79073.5,264,750,0
2025-04-11 09:30:00,79565.2,79909.6,79565.2,79909.6,117,1530,0
2025-04-11 09:40:00,79909.6,79959.9,79742.9,79748.9,65,750,0
2025-04-11 09:50:00,79748.9,79757.8,79624.7,79698.7,62,750,0
2025-04-11 10:00:00,79700.7,79892.1,79168.0,79835.9,320,750,0
2025-04-11 10:10:00,79837.9,79968.4,79509.4,79744.6,469,750,0
2025-04-11 10:20:00,79744.6,79875.0,79626.9,79628.8,261,750,0
2025-04-11 10:30:00,79628.8,79873.5,79601.2,79682.9,225,750,0
2025-04-11 10:40:00,79682.9,79803.5,79392.9,79393.0,225,1330,0
2025-04-11 10:50:00,79393.0,79434.4,78975.5,78975.5,255,750,0
2025-04-11 11:00:00,78970.6,79128.2,78746.0,79115.7,357,750,0
2025-04-11 11:10:00,79113.7,79218.0,78939.0,79038.8,280,750,0
2025-04-11 11:20:00,79035.8,79154.6,78960.1,79123.2,214,750,0
2025-04-11 11:30:00,79124.2,79243.3,78948.7,79010.1,189,750,0
2025-04-11 11:40:00,79010.1,79124.1,78920.8,78970.2,201,750,0
2025-04-11 11:50:00,78976.1,79008.6,78834.2,78922.5,262,750,0
2025-04-11 12:00:00,78927.5,79045.6,78759.4,78760.3,218,750,0
2025-04-11 12:10:00,78760.3,78846.0,78744.4,78784.7,171,750,0
2025-04-11 12:20:00,78784.7,78811.8,78715.4,78790.2,201,750,0
2025-04-11 12:30:00,78790.2,78866.5,78718.0,78816.6,235,750,0
2025-04-11 12:40:00,78817.6,78867.7,78763.2,78763.3,186,750,0
2025-04-11 12:50:00,78763.3,79058.9,78723.9,79054.0,229,750,0
2025-04-11 13:00:00,79054.0,79090.2,78916.3,79045.9,196,750,0
2025-04-11 13:10:00,79045.9,79391.4,79045.9,79391.4,247,750,0
2025-04-11 13:20:00,79391.4,79530.0,79359.7,79446.4,166,750,0
2025-04-11 13:30:00,79446.4,79523.3,79403.2,79459.4,138,750,0
2025-04-11 13:40:00,79459.4,79609.1,79292.5,79421.0,219,750,0
2025-04-11 13:50:00,79421.0,79721.0,79346.0,79721.0,163,750,0
2025-04-11 14:00:00,79721.0,79773.3,79573.8,79686.5,193,750,0
2025-04-11 14:10:00,79688.4,79744.5,79280.8,79324.1,215,750,0
2025-04-11 14:20:00,79324.1,79360.4,79171.0,79174.3,131,750,0
2025-04-11 14:30:00,79174.3,79175.8,79039.7,79041.6,150,750,0
2025-04-11 14:40:00,79041.6,79230.3,79040.7,79118.3,207,750,0
2025-04-11 14:50:00,79117.3,79295.5,79073.3,79278.9,166,750,0
2025-04-11 15:00:00,79278.9,79350.6,79190.9,79339.3,150,750,0
2025-04-11 15:10:00,79339.3,79395.8,79290.6,79323.8,172,750,0
2025-04-11 15:20:00,79323.8,79334.6,79117.0,79165.3,197,750,0
2025-04-11 15:30:00,79165.3,79429.0,79165.3,79362.7,171,1230,0
2025-04-11 15:40:00,79362.7,79379.8,79260.5,79351.2,196,750,0
2025-04-11 15:50:00,79351.2,79400.7,79148.6,79340.2,246,750,0
2025-04-11 16:00:00,79342.2,79420.7,79193.6,79263.6,278,750,0
2025-04-11 16:10:00,79264.6,79414.5,79169.1,79368.4,357,750,0
2025-04-11 16:20:00,79365.4,79378.6,79243.0,79307.6,254,750,0
2025-04-11 16:30:00,79307.6,79505.6,79118.5,79505.6,300,750,0
2025-04-11 16:40:00,79508.6,79565.4,79379.3,79482.2,228,750,0
2025-04-11 16:50:00,79482.2,79677.5,79422.6,79587.1,224,750,0
2025-04-11 17:00:00,79587.1,79713.5,79435.0,79663.4,206,750,0
2025-04-11 17:10:00,79663.4,79666.0,79403.5,79428.6,218,750,0
2025-04-11 17:20:00,79428.6,79428.6,79141.5,79223.7,263,750,0
2025-04-11 17:30:00,79224.6,79439.1,79196.0,79332.2,317,750,0
2025-04-11 17:40:00,79332.2,79514.6,79214.9,79407.2,251,750,0
2025-04-11 17:50:00,79349.0,79407.2,79241.0,79349.1,178,750,0
2025-04-11 18:00:00,79340.2,79448.7,79101.8,79221.1,113,750,0
2025-04-11 18:10:00,79221.1,79224.0,79099.9,79205.4,123,750,0
2025-04-11 18:20:00,79205.4,79355.8,79105.9,79313.0,126,750,0
2025-04-14 09:30:00,79759.3,80474.6,79759.3,80427.3,163,750,0
2025-04-14 09:40:00,80427.3,80502.8,80423.4,80442.2,64,750,0
2025-04-14 09:50:00,80442.2,80703.2,80410.7,80637.6,99,750,0
2025-04-14 10:00:00,80637.6,80763.7,80521.3,80545.9,334,750,0
2025-04-14 10:10:00,80547.9,80732.4,80480.9,80695.7,332,750,0
2025-04-14 10:20:00,80695.6,80713.7,80607.5,80623.3,183,750,0
2025-04-14 10:30:00,80613.4,80666.4,80545.5,80587.6,151,750,0
2025-04-14 10:40:00,80588.6,80660.5,80576.8,80646.6,152,750,0
2025-04-14 10:50:00,80647.5,80698.2,80575.3,80662.3,298,750,0
2025-04-14 11:00:00,80665.3,80749.6,80621.9,80711.7,297,750,0
2025-04-14 11:10:00,80711.7,80731.8,80674.1,80726.5,235,750,0
2025-04-14 11:20:00,80726.5,80791.2,80673.4,80726.2,257,750,0
2025-04-14 11:30:00,80726.2,80842.0,80723.5,80796.3,240,750,0
2025-04-14 11:40:00,80796.3,80796.3,80722.0,80743.0,104,750,0
2025-04-14 11:50:00,80743.0,80817.9,80692.6,80785.4,246,750,0
2025-04-14 12:00:00,80786.4,80883.7,80720.9,80757.9,186,750,0
2025-04-14 12:10:00,80755.5,80793.5,80686.6,80753.3,241,750,0
2025-04-14 12:20:00,80755.3,80767.1,80534.9,80541.7,237,750,0
2025-04-14 12:30:00,80541.7,80720.2,80535.8,80617.5,279,750,0
2025-04-14 12:40:00,80617.5,80673.7,80539.6,80640.3,162,750,0
2025-04-14 12:50:00,80642.3,80741.8,80625.0,80651.2,209,750,0
2025-04-14 13:00:00,80652.1,80803.3,80629.8,80730.6,260,750,0
2025-04-14 13:10:00,80730.6,80832.8,80717.1,80752.2,141,750,0
2025-04-14 13:20:00,80752.2,80760.1,80637.0,80714.1,248,750,0
2025-04-14 13:30:00,80738.7,80799.5,80716.1,80762.3,258,750,0
2025-04-14 13:40:00,80762.3,80886.2,80693.9,80885.2,274,750,0
2025-04-14 13:50:00,80885.2,80897.7,80821.3,80837.0,243,750,0
2025-04-14 14:00:00,80848.8,80858.7,80687.0,80709.7,173,750,0
2025-04-14 14:10:00,80709.7,80716.0,80675.2,80706.7,322,750,0
2025-04-14 14:20:00,80706.7,80780.1,80677.7,80748.8,219,750,0
2025-04-14 14:30:00,80749.8,80811.7,80735.9,80773.5,173,750,0
2025-04-14 14:40:00,80774.5,80946.7,80769.6,80820.4,171,750,0
2025-04-14 14:50:00,80820.4,80866.2,80773.1,80811.5,150,750,0
2025-04-14 15:00:00,80811.5,80890.5,80794.3,80877.2,153,750,0
2025-04-14 15:10:00,80859.6,80885.5,80779.6,80797.2,151,750,0
2025-04-14 15:20:00,80797.2,80837.1,80714.0,80722.6,158,750,0
2025-04-14 15:30:00,80722.6,80770.6,80671.2,80752.7,118,750,0
2025-04-14 15:40:00,80752.7,80775.2,80674.3,80736.4,143,750,0
2025-04-14 15:50:00,80736.4,80789.4,80709.2,80773.9,132,750,0
2025-04-14 16:00:00,80735.4,80841.5,80706.7,80808.6,130,750,0
2025-04-14 16:10:00,80808.6,80877.0,80789.7,80821.1,159,750,0
2025-04-14 16:20:00,80821.1,80850.2,80770.2,80776.5,127,750,0
2025-04-14 16:30:00,80776.5,80818.8,80582.8,80777.8,333,750,0
2025-04-14 16:40:00,80777.8,80880.6,80661.2,80851.0,435,750,0
2025-04-14 16:50:00,80853.0,80957.6,80800.9,80870.0,390,750,0
2025-04-14 17:00:00,80872.9,81071.0,80872.9,81002.7,218,750,0
2025-04-14 17:10:00,81002.7,81053.9,80980.2,81045.0,193,750,0
2025-04-14 17:20:00,81045.0,81199.9,81045.0,81169.2,191,750,0
2025-04-14 17:30:00,81169.2,81294.1,81149.1,81274.3,245,750,0
2025-04-14 17:40:00,81298.0,81500.5,81248.8,81500.5,268,750,0
2025-04-14 17:50:00,81500.5,81672.6,81500.5,81617.9,246,750,0
2025-04-14 18:00:00,81617.9,81626.7,81439.0,81451.4,214,750,0
2025-04-14 18:10:00,81453.4,81608.2,81453.4,81601.3,145,750,0
2025-04-14 18:20:00,81601.3,81649.7,81545.3,81573.9,162,750,0
2025-04-15 09:30:00,81595.8,81666.8,81522.8,81574.2,137,750,0
2025-04-15 09:40:00,81574.2,81677.8,81537.8,81580.3,156,750,0
2025-04-15 09:50:00,81580.3,81639.5,81516.1,81600.0,121,750,0
2025-04-15 10:00:00,81600.0,81602.0,80958.0,81042.0,286,750,0
2025-04-15 10:10:00,81042.0,81404.3,80984.8,81377.0,306,750,0
2025-04-15 10:20:00,81377.0,81467.8,81319.6,81433.8,297,750,0
2025-04-15 10:30:00,81434.9,81696.6,81389.0,81658.0,302,750,0
2025-04-15 10:40:00,81658.0,81709.2,81565.1,81653.2,254,750,0
2025-04-15 10:50:00,81655.2,81761.2,81651.4,81759.4,216,750,0
2025-04-15 11:00:00,81759.9,81836.2,81615.5,81803.9,290,750,0
2025-04-15 11:10:00,81806.9,81975.3,81806.9,81914.0,332,750,0
2025-04-15 11:20:00,81914.0,81914.0,81836.7,81838.5,206,750,0
2025-04-15 11:30:00,81840.4,81871.3,81721.1,81768.6,208,750,0
2025-04-15 11:40:00,81768.6,81873.8,81768.6,81859.2,162,750,0
2025-04-15 11:50:00,81859.2,82002.2,81821.6,81968.3,189,750,0
2025-04-15 12:00:00,81968.3,81979.8,81877.8,81907.8,214,750,0
2025-04-15 12:10:00,81907.8,81938.0,81797.7,81913.6,235,750,0
2025-04-15 12:20:00,81918.5,81969.2,81905.2,81941.2,256,750,0
2025-04-15 12:30:00,81941.2,81980.1,81870.5,81883.8,165,750,0
2025-04-15 12:40:00,81883.8,81963.1,81844.2,81875.4,165,750,0
2025-04-15 12:50:00,81875.4,81955.5,81849.3,81910.2,128,750,0
2025-04-15 13:00:00,81912.1,82077.6,81891.8,82056.7,162,750,0
2025-04-15 13:10:00,82055.7,82098.0,81871.8,81879.8,149,750,0
2025-04-15 13:20:00,81877.8,81877.8,81812.1,81817.8,193,750,0
2025-04-15 13:30:00,81818.3,81824.5,81753.6,81798.8,239,750,0
2025-04-15 13:40:00,81798.9,81910.9,81783.1,81910.9,150,750,0
2025-04-15 13:50:00,81910.9,82014.0,81872.4,81948.6,104,750,0
2025-04-15 14:00:00,81948.6,82020.3,81948.6,82000.3,84,750,0
2025-04-15 14:10:00,82000.3,82056.1,81953.3,81989.5,123,750,0
2025-04-15 14:20:00,81989.5,82095.9,81989.5,82072.1,155,750,0
2025-04-15 14:30:00,82072.1,82106.5,82048.6,82058.8,130,750,0
2025-04-15 14:40:00,82050.9,82072.5,81990.6,82037.7,163,750,0
2025-04-15 14:50:00,82040.7,82112.5,81948.0,82090.8,133,750,0
2025-04-15 15:00:00,82092.8,82178.4,82071.4,82168.7,180,750,0
2025-04-15 15:10:00,82168.7,82200.2,82157.7,82187.3,166,750,0
2025-04-15 15:20:00,82187.3,82201.1,82126.3,82179.8,227,750,0
2025-04-15 15:30:00,82182.2,82284.5,82162.0,82227.8,171,750,0
2025-04-15 15:40:00,82227.8,82302.0,82227.1,82277.9,215,750,0
2025-04-15 15:50:00,82278.9,82343.1,82262.7,82339.6,233,750,0
2025-04-15 16:00:00,82339.6,82354.2,82276.2,82299.0,192,750,0
2025-04-15 16:10:00,82300.0,82374.4,82272.1,82322.5,276,750,0
2025-04-15 16:20:00,82322.4,82328.6,82190.2,82303.7,230,750,0
2025-04-15 16:30:00,82303.7,82352.9,82095.4,82114.9,257,750,0
2025-04-15 16:40:00,82115.9,82201.1,82086.5,82166.0,166,750,0
2025-04-15 16:50:00,82166.0,82314.0,82164.2,82227.3,284,750,0
2025-04-15 17:00:00,82227.3,82317.7,82191.8,82299.3,196,750,0
2025-04-15 17:10:00,82299.3,82412.0,82229.7,82232.7,235,750,0
2025-04-15 17:20:00,82237.6,82335.9,82124.8,82151.8,212,750,0
2025-04-15 17:30:00,82182.4,82414.2,82177.5,82319.8,207,750,0
2025-04-15 17:40:00,82320.7,82394.4,82239.5,82257.8,250,750,0
2025-04-15 17:50:00,82257.8,82426.5,82253.8,82312.2,231,750,0
2025-04-15 18:00:00,82315.1,82443.4,82315.1,82393.2,142,750,0
2025-04-15 18:10:00,82393.2,82440.1,82324.2,82417.0,154,750,0
2025-04-15 18:20:00,82422.9,82498.4,82324.3,82369.8,118,750,0
2025-04-16 09:30:00,81675.0,81933.0,81650.3,81796.5,74,750,0
2025-04-16 09:40:00,81796.5,81867.6,81772.8,81844.0,51,1230,0
2025-04-16 09:50:00,81844.0,81940.8,81837.1,81940.8,61,750,0
2025-04-16 10:00:00,81942.8,82270.9,81904.3,82214.3,353,750,0
2025-04-16 10:10:00,82217.2,82466.3,82217.2,82407.0,391,750,0
2025-04-16 10:20:00,82407.0,82579.2,82346.9,82423.7,360,750,0
2025-04-16 10:30:00,82427.7,82578.7,82423.8,82563.2,298,750,0
2025-04-16 10:40:00,82563.2,82623.1,82486.2,82578.4,247,750,0
2025-04-16 10:50:00,82494.5,82554.8,82281.6,82362.9,320,750,0
2025-04-16 11:00:00,82362.9,82423.4,82229.8,82338.7,299,750,0
2025-04-16 11:10:00,82338.7,82559.4,82338.7,82551.5,322,750,0
2025-04-16 11:20:00,82551.5,82845.5,82524.9,82679.2,368,750,0
2025-04-16 11:30:00,82679.2,82792.8,82618.9,82776.0,373,750,0
2025-04-16 11:40:00,82782.9,83008.6,82725.1,82891.0,330,750,0
2025-04-16 11:50:00,82891.0,82970.4,82722.4,82729.9,184,750,0
2025-04-16 12:00:00,82729.9,82963.7,82698.3,82910.3,182,750,0
2025-04-16 12:10:00,82910.3,82998.3,82888.0,82958.8,226,750,0
2025-04-16 12:20:00,82962.8,83062.4,82912.2,83053.5,198,750,0
2025-04-16 12:30:00,83053.5,83116.0,82948.6,83078.4,143,750,0
2025-04-16 12:40:00,83079.4,83145.1,83057.2,83145.0,221,750,0
2025-04-16 12:50:00,83145.0,83159.8,83050.2,83112.7,256,750,0
2025-04-16 13:00:00,83112.7,83305.5,83058.9,83264.1,324,750,0
2025-04-16 13:10:00,83264.1,83322.4,83212.5,83212.5,344,750,0
2025-04-16 13:20:00,83227.3,83280.5,83144.1,83279.9,280,750,0
2025-04-16 13:30:00,83274.0,83307.7,83031.7,83161.4,260,750,0
2025-04-16 13:40:00,83164.9,83250.1,83133.6,83218.6,206,750,0
2025-04-16 13:50:00,83219.6,83243.5,83077.7,83133.9,235,750,0
2025-04-16 14:00:00,83137.8,83233.6,83108.4,83123.9,219,750,0
2025-04-16 14:10:00,83123.9,83126.3,82991.6,83052.6,140,750,0
2025-04-16 14:20:00,83053.6,83103.9,83027.4,83069.0,145,750,0
2025-04-16 14:30:00,83069.0,83087.7,83011.1,83037.3,110,750,0
2025-04-16 14:40:00,83037.3,83121.8,83037.3,83121.8,105,750,0
2025-04-16 14:50:00,83121.8,83241.2,83121.8,83231.6,175,750,0
2025-04-16 15:00:00,83232.1,83272.1,83197.5,83267.6,188,750,0
2025-04-16 15:10:00,83267.6,83316.9,83236.5,83311.9,167,750,0
2025-04-16 15:20:00,83313.4,83369.3,83275.4,83369.3,204,750,0
2025-04-16 15:30:00,83369.3,83387.1,83087.0,83091.0,228,750,0
2025-04-16 15:40:00,83091.0,83139.0,83021.0,83091.7,131,750,0
2025-04-16 15:50:00,83091.7,83215.5,83086.5,83198.0,102,750,0
2025-04-16 16:00:00,83198.0,83218.7,83141.9,83172.3,179,750,0
2025-04-16 16:10:00,83172.3,83205.8,83047.3,83066.7,190,750,0
2025-04-16 16:20:00,83066.2,83089.4,82942.8,83024.2,230,750,0
2025-04-16 16:30:00,83029.1,83130.6,82934.3,82945.2,385,750,0
2025-04-16 16:40:00,82945.2,82948.2,82737.6,82909.7,215,750,0
2025-04-16 16:50:00,82909.7,82960.1,82804.9,82861.6,193,750,0
2025-04-16 17:00:00,82861.6,82945.6,82819.4,82858.2,291,750,0
2025-04-16 17:10:00,82858.2,82858.2,82641.5,82650.4,299,750,0
2025-04-16 17:20:00,82653.4,82733.4,82643.4,82680.6,291,750,0
2025-04-16 17:30:00,82680.6,82704.4,82459.0,82533.1,500,750,0
2025-04-16 17:40:00,82540.0,82599.0,82411.4,82531.4,387,750,0
2025-04-16 17:50:00,82534.4,82568.9,82467.8,82526.6,319,750,0
2025-04-16 18:00:00,82514.8,82557.2,82476.2,82502.1,220,750,0
2025-04-16 18:10:00,82505.0,82538.6,82421.2,82451.9,220,750,0
2025-04-16 18:20:00,82446.4,82673.0,82416.3,82673.0,210,750,0
2025-04-17 09:30:00,82935.8,83030.6,82781.9,82796.8,54,750,0
2025-04-17 09:40:00,82796.8,82816.0,82736.6,82760.4,54,750,0
2025-04-17 09:50:00,82760.4,82760.4,82660.8,82691.4,55,750,0
2025-04-17 10:00:00,82692.4,82734.9,82488.2,82504.0,94,750,0
2025-04-17 10:10:00,82504.0,82541.6,82310.8,82433.4,277,750,0
2025-04-17 10:20:00,82438.3,82532.0,82278.5,82401.1,278,750,0
2025-04-17 10:30:00,82401.1,82495.2,82401.1,82463.3,157,750,0
2025-04-17 10:40:00,82463.3,82486.3,82377.6,82444.8,196,750,0
2025-04-17 10:50:00,82444.8,82446.9,82337.4,82380.2,238,750,0
2025-04-17 11:00:00,82383.2,82553.2,82321.5,82543.8,253,750,0
2025-04-17 11:10:00,82543.8,82543.8,82422.3,82477.5,190,750,0
2025-04-17 11:20:00,82477.5,82491.0,82420.4,82448.9,169,750,0
2025-04-17 11:30:00,82448.9,82535.9,82425.9,82479.6,254,750,0
2025-04-17 11:40:00,82480.6,82518.6,82460.2,82478.4,205,750,0
2025-04-17 11:50:00,82479.4,82512.0,82413.8,82415.2,212,750,0
2025-04-17 12:00:00,82414.8,82422.2,82219.5,82282.5,204,750,0
2025-04-17 12:10:00,82282.5,82389.5,82237.4,82303.5,177,750,0
2025-04-17 12:20:00,82303.5,82443.4,82303.5,82348.7,130,750,0
2025-04-17 12:30:00,82348.7,82356.5,82213.1,82265.6,137,750,0
2025-04-17 12:40:00,82265.6,82306.1,82216.8,82299.5,177,750,0
2025-04-17 12:50:00,82299.5,82382.7,82283.6,82338.3,267,750,0
2025-04-17 13:00:00,82338.3,82363.7,82227.5,82231.3,116,750,0
2025-04-17 13:10:00,82232.3,82247.6,82078.2,82105.7,276,750,0
2025-04-17 13:20:00,82104.7,82113.0,82016.8,82103.0,308,750,0
2025-04-17 13:30:00,82112.9,82233.8,82075.8,82233.8,104,750,0
2025-04-17 13:40:00,82233.8,82246.4,82159.1,82200.2,110,750,0
2025-04-17 13:50:00,82200.2,82214.0,82155.7,82180.6,131,750,0
2025-04-17 14:00:00,82180.6,82245.2,82180.6,82235.0,115,750,0
2025-04-17 14:10:00,82237.0,82333.0,82236.9,82285.3,94,750,0
2025-04-17 14:20:00,82285.3,82291.8,82153.7,82173.5,104,750,0
2025-04-17 14:30:00,82173.5,82207.1,82153.7,82161.6,77,750,0
2025-04-17 14:40:00,82161.6,82194.0,82122.9,82135.9,79,750,0
2025-04-17 14:50:00,82135.9,82180.2,82130.0,82136.7,58,750,0
2025-04-17 15:00:00,82136.7,82394.5,82136.7,82355.5,84,750,0
2025-04-17 15:10:00,82355.4,82457.9,82315.5,82426.1,196,750,0
2025-04-17 15:20:00,82426.1,82466.2,82315.2,82317.5,168,750,0
2025-04-17 15:30:00,82317.5,82406.2,82302.4,82305.6,99,750,0
2025-04-17 15:40:00,82305.6,82330.5,82288.6,82321.5,98,750,0
2025-04-17 15:50:00,82321.5,82329.4,82233.1,82259.6,119,750,0
2025-04-17 16:00:00,82259.6,82374.7,82259.6,82374.7,69,750,0
2025-04-17 16:10:00,82374.7,82425.8,82373.3,82416.8,176,750,0
2025-04-17 16:20:00,82416.8,82416.8,82277.6,82284.5,209,750,0
2025-04-17 16:30:00,82284.5,82460.2,82214.3,82361.7,259,750,0
2025-04-17 16:40:00,82361.7,82544.7,82361.7,82459.2,232,750,0
2025-04-17 16:50:00,82459.2,82574.8,82441.0,82500.1,224,750,0
2025-04-17 17:00:00,82500.1,82502.1,82392.3,82475.4,244,750,0
2025-04-17 17:10:00,82473.4,82729.3,82473.4,82614.2,233,750,0
2025-04-17 17:20:00,82614.2,82695.6,82516.9,82519.4,189,750,0
2025-04-17 17:30:00,82519.4,82528.2,82356.8,82362.8,242,750,0
2025-04-17 17:40:00,82362.8,82497.9,82318.5,82375.1,97,750,0
2025-04-17 17:50:00,82375.1,82413.0,82256.8,82266.1,197,750,0
2025-04-17 18:00:00,82261.7,82549.0,82261.7,82542.0,122,750,0
2025-04-17 18:10:00,82542.0,82655.6,82534.6,82600.4,139,750,0
2025-04-17 18:20:00,82600.4,82615.2,82448.6,82462.4,130,750,0
2025-04-22 09:30:00,82426.2,82602.1,82426.2,82602.1,67,750,0
2025-04-22 09:40:00,82603.1,83163.4,82603.1,83055.8,68,750,0
2025-04-22 09:50:00,83055.8,83252.4,83052.8,83154.7,103,750,0
2025-04-22 10:00:00,83154.7,83621.9,83154.7,83621.9,278,750,0
2025-04-22 10:10:00,83621.9,83637.0,83439.3,83558.7,285,750,0
2025-04-22 10:20:00,83558.2,83613.3,83371.3,83372.7,356,750,0
2025-04-22 10:30:00,83372.7,83379.2,83123.1,83147.6,301,750,0
2025-04-22 10:40:00,83147.6,83164.8,82995.8,83001.7,274,750,0
2025-04-22 10:50:00,83001.7,83045.6,82891.1,82911.3,288,750,0
2025-04-22 11:00:00,82911.3,83039.8,82911.3,82975.1,257,750,0
2025-04-22 11:10:00,82975.1,83163.9,82958.3,83100.1,163,750,0
2025-04-22 11:20:00,83100.1,83102.0,82926.8,83007.1,198,750,0
2025-04-22 11:30:00,83007.1,83057.6,82982.2,83027.9,176,750,0
2025-04-22 11:40:00,83027.9,83061.0,82846.0,82850.0,185,750,0
2025-04-22 11:50:00,82850.0,82899.2,82809.7,82839.6,199,750,0
2025-04-22 12:00:00,82839.5,82982.0,82839.5,82945.2,232,750,0
2025-04-22 12:10:00,82945.2,83137.6,82945.2,83096.6,103,750,0
2025-04-22 12:20:00,83096.6,83205.7,83028.2,83085.5,160,750,0
2025-04-22 12:30:00,83085.5,83142.2,83073.3,83078.4,155,750,0
2025-04-22 12:40:00,83078.3,83159.6,83078.3,83159.5,139,750,0
2025-04-22 12:50:00,83159.5,83161.3,83082.4,83088.3,184,750,0
2025-04-22 13:00:00,83088.3,83198.5,83082.6,83184.1,152,750,0
2025-04-22 13:10:00,83184.1,83188.4,83081.0,83107.6,209,750,0
2025-04-22 13:20:00,83108.6,83117.0,83070.8,83083.9,177,750,0
2025-04-22 13:30:00,83083.9,83182.5,83072.1,83165.9,219,750,0
2025-04-22 13:40:00,83165.9,83167.3,83028.1,83028.1,192,750,0
2025-04-22 13:50:00,83028.1,83153.7,83028.1,83124.7,169,750,0
2025-04-22 14:00:00,83124.7,83126.2,82920.6,83005.5,234,750,0
2025-04-22 14:10:00,83019.3,83085.3,82964.0,82994.3,149,750,0
2025-04-22 14:20:00,82994.3,83005.6,82865.6,82926.0,117,750,0
2025-04-22 14:30:00,82927.0,82965.4,82857.2,82875.2,122,750,0
2025-04-22 14:40:00,82875.2,83004.9,82875.2,83004.9,133,750,0
2025-04-22 14:50:00,83004.9,83019.5,82845.6,82863.3,180,750,0
2025-04-22 15:00:00,82863.3,82893.6,82810.8,82856.9,171,750,0
2025-04-22 15:10:00,82857.9,82966.3,82857.9,82895.4,195,750,0
2025-04-22 15:20:00,82895.4,82971.4,82877.6,82970.8,245,750,0
2025-04-22 15:30:00,82969.4,82970.3,82806.0,82842.0,336,750,0
2025-04-22 15:40:00,82842.0,82847.0,82706.6,82722.5,281,750,0
2025-04-22 15:50:00,82722.5,82764.2,82647.4,82647.4,296,750,0
2025-04-22 16:00:00,82647.4,82660.7,82482.5,82572.4,251,750,0
2025-04-22 16:10:00,82572.5,82682.0,82572.5,82587.6,120,750,0
2025-04-22 16:20:00,82587.6,82588.6,82517.4,82572.2,151,750,0
2025-04-22 16:30:00,82572.2,82614.4,82435.2,82446.1,397,750,0
2025-04-22 16:40:00,82446.1,82492.5,82372.9,82447.6,390,750,0
2025-04-22 16:50:00,82448.5,82554.7,82414.9,82522.5,330,750,0
2025-04-22 17:00:00,82525.6,82611.5,82499.9,82562.9,290,750,0
2025-04-22 17:10:00,82564.9,82575.4,82509.7,82561.0,195,750,0
2025-04-22 17:20:00,82561.0,82646.4,82527.0,82563.4,256,750,0
2025-04-22 17:30:00,82584.6,82657.2,82544.7,82582.3,293,750,0
2025-04-22 17:40:00,82582.3,82606.6,82464.2,82551.0,310,750,0
2025-04-22 17:50:00,82551.0,82750.4,82542.1,82713.0,213,750,0
2025-04-22 18:00:00,82711.0,82733.7,82683.4,82720.4,144,750,0
2025-04-22 18:10:00,82718.0,82861.2,82703.2,82833.6,159,750,0
2025-04-22 18:20:00,82833.6,82898.8,82727.2,82727.2,76,750,0
2025-04-23 09:30:00,83337.2,83575.0,83337.2,83499.2,91,750,0
2025-04-23 09:40:00,83499.2,83533.8,83485.5,83486.5,34,1820,0
2025-04-23 09:50:00,83493.2,83493.3,83071.9,83163.7,110,750,0
2025-04-23 10:00:00,83163.7,83581.2,82993.1,82995.0,304,750,0
2025-04-23 10:10:00,82992.5,83214.4,82777.0,83214.4,414,750,0
2025-04-23 10:20:00,83214.4,83230.2,83053.9,83190.4,377,750,0
2025-04-23 10:30:00,83190.4,83244.6,82939.5,83014.9,435,750,0
2025-04-23 10:40:00,83016.0,83143.5,82964.7,82989.6,379,750,0
2025-04-23 10:50:00,82989.7,83335.0,82989.7,83284.2,340,750,0
2025-04-23 11:00:00,83285.2,83329.1,83173.7,83179.7,415,750,0
2025-04-23 11:10:00,83179.7,83296.7,83179.7,83277.6,307,750,0
2025-04-23 11:20:00,83277.6,83385.1,83277.6,83333.5,460,750,0
2025-04-23 11:30:00,83333.5,83491.3,83324.7,83379.4,330,750,0
2025-04-23 11:40:00,83381.0,83407.0,83248.1,83285.7,426,750,0
2025-04-23 11:50:00,83285.7,83347.8,83144.1,83197.4,431,750,0
2025-04-23 12:00:00,83198.4,83298.3,83198.4,83263.7,366,750,0
2025-04-23 12:10:00,83263.7,83306.5,83234.6,83241.1,353,750,0
2025-04-23 12:20:00,83242.1,83243.6,83069.2,83075.1,412,750,0
2025-04-23 12:30:00,83073.2,83127.1,83001.6,83086.0,321,750,0
2025-04-23 12:40:00,83086.4,83123.3,83012.2,83019.6,316,750,0
2025-04-23 12:50:00,83019.6,83076.1,82965.9,83001.5,301,750,0
2025-04-23 13:00:00,83004.5,83049.3,82941.3,82961.8,209,750,0
2025-04-23 13:10:00,82961.8,83032.9,82939.1,82971.3,202,750,0
2025-04-23 13:20:00,82971.3,83031.8,82935.5,83014.0,233,750,0
2025-04-23 13:30:00,83014.0,83070.8,82970.5,83020.0,178,750,0
2025-04-23 13:40:00,83020.0,83064.2,82928.6,83002.2,181,750,0
2025-04-23 13:50:00,83005.2,83069.8,82962.5,83066.5,190,750,0
2025-04-23 14:00:00,83066.4,83207.5,83066.3,83134.2,223,750,0
2025-04-23 14:10:00,83134.2,83134.2,82981.9,83025.3,141,750,0
2025-04-23 14:20:00,83025.3,83094.9,83006.1,83012.8,110,750,0
2025-04-23 14:30:00,83012.8,83034.0,82940.8,83008.5,146,750,0
2025-04-23 14:40:00,83007.6,83092.4,82977.3,82978.2,128,750,0
2025-04-23 14:50:00,82978.2,82996.8,82954.0,82965.8,228,750,0
2025-04-23 15:00:00,82965.8,82967.8,82887.9,82917.0,188,750,0
2025-04-23 15:10:00,82917.0,82960.3,82866.6,82899.0,140,750,0
2025-04-23 15:20:00,82899.0,82984.6,82872.0,82954.2,165,750,0
2025-04-23 15:30:00,82954.2,83087.2,82880.5,82888.3,245,750,0
2025-04-23 15:40:00,82888.3,82895.5,82792.9,82843.1,208,750,0
2025-04-23 15:50:00,82843.1,82843.1,82772.5,82783.2,178,750,0
2025-04-23 16:00:00,82783.2,82788.1,82656.2,82665.3,283,750,0
2025-04-23 16:10:00,82665.3,82734.9,82628.2,82639.3,242,750,0
2025-04-23 16:20:00,82637.3,82652.9,82430.5,82430.5,298,750,0
2025-04-23 16:30:00,82392.5,82699.9,82357.9,82509.2,370,750,0
2025-04-23 16:40:00,82511.2,82810.7,82398.6,82770.2,147,750,0
2025-04-23 16:50:00,82770.2,82827.5,82636.4,82797.1,174,750,0
2025-04-23 17:00:00,82799.0,82837.5,82595.7,82595.7,289,750,0
2025-04-23 17:10:00,82595.2,82604.9,82397.6,82461.4,190,750,0
2025-04-23 17:20:00,82461.4,82512.5,82390.0,82472.2,146,750,0
2025-04-23 17:30:00,82472.2,82680.8,82472.2,82531.5,134,750,0
2025-04-23 17:40:00,82531.5,82722.8,82433.8,82702.2,200,750,0
2025-04-23 17:50:00,82703.2,82703.2,82493.9,82520.5,147,750,0
2025-04-23 18:00:00,82520.5,82530.6,82384.4,82469.4,166,750,0
2025-04-23 18:10:00,82469.4,82475.3,82340.1,82414.2,190,750,0
2025-04-23 18:20:00,82414.2,82554.5,82359.9,82444.9,106,750,0
2025-04-24 09:30:00,82142.7,82142.7,81965.0,82000.6,85,750,0
2025-04-24 09:40:00,82000.6,82019.5,81921.7,81983.0,67,750,0
2025-04-24 09:50:00,81983.0,82120.8,81944.5,82097.7,64,750,0
2025-04-24 10:00:00,82097.7,82293.2,81994.8,82228.9,375,750,0
2025-04-24 10:10:00,82231.0,82476.9,82162.8,82439.1,395,750,0
2025-04-24 10:20:00,82441.1,82443.1,82319.3,82404.0,261,750,0
2025-04-24 10:30:00,82404.0,82404.1,82219.9,82240.8,251,750,0
2025-04-24 10:40:00,82240.8,82347.4,82224.3,82265.1,232,750,0
2025-04-24 10:50:00,82265.1,82336.4,82226.7,82319.9,204,750,0
2025-04-24 11:00:00,82320.9,82394.2,82202.2,82202.2,252,750,0
2025-04-24 11:10:00,82227.9,82272.9,82200.8,82250.5,213,750,0
2025-04-24 11:20:00,82250.5,82250.5,82178.4,82228.0,236,750,0
2025-04-24 11:30:00,82228.0,82432.2,82219.7,82426.8,236,750,0
2025-04-24 11:40:00,82426.8,82509.4,82385.2,82509.4,264,750,0
2025-04-24 11:50:00,82508.9,82586.5,82472.9,82530.2,158,750,0
2025-04-24 12:00:00,82530.2,82646.7,82484.6,82502.3,175,750,0
2025-04-24 12:10:00,82502.2,82595.8,82462.7,82577.0,176,750,0
2025-04-24 12:20:00,82577.0,82798.3,82577.0,82782.0,128,750,0
2025-04-24 12:30:00,82782.0,82783.0,82606.9,82618.8,195,750,0
2025-04-24 12:40:00,82619.7,82822.3,82617.5,82779.3,136,750,0
2025-04-24 12:50:00,82779.3,82851.6,82688.4,82831.7,123,750,0
2025-04-24 13:00:00,82832.7,82889.4,82738.9,82802.0,179,750,0
2025-04-24 13:10:00,82802.0,82860.2,82751.2,82860.1,158,750,0
2025-04-24 13:20:00,82860.1,82911.0,82822.3,82898.6,106,750,0
2025-04-24 13:30:00,82898.6,83030.2,82898.6,82977.2,130,750,0
2025-04-24 13:40:00,82978.2,83085.0,82961.3,83017.9,179,750,0
2025-04-24 13:50:00,83017.9,83086.6,82981.2,83050.1,138,750,0
2025-04-24 14:00:00,83050.1,83087.7,83023.0,83027.5,140,750,0
2025-04-24 14:10:00,83029.5,83029.5,82927.3,82928.4,159,750,0
2025-04-24 14:20:00,82928.4,82956.8,82921.2,82930.9,159,750,0
2025-04-24 14:30:00,82931.9,82959.0,82909.1,82922.6,193,750,0
2025-04-24 14:40:00,82923.6,83091.0,82884.2,83059.3,115,750,0
2025-04-24 14:50:00,83059.3,83125.8,83059.3,83113.4,172,750,0
2025-04-24 15:00:00,83113.4,83270.1,83112.4,83252.2,157,750,0
2025-04-24 15:10:00,83252.2,83293.2,83171.6,83172.0,214,750,0
2025-04-24 15:20:00,83172.0,83201.1,83076.2,83123.4,230,750,0
2025-04-24 15:30:00,83124.4,83193.0,83086.8,83192.4,185,750,0
2025-04-24 15:40:00,83191.4,83208.2,83083.2,83171.5,212,750,0
2025-04-24 15:50:00,83171.5,83217.5,83128.2,83146.3,195,750,0
2025-04-24 16:00:00,83146.3,83165.4,83105.8,83128.3,219,750,0
2025-04-24 16:10:00,83128.3,83230.8,83127.3,83226.4,172,750,0
2025-04-24 16:20:00,83226.4,83295.1,83187.5,83196.4,209,750,0
2025-04-24 16:30:00,83196.4,83223.9,83044.6,83058.4,307,750,0
2025-04-24 16:40:00,83059.4,83238.2,83059.4,83232.7,311,750,0
2025-04-24 16:50:00,83233.2,83294.4,83189.7,83294.4,314,750,0
2025-04-24 17:00:00,83280.6,83315.3,83143.9,83231.7,159,750,0
2025-04-24 17:10:00,83231.7,83234.6,83105.9,83166.4,134,750,0
2025-04-24 17:20:00,83166.3,83259.2,83151.9,83199.8,200,750,0
2025-04-24 17:30:00,83199.8,83299.4,83189.6,83291.5,265,750,0
2025-04-24 17:40:00,83291.5,83347.4,83178.6,83234.3,371,750,0
2025-04-24 17:50:00,83234.3,83257.6,83153.8,83205.8,174,750,0
2025-04-24 18:00:00,83233.4,83323.9,83233.4,83263.2,100,750,0
2025-04-24 18:10:00,83263.2,83360.1,83249.4,83271.2,108,750,0
2025-04-24 18:20:00,83271.2,83376.0,83256.4,83314.8,83,750,0
2025-04-25 09:30:00,83558.6,83711.8,83524.2,83524.2,73,750,0
2025-04-25 09:40:00,83524.2,83524.2,83469.8,83517.4,43,4200,0
2025-04-25 09:50:00,83517.4,83520.3,83344.5,83362.4,69,750,0
2025-04-25 10:00:00,83362.4,83629.7,83362.4,83587.8,158,750,0
2025-04-25 10:10:00,83595.7,83763.8,83489.0,83628.6,157,750,0
2025-04-25 10:20:00,83628.6,83679.9,83450.9,83573.7,153,750,0
2025-04-25 10:30:00,83573.7,83620.9,83497.3,83580.1,228,750,0
2025-04-25 10:40:00,83580.1,83747.0,83580.1,83744.8,232,750,0
2025-04-25 10:50:00,83745.3,83804.7,83665.8,83796.8,225,750,0
2025-04-25 11:00:00,83798.7,83851.0,83653.5,83653.7,296,750,0
2025-04-25 11:10:00,83655.6,83669.4,83580.0,83607.7,200,750,0
2025-04-25 11:20:00,83607.7,83643.2,83557.9,83557.9,144,750,0
2025-04-25 11:30:00,83557.9,83572.9,83495.9,83561.4,163,750,0
2025-04-25 11:40:00,83561.4,83608.5,83510.2,83556.7,123,750,0
2025-04-25 11:50:00,83556.7,83685.2,83504.0,83514.7,137,750,0
2025-04-25 12:00:00,83518.6,83595.4,83504.3,83570.0,80,750,0
2025-04-25 12:10:00,83564.1,83564.1,83442.8,83463.6,168,750,0
2025-04-25 12:20:00,83464.5,83621.1,83441.8,83607.1,84,750,0
2025-04-25 12:30:00,83607.1,83675.1,83607.1,83665.0,152,750,0
2025-04-25 12:40:00,83665.0,83676.4,83633.1,83667.7,131,750,0
2025-04-25 12:50:00,83676.6,83738.7,83669.7,83713.9,74,750,0
2025-04-25 13:00:00,83713.9,83800.9,83713.9,83790.0,153,750,0
2025-04-25 13:10:00,83790.0,83810.4,83682.9,83754.2,119,750,0
2025-04-25 13:20:00,83754.2,83755.2,83644.8,83719.5,119,750,0
2025-04-25 13:30:00,83719.5,83809.6,83712.8,83780.6,157,750,0
2025-04-25 13:40:00,83780.6,83790.1,83702.7,83708.5,146,750,0
2025-04-25 13:50:00,83710.4,83731.6,83678.8,83692.4,148,750,0
2025-04-25 14:00:00,83693.4,83723.1,83581.0,83608.3,89,750,0
2025-04-25 14:10:00,83608.3,83653.0,83579.6,83582.6,84,750,0
2025-04-25 14:20:00,83582.6,83639.6,83561.7,83636.2,112,750,0
2025-04-25 14:30:00,83636.2,83640.5,83599.7,83611.5,106,750,0
2025-04-25 14:40:00,83611.5,83632.6,83504.1,83507.1,128,750,0
2025-04-25 14:50:00,83507.1,83601.9,83503.1,83595.4,169,750,0
2025-04-25 15:00:00,83595.4,83699.4,83542.6,83699.4,86,750,0
2025-04-25 15:10:00,83699.4,83780.0,83699.4,83780.0,117,750,0
2025-04-25 15:20:00,83780.0,83827.2,83774.6,83827.2,196,750,0
2025-04-25 15:30:00,83827.2,83886.0,83724.5,83731.4,241,750,0
2025-04-25 15:40:00,83731.4,83801.6,83701.5,83706.4,234,750,0
2025-04-25 15:50:00,83704.5,83707.4,83632.4,83654.6,251,750,0
2025-04-25 16:00:00,83655.1,83710.7,83636.6,83671.3,185,750,0
2025-04-25 16:10:00,83671.4,83682.5,83639.6,83666.1,160,750,0
2025-04-25 16:20:00,83669.1,83692.7,83613.2,83613.2,200,750,0
2025-04-25 16:30:00,83614.8,83656.4,83597.6,83623.2,195,750,0
2025-04-25 16:40:00,83623.2,83687.8,83546.9,83563.7,229,750,0
2025-04-25 16:50:00,83563.7,83622.4,83496.6,83563.5,214,750,0
2025-04-25 17:00:00,83563.5,83563.5,83472.2,83523.2,137,750,0
2025-04-25 17:10:00,83525.1,83551.9,83472.6,83496.7,137,750,0
2025-04-25 17:20:00,83497.2,83498.9,83417.8,83473.1,136,750,0
2025-04-25 17:30:00,83473.1,83556.1,83448.9,83473.2,131,750,0
2025-04-25 17:40:00,83473.3,83473.3,83356.8,83430.8,209,750,0
2025-04-25 17:50:00,83431.8,83525.7,83406.1,83441.8,153,750,0
2025-04-25 18:00:00,83443.7,83459.0,83360.8,83436.0,134,750,0
2025-04-25 18:10:00,83437.0,83451.9,83384.2,83451.9,48,750,0
2025-04-25 18:20:00,83452.9,83480.7,83434.2,83446.1,52,750,0
2025-04-29 09:30:00,83705.7,83838.2,83510.0,83510.0,45,750,0
2025-04-29 09:40:00,83510.0,83602.1,83510.0,83565.5,57,750,0
2025-04-29 09:50:00,83565.5,83602.2,83565.5,83567.6,25,1330,0
2025-04-29 10:00:00,83568.6,83673.5,83409.5,83642.9,198,750,0
2025-04-29 10:10:00,83642.9,83727.6,83543.1,83711.7,196,750,0
2025-04-29 10:20:00,83711.7,83835.5,83650.4,83834.5,301,750,0
2025-04-29 10:30:00,83837.5,83862.1,83719.1,83761.3,218,750,0
2025-04-29 10:40:00,83761.3,83892.4,83743.4,83880.5,142,750,0
2025-04-29 10:50:00,83880.5,83882.9,83766.3,83843.1,145,750,0
2025-04-29 11:00:00,83843.6,83875.2,83715.8,83780.0,136,750,0
2025-04-29 11:10:00,83780.0,83891.1,83711.5,83870.4,199,750,0
2025-04-29 11:20:00,83871.4,83877.3,83795.9,83843.7,156,750,0
2025-04-29 11:30:00,83843.7,83877.4,83797.8,83806.3,127,750,0
2025-04-29 11:40:00,83806.3,83872.5,83796.4,83870.5,135,750,0
2025-04-29 11:50:00,83870.5,83873.5,83813.5,83847.1,112,750,0
2025-04-29 12:00:00,83848.1,83897.2,83806.3,83874.2,146,750,0
2025-04-29 12:10:00,83876.2,83906.0,83773.1,83773.1,195,750,0
2025-04-29 12:20:00,83773.1,83829.7,83757.6,83811.1,104,750,0
2025-04-29 12:30:00,83811.1,83827.2,83776.9,83815.0,72,750,0
2025-04-29 12:40:00,83816.0,83915.8,83785.4,83895.2,108,750,0
2025-04-29 12:50:00,83895.2,83908.8,83826.0,83845.6,146,750,0
2025-04-29 13:00:00,83845.6,83922.7,83845.6,83882.8,90,750,0
2025-04-29 13:10:00,83882.8,83894.5,83786.1,83798.2,141,750,0
2025-04-29 13:20:00,83798.3,83889.2,83798.3,83869.0,152,750,0
2025-04-29 13:30:00,83871.0,83888.6,83821.2,83844.1,127,750,0
2025-04-29 13:40:00,83844.1,83844.1,83790.5,83815.4,154,750,0
2025-04-29 13:50:00,83815.4,83874.1,83782.1,83844.6,109,750,0
2025-04-29 14:00:00,83844.6,83845.6,83805.8,83838.3,92,750,0
2025-04-29 14:10:00,83838.3,83859.8,83829.9,83851.9,80,750,0
2025-04-29 14:20:00,83851.9,83901.8,83844.5,83896.6,134,750,0
2025-04-29 14:30:00,83896.6,83939.3,83875.6,83899.0,103,750,0
2025-04-29 14:40:00,83901.0,83938.7,83859.7,83919.0,126,750,0
2025-04-29 14:50:00,83919.0,83951.2,83860.8,83938.3,95,750,0
2025-04-29 15:00:00,83938.3,83986.7,83938.3,83956.0,110,750,0
2025-04-29 15:10:00,83956.0,84002.0,83937.1,83962.0,121,750,0
2025-04-29 15:20:00,83966.9,83994.2,83935.7,83989.7,146,750,0
2025-04-29 15:30:00,83990.2,84060.2,83973.4,84018.0,145,750,0
2025-04-29 15:40:00,84018.0,84058.5,83989.8,84003.9,94,750,0
2025-04-29 15:50:00,84003.9,84050.3,83978.4,84012.7,151,750,0
2025-04-29 16:00:00,84015.7,84015.7,83852.5,83959.9,187,750,0
2025-04-29 16:10:00,83959.9,84033.3,83926.2,83972.4,80,750,0
2025-04-29 16:20:00,83972.4,84078.9,83972.4,84046.8,116,750,0
2025-04-29 16:30:00,84046.8,84081.4,83983.2,83985.2,177,750,0
2025-04-29 16:40:00,83985.2,84028.1,83867.5,83877.5,220,750,0
2025-04-29 16:50:00,83877.5,84034.5,83876.4,84034.5,142,750,0
2025-04-29 17:00:00,84034.5,84058.7,83971.3,83990.3,183,750,0
2025-04-29 17:10:00,83990.3,84034.0,83957.3,83982.1,183,750,0
2025-04-29 17:20:00,83983.1,84011.5,83917.7,83965.0,174,750,0
2025-04-29 17:30:00,83965.0,84059.4,83903.5,84017.9,203,750,0
2025-04-29 17:40:00,84017.9,84017.9,83915.6,84009.8,210,750,0
2025-04-29 17:50:00,84009.8,84041.5,83924.4,83943.8,193,750,0
2025-04-29 18:00:00,83938.8,83999.7,83890.5,83973.6,137,750,0
2025-04-29 18:10:00,83973.6,84027.9,83947.4,83947.4,127,750,0
2025-04-29 18:20:00,83947.0,84033.6,83935.2,83974.8,117,750,0
2025-04-30 09:30:00,84027.9,84139.8,84027.9,84139.8,57,750,0
2025-04-30 09:40:00,84139.8,84156.6,84097.3,84146.8,44,750,0
2025-04-30 09:50:00,84146.8,84156.2,84098.5,84111.4,48,750,0
2025-04-30 10:00:00,84111.4,84183.5,83899.8,84172.8,202,750,0
2025-04-30 10:10:00,84172.8,84267.6,84147.5,84235.1,219,750,0
2025-04-30 10:20:00,84237.1,84331.8,84237.1,84319.8,178,750,0
2025-04-30 10:30:00,84319.8,84374.2,84254.8,84337.4,246,750,0
2025-04-30 10:40:00,84337.4,84532.7,84337.4,84521.5,251,750,0
2025-04-30 10:50:00,84522.0,84524.6,84424.7,84427.6,116,750,0
2025-04-30 11:00:00,84427.6,84455.5,84371.8,84378.7,244,750,0
2025-04-30 11:10:00,84378.7,84402.2,84337.6,84338.9,262,750,0
2025-04-30 11:20:00,84337.9,84368.0,84278.3,84332.5,213,750,0
2025-04-30 11:30:00,84332.5,84405.2,84316.7,84359.5,143,750,0
2025-04-30 11:40:00,84359.5,84430.1,84351.8,84430.1,178,750,0
2025-04-30 11:50:00,84431.1,84432.0,84332.3,84399.4,173,750,0
2025-04-30 12:00:00,84399.4,84441.3,84301.4,84344.4,162,750,0
2025-04-30 12:10:00,84343.9,84499.8,84310.3,84499.8,150,750,0
2025-04-30 12:20:00,84499.8,84509.0,84424.6,84462.9,173,750,0
2025-04-30 12:30:00,84463.4,84527.5,84416.8,84507.3,169,750,0
2025-04-30 12:40:00,84507.3,84522.0,84483.5,84492.6,119,750,0
2025-04-30 12:50:00,84488.6,84526.5,84453.2,84520.1,226,750,0
2025-04-30 13:00:00,84523.1,84529.0,84472.4,84492.9,250,750,0
2025-04-30 13:10:00,84492.9,84495.4,84453.9,84464.5,210,750,0
2025-04-30 13:20:00,84464.5,84495.8,84463.5,84478.2,222,750,0
2025-04-30 13:30:00,84478.2,84523.8,84472.6,84473.7,193,750,0
2025-04-30 13:40:00,84473.7,84517.4,84461.4,84497.4,188,750,0
2025-04-30 13:50:00,84497.4,84499.3,84404.8,84412.5,125,750,0
2025-04-30 14:00:00,84412.5,84487.3,84412.4,84438.0,161,750,0
2025-04-30 14:10:00,84438.0,84438.0,84332.1,84342.3,124,750,0
2025-04-30 14:20:00,84342.3,84467.9,84342.3,84453.2,149,750,0
2025-04-30 14:30:00,84453.2,84477.6,84391.6,84437.2,138,750,0
2025-04-30 14:40:00,84438.2,84476.9,84370.4,84438.6,165,750,0
2025-04-30 14:50:00,84438.6,84454.4,84396.4,84396.5,283,750,0
2025-04-30 15:00:00,84397.5,84458.9,84396.2,84446.1,274,750,0
2025-04-30 15:10:00,84446.1,84524.8,84376.0,84386.9,192,750,0
2025-04-30 15:20:00,84386.9,84386.9,84306.6,84353.8,129,750,0
2025-04-30 15:30:00,84353.8,84367.9,84155.9,84165.7,261,750,0
2025-04-30 15:40:00,84167.6,84185.2,84122.1,84169.7,196,750,0
2025-04-30 15:50:00,84169.7,84175.6,84082.0,84138.2,238,750,0
2025-04-30 16:00:00,84136.2,84169.5,84083.8,84156.9,217,750,0
2025-04-30 16:10:00,84153.5,84185.1,84093.7,84169.5,247,750,0
2025-04-30 16:20:00,84169.5,84217.9,84152.4,84208.0,246,750,0
2025-04-30 16:30:00,84205.0,84256.0,84129.3,84133.3,361,750,0
2025-04-30 16:40:00,84132.3,84173.9,84054.6,84150.2,291,750,0
2025-04-30 16:50:00,84108.8,84121.7,84010.1,84046.8,286,750,0
2025-04-30 17:00:00,84046.8,84096.3,84002.4,84024.5,258,750,0
2025-04-30 17:10:00,84024.5,84167.8,84024.5,84128.3,208,750,0
2025-04-30 17:20:00,84128.3,84268.6,84128.3,84146.6,178,750,0
2025-04-30 17:30:00,84146.6,84167.4,84065.1,84118.2,290,750,0
2025-04-30 17:40:00,84117.7,84211.4,84067.4,84179.8,273,750,0
2025-04-30 17:50:00,84180.8,84271.8,84161.5,84200.7,207,750,0
2025-04-30 18:00:00,84199.7,84352.5,84198.7,84323.4,136,750,0
2025-04-30 18:10:00,84323.4,84383.8,84302.6,84351.2,114,750,0
2025-04-30 18:20:00,84351.2,84383.4,84299.9,84357.3,139,750,0
2025-05-02 09:30:00,85102.5,85240.0,84808.3,84872.7,93,750,0
2025-05-02 09:40:00,84872.7,84889.4,84724.4,84833.3,58,750,0
2025-05-02 09:50:00,84844.6,84844.6,84630.7,84696.9,61,750,0
2025-05-02 10:00:00,84696.9,84705.8,84322.1,84651.6,294,750,0
2025-05-02 10:10:00,84651.6,84918.9,84631.3,84875.3,379,750,0
2025-05-02 10:20:00,84875.3,85185.3,84873.2,85119.8,519,750,0
2025-05-02 10:30:00,85119.8,85119.8,84843.0,84867.7,302,750,0
2025-05-02 10:40:00,84867.7,84942.6,84796.3,84797.3,228,750,0
2025-05-02 10:50:00,84798.3,84866.8,84765.5,84829.1,187,750,0
2025-05-02 11:00:00,84829.1,84914.8,84819.9,84908.8,234,750,0
2025-05-02 11:10:00,84909.7,85038.5,84685.8,84950.8,239,750,0
2025-05-02 11:20:00,84950.8,84950.9,84663.2,84677.1,159,750,0
2025-05-02 11:30:00,84677.1,84728.9,84602.0,84720.9,131,750,0
2025-05-02 11:40:00,84720.9,84750.5,84655.7,84666.6,153,750,0
2025-05-02 11:50:00,84666.6,84747.2,84655.7,84700.6,113,750,0
2025-05-02 12:00:00,84700.6,84703.7,84644.9,84655.1,107,750,0
2025-05-02 12:10:00,84656.1,84735.7,84656.1,84735.7,141,750,0
2025-05-02 12:20:00,84735.7,84749.4,84602.1,84625.9,117,750,0
2025-05-02 12:30:00,84625.9,84818.5,84625.9,84816.6,104,750,0
2025-05-02 12:40:00,84816.6,84884.5,84800.4,84812.3,103,750,0
2025-05-02 12:50:00,84812.3,84890.1,84808.3,84835.8,95,750,0
2025-05-02 13:00:00,84832.8,84848.0,84733.2,84735.2,204,750,0
2025-05-02 13:10:00,84735.2,84741.6,84594.7,84644.9,120,750,0
2025-05-02 13:20:00,84646.9,84727.5,84637.2,84723.6,68,750,0
2025-05-02 13:30:00,84723.6,84773.1,84670.2,84695.7,135,750,0
2025-05-02 13:40:00,84694.7,84714.4,84620.2,84645.8,128,750,0
2025-05-02 13:50:00,84645.8,84754.6,84645.8,84693.2,118,750,0
2025-05-02 14:00:00,84694.2,84694.2,84570.1,84577.9,127,750,0
2025-05-02 14:10:00,84577.9,84598.8,84537.2,84568.5,104,750,0
2025-05-02 14:20:00,84567.5,84612.0,84536.2,84560.0,90,750,0
2025-05-02 14:30:00,84560.0,84609.4,84432.3,84522.4,144,750,0
2025-05-02 14:40:00,84523.4,84526.4,84459.1,84515.5,114,750,0
2025-05-02 14:50:00,84512.5,84607.1,84475.9,84582.8,172,750,0
2025-05-02 15:00:00,84588.7,84631.2,84538.3,84631.2,180,750,0
2025-05-02 15:10:00,84633.2,84653.9,84538.3,84545.3,130,750,0
2025-05-02 15:20:00,84545.3,84623.3,84545.3,84558.9,154,750,0
2025-05-02 15:30:00,84558.9,84778.9,84535.9,84778.9,314,750,0
2025-05-02 15:40:00,84782.9,85072.8,84743.4,85072.8,264,750,0
2025-05-02 15:50:00,85071.8,85103.1,84958.2,84962.2,193,750,0
2025-05-02 16:00:00,84962.2,85035.3,84864.6,84994.3,147,750,0
2025-05-02 16:10:00,84994.3,85031.4,84909.6,85013.2,162,750,0
2025-05-02 16:20:00,85014.2,85073.5,84934.6,85065.5,213,750,0
2025-05-02 16:30:00,85065.5,85136.8,84936.4,85033.3,353,750,0
2025-05-02 16:40:00,85036.3,85116.4,84887.5,84937.9,256,750,0
2025-05-02 16:50:00,84938.4,84945.3,84757.6,84783.2,225,750,0
2025-05-02 17:00:00,84783.2,84858.2,84770.4,84795.3,247,750,0
2025-05-02 17:10:00,84796.3,84847.9,84776.8,84790.7,205,750,0
2025-05-02 17:20:00,84790.7,84859.3,84713.8,84838.5,269,750,0
2025-05-02 17:30:00,84848.4,84901.2,84753.6,84889.4,382,750,0
2025-05-02 17:40:00,84888.4,84888.4,84772.3,84854.3,348,750,0
2025-05-02 17:50:00,84854.3,84857.3,84660.6,84691.3,228,750,0
2025-05-02 18:00:00,84692.3,84751.6,84602.4,84602.4,124,750,0
2025-05-02 18:10:00,84597.5,84726.6,84595.5,84683.6,85,750,0
2025-05-02 18:20:00,84683.6,84686.6,84623.4,84642.3,60,750,0
2025-05-05 09:30:00,84425.9,84546.6,84340.8,84443.8,102,750,0
2025-05-05 09:40:00,84443.8,84507.2,84443.8,84444.0,66,750,0
2025-05-05 09:50:00,84444.0,84464.9,84442.1,84464.9,29,750,0
2025-05-05 10:00:00,84464.9,84717.3,84371.9,84619.4,350,750,0
2025-05-05 10:10:00,84619.4,84796.2,84619.4,84779.6,258,750,0
2025-05-05 10:20:00,84779.7,84838.6,84729.2,84780.5,255,750,0
2025-05-05 10:30:00,84780.5,84831.0,84738.4,84812.3,202,750,0
2025-05-05 10:40:00,84813.3,84814.3,84726.3,84726.3,206,750,0
2025-05-05 10:50:00,84727.3,84732.2,84642.7,84712.3,183,750,0
2025-05-05 11:00:00,84709.3,84714.8,84582.3,84697.1,170,750,0
2025-05-05 11:10:00,84697.0,84716.1,84598.1,84664.4,131,750,0
2025-05-05 11:20:00,84664.4,84697.7,84615.5,84673.2,144,750,0
2025-05-05 11:30:00,84672.7,84751.8,84671.7,84708.1,154,750,0
2025-05-05 11:40:00,84708.1,84723.0,84609.1,84609.1,126,750,0
2025-05-05 11:50:00,84609.1,84706.7,84609.1,84695.0,109,750,0
2025-05-05 12:00:00,84695.0,84736.8,84661.7,84669.4,88,750,0
2025-05-05 12:10:00,84669.4,84705.2,84642.0,84681.3,176,750,0
2025-05-05 12:20:00,84681.3,84723.4,84651.6,84719.2,113,750,0
2025-05-05 12:30:00,84704.3,84797.9,84703.9,84779.2,132,750,0
2025-05-05 12:40:00,84779.2,84878.6,84747.6,84866.3,135,750,0
2025-05-05 12:50:00,84873.2,84977.2,84843.5,84908.5,176,750,0
2025-05-05 13:00:00,84908.5,84945.8,84825.2,84866.5,155,750,0
2025-05-05 13:10:00,84866.5,84874.4,84798.4,84803.5,172,750,0
2025-05-05 13:20:00,84803.6,84816.4,84749.5,84781.5,163,750,0
2025-05-05 13:30:00,84781.5,84814.8,84679.0,84695.7,225,750,0
2025-05-05 13:40:00,84695.8,84697.4,84633.5,84639.7,167,750,0
2025-05-05 13:50:00,84639.7,84665.4,84623.0,84641.6,161,750,0
2025-05-05 14:00:00,84639.2,84658.5,84583.4,84608.2,170,750,0
2025-05-05 14:10:00,84608.2,84644.3,84586.7,84600.1,159,750,0
2025-05-05 14:20:00,84600.1,84606.7,84513.4,84560.1,216,750,0
2025-05-05 14:30:00,84560.1,84636.5,84521.9,84626.9,298,750,0
2025-05-05 14:40:00,84626.9,84630.1,84565.7,84592.2,290,750,0
2025-05-05 14:50:00,84592.2,84702.5,84567.6,84702.5,175,750,0
2025-05-05 15:00:00,84709.4,84830.3,84678.9,84801.7,243,750,0
2025-05-05 15:10:00,84816.5,84827.3,84728.6,84823.7,308,750,0
2025-05-05 15:20:00,84815.8,84858.6,84740.4,84761.4,230,750,0
2025-05-05 15:30:00,84761.4,84791.2,84728.4,84745.8,242,750,0
2025-05-05 15:40:00,84745.8,84768.4,84700.9,84715.7,204,750,0
2025-05-05 15:50:00,84715.7,84746.0,84666.7,84723.3,229,750,0
2025-05-05 16:00:00,84733.2,84733.2,84689.0,84707.0,195,750,0
2025-05-05 16:10:00,84707.0,84757.4,84672.8,84672.8,240,750,0
2025-05-05 16:20:00,84671.3,84684.4,84567.3,84569.3,241,750,0
2025-05-05 16:30:00,84585.1,84594.9,84407.9,84469.5,358,750,0
2025-05-05 16:40:00,84469.5,84487.8,84346.8,84363.2,236,750,0
2025-05-05 16:50:00,84363.2,84423.7,84281.9,84414.7,266,750,0
2025-05-05 17:00:00,84414.7,84517.0,84358.2,84480.4,311,750,0
2025-05-05 17:10:00,84480.4,84506.1,84360.0,84399.3,193,750,0
2025-05-05 17:20:00,84399.3,84419.1,84359.7,84399.0,137,750,0
2025-05-05 17:30:00,84407.4,84419.7,84328.0,84381.0,182,750,0
2025-05-05 17:40:00,84381.0,84568.3,84350.7,84568.3,204,750,0
2025-05-05 17:50:00,84571.3,84629.6,84534.8,84541.7,113,750,0
2025-05-05 18:00:00,84542.7,84624.0,84542.7,84624.0,80,750,0
2025-05-05 18:10:00,84624.0,84707.6,84572.6,84655.8,65,750,0
2025-05-05 18:20:00,84655.8,84714.3,84613.4,84661.9,96,750,0
2025-05-06 09:30:00,84625.3,84806.9,84580.3,84677.4,75,750,0
2025-05-06 09:40:00,84677.4,84786.4,84677.4,84786.4,48,2520,0
2025-05-06 09:50:00,84784.4,84835.5,84751.8,84779.6,61,750,0
2025-05-06 10:00:00,84779.6,85005.7,84727.2,84795.6,305,750,0
2025-05-06 10:10:00,84796.6,84826.3,84577.8,84588.9,294,750,0
2025-05-06 10:20:00,84598.8,84614.6,84364.4,84392.1,374,750,0
2025-05-06 10:30:00,84388.1,84471.2,84359.3,84394.7,222,750,0
2025-05-06 10:40:00,84394.6,84479.6,84379.6,84464.4,315,750,0
2025-05-06 10:50:00,84464.4,84470.3,84380.2,84415.7,240,750,0
2025-05-06 11:00:00,84407.8,84423.2,84273.9,84395.6,376,750,0
2025-05-06 11:10:00,84397.1,84398.6,84249.0,84249.0,273,750,0
2025-05-06 11:20:00,84235.7,84279.2,84139.5,84143.7,229,750,0
2025-05-06 11:30:00,84143.7,84161.1,83964.8,83998.1,268,750,0
2025-05-06 11:40:00,83998.1,84097.7,83991.9,84016.0,218,750,0
2025-05-06 11:50:00,84016.0,84049.9,83979.4,84031.1,222,750,0
2025-05-06 12:00:00,84031.6,84045.5,83729.5,83751.0,350,750,0
2025-05-06 12:10:00,83751.0,83763.9,83614.4,83655.7,423,750,0
2025-05-06 12:20:00,83655.7,83712.2,83496.8,83712.2,413,750,0
2025-05-06 12:30:00,83712.2,83838.4,83682.5,83827.6,340,750,0
2025-05-06 12:40:00,83827.6,83859.3,83761.1,83842.1,218,750,0
2025-05-06 12:50:00,83842.1,83963.9,83803.5,83956.0,242,750,0
2025-05-06 13:00:00,83950.1,83955.5,83831.4,83872.3,253,750,0
2025-05-06 13:10:00,83872.3,83897.4,83847.1,83888.0,206,750,0
2025-05-06 13:20:00,83888.0,83911.4,83836.7,83873.7,194,750,0
2025-05-06 13:30:00,83873.7,83892.4,83838.3,83891.2,133,750,0
2025-05-06 13:40:00,83891.2,84050.4,83858.4,84028.1,165,750,0
2025-05-06 13:50:00,84030.1,84033.0,83927.8,84001.7,158,750,0
2025-05-06 14:00:00,84017.6,84082.8,83967.1,84082.8,179,750,0
2025-05-06 14:10:00,84083.2,84140.3,84063.0,84094.7,171,750,0
2025-05-06 14:20:00,84094.7,84114.1,84021.4,84081.5,199,750,0
2025-05-06 14:30:00,84094.3,84101.5,84002.0,84058.9,176,750,0
2025-05-06 14:40:00,84058.9,84059.4,83911.1,83922.8,107,750,0
2025-05-06 14:50:00,83922.8,84040.2,83818.4,84039.1,205,750,0
2025-05-06 15:00:00,84039.1,84041.8,83913.1,84014.6,123,750,0
2025-05-06 15:10:00,84014.6,84110.3,83975.4,84083.9,183,750,0
2025-05-06 15:20:00,84083.9,84169.1,84019.8,84029.4,142,750,0
2025-05-06 15:30:00,84029.4,84174.1,83951.1,84098.6,132,750,0
2025-05-06 15:40:00,84098.6,84110.2,84025.0,84026.0,134,750,0
2025-05-06 15:50:00,84027.0,84271.0,84022.2,84243.8,95,750,0
2025-05-06 16:00:00,84243.8,84274.0,84144.0,84187.4,157,750,0
2025-05-06 16:10:00,84192.4,84299.8,84191.2,84235.0,165,750,0
2025-05-06 16:20:00,84235.0,84277.0,84193.3,84211.2,183,750,0
2025-05-06 16:30:00,84211.2,84257.7,84124.9,84151.6,221,750,0
2025-05-06 16:40:00,84151.6,84244.9,84146.6,84202.0,265,750,0
2025-05-06 16:50:00,84202.5,84248.4,84126.7,84207.8,259,750,0
2025-05-06 17:00:00,84208.8,84334.0,84187.1,84284.7,300,750,0
2025-05-06 17:10:00,84285.2,84457.7,84216.3,84447.7,313,750,0
2025-05-06 17:20:00,84446.8,84542.7,84418.8,84463.0,244,750,0
2025-05-06 17:30:00,84463.0,84483.5,84348.6,84460.8,260,750,0
2025-05-06 17:40:00,84459.4,84483.6,84330.6,84393.0,300,750,0
2025-05-06 17:50:00,84394.0,84522.7,84330.6,84508.9,148,750,0
2025-05-06 18:00:00,84509.9,84637.1,84509.9,84620.8,90,750,0
2025-05-06 18:10:00,84619.8,84619.8,84509.2,84509.2,107,750,0
2025-05-06 18:20:00,84509.2,84511.1,84203.5,84346.0,150,750,0
2025-05-07 09:30:00,84288.4,84288.4,84039.0,84111.4,62,750,0
2025-05-07 09:40:00,84117.3,84238.1,84117.3,84202.6,34,750,0
2025-05-07 09:50:00,84202.6,84218.4,84087.0,84089.0,73,750,0
2025-05-07 10:00:00,84089.0,84709.7,84089.0,84688.0,331,750,0
2025-05-07 10:10:00,84688.0,84734.3,84592.0,84605.6,227,750,0
2025-05-07 10:20:00,84605.6,84743.2,84530.9,84706.5,154,750,0
2025-05-07 10:30:00,84706.6,84712.6,84575.5,84657.5,134,750,0
2025-05-07 10:40:00,84659.5,84837.3,84659.5,84824.7,109,750,0
2025-05-07 10:50:00,84828.7,84832.3,84636.0,84681.1,168,750,0
2025-05-07 11:00:00,84681.1,84708.5,84594.3,84651.4,151,750,0
2025-05-07 11:10:00,84651.4,84670.0,84533.9,84578.5,178,750,0
2025-05-07 11:20:00,84578.5,84586.5,84503.4,84522.3,152,750,0
2025-05-07 11:30:00,84522.3,84605.9,84464.4,84490.3,137,750,0
2025-05-07 11:40:00,84490.3,84533.4,84458.7,84530.5,170,750,0
2025-05-07 11:50:00,84531.5,84560.1,84478.0,84532.5,123,750,0
2025-05-07 12:00:00,84532.5,84618.6,84436.7,84446.6,137,750,0
2025-05-07 12:10:00,84446.6,84453.6,84247.5,84256.4,196,750,0
2025-05-07 12:20:00,84256.4,84271.2,84076.9,84269.5,191,750,0
2025-05-07 12:30:00,84269.0,84329.8,84144.0,84234.0,149,750,0
2025-05-07 12:40:00,84234.0,84267.0,84210.8,84234.7,80,750,0
2025-05-07 12:50:00,84234.7,84301.8,84233.6,84284.9,85,750,0
2025-05-07 13:00:00,84285.9,84331.8,84273.1,84296.3,104,750,0
2025-05-07 13:10:00,84296.3,84344.3,84252.7,84341.4,132,750,0
2025-05-07 13:20:00,84341.4,84384.5,84295.6,84379.4,94,750,0
2025-05-07 13:30:00,84379.4,84409.7,84342.3,84402.8,108,750,0
2025-05-07 13:40:00,84402.8,84437.7,84387.2,84409.5,102,750,0
2025-05-07 13:50:00,84409.5,84425.1,84393.0,84394.7,98,750,0
2025-05-07 14:00:00,84395.7,84434.7,84394.6,84395.3,94,750,0
2025-05-07 14:10:00,84395.3,84416.4,84394.0,84406.3,104,750,0
2025-05-07 14:20:00,84406.3,84423.0,84372.2,84378.0,103,750,0
2025-05-07 14:30:00,84380.9,84424.2,84369.4,84423.9,156,750,0
2025-05-07 14:40:00,84423.9,84433.8,84310.1,84315.0,124,750,0
2025-05-07 14:50:00,84315.0,84361.3,84288.6,84323.2,136,750,0
2025-05-07 15:00:00,84323.2,84420.9,84323.1,84407.8,130,750,0
2025-05-07 15:10:00,84407.8,84422.2,84331.1,84331.3,102,750,0
2025-05-07 15:20:00,84333.3,84333.3,84207.9,84291.9,112,750,0
2025-05-07 15:30:00,84291.9,84307.9,84172.6,84174.6,104,750,0
2025-05-07 15:40:00,84174.6,84259.9,84158.8,84166.8,94,750,0
2025-05-07 15:50:00,84166.8,84228.0,84158.3,84183.2,71,750,0
2025-05-07 16:00:00,84183.2,84186.2,84130.3,84140.9,154,750,0
2025-05-07 16:10:00,84141.4,84227.4,84101.5,84102.5,117,750,0
2025-05-07 16:20:00,84103.5,84137.0,84039.2,84039.2,161,750,0
2025-05-07 16:30:00,84039.2,84167.3,83956.0,84052.3,216,750,0
2025-05-07 16:40:00,84052.3,84087.1,83989.1,83993.1,175,750,0
2025-05-07 16:50:00,83988.6,84204.1,83988.6,84119.1,260,750,0
2025-05-07 17:00:00,84120.0,84134.0,84009.7,84034.8,145,750,0
2025-05-07 17:10:00,84034.8,84093.0,83991.1,83998.1,163,750,0
2025-05-07 17:20:00,83998.1,84041.1,83958.1,84010.6,192,750,0
2025-05-07 17:30:00,84012.6,84087.0,84000.5,84062.0,142,750,0
2025-05-07 17:40:00,84062.0,84085.7,83990.2,84019.0,234,750,0
2025-05-07 17:50:00,84020.0,84023.5,83937.9,83939.9,168,750,0
2025-05-07 18:00:00,83939.9,84086.6,83937.4,84086.6,159,750,0
2025-05-07 18:10:00,84086.6,84246.1,84043.1,84237.2,120,750,0
2025-05-07 18:20:00,84237.2,84268.5,84144.2,84147.3,79,750,0
2025-05-08 09:30:00,84527.2,84606.4,84408.4,84444.2,95,750,0
2025-05-08 09:40:00,84444.2,84564.1,84444.2,84520.5,39,1240,0
2025-05-08 09:50:00,84520.5,84597.9,84427.6,84428.6,51,750,0
2025-05-08 10:00:00,84428.6,84434.5,84205.8,84284.1,301,750,0
2025-05-08 10:10:00,84284.1,84284.1,84119.3,84121.6,226,750,0
2025-05-08 10:20:00,84121.7,84205.1,84049.5,84055.4,266,750,0
2025-05-08 10:30:00,84053.5,84091.9,83843.8,83923.4,248,750,0
2025-05-08 10:40:00,83923.4,83976.9,83788.4,83826.1,216,750,0
2025-05-08 10:50:00,83826.1,83941.8,83739.9,83905.7,275,750,0
2025-05-08 11:00:00,83894.8,83924.0,83717.3,83750.9,148,750,0
2025-05-08 11:10:00,83750.9,84100.8,83732.0,83988.0,231,750,0
2025-05-08 11:20:00,83988.0,84018.9,83795.1,83800.1,230,750,0
2025-05-08 11:30:00,83795.1,84021.7,83741.8,84021.7,167,750,0
2025-05-08 11:40:00,84022.7,84089.8,83918.3,83976.8,213,750,0
2025-05-08 11:50:00,83976.8,84042.7,83881.4,83889.4,194,750,0
2025-05-08 12:00:00,83889.4,83935.0,83787.9,83805.0,128,750,0
2025-05-08 12:10:00,83805.0,83853.9,83774.4,83801.4,67,750,0
2025-05-08 12:20:00,83801.4,83858.9,83784.6,83806.0,104,750,0
2025-05-08 12:30:00,83807.0,83808.5,83773.3,83787.4,96,750,0
2025-05-08 12:40:00,83787.4,83924.6,83748.8,83901.8,110,750,0
2025-05-08 12:50:00,83901.8,83922.6,83769.8,83773.6,138,750,0
2025-05-08 13:00:00,83773.6,83921.8,83773.6,83879.5,82,750,0
2025-05-08 13:10:00,83879.5,84003.0,83879.5,84003.0,125,750,0
2025-05-08 13:20:00,84005.0,84098.2,83986.2,84094.3,136,750,0
2025-05-08 13:30:00,84094.3,84094.4,83982.7,84011.8,155,750,0
2025-05-08 13:40:00,84012.8,84086.5,83992.8,84035.4,155,750,0
2025-05-08 13:50:00,84035.4,84141.4,84032.4,84069.0,191,750,0
2025-05-08 14:00:00,84069.0,84113.0,83932.9,83944.2,188,750,0
2025-05-08 14:10:00,83944.2,84000.1,83894.6,83910.7,77,750,0
2025-05-08 14:20:00,83910.7,83969.7,83842.2,83859.2,92,750,0
2025-05-08 14:30:00,83859.2,83887.0,83789.9,83791.8,69,750,0
2025-05-08 14:40:00,83790.8,83814.4,83777.7,83804.7,79,750,0
2025-05-08 14:50:00,83806.7,83916.4,83806.7,83880.7,102,750,0
2025-05-08 15:00:00,83880.7,83993.6,83880.7,83975.1,128,750,0
2025-05-08 15:10:00,83975.1,84004.8,83936.5,84003.2,206,750,0
2025-05-08 15:20:00,84003.2,84059.5,83950.6,84047.0,216,750,0
2025-05-08 15:30:00,84044.5,84045.0,83774.4,83774.4,208,750,0
2025-05-08 15:40:00,83774.4,83873.7,83774.4,83860.7,99,750,0
2025-05-08 15:50:00,83860.7,83874.5,83775.9,83825.5,108,750,0
2025-05-08 16:00:00,83825.5,83839.2,83773.7,83835.2,171,750,0
2025-05-08 16:10:00,83836.2,83864.8,83822.5,83832.3,123,750,0
2025-05-08 16:20:00,83833.3,83861.4,83809.3,83859.2,129,750,0
2025-05-08 16:30:00,83863.2,83863.2,83661.2,83696.6,269,750,0
2025-05-08 16:40:00,83696.6,83733.4,83651.4,83706.3,156,750,0
2025-05-08 16:50:00,83706.3,83711.2,83640.6,83650.0,203,750,0
2025-05-08 17:00:00,83650.0,83684.7,83634.8,83653.6,151,750,0
2025-05-08 17:10:00,83655.6,83697.6,83617.8,83665.4,205,750,0
2025-05-08 17:20:00,83664.5,83742.8,83643.1,83670.2,248,750,0
2025-05-08 17:30:00,83669.7,83691.9,83554.4,83556.4,226,750,0
2025-05-08 17:40:00,83556.4,83618.1,83546.5,83584.2,128,750,0
2025-05-08 17:50:00,83584.2,83650.6,83513.0,83513.0,164,750,0
2025-05-08 18:00:00,83513.0,83708.7,83493.3,83698.4,156,750,0
2025-05-08 18:10:00,83698.4,83767.8,83663.8,83746.1,132,750,0
2025-05-08 18:20:00,83757.4,83898.1,83733.2,83839.3,211,750,0
2025-05-09 09:30:00,83729.4,83754.1,83607.6,83631.4,52,750,0
2025-05-09 09:40:00,83631.4,83702.8,83631.4,83649.4,33,750,0
2025-05-09 09:50:00,83650.4,83814.0,83633.6,83814.0,84,750,0
2025-05-09 10:00:00,83814.0,84154.8,83627.7,84119.1,308,750,0
2025-05-09 10:10:00,84119.1,84126.2,83944.8,84042.0,255,750,0
2025-05-09 10:20:00,84042.0,84075.1,83999.7,84045.1,229,750,0
2025-05-09 10:30:00,84065.0,84267.3,84047.1,84251.0,266,750,0
2025-05-09 10:40:00,84250.5,84285.7,84093.2,84122.8,236,750,0
2025-05-09 10:50:00,84122.8,84123.8,83979.1,84033.2,245,750,0
2025-05-09 11:00:00,84034.3,84087.5,83953.1,84076.0,298,750,0
2025-05-09 11:10:00,84076.0,84080.4,83951.0,83986.1,359,750,0
2025-05-09 11:20:00,83986.1,84116.3,83963.6,84049.8,202,750,0
2025-05-09 11:30:00,84050.8,84098.4,84002.1,84007.5,216,750,0
2025-05-09 11:40:00,84007.5,84017.4,83928.6,83982.1,169,750,0
2025-05-09 11:50:00,83982.1,84016.0,83958.1,84016.0,86,750,0
2025-05-09 12:00:00,84016.0,84215.0,84016.0,84211.4,202,750,0
2025-05-09 12:10:00,84211.9,84245.0,84101.1,84190.3,181,750,0
2025-05-09 12:20:00,84190.3,84213.3,84138.9,84159.9,226,750,0
2025-05-09 12:30:00,84159.9,84159.9,84059.0,84072.8,223,750,0
2025-05-09 12:40:00,84072.8,84088.9,84047.6,84088.9,137,750,0
2025-05-09 12:50:00,84088.9,84115.3,84045.9,84072.4,152,750,0
2025-05-09 13:00:00,84072.4,84216.8,84030.0,84209.2,238,750,0
2025-05-09 13:10:00,84212.1,84357.5,84187.5,84342.9,220,750,0
2025-05-09 13:20:00,84342.9,84422.8,84332.2,84402.1,166,750,0
2025-05-09 13:30:00,84402.1,84493.2,84369.0,84472.4,191,750,0
2025-05-09 13:40:00,84472.4,84505.0,84404.3,84414.5,146,750,0
2025-05-09 13:50:00,84414.5,84443.7,84338.0,84339.9,239,750,0
2025-05-09 14:00:00,84331.5,84429.9,84331.0,84401.7,155,750,0
2025-05-09 14:10:00,84401.7,84520.0,84393.6,84508.6,129,750,0
2025-05-09 14:20:00,84508.6,84519.4,84207.9,84245.1,138,750,0
2025-05-09 14:30:00,84245.1,84259.0,84180.8,84211.4,84,750,0
2025-05-09 14:40:00,84211.4,84352.0,84211.4,84325.2,102,750,0
2025-05-09 14:50:00,84325.2,84361.0,84296.8,84340.2,117,750,0
2025-05-09 15:00:00,84340.2,84397.1,84338.3,84397.1,105,750,0
2025-05-09 15:10:00,84397.1,84411.4,84331.1,84367.7,101,750,0
2025-05-09 15:20:00,84367.7,84475.7,84367.7,84422.9,134,750,0
2025-05-09 15:30:00,84422.9,84426.9,84342.7,84369.2,165,750,0
2025-05-09 15:40:00,84369.2,84436.0,84369.2,84436.0,115,750,0
2025-05-09 15:50:00,84436.0,84446.8,84390.7,84437.7,156,750,0
2025-05-09 16:00:00,84437.7,84465.0,84288.7,84316.5,130,750,0
2025-05-09 16:10:00,84316.5,84422.8,84316.5,84384.5,126,750,0
2025-05-09 16:20:00,84384.5,84456.8,84365.1,84456.8,251,750,0
2025-05-09 16:30:00,84462.8,84555.0,84298.8,84324.2,301,750,0
2025-05-09 16:40:00,84324.2,84538.9,84299.8,84511.2,193,750,0
2025-05-09 16:50:00,84511.2,84511.2,84368.9,84451.1,286,750,0
2025-05-09 17:00:00,84451.1,84516.5,84416.2,84441.9,325,750,0
2025-05-09 17:10:00,84440.9,84494.1,84407.7,84449.5,289,750,0
2025-05-09 17:20:00,84425.8,84481.5,84396.8,84451.9,256,750,0
2025-05-09 17:30:00,84451.9,84468.1,84381.3,84427.1,360,750,0
2025-05-09 17:40:00,84421.2,84504.0,84407.0,84423.8,297,750,0
2025-05-09 17:50:00,84424.8,84438.7,84327.2,84372.4,133,750,0
2025-05-09 18:00:00,84372.4,84439.9,84283.3,84439.9,112,750,0
2025-05-09 18:10:00,84439.9,84536.6,84367.6,84517.3,102,750,0
2025-05-09 18:20:00,84517.3,84547.1,84329.7,84361.9,124,750,0
2025-05-12 09:30:00,85241.0,85263.9,85096.4,85215.5,233,750,0
2025-05-12 09:40:00,85217.5,85305.7,85166.9,85230.5,82,750,0
2025-05-12 09:50:00,85230.5,85246.4,85001.6,85008.5,48,750,0
2025-05-12 10:00:00,85009.5,85412.2,84996.1,85343.8,331,750,0
2025-05-12 10:10:00,85349.7,85354.7,85080.0,85206.5,304,750,0
2025-05-12 10:20:00,85213.4,85222.5,85087.1,85141.5,284,750,0
2025-05-12 10:30:00,85142.4,85262.7,85083.7,85244.1,416,750,0
2025-05-12 10:40:00,85244.1,85253.4,85059.2,85062.1,266,750,0
2025-05-12 10:50:00,85062.1,85074.3,84996.6,85006.0,314,750,0
2025-05-12 11:00:00,85005.0,85011.9,84715.2,84816.4,361,750,0
2025-05-12 11:10:00,84816.4,84823.8,84616.4,84635.2,309,750,0
2025-05-12 11:20:00,84635.2,84635.2,84517.7,84596.2,287,750,0
2025-05-12 11:30:00,84596.2,84859.5,84596.2,84845.6,182,750,0
2025-05-12 11:40:00,84845.6,85043.5,84845.6,85043.5,160,750,0
2025-05-12 11:50:00,85045.5,85120.1,85034.5,85050.5,145,750,0
2025-05-12 12:00:00,85050.5,85140.7,84999.1,85107.6,148,750,0
2025-05-12 12:10:00,85106.6,85221.2,85070.0,85190.5,159,750,0
2025-05-12 12:20:00,85190.5,85300.3,85189.9,85242.4,127,750,0
2025-05-12 12:30:00,85242.4,85253.3,85185.8,85210.8,148,750,0
2025-05-12 12:40:00,85210.9,85358.5,85210.9,85344.3,108,750,0
2025-05-12 12:50:00,85344.3,85436.7,85262.0,85291.6,169,750,0
2025-05-12 13:00:00,85291.6,85309.2,85049.3,85085.4,160,750,0
2025-05-12 13:10:00,85085.4,85130.1,85037.6,85039.2,191,750,0
2025-05-12 13:20:00,85039.2,85070.4,85007.1,85034.5,157,750,0
2025-05-12 13:30:00,85034.5,85034.5,84896.9,84899.9,252,750,0
2025-05-12 13:40:00,84899.9,84899.9,84673.0,84799.6,120,750,0
2025-05-12 13:50:00,84799.6,84880.8,84799.6,84805.1,127,750,0
2025-05-12 14:00:00,84802.1,84996.5,84795.2,84925.3,133,750,0
2025-05-12 14:10:00,84926.3,84943.2,84798.1,84818.7,169,750,0
2025-05-12 14:20:00,84818.7,84831.6,84748.2,84749.3,74,750,0
2025-05-12 14:30:00,84749.3,84788.6,84650.5,84715.6,75,750,0
2025-05-12 14:40:00,84715.6,84715.6,84647.1,84680.2,118,750,0
2025-05-12 14:50:00,84680.2,84807.7,84667.3,84776.1,152,750,0
2025-05-12 15:00:00,84778.1,84786.4,84708.5,84750.3,105,750,0
2025-05-12 15:10:00,84750.3,85035.7,84739.3,84983.8,109,750,0
2025-05-12 15:20:00,84983.8,85097.3,84983.8,85051.1,93,750,0
2025-05-12 15:30:00,85052.1,85090.8,85011.0,85035.6,140,750,0
2025-05-12 15:40:00,85035.6,85056.5,84927.0,84982.6,204,750,0
2025-05-12 15:50:00,84983.1,85027.2,84956.1,84969.2,223,750,0
2025-05-12 16:00:00,84966.2,85052.5,84867.5,85038.0,212,750,0
2025-05-12 16:10:00,85038.0,85230.5,84984.5,85123.4,201,750,0
2025-05-12 16:20:00,85123.4,85155.2,84908.1,84908.1,314,750,0
2025-05-12 16:30:00,84883.3,84940.9,84541.8,84624.2,336,750,0
2025-05-12 16:40:00,84625.1,84734.2,84505.3,84537.0,205,750,0
2025-05-12 16:50:00,84537.0,84617.4,84445.1,84467.9,179,750,0
2025-05-12 17:00:00,84447.0,84665.5,84366.7,84607.1,242,750,0
2025-05-12 17:10:00,84607.1,84671.5,84531.7,84563.8,250,750,0
2025-05-12 17:20:00,84563.8,84574.5,84401.9,84460.3,216,750,0
2025-05-12 17:30:00,84460.3,84601.3,84436.5,84600.9,113,750,0
2025-05-12 17:40:00,84600.9,84775.1,84535.4,84770.8,216,750,0
2025-05-12 17:50:00,84769.8,84804.6,84724.2,84730.3,138,750,0
2025-05-12 18:00:00,84718.4,84860.6,84718.4,84723.5,99,750,0
2025-05-12 18:10:00,84723.5,84851.4,84710.6,84835.6,72,750,0
2025-05-12 18:20:00,84835.1,84859.4,84697.9,84734.7,108,750,0
2025-05-13 09:30:00,84518.3,84833.6,84510.4,84785.0,141,750,0
2025-05-13 09:40:00,84794.0,84794.0,84748.4,84748.6,11,1340,0
2025-05-13 09:50:00,84748.6,84748.6,84588.0,84643.6,57,750,0
2025-05-13 10:00:00,84641.7,84787.5,84590.1,84674.5,201,750,0
2025-05-13 10:10:00,84674.5,84908.1,84674.5,84886.5,249,750,0
2025-05-13 10:20:00,84886.5,84914.3,84712.3,84902.8,191,750,0
2025-05-13 10:30:00,84902.8,85162.6,84902.8,84963.8,177,750,0
2025-05-13 10:40:00,84963.8,84976.6,84930.1,84973.2,200,750,0
2025-05-13 10:50:00,84973.2,84979.2,84925.0,84947.4,136,750,0
2025-05-13 11:00:00,84947.4,85018.0,84800.1,84800.1,158,750,0
2025-05-13 11:10:00,84800.1,84855.5,84691.9,84765.3,154,750,0
2025-05-13 11:20:00,84765.3,84768.2,84636.8,84652.5,149,750,0
2025-05-13 11:30:00,84652.5,84800.4,84638.5,84792.5,113,750,0
2025-05-13 11:40:00,84792.5,84915.3,84690.8,84883.1,120,750,0
2025-05-13 11:50:00,84883.1,84888.0,84689.6,84701.5,168,750,0
2025-05-13 12:00:00,84701.5,84720.3,84608.9,84628.5,151,750,0
2025-05-13 12:10:00,84628.5,84679.4,84565.5,84618.3,128,750,0
2025-05-13 12:20:00,84618.3,84759.2,84618.3,84711.9,116,750,0
2025-05-13 12:30:00,84711.9,84765.6,84657.6,84682.3,234,750,0
2025-05-13 12:40:00,84682.3,84739.0,84634.5,84721.6,219,750,0
2025-05-13 12:50:00,84721.6,84793.8,84684.4,84793.8,112,750,0
2025-05-13 13:00:00,84793.8,84810.5,84647.6,84702.8,218,750,0
2025-05-13 13:10:00,84702.8,84961.8,84657.3,84795.9,256,750,0
2025-05-13 13:20:00,84795.9,84869.8,84679.1,84700.0,207,750,0
2025-05-13 13:30:00,84700.0,84736.7,84655.6,84677.4,137,750,0
2025-05-13 13:40:00,84677.4,84758.9,84604.7,84613.6,159,750,0
2025-05-13 13:50:00,84613.6,84749.4,84571.3,84667.1,107,750,0
2025-05-13 14:00:00,84667.1,84797.6,84595.6,84787.9,117,750,0
2025-05-13 14:10:00,84787.9,84811.6,84718.4,84780.5,82,750,0
2025-05-13 14:20:00,84780.6,84861.5,84780.6,84822.0,65,750,0
2025-05-13 14:30:00,84822.0,84911.2,84812.6,84907.6,101,750,0
2025-05-13 14:40:00,84907.6,84947.6,84880.2,84904.0,129,750,0
2025-05-13 14:50:00,84904.0,84904.9,84697.6,84742.1,155,750,0
2025-05-13 15:00:00,84742.1,84756.2,84683.3,84741.8,149,750,0
2025-05-13 15:10:00,84743.8,84851.5,84743.8,84818.8,189,750,0
2025-05-13 15:20:00,84818.8,84870.2,84730.5,84766.2,155,750,0
2025-05-13 15:30:00,84768.2,84883.9,84735.5,84823.7,152,750,0
2025-05-13 15:40:00,84828.6,84870.9,84805.6,84828.6,157,750,0
2025-05-13 15:50:00,84828.6,84853.8,84702.8,84727.6,125,750,0
2025-05-13 16:00:00,84726.6,84775.7,84686.4,84775.7,216,750,0
2025-05-13 16:10:00,84775.7,84775.7,84641.5,84678.5,179,750,0
2025-05-13 16:20:00,84678.5,84685.7,84571.2,84598.2,168,750,0
2025-05-13 16:30:00,84598.2,84599.1,84449.2,84577.8,318,750,0
2025-05-13 16:40:00,84577.8,84687.5,84567.7,84645.0,210,750,0
2025-05-13 16:50:00,84645.0,84733.3,84618.2,84732.8,190,750,0
2025-05-13 17:00:00,84733.8,84888.7,84733.8,84794.7,152,750,0
2025-05-13 17:10:00,84794.7,84951.8,84789.7,84881.9,228,750,0
2025-05-13 17:20:00,84881.9,84941.6,84847.2,84933.3,215,750,0
2025-05-13 17:30:00,84933.3,84942.6,84819.0,84874.2,289,750,0
2025-05-13 17:40:00,84874.2,84957.8,84837.1,84872.9,218,750,0
2025-05-13 17:50:00,84873.9,85219.5,84873.9,85219.5,247,750,0
2025-05-13 18:00:00,85201.2,85222.4,84998.0,85059.5,172,750,0
2025-05-13 18:10:00,85063.5,85123.0,85021.9,85061.7,89,750,0
2025-05-13 18:20:00,85061.7,85156.0,85023.1,85091.5,64,750,0
2025-05-14 09:30:00,85076.3,85335.1,85076.3,85233.0,88,750,0
2025-05-14 09:40:00,85233.0,85302.4,85233.0,85285.7,42,750,0
2025-05-14 09:50:00,85285.7,85301.5,85214.4,85221.4,47,750,0
2025-05-14 10:00:00,85221.4,85433.1,85202.5,85392.0,252,750,0
2025-05-14 10:10:00,85392.0,85501.3,85277.0,85484.3,320,750,0
2025-05-14 10:20:00,85486.8,85509.2,85307.1,85450.0,349,750,0
2025-05-14 10:30:00,85450.0,85459.7,85293.3,85345.0,280,750,0
2025-05-14 10:40:00,85346.0,85420.7,85295.5,85410.1,299,750,0
2025-05-14 10:50:00,85410.2,85429.8,85345.7,85368.8,205,750,0
2025-05-14 11:00:00,85374.8,85405.6,85258.8,85261.0,294,750,0
2025-05-14 11:10:00,85261.0,85327.3,85212.7,85261.1,261,750,0
2025-05-14 11:20:00,85261.1,85337.5,85258.2,85293.3,279,750,0
2025-05-14 11:30:00,85293.3,85329.2,85127.3,85296.5,261,750,0
2025-05-14 11:40:00,85296.0,85399.4,85251.2,85388.6,320,750,0
2025-05-14 11:50:00,85388.6,85503.9,85330.2,85370.0,236,750,0
2025-05-14 12:00:00,85372.0,85450.5,85160.4,85268.2,267,750,0
2025-05-14 12:10:00,85268.2,85419.9,85241.0,85354.6,333,750,0
2025-05-14 12:20:00,85371.9,85448.7,85296.3,85414.2,212,750,0
2025-05-14 12:30:00,85414.2,85418.2,85349.4,85370.4,210,750,0
2025-05-14 12:40:00,85370.4,85479.0,85367.4,85470.6,280,750,0
2025-05-14 12:50:00,85448.3,85459.2,85380.1,85418.4,185,750,0
2025-05-14 13:00:00,85418.4,85425.3,85328.7,85359.2,219,750,0
2025-05-14 13:10:00,85359.2,85410.8,85299.0,85361.5,175,750,0
2025-05-14 13:20:00,85361.5,85374.4,85155.4,85169.4,211,750,0
2025-05-14 13:30:00,85169.4,85267.6,85162.1,85238.5,223,750,0
2025-05-14 13:40:00,85238.5,85259.3,85163.4,85163.4,182,750,0
2025-05-14 13:50:00,85163.4,85330.0,85163.4,85289.0,206,750,0
2025-05-14 14:00:00,85303.3,85305.8,85206.1,85206.1,188,750,0
2025-05-14 14:10:00,85206.1,85211.0,85098.0,85127.7,206,750,0
2025-05-14 14:20:00,85129.7,85238.2,85078.3,85230.2,315,750,0
2025-05-14 14:30:00,85230.2,85305.9,85207.4,85223.2,256,750,0
2025-05-14 14:40:00,85191.5,85246.5,85114.2,85194.4,229,750,0
2025-05-14 14:50:00,85197.4,85267.6,85171.6,85232.8,311,750,0
2025-05-14 15:00:00,85229.8,85300.5,85175.2,85268.8,392,750,0
2025-05-14 15:10:00,85269.3,85347.1,85238.5,85341.6,350,750,0
2025-05-14 15:20:00,85341.6,85358.3,85286.0,85346.3,288,750,0
2025-05-14 15:30:00,85341.4,85401.8,85272.7,85290.5,411,750,0
2025-05-14 15:40:00,85290.5,85309.3,85178.3,85204.1,376,750,0
2025-05-14 15:50:00,85204.1,85218.9,85124.4,85166.8,332,750,0
2025-05-14 16:00:00,85169.8,85169.8,85020.5,85031.9,317,750,0
2025-05-14 16:10:00,85033.9,85033.9,84976.4,84992.7,345,750,0
2025-05-14 16:20:00,84997.7,85042.9,84970.8,85034.4,280,750,0
2025-05-14 16:30:00,85031.0,85031.0,84756.4,84800.9,453,750,0
2025-05-14 16:40:00,84819.8,84990.2,84806.7,84833.4,498,750,0
2025-05-14 16:50:00,84833.4,84938.4,84773.7,84896.1,429,750,0
2025-05-14 17:00:00,84895.6,84984.7,84819.3,84846.8,342,750,0
2025-05-14 17:10:00,84846.8,84939.7,84827.5,84827.5,291,750,0
2025-05-14 17:20:00,84827.5,84894.8,84824.5,84862.1,238,750,0
2025-05-14 17:30:00,84867.6,84885.9,84715.1,84789.6,266,750,0
2025-05-14 17:40:00,84789.6,84941.5,84786.6,84935.5,319,750,0
2025-05-14 17:50:00,84935.5,85049.6,84935.5,84982.8,154,750,0
2025-05-14 18:00:00,84984.8,85004.6,84800.8,84895.6,147,750,0
2025-05-14 18:10:00,84895.6,84939.3,84878.8,84910.6,152,750,0
2025-05-14 18:20:00,84911.6,84972.2,84906.8,84914.7,112,750,0
2025-05-15 09:30:00,84368.4,84514.3,84368.4,84408.4,81,750,0
2025-05-15 09:40:00,84408.4,84440.3,84284.5,84418.5,60,750,0
2025-05-15 09:50:00,84418.5,84446.3,84378.6,84428.4,68,1440,0
2025-05-15 10:00:00,84400.6,84401.6,84378.3,84385.8,15,750,0
2025-05-15 10:30:00,84485.4,84519.2,84388.1,84398.1,117,750,0
2025-05-15 10:40:00,84398.1,84453.1,84300.2,84393.0,264,750,0
2025-05-15 10:50:00,84393.0,84414.9,84112.0,84158.2,217,750,0
2025-05-15 11:00:00,84158.2,84402.8,84158.2,84274.4,244,750,0
2025-05-15 11:10:00,84270.5,84292.4,84130.5,84187.8,332,750,0
2025-05-15 11:20:00,84188.8,84313.2,84153.2,84313.2,179,750,0
2025-05-15 11:30:00,84313.7,84386.4,84246.0,84308.4,146,750,0
2025-05-15 11:40:00,84308.4,84483.8,84287.1,84441.3,262,750,0
2025-05-15 11:50:00,84441.3,84511.6,84297.5,84391.4,157,750,0
2025-05-15 12:00:00,84396.3,84432.0,84317.6,84348.0,131,750,0
2025-05-15 12:10:00,84345.0,84362.0,84285.4,84315.2,171,750,0
2025-05-15 12:20:00,84315.2,84486.2,84289.5,84412.0,191,750,0
2025-05-15 12:30:00,84412.1,84433.1,84256.6,84298.6,155,750,0
2025-05-15 12:40:00,84298.1,84301.4,84205.6,84208.7,187,750,0
2025-05-15 12:50:00,84208.7,84289.9,84138.0,84289.9,104,750,0
2025-05-15 13:00:00,84289.9,84289.9,84136.0,84214.0,93,750,0
2025-05-15 13:10:00,84214.0,84333.7,84189.1,84318.0,79,750,0
2025-05-15 13:20:00,84318.0,84322.1,84159.0,84203.4,290,750,0
2025-05-15 13:30:00,84203.4,84242.4,84179.7,84213.9,298,750,0
2025-05-15 13:40:00,84213.9,84304.4,84213.9,84304.0,165,750,0
2025-05-15 13:50:00,84304.0,84443.0,84304.0,84389.7,134,750,0
2025-05-15 14:00:00,84389.7,84416.7,84245.9,84331.5,232,750,0
2025-05-15 14:10:00,84332.5,84390.1,84288.8,84380.1,136,750,0
2025-05-15 14:20:00,84380.1,84398.9,84273.5,84377.4,127,750,0
2025-05-15 14:30:00,84378.3,84438.4,84232.7,84264.1,154,750,0
2025-05-15 14:40:00,84264.1,84470.3,84264.1,84430.2,176,750,0
2025-05-15 14:50:00,84430.7,84430.7,84301.6,84402.0,170,750,0
2025-05-15 15:00:00,84403.0,84499.8,84397.2,84435.4,129,750,0
2025-05-15 15:10:00,84435.4,84569.5,84388.2,84510.4,223,750,0
2025-05-15 15:20:00,84508.9,84656.6,84467.1,84599.6,201,750,0
2025-05-15 15:30:00,84599.6,84759.0,84599.6,84747.4,88,750,0
2025-05-15 15:40:00,84747.4,84798.5,84696.3,84696.3,107,750,0
2025-05-15 15:50:00,84696.3,84739.8,84537.6,84734.2,163,750,0
2025-05-15 16:00:00,84733.7,84792.8,84630.6,84761.1,248,750,0
2025-05-15 16:10:00,84761.1,84820.0,84718.0,84767.0,216,750,0
2025-05-15 16:20:00,84767.0,84768.4,84652.9,84666.8,180,750,0
2025-05-15 16:30:00,84671.8,84760.7,84625.9,84725.8,403,750,0
2025-05-15 16:40:00,84724.4,84732.3,84578.1,84654.6,411,750,0
2025-05-15 16:50:00,84654.6,84804.7,84580.7,84780.9,423,750,0
2025-05-15 17:00:00,84781.4,84958.7,84742.7,84893.6,508,750,0
2025-05-15 17:10:00,84893.6,84932.5,84830.5,84878.8,399,750,0
2025-05-15 17:20:00,84879.3,84998.5,84879.3,84932.1,328,750,0
2025-05-15 17:30:00,84932.1,84959.3,84766.3,84862.8,281,750,0
2025-05-15 17:40:00,84862.8,84944.3,84774.6,84776.6,280,750,0
2025-05-15 17:50:00,84776.6,84816.8,84680.5,84726.1,216,750,0
2025-05-15 18:00:00,84729.1,84787.7,84728.1,84787.7,137,750,0
2025-05-15 18:10:00,84787.7,84907.0,84770.9,84886.1,161,750,0
2025-05-15 18:20:00,84880.2,84930.3,84820.7,84841.6,143,750,0
2025-05-16 09:30:00,84875.9,84875.9,84540.5,84772.8,138,750,0
2025-05-16 09:40:00,84772.8,84781.7,84658.8,84658.8,58,750,0
2025-05-16 09:50:00,84658.8,84838.5,84640.0,84797.8,82,750,0
2025-05-16 10:00:00,84798.8,84912.0,84640.1,84695.8,280,750,0
2025-05-16 10:10:00,84695.8,84905.7,84668.0,84899.0,228,750,0
2025-05-16 10:20:00,84901.0,84924.6,84709.8,84720.9,238,750,0
2025-05-16 10:30:00,84720.9,84866.0,84714.0,84799.2,233,750,0
2025-05-16 10:40:00,84799.2,84927.1,84781.7,84927.1,150,750,0
2025-05-16 10:50:00,84927.1,84982.4,84846.6,84871.3,187,750,0
2025-05-16 11:00:00,84871.3,84883.2,84751.8,84760.8,160,750,0
2025-05-16 11:10:00,84760.3,84760.3,84686.7,84711.6,100,750,0
2025-05-16 11:20:00,84711.6,84765.3,84711.6,84753.5,101,750,0
2025-05-16 11:30:00,84753.5,84755.4,84672.9,84672.9,151,750,0
2025-05-16 11:40:00,84673.0,84789.6,84670.1,84744.0,103,750,0
2025-05-16 11:50:00,84744.0,84773.7,84705.7,84766.7,167,750,0
2025-05-16 12:00:00,84767.7,84785.2,84682.8,84683.8,130,750,0
2025-05-16 12:10:00,84683.8,84778.3,84683.8,84719.1,129,750,0
2025-05-16 12:20:00,84719.1,84763.7,84697.4,84749.7,132,750,0
2025-05-16 12:30:00,84749.7,84771.8,84718.1,84745.1,119,750,0
2025-05-16 12:40:00,84745.0,84781.3,84718.5,84768.6,145,750,0
2025-05-16 12:50:00,84769.1,84866.4,84765.2,84841.7,170,750,0
2025-05-16 13:00:00,84842.7,84842.8,84701.0,84720.2,125,750,0
2025-05-16 13:10:00,84720.2,84785.4,84712.6,84760.1,126,750,0
2025-05-16 13:20:00,84760.1,84879.3,84755.2,84879.3,163,750,0
2025-05-16 13:30:00,84881.3,84924.4,84849.5,84871.5,140,750,0
2025-05-16 13:40:00,84871.5,84890.6,84789.6,84797.5,92,750,0
2025-05-16 13:50:00,84797.5,84808.8,84683.0,84727.7,203,750,0
2025-05-16 14:00:00,84727.7,84773.5,84702.0,84706.0,133,750,0
2025-05-16 14:10:00,84706.0,84713.0,84683.3,84700.6,97,750,0
2025-05-16 14:20:00,84691.2,84783.1,84683.2,84715.8,141,750,0
2025-05-16 14:30:00,84715.8,84731.0,84652.2,84730.9,91,750,0
2025-05-16 14:40:00,84730.9,84737.3,84654.8,84681.6,86,750,0
2025-05-16 14:50:00,84681.6,84681.6,84610.1,84624.3,105,750,0
2025-05-16 15:00:00,84624.3,84635.3,84563.9,84569.3,110,750,0
2025-05-16 15:10:00,84569.3,84595.9,84511.1,84537.1,138,750,0
2025-05-16 15:20:00,84537.1,84563.0,84484.7,84485.8,161,750,0
2025-05-16 15:30:00,84486.8,84607.8,84485.8,84587.2,192,750,0
2025-05-16 15:40:00,84587.2,84592.2,84497.0,84546.7,205,750,0
2025-05-16 15:50:00,84546.7,84593.6,84535.7,84569.8,219,750,0
2025-05-16 16:00:00,84572.8,84647.2,84563.8,84638.3,273,750,0
2025-05-16 16:10:00,84638.3,84673.4,84570.9,84597.8,170,750,0
2025-05-16 16:20:00,84597.8,84686.1,84562.5,84679.1,232,750,0
2025-05-16 16:30:00,84683.1,84816.7,84643.3,84785.4,349,750,0
2025-05-16 16:40:00,84786.4,84844.5,84733.1,84807.1,387,750,0
2025-05-16 16:50:00,84810.0,84861.0,84731.3,84826.8,246,750,0
2025-05-16 17:00:00,84827.8,84886.8,84754.3,84875.8,180,750,0
2025-05-16 17:10:00,84866.4,84951.8,84866.4,84891.3,161,750,0
2025-05-16 17:20:00,84891.3,84964.4,84891.3,84958.9,212,750,0
2025-05-16 17:30:00,84961.8,85084.1,84958.8,85081.7,290,750,0
2025-05-16 17:40:00,85082.7,85112.0,84970.9,85043.8,278,750,0
2025-05-16 17:50:00,85043.8,85103.5,85038.5,85103.5,134,750,0
2025-05-16 18:00:00,85102.1,85181.5,85102.0,85151.8,121,750,0
2025-05-16 18:10:00,85151.8,85205.4,85109.3,85130.6,169,750,0
2025-05-16 18:20:00,85126.6,85167.3,85070.6,85144.1,131,750,0
2025-05-19 09:30:00,84931.4,85046.7,84855.0,84979.3,68,750,0
2025-05-19 09:40:00,84979.3,84979.3,84900.4,84923.8,46,750,0
2025-05-19 09:50:00,84923.8,84941.7,84889.1,84897.1,62,750,0
2025-05-19 10:00:00,84897.1,85031.2,84758.2,84765.2,242,750,0
2025-05-19 10:10:00,84765.2,84929.7,84676.8,84834.9,223,750,0
2025-05-19 10:20:00,84834.9,84924.0,84752.4,84816.7,167,750,0
2025-05-19 10:30:00,84816.7,84878.7,84773.7,84836.8,269,750,0
2025-05-19 10:40:00,84836.8,84866.4,84746.3,84816.4,221,750,0
2025-05-19 10:50:00,84816.4,84854.5,84773.4,84811.9,267,750,0
2025-05-19 11:00:00,84811.9,84829.2,84717.3,84745.6,236,750,0
2025-05-19 11:10:00,84746.1,84780.4,84715.8,84741.6,188,750,0
2025-05-19 11:20:00,84741.6,84744.6,84672.9,84683.2,211,750,0
2025-05-19 11:30:00,84683.2,84690.6,84556.1,84559.1,179,750,0
2025-05-19 11:40:00,84559.1,84689.1,84555.8,84655.4,173,750,0
2025-05-19 11:50:00,84655.4,84705.2,84588.8,84697.4,113,750,0
2025-05-19 12:00:00,84701.3,84703.3,84549.1,84560.0,215,750,0
2025-05-19 12:10:00,84559.5,84586.9,84534.5,84536.4,251,750,0
2025-05-19 12:20:00,84536.4,84536.4,84455.4,84500.8,140,750,0
2025-05-19 12:30:00,84500.8,84569.5,84462.2,84568.0,115,750,0
2025-05-19 12:40:00,84568.0,84582.9,84460.6,84460.6,157,750,0
2025-05-19 12:50:00,84460.6,84515.2,84457.7,84475.3,90,750,0
2025-05-19 13:00:00,84476.3,84480.8,84412.1,84436.2,206,750,0
2025-05-19 13:10:00,84436.7,84438.5,84319.1,84365.6,259,750,0
2025-05-19 13:20:00,84358.6,84389.7,84321.7,84337.5,203,750,0
2025-05-19 13:30:00,84337.0,84387.5,84318.7,84351.3,198,750,0
2025-05-19 13:40:00,84351.3,84385.4,84333.5,84351.6,161,750,0
2025-05-19 13:50:00,84351.6,84365.0,84285.6,84291.6,174,750,0
2025-05-19 14:00:00,84292.0,84331.5,84274.5,84331.5,134,750,0
2025-05-19 14:10:00,84331.5,84355.3,84300.7,84334.5,113,750,0
2025-05-19 14:20:00,84335.5,84376.2,84293.3,84298.3,99,750,0
2025-05-19 14:30:00,84298.3,84351.6,84286.1,84349.5,168,750,0
2025-05-19 14:40:00,84349.5,84420.7,84338.1,84374.8,89,750,0
2025-05-19 14:50:00,84374.8,84517.2,84374.8,84505.7,127,750,0
2025-05-19 15:00:00,84505.7,84576.3,84458.9,84461.9,171,750,0
2025-05-19 15:10:00,84461.9,84515.4,84418.1,84506.5,100,750,0
2025-05-19 15:20:00,84506.5,84526.4,84482.5,84488.1,97,750,0
2025-05-19 15:30:00,84488.1,84515.0,84450.3,84487.8,106,750,0
2025-05-19 15:40:00,84487.8,84526.7,84463.1,84470.0,94,750,0
2025-05-19 15:50:00,84470.0,84509.3,84437.6,84437.6,145,750,0
2025-05-19 16:00:00,84436.6,84502.7,84414.5,84444.1,207,750,0
2025-05-19 16:10:00,84444.1,84555.0,84444.1,84530.5,281,750,0
2025-05-19 16:20:00,84531.0,84533.5,84434.9,84513.4,288,750,0
2025-05-19 16:30:00,84513.4,84593.0,84484.1,84560.2,320,750,0
2025-05-19 16:40:00,84560.2,84701.5,84560.2,84697.0,224,750,0
2025-05-19 16:50:00,84697.0,84784.8,84663.1,84761.0,313,750,0
2025-05-19 17:00:00,84761.0,84851.9,84725.2,84839.9,361,750,0
2025-05-19 17:10:00,84839.9,85193.1,84788.0,85174.8,388,750,0
2025-05-19 17:20:00,85174.8,85179.7,85025.5,85055.2,329,750,0
2025-05-19 17:30:00,85055.2,85100.9,85024.7,85080.4,328,750,0
2025-05-19 17:40:00,85080.4,85154.9,85050.2,85135.0,343,750,0
2025-05-19 17:50:00,85122.1,85142.0,84959.9,84973.3,297,750,0
2025-05-19 18:00:00,84975.3,85031.9,84958.4,84998.3,118,750,0
2025-05-19 18:10:00,84998.7,85156.2,84998.7,85126.5,132,750,0
2025-05-19 18:20:00,85126.5,85317.2,85126.5,85174.3,247,750,0
2025-05-20 09:30:00,85151.0,85152.0,84958.4,85112.4,83,750,0
2025-05-20 09:40:00,85112.5,85186.0,85112.5,85163.2,25,750,0
2025-05-20 09:50:00,85163.2,85176.2,85135.0,85137.5,41,750,0
2025-05-20 10:00:00,85137.6,85187.7,84996.7,85007.6,303,750,0
2025-05-20 10:10:00,85010.6,85017.5,84902.2,84960.3,219,750,0
2025-05-20 10:20:00,84960.3,84960.3,84857.2,84905.5,317,750,0
2025-05-20 10:30:00,84907.0,84935.4,84861.1,84862.1,274,750,0
2025-05-20 10:40:00,84862.1,84912.2,84772.2,84781.9,218,750,0
2025-05-20 10:50:00,84781.9,84908.0,84777.0,84908.0,231,750,0
2025-05-20 11:00:00,84908.0,85001.1,84903.4,84938.6,204,750,0
2025-05-20 11:10:00,84938.6,84967.2,84856.4,84967.2,173,750,0
2025-05-20 11:20:00,84967.2,85081.3,84939.3,85080.2,215,750,0
2025-05-20 11:30:00,85080.2,85083.7,84975.2,84988.3,220,750,0
2025-05-20 11:40:00,85005.2,85035.4,84975.4,84986.3,169,750,0
2025-05-20 11:50:00,84986.3,85026.4,84973.1,85004.5,170,750,0
2025-05-20 12:00:00,85004.5,85017.5,84857.4,84861.4,178,750,0
2025-05-20 12:10:00,84861.4,85015.2,84804.6,84986.6,217,750,0
2025-05-20 12:20:00,84986.6,85024.3,84885.5,84930.2,212,750,0
2025-05-20 12:30:00,84930.2,84953.4,84846.3,84847.3,187,750,0
2025-05-20 12:40:00,84848.3,84848.3,84676.5,84706.3,171,750,0
2025-05-20 12:50:00,84706.3,84988.4,84706.3,84834.6,198,750,0
2025-05-20 13:00:00,84834.6,84838.1,84704.1,84746.7,220,750,0
2025-05-20 13:10:00,84745.7,84835.4,84681.1,84817.4,180,750,0
2025-05-20 13:20:00,84817.4,84823.9,84707.7,84777.6,222,750,0
2025-05-20 13:30:00,84777.6,84782.0,84670.8,84697.1,230,750,0
2025-05-20 13:40:00,84696.1,84704.8,84647.8,84670.7,181,750,0
2025-05-20 13:50:00,84670.7,84732.7,84670.7,84683.0,155,750,0
2025-05-20 14:00:00,84683.0,84715.0,84679.5,84689.4,122,750,0
2025-05-20 14:10:00,84689.4,84792.5,84648.0,84788.6,129,750,0
2025-05-20 14:20:00,84788.6,84836.9,84728.1,84836.9,87,750,0
2025-05-20 14:30:00,84836.9,84859.1,84756.3,84845.3,124,750,0
2025-05-20 14:40:00,84803.5,84884.9,84803.5,84822.6,144,750,0
2025-05-20 14:50:00,84822.6,84894.7,84818.6,84870.3,159,750,0
2025-05-20 15:00:00,84870.3,84899.4,84811.9,84859.6,150,750,0
2025-05-20 15:10:00,84859.6,84891.5,84816.2,84871.7,161,750,0
2025-05-20 15:20:00,84871.7,84904.8,84826.2,84854.6,236,750,0
2025-05-20 15:30:00,84854.6,84949.3,84823.4,84867.3,266,750,0
2025-05-20 15:40:00,84867.3,84880.2,84802.8,84828.0,271,750,0
2025-05-20 15:50:00,84828.0,84889.9,84812.9,84835.8,291,750,0
2025-05-20 16:00:00,84835.8,84835.8,84723.3,84743.3,91,750,0
2025-05-20 16:10:00,84743.3,84843.6,84727.4,84756.2,237,750,0
2025-05-20 16:20:00,84756.2,84869.5,84756.1,84861.0,307,750,0
2025-05-20 16:30:00,84861.5,84973.8,84752.9,84957.5,391,750,0
2025-05-20 16:40:00,84960.5,85003.3,84842.6,84873.4,332,750,0
2025-05-20 16:50:00,84873.4,85061.7,84873.4,85049.3,174,750,0
2025-05-20 17:00:00,85053.3,85199.9,85053.3,85199.9,287,750,0
2025-05-20 17:10:00,85200.4,85225.7,85084.8,85132.9,366,750,0
2025-05-20 17:20:00,85132.9,85195.2,85113.0,85121.0,297,750,0
2025-05-20 17:30:00,85119.5,85170.3,85021.8,85159.5,194,750,0
2025-05-20 17:40:00,85159.5,85262.6,85152.7,85239.5,187,750,0
2025-05-20 17:50:00,85239.5,85286.2,85171.5,85217.8,182,750,0
2025-05-20 18:00:00,85220.8,85250.1,85185.1,85243.7,127,750,0
2025-05-20 18:10:00,85243.7,85250.7,85108.8,85111.2,313,750,0
2025-05-20 18:20:00,85108.8,85166.5,85074.0,85146.1,227,750,0
2025-05-21 09:30:00,85102.0,85115.9,84982.8,85048.5,76,750,0
2025-05-21 09:40:00,85039.6,85089.8,84992.0,85080.4,40,750,0
2025-05-21 09:50:00,85080.4,85143.1,85075.6,85117.3,73,750,0
2025-05-21 10:00:00,85117.3,85444.7,85079.6,85406.5,323,750,0
2025-05-21 10:10:00,85406.5,85633.1,85406.5,85617.1,344,750,0
2025-05-21 10:20:00,85617.1,85691.8,85614.3,85690.7,287,750,0
2025-05-21 10:30:00,85691.7,85808.4,85685.9,85755.1,233,750,0
2025-05-21 10:40:00,85755.1,85860.6,85755.1,85784.3,157,750,0
2025-05-21 10:50:00,85784.3,85892.1,85784.3,85889.1,170,750,0
2025-05-21 11:00:00,85889.1,85955.9,85882.5,85911.5,252,750,0
2025-05-21 11:10:00,85911.5,85936.5,85805.0,85903.5,217,750,0
2025-05-21 11:20:00,85903.5,85974.3,85881.5,85974.3,200,750,0
2025-05-21 11:30:00,85974.3,85993.1,85907.8,85934.2,196,750,0
2025-05-21 11:40:00,85935.2,85994.6,85909.2,85983.0,194,750,0
2025-05-21 11:50:00,85984.0,85996.6,85928.4,85966.9,155,750,0
2025-05-21 12:00:00,85966.9,85966.9,85863.5,85923.6,180,750,0
2025-05-21 12:10:00,85924.6,85945.9,85833.9,85864.6,263,750,0
2025-05-21 12:20:00,85864.6,85889.4,85803.9,85863.9,386,750,0
2025-05-21 12:30:00,85864.4,85888.2,85804.4,85849.6,274,750,0
2025-05-21 12:40:00,85847.6,85870.4,85781.2,85870.4,182,750,0
2025-05-21 12:50:00,85870.4,85930.1,85870.4,85919.2,128,750,0
2025-05-21 13:00:00,85919.2,85945.0,85893.1,85924.4,158,750,0
2025-05-21 13:10:00,85924.4,85959.6,85886.8,85928.8,190,750,0
2025-05-21 13:20:00,85928.8,85934.5,85883.3,85905.6,168,750,0
2025-05-21 13:30:00,85919.6,86081.2,85907.1,86067.2,213,750,0
2025-05-21 13:40:00,86067.3,86079.9,85927.2,85938.1,162,750,0
2025-05-21 13:50:00,85938.1,86038.1,85938.1,85994.5,103,750,0
2025-05-21 14:00:00,85994.5,86047.7,85991.7,86004.9,159,750,0
2025-05-21 14:10:00,86004.9,86059.5,85939.4,85939.4,106,750,0
2025-05-21 14:20:00,85939.4,86075.4,85939.4,86048.4,146,750,0
2025-05-21 14:30:00,86048.4,86082.4,86018.1,86019.1,176,750,0
2025-05-21 14:40:00,86019.1,86119.5,86014.6,86112.5,182,750,0
2025-05-21 14:50:00,86110.0,86140.5,86032.3,86092.3,239,750,0
2025-05-21 15:00:00,86092.3,86125.0,86066.3,86116.2,174,750,0
2025-05-21 15:10:00,86116.2,86147.1,86073.7,86115.3,209,750,0
2025-05-21 15:20:00,86115.3,86159.4,86107.5,86123.3,268,750,0
2025-05-21 15:30:00,86123.8,86151.3,86033.9,86112.2,185,750,0
2025-05-21 15:40:00,86113.2,86156.4,85959.5,85959.5,225,750,0
2025-05-21 15:50:00,85959.5,86120.1,85953.5,86074.0,169,750,0
2025-05-21 16:00:00,86074.0,86154.3,86072.4,86121.4,160,750,0
2025-05-21 16:10:00,86121.9,86126.3,86113.8,86125.1,38,750,0
2025-05-21 16:30:00,86237.2,86266.9,86193.5,86216.4,67,750,0
2025-05-21 16:40:00,86216.4,86264.1,86103.1,86220.4,244,750,0
2025-05-21 16:50:00,86220.4,86247.9,86117.3,86183.6,192,750,0
2025-05-21 17:00:00,86183.6,86268.7,86114.5,86114.5,224,750,0
2025-05-21 17:10:00,86115.5,86142.5,86091.9,86118.4,366,750,0
2025-05-21 17:20:00,86119.4,86176.3,86087.8,86113.1,298,750,0
2025-05-21 17:30:00,86113.1,86119.6,86055.2,86055.7,282,750,0
2025-05-21 17:40:00,86055.7,86075.1,85901.8,85908.9,309,750,0
2025-05-21 17:50:00,85908.9,86003.9,85893.6,85897.1,245,750,0
2025-05-21 18:00:00,85893.2,86068.2,85882.8,86007.6,181,750,0
2025-05-21 18:10:00,86007.6,86018.5,85912.3,85953.1,164,750,0
2025-05-21 18:20:00,85954.1,85969.0,85889.6,85919.4,89,750,0
2025-05-22 09:30:00,85637.4,85637.4,85463.4,85490.8,61,750,0
2025-05-22 09:40:00,85490.8,85502.4,85359.2,85484.5,102,750,0
2025-05-22 09:50:00,85484.5,85485.6,85391.6,85407.1,69,750,0
2025-05-22 10:00:00,85407.1,85439.9,85256.1,85306.3,454,750,0
2025-05-22 10:10:00,85308.8,85411.7,85163.7,85181.9,466,750,0
2025-05-22 10:20:00,85181.9,85225.1,85118.0,85125.6,364,750,0
2025-05-22 10:30:00,85122.6,85153.9,85075.8,85077.7,305,750,0
2025-05-22 10:40:00,85077.2,85258.0,85054.0,85205.2,265,750,0
2025-05-22 10:50:00,85205.2,85224.6,85109.4,85221.8,259,750,0
2025-05-22 11:00:00,85203.0,85375.3,85167.4,85281.6,363,750,0
2025-05-22 11:10:00,85275.7,85296.6,85181.6,85281.7,221,750,0
2025-05-22 11:20:00,85281.7,85365.7,85217.7,85271.2,267,750,0
2025-05-22 11:30:00,85271.2,85290.8,85157.1,85255.1,242,750,0
2025-05-22 11:40:00,85255.1,85271.2,85166.6,85232.5,198,750,0
2025-05-22 11:50:00,85237.5,85245.4,85144.4,85190.6,192,750,0
2025-05-22 12:00:00,85190.6,85210.5,85025.1,85028.1,300,750,0
2025-05-22 12:10:00,85030.0,85064.0,84988.1,85014.0,296,750,0
2025-05-22 12:20:00,85014.0,85059.1,84964.1,84987.1,276,750,0
2025-05-22 12:30:00,84987.1,85171.9,84964.4,85171.9,261,750,0
2025-05-22 12:40:00,85170.9,85229.9,85107.3,85210.9,179,750,0
2025-05-22 12:50:00,85210.9,85258.0,85186.0,85205.2,242,750,0
2025-05-22 13:00:00,85205.2,85232.8,85128.2,85191.2,241,750,0
2025-05-22 13:10:00,85191.2,85406.8,85145.6,85366.3,244,750,0
2025-05-22 13:20:00,85366.3,85387.3,85203.1,85273.5,147,750,0
2025-05-22 13:30:00,85273.5,85314.9,85164.8,85211.4,183,750,0
2025-05-22 13:40:00,85217.4,85267.9,85155.0,85240.6,167,750,0
2025-05-22 13:50:00,85240.6,85265.5,85131.7,85200.3,216,750,0
2025-05-22 14:00:00,85194.4,85241.9,85121.4,85199.4,200,750,0
2025-05-22 14:10:00,85199.4,85215.2,85148.8,85152.8,165,750,0
2025-05-22 14:20:00,85152.3,85180.8,85098.2,85121.1,147,750,0
2025-05-22 14:30:00,85104.2,85137.9,85066.8,85122.1,178,750,0
2025-05-22 14:40:00,85122.1,85168.3,85063.6,85128.9,208,750,0
2025-05-22 14:50:00,85128.9,85250.6,85113.0,85175.4,189,750,0
2025-05-22 15:00:00,85169.4,85251.1,85148.7,85241.2,218,750,0
2025-05-22 15:10:00,85241.2,85242.2,85141.3,85142.4,175,750,0
2025-05-22 15:20:00,85142.4,85298.2,85133.5,85229.9,201,750,0
2025-05-22 15:30:00,85209.0,85228.9,85176.2,85225.1,239,750,0
2025-05-22 15:40:00,85227.1,85285.4,85167.7,85261.2,232,750,0
2025-05-22 15:50:00,85260.2,85339.2,85257.3,85278.3,287,750,0
2025-05-22 16:00:00,85278.3,85347.7,85242.9,85302.0,226,750,0
2025-05-22 16:10:00,85302.0,85370.0,85262.2,85356.7,189,750,0
2025-05-22 16:20:00,85356.7,85523.2,85349.7,85464.2,250,750,0
2025-05-22 16:30:00,85466.2,85536.6,85329.3,85365.9,204,750,0
2025-05-22 16:40:00,85365.9,85498.7,85365.9,85452.3,272,750,0
2025-05-22 16:50:00,85452.3,85525.9,85442.0,85486.4,326,750,0
2025-05-22 17:00:00,85485.4,85655.1,85464.0,85525.9,326,750,0
2025-05-22 17:10:00,85525.9,85544.2,85460.2,85461.2,192,750,0
2025-05-22 17:20:00,85461.2,85512.4,85380.7,85424.0,183,750,0
2025-05-22 17:30:00,85424.0,85611.4,85424.0,85479.1,288,750,0
2025-05-22 17:40:00,85479.1,85724.8,85453.3,85596.3,278,750,0
2025-05-22 17:50:00,85599.7,85618.6,85478.0,85523.8,174,750,0
2025-05-22 18:00:00,85530.8,85655.0,85434.4,85478.2,180,750,0
2025-05-22 18:10:00,85478.2,85531.0,85434.5,85531.0,99,750,0
2025-05-22 18:20:00,85536.0,85607.7,85504.3,85504.3,69,750,0
2025-05-23 09:30:00,85363.7,85667.0,85363.7,85667.0,57,750,0
2025-05-23 09:40:00,85667.0,85831.1,85667.0,85764.6,96,750,0
2025-05-23 09:50:00,85765.6,85811.5,85735.9,85747.9,88,750,0
2025-05-23 10:00:00,85747.9,86011.6,85625.0,86011.6,356,750,0
2025-05-23 10:10:00,86011.6,86159.4,85961.8,86058.9,296,750,0
2025-05-23 10:20:00,86085.7,86176.6,86061.2,86136.0,163,750,0
2025-05-23 10:30:00,86136.0,86211.3,86136.0,86205.2,228,750,0
2025-05-23 10:40:00,86205.2,86253.1,86177.2,86226.5,193,750,0
2025-05-23 10:50:00,86226.5,86243.9,86156.7,86194.9,139,750,0
2025-05-23 11:00:00,86194.9,86288.8,86160.7,86287.7,139,750,0
2025-05-23 11:10:00,86287.7,86391.2,86281.6,86281.6,177,750,0
2025-05-23 11:20:00,86281.6,86281.8,86194.3,86209.9,155,750,0
2025-05-23 11:30:00,86210.9,86317.1,86210.9,86235.1,203,750,0
2025-05-23 11:40:00,86234.6,86274.8,86211.8,86266.0,155,750,0
2025-05-23 11:50:00,86266.0,86267.0,86174.2,86184.1,216,750,0
2025-05-23 12:00:00,86185.1,86267.5,86173.0,86175.0,159,750,0
2025-05-23 12:10:00,86175.0,86276.7,86173.1,86276.7,163,750,0
2025-05-23 12:20:00,86276.7,86300.0,86216.9,86293.2,178,750,0
2025-05-23 12:30:00,86292.2,86302.1,86245.1,86246.6,156,750,0
2025-05-23 12:40:00,86246.6,86256.2,86176.1,86191.2,140,750,0
2025-05-23 12:50:00,86191.2,86320.7,86191.2,86320.2,147,750,0
2025-05-23 13:00:00,86320.2,86329.1,86220.6,86229.3,163,750,0
2025-05-23 13:10:00,86229.3,86282.5,86220.2,86249.6,157,750,0
2025-05-23 13:20:00,86249.6,86250.6,86180.0,86190.1,135,750,0
2025-05-23 13:30:00,86190.1,86213.3,86159.5,86185.6,85,750,0
2025-05-23 13:40:00,86185.6,86224.9,86120.3,86125.3,121,750,0
2025-05-23 13:50:00,86125.3,86200.9,86080.6,86168.1,152,750,0
2025-05-23 14:00:00,86165.1,86194.1,86101.5,86150.7,100,750,0
2025-05-23 14:10:00,86150.7,86195.0,86096.1,86097.1,92,750,0
2025-05-23 14:20:00,86097.1,86126.9,86006.2,86043.6,222,750,0
2025-05-23 14:30:00,86043.6,86110.7,86011.3,86095.5,144,750,0
2025-05-23 14:40:00,86095.5,86095.5,85374.7,85495.5,346,750,0
2025-05-23 14:50:00,85469.6,85617.0,85261.2,85286.4,246,750,0
2025-05-23 15:00:00,85286.4,85543.5,85230.8,85495.2,278,750,0
2025-05-23 15:10:00,85495.2,85500.1,85256.0,85386.8,291,750,0
2025-05-23 15:20:00,85386.8,85516.6,85304.6,85500.8,211,750,0
2025-05-23 15:30:00,85500.8,85636.3,85457.3,85554.8,334,750,0
2025-05-23 15:40:00,85514.0,85782.4,85499.1,85772.5,258,750,0
2025-05-23 15:50:00,85772.5,85814.2,85648.2,85663.8,89,1840,0
2025-05-23 16:00:00,85663.8,85663.8,85405.5,85440.1,177,750,0
2025-05-23 16:10:00,85440.1,85565.9,85387.1,85545.9,201,750,0
2025-05-23 16:20:00,85544.9,85614.9,85478.2,85614.9,210,750,0
2025-05-23 16:30:00,85614.9,85684.2,85512.3,85680.0,129,750,0
2025-05-23 16:40:00,85680.0,85680.9,85425.2,85430.2,212,750,0
2025-05-23 16:50:00,85434.2,85545.9,85418.1,85439.6,150,750,0
2025-05-23 17:00:00,85440.6,85633.5,85433.0,85610.6,179,750,0
2025-05-23 17:10:00,85610.6,85697.8,85572.4,85649.2,216,750,0
2025-05-23 17:20:00,85649.2,85882.4,85614.7,85827.5,171,750,0
2025-05-23 17:30:00,85827.5,85949.9,85795.6,85880.5,219,750,0
2025-05-23 17:40:00,85865.2,85881.1,85822.8,85826.8,249,750,0
2025-05-23 17:50:00,85828.8,85943.8,85806.0,85932.4,171,750,0
2025-05-23 18:00:00,85934.3,85968.3,85833.9,85963.3,116,750,0
2025-05-23 18:10:00,85963.3,86250.8,85933.5,86229.9,196,750,0
2025-05-23 18:20:00,86230.9,86327.9,86161.3,86249.9,166,750,0
2025-05-26 09:30:00,86498.5,86498.5,86360.2,86475.8,56,750,0
2025-05-26 09:40:00,86469.8,86486.8,86401.3,86401.3,31,750,0
2025-05-26 09:50:00,86401.3,86407.3,86346.6,86360.7,54,750,0
2025-05-26 10:00:00,86360.7,86486.5,86237.4,86281.2,252,750,0
2025-05-26 10:10:00,86281.2,86459.2,86149.5,86376.5,255,750,0
2025-05-26 10:20:00,86377.5,86395.6,86239.5,86242.3,220,750,0
2025-05-26 10:30:00,86242.3,86336.2,86242.1,86329.5,226,750,0
2025-05-26 10:40:00,86329.5,86337.1,86254.0,86287.3,193,750,0
2025-05-26 10:50:00,86287.3,86301.6,86239.9,86259.6,238,750,0
2025-05-26 11:00:00,86259.6,86308.6,86240.3,86265.6,163,750,0
2025-05-26 11:10:00,86268.6,86286.4,86236.3,86247.8,202,750,0
2025-05-26 11:20:00,86247.8,86249.0,86208.5,86246.4,183,750,0
2025-05-26 11:30:00,86246.3,86270.7,86209.1,86270.2,167,750,0
2025-05-26 11:40:00,86270.2,86304.5,86247.4,86268.3,106,750,0
2025-05-26 11:50:00,86268.3,86280.4,86241.4,86251.7,169,750,0
2025-05-26 12:00:00,86251.7,86283.9,86249.6,86266.7,146,750,0
2025-05-26 12:10:00,86266.7,86324.4,86264.5,86271.8,152,750,0
2025-05-26 12:20:00,86272.3,86290.0,86263.7,86267.0,83,750,0
2025-05-26 12:30:00,86267.0,86324.3,86241.2,86317.4,218,750,0
2025-05-26 12:40:00,86317.4,86319.4,86258.8,86284.6,162,750,0
2025-05-26 12:50:00,86285.1,86359.9,86285.1,86359.9,166,750,0
2025-05-26 13:00:00,86359.4,86362.9,86312.5,86334.2,243,750,0
2025-05-26 13:10:00,86335.7,86355.9,86280.5,86334.6,246,750,0
2025-05-26 13:20:00,86344.5,86415.3,86328.7,86415.3,207,750,0
2025-05-26 13:30:00,86414.8,86458.6,86399.9,86436.0,139,750,0
2025-05-26 13:40:00,86436.0,86438.0,86385.0,86389.8,125,750,0
2025-05-26 13:50:00,86396.8,86403.6,86333.8,86340.8,145,750,0
2025-05-26 14:00:00,86340.8,86408.4,86340.8,86363.0,81,750,0
2025-05-26 14:10:00,86363.0,86378.4,86324.5,86361.1,86,750,0
2025-05-26 14:20:00,86361.1,86404.1,86341.3,86404.0,75,750,0
2025-05-26 14:30:00,86404.0,86430.7,86385.1,86396.0,101,750,0
2025-05-26 14:40:00,86396.0,86422.8,86391.3,86416.0,82,750,0
2025-05-26 14:50:00,86416.0,86445.9,86416.0,86445.9,109,750,0
2025-05-26 15:00:00,86445.9,86496.8,86444.3,86490.9,144,750,0
2025-05-26 15:10:00,86488.8,86515.5,86488.2,86514.0,156,750,0
2025-05-26 15:20:00,86514.0,86515.0,86414.3,86419.3,292,750,0
2025-05-26 15:30:00,86420.3,86443.1,86413.8,86436.8,193,750,0
2025-05-26 15:40:00,86436.8,86490.9,86419.8,86472.4,177,750,0
2025-05-26 15:50:00,86473.4,86506.0,86436.3,86484.1,206,750,0
2025-05-26 16:00:00,86484.1,86541.6,86467.0,86503.5,200,750,0
2025-05-26 16:10:00,86502.5,86511.6,86469.8,86475.8,170,750,0
2025-05-26 16:20:00,86475.8,86541.4,86475.8,86530.1,176,750,0
2025-05-26 16:30:00,86530.6,86600.0,86530.6,86569.2,179,750,0
2025-05-26 16:40:00,86588.6,86593.5,86507.7,86509.4,151,750,0
2025-05-26 16:50:00,86508.9,86530.2,86447.5,86450.0,225,750,0
2025-05-26 17:00:00,86450.0,86456.4,86356.5,86365.3,326,750,0
2025-05-26 17:10:00,86364.8,86380.8,86347.2,86366.0,187,750,0
2025-05-26 17:20:00,86366.0,86386.8,86270.6,86299.4,205,750,0
2025-05-26 17:30:00,86299.4,86356.3,86264.9,86295.3,199,750,0
2025-05-26 17:40:00,86295.2,86361.3,86249.4,86309.8,198,750,0
2025-05-26 17:50:00,86309.8,86309.8,86123.5,86145.9,207,750,0
2025-05-26 18:00:00,86145.9,86290.2,86126.0,86260.4,111,750,0
2025-05-26 18:10:00,86260.4,86342.5,86259.9,86339.5,44,750,0
2025-05-26 18:20:00,86340.0,86387.3,86322.2,86330.3,124,750,0
2025-05-27 09:30:00,86310.1,86310.1,86181.8,86255.6,48,1540,0
2025-05-27 09:40:00,86255.6,86255.6,86220.9,86224.9,15,1540,0
2025-05-27 09:50:00,86224.9,86243.9,86079.8,86122.6,57,750,0
2025-05-27 10:00:00,86122.6,86131.5,85874.0,86008.4,266,750,0
2025-05-27 10:10:00,86008.4,86174.0,86005.4,86072.7,189,750,0
2025-05-27 10:20:00,86072.7,86101.1,85969.0,86051.3,265,750,0
2025-05-27 10:30:00,86051.3,86228.0,85968.7,86201.2,314,750,0
2025-05-27 10:40:00,86201.2,86215.1,86020.8,86093.8,233,750,0
2025-05-27 10:50:00,86093.8,86108.8,85979.1,85997.9,138,750,0
2025-05-27 11:00:00,85997.9,86182.2,85997.9,86172.2,150,750,0
2025-05-27 11:10:00,86172.2,86210.8,86088.5,86119.3,157,750,0
2025-05-27 11:20:00,86119.3,86146.6,86072.0,86098.3,215,750,0
2025-05-27 11:30:00,86098.3,86264.6,86098.3,86264.5,134,750,0
2025-05-27 11:40:00,86264.5,86264.5,86128.4,86249.3,131,750,0
2025-05-27 11:50:00,86250.3,86338.2,86250.3,86331.2,164,750,0
2025-05-27 12:00:00,86331.2,86345.7,86212.9,86311.5,181,750,0
2025-05-27 12:10:00,86311.5,86331.3,86212.5,86268.6,185,750,0
2025-05-27 12:20:00,86268.6,86268.6,86133.0,86162.7,237,750,0
2025-05-27 12:30:00,86132.9,86147.6,85995.1,86060.7,311,750,0
2025-05-27 12:40:00,86060.7,86134.0,86052.7,86107.5,172,750,0
2025-05-27 12:50:00,86107.5,86127.6,86076.8,86076.9,183,750,0
2025-05-27 13:00:00,86076.9,86108.2,85966.8,86048.9,136,750,0
2025-05-27 13:10:00,86048.9,86088.3,86017.3,86027.4,113,750,0
2025-05-27 13:20:00,86028.4,86107.7,85969.5,86050.5,160,750,0
2025-05-27 13:30:00,86050.5,86102.4,86018.4,86038.4,145,750,0
2025-05-27 13:40:00,86038.4,86045.9,85970.0,85985.8,177,750,0
2025-05-27 13:50:00,85985.8,86011.8,85878.5,85892.1,166,750,0
2025-05-27 14:00:00,85892.1,85972.8,85873.3,85934.3,145,750,0
2025-05-27 14:10:00,85936.2,85953.3,85854.7,85908.7,163,750,0
2025-05-27 14:20:00,85908.7,85908.7,85805.0,85827.9,211,750,0
2025-05-27 14:30:00,85827.9,85881.5,85790.8,85872.8,199,750,0
2025-05-27 14:40:00,85872.8,85919.2,85819.4,85839.5,151,750,0
2025-05-27 14:50:00,85839.5,85857.3,85817.9,85822.9,138,750,0
2025-05-27 15:00:00,85823.9,85894.3,85819.9,85880.9,139,750,0
2025-05-27 15:10:00,85880.9,85903.2,85827.6,85834.6,104,750,0
2025-05-27 15:20:00,85834.6,85869.5,85828.6,85850.7,57,750,0
2025-05-27 15:30:00,85850.7,85915.5,85828.8,85830.2,65,750,0
2025-05-27 15:40:00,85829.7,85884.0,85827.7,85854.1,151,750,0
2025-05-27 15:50:00,85854.1,85914.3,85853.1,85855.7,157,750,0
2025-05-27 16:00:00,85855.7,86077.9,85855.7,86068.4,133,750,0
2025-05-27 16:10:00,86065.9,86162.3,86025.9,86132.7,124,750,0
2025-05-27 16:20:00,86132.7,86156.5,85948.5,85948.5,210,750,0
2025-05-27 16:30:00,85971.4,86044.5,85948.5,85968.5,116,750,0
2025-05-27 16:40:00,85968.5,86110.6,85922.8,85942.7,121,750,0
2025-05-27 16:50:00,85942.7,85996.6,85912.8,85920.0,160,750,0
2025-05-27 17:00:00,85919.9,86079.1,85919.9,86079.1,95,750,0
2025-05-27 17:10:00,86079.1,86214.4,86079.1,86212.4,87,750,0
2025-05-27 17:20:00,86212.4,86273.5,86140.0,86185.9,133,750,0
2025-05-27 17:30:00,86195.8,86219.9,86142.3,86157.0,159,750,0
2025-05-27 17:40:00,86156.0,86226.0,86110.3,86195.0,216,750,0
2025-05-27 17:50:00,86195.0,86238.7,86140.4,86148.4,121,750,0
2025-05-27 18:00:00,86147.4,86173.2,86097.7,86159.4,78,750,0
2025-05-27 18:10:00,86159.4,86246.1,86158.5,86189.4,66,750,0
2025-05-27 18:20:00,86189.4,86189.4,86101.1,86101.1,113,750,0
2025-05-28 09:30:00,85816.3,85906.9,85682.1,85808.5,141,750,0
2025-05-28 09:40:00,85808.5,85852.8,85692.3,85692.3,59,750,0
2025-05-28 09:50:00,85692.3,85735.2,85642.7,85687.5,83,750,0
2025-05-28 10:00:00,85687.5,85953.2,85647.7,85903.5,317,750,0
2025-05-28 10:10:00,85905.5,86116.4,85862.7,86038.8,321,750,0
2025-05-28 10:20:00,86038.9,86242.9,86025.0,86084.8,263,750,0
2025-05-28 10:30:00,86084.8,86213.5,86084.8,86197.7,246,750,0
2025-05-28 10:40:00,86197.8,86403.8,86135.2,86381.4,277,750,0
2025-05-28 10:50:00,86381.4,86463.1,86281.1,86299.2,302,750,0
2025-05-28 11:00:00,86300.2,86516.6,86300.2,86398.0,220,750,0
2025-05-28 11:10:00,86398.0,86502.2,86363.5,86407.6,235,750,0
2025-05-28 11:20:00,86407.6,86526.0,86378.0,86427.0,278,750,0
2025-05-28 11:30:00,86429.0,86499.4,86422.1,86470.3,272,750,0
2025-05-28 11:40:00,86471.3,86570.0,86470.3,86566.6,280,750,0
2025-05-28 11:50:00,86567.1,86629.0,86533.8,86535.7,259,750,0
2025-05-28 12:00:00,86535.7,86569.1,86440.2,86441.2,257,750,0
2025-05-28 12:10:00,86441.2,86503.0,86410.8,86435.6,209,750,0
2025-05-28 12:20:00,86435.6,86470.0,86399.1,86465.0,206,750,0
2025-05-28 12:30:00,86468.0,86567.2,86468.0,86473.1,210,750,0
2025-05-28 12:40:00,86473.1,86549.4,86473.0,86495.4,221,750,0
2025-05-28 12:50:00,86495.4,86557.0,86478.6,86528.5,233,750,0
2025-05-28 13:00:00,86529.0,86589.6,86522.7,86555.3,161,750,0
2025-05-28 13:10:00,86555.3,86595.9,86550.5,86562.9,191,750,0
2025-05-28 13:20:00,86562.9,86563.8,86486.1,86491.5,249,750,0
2025-05-28 13:30:00,86491.5,86563.3,86491.4,86553.1,184,750,0
2025-05-28 13:40:00,86553.1,86567.0,86484.1,86494.9,191,750,0
2025-05-28 13:50:00,86495.4,86567.5,86488.3,86554.2,154,750,0
2025-05-28 14:00:00,86553.7,86565.6,86468.5,86477.5,177,750,0
2025-05-28 14:10:00,86477.5,86503.9,86426.1,86429.2,150,750,0
2025-05-28 14:20:00,86429.2,86448.6,86349.4,86407.6,187,750,0
2025-05-28 14:30:00,86408.1,86513.2,86408.1,86463.6,109,750,0
2025-05-28 14:40:00,86463.6,86480.9,86439.5,86461.2,88,750,0
2025-05-28 14:50:00,86461.2,86514.1,86454.3,86483.4,185,750,0
2025-05-28 15:00:00,86483.4,86562.4,86482.4,86510.8,179,750,0
2025-05-28 15:10:00,86510.8,86527.7,86447.6,86475.5,169,750,0
2025-05-28 15:20:00,86475.5,86491.0,86415.2,86446.7,120,750,0
2025-05-28 15:30:00,86446.7,86447.6,86374.7,86379.4,130,750,0
2025-05-28 15:40:00,86380.4,86453.0,86378.8,86429.3,162,750,0
2025-05-28 15:50:00,86426.3,86473.7,86410.7,86464.0,226,750,0
2025-05-28 16:00:00,86464.0,86500.4,86464.0,86493.3,227,750,0
2025-05-28 16:10:00,86493.3,86495.7,86340.2,86340.2,183,750,0
2025-05-28 16:20:00,86340.2,86346.7,86217.2,86239.1,225,750,0
2025-05-28 16:30:00,86241.1,86357.3,86229.2,86270.6,254,750,0
2025-05-28 16:40:00,86272.6,86272.6,86147.3,86166.3,295,750,0
2025-05-28 16:50:00,86167.3,86243.4,86152.0,86180.7,268,750,0
2025-05-28 17:00:00,86180.7,86362.5,86174.3,86323.8,238,750,0
2025-05-28 17:10:00,86323.8,86435.6,86321.0,86357.7,262,750,0
2025-05-28 17:20:00,86367.1,86506.5,86352.6,86468.4,293,750,0
2025-05-28 17:30:00,86469.4,86469.4,86304.6,86339.5,204,750,0
2025-05-28 17:40:00,86339.5,86390.4,86288.7,86317.4,205,750,0
2025-05-28 17:50:00,86317.4,86317.4,86206.4,86243.8,184,750,0
2025-05-28 18:00:00,86243.3,86273.7,86210.5,86227.5,147,750,0
2025-05-28 18:10:00,86227.5,86233.5,86148.0,86173.9,74,750,0
2025-05-28 18:20:00,86173.9,86332.8,86155.1,86210.9,324,750,0
2025-05-29 09:30:00,86547.9,86694.3,86545.9,86623.7,94,750,0
2025-05-29 09:40:00,86623.7,86679.5,86553.0,86558.1,59,750,0
2025-05-29 09:50:00,86559.1,86636.3,86555.2,86563.2,47,750,0
2025-05-29 10:00:00,86563.2,86727.1,86482.6,86670.9,339,750,0
2025-05-29 10:10:00,86668.9,86728.6,86623.0,86701.4,208,750,0
2025-05-29 10:20:00,86709.3,86824.6,86694.4,86784.2,309,750,0
2025-05-29 10:30:00,86784.2,86862.5,86748.7,86860.5,303,750,0
2025-05-29 10:40:00,86861.0,86964.8,86809.0,86887.9,257,750,0
2025-05-29 10:50:00,86887.9,86921.4,86862.0,86886.0,179,750,0
2025-05-29 11:00:00,86886.0,86918.7,86771.0,86771.0,240,750,0
2025-05-29 11:10:00,86771.0,86771.0,86627.5,86647.8,323,750,0
2025-05-29 11:20:00,86648.3,86678.0,86595.4,86628.5,242,750,0
2025-05-29 11:30:00,86628.5,86639.5,86494.0,86567.6,302,750,0
2025-05-29 11:40:00,86568.6,86608.6,86564.5,86573.4,284,750,0
2025-05-29 11:50:00,86571.9,86678.3,86543.1,86592.8,231,750,0
2025-05-29 12:00:00,86592.8,86788.2,86577.0,86788.2,153,750,0
2025-05-29 12:10:00,86788.2,86809.2,86759.6,86800.1,237,750,0
2025-05-29 12:20:00,86799.6,86844.3,86767.8,86780.2,203,750,0
2025-05-29 12:30:00,86780.7,86919.4,86772.7,86889.1,258,750,0
2025-05-29 12:40:00,86889.1,86891.1,86849.3,86854.1,238,750,0
2025-05-29 12:50:00,86854.1,86874.6,86844.2,86853.4,161,750,0
2025-05-29 13:00:00,86852.4,86921.9,86843.9,86921.9,219,750,0
2025-05-29 13:10:00,86921.9,86935.3,86888.3,86935.3,192,750,0
2025-05-29 13:20:00,86935.3,86983.4,86893.1,86934.7,251,750,0
2025-05-29 13:30:00,86933.7,87006.7,86933.7,86979.5,174,750,0
2025-05-29 13:40:00,86979.5,87071.6,86977.4,87025.9,132,750,0
2025-05-29 13:50:00,87025.9,87053.8,87002.7,87053.8,224,750,0
2025-05-29 14:00:00,87048.9,87126.2,87044.9,87099.6,202,750,0
2025-05-29 14:10:00,87099.6,87165.5,87080.1,87162.6,185,750,0
2025-05-29 14:20:00,87162.6,87184.5,87042.9,87063.0,258,750,0
2025-05-29 14:30:00,87063.0,87070.9,87032.2,87036.9,183,750,0
2025-05-29 14:40:00,87033.9,87101.0,87009.7,87066.7,159,750,0
2025-05-29 14:50:00,87066.7,87080.7,87036.0,87066.0,158,750,0
2025-05-29 15:00:00,87066.0,87096.4,87040.2,87046.7,170,750,0
2025-05-29 15:10:00,87046.7,87147.5,87036.7,87131.0,195,750,0
2025-05-29 15:20:00,87131.0,87148.5,87092.0,87141.9,170,750,0
2025-05-29 15:30:00,87141.9,87270.2,87128.1,87228.4,210,750,0
2025-05-29 15:40:00,87227.4,87313.9,87163.6,87293.1,368,750,0
2025-05-29 15:50:00,87293.1,87326.7,87262.2,87278.0,205,750,0
2025-05-29 16:00:00,87278.0,87307.1,87162.2,87171.1,331,750,0
2025-05-29 16:10:00,87171.1,87249.6,87158.7,87189.8,238,750,0
2025-05-29 16:20:00,87188.9,87232.9,87171.2,87231.9,233,750,0
2025-05-29 16:30:00,87232.8,87243.8,87029.1,87030.2,378,750,0
2025-05-29 16:40:00,87044.1,87082.9,86911.8,86957.7,369,750,0
2025-05-29 16:50:00,86957.7,87092.3,86955.3,86982.0,304,750,0
2025-05-29 17:00:00,86982.0,87087.9,86974.8,87019.3,270,750,0
2025-05-29 17:10:00,87018.8,87052.9,86953.8,86955.8,299,750,0
2025-05-29 17:20:00,86955.7,87021.4,86907.0,86968.2,245,750,0
2025-05-29 17:30:00,86967.7,87006.0,86893.2,86893.2,295,750,0
2025-05-29 17:40:00,86895.1,87050.9,86850.5,87049.4,185,750,0
2025-05-29 17:50:00,87049.4,87167.0,87016.1,87145.1,201,750,0
2025-05-29 18:00:00,87145.1,87237.8,87125.3,87228.4,194,750,0
2025-05-29 18:10:00,87228.4,87263.3,87068.2,87068.2,179,750,0
2025-05-29 18:20:00,87063.2,87142.0,87049.8,87118.1,134,750,0
2025-05-30 09:30:00,86750.3,86761.3,86650.8,86663.8,62,750,0
2025-05-30 09:40:00,86663.8,86850.1,86663.8,86837.2,78,750,0
2025-05-30 09:50:00,86837.2,86901.0,86837.2,86872.2,70,750,0
2025-05-30 10:00:00,86872.2,87063.9,86745.7,87031.6,230,750,0
2025-05-30 10:10:00,87033.6,87315.9,86948.9,87219.4,355,750,0
2025-05-30 10:20:00,87219.4,87340.2,87184.2,87329.7,361,750,0
2025-05-30 10:30:00,87329.7,87374.3,87100.0,87119.9,282,750,0
2025-05-30 10:40:00,87120.3,87120.3,87019.1,87021.8,291,750,0
2025-05-30 10:50:00,87021.8,87021.8,86956.4,87002.2,276,750,0
2025-05-30 11:00:00,87006.7,87143.8,87003.7,87101.0,302,750,0
2025-05-30 11:10:00,87101.0,87103.8,87007.0,87035.1,265,750,0
2025-05-30 11:20:00,87035.6,87051.4,86948.3,86985.8,225,750,0
2025-05-30 11:30:00,86985.8,87050.2,86985.2,86988.7,159,750,0
2025-05-30 11:40:00,86988.7,87183.7,86944.7,87061.3,218,750,0
2025-05-30 11:50:00,87061.3,87106.4,86991.8,87007.2,195,750,0
2025-05-30 12:00:00,87007.2,87140.3,86946.9,87010.8,233,750,0
2025-05-30 12:10:00,87009.8,87063.7,86922.3,86928.3,203,750,0
2025-05-30 12:20:00,86928.3,86943.3,86897.4,86898.8,147,750,0
2025-05-30 12:30:00,86896.8,86904.2,86864.8,86879.0,163,750,0
2025-05-30 12:40:00,86879.0,86884.1,86806.6,86806.6,146,750,0
2025-05-30 12:50:00,86806.6,86806.6,86703.2,86723.0,218,750,0
2025-05-30 13:00:00,86723.0,86851.0,86721.0,86766.6,141,750,0
2025-05-30 13:10:00,86768.6,86802.0,86725.8,86802.0,134,750,0
2025-05-30 13:20:00,86802.0,86803.9,86752.8,86803.9,163,750,0
2025-05-30 13:30:00,86803.9,86832.8,86720.7,86733.5,161,750,0
2025-05-30 13:40:00,86733.5,86733.5,86657.2,86674.3,143,750,0
2025-05-30 13:50:00,86674.3,86678.2,86606.4,86649.1,137,750,0
2025-05-30 14:00:00,86650.1,86677.8,86644.3,86652.0,117,750,0
2025-05-30 14:10:00,86652.0,86662.3,86611.9,86645.2,134,750,0
2025-05-30 14:20:00,86645.2,86676.7,86621.1,86621.1,107,750,0
2025-05-30 14:30:00,86622.1,86724.9,86620.3,86631.7,172,750,0
2025-05-30 14:40:00,86620.3,86630.8,86592.9,86592.9,110,750,0
2025-05-30 14:50:00,86592.9,86637.3,86576.6,86633.8,169,750,0
2025-05-30 15:00:00,86633.8,86679.0,86533.2,86552.1,209,750,0
2025-05-30 15:10:00,86552.1,86679.7,86530.2,86589.0,215,750,0
2025-05-30 15:20:00,86546.1,86577.0,86445.8,86465.1,178,750,0
2025-05-30 15:30:00,86465.1,86552.6,86449.2,86546.0,199,750,0
2025-05-30 15:40:00,86546.0,86574.1,86526.1,86574.1,123,750,0
2025-05-30 15:50:00,86574.1,86744.2,86559.1,86598.9,158,750,0
2025-05-30 16:00:00,86598.9,86650.9,86595.0,86617.2,163,750,0
2025-05-30 16:10:00,86617.2,86672.5,86569.7,86621.3,223,750,0
2025-05-30 16:20:00,86619.3,86640.6,86527.2,86572.2,214,750,0
2025-05-30 16:30:00,86574.2,86595.6,86419.0,86425.2,337,750,0
2025-05-30 16:40:00,86425.2,86497.8,86402.4,86443.7,204,750,0
2025-05-30 16:50:00,86443.7,86516.7,86411.1,86499.5,289,750,0
2025-05-30 17:00:00,86499.6,86693.0,86497.7,86666.6,232,750,0
2025-05-30 17:10:00,86666.1,86703.8,86640.3,86693.4,283,750,0
2025-05-30 17:20:00,86693.9,86821.5,86674.1,86696.2,231,750,0
2025-05-30 17:30:00,86697.2,86824.5,86693.3,86809.0,267,750,0
2025-05-30 17:40:00,86809.0,86871.7,86799.1,86871.7,263,750,0
2025-05-30 17:50:00,86871.7,86874.7,86420.8,86476.5,297,750,0
2025-05-30 18:00:00,86456.6,86631.0,86395.9,86602.1,198,750,0
2025-05-30 18:10:00,86601.1,86669.9,86565.4,86587.3,165,750,0
2025-05-30 18:20:00,86587.3,86635.1,86534.1,86538.6,91,750,0
2025-06-02 09:30:00,86329.1,86409.9,86238.4,86325.2,94,750,0
2025-06-02 09:40:00,86326.2,86458.8,86326.2,86394.1,68,750,0
2025-06-02 09:50:00,86394.1,86426.6,86325.5,86390.3,63,750,0
2025-06-02 10:00:00,86392.3,86685.7,86390.3,86553.8,421,750,0
2025-06-02 10:10:00,86556.8,86614.6,86483.1,86575.8,193,750,0
2025-06-02 10:20:00,86635.6,86649.5,86591.5,86642.8,15,1940,0
2025-06-02 10:30:00,86643.8,86769.9,86603.2,86759.0,218,750,0
2025-06-02 10:40:00,86759.0,86874.9,86759.0,86864.9,291,750,0
2025-06-02 10:50:00,86865.9,86922.8,86857.3,86922.7,251,750,0
2025-06-02 11:00:00,86922.7,87016.3,86909.4,86995.7,219,750,0
2025-06-02 11:10:00,86995.7,87007.2,86805.0,86816.0,180,750,0
2025-06-02 11:20:00,86816.0,87025.9,86815.9,87025.9,145,750,0
2025-06-02 11:30:00,87027.9,87069.8,86983.7,86992.6,200,750,0
2025-06-02 11:40:00,86992.6,87039.2,86940.8,86991.1,195,750,0
2025-06-02 11:50:00,86991.1,87001.9,86945.0,86967.2,133,750,0
2025-06-02 12:00:00,86970.2,86989.1,86881.1,86924.2,143,750,0
2025-06-02 12:10:00,86924.2,86928.1,86783.3,86793.5,171,750,0
2025-06-02 12:20:00,86793.5,86823.3,86719.7,86726.5,192,750,0
2025-06-02 12:30:00,86726.5,86758.1,86623.1,86659.5,172,750,0
2025-06-02 12:40:00,86645.5,86647.4,86543.9,86569.6,134,750,0
2025-06-02 12:50:00,86569.6,86587.8,86501.9,86517.9,157,750,0
2025-06-02 13:00:00,86517.9,86552.6,86475.0,86551.1,225,750,0
2025-06-02 13:10:00,86551.1,86556.7,86495.4,86536.3,196,750,0
2025-06-02 13:20:00,86536.3,86546.4,86453.4,86540.0,235,750,0
2025-06-02 13:30:00,86540.0,86584.2,86505.3,86584.2,207,750,0
2025-06-02 13:40:00,86584.2,86623.2,86520.7,86554.8,203,750,0
2025-06-02 13:50:00,86554.8,86647.2,86554.8,86621.3,206,750,0
2025-06-02 14:00:00,86620.8,86628.8,86573.0,86594.0,177,750,0
2025-06-02 14:10:00,86594.0,86681.5,86567.3,86675.3,179,750,0
2025-06-02 14:20:00,86675.3,86822.5,86675.3,86707.2,226,750,0
2025-06-02 14:30:00,86706.2,86813.0,86698.2,86760.7,188,750,0
2025-06-02 14:40:00,86760.7,86853.0,86757.8,86840.7,184,750,0
2025-06-02 14:50:00,86840.7,86849.3,86796.7,86844.8,144,750,0
2025-06-02 15:00:00,86850.8,86914.3,86850.8,86905.8,201,750,0
2025-06-02 15:10:00,86905.8,86954.5,86876.1,86925.1,249,750,0
2025-06-02 15:20:00,86925.1,87054.4,86909.4,87013.2,214,750,0
2025-06-02 15:30:00,87013.2,87054.7,86983.7,86999.4,216,750,0
2025-06-02 15:40:00,86999.4,87132.6,86999.4,87095.4,233,750,0
2025-06-02 15:50:00,87095.4,87122.3,87057.6,87057.6,179,750,0
2025-06-02 16:00:00,87057.6,87100.5,87027.7,87093.1,196,750,0
2025-06-02 16:10:00,87093.1,87139.5,87078.2,87096.1,140,750,0
2025-06-02 16:20:00,87096.1,87160.1,87071.1,87123.7,200,750,0
2025-06-02 16:30:00,87136.2,87287.6,87027.1,87244.9,440,750,0
2025-06-02 16:40:00,87239.9,87348.2,87151.4,87256.8,341,750,0
2025-06-02 16:50:00,87256.8,87348.5,87189.4,87294.8,327,750,0
2025-06-02 17:00:00,87277.9,87358.4,87219.0,87303.9,277,750,0
2025-06-02 17:10:00,87305.9,87381.7,87241.9,87362.9,294,750,0
2025-06-02 17:20:00,87355.5,87400.1,87328.1,87384.7,177,750,0
2025-06-02 17:30:00,87385.7,87459.5,87353.8,87357.8,264,750,0
2025-06-02 17:40:00,87357.8,87434.3,87352.9,87401.6,140,750,0
2025-06-02 17:50:00,87401.6,87531.3,87352.8,87531.3,150,750,0
2025-06-02 18:00:00,87538.2,87541.3,87455.6,87510.5,142,750,0
2025-06-02 18:10:00,87512.5,87668.9,87466.7,87494.6,198,750,0
2025-06-02 18:20:00,87494.6,87494.6,87376.2,87401.1,95,750,0
2025-06-03 09:30:00,87475.3,87501.2,87267.0,87422.6,97,750,0
2025-06-03 09:40:00,87422.6,87467.5,87392.8,87392.8,57,1940,0
2025-06-03 09:50:00,87409.7,87456.7,87366.0,87414.9,75,750,0
2025-06-03 10:00:00,87414.9,87505.2,87300.3,87454.8,238,750,0
2025-06-03 10:10:00,87455.8,87493.2,87259.2,87271.2,192,750,0
2025-06-03 10:20:00,87274.2,87307.7,87124.2,87124.2,472,750,0
2025-06-03 10:30:00,87118.2,87261.7,87109.7,87177.2,450,750,0
2025-06-03 10:40:00,87178.2,87225.2,87061.2,87072.2,346,750,0
2025-06-03 10:50:00,87069.2,87099.2,86908.2,86936.2,402,750,0
2025-06-03 11:00:00,86936.2,86962.2,86835.7,86935.4,422,750,0
2025-06-03 11:10:00,86932.4,86980.7,86927.2,86933.2,152,750,0
2025-06-03 11:20:00,86933.2,86990.9,86928.8,86979.1,215,750,0
2025-06-03 11:30:00,86991.0,87082.6,86922.6,87072.6,252,750,0
2025-06-03 11:40:00,87057.2,87094.0,86990.4,87025.5,175,750,0
2025-06-03 11:50:00,87025.5,87129.9,87022.0,87119.2,170,750,0
2025-06-03 12:00:00,87120.2,87149.8,87073.0,87092.7,158,750,0
2025-06-03 12:10:00,87092.7,87174.4,87092.7,87132.6,146,750,0
2025-06-03 12:20:00,87134.6,87155.4,87091.8,87096.0,159,750,0
2025-06-03 12:30:00,87096.0,87277.5,87030.5,87262.6,194,750,0
2025-06-03 12:40:00,87267.6,87331.9,87231.7,87305.0,120,750,0
2025-06-03 12:50:00,87305.0,87348.3,87298.0,87301.0,163,750,0
2025-06-03 13:00:00,87301.0,87303.5,87171.1,87176.1,246,750,0
2025-06-03 13:10:00,87176.1,87178.2,87103.7,87139.3,236,750,0
2025-06-03 13:20:00,87139.3,87231.1,87113.2,87214.4,275,750,0
2025-06-03 13:30:00,87217.9,87245.4,87162.0,87245.4,222,750,0
2025-06-03 13:40:00,87246.3,87284.2,87231.8,87231.8,202,750,0
2025-06-03 13:50:00,87231.8,87367.0,87231.8,87342.9,119,750,0
2025-06-03 14:00:00,87342.4,87389.3,87286.9,87322.9,104,750,0
2025-06-03 14:10:00,87322.9,87333.8,87277.1,87283.0,73,750,0
2025-06-03 14:20:00,87283.0,87287.8,87212.2,87260.2,101,750,0
2025-06-03 14:30:00,87260.2,87348.7,87260.2,87348.7,68,1440,0
2025-06-03 14:40:00,87348.7,87365.7,87267.2,87277.2,126,750,0
2025-06-03 14:50:00,87277.3,87311.1,87262.3,87281.8,100,750,0
2025-06-03 15:00:00,87311.7,87344.3,87238.9,87240.9,142,750,0
2025-06-03 15:10:00,87240.9,87240.9,87171.8,87195.7,147,750,0
2025-06-03 15:20:00,87195.7,87257.9,87156.6,87238.3,127,750,0
2025-06-03 15:30:00,87238.3,87259.2,87199.3,87259.2,180,750,0
2025-06-03 15:40:00,87261.2,87280.4,87125.1,87125.1,181,750,0
2025-06-03 15:50:00,87125.1,87156.0,87111.3,87133.1,129,750,0
2025-06-03 16:00:00,87135.1,87161.8,87086.3,87133.0,234,750,0
2025-06-03 16:10:00,87133.0,87138.5,86958.5,86987.3,157,750,0
2025-06-03 16:20:00,86987.3,87038.4,86959.2,87005.5,248,750,0
2025-06-03 16:30:00,87005.5,87007.0,86902.7,86929.5,300,750,0
2025-06-03 16:40:00,86929.5,87068.5,86929.5,86990.5,274,750,0
2025-06-03 16:50:00,86990.5,87075.9,86952.3,87024.4,288,750,0
2025-06-03 17:00:00,87024.4,87118.1,86936.7,86982.4,223,750,0
2025-06-03 17:10:00,86982.4,87059.1,86963.4,87048.6,236,750,0
2025-06-03 17:20:00,87049.1,87169.3,87028.2,87169.3,246,750,0
2025-06-03 17:30:00,87169.3,87187.1,87099.5,87159.0,190,750,0
2025-06-03 17:40:00,87160.0,87215.8,87143.7,87172.9,174,750,0
2025-06-03 17:50:00,87172.9,87242.8,86938.8,87180.5,171,750,0
2025-06-03 18:00:00,87180.5,87199.0,87118.3,87167.2,147,750,0
2025-06-03 18:10:00,87168.2,87532.0,87168.2,87532.0,166,750,0
2025-06-03 18:20:00,87532.5,87719.0,87495.2,87525.2,292,750,0
2025-06-04 09:30:00,87429.0,87627.5,87349.3,87578.6,63,750,0
2025-06-04 09:40:00,87578.6,87618.6,87529.9,87590.7,49,750,0
2025-06-04 09:50:00,87590.7,87644.7,87589.9,87644.7,34,750,0
2025-06-04 10:00:00,87644.7,87943.7,87644.7,87834.2,270,750,0
2025-06-04 10:10:00,87834.2,87858.6,87705.7,87736.7,294,750,0
2025-06-04 10:20:00,87736.7,87908.5,87736.7,87861.8,191,750,0
2025-06-04 10:30:00,87861.3,87906.9,87807.2,87906.9,148,750,0
2025-06-04 10:40:00,87906.9,87941.1,87841.3,87852.0,113,750,0
2025-06-04 10:50:00,87852.0,87932.6,87851.2,87894.1,167,750,0
2025-06-04 11:00:00,87894.1,88010.5,87894.1,88004.5,120,750,0
2025-06-04 11:10:00,88004.5,88098.4,88004.5,88023.5,86,750,0
2025-06-04 11:20:00,88023.5,88072.8,87990.5,88035.0,189,750,0
2025-06-04 11:30:00,88035.0,88066.1,88024.7,88044.8,102,750,0
2025-06-04 11:40:00,88044.8,88063.0,87988.6,88047.9,176,750,0
2025-06-04 11:50:00,88047.9,88072.5,87944.7,87950.5,157,750,0
2025-06-04 12:00:00,87951.0,87988.8,87945.3,87946.8,167,750,0
2025-06-04 12:10:00,87946.8,87994.8,87946.4,87977.4,201,750,0
2025-06-04 12:20:00,87979.4,88032.4,87958.6,88027.4,143,750,0
2025-06-04 12:30:00,88027.4,88053.1,87937.5,87940.2,179,750,0
2025-06-04 12:40:00,87940.2,87955.7,87871.6,87880.7,122,750,0
2025-06-04 12:50:00,87880.7,87956.3,87880.7,87941.4,90,750,0
2025-06-04 13:00:00,87941.4,87975.4,87847.8,87851.5,137,750,0
2025-06-04 13:10:00,87851.5,87942.4,87809.9,87930.1,185,750,0
2025-06-04 13:20:00,87930.1,87937.1,87826.8,87826.9,125,750,0
2025-06-04 13:30:00,87826.9,87866.4,87814.8,87835.6,78,750,0
2025-06-04 13:40:00,87835.6,87838.6,87783.9,87812.8,64,750,0
2025-06-04 13:50:00,87812.8,87829.1,87785.1,87824.1,153,750,0
2025-06-04 14:00:00,87825.1,87828.0,87696.3,87720.8,168,750,0
2025-06-04 14:10:00,87720.8,87720.8,87671.4,87694.4,156,750,0
2025-06-04 14:20:00,87694.4,87703.3,87668.6,87668.6,128,750,0
2025-06-04 14:30:00,87668.6,87723.5,87664.3,87688.3,119,750,0
2025-06-04 14:40:00,87688.3,87757.2,87671.1,87740.3,94,750,0
2025-06-04 14:50:00,87740.3,87828.8,87736.3,87797.7,158,750,0
2025-06-04 15:00:00,87797.7,87867.4,87784.7,87817.4,113,750,0
2025-06-04 15:10:00,87817.4,87874.9,87785.8,87854.8,162,750,0
2025-06-04 15:20:00,87854.8,87919.0,87829.2,87830.3,204,750,0
2025-06-04 15:30:00,87830.3,87845.6,87768.3,87799.5,141,750,0
2025-06-04 15:40:00,87799.5,87922.0,87798.6,87902.6,146,750,0
2025-06-04 15:50:00,87902.6,87945.7,87890.7,87915.0,137,750,0
2025-06-04 16:00:00,87915.0,87977.3,87914.0,87939.9,101,750,0
2025-06-04 16:10:00,87939.9,87946.6,87863.2,87883.0,99,750,0
2025-06-04 16:20:00,87883.0,87921.8,87835.9,87921.8,118,750,0
2025-06-04 16:30:00,87938.7,87943.7,87707.4,87763.1,222,750,0
2025-06-04 16:40:00,87764.1,87869.4,87757.8,87798.8,172,750,0
2025-06-04 16:50:00,87798.8,87837.7,87687.8,87707.0,229,750,0
2025-06-04 17:00:00,87692.1,87749.4,87685.1,87723.5,215,750,0
2025-06-04 17:10:00,87726.5,87849.3,87726.5,87775.2,265,750,0
2025-06-04 17:20:00,87758.2,87899.5,87758.2,87877.6,271,750,0
2025-06-04 17:30:00,87877.6,88083.9,87858.6,88022.8,217,750,0
2025-06-04 17:40:00,88022.8,88230.9,88022.8,88220.8,290,750,0
2025-06-04 17:50:00,88221.8,88291.7,88199.5,88201.0,147,750,0
2025-06-04 18:10:00,88175.2,88283.9,88014.8,88024.8,191,750,0
2025-06-04 18:20:00,88024.8,88055.2,87916.2,87973.1,156,750,0
2025-06-05 09:30:00,87696.0,87761.4,87606.3,87725.0,93,750,0
2025-06-05 09:40:00,87725.0,87788.0,87677.2,87788.0,61,750,0
2025-06-05 09:50:00,87796.0,87859.4,87695.3,87854.9,76,750,0
2025-06-05 10:00:00,87854.9,88149.2,87854.9,88146.2,264,750,0
2025-06-05 10:10:00,88146.2,88256.0,88067.4,88102.9,400,750,0
2025-06-05 10:20:00,88102.9,88448.4,88102.9,88427.4,306,750,0
2025-06-05 10:30:00,88427.4,88539.9,88386.0,88520.1,255,750,0
2025-06-05 10:40:00,88520.1,88535.0,88412.8,88465.5,278,750,0
2025-06-05 10:50:00,88465.5,88542.8,88440.0,88530.8,212,750,0
2025-06-05 11:00:00,88530.8,88747.1,88507.8,88747.1,298,750,0
2025-06-05 11:10:00,88747.1,88752.6,88620.0,88644.5,257,750,0
2025-06-05 11:20:00,88644.5,88717.1,88631.7,88682.2,140,750,0
2025-06-05 11:30:00,88683.2,88695.1,88632.1,88660.8,231,750,0
2025-06-05 11:40:00,88669.2,88676.6,88540.2,88631.1,190,750,0
2025-06-05 11:50:00,88630.1,88658.0,88563.8,88642.0,100,750,0
2025-06-05 12:00:00,88641.0,88708.5,88599.1,88707.5,179,750,0
2025-06-05 12:10:00,88707.5,88918.9,88707.5,88907.1,262,750,0
2025-06-05 12:20:00,88907.1,88934.0,88852.3,88901.1,232,750,0
2025-06-05 12:30:00,88901.1,89028.0,88885.7,88971.3,192,750,0
2025-06-05 12:40:00,88957.9,88972.0,88911.2,88927.4,80,750,0
2025-06-05 12:50:00,88927.4,89001.0,88908.7,88916.6,111,750,0
2025-06-05 13:00:00,88916.6,89045.9,88883.6,89041.8,130,750,0
2025-06-05 13:10:00,89041.8,89137.2,88986.6,89115.2,211,750,0
2025-06-05 13:20:00,89115.2,89124.9,89081.6,89113.2,121,750,0
2025-06-05 13:30:00,89113.2,89167.8,89070.1,89106.3,164,750,0
2025-06-05 13:40:00,89057.0,89079.1,89034.6,89079.1,62,750,0
2025-06-05 13:50:00,89080.1,89083.0,88860.4,88860.5,152,750,0
2025-06-05 14:00:00,88860.5,88888.5,88815.0,88854.1,141,750,0
2025-06-05 14:10:00,88854.1,88909.1,88824.3,88889.9,179,750,0
2025-06-05 14:20:00,88889.9,88915.3,88820.3,88831.9,142,750,0
2025-06-05 14:30:00,88831.9,88978.3,88831.9,88978.3,97,750,0
2025-06-05 14:40:00,88978.3,89049.1,88978.3,89049.1,121,750,0
2025-06-05 14:50:00,89049.1,89097.4,89011.9,89089.9,98,750,0
2025-06-05 15:00:00,89089.9,89137.6,89041.0,89122.7,139,750,0
2025-06-05 15:10:00,89122.7,89137.5,89070.5,89111.3,159,750,0
2025-06-05 15:20:00,89111.3,89130.3,89025.3,89048.6,140,750,0
2025-06-05 15:30:00,89048.6,89074.3,88996.6,89050.3,146,750,0
2025-06-05 15:40:00,89051.3,89066.5,88958.6,89000.6,141,750,0
2025-06-05 15:50:00,89000.6,89088.1,88878.9,88878.9,198,750,0
2025-06-05 16:00:00,88878.9,88878.9,88762.6,88785.3,229,750,0
2025-06-05 16:10:00,88787.3,88819.6,88739.9,88766.5,227,750,0
2025-06-05 16:20:00,88779.6,88847.2,88740.7,88786.2,164,750,0
2025-06-05 16:30:00,88775.2,88903.2,88773.2,88820.2,313,750,0
2025-06-05 16:40:00,88819.2,88831.2,88619.2,88621.2,250,750,0
2025-06-05 16:50:00,88621.2,88676.2,88590.2,88620.2,311,750,0
2025-06-05 17:00:00,88648.2,88745.2,88601.2,88655.2,329,750,0
2025-06-05 17:10:00,88656.2,88669.2,88591.2,88615.2,208,750,0
2025-06-05 17:20:00,88614.2,88684.2,88590.2,88672.2,226,750,0
2025-06-05 17:30:00,88672.2,88784.7,88641.7,88732.2,154,750,0
2025-06-05 17:40:00,88732.2,88981.2,88732.2,88878.9,221,750,0
2025-06-05 17:50:00,88878.9,88904.3,88731.4,88798.3,240,750,0
2025-06-05 18:00:00,88794.3,88951.4,88782.3,88914.1,236,750,0
2025-06-05 18:10:00,88926.0,89025.8,88909.1,88941.1,138,750,0
2025-06-05 18:20:00,88941.1,89017.0,88931.3,88931.3,113,750,0
2025-06-05 18:30:00,88884.4,88884.4,88884.4,88884.4,1,13310,0
2025-06-06 09:30:00,88641.8,88693.7,88581.0,88671.9,81,750,0
2025-06-06 09:40:00,88671.4,88722.8,88623.1,88697.0,39,750,0
2025-06-06 09:50:00,88697.0,88758.9,88607.3,88643.2,86,750,0
2025-06-06 10:00:00,88644.2,88861.7,88643.7,88653.3,198,750,0
2025-06-06 10:10:00,88653.3,88748.1,88652.3,88691.0,141,750,0
2025-06-06 10:20:00,88691.5,88809.5,88650.4,88665.6,269,750,0
2025-06-06 10:30:00,88674.5,88778.1,88653.3,88774.6,305,750,0
2025-06-06 10:40:00,88775.6,88928.5,88775.6,88854.0,273,750,0
2025-06-06 10:50:00,88854.0,88996.3,88854.0,88874.7,253,750,0
2025-06-06 11:00:00,88879.7,88913.6,88768.7,88807.9,195,750,0
2025-06-06 11:10:00,88807.9,88829.1,88758.2,88800.1,120,750,0
2025-06-06 11:20:00,88799.6,88876.1,88758.5,88834.7,111,750,0
2025-06-06 11:30:00,88834.7,88887.4,88783.0,88835.6,115,750,0
2025-06-06 11:40:00,88832.6,88844.4,88723.1,88726.3,191,750,0
2025-06-06 11:50:00,88715.3,88778.3,88630.7,88767.9,210,750,0
2025-06-06 12:00:00,88767.9,88770.7,88636.1,88696.6,213,750,0
2025-06-06 12:10:00,88696.6,88712.4,88651.4,88686.1,241,750,0
2025-06-06 12:20:00,88686.1,88702.6,88652.4,88653.3,110,750,0
2025-06-06 12:30:00,88653.3,88736.8,88653.3,88735.6,119,750,0
2025-06-06 12:40:00,88735.6,88827.4,88713.1,88756.4,159,750,0
2025-06-06 12:50:00,88757.4,88873.5,88734.5,88859.0,219,750,0
2025-06-06 13:00:00,88859.0,88890.0,88732.8,88758.9,169,750,0
2025-06-06 13:10:00,88758.9,88816.2,88726.3,88758.1,180,750,0
2025-06-06 13:20:00,88758.1,88772.5,88708.8,88710.4,202,750,0
2025-06-06 13:30:00,88710.4,88757.6,88696.4,88700.7,142,750,0
2025-06-06 13:40:00,88700.7,89033.7,88674.7,88962.8,148,750,0
2025-06-06 13:50:00,88962.8,89042.7,88840.8,88874.4,102,750,0
2025-06-06 14:00:00,88875.4,89031.6,88875.4,89022.7,120,750,0
2025-06-06 14:10:00,89022.7,89106.1,88952.5,89102.5,114,750,0
2025-06-06 14:20:00,89102.5,89128.5,89037.1,89041.0,122,750,0
2025-06-06 14:30:00,89041.0,89089.8,88998.3,89069.8,94,750,0
2025-06-06 14:40:00,89071.8,89107.2,89026.5,89105.7,112,750,0
2025-06-06 14:50:00,89105.7,89105.7,89002.6,89084.0,105,750,0
2025-06-06 15:00:00,89084.0,89121.0,89072.3,89072.3,100,750,0
2025-06-06 15:10:00,89072.3,89072.3,88955.3,88966.4,162,750,0
2025-06-06 15:20:00,88966.4,88970.3,88842.3,88862.0,152,750,0
2025-06-06 15:30:00,88865.0,88982.7,88704.6,88720.6,367,750,0
2025-06-06 15:40:00,88720.6,88769.1,88674.9,88715.4,383,750,0
2025-06-06 15:50:00,88715.4,88774.5,88663.9,88683.3,271,750,0
2025-06-06 16:00:00,88683.3,88722.3,88597.0,88722.3,230,750,0
2025-06-06 16:10:00,88720.3,88835.6,88720.3,88819.6,181,750,0
2025-06-06 16:20:00,88819.6,88877.9,88745.9,88784.9,288,750,0
2025-06-06 16:30:00,88784.9,88891.7,88724.9,88811.7,365,750,0
2025-06-06 16:40:00,88814.3,88864.1,88744.7,88801.1,287,750,0
2025-06-06 16:50:00,88800.1,88825.6,88667.1,88712.8,274,750,0
2025-06-06 17:00:00,88717.2,88735.6,88618.1,88694.6,224,750,0
2025-06-06 17:10:00,88694.6,88710.6,88565.7,88586.0,173,750,0
2025-06-06 17:20:00,88586.0,88724.1,88586.0,88707.3,257,750,0
2025-06-06 17:30:00,88707.2,88713.3,88634.7,88654.4,187,750,0
2025-06-06 17:40:00,88654.4,88657.7,88561.5,88602.0,192,750,0
2025-06-06 17:50:00,88615.5,88620.0,88506.3,88599.2,187,750,0
2025-06-06 18:00:00,88601.2,88779.8,88601.2,88726.0,144,750,0
2025-06-06 18:10:00,88726.0,88728.5,88599.4,88611.4,87,750,0
2025-06-06 18:20:00,88611.4,88668.3,88548.5,88648.4,88,750,0
2025-06-06 18:30:00,88648.4,88648.4,88648.4,88648.4,1,750,0
2025-06-09 09:30:00,88698.6,88716.5,88547.9,88694.7,72,750,0
2025-06-09 09:40:00,88694.7,88846.5,88694.7,88846.5,50,750,0
2025-06-09 09:50:00,88821.6,88822.6,88751.8,88760.8,28,750,0
2025-06-09 10:00:00,88760.8,88996.4,88760.8,88761.0,250,750,0
2025-06-09 10:10:00,88752.0,88804.9,88695.1,88715.1,204,750,0
2025-06-09 10:20:00,88715.1,88860.0,88659.4,88804.8,231,750,0
2025-06-09 10:30:00,88804.8,88921.1,88796.2,88880.4,269,750,0
2025-06-09 10:40:00,88880.4,88890.5,88722.4,88872.2,242,750,0
2025-06-09 10:50:00,88872.2,88899.3,88803.4,88899.3,190,750,0
2025-06-09 11:00:00,88899.3,88941.8,88860.6,88909.8,187,750,0
2025-06-09 11:10:00,88909.8,88945.2,88791.4,88828.6,288,750,0
2025-06-09 11:20:00,88828.6,88881.4,88753.7,88881.4,165,750,0
2025-06-09 11:30:00,88881.9,88904.0,88809.6,88809.7,154,750,0
2025-06-09 11:40:00,88810.7,88891.3,88758.2,88758.2,196,750,0
2025-06-09 11:50:00,88758.2,88843.4,88717.3,88819.4,192,750,0
2025-06-09 12:00:00,88824.9,88959.2,88819.4,88895.2,168,750,0
2025-06-09 12:10:00,88896.2,88957.1,88868.7,88868.8,275,750,0
2025-06-09 12:20:00,88868.8,88905.6,88851.2,88853.0,276,750,0
2025-06-09 12:30:00,88858.0,88903.1,88798.9,88869.1,210,750,0
2025-06-09 12:40:00,88869.6,88890.7,88839.2,88876.0,233,750,0
2025-06-09 12:50:00,88870.5,88955.7,88845.6,88914.1,295,750,0
2025-06-09 13:00:00,88914.1,88938.1,88867.4,88938.1,188,750,0
2025-06-09 13:10:00,88932.1,88956.4,88873.5,88944.8,133,750,0
2025-06-09 13:20:00,88944.8,88975.7,88859.3,88865.3,133,750,0
2025-06-09 13:30:00,88865.3,88955.6,88864.8,88937.7,152,750,0
2025-06-09 13:40:00,88937.7,88955.5,88848.0,88885.5,182,750,0
2025-06-09 13:50:00,88885.5,88927.9,88845.6,88926.8,161,750,0
2025-06-09 14:00:00,88934.8,88970.0,88844.4,88868.7,151,750,0
2025-06-09 14:10:00,88878.6,88878.6,88793.1,88793.1,84,750,0
2025-06-09 14:20:00,88793.1,88798.2,88751.0,88785.1,90,750,0
2025-06-09 14:30:00,88787.1,88828.2,88764.4,88828.2,49,750,0
2025-06-09 14:40:00,88828.2,88859.5,88795.5,88795.5,136,750,0
2025-06-09 14:50:00,88795.5,88820.2,88750.9,88820.2,170,750,0
2025-06-09 15:00:00,88820.2,88863.3,88797.5,88852.7,173,750,0
2025-06-09 15:10:00,88852.7,88853.2,88751.6,88777.3,162,750,0
2025-06-09 15:20:00,88777.3,88788.8,88697.0,88762.9,155,750,0
2025-06-09 15:30:00,88762.9,88777.9,88671.6,88736.4,141,750,0
2025-06-09 15:40:00,88740.4,88746.4,88597.1,88617.0,132,750,0
2025-06-09 15:50:00,88617.0,88655.7,88601.0,88610.1,144,750,0
2025-06-09 16:00:00,88610.2,88681.4,88610.2,88626.7,204,750,0
2025-06-09 16:10:00,88626.7,88626.7,88510.0,88568.8,188,750,0
2025-06-09 16:20:00,88568.8,88759.6,88559.8,88712.2,206,750,0
2025-06-09 16:30:00,88711.7,88739.1,88546.8,88581.3,300,750,0
2025-06-09 16:40:00,88578.3,88793.6,88578.3,88734.1,258,750,0
2025-06-09 16:50:00,88733.1,88744.7,88609.0,88626.9,175,750,0
2025-06-09 17:00:00,88627.9,88639.2,88582.0,88616.6,139,750,0
2025-06-09 17:10:00,88616.6,88632.9,88577.4,88603.7,134,750,0
2025-06-09 17:20:00,88603.7,88658.4,88566.6,88567.4,124,750,0
2025-06-09 17:30:00,88567.4,88665.4,88567.4,88607.6,169,750,0
2025-06-09 17:40:00,88607.6,88697.0,88573.4,88697.0,143,750,0
2025-06-09 17:50:00,88697.0,88704.0,88604.4,88609.8,111,750,0
2025-06-09 18:00:00,88605.3,88644.9,88601.4,88620.4,79,750,0
2025-06-09 18:10:00,88620.5,88750.3,88538.7,88712.4,152,750,0
2025-06-09 18:20:00,88712.4,89051.2,88697.4,89001.9,178,750,0
2025-06-10 09:30:00,88685.0,88854.7,88685.0,88779.9,79,750,0
2025-06-10 09:40:00,88779.9,88859.8,88779.9,88788.0,25,750,0
2025-06-10 09:50:00,88788.0,88804.1,88735.3,88747.3,39,750,0
2025-06-10 10:00:00,88747.3,88861.1,88710.4,88819.2,208,750,0
2025-06-10 10:10:00,88820.2,88853.0,88738.5,88827.4,289,750,0
2025-06-10 10:20:00,88827.4,88937.3,88820.9,88937.3,275,750,0
2025-06-10 10:30:00,88937.3,89149.2,88937.3,89136.4,217,750,0
2025-06-10 10:40:00,89133.4,89151.1,89053.9,89138.5,230,750,0
2025-06-10 10:50:00,89138.5,89190.5,89106.6,89133.3,196,750,0
2025-06-10 11:00:00,89133.8,89193.1,89133.8,89163.2,317,750,0
2025-06-10 11:10:00,89163.2,89232.0,89157.6,89203.1,221,750,0
2025-06-10 11:20:00,89203.6,89204.1,89116.0,89122.4,217,750,0
2025-06-10 11:30:00,89124.9,89220.3,89116.9,89149.0,185,750,0
2025-06-10 11:40:00,89149.0,89227.9,89149.0,89213.3,204,750,0
2025-06-10 11:50:00,89213.3,89273.3,89163.8,89183.4,161,750,0
2025-06-10 12:00:00,89183.4,89254.0,89177.2,89247.8,128,750,0
2025-06-10 12:10:00,89247.8,89301.2,89243.5,89260.1,135,750,0
2025-06-10 12:20:00,89260.1,89280.3,89218.0,89251.0,159,750,0
2025-06-10 12:30:00,89249.0,89251.0,89168.2,89185.2,126,750,0
2025-06-10 12:40:00,89185.2,89230.9,89127.6,89129.1,158,750,0
2025-06-10 12:50:00,89128.1,89162.4,89102.3,89162.4,140,750,0
2025-06-10 13:00:00,89162.4,89212.4,89118.2,89124.3,98,750,0
2025-06-10 13:10:00,89124.3,89187.7,89119.3,89131.9,113,750,0
2025-06-10 13:20:00,89131.9,89170.0,89121.1,89129.7,110,750,0
2025-06-10 13:30:00,89129.7,89134.9,89023.0,89027.9,138,750,0
2025-06-10 13:40:00,89029.3,89029.3,88967.9,88972.9,184,750,0
2025-06-10 13:50:00,88974.9,89120.7,88974.9,89120.7,110,750,0
2025-06-10 14:00:00,89120.7,89154.7,89097.4,89134.9,96,750,0
2025-06-10 14:10:00,89134.9,89173.5,89094.8,89095.8,77,750,0
2025-06-10 14:20:00,89095.8,89157.7,89073.7,89157.7,54,750,0
2025-06-10 14:30:00,89157.7,89183.5,89134.9,89150.6,129,750,0
2025-06-10 14:40:00,89150.6,89217.2,89146.0,89152.2,117,750,0
2025-06-10 14:50:00,89152.2,89209.4,89149.7,89160.1,101,750,0
2025-06-10 15:00:00,89160.1,89265.6,89160.1,89265.6,90,750,0
2025-06-10 15:10:00,89265.6,89284.1,89234.8,89263.3,100,750,0
2025-06-10 15:20:00,89262.8,89283.0,89246.9,89257.9,90,750,0
2025-06-10 15:30:00,89257.9,89281.4,89182.5,89215.3,113,750,0
2025-06-10 15:40:00,89215.3,89233.1,89185.0,89203.1,147,750,0
2025-06-10 15:50:00,89203.1,89225.4,89178.9,89187.6,132,750,0
2025-06-10 16:00:00,89187.6,89223.0,89180.1,89196.8,156,750,0
2025-06-10 16:10:00,89196.8,89233.8,89110.1,89112.2,167,750,0
2025-06-10 16:20:00,89112.2,89203.7,89089.9,89203.7,141,750,0
2025-06-10 16:30:00,89203.7,89263.7,89106.5,89247.8,203,750,0
2025-06-10 16:40:00,89247.8,89326.3,89190.6,89295.9,213,750,0
2025-06-10 16:50:00,89295.4,89298.9,89213.4,89235.4,168,750,0
2025-06-10 17:00:00,89235.4,89331.9,89141.6,89269.1,246,750,0
2025-06-10 17:10:00,89268.6,89269.1,89023.1,89023.1,237,750,0
2025-06-10 17:20:00,89023.1,89106.3,89003.1,89052.2,309,750,0
2025-06-10 17:30:00,89052.1,89052.1,88974.2,88992.5,279,750,0
2025-06-10 17:40:00,88994.0,89041.0,88952.0,88998.5,279,750,0
2025-06-10 17:50:00,88998.5,89069.5,88957.7,89021.7,136,750,0
2025-06-10 18:00:00,89001.7,89175.4,89000.2,89116.6,137,750,0
2025-06-10 18:10:00,89115.6,89139.2,89010.9,89063.9,277,750,0
2025-06-10 18:20:00,89077.9,89082.8,88971.7,89004.2,275,750,0
2025-06-11 09:30:00,88998.4,89221.0,88998.4,89198.1,74,750,0
2025-06-11 09:40:00,89198.1,89210.1,89132.4,89136.4,46,750,0
2025-06-11 09:50:00,89136.4,89136.5,89035.8,89075.7,44,750,0
2025-06-11 10:00:00,89077.7,89295.3,89075.2,89118.8,298,750,0
2025-06-11 10:10:00,89118.8,89259.3,89111.9,89235.9,225,750,0
2025-06-11 10:20:00,89236.0,89255.4,89178.3,89250.4,254,750,0
2025-06-11 10:30:00,89250.4,89260.1,89172.0,89199.0,238,750,0
2025-06-11 10:40:00,89175.6,89232.8,89175.6,89222.6,248,750,0
2025-06-11 10:50:00,89222.7,89234.4,89171.5,89202.2,263,750,0
2025-06-11 11:00:00,89202.2,89216.2,89136.7,89213.4,217,750,0
2025-06-11 11:10:00,89213.4,89268.2,89160.5,89185.6,209,750,0
2025-06-11 11:20:00,89185.6,89254.4,89165.6,89202.6,163,750,0
2025-06-11 11:30:00,89202.6,89202.6,89042.3,89051.5,190,750,0
2025-06-11 11:40:00,89051.5,89127.7,89009.5,89013.6,146,750,0
2025-06-11 11:50:00,89013.6,89043.9,89002.9,89016.9,166,750,0
2025-06-11 12:00:00,89013.9,89023.0,88832.7,88869.8,253,750,0
2025-06-11 12:10:00,88869.8,88873.6,88778.8,88791.5,250,750,0
2025-06-11 12:20:00,88784.5,88808.6,88624.4,88682.6,236,750,0
2025-06-11 12:30:00,88668.6,88712.3,88648.3,88657.1,242,750,0
2025-06-11 12:40:00,88654.6,88666.2,88587.7,88628.4,244,750,0
2025-06-11 12:50:00,88628.4,88648.5,88577.0,88611.9,208,750,0
2025-06-11 13:00:00,88611.9,88634.7,88580.6,88581.2,233,750,0
2025-06-11 13:10:00,88581.2,88588.3,88477.5,88492.0,316,750,0
2025-06-11 13:20:00,88492.0,88548.9,88406.1,88408.2,288,750,0
2025-06-11 13:30:00,88408.2,88411.1,88328.8,88398.1,226,750,0
2025-06-11 13:40:00,88391.1,88432.7,88277.8,88385.0,215,750,0
2025-06-11 13:50:00,88385.0,88391.0,88331.3,88343.4,194,750,0
2025-06-11 14:00:00,88346.9,88463.1,88334.0,88335.0,185,750,0
2025-06-11 14:10:00,88335.0,88404.0,88294.0,88328.4,178,750,0
2025-06-11 14:20:00,88328.4,88428.0,88328.4,88428.0,126,750,0
2025-06-11 14:30:00,88432.5,88493.4,88396.5,88435.8,136,750,0
2025-06-11 14:40:00,88439.3,88546.6,88439.3,88542.5,98,750,0
2025-06-11 14:50:00,88540.5,88581.1,88460.3,88555.6,125,750,0
2025-06-11 15:00:00,88555.6,88650.9,88482.7,88534.8,271,750,0
2025-06-11 15:10:00,88534.8,88577.0,88494.8,88577.0,210,750,0
2025-06-11 15:20:00,88577.5,88656.5,88559.2,88618.0,168,750,0
2025-06-11 15:30:00,88617.5,88782.8,88592.5,88704.7,255,750,0
2025-06-11 15:40:00,88704.7,88759.9,88650.6,88680.6,257,750,0
2025-06-11 15:50:00,88681.1,88754.2,88630.6,88639.2,217,750,0
2025-06-11 16:00:00,88641.2,88693.4,88627.1,88682.5,221,750,0
2025-06-11 16:10:00,88682.5,88747.2,88682.5,88747.2,178,750,0
2025-06-11 16:20:00,88747.2,88762.3,88704.1,88711.3,205,750,0
2025-06-11 16:30:00,88711.8,88734.8,88600.7,88638.8,399,750,0
2025-06-11 16:40:00,88639.8,88695.8,88501.3,88598.3,330,750,0
2025-06-11 16:50:00,88598.3,88627.3,88564.5,88616.2,264,750,0
2025-06-11 17:00:00,88624.7,88743.2,88604.9,88731.2,231,750,0
2025-06-11 17:10:00,88731.2,88731.2,88676.1,88698.6,266,750,0
2025-06-11 17:20:00,88698.6,88710.6,88570.2,88583.9,293,750,0
2025-06-11 17:30:00,88584.9,88682.4,88566.4,88667.5,278,750,0
2025-06-11 17:40:00,88667.5,88674.3,88606.8,88606.8,251,750,0
2025-06-11 17:50:00,88607.8,88652.8,88587.9,88590.9,165,750,0
2025-06-11 18:00:00,88587.9,88613.9,88272.4,88272.4,288,750,0
2025-06-11 18:10:00,88286.4,88542.1,88284.9,88489.3,182,750,0
2025-06-11 18:20:00,88489.3,88540.7,88367.5,88432.4,82,750,0
2025-06-12 09:30:00,88182.1,88233.1,88023.3,88196.2,106,750,0
2025-06-12 09:40:00,88196.2,88289.1,88173.2,88266.2,91,750,0
2025-06-12 09:50:00,88266.2,88373.2,88225.2,88373.2,113,750,0
2025-06-12 10:00:00,88373.2,88840.2,88373.2,88772.8,281,750,0
2025-06-12 10:10:00,88772.8,88773.8,88626.7,88671.0,296,750,0
2025-06-12 10:20:00,88671.0,88700.5,88540.8,88671.3,306,750,0
2025-06-12 10:30:00,88672.3,88685.2,88355.1,88450.0,239,750,0
2025-06-12 10:40:00,88450.0,88558.7,88354.8,88522.5,250,750,0
2025-06-12 10:50:00,88522.5,88560.1,88377.0,88539.6,172,750,0
2025-06-12 11:00:00,88539.6,88599.1,88497.0,88565.0,244,750,0
2025-06-12 11:10:00,88565.0,88648.8,88500.3,88543.2,224,750,0
2025-06-12 11:20:00,88543.2,88627.7,88497.0,88627.6,120,750,0
2025-06-12 11:30:00,88629.1,88723.1,88582.6,88700.7,136,750,0
2025-06-12 11:40:00,88701.7,88791.7,88690.7,88787.9,221,750,0
2025-06-12 11:50:00,88787.9,88865.8,88764.9,88773.4,221,750,0
2025-06-12 12:00:00,88773.4,88793.4,88715.7,88793.4,176,750,0
2025-06-12 12:10:00,88796.4,88846.6,88789.2,88818.2,154,750,0
2025-06-12 12:20:00,88810.3,88941.6,88744.3,88941.1,252,750,0
2025-06-12 12:30:00,88941.6,88948.7,88882.5,88905.6,222,750,0
2025-06-12 12:40:00,88905.6,88968.9,88899.2,88942.2,105,750,0
2025-06-12 12:50:00,88942.2,88969.5,88852.7,88901.1,211,750,0
2025-06-12 13:00:00,88901.1,88954.6,88896.8,88929.1,186,750,0
2025-06-12 13:10:00,88928.6,88979.8,88872.8,88955.9,186,750,0
2025-06-12 13:20:00,88952.9,88952.9,88852.9,88910.3,184,750,0
2025-06-12 13:30:00,88911.3,88959.5,88870.1,88875.1,233,750,0
2025-06-12 13:40:00,88875.1,88875.1,88744.8,88783.7,191,750,0
2025-06-12 13:50:00,88783.7,88831.7,88696.9,88702.6,144,750,0
2025-06-12 14:00:00,88702.1,88771.0,88675.4,88763.4,161,750,0
2025-06-12 14:10:00,88763.9,88785.3,88699.9,88719.2,170,750,0
2025-06-12 14:20:00,88719.2,88783.9,88667.5,88783.9,162,750,0
2025-06-12 14:30:00,88783.9,88838.8,88753.9,88797.3,95,750,0
2025-06-12 14:40:00,88799.3,88918.0,88799.3,88917.9,99,750,0
2025-06-12 14:50:00,88912.9,88958.5,88896.3,88900.8,168,750,0
2025-06-12 15:00:00,88901.3,88997.0,88896.0,88993.4,181,750,0
2025-06-12 15:10:00,88993.4,89023.1,88940.9,88972.0,174,750,0
2025-06-12 15:20:00,88972.0,89040.6,88972.0,89029.2,136,750,0
2025-06-12 15:30:00,89029.7,89150.1,89029.7,89083.2,251,750,0
2025-06-12 15:40:00,89083.2,89124.0,89059.5,89087.9,210,750,0
2025-06-12 15:50:00,89088.4,89214.1,89068.4,89203.6,255,750,0
2025-06-12 16:00:00,89203.6,89203.6,89083.5,89083.5,257,750,0
2025-06-12 16:10:00,89083.5,89084.4,88908.7,88997.5,223,750,0
2025-06-12 16:20:00,89001.0,89107.5,88966.5,89084.1,209,750,0
2025-06-12 16:30:00,89085.1,89272.6,88966.7,89249.2,315,750,0
2025-06-12 16:40:00,89240.2,89365.7,89221.3,89262.1,329,750,0
2025-06-12 16:50:00,89262.1,89265.1,89125.2,89200.5,211,750,0
2025-06-12 17:00:00,89204.5,89272.5,89147.8,89226.9,210,750,0
2025-06-12 17:10:00,89226.9,89423.4,89226.9,89372.8,336,750,0
2025-06-12 17:20:00,89372.8,89397.1,89305.2,89353.1,293,750,0
2025-06-12 17:30:00,89353.1,89436.7,89310.1,89412.1,382,750,0
2025-06-12 17:40:00,89412.1,89497.0,89410.4,89463.1,351,750,0
2025-06-12 17:50:00,89463.1,89522.1,89407.3,89407.3,266,750,0
2025-06-12 18:00:00,89414.3,89508.2,89414.3,89459.4,168,750,0
2025-06-12 18:10:00,89459.4,89588.7,89449.4,89477.0,270,750,0
2025-06-12 18:20:00,89478.0,89478.5,89342.3,89356.8,190,750,0
2025-06-13 09:30:00,88830.0,88950.9,88665.3,88730.3,94,750,0
2025-06-13 09:40:00,88730.3,88835.3,88709.3,88835.3,72,750,0
2025-06-13 09:50:00,88835.3,88853.4,88719.1,88764.5,108,750,0
2025-06-13 10:00:00,88764.5,88856.0,88720.7,88733.7,340,750,0
2025-06-13 10:10:00,88733.7,88853.6,88558.5,88664.6,313,750,0
2025-06-13 10:20:00,88665.6,88691.1,88576.0,88632.1,287,750,0
2025-06-13 10:30:00,88632.1,88769.4,88632.1,88673.1,253,750,0
2025-06-13 10:40:00,88673.1,88701.4,88630.9,88641.2,269,750,0
2025-06-13 10:50:00,88638.2,88789.9,88618.1,88651.0,314,750,0
2025-06-13 11:00:00,88650.1,88779.9,88650.1,88770.4,395,750,0
2025-06-13 11:10:00,88769.9,88861.1,88709.5,88845.6,295,750,0
2025-06-13 11:20:00,88847.1,88850.1,88692.6,88735.4,208,750,0
2025-06-13 11:30:00,88735.4,88750.8,88563.9,88616.2,318,750,0
2025-06-13 11:40:00,88614.7,88657.3,88545.5,88625.6,319,750,0
2025-06-13 11:50:00,88626.6,88665.5,88526.1,88579.1,344,750,0
2025-06-13 12:00:00,88571.1,88617.6,88456.1,88484.2,311,750,0
2025-06-13 12:10:00,88484.2,88577.2,88403.0,88434.0,233,750,0
2025-06-13 12:20:00,88434.0,88614.4,88434.0,88614.3,144,750,0
2025-06-13 12:30:00,88614.2,88639.1,88546.6,88568.9,173,750,0
2025-06-13 12:40:00,88578.4,88594.2,88509.1,88518.8,199,750,0
2025-06-13 12:50:00,88521.8,88719.2,88521.8,88719.2,206,750,0
2025-06-13 13:00:00,88719.2,88794.1,88696.6,88728.8,179,750,0
2025-06-13 13:10:00,88728.8,88729.8,88512.1,88555.0,185,750,0
2025-06-13 13:20:00,88555.0,88619.6,88440.0,88616.6,305,750,0
2025-06-13 13:30:00,88613.6,88619.6,88435.5,88508.6,169,750,0
2025-06-13 13:40:00,88511.6,88600.3,88487.1,88547.0,239,750,0
2025-06-13 13:50:00,88547.0,88630.4,88487.2,88605.4,164,750,0
2025-06-13 14:00:00,88605.4,88663.6,88564.7,88591.3,186,750,0
2025-06-13 14:10:00,88591.3,88611.6,88520.9,88522.9,263,750,0
2025-06-13 14:20:00,88526.9,88555.2,88418.7,88496.9,192,750,0
2025-06-13 14:30:00,88496.9,88560.8,88448.0,88542.9,166,750,0
2025-06-13 14:40:00,88545.9,88558.4,88467.2,88516.2,188,750,0
2025-06-13 14:50:00,88516.2,88563.5,88515.4,88553.4,253,750,0
2025-06-13 15:00:00,88553.4,88574.5,88504.4,88563.4,183,750,0
2025-06-13 15:10:00,88563.4,88636.5,88505.4,88605.5,168,750,0
2025-06-13 15:20:00,88605.5,88679.8,88603.9,88613.6,167,750,0
2025-06-13 15:30:00,88613.6,88620.5,88531.3,88532.5,209,750,0
2025-06-13 15:40:00,88532.5,88532.5,88356.2,88395.3,249,750,0
2025-06-13 15:50:00,88395.3,88483.3,88365.7,88374.5,234,750,0
2025-06-13 16:00:00,88374.5,88376.5,88273.4,88317.0,288,750,0
2025-06-13 16:10:00,88317.0,88351.3,88292.5,88327.7,189,750,0
2025-06-13 16:20:00,88327.7,88391.6,88191.2,88299.9,315,750,0
2025-06-13 16:30:00,88299.9,88423.1,88240.6,88312.5,342,750,0
2025-06-13 16:40:00,88314.5,88344.0,88218.9,88262.5,332,750,0
2025-06-13 16:50:00,88257.5,88264.5,88130.4,88164.7,320,750,0
2025-06-13 17:00:00,88167.2,88273.7,88164.1,88198.6,372,750,0
2025-06-13 17:10:00,88198.6,88200.6,88079.2,88114.8,422,750,0
2025-06-13 17:20:00,88114.8,88126.3,88058.9,88080.1,288,750,0
2025-06-13 17:30:00,88080.1,88203.4,88068.3,88153.6,335,750,0
2025-06-13 17:40:00,88153.6,88167.6,88055.5,88064.4,339,750,0
2025-06-13 17:50:00,88064.4,88086.4,87845.2,87849.7,379,750,0
2025-06-13 18:00:00,87849.7,88034.6,87847.7,87893.8,259,750,0
2025-06-13 18:10:00,87893.8,87893.8,87732.1,87810.0,237,750,0
2025-06-13 18:20:00,87810.0,88032.9,87808.1,88028.9,153,750,0
2025-06-17 09:30:00,88077.3,88369.2,87697.0,88114.9,129,750,0
2025-06-17 09:40:00,88114.9,88301.4,88114.9,88233.0,68,750,0
2025-06-17 09:50:00,88233.0,88313.9,87682.3,87687.3,137,750,0
2025-06-17 10:00:00,87687.3,87809.4,87230.5,87669.4,434,750,0
2025-06-17 10:10:00,87669.4,87935.9,87669.4,87886.6,464,750,0
2025-06-17 10:20:00,87886.6,87900.6,87610.4,87749.4,337,750,0
2025-06-17 10:30:00,87749.4,87849.1,87576.6,87661.3,236,750,0
2025-06-17 10:40:00,87667.3,87743.2,87586.7,87719.6,341,750,0
2025-06-17 10:50:00,87704.6,87749.1,87589.6,87611.5,242,750,0
2025-06-17 11:00:00,87611.5,87789.2,87583.1,87711.8,260,750,0
2025-06-17 11:10:00,87712.8,87761.9,87646.6,87648.8,197,750,0
2025-06-17 11:20:00,87649.8,87690.1,87574.7,87594.7,249,750,0
2025-06-17 11:30:00,87594.7,87610.6,87456.7,87526.2,309,750,0
2025-06-17 11:40:00,87526.2,87577.7,87483.1,87534.0,183,750,0
2025-06-17 11:50:00,87537.0,87539.9,87415.8,87428.5,364,750,0
2025-06-17 12:00:00,87428.5,87470.2,87363.4,87383.2,203,750,0
2025-06-17 12:10:00,87383.2,87462.3,87351.3,87454.2,194,750,0
2025-06-17 12:20:00,87454.2,87467.5,87382.7,87412.3,240,750,0
2025-06-17 12:30:00,87412.3,87449.1,87328.6,87340.5,253,750,0
2025-06-17 12:40:00,87341.0,87421.1,87317.7,87355.4,213,750,0
2025-06-17 12:50:00,87358.4,87369.2,87207.9,87233.8,264,750,0
2025-06-17 13:00:00,87233.8,87311.8,87183.0,87254.0,305,750,0
2025-06-17 13:10:00,87244.0,87402.9,87221.0,87280.0,248,1000,0
2025-06-17 13:20:00,87280.0,87326.6,87221.8,87249.7,224,1000,0
2025-06-17 13:30:00,87249.7,87318.6,87206.2,87272.7,260,1000,0
2025-06-17 13:40:00,87278.2,87313.7,87195.7,87243.5,258,1000,0
2025-06-17 13:50:00,87246.5,87344.4,87226.5,87280.3,346,1000,0
2025-06-17 14:00:00,87280.3,87301.9,87177.7,87186.7,312,1000,0
2025-06-17 14:10:00,87186.7,87354.7,87186.7,87252.9,328,1000,0
2025-06-17 14:20:00,87252.9,87277.7,87176.1,87208.7,226,1000,0
2025-06-17 14:30:00,87208.7,87287.9,87195.7,87237.8,260,1000,0
2025-06-17 14:40:00,87239.3,87245.3,87080.9,87192.6,290,1000,0
2025-06-17 14:50:00,87192.6,87368.4,87192.6,87319.4,296,1000,0
2025-06-17 15:00:00,87321.4,87329.4,87206.4,87218.3,226,1000,0
2025-06-17 15:10:00,87217.8,87228.2,87185.7,87191.2,181,1000,0
2025-06-17 15:20:00,87191.2,87219.3,87184.2,87190.2,191,1000,0
2025-06-17 15:30:00,87190.2,87217.2,87153.2,87195.2,225,1000,0
2025-06-17 15:40:00,87195.2,87234.1,87190.7,87210.9,176,1000,0
2025-06-17 15:50:00,87206.9,87219.5,87156.0,87160.1,193,1000,0
2025-06-17 16:00:00,87157.1,87219.1,87141.1,87165.1,174,1000,0
2025-06-17 16:10:00,87165.1,87192.9,87108.1,87192.9,205,1000,0
2025-06-17 16:20:00,87192.9,87241.9,87155.9,87215.9,198,1000,0
2025-06-17 16:30:00,87216.9,87275.9,87106.0,87160.0,412,1000,0
2025-06-17 16:40:00,87160.0,87308.9,87147.0,87216.4,432,1000,0
2025-06-17 16:50:00,87213.4,87229.8,87064.4,87091.6,423,1000,0
2025-06-17 17:00:00,87092.6,87172.4,86980.1,87067.0,338,1000,0
2025-06-17 17:10:00,87068.0,87120.1,87002.5,87042.3,358,1000,0
2025-06-17 17:20:00,87042.3,87090.7,86971.0,87072.3,453,1000,0
2025-06-17 17:30:00,87072.3,87080.9,86853.9,86880.0,502,1000,0
2025-06-17 17:40:00,86889.0,87006.6,86844.1,86957.9,449,1000,0
2025-06-17 17:50:00,86957.9,87080.1,86853.0,87080.1,266,1000,0
2025-06-17 18:00:00,87081.1,87238.1,87062.1,87102.4,166,1000,0
2025-06-17 18:10:00,87102.4,87163.4,86897.7,87113.7,248,1000,0
2025-06-17 18:20:00,87113.7,87163.8,87068.9,87104.0,130,1000,0
2025-06-18 09:30:00,86882.7,87125.4,86876.7,87107.9,38,1000,0
2025-06-18 09:40:00,87107.9,87122.0,86957.2,86966.3,45,1000,0
2025-06-18 09:50:00,86966.3,87151.4,86966.3,87060.5,94,1000,0
2025-06-18 10:00:00,87061.5,87079.1,86666.5,87024.2,267,1000,0
2025-06-18 10:10:00,87025.2,87036.0,86785.2,86852.9,237,1000,0
2025-06-18 10:20:00,86852.9,86854.1,86711.9,86738.4,271,1000,0
2025-06-18 10:30:00,86743.4,86827.8,86678.1,86739.0,213,1000,0
2025-06-18 10:40:00,86736.1,86780.5,86657.9,86708.5,266,1000,0
2025-06-18 10:50:00,86708.5,86712.2,86572.1,86602.5,232,1000,0
2025-06-18 11:00:00,86584.0,86706.7,86584.0,86667.9,278,1000,0
2025-06-18 11:10:00,86667.9,86674.0,86480.3,86551.8,276,1000,0
2025-06-18 11:20:00,86551.8,86669.8,86520.8,86601.1,179,1000,0
2025-06-18 11:30:00,86605.1,86661.4,86597.6,86623.8,223,1000,0
2025-06-18 11:40:00,86623.8,86665.0,86549.1,86665.0,222,1000,0
2025-06-18 11:50:00,86675.7,86718.4,86611.2,86613.2,184,1000,0
2025-06-18 12:00:00,86613.2,86722.4,86600.4,86702.5,160,1000,0
2025-06-18 12:10:00,86702.5,86856.7,86702.5,86853.7,197,1000,0
2025-06-18 12:20:00,86848.3,86896.1,86773.3,86825.3,214,1000,0
2025-06-18 12:30:00,86825.3,86895.2,86781.0,86889.1,176,1000,0
2025-06-18 12:40:00,86889.1,86898.0,86802.5,86853.0,180,1000,0
2025-06-18 12:50:00,86853.0,86913.6,86851.1,86880.9,154,1000,0
2025-06-18 13:00:00,86880.9,86894.0,86821.8,86846.3,147,1000,0
2025-06-18 13:10:00,86846.3,86919.6,86846.3,86883.1,139,1000,0
2025-06-18 13:20:00,86883.1,86918.2,86859.6,86892.5,155,1000,0
2025-06-18 13:30:00,86892.5,86924.4,86852.3,86876.2,135,1000,0
2025-06-18 13:40:00,86875.7,86927.8,86788.1,86813.7,208,1000,0
2025-06-18 13:50:00,86816.6,86819.5,86673.3,86715.8,213,1000,0
2025-06-18 14:00:00,86715.8,86757.3,86687.1,86704.3,178,1000,0
2025-06-18 14:10:00,86704.3,86727.6,86603.4,86649.1,174,1000,0
2025-06-18 14:20:00,86649.1,86695.0,86648.3,86689.5,105,1000,0
2025-06-18 14:30:00,86689.5,86760.1,86680.4,86760.1,92,1000,0
2025-06-18 14:40:00,86760.1,86850.0,86736.9,86819.6,168,1000,0
2025-06-18 14:50:00,86819.6,86912.4,86813.0,86912.4,141,1000,0
2025-06-18 15:00:00,86912.4,86915.6,86846.7,86868.6,115,1000,0
2025-06-18 15:10:00,86870.1,86894.4,86819.5,86840.7,128,1000,0
2025-06-18 15:20:00,86840.7,86884.8,86824.2,86867.6,100,1000,0
2025-06-18 15:30:00,86867.6,86929.2,86867.2,86883.4,100,1000,0
2025-06-18 15:40:00,86883.4,86924.8,86871.3,86875.1,57,1000,0
2025-06-18 15:50:00,86875.1,86985.0,86875.1,86981.1,66,1000,0
2025-06-18 16:00:00,86981.1,87156.6,86981.1,87118.3,131,1000,0
2025-06-18 16:10:00,87118.3,87119.5,87017.6,87023.5,140,1000,0
2025-06-18 16:20:00,87023.5,87090.6,87023.5,87076.8,108,1000,0
2025-06-18 16:30:00,87076.8,87176.9,86944.8,87176.9,192,1000,0
2025-06-18 16:40:00,87176.9,87210.3,87084.6,87210.3,256,1000,0
2025-06-18 16:50:00,87210.3,87307.4,87210.3,87274.7,206,1000,0
2025-06-18 17:00:00,87274.7,87422.6,87270.3,87351.3,199,1000,0
2025-06-18 17:10:00,87351.3,87519.5,87351.2,87457.5,176,1000,0
2025-06-18 17:20:00,87457.5,87667.8,87457.5,87492.6,197,1000,0
2025-06-18 17:30:00,87492.6,87630.8,87492.6,87601.1,205,1000,0
2025-06-18 17:40:00,87601.5,87602.5,87110.5,87445.6,281,1000,0
2025-06-18 17:50:00,87438.7,87467.6,87210.3,87382.0,175,1000,0
2025-06-18 18:00:00,87263.3,87483.1,87263.3,87483.1,159,1000,0
2025-06-18 18:10:00,87483.1,87505.5,87314.5,87454.8,206,1000,0
2025-06-18 18:20:00,87466.9,87599.4,87340.1,87599.4,192,1000,0
2025-06-19 09:30:00,86887.6,87127.9,86672.0,86707.3,79,1000,0
2025-06-19 09:40:00,86707.3,86707.3,86539.6,86564.3,111,1000,0
2025-06-19 09:50:00,86565.2,86614.1,86560.3,86614.1,55,1000,0
2025-06-19 10:00:00,86614.1,86716.1,86539.6,86588.0,333,1000,0
2025-06-19 10:10:00,86589.0,86662.0,86565.5,86637.2,293,1000,0
2025-06-19 10:20:00,86637.2,86687.8,86625.4,86678.6,225,1000,0
2025-06-19 10:30:00,86679.7,86683.8,86501.1,86539.9,277,1000,0
2025-06-19 10:40:00,86539.9,86544.6,86442.2,86528.9,268,1000,0
2025-06-19 10:50:00,86528.9,86631.0,86525.0,86552.7,315,1000,0
2025-06-19 11:00:00,86551.7,86595.9,86495.0,86576.2,334,1000,0
2025-06-19 11:10:00,86576.2,86605.4,86526.1,86605.4,246,1000,0
2025-06-19 11:20:00,86605.4,86816.0,86605.4,86793.6,234,1000,0
2025-06-19 11:30:00,86793.6,86793.6,86675.9,86780.8,221,1000,0
2025-06-19 11:40:00,86780.8,86806.3,86725.1,86725.1,187,1000,0
2025-06-19 11:50:00,86726.1,86789.6,86724.2,86754.8,157,1000,0
2025-06-19 12:00:00,86754.8,86836.2,86736.3,86785.0,196,1000,0
2025-06-19 12:10:00,86764.0,86813.4,86734.4,86772.6,283,1000,0
2025-06-19 12:20:00,86774.6,86937.6,86774.5,86931.7,230,1000,0
2025-06-19 12:30:00,86934.5,86997.9,86887.7,86970.7,213,1000,0
2025-06-19 12:40:00,86970.7,87035.1,86959.7,86989.0,203,1000,0
2025-06-19 12:50:00,86976.8,86985.0,86824.7,86881.4,208,1000,0
2025-06-19 13:00:00,86881.4,86936.0,86804.9,86853.5,24,1000,0
2025-06-19 13:10:00,86937.0,87057.2,86926.5,87037.0,90,1000,0
2025-06-19 13:20:00,87038.0,87169.5,87023.8,87169.5,126,1000,0
2025-06-19 13:30:00,87169.5,87219.5,87145.8,87173.6,70,1000,0
2025-06-19 13:40:00,87173.6,87308.6,87172.9,87273.6,127,1000,0
2025-06-19 13:50:00,87273.6,87316.8,87269.3,87275.8,98,1000,0
2025-06-19 14:00:00,87275.8,87307.0,87234.6,87276.2,107,1000,0
2025-06-19 14:10:00,87276.2,87292.9,87201.2,87218.1,163,1000,0
2025-06-19 14:20:00,87218.1,87254.4,87203.6,87221.3,186,1000,0
2025-06-19 14:30:00,87222.3,87240.1,87193.1,87202.3,174,1000,0
2025-06-19 14:40:00,87202.3,87296.0,87202.3,87296.0,126,1000,0
2025-06-19 14:50:00,87296.0,87329.4,87251.5,87261.2,134,1000,0
2025-06-19 15:00:00,87261.7,87264.3,87196.2,87207.9,173,1000,0
2025-06-19 15:10:00,87207.9,87207.9,87077.5,87088.8,221,1000,0
2025-06-19 15:20:00,87088.8,87135.6,87079.3,87082.3,167,1000,0
2025-06-19 15:30:00,87082.3,87143.2,87079.6,87109.9,175,1000,0
2025-06-19 15:40:00,87109.9,87122.1,87032.2,87090.2,101,1000,0
2025-06-19 15:50:00,87090.2,87106.5,87031.8,87046.4,81,1000,0
2025-06-19 16:00:00,87046.4,87068.0,87023.0,87032.9,133,1000,0
2025-06-19 16:10:00,87032.9,87057.2,87003.3,87019.5,144,1000,0
2025-06-19 16:20:00,87019.5,87098.3,87019.5,87073.6,150,1000,0
2025-06-19 16:30:00,87074.5,87219.1,87072.0,87185.3,197,1000,0
2025-06-19 16:40:00,87185.3,87324.8,87185.3,87238.4,169,1000,0
2025-06-19 16:50:00,87238.4,87240.4,87124.9,87130.9,161,1000,0
2025-06-19 17:00:00,87130.9,87185.9,87081.8,87163.5,127,1000,0
2025-06-19 17:10:00,87163.5,87212.0,87147.6,87185.3,161,1000,0
2025-06-19 17:20:00,87185.3,87264.1,87185.3,87256.1,163,1000,0
2025-06-19 17:30:00,87256.1,87365.4,87255.6,87355.1,175,1000,0
2025-06-19 17:40:00,87355.1,87410.2,87317.2,87344.1,166,1000,0
2025-06-19 17:50:00,87344.1,87398.0,87306.3,87323.6,171,1000,0
2025-06-19 18:00:00,87324.6,87465.4,87324.6,87362.0,143,1000,0
2025-06-19 18:10:00,87362.0,87501.8,87341.3,87461.2,128,1000,0
2025-06-19 18:20:00,87461.2,87563.3,87405.3,87517.3,258,1000,0
2025-06-20 09:30:00,87563.7,87684.5,87563.7,87637.4,89,1000,0
2025-06-20 09:40:00,87637.5,87637.5,87566.9,87617.0,38,1000,0
2025-06-20 09:50:00,87617.0,87652.2,87559.2,87559.2,45,1000,0
2025-06-20 10:00:00,87559.2,87604.9,87468.0,87563.2,275,1000,0
2025-06-20 10:10:00,87558.3,87655.9,87558.3,87603.3,288,1000,0
2025-06-20 10:20:00,87603.3,87847.9,87603.3,87828.6,300,1000,0
2025-06-20 10:30:00,87828.6,87902.8,87758.8,87882.6,271,1000,0
2025-06-20 10:40:00,87882.6,87897.7,87773.8,87857.4,251,1000,0
2025-06-20 10:50:00,87858.4,87923.7,87858.4,87896.8,273,1000,0
2025-06-20 11:00:00,87896.8,87904.8,87826.3,87847.3,236,1000,0
2025-06-20 11:10:00,87846.8,87852.8,87766.6,87770.8,251,1000,0
2025-06-20 11:20:00,87770.8,87778.8,87619.3,87625.8,262,1000,0
2025-06-20 11:30:00,87625.8,87633.6,87496.6,87496.6,320,1000,0
2025-06-20 11:40:00,87496.6,87496.7,87308.9,87322.7,384,1000,0
2025-06-20 11:50:00,87322.7,87354.6,87227.9,87297.1,345,1000,0
2025-06-20 12:00:00,87297.1,87327.3,87255.0,87327.3,288,1000,0
2025-06-20 12:10:00,87327.3,87352.6,87287.1,87334.0,180,1000,0
2025-06-20 12:20:00,87334.0,87341.8,87278.3,87297.4,186,1000,0
2025-06-20 12:30:00,87297.4,87297.4,87178.6,87218.5,265,1000,0
2025-06-20 12:40:00,87223.4,87266.9,87119.4,87125.0,278,1000,0
2025-06-20 12:50:00,87125.0,87235.8,87124.9,87189.4,264,1000,0
2025-06-20 13:00:00,87189.4,87267.8,87184.5,87228.0,185,1000,0
2025-06-20 13:10:00,87229.0,87241.1,87193.9,87212.0,160,1000,0
2025-06-20 13:20:00,87212.0,87239.1,87174.3,87211.6,198,1000,0
2025-06-20 13:30:00,87212.6,87313.3,87212.6,87295.2,113,1000,0
2025-06-20 13:40:00,87295.2,87320.7,87231.8,87304.9,143,1000,0
2025-06-20 13:50:00,87306.9,87364.7,87306.9,87329.8,134,1000,0
2025-06-20 14:00:00,87329.8,87376.2,87316.5,87340.2,190,1000,0
2025-06-20 14:10:00,87340.2,87341.6,87304.7,87320.8,183,1000,0
2025-06-20 14:20:00,87321.3,87397.6,87305.2,87388.8,121,1000,0
2025-06-20 14:30:00,87388.8,87392.6,87309.3,87340.7,91,1000,0
2025-06-20 14:40:00,87340.7,87511.8,87340.3,87450.7,156,1000,0
2025-06-20 14:50:00,87450.7,87460.4,87244.5,87268.5,135,1000,0
2025-06-20 15:00:00,87268.5,87360.9,87244.1,87336.3,94,1000,0
2025-06-20 15:10:00,87336.3,87466.9,87301.7,87466.0,111,1000,0
2025-06-20 15:20:00,87468.0,87490.6,87403.2,87490.1,132,1000,0
2025-06-20 15:30:00,87489.7,87493.6,87418.9,87493.5,132,1000,0
2025-06-20 15:40:00,87493.5,87549.9,87475.9,87528.2,217,1000,0
2025-06-20 15:50:00,87529.2,87632.6,87527.2,87570.4,267,1000,0
2025-06-20 16:00:00,87570.4,87606.5,87526.8,87567.0,171,1000,0
2025-06-20 16:10:00,87567.0,87571.1,87464.7,87538.9,118,1000,0
2025-06-20 16:20:00,87538.9,87552.3,87470.6,87505.5,129,1000,0
2025-06-20 16:30:00,87505.5,87553.9,87436.1,87553.9,235,1000,0
2025-06-20 16:40:00,87553.9,87714.2,87533.4,87543.4,233,1000,0
2025-06-20 16:50:00,87543.4,87543.4,87367.6,87488.0,240,1000,0
2025-06-20 17:00:00,87493.9,87555.6,87272.5,87301.8,256,1000,0
2025-06-20 17:10:00,87301.8,87349.2,87256.1,87263.6,167,1000,0
2025-06-20 17:20:00,87263.6,87357.4,87252.1,87272.3,202,1000,0
2025-06-20 17:30:00,87272.3,87329.5,87174.6,87208.5,207,1000,0
2025-06-20 17:40:00,87208.5,87373.3,87174.6,87187.5,215,1000,0
2025-06-20 17:50:00,87199.3,87232.1,87065.3,87078.1,183,1000,0
2025-06-20 18:00:00,87081.6,87146.4,86983.4,87091.5,182,1000,0
2025-06-20 18:10:00,87093.5,87135.2,86957.1,86965.0,183,1000,0
2025-06-20 18:20:00,86965.0,86979.7,86878.7,86927.8,190,1000,0
2025-06-23 09:30:00,86596.4,86953.0,86596.4,86906.9,70,1000,0
2025-06-23 09:40:00,86908.9,86950.1,86862.8,86862.8,42,1000,0
2025-06-23 09:50:00,86863.8,86884.9,86807.9,86863.9,67,1000,0
2025-06-23 10:00:00,86863.9,86916.4,86707.8,86784.5,246,1000,0
2025-06-23 10:10:00,86784.5,86909.0,86784.5,86866.8,183,1000,0
2025-06-23 10:20:00,86868.7,86971.7,86858.5,86967.5,198,1000,0
2025-06-23 10:30:00,86967.5,87264.9,86967.5,87251.1,193,1000,0
2025-06-23 10:40:00,87253.0,87355.2,87167.2,87224.0,246,1000,0
2025-06-23 10:50:00,87224.0,87306.9,87189.2,87306.9,147,1000,0
2025-06-23 11:00:00,87306.9,87440.7,87267.5,87439.4,205,1000,0
2025-06-23 11:10:00,87439.4,87509.4,87439.4,87499.2,213,1000,0
2025-06-23 11:20:00,87495.7,87504.4,87428.8,87446.3,181,1000,0
2025-06-23 11:30:00,87446.3,87474.4,87426.3,87456.3,164,1000,0
2025-06-23 11:40:00,87456.3,87597.4,87456.3,87574.5,189,1000,0
2025-06-23 11:50:00,87566.7,87568.6,87449.6,87491.0,147,1000,0
2025-06-23 12:00:00,87491.0,87491.9,87234.7,87239.6,147,1000,0
2025-06-23 12:10:00,87239.6,87278.4,87213.7,87228.4,175,1000,0
2025-06-23 12:20:00,87229.3,87291.7,87180.3,87180.3,172,1000,0
2025-06-23 12:30:00,87180.3,87186.4,87125.3,87172.7,141,1000,0
2025-06-23 12:40:00,87172.7,87349.2,87172.7,87348.2,175,1000,0
2025-06-23 12:50:00,87348.2,87520.2,87331.5,87511.0,244,1000,0
2025-06-23 13:00:00,87511.0,87519.3,87437.5,87499.2,169,1000,0
2025-06-23 13:10:00,87499.3,87560.4,87492.4,87518.3,117,1000,0
2025-06-23 13:20:00,87518.3,87530.3,87468.1,87498.9,136,1000,0
2025-06-23 13:30:00,87499.8,87513.3,87405.7,87410.6,129,1000,0
2025-06-23 13:40:00,87410.6,87410.6,87301.1,87326.5,118,1000,0
2025-06-23 13:50:00,87326.5,87345.3,87188.6,87188.7,120,1000,0
2025-06-23 14:00:00,87188.7,87284.2,87188.7,87219.0,186,1000,0
2025-06-23 14:10:00,87219.1,87253.0,87182.4,87184.3,172,1000,0
2025-06-23 14:20:00,87184.3,87184.3,87081.8,87081.8,176,1000,0
2025-06-23 14:30:00,87081.8,87128.3,87077.9,87122.2,66,1000,0
2025-06-23 14:40:00,87122.1,87122.1,87017.1,87117.6,121,1000,0
2025-06-23 14:50:00,87117.1,87134.4,87037.4,87043.6,177,1000,0
2025-06-23 15:00:00,87060.3,87177.5,87060.3,87127.7,178,1000,0
2025-06-23 15:10:00,87126.7,87139.9,86940.7,86947.7,117,1000,0
2025-06-23 15:20:00,86947.7,87048.2,86947.7,86997.9,146,1000,0
2025-06-23 15:30:00,86997.9,87130.2,86970.2,86984.1,128,1000,0
2025-06-23 15:40:00,86984.1,86994.6,86902.2,86939.4,178,1000,0
2025-06-23 15:50:00,86939.4,87017.5,86898.1,87017.5,150,1000,0
2025-06-23 16:00:00,87017.5,87043.1,86974.2,87043.1,140,1000,0
2025-06-23 16:10:00,87043.0,87071.6,86969.0,87013.8,143,1000,0
2025-06-23 16:20:00,87013.8,87038.7,86974.8,87038.7,169,1000,0
2025-06-23 16:30:00,87041.6,87169.1,86997.7,87140.7,237,1000,0
2025-06-23 16:40:00,87140.7,87461.0,87140.7,87415.2,221,1000,0
2025-06-23 16:50:00,87415.2,87489.8,87357.8,87386.2,122,1000,0
2025-06-23 17:00:00,87387.1,87438.0,87329.0,87360.9,193,1000,0
2025-06-23 17:10:00,87360.9,87525.9,87359.2,87525.9,264,1000,0
2025-06-23 17:20:00,87525.9,87615.0,87525.9,87606.6,232,1000,0
2025-06-23 17:30:00,87587.1,87626.6,87427.8,87484.7,253,1000,0
2025-06-23 17:40:00,87484.7,87689.7,87484.7,87632.5,180,1000,0
2025-06-23 17:50:00,87632.5,87658.0,87557.0,87634.6,183,1000,0
2025-06-23 18:00:00,87634.6,87775.6,87634.6,87707.4,195,1000,0
2025-06-23 18:10:00,87707.4,87724.1,87569.9,87600.5,198,1000,0
2025-06-23 18:20:00,87600.5,87604.4,87351.2,87351.2,165,1000,0
2025-06-24 09:30:00,88174.8,88427.7,88174.8,88404.7,232,1000,0
2025-06-24 09:40:00,88406.6,88483.3,88331.2,88416.7,116,1000,0
2025-06-24 09:50:00,88416.7,88514.6,88390.9,88500.0,139,1000,0
2025-06-24 10:00:00,88500.0,88552.9,88292.8,88445.9,319,1000,0
2025-06-24 10:10:00,88446.9,88567.2,88446.9,88474.3,351,1000,0
2025-06-24 10:20:00,88479.1,88556.3,88350.4,88371.8,497,1000,0
2025-06-24 10:30:00,88396.3,88556.5,88315.9,88538.8,379,1000,0
2025-06-24 10:40:00,88538.2,88547.6,88480.1,88487.3,268,1000,0
2025-06-24 10:50:00,88487.3,88505.4,88437.4,88494.8,335,1000,0
2025-06-24 11:00:00,88498.1,88534.3,88329.7,88339.0,358,1000,0
2025-06-24 11:10:00,88337.7,88380.1,88216.2,88378.2,329,1000,0
2025-06-24 11:20:00,88378.2,88410.9,88322.8,88387.8,254,1000,0
2025-06-24 11:30:00,88387.7,88431.2,88325.2,88403.2,210,1000,0
2025-06-24 11:40:00,88406.1,88408.1,88326.9,88372.6,321,1000,0
2025-06-24 11:50:00,88372.6,88393.4,88313.7,88369.0,303,1000,0
2025-06-24 12:00:00,88368.0,88432.5,88289.7,88304.4,267,1000,0
2025-06-24 12:10:00,88304.4,88324.8,88251.5,88259.6,274,1000,0
2025-06-24 12:20:00,88259.6,88335.1,88243.7,88254.1,258,1000,0
2025-06-24 12:30:00,88252.7,88263.7,88169.1,88209.1,196,1000,0
2025-06-24 12:40:00,88209.2,88209.2,88118.7,88188.2,170,1000,0
2025-06-24 12:50:00,88188.2,88210.6,88139.6,88184.1,184,1000,0
2025-06-24 13:00:00,88184.1,88188.5,88138.8,88184.3,175,1000,0
2025-06-24 13:10:00,88191.6,88243.0,88185.2,88237.3,154,1000,0
2025-06-24 13:20:00,88237.3,88291.6,88236.4,88250.6,146,1000,0
2025-06-24 13:30:00,88250.6,88281.0,88214.1,88266.8,129,1000,0
2025-06-24 13:40:00,88266.8,88351.2,88266.8,88317.2,150,1000,0
2025-06-24 13:50:00,88317.2,88429.7,88317.2,88402.7,163,1000,0
2025-06-24 14:00:00,88402.7,88430.7,88319.9,88319.9,158,1000,0
2025-06-24 14:10:00,88319.9,88319.9,88176.9,88182.0,166,1000,0
2025-06-24 14:20:00,88182.0,88272.5,88157.5,88261.9,169,1000,0
2025-06-24 14:30:00,88261.9,88277.8,88183.4,88250.1,201,1000,0
2025-06-24 14:40:00,88250.1,88250.1,88203.9,88228.2,181,1000,0
2025-06-24 14:50:00,88228.2,88271.1,88182.8,88271.1,158,1000,0
2025-06-24 15:00:00,88271.1,88271.1,88204.9,88213.7,183,1000,0
2025-06-24 15:10:00,88213.7,88233.3,88090.3,88104.2,227,1000,0
2025-06-24 15:20:00,88104.2,88156.0,88070.1,88139.3,167,1000,0
2025-06-24 15:30:00,88139.3,88139.3,88001.2,88019.4,233,1000,0
2025-06-24 15:40:00,88019.4,88039.2,87949.1,87970.1,208,1000,0
2025-06-24 15:50:00,87969.6,88021.0,87930.4,87954.8,267,1000,0
2025-06-24 16:00:00,87954.8,87975.8,87835.7,87844.0,271,1000,0
2025-06-24 16:10:00,87837.3,87945.9,87831.0,87937.1,295,1000,0
2025-06-24 16:20:00,87937.1,87973.3,87853.9,87919.6,329,1000,0
2025-06-24 16:30:00,87885.3,88006.2,87833.4,87925.9,353,1000,0
2025-06-24 16:40:00,87926.9,87997.9,87866.6,87976.2,372,1000,0
2025-06-24 16:50:00,87976.2,88000.4,87908.7,87944.9,327,1000,0
2025-06-24 17:00:00,87921.4,88210.2,87921.4,88150.4,402,1000,0
2025-06-24 17:10:00,88150.4,88234.5,88135.3,88180.0,361,1000,0
2025-06-24 17:20:00,88180.0,88298.2,88178.4,88295.8,334,1000,0
2025-06-24 17:30:00,88295.8,88408.2,88295.8,88334.2,332,1000,0
2025-06-24 17:40:00,88334.2,88437.0,88314.2,88426.0,268,1000,0
2025-06-24 17:50:00,88425.5,88499.8,88419.3,88429.2,189,1000,0
2025-06-24 18:00:00,88429.2,88430.1,88297.6,88372.3,155,1000,0
2025-06-24 18:10:00,88372.3,88496.1,88342.4,88495.6,251,1000,0
2025-06-24 18:20:00,88493.7,88609.7,88466.8,88551.3,184,1000,0
2025-06-25 09:30:00,88412.3,88759.0,88412.3,88751.2,114,1000,0
2025-06-25 09:40:00,88751.2,88793.5,88732.5,88746.4,54,1000,0
2025-06-25 09:50:00,88747.3,88749.0,88725.4,88734.3,37,1000,0
2025-06-25 10:00:00,88734.3,88738.2,88552.7,88673.6,153,1000,0
2025-06-25 10:10:00,88639.2,88796.4,88639.2,88757.8,213,1000,0
2025-06-25 10:20:00,88758.3,88955.5,88694.9,88916.8,311,1000,0
2025-06-25 10:30:00,88916.8,88948.4,88850.5,88850.5,302,1000,0
2025-06-25 10:40:00,88850.0,88937.6,88841.2,88884.1,239,1000,0
2025-06-25 10:50:00,88882.1,89017.4,88757.6,88764.8,296,1000,0
2025-06-25 11:00:00,88757.6,88801.2,88659.4,88690.8,262,1000,0
2025-06-25 11:10:00,88690.8,88715.2,88528.5,88529.5,300,1000,0
2025-06-25 11:20:00,88529.5,88533.0,88320.3,88324.2,245,1000,0
2025-06-25 11:30:00,88324.2,88324.2,88213.6,88243.9,253,1000,0
2025-06-25 11:40:00,88243.9,88254.6,88156.1,88198.7,268,1000,0
2025-06-25 11:50:00,88197.7,88240.8,88111.4,88168.3,195,1000,0
2025-06-25 12:00:00,88168.3,88205.0,88021.9,88022.6,299,1000,0
2025-06-25 12:10:00,88023.6,88070.6,87950.9,88065.5,275,1000,0
2025-06-25 12:20:00,88065.6,88098.6,88020.7,88087.9,318,1000,0
2025-06-25 12:30:00,88087.4,88138.3,88044.1,88074.0,253,1000,0
2025-06-25 12:40:00,88073.6,88088.0,87957.9,87967.7,315,1000,0
2025-06-25 12:50:00,87958.0,88007.0,87954.1,87978.5,240,1000,0
2025-06-25 13:00:00,87975.1,88035.3,87958.3,88022.1,265,1000,0
2025-06-25 13:10:00,88022.1,88022.8,87866.1,87869.6,201,1000,0
2025-06-25 13:20:00,87871.6,87897.5,87795.1,87831.1,288,1000,0
2025-06-25 13:30:00,87831.1,87867.8,87774.7,87784.9,229,1000,0
2025-06-25 13:40:00,87787.8,87810.0,87693.0,87750.5,230,1000,0
2025-06-25 13:50:00,87750.5,87751.9,87693.5,87695.0,207,1000,0
2025-06-25 14:00:00,87695.0,87743.8,87693.0,87712.2,184,1000,0
2025-06-25 14:10:00,87712.2,87732.6,87645.1,87719.7,222,1000,0
2025-06-25 14:20:00,87717.8,87730.8,87674.1,87708.6,131,1000,0
2025-06-25 14:30:00,87708.6,87807.3,87708.6,87734.5,144,1000,0
2025-06-25 14:40:00,87734.5,87782.5,87704.0,87756.7,157,1000,0
2025-06-25 14:50:00,87756.7,87852.0,87756.7,87793.8,148,1000,0
2025-06-25 15:00:00,87797.6,87798.6,87714.9,87727.3,162,1000,0
2025-06-25 15:10:00,87727.3,87780.4,87701.8,87723.3,136,1000,0
2025-06-25 15:20:00,87723.3,87771.7,87714.5,87741.1,125,1000,0
2025-06-25 15:30:00,87741.1,87742.1,87718.0,87718.1,89,1000,0
2025-06-25 15:40:00,87718.1,87721.1,87652.3,87655.5,166,1000,0
2025-06-25 15:50:00,87656.5,87658.4,87546.1,87573.2,190,1000,0
2025-06-25 16:00:00,87573.2,87624.1,87437.1,87456.9,262,1000,0
2025-06-25 16:10:00,87456.9,87480.5,87389.3,87460.5,206,1000,0
2025-06-25 16:20:00,87460.5,87522.3,87331.8,87457.6,190,1000,0
2025-06-25 16:30:00,87468.4,87693.1,87431.1,87635.0,407,1000,0
2025-06-25 16:40:00,87607.5,87801.4,87605.6,87765.8,293,1000,0
2025-06-25 16:50:00,87763.8,87809.8,87660.7,87797.2,248,1000,0
2025-06-25 17:00:00,87797.2,87810.4,87668.5,87728.1,198,1000,0
2025-06-25 17:10:00,87728.1,87800.8,87667.1,87730.9,180,1000,0
2025-06-25 17:20:00,87730.9,87765.3,87682.8,87739.6,173,1000,0
2025-06-25 17:30:00,87739.6,87806.9,87726.8,87801.3,255,1000,0
2025-06-25 17:40:00,87796.0,87908.1,87742.3,87853.4,271,1000,0
2025-06-25 17:50:00,87853.4,87854.3,87744.8,87828.0,238,1000,0
2025-06-25 18:00:00,87828.0,87930.1,87681.6,87681.6,261,1000,0
2025-06-25 18:10:00,87684.6,87684.6,87451.8,87451.8,155,1000,0
2025-06-25 18:20:00,87445.9,87525.6,87391.8,87463.7,211,1000,0
2025-06-26 09:30:00,87675.7,88169.2,87675.7,88137.8,113,1000,0
2025-06-26 09:40:00,88137.8,88218.5,88113.3,88161.3,67,1000,0
2025-06-26 09:50:00,88162.3,88224.4,88137.7,88184.1,57,1000,0
2025-06-26 10:00:00,88187.0,88463.2,88186.0,88392.0,227,1000,0
2025-06-26 10:10:00,88389.1,88553.5,88236.3,88514.4,471,1000,0
2025-06-26 10:20:00,88515.4,88619.4,88362.5,88362.5,303,1000,0
2025-06-26 10:30:00,88362.5,88607.6,88314.5,88603.7,182,1000,0
2025-06-26 10:40:00,88603.7,88641.6,88556.3,88632.3,207,1000,0
2025-06-26 10:50:00,88631.3,88656.6,88528.1,88544.0,165,1000,0
2025-06-26 11:00:00,88544.0,88606.5,88501.6,88504.9,156,1000,0
2025-06-26 11:10:00,88504.9,88628.3,88504.9,88579.1,186,1000,0
2025-06-26 11:20:00,88579.1,88679.6,88570.6,88626.6,175,1000,0
2025-06-26 11:30:00,88627.6,88646.2,88603.5,88621.6,206,1000,0
2025-06-26 11:40:00,88622.2,88713.4,88603.0,88693.4,172,1000,0
2025-06-26 11:50:00,88693.4,88712.1,88627.1,88646.5,193,1000,0
2025-06-26 12:00:00,88646.5,88704.9,88644.5,88693.6,94,1000,0
2025-06-26 12:10:00,88692.0,88748.0,88644.9,88694.3,240,1000,0
2025-06-26 12:20:00,88694.3,88723.2,88551.8,88580.8,166,1000,0
2025-06-26 12:30:00,88581.8,88660.5,88564.6,88575.4,159,1000,0
2025-06-26 12:40:00,88576.4,88581.1,88476.0,88539.3,182,1000,0
2025-06-26 12:50:00,88539.3,88588.1,88478.4,88485.4,197,1000,0
2025-06-26 13:00:00,88485.4,88585.9,88478.4,88557.0,209,1000,0
2025-06-26 13:10:00,88557.0,88590.8,88517.1,88521.7,193,1000,0
2025-06-26 13:20:00,88521.7,88553.9,88440.9,88442.3,182,1000,0
2025-06-26 13:30:00,88442.3,88560.5,88442.3,88509.7,183,1000,0
2025-06-26 13:40:00,88511.2,88541.8,88454.7,88525.5,135,1000,0
2025-06-26 13:50:00,88525.5,88536.6,88435.8,88505.9,101,1000,0
2025-06-26 14:00:00,88503.5,88576.6,88447.0,88575.7,145,1000,0
2025-06-26 14:10:00,88575.7,88585.4,88466.0,88531.2,123,1000,0
2025-06-26 14:20:00,88531.2,88533.3,88440.7,88529.0,126,1000,0
2025-06-26 14:30:00,88531.9,88637.1,88462.2,88537.1,119,1000,0
2025-06-26 14:40:00,88537.1,88587.8,88503.3,88523.2,122,1000,0
2025-06-26 14:50:00,88505.6,88593.5,88479.8,88577.2,129,1000,0
2025-06-26 15:00:00,88564.4,88620.5,88545.5,88551.3,127,1000,0
2025-06-26 15:10:00,88551.3,88632.1,88544.6,88606.9,127,1000,0
2025-06-26 15:20:00,88606.9,88643.3,88542.9,88579.0,148,1000,0
2025-06-26 15:30:00,88579.0,88666.7,88426.7,88440.5,182,1000,0
2025-06-26 15:40:00,88440.5,88512.8,88372.0,88403.3,169,1000,0
2025-06-26 15:50:00,88403.3,88434.5,88272.1,88310.3,216,1000,0
2025-06-26 16:00:00,88310.7,88310.7,88182.2,88182.2,306,1000,0
2025-06-26 16:10:00,88182.2,88186.2,87974.2,88011.7,402,1000,0
2025-06-26 16:20:00,88011.7,88065.5,87999.7,88017.8,318,1000,0
2025-06-26 16:30:00,88020.3,88027.1,87875.2,87923.9,319,1000,0
2025-06-26 16:40:00,87934.6,88090.4,87887.7,88050.5,243,1000,0
2025-06-26 16:50:00,88050.6,88241.2,88050.6,88179.2,210,1000,0
2025-06-26 17:00:00,88179.2,88197.6,88078.9,88180.0,155,1000,0
2025-06-26 17:10:00,88180.0,88415.6,88180.0,88350.7,213,1000,0
2025-06-26 17:20:00,88350.7,88360.5,88279.9,88315.4,150,1000,0
2025-06-26 17:30:00,88315.4,88424.8,88315.4,88360.0,173,1000,0
2025-06-26 17:40:00,88360.0,88388.2,88245.3,88296.3,157,1000,0
2025-06-26 17:50:00,88296.3,88427.0,88296.3,88361.3,233,1000,0
2025-06-26 18:00:00,88363.2,88784.9,88363.2,88661.1,283,1000,0
2025-06-26 18:10:00,88663.0,88725.8,88484.3,88492.2,158,1000,0
2025-06-26 18:20:00,88492.2,88511.9,88349.8,88355.8,137,1000,0
2025-06-27 09:30:00,88392.8,88564.8,88240.6,88250.4,67,1000,0
2025-06-27 09:40:00,88251.4,88391.0,88240.6,88318.4,88,1000,0
2025-06-27 09:50:00,88318.4,88372.4,88240.8,88240.9,50,1000,0
2025-06-27 10:00:00,88240.9,88358.8,88142.6,88274.7,250,1000,0
2025-06-27 10:10:00,88285.9,88285.9,88142.8,88222.6,237,1000,0
2025-06-27 10:20:00,88222.6,88359.7,88186.2,88198.8,241,1000,0
2025-06-27 10:30:00,88205.5,88241.4,88137.9,88238.5,319,1000,0
2025-06-27 10:40:00,88238.5,88249.2,88107.5,88178.0,218,1000,0
2025-06-27 10:50:00,88178.0,88273.1,88099.5,88171.4,271,1000,0
2025-06-27 11:00:00,88171.4,88232.1,88097.2,88130.5,225,1000,0
2025-06-27 11:10:00,88136.4,88209.0,88095.7,88110.8,241,1000,0
2025-06-27 11:20:00,88110.8,88141.1,88056.3,88062.1,192,1000,0
2025-06-27 11:30:00,88062.1,88179.1,88054.6,88106.4,182,1000,0
2025-06-27 11:40:00,88104.8,88249.7,88055.3,88242.4,202,1000,0
2025-06-27 11:50:00,88242.4,88242.4,88046.3,88119.6,230,1000,0
2025-06-27 12:00:00,88120.1,88191.2,88062.7,88191.2,165,1000,0
2025-06-27 12:10:00,88191.2,88256.4,88074.4,88101.3,206,1000,0
2025-06-27 12:20:00,88101.3,88108.2,88047.4,88052.9,189,1000,0
2025-06-27 12:30:00,88052.9,88137.6,88041.2,88124.9,167,1000,0
2025-06-27 12:40:00,88124.9,88178.9,88081.5,88109.0,153,1000,0
2025-06-27 12:50:00,88109.0,88113.2,88040.8,88066.9,195,1000,0
2025-06-27 13:00:00,88066.4,88094.0,88005.7,88073.5,181,1000,0
2025-06-27 13:10:00,88074.5,88110.7,88032.2,88074.8,222,1000,0
2025-06-27 13:20:00,88073.8,88088.0,87984.9,88052.1,148,1000,0
2025-06-27 13:30:00,88052.1,88191.6,88052.1,88191.6,121,1000,0
2025-06-27 13:40:00,88191.6,88284.8,88187.6,88283.4,185,1000,0
2025-06-27 13:50:00,88283.4,88287.1,88224.3,88278.4,97,1000,0
2025-06-27 14:00:00,88278.9,88355.4,88243.8,88254.3,201,1000,0
2025-06-27 14:10:00,88253.8,88272.4,88119.5,88142.4,166,1000,0
2025-06-27 14:20:00,88143.8,88193.8,88048.6,88087.9,257,1000,0
2025-06-27 14:30:00,88087.0,88209.0,88050.5,88207.5,288,1000,0
2025-06-27 14:40:00,88207.0,88253.5,88137.7,88137.7,191,1000,0
2025-06-27 14:50:00,88137.7,88140.5,88071.6,88130.1,204,1000,0
2025-06-27 15:00:00,88129.2,88140.8,88024.0,88072.2,167,1000,0
2025-06-27 15:10:00,88068.4,88071.2,87911.2,87992.0,143,1000,0
2025-06-27 15:20:00,87992.0,88045.3,87922.3,87946.9,188,1000,0
2025-06-27 15:30:00,87951.8,87963.6,87836.3,87872.5,223,1000,0
2025-06-27 15:40:00,87872.0,87928.7,87793.9,87840.0,257,1000,0
2025-06-27 15:50:00,87840.0,87883.4,87732.8,87750.4,216,1000,0
2025-06-27 16:00:00,87750.4,87829.5,87701.3,87813.4,215,1000,0
2025-06-27 16:10:00,87810.4,87910.8,87774.8,87904.9,257,1000,0
2025-06-27 16:20:00,87904.9,87954.5,87869.8,87896.3,201,1000,0
2025-06-27 16:30:00,87894.3,87903.3,87724.7,87816.4,368,1000,0
2025-06-27 16:40:00,87819.3,87909.3,87723.8,87869.6,356,1000,0
2025-06-27 16:50:00,87883.3,88019.6,87883.3,87922.2,248,1000,0
2025-06-27 17:00:00,87923.2,88112.6,87922.2,88095.4,305,1000,0
2025-06-27 17:10:00,88095.4,88110.2,87994.8,88016.4,230,1000,0
2025-06-27 17:20:00,88015.9,88081.4,87977.6,88033.4,253,1000,0
2025-06-27 17:30:00,88032.4,88050.4,87943.0,87943.9,232,1000,0
2025-06-27 17:40:00,87943.9,88026.8,87943.9,87992.6,374,1000,0
2025-06-27 17:50:00,88003.4,88141.4,87971.0,88133.6,149,1000,0
2025-06-27 18:00:00,88133.1,88208.2,88071.4,88097.9,147,1000,0
2025-06-27 18:10:00,88098.9,88177.5,88056.8,88136.4,118,1000,0
2025-06-27 18:20:00,88136.4,88141.3,88071.6,88095.2,88,1000,0
2025-06-30 09:30:00,88263.0,88693.0,88208.9,88678.8,83,1000,0
2025-06-30 09:40:00,88672.9,88674.8,88366.4,88373.3,73,1000,0
2025-06-30 09:50:00,88373.3,88534.6,88373.3,88475.6,53,1000,0
2025-06-30 10:00:00,88475.6,88588.7,88416.7,88557.4,192,1000,0
2025-06-30 10:10:00,88558.3,88654.9,88528.9,88638.5,248,1000,0
2025-06-30 10:20:00,88639.5,88659.9,88498.1,88647.5,283,1000,0
2025-06-30 10:30:00,88603.9,88675.8,88590.4,88667.4,279,1000,0
2025-06-30 10:40:00,88665.4,88721.9,88625.2,88689.2,268,1000,0
2025-06-30 10:50:00,88689.2,88696.2,88531.1,88613.1,229,1000,0
2025-06-30 11:00:00,88616.5,88719.5,88572.3,88647.5,222,1000,0
2025-06-30 11:10:00,88638.1,88758.5,88565.3,88723.1,184,1000,0
2025-06-30 11:20:00,88723.1,88746.3,88643.4,88732.7,206,1000,0
2025-06-30 11:30:00,88732.7,88770.1,88663.5,88742.5,198,1000,0
2025-06-30 11:40:00,88742.5,88768.9,88601.4,88678.9,194,1000,0
2025-06-30 11:50:00,88678.9,88775.7,88635.8,88750.6,215,1000,0
2025-06-30 12:00:00,88750.6,88861.0,88725.0,88847.2,283,1000,0
2025-06-30 12:10:00,88847.2,88928.5,88822.7,88925.6,261,1000,0
2025-06-30 12:20:00,88925.6,89057.2,88885.4,88899.6,329,1000,0
2025-06-30 12:30:00,88899.6,88993.7,88893.8,88938.9,206,1000,0
2025-06-30 12:40:00,88938.9,88986.1,88880.9,88943.3,134,1000,0
2025-06-30 12:50:00,88939.4,88955.0,88830.0,88853.6,196,1000,0
2025-06-30 13:00:00,88853.5,88940.0,88853.5,88898.5,131,1000,0
2025-06-30 13:10:00,88898.5,88974.2,88848.5,88848.5,98,1000,0
2025-06-30 13:20:00,88854.4,88946.3,88787.0,88792.6,130,1000,0
2025-06-30 13:30:00,88792.6,88987.7,88792.6,88949.3,117,1000,0
2025-06-30 13:40:00,88949.3,88977.1,88933.9,88939.8,82,1000,0
2025-06-30 13:50:00,88939.8,89019.5,88934.8,89001.8,98,1000,0
2025-06-30 14:00:00,89001.8,89017.5,88877.2,88895.7,197,1000,0
2025-06-30 14:10:00,88896.2,88917.8,88794.1,88796.5,132,1000,0
2025-06-30 14:20:00,88796.5,88828.7,88756.0,88828.2,150,1000,0
2025-06-30 14:30:00,88828.2,88840.5,88765.9,88837.4,117,1000,0
2025-06-30 14:40:00,88837.4,88845.6,88765.4,88786.0,140,1000,0
2025-06-30 14:50:00,88786.0,88882.9,88786.0,88882.9,191,1000,0
2025-06-30 15:00:00,88882.9,88986.5,88863.1,88986.5,168,1000,0
2025-06-30 15:10:00,88986.5,89064.0,88949.3,88985.9,223,1000,0
2025-06-30 15:20:00,88985.9,89015.0,88941.9,89005.8,195,1000,0
2025-06-30 15:30:00,89005.8,89041.0,88989.8,89033.0,162,1000,0
2025-06-30 15:40:00,89033.0,89042.2,88963.4,88963.4,162,1000,0
2025-06-30 15:50:00,88961.4,88974.5,88869.5,88880.3,135,1000,0
2025-06-30 16:00:00,88888.2,88956.9,88882.3,88956.9,195,1000,0
2025-06-30 16:10:00,88956.4,88956.4,88792.0,88792.0,189,1000,0
2025-06-30 16:20:00,88792.0,88854.6,88792.0,88812.4,197,1000,0
2025-06-30 16:30:00,88812.4,88812.4,88654.2,88715.0,215,1000,0
2025-06-30 16:40:00,88716.0,88793.7,88679.0,88756.8,240,1000,0
2025-06-30 16:50:00,88757.8,88764.8,88667.9,88695.8,150,1000,0
2025-06-30 17:00:00,88695.8,88730.3,88629.4,88665.5,271,1000,0
2025-06-30 17:10:00,88665.5,88741.1,88643.5,88739.4,171,1000,0
2025-06-30 17:20:00,88739.4,88798.0,88715.4,88752.8,160,1000,0
2025-06-30 17:30:00,88752.8,88887.3,88752.8,88882.0,216,1000,0
2025-06-30 17:40:00,88882.0,88930.9,88842.2,88908.6,235,1000,0
2025-06-30 17:50:00,88890.1,88908.6,88804.7,88843.0,256,1000,0
2025-06-30 18:00:00,88843.0,89069.1,88843.0,89022.0,339,1000,0
2025-06-30 18:10:00,89023.0,89073.6,88925.8,88965.2,131,1000,0
2025-06-30 18:20:00,88965.2,89058.6,88853.2,89058.6,97,1000,0
2025-07-01 09:30:00,89001.2,89030.7,88834.1,88853.9,84,1000,0
2025-07-01 09:40:00,88854.9,88982.8,88854.9,88969.1,91,1000,0
2025-07-01 09:50:00,88969.1,89058.5,88917.5,89051.3,148,1000,0
2025-07-01 10:00:00,89051.3,89123.1,88909.8,89078.0,273,1000,0
2025-07-01 10:10:00,89076.4,89292.9,88970.8,89205.6,288,1000,0
2025-07-01 10:20:00,89224.2,89502.8,89224.0,89487.5,335,1000,0
2025-07-01 10:30:00,89488.5,89650.8,89476.6,89563.4,330,1000,0
2025-07-01 10:40:00,89562.4,89664.1,89394.6,89394.7,290,1000,0
2025-07-01 10:50:00,89395.7,89395.7,89286.3,89372.2,232,1000,0
2025-07-01 11:00:00,89372.2,89435.6,89316.7,89356.4,277,1000,0
2025-07-01 11:10:00,89357.3,89443.5,89315.8,89443.5,294,1000,0
2025-07-01 11:20:00,89443.5,89495.7,89376.7,89451.5,334,1000,0
2025-07-01 11:30:00,89454.5,89541.6,89441.2,89524.7,265,1000,0
2025-07-01 11:40:00,89526.6,89526.6,89385.4,89385.4,321,1000,0
2025-07-01 11:50:00,89385.4,89403.2,89266.9,89269.4,188,1000,0
2025-07-01 12:00:00,89269.4,89325.0,89258.4,89317.1,100,1000,0
2025-07-01 12:10:00,89316.6,89363.9,89271.9,89361.1,99,1000,0
2025-07-01 12:20:00,89361.1,89364.5,89315.7,89315.8,133,1000,0
2025-07-01 12:30:00,89315.8,89395.0,89288.7,89352.7,121,1000,0
2025-07-01 12:40:00,89354.7,89363.7,89278.9,89284.0,95,1000,0
2025-07-01 12:50:00,89284.0,89357.2,89279.1,89313.3,121,1000,0
2025-07-01 13:00:00,89309.4,89355.4,89291.1,89347.3,126,1000,0
2025-07-01 13:10:00,89347.3,89372.0,89310.0,89358.3,141,1000,0
2025-07-01 13:20:00,89358.8,89365.3,89301.6,89312.1,131,1000,0
2025-07-01 13:30:00,89312.1,89371.9,89312.1,89332.1,90,1000,0
2025-07-01 13:40:00,89332.1,89352.3,89285.1,89307.1,177,1000,0
2025-07-01 13:50:00,89307.1,89365.7,89284.6,89324.4,144,1000,0
2025-07-01 14:00:00,89324.5,89394.2,89310.7,89325.4,130,1000,0
2025-07-01 14:10:00,89325.4,89371.4,89318.2,89340.9,107,1000,0
2025-07-01 14:20:00,89340.9,89384.4,89321.0,89362.7,177,1000,0
2025-07-01 14:30:00,89365.6,89371.9,89318.3,89333.5,121,1000,0
2025-07-01 14:40:00,89333.5,89356.7,89327.1,89347.8,79,1000,0
2025-07-01 14:50:00,89347.8,89368.2,89318.4,89367.7,163,1000,0
2025-07-01 15:00:00,89367.6,89372.9,89318.0,89366.5,150,1000,0
2025-07-01 15:10:00,89365.0,89378.5,89355.6,89366.3,111,1000,0
2025-07-01 15:20:00,89363.9,89380.9,89219.3,89230.2,190,1000,0
2025-07-01 15:30:00,89230.2,89298.9,89214.4,89296.6,133,1000,0
2025-07-01 15:40:00,89296.6,89354.6,89296.6,89338.8,110,1000,0
2025-07-01 15:50:00,89353.0,89409.8,89353.0,89377.9,148,1000,0
2025-07-01 16:00:00,89377.9,89418.0,89268.5,89305.4,157,1000,0
2025-07-01 16:10:00,89305.4,89305.9,89200.7,89201.2,164,1000,0
2025-07-01 16:20:00,89203.1,89237.1,89188.4,89206.2,100,1000,0
2025-07-01 16:30:00,89206.2,89278.2,89132.7,89134.0,177,1000,0
2025-07-01 16:40:00,89134.0,89205.3,89134.0,89160.3,227,1000,0
2025-07-01 16:50:00,89159.8,89205.1,89041.9,89064.5,234,1000,0
2025-07-01 17:00:00,89046.8,89161.6,89006.4,89134.7,321,1000,0
2025-07-01 17:10:00,89134.7,89213.5,89107.3,89114.5,225,1000,0
2025-07-01 17:20:00,89114.5,89179.8,89056.8,89143.9,304,1000,0
2025-07-01 17:30:00,89143.9,89209.0,89073.7,89103.2,172,1000,0
2025-07-01 17:40:00,89103.2,89145.9,89008.3,89123.8,238,1000,0
2025-07-01 17:50:00,89123.8,89269.9,89112.9,89260.6,175,1000,0
2025-07-01 18:00:00,89259.6,89271.8,89116.1,89176.2,170,1000,0
2025-07-01 18:10:00,89176.2,89177.2,89024.9,89107.5,112,1000,0
2025-07-01 18:20:00,89107.5,89197.5,89090.8,89197.5,132,1000,0
2025-07-02 09:30:00,89270.3,89574.2,89270.3,89441.4,160,1000,0
2025-07-02 09:40:00,89441.4,89480.9,89398.3,89460.3,51,1000,0
2025-07-02 09:50:00,89460.3,89460.3,89305.0,89430.0,67,1000,0
2025-07-02 10:00:00,89410.3,89487.0,89260.9,89285.5,327,1000,0
2025-07-02 10:10:00,89285.5,89290.5,88890.8,88892.7,371,1000,0
2025-07-02 10:20:00,88892.7,88963.0,88728.1,88734.7,297,1000,0
2025-07-02 10:30:00,88734.7,88737.6,88477.7,88531.1,319,1000,0
2025-07-02 10:40:00,88534.6,88554.4,88414.1,88526.0,320,1000,0
2025-07-02 10:50:00,88528.9,88533.4,88338.6,88364.6,333,1000,0
2025-07-02 11:00:00,88364.6,88410.5,88289.9,88347.2,308,1000,0
2025-07-02 11:10:00,88347.2,88468.0,88347.1,88442.6,312,1000,0
2025-07-02 11:20:00,88442.6,88524.7,88395.7,88524.7,291,1000,0
2025-07-02 11:30:00,88524.7,88836.2,88490.8,88823.2,332,1000,0
2025-07-02 11:40:00,88823.2,88844.6,88728.8,88742.0,167,1000,0
2025-07-02 11:50:00,88742.0,88746.9,88684.1,88742.5,165,1000,0
2025-07-02 12:00:00,88742.5,88795.6,88685.7,88755.3,190,1000,0
2025-07-02 12:10:00,88753.8,88779.8,88735.7,88752.8,179,1000,0
2025-07-02 12:20:00,88752.8,88806.7,88720.6,88768.1,296,1000,0
2025-07-02 12:30:00,88768.1,88799.2,88740.0,88788.0,321,1000,0
2025-07-02 12:40:00,88787.0,88908.8,88744.7,88852.1,301,1000,0
2025-07-02 12:50:00,88851.2,88890.4,88806.0,88843.8,256,1000,0
2025-07-02 13:00:00,88843.8,89008.7,88838.9,88871.3,273,1000,0
2025-07-02 13:10:00,88871.3,88931.3,88850.1,88885.9,171,1000,0
2025-07-02 13:20:00,88885.9,88979.4,88879.8,88934.2,144,1000,0
2025-07-02 13:30:00,88921.4,88970.1,88878.2,88963.8,127,1000,0
2025-07-02 13:40:00,88963.8,89000.8,88963.8,88976.2,166,1000,0
2025-07-02 13:50:00,88972.3,88972.3,88848.6,88860.4,223,1000,0
2025-07-02 14:00:00,88860.4,88946.6,88838.3,88920.7,271,1000,0
2025-07-02 14:10:00,88920.7,88942.1,88890.7,88929.9,320,1000,0
2025-07-02 14:20:00,88929.9,88957.5,88851.7,88886.4,244,1000,0
2025-07-02 14:30:00,88905.5,88991.7,88868.9,88939.4,392,1000,0
2025-07-02 14:40:00,88942.3,88991.3,88906.4,88921.2,432,1000,0
2025-07-02 14:50:00,88921.2,88929.4,88831.7,88853.2,461,1000,0
2025-07-02 15:00:00,88854.2,88876.8,88731.1,88731.1,447,1000,0
2025-07-02 15:10:00,88731.1,88746.6,88586.1,88599.4,460,1000,0
2025-07-02 15:20:00,88599.4,88668.3,88538.0,88633.3,474,1000,0
2025-07-02 15:30:00,88631.8,88645.1,88427.0,88450.3,534,1000,0
2025-07-02 15:40:00,88449.8,88456.9,88336.4,88397.1,404,1000,0
2025-07-02 15:50:00,88397.2,88546.5,88397.2,88546.2,365,1000,0
2025-07-02 16:00:00,88546.2,88546.2,88417.7,88510.9,327,1000,0
2025-07-02 16:10:00,88510.9,88640.8,88496.0,88630.2,262,1000,0
2025-07-02 16:20:00,88630.2,88643.6,88592.1,88612.1,115,1000,0
2025-07-02 16:30:00,88615.1,88683.4,88554.8,88582.0,372,1000,0
2025-07-02 16:40:00,88590.8,88676.8,88576.5,88616.7,229,1000,0
2025-07-02 16:50:00,88616.2,88634.5,88546.8,88577.8,249,1000,0
2025-07-02 17:00:00,88577.8,88594.6,88525.2,88542.0,196,1000,0
2025-07-02 17:10:00,88533.2,88648.0,88527.8,88631.9,247,1000,0
2025-07-02 17:20:00,88631.4,88716.8,88571.8,88711.6,237,1000,0
2025-07-02 17:30:00,88713.1,88745.1,88694.9,88730.4,287,1000,0
2025-07-02 17:40:00,88730.4,88761.7,88684.2,88730.0,301,1000,0
2025-07-02 17:50:00,88730.0,88859.0,88682.3,88809.9,258,1000,0
2025-07-02 18:00:00,88809.9,88861.5,88605.4,88651.6,232,1000,0
2025-07-02 18:10:00,88651.6,88750.6,88631.0,88742.2,128,1000,0
2025-07-02 18:20:00,88741.3,88807.7,88643.0,88645.0,141,1000,0
2025-07-03 09:30:00,88976.5,89049.3,88918.5,88987.5,78,1000,0
2025-07-03 09:40:00,88987.5,89134.2,88987.5,89081.1,86,1000,0
2025-07-03 09:50:00,89081.1,89208.4,89081.1,89185.3,68,1000,0
2025-07-03 10:00:00,89185.3,89317.2,89001.4,89118.5,288,1000,0
2025-07-03 10:10:00,89118.5,89130.4,88949.2,88987.0,274,1000,0
2025-07-03 10:20:00,88987.0,89233.8,88987.0,89233.8,218,1000,0
2025-07-03 10:30:00,89233.8,89326.3,89228.2,89314.6,189,1000,0
2025-07-03 10:40:00,89316.0,89365.5,89286.4,89357.1,202,1000,0
2025-07-03 10:50:00,89356.6,89434.4,89356.6,89418.9,173,1000,0
2025-07-03 11:00:00,89418.8,89451.5,89399.4,89435.7,156,1000,0
2025-07-03 11:10:00,89435.7,89510.1,89435.7,89495.7,183,1000,0
2025-07-03 11:20:00,89495.1,89526.9,89446.3,89506.1,195,1000,0
2025-07-03 11:30:00,89506.1,89536.4,89455.3,89499.9,138,1000,0
2025-07-03 11:40:00,89499.9,89508.5,89417.9,89501.1,180,1000,0
2025-07-03 11:50:00,89501.1,89531.7,89452.9,89476.8,170,1000,0
2025-07-03 12:00:00,89476.8,89476.9,89189.6,89279.5,243,1000,0
2025-07-03 12:10:00,89283.4,89409.9,89283.4,89368.7,147,1000,0
2025-07-03 12:20:00,89368.7,89379.7,89271.8,89328.2,136,1000,0
2025-07-03 12:30:00,89328.1,89379.0,89184.2,89185.2,140,1000,0
2025-07-03 12:40:00,89185.2,89252.7,89158.6,89223.6,132,1000,0
2025-07-03 12:50:00,89222.6,89259.1,89180.1,89259.1,89,1000,0
2025-07-03 13:00:00,89260.1,89327.9,89189.7,89242.9,102,1000,0
2025-07-03 13:10:00,89242.9,89259.5,89133.1,89153.4,115,1000,0
2025-07-03 13:20:00,89153.4,89250.2,89143.9,89223.9,90,1000,0
2025-07-03 13:30:00,89223.9,89296.5,89223.9,89288.2,77,1000,0
2025-07-03 13:40:00,89288.2,89362.8,89271.4,89362.8,74,1000,0
2025-07-03 13:50:00,89362.8,89370.7,89219.7,89233.4,111,1000,0
2025-07-03 14:00:00,89233.4,89286.6,89195.2,89198.1,86,1000,0
2025-07-03 14:10:00,89198.1,89251.3,89164.6,89251.2,88,1000,0
2025-07-03 14:20:00,89251.1,89263.9,89102.8,89121.1,122,1000,0
2025-07-03 14:30:00,89121.1,89159.5,89063.6,89136.8,100,1000,0
2025-07-03 14:40:00,89136.8,89163.1,89087.9,89113.5,83,1000,0
2025-07-03 14:50:00,89113.5,89248.0,89113.5,89155.1,110,1000,0
2025-07-03 15:00:00,89160.1,89375.0,89160.1,89321.1,160,1000,0
2025-07-03 15:10:00,89321.1,89344.7,89271.5,89271.5,146,1000,0
2025-07-03 15:20:00,89271.5,89284.3,89202.3,89255.0,190,1000,0
2025-07-03 15:30:00,89299.2,89299.2,88985.6,89022.0,224,1000,0
2025-07-03 15:40:00,89025.9,89130.4,88986.8,88986.9,178,1000,0
2025-07-03 15:50:00,88986.9,89208.2,88986.9,89169.9,167,1000,0
2025-07-03 16:00:00,89171.9,89253.8,89137.2,89206.7,113,1000,0
2025-07-03 16:10:00,89206.7,89226.1,89147.4,89211.8,115,1000,0
2025-07-03 16:20:00,89211.8,89220.7,89107.0,89181.5,117,1000,0
2025-07-03 16:30:00,89181.5,89326.0,89169.7,89309.3,234,1000,0
2025-07-03 16:40:00,89311.2,89390.3,89289.1,89355.8,245,1000,0
2025-07-03 16:50:00,89356.8,89379.4,89143.0,89268.9,200,1000,0
2025-07-03 17:00:00,89268.9,89293.2,89165.3,89244.7,174,1000,0
2025-07-03 17:10:00,89246.6,89261.3,89211.1,89259.6,119,1000,0
2025-07-03 17:20:00,89259.6,89284.5,89223.2,89251.9,163,1000,0
2025-07-03 17:30:00,89251.9,89312.8,89216.4,89218.3,184,1000,0
2025-07-03 17:40:00,89221.2,89273.7,89188.1,89250.0,205,1000,0
2025-07-03 17:50:00,89252.0,89258.9,89165.4,89184.2,175,1000,0
2025-07-03 18:00:00,89186.2,89249.7,89165.5,89235.5,151,1000,0
2025-07-03 18:10:00,89236.5,89401.9,89236.5,89391.5,215,1000,0
2025-07-03 18:20:00,89391.0,89529.4,89357.7,89488.7,235,1000,0
2025-07-04 09:30:00,89202.9,89202.9,88959.8,89142.0,76,1000,0
2025-07-04 09:40:00,89142.0,89227.7,89132.2,89189.3,65,1000,0
2025-07-04 09:50:00,89211.0,89241.6,89176.7,89221.0,58,1000,0
2025-07-04 10:00:00,89221.0,89233.8,89113.8,89167.0,229,1000,0
2025-07-04 10:10:00,89167.0,89180.8,89007.0,89047.5,219,1000,0
2025-07-04 10:20:00,89055.3,89069.0,88985.4,89012.9,193,1000,0
2025-07-04 10:30:00,89012.9,89028.5,88919.3,89028.5,207,1000,0
2025-07-04 10:40:00,89028.5,89185.9,88976.4,89185.9,193,1000,0
2025-07-04 10:50:00,89183.5,89256.0,89100.7,89170.1,207,1000,0
2025-07-04 11:00:00,89170.1,89278.2,89130.7,89217.3,180,1000,0
2025-07-04 11:10:00,89217.3,89272.0,89188.6,89188.6,109,1000,0
2025-07-04 11:20:00,89188.6,89188.6,89077.6,89078.1,98,1000,0
2025-07-04 11:30:00,89078.1,89117.3,89053.9,89117.3,66,1970,0
2025-07-04 11:40:00,89117.3,89216.3,89117.3,89194.0,110,1670,0
2025-07-04 11:50:00,89194.0,89265.2,89192.1,89262.5,109,1000,0
2025-07-04 12:00:00,89262.5,89281.8,89223.5,89257.5,134,1000,0
2025-07-04 12:10:00,89257.5,89264.8,89206.1,89231.9,201,1000,0
2025-07-04 12:20:00,89231.9,89242.9,89129.4,89242.0,116,1000,0
2025-07-04 12:30:00,89242.0,89248.0,89170.8,89241.2,102,1000,0
2025-07-04 12:40:00,89241.2,89300.5,89241.2,89253.7,147,1000,0
2025-07-04 12:50:00,89253.7,89282.1,89209.4,89227.0,111,1000,0
2025-07-04 13:00:00,89227.0,89237.8,89172.1,89211.0,108,1000,0
2025-07-04 13:10:00,89211.0,89232.2,89184.4,89211.7,62,1000,0
2025-07-04 13:20:00,89209.8,89235.3,89184.2,89235.3,75,1000,0
2025-07-04 13:30:00,89235.3,89296.3,89215.8,89250.4,105,1000,0
2025-07-04 13:40:00,89250.4,89250.4,89202.5,89217.5,90,1000,0
2025-07-04 13:50:00,89217.5,89238.1,89175.6,89181.0,219,1000,0
2025-07-04 14:00:00,89182.9,89220.3,89147.2,89167.7,155,1000,0
2025-07-04 14:10:00,89167.7,89182.8,89144.2,89164.6,111,1000,0
2025-07-04 14:20:00,89164.6,89196.9,89143.6,89176.0,119,1000,0
2025-07-04 14:30:00,89176.0,89207.7,89143.3,89200.7,186,1000,0
2025-07-04 14:40:00,89199.7,89226.8,89141.3,89144.6,203,1000,0
2025-07-04 14:50:00,89144.6,89173.5,89125.6,89135.1,132,1000,0
2025-07-04 15:00:00,89135.1,89172.7,89101.0,89145.0,158,1000,0
2025-07-04 15:10:00,89145.0,89161.6,89115.9,89128.6,67,1000,0
2025-07-04 15:20:00,89128.6,89169.5,89022.1,89042.6,118,1000,0
2025-07-04 15:30:00,89042.5,89120.8,89021.7,89024.9,109,1000,0
2025-07-04 15:40:00,89024.9,89083.0,89023.9,89060.4,105,1000,0
2025-07-04 15:50:00,89060.4,89095.1,89020.0,89020.9,78,1000,0
2025-07-04 16:00:00,89020.9,89040.8,88976.0,88998.3,72,1000,0
2025-07-04 16:10:00,88998.3,89087.1,88998.3,89059.1,110,1480,0
2025-07-04 16:20:00,89059.1,89148.5,89059.1,89131.6,96,1000,0
2025-07-04 16:30:00,89131.6,89247.2,89081.6,89194.2,175,1000,0
2025-07-04 16:40:00,89212.9,89320.4,89152.5,89204.7,241,1000,0
2025-07-04 16:50:00,89205.7,89255.5,89084.1,89155.0,202,1000,0
2025-07-04 17:00:00,89155.0,89230.7,89152.5,89230.7,57,1000,0
2025-07-04 17:10:00,89230.7,89372.2,89230.7,89372.2,114,1000,0
2025-07-04 17:20:00,89372.2,89423.8,89340.3,89342.2,124,1000,0
2025-07-04 17:30:00,89342.2,89377.6,89317.4,89336.2,157,1000,0
2025-07-04 17:40:00,89336.2,89420.9,89305.4,89306.4,178,1000,0
2025-07-04 17:50:00,89308.4,89407.4,89230.7,89368.5,134,1000,0
2025-07-04 18:00:00,89368.5,89412.3,89343.9,89375.6,87,1000,0
2025-07-04 18:10:00,89375.6,89392.3,89256.0,89304.8,95,1000,0
2025-07-04 18:20:00,89304.8,89312.3,89181.8,89312.3,91,1000,0
2025-07-07 09:30:00,89112.6,89122.4,89002.3,89104.0,42,1000,0
2025-07-07 09:40:00,89104.0,89114.9,89003.6,89003.6,46,1000,0
2025-07-07 09:50:00,89004.6,89102.1,88955.4,89063.7,80,2070,0
2025-07-07 10:00:00,89063.7,89169.1,88816.8,88818.8,153,1000,0
2025-07-07 10:10:00,88819.7,88921.4,88812.1,88863.8,132,1000,0
2025-07-07 10:20:00,88863.8,88889.6,88806.6,88806.6,150,1000,0
2025-07-07 10:30:00,88805.1,88816.0,88643.4,88766.7,190,1000,0
2025-07-07 10:40:00,88766.7,88892.7,88755.9,88891.1,135,1000,0
2025-07-07 10:50:00,88891.1,89003.8,88890.8,88962.5,143,1000,0
2025-07-07 11:00:00,88962.5,89064.2,88937.9,89031.9,208,1000,0
2025-07-07 11:10:00,89032.4,89038.8,88938.6,89009.2,183,1000,0
2025-07-07 11:20:00,89009.2,89134.8,88985.5,89069.9,158,1000,0
2025-07-07 11:30:00,89069.9,89200.6,89068.4,89188.0,127,1000,0
2025-07-07 11:40:00,89188.0,89236.7,89153.0,89196.7,147,1000,0
2025-07-07 11:50:00,89197.7,89223.0,89186.9,89214.7,165,1000,0
2025-07-07 12:00:00,89221.0,89328.3,89161.9,89300.9,154,1000,0
2025-07-07 12:10:00,89300.9,89432.0,89300.9,89428.0,188,1000,0
2025-07-07 12:20:00,89428.0,89530.2,89380.5,89529.3,155,1000,0
2025-07-07 12:30:00,89526.8,89553.4,89463.5,89500.1,226,1000,0
2025-07-07 12:40:00,89500.1,89530.5,89459.7,89497.7,161,1000,0
2025-07-07 12:50:00,89497.7,89498.0,89431.9,89451.5,118,1000,0
2025-07-07 13:00:00,89451.5,89456.4,89382.8,89384.0,124,1000,0
2025-07-07 13:10:00,89383.9,89405.9,89378.1,89391.2,67,1000,0
2025-07-07 13:20:00,89391.2,89422.3,89361.1,89395.3,67,1000,0
2025-07-07 13:30:00,89395.3,89411.7,89362.4,89367.2,77,1000,0
2025-07-07 13:40:00,89367.2,89478.5,89362.0,89468.7,99,1000,0
2025-07-07 13:50:00,89468.6,89488.2,89419.0,89488.2,202,1000,0
2025-07-07 14:00:00,89500.4,89538.8,89427.7,89486.2,202,1000,0
2025-07-07 14:10:00,89486.2,89508.1,89470.6,89506.0,79,1000,0
2025-07-07 14:20:00,89506.0,89534.8,89491.4,89501.0,111,1000,0
2025-07-07 14:30:00,89500.0,89518.6,89434.9,89494.1,96,1000,0
2025-07-07 14:40:00,89494.1,89549.4,89476.2,89511.3,78,1000,0
2025-07-07 14:50:00,89511.3,89556.6,89499.3,89512.2,98,1000,0
2025-07-07 15:00:00,89512.2,89574.0,89512.2,89521.7,112,1000,0
2025-07-07 15:10:00,89521.7,89523.7,89477.6,89509.3,91,1000,0
2025-07-07 15:20:00,89509.3,89532.3,89492.5,89498.4,63,1000,0
2025-07-07 15:30:00,89498.4,89605.6,89493.5,89562.7,112,1000,0
2025-07-07 15:40:00,89562.7,89572.6,89529.5,89551.6,91,1000,0
2025-07-07 15:50:00,89551.6,89566.4,89449.7,89495.2,114,1000,0
2025-07-07 16:00:00,89495.2,89514.9,89438.2,89438.2,112,1000,0
2025-07-07 16:10:00,89438.2,89464.8,89379.1,89398.8,115,1000,0
2025-07-07 16:20:00,89400.7,89454.1,89371.6,89453.2,109,1000,0
2025-07-07 16:30:00,89453.2,89501.0,89379.7,89472.0,185,1000,0
2025-07-07 16:40:00,89472.0,89570.3,89445.3,89542.1,215,1000,0
2025-07-07 16:50:00,89555.3,89593.6,89501.6,89585.3,225,1000,0
2025-07-07 17:00:00,89594.6,89653.1,89577.3,89612.6,203,1000,0
2025-07-07 17:10:00,89612.6,89614.2,89531.7,89535.7,164,1000,0
2025-07-07 17:20:00,89535.7,89597.4,89518.3,89591.2,149,1000,0
2025-07-07 17:30:00,89591.7,89632.3,89542.6,89601.7,146,1000,0
2025-07-07 17:40:00,89599.8,89614.4,89541.4,89590.9,235,1000,0
2025-07-07 17:50:00,89590.9,89692.1,89542.7,89675.3,263,1000,0
2025-07-07 18:00:00,89665.5,89692.5,89530.7,89541.6,163,1000,0
2025-07-07 18:10:00,89541.6,89557.8,89516.9,89536.8,123,1000,0
2025-07-07 18:20:00,89536.8,89642.7,89530.9,89587.1,84,1000,0
2025-07-08 09:30:00,89489.3,89738.8,89489.3,89675.9,102,1000,0
2025-07-08 09:40:00,89675.9,89770.9,89675.9,89705.6,87,1000,0
2025-07-08 09:50:00,89706.5,89831.5,89705.5,89800.0,48,1000,0
2025-07-08 10:00:00,89800.0,90019.7,89800.0,90003.0,237,1000,0
2025-07-08 10:10:00,90003.0,90109.0,89975.5,90097.1,203,1000,0
2025-07-08 10:20:00,90097.0,90107.2,89752.6,89777.7,175,1000,0
2025-07-08 10:30:00,89777.7,89792.5,89703.4,89763.0,193,1000,0
2025-07-08 10:40:00,89763.0,89831.2,89712.7,89799.8,189,1000,0
2025-07-08 10:50:00,89800.8,89857.3,89750.7,89764.7,142,1000,0
2025-07-08 11:00:00,89764.7,89815.5,89657.4,89702.5,177,1000,0
2025-07-08 11:10:00,89702.5,89844.4,89702.5,89801.9,147,1000,0
2025-07-08 11:20:00,89807.8,89813.5,89689.8,89708.6,95,1000,0
2025-07-08 11:30:00,89696.3,89787.2,89658.0,89771.5,142,1000,0
2025-07-08 11:40:00,89771.5,89787.8,89688.8,89782.9,129,1000,0
2025-07-08 11:50:00,89782.9,89938.3,89745.3,89925.4,169,1000,0
2025-07-08 12:00:00,89926.4,90036.1,89885.0,89986.0,173,1000,0
2025-07-08 12:10:00,89986.0,90003.9,89877.8,89883.4,131,1000,0
2025-07-08 12:20:00,89883.4,89995.3,89883.1,89977.4,119,1000,0
2025-07-08 12:30:00,89977.4,89994.0,89874.9,89883.4,167,1000,0
2025-07-08 12:40:00,89883.4,89961.0,89848.8,89852.8,122,1000,0
2025-07-08 12:50:00,89852.8,89854.7,89776.0,89776.1,179,1000,0
2025-07-08 13:00:00,89776.1,89859.6,89774.0,89780.8,206,1000,0
2025-07-08 13:10:00,89780.8,89830.4,89773.8,89822.9,129,1000,0
2025-07-08 13:20:00,89822.5,89911.1,89793.6,89903.7,193,1000,0
2025-07-08 13:30:00,89903.7,90002.0,89864.3,89971.4,163,1000,0
2025-07-08 13:40:00,89971.4,90056.0,89971.4,90014.7,180,1000,0
2025-07-08 13:50:00,90019.6,90083.2,90005.9,90083.2,143,1000,0
2025-07-08 14:00:00,90079.7,90104.1,89958.3,90000.9,125,1000,0
2025-07-08 14:10:00,90000.9,90111.4,89964.5,90089.6,139,1000,0
2025-07-08 14:20:00,90089.7,90132.0,90055.2,90057.3,87,1000,0
2025-07-08 14:30:00,90057.3,90106.2,90057.3,90071.4,129,1000,0
2025-07-08 14:40:00,90071.4,90087.2,90033.9,90062.3,136,1000,0
2025-07-08 14:50:00,90062.3,90088.9,90009.8,90014.9,99,1000,0
2025-07-08 15:00:00,90014.9,90061.5,89985.6,90061.5,96,1000,0
2025-07-08 15:10:00,90061.5,90091.6,90038.8,90061.1,128,1000,0
2025-07-08 15:20:00,90061.1,90085.0,90037.6,90085.0,99,1000,0
2025-07-08 15:30:00,90085.0,90140.7,90058.4,90114.0,84,1000,0
2025-07-08 15:40:00,90113.5,90124.4,90055.3,90071.9,99,1000,0
2025-07-08 15:50:00,90071.9,90139.5,90038.3,90139.5,98,1000,0
2025-07-08 16:00:00,90139.5,90149.7,90075.2,90110.2,108,1000,0
2025-07-08 16:10:00,90111.2,90157.2,90073.4,90137.0,152,1000,0
2025-07-08 16:20:00,90137.9,90153.0,90011.6,90023.4,174,1000,0
2025-07-08 16:30:00,90023.4,90025.3,89761.3,89818.1,238,1000,0
2025-07-08 16:40:00,89818.1,89848.7,89760.2,89794.8,271,1000,0
2025-07-08 16:50:00,89805.6,89896.2,89783.8,89810.8,256,1000,0
2025-07-08 17:00:00,89810.8,89861.9,89730.2,89750.6,248,1000,0
2025-07-08 17:10:00,89750.6,89754.4,89639.5,89673.5,279,1000,0
2025-07-08 17:20:00,89673.5,89691.9,89624.5,89683.6,238,1000,0
2025-07-08 17:30:00,89683.6,89685.4,89536.9,89536.9,285,1000,0
2025-07-08 17:40:00,89538.7,89550.6,89403.3,89487.4,253,1000,0
2025-07-08 17:50:00,89487.4,89648.9,89487.4,89611.5,236,1000,0
2025-07-08 18:00:00,89581.0,89835.5,89581.0,89797.7,149,1000,0
2025-07-08 18:10:00,89798.7,89808.6,89721.4,89780.1,130,1000,0
2025-07-08 18:20:00,89780.1,89814.7,89673.9,89692.1,104,1000,0
2025-07-09 09:30:00,89464.0,89838.2,89408.9,89822.5,88,1000,0
2025-07-09 09:40:00,89822.5,89900.3,89808.8,89808.9,64,1000,0
2025-07-09 09:50:00,89809.8,89873.4,89809.8,89825.7,59,1000,0
2025-07-09 10:00:00,89825.7,89882.8,89480.3,89480.3,312,1000,0
2025-07-09 10:10:00,89479.7,89507.9,89341.6,89444.8,319,1000,0
2025-07-09 10:20:00,89444.3,89499.3,89412.6,89478.3,325,1000,0
2025-07-09 10:30:00,89478.3,89597.9,89461.4,89565.4,304,1000,0
2025-07-09 10:40:00,89567.4,89756.7,89559.5,89756.7,384,1000,0
2025-07-09 10:50:00,89757.2,89841.2,89720.1,89728.0,341,1000,0
2025-07-09 11:00:00,89727.9,89819.7,89673.1,89688.8,325,1000,0
2025-07-09 11:10:00,89688.8,89769.4,89673.0,89740.2,222,1000,0
2025-07-09 11:20:00,89740.2,89755.8,89676.3,89738.1,234,1000,0
2025-07-09 11:30:00,89739.1,89760.2,89578.3,89580.8,212,1000,0
2025-07-09 11:40:00,89579.4,89599.6,89415.1,89421.6,355,1000,0
2025-07-09 11:50:00,89421.6,89538.4,89415.7,89533.2,226,1000,0
2025-07-09 12:00:00,89531.2,89534.8,89418.7,89508.7,264,1000,0
2025-07-09 12:10:00,89508.7,89595.8,89471.5,89568.8,238,1000,0
2025-07-09 12:20:00,89569.3,89637.5,89486.2,89615.5,163,1000,0
2025-07-09 12:30:00,89612.5,89705.0,89586.9,89698.4,160,1000,0
2025-07-09 12:40:00,89698.4,89702.8,89612.7,89633.7,139,1000,0
2025-07-09 12:50:00,89633.7,89634.6,89534.3,89540.2,199,1000,0
2025-07-09 13:00:00,89538.2,89578.5,89473.2,89547.9,186,1000,0
2025-07-09 13:10:00,89547.9,89552.2,89410.0,89410.0,285,1000,0
2025-07-09 13:20:00,89410.0,89417.8,89353.5,89353.9,134,1000,0
2025-07-09 13:30:00,89353.9,89379.4,89320.4,89371.7,166,1000,0
2025-07-09 13:40:00,89371.7,89403.8,89316.1,89318.9,222,1000,0
2025-07-09 13:50:00,89321.8,89532.5,89300.4,89384.1,231,1000,0
2025-07-09 14:00:00,89384.1,89430.4,89337.1,89362.7,166,1000,0
2025-07-09 14:10:00,89362.7,89383.8,89320.2,89353.7,199,1000,0
2025-07-09 14:20:00,89358.6,89434.5,89350.4,89374.0,240,1000,0
2025-07-09 14:30:00,89374.0,89420.2,89370.9,89381.5,189,1000,0
2025-07-09 14:40:00,89381.5,89381.5,89344.4,89364.1,173,1000,0
2025-07-09 14:50:00,89364.1,89389.8,89349.2,89379.7,132,1000,0
2025-07-09 15:00:00,89379.7,89384.0,89298.5,89299.7,124,1000,0
2025-07-09 15:10:00,89300.6,89372.9,89277.4,89340.7,190,1000,0
2025-07-09 15:20:00,89344.1,89358.7,89293.8,89293.8,114,1000,0
2025-07-09 15:30:00,89292.8,89313.7,89265.0,89311.6,138,1000,0
2025-07-09 15:40:00,89313.6,89364.8,89313.6,89355.4,131,1000,0
2025-07-09 15:50:00,89355.4,89373.5,89294.4,89294.9,156,1000,0
2025-07-09 16:00:00,89294.9,89309.1,89271.3,89291.3,204,1000,0
2025-07-09 16:10:00,89291.3,89472.0,89289.9,89449.4,241,1000,0
2025-07-09 16:20:00,89450.8,89450.8,89376.3,89411.7,193,1000,0
2025-07-09 16:30:00,89415.6,89434.7,89341.8,89364.6,247,1000,0
2025-07-09 16:40:00,89364.6,89474.9,89342.0,89450.7,244,1000,0
2025-07-09 16:50:00,89449.3,89508.5,89398.0,89471.7,316,1000,0
2025-07-09 17:00:00,89471.7,89505.2,89389.8,89504.2,228,1000,0
2025-07-09 17:10:00,89504.2,89553.2,89480.1,89525.1,232,1000,0
2025-07-09 17:20:00,89525.1,89547.2,89490.4,89532.7,269,1000,0
2025-07-09 17:30:00,89530.2,89534.7,89429.0,89465.0,265,1000,0
2025-07-09 17:40:00,89465.0,89473.3,89334.8,89410.2,311,1000,0
2025-07-09 17:50:00,89412.2,89498.9,89390.7,89464.5,143,1000,0
2025-07-09 18:00:00,89464.5,89545.8,89425.2,89523.8,121,1000,0
2025-07-09 18:10:00,89523.8,89588.3,89523.8,89567.2,124,1000,0
2025-07-09 18:20:00,89567.2,89592.4,89494.5,89572.3,79,1000,0
2025-07-10 09:30:00,89408.4,89905.7,89408.4,89859.5,120,1000,0
2025-07-10 09:40:00,89859.5,89864.8,89657.7,89754.3,91,1000,0
2025-07-10 09:50:00,89754.3,89778.0,89718.9,89732.7,54,1000,0
2025-07-10 10:00:00,89732.7,90083.4,89732.7,90083.4,292,1000,0
2025-07-10 10:10:00,90083.4,90102.9,89955.0,90080.8,253,1000,0
2025-07-10 10:20:00,90081.3,90213.6,90076.5,90138.1,244,1000,0
2025-07-10 10:30:00,90131.3,90181.5,90090.2,90174.2,235,1000,0
2025-07-10 10:40:00,90174.8,90433.2,90163.0,90397.8,306,1000,0
2025-07-10 10:50:00,90398.8,90407.0,90119.9,90122.7,236,1000,0
2025-07-10 11:00:00,90122.7,90259.6,90119.3,90194.1,224,1000,0
2025-07-10 11:10:00,90194.1,90195.7,90116.8,90116.8,151,1000,0
2025-07-10 11:20:00,90118.8,90151.4,90091.1,90132.6,209,1000,0
2025-07-10 11:30:00,90132.1,90134.1,90046.9,90076.2,180,1000,0
2025-07-10 11:40:00,90076.2,90182.7,90076.2,90136.2,111,1000,0
2025-07-10 11:50:00,90136.3,90138.7,90080.4,90102.4,119,1000,0
2025-07-10 12:00:00,90102.4,90180.6,90087.8,90180.6,105,1000,0
2025-07-10 12:10:00,90180.6,90257.7,90180.6,90257.7,71,1000,0
2025-07-10 12:20:00,90257.7,90270.4,90195.5,90229.1,136,1000,0
2025-07-10 12:30:00,90229.2,90234.2,90166.6,90190.6,129,1000,0
2025-07-10 12:40:00,90190.6,90228.6,90134.3,90142.6,120,1000,0
2025-07-10 12:50:00,90144.1,90220.0,90108.4,90192.7,122,1000,0
2025-07-10 13:00:00,90192.7,90216.7,90129.4,90145.5,94,1000,0
2025-07-10 13:10:00,90145.5,90202.2,90145.5,90171.3,101,1000,0
2025-07-10 13:20:00,90171.3,90220.3,90153.3,90166.3,115,1000,0
2025-07-10 13:30:00,90166.3,90237.4,90164.9,90167.9,122,1000,0
2025-07-10 13:40:00,90167.9,90221.2,90167.9,90215.8,63,1000,0
2025-07-10 13:50:00,90215.8,90231.8,90124.0,90127.9,82,1000,0
2025-07-10 14:00:00,90127.9,90127.9,90062.7,90083.9,122,1000,0
2025-07-10 14:10:00,90083.9,90132.4,90073.1,90077.7,75,1000,0
2025-07-10 14:20:00,90077.7,90109.0,90049.8,90079.9,116,1000,0
2025-07-10 14:30:00,90077.0,90127.9,90056.4,90056.4,166,1000,0
2025-07-10 14:40:00,90056.4,90075.9,90030.9,90062.8,99,1000,0
2025-07-10 14:50:00,90062.8,90064.6,89975.5,89991.4,197,1000,0
2025-07-10 15:00:00,89990.9,90012.7,89912.1,89912.1,168,1000,0
2025-07-10 15:10:00,89911.6,89927.7,89887.1,89899.0,221,1000,0
2025-07-10 15:20:00,89899.0,89929.8,89860.0,89929.8,114,1000,0
2025-07-10 15:30:00,89929.8,89942.7,89860.8,89888.8,131,1000,0
2025-07-10 15:40:00,89888.8,89901.3,89864.9,89875.4,116,1000,0
2025-07-10 15:50:00,89877.3,89887.8,89846.2,89852.7,113,1000,0
2025-07-10 16:00:00,89852.7,89874.4,89790.0,89812.6,176,1000,0
2025-07-10 16:10:00,89812.6,89812.7,89727.7,89740.9,211,1000,0
2025-07-10 16:20:00,89740.9,89766.8,89624.0,89719.9,187,1000,0
2025-07-10 16:30:00,89719.9,89793.7,89649.0,89755.5,204,1000,0
2025-07-10 16:40:00,89755.5,89764.3,89675.5,89680.0,204,1000,0
2025-07-10 16:50:00,89680.0,89700.7,89497.4,89526.5,279,1000,0
2025-07-10 17:00:00,89526.5,89592.0,89502.2,89535.3,247,1000,0
2025-07-10 17:10:00,89535.3,89567.8,89508.3,89516.0,240,1000,0
2025-07-10 17:20:00,89516.0,89544.8,89476.4,89502.3,191,1000,0
2025-07-10 17:30:00,89489.5,89585.4,89468.0,89562.1,221,1000,0
2025-07-10 17:40:00,89561.7,89609.0,89517.5,89578.4,180,1000,0
2025-07-10 17:50:00,89578.4,89623.2,89544.0,89590.4,88,1000,0
2025-07-10 18:00:00,89592.4,89817.5,89592.4,89711.7,95,1000,0
2025-07-10 18:10:00,89712.7,89720.6,89513.8,89521.7,96,1000,0
2025-07-10 18:20:00,89521.7,89686.3,89518.7,89650.9,107,1000,0
2025-07-11 09:30:00,89660.6,89806.4,89555.2,89648.9,145,1000,0
2025-07-11 09:40:00,89648.9,89754.5,89579.9,89720.0,156,1000,0
2025-07-11 09:50:00,89720.0,89785.0,89555.5,89566.4,104,1000,0
2025-07-11 10:00:00,89566.4,89797.9,89531.0,89543.9,248,1000,0
2025-07-11 10:10:00,89532.0,89537.0,89218.0,89335.2,262,1000,0
2025-07-11 10:20:00,89335.2,89388.9,89184.7,89277.3,316,1000,0
2025-07-11 10:30:00,89277.3,89393.1,89222.6,89367.4,286,1000,0
2025-07-11 10:40:00,89367.4,89369.2,89282.5,89298.4,202,1000,0
2025-07-11 10:50:00,89296.5,89450.1,89276.0,89313.4,251,1000,0
2025-07-11 11:00:00,89313.4,89344.1,89227.6,89258.1,240,1000,0
2025-07-11 11:10:00,89258.1,89369.6,89245.3,89335.0,214,1000,0
2025-07-11 11:20:00,89333.0,89418.9,89324.5,89329.9,166,1000,0
2025-07-11 11:30:00,89329.9,89334.8,89102.5,89156.7,217,1000,0
2025-07-11 11:40:00,89157.7,89162.1,89073.1,89138.1,246,1000,0
2025-07-11 11:50:00,89138.1,89138.1,88907.9,88959.2,221,1000,0
2025-07-11 12:00:00,88959.2,89027.1,88922.8,88956.2,234,1000,0
2025-07-11 12:10:00,88955.7,89092.6,88949.4,89088.1,222,1000,0
2025-07-11 12:20:00,89087.1,89100.2,89038.3,89046.4,210,1000,0
2025-07-11 12:30:00,89046.4,89161.4,89045.3,89139.2,187,1000,0
2025-07-11 12:40:00,89139.2,89139.2,89051.4,89077.5,151,1000,0
2025-07-11 12:50:00,89078.5,89089.8,89001.8,89019.6,208,1000,0
2025-07-11 13:00:00,89023.6,89065.1,88949.8,89065.1,227,1000,0
2025-07-11 13:10:00,89064.6,89105.9,88955.1,88956.2,185,1000,0
2025-07-11 13:20:00,88956.2,89037.4,88933.3,89037.4,180,1000,0
2025-07-11 13:30:00,89037.4,89072.3,88969.1,88999.4,175,1000,0
2025-07-11 13:40:00,89000.4,89136.6,89000.4,89091.9,164,1000,0
2025-07-11 13:50:00,89091.9,89135.2,89059.4,89105.2,185,1000,0
2025-07-11 14:00:00,89106.2,89139.2,89077.6,89135.4,144,1000,0
2025-07-11 14:10:00,89136.4,89175.1,89111.0,89116.0,142,1000,0
2025-07-11 14:20:00,89116.0,89172.0,89080.8,89148.1,159,1000,0
2025-07-11 14:30:00,89139.2,89212.9,89139.2,89212.9,144,1000,0
2025-07-11 14:40:00,89201.6,89266.0,89191.3,89257.7,191,1000,0
2025-07-11 14:50:00,89258.2,89301.5,89230.7,89288.7,211,1000,0
2025-07-11 15:00:00,89286.7,89306.0,89202.1,89203.2,186,1000,0
2025-07-11 15:10:00,89202.2,89234.0,89144.0,89195.8,252,1000,0
2025-07-11 15:20:00,89195.8,89227.2,89127.9,89180.8,238,1000,0
2025-07-11 15:30:00,89180.8,89314.2,89177.7,89298.4,172,1000,0
2025-07-11 15:40:00,89298.4,89369.7,89290.4,89362.4,210,1000,0
2025-07-11 15:50:00,89362.4,89478.3,89340.7,89468.0,222,1000,0
2025-07-11 16:00:00,89479.2,89523.2,89449.3,89454.2,197,1000,0
2025-07-11 16:10:00,89440.4,89462.0,89301.8,89307.6,148,1000,0
2025-07-11 16:20:00,89307.6,89337.9,89248.7,89327.0,189,1000,0
2025-07-11 16:30:00,89327.0,89478.6,89282.1,89303.6,289,1000,0
2025-07-11 16:40:00,89305.6,89313.4,89155.3,89176.6,266,1000,0
2025-07-11 16:50:00,89176.6,89304.3,89156.9,89238.7,320,1000,0
2025-07-11 17:00:00,89238.7,89344.7,89180.1,89287.8,305,1000,0
2025-07-11 17:10:00,89287.8,89357.1,89196.9,89256.4,229,1000,0
2025-07-11 17:20:00,89256.4,89365.5,89254.0,89361.5,140,1000,0
2025-07-11 17:30:00,89361.5,89478.7,89328.2,89438.8,191,1000,0
2025-07-11 17:40:00,89438.8,89526.7,89417.9,89510.0,284,1000,0
2025-07-11 17:50:00,89510.0,89524.2,89335.0,89386.9,194,1000,0
2025-07-11 18:00:00,89389.8,89462.8,89345.0,89385.0,116,1000,0
2025-07-11 18:10:00,89385.0,89429.4,89215.5,89229.4,123,1000,0
2025-07-11 18:20:00,89229.4,89279.7,89193.9,89195.0,101,1000,0
2025-07-14 09:30:00,89209.2,89340.4,89148.3,89169.1,75,1000,0
2025-07-14 09:40:00,89169.1,89172.1,89049.8,89151.4,40,1680,0
2025-07-14 09:50:00,89151.5,89231.9,89094.3,89106.2,59,1000,0
2025-07-14 10:00:00,89106.2,89315.4,89091.4,89307.6,277,1000,0
2025-07-14 10:10:00,89311.9,89524.0,89285.9,89422.2,351,1000,0
2025-07-14 10:20:00,89422.2,89490.0,89396.0,89449.7,219,1000,0
2025-07-14 10:30:00,89448.2,89495.1,89373.5,89401.3,229,1000,0
2025-07-14 10:40:00,89401.3,89401.3,89292.8,89333.2,211,1000,0
2025-07-14 10:50:00,89333.2,89360.3,89175.6,89360.3,289,1000,0
2025-07-14 11:00:00,89360.3,89360.3,89243.4,89356.5,268,1000,0
2025-07-14 11:10:00,89343.7,89489.5,89318.0,89448.3,178,1000,0
2025-07-14 11:20:00,89448.3,89563.9,89409.9,89552.1,187,1000,0
2025-07-14 11:30:00,89552.1,89565.8,89470.3,89471.3,218,1000,0
2025-07-14 11:40:00,89471.3,89489.3,89342.3,89345.3,158,1000,0
2025-07-14 11:50:00,89345.3,89363.5,89176.0,89217.4,199,1000,0
2025-07-14 12:00:00,89216.4,89368.0,89210.7,89368.0,240,1000,0
2025-07-14 12:10:00,89368.0,89439.9,89316.4,89429.4,214,1000,0
2025-07-14 12:20:00,89429.4,89429.4,89323.7,89329.1,327,1000,0
2025-07-14 12:30:00,89329.1,89366.3,89321.4,89337.2,244,1000,0
2025-07-14 12:40:00,89338.1,89345.8,89257.6,89306.6,133,1000,0
2025-07-14 12:50:00,89266.2,89312.0,89254.5,89268.3,202,1000,0
2025-07-14 13:00:00,89268.2,89324.7,89253.7,89309.8,171,1000,0
2025-07-14 13:10:00,89311.2,89391.7,89311.2,89384.2,187,1000,0
2025-07-14 13:20:00,89384.2,89393.9,89311.1,89326.9,183,1000,0
2025-07-14 13:30:00,89325.4,89332.8,89239.0,89296.4,137,1000,0
2025-07-14 13:40:00,89296.4,89296.4,89211.5,89229.7,148,1000,0
2025-07-14 13:50:00,89229.7,89261.4,89211.2,89226.5,151,1000,0
2025-07-14 14:00:00,89227.5,89259.0,89184.4,89223.9,170,1000,0
2025-07-14 14:10:00,89223.9,89236.1,89199.3,89220.6,150,1000,0
2025-07-14 14:20:00,89198.9,89223.7,89183.6,89204.7,108,1000,0
2025-07-14 14:30:00,89204.7,89272.6,89204.2,89266.2,140,1000,0
2025-07-14 14:40:00,89260.3,89272.8,89227.2,89244.9,131,1000,0
2025-07-14 14:50:00,89244.9,89294.3,89216.2,89269.6,139,1000,0
2025-07-14 15:00:00,89261.7,89272.6,89178.9,89183.4,137,1000,0
2025-07-14 15:10:00,89183.4,89183.4,89059.6,89076.1,195,1000,0
2025-07-14 15:20:00,89079.5,89095.4,88954.5,89007.6,190,1000,0
2025-07-14 15:30:00,89013.5,89079.5,88948.4,89005.2,155,1000,0
2025-07-14 15:40:00,89005.2,89008.0,88962.9,88977.2,135,1000,0
2025-07-14 15:50:00,88980.1,89008.6,88929.4,88982.9,185,1000,0
2025-07-14 16:00:00,88982.9,89104.2,88982.9,89054.4,166,1000,0
2025-07-14 16:10:00,89054.4,89129.8,89005.8,89056.9,128,1000,0
2025-07-14 16:20:00,89056.9,89086.4,89004.2,89022.8,113,1000,0
2025-07-14 16:30:00,89022.7,89155.0,88975.6,89114.6,275,1000,0
2025-07-14 16:40:00,89115.6,89204.0,89074.4,89152.3,217,1000,0
2025-07-14 16:50:00,89152.3,89183.7,89073.9,89097.5,130,1000,0
2025-07-14 17:00:00,89097.5,89131.7,89073.8,89089.6,141,1000,0
2025-07-14 17:10:00,89089.6,89103.4,88994.9,89020.7,131,1000,0
2025-07-14 17:20:00,89020.7,89072.3,88935.2,89065.5,192,1000,0
2025-07-14 17:30:00,89065.5,89077.3,89028.9,89033.1,200,1000,0
2025-07-14 17:40:00,89033.1,89189.4,89030.5,89056.1,156,1000,0
2025-07-14 17:50:00,89055.6,89075.8,88943.3,88979.9,195,1000,0
2025-07-14 18:00:00,88980.8,89167.3,88980.8,89096.3,114,1000,0
2025-07-14 18:10:00,89096.3,89117.1,88973.6,88973.6,241,1000,0
2025-07-14 18:20:00,88977.1,89122.2,88962.8,89071.0,159,1000,0
2025-07-15 09:30:00,89330.7,89576.3,89324.9,89367.3,114,1000,0
2025-07-15 09:40:00,89367.3,89441.4,89325.9,89386.2,62,1480,0
2025-07-15 09:50:00,89386.2,89487.8,89321.2,89336.1,76,1000,0
2025-07-15 10:00:00,89337.0,89634.0,89337.0,89620.2,256,1000,0
2025-07-15 10:10:00,89620.2,89737.4,89529.5,89668.4,199,1000,0
2025-07-15 10:20:00,89668.4,89727.9,89660.2,89690.7,179,1000,0
2025-07-15 10:30:00,89692.6,89769.9,89636.1,89698.3,167,1000,0
2025-07-15 10:40:00,89698.3,89803.2,89664.0,89742.6,214,1000,0
2025-07-15 10:50:00,89742.6,89875.9,89736.5,89824.5,202,1000,0
2025-07-15 11:00:00,89828.4,89864.1,89716.5,89735.6,194,1000,0
2025-07-15 11:10:00,89735.6,89820.2,89723.0,89741.1,191,1000,0
2025-07-15 11:20:00,89742.1,89771.2,89674.9,89716.9,156,1000,0
2025-07-15 11:30:00,89716.8,89721.8,89623.3,89678.6,143,1000,0
2025-07-15 11:40:00,89678.6,89706.6,89645.2,89655.6,90,1000,0
2025-07-15 11:50:00,89655.5,89684.7,89636.2,89674.8,104,1000,0
2025-07-15 12:00:00,89674.8,89717.2,89642.9,89675.5,94,1000,0
2025-07-15 12:10:00,89675.5,89707.7,89657.8,89665.7,77,1000,0
2025-07-15 12:20:00,89665.7,89704.0,89660.8,89676.6,75,1000,0
2025-07-15 12:30:00,89676.6,89689.8,89632.0,89648.4,120,1000,0
2025-07-15 12:40:00,89648.4,89684.1,89619.4,89672.7,95,1000,0
2025-07-15 12:50:00,89672.7,89706.3,89628.7,89684.3,118,1000,0
2025-07-15 13:00:00,89689.2,89719.9,89660.1,89715.7,129,1000,0
2025-07-15 13:10:00,89715.7,89748.7,89691.1,89747.8,148,1000,0
2025-07-15 13:20:00,89747.8,89800.6,89666.1,89688.7,158,1000,0
2025-07-15 13:30:00,89688.6,89754.9,89688.6,89754.9,152,1000,0
2025-07-15 13:40:00,89754.9,89758.1,89721.5,89731.4,119,1000,0
2025-07-15 13:50:00,89730.5,89786.9,89721.7,89783.0,159,1000,0
2025-07-15 14:00:00,89783.0,89783.9,89721.1,89722.0,138,1000,0
2025-07-15 14:10:00,89722.0,89863.2,89704.2,89774.6,210,1000,0
2025-07-15 14:20:00,89774.6,89778.5,89646.6,89650.3,188,1000,0
2025-07-15 14:30:00,89650.3,89674.6,89584.6,89586.0,164,1000,0
2025-07-15 14:40:00,89586.0,89598.8,89533.7,89583.6,104,1000,0
2025-07-15 14:50:00,89583.6,89613.1,89567.2,89567.2,97,1000,0
2025-07-15 15:00:00,89567.2,89576.4,89532.7,89554.5,71,1000,0
2025-07-15 15:10:00,89554.4,89587.9,89548.4,89558.1,93,1000,0
2025-07-15 15:20:00,89558.1,89594.3,89555.7,89572.7,110,1000,0
2025-07-15 15:30:00,89572.7,89652.4,89571.9,89611.8,135,1000,0
2025-07-15 15:40:00,89612.8,89638.5,89556.5,89582.3,131,1000,0
2025-07-15 15:50:00,89582.4,89735.7,89582.4,89709.9,172,1000,0
2025-07-15 16:00:00,89709.9,89728.8,89670.6,89678.4,104,1000,0
2025-07-15 16:10:00,89678.4,89713.8,89639.7,89690.9,100,1000,0
2025-07-15 16:20:00,89691.9,89731.8,89656.8,89669.7,182,1000,0
2025-07-15 16:30:00,89661.3,89662.8,89351.4,89391.6,378,1000,0
2025-07-15 16:40:00,89391.6,89414.8,89267.5,89310.7,338,1000,0
2025-07-15 16:50:00,89310.7,89365.1,89259.2,89351.6,214,1000,0
2025-07-15 17:00:00,89352.6,89382.0,89255.8,89308.6,247,1000,0
2025-07-15 17:10:00,89302.7,89319.6,89220.0,89244.6,255,1000,0
2025-07-15 17:20:00,89240.2,89282.1,89202.0,89250.0,295,1000,0
2025-07-15 17:30:00,89250.0,89307.1,89226.8,89300.7,333,1000,0
2025-07-15 17:40:00,89300.7,89352.8,89277.4,89284.4,295,1000,0
2025-07-15 17:50:00,89281.5,89281.5,89135.5,89248.1,248,1000,0
2025-07-15 18:00:00,89248.1,89358.1,89194.9,89272.9,199,1000,0
2025-07-15 18:10:00,89272.9,89272.9,89117.1,89160.6,98,1000,0
2025-07-15 18:20:00,89160.6,89176.3,89032.5,89032.5,145,1000,0
2025-07-16 09:30:00,88860.3,88962.9,88850.4,88897.9,115,1000,0
2025-07-16 09:40:00,88897.9,88944.3,88845.8,88917.8,81,1000,0
2025-07-16 09:50:00,88918.8,88966.2,88845.8,88945.5,64,1000,0
2025-07-16 10:00:00,88945.5,88998.8,88657.6,88734.6,539,1000,0
2025-07-16 10:10:00,88742.5,89014.8,88669.5,88997.2,497,1000,0
2025-07-16 10:20:00,89003.1,89048.0,88945.2,88958.2,372,1000,0
2025-07-16 10:30:00,88960.2,88960.2,88774.2,88788.5,398,1000,0
2025-07-16 10:40:00,88793.4,88800.4,88735.2,88770.5,294,1000,0
2025-07-16 10:50:00,88771.6,88799.6,88761.0,88791.3,251,1000,0
2025-07-16 11:00:00,88791.3,89034.7,88782.6,89024.0,343,1000,0
2025-07-16 11:10:00,89024.0,89088.7,88992.5,89088.7,280,1000,0
2025-07-16 11:20:00,89089.2,89141.3,89068.7,89094.1,238,1000,0
2025-07-16 11:30:00,89094.1,89115.7,89041.1,89094.0,240,1000,0
2025-07-16 11:40:00,89094.0,89186.9,89093.6,89167.8,235,1000,0
2025-07-16 11:50:00,89178.6,89249.0,89116.5,89116.5,212,1000,0
2025-07-16 12:00:00,89116.5,89164.8,89106.9,89127.9,239,1000,0
2025-07-16 12:10:00,89126.0,89209.8,89126.0,89209.8,257,1000,0
2025-07-16 12:20:00,89209.8,89217.2,89154.6,89190.7,184,1000,0
2025-07-16 12:30:00,89190.8,89191.5,89083.4,89165.4,230,1000,0
2025-07-16 12:40:00,89165.4,89218.8,89151.9,89211.9,214,1000,0
2025-07-16 12:50:00,89208.9,89281.9,89192.2,89263.1,193,1000,0
2025-07-16 13:00:00,89268.0,89274.3,89175.1,89176.5,205,1000,0
2025-07-16 13:10:00,89176.5,89187.8,89135.1,89158.1,173,1000,0
2025-07-16 13:20:00,89158.1,89259.7,89158.1,89239.9,170,1000,0
2025-07-16 13:30:00,89239.9,89246.3,89194.0,89237.0,175,1000,0
2025-07-16 13:40:00,89237.0,89291.5,89233.8,89267.4,148,1000,0
2025-07-16 13:50:00,89267.4,89290.8,89229.0,89243.5,164,1000,0
2025-07-16 14:00:00,89226.7,89258.5,89196.4,89222.0,195,1000,0
2025-07-16 14:10:00,89222.0,89289.5,89211.4,89264.3,125,1000,0
2025-07-16 14:20:00,89264.3,89274.5,89193.9,89256.6,155,1000,0
2025-07-16 14:30:00,89256.6,89291.8,89221.6,89289.8,160,1000,0
2025-07-16 14:40:00,89291.3,89359.5,89291.3,89327.2,178,1000,0
2025-07-16 14:50:00,89328.2,89365.5,89316.5,89365.5,168,1000,0
2025-07-16 15:00:00,89365.5,89368.6,89311.0,89365.7,154,1000,0
2025-07-16 15:10:00,89366.2,89395.2,89336.9,89354.9,116,1000,0
2025-07-16 15:20:00,89354.9,89393.5,89333.4,89341.2,178,1000,0
2025-07-16 15:30:00,89341.2,89417.7,89333.2,89406.7,183,1000,0
2025-07-16 15:40:00,89406.7,89417.0,89357.7,89358.6,150,1000,0
2025-07-16 15:50:00,89358.6,89373.4,89304.2,89339.4,159,1000,0
2025-07-16 16:00:00,89342.4,89425.3,89342.4,89403.7,138,1000,0
2025-07-16 16:10:00,89403.7,89437.0,89334.0,89357.4,156,1000,0
2025-07-16 16:20:00,89357.4,89417.6,89350.5,89416.7,187,1000,0
2025-07-16 16:30:00,89403.5,89411.9,89222.0,89283.7,323,1000,0
2025-07-16 16:40:00,89283.7,89361.7,89266.3,89272.2,269,1000,0
2025-07-16 16:50:00,89273.2,89288.9,89157.9,89261.7,220,1000,0
2025-07-16 17:00:00,89261.7,89354.0,89242.0,89292.3,235,1000,0
2025-07-16 17:10:00,89292.3,89315.0,89157.9,89174.9,249,1000,0
2025-07-16 17:20:00,89173.0,89236.2,89168.0,89208.4,262,1000,0
2025-07-16 17:30:00,89208.4,89231.8,89120.0,89202.0,252,1000,0
2025-07-16 17:40:00,89202.0,89280.3,89159.7,89272.4,244,1000,0
2025-07-16 17:50:00,89272.4,89319.4,89169.8,89310.6,337,1000,0
2025-07-16 18:00:00,89311.5,89385.6,89276.1,89276.1,149,1000,0
2025-07-16 18:10:00,89276.1,89369.9,89276.1,89320.7,95,1000,0
2025-07-16 18:20:00,89320.7,89365.2,89294.1,89357.3,155,1000,0
2025-07-17 09:30:00,89412.2,89626.9,89358.0,89451.9,103,1000,0
2025-07-17 09:40:00,89451.9,89486.7,89367.9,89413.3,83,1000,0
2025-07-17 09:50:00,89413.3,89501.4,89413.3,89462.0,77,1000,0
2025-07-17 10:00:00,89462.0,89568.1,89324.9,89379.2,338,1000,0
2025-07-17 10:10:00,89379.7,89408.3,89268.3,89314.9,401,1000,0
2025-07-17 10:20:00,89270.5,89307.4,89217.9,89243.6,421,1000,0
2025-07-17 10:30:00,89244.1,89513.5,89232.1,89498.8,324,1000,0
2025-07-17 10:40:00,89498.8,89615.8,89469.4,89498.8,270,1000,0
2025-07-17 10:50:00,89498.8,89518.7,89466.0,89477.0,143,1000,0
2025-07-17 11:00:00,89477.0,89497.7,89417.0,89486.9,183,1000,0
2025-07-17 11:10:00,89486.9,89533.1,89387.7,89388.8,130,1000,0
2025-07-17 11:20:00,89388.8,89530.7,89388.8,89530.7,127,1000,0
2025-07-17 11:30:00,89511.9,89538.7,89437.0,89461.8,127,1000,0
2025-07-17 11:40:00,89461.8,89497.6,89413.1,89497.6,172,1000,0
2025-07-17 11:50:00,89497.6,89537.2,89497.6,89516.9,166,1000,0
2025-07-17 12:00:00,89516.9,89543.0,89497.8,89502.0,158,1000,0
2025-07-17 12:10:00,89502.0,89552.8,89499.6,89543.1,121,1000,0
2025-07-17 12:20:00,89543.1,89602.7,89534.4,89572.7,126,1000,0
2025-07-17 12:30:00,89572.7,89591.7,89520.5,89565.4,149,1000,0
2025-07-17 12:40:00,89566.4,89582.2,89519.4,89533.2,104,1000,0
2025-07-17 12:50:00,89533.2,89562.7,89486.1,89527.1,199,1000,0
2025-07-17 13:00:00,89527.1,89581.0,89509.3,89537.4,133,1000,0
2025-07-17 13:10:00,89537.4,89552.5,89478.3,89521.0,140,1000,0
2025-07-17 13:20:00,89520.0,89525.9,89391.8,89407.1,212,1000,0
2025-07-17 13:30:00,89407.1,89471.4,89388.2,89471.4,192,1000,0
2025-07-17 13:40:00,89471.4,89516.9,89420.3,89483.0,233,1000,0
2025-07-17 13:50:00,89483.0,89497.0,89424.0,89438.6,113,1000,0
2025-07-17 14:00:00,89440.6,89452.5,89396.2,89442.5,161,1000,0
2025-07-17 14:10:00,89442.5,89468.4,89374.9,89419.5,200,1000,0
2025-07-17 14:20:00,89420.0,89511.5,89411.7,89466.4,182,1000,0
2025-07-17 14:30:00,89466.4,89536.5,89466.4,89498.7,121,1000,0
2025-07-17 14:40:00,89498.7,89530.3,89437.7,89439.7,158,1000,0
2025-07-17 14:50:00,89439.7,89464.8,89415.1,89442.6,151,1000,0
2025-07-17 15:00:00,89442.6,89513.7,89439.6,89479.0,160,1000,0
2025-07-17 15:10:00,89479.0,89498.3,89435.4,89438.5,114,1000,0
2025-07-17 15:20:00,89439.9,89535.5,89405.9,89514.3,136,1000,0
2025-07-17 15:30:00,89513.3,89515.2,89370.7,89379.9,145,1000,0
2025-07-17 15:40:00,89379.9,89395.6,89244.4,89342.1,132,1000,0
2025-07-17 15:50:00,89342.1,89348.9,89247.6,89300.6,162,1000,0
2025-07-17 16:00:00,89300.6,89366.3,89284.3,89296.2,143,1000,0
2025-07-17 16:10:00,89296.2,89407.6,89296.2,89384.3,124,1000,0
2025-07-17 16:20:00,89411.9,89422.1,89368.9,89390.9,181,1000,0
2025-07-17 16:30:00,89386.9,89420.9,89294.7,89395.1,185,1000,0
2025-07-17 16:40:00,89395.1,89479.3,89352.7,89475.4,202,1000,0
2025-07-17 16:50:00,89478.3,89517.9,89394.8,89495.4,254,1000,0
2025-07-17 17:00:00,89496.0,89612.0,89474.3,89598.0,190,1000,0
2025-07-17 17:10:00,89598.0,89652.0,89473.1,89567.8,190,1000,0
2025-07-17 17:20:00,89567.8,89567.8,89473.8,89512.1,171,1000,0
2025-07-17 17:30:00,89512.1,89584.1,89487.6,89516.1,250,1000,0
2025-07-17 17:40:00,89516.1,89608.1,89475.3,89552.5,204,1000,0
2025-07-17 17:50:00,89552.5,89685.3,89497.2,89655.3,332,1000,0
2025-07-17 18:00:00,89655.3,89757.0,89608.9,89717.6,196,1000,0
2025-07-17 18:10:00,89717.6,89763.5,89692.0,89698.9,139,1000,0
2025-07-17 18:20:00,89698.9,89716.7,89610.2,89698.1,128,1000,0
2025-07-18 09:30:00,89921.8,90050.2,89873.5,89995.0,98,1000,0
2025-07-18 09:40:00,89996.0,90119.6,89996.0,90100.8,55,1000,0
2025-07-18 09:50:00,90100.8,90185.7,90100.8,90173.0,64,1000,0
2025-07-18 10:00:00,90174.9,90531.4,90149.3,90486.1,368,1000,0
2025-07-18 10:10:00,90502.8,90528.6,90420.0,90485.0,254,1000,0
2025-07-18 10:20:00,90485.0,90650.3,90485.0,90650.2,275,1000,0
2025-07-18 10:30:00,90650.8,90787.4,90639.0,90739.3,289,1000,0
2025-07-18 10:40:00,90739.3,90944.5,90739.3,90841.4,231,1000,0
2025-07-18 10:50:00,90841.4,90993.8,90841.4,90867.3,159,1000,0
2025-07-18 11:00:00,90867.3,90869.3,90549.3,90549.3,208,1000,0
2025-07-18 11:10:00,90546.8,90564.2,90487.8,90495.9,178,1000,0
2025-07-18 11:20:00,90495.9,90594.2,90495.9,90503.5,184,1000,0
2025-07-18 11:30:00,90503.5,90575.2,90480.3,90524.5,250,1000,0
2025-07-18 11:40:00,90524.5,90591.3,90480.4,90578.3,171,1000,0
2025-07-18 11:50:00,90578.3,90679.9,90578.3,90674.9,133,1000,0
2025-07-18 12:00:00,90674.8,90740.1,90651.9,90723.8,166,1000,0
2025-07-18 12:10:00,90723.8,90753.3,90706.6,90745.6,184,1000,0
2025-07-18 12:20:00,90745.6,90891.8,90728.0,90852.0,183,1000,0
2025-07-18 12:30:00,90857.0,90889.6,90836.4,90885.7,180,1000,0
2025-07-18 12:40:00,90885.7,90933.7,90862.6,90922.6,146,1000,0
2025-07-18 12:50:00,90922.6,91014.7,90920.1,90953.0,115,1000,0
2025-07-18 13:00:00,90953.0,91025.6,90953.0,91015.7,112,1000,0
2025-07-18 13:10:00,91013.3,91015.3,90943.1,90968.9,130,1000,0
2025-07-18 13:20:00,90968.9,90968.9,90860.2,90919.8,175,1000,0
2025-07-18 13:30:00,90919.8,90920.3,90883.1,90907.1,118,1000,0
2025-07-18 13:40:00,90907.1,90929.0,90839.5,90839.5,126,1000,0
2025-07-18 13:50:00,90839.5,90851.0,90794.7,90821.1,134,1000,0
2025-07-18 14:00:00,90811.7,90830.8,90736.9,90774.0,142,1000,0
2025-07-18 14:10:00,90777.0,90820.4,90776.9,90820.1,96,1000,0
2025-07-18 14:20:00,90820.0,90861.8,90819.5,90834.7,81,1000,0
2025-07-18 14:30:00,90834.8,90870.4,90811.5,90847.2,124,1000,0
2025-07-18 14:40:00,90847.2,90974.4,90847.2,90925.4,144,1000,0
2025-07-18 14:50:00,90925.3,91010.4,90879.5,90946.2,233,1000,0
2025-07-18 15:00:00,90946.2,91027.9,90946.2,91012.0,209,1000,0
2025-07-18 15:10:00,91012.0,91012.0,90953.1,90988.0,160,1000,0
2025-07-18 15:20:00,90988.0,91072.5,90988.0,91066.0,192,1000,0
2025-07-18 15:30:00,91066.0,91122.9,91065.9,91106.8,141,1000,0
2025-07-18 15:40:00,91106.7,91173.2,91098.7,91167.2,137,1000,0
2025-07-18 15:50:00,91167.2,91184.3,91108.1,91136.2,169,1000,0
2025-07-18 16:00:00,91137.2,91179.1,91072.9,91072.9,191,1000,0
2025-07-18 16:10:00,91072.9,91111.9,91048.9,91093.0,173,1000,0
2025-07-18 16:20:00,91093.0,91143.8,91045.1,91051.3,194,1000,0
2025-07-18 16:30:00,91051.3,91051.3,90875.8,90913.9,337,1000,0
2025-07-18 16:40:00,90924.8,90924.8,90849.9,90860.5,337,1000,0
2025-07-18 16:50:00,90857.5,90878.4,90795.9,90826.7,305,1000,0
2025-07-18 17:00:00,90827.8,90893.7,90787.8,90861.9,351,1000,0
2025-07-18 17:10:00,90863.9,90913.6,90830.4,90905.7,279,1000,0
2025-07-18 17:20:00,90908.6,90971.0,90906.5,90930.8,275,1000,0
2025-07-18 17:30:00,90930.8,91021.3,90927.8,90978.7,269,1000,0
2025-07-18 17:40:00,90978.2,90998.1,90924.7,90950.5,204,1000,0
2025-07-18 17:50:00,90950.5,91088.3,90950.5,91062.2,167,1000,0
2025-07-18 18:00:00,91067.7,91222.2,91002.6,91222.2,272,1000,0
2025-07-18 18:10:00,91220.8,91353.0,91217.8,91301.9,401,1000,0
2025-07-18 18:20:00,91296.9,91367.1,91247.7,91258.6,203,1000,0
2025-07-21 09:30:00,91237.5,91389.7,91108.2,91245.1,139,1000,0
2025-07-21 09:40:00,91245.1,91288.0,91135.6,91183.0,58,1000,0
2025-07-21 09:50:00,91183.0,91300.5,91144.6,91168.3,93,1000,0
2025-07-21 10:00:00,91168.3,91463.7,91168.3,91444.0,155,1000,0
2025-07-21 10:10:00,91429.2,91446.4,91398.6,91443.9,208,1000,0
2025-07-21 10:20:00,91444.9,91451.2,91318.7,91331.5,186,1000,0
2025-07-21 10:30:00,91333.9,91412.2,91324.1,91381.2,211,1000,0
2025-07-21 10:40:00,91383.1,91388.2,91320.3,91367.4,218,1000,0
2025-07-21 10:50:00,91368.4,91402.9,91359.2,91397.4,177,1000,0
2025-07-21 11:00:00,91398.8,91420.2,91269.4,91269.4,189,1000,0
2025-07-21 11:10:00,91270.4,91337.3,91268.0,91308.5,96,1000,0
2025-07-21 11:20:00,91308.5,91345.7,91276.6,91276.6,86,1000,0
2025-07-21 11:30:00,91279.1,91338.3,91260.8,91276.3,174,1000,0
2025-07-21 11:40:00,91276.3,91345.0,91272.9,91319.7,81,1000,0
2025-07-21 11:50:00,91319.7,91339.7,91267.6,91270.6,141,1000,0
2025-07-21 12:00:00,91269.7,91271.1,91178.4,91230.1,187,1000,0
2025-07-21 12:10:00,91230.1,91246.6,91183.4,91191.2,130,1000,0
2025-07-21 12:20:00,91191.2,91217.3,91170.3,91195.8,140,1000,0
2025-07-21 12:30:00,91196.7,91222.6,91189.3,91192.1,145,1000,0
2025-07-21 12:40:00,91193.1,91225.2,91173.5,91215.4,206,1000,0
2025-07-21 12:50:00,91217.4,91248.8,91188.9,91220.1,137,1000,0
2025-07-21 13:00:00,91215.2,91221.2,91126.8,91211.1,153,1000,0
2025-07-21 13:10:00,91211.1,91237.5,91182.1,91224.7,95,1000,0
2025-07-21 13:20:00,91224.7,91332.1,91194.7,91318.2,141,1000,0
2025-07-21 13:30:00,91318.2,91366.5,91251.2,91287.5,113,1000,0
2025-07-21 13:40:00,91287.5,91312.4,91250.5,91278.3,119,1000,0
2025-07-21 13:50:00,91278.3,91299.0,91148.9,91228.0,113,1000,0
2025-07-21 14:00:00,91229.0,91272.5,91212.7,91272.5,127,1000,0
2025-07-21 14:10:00,91272.5,91312.3,91254.7,91278.4,113,1000,0
2025-07-21 14:20:00,91278.4,91342.8,91204.5,91319.6,126,1000,0
2025-07-21 14:30:00,91319.6,91364.3,91319.5,91345.5,41,1000,0
2025-07-21 14:40:00,91345.5,91408.6,91345.5,91369.9,104,1000,0
2025-07-21 14:50:00,91369.9,91460.1,91369.7,91410.5,99,1000,0
2025-07-21 15:00:00,91410.5,91436.6,91388.7,91425.5,119,1000,0
2025-07-21 15:10:00,91425.5,91427.3,91286.6,91286.7,105,1000,0
2025-07-21 15:20:00,91286.7,91337.9,91282.9,91301.3,99,1000,0
2025-07-21 15:30:00,91301.3,91334.8,91278.7,91319.6,134,1000,0
2025-07-21 15:40:00,91319.6,91411.4,91304.7,91394.8,123,1000,0
2025-07-21 15:50:00,91394.8,91417.9,91329.2,91329.2,83,1000,0
2025-07-21 16:00:00,91329.2,91360.7,91280.2,91357.0,149,1000,0
2025-07-21 16:10:00,91357.0,91357.0,91297.3,91335.9,139,1000,0
2025-07-21 16:20:00,91335.0,91444.5,91315.4,91432.2,136,1000,0
2025-07-21 16:30:00,91432.2,91493.0,91379.7,91449.5,353,1000,0
2025-07-21 16:40:00,91449.5,91573.5,91433.8,91556.0,279,1000,0
2025-07-21 16:50:00,91556.0,91655.2,91547.3,91618.9,283,1000,0
2025-07-21 17:00:00,91623.8,91785.1,91619.5,91760.1,285,1000,0
2025-07-21 17:10:00,91760.1,91810.4,91698.0,91805.4,208,1000,0
2025-07-21 17:20:00,91808.8,91836.0,91763.0,91801.3,240,1000,0
2025-07-21 17:30:00,91804.2,92017.5,91795.3,91962.4,272,1000,0
2025-07-21 17:40:00,91962.4,92047.5,91928.7,92037.8,198,1000,0
2025-07-21 17:50:00,92037.8,92106.5,91936.3,92053.8,322,1000,0
2025-07-21 18:00:00,92057.8,92226.7,92021.2,92149.8,299,1000,0
2025-07-21 18:10:00,92146.8,92236.7,92076.7,92236.2,138,1000,0
2025-07-21 18:20:00,92236.2,92337.5,92228.3,92311.0,138,1000,0
2025-07-22 09:30:00,91717.9,91938.3,91717.9,91881.0,93,1000,0
2025-07-22 09:40:00,91881.0,91973.9,91851.5,91906.6,85,1000,0
2025-07-22 09:50:00,91906.7,91976.0,91852.4,91870.2,80,1000,0
2025-07-22 10:00:00,91870.2,91875.2,91482.4,91487.3,302,1000,0
2025-07-22 10:10:00,91487.3,91535.2,91291.7,91328.1,406,1000,0
2025-07-22 10:20:00,91329.1,91351.2,91182.0,91198.7,269,1000,0
2025-07-22 10:30:00,91198.7,91362.4,91196.7,91280.6,277,1000,0
2025-07-22 10:40:00,91280.6,91300.8,91215.6,91263.3,162,1000,0
2025-07-22 10:50:00,91263.3,91314.6,91196.1,91232.3,188,1000,0
2025-07-22 11:00:00,91233.3,91329.6,91201.5,91311.7,207,1000,0
2025-07-22 11:10:00,91313.6,91344.7,91230.3,91242.4,187,1000,0
2025-07-22 11:20:00,91243.4,91302.7,91179.0,91301.7,172,1000,0
2025-07-22 11:30:00,91299.2,91299.2,91106.7,91126.3,217,1000,0
2025-07-22 11:40:00,91126.3,91156.5,91086.8,91099.8,163,1000,0
2025-07-22 11:50:00,91099.8,91142.0,91068.9,91069.8,147,1000,0
2025-07-22 12:00:00,91069.8,91109.7,91069.8,91091.7,127,1000,0
2025-07-22 12:10:00,91091.7,91152.9,91087.2,91141.0,169,1000,0
2025-07-22 12:20:00,91142.0,91154.2,91092.7,91130.2,182,1000,0
2025-07-22 12:30:00,91130.2,91230.4,91112.4,91116.1,204,1000,0
2025-07-22 12:40:00,91116.1,91275.4,91092.6,91271.4,150,1000,0
2025-07-22 12:50:00,91271.4,91331.2,91232.2,91313.5,174,1000,0
2025-07-22 13:00:00,91313.5,91349.7,91250.2,91252.8,125,1000,0
2025-07-22 13:10:00,91252.8,91303.8,91230.3,91303.6,84,1000,0
2025-07-22 13:20:00,91305.6,91455.9,91305.4,91455.9,155,1000,0
2025-07-22 13:30:00,91455.9,91580.6,91350.3,91351.3,139,1000,0
2025-07-22 13:40:00,91351.3,91355.7,91260.9,91271.0,102,1000,0
2025-07-22 13:50:00,91272.0,91334.2,91259.8,91322.2,87,1000,0
2025-07-22 14:00:00,91322.1,91351.7,91311.9,91329.4,111,1000,0
2025-07-22 14:10:00,91327.0,91327.0,91219.6,91219.6,103,1000,0
2025-07-22 14:20:00,91219.6,91265.5,91175.2,91248.8,151,1000,0
2025-07-22 14:30:00,91271.5,91275.9,91174.3,91217.8,113,1000,0
2025-07-22 14:40:00,91224.3,91272.6,91184.8,91221.0,143,1000,0
2025-07-22 14:50:00,91221.0,91245.3,91190.0,91218.8,74,1000,0
2025-07-22 15:00:00,91219.8,91232.9,91168.0,91199.1,191,1000,0
2025-07-22 15:10:00,91199.1,91221.4,91130.4,91132.3,163,1000,0
2025-07-22 15:20:00,91132.3,91217.8,91132.3,91199.6,167,1000,0
2025-07-22 15:30:00,91199.6,91201.7,91144.1,91151.9,170,1000,0
2025-07-22 15:40:00,91151.9,91212.3,91151.9,91159.5,161,1000,0
2025-07-22 15:50:00,91159.5,91289.9,91154.5,91208.2,198,1000,0
2025-07-22 16:00:00,91208.3,91272.2,91193.8,91256.1,157,1000,0
2025-07-22 16:10:00,91256.2,91355.3,91256.2,91310.2,126,1000,0
2025-07-22 16:20:00,91309.7,91389.6,91293.8,91387.9,108,1000,0
2025-07-22 16:30:00,91387.9,91387.9,91293.4,91340.1,139,1000,0
2025-07-22 16:40:00,91340.1,91348.0,91293.0,91326.2,120,1000,0
2025-07-22 16:50:00,91328.1,91356.3,91171.9,91198.8,188,1000,0
2025-07-22 17:00:00,91198.8,91384.1,91166.2,91383.7,221,1000,0
2025-07-22 17:10:00,91383.7,91406.4,91302.1,91406.4,232,1000,0
2025-07-22 17:20:00,91406.4,91462.5,91379.9,91462.5,213,1000,0
2025-07-22 17:30:00,91462.5,91583.5,91431.9,91520.0,299,1000,0
2025-07-22 17:40:00,91511.7,91651.8,91482.1,91631.7,217,1000,0
2025-07-22 17:50:00,91636.6,91683.1,91584.0,91584.0,254,1000,0
2025-07-22 18:00:00,91584.0,91706.5,91529.7,91555.5,174,1000,0
2025-07-22 18:10:00,91556.5,91566.4,91421.3,91446.0,220,1000,0
2025-07-22 18:20:00,91442.0,91478.6,91371.0,91371.1,206,1000,0
2025-07-23 09:30:00,92185.9,92190.9,91988.4,92107.0,129,1000,0
2025-07-23 09:40:00,92103.0,92156.2,92072.5,92147.3,54,1000,0
2025-07-23 09:50:00,92147.3,92147.3,92052.6,92088.2,72,1000,0
2025-07-23 10:00:00,92088.2,92198.8,92049.8,92061.1,418,1000,0
2025-07-23 10:10:00,92061.1,92363.6,92061.1,92363.1,369,1000,0
2025-07-23 10:20:00,92361.1,92390.3,92282.2,92329.8,268,1000,0
2025-07-23 10:30:00,92333.2,92430.5,92317.7,92342.9,335,1000,0
2025-07-23 10:40:00,92348.3,92368.9,92309.6,92329.0,314,1000,0
2025-07-23 10:50:00,92331.0,92405.3,92331.0,92357.7,282,1000,0
2025-07-23 11:00:00,92352.7,92398.9,92314.6,92384.9,317,1000,0
2025-07-23 11:10:00,92372.0,92523.3,92372.0,92496.3,259,1000,0
2025-07-23 11:20:00,92496.3,92596.5,92476.7,92582.4,244,1000,0
2025-07-23 11:30:00,92582.4,92617.8,92550.6,92616.5,254,1000,0
2025-07-23 11:40:00,92616.5,92735.4,92616.5,92686.6,253,1000,0
2025-07-23 11:50:00,92688.6,92781.8,92686.7,92781.8,185,1000,0
2025-07-23 12:00:00,92779.3,92782.3,92644.5,92645.5,200,1000,0
2025-07-23 12:10:00,92645.5,92724.9,92645.5,92716.2,226,1000,0
2025-07-23 12:20:00,92708.4,92726.4,92655.5,92687.7,217,1000,0
2025-07-23 12:30:00,92687.7,92711.8,92674.4,92705.9,230,1000,0
2025-07-23 12:40:00,92705.9,92710.1,92658.3,92688.8,193,1000,0
2025-07-23 12:50:00,92688.8,92703.1,92628.9,92636.6,166,1000,0
2025-07-23 13:00:00,92629.8,92650.2,92581.2,92615.5,178,1000,0
2025-07-23 13:10:00,92616.5,92678.3,92530.5,92539.4,226,1000,0
2025-07-23 13:20:00,92535.4,92581.0,92526.5,92565.1,182,1000,0
2025-07-23 13:30:00,92565.1,92565.1,92402.3,92447.3,157,1000,0
2025-07-23 13:40:00,92447.3,92487.7,92355.9,92374.7,200,1000,0
2025-07-23 13:50:00,92355.9,92490.4,92355.9,92474.6,120,1000,0
2025-07-23 14:00:00,92474.6,92506.2,92404.9,92449.2,120,1000,0
2025-07-23 14:10:00,92449.2,92494.5,92448.3,92488.5,125,1000,0
2025-07-23 14:20:00,92488.5,92508.3,92443.1,92485.2,114,1000,0
2025-07-23 14:30:00,92485.1,92513.5,92451.7,92461.3,86,1000,0
2025-07-23 14:40:00,92461.3,92573.3,92461.2,92573.2,134,1000,0
2025-07-23 14:50:00,92573.2,92583.0,92510.2,92574.3,123,1000,0
2025-07-23 15:00:00,92573.8,92573.8,92476.0,92493.5,89,1000,0
2025-07-23 15:10:00,92493.5,92533.8,92492.8,92510.6,122,1000,0
2025-07-23 15:20:00,92510.6,92573.3,92493.7,92549.7,181,1000,0
2025-07-23 15:30:00,92549.7,92549.7,92464.8,92525.8,126,1000,0
2025-07-23 15:40:00,92525.8,92583.5,92486.0,92534.1,165,1000,0
2025-07-23 15:50:00,92534.1,92591.8,92518.6,92533.0,121,1000,0
2025-07-23 16:00:00,92535.0,92548.7,92388.6,92388.6,172,1000,0
2025-07-23 16:10:00,92388.6,92425.7,92379.2,92384.7,239,1000,0
2025-07-23 16:20:00,92384.7,92397.5,92210.2,92243.0,133,1000,0
2025-07-23 16:30:00,92241.0,92292.8,92186.7,92285.3,146,1000,0
2025-07-23 16:40:00,92285.3,92335.2,92252.9,92270.6,195,1000,0
2025-07-23 16:50:00,92270.6,92300.5,92204.9,92233.7,194,1000,0
2025-07-23 17:00:00,92208.0,92364.1,92202.0,92364.1,217,1000,0
2025-07-23 17:10:00,92365.1,92428.4,92267.4,92330.6,149,1000,0
2025-07-23 17:20:00,92330.5,92354.6,92248.3,92263.1,108,1000,0
2025-07-23 17:30:00,92263.1,92454.8,92259.0,92441.8,206,1000,0
2025-07-23 17:40:00,92441.3,92463.5,92364.1,92398.4,246,1000,0
2025-07-23 17:50:00,92398.4,92469.1,92350.1,92469.1,237,1000,0
2025-07-23 18:00:00,92467.2,92538.8,92428.2,92469.8,165,1000,0
2025-07-23 18:10:00,92469.8,92501.5,92457.0,92500.0,134,1000,0
2025-07-23 18:20:00,92499.0,92552.1,92457.6,92510.6,123,1000,0
2025-07-24 09:30:00,92616.7,92780.8,92235.2,92364.8,156,1000,0
2025-07-24 09:40:00,92319.3,92528.9,92319.3,92503.2,116,1000,0
2025-07-24 09:50:00,92504.2,92550.7,92430.2,92477.7,70,1000,0
2025-07-24 10:00:00,92477.7,92663.6,92373.9,92589.5,346,1000,0
2025-07-24 10:10:00,92601.4,92657.3,92545.2,92546.3,235,1000,0
2025-07-24 10:20:00,92546.3,92557.8,92359.2,92416.9,309,1000,0
2025-07-24 10:30:00,92418.9,92497.2,92383.4,92398.4,283,1000,0
2025-07-24 10:40:00,92397.5,92418.3,92261.8,92269.5,194,1000,0
2025-07-24 10:50:00,92269.5,92272.5,92214.4,92230.5,160,1000,0
2025-07-24 11:00:00,92231.4,92384.9,92231.4,92276.3,199,1000,0
2025-07-24 11:10:00,92281.3,92368.1,92276.2,92311.8,147,1000,0
2025-07-24 11:20:00,92313.8,92372.6,92312.8,92328.8,148,1000,0
2025-07-24 11:30:00,92328.8,92381.8,92267.9,92354.4,189,1000,0
2025-07-24 11:40:00,92354.4,92449.3,92315.4,92401.5,136,1000,0
2025-07-24 11:50:00,92401.5,92401.5,92298.2,92358.6,258,1000,0
2025-07-24 12:00:00,92356.6,92403.9,92327.7,92389.7,125,1000,0
2025-07-24 12:10:00,92389.6,92431.0,92325.7,92362.8,137,1000,0
2025-07-24 12:20:00,92362.8,92378.2,92303.7,92348.7,218,1000,0
2025-07-24 12:30:00,92351.7,92399.6,92312.3,92349.3,177,1000,0
2025-07-24 12:40:00,92349.3,92392.4,92280.7,92283.0,175,1000,0
2025-07-24 12:50:00,92283.0,92345.8,92277.9,92345.3,196,1000,0
2025-07-24 13:00:00,92345.3,92351.8,92302.5,92326.4,144,1000,0
2025-07-24 13:10:00,92326.4,92381.4,92276.0,92373.1,194,1000,0
2025-07-24 13:20:00,92370.1,92401.6,92336.0,92339.5,154,1000,0
2025-07-24 13:30:00,92343.4,92367.1,92266.9,92271.7,97,1000,0
2025-07-24 13:40:00,92271.7,92306.4,92230.9,92231.9,130,1000,0
2025-07-24 13:50:00,92231.8,92267.2,92230.7,92258.3,142,1000,0
2025-07-24 14:00:00,92261.3,92267.2,92190.1,92198.4,135,1000,0
2025-07-24 14:10:00,92198.4,92341.9,92182.0,92331.8,124,1000,0
2025-07-24 14:20:00,92332.7,92430.7,92301.3,92396.8,194,1000,0
2025-07-24 14:30:00,92396.7,92397.6,92284.5,92290.5,115,1000,0
2025-07-24 14:40:00,92290.5,92322.1,92256.8,92294.2,139,1000,0
2025-07-24 14:50:00,92294.2,92337.3,92234.6,92315.5,174,1000,0
2025-07-24 15:00:00,92317.4,92317.8,92228.9,92233.8,99,1000,0
2025-07-24 15:10:00,92233.8,92326.6,92233.8,92278.4,142,1000,0
2025-07-24 15:20:00,92278.4,92278.4,92207.0,92237.6,114,1000,0
2025-07-24 15:30:00,92237.6,92265.2,92137.8,92137.8,160,1000,0
2025-07-24 15:40:00,92137.8,92167.8,92037.9,92101.7,176,1000,0
2025-07-24 15:50:00,92102.7,92107.1,91990.6,91992.6,208,1000,0
2025-07-24 16:00:00,91992.6,92013.5,91906.1,91910.9,304,1000,0
2025-07-24 16:10:00,91910.9,91940.8,91809.3,91841.9,278,1000,0
2025-07-24 16:20:00,91830.6,91930.3,91807.3,91864.8,296,1000,0
2025-07-24 16:30:00,91867.8,91905.4,91702.4,91842.0,300,1000,0
2025-07-24 16:40:00,91842.0,92009.5,91820.3,91956.6,200,1000,0
2025-07-24 16:50:00,91956.6,91975.4,91869.5,91924.5,215,1000,0
2025-07-24 17:00:00,91924.5,92014.7,91923.9,91978.5,238,1000,0
2025-07-24 17:10:00,91978.5,92095.0,91936.9,92032.2,148,1000,0
2025-07-24 17:20:00,92035.2,92155.0,92035.2,92131.2,162,1000,0
2025-07-24 17:30:00,92132.1,92224.0,92121.3,92189.0,163,1000,0
2025-07-24 17:40:00,92189.0,92277.7,92159.5,92250.2,179,1000,0
2025-07-24 17:50:00,92251.2,92351.6,92238.3,92299.8,209,1000,0
2025-07-24 18:00:00,92300.7,92368.4,92169.4,92177.3,159,1000,0
2025-07-24 18:10:00,92177.3,92189.6,92032.0,92053.3,282,1000,0
2025-07-24 18:20:00,92050.4,92050.4,91870.5,91890.8,266,1000,0
2025-07-25 09:30:00,91641.2,91925.1,91641.2,91922.1,129,1000,0
2025-07-25 09:40:00,91922.1,91923.5,91618.7,91623.6,54,1000,0
2025-07-25 09:50:00,91625.6,91796.7,91619.7,91743.4,77,1000,0
2025-07-25 10:00:00,91743.4,91811.6,91418.2,91481.9,305,1000,0
2025-07-25 10:10:00,91481.9,91559.6,91362.9,91463.1,256,1000,0
2025-07-25 10:20:00,91463.6,91488.6,91314.4,91332.2,217,1000,0
2025-07-25 10:30:00,91331.2,91331.2,91162.0,91213.0,204,1000,0
2025-07-25 10:40:00,91214.0,91372.7,91163.6,91313.5,243,1000,0
2025-07-25 10:50:00,91313.5,91403.2,91271.3,91354.1,141,1000,0
2025-07-25 11:00:00,91354.1,91619.3,91354.1,91619.3,176,1000,0
2025-07-25 11:10:00,91619.3,91776.8,91619.2,91647.1,178,1000,0
2025-07-25 11:20:00,91648.1,91681.4,91541.6,91566.8,173,1000,0
2025-07-25 11:30:00,91566.8,91641.6,91482.3,91537.8,109,1000,0
2025-07-25 11:40:00,91537.8,91543.7,91340.2,91366.9,126,1000,0
2025-07-25 11:50:00,91366.9,91403.4,91337.7,91338.7,93,1000,0
2025-07-25 12:00:00,91337.7,91471.6,91314.0,91396.4,109,1000,0
2025-07-25 12:10:00,91396.4,91540.5,91396.4,91460.9,96,1000,0
2025-07-25 12:20:00,91460.9,91538.2,91451.7,91493.6,125,1000,0
2025-07-25 12:30:00,91493.6,91534.8,91451.7,91483.5,155,1000,0
2025-07-25 12:40:00,91483.5,91602.7,91456.8,91602.7,77,1000,0
2025-07-25 12:50:00,91602.7,91625.4,91555.9,91603.4,62,1000,0
2025-07-25 13:00:00,91603.5,91683.7,91603.5,91677.3,96,1000,0
2025-07-25 13:10:00,91675.3,91704.5,91523.0,91528.8,123,1000,0
2025-07-25 13:20:00,91528.8,91608.6,91488.3,91517.2,149,1000,0
2025-07-25 13:30:00,91517.2,91549.0,91478.9,91508.3,113,1000,0
2025-07-25 13:40:00,91508.3,91522.7,91477.1,91507.5,91,1000,0
2025-07-25 13:50:00,91511.5,91535.7,91483.3,91514.3,123,1000,0
2025-07-25 14:00:00,91515.3,91536.5,91490.6,91504.7,114,1000,0
2025-07-25 14:10:00,91504.7,91587.6,91499.4,91560.8,93,1000,0
2025-07-25 14:20:00,91560.8,91601.5,91547.2,91580.7,111,1000,0
2025-07-25 14:30:00,91580.7,91588.9,91498.1,91557.8,107,1000,0
2025-07-25 14:40:00,91557.8,91558.7,91439.6,91476.6,153,1000,0
2025-07-25 14:50:00,91476.6,91522.8,91470.8,91515.1,150,1000,0
2025-07-25 15:00:00,91516.1,91550.9,91433.7,91501.7,121,1000,0
2025-07-25 15:10:00,91501.7,91544.2,91468.4,91540.1,144,1000,0
2025-07-25 15:20:00,91540.1,91540.1,91458.6,91517.2,166,1000,0
2025-07-25 15:30:00,91516.7,91590.0,91479.1,91562.3,127,1000,0
2025-07-25 15:40:00,91559.3,91559.3,91428.8,91519.6,152,1000,0
2025-07-25 15:50:00,91519.6,91596.9,91432.3,91457.0,149,1000,0
2025-07-25 16:00:00,91459.0,91474.8,91203.8,91211.5,311,1000,0
2025-07-25 16:10:00,91216.0,91289.5,91177.8,91177.8,141,1000,0
2025-07-25 16:20:00,91177.8,91267.4,91177.8,91197.1,99,1000,0
2025-07-25 16:30:00,91223.7,91299.5,91192.8,91229.2,323,1000,0
2025-07-25 16:40:00,91229.2,91283.5,91192.6,91283.5,126,1000,0
2025-07-25 16:50:00,91283.5,91341.9,91201.6,91314.8,173,1000,0
2025-07-25 17:00:00,91316.8,91578.9,91316.8,91417.9,125,1000,0
2025-07-25 17:10:00,91417.9,91444.9,91309.9,91365.0,163,1000,0
2025-07-25 17:20:00,91365.0,91495.3,91320.4,91446.1,154,1000,0
2025-07-25 17:30:00,91446.1,91537.8,91445.9,91488.4,153,1000,0
2025-07-25 17:40:00,91488.4,91548.4,91488.4,91519.1,150,1000,0
2025-07-25 17:50:00,91519.1,91545.8,91298.9,91298.9,309,1000,0
2025-07-25 18:00:00,91291.0,91337.4,91172.4,91329.6,250,1000,0
2025-07-25 18:10:00,91329.6,91551.1,91329.6,91515.5,163,1000,0
2025-07-25 18:20:00,91515.5,91531.4,91344.7,91391.2,158,1000,0
2025-07-28 09:30:00,91704.3,91961.4,91689.5,91704.4,178,1000,0
2025-07-28 09:40:00,91704.4,91730.6,91614.5,91689.7,110,1000,0
2025-07-28 09:50:00,91689.7,91801.5,91683.8,91737.3,101,1000,0
2025-07-28 10:00:00,91736.3,91769.0,91647.4,91729.7,297,1000,0
2025-07-28 10:10:00,91729.7,91791.6,91650.1,91721.9,177,1000,0
2025-07-28 10:20:00,91721.9,91731.6,91619.1,91619.8,185,1000,0
2025-07-28 10:30:00,91619.8,91639.5,91496.3,91522.0,193,1000,0
2025-07-28 10:40:00,91522.0,91533.7,91422.1,91439.8,213,1000,0
2025-07-28 10:50:00,91441.8,91442.8,91346.8,91352.7,262,1000,0
2025-07-28 11:00:00,91352.7,91408.1,91264.3,91275.9,285,1000,0
2025-07-28 11:10:00,91275.4,91296.6,91191.4,91281.1,244,1000,0
2025-07-28 11:20:00,91279.7,91338.0,91275.8,91324.8,322,1000,0
2025-07-28 11:30:00,91324.8,91366.1,91262.2,91366.1,194,1000,0
2025-07-28 11:40:00,91360.2,91388.1,91285.3,91346.2,224,1000,0
2025-07-28 11:50:00,91346.1,91397.2,91311.6,91325.5,165,1000,0
2025-07-28 12:00:00,91328.4,91364.8,91302.2,91323.6,142,1000,0
2025-07-28 12:10:00,91323.6,91472.6,91320.6,91470.4,161,1000,0
2025-07-28 12:20:00,91470.4,91602.3,91451.3,91517.4,111,1000,0
2025-07-28 12:30:00,91517.4,91548.1,91499.0,91520.6,205,1000,0
2025-07-28 12:40:00,91521.1,91556.6,91452.2,91554.5,176,1000,0
2025-07-28 12:50:00,91554.5,91578.3,91458.1,91483.7,123,1000,0
2025-07-28 13:00:00,91483.7,91503.6,91414.6,91461.6,127,1000,0
2025-07-28 13:10:00,91461.6,91580.0,91456.7,91563.8,96,1000,0
2025-07-28 13:20:00,91562.8,91576.5,91503.2,91521.0,139,1000,0
2025-07-28 13:30:00,91521.0,91530.8,91432.3,91457.6,143,1000,0
2025-07-28 13:40:00,91457.6,91465.7,91401.7,91429.4,132,1000,0
2025-07-28 13:50:00,91429.4,91480.6,91405.7,91423.8,142,1000,0
2025-07-28 14:00:00,91424.8,91441.1,91397.3,91397.3,81,1000,0
2025-07-28 14:10:00,91397.3,91464.6,91396.7,91437.8,89,1000,0
2025-07-28 14:20:00,91437.8,91486.3,91373.2,91373.2,61,1000,0
2025-07-28 14:30:00,91373.2,91408.0,91352.4,91373.5,98,1000,0
2025-07-28 14:40:00,91373.5,91422.3,91335.2,91389.9,110,1000,0
2025-07-28 14:50:00,91389.9,91430.0,91354.2,91388.7,83,1000,0
2025-07-28 15:00:00,91388.7,91393.6,91352.1,91390.1,39,1000,0
2025-07-28 15:10:00,91390.1,91413.2,91314.6,91390.1,154,1000,0
2025-07-28 15:20:00,91390.1,91393.0,91318.8,91353.7,93,1000,0
2025-07-28 15:30:00,91353.7,91381.6,91320.8,91334.0,130,1000,0
2025-07-28 15:40:00,91332.5,91429.0,91269.0,91339.2,182,1000,0
2025-07-28 15:50:00,91339.2,91356.9,91234.9,91241.9,175,1000,0
2025-07-28 16:00:00,91241.9,91295.8,91223.8,91229.7,143,1000,0
2025-07-28 16:10:00,91229.7,91364.5,91229.7,91322.0,173,1000,0
2025-07-28 16:20:00,91322.0,91331.8,91240.4,91263.6,154,1000,0
2025-07-28 16:30:00,91277.9,91307.8,91127.8,91128.6,218,1000,0
2025-07-28 16:40:00,91120.7,91121.7,90923.8,90975.3,196,1000,0
2025-07-28 16:50:00,90975.3,90986.5,90871.6,90883.4,230,1000,0
2025-07-28 17:00:00,90884.4,91007.7,90878.4,90988.6,137,1000,0
2025-07-28 17:10:00,90990.6,91009.0,90927.2,90944.2,137,1000,0
2025-07-28 17:20:00,90944.2,91036.5,90896.2,90991.9,179,1000,0
2025-07-28 17:30:00,90992.9,91112.9,90992.9,91035.5,218,1000,0
2025-07-28 17:40:00,91035.1,91215.2,91011.4,91158.8,246,1000,0
2025-07-28 17:50:00,91158.8,91159.8,91051.1,91097.6,236,1000,0
2025-07-28 18:00:00,91097.6,91256.3,91056.1,91203.5,232,1000,0
2025-07-28 18:10:00,91193.7,91227.4,91176.9,91227.4,107,1000,0
2025-07-28 18:20:00,91224.4,91224.4,91133.5,91194.4,137,1000,0
2025-07-29 09:30:00,90942.0,91164.5,90942.0,90967.8,102,1000,0
2025-07-29 09:40:00,90967.8,91036.2,90966.8,91018.4,83,1000,0
2025-07-29 09:50:00,91018.4,91168.8,90980.8,91132.3,135,1000,0
2025-07-29 10:00:00,91132.3,91213.5,90967.1,91191.8,213,1000,0
2025-07-29 10:10:00,91191.8,91297.6,91141.3,91215.6,150,1000,0
2025-07-29 10:20:00,91215.6,91222.5,91139.9,91154.2,121,1000,0
2025-07-29 10:30:00,91155.2,91506.1,91090.9,91506.0,206,1000,0
2025-07-29 10:40:00,91518.9,91728.1,91462.9,91671.3,220,1000,0
2025-07-29 10:50:00,91671.3,91671.3,91485.9,91557.5,119,1000,0
2025-07-29 11:00:00,91559.5,91593.6,91490.7,91540.7,92,1000,0
2025-07-29 11:10:00,91540.7,91663.6,91535.2,91657.4,73,1000,0
2025-07-29 11:20:00,91657.4,91726.7,91565.3,91597.3,103,1000,0
2025-07-29 11:30:00,91597.3,91637.9,91571.6,91620.7,77,1000,0
2025-07-29 11:40:00,91620.7,91649.2,91604.3,91622.2,44,1000,0
2025-07-29 11:50:00,91622.2,91727.1,91622.2,91670.9,59,1000,0
2025-07-29 12:00:00,91670.9,91761.0,91637.2,91699.7,100,1000,0
2025-07-29 12:10:00,91699.7,91780.3,91685.6,91692.5,128,1000,0
2025-07-29 12:20:00,91692.5,91700.3,91580.7,91590.5,101,1000,0
2025-07-29 12:30:00,91590.5,91601.2,91565.7,91594.1,92,1000,0
2025-07-29 12:40:00,91594.1,91648.5,91558.4,91625.2,98,1000,0
2025-07-29 12:50:00,91625.2,91727.4,91615.9,91649.2,137,1000,0
2025-07-29 13:00:00,91649.2,91716.1,91635.5,91676.8,148,1000,0
2025-07-29 13:10:00,91676.8,91818.4,91653.0,91790.8,119,1000,0
2025-07-29 13:20:00,91790.8,91848.3,91766.7,91833.9,145,1000,0
2025-07-29 13:30:00,91833.9,91855.1,91779.7,91785.3,136,1000,0
2025-07-29 13:40:00,91785.3,91788.7,91751.4,91754.5,49,1000,0
2025-07-29 13:50:00,91754.5,91771.1,91707.9,91718.5,90,1000,0
2025-07-29 14:00:00,91718.5,91795.5,91718.5,91792.1,106,1000,0
2025-07-29 14:10:00,91793.1,91844.1,91632.8,91644.5,166,1000,0
2025-07-29 14:20:00,91644.5,91657.6,91589.3,91605.1,126,1000,0
2025-07-29 14:30:00,91605.1,91614.9,91358.7,91403.2,119,1000,0
2025-07-29 14:40:00,91403.2,91452.5,91333.3,91377.9,129,1000,0
2025-07-29 14:50:00,91379.8,91438.5,91356.1,91438.5,68,1000,0
2025-07-29 15:00:00,91438.5,91454.8,91376.2,91404.5,112,1000,0
2025-07-29 15:10:00,91404.6,91549.3,91404.6,91549.3,68,1000,0
2025-07-29 15:20:00,91551.2,91570.8,91438.3,91441.6,95,1000,0
2025-07-29 15:30:00,91441.6,91500.0,91413.2,91490.8,84,1000,0
2025-07-29 15:40:00,91490.8,91564.1,91490.8,91535.5,114,1000,0
2025-07-29 15:50:00,91540.4,91664.1,91540.4,91627.9,138,1000,0
2025-07-29 16:00:00,91627.9,91630.8,91499.0,91541.5,136,1000,0
2025-07-29 16:10:00,91541.5,91568.3,91501.6,91568.3,86,1000,0
2025-07-29 16:20:00,91568.3,91738.0,91568.3,91647.4,190,1000,0
2025-07-29 16:30:00,91649.4,91689.0,91485.6,91558.9,219,1000,0
2025-07-29 16:40:00,91558.9,91574.2,91469.0,91502.2,234,1000,0
2025-07-29 16:50:00,91502.2,91550.8,91364.8,91381.1,210,1000,0
2025-07-29 17:00:00,91398.9,91458.8,91365.7,91377.1,178,1000,0
2025-07-29 17:10:00,91381.0,91424.5,91274.0,91350.4,257,1000,0
2025-07-29 17:20:00,91358.3,91436.9,91351.0,91422.4,267,1000,0
2025-07-29 17:30:00,91422.4,91598.9,91406.7,91558.2,237,1000,0
2025-07-29 17:40:00,91558.2,91597.5,91498.0,91503.9,161,1000,0
2025-07-29 17:50:00,91504.9,91543.5,91453.6,91453.6,192,1000,0
2025-07-29 18:00:00,91452.6,91721.7,91451.1,91597.2,269,1000,0
2025-07-29 18:10:00,91607.1,91646.1,91547.9,91547.9,140,1000,0
2025-07-29 18:20:00,91547.9,91554.7,91463.9,91503.5,146,1000,0
2025-07-30 09:30:00,91367.5,91541.6,91313.2,91410.2,81,1580,0
2025-07-30 09:40:00,91411.2,91456.7,91270.8,91321.3,45,1000,0
2025-07-30 09:50:00,91321.3,91426.2,91321.3,91395.6,61,1000,0
2025-07-30 10:00:00,91395.6,91396.6,91087.0,91207.8,216,1000,0
2025-07-30 10:10:00,91207.8,91378.3,91180.1,91287.7,233,1000,0
2025-07-30 10:20:00,91289.7,91478.1,91287.7,91474.3,249,1000,0
2025-07-30 10:30:00,91476.8,91556.8,91451.4,91498.4,250,1000,0
2025-07-30 10:40:00,91501.3,91562.5,91452.1,91474.2,165,1000,0
2025-07-30 10:50:00,91474.3,91500.4,91442.4,91499.4,147,1000,0
2025-07-30 11:00:00,91499.4,91605.2,91451.2,91472.6,271,1000,0
2025-07-30 11:10:00,91469.6,91604.5,91449.0,91496.5,248,1000,0
2025-07-30 11:20:00,91496.5,91579.3,91467.3,91535.5,186,1000,0
2025-07-30 11:30:00,91535.5,91630.7,91500.5,91591.3,178,1000,0
2025-07-30 11:40:00,91591.3,91623.4,91578.1,91623.4,157,1000,0
2025-07-30 11:50:00,91633.3,91643.3,91550.7,91605.8,198,1000,0
2025-07-30 12:00:00,91605.8,91634.1,91581.8,91630.9,132,1000,0
2025-07-30 12:10:00,91630.9,91660.3,91596.9,91630.2,162,1000,0
2025-07-30 12:20:00,91633.2,91680.0,91615.9,91649.6,121,1000,0
2025-07-30 12:30:00,91649.6,91651.1,91550.6,91566.0,201,1000,0
2025-07-30 12:40:00,91566.0,91609.3,91532.7,91573.3,180,1000,0
2025-07-30 12:50:00,91578.2,91648.5,91542.7,91632.4,110,1000,0
2025-07-30 13:00:00,91632.4,91660.5,91568.2,91630.0,154,1000,0
2025-07-30 13:10:00,91631.0,91643.3,91586.6,91591.1,139,1000,0
2025-07-30 13:20:00,91591.1,91623.1,91570.8,91587.6,77,1000,0
2025-07-30 13:30:00,91587.6,91611.6,91566.3,91611.5,116,1000,0
2025-07-30 13:40:00,91618.4,91618.4,91554.4,91580.8,134,1000,0
2025-07-30 13:50:00,91582.8,91582.8,91542.6,91553.3,98,1000,0
2025-07-30 14:00:00,91553.3,91578.2,91531.8,91568.7,80,1000,0
2025-07-30 14:10:00,91572.7,91611.9,91535.0,91575.9,97,1000,0
2025-07-30 14:20:00,91575.9,91660.9,91575.9,91591.4,112,1000,0
2025-07-30 14:30:00,91594.3,91626.9,91555.4,91607.7,119,1000,0
2025-07-30 14:40:00,91607.7,91617.6,91455.6,91490.0,170,1000,0
2025-07-30 14:50:00,91490.0,91597.8,91488.0,91591.2,107,1000,0
2025-07-30 15:00:00,91586.2,91635.4,91558.3,91581.1,161,1000,0
2025-07-30 15:10:00,91581.1,91597.9,91536.6,91550.7,185,1000,0
2025-07-30 15:20:00,91550.7,91614.7,91509.4,91516.4,172,1000,0
2025-07-30 15:30:00,91525.3,91550.6,91434.1,91446.2,170,1000,0
2025-07-30 15:40:00,91446.7,91515.9,91441.7,91449.8,163,1000,0
2025-07-30 15:50:00,91449.7,91461.8,91400.3,91403.3,184,1000,0
2025-07-30 16:00:00,91403.3,91458.5,91396.8,91419.7,163,1000,0
2025-07-30 16:10:00,91419.7,91488.8,91397.5,91488.8,146,1000,0
2025-07-30 16:20:00,91489.2,91516.3,91394.6,91446.0,190,1000,0
2025-07-30 16:30:00,91446.0,91596.1,91426.2,91596.0,227,1000,0
2025-07-30 16:40:00,91596.4,91596.4,91445.9,91553.0,147,1000,0
2025-07-30 16:50:00,91554.0,91564.5,91464.3,91547.7,167,1000,0
2025-07-30 17:00:00,91546.7,91596.6,91528.8,91593.0,110,1000,0
2025-07-30 17:10:00,91590.0,91604.7,91515.9,91574.7,155,1000,0
2025-07-30 17:20:00,91574.7,91596.3,91530.0,91543.8,118,1000,0
2025-07-30 17:30:00,91543.8,91611.3,91519.3,91519.3,158,1000,0
2025-07-30 17:40:00,91519.3,91594.4,91515.6,91535.6,136,1000,0
2025-07-30 17:50:00,91534.6,91559.4,91476.2,91559.4,150,1000,0
2025-07-30 18:00:00,91561.4,91614.9,91519.9,91529.3,110,1000,0
2025-07-30 18:10:00,91527.9,91596.8,91475.5,91593.3,137,1000,0
2025-07-30 18:20:00,91594.8,91667.7,91549.8,91623.2,175,1000,0
2025-07-31 09:30:00,91586.3,91586.3,91295.4,91301.4,118,1000,0
2025-07-31 09:40:00,91295.4,91376.7,91295.4,91325.3,70,1000,0
2025-07-31 09:50:00,91325.3,91403.5,91325.3,91357.1,59,1000,0
2025-07-31 10:00:00,91357.1,91361.0,91109.7,91195.9,256,1000,0
2025-07-31 10:10:00,91195.9,91424.5,91178.5,91406.1,352,1000,0
2025-07-31 10:20:00,91406.1,91534.8,91383.7,91483.2,226,1000,0
2025-07-31 10:30:00,91483.2,91638.4,91409.1,91638.3,195,1000,0
2025-07-31 10:40:00,91638.3,91657.1,91481.0,91481.0,216,1000,0
2025-07-31 10:50:00,91481.0,91525.1,91406.1,91406.1,106,1000,0
2025-07-31 11:00:00,91407.1,91592.3,91356.9,91571.5,235,1000,0
2025-07-31 11:10:00,91573.5,91580.9,91461.8,91551.0,273,1000,0
2025-07-31 11:20:00,91551.0,91630.4,91485.4,91613.2,227,1000,0
2025-07-31 11:30:00,91613.2,91636.9,91507.8,91633.3,171,1000,0
2025-07-31 11:40:00,91632.8,91666.2,91578.2,91580.1,227,1000,0
2025-07-31 11:50:00,91580.1,91588.0,91488.9,91503.4,242,1000,0
2025-07-31 12:00:00,91503.4,91660.7,91491.6,91552.1,191,1000,0
2025-07-31 12:10:00,91552.1,91565.5,91473.5,91544.3,148,1000,0
2025-07-31 12:20:00,91544.3,91550.2,91428.0,91445.2,163,1000,0
2025-07-31 12:30:00,91445.2,91447.7,91321.4,91378.6,124,1000,0
2025-07-31 12:40:00,91378.6,91386.4,91323.6,91348.7,134,1000,0
2025-07-31 12:50:00,91348.7,91449.1,91330.9,91413.4,159,1000,0
2025-07-31 13:00:00,91413.4,91413.4,91291.3,91297.0,95,1000,0
2025-07-31 13:10:00,91297.0,91309.7,91252.5,91263.2,106,1000,0
2025-07-31 13:20:00,91263.2,91279.0,91206.6,91206.6,136,1000,0
2025-07-31 13:30:00,91198.2,91206.0,91112.2,91133.1,204,1000,0
2025-07-31 13:40:00,91132.6,91136.7,91073.3,91100.7,208,1000,0
2025-07-31 13:50:00,91100.7,91100.7,90963.2,90987.1,178,1000,0
2025-07-31 14:00:00,90987.1,91000.1,90904.4,90973.5,169,1000,0
2025-07-31 14:10:00,90973.5,91042.8,90973.5,91042.7,157,1000,0
2025-07-31 14:20:00,91042.7,91064.9,90982.2,91004.6,143,1000,0
2025-07-31 14:30:00,91004.6,91017.1,90932.0,90987.9,149,1000,0
2025-07-31 14:40:00,90988.9,91001.4,90930.3,90990.8,132,1000,0
2025-07-31 14:50:00,90990.8,91002.7,90933.1,90953.7,138,1000,0
2025-07-31 15:00:00,90953.7,90953.7,90893.4,90929.9,199,1000,0
2025-07-31 15:10:00,90929.9,90996.2,90929.3,90996.2,110,1000,0
2025-07-31 15:20:00,90997.2,91003.1,90922.9,90924.3,165,1000,0
2025-07-31 15:30:00,90924.2,91044.5,90920.0,91011.4,156,1000,0
2025-07-31 15:40:00,91011.4,91131.4,91011.4,91080.2,121,1000,0
2025-07-31 15:50:00,91081.2,91125.9,90989.1,91039.0,151,1000,0
2025-07-31 16:00:00,91039.0,91063.3,90933.3,90939.4,189,1000,0
2025-07-31 16:10:00,90939.4,90962.2,90896.8,90906.9,170,1000,0
2025-07-31 16:20:00,90906.9,90964.0,90889.8,90889.8,179,1000,0
2025-07-31 16:30:00,90892.4,90964.6,90843.6,90938.3,276,1000,0
2025-07-31 16:40:00,90938.3,90972.1,90792.4,90894.8,240,1000,0
2025-07-31 16:50:00,90894.8,91036.8,90857.8,90963.2,223,1000,0
2025-07-31 17:00:00,90963.2,91138.3,90962.0,90999.2,193,1000,0
2025-07-31 17:10:00,91000.6,91037.8,90891.6,91032.0,251,1000,0
2025-07-31 17:20:00,91027.6,91039.0,90811.5,90824.2,312,1000,0
2025-07-31 17:30:00,90824.2,90896.9,90748.2,90893.9,365,1000,0
2025-07-31 17:40:00,90892.0,91007.1,90884.4,90905.1,315,1000,0
2025-07-31 17:50:00,90906.1,90906.1,90760.8,90791.4,232,1000,0
2025-07-31 18:00:00,90800.3,90825.5,90698.5,90761.9,313,1000,0
2025-07-31 18:10:00,90763.9,90779.7,90582.4,90587.9,242,1000,0
2025-07-31 18:20:00,90587.9,90644.3,90522.7,90523.7,253,1000,0
2025-08-01 09:30:00,90027.3,90151.1,89824.5,90057.0,109,1000,0
2025-08-01 09:40:00,90057.0,90221.3,90052.1,90207.4,105,1000,0
2025-08-01 09:50:00,90210.9,90240.1,90121.5,90163.1,62,1000,0
2025-08-01 10:00:00,90163.1,90263.1,89855.4,89865.3,243,1000,0
2025-08-01 10:10:00,89865.3,89865.4,89766.5,89766.5,149,1000,0
2025-08-01 11:00:00,89416.0,89416.5,89266.0,89412.0,232,1000,0
2025-08-01 11:10:00,89412.0,89505.0,89333.0,89505.0,285,1000,0
2025-08-01 11:20:00,89505.0,89621.0,89459.0,89484.0,295,1000,0
2025-08-01 11:30:00,89483.0,89521.5,89270.5,89506.0,331,1000,0
2025-08-01 11:40:00,89507.5,89613.1,89451.0,89554.7,217,1000,0
2025-08-01 11:50:00,89554.7,89583.8,89479.0,89489.9,203,1000,0
2025-08-01 12:00:00,89489.9,89627.1,89458.0,89587.6,314,1000,0
2025-08-01 12:10:00,89588.1,89626.5,89492.2,89555.1,233,1000,0
2025-08-01 12:20:00,89553.2,89579.7,89510.1,89542.5,220,1000,0
2025-08-01 12:30:00,89542.5,89575.9,89486.0,89518.0,153,1000,0
2025-08-01 12:40:00,89518.0,89556.8,89487.4,89514.1,177,1000,0
2025-08-01 12:50:00,89514.1,89599.0,89513.1,89547.6,135,1000,0
2025-08-01 13:00:00,89547.6,89632.9,89505.7,89546.7,156,1000,0
2025-08-01 13:10:00,89546.7,89575.7,89506.9,89567.9,171,1000,0
2025-08-01 13:20:00,89567.9,89597.0,89483.8,89582.5,251,1000,0
2025-08-01 13:30:00,89577.0,89607.5,89509.7,89549.6,188,1000,0
2025-08-01 13:40:00,89549.6,89607.8,89464.7,89521.7,151,1000,0
2025-08-01 13:50:00,89521.7,89583.1,89387.6,89392.8,139,1000,0
2025-08-01 14:00:00,89392.8,89465.6,89362.6,89404.8,147,1000,0
2025-08-01 14:10:00,89404.8,89464.8,89384.0,89395.8,169,1000,0
2025-08-01 14:20:00,89395.8,89509.5,89394.9,89499.0,150,1000,0
2025-08-01 14:30:00,89499.0,89536.5,89425.7,89531.9,166,1000,0
2025-08-01 14:40:00,89531.9,89538.0,89454.9,89498.6,148,1000,0
2025-08-01 14:50:00,89488.7,89515.8,89398.3,89494.3,229,1000,0
2025-08-01 15:00:00,89494.3,89583.2,89408.3,89576.3,255,1000,0
2025-08-01 15:10:00,89574.3,89575.7,89426.9,89554.3,221,1000,0
2025-08-01 15:20:00,89558.3,89642.7,89538.1,89622.8,230,1000,0
2025-08-01 15:30:00,89622.8,89817.9,89396.1,89786.2,380,1000,0
2025-08-01 15:40:00,89797.1,89984.5,89786.2,89973.5,260,1000,0
2025-08-01 15:50:00,89973.5,90077.6,89952.5,90023.9,211,1000,0
2025-08-01 16:00:00,90004.1,90104.5,89963.4,90042.1,265,1000,0
2025-08-01 16:10:00,90042.1,90193.1,90033.0,90180.0,320,1000,0
2025-08-01 16:20:00,90182.5,90220.5,90011.0,90073.1,341,1000,0
2025-08-01 16:30:00,90073.1,90149.5,89914.7,90026.4,495,1000,0
2025-08-01 16:40:00,90027.4,90048.2,89885.3,89896.1,312,1000,0
2025-08-01 16:50:00,89897.1,89920.8,89594.3,89608.6,207,1000,0
2025-08-01 17:00:00,89608.6,89807.6,89507.9,89764.7,388,1000,0
2025-08-01 17:10:00,89764.7,90065.3,89764.7,89997.9,251,1000,0
2025-08-01 17:20:00,89998.8,90117.7,89988.1,90071.3,245,1000,0
2025-08-01 17:30:00,90071.3,90165.1,90025.7,90133.3,241,1000,0
2025-08-01 17:40:00,90133.3,90315.1,90114.8,90239.7,257,1000,0
2025-08-01 17:50:00,90239.7,90254.0,90075.1,90101.3,423,1000,0
2025-08-01 18:00:00,90103.3,90124.6,89841.2,90054.0,256,1000,0
2025-08-01 18:10:00,90054.0,90089.1,89966.0,89999.2,160,1000,0
2025-08-01 18:20:00,89999.7,90008.6,89908.8,89954.3,106,1000,0
2025-08-04 09:30:00,90351.9,90592.5,90320.2,90553.0,96,1000,0
2025-08-04 09:40:00,90553.0,90662.0,90528.2,90662.0,88,1000,0
2025-08-04 09:50:00,90664.0,90793.2,90581.9,90678.0,119,1000,0
2025-08-04 10:00:00,90678.0,90796.4,90584.0,90653.4,521,1000,0
2025-08-04 10:10:00,90657.4,90736.6,90603.0,90718.7,448,1000,0
2025-08-04 10:20:00,90722.6,90737.4,90528.5,90529.6,229,1000,0
2025-08-04 10:30:00,90529.6,90648.4,90528.0,90551.6,118,1000,0
2025-08-04 10:40:00,90552.6,90767.1,90552.6,90762.5,177,1000,0
2025-08-04 10:50:00,90762.5,90787.3,90729.8,90774.7,103,1000,0
2025-08-04 11:00:00,90775.7,90852.4,90734.2,90737.5,237,1000,0
2025-08-04 11:10:00,90735.5,90756.2,90661.6,90697.7,272,1000,0
2025-08-04 11:20:00,90699.6,90816.4,90699.6,90803.6,137,1000,0
2025-08-04 11:30:00,90804.6,90870.7,90752.2,90846.3,202,1000,0
2025-08-04 11:40:00,90846.2,90848.6,90771.8,90828.3,186,1000,0
2025-08-04 11:50:00,90829.8,90908.0,90804.4,90905.8,173,1000,0
2025-08-04 12:00:00,90905.8,91030.6,90905.7,91015.8,198,1000,0
2025-08-04 12:10:00,91015.8,91059.2,90989.4,91058.8,159,1000,0
2025-08-04 12:20:00,91062.7,91088.7,90989.4,91041.3,173,1000,0
2025-08-04 12:30:00,91041.3,91110.1,91041.3,91063.0,144,1000,0
2025-08-04 12:40:00,91063.0,91140.7,91048.2,91129.1,187,1000,0
2025-08-04 12:50:00,91127.6,91140.8,91043.0,91063.9,240,1000,0
2025-08-04 13:00:00,91063.9,91139.0,91037.1,91123.6,141,1000,0
2025-08-04 13:10:00,91123.6,91123.6,91048.8,91086.3,171,1000,0
2025-08-04 13:20:00,91086.3,91107.0,91056.5,91071.6,171,1000,0
2025-08-04 13:30:00,91071.6,91112.4,91048.3,91073.6,163,1000,0
2025-08-04 13:40:00,91073.6,91169.8,91073.2,91144.3,143,1000,0
2025-08-04 13:50:00,91144.3,91235.7,91144.3,91200.4,188,1000,0
2025-08-04 14:00:00,91200.4,91202.4,91122.7,91174.1,182,1000,0
2025-08-04 14:10:00,91174.6,91233.0,91139.0,91214.3,159,1000,0
2025-08-04 14:20:00,91214.3,91233.9,91179.9,91194.5,130,1000,0
2025-08-04 14:30:00,91194.5,91264.9,91194.4,91251.0,122,1000,0
2025-08-04 14:40:00,91251.0,91268.4,91176.3,91185.2,125,1000,0
2025-08-04 14:50:00,91185.2,91237.4,91185.0,91207.7,141,1000,0
2025-08-04 15:00:00,91207.7,91292.0,91176.2,91178.2,170,1000,0
2025-08-04 15:10:00,91178.2,91239.5,91178.2,91217.5,154,1000,0
2025-08-04 15:20:00,91218.5,91242.8,91191.5,91212.4,116,1000,0
2025-08-04 15:30:00,91213.4,91256.5,91171.2,91252.7,215,1000,0
2025-08-04 15:40:00,91251.7,91320.2,91228.9,91318.6,190,1000,0
2025-08-04 15:50:00,91305.7,91381.4,91278.0,91345.6,168,1000,0
2025-08-04 16:00:00,91347.5,91422.3,91281.8,91315.8,242,1000,0
2025-08-04 16:10:00,91315.8,91379.4,91298.7,91298.7,206,1000,0
2025-08-04 16:20:00,91298.7,91321.2,91142.1,91172.7,353,1000,0
2025-08-04 16:30:00,91173.3,91342.1,91161.4,91302.9,310,1000,0
2025-08-04 16:40:00,91306.8,91329.1,91231.5,91279.1,390,1000,0
2025-08-04 16:50:00,91280.1,91308.8,91235.6,91257.3,404,1000,0
2025-08-04 17:00:00,91258.3,91285.0,91215.6,91255.1,432,1000,0
2025-08-04 17:10:00,91255.1,91277.7,91194.3,91221.2,428,1000,0
2025-08-04 17:20:00,91241.0,91457.4,91213.3,91439.1,356,1000,0
2025-08-04 17:30:00,91439.1,91606.1,91424.3,91589.5,410,1000,0
2025-08-04 17:40:00,91590.5,91673.3,91564.5,91619.2,397,1000,0
2025-08-04 17:50:00,91619.2,91651.5,91566.7,91651.5,208,1000,0
2025-08-04 18:00:00,91652.4,91920.5,91624.3,91882.9,485,1000,0
2025-08-04 18:10:00,91883.9,91917.6,91867.5,91917.6,219,1000,0
2025-08-04 18:20:00,91917.6,91991.1,91826.6,91976.3,263,1000,0
2025-08-05 09:30:00,91967.2,92244.5,91967.2,92138.7,116,1000,0
2025-08-05 09:40:00,92138.7,92165.5,92125.8,92165.5,51,1000,0
2025-08-05 09:50:00,92165.5,92233.1,92165.5,92225.1,66,1000,0
2025-08-05 10:00:00,92225.2,92485.6,92172.8,92178.7,301,1000,0
2025-08-05 10:10:00,92179.7,92180.7,91862.8,91985.7,327,1000,0
2025-08-05 10:20:00,91985.7,92002.6,91842.7,91848.6,194,1000,0
2025-08-05 10:30:00,91848.6,92037.3,91848.6,91900.4,177,1000,0
2025-08-05 10:40:00,91900.4,91979.3,91800.3,91979.3,263,1000,0
2025-08-05 10:50:00,91940.2,91998.8,91798.3,91897.0,171,1000,0
2025-08-05 11:00:00,91897.0,92005.2,91822.0,91849.0,311,1000,0
2025-08-05 11:10:00,91850.0,91938.5,91827.9,91879.6,318,1000,0
2025-08-05 11:20:00,91879.6,91977.2,91849.9,91903.6,296,1000,0
2025-08-05 11:30:00,91903.6,91987.6,91862.1,91975.8,309,1000,0
2025-08-05 11:40:00,91975.8,92001.8,91848.0,91895.0,389,1000,0
2025-08-05 11:50:00,91896.0,92054.8,91860.8,92053.8,232,1000,0
2025-08-05 12:00:00,92053.8,92195.3,91969.2,92056.3,128,1000,0
2025-08-05 12:10:00,92056.3,92076.7,91951.9,91978.3,205,1000,0
2025-08-05 12:20:00,92015.0,92097.0,91974.5,92026.7,197,1000,0
2025-08-05 12:30:00,92026.7,92062.5,91909.5,91960.9,187,1000,0
2025-08-05 12:40:00,91960.9,91981.5,91908.8,91968.3,100,1000,0
2025-08-05 12:50:00,91968.3,92031.9,91943.8,92008.2,103,1000,0
2025-08-05 13:00:00,92008.2,92044.6,91951.4,92005.3,161,1000,0
2025-08-05 13:10:00,92006.3,92020.0,91940.0,91986.8,183,1000,0
2025-08-05 13:20:00,91986.8,92014.0,91905.9,91931.8,165,1000,0
2025-08-05 13:30:00,91931.8,92004.9,91903.7,91988.2,115,1000,0
2025-08-05 13:40:00,91988.2,92122.7,91988.2,92031.3,68,1000,0
2025-08-05 13:50:00,92031.3,92098.4,92015.5,92044.3,103,1000,0
2025-08-05 14:00:00,92044.3,92114.2,92016.7,92030.3,122,1000,0
2025-08-05 14:10:00,92030.3,92068.0,91936.5,91982.4,150,1000,0
2025-08-05 14:20:00,91982.4,92001.0,91908.0,91925.0,143,1000,0
2025-08-05 14:30:00,91925.0,91964.4,91880.9,91945.7,170,1000,0
2025-08-05 14:40:00,91945.7,92031.2,91907.8,91996.9,113,1000,0
2025-08-05 14:50:00,91996.9,92031.0,91940.7,92010.7,86,1000,0
2025-08-05 15:00:00,92010.7,92067.0,92010.7,92066.5,84,1000,0
2025-08-05 15:10:00,92066.5,92095.8,91975.3,92018.9,158,1000,0
2025-08-05 15:20:00,92018.9,92115.0,91996.7,92071.3,216,1000,0
2025-08-05 15:30:00,92074.2,92307.6,92072.3,92303.5,254,1000,0
2025-08-05 15:40:00,92303.5,92303.5,92202.6,92237.6,169,1000,0
2025-08-05 15:50:00,92237.1,92282.9,92186.5,92230.0,203,1000,0
2025-08-05 16:00:00,92231.0,92283.2,92087.4,92148.4,237,1000,0
2025-08-05 16:10:00,92147.4,92249.3,92087.1,92193.4,136,1000,0
2025-08-05 16:20:00,92193.4,92195.1,92045.1,92045.2,139,1000,0
2025-08-05 16:30:00,92045.2,92256.8,91943.0,92227.1,169,1000,0
2025-08-05 16:40:00,92228.1,92308.3,92191.1,92274.5,238,1000,0
2025-08-05 16:50:00,92275.5,92299.4,92146.9,92178.4,177,1000,0
2025-08-05 17:00:00,92178.4,92186.3,92082.5,92150.8,172,1000,0
2025-08-05 17:10:00,92150.8,92160.4,92044.4,92103.5,206,1000,0
2025-08-05 17:20:00,92103.5,92177.3,92069.6,92128.4,155,1000,0
2025-08-05 17:30:00,92128.4,92193.9,92103.3,92164.6,296,1000,0
2025-08-05 17:40:00,92165.5,92215.5,92027.4,92047.2,243,1000,0
2025-08-05 17:50:00,92047.2,92143.4,91977.9,92113.7,147,1000,0
2025-08-05 18:00:00,92107.7,92403.9,92107.7,92246.5,275,1000,0
2025-08-05 18:10:00,92246.5,92263.4,92186.1,92235.8,188,1000,0
2025-08-05 18:20:00,92235.8,92474.5,92235.8,92447.8,195,1000,0
2025-08-06 09:30:00,92631.8,92797.3,92631.8,92734.9,88,1000,0
2025-08-06 09:40:00,92734.9,92776.6,92539.9,92606.3,123,1000,0
2025-08-06 09:50:00,92609.3,92635.1,92560.9,92565.8,58,1000,0
2025-08-06 10:00:00,92565.8,92739.2,92545.0,92670.0,258,1000,0
2025-08-06 10:10:00,92672.0,92867.0,92563.0,92834.9,277,1000,0
2025-08-06 10:20:00,92845.3,92845.3,92704.9,92752.4,252,1000,0
2025-08-06 10:30:00,92752.9,92765.6,92689.7,92735.6,206,1000,0
2025-08-06 10:40:00,92738.6,92799.6,92695.3,92750.1,279,1000,0
2025-08-06 10:50:00,92756.5,92787.3,92705.0,92771.0,255,1000,0
2025-08-06 11:00:00,92772.5,92778.8,92714.4,92760.6,217,1000,0
2025-08-06 11:10:00,92760.6,92767.1,92589.8,92599.0,221,1000,0
2025-08-06 11:20:00,92598.0,92599.0,92489.4,92517.5,222,1000,0
2025-08-06 11:30:00,92517.5,92596.9,92497.1,92594.4,222,1000,0
2025-08-06 11:40:00,92594.4,92699.8,92571.4,92677.8,199,1000,0
2025-08-06 11:50:00,92677.8,92677.8,92527.1,92574.6,162,1000,0
2025-08-06 12:00:00,92574.6,92623.4,92529.8,92563.7,238,1000,0
2025-08-06 12:10:00,92563.7,92649.3,92563.7,92644.0,158,1000,0
2025-08-06 12:20:00,92644.0,92663.2,92581.5,92582.6,154,1000,0
2025-08-06 12:30:00,92582.6,92605.5,92537.3,92578.4,169,1000,0
2025-08-06 12:40:00,92578.4,92592.0,92561.8,92572.9,180,1000,0
2025-08-06 12:50:00,92572.9,92583.7,92505.8,92558.2,190,1000,0
2025-08-06 13:00:00,92558.2,92600.5,92545.3,92595.6,142,1000,0
2025-08-06 13:10:00,92595.6,92639.7,92569.9,92610.0,178,1000,0
2025-08-06 13:20:00,92611.0,92662.3,92611.0,92645.5,138,1000,0
2025-08-06 13:30:00,92645.5,92655.2,92581.9,92608.0,118,1000,0
2025-08-06 13:40:00,92608.0,92621.0,92564.1,92567.9,181,1000,0
2025-08-06 13:50:00,92567.9,92584.8,92502.8,92514.7,136,1000,0
2025-08-06 14:00:00,92514.6,92525.5,92455.5,92497.5,140,1000,0
2025-08-06 14:10:00,92497.5,92564.5,92455.2,92532.1,107,1000,0
2025-08-06 14:20:00,92532.1,92576.1,92501.2,92549.2,147,1000,0
2025-08-06 14:30:00,92549.2,92597.2,92524.6,92556.7,130,1000,0
2025-08-06 14:40:00,92556.7,92612.6,92511.4,92523.3,102,1000,0
2025-08-06 14:50:00,92523.3,92552.1,92422.1,92431.1,135,1000,0
2025-08-06 15:00:00,92433.0,92444.5,92349.3,92355.3,120,1000,0
2025-08-06 15:10:00,92353.8,92400.9,92327.4,92367.2,150,1000,0
2025-08-06 15:20:00,92367.2,92379.1,92327.6,92364.5,144,1000,0
2025-08-06 15:30:00,92364.5,92407.6,92327.9,92402.6,94,1000,0
2025-08-06 15:40:00,92402.6,92429.1,92353.0,92386.2,128,1000,0
2025-08-06 15:50:00,92386.2,92497.1,92385.3,92466.7,106,1000,0
2025-08-06 16:00:00,92466.7,92516.7,92435.3,92438.1,149,1000,0
2025-08-06 16:10:00,92438.1,92458.2,92419.1,92450.3,98,1000,0
2025-08-06 16:20:00,92450.3,92483.9,92415.5,92459.1,105,1000,0
2025-08-06 16:30:00,92460.1,92582.7,92432.7,92458.7,308,1000,0
2025-08-06 16:40:00,92458.7,92514.0,92457.1,92511.8,243,1000,0
2025-08-06 16:50:00,92511.8,92573.0,92455.7,92475.6,311,1000,0
2025-08-06 17:00:00,92475.6,92615.7,92435.9,92580.0,211,1000,0
2025-08-06 17:10:00,92581.0,92674.7,92516.4,92654.7,194,1000,0
2025-08-06 17:20:00,92654.7,92728.7,92631.5,92642.9,201,1000,0
2025-08-06 17:30:00,92642.9,92767.6,92607.0,92744.8,353,1000,0
2025-08-06 17:40:00,92744.8,92830.6,92654.1,92657.1,290,1000,0
2025-08-06 17:50:00,92657.1,92710.7,92625.5,92690.0,167,1000,0
2025-08-06 18:00:00,92690.0,92836.2,92577.0,92792.2,273,1000,0
2025-08-06 18:10:00,92792.2,92792.2,92667.4,92673.4,90,1000,0
2025-08-06 18:20:00,92673.8,92721.1,92643.1,92720.1,178,1000,0
2025-08-07 09:30:00,92728.9,92840.1,92706.1,92718.2,70,1490,0
2025-08-07 09:40:00,92718.2,92790.6,92718.2,92754.0,54,1000,0
2025-08-07 09:50:00,92754.0,92794.8,92721.4,92722.5,42,1000,0
2025-08-07 10:00:00,92722.5,92963.9,92663.0,92907.0,338,1000,0
2025-08-07 10:10:00,92908.0,93077.5,92886.2,93000.0,298,1000,0
2025-08-07 10:20:00,93002.0,93109.2,92935.8,93078.3,250,1000,0
2025-08-07 10:30:00,93078.4,93204.5,93078.4,93178.9,326,1000,0
2025-08-07 10:40:00,93178.9,93206.4,93114.6,93185.4,239,1000,0
2025-08-07 10:50:00,93185.4,93372.3,93174.5,93350.2,282,1000,0
2025-08-07 11:00:00,93345.2,93416.6,93287.4,93334.3,364,1000,0
2025-08-07 11:10:00,93336.3,93380.9,93235.9,93329.0,240,1000,0
2025-08-07 11:20:00,93328.9,93328.9,93222.0,93286.4,151,1000,0
2025-08-07 11:30:00,93286.4,93400.0,93274.5,93317.9,154,1000,0
2025-08-07 11:40:00,93317.9,93324.3,93245.7,93261.4,201,1000,0
2025-08-07 11:50:00,93262.3,93332.5,93206.2,93213.0,90,1000,0
2025-08-07 12:00:00,93213.0,93249.5,93155.7,93237.2,129,1000,0
2025-08-07 12:10:00,93237.2,93454.9,93231.3,93441.5,184,1000,0
2025-08-07 12:20:00,93441.5,93504.8,93410.7,93495.9,99,1000,0
2025-08-07 12:30:00,93495.9,93530.9,93373.5,93400.2,87,1000,0
2025-08-07 12:40:00,93400.2,93432.3,93329.5,93404.5,135,1000,0
2025-08-07 12:50:00,93404.5,93451.1,93373.8,93450.9,56,1000,0
2025-08-07 13:00:00,93408.3,93545.8,93376.4,93522.0,118,1000,0
2025-08-07 13:10:00,93522.0,93553.5,93457.8,93501.6,201,1000,0
2025-08-07 13:20:00,93501.6,93501.6,93375.5,93376.9,172,1000,0
2025-08-07 13:30:00,93376.9,93428.1,93375.9,93426.3,91,1000,0
2025-08-07 13:40:00,93426.3,93456.5,93376.8,93402.0,102,1000,0
2025-08-07 13:50:00,93390.1,93427.4,93289.3,93291.3,106,1000,0
2025-08-07 14:00:00,93291.3,93300.4,93229.7,93277.1,82,2480,0
2025-08-07 14:10:00,93277.1,93330.9,93223.2,93328.9,100,1000,0
2025-08-07 14:20:00,93328.9,93484.1,93316.3,93409.6,122,1000,0
2025-08-07 14:30:00,93409.5,93442.7,93365.4,93409.8,103,1000,0
2025-08-07 14:40:00,93409.8,93506.7,93409.8,93477.7,103,1000,0
2025-08-07 14:50:00,93477.7,93602.2,93477.7,93542.1,104,1000,0
2025-08-07 15:00:00,93542.1,93607.1,93500.8,93505.7,129,1000,0
2025-08-07 15:10:00,93500.2,93570.5,93466.0,93532.1,92,1000,0
2025-08-07 15:20:00,93532.1,93548.0,93467.7,93504.2,77,1000,0
2025-08-07 15:30:00,93503.2,93646.0,93483.8,93579.8,145,1000,0
2025-08-07 15:40:00,93578.8,93648.2,93555.1,93570.5,89,1000,0
2025-08-07 15:50:00,93570.5,93627.4,93567.7,93574.5,108,1000,0
2025-08-07 16:00:00,93574.5,93664.9,93515.4,93535.9,116,1000,0
2025-08-07 16:10:00,93535.9,93536.7,93405.8,93413.7,93,1000,0
2025-08-07 16:20:00,93413.7,93502.3,93413.7,93474.8,98,1000,0
2025-08-07 16:30:00,93474.8,93543.9,93428.3,93501.1,189,1000,0
2025-08-07 16:40:00,93501.1,93537.5,93416.9,93419.9,205,1000,0
2025-08-07 16:50:00,93419.9,93515.9,93416.8,93417.8,119,1000,0
2025-08-07 17:00:00,93417.8,93484.6,93340.0,93370.1,222,1000,0
2025-08-07 17:10:00,93369.1,93372.8,93282.4,93317.2,281,1000,0
2025-08-07 17:20:00,93317.2,93386.6,93287.4,93317.7,231,1000,0
2025-08-07 17:30:00,93322.7,93446.6,93313.9,93401.1,202,1000,0
2025-08-07 17:40:00,93401.1,93482.7,93401.1,93419.6,172,1000,0
2025-08-07 17:50:00,93419.6,93435.9,93251.7,93263.1,196,1000,0
2025-08-07 18:00:00,93263.1,93469.9,93233.4,93417.9,296,1000,0
2025-08-07 18:10:00,93427.8,93456.0,93223.7,93223.7,194,1000,0
2025-08-07 18:20:00,93226.2,93332.9,93208.5,93283.4,199,1000,0
2025-08-08 09:30:00,93197.4,93279.2,93109.1,93202.4,63,1000,0
2025-08-08 09:40:00,93202.4,93459.3,93202.4,93459.3,60,1000,0
2025-08-08 09:50:00,93459.3,93477.1,93350.3,93409.9,85,1000,0
2025-08-08 10:00:00,93409.9,93749.9,93409.9,93656.8,228,1000,0
2025-08-08 10:10:00,93657.8,93657.8,93530.0,93624.6,137,1000,0
2025-08-08 10:20:00,93624.6,93698.2,93432.7,93498.4,129,1000,0
2025-08-08 10:30:00,93498.4,93590.3,93435.4,93443.2,206,1000,0
2025-08-08 10:40:00,93443.2,93574.2,93431.2,93574.2,121,1000,0
2025-08-08 10:50:00,93574.2,93606.9,93506.7,93583.9,55,1000,0
2025-08-08 11:00:00,93585.9,93616.2,93543.0,93609.0,97,1000,0
2025-08-08 11:10:00,93609.0,93693.8,93465.3,93477.2,88,1000,0
2025-08-08 11:20:00,93477.2,93500.0,93432.6,93449.7,128,1000,0
2025-08-08 11:30:00,93449.7,93470.3,93389.7,93395.5,126,1000,0
2025-08-08 11:40:00,93395.5,93423.5,93342.5,93358.3,158,1000,0
2025-08-08 11:50:00,93358.3,93431.4,93334.5,93358.4,158,1000,0
2025-08-08 12:00:00,93354.0,93417.6,93335.2,93396.3,166,1000,0
2025-08-08 12:10:00,93397.3,93438.3,93366.7,93418.5,142,1000,0
2025-08-08 12:20:00,93419.5,93510.8,93419.5,93510.8,134,1000,0
2025-08-08 12:30:00,93510.8,93519.2,93452.6,93483.9,95,1000,0
2025-08-08 12:40:00,93483.9,93516.2,93454.9,93485.9,92,1000,0
2025-08-08 12:50:00,93485.9,93505.6,93453.5,93483.4,107,1000,0
2025-08-08 13:00:00,93482.4,93515.3,93451.3,93476.2,134,1000,0
2025-08-08 13:10:00,93476.2,93485.8,93455.6,93462.5,72,1000,0
2025-08-08 13:20:00,93462.5,93471.1,93442.3,93456.3,112,1000,0
2025-08-08 13:30:00,93456.3,93475.6,93374.9,93397.7,102,1000,0
2025-08-08 13:40:00,93397.7,93400.3,93355.3,93383.0,65,1000,0
2025-08-08 13:50:00,93383.0,93420.1,93381.5,93383.5,51,1000,0
2025-08-08 14:00:00,93383.5,93434.1,93381.4,93401.4,109,1000,0
2025-08-08 14:10:00,93401.4,93473.2,93401.3,93471.1,44,1000,0
2025-08-08 14:20:00,93471.1,93471.1,93424.2,93445.0,50,1000,0
2025-08-08 14:30:00,93445.0,93497.9,93445.0,93479.4,102,1000,0
2025-08-08 14:40:00,93480.4,93545.9,93477.5,93545.9,115,1000,0
2025-08-08 14:50:00,93545.9,93605.9,93545.9,93567.9,74,1000,0
2025-08-08 15:00:00,93567.9,93608.0,93557.3,93608.0,74,1000,0
2025-08-08 15:10:00,93608.5,93632.4,93544.2,93545.2,92,1000,0
2025-08-08 15:20:00,93547.2,93579.7,93491.3,93564.3,200,1000,0
2025-08-08 15:30:00,93564.3,93626.9,93543.6,93591.4,179,1000,0
2025-08-08 15:40:00,93591.4,93618.9,93543.1,93582.8,166,1000,0
2025-08-08 15:50:00,93582.7,93661.9,93544.8,93570.4,146,1000,0
2025-08-08 16:00:00,93570.4,93623.4,93511.5,93531.3,130,1000,0
2025-08-08 16:10:00,93531.8,93548.4,93510.2,93514.0,111,1000,0
2025-08-08 16:20:00,93514.0,93515.9,93468.3,93489.7,156,1000,0
2025-08-08 16:30:00,93490.7,93492.7,93321.0,93354.6,232,1000,0
2025-08-08 16:40:00,93354.6,93378.9,93302.2,93335.4,107,1000,0
2025-08-08 16:50:00,93335.4,93369.5,93271.5,93271.5,146,1000,0
2025-08-08 17:00:00,93271.5,93353.0,93271.5,93277.4,134,1000,0
2025-08-08 17:10:00,93278.4,93298.3,93243.5,93259.6,156,1000,0
2025-08-08 17:20:00,93262.5,93297.6,93245.9,93280.8,163,1000,0
2025-08-08 17:30:00,93280.8,93409.2,93270.5,93395.2,153,1000,0
2025-08-08 17:40:00,93394.7,93414.5,93353.7,93379.6,220,1000,0
2025-08-08 17:50:00,93379.6,93545.7,93379.6,93511.5,159,1000,0
2025-08-08 18:00:00,93512.5,93669.7,93512.5,93557.3,114,1000,0
2025-08-08 18:10:00,93557.3,93602.4,93391.3,93443.4,180,1000,0
2025-08-08 18:20:00,93444.4,93497.1,93350.8,93395.0,145,1000,0
2025-08-11 09:30:00,93497.3,93566.8,93462.7,93526.2,104,1000,0
2025-08-11 09:40:00,93526.2,93563.0,93494.6,93495.6,96,1000,0
2025-08-11 09:50:00,93495.6,93576.0,93452.2,93506.7,41,1000,0
2025-08-11 10:00:00,93506.7,93642.7,93452.2,93547.6,243,1000,0
2025-08-11 10:10:00,93547.6,93563.5,93427.6,93553.7,212,1000,0
2025-08-11 10:20:00,93553.7,93623.5,93471.4,93623.4,268,1000,0
2025-08-11 10:30:00,93621.5,93707.5,93501.5,93707.4,238,1000,0
2025-08-11 10:40:00,93707.4,93728.7,93589.9,93601.0,200,1000,0
2025-08-11 10:50:00,93601.0,93603.0,93400.8,93462.5,280,1000,0
2025-08-11 11:00:00,93462.5,93494.6,93408.2,93455.0,119,1000,0
2025-08-11 11:10:00,93457.0,93494.7,93457.0,93471.9,89,1000,0
2025-08-11 11:20:00,93471.9,93548.8,93471.9,93548.8,83,1000,0
2025-08-11 11:30:00,93549.8,93551.2,93483.8,93508.0,130,1000,0
2025-08-11 11:40:00,93508.0,93585.7,93507.5,93569.8,123,1000,0
2025-08-11 11:50:00,93569.8,93628.0,93569.8,93585.2,64,1000,0
2025-08-11 12:00:00,93585.2,93654.3,93535.7,93544.4,138,1000,0
2025-08-11 12:10:00,93545.3,93574.5,93452.4,93464.5,162,1000,0
2025-08-11 12:20:00,93464.5,93484.4,93377.0,93403.0,156,1000,0
2025-08-11 12:30:00,93404.0,93418.0,93335.9,93404.1,178,1000,0
2025-08-11 12:40:00,93407.1,93442.0,93403.8,93439.5,166,1000,0
2025-08-11 12:50:00,93439.5,93481.5,93375.2,93395.9,181,1000,0
2025-08-11 13:00:00,93395.9,93404.0,93351.7,93368.7,142,1000,0
2025-08-11 13:10:00,93368.2,93398.3,93355.2,93380.6,100,1000,0
2025-08-11 13:20:00,93380.6,93456.4,93380.6,93427.7,100,1000,0
2025-08-11 13:30:00,93427.7,93433.7,93362.0,93362.9,109,1000,0
2025-08-11 13:40:00,93362.9,93370.2,93350.6,93351.5,95,1000,0
2025-08-11 13:50:00,93350.5,93359.2,93306.7,93359.2,118,1000,0
2025-08-11 14:00:00,93359.2,93368.0,93306.2,93321.6,125,1000,0
2025-08-11 14:10:00,93322.0,93322.0,93203.3,93260.1,120,1000,0
2025-08-11 14:20:00,93260.1,93275.4,93206.6,93217.9,104,1000,0
2025-08-11 14:30:00,93217.9,93377.5,93217.9,93377.5,134,1000,0
2025-08-11 14:40:00,93377.5,93399.2,93337.7,93363.0,90,1000,0
2025-08-11 14:50:00,93363.0,93363.9,93206.9,93212.1,123,1000,0
2025-08-11 15:00:00,93210.1,93233.8,93101.2,93135.1,185,1000,0
2025-08-11 15:10:00,93133.7,93133.7,93011.1,93021.8,196,1000,0
2025-08-11 15:20:00,93023.8,93070.6,93003.5,93010.9,139,1000,0
2025-08-11 15:30:00,93010.9,93061.3,92943.8,93036.5,116,1000,0
2025-08-11 15:40:00,93036.5,93066.7,92991.6,93009.7,171,1000,0
2025-08-11 15:50:00,93009.7,93064.3,92944.7,92959.9,186,1000,0
2025-08-11 16:00:00,92959.9,92994.3,92942.7,92945.7,226,1000,0
2025-08-11 16:10:00,92945.7,93029.2,92945.7,92990.6,222,1000,0
2025-08-11 16:20:00,92990.6,92990.6,92912.4,92921.2,202,1000,0
2025-08-11 16:30:00,92922.2,93095.2,92842.7,93011.1,221,1000,0
2025-08-11 16:40:00,93011.1,93129.9,92994.5,93102.0,198,1000,0
2025-08-11 16:50:00,93102.0,93189.1,93093.0,93188.6,279,1000,0
2025-08-11 17:00:00,93189.1,93268.7,93125.0,93140.9,194,1000,0
2025-08-11 17:10:00,93128.6,93292.1,93092.3,93274.5,137,1000,0
2025-08-11 17:20:00,93274.5,93302.9,93147.4,93159.8,187,1000,0
2025-08-11 17:30:00,93159.8,93249.8,93121.6,93125.6,237,1000,0
2025-08-11 17:40:00,93125.6,93230.3,93125.6,93182.7,186,1000,0
2025-08-11 17:50:00,93182.7,93273.5,93176.7,93253.2,236,1000,0
2025-08-11 18:00:00,93253.2,93326.0,93241.9,93251.4,193,1000,0
2025-08-11 18:10:00,93246.4,93335.8,93223.1,93335.8,80,1000,0
2025-08-11 18:20:00,93335.2,93396.7,93322.9,93333.9,89,1000,0
2025-08-12 09:30:00,93313.6,93465.4,93313.6,93348.5,54,1000,0
2025-08-12 09:40:00,93348.5,93546.9,93348.5,93526.1,39,1000,0
2025-08-12 09:50:00,93526.1,93531.0,93446.8,93455.8,53,1000,0
2025-08-12 10:00:00,93455.8,93734.5,93432.5,93695.9,312,1000,0
2025-08-12 10:10:00,93694.9,93778.6,93555.8,93729.0,456,1000,0
2025-08-12 10:20:00,93729.0,93736.9,93534.4,93711.4,265,1000,0
2025-08-12 10:30:00,93711.4,93832.5,93593.2,93806.8,283,1000,0
2025-08-12 10:40:00,93805.3,93866.2,93754.3,93806.4,236,1000,0
2025-08-12 10:50:00,93805.9,93839.4,93740.5,93781.3,151,1000,0
2025-08-12 11:00:00,93781.3,93810.0,93738.5,93780.2,183,1000,0
2025-08-12 11:10:00,93779.2,93797.7,93751.6,93796.3,125,1000,0
2025-08-12 11:20:00,93797.3,93810.6,93665.4,93669.4,142,1000,0
2025-08-12 11:30:00,93669.4,93704.8,93603.8,93604.7,180,1000,0
2025-08-12 11:40:00,93604.7,93700.1,93604.7,93645.9,185,1000,0
2025-08-12 11:50:00,93645.9,93725.6,93645.9,93708.0,116,1000,0
2025-08-12 12:00:00,93709.0,93710.5,93653.4,93675.6,143,1000,0
2025-08-12 12:10:00,93675.6,93694.1,93652.9,93678.2,139,1000,0
2025-08-12 12:20:00,93679.7,93695.2,93628.7,93633.9,112,1000,0
2025-08-12 12:30:00,93633.9,93690.7,93612.9,93679.4,210,1000,0
2025-08-12 12:40:00,93679.4,93702.4,93605.4,93663.8,201,1000,0
2025-08-12 12:50:00,93663.8,93682.1,93563.2,93629.4,186,1000,0
2025-08-12 13:00:00,93629.4,93629.4,93531.9,93560.6,150,1000,0
2025-08-12 13:10:00,93560.6,93590.9,93531.8,93577.6,125,1000,0
2025-08-12 13:20:00,93577.7,93597.6,93542.9,93543.6,176,1000,0
2025-08-12 13:30:00,93544.7,93587.3,93528.7,93569.3,173,1000,0
2025-08-12 13:40:00,93569.3,93615.0,93567.3,93609.2,129,1000,0
2025-08-12 13:50:00,93609.2,93619.6,93551.2,93601.3,121,1000,0
2025-08-12 14:00:00,93569.6,93619.0,93519.3,93559.1,146,1000,0
2025-08-12 14:10:00,93559.1,93613.9,93540.5,93594.2,155,1000,0
2025-08-12 14:20:00,93594.2,93610.1,93559.5,93596.7,180,1000,0
2025-08-12 14:30:00,93596.6,93601.1,93488.2,93488.2,127,1000,0
2025-08-12 14:40:00,93488.2,93504.6,93458.3,93472.1,141,1000,0
2025-08-12 14:50:00,93475.1,93529.5,93475.1,93515.8,129,1000,0
2025-08-12 15:00:00,93515.8,93545.3,93469.3,93518.8,127,1000,0
2025-08-12 15:10:00,93518.8,93568.9,93503.0,93526.8,174,1000,0
2025-08-12 15:20:00,93526.8,93627.6,93498.7,93571.2,191,1000,0
2025-08-12 15:30:00,93571.2,93821.4,93571.2,93821.2,245,1000,0
2025-08-12 15:40:00,93821.2,93997.1,93821.2,93908.7,397,1000,0
2025-08-12 15:50:00,93908.7,93959.9,93874.4,93874.4,287,1000,0
2025-08-12 16:00:00,93859.5,93861.5,93765.2,93793.6,228,1000,0
2025-08-12 16:10:00,93793.6,93947.7,93775.7,93930.9,287,1000,0
2025-08-12 16:20:00,93936.8,93941.3,93794.7,93800.7,193,1000,0
2025-08-12 16:30:00,93800.7,93814.6,93610.7,93610.7,260,1000,0
2025-08-12 16:40:00,93610.7,93783.1,93610.7,93783.1,214,1000,0
2025-08-12 16:50:00,93783.1,93786.6,93706.6,93749.8,170,1000,0
2025-08-12 17:00:00,93749.8,93803.5,93668.4,93723.7,237,1000,0
2025-08-12 17:10:00,93723.7,93723.7,93621.6,93627.1,173,1000,0
2025-08-12 17:20:00,93627.7,93730.7,93626.6,93716.5,194,1000,0
2025-08-12 17:30:00,93675.4,93746.9,93663.5,93729.1,223,1000,0
2025-08-12 17:40:00,93728.6,93824.8,93726.6,93755.2,238,1000,0
2025-08-12 17:50:00,93755.2,93867.2,93755.2,93864.4,181,1000,0
2025-08-12 18:00:00,93865.4,94021.2,93811.9,93995.4,246,1000,0
2025-08-12 18:10:00,93994.4,94049.0,93993.9,94045.1,79,1000,0
2025-08-12 18:20:00,94046.1,94150.8,93991.6,94138.5,142,1000,0
2025-08-13 09:30:00,94393.9,94654.7,94393.9,94577.5,266,1000,0
2025-08-13 09:40:00,94563.6,94564.6,94407.1,94419.0,125,1000,0
2025-08-13 09:50:00,94420.0,94476.1,94420.0,94441.0,54,1000,0
2025-08-13 10:00:00,94441.0,94555.5,94408.2,94499.6,245,1000,0
2025-08-13 10:10:00,94499.6,94726.7,94499.6,94719.8,190,1000,0
2025-08-13 10:20:00,94720.8,94803.8,94714.7,94791.5,230,1000,0
2025-08-13 10:30:00,94791.5,94970.1,94791.5,94939.2,314,1000,0
2025-08-13 10:40:00,94940.7,94958.2,94848.3,94944.9,243,1000,0
2025-08-13 10:50:00,94944.9,94950.9,94851.3,94855.8,204,1000,0
2025-08-13 11:00:00,94857.7,94897.0,94822.0,94835.0,186,1000,0
2025-08-13 11:10:00,94836.0,94915.8,94823.1,94823.1,185,1000,0
2025-08-13 11:20:00,94823.1,94876.5,94788.6,94790.5,147,1000,0
2025-08-13 11:30:00,94790.5,94838.4,94695.7,94743.1,190,1000,0
2025-08-13 11:40:00,94743.1,94792.4,94723.2,94769.7,165,1000,0
2025-08-13 11:50:00,94769.7,94803.6,94765.1,94789.7,95,1000,0
2025-08-13 12:00:00,94789.8,94840.0,94760.4,94840.0,177,1000,0
2025-08-13 12:10:00,94843.9,94861.9,94767.3,94804.6,188,1000,0
2025-08-13 12:20:00,94804.6,94927.9,94778.4,94905.1,170,1000,0
2025-08-13 12:30:00,94907.1,94946.2,94870.9,94893.0,81,1000,0
2025-08-13 12:40:00,94893.0,94953.6,94893.0,94947.8,84,1000,0
2025-08-13 12:50:00,94947.8,94974.4,94925.0,94942.1,124,1000,0
2025-08-13 13:00:00,94942.1,95066.1,94942.1,95066.1,151,1000,0
2025-08-13 13:10:00,95068.1,95080.5,95041.8,95076.7,136,1000,0
2025-08-13 13:20:00,95076.7,95082.4,94944.2,94948.2,126,1000,0
2025-08-13 13:30:00,94949.2,95025.9,94949.1,95025.5,78,1000,0
2025-08-13 13:40:00,95025.5,95035.5,94983.9,95035.5,106,1000,0
2025-08-13 13:50:00,95035.5,95041.2,94991.4,95034.6,87,1000,0
2025-08-13 14:00:00,95035.6,95041.7,94995.6,94998.2,80,1000,0
2025-08-13 14:10:00,94998.2,95052.1,94976.4,95023.0,121,1000,0
2025-08-13 14:20:00,95023.0,95061.9,94982.9,95023.5,86,1000,0
2025-08-13 14:30:00,95023.5,95023.5,94982.5,95005.8,44,1000,0
2025-08-13 14:40:00,95005.8,95051.6,94997.5,95044.1,76,1000,0
2025-08-13 14:50:00,95044.1,95071.9,94983.3,95071.9,62,1000,0
2025-08-13 15:00:00,95071.9,95191.6,95071.9,95134.4,162,1000,0
2025-08-13 15:10:00,95134.4,95158.1,95099.7,95135.4,191,1000,0
2025-08-13 15:20:00,95136.4,95238.6,95136.4,95175.2,140,1000,0
2025-08-13 15:30:00,95175.2,95176.1,95088.7,95125.0,199,1000,0
2025-08-13 15:40:00,95125.0,95126.9,95012.1,95032.8,143,1000,0
2025-08-13 15:50:00,95032.8,95074.9,94839.2,94839.2,222,1000,0
2025-08-13 16:00:00,94839.2,94993.5,94827.3,94928.6,96,1000,0
2025-08-13 16:10:00,94928.6,94954.4,94824.7,94873.7,104,1000,0
2025-08-13 16:20:00,94875.7,94875.7,94784.5,94818.0,170,1000,0
2025-08-13 16:30:00,94818.0,94851.4,94721.8,94832.0,308,1000,0
2025-08-13 16:40:00,94832.0,95033.3,94816.1,94911.2,279,1000,0
2025-08-13 16:50:00,94911.2,95039.4,94910.0,95014.7,340,1000,0
2025-08-13 17:00:00,95015.2,95021.1,94929.0,94980.5,235,1000,0
2025-08-13 17:10:00,94982.0,94989.4,94882.8,94894.6,219,1000,0
2025-08-13 17:20:00,94901.5,94924.3,94814.4,94814.4,279,1000,0
2025-08-13 17:30:00,94814.4,94849.5,94777.9,94829.3,225,1000,0
2025-08-13 17:40:00,94829.3,94870.7,94785.4,94870.7,313,1000,0
2025-08-13 17:50:00,94871.7,95035.9,94798.8,94992.8,270,1000,0
2025-08-13 18:00:00,94992.8,95127.9,94933.3,95084.2,277,1000,0
2025-08-13 18:10:00,95084.2,95103.1,95019.9,95051.7,110,1000,0
2025-08-13 18:20:00,95051.7,95251.2,95051.7,95250.2,147,1000,0
2025-08-14 09:30:00,94826.1,94950.2,94826.1,94891.7,121,1000,0
2025-08-14 09:40:00,94891.7,94938.4,94677.6,94735.1,148,1000,0
2025-08-14 09:50:00,94729.2,94890.9,94720.3,94771.0,78,1000,0
2025-08-14 10:00:00,94771.0,95039.0,94771.0,94969.6,302,1000,0
2025-08-14 10:10:00,94969.6,95120.3,94926.7,94956.7,392,1000,0
2025-08-14 10:20:00,94950.8,94984.9,94908.4,94919.0,389,1000,0
2025-08-14 10:30:00,94919.0,95136.5,94917.2,95099.6,231,1000,0
2025-08-14 10:40:00,95099.6,95109.1,94975.1,95038.4,201,1000,0
2025-08-14 10:50:00,95038.4,95050.3,94942.3,94982.2,132,1000,0
2025-08-14 11:00:00,94982.3,95045.9,94829.1,94860.1,140,1000,0
2025-08-14 11:10:00,94860.1,94876.9,94736.1,94753.3,160,1000,0
2025-08-14 11:20:00,94756.2,94861.1,94756.2,94861.1,111,1000,0
2025-08-14 11:30:00,94861.1,94951.1,94861.1,94872.4,113,1000,0
2025-08-14 11:40:00,94872.4,94878.3,94773.1,94774.3,92,1000,0
2025-08-14 11:50:00,94774.3,94807.7,94687.5,94687.5,110,1000,0
2025-08-14 12:00:00,94688.5,94727.6,94591.0,94619.8,224,1000,0
2025-08-14 12:10:00,94619.8,94714.5,94608.2,94612.3,138,1000,0
2025-08-14 12:20:00,94612.3,94626.6,94547.8,94553.8,153,1000,0
2025-08-14 12:30:00,94553.8,94603.1,94493.2,94539.8,123,1000,0
2025-08-14 12:40:00,94539.8,94548.6,94483.9,94490.5,182,1000,0
2025-08-14 12:50:00,94490.5,94492.4,94436.4,94444.6,213,1000,0
2025-08-14 13:00:00,94444.6,94445.6,94343.2,94388.1,215,1000,0
2025-08-14 13:10:00,94388.6,94392.4,94340.8,94370.2,246,1000,0
2025-08-14 13:20:00,94370.1,94400.4,94364.9,94374.1,155,1000,0
2025-08-14 13:30:00,94374.1,94420.2,94362.6,94420.2,149,1000,0
2025-08-14 13:40:00,94433.1,94457.3,94418.3,94435.4,182,1000,0
2025-08-14 13:50:00,94431.4,94459.6,94406.3,94428.2,153,1000,0
2025-08-14 14:00:00,94428.2,94555.7,94428.2,94483.2,133,1000,0
2025-08-14 14:10:00,94484.2,94539.9,94478.4,94506.3,92,1000,0
2025-08-14 14:20:00,94506.3,94572.6,94499.4,94515.2,101,1000,0
2025-08-14 14:30:00,94515.2,94531.2,94448.0,94455.7,186,1000,0
2025-08-14 14:40:00,94456.7,94499.2,94455.7,94475.5,186,1000,0
2025-08-14 14:50:00,94475.0,94501.8,94433.1,94465.3,219,1000,0
2025-08-14 15:00:00,94465.3,94514.3,94449.4,94481.3,167,1000,0
2025-08-14 15:10:00,94481.3,94481.3,94375.8,94393.2,186,1000,0
2025-08-14 15:20:00,94393.2,94434.5,94375.2,94378.5,252,1000,0
2025-08-14 15:30:00,94378.5,94440.6,94225.4,94276.9,377,1000,0
2025-08-14 15:40:00,94278.4,94285.9,94226.1,94250.7,279,1000,0
2025-08-14 15:50:00,94250.7,94276.3,94119.5,94134.8,315,1000,0
2025-08-14 16:00:00,94136.8,94179.6,94121.7,94178.6,306,1000,0
2025-08-14 16:10:00,94178.6,94214.2,94143.6,94179.2,245,1000,0
2025-08-14 16:20:00,94158.4,94225.1,94127.8,94206.1,286,1000,0
2025-08-14 16:30:00,94206.1,94480.9,94191.6,94446.3,340,1000,0
2025-08-14 16:40:00,94447.3,94449.3,94290.0,94301.0,285,1000,0
2025-08-14 16:50:00,94304.9,94390.4,94302.3,94330.3,205,1000,0
2025-08-14 17:00:00,94330.3,94420.5,94286.1,94299.0,234,1000,0
2025-08-14 17:10:00,94299.0,94427.6,94233.4,94421.7,204,1000,0
2025-08-14 17:20:00,94422.2,94518.8,94417.9,94497.5,229,1000,0
2025-08-14 17:30:00,94497.6,94568.0,94435.3,94445.1,236,1000,0
2025-08-14 17:40:00,94445.1,94534.3,94410.2,94449.6,186,1000,0
2025-08-14 17:50:00,94449.6,94530.5,94413.0,94494.4,190,1000,0
2025-08-14 18:00:00,94494.4,94531.2,94452.8,94498.5,138,1000,0
2025-08-14 18:10:00,94498.5,94498.5,94345.8,94370.2,180,1000,0
2025-08-14 18:20:00,94369.7,94379.6,94274.6,94292.5,150,1000,0
2025-08-15 09:30:00,94748.4,94837.8,94656.1,94744.6,79,1000,0
2025-08-15 09:40:00,94745.6,94793.7,94703.0,94744.7,51,1000,0
2025-08-15 09:50:00,94748.7,94830.2,94694.2,94792.5,77,1000,0
2025-08-15 10:00:00,94792.5,94977.2,94754.8,94974.2,249,1000,0
2025-08-15 10:10:00,94972.3,94993.2,94653.7,94670.8,241,1000,0
2025-08-15 10:20:00,94670.8,94765.4,94670.8,94706.2,236,1000,0
2025-08-15 10:30:00,94706.2,94760.1,94661.1,94716.9,260,1000,0
2025-08-15 10:40:00,94718.9,94789.4,94636.5,94708.5,214,1000,0
2025-08-15 10:50:00,94713.5,94892.6,94713.5,94890.6,180,1000,0
2025-08-15 11:00:00,94853.0,94936.9,94799.2,94827.0,160,1000,0
2025-08-15 11:10:00,94827.0,94873.2,94763.1,94854.2,146,1000,0
2025-08-15 11:20:00,94854.2,94928.9,94823.4,94840.4,143,1000,0
2025-08-15 11:30:00,94842.4,94846.7,94779.0,94811.7,130,1000,0
2025-08-15 11:40:00,94811.7,94885.3,94768.0,94809.3,150,1000,0
2025-08-15 11:50:00,94809.3,94843.3,94773.1,94833.8,118,1000,0
2025-08-15 12:00:00,94833.8,94945.5,94833.5,94859.6,145,1000,0
2025-08-15 12:10:00,94859.6,94876.6,94731.8,94767.0,113,1000,0
2025-08-15 12:20:00,94767.0,94794.8,94741.5,94760.3,75,1000,0
2025-08-15 12:30:00,94760.3,94769.1,94651.1,94739.7,168,1000,0
2025-08-15 12:40:00,94739.7,94751.6,94649.6,94677.1,73,1000,0
2025-08-15 12:50:00,94677.1,94738.7,94658.0,94658.0,110,1000,0
2025-08-15 13:00:00,94658.0,94665.6,94594.5,94608.7,121,1000,0
2025-08-15 13:10:00,94609.7,94632.9,94592.9,94604.3,97,1000,0
2025-08-15 13:20:00,94607.3,94613.4,94575.7,94602.1,134,1000,0
2025-08-15 13:30:00,94602.2,94688.7,94597.3,94608.3,201,1000,0
2025-08-15 13:40:00,94608.3,94662.7,94597.2,94607.6,116,1000,0
2025-08-15 13:50:00,94612.0,94631.3,94548.4,94578.1,158,1000,0
2025-08-15 14:00:00,94566.2,94642.2,94548.3,94576.5,179,1000,0
2025-08-15 14:10:00,94576.5,94610.6,94547.0,94598.1,118,1000,0
2025-08-15 14:20:00,94579.3,94622.3,94547.7,94589.0,116,1000,0
2025-08-15 14:30:00,94589.0,94627.7,94539.7,94590.4,158,1000,0
2025-08-15 14:40:00,94590.4,94636.3,94576.7,94580.2,66,1000,0
2025-08-15 14:50:00,94580.3,94592.7,94494.2,94512.1,159,1000,0
2025-08-15 15:00:00,94512.1,94555.9,94490.3,94511.1,182,1000,0
2025-08-15 15:10:00,94511.1,94594.9,94491.2,94517.5,170,1000,0
2025-08-15 15:20:00,94517.5,94546.9,94452.0,94483.5,221,1000,0
2025-08-15 15:30:00,94484.0,94595.4,94452.2,94594.4,218,1000,0
2025-08-15 15:40:00,94594.4,94644.4,94562.8,94615.0,194,1000,0
2025-08-15 15:50:00,94615.0,94650.7,94564.8,94584.2,153,1000,0
2025-08-15 16:00:00,94584.2,94684.5,94535.2,94559.1,89,1000,0
2025-08-15 16:10:00,94559.1,94580.3,94454.9,94501.4,176,1000,0
2025-08-15 16:20:00,94501.4,94504.9,94379.5,94397.4,137,1000,0
2025-08-15 16:30:00,94413.3,94448.9,94325.8,94399.2,341,1000,0
2025-08-15 16:40:00,94409.6,94445.9,94306.5,94325.4,300,1000,0
2025-08-15 16:50:00,94329.3,94467.3,94306.5,94368.4,224,1000,0
2025-08-15 17:00:00,94342.6,94545.7,94287.0,94487.3,218,1000,0
2025-08-15 17:10:00,94493.3,94516.0,94433.3,94478.1,228,1000,0
2025-08-15 17:20:00,94478.1,94561.8,94406.0,94414.1,266,1000,0
2025-08-15 17:30:00,94414.1,94476.3,94405.7,94422.8,251,1000,0
2025-08-15 17:40:00,94422.8,94467.8,94383.0,94453.9,205,1000,0
2025-08-15 17:50:00,94453.9,94556.2,94443.0,94524.5,161,1000,0
2025-08-15 18:00:00,94522.5,94588.6,94506.6,94556.4,100,1000,0
2025-08-15 18:10:00,94556.4,94586.3,94520.7,94537.7,108,1000,0
2025-08-15 18:20:00,94537.7,94537.7,94378.0,94378.0,75,1000,0
2025-08-18 09:30:00,94362.6,94618.0,94362.6,94538.6,80,1000,0
2025-08-18 09:40:00,94539.6,94680.6,94539.6,94545.7,105,1000,0
2025-08-18 09:50:00,94545.7,94656.5,94541.8,94593.5,41,1000,0
2025-08-18 10:00:00,94593.5,94861.1,94484.4,94485.4,292,1000,0
2025-08-18 10:10:00,94485.4,94631.4,94485.4,94533.4,208,1000,0
2025-08-18 10:20:00,94533.4,94710.4,94517.5,94637.4,260,1000,0
2025-08-18 10:30:00,94637.4,94699.4,94560.5,94572.9,226,1000,0
2025-08-18 10:40:00,94572.8,94579.6,94472.3,94480.8,143,1000,0
2025-08-18 10:50:00,94480.8,94487.2,94429.7,94429.7,189,1000,0
2025-08-18 11:00:00,94429.7,94453.3,94314.5,94366.7,230,1000,0
2025-08-18 11:10:00,94366.7,94424.9,94226.7,94229.7,136,1000,0
2025-08-18 11:20:00,94229.7,94287.2,94208.6,94245.0,155,1000,0
2025-08-18 11:30:00,94245.0,94284.6,94203.7,94216.8,140,1000,0
2025-08-18 11:40:00,94218.8,94240.1,94201.9,94201.9,35,1000,0
2025-08-18 11:50:00,94166.0,94179.1,94106.1,94153.3,43,1000,0
2025-08-18 12:00:00,94142.4,94263.6,94104.5,94263.6,123,1000,0
2025-08-18 12:10:00,94263.6,94278.8,94142.8,94142.8,100,1000,0
2025-08-18 12:20:00,94142.8,94175.2,94062.7,94081.3,157,1000,0
2025-08-18 12:30:00,94081.3,94113.5,94003.6,94057.4,118,1000,0
2025-08-18 12:40:00,94057.4,94061.3,93993.1,94026.8,125,1000,0
2025-08-18 12:50:00,94026.8,94026.8,93914.4,93918.4,135,1000,0
2025-08-18 13:00:00,93918.4,93935.8,93852.2,93865.0,186,1000,0
2025-08-18 13:10:00,93865.0,93923.1,93854.7,93869.5,127,1000,0
2025-08-18 13:20:00,93872.0,93885.4,93791.9,93834.7,107,1000,0
2025-08-18 13:30:00,93833.3,93850.1,93706.4,93789.5,163,1000,0
2025-08-18 13:40:00,93789.5,93789.5,93685.9,93727.4,181,1000,0
2025-08-18 13:50:00,93728.3,93791.3,93691.2,93782.1,108,1000,0
2025-08-18 14:00:00,93785.1,93829.5,93748.4,93800.6,98,1000,0
2025-08-18 14:10:00,93800.6,93831.5,93753.6,93813.3,133,1000,0
2025-08-18 14:20:00,93813.3,93894.7,93790.5,93874.8,115,1000,0
2025-08-18 14:30:00,93874.8,93905.7,93843.7,93868.8,124,1000,0
2025-08-18 14:40:00,93868.8,93923.1,93845.0,93923.1,135,1000,0
2025-08-18 14:50:00,93926.1,94041.7,93865.5,93871.5,147,1000,0
2025-08-18 15:00:00,93871.5,93911.9,93849.9,93878.5,149,1000,0
2025-08-18 15:10:00,93878.5,93922.9,93865.5,93865.5,121,1000,0
2025-08-18 15:20:00,93848.7,93923.8,93848.7,93918.7,112,1000,0
2025-08-18 15:30:00,93918.7,93929.4,93847.8,93883.2,136,1000,0
2025-08-18 15:40:00,93883.2,93912.2,93811.0,93818.8,141,1000,0
2025-08-18 15:50:00,93818.8,93930.1,93818.8,93910.0,193,1000,0
2025-08-18 16:00:00,93910.0,93927.1,93795.8,93838.4,134,1000,0
2025-08-18 16:10:00,93838.4,93897.7,93807.4,93867.2,104,1000,0
2025-08-18 16:20:00,93867.2,94011.9,93867.1,93902.6,135,1000,0
2025-08-18 16:30:00,93903.6,93943.3,93785.5,93787.5,172,1000,0
2025-08-18 16:40:00,93787.5,93917.7,93787.5,93862.6,89,1000,0
2025-08-18 16:50:00,93863.6,93938.5,93826.8,93886.1,139,1000,0
2025-08-18 17:00:00,93886.1,93984.3,93831.4,93878.4,308,1000,0
2025-08-18 17:10:00,93878.9,93923.8,93838.4,93877.4,220,1000,0
2025-08-18 17:20:00,93877.4,93895.8,93782.1,93796.9,217,1000,0
2025-08-18 17:30:00,93796.9,93846.6,93732.8,93738.0,157,1000,0
2025-08-18 17:40:00,93738.0,93768.0,93718.3,93766.0,139,1000,0
2025-08-18 17:50:00,93768.0,93856.3,93609.3,93646.1,250,1000,0
2025-08-18 18:00:00,93646.1,93719.5,93450.6,93511.2,179,1000,0
2025-08-18 18:10:00,93511.2,93579.7,93491.5,93575.9,89,1000,0
2025-08-18 18:20:00,93575.9,93576.9,93352.7,93446.0,153,1000,0
2025-08-19 09:30:00,93673.5,93784.2,93673.5,93784.2,42,1000,0
2025-08-19 09:40:00,93784.2,93864.0,93784.2,93820.0,41,1000,0
2025-08-19 09:50:00,93820.0,93825.0,93703.1,93704.1,98,1000,0
2025-08-19 10:00:00,93704.1,93734.9,93419.3,93496.8,294,1000,0
2025-08-19 10:10:00,93496.8,93933.3,93496.8,93899.2,314,1000,0
2025-08-19 10:20:00,93899.2,93931.9,93734.5,93903.0,238,1000,0
2025-08-19 10:30:00,93906.0,93933.1,93736.1,93835.7,226,1000,0
2025-08-19 10:40:00,93835.7,94018.2,93835.7,93942.0,237,1000,0
2025-08-19 10:50:00,93942.0,94067.2,93907.1,93908.1,198,1000,0
2025-08-19 11:00:00,93908.1,93974.9,93800.2,93829.2,242,1000,0
2025-08-19 11:10:00,93829.2,93934.5,93737.7,93911.6,226,1000,0
2025-08-19 11:20:00,93911.6,94030.0,93844.7,93962.6,207,1000,0
2025-08-19 11:30:00,93962.6,93977.0,93851.4,93923.7,210,1000,0
2025-08-19 11:40:00,93924.6,94035.3,93894.8,93990.9,203,1000,0
2025-08-19 11:50:00,93990.9,94005.3,93854.1,93914.9,324,1000,0
2025-08-19 12:00:00,93915.4,93957.7,93847.1,93948.7,366,1000,0
2025-08-19 12:10:00,93949.7,93998.5,93900.6,93987.6,191,1000,0
2025-08-19 12:20:00,93987.6,93990.1,93901.2,93945.2,129,1000,0
2025-08-19 12:30:00,93945.2,94025.9,93927.6,93949.6,170,1000,0
2025-08-19 12:40:00,93949.6,93986.9,93945.7,93963.8,102,1000,0
2025-08-19 12:50:00,93963.8,93986.6,93905.2,93950.3,156,1000,0
2025-08-19 13:00:00,93950.8,93994.8,93921.8,93993.7,153,1000,0
2025-08-19 13:10:00,93993.7,94018.1,93910.3,93930.4,125,1000,0
2025-08-19 13:20:00,93930.4,93977.6,93917.6,93976.6,121,1000,0
2025-08-19 13:30:00,93976.6,94079.7,93969.4,94073.8,155,1000,0
2025-08-19 13:40:00,94070.8,94082.3,94046.6,94077.4,154,1000,0
2025-08-19 13:50:00,94078.4,94109.1,94040.0,94109.0,105,1000,0
2025-08-19 14:00:00,94110.0,94129.1,94090.7,94100.5,87,1000,0
2025-08-19 14:10:00,94100.5,94109.3,93972.5,94021.7,95,1000,0
2025-08-19 14:20:00,94021.7,94054.6,93960.6,94050.8,274,1000,0
2025-08-19 14:30:00,94050.8,94106.4,94010.7,94083.0,155,1000,0
2025-08-19 14:40:00,94084.4,94124.6,94071.1,94121.8,110,1000,0
2025-08-19 14:50:00,94121.8,94170.0,94084.1,94146.3,230,1000,0
2025-08-19 15:00:00,94146.3,94176.5,94088.1,94129.7,193,1000,0
2025-08-19 15:10:00,94129.6,94131.1,94058.0,94082.5,224,1000,0
2025-08-19 15:20:00,94091.9,94109.4,94057.2,94079.1,224,1000,0
2025-08-19 15:30:00,94079.1,94115.0,94071.2,94072.6,179,1000,0
2025-08-19 15:40:00,94072.6,94088.8,94007.3,94010.3,175,1000,0
2025-08-19 15:50:00,94010.3,94081.9,93965.3,94081.9,166,1000,0
2025-08-19 16:00:00,94081.9,94081.9,93952.2,93997.6,283,1000,0
2025-08-19 16:10:00,93997.7,94024.4,93857.1,93882.0,274,1000,0
2025-08-19 16:20:00,93882.0,93938.0,93880.2,93914.6,119,1000,0
2025-08-19 16:30:00,93916.6,94071.4,93904.4,94034.7,273,1000,0
2025-08-19 16:40:00,94034.7,94061.0,93945.4,93946.4,185,1000,0
2025-08-19 16:50:00,93946.4,93992.2,93932.2,93932.2,147,1000,0
2025-08-19 17:00:00,93936.2,94013.8,93927.6,93952.5,186,1000,0
2025-08-19 17:10:00,93952.5,93974.8,93853.0,93864.6,155,1000,0
2025-08-19 17:20:00,93864.1,93864.1,93717.9,93741.4,195,1000,0
2025-08-19 17:30:00,93739.9,93792.7,93670.7,93699.0,214,1000,0
2025-08-19 17:40:00,93699.0,93728.0,93645.9,93705.6,219,1000,0
2025-08-19 17:50:00,93705.6,93705.6,93618.9,93655.7,185,1000,0
2025-08-19 18:00:00,93658.7,93658.7,93560.5,93591.3,147,1000,0
2025-08-19 18:10:00,93591.3,93688.6,93577.4,93661.9,120,1000,0
2025-08-19 18:20:00,93664.4,93677.4,93589.6,93589.6,122,1000,0
2025-08-20 09:30:00,93033.4,93185.6,93033.4,93185.6,72,1000,0
2025-08-20 09:40:00,93185.6,93190.6,93150.0,93150.0,21,1000,0
2025-08-20 09:50:00,93167.9,93307.0,93151.0,93222.7,53,1000,0
2025-08-20 10:00:00,93222.7,93301.1,92971.6,93071.9,225,1000,0
2025-08-20 10:10:00,93071.9,93292.4,92969.6,93292.4,324,1000,0
2025-08-20 10:20:00,93294.9,93478.1,93294.9,93425.2,262,1000,0
2025-08-20 10:30:00,93426.2,93497.1,93404.1,93497.1,213,1000,0
2025-08-20 10:40:00,93497.1,93502.2,93380.3,93463.4,145,1000,0
2025-08-20 10:50:00,93463.4,93501.8,93407.7,93483.6,204,1000,0
2025-08-20 11:00:00,93484.1,93484.1,93382.3,93401.2,257,1000,0
2025-08-20 11:10:00,93383.9,93403.5,93270.0,93293.2,168,1000,0
2025-08-20 11:20:00,93293.2,93345.9,93270.8,93317.6,112,1000,0
2025-08-20 11:30:00,93317.7,93489.1,93272.0,93488.1,201,1000,0
2025-08-20 11:40:00,93486.1,93501.3,93298.1,93347.2,235,1000,0
2025-08-20 11:50:00,93347.2,93433.6,93341.4,93351.3,139,1000,0
2025-08-20 12:00:00,93351.3,93370.6,93304.6,93325.2,173,1000,0
2025-08-20 12:10:00,93325.2,93392.1,93291.4,93367.0,117,1000,0
2025-08-20 12:20:00,93369.4,93369.4,93294.3,93341.6,100,1000,0
2025-08-20 12:30:00,93341.6,93371.4,93324.0,93360.7,128,1000,0
2025-08-20 12:40:00,93365.7,93414.5,93325.4,93386.1,140,1000,0
2025-08-20 12:50:00,93386.1,93415.6,93335.2,93337.2,106,1000,0
2025-08-20 13:00:00,93337.2,93360.4,93308.4,93360.3,104,1000,0
2025-08-20 13:10:00,93360.3,93360.3,93288.9,93325.0,91,1000,0
2025-08-20 13:20:00,93325.0,93415.7,93325.0,93415.7,120,1000,0
2025-08-20 13:30:00,93418.2,93447.4,93386.7,93394.8,163,1000,0
2025-08-20 13:40:00,93395.7,93425.1,93388.7,93424.9,88,1000,0
2025-08-20 13:50:00,93424.9,93429.3,93380.8,93403.3,151,1000,0
2025-08-20 14:00:00,93404.3,93476.4,93388.3,93450.8,126,1000,0
2025-08-20 14:10:00,93450.8,93472.2,93438.8,93455.3,76,1000,0
2025-08-20 14:20:00,93455.3,93491.2,93434.4,93458.9,171,1000,0
2025-08-20 14:30:00,93458.9,93475.6,93433.7,93453.0,146,1000,0
2025-08-20 14:40:00,93453.0,93457.1,93389.1,93409.5,133,1000,0
2025-08-20 14:50:00,93410.5,93437.2,93387.6,93406.0,128,1000,0
2025-08-20 15:00:00,93387.6,93408.0,93371.2,93406.9,138,1000,0
2025-08-20 15:10:00,93406.9,93429.2,93384.7,93422.0,134,1000,0
2025-08-20 15:20:00,93422.0,93488.2,93393.4,93488.1,98,1000,0
2025-08-20 15:30:00,93488.1,93511.9,93451.2,93453.6,147,1000,0
2025-08-20 15:40:00,93453.6,93468.2,93438.2,93441.8,147,1000,0
2025-08-20 15:50:00,93444.7,93444.7,93286.5,93290.5,147,1000,0
2025-08-20 16:00:00,93291.5,93331.5,93270.2,93277.1,173,1000,0
2025-08-20 16:10:00,93277.1,93279.1,93229.7,93257.7,236,1000,0
2025-08-20 16:20:00,93257.7,93284.4,93225.9,93260.0,216,1000,0
2025-08-20 16:30:00,93260.0,93418.3,93243.1,93418.3,216,1000,0
2025-08-20 16:40:00,93418.3,93426.5,93358.8,93359.3,197,1000,0
2025-08-20 16:50:00,93359.3,93372.6,93275.7,93354.2,259,1000,0
2025-08-20 17:00:00,93352.2,93455.0,93285.2,93327.9,248,1000,0
2025-08-20 17:10:00,93327.9,93406.9,93235.6,93323.5,185,1000,0
2025-08-20 17:20:00,93323.5,93410.4,93318.1,93348.1,152,1000,0
2025-08-20 17:30:00,93348.1,93515.6,93321.4,93472.2,256,1000,0
2025-08-20 17:40:00,93472.2,93575.1,93453.5,93575.1,339,1000,0
2025-08-20 17:50:00,93573.6,93624.2,93503.1,93526.1,243,1000,0
2025-08-20 18:00:00,93528.1,93700.5,93520.6,93694.1,211,1000,0
2025-08-20 18:10:00,93693.6,93697.6,93630.5,93672.4,203,1000,0
2025-08-20 18:20:00,93672.4,93860.2,93672.4,93808.6,142,1000,0
2025-08-21 09:30:00,93768.4,93912.0,93698.0,93743.8,81,1000,0
2025-08-21 09:40:00,93743.8,93837.2,93702.2,93702.2,72,1000,0
2025-08-21 09:50:00,93703.2,93707.3,93644.6,93676.5,44,1000,0
2025-08-21 10:00:00,93676.5,93731.1,93540.5,93540.5,299,1000,0
2025-08-21 10:10:00,93540.5,93593.2,93478.3,93478.3,261,1000,0
2025-08-21 10:20:00,93482.3,93595.3,93479.4,93567.9,251,1000,0
2025-08-21 10:30:00,93567.9,93708.8,93448.0,93694.2,274,1000,0
2025-08-21 10:40:00,93694.2,93915.5,93642.1,93886.4,292,1000,0
2025-08-21 10:50:00,93886.4,93886.5,93733.6,93744.3,170,1000,0
2025-08-21 11:00:00,93744.3,93853.4,93739.6,93825.1,166,1000,0
2025-08-21 11:10:00,93825.1,93905.3,93825.1,93905.3,105,1000,0
2025-08-21 11:20:00,93910.3,93973.9,93905.2,93921.3,147,1000,0
2025-08-21 11:30:00,93920.8,94002.8,93920.8,93931.7,134,1000,0
2025-08-21 11:40:00,93935.7,94010.3,93923.9,93965.5,119,1000,0
2025-08-21 11:50:00,93965.5,93965.5,93917.3,93919.8,136,1000,0
2025-08-21 12:00:00,93919.8,93981.6,93919.8,93981.6,71,1000,0
2025-08-21 12:10:00,93985.6,94019.8,93949.9,93956.8,83,1000,0
2025-08-21 12:20:00,93956.8,94036.3,93951.0,94001.5,129,1000,0
2025-08-21 12:30:00,94002.5,94065.7,93972.6,94065.7,139,1000,0
2025-08-21 12:40:00,94065.7,94108.7,94033.9,94092.5,123,1000,0
2025-08-21 12:50:00,94102.4,94125.8,94049.2,94061.5,178,1000,0
2025-08-21 13:00:00,94061.5,94079.7,94023.8,94061.8,121,1000,0
2025-08-21 13:10:00,94061.8,94072.8,94027.7,94046.9,102,1000,0
2025-08-21 13:20:00,94046.9,94048.3,93994.7,94038.2,121,1000,0
2025-08-21 13:30:00,94038.2,94040.5,93922.1,93923.1,117,1000,0
2025-08-21 13:40:00,93923.1,93972.1,93879.6,93895.9,161,1000,0
2025-08-21 13:50:00,93895.9,93929.0,93868.6,93897.4,86,1000,0
2025-08-21 14:00:00,93897.4,93946.6,93897.4,93937.5,90,1000,0
2025-08-21 14:10:00,93937.5,93986.3,93906.8,93972.3,161,1000,0
2025-08-21 14:20:00,93977.3,94041.2,93942.5,94041.2,106,1000,0
2025-08-21 14:30:00,94041.2,94042.6,94012.3,94019.5,77,1000,0
2025-08-21 14:40:00,94019.5,94031.3,93945.0,93947.1,101,1000,0
2025-08-21 14:50:00,93947.1,94016.4,93947.1,93992.4,96,1000,0
2025-08-21 15:00:00,93992.9,94029.8,93976.7,94027.6,139,1000,0
2025-08-21 15:10:00,94025.6,94025.6,93914.0,93924.9,92,1000,0
2025-08-21 15:20:00,93924.9,93928.8,93868.5,93898.8,191,1000,0
2025-08-21 15:30:00,93900.7,93997.5,93900.7,93964.6,161,1000,0
2025-08-21 15:40:00,93964.6,94009.3,93910.5,93954.7,154,1000,0
2025-08-21 15:50:00,93954.7,93978.1,93928.8,93955.0,151,1000,0
2025-08-21 16:00:00,93955.0,93981.8,93927.3,93940.4,106,1000,0
2025-08-21 16:10:00,93940.4,93941.3,93867.1,93916.2,185,1000,0
2025-08-21 16:20:00,93916.2,93949.8,93885.0,93923.8,147,1000,0
2025-08-21 16:30:00,93923.8,94014.8,93908.8,93975.3,294,1000,0
2025-08-21 16:40:00,93975.3,93987.0,93859.5,93922.7,228,1000,0
2025-08-21 16:50:00,93925.7,93999.5,93913.1,93934.0,179,1000,0
2025-08-21 17:00:00,93934.0,94041.3,93907.2,94025.5,234,1000,0
2025-08-21 17:10:00,94025.5,94078.8,93997.7,94045.8,114,1000,0
2025-08-21 17:20:00,94045.8,94192.3,94025.9,94181.8,244,1000,0
2025-08-21 17:30:00,94182.3,94219.7,94134.1,94180.1,312,1000,0
2025-08-21 17:40:00,94180.1,94223.2,94081.3,94100.1,314,1000,0
2025-08-21 17:50:00,94096.2,94119.0,94006.3,94066.5,205,1000,0
2025-08-21 18:00:00,94071.5,94144.0,94035.8,94037.8,190,1000,0
2025-08-21 18:10:00,94037.8,94058.7,94010.6,94015.1,71,1000,0
2025-08-21 18:20:00,94015.1,94018.1,93862.2,93904.0,140,1000,0
2025-08-22 09:30:00,93973.9,94052.9,93890.9,93942.7,41,1000,0
2025-08-22 09:40:00,93942.7,93975.0,93791.7,93892.2,39,1000,0
2025-08-22 09:50:00,93893.2,93988.8,93888.2,93950.0,51,1000,0
2025-08-22 10:00:00,93950.0,94263.2,93950.0,94217.5,233,1000,0
2025-08-22 10:10:00,94217.5,94393.1,94169.8,94393.1,205,1000,0
2025-08-22 10:20:00,94394.1,94441.7,94317.3,94356.7,210,1000,0
2025-08-22 10:30:00,94356.7,94489.1,94294.3,94399.8,240,1000,0
2025-08-22 10:40:00,94399.8,94484.3,94377.8,94424.6,123,1000,0
2025-08-22 10:50:00,94425.6,94430.6,94325.5,94430.6,80,1000,0
2025-08-22 11:00:00,94431.6,94504.0,94421.1,94476.1,148,1000,0
2025-08-22 11:10:00,94475.6,94597.1,94443.3,94572.3,185,1000,0
2025-08-22 11:20:00,94572.3,94631.3,94525.6,94595.3,120,1000,0
2025-08-22 11:30:00,94595.3,94677.3,94529.1,94553.8,178,1000,0
2025-08-22 11:40:00,94553.8,94553.8,94497.0,94530.5,162,1000,0
2025-08-22 11:50:00,94534.5,94680.2,94533.5,94599.8,180,1000,0
2025-08-22 12:00:00,94599.8,94639.5,94506.4,94605.6,158,1000,0
2025-08-22 12:10:00,94605.6,94661.8,94605.6,94649.4,166,1000,0
2025-08-22 12:20:00,94649.4,94673.9,94537.9,94571.1,214,1000,0
2025-08-22 12:30:00,94571.1,94609.6,94548.6,94595.4,103,1000,0
2025-08-22 12:40:00,94596.4,94614.9,94567.9,94607.3,134,1000,0
2025-08-22 12:50:00,94607.8,94611.7,94550.8,94568.1,153,1000,0
2025-08-22 13:00:00,94568.1,94573.1,94463.8,94523.3,197,1000,0
2025-08-22 13:10:00,94523.2,94526.1,94462.1,94488.4,155,1000,0
2025-08-22 13:20:00,94488.4,94546.1,94468.6,94546.0,127,1000,0
2025-08-22 13:30:00,94546.0,94546.0,94480.2,94530.7,88,1000,0
2025-08-22 13:40:00,94530.7,94573.6,94505.5,94548.8,109,1000,0
2025-08-22 13:50:00,94548.8,94582.2,94528.3,94568.2,109,1000,0
2025-08-22 14:00:00,94568.2,94614.1,94527.9,94527.9,139,1000,0
2025-08-22 14:10:00,94527.9,94550.4,94482.3,94531.0,143,1000,0
2025-08-22 14:20:00,94531.0,94554.7,94490.7,94508.2,115,1000,0
2025-08-22 14:30:00,94508.2,94534.6,94481.5,94532.0,123,1000,0
2025-08-22 14:40:00,94532.0,94541.9,94479.6,94500.6,89,1000,0
2025-08-22 14:50:00,94501.6,94565.9,94501.6,94564.3,104,1000,0
2025-08-22 15:00:00,94564.3,94609.4,94540.8,94556.8,124,1000,0
2025-08-22 15:10:00,94556.8,94576.6,94501.9,94525.7,139,1000,0
2025-08-22 15:20:00,94525.7,94541.8,94502.5,94514.1,135,1000,0
2025-08-22 15:30:00,94514.1,94525.9,94490.2,94506.4,163,1000,0
2025-08-22 15:40:00,94507.4,94518.9,94461.0,94516.4,96,1000,0
2025-08-22 15:50:00,94517.4,94608.5,94517.4,94547.2,106,1000,0
2025-08-22 16:00:00,94533.2,94611.7,94530.3,94566.4,112,1000,0
2025-08-22 16:10:00,94566.5,94707.2,94566.5,94703.6,171,1000,0
2025-08-22 16:20:00,94701.1,94719.7,94577.6,94593.5,223,1000,0
2025-08-22 16:30:00,94593.5,94647.1,94469.0,94494.9,331,1000,0
2025-08-22 16:40:00,94494.0,94549.5,94425.9,94462.2,298,1000,0
2025-08-22 16:50:00,94465.2,94479.0,94324.7,94343.0,306,1000,0
2025-08-22 17:00:00,94344.0,94828.0,94344.0,94723.4,372,1000,0
2025-08-22 17:10:00,94723.4,94910.7,94723.4,94786.0,316,1000,0
2025-08-22 17:20:00,94786.0,94810.8,94630.7,94737.1,330,1000,0
2025-08-22 17:30:00,94736.6,94882.1,94736.6,94855.3,329,1000,0
2025-08-22 17:40:00,94855.3,95058.6,94831.4,95033.6,395,1000,0
2025-08-22 17:50:00,95033.6,95158.4,94997.9,95112.7,276,1000,0
2025-08-22 18:00:00,95116.7,95335.9,95112.7,95316.1,244,1000,0
2025-08-22 18:10:00,95316.1,95396.7,95275.4,95365.9,65,1000,0
2025-08-22 18:20:00,95365.9,95516.6,95365.9,95479.4,137,1000,0
2025-08-25 09:30:00,95374.3,95503.6,95205.4,95216.3,92,1000,0
2025-08-25 09:40:00,95216.3,95295.0,95205.4,95268.1,32,1000,0
2025-08-25 09:50:00,95268.1,95419.4,95225.4,95248.4,80,1000,0
2025-08-25 10:00:00,95248.4,95380.2,95232.6,95273.9,240,1000,0
2025-08-25 10:10:00,95274.4,95457.8,95274.4,95328.0,320,1000,0
2025-08-25 10:20:00,95328.0,95380.1,95233.1,95247.3,217,1000,0
2025-08-25 10:30:00,95247.3,95254.4,95126.3,95240.0,186,1000,0
2025-08-25 10:40:00,95241.5,95386.1,95170.0,95342.8,203,1000,0
2025-08-25 10:50:00,95342.8,95355.3,95257.7,95321.9,187,1000,0
2025-08-25 11:00:00,95322.9,95467.9,95322.9,95412.6,159,1000,0
2025-08-25 11:10:00,95412.6,95480.9,95333.3,95456.9,123,1000,0
2025-08-25 11:20:00,95432.0,95456.0,95403.0,95455.9,86,1000,0
2025-08-25 11:30:00,95455.9,95511.5,95452.9,95509.9,93,1000,0
2025-08-25 11:40:00,95509.9,95550.3,95470.3,95524.3,76,1000,0
2025-08-25 11:50:00,95524.3,95572.5,95460.3,95571.9,84,1000,0
2025-08-25 12:00:00,95571.9,95599.4,95531.2,95572.4,115,1000,0
2025-08-25 12:10:00,95572.4,95611.3,95491.4,95492.4,99,1000,0
2025-08-25 12:20:00,95491.4,95505.3,95372.0,95416.3,113,1000,0
2025-08-25 12:30:00,95416.3,95455.4,95396.2,95419.5,94,1000,0
2025-08-25 12:40:00,95419.5,95463.4,95417.6,95422.6,68,1000,0
2025-08-25 12:50:00,95422.5,95438.5,95382.7,95425.4,59,1000,0
2025-08-25 13:00:00,95425.4,95517.2,95387.0,95401.1,78,1000,0
2025-08-25 13:10:00,95401.1,95447.5,95401.1,95429.7,65,1490,0
2025-08-25 13:20:00,95429.7,95429.7,95299.3,95303.3,50,1490,0
2025-08-25 13:30:00,95303.3,95349.2,95275.9,95286.9,108,1000,0
2025-08-25 13:40:00,95286.9,95308.9,95248.7,95259.0,124,1000,0
2025-08-25 13:50:00,95259.0,95309.4,95250.5,95260.2,125,1000,0
2025-08-25 14:00:00,95258.2,95259.2,95228.2,95246.5,81,1000,0
2025-08-25 14:10:00,95248.5,95260.7,95158.8,95238.8,217,1000,0
2025-08-25 14:20:00,95238.8,95251.1,95159.2,95194.7,98,1000,0
2025-08-25 14:30:00,95194.7,95261.3,95194.7,95261.3,66,1000,0
2025-08-25 14:40:00,95261.3,95273.8,95202.1,95265.6,77,1000,0
2025-08-25 14:50:00,95265.6,95281.4,95220.1,95232.0,76,1000,0
2025-08-25 15:00:00,95232.0,95261.4,95197.8,95204.6,123,1000,0
2025-08-25 15:10:00,95204.6,95228.5,95155.1,95213.0,116,1000,0
2025-08-25 15:20:00,95213.0,95225.1,95181.2,95194.1,109,1000,0
2025-08-25 15:30:00,95193.6,95218.9,95144.3,95176.8,132,1000,0
2025-08-25 15:40:00,95176.8,95183.8,95126.3,95156.4,122,1000,0
2025-08-25 15:50:00,95156.4,95258.1,95156.4,95229.6,186,1000,0
2025-08-25 16:00:00,95231.6,95236.5,95130.1,95169.9,150,1000,0
2025-08-25 16:10:00,95169.9,95177.7,95120.7,95154.4,179,1000,0
2025-08-25 16:20:00,95154.4,95255.8,95141.4,95255.8,200,1000,0
2025-08-25 16:30:00,95261.8,95452.8,95261.8,95434.1,224,1000,0
2025-08-25 16:40:00,95440.0,95515.6,95363.4,95480.7,164,1000,0
2025-08-25 16:50:00,95480.7,95522.5,95387.5,95412.8,184,1000,0
2025-08-25 17:00:00,95412.8,95476.3,95387.1,95389.1,161,1000,0
2025-08-25 17:10:00,95389.1,95452.8,95386.9,95408.8,147,1000,0
2025-08-25 17:20:00,95411.7,95455.1,95384.9,95389.7,185,1000,0
2025-08-25 17:30:00,95389.7,95403.6,95338.1,95356.4,238,1000,0
2025-08-25 17:40:00,95356.4,95461.7,95346.3,95453.2,248,1000,0
2025-08-25 17:50:00,95459.7,95461.7,95344.0,95352.0,223,1000,0
2025-08-25 18:00:00,95365.9,95466.5,95332.6,95435.7,167,1000,0
2025-08-25 18:10:00,95436.7,95465.1,95394.1,95402.1,159,1000,0
2025-08-25 18:20:00,95411.0,95511.5,95411.0,95449.9,71,1000,0
2025-08-26 09:30:00,95136.6,95136.6,95002.4,95008.5,50,1000,0
2025-08-26 09:40:00,94997.5,95005.5,94874.3,94874.3,30,1000,0
2025-08-26 09:50:00,94874.3,94914.2,94848.5,94861.6,53,1000,0
2025-08-26 10:00:00,94861.6,94924.3,94648.0,94648.0,335,1000,0
2025-08-26 10:10:00,94649.0,94739.2,94478.6,94505.6,402,1000,0
2025-08-26 10:20:00,94506.6,94590.2,94436.4,94526.3,253,1000,0
2025-08-26 10:30:00,94526.3,94696.1,94526.3,94579.3,314,1000,0
2025-08-26 10:40:00,94579.3,94665.4,94536.5,94539.6,364,1000,0
2025-08-26 10:50:00,94539.6,94624.0,94534.5,94544.0,295,1000,0
2025-08-26 11:00:00,94545.0,94634.0,94545.0,94634.0,248,1000,0
2025-08-26 11:10:00,94634.0,94794.8,94614.7,94762.5,207,1000,0
2025-08-26 11:20:00,94778.4,94795.8,94631.2,94658.2,166,1000,0
2025-08-26 11:30:00,94658.2,94713.8,94629.4,94668.0,180,1000,0
2025-08-26 11:40:00,94665.0,94703.7,94590.8,94590.9,198,1000,0
2025-08-26 11:50:00,94590.9,94645.5,94582.4,94601.2,173,1000,0
2025-08-26 12:00:00,94601.2,94616.0,94551.1,94598.6,125,1000,0
2025-08-26 12:10:00,94598.6,94695.9,94591.8,94695.9,184,1000,0
2025-08-26 12:20:00,94695.9,94699.4,94608.3,94657.5,222,1000,0
2025-08-26 12:30:00,94627.2,94656.5,94600.7,94617.0,123,1000,0
2025-08-26 12:40:00,94617.0,94617.0,94550.0,94588.0,115,1000,0
2025-08-26 12:50:00,94588.0,94658.0,94588.0,94606.9,98,1000,0
2025-08-26 13:00:00,94606.9,94750.2,94606.9,94731.5,166,1000,0
2025-08-26 13:10:00,94731.5,94754.4,94697.6,94730.6,148,1000,0
2025-08-26 13:20:00,94730.6,94750.9,94697.3,94705.9,222,1000,0
2025-08-26 13:30:00,94705.9,94706.5,94636.8,94651.7,177,1000,0
2025-08-26 13:40:00,94651.7,94688.3,94607.0,94664.4,157,1000,0
2025-08-26 13:50:00,94667.4,94770.2,94649.1,94735.9,169,1000,0
2025-08-26 14:00:00,94735.9,94813.4,94723.5,94813.4,173,1000,0
2025-08-26 14:10:00,94813.4,94900.3,94796.3,94799.5,174,1000,0
2025-08-26 14:20:00,94799.5,94858.5,94777.4,94833.0,195,1000,0
2025-08-26 14:30:00,94834.0,94852.5,94735.7,94776.9,184,1000,0
2025-08-26 14:40:00,94770.9,94775.3,94630.9,94639.4,202,1000,0
2025-08-26 14:50:00,94639.4,94789.9,94625.1,94755.2,209,1000,0
2025-08-26 15:00:00,94757.2,94820.5,94746.2,94818.0,140,1000,0
2025-08-26 15:10:00,94818.0,94862.1,94795.2,94861.5,183,1000,0
2025-08-26 15:20:00,94862.1,94900.5,94774.4,94868.2,161,1000,0
2025-08-26 15:30:00,94868.2,94896.0,94770.1,94833.3,199,1000,0
2025-08-26 15:40:00,94833.3,94869.6,94808.5,94855.4,140,1000,0
2025-08-26 15:50:00,94855.4,94924.9,94776.9,94777.4,197,1000,0
2025-08-26 16:00:00,94778.9,94849.8,94778.9,94818.8,159,1000,0
2025-08-26 16:10:00,94818.8,94827.2,94756.3,94766.3,159,1000,0
2025-08-26 16:20:00,94766.3,94810.8,94720.1,94766.1,170,1000,0
2025-08-26 16:30:00,94766.1,94953.5,94730.5,94907.4,298,1000,0
2025-08-26 16:40:00,94912.4,94934.7,94715.8,94767.0,256,1000,0
2025-08-26 16:50:00,94773.0,94895.0,94773.0,94895.0,201,1000,0
2025-08-26 17:00:00,94897.0,94991.4,94882.1,94978.3,193,1000,0
2025-08-26 17:10:00,94975.3,95055.6,94919.1,95034.6,163,1000,0
2025-08-26 17:20:00,95034.6,95155.9,95015.7,95130.1,174,1000,0
2025-08-26 17:30:00,95130.1,95136.8,94986.3,94997.2,216,1000,0
2025-08-26 17:40:00,94997.1,95046.5,94971.9,95039.0,277,1000,0
2025-08-26 17:50:00,95039.0,95043.9,94812.4,94842.7,256,1000,0
2025-08-26 18:00:00,94842.7,94890.1,94793.5,94835.5,112,1000,0
2025-08-26 18:10:00,94835.5,94864.4,94807.7,94846.6,77,1000,0
2025-08-26 18:20:00,94846.6,94937.1,94840.1,94858.1,122,1000,0
2025-08-27 09:30:00,94736.1,94767.9,94621.8,94686.5,92,1000,0
2025-08-27 09:40:00,94686.5,94706.5,94622.0,94622.1,39,1000,0
2025-08-27 09:50:00,94622.1,94622.1,94453.0,94497.9,58,1000,0
2025-08-27 10:00:00,94497.9,94559.1,94346.9,94447.3,266,1000,0
2025-08-27 10:10:00,94448.3,94453.3,94278.7,94299.1,224,1000,0
2025-08-27 10:20:00,94299.1,94310.1,94131.4,94260.3,288,1000,0
2025-08-27 10:30:00,94237.4,94352.3,94176.2,94177.8,241,1000,0
2025-08-27 10:40:00,94180.2,94279.8,94178.3,94193.7,263,1000,0
2025-08-27 10:50:00,94193.7,94193.8,94057.3,94109.7,177,1000,0
2025-08-27 11:00:00,94109.7,94257.7,94087.5,94238.9,180,1000,0
2025-08-27 11:10:00,94238.9,94252.4,94103.1,94142.2,201,1000,0
2025-08-27 11:20:00,94142.2,94172.9,94048.4,94079.2,170,1000,0
2025-08-27 11:30:00,94079.2,94084.2,93981.9,94037.8,201,1000,0
2025-08-27 11:40:00,94037.3,94090.3,93954.0,93976.6,203,1000,0
2025-08-27 11:50:00,93976.6,94042.5,93922.6,94040.2,241,1000,0
2025-08-27 12:00:00,94040.2,94139.6,93990.0,94136.4,181,1000,0
2025-08-27 12:10:00,94136.4,94163.0,94089.0,94092.0,112,1000,0
2025-08-27 12:20:00,94092.0,94094.1,93987.7,94068.8,142,1000,0
2025-08-27 12:30:00,94068.8,94165.8,94068.8,94152.2,143,1000,0
2025-08-27 12:40:00,94155.2,94208.2,94136.3,94177.6,155,1000,0
2025-08-27 12:50:00,94177.6,94213.5,94156.3,94213.5,127,1000,0
2025-08-27 13:00:00,94213.5,94284.4,94208.5,94255.8,124,1000,0
2025-08-27 13:10:00,94255.8,94257.7,94138.8,94149.9,92,1000,0
2025-08-27 13:20:00,94149.9,94180.0,94047.8,94080.5,95,1000,0
2025-08-27 13:30:00,94080.5,94089.3,94008.0,94019.2,90,1790,0
2025-08-27 13:40:00,94019.2,94051.5,93994.2,94049.6,119,1000,0
2025-08-27 13:50:00,94049.6,94049.7,93996.5,94007.3,115,1000,0
2025-08-27 14:00:00,94010.3,94120.2,94010.3,94095.0,125,1000,0
2025-08-27 14:10:00,94095.0,94127.9,94041.6,94054.9,90,1000,0
2025-08-27 14:20:00,94054.9,94164.2,94041.6,94148.5,182,1000,0
2025-08-27 14:30:00,94148.5,94280.3,94129.6,94190.5,98,1000,0
2025-08-27 14:40:00,94190.5,94190.9,94123.8,94164.1,117,1000,0
2025-08-27 14:50:00,94164.1,94248.4,94162.8,94173.8,142,1000,0
2025-08-27 15:00:00,94173.8,94258.9,94145.9,94240.4,144,1000,0
2025-08-27 15:10:00,94240.4,94351.7,94240.4,94324.3,144,1000,0
2025-08-27 15:20:00,94324.3,94327.3,94228.3,94253.2,206,1000,0
2025-08-27 15:30:00,94252.2,94255.2,94101.3,94162.8,182,1000,0
2025-08-27 15:40:00,94162.8,94192.6,94121.8,94156.1,110,1000,0
2025-08-27 15:50:00,94157.1,94177.0,94102.2,94120.9,152,1000,0
2025-08-27 16:00:00,94120.9,94148.8,94100.6,94105.7,144,1000,0
2025-08-27 16:10:00,94105.7,94200.6,94105.7,94177.4,151,1000,0
2025-08-27 16:20:00,94176.4,94214.3,94105.3,94162.0,222,1000,0
2025-08-27 16:30:00,94162.0,94245.6,94108.4,94211.3,290,1000,0
2025-08-27 16:40:00,94207.3,94212.1,94123.6,94144.8,251,1000,0
2025-08-27 16:50:00,94144.8,94164.8,94053.5,94088.1,196,1000,0
2025-08-27 17:00:00,94088.7,94271.0,94083.7,94214.5,226,1000,0
2025-08-27 17:10:00,94214.5,94275.7,94161.7,94212.6,153,1000,0
2025-08-27 17:20:00,94214.6,94341.3,94214.6,94269.4,181,1000,0
2025-08-27 17:30:00,94268.0,94333.7,94207.8,94278.1,251,1000,0
2025-08-27 17:40:00,94278.1,94407.6,94275.9,94396.4,299,1000,0
2025-08-27 17:50:00,94396.9,94510.4,94394.4,94434.9,231,1000,0
2025-08-27 18:00:00,94440.9,94502.1,94322.5,94468.9,160,1000,0
2025-08-27 18:10:00,94468.9,94501.3,94453.5,94486.9,94,1000,0
2025-08-27 18:20:00,94489.9,94504.8,94360.7,94407.5,108,1000,0
2025-08-28 09:30:00,94397.2,94495.8,94206.2,94428.2,151,1000,0
2025-08-28 09:40:00,94428.2,94696.1,94428.2,94696.1,121,1000,0
2025-08-28 09:50:00,94696.1,94817.7,94696.1,94773.9,69,1000,0
2025-08-28 10:00:00,94774.9,95056.1,94749.1,94765.1,472,1000,0
2025-08-28 10:10:00,94766.1,94766.1,94648.7,94665.0,310,1000,0
2025-08-28 10:20:00,94668.5,94779.2,94640.3,94778.6,321,1000,0
2025-08-28 10:30:00,94781.1,94914.3,94780.6,94876.7,380,1000,0
2025-08-28 10:40:00,94879.7,94962.0,94674.3,94712.8,289,1000,0
2025-08-28 10:50:00,94712.8,94804.2,94672.3,94777.2,251,1000,0
2025-08-28 11:00:00,94778.2,94795.1,94666.9,94668.8,272,1000,0
2025-08-28 11:10:00,94669.3,94733.5,94632.0,94685.2,319,1000,0
2025-08-28 11:20:00,94686.2,94770.0,94618.0,94619.9,225,1000,0
2025-08-28 11:30:00,94619.9,94684.5,94580.6,94606.8,204,1000,0
2025-08-28 11:40:00,94606.8,94677.7,94580.9,94595.8,231,1000,0
2025-08-28 11:50:00,94595.8,94617.7,94503.7,94542.4,233,1000,0
2025-08-28 12:00:00,94543.4,94695.2,94543.4,94670.5,217,1000,0
2025-08-28 12:10:00,94670.5,94680.4,94541.8,94541.8,183,1000,0
2025-08-28 12:20:00,94541.8,94564.9,94419.8,94458.1,209,1000,0
2025-08-28 12:30:00,94458.6,94469.3,94384.3,94386.8,185,1000,0
2025-08-28 12:40:00,94386.8,94403.0,94287.9,94333.9,195,1000,0
2025-08-28 12:50:00,94333.8,94356.8,94235.5,94295.3,222,1000,0
2025-08-28 13:00:00,94295.3,94296.3,94192.7,94199.8,222,1000,0
2025-08-28 13:10:00,94199.8,94309.4,94170.7,94218.3,208,1000,0
2025-08-28 13:20:00,94217.8,94315.5,94133.7,94314.0,234,1000,0
2025-08-28 13:30:00,94313.5,94313.6,94173.4,94182.4,166,1000,0
2025-08-28 13:40:00,94182.9,94182.9,94108.4,94145.9,168,1000,0
2025-08-28 13:50:00,94145.9,94147.0,93978.7,94006.7,138,1000,0
2025-08-28 14:00:00,94006.7,94157.0,93992.5,94145.5,178,1000,0
2025-08-28 14:10:00,94145.5,94221.1,94119.2,94145.3,170,1000,0
2025-08-28 14:20:00,94145.3,94203.4,94118.7,94195.0,140,1000,0
2025-08-28 14:30:00,94196.0,94210.4,94120.9,94197.0,132,1000,0
2025-08-28 14:40:00,94197.0,94199.0,94142.7,94154.6,90,1000,0
2025-08-28 14:50:00,94154.6,94237.0,94145.5,94195.9,158,1000,0
2025-08-28 15:00:00,94195.9,94230.2,94140.2,94184.2,141,1000,0
2025-08-28 15:10:00,94187.7,94289.6,94164.3,94258.7,149,1000,0
2025-08-28 15:20:00,94258.7,94285.6,94194.5,94203.4,185,1000,0
2025-08-28 15:30:00,94203.4,94219.6,94113.6,94119.6,146,1000,0
2025-08-28 15:40:00,94119.6,94171.9,94109.8,94127.5,123,1000,0
2025-08-28 15:50:00,94127.5,94232.6,94112.5,94205.0,174,1000,0
2025-08-28 16:00:00,94205.0,94281.7,94176.7,94231.5,176,1000,0
2025-08-28 16:10:00,94234.5,94297.6,94205.8,94214.1,165,1000,0
2025-08-28 16:20:00,94214.1,94270.8,94214.1,94217.7,175,1000,0
2025-08-28 16:30:00,94200.8,94227.8,94048.0,94072.1,247,1000,0
2025-08-28 16:40:00,94078.5,94207.5,94003.8,94169.9,126,1000,0
2025-08-28 16:50:00,94169.9,94196.4,94100.5,94185.1,239,1000,0
2025-08-28 17:00:00,94185.1,94362.5,94174.7,94310.6,230,1000,0
2025-08-28 17:10:00,94310.6,94423.9,94277.7,94404.8,195,1000,0
2025-08-28 17:20:00,94404.8,94457.8,94404.8,94422.4,140,1000,0
2025-08-28 17:30:00,94422.4,94456.3,94369.7,94427.9,250,1000,0
2025-08-28 17:40:00,94427.9,94488.8,94377.7,94474.3,340,1000,0
2025-08-28 17:50:00,94474.3,94508.2,94372.9,94373.9,167,1000,0
2025-08-28 18:00:00,94387.8,94395.9,94297.3,94328.3,189,1000,0
2025-08-28 18:10:00,94328.3,94412.4,94298.4,94360.3,103,1000,0
2025-08-28 18:20:00,94359.8,94368.3,94303.6,94307.7,102,1000,0
2025-08-29 09:30:00,94419.8,94495.5,94329.3,94379.2,60,1000,0
2025-08-29 09:40:00,94382.2,94426.0,94382.2,94397.2,40,1590,0
2025-08-29 09:50:00,94398.9,94424.9,94343.1,94369.1,75,1000,0
2025-08-29 10:00:00,94372.1,94512.0,94301.4,94425.0,310,1000,0
2025-08-29 10:10:00,94427.0,94437.9,94217.8,94250.1,330,1000,0
2025-08-29 10:20:00,94247.6,94256.4,94129.2,94129.2,284,1000,0
2025-08-29 10:30:00,94129.2,94172.8,94055.4,94160.0,204,1000,0
2025-08-29 10:40:00,94160.0,94260.8,94137.9,94251.8,176,1000,0
2025-08-29 10:50:00,94252.8,94355.5,94154.2,94236.8,240,1000,0
2025-08-29 11:00:00,94236.8,94250.8,94045.8,94073.6,182,1000,0
2025-08-29 11:10:00,94073.6,94115.8,94045.3,94076.2,142,1000,0
2025-08-29 11:20:00,94076.2,94077.1,94019.8,94051.2,208,1000,0
2025-08-29 11:30:00,94051.2,94068.6,94027.2,94042.8,144,1000,0
2025-08-29 11:40:00,94042.8,94069.3,94036.9,94055.1,124,1000,0
2025-08-29 11:50:00,94055.1,94057.1,93920.3,93943.1,217,1000,0
2025-08-29 12:00:00,93943.1,94003.3,93843.9,93903.8,172,1000,0
2025-08-29 12:10:00,93903.8,94040.7,93903.7,94004.4,223,1000,0
2025-08-29 12:20:00,94004.4,94008.3,93935.0,93960.6,168,1000,0
2025-08-29 12:30:00,93958.6,93997.5,93889.4,93911.0,189,1000,0
2025-08-29 12:40:00,93912.0,93956.7,93905.7,93941.6,146,1000,0
2025-08-29 12:50:00,93941.6,93966.0,93916.0,93949.0,149,1000,0
2025-08-29 13:00:00,93949.0,93968.5,93914.3,93935.8,135,1000,0
2025-08-29 13:10:00,93935.8,93964.0,93923.4,93940.1,163,1000,0
2025-08-29 13:20:00,93940.1,93945.6,93900.2,93911.9,148,1000,0
2025-08-29 13:30:00,93911.9,93913.4,93839.7,93879.7,146,1000,0
2025-08-29 13:40:00,93879.7,93882.2,93713.4,93750.0,147,1000,0
2025-08-29 13:50:00,93750.5,93852.9,93718.8,93822.1,107,1000,0
2025-08-29 14:00:00,93822.1,93862.4,93771.6,93786.5,103,1000,0
2025-08-29 14:10:00,93786.5,93826.8,93719.0,93735.0,149,1000,0
2025-08-29 14:20:00,93736.0,93801.7,93718.1,93801.7,162,1000,0
2025-08-29 14:30:00,93802.6,93818.5,93780.2,93808.5,140,1000,0
2025-08-29 14:40:00,93808.5,93885.9,93795.4,93885.9,162,1000,0
2025-08-29 14:50:00,93885.9,93920.1,93858.6,93858.6,139,1000,0
2025-08-29 15:00:00,93858.6,93859.6,93770.4,93785.5,170,1000,0
2025-08-29 15:10:00,93790.4,93806.7,93769.8,93787.7,171,1000,0
2025-08-29 15:20:00,93787.7,93847.5,93770.9,93833.5,149,1000,0
2025-08-29 15:30:00,93833.5,94069.4,93831.5,93956.7,262,1000,0
2025-08-29 15:40:00,93956.7,94018.7,93935.7,94018.7,133,1000,0
2025-08-29 15:50:00,94018.7,94126.2,94018.7,94036.4,144,1000,0
2025-08-29 16:00:00,94039.4,94109.5,94010.4,94091.6,246,1000,0
2025-08-29 16:10:00,94091.1,94174.5,94085.5,94110.8,264,1000,0
2025-08-29 16:20:00,94110.8,94183.5,94110.8,94134.3,151,1000,0
2025-08-29 16:30:00,94136.3,94292.7,94096.9,94141.2,238,1000,0
2025-08-29 16:40:00,94141.2,94218.5,94098.8,94161.9,213,1000,0
2025-08-29 16:50:00,94161.9,94219.8,94115.3,94143.0,201,1000,0
2025-08-29 17:00:00,94143.0,94282.8,94059.4,94127.9,189,1000,0
2025-08-29 17:10:00,94127.9,94136.1,94039.2,94081.6,197,1000,0
2025-08-29 17:20:00,94081.1,94230.4,94081.1,94230.4,207,1000,0
2025-08-29 17:30:00,94232.3,94402.5,94232.3,94387.2,305,1000,0
2025-08-29 17:40:00,94388.2,94512.1,94356.5,94398.6,305,1000,0
2025-08-29 17:50:00,94399.6,94405.6,94232.5,94244.4,209,1000,0
2025-08-29 18:00:00,94244.4,94353.1,94233.5,94353.1,138,1000,0
2025-08-29 18:10:00,94353.1,94460.2,94339.2,94453.8,134,1000,0
2025-08-29 18:20:00,94452.3,94610.2,94406.0,94509.7,143,1000,0
2025-09-01 09:30:00,94716.3,94753.1,94517.1,94724.4,103,1000,0
2025-09-01 09:40:00,94725.4,94904.8,94725.4,94865.0,84,1000,0
2025-09-01 09:50:00,94866.0,94886.0,94816.3,94858.2,50,1000,0
2025-09-01 10:00:00,94858.2,95065.4,94816.3,94881.2,272,1000,0
2025-09-01 10:10:00,94894.2,94998.6,94870.3,94922.0,253,1000,0
2025-09-01 10:20:00,94923.0,95051.2,94923.0,94961.4,204,1000,0
2025-09-01 10:30:00,94962.4,94980.0,94903.3,94976.5,252,1000,0
2025-09-01 10:40:00,94978.5,95055.5,94947.1,95053.4,189,1000,0
2025-09-01 10:50:00,95053.9,95130.7,94963.9,94964.9,276,1000,0
2025-09-01 11:00:00,94964.9,94965.8,94875.1,94957.1,217,1000,0
2025-09-01 11:10:00,94957.1,94986.1,94902.9,94919.6,195,1000,0
2025-09-01 11:20:00,94919.6,94976.3,94900.5,94905.2,170,1000,0
2025-09-01 11:30:00,94905.2,94967.7,94904.3,94928.3,174,1000,0
2025-09-01 11:40:00,94928.3,94947.5,94889.1,94915.7,159,1000,0
2025-09-01 11:50:00,94915.7,95021.4,94915.7,95000.4,167,1000,0
2025-09-01 12:00:00,95000.4,95020.8,94954.4,94984.0,165,1000,0
2025-09-01 12:10:00,94984.0,95018.2,94941.2,94947.1,129,1000,0
2025-09-01 12:20:00,94950.1,94996.5,94881.7,94881.7,169,1000,0
2025-09-01 12:30:00,94881.7,94935.9,94881.3,94935.9,211,1000,0
2025-09-01 12:40:00,94935.9,94936.1,94900.5,94911.2,145,1000,0
2025-09-01 12:50:00,94911.2,94911.2,94822.7,94827.5,225,1000,0
2025-09-01 13:00:00,94827.5,94856.6,94821.9,94833.6,155,1000,0
2025-09-01 13:10:00,94833.6,94834.1,94801.2,94804.6,101,1000,0
2025-09-01 13:20:00,94804.6,94833.9,94795.7,94816.7,148,1000,0
2025-09-01 13:30:00,94817.7,94827.7,94774.9,94813.4,114,1000,0
2025-09-01 13:40:00,94813.4,94815.3,94774.5,94786.1,144,1000,0
2025-09-01 13:50:00,94786.1,94786.1,94747.0,94755.0,161,1000,0
2025-09-01 14:00:00,94755.0,94779.0,94752.7,94772.5,128,1000,0
2025-09-01 14:10:00,94772.5,94774.5,94743.2,94750.1,147,1000,0
2025-09-01 14:20:00,94750.1,94750.1,94656.1,94691.7,164,1000,0
2025-09-01 14:30:00,94691.7,94695.5,94609.5,94613.9,185,1000,0
2025-09-01 14:40:00,94613.9,94674.7,94607.7,94634.7,237,1000,0
2025-09-01 14:50:00,94634.7,94706.9,94614.0,94697.3,256,1000,0
2025-09-01 15:00:00,94697.4,94801.9,94681.8,94750.7,211,1000,0
2025-09-01 15:10:00,94750.7,94766.8,94709.4,94711.4,142,1000,0
2025-09-01 15:20:00,94710.4,94730.3,94645.7,94675.0,135,1000,0
2025-09-01 15:30:00,94675.0,94688.1,94640.7,94646.6,71,1000,0
2025-09-01 15:40:00,94646.6,94655.3,94624.1,94626.1,55,1000,0
2025-09-01 15:50:00,94626.1,94657.9,94604.2,94633.5,95,1000,0
2025-09-01 16:00:00,94633.5,94713.4,94624.8,94690.5,112,1000,0
2025-09-01 16:10:00,94690.5,94708.1,94613.2,94708.1,108,1000,0
2025-09-01 16:20:00,94708.1,94708.1,94609.6,94635.5,150,1000,0
2025-09-01 16:30:00,94635.5,94657.6,94599.3,94606.4,174,1000,0
2025-09-01 16:40:00,94606.4,94652.1,94484.4,94504.7,129,1000,0
2025-09-01 16:50:00,94504.8,94575.7,94469.5,94547.6,243,1000,0
2025-09-01 17:00:00,94547.6,94570.0,94449.5,94466.1,193,1000,0
2025-09-01 17:10:00,94466.1,94466.1,94298.6,94300.6,184,1000,0
2025-09-01 17:20:00,94300.6,94380.2,94300.6,94357.4,184,1000,0
2025-09-01 17:30:00,94356.4,94392.4,94279.5,94301.0,177,1000,0
2025-09-01 17:40:00,94301.0,94439.8,94301.0,94374.4,212,1000,0
2025-09-01 17:50:00,94375.4,94413.3,94357.0,94364.6,185,1000,0
2025-09-01 18:00:00,94365.6,94489.6,94320.8,94421.5,138,1000,0
2025-09-01 18:10:00,94422.5,94435.4,94286.2,94288.2,93,1000,0
2025-09-01 18:20:00,94288.2,94289.2,94031.3,94255.5,132,1000,0
2025-09-02 09:30:00,94269.3,94463.7,94269.3,94420.9,77,1000,0
2025-09-02 09:40:00,94420.9,94547.9,94369.2,94422.0,109,1000,0
2025-09-02 09:50:00,94424.0,94559.6,94379.2,94513.8,84,1000,0
2025-09-02 10:00:00,94513.8,94551.7,94349.6,94364.6,245,1000,0
2025-09-02 10:10:00,94364.6,94373.5,94071.5,94108.4,277,1000,0
2025-09-02 10:20:00,94107.4,94137.3,93906.0,94047.8,284,1000,0
2025-09-02 10:30:00,94047.8,94120.2,93982.1,94075.3,226,1000,0
2025-09-02 10:40:00,94075.3,94075.3,93831.6,93850.6,203,1000,0
2025-09-02 10:50:00,93851.6,93855.6,93701.2,93765.0,177,1000,0
2025-09-02 11:00:00,93721.1,93838.2,93592.5,93595.5,171,1000,0
2025-09-02 11:10:00,93595.5,93780.1,93567.8,93724.1,239,1000,0
2025-09-02 11:20:00,93724.1,93872.8,93724.0,93788.9,180,1000,0
2025-09-02 11:30:00,93788.9,93894.5,93698.4,93850.6,122,1000,0
2025-09-02 11:40:00,93850.6,93977.4,93771.8,93779.8,235,1000,0
2025-09-02 11:50:00,93779.8,93813.9,93689.1,93732.2,149,1000,0
2025-09-02 12:00:00,93732.2,93776.4,93710.7,93724.6,195,1000,0
2025-09-02 12:10:00,93724.6,93744.0,93617.1,93626.3,227,1000,0
2025-09-02 12:20:00,93626.3,93686.2,93607.9,93669.3,249,1000,0
2025-09-02 12:30:00,93670.3,93696.8,93611.4,93688.7,242,1000,0
2025-09-02 12:40:00,93692.7,93734.3,93676.0,93724.3,119,1000,0
2025-09-02 12:50:00,93724.2,93772.9,93688.7,93768.7,135,1000,0
2025-09-02 13:00:00,93768.7,93768.7,93656.5,93711.4,150,1000,0
2025-09-02 13:10:00,93711.4,93747.0,93656.9,93745.1,184,1000,0
2025-09-02 13:20:00,93742.1,93803.0,93731.5,93760.7,164,1000,0
2025-09-02 13:30:00,93760.2,93775.7,93659.5,93740.1,216,1000,0
2025-09-02 13:40:00,93747.1,93768.3,93688.0,93690.7,183,1000,0
2025-09-02 13:50:00,93690.7,93708.2,93638.9,93669.9,260,1000,0
2025-09-02 14:00:00,93663.4,93668.4,93474.6,93489.5,317,1000,0
2025-09-02 14:10:00,93474.6,93516.9,93442.0,93490.1,276,1000,0
2025-09-02 14:20:00,93486.1,93505.0,93442.4,93476.8,221,1000,0
2025-09-02 14:30:00,93476.8,93545.5,93448.7,93495.4,247,1000,0
2025-09-02 14:40:00,93495.4,93554.0,93452.8,93484.6,227,1000,0
2025-09-02 14:50:00,93484.6,93571.2,93469.6,93550.7,144,1000,0
2025-09-02 15:00:00,93550.7,93577.5,93480.3,93507.6,223,1000,0
2025-09-02 15:10:00,93508.6,93508.6,93320.4,93337.8,246,1000,0
2025-09-02 15:20:00,93340.8,93380.1,93249.7,93292.4,331,1000,0
2025-09-02 15:30:00,93292.4,93375.2,93260.7,93268.1,250,1000,0
2025-09-02 15:40:00,93267.1,93283.0,93223.2,93228.7,249,1000,0
2025-09-02 15:50:00,93228.2,93305.2,93106.8,93149.2,257,1000,0
2025-09-02 16:00:00,93149.2,93228.1,93118.1,93192.8,248,1000,0
2025-09-02 16:10:00,93189.9,93330.6,93166.9,93277.9,219,1000,0
2025-09-02 16:20:00,93278.4,93324.5,93136.6,93280.7,193,1000,0
2025-09-02 16:30:00,93306.6,93361.0,93090.0,93262.7,400,1000,0
2025-09-02 16:40:00,93262.7,93513.0,93262.6,93500.9,323,1000,0
2025-09-02 16:50:00,93499.9,93523.6,93373.3,93407.8,329,1000,0
2025-09-02 17:00:00,93408.8,93519.3,93387.9,93395.0,310,1000,0
2025-09-02 17:10:00,93395.0,93482.3,93351.3,93474.8,316,1000,0
2025-09-02 17:20:00,93474.8,93631.4,93474.8,93614.4,318,1000,0
2025-09-02 17:30:00,93614.4,93735.4,93510.7,93644.3,355,1000,0
2025-09-02 17:40:00,93644.3,93775.7,93630.0,93697.5,222,1000,0
2025-09-02 17:50:00,93691.5,93751.3,93639.3,93667.3,303,1000,0
2025-09-02 18:00:00,93668.3,93735.0,93511.0,93515.0,253,1000,0
2025-09-02 18:10:00,93515.0,93603.2,93490.2,93504.2,173,1000,0
2025-09-02 18:20:00,93504.2,93539.1,93342.0,93389.8,188,1000,0
2025-09-03 09:30:00,93528.4,93589.2,93409.9,93464.8,94,1000,0
2025-09-03 09:40:00,93464.8,93488.8,93429.0,93455.0,49,1000,0
2025-09-03 09:50:00,93455.0,93560.8,93440.1,93546.8,88,1000,0
2025-09-03 10:00:00,93546.8,93696.3,93400.5,93460.3,453,1000,0
2025-09-03 10:10:00,93464.3,93495.2,93230.9,93236.2,414,1000,0
2025-09-03 10:20:00,93236.2,93257.4,93018.0,93158.0,314,1000,0
2025-09-03 10:30:00,93158.0,93261.3,93071.6,93237.6,264,1000,0
2025-09-03 10:40:00,93241.6,93289.7,93139.5,93263.3,290,1000,0
2025-09-03 10:50:00,93263.3,93360.9,93234.4,93313.8,351,1000,0
2025-09-03 11:00:00,93312.8,93660.0,93242.7,93640.2,319,1000,0
2025-09-03 11:10:00,93641.2,93747.9,93598.0,93645.2,257,1000,0
2025-09-03 11:20:00,93645.2,93750.7,93628.8,93718.2,299,1000,0
2025-09-03 11:30:00,93726.2,93768.4,93668.8,93738.6,262,1000,0
2025-09-03 11:40:00,93741.6,93811.9,93694.8,93807.9,203,1000,0
2025-09-03 11:50:00,93805.9,93884.2,93775.7,93868.8,177,1000,0
2025-09-03 12:00:00,93869.8,94049.0,93869.8,94037.0,220,1000,0
2025-09-03 12:10:00,94038.0,94102.2,93981.8,94102.2,195,1000,0
2025-09-03 12:20:00,94102.2,94269.0,94080.8,94216.3,238,1000,0
2025-09-03 12:30:00,94216.8,94279.9,94148.8,94276.8,189,1000,0
2025-09-03 12:40:00,94289.7,94298.7,94193.9,94219.4,184,1000,0
2025-09-03 12:50:00,94219.4,94269.8,94187.0,94212.2,173,1000,0
2025-09-03 13:00:00,94212.2,94212.2,94109.4,94118.4,138,1000,0
2025-09-03 13:10:00,94118.4,94154.8,94109.0,94111.0,108,1000,0
2025-09-03 13:20:00,94112.0,94156.4,94094.1,94136.0,101,1000,0
2025-09-03 13:30:00,94136.0,94163.2,94085.3,94085.3,107,1000,0
2025-09-03 13:40:00,94083.3,94083.3,94020.8,94056.5,218,1000,0
2025-09-03 13:50:00,94057.0,94098.5,94023.1,94088.7,278,1000,0
2025-09-03 14:00:00,94091.7,94129.1,94072.9,94116.8,156,1000,0
2025-09-03 14:10:00,94117.3,94177.2,94114.9,94144.4,142,1000,0
2025-09-03 14:20:00,94145.4,94156.5,94102.5,94152.6,134,1000,0
2025-09-03 14:30:00,94153.1,94157.4,94109.9,94154.4,148,1000,0
2025-09-03 14:40:00,94154.9,94215.7,94125.3,94171.5,144,1000,0
2025-09-03 14:50:00,94171.5,94188.8,94053.7,94064.1,172,1000,0
2025-09-03 15:00:00,94064.1,94064.1,93962.4,93991.8,178,1000,0
2025-09-03 15:10:00,93991.8,93992.9,93938.3,93965.3,219,1000,0
2025-09-03 15:20:00,93969.3,93969.3,93890.0,93948.2,206,1000,0
2025-09-03 15:30:00,93948.2,93965.7,93871.7,93891.6,171,1000,0
2025-09-03 15:40:00,93892.1,94000.9,93889.7,93996.2,193,1000,0
2025-09-03 15:50:00,93998.6,94046.5,93943.2,93955.2,296,1000,0
2025-09-03 16:00:00,93956.2,94042.7,93942.0,93998.2,160,1000,0
2025-09-03 16:10:00,93998.2,94014.4,93892.1,93947.1,112,1000,0
2025-09-03 16:20:00,93947.1,94055.3,93941.1,93996.4,242,1000,0
2025-09-03 16:30:00,93987.4,94106.4,93922.0,94101.4,343,1000,0
2025-09-03 16:40:00,94101.4,94154.1,93992.1,93995.2,245,1000,0
2025-09-03 16:50:00,93995.2,94031.4,93949.5,93949.5,300,1000,0
2025-09-03 17:00:00,93949.5,94079.6,93948.0,93967.8,260,1000,0
2025-09-03 17:10:00,93967.8,94090.7,93947.4,94056.8,243,1000,0
2025-09-03 17:20:00,94057.8,94189.0,94023.0,94119.1,213,1000,0
2025-09-03 17:30:00,94119.1,94215.7,94086.8,94106.2,340,1000,0
2025-09-03 17:40:00,94105.2,94198.2,94100.7,94178.4,250,1000,0
2025-09-03 17:50:00,94178.4,94188.4,94053.9,94125.7,194,1000,0
2025-09-03 18:00:00,94126.2,94387.0,94126.2,94361.1,257,1000,0
2025-09-03 18:10:00,94361.1,94531.7,94361.1,94531.7,166,1000,0
2025-09-03 18:20:00,94531.7,94585.7,94469.9,94536.8,188,1000,0
2025-09-04 09:30:00,94159.1,94269.8,94159.1,94167.2,67,1000,0
2025-09-04 09:40:00,94167.2,94227.5,94153.4,94154.4,52,1000,0
2025-09-04 09:50:00,94154.4,94154.4,94049.8,94049.8,51,1000,0
2025-09-04 10:00:00,94049.8,94049.8,93751.7,94005.1,383,1000,0
2025-09-04 10:10:00,94005.1,94108.3,93765.2,93843.1,217,1000,0
2025-09-04 10:20:00,93842.6,93842.6,93567.3,93705.9,306,1000,0
2025-09-04 10:30:00,93705.9,93860.2,93649.0,93801.3,178,1000,0
2025-09-04 10:40:00,93801.3,93812.3,93627.7,93770.8,194,1000,0
2025-09-04 10:50:00,93762.8,93787.1,93595.7,93640.6,305,1000,0
2025-09-04 11:00:00,93640.6,93826.1,93640.6,93798.3,164,1000,0
2025-09-04 11:10:00,93798.3,93798.3,93661.7,93662.7,173,1000,0
2025-09-04 11:20:00,93662.2,93668.6,93540.2,93540.2,156,1000,0
2025-09-04 11:30:00,93540.2,93540.7,93417.7,93507.7,234,1000,0
2025-09-04 11:40:00,93507.7,93568.9,93474.6,93522.1,281,1000,0
2025-09-04 11:50:00,93522.1,93531.8,93345.2,93404.4,174,1000,0
2025-09-04 12:00:00,93404.4,93470.7,93404.4,93440.3,93,1000,0
2025-09-04 12:10:00,93440.3,93606.3,93410.8,93545.1,180,1000,0
2025-09-04 12:20:00,93545.1,93577.1,93500.5,93566.4,145,1000,0
2025-09-04 12:30:00,93566.4,93595.0,93525.9,93527.6,145,1000,0
2025-09-04 12:40:00,93527.6,93529.0,93407.2,93455.5,184,1000,0
2025-09-04 12:50:00,93455.5,93476.4,93347.2,93411.9,129,1000,0
2025-09-04 13:00:00,93411.9,93593.8,93411.9,93593.7,115,1000,0
2025-09-04 13:10:00,93593.7,93652.2,93527.4,93552.9,183,1000,0
2025-09-04 13:20:00,93552.9,93555.7,93443.5,93453.9,154,1000,0
2025-09-04 13:30:00,93453.9,93502.8,93413.7,93461.6,130,1000,0
2025-09-04 13:40:00,93461.6,93474.4,93411.7,93455.9,185,1000,0
2025-09-04 13:50:00,93455.9,93474.6,93410.7,93444.4,180,1000,0
2025-09-04 14:00:00,93442.9,93483.2,93410.3,93410.3,156,1000,0
2025-09-04 14:10:00,93410.3,93410.3,93342.2,93365.8,165,1000,0
2025-09-04 14:20:00,93367.8,93378.5,93325.9,93346.0,137,1000,0
2025-09-04 14:30:00,93346.0,93407.6,93333.4,93404.7,195,1000,0
2025-09-04 14:40:00,93404.7,93439.7,93367.8,93439.7,170,1000,0
2025-09-04 14:50:00,93439.7,93441.7,93338.6,93343.5,154,1000,0
2025-09-04 15:00:00,93345.5,93356.9,93287.9,93291.3,154,1000,0
2025-09-04 15:10:00,93291.3,93400.2,93246.0,93247.3,165,1000,0
2025-09-04 15:20:00,93247.3,93429.6,93247.3,93379.4,125,1000,0
2025-09-04 15:30:00,93379.4,93430.7,93262.4,93310.2,194,1000,0
2025-09-04 15:40:00,93311.2,93314.3,93184.0,93217.9,197,1000,0
2025-09-04 15:50:00,93218.4,93353.3,93218.4,93329.7,193,1000,0
2025-09-04 16:00:00,93328.7,93343.9,93278.9,93301.5,172,1000,0
2025-09-04 16:10:00,93301.5,93346.7,93254.4,93300.5,170,1000,0
2025-09-04 16:20:00,93300.0,93335.8,93285.9,93306.3,197,1000,0
2025-09-04 16:30:00,93298.8,93630.9,93232.9,93596.1,384,1000,0
2025-09-04 16:40:00,93596.1,93611.2,93401.4,93414.1,309,1000,0
2025-09-04 16:50:00,93407.1,93498.1,93399.1,93462.3,312,1000,0
2025-09-04 17:00:00,93462.3,93474.0,93327.7,93331.7,214,1000,0
2025-09-04 17:10:00,93331.7,93464.3,93331.7,93368.8,225,1000,0
2025-09-04 17:20:00,93368.8,93416.1,93308.9,93326.5,255,1000,0
2025-09-04 17:30:00,93326.5,93338.8,93240.7,93285.2,336,1000,0
2025-09-04 17:40:00,93285.2,93365.4,93285.2,93295.7,221,1000,0
2025-09-04 17:50:00,93295.7,93307.7,93169.2,93172.2,197,1000,0
2025-09-04 18:00:00,93169.3,93172.3,92863.3,92955.1,222,1000,0
2025-09-04 18:10:00,92955.1,93138.6,92955.1,93106.7,103,1000,0
2025-09-04 18:20:00,93106.7,93163.6,93043.6,93087.9,222,1000,0
2025-09-05 09:30:00,93490.3,93719.8,93490.3,93719.8,82,1000,0
2025-09-05 09:40:00,93720.7,93757.7,93695.9,93728.9,42,1000,0
2025-09-05 09:50:00,93728.9,93820.7,93694.0,93753.9,81,1000,0
2025-09-05 10:00:00,93779.9,93953.4,93779.9,93889.7,278,1000,0
2025-09-05 10:10:00,93891.7,93945.6,93642.0,93644.0,298,1000,0
2025-09-05 10:20:00,93644.0,93791.2,93608.6,93707.3,338,1000,0
2025-09-05 10:30:00,93707.3,93901.1,93607.0,93899.6,244,1000,0
2025-09-05 10:40:00,93899.6,93972.4,93870.0,93904.9,199,1000,0
2025-09-05 10:50:00,93907.8,93920.9,93769.3,93909.4,196,1000,0
2025-09-05 11:00:00,93909.4,93917.4,93807.9,93834.7,185,1000,0
2025-09-05 11:10:00,93836.2,93958.0,93805.9,93805.9,166,1000,0
2025-09-05 11:20:00,93810.9,93893.3,93732.3,93861.8,162,1000,0
2025-09-05 11:30:00,93861.8,93968.5,93841.4,93930.0,124,1000,0
2025-09-05 11:40:00,93931.5,93959.7,93892.3,93932.9,229,1000,0
2025-09-05 11:50:00,93936.9,93957.5,93886.7,93935.5,255,1000,0
2025-09-05 12:00:00,93935.5,93955.9,93880.3,93887.8,168,1000,0
2025-09-05 12:10:00,93887.8,93921.6,93816.4,93893.8,208,1000,0
2025-09-05 12:20:00,93893.8,93906.8,93817.9,93845.5,269,1000,0
2025-09-05 12:30:00,93843.5,93847.4,93760.4,93794.0,279,1000,0
2025-09-05 12:40:00,93795.0,93850.9,93747.5,93767.3,200,1000,0
2025-09-05 12:50:00,93766.3,93873.7,93735.3,93872.7,216,1000,0
2025-09-05 13:00:00,93872.7,93933.5,93855.7,93933.5,146,1000,0
2025-09-05 13:10:00,93933.5,93961.7,93853.1,93878.8,183,1000,0
2025-09-05 13:20:00,93878.8,93892.4,93839.6,93848.4,156,1000,0
2025-09-05 13:30:00,93851.4,93949.8,93843.3,93887.0,129,1000,0
2025-09-05 13:40:00,93887.0,94030.3,93875.4,94002.0,204,1000,0
2025-09-05 13:50:00,94002.0,94088.8,93993.4,94076.4,274,1000,0
2025-09-05 14:00:00,94075.9,94209.2,94039.6,94209.2,238,1000,0
2025-09-05 14:10:00,94209.2,94295.7,94164.7,94226.6,275,1000,0
2025-09-05 14:20:00,94226.6,94273.2,94171.7,94176.9,224,1000,0
2025-09-05 14:30:00,94176.9,94231.9,94154.5,94203.1,206,1000,0
2025-09-05 14:40:00,94203.1,94271.1,94201.2,94242.8,185,1000,0
2025-09-05 14:50:00,94242.8,94243.3,94146.8,94228.5,179,1000,0
2025-09-05 15:00:00,94228.5,94299.0,94174.9,94270.8,220,1000,0
2025-09-05 15:10:00,94270.3,94270.3,94126.4,94189.7,229,1000,0
2025-09-05 15:20:00,94189.7,94248.3,94086.1,94124.4,205,1000,0
2025-09-05 15:30:00,94125.4,94672.3,94058.7,94577.7,399,1000,0
2025-09-05 15:40:00,94577.7,94620.1,94451.7,94538.7,328,1000,0
2025-09-05 15:50:00,94538.8,94751.0,94530.0,94719.2,286,1000,0
2025-09-05 16:00:00,94720.7,94806.6,94665.7,94702.3,343,1000,0
2025-09-05 16:10:00,94702.3,94773.0,94661.3,94769.5,306,1000,0
2025-09-05 16:20:00,94769.5,94803.1,94711.6,94742.3,363,1000,0
2025-09-05 16:30:00,94772.2,94790.1,94447.1,94606.7,509,1000,0
2025-09-05 16:40:00,94598.8,94740.0,94550.9,94739.5,375,1000,0
2025-09-05 16:50:00,94738.0,94787.3,94680.4,94726.1,337,1000,0
2025-09-05 17:00:00,94726.1,94778.9,94582.0,94775.4,266,1000,0
2025-09-05 17:10:00,94772.4,94785.9,94485.0,94485.0,298,1000,0
2025-09-05 17:20:00,94485.0,94545.3,94202.8,94229.6,234,1000,0
2025-09-05 17:30:00,94229.6,94285.3,94072.1,94108.0,303,1000,0
2025-09-05 17:40:00,94110.0,94161.5,93904.7,93923.1,307,1000,0
2025-09-05 17:50:00,93925.1,94202.4,93905.2,94180.5,328,1000,0
2025-09-05 18:00:00,94182.5,94310.2,94138.7,94148.8,198,1000,0
2025-09-05 18:10:00,94146.8,94280.9,94102.9,94106.0,145,1000,0
2025-09-05 18:20:00,94106.0,94186.4,94094.2,94186.4,152,1000,0
2025-09-08 09:30:00,94682.1,94795.9,94645.3,94662.3,58,1000,0
2025-09-08 09:40:00,94662.3,94679.9,94612.6,94639.6,64,1000,0
2025-09-08 09:50:00,94639.6,94653.2,94547.8,94651.7,92,1000,0
2025-09-08 10:00:00,94651.7,95069.3,94623.2,95065.3,318,1000,0
2025-09-08 10:10:00,95064.9,95115.6,95004.8,95096.1,282,1000,0
2025-09-08 10:20:00,95096.1,95160.1,95023.8,95101.8,283,1000,0
2025-09-08 10:30:00,95095.8,95274.7,95044.7,95153.1,338,1000,0
2025-09-08 10:40:00,95156.1,95259.3,95084.6,95100.6,198,1000,0
2025-09-08 10:50:00,95100.6,95143.1,95077.0,95137.2,225,1000,0
2025-09-08 11:00:00,95138.2,95192.2,94929.3,94941.1,191,1000,0
2025-09-08 11:10:00,94942.0,95074.3,94936.0,95067.7,137,1000,0
2025-09-08 11:20:00,95067.7,95067.7,94919.1,94973.4,172,1000,0
2025-09-08 11:30:00,94973.9,95003.7,94899.2,94965.8,178,1000,0
2025-09-08 11:40:00,94964.8,95066.3,94899.5,95021.4,129,1000,0
2025-09-08 11:50:00,95023.4,95107.3,94991.5,95073.2,146,1000,0
2025-09-08 12:00:00,95079.2,95172.2,95060.3,95147.6,131,1000,0
2025-09-08 12:10:00,95148.6,95148.6,94991.1,95002.4,149,1000,0
2025-09-08 12:20:00,95002.4,95061.1,94947.2,94947.2,130,1000,0
2025-09-08 12:30:00,94947.2,95031.8,94934.6,95031.8,100,1000,0
2025-09-08 12:40:00,95031.8,95116.9,95004.1,95116.9,90,1000,0
2025-09-08 12:50:00,95117.0,95127.1,95046.8,95075.4,89,1000,0
2025-09-08 13:00:00,95075.4,95089.9,94954.7,94963.4,123,1000,0
2025-09-08 13:10:00,94964.4,94998.7,94954.1,94982.9,108,1000,0
2025-09-08 13:20:00,94990.8,95078.7,94990.4,95014.8,189,1000,0
2025-09-08 13:30:00,95014.8,95104.8,94943.7,95092.0,151,1000,0
2025-09-08 13:40:00,95092.0,95243.7,95092.0,95176.7,202,1000,0
2025-09-08 13:50:00,95151.8,95261.1,95151.7,95228.0,139,1000,0
2025-09-08 14:00:00,95228.0,95242.0,95144.4,95228.6,151,1000,0
2025-09-08 14:10:00,95228.6,95236.4,95167.8,95229.8,149,1000,0
2025-09-08 14:20:00,95229.8,95254.0,95109.1,95111.7,160,1000,0
2025-09-08 14:30:00,95112.7,95212.3,95111.7,95171.4,105,1000,0
2025-09-08 14:40:00,95171.4,95191.0,95137.3,95166.9,114,1000,0
2025-09-08 14:50:00,95166.9,95181.3,95084.2,95086.1,134,1000,0
2025-09-08 15:00:00,95086.1,95101.5,95032.9,95059.1,97,1000,0
2025-09-08 15:10:00,95059.1,95134.0,95032.0,95081.0,87,1000,0
2025-09-08 15:20:00,95081.0,95131.7,95047.1,95050.2,61,1000,0
2025-09-08 15:30:00,95050.2,95173.2,95050.2,95092.3,101,1000,0
2025-09-08 15:40:00,95092.3,95173.0,95092.2,95169.7,102,1000,0
2025-09-08 15:50:00,95169.7,95236.9,95143.9,95235.4,186,1000,0
2025-09-08 16:00:00,95235.4,95304.7,95212.8,95300.1,148,1000,0
2025-09-08 16:10:00,95304.1,95321.4,95234.6,95259.7,140,1000,0
2025-09-08 16:20:00,95259.7,95296.5,95246.6,95255.4,109,1000,0
2025-09-08 16:30:00,95256.4,95310.3,95157.3,95168.2,278,1000,0
2025-09-08 16:40:00,95169.1,95264.5,95165.9,95263.0,163,1000,0
2025-09-08 16:50:00,95265.0,95293.5,95177.6,95236.7,179,1000,0
2025-09-08 17:00:00,95236.7,95251.5,95173.1,95250.2,219,1000,0
2025-09-08 17:10:00,95250.2,95284.9,95213.2,95239.3,166,1000,0
2025-09-08 17:20:00,95240.3,95262.8,95149.0,95179.9,202,1000,0
2025-09-08 17:30:00,95173.9,95250.9,95148.7,95243.6,211,1000,0
2025-09-08 17:40:00,95243.6,95315.0,95220.2,95303.4,184,1000,0
2025-09-08 17:50:00,95303.4,95435.3,95273.6,95402.4,281,1000,0
2025-09-08 18:00:00,95403.4,95717.7,95403.4,95692.8,404,1000,0
2025-09-08 18:10:00,95692.8,95789.1,95673.5,95690.0,173,1000,0
2025-09-08 18:20:00,95690.0,95823.2,95631.3,95699.1,196,1000,0
2025-09-09 09:30:00,95508.8,95703.4,95508.8,95679.6,83,1000,0
2025-09-09 09:40:00,95679.6,95702.6,95629.8,95639.8,50,1000,0
2025-09-09 09:50:00,95642.8,95810.6,95642.8,95784.7,72,1000,0
2025-09-09 10:00:00,95784.7,95850.7,95654.1,95850.7,396,1000,0
2025-09-09 10:10:00,95854.7,96030.9,95781.9,96030.8,327,1000,0
2025-09-09 10:20:00,96033.8,96196.3,95963.3,96121.3,209,1000,0
2025-09-09 10:30:00,96121.3,96186.2,96025.3,96159.8,211,1000,0
2025-09-09 10:40:00,96160.8,96187.1,96049.2,96110.6,312,1000,0
2025-09-09 10:50:00,96110.6,96157.9,96030.9,96107.7,169,1000,0
2025-09-09 11:00:00,96102.7,96125.5,96031.6,96050.3,261,1000,0
2025-09-09 11:10:00,96050.3,96064.2,95955.8,95959.4,207,1000,0
2025-09-09 11:20:00,95959.4,96037.1,95919.9,95964.2,234,1000,0
2025-09-09 11:30:00,95964.2,95979.9,95899.2,95934.5,276,1000,0
2025-09-09 11:40:00,95935.5,95962.0,95895.8,95961.5,280,1000,0
2025-09-09 11:50:00,95962.0,96077.3,95959.6,96070.2,263,1000,0
2025-09-09 12:00:00,96070.2,96093.2,95982.9,96049.5,254,1000,0
2025-09-09 12:10:00,96049.5,96184.5,96049.5,96162.4,149,1000,0
2025-09-09 12:20:00,96162.4,96248.9,96152.3,96213.8,195,1000,0
2025-09-09 12:30:00,96215.3,96222.1,96063.7,96190.9,162,1000,0
2025-09-09 12:40:00,96191.9,96198.9,96107.1,96116.1,98,1000,0
2025-09-09 12:50:00,96116.1,96179.9,96061.8,96173.4,120,1000,0
2025-09-09 13:00:00,96173.4,96254.4,96128.8,96254.3,143,1000,0
2025-09-09 13:10:00,96254.3,96275.7,96205.4,96245.7,183,1000,0
2025-09-09 13:20:00,96245.7,96277.1,96206.9,96217.4,155,1000,0
2025-09-09 13:30:00,96217.4,96262.2,96217.3,96237.9,80,1000,0
2025-09-09 13:40:00,96236.9,96248.4,96182.7,96201.7,110,1000,0
2025-09-09 13:50:00,96201.7,96201.7,96145.4,96155.0,165,1000,0
2025-09-09 14:00:00,96159.5,96259.9,96146.4,96259.9,59,1000,0
2025-09-09 14:10:00,96259.9,96400.7,96244.2,96351.6,137,1000,0
2025-09-09 14:20:00,96351.6,96351.6,96251.4,96281.9,79,1000,0
2025-09-09 14:30:00,96281.8,96281.8,96182.9,96182.9,115,1000,0
2025-09-09 14:40:00,96180.3,96199.8,96103.4,96103.4,117,1000,0
2025-09-09 14:50:00,96103.4,96104.3,96012.0,96042.3,139,1000,0
2025-09-09 15:00:00,96043.3,96158.7,96043.3,96158.7,136,1000,0
2025-09-09 15:10:00,96158.7,96255.8,96158.7,96253.7,131,1000,0
2025-09-09 15:20:00,96253.7,96271.5,96138.4,96169.1,131,1000,0
2025-09-09 15:30:00,96169.1,96169.1,96118.8,96127.3,170,1000,0
2025-09-09 15:40:00,96127.3,96130.3,96046.9,96053.3,165,1000,0
2025-09-09 15:50:00,96053.3,96060.7,95987.4,96002.3,148,1000,0
2025-09-09 16:00:00,96002.3,96005.2,95855.3,95928.5,261,1000,0
2025-09-09 16:10:00,95928.0,95947.5,95887.9,95918.2,203,1000,0
2025-09-09 16:20:00,95918.2,95998.0,95918.2,95998.0,143,1000,0
2025-09-09 16:30:00,95997.5,96032.2,95783.5,95959.4,286,1000,0
2025-09-09 16:40:00,95960.4,95997.4,95923.4,95958.7,196,1000,0
2025-09-09 16:50:00,95958.7,96061.1,95958.7,96034.2,180,1000,0
2025-09-09 17:00:00,96035.2,96140.5,95685.7,95772.5,315,1000,0
2025-09-09 17:10:00,95773.5,95882.6,95752.7,95820.8,261,1000,0
2025-09-09 17:20:00,95821.8,95885.3,95790.7,95834.5,220,1000,0
2025-09-09 17:30:00,95834.5,95840.9,95588.7,95599.8,317,1000,0
2025-09-09 17:40:00,95599.8,95758.3,95599.8,95743.7,258,1000,0
2025-09-09 17:50:00,95743.7,95888.5,95678.3,95882.5,169,1000,0
2025-09-09 18:00:00,95881.5,95977.3,95803.8,95809.9,217,1000,0
2025-09-09 18:10:00,95806.9,95815.9,95716.3,95740.3,181,1000,0
2025-09-09 18:20:00,95740.3,95999.3,95740.3,95933.0,115,1000,0
2025-09-10 09:30:00,95951.2,97225.5,95951.2,96282.5,179,1000,0
2025-09-10 09:40:00,96282.5,96283.6,96097.2,96156.1,76,1000,0
2025-09-10 09:50:00,96160.0,96170.0,96102.4,96108.4,71,1000,0
2025-09-10 10:00:00,96108.4,96230.2,96074.6,96090.6,294,1000,0
2025-09-10 10:10:00,96091.6,96159.3,96072.6,96075.9,241,1000,0
2025-09-10 10:20:00,96075.9,96096.5,96021.8,96063.7,200,1000,0
2025-09-10 10:30:00,96063.7,96093.6,95972.6,95989.9,265,1000,0
2025-09-10 10:40:00,95990.9,96036.2,95931.0,95985.0,235,1000,0
2025-09-10 10:50:00,95987.9,96043.9,95966.1,95973.9,210,1000,0
2025-09-10 11:00:00,95974.4,95974.4,95901.7,95915.0,270,1000,0
2025-09-10 11:10:00,95915.0,96090.6,95906.1,96075.0,290,1000,0
2025-09-10 11:20:00,96072.0,96072.0,95942.4,95984.1,307,1000,0
2025-09-10 11:30:00,95982.6,95984.2,95795.9,95822.2,279,1000,0
2025-09-10 11:40:00,95821.2,95821.2,95711.8,95811.0,313,1000,0
2025-09-10 11:50:00,95807.0,95821.0,95761.2,95789.9,213,1000,0
2025-09-10 12:00:00,95790.9,95796.5,95735.2,95783.0,247,1000,0
2025-09-10 12:10:00,95782.5,95853.4,95756.1,95834.0,197,1000,0
2025-09-10 12:20:00,95834.0,95875.5,95811.0,95852.0,206,1000,0
2025-09-10 12:30:00,95852.0,95867.9,95798.3,95860.5,170,1000,0
2025-09-10 12:40:00,95860.5,95892.8,95833.1,95888.4,166,1000,0
2025-09-10 12:50:00,95888.4,95947.2,95876.6,95938.3,141,1000,0
2025-09-10 13:00:00,95938.3,95954.6,95842.3,95934.1,137,1000,0
2025-09-10 13:10:00,95936.1,95940.1,95866.2,95873.6,170,1000,0
2025-09-10 13:20:00,95873.6,95883.6,95838.8,95862.4,143,1000,0
2025-09-10 13:30:00,95862.4,95948.2,95862.3,95919.4,116,1000,0
2025-09-10 13:40:00,95919.4,95961.4,95912.6,95960.6,133,1000,0
2025-09-10 13:50:00,95960.6,95988.2,95950.9,95973.8,141,1000,0
2025-09-10 14:00:00,95973.8,96007.7,95962.5,95966.6,142,1000,0
2025-09-10 14:10:00,95966.6,95983.6,95938.8,95960.8,146,1000,0
2025-09-10 14:20:00,95960.8,95979.0,95928.3,95956.2,137,1000,0
2025-09-10 14:30:00,95956.2,95976.1,95889.6,95934.6,143,1000,0
2025-09-10 14:40:00,95934.6,95935.6,95828.7,95849.8,182,1000,0
2025-09-10 14:50:00,95849.8,95854.5,95798.2,95831.5,125,1000,0
2025-09-10 15:00:00,95833.5,95867.3,95815.5,95854.5,189,1000,0
2025-09-10 15:10:00,95854.5,95865.5,95799.8,95825.6,177,1000,0
2025-09-10 15:20:00,95825.6,95908.3,95817.7,95906.3,134,1000,0
2025-09-10 15:30:00,95884.4,96062.6,95884.4,96060.8,307,1000,0
2025-09-10 15:40:00,96073.7,96152.0,96044.7,96111.1,291,1000,0
2025-09-10 15:50:00,96111.1,96128.0,96016.1,96110.6,194,1000,0
2025-09-10 16:00:00,96095.6,96115.1,96030.7,96073.7,206,1000,0
2025-09-10 16:10:00,96073.6,96133.2,96050.7,96108.2,149,1000,0
2025-09-10 16:20:00,96108.2,96126.9,96037.1,96078.0,234,1000,0
2025-09-10 16:30:00,96078.0,96253.3,96046.0,96219.8,381,1000,0
2025-09-10 16:40:00,96219.8,96317.9,96162.9,96239.8,259,1000,0
2025-09-10 16:50:00,96239.8,96315.1,96172.8,96214.6,247,1000,0
2025-09-10 17:00:00,96216.6,96321.4,96216.5,96273.4,262,1000,0
2025-09-10 17:10:00,96273.4,96295.4,96211.5,96281.3,197,1000,0
2025-09-10 17:20:00,96277.8,96277.8,96195.6,96256.9,148,1000,0
2025-09-10 17:30:00,96256.9,96286.6,96198.5,96286.6,222,1000,0
2025-09-10 17:40:00,96293.0,96293.0,96172.5,96227.2,279,1000,0
2025-09-10 17:50:00,96225.2,96319.7,96224.2,96268.3,185,1000,0
2025-09-10 18:00:00,96270.3,96274.3,96152.6,96169.6,162,1000,0
2025-09-10 18:10:00,96166.6,96282.0,96145.7,96240.6,160,1000,0
2025-09-10 18:20:00,96279.1,96280.1,96152.9,96164.9,185,1000,0
2025-09-11 09:30:00,95992.7,96120.5,95992.7,96047.7,73,1000,0
2025-09-11 09:40:00,96047.7,96118.7,96047.7,96072.9,44,1000,0
2025-09-11 09:50:00,96088.8,96105.9,96048.0,96048.0,60,1000,0
2025-09-11 10:00:00,96040.1,96040.1,95470.1,95680.8,450,1000,0
2025-09-11 10:10:00,95680.8,95825.1,95457.6,95487.7,419,1000,0
2025-09-11 10:20:00,95486.7,95550.6,95408.4,95429.0,296,1000,0
2025-09-11 10:30:00,95429.0,95701.9,95413.2,95670.9,255,1000,0
2025-09-11 10:40:00,95670.9,95824.1,95645.2,95702.8,314,1000,0
2025-09-11 10:50:00,95705.8,95836.1,95701.4,95813.5,291,1000,0
2025-09-11 11:00:00,95817.0,95948.9,95788.1,95940.9,328,1000,0
2025-09-11 11:10:00,95940.9,95960.6,95849.2,95949.1,296,1000,0
2025-09-11 11:20:00,95949.2,96101.9,95949.2,96050.8,254,1000,0
2025-09-11 11:30:00,96050.8,96050.8,95891.2,95992.6,233,1000,0
2025-09-11 11:40:00,95992.6,96099.9,95992.6,96059.7,226,1000,0
2025-09-11 11:50:00,96059.7,96102.3,96030.7,96081.1,226,1000,0
2025-09-11 12:00:00,96081.6,96148.2,96062.4,96127.6,151,1000,0
2025-09-11 12:10:00,96127.6,96162.8,96029.9,96153.1,193,1000,0
2025-09-11 12:20:00,96153.1,96177.0,96072.7,96125.2,166,1000,0
2025-09-11 12:30:00,96125.2,96193.7,96073.1,96118.2,164,1000,0
2025-09-11 12:40:00,96118.2,96180.7,96103.8,96139.9,126,1000,0
2025-09-11 12:50:00,96139.9,96165.3,96073.4,96088.7,134,1000,0
2025-09-11 13:00:00,96089.7,96115.1,96038.7,96064.4,118,1000,0
2025-09-11 13:10:00,96064.3,96160.5,96063.0,96088.5,121,1000,0
2025-09-11 13:20:00,96088.5,96148.9,96063.4,96148.9,75,1000,0
2025-09-11 13:30:00,96148.8,96165.0,96129.5,96165.0,98,1000,0
2025-09-11 13:40:00,96165.0,96166.5,96120.9,96127.9,109,1000,0
2025-09-11 13:50:00,96127.9,96189.6,96077.8,96103.6,143,1000,0
2025-09-11 14:00:00,96103.6,96137.0,96097.7,96137.0,67,1000,0
2025-09-11 14:10:00,96137.1,96187.7,96122.8,96122.8,136,1000,0
2025-09-11 14:20:00,96122.8,96206.6,96107.8,96178.7,73,1000,0
2025-09-11 14:30:00,96178.7,96206.0,96141.2,96163.4,93,1000,0
2025-09-11 14:40:00,96163.4,96203.0,96104.5,96182.3,131,1000,0
2025-09-11 14:50:00,96182.3,96184.9,96102.9,96119.7,171,1000,0
2025-09-11 15:00:00,96119.7,96164.5,96118.8,96124.0,150,1000,0
2025-09-11 15:10:00,96124.0,96264.4,96120.6,96264.4,96,1000,0
2025-09-11 15:20:00,96264.4,96409.0,96262.7,96347.8,147,1000,0
2025-09-11 15:30:00,96347.8,96421.7,96222.0,96393.3,180,1000,0
2025-09-11 15:40:00,96393.3,96483.1,96316.3,96398.0,158,1000,0
2025-09-11 15:50:00,96398.0,96461.2,96342.0,96388.9,117,1000,0
2025-09-11 16:00:00,96388.8,96483.2,96388.8,96445.8,147,1000,0
2025-09-11 16:10:00,96444.8,96444.8,96326.4,96371.6,125,1000,0
2025-09-11 16:20:00,96371.6,96400.9,96285.4,96285.4,94,1000,0
2025-09-11 16:30:00,96285.4,96581.3,96223.5,96339.8,266,1000,0
2025-09-11 16:40:00,96339.8,96518.2,96289.8,96484.8,202,1000,0
2025-09-11 16:50:00,96484.8,96660.0,96452.8,96631.0,222,1000,0
2025-09-11 17:00:00,96645.5,96701.7,96590.7,96686.3,205,1000,0
2025-09-11 17:10:00,96686.3,96709.5,96648.3,96659.9,155,1000,0
2025-09-11 17:20:00,96659.9,96691.9,96593.3,96599.7,223,1000,0
2025-09-11 17:30:00,96598.2,96648.3,96587.2,96638.4,236,1000,0
2025-09-11 17:40:00,96635.9,96661.4,96538.6,96556.9,218,1000,0
2025-09-11 17:50:00,96557.4,96603.9,96490.7,96490.7,191,1000,0
2025-09-11 18:00:00,96489.7,96579.2,96489.7,96578.2,164,1000,0
2025-09-11 18:10:00,96578.7,96667.8,96539.8,96666.8,87,1000,0
2025-09-11 18:20:00,96666.8,96781.7,96621.9,96760.8,131,1000,0
2025-09-12 09:30:00,96944.7,97017.1,96874.8,96964.8,81,1000,0
2025-09-12 09:40:00,96964.8,96969.0,96845.0,96951.0,81,1000,0
2025-09-12 09:50:00,96951.0,96951.0,96839.3,96839.3,63,1000,0
2025-09-12 10:00:00,96843.3,97030.1,96838.5,96955.8,453,1000,0
2025-09-12 10:10:00,96955.8,96974.2,96875.4,96952.5,381,1000,0
2025-09-12 10:20:00,96963.5,97047.3,96934.1,97002.6,362,1000,0
2025-09-12 10:30:00,96997.6,97004.3,96856.4,96893.6,394,1000,0
2025-09-12 10:40:00,96893.6,96934.2,96857.4,96902.4,260,1000,0
2025-09-12 10:50:00,96902.4,96928.0,96810.5,96818.7,213,1000,0
2025-09-12 11:00:00,96817.7,96908.6,96810.8,96856.1,309,1000,0
2025-09-12 11:10:00,96860.1,96864.2,96594.0,96605.0,327,1000,0
2025-09-12 11:20:00,96617.0,96762.9,96599.0,96758.6,315,1000,0
2025-09-12 11:30:00,96758.6,96784.1,96668.4,96708.0,218,1000,0
2025-09-12 11:40:00,96708.0,96756.2,96669.6,96687.4,266,1000,0
2025-09-12 11:50:00,96687.4,96715.4,96648.2,96684.3,258,1000,0
2025-09-12 12:00:00,96684.3,96722.3,96637.0,96655.5,290,1000,0
2025-09-12 12:10:00,96655.5,96792.8,96645.8,96792.8,330,1000,0
2025-09-12 12:20:00,96792.3,96915.1,96792.3,96859.9,218,1000,0
2025-09-12 12:30:00,96871.9,96961.5,96871.9,96934.4,208,1000,0
2025-09-12 12:40:00,96935.4,96997.6,96914.6,96977.6,227,1000,0
2025-09-12 12:50:00,96977.6,97005.6,96942.7,96986.1,182,1000,0
2025-09-12 13:00:00,96990.6,97045.2,96954.6,97015.4,207,1000,0
2025-09-12 13:10:00,97012.9,97012.9,96720.2,96923.7,278,1000,0
2025-09-12 13:20:00,96923.7,97033.2,96920.1,97001.7,251,1000,0
2025-09-12 13:30:00,97001.7,97103.2,96978.2,97098.3,218,1000,0
2025-09-12 13:40:00,97097.3,97102.6,97052.3,97096.2,152,1000,0
2025-09-12 13:50:00,97096.2,97120.4,97065.5,97118.9,169,1000,0
2025-09-12 14:00:00,97118.9,97145.8,97081.4,97139.5,175,1000,0
2025-09-12 14:10:00,97142.5,97146.5,97082.0,97122.1,136,1000,0
2025-09-12 14:20:00,97122.1,97148.8,97094.6,97137.0,149,1000,0
2025-09-12 14:30:00,97137.0,97148.2,97103.2,97125.8,185,1000,0
2025-09-12 14:40:00,97125.8,97147.0,97054.3,97085.0,205,1000,0
2025-09-12 14:50:00,97085.0,97143.8,97013.2,97110.7,239,1000,0
2025-09-12 15:00:00,97112.7,97132.6,97049.7,97094.7,208,1000,0
2025-09-12 15:10:00,97092.7,97146.8,97063.4,97096.2,182,1000,0
2025-09-12 15:20:00,97102.7,97105.2,96981.2,96986.2,230,1000,0
2025-09-12 15:30:00,96993.2,97000.2,96883.1,96885.1,242,1000,0
2025-09-12 15:40:00,96885.1,96953.6,96843.0,96931.7,234,1000,0
2025-09-12 15:50:00,96931.7,97038.8,96930.7,97018.4,198,1000,0
2025-09-12 16:00:00,97018.4,97065.2,96976.9,97065.2,232,1000,0
2025-09-12 16:10:00,97065.2,97110.1,96986.6,96999.1,260,1000,0
2025-09-12 16:20:00,96998.6,97073.0,96971.9,97059.6,225,1000,0
2025-09-12 16:30:00,97058.6,97103.6,96978.3,97055.7,353,1000,0
2025-09-12 16:40:00,97045.7,97112.8,97013.5,97077.4,347,1000,0
2025-09-12 16:50:00,97081.4,97165.6,97022.4,97131.3,310,1000,0
2025-09-12 17:00:00,97131.3,97173.3,97087.4,97143.2,315,1000,0
2025-09-12 17:10:00,97143.7,97184.2,97125.2,97161.1,277,1000,0
2025-09-12 17:20:00,97161.1,97190.5,97081.2,97106.5,223,1000,0
2025-09-12 17:30:00,97082.1,97120.0,96979.9,96979.9,266,1000,0
2025-09-12 17:40:00,96996.8,97049.0,96907.8,96980.7,250,1000,0
2025-09-12 17:50:00,96985.7,97053.3,96815.0,97005.8,227,1000,0
2025-09-12 18:00:00,97013.8,97028.3,96834.1,96868.1,156,1000,0
2025-09-12 18:10:00,96870.1,96900.1,96844.2,96845.2,68,1000,0
2025-09-12 18:20:00,96845.2,96845.2,96668.5,96702.5,154,1000,0
2025-09-15 09:30:00,96801.6,96947.6,96801.6,96916.6,44,1000,0
2025-09-15 09:40:00,96916.7,96916.7,96726.8,96846.8,88,1000,0
2025-09-15 09:50:00,96846.8,96869.8,96758.9,96791.9,69,1000,0
2025-09-15 10:00:00,96792.0,96915.9,96732.1,96857.0,298,1000,0
2025-09-15 10:10:00,96857.0,96916.6,96733.1,96916.6,336,1000,0
2025-09-15 10:20:00,96916.6,96987.4,96880.8,96913.2,393,1000,0
2025-09-15 10:30:00,96913.2,97017.7,96899.0,96949.4,353,1000,0
2025-09-15 10:40:00,96947.4,96966.6,96782.6,96896.7,369,1000,0
2025-09-15 10:50:00,96896.7,96963.1,96824.0,96893.9,350,1000,0
2025-09-15 11:00:00,96895.9,96930.2,96774.9,96919.2,279,1000,0
2025-09-15 11:10:00,96921.2,97043.5,96904.2,96969.5,275,1000,0
2025-09-15 11:20:00,96953.0,97020.8,96920.5,96955.4,299,1000,0
2025-09-15 11:30:00,96955.9,96984.3,96860.8,96865.9,227,1000,0
2025-09-15 11:40:00,96865.9,96928.2,96798.4,96838.3,262,1000,0
2025-09-15 11:50:00,96838.3,96841.3,96758.4,96803.6,295,1000,0
2025-09-15 12:00:00,96803.6,96828.6,96741.7,96796.4,271,1000,0
2025-09-15 12:10:00,96796.4,96840.4,96767.1,96825.2,240,1000,0
2025-09-15 12:20:00,96824.2,96824.2,96690.3,96706.5,247,1000,0
2025-09-15 12:30:00,96714.5,96733.2,96638.9,96715.9,210,1000,0
2025-09-15 12:40:00,96720.9,96743.1,96695.8,96723.1,189,1000,0
2025-09-15 12:50:00,96723.1,96740.9,96690.2,96710.5,199,1000,0
2025-09-15 13:00:00,96710.5,96849.7,96707.5,96849.7,186,1000,0
2025-09-15 13:10:00,96849.8,96855.6,96770.2,96788.5,183,1000,0
2025-09-15 13:20:00,96784.5,96793.0,96712.1,96785.0,202,1000,0
2025-09-15 13:30:00,96785.0,96870.7,96768.6,96774.6,233,1000,0
2025-09-15 13:40:00,96777.6,96790.6,96702.5,96748.8,232,1000,0
2025-09-15 13:50:00,96752.3,96767.5,96692.1,96693.1,196,1000,0
2025-09-15 14:00:00,96692.1,96713.1,96657.6,96682.5,202,1000,0
2025-09-15 14:10:00,96682.5,96815.7,96661.5,96815.4,212,1000,0
2025-09-15 14:20:00,96816.4,96862.4,96760.6,96810.4,208,1000,0
2025-09-15 14:30:00,96810.4,96839.3,96753.8,96839.3,204,1000,0
2025-09-15 14:40:00,96837.3,96879.3,96822.2,96876.6,187,1000,0
2025-09-15 14:50:00,96866.1,96967.5,96866.1,96942.1,181,1000,0
2025-09-15 15:00:00,96942.1,97085.5,96916.6,97030.0,264,1000,0
2025-09-15 15:10:00,97032.0,97032.0,96895.3,96989.8,240,1000,0
2025-09-15 15:20:00,96989.8,97061.8,96949.3,97036.0,221,1000,0
2025-09-15 15:30:00,97036.0,97128.9,97030.0,97112.9,141,1000,0
2025-09-15 15:40:00,97112.9,97198.8,97084.9,97158.4,187,1000,0
2025-09-15 15:50:00,97159.4,97185.1,97097.9,97120.9,189,1000,0
2025-09-15 16:00:00,97119.9,97119.9,97013.2,97030.4,213,1000,0
2025-09-15 16:10:00,97030.9,97071.6,97005.6,97008.1,198,1000,0
2025-09-15 16:20:00,97009.1,97099.4,97003.4,97019.4,228,1000,0
2025-09-15 16:30:00,97017.4,97033.8,96836.1,97026.4,328,1000,0
2025-09-15 16:40:00,97026.4,97095.2,96972.5,97052.7,260,1000,0
2025-09-15 16:50:00,97056.6,97080.3,96989.4,97042.6,238,1000,0
2025-09-15 17:00:00,97045.6,97049.6,96898.2,96920.1,198,1000,0
2025-09-15 17:10:00,96920.1,97019.3,96877.1,96966.9,192,1000,0
2025-09-15 17:20:00,96983.9,97063.8,96950.5,97000.6,181,1000,0
2025-09-15 17:30:00,97000.6,97262.5,97000.6,97262.5,276,1000,0
2025-09-15 17:40:00,97262.0,97363.5,97225.1,97301.6,545,1000,0
2025-09-15 17:50:00,97301.6,97338.7,97098.9,97273.9,255,1000,0
2025-09-15 18:00:00,97305.3,97305.3,97138.6,97246.1,178,1000,0
2025-09-15 18:10:00,97249.1,97330.3,97231.2,97330.3,94,1000,0
2025-09-15 18:20:00,97330.3,97422.2,97253.6,97254.6,217,1000,0
2025-09-16 09:30:00,97353.8,97399.8,97240.0,97305.0,53,1000,0
2025-09-16 09:40:00,97305.0,97349.2,97269.1,97336.2,55,1000,0
2025-09-16 09:50:00,97336.3,97412.4,97336.3,97412.4,60,1000,0
2025-09-16 10:00:00,97412.4,97905.2,97412.4,97653.5,617,1000,0
2025-09-16 10:10:00,97676.5,97710.5,97541.7,97647.2,371,1000,0
2025-09-16 10:20:00,97647.2,97732.5,97549.4,97662.3,833,1000,0
2025-09-16 10:30:00,97669.3,97720.7,97448.7,97498.8,522,1000,0
2025-09-16 10:40:00,97498.8,97514.3,97313.7,97362.2,547,1000,0
2025-09-16 10:50:00,97362.2,97370.2,97233.2,97329.1,391,1000,0
2025-09-16 11:00:00,97333.2,97457.8,97263.6,97455.8,459,1000,0
2025-09-16 11:10:00,97455.8,97612.6,97417.0,97503.6,371,1000,0
2025-09-16 11:20:00,97503.6,97552.3,97475.2,97516.6,347,1000,0
2025-09-16 11:30:00,97516.6,97590.8,97463.2,97585.2,323,1000,0
2025-09-16 11:40:00,97585.7,97703.7,97552.5,97692.9,329,1000,0
2025-09-16 11:50:00,97692.9,97702.2,97587.2,97608.2,310,1000,0
2025-09-16 12:00:00,97608.2,97685.2,97564.6,97673.0,342,1000,0
2025-09-16 12:10:00,97677.5,97850.0,97650.6,97796.9,362,1000,0
2025-09-16 12:20:00,97807.4,97892.3,97795.8,97826.3,277,1000,0
2025-09-16 12:30:00,97825.3,97880.5,97764.2,97802.6,312,1000,0
2025-09-16 12:40:00,97799.1,97845.0,97782.3,97783.5,288,1000,0
2025-09-16 12:50:00,97783.5,97803.9,97729.8,97732.7,244,1000,0
2025-09-16 13:00:00,97732.7,97745.6,97666.7,97743.6,240,1000,0
2025-09-16 13:10:00,97740.6,97774.2,97690.9,97746.0,261,1000,0
2025-09-16 13:20:00,97747.0,97773.1,97617.9,97772.1,189,1000,0
2025-09-16 13:30:00,97775.5,97805.9,97703.9,97753.6,285,1000,0
2025-09-16 13:40:00,97753.6,97853.5,97753.6,97822.4,268,1000,0
2025-09-16 13:50:00,97824.4,97877.9,97793.4,97851.1,263,1000,0
2025-09-16 14:00:00,97851.1,97877.8,97795.0,97862.0,287,1000,0
2025-09-16 14:10:00,97864.0,97868.2,97794.7,97830.9,244,1000,0
2025-09-16 14:20:00,97831.4,97883.1,97828.3,97870.8,187,1000,0
2025-09-16 14:30:00,97870.8,97904.5,97819.9,97857.1,261,1000,0
2025-09-16 14:40:00,97858.1,97923.2,97827.8,97829.3,286,1000,0
2025-09-16 14:50:00,97830.3,97838.1,97779.6,97830.1,263,1000,0
2025-09-16 15:00:00,97835.1,97895.3,97813.0,97894.3,274,1000,0
2025-09-16 15:10:00,97893.8,97951.4,97881.6,97947.3,359,1000,0
2025-09-16 15:20:00,97947.3,98016.3,97937.6,98016.3,204,1000,0
2025-09-16 15:30:00,98016.8,98065.0,97980.2,98027.0,332,1000,0
2025-09-16 15:40:00,98028.0,98028.0,97944.1,97952.6,291,1000,0
2025-09-16 15:50:00,97946.1,97954.1,97810.4,97843.3,361,1000,0
2025-09-16 16:00:00,97839.4,97839.4,97703.7,97729.5,310,1000,0
2025-09-16 16:10:00,97729.5,97852.6,97714.0,97821.2,362,1000,0
2025-09-16 16:20:00,97821.2,97926.3,97797.2,97865.3,390,1000,0
2025-09-16 16:30:00,97872.3,97872.3,97685.1,97703.6,429,1000,0
2025-09-16 16:40:00,97705.6,97720.5,97533.0,97570.8,353,1000,0
2025-09-16 16:50:00,97570.8,97607.3,97502.7,97556.5,390,1000,0
2025-09-16 17:00:00,97555.0,97575.0,97449.3,97450.3,353,1000,0
2025-09-16 17:10:00,97450.3,97521.7,97398.4,97484.0,274,1000,0
2025-09-16 17:20:00,97484.0,97593.0,97453.0,97510.1,182,1000,0
2025-09-16 17:30:00,97510.1,97608.3,97480.4,97543.3,216,1000,0
2025-09-16 17:40:00,97543.3,97622.5,97517.6,97570.5,221,1000,0
2025-09-16 17:50:00,97570.5,97655.6,97514.9,97521.9,284,1000,0
2025-09-16 18:00:00,97535.9,97537.9,97313.3,97488.2,256,1000,0
2025-09-16 18:10:00,97488.2,97488.2,97334.2,97362.7,96,1000,0
2025-09-16 18:20:00,97362.7,97380.2,97190.0,97356.0,143,1000,0
2025-09-17 09:30:00,97545.1,97675.1,97545.1,97575.4,69,1000,0
2025-09-17 09:40:00,97575.5,97595.5,97422.6,97456.8,87,1000,0
2025-09-17 09:50:00,97456.8,97497.1,97389.2,97420.2,69,1000,0
2025-09-17 10:00:00,97420.2,97462.2,97053.8,97076.4,284,1000,0
2025-09-17 10:10:00,97076.4,97111.7,96809.3,96828.9,309,1000,0
2025-09-17 10:20:00,96847.6,96971.2,96793.8,96966.5,347,1000,0
2025-09-17 10:30:00,96982.2,97024.8,96882.1,96992.8,342,1000,0
2025-09-17 10:40:00,96992.8,97043.6,96889.5,97016.3,270,1000,0
2025-09-17 10:50:00,97030.0,97137.8,96960.1,97115.2,312,1000,0
2025-09-17 11:00:00,97115.2,97150.6,97047.0,97150.6,382,1000,0
2025-09-17 11:10:00,97150.6,97204.5,97085.3,97180.9,260,1000,0
2025-09-17 11:20:00,97180.9,97246.5,97151.5,97186.7,213,1000,0
2025-09-17 11:30:00,97186.7,97220.6,97092.7,97102.8,196,1000,0
2025-09-17 11:40:00,97132.2,97193.4,97062.0,97146.9,209,1000,0
2025-09-17 11:50:00,97146.9,97186.3,97066.1,97147.9,141,1000,0
2025-09-17 12:00:00,97147.9,97310.6,97138.0,97285.7,153,1000,0
2025-09-17 12:10:00,97286.7,97352.6,97273.2,97294.8,125,1000,0
2025-09-17 12:20:00,97295.8,97381.1,97292.8,97325.7,145,1000,0
2025-09-17 12:30:00,97325.7,97356.9,97251.3,97312.1,171,1000,0
2025-09-17 12:40:00,97312.1,97383.3,97252.7,97346.7,135,1000,0
2025-09-17 12:50:00,97346.7,97346.7,97291.3,97324.4,111,1000,0
2025-09-17 13:00:00,97324.4,97335.5,97236.8,97265.1,168,1000,0
2025-09-17 13:10:00,97266.1,97290.1,97193.8,97204.1,238,1000,0
2025-09-17 13:20:00,97212.9,97235.0,97193.2,97219.5,169,1000,0
2025-09-17 13:30:00,97219.5,97220.9,97152.9,97165.1,223,1000,0
2025-09-17 13:40:00,97165.1,97213.7,97130.3,97176.1,182,1000,0
2025-09-17 13:50:00,97180.1,97180.1,97106.6,97142.4,134,1000,0
2025-09-17 14:00:00,97140.4,97177.2,97108.2,97171.8,103,1000,0
2025-09-17 14:10:00,97171.8,97205.1,97130.0,97176.1,119,1000,0
2025-09-17 14:20:00,97176.1,97304.5,97176.1,97304.5,97,1000,0
2025-09-17 14:30:00,97303.5,97330.6,97256.7,97311.5,125,1000,0
2025-09-17 14:40:00,97312.5,97353.9,97259.7,97344.8,65,1000,0
2025-09-17 14:50:00,97344.8,97399.7,97316.4,97386.0,122,1000,0
2025-09-17 15:00:00,97386.0,97414.1,97359.7,97406.7,96,1000,0
2025-09-17 15:10:00,97406.7,97406.7,97260.8,97343.2,188,1000,0
2025-09-17 15:20:00,97343.2,97438.7,97262.3,97414.5,176,1000,0
2025-09-17 15:30:00,97414.6,97448.3,97293.3,97378.6,138,1000,0
2025-09-17 15:40:00,97378.6,97468.0,97378.6,97441.6,104,1000,0
2025-09-17 15:50:00,97441.6,97560.2,97441.3,97530.3,113,1000,0
2025-09-17 16:00:00,97530.3,97603.3,97511.4,97585.7,101,1000,0
2025-09-17 16:10:00,97585.7,97666.4,97536.4,97666.4,151,1000,0
2025-09-17 16:20:00,97666.4,97672.4,97599.7,97620.9,122,1000,0
2025-09-17 16:30:00,97620.9,97838.6,97578.5,97813.2,335,1000,0
2025-09-17 16:40:00,97800.4,97953.1,97796.6,97921.8,260,1000,0
2025-09-17 16:50:00,97922.9,98030.6,97870.8,97967.9,250,1000,0
2025-09-17 17:00:00,97967.9,98002.0,97890.4,97968.6,215,1000,0
2025-09-17 17:10:00,97968.6,98074.3,97951.2,98012.5,218,1000,0
2025-09-17 17:20:00,98012.5,98054.4,97944.7,97945.3,198,1000,0
2025-09-17 17:30:00,97945.3,97947.4,97856.3,97932.4,249,1000,0
2025-09-17 17:40:00,97933.8,98068.5,97904.0,98039.9,228,1000,0
2025-09-17 17:50:00,98037.4,98091.0,97854.7,97915.5,304,1000,0
2025-09-17 18:00:00,97937.1,97975.5,97681.1,97921.6,238,1000,0
2025-09-17 18:10:00,97921.6,97930.4,97792.2,97870.7,122,1000,0
2025-09-17 18:20:00,97870.7,97972.9,97792.2,97972.9,106,1000,0
2025-09-18 09:30:00,97399.0,97399.0,97060.6,97071.4,91,1000,0
2025-09-18 09:40:00,97071.4,97147.0,97022.3,97120.5,63,1000,0
2025-09-18 09:50:00,97120.6,97193.8,97095.1,97151.2,83,1000,0
2025-09-18 10:00:00,97151.2,97261.5,96992.3,97137.9,429,1000,0
2025-09-18 10:10:00,97137.9,97409.8,97137.9,97386.3,285,1000,0
2025-09-18 10:20:00,97386.3,97544.5,97386.3,97504.4,369,1000,0
2025-09-18 10:30:00,97506.3,97524.0,97357.1,97420.5,340,1000,0
2025-09-18 10:40:00,97420.5,97538.9,97357.6,97538.9,278,1000,0
2025-09-18 10:50:00,97542.3,97667.5,97490.4,97637.9,173,1000,0
2025-09-18 11:00:00,97640.8,97697.4,97501.3,97522.1,224,1000,0
2025-09-18 11:10:00,97525.1,97713.6,97525.1,97662.1,183,1000,0
2025-09-18 11:20:00,97662.1,97850.5,97640.5,97828.0,148,1000,0
2025-09-18 11:30:00,97828.0,97875.8,97752.9,97854.2,139,1000,0
2025-09-18 11:40:00,97854.2,97969.8,97843.9,97969.8,141,1000,0
2025-09-18 11:50:00,97969.8,98018.1,97946.2,97949.2,99,1000,0
2025-09-18 12:00:00,97949.3,97972.0,97882.0,97972.0,138,1000,0
2025-09-18 12:10:00,97972.0,98031.4,97946.6,98024.0,154,1000,0
2025-09-18 12:20:00,98024.0,98103.5,97994.1,98103.5,163,1000,0
2025-09-18 12:30:00,98103.5,98147.2,98068.7,98144.2,268,1000,0
2025-09-18 12:40:00,98145.3,98145.7,98079.1,98080.7,237,1000,0
2025-09-18 12:50:00,98080.7,98112.2,97989.7,98018.1,201,1000,0
2025-09-18 13:00:00,98018.1,98018.1,97851.8,97851.8,35,1000,0
2025-09-18 13:10:00,98324.2,98324.2,98245.8,98297.2,136,1000,0
2025-09-18 13:20:00,98297.2,98384.1,98217.9,98276.8,265,1000,0
2025-09-18 13:30:00,98276.8,98348.1,98219.4,98231.4,190,1000,0
2025-09-18 13:40:00,98231.4,98407.1,98231.4,98405.2,169,1000,0
2025-09-18 13:50:00,98403.6,98507.1,98396.7,98427.8,155,1000,0
2025-09-18 14:00:00,98427.8,98517.6,98419.3,98442.3,179,1000,0
2025-09-18 14:10:00,98442.3,98442.3,98333.9,98367.3,217,1000,0
2025-09-18 14:20:00,98367.3,98372.2,98275.9,98281.2,208,1000,0
2025-09-18 14:30:00,98281.2,98413.1,98281.2,98385.9,134,1000,0
2025-09-18 14:40:00,98385.9,98400.1,98328.3,98354.4,165,1000,0
2025-09-18 14:50:00,98354.4,98410.5,98328.0,98394.3,146,1000,0
2025-09-18 15:00:00,98394.3,98397.8,98291.1,98295.1,163,1000,0
2025-09-18 15:10:00,98295.1,98383.8,98291.7,98382.3,116,1000,0
2025-09-18 15:20:00,98382.3,98426.9,98382.3,98414.9,105,1000,0
2025-09-18 15:30:00,98414.9,98414.9,98268.3,98323.8,205,1000,0
2025-09-18 15:40:00,98322.8,98356.7,98234.3,98278.4,215,1000,0
2025-09-18 15:50:00,98278.4,98300.1,98149.8,98149.8,240,1000,0
2025-09-18 16:00:00,98149.3,98158.7,97957.8,97973.9,272,1000,0
2025-09-18 16:10:00,97973.9,97993.3,97869.8,97880.6,260,1000,0
2025-09-18 16:20:00,97880.6,97976.8,97846.3,97889.5,143,1000,0
2025-09-18 16:30:00,97889.5,98085.5,97813.1,97989.0,325,1000,0
2025-09-18 16:40:00,97990.0,97991.8,97766.3,97903.7,252,1000,0
2025-09-18 16:50:00,97903.7,98129.5,97903.5,98105.9,251,1000,0
2025-09-18 17:00:00,98110.8,98155.9,97920.0,97955.1,316,1000,0
2025-09-18 17:10:00,97955.1,98116.9,97955.1,98056.8,180,1000,0
2025-09-18 17:20:00,98058.8,98179.6,97998.4,98032.1,183,1000,0
2025-09-18 17:30:00,98031.6,98048.8,97916.1,97920.1,190,1000,0
2025-09-18 17:40:00,97920.1,98036.0,97894.3,97903.2,242,1000,0
2025-09-18 17:50:00,97900.3,97999.6,97857.1,97959.4,248,1000,0
2025-09-18 18:00:00,97960.4,98070.3,97918.2,97928.1,197,1000,0
2025-09-18 18:10:00,97928.1,98019.5,97865.3,97989.5,102,1000,0
2025-09-18 18:20:00,97995.9,98155.2,97989.1,98046.2,85,1000,0
2025-09-19 09:30:00,98065.6,98113.6,97973.3,98085.1,110,1000,0
2025-09-19 09:40:00,98085.1,98126.5,98047.8,98126.5,61,1000,0
2025-09-19 09:50:00,98125.4,98125.4,98040.1,98044.1,41,1000,0
2025-09-19 10:00:00,98044.1,98258.5,97912.9,98079.8,286,1000,0
2025-09-19 10:10:00,98079.8,98145.1,98002.3,98096.5,295,1000,0
2025-09-19 10:20:00,98096.5,98288.3,98092.3,98266.7,320,1000,0
2025-09-19 10:30:00,98266.7,98294.1,98101.0,98146.5,321,1000,0
2025-09-19 10:40:00,98146.5,98292.6,98134.7,98278.0,264,1000,0
2025-09-19 10:50:00,98279.0,98292.0,98180.4,98181.4,206,1000,0
2025-09-19 11:00:00,98181.4,98190.5,97950.6,98085.9,312,1000,0
2025-09-19 11:10:00,98085.9,98259.9,98073.4,98165.1,288,1000,0
2025-09-19 11:20:00,98165.1,98247.9,98129.8,98206.4,281,1000,0
2025-09-19 11:30:00,98190.7,98238.3,98149.2,98187.0,223,1000,0
2025-09-19 11:40:00,98188.9,98199.0,98150.0,98158.4,190,1000,0
2025-09-19 11:50:00,98160.4,98163.6,98061.6,98070.2,259,1000,0
2025-09-19 12:00:00,98071.2,98092.4,97993.0,98074.9,254,1000,0
2025-09-19 12:10:00,98082.7,98083.7,97932.4,97982.7,246,1000,0
2025-09-19 12:20:00,97982.7,98083.0,97917.3,97917.3,306,1000,0
2025-09-19 12:30:00,97912.4,97955.8,97839.8,97927.5,269,1000,0
2025-09-19 12:40:00,97930.0,97961.6,97857.7,97935.7,258,1000,0
2025-09-19 12:50:00,97938.7,97962.3,97850.0,97855.2,217,1000,0
2025-09-19 13:00:00,97856.2,97859.6,97743.1,97777.1,242,1000,0
2025-09-19 13:10:00,97779.0,97813.7,97746.2,97768.0,188,1000,0
2025-09-19 13:20:00,97768.0,97768.0,97634.8,97707.5,266,1000,0
2025-09-19 13:30:00,97707.5,97707.5,97631.4,97683.3,163,1000,0
2025-09-19 13:40:00,97683.3,97806.0,97640.3,97651.6,178,1000,0
2025-09-19 13:50:00,97651.6,97737.9,97644.7,97700.8,253,1000,0
2025-09-19 14:00:00,97706.7,97710.6,97626.6,97691.4,265,1000,0
2025-09-19 14:10:00,97691.4,97850.1,97656.2,97846.2,240,1000,0
2025-09-19 14:20:00,97829.5,97909.1,97697.9,97887.5,271,1000,0
2025-09-19 14:30:00,97887.5,97887.5,97688.1,97759.9,219,1000,0
2025-09-19 14:40:00,97759.9,97853.2,97714.0,97800.6,192,1000,0
2025-09-19 14:50:00,97800.6,97829.8,97748.4,97789.6,202,1000,0
2025-09-19 15:00:00,97789.6,97874.5,97730.7,97833.9,201,1000,0
2025-09-19 15:10:00,97833.9,97906.1,97829.6,97872.7,156,1000,0
2025-09-19 15:20:00,97872.7,97903.8,97812.5,97850.1,150,1000,0
2025-09-19 15:30:00,97852.1,97896.7,97629.0,97785.7,218,1000,0
2025-09-19 15:40:00,97785.7,97844.8,97685.2,97796.4,192,1000,0
2025-09-19 15:50:00,97796.4,97907.6,97794.5,97895.8,257,1000,0
2025-09-19 16:00:00,97895.8,97895.8,97796.1,97890.6,267,1000,0
2025-09-19 16:10:00,97893.1,98036.0,97882.8,98036.0,248,1000,0
2025-09-19 16:20:00,98036.0,98138.4,97985.7,98134.4,274,1000,0
2025-09-19 16:30:00,98134.4,98379.4,98088.2,98265.1,568,1000,0
2025-09-19 16:40:00,98265.6,98292.4,97762.2,98243.3,424,1000,0
2025-09-19 16:50:00,98243.2,98391.1,98227.1,98368.6,323,1000,0
2025-09-19 17:00:00,98374.5,98494.4,98305.4,98478.7,440,1000,0
2025-09-19 17:10:00,98478.7,98555.8,98448.3,98487.7,393,1000,0
2025-09-19 17:20:00,98487.7,98630.9,98470.0,98618.1,319,1000,0
2025-09-19 17:30:00,98622.0,98658.5,98566.8,98641.5,340,1000,0
2025-09-19 17:40:00,98642.9,98659.8,98542.3,98558.8,235,1000,0
2025-09-19 17:50:00,98558.8,98558.8,98242.6,98459.8,303,1000,0
2025-09-19 18:00:00,98454.9,98653.8,98453.9,98517.9,183,1000,0
2025-09-19 18:10:00,98517.9,98741.0,98509.5,98725.3,164,1000,0
2025-09-19 18:20:00,98725.3,98741.1,98489.7,98537.8,140,1000,0
2025-09-22 09:30:00,98648.7,98840.2,98569.3,98737.0,125,1000,0
2025-09-22 09:40:00,98746.9,98792.2,98680.0,98743.0,81,1000,0
2025-09-22 09:50:00,98743.1,98747.0,98679.3,98679.3,65,1000,0
2025-09-22 10:00:00,98651.8,98860.6,98526.1,98555.6,432,1000,0
2025-09-22 10:10:00,98567.3,98584.1,98439.6,98483.1,402,1000,0
2025-09-22 10:20:00,98476.3,98548.8,98274.0,98397.9,459,1000,0
2025-09-22 10:30:00,98397.9,98475.5,98202.7,98293.5,405,1000,0
2025-09-22 10:40:00,98293.5,98473.4,98257.2,98465.5,442,1000,0
2025-09-22 10:50:00,98468.9,98479.7,98270.4,98367.8,348,1000,0
2025-09-22 11:00:00,98360.5,98440.7,98281.8,98372.2,370,1000,0
2025-09-22 11:10:00,98372.2,98522.8,98334.8,98522.4,271,1000,0
2025-09-22 11:20:00,98522.4,98647.9,98508.5,98597.2,365,1000,0
2025-09-22 11:30:00,98598.2,98691.0,98580.2,98632.7,370,1000,0
2025-09-22 11:40:00,98632.7,98662.5,98521.4,98525.4,274,1000,0
2025-09-22 11:50:00,98525.4,98760.3,98494.0,98708.6,335,1000,0
2025-09-22 12:00:00,98709.6,98785.5,98687.2,98721.1,309,1000,0
2025-09-22 12:10:00,98721.1,98778.1,98682.8,98762.6,282,1000,0
2025-09-22 12:20:00,98763.1,98781.1,98730.2,98776.7,239,1000,0
2025-09-22 12:30:00,98777.2,98816.5,98753.7,98786.7,257,1000,0
2025-09-22 12:40:00,98786.7,98824.4,98783.8,98817.4,167,1000,0
2025-09-22 12:50:00,98815.9,98930.2,98807.1,98918.3,217,1000,0
2025-09-22 13:00:00,98916.3,98963.0,98873.9,98948.2,227,1000,0
2025-09-22 13:10:00,98958.0,99141.3,98958.0,99106.9,135,1000,0
2025-09-22 13:20:00,99106.9,99179.2,99075.3,99156.2,96,1000,0
2025-09-22 13:30:00,99156.2,99158.9,99102.0,99123.4,88,1000,0
2025-09-22 13:40:00,99123.4,99208.6,99119.0,99208.6,202,1000,0
2025-09-22 13:50:00,99208.6,99238.2,99056.5,99130.8,235,1000,0
2025-09-22 14:00:00,99130.8,99206.5,99097.3,99115.8,189,1000,0
2025-09-22 14:10:00,99115.8,99174.5,99105.5,99152.0,166,1000,0
2025-09-22 14:20:00,99152.0,99170.9,99060.7,99061.9,160,1000,0
2025-09-22 14:30:00,99061.9,99100.0,99007.2,99007.9,172,1000,0
2025-09-22 14:40:00,99007.9,99123.3,98988.6,99103.1,192,1000,0
2025-09-22 14:50:00,99103.1,99163.6,99067.9,99163.6,161,1000,0
2025-09-22 15:00:00,99163.6,99166.1,99062.1,99094.4,215,1000,0
2025-09-22 15:10:00,99094.4,99114.2,99000.9,99012.0,193,1000,0
2025-09-22 15:20:00,99012.0,99035.6,98998.4,99035.6,142,1000,0
2025-09-22 15:30:00,99035.6,99035.8,98935.9,98958.9,224,1000,0
2025-09-22 15:40:00,98958.9,99041.8,98937.3,99010.6,222,1000,0
2025-09-22 15:50:00,99009.6,99029.9,98977.7,99027.4,245,1000,0
2025-09-22 16:00:00,99027.4,99051.6,98985.6,99049.2,286,1000,0
2025-09-22 16:10:00,99049.2,99065.5,98977.1,99030.1,272,1000,0
2025-09-22 16:20:00,99030.1,99149.7,99007.5,99120.8,206,1000,0
2025-09-22 16:30:00,99120.8,99192.8,98995.3,99000.2,485,1000,0
2025-09-22 16:40:00,99000.2,99018.3,98868.2,98868.2,290,1000,0
2025-09-22 16:50:00,98862.8,98937.7,98857.9,98924.7,345,1000,0
2025-09-22 17:00:00,98924.7,98949.4,98805.8,98849.8,346,1000,0
2025-09-22 17:10:00,98850.3,98850.3,98677.2,98691.1,259,1000,0
2025-09-22 17:20:00,98691.1,98729.9,98625.7,98689.7,278,1000,0
2025-09-22 17:30:00,98689.7,98729.3,98528.8,98640.8,362,1000,0
2025-09-22 17:40:00,98640.8,98803.9,98618.1,98781.7,239,1000,0
2025-09-22 17:50:00,98778.7,98789.0,98674.6,98674.6,205,1000,0
2025-09-22 18:00:00,98673.7,98739.6,98670.2,98680.7,193,1000,0
2025-09-22 18:10:00,98680.7,98770.2,98679.7,98749.6,77,1000,0
2025-09-22 18:20:00,98751.6,98780.1,98685.8,98745.8,115,1000,0
2025-09-23 09:30:00,98698.9,98742.1,98643.8,98643.9,60,3540,0
2025-09-23 09:40:00,98643.9,98666.7,98613.5,98666.7,55,1000,0
2025-09-23 09:50:00,98667.7,98673.6,98574.4,98662.9,59,1470,0
2025-09-23 10:00:00,98662.9,98899.0,98611.8,98855.8,267,1000,0
2025-09-23 10:10:00,98855.8,99029.8,98855.8,98971.2,277,1000,0
2025-09-23 10:20:00,98957.4,99021.8,98907.0,98987.8,234,1000,0
2025-09-23 10:30:00,98988.7,99016.1,98769.0,98776.5,310,1000,0
2025-09-23 10:40:00,98776.5,98818.9,98708.7,98799.6,277,1000,0
2025-09-23 10:50:00,98803.5,98889.7,98758.7,98879.2,238,1000,0
2025-09-23 11:00:00,98883.1,98938.3,98777.6,98799.4,283,1000,0
2025-09-23 11:10:00,98808.1,98860.6,98777.8,98844.9,268,1000,0
2025-09-23 11:20:00,98845.0,98863.3,98809.8,98855.8,184,1000,0
2025-09-23 11:30:00,98854.9,98920.8,98793.0,98916.2,263,1000,0
2025-09-23 11:40:00,98916.2,98919.3,98857.2,98882.3,286,1000,0
2025-09-23 11:50:00,98882.3,98928.7,98860.3,98900.8,235,1000,0
2025-09-23 12:00:00,98900.8,98995.4,98898.9,98988.6,252,1000,0
2025-09-23 12:10:00,98988.6,99119.0,98934.9,99094.8,270,1000,0
2025-09-23 12:20:00,99095.3,99186.3,99095.3,99136.6,254,1000,0
2025-09-23 12:30:00,99136.1,99136.6,99068.8,99088.9,193,1000,0
2025-09-23 12:40:00,99088.9,99109.3,99037.7,99060.7,213,1000,0
2025-09-23 12:50:00,99060.7,99139.2,99060.7,99116.5,189,1000,0
2025-09-23 13:00:00,99116.5,99142.2,99064.0,99096.7,254,1000,0
2025-09-23 13:10:00,99096.7,99129.0,99069.3,99081.3,198,1000,0
2025-09-23 13:20:00,99081.3,99119.4,99045.0,99067.5,200,1000,0
2025-09-23 13:30:00,99067.5,99084.2,98999.3,99000.3,222,1000,0
2025-09-23 13:40:00,99003.6,99004.1,98955.1,98964.7,203,1000,0
2025-09-23 13:50:00,98964.7,99106.1,98964.7,99082.6,241,1000,0
2025-09-23 14:00:00,99082.6,99108.8,99052.6,99063.8,251,1000,0
2025-09-23 14:10:00,99063.8,99109.9,99023.3,99095.3,211,1000,0
2025-09-23 14:20:00,99095.3,99170.6,99084.8,99158.4,179,1000,0
2025-09-23 14:30:00,99158.4,99184.3,99117.2,99182.2,207,1000,0
2025-09-23 14:40:00,99182.2,99250.5,99161.7,99243.2,163,1000,0
2025-09-23 14:50:00,99243.7,99304.8,99222.1,99304.8,169,1000,0
2025-09-23 15:00:00,99308.2,99330.3,99108.2,99247.1,190,1000,0
2025-09-23 15:10:00,99247.1,99337.2,99245.1,99308.1,186,1000,0
2025-09-23 15:20:00,99308.0,99348.1,99300.9,99306.2,200,1000,0
2025-09-23 15:30:00,99306.2,99349.5,99282.1,99332.2,224,1000,0
2025-09-23 15:40:00,99332.2,99377.0,99308.0,99366.9,172,1000,0
2025-09-23 15:50:00,99366.9,99470.6,99366.9,99409.5,165,1000,0
2025-09-23 16:00:00,99406.5,99525.2,99382.5,99479.6,206,1000,0
2025-09-23 16:10:00,99479.5,99523.7,99450.7,99452.4,191,1000,0
2025-09-23 16:20:00,99452.4,99503.5,99417.9,99477.4,175,1000,0
2025-09-23 16:30:00,99477.4,99525.1,99415.8,99513.3,250,1000,0
2025-09-23 16:40:00,99513.3,99554.1,99474.2,99529.0,280,1000,0
2025-09-23 16:50:00,99529.0,99585.2,99482.5,99527.0,253,1000,0
2025-09-23 17:00:00,99531.0,99581.0,99413.7,99482.5,306,1000,0
2025-09-23 17:10:00,99482.5,99580.2,99470.2,99495.6,184,1000,0
2025-09-23 17:20:00,99495.6,99495.6,99398.7,99420.1,194,1000,0
2025-09-23 17:30:00,99419.6,99442.3,99379.4,99384.4,220,1000,0
2025-09-23 17:40:00,99384.4,99520.1,99384.4,99461.6,246,1000,0
2025-09-23 17:50:00,99461.6,99520.6,99323.1,99354.6,259,1000,0
2025-09-23 18:00:00,99349.7,99534.1,99333.9,99401.9,232,1000,0
2025-09-23 18:10:00,99401.9,99426.5,99323.4,99323.4,168,1000,0
2025-09-23 18:20:00,99323.4,99471.1,99253.5,99426.8,223,1000,0
2025-09-25 09:30:00,99216.4,99217.4,99039.3,99143.7,107,1000,0
2025-09-25 09:40:00,99143.7,99143.7,99060.1,99090.6,91,1000,0
2025-09-25 09:50:00,99090.6,99159.5,99090.6,99096.9,99,1000,0
2025-09-25 10:00:00,99096.9,99097.9,98519.5,98629.7,496,1000,0
2025-09-25 10:10:00,98529.3,98821.2,98476.2,98778.8,517,1000,0
2025-09-25 10:20:00,98778.8,98805.6,98489.5,98566.7,554,1000,0
2025-09-25 10:30:00,98566.7,98642.2,98507.9,98540.8,579,1000,0
2025-09-25 10:40:00,98544.7,98742.3,98430.9,98430.9,546,1000,0
2025-09-25 10:50:00,98432.9,98617.3,98408.8,98458.7,531,1000,0
2025-09-25 11:00:00,98458.7,98711.7,98458.7,98653.8,553,1000,0
2025-09-25 11:10:00,98653.8,98778.3,98572.5,98728.5,543,1000,0
2025-09-25 11:20:00,98725.6,98912.1,98717.2,98912.1,465,1000,0
2025-09-25 11:30:00,98913.1,99044.8,98889.8,99004.3,416,1000,0
2025-09-25 11:40:00,99004.3,99004.3,98895.7,98952.3,360,1000,0
2025-09-25 11:50:00,98949.9,99080.9,98935.2,98988.9,350,1000,0
2025-09-25 12:00:00,98994.2,98997.4,98924.0,98962.5,307,1000,0
2025-09-25 12:10:00,98955.2,99084.0,98924.9,99003.5,311,1000,0
2025-09-25 12:20:00,99004.5,99109.9,98961.8,99064.2,289,1000,0
2025-09-25 12:30:00,99064.2,99106.5,98963.8,99104.5,190,1000,0
2025-09-25 12:40:00,99106.4,99204.5,99044.8,99184.7,254,1000,0
2025-09-25 12:50:00,99184.7,99195.3,99079.7,99170.4,265,1000,0
2025-09-25 13:00:00,99177.3,99197.5,99107.6,99186.3,231,1000,0
2025-09-25 13:10:00,99186.7,99236.0,99080.5,99220.7,301,1000,0
2025-09-25 13:20:00,99220.7,99267.7,99179.3,99184.7,192,1000,0
2025-09-25 13:30:00,99184.7,99234.6,99179.3,99221.3,199,1000,0
2025-09-25 13:40:00,99209.6,99234.1,99178.7,99200.8,197,1000,0
2025-09-25 13:50:00,99200.8,99238.6,99178.4,99202.9,144,1000,0
2025-09-25 14:00:00,99202.9,99228.4,99081.0,99116.9,216,1000,0
2025-09-25 14:10:00,99116.9,99116.9,98948.8,98965.7,219,1000,0
2025-09-25 14:20:00,98966.1,98967.6,98892.4,98914.9,276,1000,0
2025-09-25 14:30:00,98912.9,98939.6,98825.7,98887.1,341,1000,0
2025-09-25 14:40:00,98887.6,98929.7,98836.8,98893.4,232,1000,0
2025-09-25 14:50:00,98892.3,98964.6,98861.4,98877.8,211,1000,0
2025-09-25 15:00:00,98881.7,98915.9,98821.0,98847.1,226,1000,0
2025-09-25 15:10:00,98847.1,98990.4,98820.8,98962.6,252,1000,0
2025-09-25 15:20:00,98964.6,99007.4,98938.6,98946.6,181,1000,0
2025-09-25 15:30:00,98941.7,98950.5,98606.4,98644.6,289,1000,0
2025-09-25 15:40:00,98644.6,98733.2,98545.7,98616.3,307,1000,0
2025-09-25 15:50:00,98616.3,98620.9,98509.7,98535.2,246,1000,0
2025-09-25 16:00:00,98529.3,98731.4,98519.6,98690.8,303,1000,0
2025-09-25 16:10:00,98690.8,98812.6,98648.1,98802.8,293,1000,0
2025-09-25 16:20:00,98802.8,98827.3,98694.3,98805.8,280,1000,0
2025-09-25 16:30:00,98822.4,98884.9,98705.1,98783.1,393,1000,0
2025-09-25 16:40:00,98783.1,98830.3,98693.0,98777.4,374,1000,0
2025-09-25 16:50:00,98777.4,98911.6,98755.1,98890.8,347,1000,0
2025-09-25 17:00:00,98897.1,99015.6,98804.7,98809.7,302,1000,0
2025-09-25 17:10:00,98814.6,98833.7,98721.9,98726.2,263,1000,0
2025-09-25 17:20:00,98726.2,98958.1,98723.2,98935.4,246,1000,0
2025-09-25 17:30:00,98935.4,98960.4,98763.4,98766.7,345,1000,0
2025-09-25 17:40:00,98766.7,98801.1,98730.1,98763.3,315,1000,0
2025-09-25 17:50:00,98762.3,98762.3,98563.6,98577.4,213,1000,0
2025-09-25 18:00:00,98563.6,98588.2,98338.3,98432.8,187,1000,0
2025-09-25 18:10:00,98436.7,98540.1,98422.0,98494.0,94,1000,0
2025-09-25 18:20:00,98497.9,98554.1,98421.1,98486.2,158,1000,0
2025-09-26 09:30:00,98886.6,98889.5,98507.6,98655.3,107,1000,0
2025-09-26 09:40:00,98655.3,98701.5,98616.0,98685.0,61,1000,0
2025-09-26 09:50:00,98684.9,98684.9,98610.3,98632.0,80,1000,0
2025-09-26 10:00:00,98632.0,98749.2,98418.4,98599.6,506,1000,0
2025-09-26 10:10:00,98589.8,98719.7,98504.1,98532.5,386,1000,0
2025-09-26 10:20:00,98535.4,98666.0,98417.3,98666.0,382,1000,0
2025-09-26 10:30:00,98663.6,98749.1,98603.6,98654.4,347,1000,0
2025-09-26 10:40:00,98654.4,98715.3,98595.7,98697.6,273,1000,0
2025-09-26 10:50:00,98697.6,98849.3,98637.0,98824.8,321,1000,0
2025-09-26 11:00:00,98824.8,98849.0,98741.5,98819.2,313,1000,0
2025-09-26 11:10:00,98822.6,98837.3,98714.2,98809.4,325,1000,0
2025-09-26 11:20:00,98809.4,98875.2,98784.0,98861.0,370,1000,0
2025-09-26 11:30:00,98861.0,98926.2,98790.0,98926.2,277,1000,0
2025-09-26 11:40:00,98923.7,98934.2,98854.5,98889.0,270,1000,0
2025-09-26 11:50:00,98887.0,98926.7,98849.7,98888.3,274,1000,0
2025-09-26 12:00:00,98882.5,98884.4,98781.1,98861.5,266,1000,0
2025-09-26 12:10:00,98861.5,98869.6,98769.8,98769.8,228,1000,0
2025-09-26 12:20:00,98769.8,98769.8,98633.8,98704.1,218,1000,0
2025-09-26 12:30:00,98703.1,98735.2,98662.4,98706.8,223,1000,0
2025-09-26 12:40:00,98707.8,98742.1,98652.2,98740.7,149,1000,0
2025-09-26 12:50:00,98741.7,98773.5,98701.3,98773.5,145,1000,0
2025-09-26 13:00:00,98773.0,98822.6,98696.4,98784.4,205,1000,0
2025-09-26 13:10:00,98782.4,98870.7,98765.7,98863.1,219,1000,0
2025-09-26 13:20:00,98863.1,98918.1,98833.4,98885.0,209,1000,0
2025-09-26 13:30:00,98889.0,98897.8,98825.9,98868.1,166,1000,0
2025-09-26 13:40:00,98868.1,98880.3,98813.4,98844.9,147,1000,0
2025-09-26 13:50:00,98845.9,98885.7,98828.8,98855.9,192,1000,0
2025-09-26 14:00:00,98858.9,98927.8,98858.9,98922.8,257,1000,0
2025-09-26 14:10:00,98922.8,99050.8,98893.3,99050.8,211,1000,0
2025-09-26 14:20:00,99050.8,99151.2,99029.6,99142.5,167,1000,0
2025-09-26 14:30:00,99142.5,99255.1,99129.0,99229.2,181,1000,0
2025-09-26 14:40:00,99229.1,99278.2,99170.5,99178.4,183,1000,0
2025-09-26 14:50:00,99178.4,99209.4,99149.6,99182.0,136,1000,0
2025-09-26 15:00:00,99182.0,99260.0,99167.2,99260.0,139,1000,0
2025-09-26 15:10:00,99259.5,99325.8,99248.6,99300.1,157,1000,0
2025-09-26 15:20:00,99299.6,99329.8,99255.1,99256.1,123,1000,0
2025-09-26 15:30:00,99258.1,99389.3,99249.2,99311.4,191,1000,0
2025-09-26 15:40:00,99311.4,99312.3,99177.9,99224.2,216,1000,0
2025-09-26 15:50:00,99225.1,99231.8,98996.8,99063.6,280,1000,0
2025-09-26 16:00:00,99063.6,99092.4,99024.2,99087.7,138,1000,0
2025-09-26 16:10:00,99087.7,99180.5,99066.7,99128.7,325,1000,0
2025-09-26 16:20:00,99128.7,99263.7,99109.7,99255.0,277,1000,0
2025-09-26 16:30:00,99252.0,99378.4,99176.3,99276.3,480,1000,0
2025-09-26 16:40:00,99276.3,99446.8,99202.3,99379.9,477,1000,0
2025-09-26 16:50:00,99384.8,99528.5,99378.6,99528.5,330,1000,0
2025-09-26 17:00:00,99532.4,99703.1,99532.4,99642.3,359,1000,0
2025-09-26 17:10:00,99644.7,99753.1,99638.8,99753.1,325,1000,0
2025-09-26 17:20:00,99753.1,99819.1,99699.3,99730.8,350,1000,0
2025-09-26 17:30:00,99730.8,99831.2,99700.2,99831.2,261,1000,0
2025-09-26 17:40:00,99831.2,99922.0,99819.8,99846.2,390,1000,0
2025-09-26 17:50:00,99846.2,99912.2,99732.2,99737.1,210,1000,0
2025-09-26 18:00:00,99738.1,100036.9,99724.3,99982.4,242,1000,0
2025-09-26 18:10:00,99982.4,100001.5,99916.9,99972.6,112,1000,0
2025-09-26 18:20:00,99974.6,100416.7,99974.6,100416.7,166,1000,0
2025-09-29 09:30:00,100717.1,100717.1,100509.3,100641.3,227,1000,0
2025-09-29 09:40:00,100645.2,100731.1,100615.7,100647.4,118,1000,0
2025-09-29 09:50:00,100647.4,100763.4,100628.5,100703.8,89,1000,0
2025-09-29 10:00:00,100703.8,100765.3,100411.3,100488.2,509,1000,0
2025-09-29 10:10:00,100492.1,100738.1,100477.3,100702.5,411,1000,0
2025-09-29 10:20:00,100709.4,100806.7,100654.6,100770.7,345,1000,0
2025-09-29 10:30:00,100780.5,100803.1,100499.8,100604.4,443,1000,0
2025-09-29 10:40:00,100604.4,100705.6,100563.0,100683.2,378,1000,0
2025-09-29 10:50:00,100610.3,100697.2,100556.9,100580.2,258,1000,0
2025-09-29 11:00:00,100580.1,100642.0,100524.7,100575.6,286,1000,0
2025-09-29 11:10:00,100578.5,100631.0,100524.3,100554.8,232,1000,0
2025-09-29 11:20:00,100554.8,100560.7,100498.6,100540.3,162,1000,0
2025-09-29 11:30:00,100542.3,100591.7,100531.1,100589.9,218,1000,0
2025-09-29 11:40:00,100590.4,100665.9,100552.5,100648.8,225,1000,0
2025-09-29 11:50:00,100648.8,100661.5,100605.9,100644.6,176,1000,0
2025-09-29 12:00:00,100644.6,100803.1,100644.6,100782.1,177,1000,0
2025-09-29 12:10:00,100782.1,100901.0,100773.2,100870.1,230,1000,0
2025-09-29 12:20:00,100870.0,100875.4,100786.7,100822.6,197,1000,0
2025-09-29 12:30:00,100822.6,100846.5,100754.1,100798.9,238,1000,0
2025-09-29 12:40:00,100760.5,100814.5,100675.2,100707.7,218,1000,0
2025-09-29 12:50:00,100708.6,100734.5,100562.2,100597.2,249,1000,0
2025-09-29 13:00:00,100597.1,100597.1,100508.3,100532.9,169,1000,0
2025-09-29 13:10:00,100534.9,100580.7,100480.0,100480.0,218,1000,0
2025-09-29 13:20:00,100486.9,100554.8,100470.8,100509.5,212,1000,0
2025-09-29 13:30:00,100509.5,100551.5,100455.3,100456.3,159,1000,0
2025-09-29 13:40:00,100456.3,100473.6,100415.6,100434.0,202,1000,0
2025-09-29 13:50:00,100434.0,100486.7,100433.7,100455.4,164,1000,0
2025-09-29 14:00:00,100455.5,100498.9,100442.2,100462.9,157,1000,0
2025-09-29 14:10:00,100462.9,100500.3,100442.7,100472.6,240,1000,0
2025-09-29 14:20:00,100476.5,100524.1,100445.3,100468.3,243,1000,0
2025-09-29 14:30:00,100468.3,100516.8,100460.2,100479.6,241,1000,0
2025-09-29 14:40:00,100479.6,100576.4,100479.6,100545.3,138,1000,0
2025-09-29 14:50:00,100545.3,100637.0,100545.3,100618.3,180,1000,0
2025-09-29 15:00:00,100608.5,100631.3,100540.3,100584.3,138,1000,0
2025-09-29 15:10:00,100584.4,100586.0,100463.0,100488.5,111,1000,0
2025-09-29 15:20:00,100488.5,100521.0,100430.0,100430.0,103,1000,0
2025-09-29 15:30:00,100429.0,100449.3,100390.9,100448.8,113,1000,0
2025-09-29 15:40:00,100448.8,100463.0,100410.9,100433.0,98,1000,0
2025-09-29 15:50:00,100433.0,100435.8,100401.0,100418.0,80,1000,0
2025-09-29 16:00:00,100418.1,100503.1,100400.5,100482.0,172,1000,0
2025-09-29 16:10:00,100482.0,100550.1,100477.0,100531.2,261,1000,0
2025-09-29 16:20:00,100532.2,100574.7,100507.2,100520.9,336,1000,0
2025-09-29 16:30:00,100515.0,100614.5,100486.0,100562.2,291,1000,0
2025-09-29 16:40:00,100568.1,100607.9,100439.9,100446.9,214,1000,0
2025-09-29 16:50:00,100449.9,100518.3,100446.1,100502.1,188,1000,0
2025-09-29 17:00:00,100499.2,100546.4,100432.0,100450.6,202,1000,0
2025-09-29 17:10:00,100450.6,100457.4,100332.3,100380.7,184,1000,0
2025-09-29 17:20:00,100380.7,100407.8,100333.1,100397.2,195,1000,0
2025-09-29 17:30:00,100397.2,100434.0,100368.5,100373.5,86,1000,0
2025-09-29 17:40:00,100373.5,100539.5,100373.5,100480.7,168,1000,0
2025-09-29 17:50:00,100480.7,100532.8,100400.0,100411.9,195,1000,0
2025-09-29 18:00:00,100412.8,100689.7,100412.8,100689.7,264,1000,0
2025-09-29 18:10:00,100704.9,100774.4,100572.5,100631.7,141,1000,0
2025-09-29 18:20:00,100631.7,100811.5,100606.1,100734.3,93,1000,0
2025-09-30 09:30:00,100710.3,100711.3,100572.5,100584.4,75,1000,0
2025-09-30 09:40:00,100584.4,100591.3,100414.5,100513.1,93,1000,0
2025-09-30 09:50:00,100513.1,100513.1,100450.2,100452.2,41,1000,0
2025-09-30 10:00:00,100452.2,100453.2,99924.4,99964.8,364,1000,0
2025-09-30 10:10:00,99964.8,100358.6,99958.9,100334.0,221,1000,0
2025-09-30 10:20:00,100335.0,100511.2,100293.8,100487.2,209,1000,0
2025-09-30 10:30:00,100497.1,100541.3,100191.2,100197.0,299,1000,0
2025-09-30 10:40:00,100198.9,100198.9,99999.7,100102.8,397,1000,0
2025-09-30 10:50:00,100102.8,100151.7,100049.5,100075.0,192,1000,0
2025-09-30 11:00:00,100075.0,100169.9,100046.2,100060.6,247,1000,0
2025-09-30 11:10:00,100061.6,100149.8,100042.8,100053.6,186,1000,0
2025-09-30 11:20:00,100053.6,100130.8,100025.2,100065.6,195,1000,0
2025-09-30 11:30:00,100065.6,100089.6,99890.9,99903.4,239,1000,0
2025-09-30 11:40:00,99903.3,99903.3,99752.8,99790.2,161,1000,0
2025-09-30 11:50:00,99790.2,99985.3,99767.7,99936.8,241,1000,0
2025-09-30 12:00:00,99959.4,99959.4,99760.2,99836.8,243,1000,0
2025-09-30 12:10:00,99836.8,99916.5,99740.7,99894.3,142,1000,0
2025-09-30 12:20:00,99894.3,99896.3,99774.9,99812.8,154,1000,0
2025-09-30 12:30:00,99812.8,99832.1,99776.2,99782.5,119,1000,0
2025-09-30 12:40:00,99782.5,99809.2,99734.4,99779.0,149,1000,0
2025-09-30 12:50:00,99779.0,99945.2,99779.0,99926.6,148,1000,0
2025-09-30 13:00:00,99926.6,100053.5,99916.8,100019.0,142,1000,0
2025-09-30 13:10:00,100019.0,100145.1,99983.4,100130.9,151,1000,0
2025-09-30 13:20:00,100130.9,100241.3,100100.9,100103.8,158,1000,0
2025-09-30 13:30:00,100103.8,100118.4,100033.8,100085.7,183,1000,0
2025-09-30 13:40:00,100085.7,100104.8,100050.2,100104.8,115,1000,0
2025-09-30 13:50:00,100106.7,100217.8,100106.7,100154.6,138,1000,0
2025-09-30 14:00:00,100154.6,100175.3,100009.4,100022.1,97,1000,0
2025-09-30 14:10:00,100022.1,100022.1,99947.2,99979.9,130,1000,0
2025-09-30 14:20:00,99979.9,100036.8,99958.5,100017.7,82,1000,0
2025-09-30 14:30:00,100017.7,100099.9,100017.7,100079.3,81,1000,0
2025-09-30 14:40:00,100079.3,100111.5,100035.0,100098.9,62,1000,0
2025-09-30 14:50:00,100109.8,100135.8,100073.4,100116.4,103,1000,0
2025-09-30 15:00:00,100116.4,100206.5,100116.4,100178.9,146,1000,0
2025-09-30 15:10:00,100178.9,100289.4,100160.3,100224.9,129,1000,0
2025-09-30 15:20:00,100225.1,100284.4,100225.1,100228.2,98,1000,0
2025-09-30 15:30:00,100228.2,100285.7,100215.3,100234.8,115,1000,0
2025-09-30 15:40:00,100234.9,100375.7,100208.1,100375.7,129,1000,0
2025-09-30 15:50:00,100375.7,100531.5,100352.2,100520.5,161,1000,0
2025-09-30 16:00:00,100520.2,100558.4,100475.8,100478.0,134,1000,0
2025-09-30 16:10:00,100478.0,100594.2,100450.5,100572.9,158,1000,0
2025-09-30 16:20:00,100572.9,100615.9,100490.0,100532.4,193,1000,0
2025-09-30 16:30:00,100544.2,100675.1,100490.3,100653.1,434,1000,0
2025-09-30 16:40:00,100660.0,100849.8,100633.2,100789.8,279,1000,0
2025-09-30 16:50:00,100789.8,100825.4,100733.5,100825.4,232,1000,0
2025-09-30 17:00:00,100831.3,100886.6,100755.5,100861.6,222,1000,0
2025-09-30 17:10:00,100861.7,100921.2,100772.3,100833.6,225,1000,0
2025-09-30 17:20:00,100833.6,100992.7,100814.6,100905.3,253,1000,0
2025-09-30 17:30:00,100905.3,101060.8,100905.3,100961.2,247,1000,0
2025-09-30 17:40:00,100961.2,101087.1,100961.2,101061.6,156,1000,0
2025-09-30 17:50:00,101063.6,101068.5,100923.8,100953.9,209,1000,0
2025-09-30 18:00:00,100958.4,101179.0,100958.4,101059.9,288,1000,0
2025-09-30 18:10:00,101063.9,101106.7,101024.6,101063.0,140,1000,0
2025-09-30 18:20:00,101063.0,101272.9,101063.0,101242.3,157,1000,0
2025-10-01 09:30:00,100929.7,101145.5,100850.0,101104.2,100,1000,0
2025-10-01 09:40:00,101104.2,101188.9,101092.3,101096.8,56,1000,0
2025-10-01 09:50:00,101096.8,101131.3,100955.0,101124.5,80,1000,0
2025-10-01 10:00:00,101124.5,101242.7,100703.1,101139.4,295,1000,0
2025-10-01 10:10:00,101115.7,101178.8,101018.8,101091.5,261,1000,0
2025-10-01 10:20:00,101092.6,101192.7,101019.6,101077.3,318,1000,0
2025-10-01 10:30:00,101091.5,101138.9,100852.0,100899.3,295,1000,0
2025-10-01 10:40:00,100899.3,100934.9,100794.7,100885.7,326,1000,0
2025-10-01 10:50:00,100886.7,101103.1,100832.3,101029.0,260,1000,0
2025-10-01 11:00:00,101041.8,101042.9,100822.0,100862.2,337,1000,0
2025-10-01 11:10:00,100862.2,100891.3,100819.0,100841.0,310,1000,0
2025-10-01 11:20:00,100842.0,101020.8,100839.1,101020.8,273,1000,0
2025-10-01 11:30:00,101020.8,101180.9,100983.3,101162.3,326,1000,0
2025-10-01 11:40:00,101162.3,101254.0,101130.0,101195.8,342,1000,0
2025-10-01 11:50:00,101196.8,101227.8,101088.5,101143.9,373,1000,0
2025-10-01 12:00:00,101147.8,101247.4,101107.4,101247.4,329,1000,0
2025-10-01 12:10:00,101251.4,101277.7,101047.8,101087.7,299,1000,0
2025-10-01 12:20:00,101087.7,101187.9,101017.3,101115.4,207,1000,0
2025-10-01 12:30:00,101117.4,101198.9,101059.0,101198.8,102,1000,0
2025-10-01 12:40:00,101198.8,101279.9,101198.7,101243.5,120,1000,0
2025-10-01 12:50:00,101222.8,101320.2,101177.9,101320.2,132,1000,0
2025-10-01 13:00:00,101320.2,101409.6,101216.5,101217.5,124,1000,0
2025-10-01 13:10:00,101217.5,101303.1,101201.7,101303.0,127,1000,0
2025-10-01 13:20:00,101303.0,101319.9,101243.2,101262.1,87,1000,0
2025-10-01 13:30:00,101262.1,101341.6,101245.1,101328.7,99,1000,0
2025-10-01 13:40:00,101330.7,101539.7,101330.7,101527.4,188,1000,0
2025-10-01 13:50:00,101528.8,101597.1,101481.9,101550.9,230,1000,0
2025-10-01 14:00:00,101550.9,101670.6,101518.0,101595.8,155,1000,0
2025-10-01 14:10:00,101595.8,101665.0,101530.3,101532.1,130,1000,0
2025-10-01 14:20:00,101532.1,101586.7,101456.2,101586.7,134,1000,0
2025-10-01 14:30:00,101588.7,101591.8,101485.0,101548.7,126,1000,0
2025-10-01 14:40:00,101548.7,101693.1,101548.7,101606.4,112,1000,0
2025-10-01 14:50:00,101606.4,101626.5,101500.2,101543.6,159,1000,0
2025-10-01 15:00:00,101543.6,101588.9,101472.4,101515.6,186,1000,0
2025-10-01 15:10:00,101515.5,101928.7,101515.5,101928.7,260,1000,0
2025-10-01 15:20:00,101928.7,101951.3,101673.8,101729.8,247,1000,0
2025-10-01 15:30:00,101731.8,101798.9,101677.0,101680.8,263,1000,0
2025-10-01 15:40:00,101680.8,101712.9,101597.2,101602.2,204,1000,0
2025-10-01 15:50:00,101602.2,101615.2,101309.9,101311.6,165,1000,0
2025-10-01 16:00:00,101311.6,101506.0,101311.6,101493.2,154,1000,0
2025-10-01 16:10:00,101493.2,101554.6,101407.8,101452.2,173,1000,0
2025-10-01 16:20:00,101453.6,101600.0,101452.2,101591.4,268,1000,0
2025-10-01 16:30:00,101603.2,102001.6,101584.5,101956.5,363,1000,0
2025-10-01 16:40:00,101950.6,102196.6,101928.8,102023.6,274,1000,0
2025-10-01 16:50:00,102023.6,102184.8,102002.7,102166.5,269,1000,0
2025-10-01 17:00:00,102167.4,102179.3,101801.1,101801.1,318,1000,0
2025-10-01 17:10:00,101802.1,101818.4,101665.4,101759.4,357,1000,0
2025-10-01 17:20:00,101759.4,101843.4,101741.8,101744.8,179,1000,0
2025-10-01 17:30:00,101744.8,101800.3,101683.2,101689.7,168,1000,0
2025-10-01 17:40:00,101689.7,101757.6,101428.3,101497.2,276,1000,0
2025-10-01 17:50:00,101499.2,101829.9,101438.1,101720.1,193,1000,0
2025-10-01 18:00:00,101722.1,101911.4,101691.5,101775.4,248,1000,0
2025-10-01 18:10:00,101775.4,101865.6,101734.0,101852.4,184,1000,0
2025-10-01 18:20:00,101853.8,102162.5,101778.5,101941.3,220,1000,0
2025-10-02 09:30:00,102303.1,102420.4,102219.3,102318.0,81,1000,0
2025-10-02 09:40:00,102318.0,102337.7,102204.6,102260.0,65,1000,0
2025-10-02 09:50:00,102263.9,102347.7,102263.9,102298.5,43,1000,0
2025-10-02 10:00:00,102298.5,102349.9,102205.0,102311.5,218,1000,0
2025-10-02 10:10:00,102312.5,102351.8,102105.5,102105.5,142,1000,0
2025-10-02 10:20:00,102105.5,102105.5,101877.3,101950.4,181,1000,0
2025-10-02 10:30:00,101950.4,101969.0,101839.5,101861.3,167,1000,0
2025-10-02 10:40:00,101861.3,101933.5,101765.8,101895.5,166,1000,0
2025-10-02 10:50:00,101895.5,102046.2,101895.5,102036.2,147,1000,0
2025-10-02 11:00:00,102036.2,102107.0,101923.0,101923.0,204,1000,0
2025-10-02 11:10:00,101923.0,102076.3,101917.4,102072.0,183,1000,0
2025-10-02 11:20:00,102072.0,102261.4,102072.0,102230.8,174,1000,0
2025-10-02 11:30:00,102230.8,102287.3,102114.2,102192.5,191,1000,0
2025-10-02 11:40:00,102194.5,102240.7,102102.1,102146.8,135,1000,0
2025-10-02 11:50:00,102146.8,102216.5,102133.1,102151.6,132,1000,0
2025-10-02 12:00:00,102151.5,102209.0,102141.7,102203.6,98,1000,0
2025-10-02 12:10:00,102204.6,102288.3,102196.3,102212.2,143,1000,0
2025-10-02 12:20:00,102212.2,102260.9,102211.2,102260.9,94,1000,0
2025-10-02 12:30:00,102260.9,102269.5,102115.0,102140.2,138,1000,0
2025-10-02 12:40:00,102141.2,102184.7,102113.2,102160.7,144,1000,0
2025-10-02 12:50:00,102160.7,102247.3,102160.7,102204.8,87,1000,0
2025-10-02 13:00:00,102205.8,102318.3,102205.8,102283.2,104,1000,0
2025-10-02 13:10:00,102283.2,102351.0,102280.0,102351.0,111,1000,0
2025-10-02 13:20:00,102367.8,102433.4,102349.2,102365.4,125,1000,0
2025-10-02 13:30:00,102369.3,102413.7,102369.3,102394.7,121,1000,0
2025-10-02 13:40:00,102394.7,102419.0,102321.9,102325.7,69,1000,0
2025-10-02 13:50:00,102325.7,102361.0,102282.3,102290.8,95,1000,0
2025-10-02 14:00:00,102290.8,102298.3,102197.7,102237.9,112,1000,0
2025-10-02 14:10:00,102237.9,102377.8,102237.9,102374.1,117,1000,0
2025-10-02 14:20:00,102373.7,102441.4,102366.4,102435.0,178,1000,0
2025-10-02 14:30:00,102435.0,102439.6,102370.0,102401.6,224,1000,0
2025-10-02 14:40:00,102404.4,102439.7,102339.8,102436.0,188,1000,0
2025-10-02 14:50:00,102436.5,102521.1,102414.8,102467.8,204,1000,0
2025-10-02 15:00:00,102467.8,102486.3,102290.3,102300.8,187,1000,0
2025-10-02 15:10:00,102300.8,102345.8,102263.2,102318.9,176,1000,0
2025-10-02 15:20:00,102318.8,102440.3,102291.2,102421.8,97,1000,0
2025-10-02 15:30:00,102421.8,102427.4,102344.6,102419.4,101,1000,0
2025-10-02 15:40:00,102419.4,102419.4,102340.0,102372.4,82,1000,0
2025-10-02 15:50:00,102372.4,102374.3,102187.9,102201.7,118,1000,0
2025-10-02 16:00:00,102203.6,102211.5,101941.8,101967.6,186,1000,0
2025-10-02 16:10:00,101968.6,102026.9,101916.8,101942.6,121,1000,0
2025-10-02 16:20:00,101942.6,101993.8,101916.0,101921.9,157,1000,0
2025-10-02 16:30:00,101924.8,102001.7,101747.3,101752.3,277,1000,0
2025-10-02 16:40:00,101749.3,101749.3,101498.7,101545.6,312,1000,0
2025-10-02 16:50:00,101546.6,101559.3,101279.7,101417.6,234,1000,0
2025-10-02 17:00:00,101436.3,101453.0,101289.7,101394.9,277,1000,0
2025-10-02 17:10:00,101397.8,101457.6,101260.4,101270.5,216,1000,0
2025-10-02 17:20:00,101270.5,101366.9,101212.2,101366.9,198,1000,0
2025-10-02 17:30:00,101371.8,101413.3,101122.0,101161.6,203,1000,0
2025-10-02 17:40:00,101161.6,101187.2,100956.8,101124.5,275,1000,0
2025-10-02 17:50:00,101124.0,101264.9,101061.5,101151.3,301,1000,0
2025-10-02 18:00:00,101153.2,101228.2,101076.4,101179.0,214,1000,0
2025-10-02 18:10:00,101183.9,101233.2,100983.0,100987.9,170,1000,0
2025-10-02 18:20:00,100987.9,101044.2,100922.0,100928.9,125,1000,0
2025-10-03 09:30:00,101507.5,101628.8,101404.0,101543.1,92,1000,0
2025-10-03 09:40:00,101543.1,101714.7,101543.1,101656.6,79,1000,0
2025-10-03 09:50:00,101656.6,101717.9,101606.3,101632.1,87,1000,0
2025-10-03 10:00:00,101632.1,101820.2,101629.1,101699.4,434,1000,0
2025-10-03 10:10:00,101699.4,101743.4,101643.8,101669.0,206,1000,0
2025-10-03 10:20:00,101669.1,101770.4,101643.7,101708.8,199,1000,0
2025-10-03 10:30:00,101709.3,101999.3,101707.8,101976.6,265,1000,0
2025-10-03 10:40:00,101976.6,102159.7,101907.3,102043.3,199,1000,0
2025-10-03 10:50:00,102043.3,102205.9,102004.3,102096.9,215,1000,0
2025-10-03 11:00:00,102096.9,102130.6,101818.5,101827.4,258,1000,0
2025-10-03 11:10:00,101827.4,101835.4,101626.4,101719.6,185,1000,0
2025-10-03 11:20:00,101719.6,101844.9,101679.6,101844.9,107,1000,0
2025-10-03 11:30:00,101844.9,102007.4,101844.8,102007.4,153,1000,0
2025-10-03 11:40:00,102004.4,102128.1,101927.9,102064.5,219,1000,0
2025-10-03 11:50:00,102064.5,102117.1,101995.9,102027.6,166,1000,0
2025-10-03 12:00:00,102028.6,102086.5,102000.1,102019.6,198,1000,0
2025-10-03 12:10:00,102016.2,102038.1,101900.5,101903.0,229,1000,0
2025-10-03 12:20:00,101906.0,101996.3,101872.7,101940.2,198,1000,0
2025-10-03 12:30:00,101941.2,101996.4,101898.6,101971.6,204,1000,0
2025-10-03 12:40:00,101971.6,102022.7,101884.9,101938.9,203,1000,0
2025-10-03 12:50:00,101938.9,102068.0,101938.9,102067.0,114,1000,0
2025-10-03 13:00:00,102069.9,102139.6,102042.5,102103.7,144,1000,0
2025-10-03 13:10:00,102103.7,102159.4,102089.9,102142.3,91,1000,0
2025-10-03 13:20:00,102142.3,102166.6,102129.6,102166.0,111,1000,0
2025-10-03 13:30:00,102166.0,102210.0,102076.9,102186.8,157,1000,0
2025-10-03 13:40:00,102186.8,102325.5,102186.8,102309.7,187,1000,0
2025-10-03 13:50:00,102311.7,102392.4,102278.2,102392.4,180,1000,0
2025-10-03 14:00:00,102396.4,102397.8,102285.1,102333.6,108,1000,0
2025-10-03 14:10:00,102333.6,102342.4,102244.6,102269.0,160,1000,0
2025-10-03 14:20:00,102269.9,102330.1,102225.5,102245.6,197,1000,0
2025-10-03 14:30:00,102243.7,102254.9,102187.0,102212.5,202,1000,0
2025-10-03 14:40:00,102212.5,102220.9,102102.9,102106.0,135,1000,0
2025-10-03 14:50:00,102106.0,102184.8,102072.7,102078.8,159,1000,0
2025-10-03 15:00:00,102074.3,102125.4,102004.1,102025.9,152,1000,0
2025-10-03 15:10:00,102025.9,102107.3,102025.9,102041.8,147,1000,0
2025-10-03 15:20:00,102043.8,102152.5,102036.1,102140.2,117,1000,0
2025-10-03 15:30:00,102141.2,102142.3,102041.9,102085.5,160,1000,0
2025-10-03 15:40:00,102085.5,102233.1,102085.4,102186.6,194,1000,0
2025-10-03 15:50:00,102186.6,102213.6,102122.2,102167.7,154,1000,0
2025-10-03 16:00:00,102167.7,102230.7,102154.7,102224.3,135,1000,0
2025-10-03 16:10:00,102224.4,102424.2,102200.0,102306.2,191,1000,0
2025-10-03 16:20:00,102306.2,102421.3,102292.4,102365.9,275,1000,0
2025-10-03 16:30:00,102373.7,102478.4,102322.0,102389.8,304,1000,0
2025-10-03 16:40:00,102389.8,102590.4,102387.8,102495.6,276,1000,0
2025-10-03 16:50:00,102495.6,102610.4,102478.1,102579.1,231,1000,0
2025-10-03 17:00:00,102579.1,102602.8,102468.1,102535.4,149,1000,0
2025-10-03 17:10:00,102537.3,102584.7,102442.0,102497.8,115,1000,0
2025-10-03 17:20:00,102497.8,102550.5,102453.8,102541.5,115,1000,0
2025-10-03 17:30:00,102541.5,102611.2,102353.1,102359.1,233,1000,0
2025-10-03 17:40:00,102359.1,102475.6,102249.0,102418.6,221,1000,0
2025-10-03 17:50:00,102418.6,102831.2,102418.5,102804.2,325,1000,0
2025-10-03 18:00:00,102805.2,102877.2,102695.8,102789.5,129,1000,0
2025-10-03 18:10:00,102789.5,103155.2,102788.5,102911.9,193,1000,0
2025-10-03 18:20:00,102911.9,102911.9,102751.3,102757.3,145,1000,0
2025-10-06 09:30:00,102947.9,103129.5,102945.9,103085.1,61,1000,0
2025-10-06 09:40:00,103086.1,103215.3,103047.6,103195.7,53,1000,0
2025-10-06 09:50:00,103195.7,103273.1,103165.2,103194.8,82,1000,0
2025-10-06 10:00:00,103194.8,103395.5,102891.1,103123.0,325,1000,0
2025-10-06 10:10:00,103123.0,103154.0,102938.9,102939.3,254,1000,0
2025-10-06 10:20:00,102939.3,103039.7,102818.1,102977.0,379,1000,0
2025-10-06 10:30:00,102982.0,103038.8,102882.2,102973.8,346,1000,0
2025-10-06 10:40:00,102973.8,102992.9,102751.7,102931.4,297,1000,0
2025-10-06 10:50:00,102931.4,102941.6,102667.7,102688.8,349,1000,0
2025-10-06 11:00:00,102687.9,102750.2,102551.0,102551.1,324,1000,0
2025-10-06 11:10:00,102551.1,102722.5,102474.6,102664.6,347,1000,0
2025-10-06 11:20:00,102662.6,102689.5,102584.2,102652.5,251,1000,0
2025-10-06 11:30:00,102652.5,102691.4,102549.4,102555.3,239,1000,0
2025-10-06 11:40:00,102555.3,102622.0,102466.2,102514.4,240,1000,0
2025-10-06 11:50:00,102514.4,102608.3,102495.8,102581.3,279,1000,0
2025-10-06 12:00:00,102581.3,102681.7,102498.6,102601.2,329,1000,0
2025-10-06 12:10:00,102608.1,102819.4,102587.6,102707.9,256,1000,0
2025-10-06 12:20:00,102707.9,102776.4,102668.5,102776.4,250,1000,0
2025-10-06 12:30:00,102776.4,102815.3,102733.6,102751.6,252,1000,0
2025-10-06 12:40:00,102751.6,102792.3,102688.1,102711.7,239,1000,0
2025-10-06 12:50:00,102712.7,102762.4,102685.0,102741.5,217,1000,0
2025-10-06 13:00:00,102741.5,102799.8,102607.4,102635.6,275,1000,0
2025-10-06 13:10:00,102635.6,102713.9,102609.8,102705.8,207,1000,0
2025-10-06 13:20:00,102707.8,102774.7,102608.0,102738.1,190,1000,0
2025-10-06 13:30:00,102738.0,102791.2,102659.6,102732.5,230,1000,0
2025-10-06 13:40:00,102732.5,102839.3,102708.9,102751.2,192,1000,0
2025-10-06 13:50:00,102751.2,102944.6,102751.1,102894.4,257,1000,0
2025-10-06 14:00:00,102894.4,102940.0,102849.1,102889.0,239,1000,0
2025-10-06 14:10:00,102889.0,102976.6,102867.8,102927.8,229,1000,0
2025-10-06 14:20:00,102927.8,102988.0,102882.0,102987.9,177,1000,0
2025-10-06 14:30:00,102987.8,103025.5,102901.7,102902.6,194,1000,0
2025-10-06 14:40:00,102902.6,102929.1,102802.8,102806.8,189,1000,0
2025-10-06 14:50:00,102807.8,102807.8,102692.9,102731.2,172,1000,0
2025-10-06 15:00:00,102731.2,102745.9,102643.2,102680.8,178,1000,0
2025-10-06 15:10:00,102680.8,102708.6,102617.9,102617.9,180,1000,0
2025-10-06 15:20:00,102617.9,102656.1,102516.4,102559.8,220,1000,0
2025-10-06 15:30:00,102559.8,102580.3,102461.2,102479.4,196,1000,0
2025-10-06 15:40:00,102478.4,102495.4,102391.4,102452.4,312,1000,0
2025-10-06 15:50:00,102452.4,102482.3,102435.8,102449.1,236,1000,0
2025-10-06 16:00:00,102445.2,102460.6,102365.4,102408.4,323,1000,0
2025-10-06 16:10:00,102415.2,102523.9,102385.8,102523.9,426,1000,0
2025-10-06 16:20:00,102528.8,102671.1,102479.4,102671.1,453,1000,0
2025-10-06 16:30:00,102672.0,102924.2,102612.0,102897.1,546,1000,0
2025-10-06 16:40:00,102896.2,102981.4,102845.8,102927.2,388,1000,0
2025-10-06 16:50:00,102927.2,103005.2,102918.8,102960.6,288,1000,0
2025-10-06 17:00:00,102948.8,102982.4,102754.0,102784.9,351,1000,0
2025-10-06 17:10:00,102784.5,102889.3,102695.7,102863.4,271,1000,0
2025-10-06 17:20:00,102863.4,102900.8,102752.0,102767.7,195,1000,0
2025-10-06 17:30:00,102769.6,102892.4,102751.8,102797.9,220,1000,0
2025-10-06 17:40:00,102797.9,102957.9,102797.9,102950.0,198,1000,0
2025-10-06 17:50:00,102945.1,102945.1,102718.8,102782.5,242,1000,0
2025-10-06 18:00:00,102785.4,102965.0,102775.6,102928.6,183,1000,0
2025-10-06 18:10:00,102928.6,102964.0,102858.7,102858.7,106,1000,0
2025-10-06 18:20:00,102858.7,102858.7,102692.5,102696.1,181,1000,0
2025-10-07 09:30:00,102473.5,102654.1,102473.5,102619.6,84,1000,0
2025-10-07 09:40:00,102619.6,102836.7,102619.6,102798.3,73,1000,0
2025-10-07 09:50:00,102798.3,102803.2,102689.8,102734.3,53,1000,0
2025-10-07 10:00:00,102734.3,102787.6,102290.5,102490.8,246,1000,0
2025-10-07 10:10:00,102495.7,102632.9,102424.7,102560.7,167,1000,0
2025-10-07 10:20:00,102560.7,102560.7,102350.4,102435.5,206,1000,0
2025-10-07 10:30:00,102435.5,102529.7,102397.8,102431.0,258,1000,0
2025-10-07 10:40:00,102431.0,102432.0,102295.1,102353.5,235,1000,0
2025-10-07 10:50:00,102353.5,102449.1,102339.7,102431.9,214,1000,0
2025-10-07 11:00:00,102439.8,102500.5,102352.0,102500.5,209,1000,0
2025-10-07 11:10:00,102500.5,102597.8,102451.0,102539.1,161,1000,0
2025-10-07 11:20:00,102539.1,102650.3,102482.2,102616.3,236,1000,0
2025-10-07 11:30:00,102616.3,102616.3,102474.1,102553.0,304,1000,0
2025-10-07 11:40:00,102550.0,102687.3,102550.0,102603.8,249,1000,0
2025-10-07 11:50:00,102603.8,102651.6,102555.4,102645.5,206,1000,0
2025-10-07 12:00:00,102645.5,102661.8,102567.7,102582.3,162,1000,0
2025-10-07 12:10:00,102587.2,102672.6,102587.2,102672.6,149,1000,0
2025-10-07 12:20:00,102672.6,102790.2,102672.6,102758.7,254,1000,0
2025-10-07 12:30:00,102758.7,102784.8,102693.2,102762.1,198,1000,0
2025-10-07 12:40:00,102763.6,102792.0,102684.3,102772.5,151,1000,0
2025-10-07 12:50:00,102772.5,102798.4,102687.4,102773.7,151,1000,0
2025-10-07 13:00:00,102756.0,102781.6,102686.7,102709.4,158,1000,0
2025-10-07 13:10:00,102713.7,102789.6,102687.6,102773.9,197,1000,0
2025-10-07 13:20:00,102771.5,102781.9,102598.9,102632.2,194,1000,0
2025-10-07 13:30:00,102632.2,102657.8,102581.7,102598.3,181,1000,0
2025-10-07 13:40:00,102596.3,102651.5,102516.7,102637.5,182,1000,0
2025-10-07 13:50:00,102637.5,102679.0,102604.0,102669.1,182,1000,0
2025-10-07 14:00:00,102669.1,102738.1,102600.2,102626.8,144,1000,0
2025-10-07 14:10:00,102626.8,102687.3,102590.5,102642.1,173,1000,0
2025-10-07 14:20:00,102642.1,102691.3,102615.0,102680.2,134,1000,0
2025-10-07 14:30:00,102680.1,102710.4,102636.6,102674.4,139,1000,0
2025-10-07 14:40:00,102674.4,102738.7,102641.6,102665.8,205,1000,0
2025-10-07 14:50:00,102665.8,102709.2,102625.9,102667.5,148,1000,0
2025-10-07 15:00:00,102667.5,102727.6,102625.9,102632.7,142,1000,0
2025-10-07 15:10:00,102633.7,102737.3,102633.7,102728.0,177,1000,0
2025-10-07 15:20:00,102728.0,102737.7,102625.5,102646.4,192,1000,0
2025-10-07 15:30:00,102646.4,102686.6,102626.5,102675.3,228,1000,0
2025-10-07 15:40:00,102675.8,102687.8,102592.2,102635.1,185,1000,0
2025-10-07 15:50:00,102635.1,102718.4,102633.2,102649.2,225,1000,0
2025-10-07 16:00:00,102649.2,102671.3,102578.1,102611.0,280,1000,0
2025-10-07 16:10:00,102611.0,102620.0,102535.1,102580.9,284,1000,0
2025-10-07 16:20:00,102580.9,102614.3,102505.8,102583.9,232,1000,0
2025-10-07 16:30:00,102547.4,102560.2,102300.7,102300.7,392,1000,0
2025-10-07 16:40:00,102300.7,102483.2,102228.3,102413.1,454,1000,0
2025-10-07 16:50:00,102413.2,102452.4,102297.9,102301.3,327,1000,0
2025-10-07 17:00:00,102293.9,102318.0,102106.8,102113.7,315,1000,0
2025-10-07 17:10:00,102114.7,102197.6,102096.8,102168.0,233,1000,0
2025-10-07 17:20:00,102168.0,102276.6,102144.6,102270.7,268,1000,0
2025-10-07 17:30:00,102271.7,102295.9,102174.0,102231.5,367,1000,0
2025-10-07 17:40:00,102236.4,102325.5,102206.6,102266.5,296,1000,0
2025-10-07 17:50:00,102264.5,102379.5,102216.3,102332.7,248,1000,0
2025-10-07 18:00:00,102340.6,102346.0,102088.2,102090.1,279,1000,0
2025-10-07 18:10:00,102093.6,102296.5,102088.2,102296.5,180,1000,0
2025-10-07 18:20:00,102296.5,102385.4,102153.6,102153.6,95,1000,0
2025-10-08 09:30:00,102199.2,102290.1,102035.4,102254.6,154,1000,0
2025-10-08 09:40:00,102256.5,102302.0,102229.9,102285.2,89,1000,0
2025-10-08 09:50:00,102282.3,102282.3,102207.3,102242.9,76,1680,0
2025-10-08 10:00:00,102243.9,102731.9,102243.9,102719.6,324,1000,0
2025-10-08 10:10:00,102719.6,102764.0,102470.1,102730.7,299,1000,0
2025-10-08 10:20:00,102734.6,102786.0,102693.8,102748.3,320,1000,0
2025-10-08 10:30:00,102748.3,102795.3,102703.1,102763.0,252,1000,0
2025-10-08 10:40:00,102763.0,102784.3,102717.9,102784.3,257,1000,0
2025-10-08 10:50:00,102781.8,102791.1,102716.9,102755.8,195,1000,0
2025-10-08 11:00:00,102755.8,103003.8,102755.8,102989.0,223,1000,0
2025-10-08 11:10:00,102989.0,103115.0,102956.2,103090.8,231,1000,0
2025-10-08 11:20:00,103090.8,103214.8,103090.8,103116.0,270,1000,0
2025-10-08 11:30:00,103116.0,103151.6,103085.1,103122.1,227,1000,0
2025-10-08 11:40:00,103119.6,103265.7,103096.7,103246.0,204,1000,0
2025-10-08 11:50:00,103246.5,103262.5,103154.1,103167.9,185,1000,0
2025-10-08 12:00:00,103167.9,103324.9,103167.7,103305.0,222,1000,0
2025-10-08 12:10:00,103305.5,103311.2,103187.0,103261.5,166,1000,0
2025-10-08 12:20:00,103262.5,103301.9,103233.3,103289.1,196,1000,0
2025-10-08 12:30:00,103291.1,103371.1,103283.8,103362.1,238,1000,0
2025-10-08 12:40:00,103362.1,103491.1,103293.3,103477.2,334,1000,0
2025-10-08 12:50:00,103477.2,103477.2,103359.5,103417.0,112,1000,0
2025-10-08 13:00:00,103417.0,103431.9,103357.9,103371.5,108,1000,0
2025-10-08 13:10:00,103371.5,103404.4,103332.8,103399.5,147,1000,0
2025-10-08 13:20:00,103399.5,103417.3,103366.4,103412.5,113,1000,0
2025-10-08 13:30:00,103412.5,103416.3,103333.3,103393.6,145,1000,0
2025-10-08 13:40:00,103394.6,103578.0,103394.6,103573.9,161,1000,0
2025-10-08 13:50:00,103573.8,103666.4,103511.5,103666.4,168,1000,0
2025-10-08 14:00:00,103666.4,103666.4,103572.6,103617.8,147,1000,0
2025-10-08 14:10:00,103620.7,103676.4,103568.6,103592.0,128,1000,0
2025-10-08 14:20:00,103592.0,103650.4,103589.2,103591.2,113,1000,0
2025-10-08 14:30:00,103591.2,103619.6,103556.9,103608.7,161,1000,0
2025-10-08 14:40:00,103610.6,103622.7,103571.1,103612.1,127,1000,0
2025-10-08 14:50:00,103612.1,103637.4,103520.5,103522.5,89,1000,0
2025-10-08 15:00:00,103522.5,103608.9,103476.8,103605.6,166,1000,0
2025-10-08 15:10:00,103605.6,103627.9,103561.8,103601.5,119,1000,0
2025-10-08 15:20:00,103603.4,103623.8,103582.3,103590.7,129,1000,0
2025-10-08 15:30:00,103590.7,103625.5,103467.9,103467.9,220,1000,0
2025-10-08 15:40:00,103467.9,103560.7,103461.9,103545.0,99,1000,0
2025-10-08 15:50:00,103549.9,103563.7,103465.9,103549.2,176,1000,0
2025-10-08 16:00:00,103549.2,103624.8,103510.7,103585.6,180,1000,0
2025-10-08 16:10:00,103585.6,103654.7,103585.6,103632.4,159,1000,0
2025-10-08 16:20:00,103632.4,103681.2,103603.0,103676.3,185,1000,0
2025-10-08 16:30:00,103677.3,103792.3,103669.3,103758.1,305,1000,0
2025-10-08 16:40:00,103758.1,103766.6,103542.4,103621.4,203,1000,0
2025-10-08 16:50:00,103622.4,103711.5,103548.1,103641.0,215,1000,0
2025-10-08 17:00:00,103630.2,103715.4,103566.0,103602.5,230,1000,0
2025-10-08 17:10:00,103602.5,103685.6,103581.8,103660.1,195,1000,0
2025-10-08 17:20:00,103660.1,103702.7,103540.0,103588.4,222,1000,0
2025-10-08 17:30:00,103588.4,103821.7,103557.9,103798.6,269,1000,0
2025-10-08 17:40:00,103771.9,103954.7,103743.9,103882.0,249,1000,0
2025-10-08 17:50:00,103882.0,103988.1,103765.1,103980.8,185,1000,0
2025-10-08 18:00:00,103981.8,104233.5,103907.8,104171.4,242,1000,0
2025-10-08 18:10:00,104171.4,104288.4,104171.4,104236.7,117,1000,0
2025-10-08 18:20:00,104236.7,104492.4,104236.7,104397.1,200,1000,0
2025-10-09 09:30:00,104123.7,104227.5,104019.1,104227.5,147,1000,0
2025-10-09 09:40:00,104228.5,104228.5,104075.6,104080.6,56,1000,0
2025-10-09 09:50:00,104080.6,104232.6,104078.7,104220.8,98,1000,0
2025-10-09 10:00:00,104220.8,104222.8,103733.5,103908.3,334,1000,0
2025-10-09 10:10:00,103931.0,103931.0,103744.5,103848.5,211,1000,0
2025-10-09 10:20:00,103848.5,103876.6,103707.2,103781.3,231,1000,0
2025-10-09 10:30:00,103781.3,103800.2,103579.5,103636.2,271,1000,0
2025-10-09 10:40:00,103636.7,103761.9,103584.4,103753.2,247,1000,0
2025-10-09 10:50:00,103755.2,103756.2,103595.6,103595.6,264,1000,0
2025-10-09 11:00:00,103616.3,103982.1,103595.6,103935.7,252,1000,0
2025-10-09 11:10:00,103935.7,103935.8,103683.9,103719.2,239,1000,0
2025-10-09 11:20:00,103723.1,103944.8,103723.1,103912.3,221,1000,0
2025-10-09 11:30:00,103914.3,103917.2,103805.1,103868.3,178,1000,0
2025-10-09 11:40:00,103872.3,103874.4,103755.8,103869.5,160,1000,0
2025-10-09 11:50:00,103869.6,104003.0,103842.9,103933.4,175,1000,0
2025-10-09 12:00:00,103933.4,103933.9,103699.9,103751.1,162,1000,0
2025-10-09 12:10:00,103751.1,103859.5,103751.1,103807.8,118,1000,0
2025-10-09 12:20:00,103807.8,103876.3,103768.3,103829.5,127,1000,0
2025-10-09 12:30:00,103829.5,103992.8,103821.6,103992.8,128,1000,0
2025-10-09 12:40:00,103992.8,103992.8,103900.4,103969.1,167,1000,0
2025-10-09 12:50:00,103969.1,103972.9,103886.5,103890.5,164,1000,0
2025-10-09 13:00:00,103891.4,103956.9,103828.0,103915.9,161,1000,0
2025-10-09 13:10:00,103915.9,104068.5,103887.3,104043.5,118,1000,0
2025-10-09 13:20:00,104043.5,104137.3,104021.0,104072.4,146,1000,0
2025-10-09 13:30:00,104072.4,104074.3,103996.8,104060.3,163,1000,0
2025-10-09 13:40:00,104060.8,104075.3,103962.5,103968.6,139,1000,0
2025-10-09 13:50:00,103968.6,104083.3,103968.6,104076.8,220,1000,0
2025-10-09 14:00:00,104076.8,104112.7,104040.7,104080.9,181,1000,0
2025-10-09 14:10:00,104080.9,104095.1,104015.1,104036.7,175,1000,0
2025-10-09 14:20:00,104036.7,104126.1,104032.5,104076.1,168,1000,0
2025-10-09 14:30:00,104076.1,104205.5,104076.1,104183.1,94,1000,0
2025-10-09 14:40:00,104183.1,104315.0,104183.1,104277.5,150,1000,0
2025-10-09 14:50:00,104277.5,104296.3,104061.8,104084.4,150,1000,0
2025-10-09 15:00:00,104084.4,104108.2,103993.0,103994.0,162,1000,0
2025-10-09 15:10:00,103994.0,104061.2,103973.9,104029.4,100,1000,0
2025-10-09 15:20:00,104029.3,104069.8,104002.4,104069.7,121,1000,0
2025-10-09 15:30:00,104069.7,104069.7,103933.2,103954.4,154,1000,0
2025-10-09 15:40:00,103954.4,103994.3,103883.4,103883.4,151,1000,0
2025-10-09 15:50:00,103883.4,103992.8,103883.4,103938.9,217,1000,0
2025-10-09 16:00:00,103938.9,104063.2,103912.4,104016.5,188,1000,0
2025-10-09 16:10:00,104016.0,104047.4,103997.7,104047.4,170,1000,0
2025-10-09 16:20:00,104047.4,104090.6,103983.0,103997.2,284,1000,0
2025-10-09 16:30:00,104000.1,104102.9,103888.1,103897.0,246,1000,0
2025-10-09 16:40:00,103897.0,103906.9,103771.8,103826.1,295,1000,0
2025-10-09 16:50:00,103826.0,103834.8,103453.2,103470.1,313,1000,0
2025-10-09 17:00:00,103470.1,103831.7,103359.6,103610.6,304,1000,0
2025-10-09 17:10:00,103614.5,103754.5,103612.5,103695.4,222,1000,0
2025-10-09 17:20:00,103696.4,103740.4,103577.2,103583.0,302,1000,0
2025-10-09 17:30:00,103581.5,103581.5,103206.6,103212.5,345,1000,0
2025-10-09 17:40:00,103214.5,103259.7,102963.1,103153.2,270,1000,0
2025-10-09 17:50:00,103159.1,103277.6,103131.6,103180.0,192,1000,0
2025-10-09 18:00:00,103183.9,103276.7,102980.7,102984.7,175,1000,0
2025-10-09 18:10:00,102985.7,103140.8,102985.7,103132.9,142,1000,0
2025-10-09 18:20:00,103132.9,103132.9,102780.6,102782.6,194,1000,0
2025-10-10 09:30:00,102555.0,102699.2,102462.3,102570.0,144,1000,0
2025-10-10 09:40:00,102570.0,102596.2,102456.6,102468.4,93,1000,0
2025-10-10 09:50:00,102470.4,102547.5,102463.5,102484.4,102,1580,0
2025-10-10 10:00:00,102486.3,102525.3,102264.2,102320.9,468,1000,0
2025-10-10 10:10:00,102320.9,102322.8,102115.3,102116.6,459,1000,0
2025-10-10 10:20:00,102116.2,102136.7,101985.2,102036.5,336,1000,0
2025-10-10 10:30:00,102036.5,102056.2,101924.3,101937.3,296,1000,0
2025-10-10 10:40:00,101945.2,102008.9,101724.4,101836.8,208,1000,0
2025-10-10 10:50:00,101837.7,101938.2,101785.9,101915.1,157,1000,0
2025-10-10 11:00:00,101916.1,101998.2,101840.0,101998.2,174,1000,0
2025-10-10 11:10:00,102014.0,102128.4,101983.2,102052.6,155,1000,0
2025-10-10 11:20:00,102051.7,102085.0,101903.0,101950.7,190,1000,0
2025-10-10 11:30:00,101950.7,101980.4,101892.1,101894.3,175,1000,0
2025-10-10 11:40:00,101894.3,102002.5,101874.1,101926.6,169,1000,0
2025-10-10 11:50:00,101926.6,102187.4,101836.3,102150.1,317,1000,0
2025-10-10 12:00:00,102135.3,102135.3,101855.7,101877.0,218,1000,0
2025-10-10 12:10:00,101877.0,101946.0,101841.9,101853.7,280,1000,0
2025-10-10 12:20:00,101853.7,101964.6,101853.7,101901.9,243,1000,0
2025-10-10 12:30:00,101902.9,101998.9,101895.0,101972.1,203,1000,0
2025-10-10 12:40:00,101972.1,102110.0,101929.5,102088.4,266,1000,0
2025-10-10 12:50:00,102088.9,102110.1,101966.2,101981.9,280,1000,0
2025-10-10 13:00:00,101981.9,102047.5,101967.1,101979.0,154,1000,0
2025-10-10 13:10:00,102005.7,102114.3,101968.9,102095.5,151,1000,0
2025-10-10 13:20:00,102095.5,102188.9,102061.9,102109.0,171,1000,0
2025-10-10 13:30:00,102109.0,102161.0,102064.5,102118.5,126,1000,0
2025-10-10 13:40:00,102118.4,102184.6,102118.1,102172.9,77,1000,0
2025-10-10 13:50:00,102172.9,102324.7,102172.9,102324.6,145,1000,0
2025-10-10 14:00:00,102324.6,102398.7,102299.5,102340.0,131,1000,0
2025-10-10 14:10:00,102340.1,102374.1,102287.8,102302.7,98,1000,0
2025-10-10 14:20:00,102302.7,102356.2,102278.2,102346.4,111,1000,0
2025-10-10 14:30:00,102346.4,102347.6,102241.6,102245.7,134,1000,0
2025-10-10 14:40:00,102245.7,102293.0,102221.5,102270.0,118,1000,0
2025-10-10 14:50:00,102270.0,102270.0,102177.2,102225.8,132,1000,0
2025-10-10 15:00:00,102198.8,102299.7,102174.2,102214.2,138,1000,0
2025-10-10 15:10:00,102214.2,102301.7,102213.9,102288.4,118,1000,0
2025-10-10 15:20:00,102288.4,102417.8,102195.3,102417.7,115,1000,0
2025-10-10 15:30:00,102417.7,102432.4,102262.0,102321.6,121,1000,0
2025-10-10 15:40:00,102321.6,102358.1,102232.5,102251.2,192,1000,0
2025-10-10 15:50:00,102251.2,102386.8,102242.3,102342.2,135,1000,0
2025-10-10 16:00:00,102363.9,102456.3,102307.3,102447.3,171,1000,0
2025-10-10 16:10:00,102447.3,102449.9,102350.3,102449.9,164,1000,0
2025-10-10 16:20:00,102449.9,102465.7,102362.7,102420.0,208,1000,0
2025-10-10 16:30:00,102421.0,102619.2,102401.2,102574.0,320,1000,0
2025-10-10 16:40:00,102574.0,102765.3,102574.0,102624.9,258,1000,0
2025-10-10 16:50:00,102611.1,102715.3,102537.7,102567.2,235,1000,0
2025-10-10 17:00:00,102574.1,102674.7,102417.2,102643.9,202,1000,0
2025-10-10 17:10:00,102644.9,102665.6,102497.9,102656.7,208,1000,0
2025-10-10 17:20:00,102643.9,102730.3,102643.9,102701.9,258,1000,0
2025-10-10 17:30:00,102684.1,102917.4,102684.1,102896.7,274,1000,0
2025-10-10 17:40:00,102896.7,102901.6,102777.2,102872.9,295,1000,0
2025-10-10 17:50:00,102872.9,102928.2,102452.5,102604.5,205,1000,0
2025-10-10 18:00:00,102606.5,102606.5,102246.3,102354.0,207,1000,0
2025-10-10 18:10:00,102354.0,102615.5,102334.3,102350.1,229,1000,0
2025-10-10 18:20:00,102350.1,102350.1,101939.6,101986.0,239,1000,0
2025-10-13 09:30:00,102522.6,102754.6,102285.6,102721.0,191,1000,0
2025-10-13 09:40:00,102721.0,102806.1,102537.5,102586.9,162,1000,0
2025-10-13 09:50:00,102587.9,102747.0,102534.6,102687.8,89,1000,0
2025-10-13 10:00:00,102687.8,102982.1,102687.8,102887.4,306,1000,0
2025-10-13 10:10:00,102883.4,102983.9,102797.6,102983.9,257,1000,0
2025-10-13 10:20:00,102983.9,102983.9,102855.5,102964.9,289,1000,0
2025-10-13 10:30:00,102965.9,103038.9,102838.6,102852.0,340,1000,0
2025-10-13 10:40:00,102852.0,102866.0,102678.6,102716.5,353,1000,0
2025-10-13 10:50:00,102716.9,102828.2,102603.3,102805.5,454,1000,0
2025-10-13 11:00:00,102819.3,102903.3,102792.8,102890.1,391,1000,0
2025-10-13 11:10:00,102890.1,103010.6,102869.9,103010.6,257,1000,0
2025-10-13 11:20:00,103010.6,103038.0,102829.8,102882.0,244,1000,0
2025-10-13 11:30:00,102878.6,102943.0,102866.7,102931.6,254,1000,0
2025-10-13 11:40:00,102932.1,103068.0,102866.5,103055.7,305,1000,0
2025-10-13 11:50:00,103057.7,103152.4,103033.4,103132.5,226,1000,0
2025-10-13 12:00:00,103132.5,103210.6,103059.9,103190.4,251,1000,0
2025-10-13 12:10:00,103190.4,103232.4,103095.9,103174.3,188,1000,0
2025-10-13 12:20:00,103174.3,103207.2,103138.2,103138.2,162,1000,0
2025-10-13 12:30:00,103138.2,103152.4,103074.2,103074.2,170,1000,0
2025-10-13 12:40:00,103078.0,103172.2,103064.9,103172.2,244,1000,0
2025-10-13 12:50:00,103172.2,103207.2,103091.8,103176.1,253,1000,0
2025-10-13 13:00:00,103177.5,103269.9,103177.5,103269.9,174,1000,0
2025-10-13 13:10:00,103269.9,103327.6,103242.9,103327.3,163,1000,0
2025-10-13 13:20:00,103324.9,103411.9,103294.8,103384.3,148,1000,0
2025-10-13 13:30:00,103386.2,103474.1,103378.7,103430.6,152,1000,0
2025-10-13 13:40:00,103432.6,103460.0,103363.3,103394.3,182,1000,0
2025-10-13 13:50:00,103390.8,103500.9,103378.5,103460.3,142,1000,0
2025-10-13 14:00:00,103460.3,103467.0,103237.2,103284.5,299,1000,0
2025-10-13 14:10:00,103288.4,103343.0,103271.7,103343.0,189,1000,0
2025-10-13 14:20:00,103342.0,103382.7,103227.2,103235.6,228,1000,0
2025-10-13 14:30:00,103235.6,103272.5,103205.8,103272.5,216,1000,0
2025-10-13 14:40:00,103272.5,103332.5,103272.5,103323.2,121,1000,0
2025-10-13 14:50:00,103317.7,103317.7,103259.0,103296.1,150,1000,0
2025-10-13 15:00:00,103296.1,103317.5,103237.4,103269.6,185,1000,0
2025-10-13 15:10:00,103269.6,103385.2,103243.9,103384.8,159,1000,0
2025-10-13 15:20:00,103384.8,103433.8,103371.9,103433.8,145,1000,0
2025-10-13 15:30:00,103433.8,103512.8,103432.8,103495.7,142,1000,0
2025-10-13 15:40:00,103495.7,103565.8,103476.4,103530.6,151,1000,0
2025-10-13 15:50:00,103530.6,103618.2,103515.2,103608.4,167,1000,0
2025-10-13 16:00:00,103608.4,103667.0,103563.6,103638.1,247,1000,0
2025-10-13 16:10:00,103639.1,103704.3,103632.8,103641.4,195,1000,0
2025-10-13 16:20:00,103641.4,103691.7,103589.7,103632.7,203,1000,0
2025-10-13 16:30:00,103623.8,103690.3,103468.2,103668.5,388,1000,0
2025-10-13 16:40:00,103670.5,103670.5,103391.8,103403.1,247,1000,0
2025-10-13 16:50:00,103405.1,103636.1,103402.7,103561.1,283,1000,0
2025-10-13 17:00:00,103555.2,103642.4,103489.0,103586.0,250,1000,0
2025-10-13 17:10:00,103586.0,103642.7,103495.6,103541.7,196,1000,0
2025-10-13 17:20:00,103541.7,103542.7,103392.8,103428.9,225,1000,0
2025-10-13 17:30:00,103428.9,103667.2,103418.0,103633.1,264,1000,0
2025-10-13 17:40:00,103633.1,103693.8,103534.4,103640.2,221,1000,0
2025-10-13 17:50:00,103640.2,103677.8,103531.1,103577.1,279,1000,0
2025-10-13 18:00:00,103577.1,103784.5,103564.4,103654.3,188,1000,0
2025-10-13 18:10:00,103655.3,103849.9,103655.3,103849.9,143,1000,0
2025-10-13 18:20:00,103850.9,103915.5,103787.2,103844.1,134,1000,0
2025-10-14 09:30:00,103201.5,103201.5,102961.5,102964.5,135,1000,0
2025-10-14 09:40:00,102964.5,103004.0,102692.1,102745.4,103,1000,0
2025-10-14 09:50:00,102762.2,102856.2,102691.2,102775.2,88,1000,0
2025-10-14 10:00:00,102775.2,102811.8,102538.3,102645.0,315,1000,0
2025-10-14 10:10:00,102645.0,102913.9,102517.7,102904.1,329,1000,0
2025-10-14 10:20:00,102904.1,102993.3,102692.6,102993.3,221,1000,0
2025-10-14 10:30:00,102993.3,103136.6,102879.3,103067.6,209,1000,0
2025-10-14 10:40:00,103068.6,103120.0,102807.9,102902.3,248,1000,0
2025-10-14 10:50:00,102902.3,103027.5,102845.3,102846.0,196,1000,0
2025-10-14 11:00:00,102869.7,102960.9,102722.8,102848.8,268,1000,0
2025-10-14 11:10:00,102848.8,103130.4,102848.8,103130.4,253,1000,0
2025-10-14 11:20:00,103130.4,103224.4,103130.4,103173.5,166,1000,0
2025-10-14 11:30:00,103173.5,103275.2,103144.3,103234.3,174,1000,0
2025-10-14 11:40:00,103234.3,103267.9,103121.1,103121.1,231,1000,0
2025-10-14 11:50:00,103121.1,103281.4,103117.2,103246.3,220,1000,0
2025-10-14 12:00:00,103248.3,103323.4,103215.8,103215.8,235,1000,0
2025-10-14 12:10:00,103215.8,103345.3,103215.8,103295.7,246,1000,0
2025-10-14 12:20:00,103295.7,103388.2,103253.0,103360.1,140,1000,0
2025-10-14 12:30:00,103360.1,103417.7,103216.5,103284.2,157,1000,0
2025-10-14 12:40:00,103284.2,103339.2,103215.5,103226.5,169,1000,0
2025-10-14 12:50:00,103226.5,103277.5,103128.8,103251.2,220,1000,0
2025-10-14 13:00:00,103251.2,103380.0,103251.2,103336.4,172,1000,0
2025-10-14 13:10:00,103334.8,103334.8,103211.9,103228.6,175,1000,0
2025-10-14 13:20:00,103228.6,103320.5,103203.0,103205.9,276,1000,0
2025-10-14 13:30:00,103209.8,103211.3,102999.4,103025.2,438,1000,0
2025-10-14 13:40:00,103026.7,103033.2,102764.8,102772.0,265,1000,0
2025-10-14 13:50:00,102777.9,102981.4,102777.9,102981.4,107,1000,0
2025-10-14 14:00:00,102981.4,103103.2,102916.5,103058.1,190,1000,0
2025-10-14 14:10:00,103058.1,103106.1,103050.9,103094.8,115,1000,0
2025-10-14 14:20:00,103094.8,103158.0,103058.8,103108.4,157,1000,0
2025-10-14 14:30:00,103108.4,103173.4,103108.3,103155.1,88,1000,0
2025-10-14 14:40:00,103155.1,103177.0,103145.6,103146.6,103,1000,0
2025-10-14 14:50:00,103146.6,103199.8,103138.7,103139.7,124,1000,0
2025-10-14 15:00:00,103139.7,103139.7,103065.5,103080.9,115,1000,0
2025-10-14 15:10:00,103080.9,103088.8,103017.3,103074.7,109,1000,0
2025-10-14 15:20:00,103074.7,103087.7,103052.4,103075.4,105,1000,0
2025-10-14 15:30:00,103075.4,103111.5,103002.8,103005.7,116,1000,0
2025-10-14 15:40:00,103005.7,103038.1,102884.2,102915.6,125,1000,0
2025-10-14 15:50:00,102915.6,102956.1,102829.9,102888.0,211,1000,0
2025-10-14 16:00:00,102888.0,103008.8,102882.9,102926.7,148,1000,0
2025-10-14 16:10:00,102926.7,103039.0,102919.9,102971.2,212,1000,0
2025-10-14 16:20:00,102971.2,103019.0,102938.8,102991.5,225,1000,0
2025-10-14 16:30:00,102993.4,103124.1,102892.6,103017.9,273,1000,0
2025-10-14 16:40:00,103019.8,103160.6,102980.0,103039.6,353,1000,0
2025-10-14 16:50:00,103039.6,103126.9,102967.4,103116.6,231,1000,0
2025-10-14 17:00:00,103123.9,103233.0,103014.9,103116.9,351,1000,0
2025-10-14 17:10:00,103116.9,103213.3,103053.9,103154.8,297,1000,0
2025-10-14 17:20:00,103155.8,103328.1,103140.2,103286.6,269,1000,0
2025-10-14 17:30:00,103286.6,103417.9,103277.6,103327.3,231,1000,0
2025-10-14 17:40:00,103326.3,103465.9,103319.8,103435.0,220,1000,0
2025-10-14 17:50:00,103436.0,103487.4,103367.9,103444.0,201,1000,0
2025-10-14 18:00:00,103444.0,103661.3,103444.0,103608.1,155,1000,0
2025-10-14 18:10:00,103611.0,103700.5,103611.0,103614.1,116,1000,0
2025-10-14 18:20:00,103614.1,103737.1,103614.1,103676.5,90,1000,0
2025-10-15 09:30:00,104118.4,104546.0,103993.9,104487.8,207,1000,0
2025-10-15 09:40:00,104487.8,104581.7,104463.3,104488.0,77,1000,0
2025-10-15 09:50:00,104488.0,104488.0,104360.2,104443.7,66,1000,0
2025-10-15 10:00:00,104443.7,104625.6,104366.7,104486.1,285,1000,0
2025-10-15 10:10:00,104486.1,104728.0,104486.1,104558.1,204,1000,0
2025-10-15 10:20:00,104558.1,104558.4,104445.1,104473.8,143,1000,0
2025-10-15 10:30:00,104475.8,104483.1,104335.1,104460.5,205,1000,0
2025-10-15 10:40:00,104460.5,104531.2,104345.9,104455.8,204,1000,0
2025-10-15 10:50:00,104455.8,104528.8,104414.0,104506.0,191,1000,0
2025-10-15 11:00:00,104506.0,104703.0,104487.2,104657.9,201,1000,0
2025-10-15 11:10:00,104658.9,104754.9,104658.9,104696.8,216,1000,0
2025-10-15 11:20:00,104696.9,104724.3,104591.2,104598.0,180,1000,0
2025-10-15 11:30:00,104593.1,104594.4,104438.2,104505.6,187,1000,0
2025-10-15 11:40:00,104505.1,104626.3,104460.0,104616.5,177,1000,0
2025-10-15 11:50:00,104616.5,104643.4,104507.4,104577.9,172,1000,0
2025-10-15 12:00:00,104577.9,104583.3,104442.8,104582.4,168,1000,0
2025-10-15 12:10:00,104582.4,104582.4,104480.2,104480.2,123,1000,0
2025-10-15 12:20:00,104481.2,104504.8,104365.5,104454.7,177,1000,0
2025-10-15 12:30:00,104454.6,104500.4,104367.3,104395.0,119,1000,0
2025-10-15 12:40:00,104395.0,104395.0,104348.4,104348.4,91,1000,0
2025-10-15 12:50:00,104348.4,104367.4,104331.1,104349.7,106,1000,0
2025-10-15 13:00:00,104349.7,104369.6,104332.1,104333.6,83,1000,0
2025-10-15 13:10:00,104333.6,104365.4,104311.9,104332.2,158,1000,0
2025-10-15 13:20:00,104335.1,104407.0,104313.6,104395.1,262,1000,0
2025-10-15 13:30:00,104395.1,104408.0,104303.8,104307.8,181,1000,0
2025-10-15 13:40:00,104310.7,104322.7,104241.6,104290.7,198,1000,0
2025-10-15 13:50:00,104290.7,104292.1,104260.6,104284.9,228,1000,0
2025-10-15 14:00:00,104284.9,104295.4,104246.1,104273.2,166,1000,0
2025-10-15 14:10:00,104273.2,104273.4,104168.0,104213.9,148,1000,0
2025-10-15 14:20:00,104213.9,104261.0,104165.0,104205.2,261,1000,0
2025-10-15 14:30:00,104205.3,104208.3,104110.1,104166.3,235,1000,0
2025-10-15 14:40:00,104166.4,104166.4,104026.4,104037.5,165,1000,0
2025-10-15 14:50:00,104037.5,104067.6,103990.1,104031.4,184,1000,0
2025-10-15 15:00:00,104052.1,104133.8,104051.1,104089.7,131,1000,0
2025-10-15 15:10:00,104089.7,104122.2,103968.7,103976.6,183,1000,0
2025-10-15 15:20:00,103974.6,103977.9,103860.6,103898.7,177,1000,0
2025-10-15 15:30:00,103898.7,103898.7,103798.9,103857.1,148,1000,0
2025-10-15 15:40:00,103857.1,103865.6,103773.0,103846.3,187,1000,0
2025-10-15 15:50:00,103846.3,103898.5,103805.9,103892.7,169,1000,0
2025-10-15 16:00:00,103893.7,103893.7,103818.9,103843.5,117,1000,0
2025-10-15 16:10:00,103844.5,103933.4,103819.8,103875.1,148,1000,0
2025-10-15 16:20:00,103876.1,103885.9,103794.2,103827.6,127,1000,0
2025-10-15 16:30:00,103827.6,103849.2,103708.2,103782.2,352,1000,0
2025-10-15 16:40:00,103783.2,103869.9,103582.5,103661.4,259,1000,0
2025-10-15 16:50:00,103661.4,103775.9,103583.9,103712.7,283,1000,0
2025-10-15 17:00:00,103719.6,104096.6,103719.6,104071.5,275,1000,0
2025-10-15 17:10:00,104072.5,104260.9,104044.6,104254.1,240,1000,0
2025-10-15 17:20:00,104254.1,104319.9,104211.6,104290.8,255,1000,0
2025-10-15 17:30:00,104290.8,104338.8,104153.3,104165.0,219,1000,0
2025-10-15 17:40:00,104166.0,104262.8,104165.0,104205.9,171,1000,0
2025-10-15 17:50:00,104205.9,104301.2,104094.3,104254.4,306,1000,0
2025-10-15 18:00:00,104277.6,104371.0,104237.7,104283.2,198,1000,0
2025-10-15 18:10:00,104284.2,104355.9,104227.9,104340.6,99,1000,0
2025-10-15 18:20:00,104340.6,104488.4,104331.2,104442.6,129,1000,0
2025-10-16 09:30:00,104270.0,104441.1,104215.6,104387.7,128,1000,0
2025-10-16 09:40:00,104388.7,104418.5,104369.0,104378.0,55,2670,0
2025-10-16 09:50:00,104378.0,104436.3,104344.4,104428.5,110,1000,0
2025-10-16 10:00:00,104428.5,104708.2,104428.5,104446.4,289,1000,0
2025-10-16 10:10:00,104443.5,104501.6,104320.0,104429.6,201,1000,0
2025-10-16 10:20:00,104429.6,104534.7,104429.6,104470.3,175,1000,0
2025-10-16 10:30:00,104465.3,104465.3,104309.3,104345.3,219,1000,0
2025-10-16 10:40:00,104344.4,104515.8,104344.4,104503.7,193,1000,0
2025-10-16 10:50:00,104504.7,104685.3,104445.1,104677.5,270,1000,0
2025-10-16 11:00:00,104677.5,104680.8,104592.2,104669.4,162,1000,0
2025-10-16 11:10:00,104669.4,104749.9,104621.6,104745.1,214,1000,0
2025-10-16 11:20:00,104745.1,104844.0,104721.9,104721.9,248,1000,0
2025-10-16 11:30:00,104706.1,104789.8,104657.3,104747.8,176,1000,0
2025-10-16 11:40:00,104747.8,104827.4,104747.8,104795.4,181,1000,0
2025-10-16 11:50:00,104795.4,104833.9,104777.4,104821.9,174,1000,0
2025-10-16 12:00:00,104821.9,104911.1,104807.9,104816.8,194,1000,0
2025-10-16 12:10:00,104816.8,104901.9,104805.0,104886.1,203,1000,0
2025-10-16 12:20:00,104886.1,104925.7,104815.8,104836.3,222,1000,0
2025-10-16 12:30:00,104835.3,104838.8,104756.6,104836.9,208,1000,0
2025-10-16 12:40:00,104836.9,104921.5,104805.7,104906.6,289,1000,0
2025-10-16 12:50:00,104906.6,105022.1,104899.7,104996.3,251,1000,0
2025-10-16 13:00:00,104996.3,105070.6,104976.7,105070.1,148,1000,0
2025-10-16 13:10:00,105070.1,105112.2,104987.7,105002.3,174,1000,0
2025-10-16 13:20:00,104992.9,105077.2,104966.1,105069.4,272,1000,0
2025-10-16 13:30:00,105078.3,105215.5,105064.0,105177.5,174,1000,0
2025-10-16 13:40:00,105177.5,105183.0,105071.1,105094.1,167,1000,0
2025-10-16 13:50:00,105094.1,105176.0,105070.4,105130.4,142,1000,0
2025-10-16 14:00:00,105131.4,105151.7,105094.0,105102.8,106,1000,0
2025-10-16 14:10:00,105102.8,105168.6,105068.9,105105.6,98,1000,0
2025-10-16 14:20:00,105106.6,105134.7,104994.2,105044.4,122,1000,0
2025-10-16 14:30:00,105044.4,105104.8,105017.0,105060.7,116,1000,0
2025-10-16 14:40:00,105060.7,105063.7,104972.0,104997.3,162,1000,0
2025-10-16 14:50:00,104997.3,105082.9,104993.1,105082.9,172,1000,0
2025-10-16 15:00:00,105082.9,105168.4,105045.3,105054.8,112,1000,0
2025-10-16 15:10:00,105054.8,105072.8,105002.0,105002.0,168,1000,0
2025-10-16 15:20:00,105002.0,105022.5,104951.1,104953.4,134,1000,0
2025-10-16 15:30:00,104953.3,105085.4,104947.2,104994.5,166,1000,0
2025-10-16 15:40:00,104994.4,105043.4,104992.7,104997.0,181,1000,0
2025-10-16 15:50:00,104996.9,105092.7,104996.9,105038.1,148,1000,0
2025-10-16 16:00:00,105038.1,105076.8,104965.3,105022.3,160,1000,0
2025-10-16 16:10:00,105022.3,105150.6,104983.2,105039.2,229,1000,0
2025-10-16 16:20:00,105039.2,105082.9,104972.2,104972.2,169,1000,0
2025-10-16 16:30:00,104976.1,104983.0,104838.1,104877.8,233,1000,0
2025-10-16 16:40:00,104877.8,105112.1,104874.0,105075.8,230,1000,0
2025-10-16 16:50:00,105074.8,105080.8,104877.1,104907.7,234,1000,0
2025-10-16 17:00:00,104900.2,105137.2,104897.6,105086.5,230,1000,0
2025-10-16 17:10:00,105088.5,105132.2,105007.4,105125.8,215,1000,0
2025-10-16 17:20:00,105125.8,105356.8,105101.1,105338.0,302,1000,0
2025-10-16 17:30:00,105363.7,105766.8,105325.1,105766.8,283,1000,0
2025-10-16 17:40:00,105783.5,105975.7,105656.3,105740.3,306,1000,0
2025-10-16 17:50:00,105742.3,105857.4,105726.5,105787.9,271,1000,0
2025-10-16 18:00:00,105789.8,106248.4,105789.8,106066.6,346,1000,0
2025-10-16 18:10:00,106066.6,106181.7,106046.0,106149.8,150,1000,0
2025-10-16 18:20:00,106150.8,106195.2,105939.5,106140.0,188,1000,0
2025-10-17 09:30:00,105057.3,105298.6,105057.3,105265.0,136,1000,0
2025-10-17 09:40:00,105265.0,105477.5,105246.3,105344.1,109,1000,0
2025-10-17 09:50:00,105344.1,105434.1,105267.1,105406.5,88,1000,0
2025-10-17 10:00:00,105406.5,105406.5,105052.8,105181.4,297,1000,0
2025-10-17 10:10:00,105181.4,105265.4,105052.5,105080.2,265,1000,0
2025-10-17 10:20:00,105086.1,105102.8,104853.6,104936.1,296,1000,0
2025-10-17 10:30:00,104938.0,104938.0,104748.9,104780.2,164,1000,0
2025-10-17 10:40:00,104780.2,104780.2,104344.2,104344.2,234,1000,0
2025-10-17 10:50:00,104344.2,104600.8,104305.5,104489.7,247,1000,0
2025-10-17 11:00:00,104491.7,104589.2,104006.9,104043.8,252,1000,0
2025-10-17 11:10:00,104043.8,104229.9,104027.4,104077.4,227,1000,0
2025-10-17 11:20:00,104077.4,104078.6,103893.7,103938.1,197,1000,0
2025-10-17 11:30:00,103938.1,104243.4,103891.3,104212.7,231,1000,0
2025-10-17 11:40:00,104212.7,104314.7,104189.6,104245.4,148,1000,0
2025-10-17 11:50:00,104246.4,104247.4,104073.0,104151.2,174,1000,0
2025-10-17 12:00:00,104154.2,104270.5,104076.4,104270.0,164,1000,0
2025-10-17 12:10:00,104270.0,104273.9,104175.2,104183.3,92,1000,0
2025-10-17 12:20:00,104183.3,104202.0,103914.4,103959.9,114,1000,0
2025-10-17 12:30:00,103959.9,104082.4,103959.9,104038.0,72,1000,0
2025-10-17 12:40:00,104038.1,104038.1,103969.6,103976.4,83,1000,0
2025-10-17 12:50:00,103976.4,104127.3,103976.4,104127.2,117,1000,0
2025-10-17 13:00:00,104127.2,104180.8,104080.7,104180.7,93,1000,0
2025-10-17 13:10:00,104180.6,104219.2,104129.7,104205.4,236,1000,0
2025-10-17 13:20:00,104205.4,104246.3,104089.1,104167.1,141,1000,0
2025-10-17 13:30:00,104167.1,104286.0,104167.1,104189.5,96,1000,0
2025-10-17 13:40:00,104189.5,104341.2,104189.4,104327.0,167,1000,0
2025-10-17 13:50:00,104329.9,104330.5,104138.3,104216.7,152,1000,0
2025-10-17 14:00:00,104216.7,104298.9,104106.2,104253.2,149,1000,0
2025-10-17 14:10:00,104253.2,104363.9,104228.7,104268.3,190,1000,0
2025-10-17 14:20:00,104268.3,104345.5,104176.5,104202.6,181,1000,0
2025-10-17 14:30:00,104202.6,104244.3,104043.6,104104.9,148,1000,0
2025-10-17 14:40:00,104104.9,104283.9,104076.9,104250.2,131,1000,0
2025-10-17 14:50:00,104250.2,104328.4,104218.4,104309.3,192,1000,0
2025-10-17 15:00:00,104309.3,104337.2,104163.9,104322.6,199,1000,0
2025-10-17 15:10:00,104322.6,104323.4,104188.6,104233.0,177,1000,0
2025-10-17 15:20:00,104233.0,104242.8,104119.6,104137.4,115,1000,0
2025-10-17 15:30:00,104137.4,104137.4,104010.8,104038.6,239,1000,0
2025-10-17 15:40:00,104040.6,104062.6,104009.0,104046.2,263,1000,0
2025-10-17 15:50:00,104049.1,104049.8,103899.5,103989.3,194,1000,0
2025-10-17 16:00:00,103977.4,103992.4,103870.3,103992.4,159,1000,0
2025-10-17 16:10:00,103992.4,104062.8,103902.9,103942.3,126,1000,0
2025-10-17 16:20:00,103945.8,104083.9,103903.8,104045.9,119,1000,0
2025-10-17 16:30:00,104044.5,104049.1,103875.6,103979.9,229,1000,0
2025-10-17 16:40:00,103979.9,104126.6,103958.3,104045.3,276,1000,0
2025-10-17 16:50:00,104046.3,104349.5,104025.1,104198.4,267,1000,0
2025-10-17 17:00:00,104197.3,104237.0,103867.8,103903.7,286,1000,0
2025-10-17 17:10:00,103903.7,103990.1,103834.7,103855.0,247,1000,0
2025-10-17 17:20:00,103855.0,103858.9,103481.7,103607.2,311,1000,0
2025-10-17 17:30:00,103607.2,103798.5,103426.9,103745.4,233,1000,0
2025-10-17 17:40:00,103745.4,103768.1,103476.1,103522.2,156,1000,0
2025-10-17 17:50:00,103522.2,103682.6,103402.7,103451.2,230,1000,0
2025-10-17 18:00:00,103454.1,103711.5,103451.2,103663.7,198,1000,0
2025-10-17 18:10:00,103663.7,103708.6,103326.0,103326.0,244,1000,0
2025-10-17 18:20:00,103326.0,103522.7,103324.2,103324.2,178,1000,0
2025-10-20 09:30:00,103960.9,104188.3,103960.9,104027.3,77,1000,0
2025-10-20 09:40:00,104027.3,104048.1,103985.9,104005.7,49,2470,0
2025-10-20 09:50:00,104005.7,104081.8,103982.5,103990.0,58,1000,0
2025-10-20 10:00:00,103990.0,104150.2,103931.7,104133.4,278,1000,0
2025-10-20 10:10:00,104133.5,104339.0,104133.5,104277.2,244,1000,0
2025-10-20 10:20:00,104277.1,104335.9,104117.7,104212.7,231,1000,0
2025-10-20 10:30:00,104210.8,104213.6,103950.1,104076.0,212,1000,0
2025-10-20 10:40:00,104076.0,104078.5,103907.6,103997.0,254,1000,0
2025-10-20 10:50:00,104000.0,104150.8,103956.1,104149.7,183,1000,0
2025-10-20 11:00:00,104039.1,104272.5,104039.1,104201.0,110,1000,0
2025-10-20 11:10:00,104201.0,104281.2,104200.8,104241.8,144,1000,0
2025-10-20 11:20:00,104241.8,104241.8,104004.9,104058.0,205,1000,0
2025-10-20 11:30:00,104058.0,104110.6,103942.4,103973.1,175,1000,0
2025-10-20 11:40:00,103972.1,103997.5,103914.1,103937.7,161,1000,0
2025-10-20 11:50:00,103937.6,103939.5,103828.4,103898.5,169,1000,0
2025-10-20 12:00:00,103898.5,103898.5,103611.8,103653.9,188,1000,0
2025-10-20 12:10:00,103653.9,103756.7,103614.4,103741.7,169,1000,0
2025-10-20 12:20:00,103743.7,103773.8,103620.9,103658.9,112,1000,0
2025-10-20 12:30:00,103658.9,103743.6,103552.0,103559.9,127,1000,0
2025-10-20 12:40:00,103559.9,103650.5,103552.0,103578.0,142,1000,0
2025-10-20 12:50:00,103604.1,103678.1,103573.2,103641.6,125,1000,0
2025-10-20 13:00:00,103641.6,103660.5,103543.4,103570.3,145,1000,0
2025-10-20 13:10:00,103570.3,103615.2,103542.0,103543.9,211,1000,0
2025-10-20 13:20:00,103545.4,103545.4,103391.2,103417.2,170,1000,0
2025-10-20 13:30:00,103425.6,103498.4,103388.3,103391.2,241,1000,0
2025-10-20 13:40:00,103391.1,103452.4,103301.5,103328.5,222,1000,0
2025-10-20 13:50:00,103328.5,103335.8,103236.8,103236.8,201,1000,0
2025-10-20 14:00:00,103238.8,103351.6,103204.2,103330.3,193,1000,0
2025-10-20 14:10:00,103330.3,103386.3,103283.5,103294.9,189,1000,0
2025-10-20 14:20:00,103294.9,103376.9,103275.4,103358.6,213,1000,0
2025-10-20 14:30:00,103358.6,103358.6,103202.8,103226.2,159,1000,0
2025-10-20 14:40:00,103230.1,103250.5,103152.4,103240.3,158,1000,0
2025-10-20 14:50:00,103243.2,103354.7,103243.2,103348.3,136,1000,0
2025-10-20 15:00:00,103348.3,103431.7,103193.7,103247.0,201,1000,0
2025-10-20 15:10:00,103247.0,103417.1,103199.6,103378.5,182,1000,0
2025-10-20 15:20:00,103378.5,103382.6,103282.8,103312.4,135,1000,0
2025-10-20 15:30:00,103265.0,103417.8,103265.0,103383.2,149,1000,0
2025-10-20 15:40:00,103383.2,103492.0,103370.1,103492.0,160,1000,0
2025-10-20 15:50:00,103492.0,103572.2,103453.5,103566.7,164,1000,0
2025-10-20 16:00:00,103567.7,103748.2,103567.7,103746.8,181,1000,0
2025-10-20 16:10:00,103747.8,103855.8,103747.8,103855.8,198,1000,0
2025-10-20 16:20:00,103855.8,103904.7,103797.2,103838.2,228,1000,0
2025-10-20 16:30:00,103849.1,103939.5,103641.9,103877.5,249,1000,0
2025-10-20 16:40:00,103877.5,104060.2,103810.3,104060.2,210,1000,0
2025-10-20 16:50:00,104072.1,104110.1,103899.2,103965.8,283,1000,0
2025-10-20 17:00:00,103965.8,104121.3,103917.0,104121.3,171,1000,0
2025-10-20 17:10:00,104115.4,104220.2,104115.4,104180.4,214,1000,0
2025-10-20 17:20:00,104180.4,104278.7,104105.4,104205.0,223,1000,0
2025-10-20 17:30:00,104205.0,104211.8,104081.2,104137.1,138,1000,0
2025-10-20 17:40:00,104137.1,104323.3,104079.2,104323.3,209,1000,0
2025-10-20 17:50:00,104326.8,104348.0,103997.0,103998.0,315,1000,0
2025-10-20 18:00:00,103992.0,104096.9,103913.5,104052.5,205,1000,0
2025-10-20 18:10:00,104052.5,104190.9,104025.8,104172.2,147,1000,0
2025-10-20 18:20:00,104172.2,104179.0,103926.3,103926.3,144,1000,0
2025-10-21 09:30:00,104080.3,104110.0,103769.2,103798.9,91,1000,0
2025-10-21 09:40:00,103798.9,104043.1,103798.9,104043.1,70,1000,0
2025-10-21 09:50:00,104043.1,104081.5,103972.0,104015.3,56,1000,0
2025-10-21 10:00:00,104016.3,104148.7,103892.8,104046.0,279,1000,0
2025-10-21 10:10:00,104047.0,104062.8,103768.3,103823.5,207,1000,0
2025-10-21 10:20:00,103823.4,103845.9,103669.1,103715.4,174,1000,0
2025-10-21 10:30:00,103715.4,103741.9,103480.5,103520.6,225,1000,0
2025-10-21 10:40:00,103520.6,103697.0,103492.8,103544.4,196,1000,0
2025-10-21 10:50:00,103546.9,103613.9,103524.1,103525.5,204,1000,0
2025-10-21 11:00:00,103525.5,103549.7,103128.3,103135.8,217,1000,0
2025-10-21 11:10:00,103127.9,103142.1,102681.0,102799.5,295,1000,0
2025-10-21 11:20:00,102765.9,102876.2,102702.0,102769.5,269,1000,0
2025-10-21 11:30:00,102769.5,102838.4,102635.6,102644.7,171,1000,0
2025-10-21 11:40:00,102644.7,102673.7,102517.9,102576.7,225,1000,0
2025-10-21 11:50:00,102577.7,102614.1,102495.9,102530.5,171,1000,0
2025-10-21 12:00:00,102530.5,102572.1,102372.9,102381.8,178,1000,0
2025-10-21 12:10:00,102372.9,102545.9,102289.1,102500.9,181,1000,0
2025-10-21 12:20:00,102500.9,102601.1,102500.9,102547.1,186,1000,0
2025-10-21 12:30:00,102552.0,102633.5,102408.1,102409.1,284,1000,0
2025-10-21 12:40:00,102411.1,102512.5,102407.2,102495.3,215,1000,0
2025-10-21 12:50:00,102496.2,102503.0,102292.8,102305.1,243,1000,0
2025-10-21 13:00:00,102305.1,102362.5,102291.5,102292.8,171,1000,0
2025-10-21 13:10:00,102294.3,102295.6,102200.9,102213.7,277,1000,0
2025-10-21 13:20:00,102214.7,102298.3,102200.7,102247.4,244,1000,0
2025-10-21 13:30:00,102248.4,102274.5,102124.7,102128.6,257,1000,0
2025-10-21 13:40:00,102130.6,102193.7,102124.9,102193.7,170,1000,0
2025-10-21 13:50:00,102196.6,102240.6,102106.6,102132.9,148,1000,0
2025-10-21 14:00:00,102133.9,102237.1,102130.3,102232.3,246,1000,0
2025-10-21 14:10:00,102233.8,102391.4,102164.5,102284.9,261,1000,0
2025-10-21 14:20:00,102284.9,102305.6,102194.9,102291.7,208,1000,0
2025-10-21 14:30:00,102291.7,102390.2,102291.2,102388.7,198,1000,0
2025-10-21 14:40:00,102388.2,102481.4,102360.8,102470.8,286,1000,0
2025-10-21 14:50:00,102470.8,102479.1,102356.1,102394.4,224,1000,0
2025-10-21 15:00:00,102394.4,102413.6,102231.5,102241.8,185,1000,0
2025-10-21 15:10:00,102241.8,102260.1,102117.7,102149.8,212,1000,0
2025-10-21 15:20:00,102151.7,102151.7,101989.5,102032.9,220,1000,0
2025-10-21 15:30:00,102032.9,102053.9,101926.6,101961.3,227,1000,0
2025-10-21 15:40:00,101961.3,102024.0,101886.5,101943.0,266,1000,0
2025-10-21 15:50:00,101943.0,101969.5,101886.3,101900.0,206,1000,0
2025-10-21 16:00:00,101900.0,101912.1,101742.3,101748.0,371,1000,0
2025-10-21 16:10:00,101766.7,101828.9,101627.5,101762.9,269,1000,0
2025-10-21 16:20:00,101762.9,101862.8,101636.5,101674.1,232,1000,0
2025-10-21 16:30:00,101674.1,101678.0,101381.9,101649.1,326,1000,0
2025-10-21 16:40:00,101652.1,101707.5,101203.3,101262.8,296,1000,0
2025-10-21 16:50:00,101262.8,101443.6,101232.6,101415.0,267,1000,0
2025-10-21 17:00:00,101415.0,101578.2,101318.8,101441.5,204,1000,0
2025-10-21 17:10:00,101441.5,101650.9,101441.5,101598.9,254,1000,0
2025-10-21 17:20:00,101598.9,101621.5,101307.3,101313.4,292,1000,0
2025-10-21 17:30:00,101313.4,101458.9,101253.3,101354.4,217,1000,0
2025-10-21 17:40:00,101354.4,101444.7,101145.8,101387.6,219,1000,0
2025-10-21 17:50:00,101395.5,101654.4,101387.6,101614.0,172,1000,0
2025-10-21 18:00:00,101616.0,101875.9,101608.1,101701.1,215,1000,0
2025-10-21 18:10:00,101701.1,101822.7,101669.6,101747.7,130,1000,0
2025-10-21 18:20:00,101747.7,101772.9,101620.3,101766.6,148,1000,0
2025-10-22 09:30:00,101236.0,101877.4,101236.0,101857.6,131,1000,0
2025-10-22 09:40:00,101865.9,102138.3,101865.9,102030.7,97,1000,0
2025-10-22 09:50:00,102030.7,102119.7,101896.4,101897.4,44,1000,0
2025-10-22 10:00:00,101897.4,102141.4,101897.4,102053.7,288,1000,0
2025-10-22 10:10:00,102056.7,102155.2,101986.5,102155.2,317,1000,0
2025-10-22 10:20:00,102156.2,102276.7,102094.9,102246.2,388,1000,0
2025-10-22 10:30:00,102246.2,102305.5,102083.4,102127.0,347,1000,0
2025-10-22 10:40:00,102127.0,102335.4,102126.4,102247.6,340,1000,0
2025-10-22 10:50:00,102251.5,102269.3,102099.2,102153.4,301,1000,0
2025-10-22 11:00:00,102153.4,102157.4,101887.1,101887.1,316,1000,0
2025-10-22 11:10:00,101887.1,101887.1,101295.8,101311.0,355,1000,0
2025-10-22 11:20:00,101311.0,101489.3,101291.5,101380.3,288,1000,0
2025-10-22 11:30:00,101380.3,101413.9,101152.4,101179.0,301,1000,0
2025-10-22 11:40:00,101178.0,101228.2,101048.4,101107.9,329,1000,0
2025-10-22 11:50:00,101107.9,101114.7,100883.5,100892.5,353,1000,0
2025-10-22 12:00:00,100942.9,101106.5,100849.8,100919.5,261,1000,0
2025-10-22 12:10:00,100917.6,100927.3,100577.2,100606.1,310,1000,0
2025-10-22 12:20:00,100606.1,100793.4,100606.1,100701.0,156,1000,0
2025-10-22 12:30:00,100701.0,100820.9,100658.5,100664.4,148,1000,0
2025-10-22 12:40:00,100664.4,100669.3,100372.9,100372.9,221,1000,0
2025-10-22 12:50:00,100372.9,100461.0,100253.4,100327.1,240,1000,0
2025-10-22 13:00:00,100327.1,100388.9,100193.0,100215.8,263,1000,0
2025-10-22 13:10:00,100215.8,100505.3,100187.3,100493.4,221,1000,0
2025-10-22 13:20:00,100493.4,100733.5,100488.4,100727.6,228,1000,0
2025-10-22 13:30:00,100726.1,100790.7,100631.9,100660.2,214,1000,0
2025-10-22 13:40:00,100660.2,100707.7,100588.2,100668.7,248,1000,0
2025-10-22 13:50:00,100668.7,100697.2,100516.3,100654.7,262,1000,0
2025-10-22 14:00:00,100639.9,100760.6,100569.9,100595.8,256,1000,0
2025-10-22 14:10:00,100595.8,100784.0,100595.8,100776.6,226,1000,0
2025-10-22 14:20:00,100770.7,100819.5,100609.0,100609.0,225,1000,0
2025-10-22 14:30:00,100609.0,100666.1,100479.0,100479.0,244,1000,0
2025-10-22 14:40:00,100459.2,100537.0,100409.8,100532.1,204,1000,0
2025-10-22 14:50:00,100532.0,100570.5,100453.8,100547.8,177,1000,0
2025-10-22 15:00:00,100552.8,100600.1,100459.1,100467.9,180,1000,0
2025-10-22 15:10:00,100467.9,100589.6,100467.9,100538.9,183,1000,0
2025-10-22 15:20:00,100537.9,100615.2,100451.1,100615.2,239,1000,0
2025-10-22 15:30:00,100625.1,100811.8,100556.0,100704.9,263,1000,0
2025-10-22 15:40:00,100704.9,100769.8,100677.8,100744.5,284,1000,0
2025-10-22 15:50:00,100743.0,100826.4,100701.6,100826.4,310,1000,0
2025-10-22 16:00:00,100827.0,101062.4,100826.3,100966.2,374,1000,0
2025-10-22 16:10:00,100968.2,101157.8,100966.2,101157.8,403,1000,0
2025-10-22 16:20:00,101157.8,101191.9,101014.1,101027.4,266,1000,0
2025-10-22 16:30:00,101027.4,101642.5,101027.4,101580.1,413,1000,0
2025-10-22 16:40:00,101580.1,101651.9,101485.3,101511.5,343,1000,0
2025-10-22 16:50:00,101512.5,101754.7,101487.9,101709.7,357,1000,0
2025-10-22 17:00:00,101711.7,101878.8,101660.3,101680.0,350,1000,0
2025-10-22 17:10:00,101680.0,101830.8,101660.3,101744.0,274,1000,0
2025-10-22 17:20:00,101750.0,101789.5,101640.7,101708.9,310,1000,0
2025-10-22 17:30:00,101710.9,101747.3,101357.3,101424.7,305,1000,0
2025-10-22 17:40:00,101424.7,101472.4,101265.3,101407.5,222,1000,0
2025-10-22 17:50:00,101407.5,101560.3,101407.5,101522.3,229,1000,0
2025-10-22 18:00:00,101548.0,101744.7,101546.0,101679.6,169,1000,0
2025-10-22 18:10:00,101679.6,101726.1,101625.4,101641.1,159,1000,0
2025-10-22 18:20:00,101640.6,101640.6,101360.7,101384.4,237,1000,0
2025-10-23 09:30:00,102085.0,102234.3,101964.5,102015.0,83,1000,0
2025-10-23 09:40:00,102015.0,102139.7,101979.4,102139.7,75,1000,0
2025-10-23 09:50:00,102139.7,102159.4,102083.3,102132.9,82,1000,0
2025-10-23 10:00:00,102132.9,102307.0,102020.2,102256.6,268,1000,0
2025-10-23 10:10:00,102256.6,102314.9,101949.9,101953.8,253,1000,0
2025-10-23 10:20:00,101953.8,102079.2,101823.6,101864.3,401,1000,0
2025-10-23 10:30:00,101866.2,101938.8,101723.3,101879.0,344,1000,0
2025-10-23 10:40:00,101880.0,101933.3,101725.7,101762.1,315,1000,0
2025-10-23 10:50:00,101776.9,101905.4,101742.8,101904.5,208,1000,0
2025-10-23 11:00:00,101905.5,102194.7,101905.5,102104.6,267,1000,0
2025-10-23 11:10:00,102104.5,102357.3,102104.5,102356.3,259,1000,0
2025-10-23 11:20:00,102356.3,102435.3,102327.8,102402.7,331,1000,0
2025-10-23 11:30:00,102402.7,102465.7,102292.2,102334.9,269,1000,0
2025-10-23 11:40:00,102334.9,102352.2,102197.8,102329.7,324,1000,0
2025-10-23 11:50:00,102338.6,102386.1,102244.5,102289.9,261,1000,0
2025-10-23 12:00:00,102290.9,102557.1,102290.9,102557.1,189,1000,0
2025-10-23 12:10:00,102557.1,102594.1,102441.4,102594.1,148,1000,0
2025-10-23 12:20:00,102559.4,102598.5,102476.8,102546.2,246,1000,0
2025-10-23 12:30:00,102546.2,102609.3,102523.1,102595.4,209,1000,0
2025-10-23 12:40:00,102595.4,102667.8,102595.4,102618.1,186,1000,0
2025-10-23 12:50:00,102618.1,102728.0,102618.1,102719.8,197,1000,0
2025-10-23 13:00:00,102719.8,102866.7,102719.8,102863.8,263,1000,0
2025-10-23 13:10:00,102863.8,102964.2,102820.1,102901.5,193,1000,0
2025-10-23 13:20:00,102901.5,102942.9,102850.7,102883.7,171,1000,0
2025-10-23 13:30:00,102884.6,102933.6,102858.2,102933.2,156,1000,0
2025-10-23 13:40:00,102933.2,102989.1,102857.4,102902.8,133,1000,0
2025-10-23 13:50:00,102902.8,102935.7,102878.9,102888.6,126,1000,0
2025-10-23 14:00:00,102888.6,102940.3,102852.3,102940.3,112,1000,0
2025-10-23 14:10:00,102940.3,102941.7,102879.5,102879.5,168,1000,0
2025-10-23 14:20:00,102879.5,102913.0,102840.6,102841.5,189,1000,0
2025-10-23 14:30:00,102841.5,102862.5,102780.2,102820.7,148,1000,0
2025-10-23 14:40:00,102820.7,102899.7,102793.3,102839.4,133,1000,0
2025-10-23 14:50:00,102839.4,102906.8,102689.5,102697.4,210,1000,0
2025-10-23 15:00:00,102688.5,102738.9,102613.5,102706.1,235,1000,0
2025-10-23 15:10:00,102706.1,102725.5,102598.2,102598.9,226,1000,0
2025-10-23 15:20:00,102598.9,102598.9,102493.3,102516.6,212,1000,0
2025-10-23 15:30:00,102517.6,102609.6,102497.9,102605.5,242,1000,0
2025-10-23 15:40:00,102605.5,102663.4,102535.4,102631.4,238,1000,0
2025-10-23 15:50:00,102632.4,102798.6,102593.9,102756.6,132,1000,0
2025-10-23 16:00:00,102797.1,102855.8,102719.8,102830.0,170,1000,0
2025-10-23 16:10:00,102831.9,102870.5,102760.3,102826.1,237,1000,0
2025-10-23 16:20:00,102826.1,103172.8,102825.1,103153.6,248,1000,0
2025-10-23 16:30:00,103141.7,103142.6,102838.5,103106.7,264,1000,0
2025-10-23 16:40:00,103106.7,103245.9,103004.2,103176.6,188,1000,0
2025-10-23 16:50:00,103176.6,103327.6,103121.7,103192.9,178,1000,0
2025-10-23 17:00:00,103215.6,103287.8,103145.8,103215.7,173,1000,0
2025-10-23 17:10:00,103215.7,103227.6,103014.6,103053.1,158,1000,0
2025-10-23 17:20:00,103056.1,103249.7,103054.4,103218.2,189,1000,0
2025-10-23 17:30:00,103220.2,103304.2,103129.1,103244.8,203,1000,0
2025-10-23 17:40:00,103244.8,103353.9,103191.7,103346.9,200,1000,0
2025-10-23 17:50:00,103346.9,103401.7,103208.5,103315.4,198,1000,0
2025-10-23 18:00:00,103317.3,103440.0,103242.3,103254.2,200,1000,0
2025-10-23 18:10:00,103254.2,103425.4,103252.2,103421.5,213,1000,0
2025-10-23 18:20:00,103446.1,103446.1,103247.4,103321.7,277,1000,0
2025-10-24 09:30:00,103493.7,103567.9,103419.6,103456.2,79,1000,0
2025-10-24 09:40:00,103456.2,103620.5,103456.2,103620.5,35,2180,0
2025-10-24 09:50:00,103621.5,104013.2,103621.5,103832.3,133,1980,0
2025-10-24 10:00:00,103832.3,103867.4,103682.0,103750.4,261,1000,0
2025-10-24 10:10:00,103750.4,103751.4,103519.2,103524.1,197,1000,0
2025-10-24 10:20:00,103524.1,103561.3,103263.1,103281.3,224,1000,0
2025-10-24 10:30:00,103268.4,103309.9,103020.0,103102.8,206,1000,0
2025-10-24 10:40:00,103102.8,103132.5,102930.5,103014.8,190,1000,0
2025-10-24 10:50:00,103014.8,103014.8,102867.2,102952.0,191,1000,0
2025-10-24 11:00:00,102959.4,102986.0,102660.0,102698.7,270,1000,0
2025-10-24 11:10:00,102698.7,102698.7,102516.3,102634.0,241,1000,0
2025-10-24 11:20:00,102634.0,102699.9,102550.1,102638.5,166,1000,0
2025-10-24 11:30:00,102638.5,102714.9,102595.3,102629.3,215,1000,0
2025-10-24 11:40:00,102637.2,102654.6,102560.4,102652.7,177,1000,0
2025-10-24 11:50:00,102652.7,102674.5,102474.8,102492.8,285,1000,0
2025-10-24 12:00:00,102512.6,102581.1,102462.7,102543.5,279,1000,0
2025-10-24 12:10:00,102543.6,102625.6,102413.2,102430.3,324,1000,0
2025-10-24 12:20:00,102435.2,102517.1,102350.9,102472.2,372,1000,0
2025-10-24 12:30:00,102469.3,102689.3,102459.4,102644.8,306,1000,0
2025-10-24 12:40:00,102667.6,102667.6,102471.4,102491.6,179,1000,0
2025-10-24 12:50:00,102494.6,102581.1,102439.5,102547.3,166,1000,0
2025-10-24 13:00:00,102547.3,102560.8,102498.6,102546.2,168,1000,0
2025-10-24 13:10:00,102546.2,102592.5,102513.8,102537.2,154,1000,0
2025-10-24 13:20:00,102537.2,102565.6,102461.3,102519.5,171,1000,0
2025-10-24 13:30:00,102519.5,102532.4,102401.6,102451.7,163,1000,0
2025-10-24 13:40:00,102451.7,102451.7,102173.2,102230.6,198,1000,0
2025-10-24 13:50:00,102230.6,102350.3,102200.0,102317.7,175,1000,0
2025-10-24 14:00:00,102317.7,102387.6,102231.1,102332.0,189,1000,0
2025-10-24 14:10:00,102332.0,102396.9,102248.7,102270.7,141,1000,0
2025-10-24 14:20:00,102270.7,102314.7,102184.1,102209.5,130,1000,0
2025-10-24 14:30:00,102209.5,102250.9,102171.8,102230.5,116,1000,0
2025-10-24 14:40:00,102230.5,102282.1,102178.7,102247.7,192,1000,0
2025-10-24 14:50:00,102247.7,102361.9,102239.4,102320.3,139,1000,0
2025-10-24 15:00:00,102324.3,102445.5,102319.4,102444.9,150,1000,0
2025-10-24 15:10:00,102446.9,102496.7,102416.7,102472.1,101,1000,0
2025-10-24 15:20:00,102472.1,102507.8,102260.1,102261.1,174,1000,0
2025-10-24 15:30:00,102261.1,102901.3,102261.1,102565.6,257,1000,0
2025-10-24 15:40:00,102565.6,102654.3,102308.6,102338.2,179,1000,0
2025-10-24 15:50:00,102338.2,102387.8,102160.6,102224.4,177,1000,0
2025-10-24 16:00:00,102224.4,102459.2,102224.4,102459.2,180,1000,0
2025-10-24 16:10:00,102459.2,102758.9,102361.9,102696.7,147,1000,0
2025-10-24 16:20:00,102696.7,102860.9,102685.8,102746.7,191,1000,0
2025-10-24 16:30:00,102745.7,103058.8,102745.7,103005.4,302,1000,0
2025-10-24 16:40:00,103005.4,103159.9,102943.1,103109.5,229,1000,0
2025-10-24 16:50:00,103109.5,103256.4,103062.0,103111.0,248,1000,0
2025-10-24 17:00:00,103103.1,103104.1,102956.6,103011.8,199,1000,0
2025-10-24 17:10:00,103011.8,103239.4,103011.8,103100.5,222,1000,0
2025-10-24 17:20:00,103096.6,103162.0,103003.0,103130.0,205,1000,0
2025-10-24 17:30:00,103131.0,103240.2,103084.6,103159.3,219,1000,0
2025-10-24 17:40:00,103168.2,103245.9,103092.2,103104.5,310,1000,0
2025-10-24 17:50:00,103107.5,103111.4,102895.7,103072.0,205,1000,0
2025-10-24 18:00:00,103072.0,103089.9,102950.4,102995.0,121,1000,0
2025-10-24 18:10:00,102995.0,103175.0,102995.0,103098.0,138,1000,0
2025-10-24 18:20:00,103098.0,103196.1,103098.0,103195.1,94,1000,0
2025-10-27 09:30:00,103668.5,103987.3,103668.5,103888.3,63,1000,0
2025-10-27 09:40:00,103888.3,103988.4,103888.3,103907.3,36,2380,0
2025-10-27 09:50:00,103907.3,103907.3,103794.6,103815.4,36,1980,0
2025-10-27 10:00:00,103794.6,103874.2,103710.5,103717.5,105,1000,0
2025-10-27 10:10:00,103717.5,103722.5,103514.1,103514.4,153,1000,0
2025-10-27 10:20:00,103564.9,103643.1,103452.9,103467.4,170,1000,0
2025-10-27 10:30:00,103467.4,103483.0,103396.8,103425.1,81,1000,0
2025-10-27 10:40:00,103425.1,103502.3,103384.7,103472.5,144,1580,0
2025-10-27 10:50:00,103472.5,103534.9,103468.5,103486.4,112,1480,0
2025-10-27 11:00:00,103495.3,103564.0,103437.2,103437.3,265,1000,0
2025-10-27 11:10:00,103437.3,103474.2,103403.1,103446.9,190,1000,0
2025-10-27 11:20:00,103447.9,103456.7,103259.8,103260.9,188,1000,0
2025-10-27 11:30:00,103265.8,103441.9,103264.8,103320.6,242,1000,0
2025-10-27 11:40:00,103315.7,103336.4,102993.8,102999.7,183,1000,0
2025-10-27 11:50:00,102997.7,102997.7,102713.3,102751.8,186,1000,0
2025-10-27 12:00:00,102751.8,102901.6,102689.0,102703.5,201,1000,0
2025-10-27 12:10:00,102703.5,102750.8,102618.6,102653.7,115,1000,0
2025-10-27 12:20:00,102653.6,102697.6,102619.6,102658.6,155,1000,0
2025-10-27 12:30:00,102658.6,102723.4,102615.9,102700.5,187,1000,0
2025-10-27 12:40:00,102700.5,102700.5,102557.4,102557.4,112,1000,0
2025-10-27 12:50:00,102557.4,102621.1,102530.0,102539.3,130,1000,0
2025-10-27 13:00:00,102539.3,102637.3,102539.3,102597.4,139,1000,0
2025-10-27 13:10:00,102598.3,102606.4,102325.2,102578.3,182,1000,0
2025-10-27 13:20:00,102578.3,102599.2,102541.5,102578.8,127,1000,0
2025-10-27 13:30:00,102578.3,102602.1,102544.0,102570.2,169,1000,0
2025-10-27 13:40:00,102571.2,102594.3,102507.2,102546.7,155,1000,0
2025-10-27 13:50:00,102557.6,102595.2,102519.6,102549.6,97,1000,0
2025-10-27 14:00:00,102549.6,102582.3,102496.4,102499.1,127,1000,0
2025-10-27 14:10:00,102499.1,102504.1,102335.2,102339.2,130,1000,0
2025-10-27 14:20:00,102339.2,102339.2,102200.2,102256.8,183,1000,0
2025-10-27 14:30:00,102256.8,102316.5,102111.1,102123.9,114,1000,0
2025-10-27 14:40:00,102123.9,102160.0,102070.7,102082.4,121,1000,0
2025-10-27 14:50:00,102090.2,102090.2,101991.8,102046.2,143,1000,0
2025-10-27 15:00:00,102046.2,102169.2,102006.6,102124.8,72,1000,0
2025-10-27 15:10:00,102125.8,102264.1,102125.8,102195.8,135,1000,0
2025-10-27 15:20:00,102195.8,102235.0,102139.2,102139.2,104,1000,0
2025-10-27 15:30:00,102139.1,102158.9,102076.4,102123.7,157,1000,0
2025-10-27 15:40:00,102123.7,102228.1,102123.6,102211.5,141,1000,0
2025-10-27 15:50:00,102211.5,102299.0,102196.4,102208.3,217,1000,0
2025-10-27 16:00:00,102211.3,102327.0,102211.3,102279.7,124,1000,0
2025-10-27 16:10:00,102283.6,102294.1,102122.8,102122.8,124,1000,0
2025-10-27 16:20:00,102122.8,102136.8,101951.8,101973.7,169,1000,0
2025-10-27 16:30:00,101973.7,102121.1,101823.7,101907.9,245,1000,0
2025-10-27 16:40:00,101907.9,101910.6,101662.9,101665.0,178,1000,0
2025-10-27 16:50:00,101665.0,101791.5,101632.7,101736.1,126,1000,0
2025-10-27 17:00:00,101736.2,101765.0,101598.6,101639.0,165,1000,0
2025-10-27 17:10:00,101641.9,101648.3,101464.2,101491.8,261,1000,0
2025-10-27 17:20:00,101491.8,101547.3,101299.1,101483.5,228,1000,0
2025-10-27 17:30:00,101483.5,101543.8,101335.5,101413.6,212,1000,0
2025-10-27 17:40:00,101413.6,101516.7,101405.1,101420.1,161,1000,0
2025-10-27 17:50:00,101420.1,101513.7,101391.5,101509.3,185,1000,0
2025-10-27 18:00:00,101535.5,101545.9,101343.1,101415.5,174,1000,0
2025-10-27 18:10:00,101415.5,101612.5,101415.5,101563.0,90,1000,0
2025-10-27 18:20:00,101563.0,101575.5,101486.9,101528.5,97,1000,0
2025-10-28 09:30:00,101305.9,101411.8,101273.3,101298.1,96,1000,0
2025-10-28 09:40:00,101298.1,101307.0,100836.1,101075.6,123,1000,0
2025-10-28 09:50:00,101075.6,101256.8,101074.7,101187.6,128,1000,0
2025-10-28 10:00:00,101190.6,101325.6,100979.9,101031.4,243,1000,0
2025-10-28 10:10:00,101035.4,101082.9,100952.5,100955.6,220,1000,0
2025-10-28 10:20:00,100954.6,101063.2,100924.9,100985.2,336,1000,0
2025-10-28 10:30:00,100986.2,101347.3,100983.1,101245.3,362,1000,0
2025-10-28 10:40:00,101220.1,101385.5,101206.1,101331.4,309,1000,0
2025-10-28 10:50:00,101329.9,101476.6,101318.6,101390.2,219,1000,0
2025-10-28 11:00:00,101390.2,101629.7,101328.5,101629.1,329,1000,0
2025-10-28 11:10:00,101634.0,101696.4,101583.6,101607.1,364,1000,0
2025-10-28 11:20:00,101607.1,101763.9,101597.5,101695.5,234,1000,0
2025-10-28 11:30:00,101690.6,101781.8,101689.6,101726.1,302,1000,0
2025-10-28 11:40:00,101730.1,101895.3,101725.1,101895.3,227,1000,0
2025-10-28 11:50:00,101900.3,102005.8,101830.5,101836.8,274,1000,0
2025-10-28 12:00:00,101838.8,101897.6,101783.2,101891.8,327,1000,0
2025-10-28 12:10:00,101891.8,101986.2,101870.9,101961.0,262,1000,0
2025-10-28 12:20:00,101961.0,102012.7,101943.6,102009.3,209,1000,0
2025-10-28 12:30:00,102009.3,102384.5,102009.2,102172.4,282,1000,0
2025-10-28 12:40:00,102172.4,102249.8,102135.8,102145.2,216,1000,0
2025-10-28 12:50:00,102145.2,102208.9,102104.6,102115.0,226,1000,0
2025-10-28 13:00:00,102115.0,102128.0,101999.9,102030.4,260,1000,0
2025-10-28 13:10:00,102030.4,102037.3,101888.7,101948.4,219,1000,0
2025-10-28 13:20:00,101949.4,102011.8,101908.0,102010.9,192,1000,0
2025-10-28 13:30:00,102011.3,102204.8,101983.2,102204.8,285,1000,0
2025-10-28 13:40:00,102204.8,102247.3,102134.3,102219.8,217,1000,0
2025-10-28 13:50:00,102219.8,102280.0,102172.4,102212.9,178,1000,0
2025-10-28 14:00:00,102212.9,102246.0,102056.5,102062.7,227,1000,0
2025-10-28 14:10:00,102062.7,102066.2,101905.9,101943.8,178,1000,0
2025-10-28 14:20:00,101943.8,102005.6,101927.2,101996.3,110,1000,0
2025-10-28 14:30:00,101996.3,102116.3,101946.3,102039.4,100,1000,0
2025-10-28 14:40:00,102039.4,102180.2,102039.3,102180.2,105,1000,0
2025-10-28 14:50:00,102180.2,102326.2,102154.4,102248.7,137,1000,0
2025-10-28 15:00:00,102248.7,102409.8,102248.7,102396.5,154,1000,0
2025-10-28 15:10:00,102396.5,102453.8,102359.9,102384.1,126,1000,0
2025-10-28 15:20:00,102384.1,102425.6,102376.3,102385.0,151,1000,0
2025-10-28 15:30:00,102383.0,102470.4,102360.3,102373.6,196,1000,0
2025-10-28 15:40:00,102373.6,102398.8,102321.0,102344.9,203,1000,0
2025-10-28 15:50:00,102344.9,102446.8,102318.9,102446.8,200,1000,0
2025-10-28 16:00:00,102446.8,102618.5,102372.6,102422.1,346,1000,0
2025-10-28 16:10:00,102444.8,102523.5,102419.7,102506.9,168,1000,0
2025-10-28 16:20:00,102506.9,102534.2,102379.3,102382.0,152,1000,0
2025-10-28 16:30:00,102382.0,102613.2,102366.6,102401.6,227,1000,0
2025-10-28 16:40:00,102401.6,102609.9,102297.8,102609.9,293,1000,0
2025-10-28 16:50:00,102609.9,102664.2,102499.7,102553.0,197,1000,0
2025-10-28 17:00:00,102553.0,102700.7,102553.0,102614.5,218,1000,0
2025-10-28 17:10:00,102614.5,102629.6,102494.5,102494.5,202,1000,0
2025-10-28 17:20:00,102494.5,102597.1,102468.7,102597.1,191,1000,0
2025-10-28 17:30:00,102597.0,102625.5,102474.9,102483.7,169,1000,0
2025-10-28 17:40:00,102483.7,102511.6,102401.2,102481.2,243,1000,0
2025-10-28 17:50:00,102481.2,102541.7,102374.4,102518.0,255,1000,0
2025-10-28 18:00:00,102520.0,102642.1,102504.2,102514.2,135,1000,0
2025-10-28 18:10:00,102514.2,102557.8,102491.5,102518.3,113,1000,0
2025-10-28 18:20:00,102518.3,102635.6,102518.3,102608.5,134,1000,0
2025-10-29 09:30:00,102653.3,102905.7,102653.3,102774.1,113,1000,0
2025-10-29 09:40:00,102774.1,102832.6,102750.5,102765.4,33,1000,0
2025-10-29 09:50:00,102765.4,102815.9,102726.9,102760.6,48,1000,0
2025-10-29 10:00:00,102759.6,102966.8,102304.3,102486.5,229,1000,0
2025-10-29 10:10:00,102486.5,102524.1,102308.3,102336.4,256,1000,0
2025-10-29 10:20:00,102347.4,102419.9,102266.7,102372.8,300,1000,0
2025-10-29 10:30:00,102372.8,102373.2,102247.0,102348.5,243,1000,0
2025-10-29 10:40:00,102348.6,102584.8,102348.6,102486.4,330,1000,0
2025-10-29 10:50:00,102490.3,102532.5,102429.8,102429.8,295,1000,0
2025-10-29 11:00:00,102407.1,102804.4,102396.2,102803.7,211,1000,0
2025-10-29 11:10:00,102803.7,102949.5,102803.7,102949.5,212,1000,0
2025-10-29 11:20:00,102948.6,103031.0,102884.5,102981.9,205,1000,0
2025-10-29 11:30:00,102981.9,103098.4,102969.5,102994.8,158,1000,0
2025-10-29 11:40:00,102994.8,103104.3,102940.8,102993.6,137,1000,0
2025-10-29 11:50:00,102993.6,103058.6,102967.1,103015.6,138,1000,0
2025-10-29 12:00:00,103015.6,103136.9,102948.8,103136.9,184,1000,0
2025-10-29 12:10:00,103139.9,103279.3,103088.0,103215.5,148,1000,0
2025-10-29 12:20:00,103215.5,103322.8,103211.0,103295.1,195,1000,0
2025-10-29 12:30:00,103295.1,103311.8,103214.6,103244.3,164,1000,0
2025-10-29 12:40:00,103244.3,103654.6,103244.3,103654.6,235,1000,0
2025-10-29 12:50:00,103654.6,103661.2,103540.4,103561.2,142,1000,0
2025-10-29 13:00:00,103561.2,103738.7,103561.1,103642.8,152,1000,0
2025-10-29 13:10:00,103643.3,103762.0,103599.8,103762.0,123,1000,0
2025-10-29 13:20:00,103762.0,103918.4,103697.9,103907.8,322,1000,0
2025-10-29 13:30:00,103907.3,104091.3,103877.8,103985.7,316,1000,0
2025-10-29 13:40:00,103985.7,104017.7,103921.7,104000.0,86,1000,0
2025-10-29 13:50:00,104000.0,104202.3,103996.4,104096.3,180,1000,0
2025-10-29 14:00:00,104087.3,104128.2,104013.1,104083.1,113,1000,0
2025-10-29 14:10:00,104083.1,104094.8,103937.5,103937.6,72,1000,0
2025-10-29 14:20:00,103937.6,103974.4,103643.8,103648.8,282,1000,0
2025-10-29 14:30:00,103650.8,103811.5,103642.9,103732.7,153,1000,0
2025-10-29 14:40:00,103739.6,103819.5,103739.6,103788.5,121,1000,0
2025-10-29 14:50:00,103792.4,103823.2,103761.6,103782.2,116,1000,0
2025-10-29 15:00:00,103782.2,103798.5,103653.4,103789.1,228,1000,0
2025-10-29 15:10:00,103789.1,103861.6,103721.0,103823.6,356,1000,0
2025-10-29 15:20:00,103824.5,103886.8,103767.6,103804.1,265,1000,0
2025-10-29 15:30:00,103804.1,103844.1,103773.8,103782.9,143,1000,0
2025-10-29 15:40:00,103781.9,103899.2,103772.4,103855.6,239,1000,0
2025-10-29 15:50:00,103855.6,103936.2,103855.6,103899.9,183,1000,0
2025-10-29 16:00:00,103877.2,103904.0,103760.8,103854.7,290,1000,0
2025-10-29 16:10:00,103854.7,103855.7,103751.1,103813.0,234,1000,0
2025-10-29 16:20:00,103824.3,104116.1,103824.3,104116.1,223,1000,0
2025-10-29 16:30:00,104142.3,104142.3,103501.0,103504.0,176,1000,0
2025-10-29 16:40:00,103504.0,103536.5,103180.2,103308.1,242,1000,0
2025-10-29 16:50:00,103308.1,103381.0,103134.4,103140.4,219,1000,0
2025-10-29 17:00:00,103140.4,103291.3,103140.4,103267.6,291,1000,0
2025-10-29 17:10:00,103267.6,103288.5,103059.7,103191.0,302,1000,0
2025-10-29 17:20:00,103191.0,103333.7,103180.2,103195.4,265,1000,0
2025-10-29 17:30:00,103195.4,103282.7,103125.9,103140.8,237,1000,0
2025-10-29 17:40:00,103141.8,103171.6,102958.9,102982.9,240,1000,0
2025-10-29 17:50:00,102983.9,103074.1,102908.6,103022.7,149,1000,0
2025-10-29 18:00:00,103024.6,103152.4,103024.6,103094.1,152,1000,0
2025-10-29 18:10:00,103094.1,103097.1,103011.9,103022.4,111,1000,0
2025-10-29 18:20:00,103012.0,103012.0,102932.9,102948.8,108,1000,0
2025-10-30 09:30:00,102328.3,102532.5,102328.3,102435.3,126,1000,0
2025-10-30 09:40:00,102436.3,102471.0,102138.3,102249.5,103,1000,0
2025-10-30 09:50:00,102247.5,102337.8,102137.5,102333.8,99,1000,0
2025-10-30 10:00:00,102333.8,102448.8,102138.7,102310.2,361,1000,0
2025-10-30 10:10:00,102310.2,102547.2,102256.6,102448.0,372,1000,0
2025-10-30 10:20:00,102448.1,102663.9,102405.5,102589.7,463,1000,0
2025-10-30 10:30:00,102598.7,102655.3,102420.0,102476.0,285,1000,0
2025-10-30 10:40:00,102476.0,102506.9,102237.6,102472.8,361,1000,0
2025-10-30 10:50:00,102459.0,102520.3,102297.5,102417.2,309,1000,0
2025-10-30 11:00:00,102415.2,102504.3,102228.2,102299.1,489,1000,0
2025-10-30 11:10:00,102300.1,102450.1,102227.6,102435.2,494,1000,0
2025-10-30 11:20:00,102415.5,102585.4,102389.2,102540.9,428,1000,0
2025-10-30 11:30:00,102550.9,102570.0,102386.3,102478.2,454,1000,0
2025-10-30 11:40:00,102478.2,102484.5,102268.1,102268.2,431,1000,0
2025-10-30 11:50:00,102270.2,102310.9,102099.5,102101.6,260,1000,0
2025-10-30 12:00:00,102102.6,102387.9,102041.7,102387.8,510,1000,0
2025-10-30 12:10:00,102348.2,102528.4,102341.6,102463.5,545,1000,0
2025-10-30 12:20:00,102465.5,102482.5,102326.8,102471.9,375,1000,0
2025-10-30 12:30:00,102486.8,102559.6,102417.6,102533.4,316,1000,0
2025-10-30 12:40:00,102534.4,102534.4,102417.0,102460.3,277,1000,0
2025-10-30 12:50:00,102460.3,102604.1,102417.7,102585.7,313,1000,0
2025-10-30 13:00:00,102585.7,102739.3,102537.2,102594.6,321,1000,0
2025-10-30 13:10:00,102594.6,102607.9,102433.5,102454.6,394,1000,0
2025-10-30 13:20:00,102434.3,102462.1,102271.5,102347.5,433,1000,0
2025-10-30 13:30:00,102347.5,102395.1,102288.8,102317.8,376,1000,0
2025-10-30 13:40:00,102321.7,102421.9,102288.0,102340.8,230,1000,0
2025-10-30 13:50:00,102340.8,102411.1,102321.8,102343.1,236,1000,0
2025-10-30 14:00:00,102343.1,102343.1,102209.3,102218.8,231,1000,0
2025-10-30 14:10:00,102218.8,102285.0,102193.3,102194.2,251,1000,0
2025-10-30 14:20:00,102194.2,102258.2,102072.9,102091.8,351,1000,0
2025-10-30 14:30:00,102091.8,102184.7,102035.8,102143.9,331,1000,0
2025-10-30 14:40:00,102143.9,102247.5,102108.0,102246.0,375,1000,0
2025-10-30 14:50:00,102221.7,102234.6,102085.2,102085.2,189,1000,0
2025-10-30 15:00:00,102092.1,102158.5,102085.3,102144.9,179,1000,0
2025-10-30 15:10:00,102146.9,102170.4,102093.4,102093.4,158,1000,0
2025-10-30 15:20:00,102096.3,102233.6,102091.4,102199.3,220,1000,0
2025-10-30 15:30:00,102197.3,102268.3,102161.1,102205.9,337,1000,0
2025-10-30 15:40:00,102205.9,102231.4,102102.2,102194.4,284,1000,0
2025-10-30 15:50:00,102194.4,102249.2,102043.1,102043.1,222,1000,0
2025-10-30 16:00:00,102068.9,102094.5,101763.0,101824.8,262,1000,0
2025-10-30 16:10:00,101824.8,102013.9,101824.7,101934.4,238,1000,0
2025-10-30 16:20:00,101934.4,101985.6,101901.4,101947.5,208,1000,0
2025-10-30 16:30:00,101959.8,102081.6,101899.8,101980.2,324,1000,0
2025-10-30 16:40:00,101980.2,102257.5,101930.4,102208.8,207,1000,0
2025-10-30 16:50:00,102208.8,102276.0,102110.6,102127.3,270,1000,0
2025-10-30 17:00:00,102127.3,102261.8,102035.9,102208.3,264,1000,0
2025-10-30 17:10:00,102208.3,102313.2,102159.0,102294.1,341,1000,0
2025-10-30 17:20:00,102294.1,102394.8,102198.7,102320.9,236,1000,0
2025-10-30 17:30:00,102356.6,102485.1,102225.9,102311.1,299,1000,0
2025-10-30 17:40:00,102309.7,102387.2,102214.8,102265.4,297,1000,0
2025-10-30 17:50:00,102265.4,102372.5,102248.5,102338.8,229,1000,0
2025-10-30 18:00:00,102341.8,102417.2,102332.4,102406.4,125,1000,0
2025-10-30 18:10:00,102408.3,102434.1,102305.9,102341.1,149,1000,0
2025-10-30 18:20:00,102341.1,102411.5,102289.7,102341.7,101,1000,0
2025-10-31 09:30:00,101870.1,102513.3,101870.1,102355.8,69,1000,0
2025-10-31 09:40:00,102355.8,102386.6,102187.5,102280.6,83,2770,0
2025-10-31 09:50:00,102280.6,102322.4,102226.2,102322.4,37,1000,0
2025-10-31 10:00:00,102322.4,102556.7,102122.3,102169.9,178,1000,0
2025-10-31 10:10:00,102169.9,102231.4,101917.4,101919.4,213,1000,0
2025-10-31 10:20:00,101919.4,102074.8,101913.7,101978.2,125,1000,0
2025-10-31 10:30:00,101978.2,102110.9,101978.2,102109.3,94,1000,0
2025-10-31 10:40:00,102109.2,102134.9,101979.6,101981.7,155,1000,0
2025-10-31 10:50:00,101981.7,102121.7,101911.5,102059.9,230,1000,0
2025-10-31 11:00:00,102062.9,102206.1,101971.3,102040.2,392,1000,0
2025-10-31 11:10:00,102044.2,102107.7,101972.0,102052.0,196,1000,0
2025-10-31 11:20:00,102052.0,102284.7,102045.9,102259.0,229,1000,0
2025-10-31 11:30:00,102254.1,102279.1,102130.2,102213.5,190,1000,0
2025-10-31 11:40:00,102199.2,102245.2,102175.8,102245.2,126,1000,0
2025-10-31 11:50:00,102248.2,102359.3,102199.2,102359.2,211,1000,0
2025-10-31 12:00:00,102359.2,102542.4,102297.1,102383.9,324,1000,0
2025-10-31 12:10:00,102386.9,102470.9,102195.0,102251.6,238,1000,0
2025-10-31 12:20:00,102251.6,102310.6,102110.4,102117.6,165,1000,0
2025-10-31 12:30:00,102117.6,102217.3,102109.5,102109.5,90,1000,0
2025-10-31 12:40:00,102109.5,102245.9,102109.1,102176.0,117,1590,0
2025-10-31 12:50:00,102176.0,102269.4,102176.0,102220.1,82,1590,0
2025-10-31 13:00:00,102220.1,102377.5,102220.1,102347.5,159,1000,0
2025-10-31 13:10:00,102347.5,102394.0,102320.2,102394.0,130,1000,0
2025-10-31 13:20:00,102394.0,102455.5,102329.3,102392.6,121,1000,0
2025-10-31 13:30:00,102392.6,102465.9,102348.4,102404.7,119,1000,0
2025-10-31 13:40:00,102404.7,102426.6,102171.0,102176.2,113,1000,0
2025-10-31 13:50:00,102176.2,102289.8,102176.2,102197.2,93,1000,0
2025-10-31 14:00:00,102197.2,102425.3,102197.2,102407.4,149,1000,0
2025-10-31 14:10:00,102407.4,102429.8,102235.4,102238.5,151,1000,0
2025-10-31 14:20:00,102238.5,102260.0,102216.7,102260.0,57,2080,0
2025-10-31 14:30:00,102260.0,102267.8,102169.2,102236.4,95,1000,0
2025-10-31 14:40:00,102236.4,102313.6,102236.4,102255.7,162,1000,0
2025-10-31 14:50:00,102255.7,102409.4,102255.7,102355.0,182,1000,0
2025-10-31 15:00:00,102355.0,102357.0,102176.7,102188.1,124,1000,0
2025-10-31 15:10:00,102188.1,102342.8,102188.1,102342.8,128,1000,0
2025-10-31 15:20:00,102342.8,102368.5,102267.2,102274.8,101,1000,0
2025-10-31 15:30:00,102274.8,102403.4,102241.2,102403.4,213,1000,0
2025-10-31 15:40:00,102403.4,102497.8,102383.2,102461.3,135,1000,0
2025-10-31 15:50:00,102461.3,102461.3,102309.6,102332.2,89,1000,0
2025-10-31 16:00:00,102332.2,102400.3,102294.2,102294.2,87,1000,0
2025-10-31 16:10:00,102294.2,102316.4,102242.8,102293.9,85,1000,0
2025-10-31 16:20:00,102293.9,102307.0,102235.5,102240.5,59,1000,0
2025-10-31 16:30:00,102235.5,102235.5,102035.4,102042.3,147,1000,0
2025-10-31 16:40:00,102042.2,102069.1,101888.7,101977.2,190,1000,0
2025-10-31 16:50:00,101977.2,102011.7,101887.0,101968.2,281,1000,0
2025-10-31 17:00:00,101972.1,102139.3,101965.2,102050.9,196,1000,0
2025-10-31 17:10:00,102049.9,102121.7,102019.4,102121.7,103,1000,0
2025-10-31 17:20:00,102121.7,102179.1,101921.6,101948.8,200,1000,0
2025-10-31 17:30:00,101946.3,102089.4,101909.9,101995.7,176,1000,0
2025-10-31 17:40:00,101995.7,102072.6,101945.1,102072.5,170,1000,0
2025-10-31 17:50:00,102072.5,102103.3,101937.9,101983.5,183,1000,0
2025-10-31 18:00:00,101984.5,102030.1,101863.7,101931.1,162,1000,0
2025-10-31 18:10:00,101931.1,102035.2,101896.4,102032.8,148,1000,0
2025-10-31 18:20:00,102032.8,102065.0,101820.4,101820.4,143,1000,0
2025-11-03 08:30:00,101978.8,102241.1,101978.8,102215.9,85,1000,0
2025-11-03 08:40:00,102215.9,102291.2,102184.2,102264.6,58,1000,0
2025-11-03 08:50:00,102263.6,102271.6,102214.0,102245.9,42,1000,0
2025-11-03 09:00:00,102245.9,102499.7,102214.2,102314.4,131,1000,0
2025-11-03 09:10:00,102314.4,102349.1,102254.0,102277.8,97,1000,0
2025-11-03 09:20:00,102277.7,102345.8,102247.9,102288.1,150,1000,0
2025-11-03 09:30:00,102287.1,102324.8,102195.1,102306.6,175,1000,0
2025-11-03 09:40:00,102306.6,102355.3,102160.2,102174.9,181,1000,0
2025-11-03 09:50:00,102174.9,102293.4,102174.6,102194.4,129,1000,0
2025-11-03 10:00:00,102180.6,102299.8,102137.7,102139.7,239,1000,0
2025-11-03 10:10:00,102139.7,102191.4,102056.0,102105.9,198,1000,0
2025-11-03 10:20:00,102105.9,102236.7,102105.7,102236.7,235,1000,0
2025-11-03 10:30:00,102239.6,102317.5,102236.3,102262.5,219,1000,0
2025-11-03 10:40:00,102262.5,102353.5,102248.4,102349.7,218,1000,0
2025-11-03 10:50:00,102349.7,102409.4,102300.5,102386.3,193,1000,0
2025-11-03 11:00:00,102386.3,102615.3,102345.6,102547.8,176,1000,0
2025-11-03 11:10:00,102547.8,102579.4,102433.3,102461.8,178,1000,0
2025-11-03 11:20:00,102461.8,102490.0,102275.7,102287.5,232,1000,0
2025-11-03 11:30:00,102287.5,102295.1,102174.0,102180.8,192,1000,0
2025-11-03 11:40:00,102180.8,102180.8,101884.0,101946.2,278,1000,0
2025-11-03 11:50:00,101946.2,102083.7,101919.0,102031.2,174,1000,0
2025-11-03 12:00:00,102027.3,102072.2,102005.5,102023.6,238,1000,0
2025-11-03 12:10:00,102023.6,102072.9,101960.1,101964.0,163,1000,0
2025-11-03 12:20:00,101964.0,101986.9,101882.8,101985.4,193,1000,0
2025-11-03 12:30:00,101985.4,102005.4,101908.9,101974.6,170,1000,0
2025-11-03 12:40:00,101974.6,102005.8,101877.9,101899.8,181,1000,0
2025-11-03 12:50:00,101899.8,101918.1,101719.7,101719.7,193,1000,0
2025-11-03 13:00:00,101719.7,101735.8,101583.0,101655.0,183,1000,0
2025-11-03 13:10:00,101655.0,101708.8,101588.2,101684.0,167,1000,0
2025-11-03 13:20:00,101684.0,101803.7,101663.6,101757.0,112,1000,0
2025-11-03 13:30:00,101757.0,101841.8,101702.7,101754.0,124,1000,0
2025-11-03 13:40:00,101754.0,101825.8,101754.0,101775.1,103,1000,0
2025-11-03 13:50:00,101775.1,101795.6,101741.9,101766.5,99,1000,0
2025-11-03 14:00:00,101766.5,101810.1,101740.9,101810.0,103,1000,0
2025-11-03 14:10:00,101810.0,101829.5,101778.8,101813.3,126,1000,0
2025-11-03 14:20:00,101813.3,101864.1,101785.6,101820.9,107,1000,0
2025-11-03 14:30:00,101820.9,101844.1,101785.7,101790.8,106,1000,0
2025-11-03 14:40:00,101795.8,101873.5,101785.8,101833.9,87,1000,0
2025-11-03 14:50:00,101833.9,101840.7,101787.5,101790.3,93,1000,0
2025-11-03 15:00:00,101790.4,101824.9,101737.2,101737.4,115,1000,0
2025-11-03 15:10:00,101717.5,101750.3,101676.5,101680.5,100,1000,0
2025-11-03 15:20:00,101680.5,101810.5,101680.5,101717.3,127,1000,0
2025-11-03 15:30:00,101717.3,101755.4,101660.6,101668.4,211,1000,0
2025-11-03 15:40:00,101668.5,101699.4,101630.3,101636.6,144,1000,0
2025-11-03 15:50:00,101636.6,101708.4,101628.7,101688.3,108,1000,0
2025-11-03 16:00:00,101688.3,101766.4,101673.2,101714.1,218,1000,0
2025-11-03 16:10:00,101714.1,101767.4,101683.1,101716.7,127,1000,0
2025-11-03 16:20:00,101716.7,101720.2,101623.6,101623.6,158,1000,0
2025-11-03 16:30:00,101623.7,101623.7,101173.9,101416.0,359,1000,0
2025-11-03 16:40:00,101430.9,101583.2,101410.7,101521.6,230,1000,0
2025-11-03 16:50:00,101521.6,101737.2,101514.7,101733.8,202,1000,0
2025-11-03 17:00:00,101776.4,101778.4,101618.0,101698.3,144,1000,0
2025-11-03 17:10:00,101698.3,101753.8,101623.1,101670.7,141,1000,0
2025-11-03 17:20:00,101670.7,102116.8,101449.8,101674.8,100,1000,0
2025-11-04 08:30:00,100739.9,101062.0,100739.9,100864.9,84,1000,0
2025-11-04 08:40:00,100864.9,100929.5,100864.9,100929.5,34,2380,0
2025-11-04 08:50:00,100929.5,100967.1,100923.6,100960.3,46,2680,0
2025-11-04 09:00:00,100960.3,101013.9,100651.3,100670.1,213,1000,0
2025-11-04 09:10:00,100670.1,100752.8,100630.4,100709.1,142,1000,0
2025-11-04 09:20:00,100709.1,100788.5,100647.4,100734.6,159,1000,0
2025-11-04 09:30:00,100734.6,100792.4,100728.0,100739.8,128,1000,0
2025-11-04 09:40:00,100739.8,100739.8,100587.1,100647.2,175,1000,0
2025-11-04 09:50:00,100647.2,100865.4,100647.2,100808.1,199,1000,0
2025-11-04 10:00:00,100829.9,100839.9,100336.8,100347.0,249,1000,0
2025-11-04 10:10:00,100346.9,100429.3,100072.8,100176.6,310,1000,0
2025-11-04 10:20:00,100189.5,100233.2,100043.9,100085.7,356,1000,0
2025-11-04 10:30:00,100081.7,100131.0,99808.0,100059.2,428,1000,0
2025-11-04 10:40:00,100059.2,100207.1,99824.8,99837.7,315,1000,0
2025-11-04 10:50:00,99851.6,100094.4,99775.9,100050.0,296,1000,0
2025-11-04 11:00:00,100056.9,100148.2,99829.0,99844.4,268,1000,0
2025-11-04 11:10:00,99866.2,99925.5,99798.0,99850.9,265,1000,0
2025-11-04 11:20:00,99850.9,99850.9,99590.9,99670.5,262,1000,0
2025-11-04 11:30:00,99670.5,99853.2,99628.9,99751.4,311,1000,0
2025-11-04 11:40:00,99763.7,99812.2,99720.8,99789.5,264,1000,0
2025-11-04 11:50:00,99789.5,99802.3,99558.2,99612.1,202,1000,0
2025-11-04 12:00:00,99612.1,99612.1,99403.9,99465.4,291,1000,0
2025-11-04 12:10:00,99465.9,99491.8,99397.3,99481.8,259,1000,0
2025-11-04 12:20:00,99481.7,99572.7,99481.7,99539.7,238,1000,0
2025-11-04 12:30:00,99539.7,99596.9,99490.1,99594.5,243,1000,0
2025-11-04 12:40:00,99594.5,99603.7,99518.2,99523.8,237,1000,0
2025-11-04 12:50:00,99523.8,99617.0,99523.8,99613.6,179,1000,0
2025-11-04 13:00:00,99613.6,99805.1,99602.8,99777.5,213,1000,0
2025-11-04 13:10:00,99777.5,99909.6,99753.9,99892.5,158,1000,0
2025-11-04 13:20:00,99893.4,100041.7,99823.0,100037.5,198,1000,0
2025-11-04 13:30:00,100028.5,100104.1,100016.1,100057.8,229,1000,0
2025-11-04 13:40:00,100057.8,100120.0,100045.6,100119.6,69,1690,0
2025-11-04 13:50:00,100119.6,100256.7,100119.4,100188.6,171,1000,0
2025-11-04 14:00:00,100188.6,100230.8,100129.2,100187.0,121,1000,0
2025-11-04 14:10:00,100189.0,100201.7,100113.2,100172.4,84,1000,0
2025-11-04 14:20:00,100173.3,100198.3,100069.0,100176.5,140,1000,0
2025-11-04 14:30:00,100176.5,100198.4,100104.6,100129.1,104,1000,0
2025-11-04 14:40:00,100129.1,100220.6,100129.0,100159.7,142,1000,0
2025-11-04 14:50:00,100161.7,100177.0,100126.2,100150.6,124,1000,0
2025-11-04 15:00:00,100126.8,100126.8,100017.3,100060.4,191,1000,0
2025-11-04 15:10:00,100060.4,100141.8,100036.7,100088.6,134,1000,0
2025-11-04 15:20:00,100088.6,100137.5,99887.9,99897.8,211,1000,0
2025-11-04 15:30:00,99897.8,99929.2,99661.0,99662.0,227,1000,0
2025-11-04 15:40:00,99662.0,99816.3,99660.5,99685.3,237,1000,0
2025-11-04 15:50:00,99689.3,99720.9,99585.6,99632.3,189,1000,0
2025-11-04 16:00:00,99632.3,99680.0,99544.1,99595.0,217,1000,0
2025-11-04 16:10:00,99595.0,99742.9,99593.2,99710.3,138,1000,0
2025-11-04 16:20:00,99710.3,99916.9,99628.4,99900.4,219,1000,0
2025-11-04 16:30:00,99902.4,100036.0,99568.1,99613.3,313,1000,0
2025-11-04 16:40:00,99606.4,99840.9,99574.7,99826.0,262,1000,0
2025-11-04 16:50:00,99832.9,100183.8,99827.0,100096.7,282,1000,0
2025-11-04 17:00:00,100106.6,100169.0,99803.5,99809.9,308,1000,0
2025-11-04 17:10:00,99808.9,99953.2,99782.7,99900.8,292,1000,0
2025-11-04 17:20:00,99900.8,100052.5,99899.7,100018.8,136,1000,0
2025-11-05 08:30:00,100045.1,100138.3,99742.8,99769.7,151,1000,0
2025-11-05 08:40:00,99757.8,99765.8,99561.7,99586.5,131,1000,0
2025-11-05 08:50:00,99591.5,99670.8,99366.6,99432.1,135,1000,0
2025-11-05 09:00:00,99431.1,99645.3,99431.1,99619.5,418,1000,0
2025-11-05 09:10:00,99619.5,99651.2,99459.0,99632.4,304,1000,0
2025-11-05 09:20:00,99638.3,99828.8,99560.2,99828.8,359,1000,0
2025-11-05 09:30:00,99827.8,99997.7,99794.1,99947.3,238,1000,0
2025-11-05 09:40:00,99947.3,99989.6,99878.1,99979.8,133,1000,0
2025-11-05 09:50:00,99979.8,100299.1,99979.8,100299.1,170,1000,0
2025-11-05 10:00:00,100300.1,100489.9,100104.6,100411.5,359,1000,0
2025-11-05 10:10:00,100411.6,100600.2,100411.6,100501.3,316,1000,0
2025-11-05 10:20:00,100501.3,100515.3,100340.0,100510.3,310,1000,0
2025-11-05 10:30:00,100515.2,100587.6,100453.8,100522.8,310,1000,0
2025-11-05 10:40:00,100527.7,100792.3,100527.7,100751.9,326,1000,0
2025-11-05 10:50:00,100751.9,100957.3,100751.9,100950.9,310,1000,0
2025-11-05 11:00:00,100951.9,100953.0,100538.4,100653.2,283,1000,0
2025-11-05 11:10:00,100653.2,100655.7,100423.0,100425.9,262,1000,0
2025-11-05 11:20:00,100423.4,100466.1,100302.1,100332.8,273,1000,0
2025-11-05 11:30:00,100332.8,100332.8,100157.5,100262.7,324,1000,0
2025-11-05 11:40:00,100262.7,100402.6,100213.9,100397.6,425,1000,0
2025-11-05 11:50:00,100399.6,100420.6,100152.9,100167.6,310,1000,0
2025-11-05 12:00:00,100167.6,100167.6,99981.5,100042.8,333,1000,0
2025-11-05 12:10:00,100042.3,100128.6,99983.2,100111.0,279,1000,0
2025-11-05 12:20:00,100111.0,100414.2,100109.4,100398.5,264,1000,0
2025-11-05 12:30:00,100398.5,100540.0,100340.5,100412.2,237,1000,0
2025-11-05 12:40:00,100412.2,100523.4,100397.8,100507.3,206,1000,0
2025-11-05 12:50:00,100507.3,100507.4,100306.3,100317.5,226,1000,0
2025-11-05 13:00:00,100317.6,100341.5,100187.6,100204.6,254,1000,0
2025-11-05 13:10:00,100204.6,100219.5,100067.9,100193.6,279,1000,0
2025-11-05 13:20:00,100194.5,100222.3,99984.1,99985.1,157,1000,0
2025-11-05 13:30:00,99985.1,100164.4,99982.3,100155.3,268,1000,0
2025-11-05 13:40:00,100155.3,100225.4,100037.9,100200.6,230,1000,0
2025-11-05 13:50:00,100200.5,100241.7,100181.8,100240.7,242,1000,0
2025-11-05 14:00:00,100230.8,100575.1,100226.8,100556.1,212,1000,0
2025-11-05 14:10:00,100556.1,100598.5,100470.4,100517.9,132,1000,0
2025-11-05 14:20:00,100518.9,100598.1,100464.7,100505.5,119,1000,0
2025-11-05 14:30:00,100505.5,100591.5,100468.6,100547.6,114,1000,0
2025-11-05 14:40:00,100547.6,100636.0,100547.6,100602.6,120,1000,0
2025-11-05 14:50:00,100603.6,100912.8,100599.7,100893.2,134,1000,0
2025-11-05 15:00:00,100893.2,100898.2,100606.7,100756.2,193,1000,0
2025-11-05 15:10:00,100765.1,100902.2,100726.4,100884.3,149,1000,0
2025-11-05 15:20:00,100884.3,101015.4,100884.3,101002.5,130,1000,0
2025-11-05 15:30:00,101003.5,101157.4,100968.6,101116.6,204,1000,0
2025-11-05 15:40:00,101118.6,101240.7,101093.4,101189.5,196,1000,0
2025-11-05 15:50:00,101190.5,101303.4,101151.6,101160.1,147,1000,0
2025-11-05 16:00:00,101160.1,101362.1,101078.8,101343.5,219,1000,0
2025-11-05 16:10:00,101343.5,101438.5,101286.0,101287.1,153,1000,0
2025-11-05 16:20:00,101287.1,101296.2,101210.2,101211.2,112,1000,0
2025-11-05 16:30:00,101211.2,101236.3,101080.5,101221.6,195,1000,0
2025-11-05 16:40:00,101221.6,101243.3,101112.3,101209.2,233,1000,0
2025-11-05 16:50:00,101209.2,101500.8,101209.2,101474.1,204,1000,0
2025-11-05 17:00:00,101474.1,101527.7,101227.2,101450.4,329,1000,0
2025-11-05 17:10:00,101450.4,101635.9,101297.8,101548.7,295,1000,0
2025-11-05 17:20:00,101548.7,101683.7,101391.1,101683.7,114,1000,0
2025-11-06 08:30:00,101694.9,102007.3,101694.9,101878.5,129,1000,0
2025-11-06 08:40:00,101881.5,102032.3,101881.5,101950.1,119,2180,0
2025-11-06 08:50:00,101950.1,101968.1,101865.8,101966.1,64,1000,0
2025-11-06 09:00:00,101966.1,102058.4,101718.2,101993.0,396,1000,0
2025-11-06 09:10:00,101941.4,102031.4,101831.4,101984.9,540,1000,0
2025-11-06 09:20:00,101985.9,102224.7,101942.1,102138.3,410,1000,0
2025-11-06 09:30:00,102138.4,102264.7,102074.4,102209.9,313,1000,0
2025-11-06 09:40:00,102179.2,102241.0,101854.9,101858.1,485,1000,0
2025-11-06 09:50:00,101871.0,101991.8,101743.3,101991.8,410,1000,0
2025-11-06 10:00:00,102002.7,102226.0,101847.0,102207.9,714,1000,0
2025-11-06 10:10:00,102191.1,102230.3,102110.8,102192.9,517,1000,0
2025-11-06 10:20:00,102192.9,102227.1,102019.9,102115.9,418,1000,0
2025-11-06 10:30:00,102118.9,102178.4,101890.0,101975.8,431,1000,0
2025-11-06 10:40:00,101975.8,101988.7,101792.3,101899.2,455,1000,0
2025-11-06 10:50:00,101899.2,101920.3,101774.4,101865.2,363,1000,0
2025-11-06 11:00:00,101865.2,102063.5,101835.6,102013.8,333,1000,0
2025-11-06 11:10:00,102015.4,102064.8,101960.9,102019.6,361,1000,0
2025-11-06 11:20:00,102022.1,102042.6,101898.4,101962.1,308,1000,0
2025-11-06 11:30:00,101963.1,101980.3,101860.0,101953.6,326,1000,0
2025-11-06 11:40:00,101953.6,101953.6,101794.0,101832.0,265,1000,0
2025-11-06 11:50:00,101832.0,101833.0,101556.7,101639.5,430,1000,0
2025-11-06 12:00:00,101639.5,101712.5,101484.6,101690.4,438,1000,0
2025-11-06 12:10:00,101690.4,101846.9,101650.2,101821.6,413,1000,0
2025-11-06 12:20:00,101821.6,101858.2,101639.9,101691.0,268,1000,0
2025-11-06 12:30:00,101691.0,101755.8,101602.0,101671.9,375,1000,0
2025-11-06 12:40:00,101671.9,101714.9,101649.3,101672.3,158,1000,0
2025-11-06 12:50:00,101672.3,101755.8,101648.2,101712.8,244,1000,0
2025-11-06 13:00:00,101715.7,102084.3,101715.7,102067.1,363,1000,0
2025-11-06 13:10:00,102081.9,102084.8,101971.5,102082.8,227,1000,0
2025-11-06 13:20:00,102088.8,102173.0,102008.3,102075.7,238,1000,0
2025-11-06 13:30:00,102075.7,102090.9,101982.4,102054.7,268,1000,0
2025-11-06 13:40:00,102054.7,102164.3,102025.9,102099.6,249,1000,0
2025-11-06 13:50:00,102099.1,102142.6,101991.1,102112.9,263,1000,0
2025-11-06 14:00:00,102112.9,102222.1,102083.1,102147.9,247,1000,0
2025-11-06 14:10:00,102147.9,102242.0,102096.6,102150.6,274,1000,0
2025-11-06 14:20:00,102150.6,102153.1,101889.7,102018.8,213,1000,0
2025-11-06 14:30:00,102018.8,102201.1,101987.1,102125.3,223,1000,0
2025-11-06 14:40:00,102124.8,102210.2,102026.5,102191.6,278,1000,0
2025-11-06 14:50:00,102191.6,102280.1,102138.0,102251.2,187,1000,0
2025-11-06 15:00:00,102247.2,102352.1,102230.7,102350.1,303,1000,0
2025-11-06 15:10:00,102350.1,102468.8,102307.8,102437.3,419,1000,0
2025-11-06 15:20:00,102437.4,102503.4,102378.5,102455.6,299,1000,0
2025-11-06 15:30:00,102457.6,102679.1,102437.1,102665.2,392,1000,0
2025-11-06 15:40:00,102676.0,102770.7,102634.4,102697.1,346,1000,0
2025-11-06 15:50:00,102697.1,102767.7,102605.8,102642.7,324,1000,0
2025-11-06 16:00:00,102642.7,102804.1,102605.3,102673.4,299,1000,0
2025-11-06 16:10:00,102685.2,102713.7,102575.1,102650.1,343,1000,0
2025-11-06 16:20:00,102649.0,102681.0,102490.2,102521.7,429,1000,0
2025-11-06 16:30:00,102521.7,102973.0,102498.9,102848.1,378,1000,0
2025-11-06 16:40:00,102848.1,102899.2,102679.6,102776.6,379,1000,0
2025-11-06 16:50:00,102777.5,102804.3,102614.9,102732.1,312,1000,0
2025-11-06 17:00:00,102752.9,102778.7,102250.1,102399.9,409,1000,0
2025-11-06 17:10:00,102393.0,102558.6,102295.8,102367.3,337,1000,0
2025-11-06 17:20:00,102367.3,102429.8,102338.7,102348.6,146,1000,0
2025-11-07 08:30:00,102131.6,102234.1,102031.4,102124.1,70,1000,0
2025-11-07 08:40:00,102124.1,102124.1,102032.9,102058.7,36,1000,0
2025-11-07 08:50:00,102058.7,102121.3,102058.7,102081.7,33,1000,0
2025-11-07 09:00:00,102081.7,102090.6,101828.6,101833.5,218,1000,0
2025-11-07 09:10:00,101835.0,101875.2,101750.3,101864.0,318,1000,0
2025-11-07 09:20:00,101864.0,101917.8,101520.6,101593.9,360,1000,0
2025-11-07 09:30:00,101593.9,101683.8,101456.6,101485.3,414,1000,0
2025-11-07 09:40:00,101485.3,101764.7,101457.3,101583.7,332,1000,0
2025-11-07 09:50:00,101583.7,101908.7,101583.6,101896.3,353,1000,0
2025-11-07 10:00:00,101896.3,101965.8,101638.3,101800.8,527,1000,0
2025-11-07 10:10:00,101805.8,101872.5,101683.9,101789.6,753,1000,0
2025-11-07 10:20:00,101789.6,101825.6,101485.1,101508.6,596,1000,0
2025-11-07 10:30:00,101509.1,101629.8,101372.6,101629.8,501,1000,0
2025-11-07 10:40:00,101630.8,101790.6,101602.1,101779.6,477,1000,0
2025-11-07 10:50:00,101779.6,101894.9,101675.6,101890.0,335,1000,0
2025-11-07 11:00:00,101887.0,101887.0,101578.7,101665.9,435,1000,0
2025-11-07 11:10:00,101665.9,101756.9,101614.8,101743.6,388,1000,0
2025-11-07 11:20:00,101743.6,101765.5,101583.3,101632.7,339,1000,0
2025-11-07 11:30:00,101632.7,101762.8,101593.0,101628.5,431,1000,0
2025-11-07 11:40:00,101597.8,101688.1,101477.4,101490.8,432,1000,0
2025-11-07 11:50:00,101490.8,101597.0,101480.1,101550.3,470,1000,0
2025-11-07 12:00:00,101539.9,101701.9,101478.6,101701.9,397,1000,0
2025-11-07 12:10:00,101702.9,101747.5,101593.9,101608.3,420,1000,0
2025-11-07 12:20:00,101608.3,101651.5,101532.5,101596.5,364,1000,0
2025-11-07 12:30:00,101596.5,101629.9,101525.0,101584.4,224,1000,0
2025-11-07 12:40:00,101584.4,101596.7,101454.7,101485.3,207,1000,0
2025-11-07 12:50:00,101485.3,101593.1,101447.7,101566.2,287,1000,0
2025-11-07 13:00:00,101567.2,101569.2,101318.8,101333.2,344,1000,0
2025-11-07 13:10:00,101334.2,101472.0,101304.7,101402.2,492,1000,0
2025-11-07 13:20:00,101400.2,101438.7,101206.0,101222.9,341,1000,0
2025-11-07 13:30:00,101223.9,101235.4,101089.2,101144.8,441,1000,0
2025-11-07 13:40:00,101144.8,101262.9,101089.2,101156.4,247,1000,0
2025-11-07 13:50:00,101156.4,101322.8,101156.4,101266.3,361,1000,0
2025-11-07 14:00:00,101265.3,101507.4,101238.6,101350.2,370,1000,0
2025-11-07 14:10:00,101350.2,101367.7,101254.2,101342.6,278,1000,0
2025-11-07 14:20:00,101344.7,101410.5,101257.6,101286.5,430,1000,0
2025-11-07 14:30:00,101286.5,101288.5,101041.6,101073.4,365,1000,0
2025-11-07 14:40:00,101079.4,101104.2,100943.4,100976.2,398,1000,0
2025-11-07 14:50:00,100976.2,101027.5,100679.8,101020.0,280,1000,0
2025-11-07 15:00:00,101021.0,101123.0,100858.2,101077.4,254,1000,0
2025-11-07 15:10:00,101077.4,101393.5,101035.9,101360.2,302,1000,0
2025-11-07 15:20:00,101364.1,101689.0,101339.7,101599.3,246,1000,0
2025-11-07 15:30:00,101599.3,101678.0,101417.3,101418.3,178,1000,0
2025-11-07 15:40:00,101418.3,101521.4,101372.2,101445.0,229,1000,0
2025-11-07 15:50:00,101445.0,101514.7,101296.1,101309.0,258,1000,0
2025-11-07 16:00:00,101309.0,101369.3,101224.3,101245.2,173,1000,0
2025-11-07 16:10:00,101245.2,101383.3,101207.9,101341.7,180,1000,0
2025-11-07 16:20:00,101341.7,101391.6,101101.6,101109.7,264,1000,0
2025-11-07 16:30:00,101112.7,101191.7,100942.8,100945.6,246,1000,0
2025-11-07 16:40:00,100949.6,101350.4,100879.9,101255.3,224,1000,0
2025-11-07 16:50:00,101255.3,101378.0,101211.7,101327.9,223,1000,0
2025-11-07 17:00:00,101321.9,101375.7,101197.9,101363.8,153,1000,0
2025-11-07 17:10:00,101363.8,101447.2,101277.5,101383.7,174,1000,0
2025-11-07 17:20:00,101383.7,101626.0,101383.7,101484.1,157,1000,0
2025-11-10 08:30:00,102619.6,103130.1,102619.6,103128.1,178,1000,0
2025-11-10 08:40:00,103128.1,103181.7,102991.1,103044.8,83,1000,0
2025-11-10 08:50:00,103044.8,103113.4,102974.4,102985.4,66,1000,0
2025-11-10 09:00:00,102985.4,103537.5,102985.4,103429.3,268,1000,0
2025-11-10 09:10:00,103429.3,103855.2,103406.5,103742.2,314,1000,0
2025-11-10 09:20:00,103743.2,103744.2,103493.2,103507.4,210,1000,0
2025-11-10 09:30:00,103507.4,103670.9,103470.0,103554.8,229,1000,0
2025-11-10 09:40:00,103554.8,103704.7,103537.3,103579.9,166,1000,0
2025-11-10 09:50:00,103580.9,103603.1,103392.2,103392.2,161,1000,0
2025-11-10 10:00:00,103392.1,103554.6,103392.1,103536.0,256,1000,0
2025-11-10 10:10:00,103537.0,103562.8,103212.4,103230.8,233,1000,0
2025-11-10 10:20:00,103230.8,103293.7,103195.9,103243.6,160,1000,0
2025-11-10 10:30:00,103243.6,103442.7,103243.6,103405.7,137,1000,0
2025-11-10 10:40:00,103405.7,103568.6,103405.7,103505.9,111,1000,0
2025-11-10 10:50:00,103505.9,103677.7,103505.9,103677.6,60,1690,0
2025-11-10 11:00:00,103677.6,103690.3,103500.0,103501.7,123,1000,0
2025-11-10 11:10:00,103502.7,103559.2,103411.6,103559.2,129,1000,0
2025-11-10 11:20:00,103559.2,103622.9,103496.1,103622.6,111,1000,0
2025-11-10 11:30:00,103622.6,103657.9,103528.4,103573.5,146,1000,0
2025-11-10 11:40:00,103573.5,103609.2,103448.7,103451.7,129,1000,0
2025-11-10 11:50:00,103451.7,103583.5,103451.7,103583.5,164,1000,0
2025-11-10 12:00:00,103583.5,103721.2,103583.5,103661.3,178,1000,0
2025-11-10 12:10:00,103661.3,103758.6,103661.3,103735.6,131,1000,0
2025-11-10 12:20:00,103735.6,103778.4,103685.5,103712.8,86,1000,0
2025-11-10 12:30:00,103712.7,103787.6,103693.5,103740.7,117,1000,0
2025-11-10 12:40:00,103740.7,103764.5,103668.5,103669.5,114,1000,0
2025-11-10 12:50:00,103669.5,103771.4,103611.0,103740.8,175,1000,0
2025-11-10 13:00:00,103740.8,103817.2,103674.7,103692.3,116,1000,0
2025-11-10 13:10:00,103692.3,103742.7,103648.0,103652.2,98,1000,0
2025-11-10 13:20:00,103652.2,103727.6,103652.2,103714.9,96,1000,0
2025-11-10 13:30:00,103714.9,103786.2,103680.2,103750.9,77,1000,0
2025-11-10 13:40:00,103751.9,103820.8,103747.0,103820.8,82,1000,0
2025-11-10 13:50:00,103820.8,103837.1,103760.5,103803.8,99,1000,0
2025-11-10 14:00:00,103803.8,103803.8,103707.6,103709.6,90,1000,0
2025-11-10 14:10:00,103709.6,103766.0,103684.0,103692.3,98,1000,0
2025-11-10 14:20:00,103692.3,103790.9,103684.3,103686.3,64,1000,0
2025-11-10 14:30:00,103686.3,103741.4,103681.1,103701.7,94,1000,0
2025-11-10 14:40:00,103701.7,103781.7,103653.6,103656.2,133,1000,0
2025-11-10 14:50:00,103656.2,103698.6,103592.6,103599.5,128,1000,0
2025-11-10 15:00:00,103599.5,103680.7,103599.5,103624.2,110,1000,0
2025-11-10 15:10:00,103624.1,103644.1,103586.5,103613.3,127,1000,0
2025-11-10 15:20:00,103613.3,103669.5,103572.7,103627.4,131,1000,0
2025-11-10 15:30:00,103629.4,103693.9,103520.6,103556.5,129,1000,0
