time,open,high,low,close,tick_volume,spread,real_volume
2024-11-11 00:00:00,6009.0,6011.2,6002.5,6010.2,1276,50,0
2024-11-11 02:00:00,6010.2,6011.0,6004.2,6008.2,1672,50,0
2024-11-11 04:00:00,6008.1,6008.5,6005.1,6007.0,840,50,0
2024-11-11 06:00:00,6007.0,6011.2,6007.0,6009.2,669,50,0
2024-11-11 08:00:00,6009.5,6013.1,6008.5,6012.9,900,50,0
2024-11-11 10:00:00,6012.8,6018.1,6012.1,6014.6,2258,50,0
2024-11-11 12:00:00,6014.9,6016.4,6012.6,6016.1,1343,50,0
2024-11-11 14:00:00,6016.4,6026.6,6014.4,6015.6,1802,50,0
2024-11-11 16:00:00,6015.9,6018.5,6002.5,6014.3,7597,30,0
2024-11-11 18:00:00,6014.5,6017.0,5999.8,5999.8,5930,30,0
2024-11-11 20:00:00,5999.5,6003.8,5987.3,6000.8,5390,30,0
2024-11-11 22:00:00,6000.8,6007.0,5997.5,6001.1,3099,30,0
2024-11-12 00:00:00,5999.5,6001.5,5998.5,6001.3,640,50,0
2024-11-12 02:00:00,6001.0,6005.8,5996.0,6001.5,2243,50,0
2024-11-12 04:00:00,6001.5,6004.0,5995.5,5997.5,1532,50,0
2024-11-12 06:00:00,5997.8,6000.5,5995.8,5996.8,1123,50,0
2024-11-12 08:00:00,5996.5,6000.3,5994.5,6000.0,1612,50,0
2024-11-12 10:00:00,5999.8,6005.0,5993.5,5994.0,3224,50,0
2024-11-12 12:00:00,5993.9,5997.3,5985.5,5994.8,3535,50,0
2024-11-12 14:00:00,5994.5,6004.5,5994.3,6004.0,3310,50,0
2024-11-12 16:00:00,6003.8,6009.9,5988.8,5988.8,8202,30,0
2024-11-12 18:00:00,5989.0,5992.5,5962.0,5963.3,7896,30,0
2024-11-12 20:00:00,5963.5,6000.8,5960.0,5997.0,6710,30,0
2024-11-12 22:00:00,5996.8,5999.0,5982.0,5986.4,3803,30,0
2024-11-13 00:00:00,5985.4,5985.5,5977.9,5981.9,1166,50,0
2024-11-13 02:00:00,5981.9,5982.3,5976.2,5978.2,2155,50,0
2024-11-13 04:00:00,5978.3,5981.4,5975.9,5977.4,1263,50,0
2024-11-13 06:00:00,5977.4,5978.2,5971.9,5972.4,1253,50,0
2024-11-13 08:00:00,5972.2,5973.7,5965.9,5970.9,2034,50,0
2024-11-13 10:00:00,5971.2,5982.4,5969.3,5981.3,2975,50,0
2024-11-13 12:00:00,5981.4,5982.9,5969.4,5969.7,1995,50,0
2024-11-13 14:00:00,5969.9,6003.2,5968.2,5986.7,6304,50,0
2024-11-13 16:00:00,5986.4,5993.4,5965.5,5987.7,15918,30,0
2024-11-13 18:00:00,5988.0,6008.2,5982.7,6007.7,9846,30,0
2024-11-13 20:00:00,6007.7,6008.5,5987.0,5988.7,7154,30,0
2024-11-13 22:00:00,5988.5,6001.7,5981.7,5992.1,5929,30,0
2024-11-14 00:00:00,5991.9,5995.9,5989.3,5993.9,710,50,0
2024-11-14 02:00:00,5994.0,5995.2,5986.9,5986.9,2023,50,0
2024-11-14 04:00:00,5986.9,5987.3,5982.9,5984.7,1492,50,0
2024-11-14 06:00:00,5984.5,5989.2,5979.8,5983.7,1428,50,0
2024-11-14 08:00:00,5983.4,5988.4,5977.9,5987.7,1979,50,0
2024-11-14 10:00:00,5987.4,5998.2,5986.4,5991.9,4361,50,0
2024-11-14 12:00:00,5991.7,5997.9,5991.2,5997.4,2995,50,0
2024-11-14 14:00:00,5997.2,5998.4,5982.7,5987.4,4554,50,0
2024-11-14 16:00:00,5987.7,5994.0,5966.4,5977.4,13038,30,0
2024-11-14 18:00:00,5977.1,5985.1,5953.4,5966.1,10282,30,0
2024-11-14 20:00:00,5965.9,5973.4,5953.1,5968.4,8456,30,0
2024-11-14 22:00:00,5968.2,5968.4,5937.5,5946.3,10031,30,0
2024-11-15 00:00:00,5944.8,5945.3,5938.1,5940.8,1263,50,0
2024-11-15 02:00:00,5940.6,5941.6,5928.8,5930.0,3168,50,0
2024-11-15 04:00:00,5929.8,5936.3,5928.6,5932.8,1940,50,0
2024-11-15 06:00:00,5932.7,5936.6,5929.1,5929.8,1543,50,0
2024-11-15 08:00:00,5929.6,5929.8,5914.8,5915.3,3569,50,0
2024-11-15 10:00:00,5915.3,5918.6,5905.0,5913.1,4924,50,0
2024-11-15 12:00:00,5913.1,5920.6,5910.4,5919.4,1965,50,0
2024-11-15 14:00:00,5919.6,5926.6,5915.4,5917.1,4162,50,0
2024-11-15 16:00:00,5917.4,5918.9,5874.0,5878.0,14757,30,0
2024-11-15 18:00:00,5877.7,5887.7,5859.7,5867.9,12273,30,0
2024-11-15 20:00:00,5867.9,5871.4,5851.7,5863.2,9700,30,0
2024-11-15 22:00:00,5862.9,5879.8,5861.4,5874.6,6302,30,0
2024-11-18 00:00:00,5870.5,5878.9,5866.6,5878.9,1674,50,0
2024-11-18 02:00:00,5879.1,5888.6,5877.6,5886.4,2242,50,0
2024-11-18 04:00:00,5886.1,5887.6,5883.4,5885.6,1384,50,0
2024-11-18 06:00:00,5885.9,5889.9,5884.9,5887.1,1074,50,0
2024-11-18 08:00:00,5886.9,5890.1,5874.1,5878.1,1974,50,0
2024-11-18 10:00:00,5878.4,5883.1,5869.1,5871.6,7019,50,0
2024-11-18 12:00:00,5871.9,5878.9,5870.1,5873.4,3299,50,0
2024-11-18 14:00:00,5873.4,5878.4,5861.0,5874.6,4318,50,0
2024-11-18 16:00:00,5874.4,5895.8,5865.7,5894.8,10278,30,0
2024-11-18 18:00:00,5894.8,5907.9,5889.9,5899.1,7176,30,0
2024-11-18 20:00:00,5899.1,5899.4,5882.6,5893.8,6575,30,0
2024-11-18 22:00:00,5893.9,5897.1,5888.4,5893.8,3362,30,0
2024-11-19 00:00:00,5894.8,5894.8,5888.3,5891.9,744,50,0
2024-11-19 02:00:00,5891.8,5898.0,5889.3,5895.8,2075,50,0
2024-11-19 04:00:00,5895.9,5906.5,5893.5,5904.8,1751,50,0
2024-11-19 06:00:00,5904.9,5909.0,5901.8,5903.3,1324,50,0
2024-11-19 08:00:00,5903.5,5904.8,5897.8,5902.3,1604,50,0
2024-11-19 10:00:00,5902.1,5906.3,5857.5,5865.3,13180,50,0
2024-11-19 12:00:00,5865.0,5875.5,5862.9,5872.1,8169,50,0
2024-11-19 14:00:00,5871.9,5883.6,5836.6,5837.6,6927,50,0
2024-11-19 16:00:00,5837.6,5893.3,5830.6,5889.3,17938,30,0
2024-11-19 18:00:00,5889.3,5908.2,5888.6,5904.7,8695,30,0
2024-11-19 20:00:00,5904.4,5923.5,5900.5,5908.6,6722,30,0
2024-11-19 22:00:00,5908.8,5920.7,5906.1,5914.2,3929,30,0
2024-11-20 00:00:00,5915.6,5922.3,5914.5,5921.0,795,50,0
2024-11-20 02:00:00,5921.0,5930.3,5920.0,5922.3,1880,50,0
2024-11-20 04:00:00,5922.5,5927.5,5918.5,5921.0,1996,50,0
2024-11-20 06:00:00,5920.8,5925.5,5920.8,5923.5,1126,50,0
2024-11-20 08:00:00,5923.3,5933.0,5923.0,5930.0,2742,50,0
2024-11-20 10:00:00,5929.8,5934.0,5923.3,5926.0,6164,50,0
2024-11-20 12:00:00,5925.8,5926.5,5915.5,5921.3,4683,50,0
2024-11-20 14:00:00,5921.6,5930.9,5920.2,5921.9,3681,50,0
2024-11-20 16:00:00,5921.7,5921.9,5857.3,5885.3,14801,30,0
2024-11-20 18:00:00,5885.4,5899.5,5866.6,5882.9,11781,30,0
2024-11-20 20:00:00,5883.1,5890.9,5873.6,5886.9,8093,30,0
2024-11-20 22:00:00,5886.6,5921.9,5884.1,5918.4,11235,30,0
2024-11-21 00:00:00,5915.6,5920.1,5905.7,5917.7,1577,50,0
2024-11-21 02:00:00,5917.8,5919.3,5889.2,5891.5,4642,50,0
2024-11-21 04:00:00,5891.2,5903.2,5891.1,5897.5,2659,50,0
2024-11-21 06:00:00,5897.2,5907.2,5894.0,5903.2,2260,50,0
2024-11-21 08:00:00,5903.3,5913.0,5888.6,5901.7,5475,50,0
2024-11-21 10:00:00,5901.6,5908.0,5882.7,5893.8,12583,50,0
2024-11-21 12:00:00,5893.7,5920.0,5890.5,5919.0,6631,50,0
2024-11-21 14:00:00,5918.7,5948.2,5917.5,5940.2,8237,50,0
2024-11-21 16:00:00,5940.5,5949.2,5885.6,5928.4,24891,30,0
2024-11-21 18:00:00,5928.4,5953.6,5921.9,5949.4,16998,30,0
2024-11-21 20:00:00,5949.4,5960.4,5947.4,5957.6,10363,30,0
2024-11-21 22:00:00,5957.3,5962.8,5943.7,5944.7,5152,30,0
2024-11-22 00:00:00,5941.3,5947.9,5940.1,5943.7,1267,50,0
2024-11-22 02:00:00,5943.4,5950.9,5941.7,5947.5,3372,50,0
2024-11-22 04:00:00,5947.4,5956.7,5939.7,5945.4,3051,50,0
2024-11-22 06:00:00,5945.3,5950.9,5940.4,5940.7,2832,50,0
2024-11-22 08:00:00,5940.5,5955.7,5940.3,5950.2,3083,50,0
2024-11-22 10:00:00,5950.0,5955.2,5920.9,5936.4,10229,50,0
2024-11-22 12:00:00,5936.7,5939.4,5920.5,5938.9,7430,50,0
2024-11-22 14:00:00,5939.0,5950.7,5939.0,5945.0,5196,50,0
2024-11-22 16:00:00,5944.8,5972.6,5942.8,5969.6,17675,30,0
2024-11-22 18:00:00,5969.6,5970.6,5948.6,5968.9,10701,30,0
2024-11-22 20:00:00,5968.8,5973.1,5953.2,5965.9,6547,30,0
2024-11-22 22:00:00,5965.7,5972.7,5953.4,5970.6,4668,30,0
2024-11-25 00:00:00,5990.2,5991.3,5987.6,5989.3,1223,50,0
2024-11-25 02:00:00,5989.6,5995.6,5989.3,5993.6,1161,50,0
2024-11-25 04:00:00,5993.8,5995.6,5992.8,5993.8,792,50,0
2024-11-25 06:00:00,5994.1,5994.8,5992.8,5994.6,637,50,0
2024-11-25 08:00:00,5994.5,5994.5,5989.7,5992.1,1099,50,0
2024-11-25 10:00:00,5992.2,5997.3,5991.1,5996.6,2552,50,0
2024-11-25 12:00:00,5996.5,5999.6,5994.8,5997.6,1484,50,0
2024-11-25 14:00:00,5997.8,6012.8,5992.1,6008.4,2864,50,0
2024-11-25 16:00:00,6008.6,6020.5,5987.0,5991.5,16619,30,0
2024-11-25 18:00:00,5991.5,5996.0,5963.4,5976.0,9621,30,0
2024-11-25 20:00:00,5976.0,5987.7,5975.7,5982.5,6283,30,0
2024-11-25 22:00:00,5982.5,5996.1,5978.5,5993.1,3772,30,0
2024-11-26 00:00:00,5994.7,5999.7,5968.4,5975.2,3398,50,0
2024-11-26 02:00:00,5974.9,5977.9,5957.4,5977.2,6531,50,0
2024-11-26 04:00:00,5977.2,5989.2,5977.2,5987.4,2180,50,0
2024-11-26 06:00:00,5987.3,5991.9,5983.2,5984.9,1493,50,0
2024-11-26 08:00:00,5985.2,5992.9,5981.9,5982.4,3077,50,0
2024-11-26 10:00:00,5982.2,5988.2,5978.2,5987.1,7228,50,0
2024-11-26 12:00:00,5987.2,6002.7,5982.7,6001.2,3596,50,0
2024-11-26 14:00:00,6001.2,6004.2,5998.4,6000.9,4235,50,0
2024-11-26 16:00:00,6000.8,6008.0,5992.2,6002.2,13299,30,0
2024-11-26 18:00:00,6002.4,6012.9,6000.4,6012.4,6715,30,0
2024-11-26 20:00:00,6012.4,6015.7,6003.9,6011.9,5398,30,0
2024-11-26 22:00:00,6011.7,6024.9,6011.2,6022.8,3082,30,0
2024-11-27 00:00:00,6022.2,6024.7,6018.2,6022.0,860,50,0
2024-11-27 02:00:00,6022.2,6024.2,6018.5,6023.7,1234,50,0
2024-11-27 04:00:00,6024.0,6028.0,6020.2,6022.0,1044,50,0
2024-11-27 06:00:00,6021.7,6021.7,6016.0,6017.5,953,50,0
2024-11-27 08:00:00,6017.5,6023.0,6017.0,6019.2,1951,50,0
2024-11-27 10:00:00,6019.5,6020.0,6006.2,6010.0,7084,50,0
2024-11-27 12:00:00,6009.9,6013.2,6005.7,6012.2,2905,50,0
2024-11-27 14:00:00,6012.1,6020.3,6009.2,6018.3,2947,50,0
2024-11-27 16:00:00,6018.1,6019.2,5996.5,5999.8,11094,30,0
2024-11-27 18:00:00,5999.9,6002.7,5983.4,5994.6,7597,30,0
2024-11-27 20:00:00,5994.4,6002.1,5992.6,5997.9,3617,30,0
2024-11-27 22:00:00,5998.1,6000.9,5990.4,5998.0,3058,30,0
2024-11-28 00:00:00,5999.5,6005.2,5999.5,6004.0,661,50,0
2024-11-28 02:00:00,6004.1,6006.5,6004.0,6004.9,1050,50,0
2024-11-28 04:00:00,6005.1,6006.6,6004.6,6006.1,635,50,0
2024-11-28 06:00:00,6006.4,6007.1,6004.9,6006.4,366,50,0
2024-11-28 08:00:00,6006.1,6006.6,6003.1,6004.6,578,50,0
2024-11-28 10:00:00,6004.9,6006.9,6003.1,6006.4,1111,50,0
2024-11-28 12:00:00,6006.6,6007.9,6004.6,6007.4,926,50,0
2024-11-28 14:00:00,6007.4,6008.6,6006.4,6008.4,600,50,0
2024-11-28 16:00:00,6008.4,6014.5,6007.1,6013.9,1599,30,0
2024-11-28 18:00:00,6013.7,6015.7,6011.7,6012.5,785,30,0
2024-11-29 00:00:00,6011.1,6015.3,6009.5,6014.3,585,50,0
2024-11-29 02:00:00,6014.4,6014.7,6002.7,6013.4,3054,50,0
2024-11-29 04:00:00,6013.4,6018.4,6013.4,6017.7,1179,50,0
2024-11-29 06:00:00,6017.7,6019.9,6015.7,6015.9,1077,50,0
2024-11-29 08:00:00,6015.8,6016.9,6008.2,6011.8,2314,50,0
2024-11-29 10:00:00,6011.9,6019.0,6011.7,6017.4,3666,50,0
2024-11-29 12:00:00,6017.4,6019.7,6013.9,6017.7,2070,50,0
2024-11-29 14:00:00,6017.7,6018.2,6003.3,6006.9,3000,50,0
2024-11-29 16:00:00,6007.2,6029.8,6003.8,6029.3,6584,30,0
2024-11-29 18:00:00,6029.6,6044.3,6029.3,6035.8,4256,30,0
2024-11-29 20:00:00,6035.8,6038.6,6033.3,6034.8,463,30,0
2024-12-02 00:00:00,6039.4,6040.4,6028.7,6030.1,1330,50,0
2024-12-02 02:00:00,6030.1,6034.0,6026.5,6027.0,2170,50,0
2024-12-02 04:00:00,6027.0,6027.7,6023.5,6024.2,871,50,0
2024-12-02 06:00:00,6024.5,6027.5,6023.5,6023.7,699,50,0
2024-12-02 08:00:00,6023.7,6024.7,6020.5,6024.2,913,50,0
2024-12-02 10:00:00,6024.2,6027.0,6023.2,6024.5,1450,50,0
2024-12-02 12:00:00,6024.7,6029.0,6022.2,6028.6,1442,50,0
2024-12-02 14:00:00,6028.7,6037.7,6028.2,6036.2,1934,50,0
2024-12-02 16:00:00,6036.2,6046.6,6034.6,6037.1,8183,30,0
2024-12-02 18:00:00,6037.0,6049.6,6035.1,6045.8,4424,30,0
2024-12-02 20:00:00,6046.0,6050.0,6041.0,6049.5,3177,30,0
2024-12-02 22:00:00,6049.3,6053.3,6044.8,6047.3,2821,30,0
2024-12-03 00:00:00,6047.4,6051.5,6045.9,6048.9,497,50,0
2024-12-03 02:00:00,6048.9,6049.9,6045.9,6046.1,1057,50,0
2024-12-03 04:00:00,6046.0,6052.4,6045.4,6050.9,592,50,0
2024-12-03 06:00:00,6050.9,6052.6,6049.1,6051.1,420,50,0
2024-12-03 08:00:00,6051.4,6052.4,6046.9,6047.1,853,50,0
2024-12-03 10:00:00,6047.4,6051.9,6046.6,6049.9,2551,50,0
2024-12-03 12:00:00,6050.1,6050.6,6042.9,6048.4,1399,50,0
2024-12-03 14:00:00,6048.5,6052.4,6045.9,6046.4,1875,50,0
2024-12-03 16:00:00,6046.5,6049.4,6033.8,6039.0,8157,30,0
2024-12-03 18:00:00,6039.3,6047.1,6034.0,6047.1,4844,30,0
2024-12-03 20:00:00,6047.1,6051.6,6041.6,6050.4,2671,30,0
2024-12-03 22:00:00,6050.1,6056.0,6045.4,6053.0,2234,30,0
2024-12-04 00:00:00,6050.7,6055.8,6049.6,6055.3,767,50,0
2024-12-04 02:00:00,6055.2,6055.3,6051.1,6052.6,1280,50,0
2024-12-04 04:00:00,6052.8,6056.3,6052.6,6055.6,713,50,0
2024-12-04 06:00:00,6055.3,6059.8,6055.1,6058.3,491,50,0
2024-12-04 08:00:00,6058.5,6058.8,6054.6,6057.6,844,50,0
2024-12-04 10:00:00,6057.7,6065.8,6057.3,6063.1,2048,50,0
2024-12-04 12:00:00,6063.2,6068.1,6060.8,6067.6,1390,50,0
2024-12-04 14:00:00,6067.3,6070.8,6065.1,6070.6,1731,50,0
2024-12-04 16:00:00,6070.3,6072.8,6059.3,6072.0,6357,30,0
2024-12-04 18:00:00,6072.3,6075.3,6069.3,6074.0,3002,30,0
2024-12-04 20:00:00,6074.0,6081.5,6062.0,6079.3,3371,30,0
2024-12-04 22:00:00,6079.0,6088.6,6078.5,6082.4,1939,30,0
2024-12-05 00:00:00,6081.2,6083.3,6080.1,6080.8,619,50,0
2024-12-05 02:00:00,6080.6,6082.6,6077.8,6081.8,908,50,0
2024-12-05 04:00:00,6081.8,6083.1,6079.6,6082.1,539,50,0
2024-12-05 06:00:00,6081.8,6082.8,6079.1,6082.8,433,50,0
2024-12-05 08:00:00,6083.1,6083.6,6080.3,6080.8,893,50,0
2024-12-05 10:00:00,6081.1,6084.3,6079.6,6082.3,1859,50,0
2024-12-05 12:00:00,6082.2,6084.3,6079.8,6081.8,924,50,0
2024-12-05 14:00:00,6081.4,6084.8,6079.3,6082.8,1362,50,0
2024-12-05 16:00:00,6082.8,6092.1,6077.8,6079.3,4695,30,0
2024-12-05 18:00:00,6079.1,6094.6,6078.3,6093.8,2911,30,0
2024-12-05 20:00:00,6093.6,6094.1,6078.3,6081.8,4544,30,0
2024-12-05 22:00:00,6081.6,6084.0,6069.0,6073.2,2940,30,0
2024-12-06 00:00:00,6073.1,6074.0,6067.4,6073.4,750,50,0
2024-12-06 02:00:00,6073.5,6073.5,6070.0,6072.3,1316,50,0
2024-12-06 04:00:00,6072.5,6075.8,6071.5,6071.8,728,50,0
2024-12-06 06:00:00,6071.7,6074.0,6069.8,6073.8,489,50,0
2024-12-06 08:00:00,6073.9,6075.8,6073.3,6074.3,577,50,0
2024-12-06 10:00:00,6074.3,6078.0,6072.5,6074.0,1682,50,0
2024-12-06 12:00:00,6074.3,6075.0,6067.5,6071.8,1387,50,0
2024-12-06 14:00:00,6071.8,6089.8,6065.5,6083.8,3395,50,0
2024-12-06 16:00:00,6083.8,6099.9,6082.3,6096.1,6882,30,0
2024-12-06 18:00:00,6096.1,6096.6,6079.9,6082.9,5128,30,0
2024-12-06 20:00:00,6082.6,6093.1,6079.4,6082.6,3632,30,0
2024-12-06 22:00:00,6082.4,6090.4,6080.6,6085.8,1836,30,0
2024-12-09 00:00:00,6086.9,6091.9,6084.4,6090.4,924,50,0
2024-12-09 02:00:00,6090.3,6090.7,6083.2,6086.9,1699,50,0
2024-12-09 04:00:00,6087.2,6087.9,6083.9,6084.2,757,50,0
2024-12-09 06:00:00,6083.9,6084.9,6082.4,6084.4,462,50,0
2024-12-09 08:00:00,6084.3,6093.4,6083.9,6092.4,1129,50,0
2024-12-09 10:00:00,6092.4,6094.7,6083.7,6085.2,3346,50,0
2024-12-09 12:00:00,6085.1,6085.4,6077.7,6083.9,2221,50,0
2024-12-09 14:00:00,6084.2,6087.7,6082.4,6085.2,1501,50,0
2024-12-09 16:00:00,6085.4,6087.2,6060.7,6062.0,5327,30,0
2024-12-09 18:00:00,6062.2,6069.2,6054.5,6061.5,5265,30,0
2024-12-09 20:00:00,6061.2,6072.5,6053.5,6058.2,3869,30,0
2024-12-09 22:00:00,6058.2,6058.7,6049.4,6052.4,2418,30,0
2024-12-10 00:00:00,6053.7,6053.7,6050.1,6051.6,559,50,0
2024-12-10 02:00:00,6051.4,6053.1,6049.3,6050.1,979,50,0
2024-12-10 04:00:00,6050.3,6052.6,6049.8,6051.8,502,50,0
2024-12-10 06:00:00,6052.1,6053.3,6049.8,6051.3,408,50,0
2024-12-10 08:00:00,6051.1,6053.8,6049.8,6051.6,586,50,0
2024-12-10 10:00:00,6051.8,6053.1,6047.3,6049.6,1237,50,0
2024-12-10 12:00:00,6049.4,6060.8,6049.4,6059.1,1058,50,0
2024-12-10 14:00:00,6059.3,6061.3,6055.1,6056.3,1096,50,0
2024-12-10 16:00:00,6056.6,6065.4,6050.9,6058.4,5818,30,0
2024-12-10 18:00:00,6058.6,6061.4,6050.2,6051.7,4856,30,0
2024-12-10 20:00:00,6051.4,6054.4,6043.9,6044.9,2983,30,0
2024-12-10 22:00:00,6044.9,6044.9,6029.6,6042.0,2627,30,0
2024-12-11 00:00:00,6044.4,6045.4,6040.4,6042.2,407,50,0
2024-12-11 02:00:00,6041.9,6042.9,6039.2,6041.5,977,50,0
2024-12-11 04:00:00,6041.4,6041.9,6039.9,6040.7,559,50,0
2024-12-11 06:00:00,6040.7,6042.2,6037.9,6041.7,468,50,0
2024-12-11 08:00:00,6041.9,6043.7,6036.4,6038.4,1128,50,0
2024-12-11 10:00:00,6038.7,6044.2,6038.2,6042.4,2092,50,0
2024-12-11 12:00:00,6042.4,6044.7,6039.9,6042.7,907,50,0
2024-12-11 14:00:00,6042.7,6062.1,6040.7,6061.1,2331,50,0
2024-12-11 16:00:00,6061.4,6080.7,6060.9,6076.1,5416,30,0
2024-12-11 18:00:00,6076.3,6090.6,6073.3,6089.8,3247,30,0
2024-12-11 20:00:00,6090.1,6093.1,6084.1,6087.8,2867,30,0
2024-12-11 22:00:00,6087.9,6089.5,6077.4,6077.7,1881,30,0
2024-12-12 00:00:00,6079.0,6079.9,6076.8,6078.0,460,50,0
2024-12-12 02:00:00,6077.8,6078.5,6073.3,6074.8,916,50,0
2024-12-12 04:00:00,6075.0,6076.3,6074.0,6075.5,587,50,0
2024-12-12 06:00:00,6075.5,6078.0,6075.0,6077.8,299,50,0
2024-12-12 08:00:00,6078.0,6078.8,6073.8,6074.5,497,50,0
2024-12-12 10:00:00,6074.3,6077.0,6072.5,6073.3,1334,50,0
2024-12-12 12:00:00,6073.2,6076.3,6070.8,6072.5,1142,50,0
2024-12-12 14:00:00,6072.8,6078.5,6063.0,6069.8,2650,50,0
2024-12-12 16:00:00,6070.0,6078.1,6060.1,6076.2,8073,30,0
2024-12-12 18:00:00,6076.4,6079.9,6065.7,6076.0,5321,30,0
2024-12-12 20:00:00,6075.6,6077.5,6056.2,6059.0,4948,30,0
2024-12-12 22:00:00,6058.7,6061.5,6047.6,6050.9,4308,30,0
2024-12-13 00:00:00,6058.8,6059.0,6054.8,6057.9,661,50,0
2024-12-13 02:00:00,6057.9,6063.3,6056.5,6058.3,1144,50,0
2024-12-13 04:00:00,6058.0,6058.8,6053.3,6056.2,1070,50,0
2024-12-13 06:00:00,6056.4,6060.7,6055.4,6059.2,533,50,0
2024-12-13 08:00:00,6059.4,6065.2,6059.2,6063.9,886,50,0
2024-12-13 10:00:00,6063.9,6072.9,6063.2,6072.9,1727,50,0
2024-12-13 12:00:00,6072.7,6075.7,6072.2,6073.7,1042,50,0
2024-12-13 14:00:00,6073.5,6079.2,6072.7,6075.7,1060,50,0
2024-12-13 16:00:00,6075.4,6079.0,6042.0,6042.2,8247,30,0
2024-12-13 18:00:00,6042.2,6054.0,6035.5,6036.5,9052,30,0
2024-12-13 20:00:00,6036.2,6053.7,6035.5,6050.5,4698,30,0
2024-12-13 22:00:00,6050.7,6054.2,6041.4,6045.4,2838,30,0
2024-12-16 00:00:00,6051.2,6053.0,6046.0,6051.2,836,50,0
2024-12-16 02:00:00,6051.4,6055.2,6051.0,6055.2,1563,50,0
2024-12-16 04:00:00,6055.0,6057.0,6053.5,6053.7,950,50,0
2024-12-16 06:00:00,6054.0,6055.5,6050.2,6051.0,934,50,0
2024-12-16 08:00:00,6051.2,6054.9,6051.0,6053.1,1441,50,0
2024-12-16 10:00:00,6053.4,6058.4,6051.9,6058.1,3804,50,0
2024-12-16 12:00:00,6058.4,6063.6,6056.4,6060.6,2228,50,0
2024-12-16 14:00:00,6060.4,6070.9,6060.1,6070.6,2465,50,0
2024-12-16 16:00:00,6070.9,6078.0,6059.5,6074.5,15205,30,0
2024-12-16 18:00:00,6074.4,6080.6,6071.1,6079.8,9239,30,0
2024-12-16 20:00:00,6079.6,6084.8,6078.6,6082.3,5388,30,0
2024-12-16 22:00:00,6082.3,6084.8,6067.6,6071.0,5425,30,0
2024-12-17 00:00:00,6070.6,6071.6,6065.5,6068.6,970,50,0
2024-12-17 02:00:00,6068.9,6073.1,6065.9,6072.6,1743,50,0
2024-12-17 04:00:00,6072.4,6074.4,6071.1,6071.6,864,50,0
2024-12-17 06:00:00,6071.7,6074.6,6067.7,6068.1,1032,50,0
2024-12-17 08:00:00,6068.1,6068.9,6056.9,6057.6,2187,50,0
2024-12-17 10:00:00,6057.5,6060.1,6054.1,6060.0,5995,50,0
2024-12-17 12:00:00,6060.0,6063.4,6054.4,6057.1,3581,50,0
2024-12-17 14:00:00,6057.4,6059.6,6046.4,6052.4,5622,50,0
2024-12-17 16:00:00,6052.4,6055.8,6038.8,6045.8,18350,30,0
2024-12-17 18:00:00,6046.1,6058.8,6045.1,6055.1,13942,30,0
2024-12-17 20:00:00,6055.3,6055.3,6039.8,6041.6,9383,30,0
2024-12-17 22:00:00,6041.3,6053.7,6036.3,6046.4,7478,30,0
2024-12-18 00:00:00,6043.6,6046.1,6034.8,6044.8,957,50,0
2024-12-18 02:00:00,6044.8,6054.6,6044.1,6054.3,1232,50,0
2024-12-18 04:00:00,6054.6,6056.3,6050.6,6051.8,715,50,0
2024-12-18 06:00:00,6051.6,6057.8,6051.6,6057.6,600,50,0
2024-12-18 08:00:00,6057.3,6059.1,6053.8,6056.3,901,50,0
2024-12-18 10:00:00,6056.4,6060.8,6053.8,6060.8,2298,50,0
2024-12-18 12:00:00,6060.7,6067.1,6060.7,6064.3,1219,50,0
2024-12-18 14:00:00,6064.2,6068.3,6053.1,6053.1,2128,50,0
2024-12-18 16:00:00,6053.2,6070.3,6039.9,6065.8,7813,30,0
2024-12-18 18:00:00,6065.6,6068.8,6051.8,6060.3,7057,30,0
2024-12-18 20:00:00,6060.1,6060.8,5961.6,5964.8,18302,30,0
2024-12-18 22:00:00,5965.3,5970.1,5829.0,5860.5,32954,30,0
2024-12-19 00:00:00,5870.6,5877.9,5861.4,5864.2,3135,50,0
2024-12-19 02:00:00,5864.4,5882.7,5863.4,5877.6,4715,50,0
2024-12-19 04:00:00,5877.6,5878.9,5866.4,5873.9,3822,50,0
2024-12-19 06:00:00,5874.0,5877.1,5863.8,5864.3,2162,50,0
2024-12-19 08:00:00,5864.5,5890.5,5864.1,5888.6,5387,50,0
2024-12-19 10:00:00,5888.3,5894.3,5881.3,5892.6,7324,50,0
2024-12-19 12:00:00,5892.6,5899.3,5887.1,5895.7,3888,50,0
2024-12-19 14:00:00,5895.6,5920.1,5894.1,5907.1,7032,50,0
2024-12-19 16:00:00,5906.7,5932.7,5879.4,5898.6,27731,30,0
2024-12-19 18:00:00,5898.4,5914.9,5874.9,5890.9,23820,30,0
2024-12-19 20:00:00,5890.7,5913.9,5873.2,5881.6,18227,30,0
2024-12-19 22:00:00,5881.8,5895.4,5859.5,5870.4,14443,30,0
2024-12-20 00:00:00,5871.6,5872.2,5861.5,5863.2,1428,50,0
2024-12-20 02:00:00,5863.5,5866.5,5841.3,5842.2,6209,50,0
2024-12-20 04:00:00,5842.0,5844.9,5832.1,5835.2,3392,50,0
2024-12-20 06:00:00,5835.4,5848.1,5835.4,5847.9,1898,50,0
2024-12-20 08:00:00,5847.6,5858.1,5843.4,5852.1,3580,50,0
2024-12-20 10:00:00,5852.0,5853.1,5812.6,5816.4,10182,50,0
2024-12-20 12:00:00,5816.4,5823.7,5809.1,5812.9,7856,50,0
2024-12-20 14:00:00,5813.0,5843.4,5796.4,5832.6,11998,50,0
2024-12-20 16:00:00,5832.6,5913.3,5825.4,5903.3,28499,30,0
2024-12-20 18:00:00,5903.6,5981.6,5901.3,5969.6,21647,30,0
2024-12-20 20:00:00,5969.8,5970.3,5940.1,5948.3,19763,30,0
2024-12-20 22:00:00,5948.1,5952.3,5918.3,5926.2,15669,30,0
2024-12-23 00:00:00,5949.7,5959.2,5949.2,5954.5,2649,50,0
2024-12-23 02:00:00,5954.7,5958.2,5944.7,5957.2,3986,50,0
2024-12-23 04:00:00,5957.0,5958.5,5953.5,5955.2,2132,50,0
2024-12-23 06:00:00,5955.1,5965.2,5955.0,5964.7,1199,50,0
2024-12-23 08:00:00,5964.5,5966.2,5956.2,5960.0,2738,50,0
2024-12-23 10:00:00,5960.1,5961.7,5948.7,5951.6,7249,50,0
2024-12-23 12:00:00,5951.5,5954.2,5925.8,5928.6,5279,50,0
2024-12-23 14:00:00,5928.8,5942.7,5916.5,5922.5,5954,50,0
2024-12-23 16:00:00,5922.2,5941.8,5901.5,5915.5,23962,30,0
2024-12-23 18:00:00,5915.2,5956.7,5914.2,5951.1,13234,30,0
2024-12-23 20:00:00,5951.3,5967.7,5949.1,5953.7,9787,30,0
2024-12-23 22:00:00,5954.0,5977.2,5946.5,5970.3,8514,30,0
2024-12-24 00:00:00,5972.3,5977.8,5969.4,5971.3,1034,60,0
2024-12-24 02:00:00,5971.6,5971.6,5965.3,5969.3,2282,60,0
2024-12-24 04:00:00,5969.2,5973.1,5967.4,5969.6,1446,60,0
2024-12-24 06:00:00,5969.8,5971.3,5967.3,5969.7,776,60,0
2024-12-24 08:00:00,5970.0,5978.0,5968.1,5974.7,1319,60,0
2024-12-24 10:00:00,5975.0,5981.7,5969.2,5980.7,2532,60,0
2024-12-24 12:00:00,5980.8,5981.7,5973.2,5976.7,1789,60,0
2024-12-24 14:00:00,5976.4,5981.7,5975.3,5981.4,1976,60,0
2024-12-24 16:00:00,5981.4,6017.8,5978.0,6015.8,9542,40,0
2024-12-24 18:00:00,6015.6,6036.3,6011.8,6035.3,7468,40,0
2024-12-24 20:00:00,6035.2,6036.1,6031.1,6035.6,818,40,0
2024-12-26 00:00:00,6036.8,6040.3,6034.1,6035.6,1016,60,0
2024-12-26 02:00:00,6035.6,6038.8,6032.8,6037.6,1182,60,0
2024-12-26 04:00:00,6037.5,6042.8,6035.6,6042.8,799,60,0
2024-12-26 06:00:00,6042.6,6042.8,6038.2,6040.8,851,60,0
2024-12-26 08:00:00,6040.8,6041.3,6036.1,6039.2,780,60,0
2024-12-26 10:00:00,6039.1,6039.3,6012.3,6014.3,4847,60,0
2024-12-26 12:00:00,6014.6,6015.6,6005.8,6014.8,3250,60,0
2024-12-26 14:00:00,6015.1,6018.3,6009.3,6014.6,4382,60,0
2024-12-26 16:00:00,6014.3,6028.7,6001.2,6028.4,13116,40,0
2024-12-26 18:00:00,6028.4,6045.4,6023.8,6030.2,6492,40,0
2024-12-26 20:00:00,6029.9,6038.8,6026.9,6037.9,7779,40,0
2024-12-26 22:00:00,6038.1,6041.7,6029.1,6029.1,4120,40,0
2024-12-27 00:00:00,6029.8,6034.5,6029.0,6034.5,993,60,0
2024-12-27 02:00:00,6034.2,6034.5,6022.7,6025.5,2402,60,0
2024-12-27 04:00:00,6025.5,6027.0,6021.6,6023.7,1380,60,0
2024-12-27 06:00:00,6023.8,6025.7,6022.0,6022.2,1078,60,0
2024-12-27 08:00:00,6022.1,6022.3,6016.9,6017.9,1511,60,0
2024-12-27 10:00:00,6017.9,6019.4,6011.1,6013.0,3722,60,0
2024-12-27 12:00:00,6013.0,6016.5,6011.6,6016.4,1800,60,0
2024-12-27 14:00:00,6016.4,6019.6,6005.9,6007.1,2047,60,0
2024-12-27 16:00:00,6007.1,6008.6,5941.7,5959.7,23031,40,0
2024-12-27 18:00:00,5959.5,5967.2,5926.7,5940.0,19202,40,0
2024-12-27 20:00:00,5939.7,5977.5,5937.7,5974.7,12778,40,0
2024-12-27 22:00:00,5974.5,5975.4,5947.0,5973.1,9436,40,0
2024-12-30 00:00:00,5977.8,5982.1,5963.6,5970.8,1892,60,0
2024-12-30 02:00:00,5971.1,5973.6,5964.3,5971.6,2550,60,0
2024-12-30 04:00:00,5971.3,5971.3,5962.1,5963.3,1519,60,0
2024-12-30 06:00:00,5963.6,5966.1,5957.6,5959.6,1477,60,0
2024-12-30 08:00:00,5959.7,5966.6,5949.6,5953.1,2932,60,0
2024-12-30 10:00:00,5952.6,5961.3,5950.6,5958.2,5313,60,0
2024-12-30 12:00:00,5958.1,5962.3,5957.3,5959.1,1395,60,0
2024-12-30 14:00:00,5959.3,5959.3,5891.6,5895.6,10492,60,0
2024-12-30 16:00:00,5895.5,5906.1,5864.7,5891.7,25175,40,0
2024-12-30 18:00:00,5891.4,5936.4,5884.9,5933.2,13590,40,0
2024-12-30 20:00:00,5933.2,5939.1,5915.7,5930.7,13785,40,0
2024-12-30 22:00:00,5930.4,5933.9,5894.3,5899.3,10787,40,0
2024-12-31 00:00:00,5899.8,5900.8,5890.7,5899.8,962,60,0
2024-12-31 02:00:00,5899.9,5907.2,5893.9,5906.2,1830,60,0
2024-12-31 04:00:00,5906.0,5912.7,5899.2,5902.7,2097,60,0
2024-12-31 06:00:00,5902.7,5903.4,5896.2,5902.7,1689,60,0
2024-12-31 08:00:00,5902.8,5903.9,5895.2,5900.7,2316,60,0
2024-12-31 10:00:00,5901.2,5924.2,5895.7,5921.7,4102,60,0
2024-12-31 12:00:00,5921.4,5926.9,5919.4,5924.9,2248,60,0
2024-12-31 14:00:00,5924.8,5929.9,5914.7,5919.5,3430,60,0
2024-12-31 16:00:00,5919.7,5926.8,5901.5,5906.6,20350,40,0
2024-12-31 18:00:00,5906.6,5908.0,5868.5,5892.5,15648,40,0
2024-12-31 20:00:00,5892.0,5896.8,5864.3,5883.6,14703,40,0
2024-12-31 22:00:00,5883.8,5895.5,5870.3,5884.4,12244,40,0
2025-01-02 00:00:00,5893.6,5903.4,5881.8,5887.1,1879,60,0
2025-01-02 02:00:00,5887.3,5898.6,5858.9,5894.9,7737,60,0
2025-01-02 04:00:00,5894.6,5907.6,5893.6,5900.4,2943,60,0
2025-01-02 06:00:00,5900.6,5913.6,5895.8,5911.9,2318,60,0
2025-01-02 08:00:00,5912.1,5917.1,5909.1,5909.5,2622,60,0
2025-01-02 10:00:00,5909.6,5922.9,5901.3,5920.2,10460,50,0
2025-01-02 12:00:00,5920.4,5937.7,5911.7,5937.4,5035,50,0
2025-01-02 14:00:00,5937.6,5943.2,5923.2,5925.9,7721,50,0
2025-01-02 16:00:00,5926.2,5936.1,5882.8,5898.9,29995,30,0
2025-01-02 18:00:00,5899.1,5911.1,5830.8,5849.9,27380,30,0
2025-01-02 20:00:00,5850.1,5861.8,5825.9,5843.6,23951,30,0
2025-01-02 22:00:00,5843.4,5875.1,5843.3,5870.2,13126,30,0
2025-01-03 00:00:00,5870.5,5870.7,5861.6,5865.0,981,50,0
2025-01-03 02:00:00,5864.8,5881.8,5863.6,5876.1,2586,50,0
2025-01-03 04:00:00,5876.0,5884.1,5875.8,5881.3,1924,50,0
2025-01-03 06:00:00,5881.6,5882.8,5874.1,5877.6,1104,50,0
2025-01-03 08:00:00,5877.5,5883.1,5874.5,5880.8,2705,50,0
2025-01-03 10:00:00,5881.3,5892.1,5874.3,5889.0,6869,50,0
2025-01-03 12:00:00,5888.8,5889.1,5875.2,5879.3,2584,50,0
2025-01-03 14:00:00,5879.1,5888.6,5874.1,5880.6,3047,50,0
2025-01-03 16:00:00,5880.7,5916.7,5880.7,5914.0,22423,30,0
2025-01-03 18:00:00,5913.7,5932.7,5903.2,5929.0,12892,30,0
2025-01-03 20:00:00,5928.7,5948.2,5924.0,5943.0,5840,30,0
2025-01-03 22:00:00,5942.7,5943.3,5932.5,5935.9,4993,30,0
2025-01-06 00:00:00,5947.4,5949.3,5938.6,5943.3,1440,50,0
2025-01-06 02:00:00,5943.6,5945.7,5933.8,5936.8,2931,50,0
2025-01-06 04:00:00,5936.6,5940.3,5933.2,5937.1,1468,50,0
2025-01-06 06:00:00,5936.8,5946.1,5936.8,5944.1,794,50,0
2025-01-06 08:00:00,5943.9,5952.3,5942.8,5950.3,1487,50,0
2025-01-06 10:00:00,5950.3,5970.1,5949.6,5969.6,3530,50,0
2025-01-06 12:00:00,5969.8,5985.8,5960.2,5985.2,5414,50,0
2025-01-06 14:00:00,5985.1,5993.6,5980.6,5993.3,4372,50,0
2025-01-06 16:00:00,5993.6,6016.4,5968.1,6012.9,20473,30,0
2025-01-06 18:00:00,6013.1,6020.0,5995.8,5999.0,8855,30,0
2025-01-06 20:00:00,5999.3,5999.8,5963.5,5964.3,12652,30,0
2025-01-06 22:00:00,5964.0,5980.7,5957.4,5979.9,7322,30,0
2025-01-07 00:00:00,5981.2,5984.7,5978.0,5978.6,1058,50,0
2025-01-07 02:00:00,5978.5,5980.0,5972.2,5976.0,1587,50,0
2025-01-07 04:00:00,5975.7,5979.2,5966.0,5973.7,1874,50,0
2025-01-07 06:00:00,5973.5,5973.7,5959.7,5967.6,2242,50,0
2025-01-07 08:00:00,5967.7,5971.0,5963.2,5970.7,2692,50,0
2025-01-07 10:00:00,5971.0,5980.5,5966.0,5972.5,4767,50,0
2025-01-07 12:00:00,5972.6,5982.2,5970.5,5977.0,3084,50,0
2025-01-07 14:00:00,5977.2,5991.0,5974.0,5990.7,3026,50,0
2025-01-07 16:00:00,5990.5,5998.8,5924.1,5955.8,25065,30,0
2025-01-07 18:00:00,5956.1,5959.1,5917.3,5930.2,23128,30,0
2025-01-07 20:00:00,5930.3,5945.5,5920.1,5921.8,11654,30,0
2025-01-07 22:00:00,5922.1,5922.8,5889.6,5909.0,9437,30,0
2025-01-08 00:00:00,5908.2,5913.7,5903.3,5913.2,1022,50,0
2025-01-08 02:00:00,5913.4,5923.4,5912.2,5922.9,1646,50,0
2025-01-08 04:00:00,5922.7,5924.9,5916.9,5920.7,1790,50,0
2025-01-08 06:00:00,5920.7,5927.2,5918.3,5926.9,1253,50,0
2025-01-08 08:00:00,5926.7,5927.4,5912.4,5918.4,2179,50,0
2025-01-08 10:00:00,5918.2,5926.4,5916.2,5926.2,4494,50,0
2025-01-08 12:00:00,5926.3,5929.9,5891.2,5909.6,7642,50,0
2025-01-08 14:00:00,5909.7,5916.7,5881.7,5914.4,17042,50,0
2025-01-08 16:00:00,5914.2,5916.7,5881.8,5906.0,27835,30,0
2025-01-08 18:00:00,5906.0,5921.5,5873.3,5890.8,17516,30,0
2025-01-08 20:00:00,5890.5,5927.8,5890.0,5907.3,18678,30,0
2025-01-08 22:00:00,5907.8,5921.4,5900.8,5911.4,8830,30,0
2025-01-09 00:00:00,5909.7,5913.4,5905.4,5906.2,745,50,0
2025-01-09 02:00:00,5906.5,5908.0,5897.0,5902.2,2605,50,0
2025-01-09 04:00:00,5902.1,5909.2,5902.0,5902.0,1555,50,0
2025-01-09 06:00:00,5902.2,5906.5,5897.7,5905.9,1372,50,0
2025-01-09 08:00:00,5906.0,5907.0,5890.7,5892.0,2500,50,0
2025-01-09 10:00:00,5892.0,5911.2,5886.2,5909.5,5964,50,0
2025-01-09 12:00:00,5909.7,5914.0,5900.2,5904.1,3475,50,0
2025-01-09 14:00:00,5904.1,5911.5,5900.1,5903.4,3797,50,0
2025-01-09 16:00:00,5903.2,5903.2,5893.2,5901.2,1707,50,0
2025-01-10 00:00:00,5899.6,5901.9,5883.1,5887.4,2490,50,0
2025-01-10 02:00:00,5887.6,5892.9,5877.4,5892.2,4147,50,0
2025-01-10 04:00:00,5892.4,5903.4,5890.4,5900.9,1929,50,0
2025-01-10 06:00:00,5900.8,5907.8,5897.9,5905.0,1791,50,0
2025-01-10 08:00:00,5905.0,5906.0,5894.7,5901.4,3190,50,0
2025-01-10 10:00:00,5901.5,5910.0,5893.8,5898.8,5879,50,0
2025-01-10 12:00:00,5898.9,5918.3,5896.3,5907.8,3607,50,0
2025-01-10 14:00:00,5908.0,5911.0,5847.8,5862.7,14685,50,0
2025-01-10 16:00:00,5862.7,5881.1,5811.9,5831.1,31785,30,0
2025-01-10 18:00:00,5831.4,5837.4,5805.4,5835.6,20368,30,0
2025-01-10 20:00:00,5835.4,5866.9,5829.9,5842.4,17015,30,0
2025-01-10 22:00:00,5842.4,5845.1,5817.9,5820.5,12074,30,0
2025-01-13 00:00:00,5819.1,5827.8,5808.5,5820.3,3182,50,0
2025-01-13 02:00:00,5820.0,5827.8,5799.0,5805.3,5346,50,0
2025-01-13 04:00:00,5805.1,5809.8,5791.5,5797.8,3629,50,0
2025-01-13 06:00:00,5797.8,5802.3,5795.4,5799.6,1940,50,0
2025-01-13 08:00:00,5799.5,5809.0,5797.0,5800.4,3647,50,0
2025-01-13 10:00:00,5800.5,5806.8,5770.0,5773.0,11242,50,0
2025-01-13 12:00:00,5772.8,5783.0,5770.5,5779.6,6190,50,0
2025-01-13 14:00:00,5779.8,5796.0,5772.3,5788.5,9455,50,0
2025-01-13 16:00:00,5788.3,5812.6,5774.1,5800.0,26103,30,0
2025-01-13 18:00:00,5799.9,5817.3,5777.4,5816.6,19438,30,0
2025-01-13 20:00:00,5816.6,5831.8,5810.6,5826.5,14110,30,0
2025-01-13 22:00:00,5826.3,5843.9,5820.5,5842.9,8897,30,0
2025-01-14 00:00:00,5850.7,5862.3,5848.2,5853.6,1698,50,0
2025-01-14 02:00:00,5853.7,5854.8,5849.1,5850.1,2857,50,0
2025-01-14 04:00:00,5850.3,5852.1,5844.3,5848.6,2196,50,0
2025-01-14 06:00:00,5848.8,5857.1,5847.6,5857.1,1448,50,0
2025-01-14 08:00:00,5857.3,5858.8,5849.3,5856.8,2431,50,0
2025-01-14 10:00:00,5857.1,5874.3,5855.6,5866.6,5795,50,0
2025-01-14 12:00:00,5866.6,5868.6,5855.6,5857.1,3338,50,0
2025-01-14 14:00:00,5856.8,5879.5,5835.7,5858.3,12138,50,0
2025-01-14 16:00:00,5858.3,5870.6,5838.9,5839.0,25379,30,0
2025-01-14 18:00:00,5839.1,5840.6,5804.1,5822.9,18478,30,0
2025-01-14 20:00:00,5822.6,5860.1,5821.6,5826.6,11048,30,0
2025-01-14 22:00:00,5826.6,5855.8,5809.9,5852.3,12065,30,0
2025-01-15 00:00:00,5851.1,5851.5,5845.0,5847.0,580,50,0
2025-01-15 02:00:00,5846.9,5849.0,5845.0,5848.0,1004,50,0
2025-01-15 04:00:00,5848.1,5848.5,5843.5,5843.7,643,50,0
2025-01-15 06:00:00,5843.7,5845.2,5841.9,5843.7,619,50,0
2025-01-15 08:00:00,5844.0,5847.2,5843.4,5845.0,680,50,0
2025-01-15 10:00:00,5845.2,5852.2,5840.2,5849.4,2564,50,0
2025-01-15 12:00:00,5849.5,5866.7,5844.4,5863.5,2203,50,0
2025-01-15 14:00:00,5863.5,5940.2,5858.7,5931.0,8924,50,0
2025-01-15 16:00:00,5931.2,5952.3,5913.3,5933.6,18501,30,0
2025-01-15 18:00:00,5933.6,5942.3,5916.6,5931.8,13911,30,0
2025-01-15 20:00:00,5932.1,5958.8,5931.6,5955.5,5960,30,0
2025-01-15 22:00:00,5955.8,5961.0,5944.9,5946.9,4329,30,0
2025-01-16 00:00:00,5948.7,5955.7,5947.2,5954.7,605,50,0
2025-01-16 02:00:00,5954.8,5962.4,5951.4,5952.2,1502,50,0
2025-01-16 04:00:00,5951.9,5955.4,5948.9,5952.2,1141,50,0
2025-01-16 06:00:00,5951.9,5953.4,5943.7,5946.2,1154,50,0
2025-01-16 08:00:00,5946.4,5977.7,5944.4,5976.7,3801,50,0
2025-01-16 10:00:00,5976.7,5978.1,5957.6,5962.4,5744,50,0
2025-01-16 12:00:00,5962.2,5970.7,5955.9,5967.2,3201,50,0
2025-01-16 14:00:00,5967.7,5967.7,5947.3,5956.9,5768,50,0
2025-01-16 16:00:00,5956.7,5963.7,5933.8,5955.3,20852,30,0
2025-01-16 18:00:00,5955.3,5964.8,5939.2,5950.7,15464,30,0
2025-01-16 20:00:00,5950.7,5956.4,5930.2,5950.7,10571,30,0
2025-01-16 22:00:00,5950.7,5954.7,5923.4,5930.4,7587,30,0
2025-01-17 00:00:00,5931.4,5938.4,5929.9,5938.2,939,50,0
2025-01-17 02:00:00,5937.9,5947.7,5935.9,5945.7,1545,50,0
2025-01-17 04:00:00,5945.8,5949.2,5940.9,5948.2,1397,50,0
2025-01-17 06:00:00,5948.0,5953.2,5947.7,5950.2,1356,50,0
2025-01-17 08:00:00,5950.2,5951.4,5940.9,5947.5,2007,50,0
2025-01-17 10:00:00,5947.7,5962.7,5946.7,5958.9,3894,50,0
2025-01-17 12:00:00,5959.2,5964.4,5955.9,5957.7,2953,50,0
2025-01-17 14:00:00,5957.8,5984.9,5953.9,5983.1,5304,50,0
2025-01-17 16:00:00,5983.4,6003.5,5977.2,6003.0,18867,30,0
2025-01-17 18:00:00,6002.8,6012.6,5998.8,6010.3,7091,30,0
2025-01-17 20:00:00,6010.3,6015.3,6001.1,6003.4,6140,30,0
2025-01-17 22:00:00,6003.1,6006.9,5992.5,5995.5,5950,30,0
2025-01-20 00:00:00,6003.2,6004.2,5983.7,5987.1,1796,50,0
2025-01-20 02:00:00,5987.0,5993.7,5986.0,5991.2,2306,50,0
2025-01-20 04:00:00,5991.0,5994.2,5988.7,5993.5,1550,50,0
2025-01-20 06:00:00,5993.3,5996.5,5992.7,5996.0,725,50,0
2025-01-20 08:00:00,5995.7,6005.2,5994.7,6005.0,1265,50,0
2025-01-20 10:00:00,6004.7,6007.0,5995.5,6002.3,3120,50,0
2025-01-20 12:00:00,6002.4,6004.0,5998.3,6000.0,2179,50,0
2025-01-20 14:00:00,6000.1,6022.4,5982.8,6021.0,7204,50,0
2025-01-20 16:00:00,6021.0,6041.9,6007.4,6017.8,9289,30,0
2025-01-20 18:00:00,6018.1,6025.9,6001.1,6020.1,6824,30,0
2025-01-21 00:00:00,6025.9,6033.4,6021.4,6032.9,1861,50,0
2025-01-21 02:00:00,6033.1,6035.1,5959.5,6001.2,12694,50,0
2025-01-21 04:00:00,6001.6,6015.4,5999.1,6010.0,4802,50,0
2025-01-21 06:00:00,6010.1,6011.1,6000.5,6003.0,2477,50,0
2025-01-21 08:00:00,6003.0,6011.5,6000.3,6010.8,3453,50,0
2025-01-21 10:00:00,6010.5,6024.8,6004.5,6024.8,5731,50,0
2025-01-21 12:00:00,6024.6,6031.8,6013.4,6016.0,3561,50,0
2025-01-21 14:00:00,6015.9,6028.0,6009.6,6026.8,4338,50,0
2025-01-21 16:00:00,6027.0,6036.1,6008.0,6025.1,19676,30,0
2025-01-21 18:00:00,6025.1,6046.2,6019.6,6045.5,9607,30,0
2025-01-21 20:00:00,6045.5,6050.2,6038.3,6043.3,5798,30,0
2025-01-21 22:00:00,6043.1,6057.0,6041.3,6055.5,4305,30,0
2025-01-22 00:00:00,6057.6,6063.5,6052.1,6061.1,2183,50,0
2025-01-22 02:00:00,6061.0,6066.5,6060.0,6064.5,2087,50,0
2025-01-22 04:00:00,6064.2,6067.2,6062.9,6065.9,1153,50,0
2025-01-22 06:00:00,6065.7,6068.7,6064.4,6066.7,801,50,0
2025-01-22 08:00:00,6066.9,6067.2,6061.9,6063.7,1318,50,0
2025-01-22 10:00:00,6063.4,6078.4,6062.7,6074.4,3066,50,0
2025-01-22 12:00:00,6074.2,6078.9,6071.7,6074.0,1802,50,0
2025-01-22 14:00:00,6074.2,6082.7,6073.4,6082.4,2594,50,0
2025-01-22 16:00:00,6082.7,6092.6,6075.3,6087.1,9197,30,0
2025-01-22 18:00:00,6087.3,6100.1,6084.3,6095.1,4562,30,0
2025-01-22 20:00:00,6095.1,6097.4,6088.6,6097.1,4506,30,0
2025-01-22 22:00:00,6096.8,6097.3,6079.0,6083.8,3740,30,0
2025-01-23 00:00:00,6082.3,6084.5,6080.0,6080.8,671,50,0
2025-01-23 02:00:00,6080.5,6082.5,6077.5,6078.3,1295,50,0
2025-01-23 04:00:00,6078.3,6080.8,6074.5,6077.9,1130,50,0
2025-01-23 06:00:00,6077.9,6081.5,6077.9,6078.3,607,50,0
2025-01-23 08:00:00,6078.3,6080.3,6073.3,6074.5,1285,50,0
2025-01-23 10:00:00,6074.8,6075.8,6066.3,6073.3,3360,50,0
2025-01-23 12:00:00,6073.3,6078.0,6070.8,6077.0,2001,50,0
2025-01-23 14:00:00,6077.3,6082.0,6072.5,6079.5,3299,50,0
2025-01-23 16:00:00,6079.8,6090.2,6076.1,6089.9,6708,30,0
2025-01-23 18:00:00,6090.2,6099.9,6085.2,6097.9,7217,30,0
2025-01-23 20:00:00,6097.9,6104.2,6094.7,6099.0,4058,30,0
2025-01-23 22:00:00,6098.7,6118.0,6097.1,6112.9,3884,30,0
2025-01-24 00:00:00,6111.3,6114.2,6109.9,6113.4,523,50,0
2025-01-24 02:00:00,6113.7,6115.9,6110.9,6113.7,1462,50,0
2025-01-24 04:00:00,6113.6,6121.4,6110.8,6112.8,2634,50,0
2025-01-24 06:00:00,6112.7,6113.9,6109.2,6111.7,1290,50,0
2025-01-24 08:00:00,6111.4,6114.2,6108.4,6110.2,1860,50,0
2025-01-24 10:00:00,6109.9,6115.2,6108.9,6111.2,2908,50,0
2025-01-24 12:00:00,6111.0,6111.7,6105.0,6110.2,2008,50,0
2025-01-24 14:00:00,6110.1,6114.9,6106.6,6109.2,1965,50,0
2025-01-24 16:00:00,6109.0,6128.0,6108.7,6111.8,9641,30,0
2025-01-24 18:00:00,6111.6,6123.5,6105.5,6107.0,5959,30,0
2025-01-24 20:00:00,6106.8,6109.3,6089.5,6093.8,8280,30,0
2025-01-24 22:00:00,6093.8,6101.2,6088.5,6097.6,4804,30,0
2025-01-27 00:00:00,6072.9,6074.1,6065.8,6070.0,3041,50,0
2025-01-27 02:00:00,6069.9,6070.5,6038.8,6044.1,5192,50,0
2025-01-27 04:00:00,6044.3,6052.3,6039.3,6048.0,3255,50,0
2025-01-27 06:00:00,6048.3,6048.8,6023.8,6026.5,4205,50,0
2025-01-27 08:00:00,6026.8,6028.0,5994.6,5995.8,7931,50,0
2025-01-27 10:00:00,5995.8,6004.3,5973.5,5977.3,16556,50,0
2025-01-27 12:00:00,5977.3,5978.1,5914.8,5948.5,22017,50,0
2025-01-27 14:00:00,5947.9,5981.3,5947.5,5974.3,13861,50,0
2025-01-27 16:00:00,5974.3,6015.3,5962.7,5999.3,24919,30,0
2025-01-27 18:00:00,5999.4,6000.8,5980.6,5981.1,19928,30,0
2025-01-27 20:00:00,5981.3,6010.9,5979.6,5989.1,16962,30,0
2025-01-27 22:00:00,5988.9,6023.7,5983.0,6017.7,12286,30,0
2025-01-28 00:00:00,6023.6,6027.3,6005.2,6020.6,4509,50,0
2025-01-28 02:00:00,6020.4,6022.3,6001.7,6003.3,5889,50,0
2025-01-28 04:00:00,6003.2,6019.3,6000.3,6011.6,5025,50,0
2025-01-28 06:00:00,6011.6,6017.4,6004.1,6011.6,2909,50,0
2025-01-28 08:00:00,6011.6,6020.3,6005.1,6018.3,4436,50,0
2025-01-28 10:00:00,6018.1,6037.2,6011.6,6035.6,8563,50,0
2025-01-28 12:00:00,6035.8,6040.8,6025.6,6028.1,4057,50,0
2025-01-28 14:00:00,6028.3,6034.1,6014.1,6022.6,7199,50,0
2025-01-28 16:00:00,6022.5,6051.1,5991.5,6050.6,16789,30,0
2025-01-28 18:00:00,6050.9,6061.0,6029.1,6058.6,12958,30,0
2025-01-28 20:00:00,6058.9,6072.9,6052.6,6071.6,7475,30,0
2025-01-28 22:00:00,6071.6,6073.9,6058.5,6059.3,4855,30,0
2025-01-29 00:00:00,6057.7,6064.1,6056.1,6057.1,952,50,0
2025-01-29 02:00:00,6057.2,6063.3,6055.8,6061.3,1809,50,0
2025-01-29 04:00:00,6061.6,6065.1,6058.3,6063.6,938,50,0
2025-01-29 06:00:00,6063.8,6069.1,6063.1,6063.8,907,50,0
2025-01-29 08:00:00,6066.6,6080.5,6066.1,6074.6,4431,50,0
2025-01-29 10:00:00,6074.6,6076.6,6064.6,6070.8,5265,50,0
2025-01-29 12:00:00,6071.0,6076.1,6067.1,6074.3,2708,50,0
2025-01-29 14:00:00,6074.3,6074.3,6048.6,6055.1,4816,50,0
2025-01-29 16:00:00,6054.8,6060.8,6044.2,6047.7,14455,30,0
2025-01-29 18:00:00,6047.8,6053.9,6038.9,6040.4,10285,30,0
2025-01-29 20:00:00,6040.7,6052.7,6011.7,6042.9,23155,30,0
2025-01-29 22:00:00,6042.9,6057.2,6013.6,6045.6,23440,30,0
2025-01-30 00:00:00,6041.7,6045.6,6031.8,6038.8,3392,50,0
2025-01-30 02:00:00,6039.0,6062.6,6037.1,6059.6,2350,50,0
2025-01-30 04:00:00,6059.6,6064.1,6059.6,6062.6,1100,50,0
2025-01-30 06:00:00,6062.7,6063.8,6057.3,6060.1,941,50,0
2025-01-30 08:00:00,6060.3,6063.6,6055.1,6062.3,1628,50,0
2025-01-30 10:00:00,6061.8,6071.3,6059.3,6060.3,3571,50,0
2025-01-30 12:00:00,6060.0,6064.5,6056.0,6057.0,3198,50,0
2025-01-30 14:00:00,6057.4,6060.5,6044.0,6060.3,7226,50,0
2025-01-30 16:00:00,6060.4,6079.9,6033.9,6034.6,18174,30,0
2025-01-30 18:00:00,6034.4,6063.6,6026.9,6053.4,14725,30,0
2025-01-30 20:00:00,6053.1,6077.4,6051.8,6077.1,8002,30,0
2025-01-30 22:00:00,6076.9,6086.6,6037.9,6062.8,15940,30,0
2025-01-31 00:00:00,6074.2,6083.4,6071.2,6079.9,2127,50,0
2025-01-31 02:00:00,6079.7,6089.0,6070.0,6088.4,3571,50,0
2025-01-31 04:00:00,6088.2,6090.2,6082.0,6082.0,1616,50,0
2025-01-31 06:00:00,6082.2,6085.7,6081.5,6084.5,1216,50,0
2025-01-31 08:00:00,6084.2,6095.2,6083.2,6092.7,1836,50,0
2025-01-31 10:00:00,6092.7,6099.0,6087.0,6095.0,3071,50,0
2025-01-31 12:00:00,6095.2,6099.7,6093.2,6099.7,2058,50,0
2025-01-31 14:00:00,6099.5,6100.7,6092.3,6098.3,3888,50,0
2025-01-31 16:00:00,6098.3,6115.7,6088.2,6113.7,10412,30,0
2025-01-31 18:00:00,6113.7,6119.2,6099.4,6110.2,8973,30,0
2025-01-31 20:00:00,6110.4,6112.9,6038.2,6054.9,23817,30,0
2025-01-31 22:00:00,6054.8,6054.8,6029.6,6034.1,17684,30,0
2025-02-03 00:00:00,5937.3,5948.6,5916.5,5940.5,9955,50,0
2025-02-03 02:00:00,5940.3,5948.1,5927.3,5934.2,13384,50,0
2025-02-03 04:00:00,5934.5,5935.0,5908.7,5920.7,7612,50,0
2025-02-03 06:00:00,5921.0,5925.5,5909.2,5924.7,4498,50,0
2025-02-03 08:00:00,5924.5,5940.2,5919.2,5932.3,6403,50,0
2025-02-03 10:00:00,5932.5,5960.6,5932.2,5938.7,12160,50,0
2025-02-03 12:00:00,5938.6,5959.9,5934.6,5948.4,6016,50,0
2025-02-03 14:00:00,5948.9,5954.9,5932.4,5941.6,9924,50,0
2025-02-03 16:00:00,5941.6,6004.7,5922.2,5997.4,32078,30,0
2025-02-03 18:00:00,5997.7,6010.9,5976.4,5992.3,27251,30,0
2025-02-03 20:00:00,5992.2,6022.0,5979.4,6016.0,17620,30,0
2025-02-03 22:00:00,6016.5,6033.9,5993.2,6028.1,14109,30,0
2025-02-04 00:00:00,6039.1,6039.2,6026.7,6030.7,2203,50,0
2025-02-04 02:00:00,6030.6,6030.9,6009.9,6016.2,3674,50,0
2025-02-04 04:00:00,6016.3,6016.9,5999.2,6003.4,3338,50,0
2025-02-04 06:00:00,6003.7,6009.1,5960.9,5984.9,9877,50,0
2025-02-04 08:00:00,5984.8,5996.6,5976.9,5990.3,6297,50,0
2025-02-04 10:00:00,5990.4,5995.2,5967.9,5980.9,11047,50,0
2025-02-04 12:00:00,5980.9,5992.9,5978.3,5986.6,5124,50,0
2025-02-04 14:00:00,5986.4,6004.9,5986.4,5995.7,5661,50,0
2025-02-04 16:00:00,5995.4,6032.2,5992.0,6023.2,14938,30,0
2025-02-04 18:00:00,6023.3,6040.7,6013.4,6029.4,10884,30,0
2025-02-04 20:00:00,6029.3,6042.9,6020.4,6034.2,6487,30,0
2025-02-04 22:00:00,6034.4,6041.9,6016.6,6019.6,9113,30,0
2025-02-05 00:00:00,6017.6,6022.6,6015.5,6016.9,1548,50,0
2025-02-05 02:00:00,6017.1,6027.7,6014.6,6016.6,3728,50,0
2025-02-05 04:00:00,6016.4,6019.4,6009.4,6010.4,2497,50,0
2025-02-05 06:00:00,6010.6,6013.1,6007.1,6007.9,1822,50,0
2025-02-05 08:00:00,6008.1,6011.4,5999.9,6005.4,3483,50,0
2025-02-05 10:00:00,6005.1,6014.9,5995.6,5997.1,7639,50,0
2025-02-05 12:00:00,5996.9,6011.9,5994.9,6011.1,3065,50,0
2025-02-05 14:00:00,6011.6,6020.9,6007.1,6019.0,4819,50,0
2025-02-05 16:00:00,6018.9,6030.2,6005.0,6025.3,14151,30,0
2025-02-05 18:00:00,6025.0,6051.8,6020.5,6046.3,9152,30,0
2025-02-05 20:00:00,6046.5,6056.1,6041.8,6050.3,5851,30,0
2025-02-05 22:00:00,6050.0,6066.7,6048.5,6064.7,4580,30,0
2025-02-06 00:00:00,6063.5,6066.0,6062.3,6065.5,709,50,0
2025-02-06 02:00:00,6065.0,6071.0,6065.0,6067.0,2062,50,0
2025-02-06 04:00:00,6066.8,6070.1,6065.5,6069.8,1173,50,0
2025-02-06 06:00:00,6069.8,6078.3,6069.3,6077.8,933,50,0
2025-02-06 08:00:00,6078.0,6078.0,6070.3,6070.9,1369,50,0
2025-02-06 10:00:00,6070.8,6080.3,6068.0,6074.0,3366,50,0
2025-02-06 12:00:00,6074.3,6076.8,6062.0,6063.6,3065,50,0
2025-02-06 14:00:00,6063.5,6076.4,6062.0,6076.1,2857,50,0
2025-02-06 16:00:00,6076.3,6081.3,6060.9,6065.9,10260,30,0
2025-02-06 18:00:00,6065.9,6077.0,6065.1,6075.5,6821,30,0
2025-02-06 20:00:00,6075.5,6079.2,6045.5,6056.2,7554,30,0
2025-02-06 22:00:00,6056.2,6083.7,6050.8,6070.9,8815,30,0
2025-02-07 00:00:00,6067.3,6078.4,6066.6,6077.4,1019,50,0
2025-02-07 02:00:00,6077.4,6085.1,6075.1,6083.9,1465,50,0
2025-02-07 04:00:00,6084.1,6085.1,6079.1,6079.6,945,50,0
2025-02-07 06:00:00,6079.9,6079.9,6075.3,6076.1,718,50,0
2025-02-07 08:00:00,6076.4,6079.9,6071.1,6077.6,1572,50,0
2025-02-07 10:00:00,6077.9,6083.6,6075.4,6081.4,3378,50,0
2025-02-07 12:00:00,6081.3,6086.1,6078.4,6084.6,1513,50,0
2025-02-07 14:00:00,6084.5,6091.1,6065.0,6086.4,6684,50,0
2025-02-07 16:00:00,6086.1,6100.2,6030.3,6052.8,21498,30,0
2025-02-07 18:00:00,6053.0,6063.8,6024.5,6039.8,26900,30,0
2025-02-07 20:00:00,6040.0,6056.0,6022.0,6029.5,12029,30,0
2025-02-07 22:00:00,6029.5,6031.6,6019.0,6027.4,7210,30,0
2025-02-10 00:00:00,6006.4,6040.0,6003.8,6038.8,3652,50,0
2025-02-10 02:00:00,6038.7,6048.9,6036.4,6042.9,3498,50,0
2025-02-10 04:00:00,6042.7,6044.5,6039.9,6044.2,1292,50,0
2025-02-10 06:00:00,6044.3,6049.2,6042.1,6045.2,1294,50,0
2025-02-10 08:00:00,6045.5,6045.7,6040.5,6042.0,1475,50,0
2025-02-10 10:00:00,6041.5,6050.5,6040.5,6049.0,3147,50,0
2025-02-10 12:00:00,6048.7,6056.0,6047.2,6055.2,2420,50,0
2025-02-10 14:00:00,6055.1,6063.5,6052.2,6063.0,2070,50,0
2025-02-10 16:00:00,6063.2,6072.3,6045.8,6067.6,9787,30,0
2025-02-10 18:00:00,6067.6,6070.1,6050.1,6064.4,7468,30,0
2025-02-10 20:00:00,6064.4,6073.5,6063.6,6067.9,4196,30,0
2025-02-10 22:00:00,6068.2,6070.4,6060.7,6065.1,3472,30,0
2025-02-11 00:00:00,6060.9,6062.3,6049.7,6054.7,1547,50,0
2025-02-11 02:00:00,6054.5,6058.9,6052.2,6053.7,1606,50,0
2025-02-11 04:00:00,6053.9,6054.0,6045.9,6051.9,1816,50,0
2025-02-11 06:00:00,6051.7,6055.2,6050.9,6053.9,725,50,0
2025-02-11 08:00:00,6053.7,6054.2,6042.7,6042.7,1480,50,0
2025-02-11 10:00:00,6042.8,6053.0,6040.4,6046.3,4050,50,0
2025-02-11 12:00:00,6046.4,6051.5,6042.5,6051.3,2108,50,0
2025-02-11 14:00:00,6051.3,6052.5,6036.0,6037.0,4098,50,0
2025-02-11 16:00:00,6036.9,6069.9,6035.5,6064.4,9591,30,0
2025-02-11 18:00:00,6064.6,6067.6,6048.4,6054.9,7905,30,0
2025-02-11 20:00:00,6054.6,6076.4,6052.6,6071.9,6128,30,0
2025-02-11 22:00:00,6072.1,6074.4,6064.1,6068.0,3547,30,0
2025-02-12 00:00:00,6071.0,6073.0,6064.2,6070.5,1090,50,0
2025-02-12 02:00:00,6070.2,6074.5,6067.7,6073.2,1972,50,0
2025-02-12 04:00:00,6073.5,6073.6,6065.6,6066.1,1042,50,0
2025-02-12 06:00:00,6066.0,6067.1,6063.2,6064.0,796,50,0
2025-02-12 08:00:00,6064.2,6067.2,6063.2,6067.0,974,50,0
2025-02-12 10:00:00,6067.2,6070.0,6053.2,6060.1,2843,50,0
2025-02-12 12:00:00,6060.0,6065.5,6057.5,6063.5,2361,50,0
2025-02-12 14:00:00,6063.6,6074.7,6002.5,6009.0,8845,50,0
2025-02-12 16:00:00,6009.2,6051.3,5998.7,6042.6,18794,30,0
2025-02-12 18:00:00,6042.8,6063.8,6019.6,6062.6,13233,30,0
2025-02-12 20:00:00,6062.3,6064.1,6043.8,6057.6,7614,30,0
2025-02-12 22:00:00,6057.6,6060.0,6044.3,6059.5,5386,30,0
2025-02-13 00:00:00,6058.9,6065.8,6057.0,6064.3,1005,50,0
2025-02-13 02:00:00,6064.1,6066.8,6061.0,6063.8,1910,50,0
2025-02-13 04:00:00,6063.5,6068.5,6060.0,6066.8,1227,50,0
2025-02-13 06:00:00,6067.0,6070.1,6064.3,6065.5,1124,50,0
2025-02-13 08:00:00,6065.4,6068.6,6055.0,6057.4,2484,50,0
2025-02-13 10:00:00,6057.3,6058.0,6033.6,6051.0,7340,50,0
2025-02-13 12:00:00,6051.0,6057.8,6044.8,6050.8,4554,50,0
2025-02-13 14:00:00,6051.0,6066.5,6043.3,6064.5,8342,50,0
2025-02-13 16:00:00,6064.8,6093.6,6050.6,6089.6,12929,30,0
2025-02-13 18:00:00,6089.9,6092.7,6074.7,6079.5,8234,30,0
2025-02-13 20:00:00,6079.7,6111.0,6067.5,6107.0,12289,30,0
2025-02-13 22:00:00,6107.0,6117.2,6106.0,6111.9,3893,30,0
2025-02-14 00:00:00,6112.8,6115.8,6111.1,6112.6,1046,50,0
2025-02-14 02:00:00,6112.8,6122.1,6110.6,6122.1,2294,50,0
2025-02-14 04:00:00,6121.9,6123.6,6119.8,6122.1,1047,50,0
2025-02-14 06:00:00,6121.8,6123.1,6117.6,6118.3,752,50,0
2025-02-14 08:00:00,6118.1,6125.6,6117.7,6121.8,1425,50,0
2025-02-14 10:00:00,6121.8,6121.9,6111.1,6113.3,3088,50,0
2025-02-14 12:00:00,6113.2,6113.3,6100.1,6103.3,2841,50,0
2025-02-14 14:00:00,6103.6,6112.6,6102.8,6111.6,3244,50,0
2025-02-14 16:00:00,6111.6,6123.9,6110.1,6120.4,6926,30,0
2025-02-14 18:00:00,6120.4,6123.6,6105.9,6114.1,5953,30,0
2025-02-14 20:00:00,6114.4,6122.9,6112.1,6117.6,3854,30,0
2025-02-14 22:00:00,6117.4,6117.9,6108.8,6112.5,3084,30,0
2025-02-17 00:00:00,6118.9,6120.1,6111.9,6115.4,937,50,0
2025-02-17 02:00:00,6115.1,6121.1,6113.8,6119.6,1651,50,0
2025-02-17 04:00:00,6119.9,6123.1,6119.1,6122.9,536,50,0
2025-02-17 06:00:00,6122.6,6127.1,6121.1,6125.6,598,50,0
2025-02-17 08:00:00,6125.6,6126.1,6119.9,6120.1,740,50,0
2025-02-17 10:00:00,6120.1,6124.4,6118.9,6124.1,1345,50,0
2025-02-17 12:00:00,6123.9,6126.4,6122.1,6123.0,808,50,0
2025-02-17 14:00:00,6123.4,6126.9,6122.5,6126.6,700,50,0
2025-02-17 16:00:00,6126.4,6127.9,6117.2,6122.2,2147,30,0
2025-02-17 18:00:00,6122.2,6127.7,6121.5,6126.0,829,30,0
2025-02-18 00:00:00,6126.2,6126.4,6117.7,6122.0,849,50,0
2025-02-18 02:00:00,6121.9,6124.7,6119.7,6124.0,1627,50,0
2025-02-18 04:00:00,6124.2,6126.5,6122.2,6126.2,809,50,0
2025-02-18 06:00:00,6126.4,6126.5,6123.7,6124.5,514,50,0
2025-02-18 08:00:00,6124.2,6137.7,6124.0,6137.0,1261,50,0
2025-02-18 10:00:00,6136.9,6137.2,6127.0,6128.0,2664,50,0
2025-02-18 12:00:00,6127.7,6134.5,6125.2,6132.7,1294,50,0
2025-02-18 14:00:00,6132.6,6138.2,6131.5,6137.2,1746,50,0
2025-02-18 16:00:00,6137.4,6138.0,6108.3,6120.8,10246,30,0
2025-02-18 18:00:00,6120.6,6123.8,6112.6,6118.8,5526,30,0
2025-02-18 20:00:00,6118.6,6121.8,6098.8,6114.1,6159,30,0
2025-02-18 22:00:00,6114.3,6130.0,6111.8,6125.0,3452,30,0
2025-02-19 00:00:00,6130.6,6131.8,6127.8,6131.0,800,50,0
2025-02-19 02:00:00,6130.8,6137.3,6129.9,6136.3,1452,50,0
2025-02-19 04:00:00,6136.0,6138.3,6134.0,6137.5,884,50,0
2025-02-19 06:00:00,6137.5,6137.5,6132.5,6134.3,640,50,0
2025-02-19 08:00:00,6134.1,6136.0,6131.5,6131.5,973,50,0
2025-02-19 10:00:00,6131.6,6135.8,6129.8,6130.8,1824,50,0
2025-02-19 12:00:00,6131.0,6131.3,6116.5,6120.5,2454,50,0
2025-02-19 14:00:00,6120.5,6127.3,6113.3,6116.5,3469,50,0
2025-02-19 16:00:00,6116.5,6123.9,6110.9,6116.4,8263,30,0
2025-02-19 18:00:00,6116.6,6135.1,6116.4,6131.1,4759,30,0
2025-02-19 20:00:00,6131.4,6147.6,6121.6,6146.6,4893,30,0
2025-02-19 22:00:00,6146.6,6146.6,6133.6,6136.3,4831,30,0
2025-02-20 00:00:00,6138.3,6139.0,6134.1,6136.6,655,50,0
2025-02-20 02:00:00,6136.3,6138.8,6127.6,6128.8,2127,50,0
2025-02-20 04:00:00,6128.6,6131.3,6126.8,6128.6,1719,50,0
2025-02-20 06:00:00,6128.3,6128.6,6125.1,6125.6,928,50,0
2025-02-20 08:00:00,6125.6,6128.0,6123.3,6124.1,1655,50,0
2025-02-20 10:00:00,6124.3,6134.3,6123.8,6133.8,2237,50,0
2025-02-20 12:00:00,6133.8,6136.3,6124.6,6125.6,1480,50,0
2025-02-20 14:00:00,6125.3,6130.1,6122.6,6127.8,2881,50,0
2025-02-20 16:00:00,6127.6,6131.8,6084.4,6087.7,13345,30,0
2025-02-20 18:00:00,6087.7,6105.2,6085.2,6094.4,9273,30,0
2025-02-20 20:00:00,6094.2,6115.4,6090.4,6112.9,6495,30,0
2025-02-20 22:00:00,6113.2,6121.4,6106.9,6114.6,4346,30,0
2025-02-21 00:00:00,6115.5,6122.7,6115.5,6120.4,781,50,0
2025-02-21 02:00:00,6120.2,6122.4,6115.4,6116.5,2090,50,0
2025-02-21 04:00:00,6116.7,6119.2,6115.9,6116.2,903,50,0
2025-02-21 06:00:00,6116.4,6117.4,6111.4,6113.4,739,50,0
2025-02-21 08:00:00,6113.3,6120.4,6113.2,6115.2,1023,50,0
2025-02-21 10:00:00,6115.2,6120.7,6110.4,6120.7,3242,50,0
2025-02-21 12:00:00,6120.9,6121.9,6118.0,6119.7,1236,50,0
2025-02-21 14:00:00,6119.4,6124.7,6115.4,6122.7,2577,50,0
2025-02-21 16:00:00,6122.3,6125.4,6070.8,6081.5,15063,30,0
2025-02-21 18:00:00,6081.8,6088.3,6049.3,6051.5,12729,30,0
2025-02-21 20:00:00,6051.3,6051.8,6008.3,6013.9,16187,30,0
2025-02-21 22:00:00,6013.8,6022.8,6008.8,6012.7,8430,30,0
2025-02-24 00:00:00,6022.8,6036.6,6017.8,6034.3,2155,50,0
2025-02-24 02:00:00,6034.6,6043.1,6031.3,6034.3,3119,50,0
2025-02-24 04:00:00,6034.6,6042.8,6033.8,6042.8,1523,50,0
2025-02-24 06:00:00,6043.1,6046.6,6041.3,6045.3,948,50,0
2025-02-24 08:00:00,6045.1,6047.3,6034.8,6039.0,2312,50,0
2025-02-24 10:00:00,6039.0,6051.3,6025.6,6045.8,5930,50,0
2025-02-24 12:00:00,6045.6,6046.8,6039.8,6045.6,2451,50,0
2025-02-24 14:00:00,6045.3,6046.1,6037.6,6045.6,3139,50,0
2025-02-24 16:00:00,6045.3,6046.3,5977.9,5990.2,20145,30,0
2025-02-24 18:00:00,5990.4,6031.2,5987.9,6019.7,14525,30,0
2025-02-24 20:00:00,6019.4,6030.4,6007.1,6011.4,10424,30,0
2025-02-24 22:00:00,6011.1,6013.9,5979.9,5989.5,8553,30,0
2025-02-25 00:00:00,5992.4,5993.2,5979.6,5983.9,1598,50,0
2025-02-25 02:00:00,5983.6,5998.4,5983.6,5998.1,3204,50,0
2025-02-25 04:00:00,5998.1,6000.4,5989.9,5995.6,1736,50,0
2025-02-25 06:00:00,5995.9,5998.1,5993.1,5995.1,1267,50,0
2025-02-25 08:00:00,5995.0,5996.6,5966.9,5967.1,3979,50,0
2025-02-25 10:00:00,5967.1,5989.1,5964.1,5964.4,9055,50,0
2025-02-25 12:00:00,5964.5,5984.1,5962.4,5981.1,5326,50,0
2025-02-25 14:00:00,5981.4,5995.4,5978.6,5987.1,5872,50,0
2025-02-25 16:00:00,5987.4,5992.1,5918.1,5936.5,24856,30,0
2025-02-25 18:00:00,5936.7,5961.2,5908.7,5961.0,19157,30,0
2025-02-25 20:00:00,5961.2,5975.0,5943.2,5965.8,16204,30,0
2025-02-25 22:00:00,5966.0,5980.0,5949.2,5963.9,13207,30,0
2025-02-26 00:00:00,5971.4,5973.1,5967.1,5970.9,1039,50,0
2025-02-26 02:00:00,5970.6,5974.1,5965.1,5966.6,1925,50,0
2025-02-26 04:00:00,5966.8,5977.9,5962.9,5973.6,1654,50,0
2025-02-26 06:00:00,5973.6,5979.9,5972.4,5979.6,840,50,0
2025-02-26 08:00:00,5979.4,5980.9,5975.6,5978.4,1616,50,0
2025-02-26 10:00:00,5978.6,5987.6,5975.4,5983.1,3183,50,0
2025-02-26 12:00:00,5983.4,5988.4,5978.1,5981.1,2194,50,0
2025-02-26 14:00:00,5980.9,5989.4,5974.5,5978.1,4266,50,0
2025-02-26 16:00:00,5977.9,6005.7,5963.7,6001.7,18162,30,0
2025-02-26 18:00:00,6002.0,6009.0,5964.0,5969.2,16195,30,0
2025-02-26 20:00:00,5969.0,5971.5,5931.0,5940.2,18115,30,0
2025-02-26 22:00:00,5940.5,5981.0,5936.4,5974.4,15990,30,0
2025-02-27 00:00:00,5966.0,5969.7,5952.2,5964.5,2828,50,0
2025-02-27 02:00:00,5964.2,5968.0,5947.2,5956.5,5958,50,0
2025-02-27 04:00:00,5956.4,5967.7,5954.7,5959.2,3181,50,0
2025-02-27 06:00:00,5959.5,5979.5,5956.5,5976.2,2355,50,0
2025-02-27 08:00:00,5976.2,5989.0,5975.5,5980.4,3649,50,0
2025-02-27 10:00:00,5980.5,5993.0,5976.2,5991.2,6219,50,0
2025-02-27 12:00:00,5991.4,5997.0,5987.5,5996.9,3698,50,0
2025-02-27 14:00:00,5996.7,6000.5,5963.9,5972.2,9243,50,0
2025-02-27 16:00:00,5972.0,5993.3,5917.8,5947.3,29588,30,0
2025-02-27 18:00:00,5947.6,5975.3,5926.3,5946.8,22005,30,0
2025-02-27 20:00:00,5947.1,5964.3,5895.3,5905.1,19910,30,0
2025-02-27 22:00:00,5905.1,5905.8,5859.3,5867.7,15946,30,0
2025-02-28 00:00:00,5872.9,5876.1,5869.4,5873.9,2067,50,0
2025-02-28 02:00:00,5873.6,5875.9,5846.2,5863.6,5859,50,0
2025-02-28 04:00:00,5863.6,5868.6,5844.9,5852.6,7276,50,0
2025-02-28 06:00:00,5852.9,5871.3,5849.9,5867.4,4371,50,0
2025-02-28 08:00:00,5867.2,5873.4,5857.2,5871.7,5480,50,0
2025-02-28 10:00:00,5871.9,5884.4,5869.4,5880.4,6473,50,0
2025-02-28 12:00:00,5880.2,5887.9,5878.7,5884.2,2923,50,0
2025-02-28 14:00:00,5884.3,5886.9,5868.9,5874.2,10423,50,0
2025-02-28 16:00:00,5874.2,5900.5,5844.8,5900.0,28360,30,0
2025-02-28 18:00:00,5900.3,5901.8,5847.4,5848.0,22230,30,0
2025-02-28 20:00:00,5848.0,5893.8,5835.8,5892.3,25146,30,0
2025-02-28 22:00:00,5892.0,5958.8,5888.0,5946.9,15450,30,0
2025-03-03 00:00:00,5958.2,5973.7,5955.5,5963.8,3686,50,0
2025-03-03 02:00:00,5963.9,5965.2,5937.0,5954.8,10231,50,0
2025-03-03 04:00:00,5954.5,5958.5,5946.8,5954.3,4632,50,0
2025-03-03 06:00:00,5954.0,5968.8,5953.8,5966.8,2204,50,0
2025-03-03 08:00:00,5966.5,5971.5,5954.3,5960.8,5651,50,0
2025-03-03 10:00:00,5960.7,5972.0,5945.3,5971.5,10359,50,0
2025-03-03 12:00:00,5971.5,5978.5,5964.3,5977.8,3691,50,0
2025-03-03 14:00:00,5977.7,5989.8,5969.8,5974.8,6643,50,0
2025-03-03 16:00:00,5975.0,5986.4,5920.3,5936.8,27980,30,0
2025-03-03 18:00:00,5936.6,5957.8,5923.8,5932.3,23872,30,0
2025-03-03 20:00:00,5932.6,5933.8,5872.1,5872.8,27353,30,0
2025-03-03 22:00:00,5872.8,5872.8,5811.1,5864.0,23224,30,0
2025-03-04 00:00:00,5860.0,5869.5,5856.4,5859.0,2924,50,0
2025-03-04 02:00:00,5858.8,5870.0,5848.8,5850.3,8964,50,0
2025-03-04 04:00:00,5850.2,5866.3,5848.7,5862.5,6279,50,0
2025-03-04 06:00:00,5862.8,5872.8,5848.4,5866.7,6412,50,0
2025-03-04 08:00:00,5866.5,5870.2,5848.5,5851.8,8123,50,0
2025-03-04 10:00:00,5851.8,5867.2,5845.5,5851.8,13847,50,0
2025-03-04 12:00:00,5852.0,5854.5,5837.7,5844.5,11188,50,0
2025-03-04 14:00:00,5844.2,5844.2,5800.8,5809.3,17183,50,0
2025-03-04 16:00:00,5808.3,5824.0,5732.9,5751.4,38398,30,0
2025-03-04 18:00:00,5751.4,5795.6,5733.4,5775.4,35103,30,0
2025-03-04 20:00:00,5775.6,5841.9,5770.9,5839.1,30885,30,0
2025-03-04 22:00:00,5839.1,5864.4,5757.4,5815.4,29681,30,0
2025-03-05 00:00:00,5817.2,5827.3,5812.7,5823.4,2885,50,0
2025-03-05 02:00:00,5823.6,5826.3,5797.6,5809.3,11301,50,0
2025-03-05 04:00:00,5809.4,5821.3,5797.8,5818.1,10369,50,0
2025-03-05 06:00:00,5817.8,5823.3,5807.2,5816.6,4123,50,0
2025-03-05 08:00:00,5816.4,5821.7,5808.1,5811.7,6122,50,0
2025-03-05 10:00:00,5811.8,5833.6,5806.7,5829.2,12007,50,0
2025-03-05 12:00:00,5829.3,5832.3,5785.8,5798.9,9957,50,0
2025-03-05 14:00:00,5799.4,5805.8,5773.2,5777.9,16127,50,0
2025-03-05 16:00:00,5778.1,5807.1,5759.9,5780.1,38036,30,0
2025-03-05 18:00:00,5780.0,5820.3,5741.6,5818.6,31996,30,0
2025-03-05 20:00:00,5818.6,5854.6,5788.5,5842.1,34141,30,0
2025-03-05 22:00:00,5842.0,5860.1,5825.1,5835.9,20205,30,0
2025-03-06 00:00:00,5838.4,5844.7,5832.9,5836.4,1953,50,0
2025-03-06 02:00:00,5836.2,5841.2,5829.4,5834.7,4515,50,0
2025-03-06 04:00:00,5834.9,5838.4,5829.9,5837.7,2628,50,0
2025-03-06 06:00:00,5837.4,5841.2,5834.1,5834.2,1913,50,0
2025-03-06 08:00:00,5834.4,5841.2,5815.4,5815.9,4591,50,0
2025-03-06 10:00:00,5815.7,5821.8,5777.7,5783.7,18558,50,0
2025-03-06 12:00:00,5783.9,5788.9,5766.9,5788.1,11038,50,0
2025-03-06 14:00:00,5788.2,5789.2,5760.7,5770.9,12970,50,0
2025-03-06 16:00:00,5770.9,5812.0,5744.8,5799.0,30999,30,0
2025-03-06 18:00:00,5799.3,5813.5,5721.5,5741.8,32756,30,0
2025-03-06 20:00:00,5741.8,5759.9,5711.6,5720.5,29035,30,0
2025-03-06 22:00:00,5720.6,5763.2,5715.1,5753.7,24223,30,0
2025-03-07 00:00:00,5757.1,5761.1,5753.0,5756.3,1972,50,0
2025-03-07 02:00:00,5756.4,5766.0,5748.0,5760.0,6601,50,0
2025-03-07 04:00:00,5760.3,5765.6,5752.3,5752.8,3719,50,0
2025-03-07 06:00:00,5752.6,5756.8,5746.0,5748.5,2853,50,0
2025-03-07 08:00:00,5748.5,5755.8,5741.5,5753.6,5831,50,0
2025-03-07 10:00:00,5753.8,5764.5,5745.3,5759.3,10229,50,0
2025-03-07 12:00:00,5759.5,5760.5,5747.8,5756.5,5434,50,0
2025-03-07 14:00:00,5756.3,5777.9,5720.9,5725.8,15484,50,0
2025-03-07 16:00:00,5725.8,5769.1,5692.9,5717.6,40482,30,0
2025-03-07 18:00:00,5717.6,5739.1,5664.6,5710.0,37419,30,0
2025-03-07 20:00:00,5709.9,5781.6,5709.6,5760.6,33975,30,0
2025-03-07 22:00:00,5760.5,5782.6,5736.6,5764.0,19691,30,0
2025-03-10 00:00:00,5731.6,5740.2,5716.1,5720.7,5847,50,0
2025-03-10 02:00:00,5720.8,5732.5,5703.2,5731.2,9230,50,0
2025-03-10 04:00:00,5731.3,5748.0,5730.2,5745.0,4087,50,0
2025-03-10 06:00:00,5744.7,5750.0,5737.3,5738.6,3076,50,0
2025-03-10 08:00:00,5738.5,5745.5,5734.1,5740.8,3422,50,0
2025-03-10 10:00:00,5741.0,5746.7,5696.0,5698.5,12116,50,0
2025-03-10 12:00:00,5698.2,5724.2,5695.7,5701.7,12361,50,0
2025-03-10 14:00:00,5701.5,5715.7,5680.2,5694.0,12006,50,0
2025-03-10 16:00:00,5693.7,5704.1,5639.6,5647.9,34287,30,0
2025-03-10 18:00:00,5647.9,5674.2,5632.5,5638.2,33109,30,0
2025-03-10 20:00:00,5638.0,5639.7,5578.7,5580.9,28889,30,0
2025-03-10 22:00:00,5580.9,5632.8,5563.7,5621.3,26579,30,0
2025-03-11 00:00:00,5613.4,5618.4,5598.6,5604.0,4383,50,0
2025-03-11 02:00:00,5604.2,5608.2,5551.7,5566.1,14493,50,0
2025-03-11 04:00:00,5566.1,5613.5,5551.0,5606.4,18010,50,0
2025-03-11 06:00:00,5606.5,5630.2,5606.5,5623.4,8073,50,0
2025-03-11 08:00:00,5623.2,5631.7,5618.6,5622.7,6641,50,0
2025-03-11 10:00:00,5622.7,5636.7,5608.7,5636.7,14730,50,0
2025-03-11 12:00:00,5636.6,5639.7,5625.2,5632.5,10119,50,0
2025-03-11 14:00:00,5632.2,5644.2,5609.2,5612.2,11449,50,0
2025-03-11 16:00:00,5612.1,5629.3,5548.8,5556.3,41088,30,0
2025-03-11 18:00:00,5556.1,5608.3,5543.8,5550.8,42023,30,0
2025-03-11 20:00:00,5551.1,5637.1,5528.3,5623.8,38183,30,0
2025-03-11 22:00:00,5623.8,5634.5,5566.5,5569.9,29130,30,0
2025-03-12 00:00:00,5578.4,5588.9,5569.1,5586.1,2899,50,0
2025-03-12 02:00:00,5585.8,5592.8,5577.1,5586.7,6728,50,0
2025-03-12 04:00:00,5586.6,5593.1,5580.2,5585.2,4997,50,0
2025-03-12 06:00:00,5585.3,5590.1,5579.6,5585.2,2840,50,0
2025-03-12 08:00:00,5585.3,5592.1,5573.6,5576.8,3376,50,0
2025-03-12 10:00:00,5576.6,5607.6,5571.8,5605.6,12879,50,0
2025-03-12 12:00:00,5605.8,5611.6,5600.1,5608.1,7829,50,0
2025-03-12 14:00:00,5607.8,5668.6,5607.3,5638.1,15305,50,0
2025-03-12 16:00:00,5638.3,5640.6,5562.9,5564.3,36183,30,0
2025-03-12 18:00:00,5564.2,5620.9,5544.9,5598.8,31535,30,0
2025-03-12 20:00:00,5598.9,5627.7,5586.3,5620.4,27502,30,0
2025-03-12 22:00:00,5620.4,5620.4,5589.3,5591.9,18264,30,0
2025-03-13 00:00:00,5594.3,5606.0,5590.3,5604.0,2377,50,0
2025-03-13 02:00:00,5603.9,5617.8,5603.5,5605.8,4519,50,0
2025-03-13 04:00:00,5605.5,5608.4,5597.3,5598.3,4906,50,0
2025-03-13 06:00:00,5598.1,5598.8,5572.1,5575.5,5282,50,0
2025-03-13 08:00:00,5575.4,5579.8,5558.3,5577.0,9172,50,0
2025-03-13 10:00:00,5576.9,5580.0,5554.5,5574.8,16426,50,0
2025-03-13 12:00:00,5574.5,5604.5,5567.0,5594.5,8732,50,0
2025-03-13 14:00:00,5594.8,5598.4,5570.4,5589.5,13894,50,0
2025-03-13 16:00:00,5589.5,5598.5,5552.4,5567.3,36304,30,0
2025-03-13 18:00:00,5567.5,5577.0,5520.8,5533.4,32999,30,0
2025-03-13 20:00:00,5533.3,5550.0,5504.0,5546.5,25515,30,0
2025-03-13 22:00:00,5546.3,5553.4,5508.8,5532.2,17389,30,0
2025-03-14 00:00:00,5536.2,5551.2,5534.0,5547.0,2820,50,0
2025-03-14 02:00:00,5547.1,5561.2,5541.7,5556.0,5326,50,0
2025-03-14 04:00:00,5556.2,5564.0,5553.0,5562.5,4066,50,0
2025-03-14 06:00:00,5562.5,5566.5,5560.1,5563.2,2334,50,0
2025-03-14 08:00:00,5563.0,5567.0,5550.7,5557.4,3302,50,0
2025-03-14 10:00:00,5557.5,5566.2,5547.2,5561.7,8944,50,0
2025-03-14 12:00:00,5562.0,5573.2,5553.2,5567.7,7967,50,0
2025-03-14 14:00:00,5567.6,5582.2,5559.0,5576.0,8410,50,0
2025-03-14 16:00:00,5576.0,5608.6,5562.0,5608.5,29879,30,0
2025-03-14 18:00:00,5608.6,5630.1,5605.6,5626.6,23423,30,0
2025-03-14 20:00:00,5626.3,5633.7,5608.1,5623.6,21125,30,0
2025-03-14 22:00:00,5623.3,5643.8,5616.7,5623.2,11580,30,0
2025-03-17 00:00:00,5623.6,5628.6,5601.6,5603.7,5370,50,0
2025-03-17 02:00:00,5603.8,5613.8,5599.3,5610.3,5840,50,0
2025-03-17 04:00:00,5610.2,5614.3,5606.1,5607.3,4294,50,0
2025-03-17 06:00:00,5607.2,5609.6,5603.8,5606.8,2980,50,0
2025-03-17 08:00:00,5607.1,5608.6,5598.1,5602.3,2565,50,0
2025-03-17 10:00:00,5602.5,5611.6,5595.8,5610.0,8359,50,0
2025-03-17 12:00:00,5609.8,5625.6,5606.8,5624.1,5692,50,0
2025-03-17 14:00:00,5623.8,5645.7,5613.7,5638.3,9471,50,0
2025-03-17 16:00:00,5638.1,5670.4,5628.6,5646.7,33581,30,0
2025-03-17 18:00:00,5646.7,5659.0,5634.7,5652.4,30288,30,0
2025-03-17 20:00:00,5652.2,5703.7,5645.9,5698.2,18995,30,0
2025-03-17 22:00:00,5698.4,5699.7,5670.1,5676.3,14406,30,0
2025-03-18 00:00:00,5677.7,5683.3,5677.0,5682.5,1749,50,0
2025-03-18 02:00:00,5682.8,5682.9,5669.3,5672.3,3562,50,0
2025-03-18 04:00:00,5672.2,5674.5,5661.0,5663.5,3798,50,0
2025-03-18 06:00:00,5663.7,5664.3,5652.8,5655.0,2372,50,0
2025-03-18 08:00:00,5654.8,5665.5,5654.5,5664.5,2321,50,0
2025-03-18 10:00:00,5664.4,5680.3,5661.7,5677.0,7361,50,0
2025-03-18 12:00:00,5677.2,5680.3,5650.3,5664.8,8578,50,0
2025-03-18 14:00:00,5665.0,5669.7,5650.5,5651.8,9911,50,0
2025-03-18 16:00:00,5651.5,5656.2,5607.5,5613.5,34866,30,0
2025-03-18 18:00:00,5613.7,5623.9,5596.8,5614.2,30257,30,0
2025-03-18 20:00:00,5614.2,5627.5,5598.5,5619.7,30929,30,0
2025-03-18 22:00:00,5619.7,5623.9,5604.5,5615.1,17095,30,0
2025-03-19 00:00:00,5616.1,5619.5,5606.9,5616.9,1537,50,0
2025-03-19 02:00:00,5616.9,5635.5,5613.3,5632.3,3726,50,0
2025-03-19 04:00:00,5632.1,5632.9,5625.5,5625.8,3266,50,0
2025-03-19 06:00:00,5626.0,5628.8,5620.8,5622.0,1579,50,0
2025-03-19 08:00:00,5622.1,5627.5,5617.3,5622.3,2162,50,0
2025-03-19 10:00:00,5622.0,5625.3,5603.8,5619.4,9145,50,0
2025-03-19 12:00:00,5619.3,5633.8,5614.5,5628.9,5550,50,0
2025-03-19 14:00:00,5628.8,5634.5,5621.5,5626.5,4851,50,0
2025-03-19 16:00:00,5626.8,5660.0,5622.1,5641.2,22166,30,0
2025-03-19 18:00:00,5641.0,5669.5,5639.5,5655.7,13539,30,0
2025-03-19 20:00:00,5655.7,5692.0,5630.5,5689.0,26349,30,0
2025-03-19 22:00:00,5689.0,5716.5,5672.5,5676.4,18217,30,0
2025-03-20 00:00:00,5679.7,5693.4,5678.5,5689.6,1482,50,0
2025-03-20 02:00:00,5689.8,5698.4,5687.6,5696.9,2432,50,0
2025-03-20 04:00:00,5696.6,5700.6,5691.9,5699.1,1900,50,0
2025-03-20 06:00:00,5699.4,5705.6,5699.4,5701.9,1264,50,0
2025-03-20 08:00:00,5701.8,5704.4,5695.9,5696.9,1835,50,0
2025-03-20 10:00:00,5696.5,5703.6,5694.4,5699.6,4789,50,0
2025-03-20 12:00:00,5699.9,5700.3,5628.4,5646.8,14883,50,0
2025-03-20 14:00:00,5646.6,5657.6,5641.4,5647.9,9816,50,0
2025-03-20 16:00:00,5647.6,5711.0,5630.4,5699.1,25364,30,0
2025-03-20 18:00:00,5699.1,5704.0,5660.5,5663.2,23482,30,0
2025-03-20 20:00:00,5663.0,5676.7,5641.0,5648.2,19311,30,0
2025-03-20 22:00:00,5648.2,5670.0,5647.5,5663.6,12015,30,0
2025-03-21 00:00:00,5664.5,5667.2,5661.3,5662.7,974,50,0
2025-03-21 02:00:00,5662.3,5670.9,5654.0,5667.7,3020,50,0
2025-03-21 04:00:00,5667.4,5671.9,5663.9,5667.5,2686,50,0
2025-03-21 06:00:00,5667.7,5667.7,5657.7,5658.9,2930,50,0
2025-03-21 08:00:00,5658.9,5664.4,5647.9,5664.2,3157,50,0
2025-03-21 10:00:00,5664.4,5665.4,5632.4,5639.9,9572,50,0
2025-03-21 12:00:00,5640.2,5653.2,5633.4,5644.9,7757,50,0
2025-03-21 14:00:00,5644.7,5651.4,5612.9,5614.2,9433,50,0
2025-03-21 16:00:00,5614.0,5636.3,5600.1,5635.8,29917,30,0
2025-03-21 18:00:00,5635.8,5658.8,5607.9,5658.5,21786,30,0
2025-03-21 20:00:00,5658.3,5661.3,5636.5,5647.5,15985,30,0
2025-03-21 22:00:00,5647.3,5671.1,5637.0,5666.8,10440,30,0
2025-03-24 00:00:00,5689.65,5703.05,5689.4,5691.65,5081,40,0
2025-03-24 02:00:00,5691.75,5706.05,5689.9,5704.5,7214,40,0
2025-03-24 04:00:00,5704.45,5705.6,5700.55,5704.4,5516,40,0
2025-03-24 06:00:00,5704.35,5706.3,5701.25,5703.5,3314,40,0
2025-03-24 08:00:00,5703.45,5713.6,5703.45,5712.6,3675,40,0
2025-03-24 10:00:00,5712.55,5727.3,5711.95,5725.25,10922,40,0
2025-03-24 12:00:00,5725.3,5730.85,5717.35,5728.45,9446,40,0
2025-03-24 14:00:00,5728.35,5736.65,5726.95,5735.1,10044,40,0
2025-03-24 16:00:00,5735.15,5759.75,5724.85,5758.65,26846,40,0
2025-03-24 18:00:00,5758.65,5767.3,5750.85,5754.15,21803,40,0
2025-03-24 20:00:00,5754.1,5759.45,5743.15,5758.95,22894,35,0
2025-03-24 22:00:00,5759.1,5773.6,5757.4,5761.15,12508,40,0
2025-03-25 00:00:00,5763.03,5763.03,5757.25,5758.3,1741,35,0
2025-03-25 02:00:00,5758.15,5762.4,5754.8,5762.15,4530,40,0
2025-03-25 04:00:00,5762.1,5764.05,5755.55,5757.15,5813,40,0
2025-03-25 06:00:00,5757.15,5758.25,5753.35,5753.95,2619,35,0
2025-03-25 08:00:00,5753.95,5756.15,5751.95,5756.15,2574,40,0
2025-03-25 10:00:00,5756.1,5761.2,5749.65,5753.25,9809,40,0
2025-03-25 12:00:00,5753.25,5766.75,5750.1,5766.0,8451,40,0
2025-03-25 14:00:00,5765.95,5781.65,5762.45,5774.6,9125,40,0
2025-03-25 16:00:00,5774.55,5785.0,5760.2,5780.6,27930,40,0
2025-03-25 18:00:00,5780.55,5782.9,5762.5,5770.2,22351,40,0
2025-03-25 20:00:00,5770.15,5776.05,5757.65,5759.8,22244,40,0
2025-03-25 22:00:00,5759.75,5780.15,5759.3,5779.9,15690,35,0
2025-03-26 00:00:00,5780.8,5783.7,5777.6,5778.95,1664,40,0
2025-03-26 02:00:00,5779.0,5785.3,5778.9,5783.2,3539,40,0
2025-03-26 04:00:00,5783.2,5783.2,5772.3,5776.4,4982,40,0
2025-03-26 06:00:00,5776.25,5776.7,5771.65,5774.95,2788,40,0
2025-03-26 08:00:00,5774.95,5776.65,5765.9,5770.75,3934,40,0
2025-03-26 10:00:00,5770.7,5777.15,5765.05,5767.4,9301,40,0
2025-03-26 12:00:00,5767.45,5774.2,5762.55,5774.15,10015,40,0
2025-03-26 14:00:00,5774.15,5780.2,5770.9,5778.4,8525,40,0
2025-03-26 16:00:00,5778.25,5783.3,5745.95,5755.2,31327,40,0
2025-03-26 18:00:00,5755.2,5759.3,5712.8,5714.85,31775,40,0
2025-03-26 20:00:00,5714.75,5722.15,5692.05,5694.1,31414,40,0
2025-03-26 22:00:00,5694.05,5716.15,5692.05,5703.25,21942,40,0
2025-03-27 00:00:00,5688.7,5702.4,5682.35,5687.55,7518,40,0
2025-03-27 02:00:00,5687.5,5704.2,5685.55,5699.95,8514,40,0
2025-03-27 04:00:00,5700.05,5712.1,5698.95,5711.0,7571,40,0
2025-03-27 06:00:00,5711.05,5719.3,5710.5,5717.65,4226,40,0
2025-03-27 08:00:00,5717.6,5722.35,5712.9,5714.2,6147,40,0
2025-03-27 10:00:00,5714.1,5716.05,5692.55,5713.65,18056,40,0
2025-03-27 12:00:00,5713.65,5719.45,5703.3,5703.7,13447,40,0
2025-03-27 14:00:00,5703.65,5710.7,5694.15,5701.55,18021,40,0
2025-03-27 16:00:00,5701.5,5728.2,5669.8,5728.2,37282,40,0
2025-03-27 18:00:00,5728.2,5729.25,5685.95,5686.4,36645,40,0
2025-03-27 20:00:00,5686.5,5712.45,5683.7,5695.95,35386,40,0
2025-03-27 22:00:00,5695.9,5720.75,5687.1,5691.05,23795,40,0
2025-03-28 00:00:00,5691.78,5695.9,5690.0,5691.05,2311,40,0
2025-03-28 02:00:00,5691.0,5693.05,5679.85,5692.5,6613,40,0
2025-03-28 04:00:00,5692.5,5696.5,5688.9,5693.8,5810,40,0
2025-03-28 06:00:00,5693.9,5696.8,5690.95,5695.05,3692,40,0
2025-03-28 08:00:00,5695.05,5699.15,5680.7,5681.45,5036,40,0
2025-03-28 10:00:00,5681.45,5684.4,5663.15,5676.9,18597,40,0
2025-03-28 12:00:00,5677.0,5691.0,5673.2,5686.3,11983,40,0
2025-03-28 14:00:00,5686.25,5688.0,5663.75,5663.75,17333,40,0
2025-03-28 16:00:00,5663.5,5685.95,5601.0,5606.7,39872,35,0
2025-03-28 18:00:00,5606.75,5616.35,5582.35,5583.5,35396,35,0
2025-03-28 20:00:00,5583.6,5587.85,5570.25,5580.2,32712,40,0
2025-03-28 22:00:00,5580.25,5585.15,5555.2,5555.95,23571,40,0
2025-03-31 00:00:00,5542.33,5553.05,5533.65,5547.8,6389,40,0
2025-03-31 02:00:00,5547.8,5547.85,5518.25,5533.45,16646,40,0
2025-03-31 04:00:00,5533.5,5545.1,5532.05,5535.45,14415,40,0
2025-03-31 06:00:00,5535.5,5541.55,5527.2,5539.95,9734,40,0
2025-03-31 08:00:00,5539.65,5544.4,5529.1,5534.25,12620,35,0
2025-03-31 10:00:00,5532.95,5544.25,5525.25,5525.6,23307,40,0
2025-03-31 12:00:00,5525.2,5530.5,5515.4,5525.2,15526,40,0
2025-03-31 14:00:00,5525.4,5528.5,5504.85,5527.15,19639,40,0
2025-03-31 16:00:00,5527.0,5538.2,5486.75,5534.5,39953,40,0
2025-03-31 18:00:00,5534.4,5563.6,5530.75,5550.75,38788,40,0
2025-03-31 20:00:00,5550.75,5597.0,5544.6,5581.5,37776,40,0
2025-03-31 22:00:00,5581.25,5624.5,5581.1,5596.7,26768,35,0
2025-04-01 00:00:00,5597.53,5601.1,5581.45,5594.05,5220,40,0
2025-04-01 02:00:00,5594.0,5600.6,5575.3,5581.15,12003,40,0
2025-04-01 04:00:00,5581.15,5595.7,5574.4,5595.4,10476,40,0
2025-04-01 06:00:00,5595.45,5596.75,5583.0,5588.9,5888,40,0
2025-04-01 08:00:00,5588.9,5605.8,5586.75,5604.9,10746,40,0
2025-04-01 10:00:00,5604.95,5616.15,5592.15,5608.75,18116,40,0
2025-04-01 12:00:00,5608.75,5618.35,5578.3,5593.35,18438,30,0
2025-04-01 14:00:00,5593.3,5594.1,5573.05,5589.65,23532,40,0
2025-04-01 16:00:00,5589.65,5618.0,5555.35,5617.0,41201,40,0
2025-04-01 18:00:00,5617.0,5649.2,5612.65,5626.15,40874,40,0
2025-04-01 20:00:00,5626.1,5630.85,5580.85,5595.9,38966,40,0
2025-04-01 22:00:00,5595.85,5634.85,5593.55,5626.95,26574,40,0
2025-04-02 00:00:00,5629.59,5651.2,5628.8,5639.85,4599,40,0
2025-04-02 02:00:00,5639.85,5644.0,5618.85,5621.85,11528,40,0
2025-04-02 04:00:00,5621.8,5628.3,5619.9,5624.4,10017,40,0
2025-04-02 06:00:00,5624.25,5625.8,5620.6,5624.9,4393,40,0
2025-04-02 08:00:00,5624.9,5627.85,5617.25,5622.25,7190,40,0
2025-04-02 10:00:00,5622.15,5627.9,5608.55,5614.3,17615,40,0
2025-04-02 12:00:00,5614.2,5620.35,5596.55,5599.85,15733,40,0
2025-04-02 14:00:00,5599.85,5602.7,5569.35,5581.5,21341,40,0
2025-04-02 16:00:00,5581.5,5643.65,5567.85,5641.7,40171,40,0
2025-04-02 18:00:00,5641.85,5681.75,5629.45,5678.1,39971,40,0
2025-04-02 20:00:00,5677.8,5695.5,5630.6,5632.05,39584,40,0
2025-04-02 22:00:00,5632.0,5729.2,5523.25,5541.45,42144,0,0
2025-04-03 00:00:00,5490.86,5505.45,5438.45,5484.55,15785,40,0
2025-04-03 02:00:00,5484.6,5511.35,5455.3,5488.2,25138,40,0
2025-04-03 04:00:00,5488.15,5520.4,5487.85,5519.2,19325,40,0
2025-04-03 06:00:00,5519.15,5520.4,5502.6,5512.55,12096,40,0
2025-04-03 08:00:00,5512.55,5518.1,5483.9,5485.1,17527,40,0
2025-04-03 10:00:00,5485.55,5512.65,5480.25,5507.95,24989,40,0
2025-04-03 12:00:00,5507.3,5512.75,5460.35,5472.9,21423,40,0
2025-04-03 14:00:00,5472.85,5494.0,5452.1,5453.8,25117,40,0
2025-04-03 16:00:00,5453.7,5496.5,5416.55,5417.65,46543,25,0
2025-04-03 18:00:00,5417.5,5480.55,5411.6,5450.95,46383,35,0
2025-04-03 20:00:00,5450.95,5460.6,5415.2,5434.35,41442,40,0
2025-04-03 22:00:00,5434.35,5436.0,5371.8,5377.45,32121,40,0
2025-04-04 00:00:00,5381.44,5390.8,5366.7,5379.3,6038,40,0
2025-04-04 02:00:00,5379.55,5393.85,5371.6,5382.5,15728,40,0
2025-04-04 04:00:00,5382.4,5388.2,5372.0,5373.9,13635,40,0
2025-04-04 06:00:00,5373.7,5374.3,5342.25,5344.35,16824,40,0
2025-04-04 08:00:00,5344.3,5387.75,5339.75,5366.35,20553,35,0
2025-04-04 10:00:00,5366.35,5373.9,5345.8,5350.4,32537,35,0
2025-04-04 12:00:00,5350.4,5354.75,5220.25,5232.5,37126,30,0
2025-04-04 14:00:00,5232.1,5271.55,5169.9,5262.5,42704,35,0
2025-04-04 16:00:00,5262.65,5280.6,5112.75,5168.05,51624,0,0
2025-04-04 18:00:00,5167.3,5239.1,5122.45,5132.75,52877,0,0
2025-04-04 20:00:00,5132.9,5170.75,5066.35,5089.2,49865,25,0
2025-04-04 22:00:00,5089.15,5151.3,5033.1,5059.25,42530,40,0
2025-04-07 00:00:00,4952.5,4952.5,4799.9,4856.25,17699,0,0
2025-04-07 02:00:00,4856.35,4897.4,4814.95,4896.65,33555,40,0
2025-04-07 04:00:00,4896.65,4957.6,4888.45,4927.15,31684,40,0
2025-04-07 06:00:00,4927.1,4930.05,4866.75,4889.8,28501,40,0
2025-04-07 08:00:00,4889.85,4930.85,4818.05,4825.5,31601,40,0
2025-04-07 10:00:00,4826.0,4918.4,4805.35,4889.05,42060,35,0
2025-04-07 12:00:00,4889.2,5002.55,4858.1,4960.5,37857,35,0
2025-04-07 14:00:00,4960.4,4999.55,4918.45,4974.85,41658,0,0
2025-04-07 16:00:00,4974.85,5247.25,4829.95,5072.4,44983,0,0
2025-04-07 18:00:00,5073.5,5112.1,4939.65,4969.85,51975,0,0
2025-04-07 20:00:00,4970.1,5120.05,4969.35,5046.8,51008,0,0
2025-04-07 22:00:00,5046.85,5108.0,5016.2,5080.05,41473,0,0
2025-04-08 00:00:00,5089.09,5107.2,5081.25,5107.05,5439,40,0
2025-04-08 02:00:00,5107.05,5137.2,5100.8,5103.65,21960,40,0
2025-04-08 04:00:00,5103.65,5150.0,5089.8,5141.95,22528,40,0
2025-04-08 06:00:00,5141.65,5146.0,5113.6,5129.5,13630,40,0
2025-04-08 08:00:00,5129.25,5139.8,5104.65,5135.05,18555,40,0
2025-04-08 10:00:00,5135.0,5154.65,5115.55,5143.65,29992,35,0
2025-04-08 12:00:00,5143.65,5146.5,5115.0,5133.65,23558,35,0
2025-04-08 14:00:00,5134.05,5210.85,5127.2,5187.35,34449,40,0
2025-04-08 16:00:00,5186.85,5267.4,5181.15,5195.05,49279,0,0
2025-04-08 18:00:00,5195.2,5209.75,5085.0,5086.3,50469,0,0
2025-04-08 20:00:00,5086.75,5105.55,5027.9,5030.6,50422,0,0
2025-04-08 22:00:00,5030.65,5035.25,4904.2,4973.0,40369,25,0
2025-04-09 00:00:00,4974.12,4975.4,4912.75,4938.85,11820,40,0
2025-04-09 02:00:00,4938.75,4938.75,4883.65,4894.75,26634,40,0
2025-04-09 04:00:00,4894.85,4962.7,4876.4,4925.3,26964,40,0
2025-04-09 06:00:00,4925.25,4934.9,4848.45,4865.85,26489,40,0
2025-04-09 08:00:00,4865.8,4931.85,4836.85,4914.3,28035,40,0
2025-04-09 10:00:00,4914.35,5017.5,4910.5,4992.6,33458,35,0
2025-04-09 12:00:00,4992.65,5004.85,4931.55,4958.6,25771,25,0
2025-04-09 14:00:00,4959.9,4960.15,4865.7,4926.1,36178,35,0
2025-04-09 16:00:00,4926.2,5046.9,4926.05,4944.85,50994,0,0
2025-04-09 18:00:00,4944.9,5039.9,4943.6,5026.05,47101,40,0
2025-04-09 20:00:00,5026.05,5417.5,4989.75,5327.0,53163,0,0
2025-04-09 22:00:00,5327.05,5483.0,5315.5,5477.3,40471,40,0
2025-04-10 00:00:00,5462.46,5479.25,5449.4,5479.15,7150,45,0
2025-04-10 02:00:00,5478.85,5488.45,5435.45,5456.35,20573,45,0
2025-04-10 04:00:00,5456.25,5466.35,5424.0,5425.2,20794,45,0
2025-04-10 06:00:00,5425.05,5429.55,5400.85,5410.85,16732,45,0
2025-04-10 08:00:00,5410.85,5436.5,5402.05,5426.95,20940,45,0
2025-04-10 10:00:00,5427.0,5447.5,5319.45,5332.2,34649,35,0
2025-04-10 12:00:00,5332.15,5386.55,5319.95,5351.05,26460,45,0
2025-04-10 14:00:00,5351.4,5382.75,5322.4,5345.4,29799,45,0
2025-04-10 16:00:00,5345.45,5364.4,5273.9,5276.75,49608,0,0
2025-04-10 18:00:00,5276.2,5300.5,5107.15,5209.0,53240,25,0
2025-04-10 20:00:00,5208.95,5310.75,5140.3,5274.15,53099,35,0
2025-04-10 22:00:00,5274.7,5308.0,5194.5,5263.95,39376,40,0
2025-04-11 00:00:00,5277.7,5301.7,5269.15,5283.45,6155,40,0
2025-04-11 02:00:00,5283.65,5286.75,5178.45,5202.65,23710,40,0
2025-04-11 04:00:00,5202.55,5260.2,5195.4,5240.85,22882,40,0
2025-04-11 06:00:00,5241.0,5291.65,5240.95,5279.7,16280,40,0
2025-04-11 08:00:00,5280.2,5350.6,5266.0,5321.45,23630,40,0
2025-04-11 10:00:00,5321.6,5325.0,5229.85,5248.2,35038,0,0
2025-04-11 12:00:00,5248.1,5330.6,5237.6,5312.6,28698,40,0
2025-04-11 14:00:00,5312.7,5321.15,5267.0,5279.05,28625,40,0
2025-04-11 16:00:00,5279.05,5312.1,5224.55,5254.65,51124,0,0
2025-04-11 18:00:00,5254.45,5352.45,5231.15,5341.55,50575,5,0
2025-04-11 20:00:00,5341.55,5389.3,5312.3,5346.2,49841,40,0
2025-04-11 22:00:00,5346.25,5381.2,5345.1,5369.2,31360,40,0
2025-04-14 00:00:00,5418.94,5422.9,5376.4,5381.0,7917,45,0
2025-04-14 02:00:00,5381.05,5407.25,5375.6,5391.95,16348,55,0
2025-04-14 04:00:00,5392.0,5406.6,5380.8,5405.3,13605,55,0
2025-04-14 06:00:00,5405.25,5422.65,5390.8,5419.95,9524,45,0
2025-04-14 08:00:00,5420.0,5434.65,5407.35,5423.7,12433,50,0
2025-04-14 10:00:00,5423.65,5439.1,5410.85,5433.25,17641,40,0
2025-04-14 12:00:00,5433.3,5439.9,5410.45,5432.0,14009,40,0
2025-04-14 14:00:00,5431.8,5447.7,5416.0,5445.75,18775,40,0
2025-04-14 16:00:00,5445.75,5463.15,5409.85,5442.65,46346,40,0
2025-04-14 18:00:00,5442.65,5449.65,5356.55,5373.15,48126,40,0
2025-04-14 20:00:00,5373.15,5431.35,5371.15,5425.8,42325,30,0
2025-04-14 22:00:00,5426.05,5444.5,5371.1,5398.1,34557,40,0
2025-04-15 00:00:00,5395.9,5399.25,5378.2,5380.1,4543,55,0
2025-04-15 02:00:00,5380.1,5402.8,5378.65,5399.05,11120,45,0
2025-04-15 04:00:00,5399.1,5406.95,5391.25,5392.05,10210,45,0
2025-04-15 06:00:00,5392.4,5404.85,5390.2,5401.15,6962,45,0
2025-04-15 08:00:00,5401.15,5406.55,5391.85,5403.95,10008,45,0
2025-04-15 10:00:00,5404.0,5429.2,5403.15,5417.25,20951,0,0
2025-04-15 12:00:00,5417.4,5424.65,5404.6,5414.9,15464,45,0
2025-04-15 14:00:00,5414.95,5418.15,5378.95,5399.8,22809,45,0
2025-04-15 16:00:00,5399.75,5450.55,5398.65,5423.8,44385,0,0
2025-04-15 18:00:00,5423.95,5438.1,5402.45,5408.1,41536,45,0
2025-04-15 20:00:00,5407.9,5416.8,5385.3,5403.95,40336,45,0
2025-04-15 22:00:00,5403.8,5410.4,5386.6,5390.85,24717,40,0
2025-04-16 00:00:00,5344.8,5360.25,5341.05,5355.35,6689,45,0
2025-04-16 02:00:00,5355.35,5357.8,5333.15,5343.25,12224,45,0
2025-04-16 04:00:00,5343.2,5356.55,5343.2,5348.5,9062,45,0
2025-04-16 06:00:00,5348.8,5353.1,5339.65,5341.85,6002,45,0
2025-04-16 08:00:00,5342.1,5342.3,5305.7,5324.4,17303,40,0
2025-04-16 10:00:00,5324.4,5390.65,5308.0,5355.2,24935,40,0
2025-04-16 12:00:00,5355.25,5370.25,5346.65,5353.75,19280,40,0
2025-04-16 14:00:00,5353.6,5361.05,5339.15,5341.75,19208,40,0
2025-04-16 16:00:00,5341.9,5354.35,5312.0,5337.95,43802,40,0
2025-04-16 18:00:00,5337.95,5366.5,5319.9,5324.05,39699,40,0
2025-04-16 20:00:00,5324.1,5332.2,5241.35,5242.0,46157,35,0
2025-04-16 22:00:00,5242.05,5282.35,5216.9,5265.05,34326,40,0
2025-04-17 00:00:00,5277.91,5280.2,5267.25,5275.55,5352,45,0
2025-04-17 02:00:00,5275.55,5298.5,5261.2,5296.5,14117,45,0
2025-04-17 04:00:00,5296.1,5303.2,5290.75,5302.2,10975,45,0
2025-04-17 06:00:00,5302.25,5314.7,5302.15,5312.75,6398,45,0
2025-04-17 08:00:00,5312.8,5325.15,5309.95,5316.8,12893,45,0
2025-04-17 10:00:00,5316.85,5338.65,5312.35,5313.5,18412,45,0
2025-04-17 12:00:00,5313.55,5326.35,5290.95,5298.55,18642,45,0
2025-04-17 14:00:00,5298.35,5324.15,5286.45,5301.9,22964,35,0
2025-04-17 16:00:00,5301.85,5307.5,5252.7,5264.35,47294,45,0
2025-04-17 18:00:00,5264.3,5319.1,5263.9,5314.2,44196,0,0
2025-04-17 20:00:00,5314.25,5326.9,5290.7,5300.1,41502,45,0
2025-04-17 22:00:00,5300.25,5302.8,5271.95,5293.65,30327,45,0
2025-04-21 00:00:00,5258.7,5275.25,5248.15,5255.4,6356,40,0
2025-04-21 02:00:00,5255.45,5271.65,5252.55,5254.7,9304,40,0
2025-04-21 04:00:00,5254.95,5256.6,5228.4,5235.55,11367,40,0
2025-04-21 06:00:00,5235.55,5242.55,5233.65,5237.5,5692,40,0
2025-04-21 08:00:00,5237.6,5246.6,5234.75,5239.5,5821,40,0
2025-04-21 10:00:00,5239.45,5241.6,5221.05,5227.0,8190,40,0
2025-04-21 12:00:00,5227.0,5232.25,5219.15,5231.4,6712,40,0
2025-04-21 14:00:00,5231.25,5238.9,5207.1,5223.9,13415,40,0
2025-04-21 16:00:00,5223.85,5231.3,5157.2,5159.1,37203,40,0
2025-04-21 18:00:00,5159.05,5163.75,5120.85,5125.2,33775,40,0
2025-04-21 20:00:00,5125.25,5130.0,5096.8,5100.0,33589,40,0
2025-04-21 22:00:00,5099.85,5161.9,5099.35,5152.7,26549,35,0
2025-04-22 00:00:00,5159.49,5159.74,5142.75,5151.05,3859,40,0
2025-04-22 02:00:00,5151.05,5179.75,5150.25,5176.65,10217,40,0
2025-04-22 04:00:00,5176.65,5194.85,5175.35,5185.15,10978,40,0
2025-04-22 06:00:00,5185.15,5186.85,5168.85,5175.0,8491,40,0
2025-04-22 08:00:00,5174.85,5222.05,5172.1,5218.9,10640,40,0
2025-04-22 10:00:00,5218.95,5225.1,5195.3,5207.4,18332,35,0
2025-04-22 12:00:00,5207.35,5209.5,5198.95,5202.95,11655,40,0
2025-04-22 14:00:00,5203.15,5209.35,5187.95,5209.1,15091,40,0
2025-04-22 16:00:00,5209.05,5265.15,5206.9,5262.85,34290,35,0
2025-04-22 18:00:00,5262.85,5310.0,5253.85,5292.05,35310,40,0
2025-04-22 20:00:00,5291.95,5303.05,5233.2,5283.7,39300,15,0
2025-04-22 22:00:00,5283.75,5299.25,5258.5,5285.3,27073,35,0
2025-04-23 00:00:00,5359.44,5386.8,5349.85,5386.8,11557,40,0
2025-04-23 02:00:00,5386.8,5394.05,5358.65,5367.4,14863,40,0
2025-04-23 04:00:00,5367.35,5373.0,5348.35,5362.95,11609,40,0
2025-04-23 06:00:00,5362.9,5371.8,5357.35,5368.6,7459,40,0
2025-04-23 08:00:00,5368.55,5379.4,5358.35,5370.55,10902,40,0
2025-04-23 10:00:00,5370.1,5404.25,5363.05,5395.4,16200,40,0
2025-04-23 12:00:00,5395.4,5420.15,5388.8,5417.6,12036,40,0
2025-04-23 14:00:00,5417.35,5426.65,5400.9,5425.65,16301,40,0
2025-04-23 16:00:00,5425.65,5469.1,5406.25,5442.75,42643,0,0
2025-04-23 18:00:00,5442.8,5449.35,5355.85,5398.15,46245,5,0
2025-04-23 20:00:00,5397.85,5411.55,5374.0,5379.4,42206,0,0
2025-04-23 22:00:00,5379.5,5403.1,5354.75,5383.75,33111,40,0
2025-04-24 00:00:00,5380.4,5380.4,5359.15,5376.8,5937,40,0
2025-04-24 02:00:00,5376.2,5391.1,5374.55,5381.55,10918,40,0
2025-04-24 04:00:00,5381.55,5383.95,5361.4,5362.1,10310,40,0
2025-04-24 06:00:00,5361.75,5366.8,5354.15,5365.0,6907,40,0
2025-04-24 08:00:00,5365.0,5369.55,5343.15,5360.25,11474,40,0
2025-04-24 10:00:00,5360.2,5363.0,5325.8,5335.05,22604,30,0
2025-04-24 12:00:00,5334.95,5380.05,5334.95,5374.95,16067,40,0
2025-04-24 14:00:00,5374.85,5378.55,5350.4,5375.15,20697,30,0
2025-04-24 16:00:00,5375.1,5448.75,5369.15,5440.45,38533,40,0
2025-04-24 18:00:00,5440.25,5474.2,5434.7,5470.0,36440,40,0
2025-04-24 20:00:00,5469.95,5484.6,5455.65,5476.45,31715,40,0
2025-04-24 22:00:00,5476.45,5509.5,5458.55,5489.35,28185,30,0
2025-04-25 00:00:00,5503.95,5504.9,5488.9,5500.75,5002,40,0
2025-04-25 02:00:00,5500.85,5513.15,5494.8,5511.05,9477,40,0
2025-04-25 04:00:00,5511.0,5512.65,5491.0,5494.5,9966,40,0
2025-04-25 06:00:00,5494.5,5523.2,5491.35,5503.65,10062,40,0
2025-04-25 08:00:00,5503.55,5519.7,5501.9,5518.1,9712,40,0
2025-04-25 10:00:00,5518.05,5519.6,5493.55,5502.9,18150,25,0
2025-04-25 12:00:00,5502.9,5505.65,5457.35,5459.45,19086,30,0
2025-04-25 14:00:00,5459.95,5482.05,5459.0,5466.75,19733,30,0
2025-04-25 16:00:00,5466.7,5495.0,5450.75,5478.8,41368,35,0
2025-04-25 18:00:00,5478.8,5506.2,5470.9,5505.25,36016,40,0
2025-04-25 20:00:00,5505.2,5525.05,5481.75,5513.05,35509,40,0
2025-04-25 22:00:00,5512.95,5531.55,5502.2,5523.3,25103,40,0
2025-04-28 00:00:00,5517.67,5517.67,5506.3,5507.15,4836,40,0
2025-04-28 02:00:00,5506.75,5508.4,5493.3,5495.45,7953,40,0
2025-04-28 04:00:00,5495.4,5502.25,5491.65,5496.1,6427,40,0
2025-04-28 06:00:00,5496.2,5497.3,5490.4,5494.5,3976,40,0
2025-04-28 08:00:00,5494.4,5512.4,5490.45,5511.9,7678,40,0
2025-04-28 10:00:00,5511.95,5517.55,5501.4,5513.8,12179,40,0
2025-04-28 12:00:00,5513.85,5522.65,5504.15,5506.4,10384,40,0
2025-04-28 14:00:00,5506.2,5528.05,5503.9,5525.8,12673,40,0
2025-04-28 16:00:00,5525.8,5552.3,5513.15,5522.25,39253,35,0
2025-04-28 18:00:00,5522.25,5527.15,5473.6,5481.05,40212,40,0
2025-04-28 20:00:00,5481.1,5506.95,5466.15,5504.0,33229,40,0
2025-04-28 22:00:00,5504.0,5539.5,5503.4,5519.15,22528,40,0
2025-04-29 00:00:00,5515.99,5520.65,5511.9,5518.1,3223,40,0
2025-04-29 02:00:00,5518.05,5533.2,5516.25,5531.75,6845,40,0
2025-04-29 04:00:00,5531.75,5546.85,5529.65,5534.15,7876,40,0
2025-04-29 06:00:00,5534.1,5540.65,5528.65,5530.85,5783,40,0
2025-04-29 08:00:00,5530.75,5535.0,5525.8,5529.1,8147,40,0
2025-04-29 10:00:00,5529.15,5546.95,5526.75,5539.55,13750,40,0
2025-04-29 12:00:00,5539.5,5540.8,5506.55,5520.85,13510,40,0
2025-04-29 14:00:00,5521.15,5531.15,5508.25,5509.65,18823,40,0
2025-04-29 16:00:00,5509.65,5546.1,5494.8,5545.3,43634,25,0
2025-04-29 18:00:00,5545.4,5550.25,5520.5,5525.95,38462,40,0
2025-04-29 20:00:00,5525.9,5570.3,5522.85,5559.25,33923,40,0
2025-04-29 22:00:00,5559.4,5568.8,5549.75,5555.55,26534,35,0
2025-04-30 00:00:00,5555.15,5557.1,5545.85,5546.75,3386,40,0
2025-04-30 02:00:00,5546.75,5550.45,5534.9,5537.2,8526,40,0
2025-04-30 04:00:00,5537.15,5540.2,5529.5,5530.05,8497,40,0
2025-04-30 06:00:00,5530.05,5536.05,5523.7,5533.85,5991,40,0
2025-04-30 08:00:00,5533.85,5546.05,5529.6,5545.55,7748,40,0
2025-04-30 10:00:00,5545.55,5557.05,5543.9,5545.9,12461,40,0
2025-04-30 12:00:00,5545.85,5555.75,5539.05,5547.8,8716,40,0
2025-04-30 14:00:00,5547.8,5554.45,5477.1,5486.65,22083,40,0
2025-04-30 16:00:00,5486.9,5491.85,5430.4,5485.2,46865,0,0
2025-04-30 18:00:00,5485.25,5518.55,5484.05,5511.7,42942,40,0
2025-04-30 20:00:00,5511.65,5547.05,5487.05,5512.05,41116,25,0
2025-04-30 22:00:00,5512.1,5600.9,5509.8,5594.55,35457,40,0
2025-05-01 00:00:00,5591.86,5614.4,5590.9,5605.85,7417,40,0
2025-05-01 02:00:00,5605.75,5618.55,5599.6,5615.6,10211,40,0
2025-05-01 04:00:00,5615.55,5619.9,5610.1,5611.15,6126,40,0
2025-05-01 06:00:00,5611.2,5623.8,5609.85,5619.1,5649,40,0
2025-05-01 08:00:00,5619.15,5627.85,5614.15,5614.65,8141,40,0
2025-05-01 10:00:00,5614.65,5627.2,5609.95,5626.55,9473,40,0
2025-05-01 12:00:00,5626.7,5637.1,5622.8,5627.2,9603,40,0
2025-05-01 14:00:00,5627.15,5634.0,5611.75,5614.5,16327,40,0
2025-05-01 16:00:00,5614.4,5649.55,5603.5,5649.15,39246,40,0
2025-05-01 18:00:00,5649.2,5656.2,5605.7,5611.5,38914,30,0
2025-05-01 20:00:00,5611.3,5642.25,5611.3,5632.4,33714,40,0
2025-05-01 22:00:00,5632.55,5637.9,5575.95,5585.65,32125,40,0
2025-05-02 00:00:00,5582.32,5588.55,5576.8,5585.3,3853,40,0
2025-05-02 02:00:00,5585.3,5638.55,5580.75,5633.75,14329,40,0
2025-05-02 04:00:00,5633.55,5647.95,5629.65,5642.35,13797,40,0
2025-05-02 06:00:00,5642.25,5649.1,5638.0,5643.5,6436,35,0
2025-05-02 08:00:00,5643.45,5644.6,5622.6,5629.85,10512,40,0
2025-05-02 10:00:00,5629.8,5638.0,5611.3,5611.6,17624,40,0
2025-05-02 12:00:00,5611.55,5629.7,5609.3,5625.25,13641,40,0
2025-05-02 14:00:00,5625.4,5669.05,5616.7,5666.85,19455,40,0
2025-05-02 16:00:00,5667.15,5679.8,5639.4,5674.7,40673,40,0
2025-05-02 18:00:00,5674.7,5698.0,5661.45,5692.1,35306,0,0
2025-05-02 20:00:00,5692.1,5701.05,5680.7,5688.2,29380,40,0
2025-05-02 22:00:00,5688.15,5695.8,5676.75,5684.65,23407,35,0
2025-05-05 00:00:00,5680.55,5680.65,5661.25,5662.9,4479,40,0
2025-05-05 02:00:00,5662.85,5665.5,5646.95,5656.8,9137,40,0
2025-05-05 04:00:00,5656.75,5657.0,5636.25,5643.3,10515,40,0
2025-05-05 06:00:00,5643.35,5648.75,5638.15,5639.95,7609,40,0
2025-05-05 08:00:00,5639.95,5656.15,5639.95,5648.35,8469,40,0
2025-05-05 10:00:00,5648.35,5651.4,5631.05,5635.25,12552,40,0
2025-05-05 12:00:00,5635.3,5644.35,5631.25,5641.6,10318,40,0
2025-05-05 14:00:00,5641.65,5643.05,5632.25,5640.65,10625,40,0
2025-05-05 16:00:00,5640.65,5666.8,5631.3,5664.95,36333,40,0
2025-05-05 18:00:00,5664.95,5674.45,5653.05,5671.35,30350,40,0
2025-05-05 20:00:00,5671.3,5681.7,5663.05,5672.85,22120,40,0
2025-05-05 22:00:00,5672.85,5673.75,5641.15,5647.05,21341,40,0
2025-05-06 00:00:00,5645.76,5650.9,5644.15,5645.6,2067,40,0
2025-05-06 02:00:00,5645.55,5648.95,5639.05,5643.0,5719,40,0
2025-05-06 04:00:00,5642.95,5645.2,5632.15,5635.15,8133,40,0
2025-05-06 06:00:00,5635.1,5641.3,5629.9,5636.95,3653,40,0
2025-05-06 08:00:00,5637.0,5637.45,5623.9,5637.05,6510,40,0
2025-05-06 10:00:00,5636.95,5638.3,5603.35,5612.05,15803,40,0
2025-05-06 12:00:00,5612.1,5617.6,5602.0,5617.5,11810,40,0
2025-05-06 14:00:00,5617.3,5620.3,5594.3,5604.85,14739,40,0
2025-05-06 16:00:00,5604.8,5629.5,5584.9,5623.3,36468,25,0
2025-05-06 18:00:00,5623.15,5649.45,5606.7,5607.55,37185,40,0
2025-05-06 20:00:00,5607.9,5626.2,5598.6,5626.1,34508,40,0
2025-05-06 22:00:00,5626.2,5629.2,5582.75,5593.0,25087,40,0
2025-05-07 00:00:00,5588.75,5667.8,5588.5,5651.65,12134,40,0
2025-05-07 02:00:00,5651.65,5660.55,5638.05,5654.8,13060,40,0
2025-05-07 04:00:00,5654.7,5659.75,5631.8,5636.55,13197,40,0
2025-05-07 06:00:00,5636.9,5645.15,5636.1,5640.05,6957,40,0
2025-05-07 08:00:00,5640.2,5640.45,5625.4,5630.75,9608,40,0
2025-05-07 10:00:00,5630.85,5641.8,5629.15,5638.95,12917,40,0
2025-05-07 12:00:00,5639.0,5642.95,5630.75,5639.1,9778,30,0
2025-05-07 14:00:00,5639.35,5646.3,5621.45,5624.55,13720,40,0
2025-05-07 16:00:00,5624.5,5635.55,5605.7,5610.0,37874,40,0
2025-05-07 18:00:00,5610.1,5629.9,5599.3,5628.65,39782,40,0
2025-05-07 20:00:00,5628.55,5634.7,5575.65,5624.3,40922,40,0
2025-05-07 22:00:00,5624.35,5654.1,5590.65,5625.3,33234,40,0
2025-05-08 00:00:00,5622.65,5628.25,5617.25,5625.5,3032,40,0
2025-05-08 02:00:00,5625.6,5649.75,5621.85,5645.25,8886,40,0
2025-05-08 04:00:00,5645.05,5664.7,5641.75,5661.3,13861,40,0
2025-05-08 06:00:00,5661.05,5681.0,5660.1,5678.5,7468,40,0
2025-05-08 08:00:00,5678.45,5679.95,5663.65,5668.2,8666,40,0
2025-05-08 10:00:00,5668.25,5687.35,5665.95,5686.9,12171,40,0
2025-05-08 12:00:00,5686.85,5697.8,5685.0,5697.5,7870,40,0
2025-05-08 14:00:00,5697.45,5698.15,5662.15,5674.05,16285,35,0
2025-05-08 16:00:00,5674.25,5675.65,5633.85,5642.8,40109,40,0
2025-05-08 18:00:00,5642.85,5720.75,5637.4,5718.9,39596,35,0
2025-05-08 20:00:00,5718.7,5719.75,5691.2,5700.65,31811,40,0
2025-05-08 22:00:00,5700.7,5710.85,5662.5,5664.7,25502,40,0
2025-05-09 00:00:00,5667.6,5670.05,5661.4,5664.75,2908,40,0
2025-05-09 02:00:00,5664.7,5666.75,5644.5,5654.15,9215,40,0
2025-05-09 04:00:00,5654.1,5674.5,5652.6,5663.2,7627,40,0
2025-05-09 06:00:00,5663.2,5672.3,5655.5,5670.1,7305,40,0
2025-05-09 08:00:00,5670.1,5672.6,5662.8,5668.95,8472,40,0
2025-05-09 10:00:00,5668.9,5677.25,5661.6,5664.95,13074,40,0
2025-05-09 12:00:00,5664.8,5682.25,5664.35,5679.1,8294,40,0
2025-05-09 14:00:00,5679.1,5693.45,5655.15,5682.4,17600,30,0
2025-05-09 16:00:00,5682.45,5689.45,5641.8,5659.4,37926,40,0
2025-05-09 18:00:00,5659.5,5670.35,5644.7,5647.6,37245,40,0
2025-05-09 20:00:00,5647.6,5667.5,5642.25,5662.35,29733,40,0
2025-05-09 22:00:00,5662.4,5673.05,5653.4,5662.25,20813,40,0
2025-05-12 00:00:00,5741.93,5741.93,5715.7,5720.85,8507,40,0
2025-05-12 02:00:00,5721.05,5737.05,5719.55,5732.15,12845,40,0
2025-05-12 04:00:00,5732.2,5741.6,5731.05,5737.2,8819,40,0
2025-05-12 06:00:00,5737.15,5743.4,5736.0,5741.8,4619,40,0
2025-05-12 08:00:00,5741.85,5751.4,5740.05,5747.75,7112,40,0
2025-05-12 10:00:00,5747.6,5833.1,5747.55,5811.0,28866,35,0
2025-05-12 12:00:00,5811.05,5842.5,5809.8,5839.5,14980,40,0
2025-05-12 14:00:00,5839.55,5846.35,5819.05,5829.25,20073,40,0
2025-05-12 16:00:00,5829.5,5835.6,5786.75,5807.2,40715,35,0
2025-05-12 18:00:00,5807.4,5828.95,5796.6,5827.65,33096,40,0
2025-05-12 20:00:00,5827.75,5843.0,5826.85,5832.5,26025,40,0
2025-05-12 22:00:00,5832.5,5856.95,5824.8,5848.9,20755,35,0
2025-05-13 00:00:00,5848.4,5848.6,5838.95,5839.75,3283,40,0
2025-05-13 02:00:00,5839.95,5849.0,5827.15,5828.45,8543,40,0
2025-05-13 04:00:00,5828.5,5833.6,5823.75,5827.95,8790,40,0
2025-05-13 06:00:00,5828.1,5828.85,5815.2,5819.9,5884,40,0
2025-05-13 08:00:00,5819.85,5830.25,5818.95,5822.45,7962,40,0
2025-05-13 10:00:00,5822.55,5827.15,5817.4,5818.35,13033,40,0
2025-05-13 12:00:00,5818.45,5832.95,5817.05,5826.2,9012,40,0
2025-05-13 14:00:00,5826.3,5862.45,5825.9,5847.85,15796,40,0
2025-05-13 16:00:00,5847.8,5894.25,5843.1,5885.35,35559,40,0
2025-05-13 18:00:00,5885.45,5899.05,5881.85,5894.45,28718,40,0
2025-05-13 20:00:00,5894.55,5905.55,5889.5,5900.7,25330,40,0
2025-05-13 22:00:00,5900.7,5905.5,5878.5,5879.75,18614,40,0
2025-05-14 00:00:00,5882.49,5885.05,5880.75,5883.1,2158,40,0
2025-05-14 02:00:00,5883.1,5888.85,5881.0,5883.1,7088,40,0
2025-05-14 04:00:00,5883.05,5885.25,5878.15,5881.55,6831,40,0
2025-05-14 06:00:00,5881.6,5890.45,5881.4,5887.95,4710,40,0
2025-05-14 08:00:00,5888.0,5895.25,5885.0,5893.55,7052,40,0
2025-05-14 10:00:00,5893.6,5896.85,5882.1,5884.8,15023,40,0
2025-05-14 12:00:00,5884.75,5886.4,5875.75,5883.8,10924,40,0
2025-05-14 14:00:00,5883.9,5903.1,5883.65,5894.8,13625,40,0
2025-05-14 16:00:00,5894.85,5904.2,5878.6,5889.8,36306,35,0
2025-05-14 18:00:00,5890.2,5900.35,5872.3,5889.1,31611,40,0
2025-05-14 20:00:00,5889.15,5896.65,5869.6,5890.8,30511,35,0
2025-05-14 22:00:00,5890.85,5895.5,5878.2,5885.35,20216,35,0
2025-05-15 00:00:00,5884.35,5884.4,5880.4,5881.7,2288,40,0
2025-05-15 02:00:00,5881.7,5882.3,5872.3,5879.45,6249,40,0
2025-05-15 04:00:00,5879.45,5882.95,5874.4,5881.55,5643,40,0
2025-05-15 06:00:00,5881.45,5881.9,5876.25,5878.35,3489,40,0
2025-05-15 08:00:00,5878.35,5878.95,5865.3,5871.25,8026,40,0
2025-05-15 10:00:00,5871.3,5874.9,5847.3,5850.55,15977,40,0
2025-05-15 12:00:00,5850.55,5862.25,5846.85,5859.6,11196,40,0
2025-05-15 14:00:00,5859.5,5878.2,5858.2,5867.1,14504,40,0
2025-05-15 16:00:00,5866.85,5885.35,5864.65,5880.5,36748,25,0
2025-05-15 18:00:00,5880.5,5916.6,5879.1,5916.3,29869,40,0
2025-05-15 20:00:00,5916.3,5924.4,5901.3,5911.75,28928,40,0
2025-05-15 22:00:00,5911.8,5921.45,5897.75,5914.05,23309,40,0
2025-05-16 00:00:00,5914.07,5914.95,5910.05,5910.35,1692,40,0
2025-05-16 02:00:00,5910.3,5918.3,5903.25,5903.8,5783,40,0
2025-05-16 04:00:00,5903.75,5912.45,5901.65,5911.5,6670,40,0
2025-05-16 06:00:00,5911.5,5914.25,5910.35,5911.5,3715,40,0
2025-05-16 08:00:00,5911.45,5914.7,5905.65,5907.65,5243,40,0
2025-05-16 10:00:00,5907.65,5930.55,5905.9,5927.15,9945,40,0
2025-05-16 12:00:00,5927.15,5930.65,5921.55,5927.15,7320,40,0
2025-05-16 14:00:00,5927.15,5936.4,5923.3,5923.8,9125,40,0
2025-05-16 16:00:00,5923.8,5929.5,5903.45,5915.1,34174,40,0
2025-05-16 18:00:00,5915.3,5935.8,5914.4,5933.1,26288,40,0
2025-05-16 20:00:00,5933.15,5951.15,5931.65,5946.6,21242,40,0
2025-05-16 22:00:00,5946.5,5955.8,5918.65,5919.45,16826,40,0
2025-05-19 00:00:00,5908.61,5919.8,5906.11,5919.2,5513,40,0
2025-05-19 02:00:00,5919.2,5927.9,5903.4,5911.55,10688,40,0
2025-05-19 04:00:00,5911.55,5915.5,5905.6,5905.6,9534,40,0
2025-05-19 06:00:00,5905.6,5906.45,5889.7,5892.6,8236,40,0
2025-05-19 08:00:00,5892.6,5903.45,5885.0,5885.7,10464,40,0
2025-05-19 10:00:00,5885.45,5893.05,5873.05,5878.05,16556,40,0
2025-05-19 12:00:00,5877.9,5892.95,5874.0,5889.85,10738,40,0
2025-05-19 14:00:00,5890.0,5899.35,5885.8,5897.95,13079,40,0
2025-05-19 16:00:00,5898.0,5944.9,5883.1,5931.9,34988,35,0
2025-05-19 18:00:00,5931.9,5959.65,5931.2,5957.6,28177,40,0
2025-05-19 20:00:00,5957.55,5967.75,5945.4,5956.15,26126,40,0
2025-05-19 22:00:00,5956.15,5964.65,5943.8,5960.85,17957,40,0
2025-05-20 00:00:00,5957.9,5961.75,5956.45,5960.2,1956,35,0
2025-05-20 02:00:00,5960.15,5972.4,5959.4,5961.85,7056,35,0
2025-05-20 04:00:00,5961.8,5961.8,5944.5,5948.45,9639,40,0
2025-05-20 06:00:00,5948.25,5949.25,5943.0,5947.0,5283,40,0
2025-05-20 08:00:00,5947.0,5954.0,5935.15,5940.95,8933,40,0
2025-05-20 10:00:00,5940.9,5951.75,5937.05,5942.05,12361,40,0
2025-05-20 12:00:00,5942.0,5950.65,5938.45,5950.25,8494,40,0
2025-05-20 14:00:00,5950.45,5954.2,5942.6,5946.05,9775,40,0
2025-05-20 16:00:00,5946.05,5950.85,5930.6,5939.8,33749,40,0
2025-05-20 18:00:00,5939.8,5946.5,5932.6,5944.35,27219,40,0
2025-05-20 20:00:00,5944.4,5948.7,5916.25,5919.45,29257,40,0
2025-05-20 22:00:00,5919.0,5940.7,5906.65,5934.2,20978,40,0
2025-05-21 00:00:00,5934.9,5935.35,5917.9,5928.95,5189,40,0
2025-05-21 02:00:00,5928.95,5938.7,5928.3,5933.85,6694,40,0
2025-05-21 04:00:00,5933.8,5936.3,5922.5,5923.4,7644,40,0
2025-05-21 06:00:00,5923.4,5926.7,5916.55,5918.8,4880,40,0
2025-05-21 08:00:00,5918.75,5924.4,5903.95,5905.55,9438,40,0
2025-05-21 10:00:00,5905.5,5915.05,5901.25,5907.7,10368,40,0
2025-05-21 12:00:00,5907.9,5911.0,5886.45,5900.85,11128,40,0
2025-05-21 14:00:00,5900.7,5915.45,5898.4,5904.45,13101,40,0
2025-05-21 16:00:00,5904.7,5925.4,5890.75,5918.05,36493,35,0
2025-05-21 18:00:00,5918.15,5936.8,5915.3,5926.95,32188,40,0
2025-05-21 20:00:00,5926.95,5928.45,5847.75,5850.2,46772,40,0
2025-05-21 22:00:00,5850.1,5857.4,5829.35,5840.05,29807,40,0
2025-05-22 00:00:00,5839.67,5847.85,5833.5,5840.6,4570,40,0
2025-05-22 02:00:00,5840.5,5854.5,5838.45,5853.9,8907,40,0
2025-05-22 04:00:00,5853.8,5856.35,5843.65,5845.4,7100,40,0
2025-05-22 06:00:00,5845.4,5850.55,5844.15,5845.05,3826,40,0
2025-05-22 08:00:00,5844.95,5854.85,5843.35,5850.8,7203,40,0
2025-05-22 10:00:00,5850.95,5858.5,5846.3,5851.15,13763,40,0
2025-05-22 12:00:00,5851.2,5853.7,5843.8,5846.95,9561,40,0
2025-05-22 14:00:00,5846.6,5857.2,5811.3,5841.75,22201,40,0
2025-05-22 16:00:00,5841.7,5862.65,5825.1,5840.05,43448,40,0
2025-05-22 18:00:00,5839.95,5867.05,5834.25,5841.9,40311,40,0
2025-05-22 20:00:00,5841.9,5872.0,5837.05,5869.35,34369,40,0
2025-05-22 22:00:00,5869.45,5877.05,5836.0,5849.8,23773,40,0
2025-05-23 00:00:00,5851.72,5854.7,5833.95,5835.2,3216,40,0
2025-05-23 02:00:00,5835.15,5847.35,5832.9,5847.25,7453,40,0
2025-05-23 04:00:00,5847.25,5850.0,5838.3,5845.35,7147,40,0
2025-05-23 06:00:00,5845.4,5849.5,5834.0,5836.3,5237,40,0
2025-05-23 08:00:00,5836.3,5842.55,5823.65,5832.4,8402,40,0
2025-05-23 10:00:00,5832.5,5853.45,5832.25,5843.05,12041,40,0
2025-05-23 12:00:00,5842.9,5843.3,5825.6,5838.75,12143,40,0
2025-05-23 14:00:00,5838.85,5840.85,5739.7,5757.65,34632,35,0
2025-05-23 16:00:00,5757.65,5797.15,5746.65,5778.75,45062,0,0
2025-05-23 18:00:00,5778.8,5804.95,5775.65,5797.65,39547,35,0
2025-05-23 20:00:00,5797.7,5826.4,5794.85,5815.6,34970,40,0
2025-05-23 22:00:00,5815.5,5822.75,5789.85,5793.45,25424,40,0
2025-05-26 00:00:00,5799.48,5861.55,5798.5,5844.95,9101,40,0
2025-05-26 02:00:00,5845.0,5858.3,5844.8,5850.35,10369,40,0
2025-05-26 04:00:00,5850.35,5862.85,5846.6,5854.15,8101,40,0
2025-05-26 06:00:00,5854.15,5864.55,5854.05,5863.1,4331,40,0
2025-05-26 08:00:00,5863.05,5870.55,5855.05,5868.05,7916,40,0
2025-05-26 10:00:00,5868.05,5879.7,5864.75,5868.25,9339,40,0
2025-05-26 12:00:00,5868.25,5874.35,5867.05,5870.2,4822,40,0
2025-05-26 14:00:00,5870.25,5876.7,5869.15,5869.75,4842,40,0
2025-05-26 16:00:00,5869.75,5877.95,5859.25,5860.6,10836,40,0
2025-05-26 18:00:00,5860.55,5876.9,5855.95,5876.0,7914,40,0
2025-05-27 00:00:00,5875.74,5875.74,5863.95,5864.95,3175,40,0
2025-05-27 02:00:00,5864.95,5868.2,5858.9,5868.05,6867,40,0
2025-05-27 04:00:00,5867.95,5867.95,5852.15,5856.15,7642,40,0
2025-05-27 06:00:00,5856.15,5857.65,5848.7,5855.15,4853,40,0
2025-05-27 08:00:00,5855.15,5872.15,5852.15,5869.05,6910,40,0
2025-05-27 10:00:00,5869.05,5898.45,5866.9,5886.9,13802,40,0
2025-05-27 12:00:00,5886.85,5895.85,5885.75,5886.15,9159,35,0
2025-05-27 14:00:00,5886.1,5890.7,5871.85,5877.2,12694,40,0
2025-05-27 16:00:00,5877.25,5896.3,5853.95,5890.75,31805,40,0
2025-05-27 18:00:00,5890.9,5917.4,5889.9,5909.9,24249,40,0
2025-05-27 20:00:00,5909.95,5923.9,5909.55,5914.65,19641,40,0
2025-05-27 22:00:00,5914.35,5926.85,5909.4,5925.6,16604,40,0
2025-05-28 00:00:00,5925.72,5925.72,5921.15,5924.95,2372,35,0
2025-05-28 02:00:00,5924.75,5927.45,5920.2,5921.4,5348,35,0
2025-05-28 04:00:00,5921.45,5924.0,5918.55,5918.85,5307,40,0
2025-05-28 06:00:00,5918.8,5921.7,5913.4,5913.85,3571,40,0
2025-05-28 08:00:00,5913.9,5918.3,5910.65,5911.45,5398,40,0
2025-05-28 10:00:00,5911.45,5915.15,5907.55,5907.95,9322,40,0
2025-05-28 12:00:00,5908.0,5930.15,5904.25,5929.65,8191,40,0
2025-05-28 14:00:00,5929.65,5931.8,5921.15,5924.6,10462,40,0
2025-05-28 16:00:00,5924.4,5937.35,5901.95,5903.25,34000,40,0
2025-05-28 18:00:00,5903.3,5912.25,5899.45,5909.2,25826,40,0
2025-05-28 20:00:00,5909.2,5916.1,5889.05,5907.65,23482,40,0
2025-05-28 22:00:00,5907.2,5918.15,5878.9,5911.45,32406,40,0
2025-05-29 00:00:00,5909.17,5933.0,5903.55,5931.4,5709,40,0
2025-05-29 02:00:00,5931.4,5988.95,5931.35,5986.75,25606,40,0
2025-05-29 04:00:00,5986.55,5990.4,5970.85,5984.15,13424,40,0
2025-05-29 06:00:00,5984.1,5991.6,5979.65,5985.35,7396,40,0
2025-05-29 08:00:00,5985.4,5989.35,5975.45,5977.25,8393,40,0
2025-05-29 10:00:00,5977.15,5994.0,5971.5,5977.35,12161,40,0
2025-05-29 12:00:00,5977.3,5981.0,5951.9,5957.15,11908,40,0
2025-05-29 14:00:00,5957.25,5957.5,5927.7,5933.8,18784,40,0
2025-05-29 16:00:00,5933.8,5944.65,5895.7,5920.05,40439,40,0
2025-05-29 18:00:00,5920.05,5920.7,5871.3,5908.7,39704,40,0
2025-05-29 20:00:00,5908.7,5915.25,5886.9,5898.85,35707,40,0
2025-05-29 22:00:00,5898.95,5917.85,5894.6,5904.85,23699,40,0
2025-05-30 00:00:00,5902.16,5908.05,5893.8,5898.95,4723,40,0
2025-05-30 02:00:00,5899.1,5902.85,5892.15,5895.35,9421,40,0
2025-05-30 04:00:00,5895.35,5900.65,5878.95,5899.75,9360,40,0
2025-05-30 06:00:00,5899.85,5900.8,5894.45,5897.9,4558,40,0
2025-05-30 08:00:00,5897.9,5910.85,5894.4,5894.55,9339,40,0
2025-05-30 10:00:00,5894.65,5907.55,5890.25,5900.05,13937,40,0
2025-05-30 12:00:00,5900.05,5907.15,5896.0,5904.15,9044,40,0
2025-05-30 14:00:00,5904.2,5910.95,5864.8,5887.05,20034,40,0
2025-05-30 16:00:00,5887.15,5908.7,5873.3,5896.25,38133,40,0
2025-05-30 18:00:00,5896.55,5903.0,5841.45,5853.25,41165,40,0
2025-05-30 20:00:00,5853.15,5898.1,5848.95,5896.15,37231,40,0
2025-05-30 22:00:00,5896.2,5920.8,5893.7,5900.0,28120,40,0
2025-06-02 00:00:00,5887.9,5899.1,5887.65,5891.25,3959,40,0
2025-06-02 02:00:00,5891.35,5896.25,5883.75,5890.05,8158,40,0
2025-06-02 04:00:00,5890.15,5894.4,5881.25,5884.9,8119,40,0
2025-06-02 06:00:00,5884.9,5885.1,5874.45,5877.15,5873,40,0
2025-06-02 08:00:00,5877.15,5880.65,5867.95,5872.8,8456,40,0
2025-06-02 10:00:00,5872.55,5884.55,5857.8,5877.8,18028,40,0
2025-06-02 12:00:00,5877.8,5880.8,5866.85,5880.3,11668,40,0
2025-06-02 14:00:00,5880.05,5891.7,5877.45,5889.25,11111,40,0
2025-06-02 16:00:00,5889.15,5907.85,5861.05,5904.4,38414,35,0
2025-06-02 18:00:00,5904.15,5912.6,5891.95,5910.85,33609,40,0
2025-06-02 20:00:00,5910.95,5930.6,5905.8,5929.65,26991,35,0
2025-06-02 22:00:00,5929.65,5945.75,5927.5,5939.7,17573,40,0
2025-06-03 00:00:00,5939.05,5939.35,5931.8,5932.2,2093,35,0
2025-06-03 02:00:00,5932.25,5937.6,5920.55,5923.75,7540,40,0
2025-06-03 04:00:00,5923.75,5926.05,5912.1,5917.55,6399,40,0
2025-06-03 06:00:00,5917.45,5917.45,5910.85,5913.15,3702,40,0
2025-06-03 08:00:00,5913.2,5917.85,5910.9,5916.7,4981,40,0
2025-06-03 10:00:00,5916.6,5918.65,5900.05,5910.35,13246,40,0
2025-06-03 12:00:00,5910.3,5921.1,5907.85,5920.65,8617,40,0
2025-06-03 14:00:00,5920.95,5934.1,5918.85,5930.65,11440,40,0
2025-06-03 16:00:00,5930.65,5954.85,5928.35,5953.85,32518,40,0
2025-06-03 18:00:00,5953.85,5977.1,5953.75,5975.3,23055,40,0
2025-06-03 20:00:00,5975.5,5981.15,5957.9,5973.1,24689,40,0
2025-06-03 22:00:00,5973.2,5975.0,5962.2,5969.6,17404,40,0
2025-06-04 00:00:00,5969.79,5976.9,5969.15,5973.7,2224,40,0
2025-06-04 02:00:00,5973.7,5977.55,5970.5,5972.25,7952,40,0
2025-06-04 04:00:00,5972.25,5974.55,5965.0,5965.3,6697,40,0
2025-06-04 06:00:00,5965.25,5969.55,5964.3,5965.45,3266,40,0
2025-06-04 08:00:00,5965.45,5973.9,5964.95,5970.2,5726,40,0
2025-06-04 10:00:00,5970.25,5985.4,5967.1,5978.3,10134,40,0
2025-06-04 12:00:00,5978.25,5986.1,5977.55,5983.8,7795,40,0
2025-06-04 14:00:00,5983.4,5986.1,5963.8,5972.1,12458,40,0
2025-06-04 16:00:00,5972.1,5988.3,5963.4,5984.0,32365,40,0
2025-06-04 18:00:00,5984.05,5987.45,5966.5,5976.3,30519,40,0
2025-06-04 20:00:00,5976.3,5988.2,5976.15,5978.9,20081,40,0
2025-06-04 22:00:00,5978.9,5980.95,5964.3,5965.65,16508,40,0
2025-06-05 00:00:00,5966.65,5971.05,5962.8,5965.65,2576,40,0
2025-06-05 02:00:00,5965.65,5970.3,5962.6,5965.9,5182,40,0
2025-06-05 04:00:00,5965.9,5968.4,5962.65,5964.45,4659,40,0
2025-06-05 06:00:00,5964.45,5968.3,5963.65,5967.35,2960,40,0
2025-06-05 08:00:00,5967.2,5967.45,5961.85,5964.1,4501,40,0
2025-06-05 10:00:00,5964.05,5985.9,5964.05,5976.8,11210,40,0
2025-06-05 12:00:00,5976.75,5979.05,5968.65,5972.8,8666,40,0
2025-06-05 14:00:00,5972.75,6004.1,5961.25,5981.55,14881,30,0
2025-06-05 16:00:00,5981.55,5987.5,5947.5,5981.25,41089,0,0
2025-06-05 18:00:00,5981.25,5998.0,5950.6,5955.65,34675,40,0
2025-06-05 20:00:00,5955.65,5978.15,5939.15,5961.05,35443,20,0
2025-06-05 22:00:00,5960.95,5963.6,5918.9,5929.9,34185,40,0
2025-06-06 00:00:00,5926.34,5938.75,5923.1,5938.65,3423,35,0
2025-06-06 02:00:00,5938.65,5948.3,5934.65,5944.95,9249,40,0
2025-06-06 04:00:00,5945.0,5950.5,5942.75,5946.7,6849,40,0
2025-06-06 06:00:00,5946.65,5958.15,5945.0,5958.1,4675,40,0
2025-06-06 08:00:00,5957.85,5965.75,5954.7,5962.95,7178,40,0
2025-06-06 10:00:00,5962.9,5965.2,5956.15,5961.5,11354,40,0
2025-06-06 12:00:00,5961.5,5965.5,5958.0,5958.5,7420,40,0
2025-06-06 14:00:00,5958.4,5988.55,5953.8,5984.65,16892,35,0
2025-06-06 16:00:00,5984.65,6016.05,5981.55,5999.95,35993,40,0
2025-06-06 18:00:00,5999.9,6010.45,5975.2,5982.65,35408,40,0
2025-06-06 20:00:00,5982.75,6011.1,5977.85,6004.15,27504,40,0
2025-06-06 22:00:00,6004.1,6007.6,5995.05,6001.15,18543,40,0
2025-06-09 00:00:00,6002.65,6007.9,5987.35,5990.2,5422,40,0
2025-06-09 02:00:00,5990.2,5999.1,5987.85,5992.2,7445,40,0
2025-06-09 04:00:00,5992.2,5993.15,5985.5,5989.25,5735,40,0
2025-06-09 06:00:00,5989.2,5991.9,5985.0,5990.95,3906,40,0
2025-06-09 08:00:00,5990.95,5997.75,5987.05,5997.45,5021,40,0
2025-06-09 10:00:00,5997.45,6008.2,5993.15,6007.1,10780,40,0
2025-06-09 12:00:00,6007.15,6007.6,5999.1,6001.55,6268,40,0
2025-06-09 14:00:00,6001.55,6012.3,6001.35,6006.05,9766,40,0
2025-06-09 16:00:00,6006.1,6011.9,5992.85,6003.0,29307,40,0
2025-06-09 18:00:00,6003.05,6019.2,5998.5,6014.85,24004,40,0
2025-06-09 20:00:00,6014.9,6020.55,6009.05,6017.8,20323,40,0
2025-06-09 22:00:00,6017.8,6019.3,5999.8,6004.9,15204,40,0
2025-06-10 00:00:00,6007.04,6010.05,6005.25,6005.5,2034,40,0
2025-06-10 02:00:00,6005.65,6013.5,6001.65,6012.0,4524,40,0
2025-06-10 04:00:00,6012.0,6033.35,6011.9,6030.4,8489,40,0
2025-06-10 06:00:00,6030.35,6031.75,6022.55,6023.5,3291,40,0
2025-06-10 08:00:00,6023.45,6026.25,5989.45,6000.7,15837,30,0
2025-06-10 10:00:00,6000.6,6004.5,5983.95,6001.0,19243,40,0
2025-06-10 12:00:00,6000.9,6010.3,5999.1,6008.15,9534,40,0
2025-06-10 14:00:00,6008.1,6014.75,6000.25,6011.5,12225,40,0
2025-06-10 16:00:00,6011.75,6023.35,6007.05,6017.6,27849,40,0
2025-06-10 18:00:00,6017.55,6029.95,5997.75,6028.7,25443,40,0
2025-06-10 20:00:00,6028.7,6035.7,6007.55,6030.85,24301,40,0
2025-06-10 22:00:00,6030.7,6041.3,6022.45,6032.4,19405,40,0
2025-06-11 00:00:00,6034.1,6040.25,6032.2,6038.25,2140,40,0
2025-06-11 02:00:00,6038.25,6044.45,6024.55,6025.2,11029,40,0
2025-06-11 04:00:00,6025.15,6027.4,6016.95,6019.4,6677,40,0
2025-06-11 06:00:00,6019.4,6023.65,6015.45,6016.25,4393,40,0
2025-06-11 08:00:00,6016.3,6022.0,6014.1,6019.9,7227,40,0
2025-06-11 10:00:00,6019.9,6033.4,6017.5,6030.55,10066,40,0
2025-06-11 12:00:00,6030.55,6031.65,6023.4,6028.55,6239,40,0
2025-06-11 14:00:00,6028.45,6067.5,6017.3,6051.95,19779,40,0
2025-06-11 16:00:00,6051.9,6057.25,6028.45,6053.85,30439,40,0
2025-06-11 18:00:00,6053.85,6056.65,6026.15,6040.7,30601,40,0
2025-06-11 20:00:00,6040.65,6051.2,5998.95,6014.45,34990,40,0
2025-06-11 22:00:00,6014.45,6026.75,6003.65,6020.65,25413,40,0
2025-06-12 00:00:00,6019.83,6026.2,6010.55,6012.9,3748,35,0
2025-06-12 02:00:00,6012.95,6018.6,5998.9,6002.6,10147,40,0
2025-06-12 04:00:00,6002.65,6007.2,5991.15,5997.7,9517,40,0
2025-06-12 06:00:00,5997.75,6006.95,5997.4,6006.85,4588,40,0
2025-06-12 08:00:00,6006.8,6011.3,6000.75,6010.1,7568,40,0
2025-06-12 10:00:00,6010.05,6014.25,5981.85,5998.2,17267,40,0
2025-06-12 12:00:00,5998.2,6006.0,5988.9,5995.25,12957,40,0
2025-06-12 14:00:00,5994.95,6009.5,5984.4,6008.05,16498,40,0
2025-06-12 16:00:00,6008.05,6039.55,6003.25,6034.7,29686,40,0
2025-06-12 18:00:00,6034.75,6044.45,6023.65,6032.4,30727,40,0
2025-06-12 20:00:00,6032.45,6043.85,6031.65,6041.55,22574,40,0
2025-06-12 22:00:00,6041.3,6045.45,6031.95,6037.25,14503,40,0
2025-06-13 00:00:00,6089.75,6089.75,6026.45,6030.95,3055,40,0
2025-06-13 02:00:00,6030.9,6032.35,5944.9,5954.35,23178,40,0
2025-06-13 04:00:00,5954.35,5961.5,5922.65,5942.1,26371,45,0
2025-06-13 06:00:00,5942.1,5957.7,5938.95,5949.3,14105,45,0
2025-06-13 08:00:00,5949.4,5964.75,5944.55,5963.45,16940,45,0
2025-06-13 10:00:00,5963.4,5980.5,5956.3,5969.65,22113,40,0
2025-06-13 12:00:00,5969.5,5983.65,5963.55,5982.5,18145,45,0
2025-06-13 14:00:00,5982.75,5996.55,5980.95,5986.7,17822,40,0
2025-06-13 16:00:00,5986.7,6009.45,5972.25,5997.5,38646,40,0
2025-06-13 18:00:00,5997.2,6024.35,5995.05,6016.45,31426,40,0
2025-06-13 20:00:00,6016.3,6017.75,5961.9,5978.0,36952,35,0
2025-06-13 22:00:00,5977.85,5982.75,5961.0,5975.85,27425,40,0
2025-06-16 00:00:00,5955.9,5983.5,5948.9,5975.5,6989,50,0
2025-06-16 02:00:00,5975.6,5987.8,5968.6,5986.3,8021,50,0
2025-06-16 04:00:00,5986.4,5991.1,5981.5,5987.6,4119,50,0
2025-06-16 06:00:00,5987.4,5988.1,5981.8,5983.1,1817,50,0
2025-06-16 08:00:00,5983.1,6000.3,5982.9,5999.1,4601,50,0
2025-06-16 10:00:00,5999.2,6011.6,5998.6,6008.8,8087,50,0
2025-06-16 12:00:00,6009.1,6009.9,5996.7,6008.6,4704,50,0
2025-06-16 14:00:00,6008.4,6020.3,6001.3,6013.8,5489,50,0
2025-06-16 16:00:00,6014.1,6051.4,6009.9,6046.3,15268,30,0
2025-06-16 18:00:00,6046.4,6047.9,6031.4,6034.1,11048,30,0
2025-06-16 20:00:00,6033.9,6043.6,6025.1,6031.6,9773,30,0
2025-06-16 22:00:00,6031.4,6038.8,6023.1,6033.3,9319,30,0
2025-06-17 00:00:00,6035.4,6036.7,6010.2,6014.7,3684,50,0
2025-06-17 02:00:00,6014.8,6022.4,5994.7,6013.1,13232,50,0
2025-06-17 04:00:00,6013.4,6020.2,5997.2,6018.9,9031,50,0
2025-06-17 06:00:00,6019.1,6019.4,6005.6,6008.8,6057,50,0
2025-06-17 08:00:00,6008.9,6018.4,6003.9,6005.9,6891,50,0
2025-06-17 10:00:00,6006.1,6011.9,5988.9,6004.7,12961,50,0
2025-06-17 12:00:00,6004.4,6008.4,5988.2,5999.4,8035,50,0
2025-06-17 14:00:00,5999.2,6013.4,5997.7,6002.1,8969,50,0
2025-06-17 16:00:00,6001.9,6023.8,5998.8,6012.1,21024,30,0
2025-06-17 18:00:00,6011.6,6023.9,6001.4,6004.4,18262,30,0
2025-06-17 20:00:00,6004.4,6008.4,5973.6,5987.4,24932,30,0
2025-06-17 22:00:00,5987.5,5992.2,5977.6,5981.7,14161,30,0
2025-06-18 00:00:00,5978.0,5979.0,5962.3,5963.8,2492,50,0
2025-06-18 02:00:00,5963.8,5989.1,5962.2,5987.1,5896,50,0
2025-06-18 04:00:00,5987.2,5993.2,5983.8,5986.8,3146,50,0
2025-06-18 06:00:00,5986.7,5989.2,5980.8,5987.6,2036,50,0
2025-06-18 08:00:00,5987.6,6001.1,5987.3,5993.8,3358,50,0
2025-06-18 10:00:00,5994.0,6001.1,5992.3,5999.1,5364,50,0
2025-06-18 12:00:00,5999.3,6007.1,5978.8,5980.1,4149,50,0
2025-06-18 14:00:00,5980.0,5997.8,5978.8,5986.3,4872,50,0
2025-06-18 16:00:00,5986.6,6017.9,5978.9,6014.2,10452,30,0
2025-06-18 18:00:00,6014.2,6014.7,5999.9,6000.2,7046,30,0
2025-06-18 20:00:00,6000.4,6015.9,5972.7,5978.2,17287,30,0
2025-06-18 22:00:00,5978.2,5995.2,5970.8,5981.1,14756,30,0
2025-06-19 00:00:00,5981.7,5982.3,5971.7,5976.0,1494,50,0
2025-06-19 02:00:00,5976.0,5979.7,5959.0,5968.7,3570,50,0
2025-06-19 04:00:00,5968.8,5969.3,5945.3,5961.2,4926,50,0
2025-06-19 06:00:00,5961.3,5973.7,5961.2,5972.9,1409,50,0
2025-06-19 08:00:00,5972.8,5972.9,5953.7,5961.2,3992,50,0
2025-06-19 10:00:00,5961.4,5964.2,5941.3,5953.7,6867,50,0
2025-06-19 12:00:00,5953.7,5959.8,5949.4,5957.2,3370,50,0
2025-06-19 14:00:00,5957.3,5957.9,5934.9,5938.0,5150,50,0
2025-06-19 16:00:00,5937.7,5944.4,5915.5,5931.0,8221,30,0
2025-06-19 18:00:00,5931.3,5935.3,5918.3,5921.8,5630,30,0
2025-06-20 00:00:00,5945.1,5971.0,5944.2,5964.6,4259,50,0
2025-06-20 02:00:00,5964.9,5974.2,5960.0,5964.2,4651,50,0
2025-06-20 04:00:00,5964.4,5966.4,5953.0,5962.9,3736,50,0
2025-06-20 06:00:00,5962.6,5970.6,5960.7,5967.7,1700,50,0
2025-06-20 08:00:00,5967.6,5975.9,5962.9,5966.6,3589,50,0
2025-06-20 10:00:00,5966.5,5979.1,5957.4,5958.7,5588,50,0
2025-06-20 12:00:00,5958.6,5971.1,5958.4,5968.1,4099,50,0
2025-06-20 14:00:00,5968.0,6000.7,5967.4,5998.9,9116,50,0
2025-06-20 16:00:00,5999.1,6016.5,5961.7,5965.7,21340,30,0
2025-06-20 18:00:00,5965.4,5987.3,5956.7,5976.6,14747,30,0
2025-06-20 20:00:00,5976.8,5982.8,5951.3,5959.6,10645,30,0
2025-06-20 22:00:00,5959.6,5980.5,5955.6,5973.7,9383,30,0
2025-06-23 00:00:00,5919.8,5956.1,5915.2,5950.1,6811,50,0
2025-06-23 02:00:00,5950.0,5951.5,5938.3,5942.6,5741,50,0
2025-06-23 04:00:00,5942.8,5951.5,5939.4,5949.3,3199,50,0
2025-06-23 06:00:00,5948.8,5953.0,5948.5,5950.8,1400,50,0
2025-06-23 08:00:00,5951.0,5964.6,5950.5,5960.1,3570,50,0
2025-06-23 10:00:00,5960.1,5988.4,5960.1,5982.3,7607,50,0
2025-06-23 12:00:00,5982.1,5987.3,5969.8,5970.9,5526,50,0
2025-06-23 14:00:00,5971.0,5976.5,5951.8,5976.0,6865,50,0
2025-06-23 16:00:00,5975.8,6007.4,5959.9,5989.1,14428,30,0
2025-06-23 18:00:00,5989.4,6000.6,5941.9,5959.1,18377,30,0
2025-06-23 20:00:00,5959.4,6017.2,5955.4,6009.9,19375,30,0
2025-06-23 22:00:00,6009.6,6030.1,6008.9,6025.9,5897,30,0
2025-06-24 00:00:00,6026.3,6054.4,6024.4,6050.4,4267,50,0
2025-06-24 02:00:00,6050.3,6061.8,6048.9,6055.8,5311,50,0
2025-06-24 04:00:00,6055.9,6064.7,6052.3,6056.3,3827,50,0
2025-06-24 06:00:00,6056.0,6061.8,6055.0,6060.5,1607,50,0
2025-06-24 08:00:00,6060.3,6087.3,6060.0,6085.3,4713,50,0
2025-06-24 10:00:00,6085.4,6091.5,6062.4,6073.5,11586,50,0
2025-06-24 12:00:00,6073.3,6083.8,6068.8,6071.0,4567,50,0
2025-06-24 14:00:00,6070.9,6075.9,6061.4,6067.0,6722,50,0
2025-06-24 16:00:00,6066.8,6078.1,6058.2,6073.4,11065,30,0
2025-06-24 18:00:00,6073.1,6096.1,6073.1,6090.4,4735,30,0
2025-06-24 20:00:00,6090.6,6098.1,6087.1,6096.6,3830,30,0
2025-06-24 22:00:00,6096.4,6101.9,6089.0,6090.5,2955,30,0
2025-06-25 00:00:00,6089.7,6090.0,6086.0,6088.3,1059,50,0
2025-06-25 02:00:00,6088.5,6096.0,6086.3,6095.0,1925,50,0
2025-06-25 04:00:00,6094.9,6094.9,6088.0,6089.8,1226,50,0
2025-06-25 06:00:00,6090.0,6095.3,6090.0,6095.2,572,50,0
2025-06-25 08:00:00,6095.0,6097.3,6093.0,6093.0,1154,50,0
2025-06-25 10:00:00,6092.9,6096.5,6088.8,6095.5,3356,50,0
2025-06-25 12:00:00,6095.5,6099.3,6089.0,6094.8,1613,50,0
2025-06-25 14:00:00,6094.9,6104.5,6093.0,6104.3,2250,50,0
2025-06-25 16:00:00,6104.5,6107.7,6096.7,6101.4,7540,30,0
2025-06-25 18:00:00,6101.4,6101.7,6088.4,6091.2,5644,30,0
2025-06-25 20:00:00,6091.4,6095.4,6078.9,6088.1,5294,30,0
2025-06-25 22:00:00,6087.9,6097.3,6087.3,6093.5,3675,30,0
2025-06-26 00:00:00,6092.0,6099.0,6092.0,6095.0,905,50,0
2025-06-26 02:00:00,6095.2,6098.0,6089.5,6097.0,2164,50,0
2025-06-26 04:00:00,6097.1,6098.8,6093.0,6097.5,1185,50,0
2025-06-26 06:00:00,6097.7,6103.8,6097.7,6103.2,923,50,0
2025-06-26 08:00:00,6103.0,6111.3,6101.2,6109.0,1648,50,0
2025-06-26 10:00:00,6109.0,6118.7,6107.7,6114.7,2663,50,0
2025-06-26 12:00:00,6114.7,6119.0,6109.7,6112.7,2102,50,0
2025-06-26 14:00:00,6113.0,6119.2,6106.2,6114.7,3561,50,0
2025-06-26 16:00:00,6114.2,6130.1,6107.7,6128.1,8404,30,0
2025-06-26 18:00:00,6128.1,6135.6,6122.6,6132.1,4133,30,0
2025-06-26 20:00:00,6132.1,6145.2,6130.1,6138.3,3527,30,0
2025-06-26 22:00:00,6138.3,6147.3,6136.1,6143.0,3304,30,0
2025-06-27 00:00:00,6144.6,6153.1,6143.0,6148.9,1368,50,0
2025-06-27 02:00:00,6148.9,6150.1,6142.6,6144.3,2341,50,0
2025-06-27 04:00:00,6144.0,6150.8,6142.7,6150.5,1322,50,0
2025-06-27 06:00:00,6150.5,6152.8,6148.8,6148.8,772,50,0
2025-06-27 08:00:00,6148.5,6162.5,6148.5,6159.5,1428,50,0
2025-06-27 10:00:00,6159.7,6163.3,6156.8,6160.5,2759,50,0
2025-06-27 12:00:00,6160.7,6161.2,6156.0,6158.3,1314,50,0
2025-06-27 14:00:00,6158.3,6169.2,6157.0,6158.0,3382,50,0
2025-06-27 16:00:00,6158.0,6179.1,6150.9,6171.6,7609,30,0
2025-06-27 18:00:00,6171.9,6187.6,6169.4,6183.4,4167,30,0
2025-06-27 20:00:00,6183.1,6183.4,6132.1,6135.9,12477,30,0
2025-06-27 22:00:00,6136.1,6174.7,6134.1,6168.4,7057,30,0
2025-06-30 00:00:00,6176.2,6191.6,6173.8,6187.3,1633,50,0
2025-06-30 02:00:00,6187.5,6193.1,6184.5,6188.3,2162,50,0
2025-06-30 04:00:00,6188.1,6196.8,6184.8,6194.3,1592,50,0
2025-06-30 06:00:00,6194.1,6198.1,6193.1,6195.8,698,50,0
2025-06-30 08:00:00,6195.6,6203.1,6194.8,6199.1,1315,50,0
2025-06-30 10:00:00,6199.0,6199.1,6192.1,6194.8,2704,50,0
2025-06-30 12:00:00,6195.1,6201.6,6193.3,6198.5,1234,50,0
2025-06-30 14:00:00,6198.6,6201.6,6190.3,6193.3,1721,50,0
2025-06-30 16:00:00,6193.3,6198.8,6179.7,6182.9,8181,30,0
2025-06-30 18:00:00,6183.2,6194.2,6180.2,6189.2,5150,30,0
2025-06-30 20:00:00,6189.2,6191.9,6172.6,6191.9,6364,30,0
2025-06-30 22:00:00,6191.9,6214.7,6191.6,6195.6,5708,30,0
2025-07-01 00:00:00,6195.8,6199.8,6193.1,6194.1,736,50,0
2025-07-01 02:00:00,6194.3,6206.3,6192.3,6205.3,1774,50,0
2025-07-01 04:00:00,6205.4,6207.8,6198.3,6198.6,1221,50,0
2025-07-01 06:00:00,6198.7,6200.3,6193.6,6194.3,797,50,0
2025-07-01 08:00:00,6194.6,6196.1,6190.1,6193.6,1459,50,0
2025-07-01 10:00:00,6193.6,6200.1,6188.1,6193.8,3998,50,0
2025-07-01 12:00:00,6193.6,6194.6,6186.3,6191.3,1594,50,0
2025-07-01 14:00:00,6191.6,6193.3,6177.4,6184.4,2867,50,0
2025-07-01 16:00:00,6184.4,6203.5,6182.1,6187.7,10030,30,0
2025-07-01 18:00:00,6187.5,6204.2,6177.7,6193.4,11092,30,0
2025-07-01 20:00:00,6193.7,6211.4,6192.7,6202.7,6131,30,0
2025-07-01 22:00:00,6202.8,6210.1,6190.0,6198.0,6621,30,0
2025-07-02 00:00:00,6198.0,6203.9,6196.8,6203.9,825,50,0
2025-07-02 02:00:00,6204.1,6204.9,6200.6,6203.0,1453,50,0
2025-07-02 04:00:00,6203.1,6208.9,6194.9,6208.9,1561,50,0
2025-07-02 06:00:00,6209.4,6217.4,6207.9,6215.4,1327,50,0
2025-07-02 08:00:00,6215.3,6219.8,6210.1,6219.6,2106,50,0
2025-07-02 10:00:00,6219.6,6220.1,6201.8,6204.6,4398,50,0
2025-07-02 12:00:00,6204.5,6207.0,6201.6,6204.6,2153,50,0
2025-07-02 14:00:00,6204.5,6208.0,6185.2,6189.5,6148,50,0
2025-07-02 16:00:00,6189.7,6214.6,6187.2,6210.6,8522,30,0
2025-07-02 18:00:00,6210.9,6218.6,6208.6,6218.4,4866,30,0
2025-07-02 20:00:00,6218.1,6221.9,6213.6,6220.9,3247,30,0
2025-07-02 22:00:00,6220.9,6229.8,6218.6,6227.5,2686,30,0
2025-07-03 00:00:00,6225.8,6229.2,6223.4,6227.2,768,50,0
2025-07-03 02:00:00,6227.2,6229.9,6225.9,6227.7,1015,50,0
2025-07-03 04:00:00,6227.5,6229.9,6220.9,6225.5,1233,50,0
2025-07-03 06:00:00,6225.4,6233.8,6225.2,6230.5,1234,50,0
2025-07-03 08:00:00,6230.4,6234.2,6227.4,6231.7,1345,50,0
2025-07-03 10:00:00,6231.4,6235.2,6224.9,6224.9,1881,50,0
2025-07-03 12:00:00,6224.7,6230.7,6222.9,6227.9,1996,50,0
2025-07-03 14:00:00,6227.9,6245.8,6226.9,6235.7,5034,50,0
2025-07-03 16:00:00,6235.4,6275.0,6235.2,6272.9,7231,30,0
2025-07-03 18:00:00,6272.9,6282.9,6268.7,6273.2,4421,30,0
2025-07-03 20:00:00,6272.9,6276.9,6269.9,6271.9,817,30,0
2025-07-04 00:00:00,6270.3,6272.0,6264.0,6268.1,1441,50,0
2025-07-04 02:00:00,6268.1,6269.9,6263.9,6264.3,1398,50,0
2025-07-04 04:00:00,6264.4,6270.7,6259.8,6263.2,1435,50,0
2025-07-04 06:00:00,6263.2,6263.9,6256.7,6258.8,1096,50,0
2025-07-04 08:00:00,6258.9,6261.2,6254.4,6254.9,1821,50,0
2025-07-04 10:00:00,6254.7,6257.7,6237.9,6238.8,4776,50,0
2025-07-04 12:00:00,6238.7,6243.2,6228.7,6233.8,4556,50,0
2025-07-04 14:00:00,6233.7,6240.2,6232.2,6237.1,3427,50,0
2025-07-04 16:00:00,6237.2,6244.8,6231.9,6242.8,4270,30,0
2025-07-04 18:00:00,6242.7,6244.3,6234.8,6237.3,2467,30,0
2025-07-07 00:00:00,6256.5,6267.5,6253.1,6253.6,2489,50,0
2025-07-07 02:00:00,6253.7,6258.8,6251.6,6254.6,2429,50,0
2025-07-07 04:00:00,6254.3,6254.6,6244.3,6251.1,2959,50,0
2025-07-07 06:00:00,6251.0,6258.8,6247.1,6250.5,1501,50,0
2025-07-07 08:00:00,6250.3,6251.3,6243.8,6247.6,2049,50,0
2025-07-07 10:00:00,6247.7,6251.3,6244.8,6246.8,4125,50,0
2025-07-07 12:00:00,6247.1,6264.1,6245.8,6258.1,2472,50,0
2025-07-07 14:00:00,6258.3,6267.8,6254.6,6255.6,2223,50,0
2025-07-07 16:00:00,6255.7,6261.4,6241.6,6243.6,9065,30,0
2025-07-07 18:00:00,6243.4,6246.1,6214.1,6219.8,12851,30,0
2025-07-07 20:00:00,6219.9,6235.9,6200.1,6223.6,12346,30,0
2025-07-07 22:00:00,6223.3,6231.8,6212.2,6217.0,5608,30,0
2025-07-08 00:00:00,6218.9,6220.9,6209.3,6216.8,1406,50,0
2025-07-08 02:00:00,6216.9,6230.4,6215.9,6228.3,2792,50,0
2025-07-08 04:00:00,6228.1,6234.6,6225.1,6234.2,1847,50,0
2025-07-08 06:00:00,6234.1,6234.4,6229.6,6230.9,1089,50,0
2025-07-08 08:00:00,6231.1,6239.1,6229.8,6237.9,1845,50,0
2025-07-08 10:00:00,6237.8,6243.8,6232.4,6237.8,3186,50,0
2025-07-08 12:00:00,6237.6,6240.6,6228.3,6237.9,2410,50,0
2025-07-08 14:00:00,6237.8,6241.3,6231.6,6236.8,2109,50,0
2025-07-08 16:00:00,6237.1,6238.9,6217.0,6226.5,9355,30,0
2025-07-08 18:00:00,6226.2,6243.2,6219.2,6230.0,8621,30,0
2025-07-08 20:00:00,6230.2,6234.9,6220.2,6227.2,6765,30,0
2025-07-08 22:00:00,6226.9,6228.7,6221.9,6226.1,3254,30,0
2025-07-09 00:00:00,6228.6,6230.9,6225.9,6228.4,491,50,0
2025-07-09 02:00:00,6228.2,6231.4,6217.4,6219.9,1581,50,0
2025-07-09 04:00:00,6219.7,6225.6,6214.9,6222.0,1580,50,0
2025-07-09 06:00:00,6222.1,6224.6,6219.2,6223.4,1058,50,0
2025-07-09 08:00:00,6223.2,6226.6,6215.4,6225.9,1883,50,0
2025-07-09 10:00:00,6225.9,6229.4,6221.1,6226.9,2811,50,0
2025-07-09 12:00:00,6227.0,6238.6,6226.9,6235.4,2570,50,0
2025-07-09 14:00:00,6235.5,6245.4,6234.4,6241.9,2098,50,0
2025-07-09 16:00:00,6241.6,6270.2,6232.2,6236.2,9187,30,0
2025-07-09 18:00:00,6235.9,6247.5,6230.7,6242.2,6753,30,0
2025-07-09 20:00:00,6242.1,6258.0,6238.7,6256.2,5472,30,0
2025-07-09 22:00:00,6256.4,6264.4,6253.2,6260.9,2762,30,0
2025-07-10 00:00:00,6259.3,6266.4,6258.1,6264.1,654,50,0
2025-07-10 02:00:00,6264.3,6264.6,6250.6,6251.1,1758,50,0
2025-07-10 04:00:00,6251.4,6253.9,6246.8,6252.6,1855,50,0
2025-07-10 06:00:00,6252.4,6252.4,6244.9,6246.5,1154,50,0
2025-07-10 08:00:00,6246.6,6248.6,6242.9,6245.0,1718,50,0
2025-07-10 10:00:00,6245.1,6255.9,6242.1,6254.9,2743,50,0
2025-07-10 12:00:00,6255.0,6258.0,6249.1,6256.6,1637,50,0
2025-07-10 14:00:00,6256.6,6265.6,6254.4,6256.9,2533,50,0
2025-07-10 16:00:00,6256.9,6271.7,6250.7,6269.5,7662,30,0
2025-07-10 18:00:00,6269.5,6279.2,6269.2,6276.7,3779,30,0
2025-07-10 20:00:00,6276.9,6290.2,6276.7,6284.2,2518,30,0
2025-07-10 22:00:00,6283.9,6287.9,6273.2,6276.1,2475,30,0
2025-07-11 00:00:00,6277.6,6285.1,6276.9,6284.9,552,50,0
2025-07-11 02:00:00,6285.1,6287.1,6241.0,6249.1,7109,50,0
2025-07-11 04:00:00,6249.4,6260.4,6244.6,6259.9,3595,50,0
2025-07-11 06:00:00,6260.0,6268.3,6259.9,6266.1,1292,50,0
2025-07-11 08:00:00,6265.9,6267.1,6258.6,6262.9,2210,50,0
2025-07-11 10:00:00,6262.8,6265.4,6241.6,6247.6,5672,50,0
2025-07-11 12:00:00,6247.9,6250.1,6233.4,6236.6,4046,50,0
2025-07-11 14:00:00,6237.5,6251.6,6236.4,6245.1,3673,50,0
2025-07-11 16:00:00,6245.0,6264.0,6235.3,6258.8,9375,30,0
2025-07-11 18:00:00,6258.5,6266.8,6247.0,6264.0,6733,30,0
2025-07-11 20:00:00,6264.3,6269.5,6258.3,6264.3,4060,30,0
2025-07-11 22:00:00,6264.0,6268.0,6249.9,6252.9,4670,30,0
2025-07-14 00:00:00,6230.0,6238.3,6223.3,6236.8,2633,40,0
2025-07-14 02:00:00,6236.6,6237.4,6226.5,6229.0,3381,50,0
2025-07-14 04:00:00,6229.0,6232.8,6226.5,6228.8,1558,50,0
2025-07-14 06:00:00,6228.8,6232.3,6227.3,6229.0,804,50,0
2025-07-14 08:00:00,6229.1,6231.8,6219.3,6224.5,2233,50,0
2025-07-14 10:00:00,6224.6,6239.6,6217.8,6237.3,4365,50,0
2025-07-14 12:00:00,6237.4,6242.0,6235.5,6238.0,1646,50,0
2025-07-14 14:00:00,6237.9,6243.8,6235.1,6240.8,2715,50,0
2025-07-14 16:00:00,6240.5,6258.3,6237.8,6256.0,9910,30,0
2025-07-14 18:00:00,6255.8,6266.3,6254.0,6264.3,4668,30,0
2025-07-14 20:00:00,6264.5,6273.5,6264.3,6271.5,2273,30,0
2025-07-14 22:00:00,6271.8,6273.0,6264.8,6267.3,1984,30,0
2025-07-15 00:00:00,6265.7,6265.7,6259.8,6260.1,893,50,0
2025-07-15 02:00:00,6259.8,6264.6,6259.1,6261.1,1269,50,0
2025-07-15 04:00:00,6260.8,6293.8,6259.3,6269.6,6589,50,0
2025-07-15 06:00:00,6269.6,6282.1,6267.1,6281.3,1859,50,0
2025-07-15 08:00:00,6281.4,6291.6,6280.8,6287.9,2511,50,0
2025-07-15 10:00:00,6287.8,6290.6,6283.8,6287.1,3768,50,0
2025-07-15 12:00:00,6286.9,6299.4,6285.8,6292.8,1661,50,0
2025-07-15 14:00:00,6292.9,6301.1,6283.3,6293.6,4973,50,0
2025-07-15 16:00:00,6293.8,6300.3,6259.1,6259.9,11731,30,0
2025-07-15 18:00:00,6260.1,6275.1,6250.9,6252.9,8003,30,0
2025-07-15 20:00:00,6253.1,6270.1,6250.6,6253.4,5437,30,0
2025-07-15 22:00:00,6253.1,6258.6,6231.0,6232.5,5222,30,0
2025-07-16 00:00:00,6235.0,6236.4,6223.9,6229.9,1359,50,0
2025-07-16 02:00:00,6229.9,6233.1,6225.1,6231.6,2584,50,0
2025-07-16 04:00:00,6231.9,6237.1,6231.2,6233.1,1699,50,0
2025-07-16 06:00:00,6233.1,6236.9,6232.4,6233.7,997,50,0
2025-07-16 08:00:00,6234.9,6238.6,6223.6,6224.6,3239,50,0
2025-07-16 10:00:00,6224.4,6240.4,6216.7,6238.4,4322,50,0
2025-07-16 12:00:00,6238.2,6241.6,6232.9,6239.7,2348,50,0
2025-07-16 14:00:00,6239.9,6259.6,6236.4,6256.6,4099,50,0
2025-07-16 16:00:00,6256.9,6261.2,6236.2,6243.0,12289,30,0
2025-07-16 18:00:00,6242.8,6255.0,6201.2,6252.5,23384,30,0
2025-07-16 20:00:00,6252.5,6264.3,6248.2,6264.3,5167,30,0
2025-07-16 22:00:00,6264.3,6267.8,6256.5,6258.2,2894,30,0
2025-07-17 00:00:00,6259.0,6259.2,6251.5,6252.2,959,50,0
2025-07-17 02:00:00,6252.5,6257.0,6250.0,6256.5,1675,50,0
2025-07-17 04:00:00,6256.5,6257.7,6249.0,6250.0,1580,50,0
2025-07-17 06:00:00,6250.1,6253.5,6248.2,6253.0,860,50,0
2025-07-17 08:00:00,6253.2,6271.5,6252.7,6268.2,2761,50,0
2025-07-17 10:00:00,6268.2,6269.2,6261.7,6265.7,4716,50,0
2025-07-17 12:00:00,6265.9,6270.7,6262.2,6262.7,1964,50,0
2025-07-17 14:00:00,6263.0,6274.7,6257.2,6274.0,4037,50,0
2025-07-17 16:00:00,6273.7,6283.5,6262.1,6279.2,7648,30,0
2025-07-17 18:00:00,6279.2,6296.6,6278.7,6289.3,3668,30,0
2025-07-17 20:00:00,6289.1,6302.6,6287.6,6300.8,2419,30,0
2025-07-17 22:00:00,6300.8,6305.3,6297.6,6301.6,2893,30,0
2025-07-18 00:00:00,6299.4,6304.1,6298.7,6303.0,558,50,0
2025-07-18 02:00:00,6303.0,6311.3,6302.8,6307.8,1453,50,0
2025-07-18 04:00:00,6307.8,6312.3,6305.8,6311.0,921,50,0
2025-07-18 06:00:00,6311.3,6313.3,6309.8,6311.5,843,50,0
2025-07-18 08:00:00,6311.8,6317.5,6311.5,6314.8,1277,50,0
2025-07-18 10:00:00,6315.0,6315.5,6305.7,6308.5,2389,50,0
2025-07-18 12:00:00,6308.5,6310.0,6300.7,6302.7,1367,50,0
2025-07-18 14:00:00,6302.8,6308.0,6299.2,6307.2,2289,50,0
2025-07-18 16:00:00,6307.2,6313.4,6290.0,6290.0,8669,30,0
2025-07-18 18:00:00,6289.8,6300.5,6283.8,6285.5,5547,30,0
2025-07-18 20:00:00,6285.8,6294.3,6283.5,6291.3,3692,30,0
2025-07-18 22:00:00,6291.3,6297.0,6289.3,6294.4,1915,30,0
2025-07-21 00:00:00,6296.3,6301.1,6291.9,6300.0,921,50,0
2025-07-21 02:00:00,6300.1,6305.6,6298.6,6303.9,992,50,0
2025-07-21 04:00:00,6304.1,6306.9,6302.1,6302.9,819,50,0
2025-07-21 06:00:00,6302.9,6305.4,6300.6,6305.1,511,50,0
2025-07-21 08:00:00,6304.9,6311.6,6303.2,6308.1,876,50,0
2025-07-21 10:00:00,6308.2,6316.1,6308.1,6313.9,1601,50,0
2025-07-21 12:00:00,6314.1,6315.9,6309.9,6312.6,930,50,0
2025-07-21 14:00:00,6312.9,6313.2,6303.9,6304.4,1051,50,0
2025-07-21 16:00:00,6304.1,6334.6,6301.9,6330.7,4749,30,0
2025-07-21 18:00:00,6331.0,6336.2,6325.7,6333.0,2780,30,0
2025-07-21 20:00:00,6333.2,6335.7,6323.2,6323.7,1968,30,0
2025-07-21 22:00:00,6324.0,6324.0,6303.2,6310.4,3577,30,0
2025-07-22 00:00:00,6310.6,6312.4,6308.8,6310.6,436,50,0
2025-07-22 02:00:00,6310.6,6314.4,6309.1,6310.9,1000,50,0
2025-07-22 04:00:00,6310.6,6315.1,6309.6,6310.4,857,50,0
2025-07-22 06:00:00,6310.6,6311.4,6303.5,6304.4,1072,50,0
2025-07-22 08:00:00,6304.1,6305.6,6302.6,6304.6,992,50,0
2025-07-22 10:00:00,6304.6,6309.9,6298.4,6300.4,3009,50,0
2025-07-22 12:00:00,6300.6,6303.9,6298.9,6303.1,1758,50,0
2025-07-22 14:00:00,6303.1,6312.1,6300.6,6311.1,2301,50,0
2025-07-22 16:00:00,6311.1,6312.4,6282.0,6300.0,10999,30,0
2025-07-22 18:00:00,6300.0,6301.5,6290.5,6299.0,6066,30,0
2025-07-22 20:00:00,6298.7,6315.7,6295.7,6314.0,4051,30,0
2025-07-22 22:00:00,6313.7,6316.7,6305.9,6310.4,2557,30,0
2025-07-23 00:00:00,6312.6,6314.1,6306.7,6308.4,746,50,0
2025-07-23 02:00:00,6308.7,6327.3,6308.3,6314.7,4915,50,0
2025-07-23 04:00:00,6314.4,6324.7,6312.7,6324.2,2145,50,0
2025-07-23 06:00:00,6324.3,6326.9,6321.4,6326.2,1124,50,0
2025-07-23 08:00:00,6325.9,6329.4,6323.9,6328.7,1661,50,0
2025-07-23 10:00:00,6328.8,6335.4,6324.2,6334.9,3449,50,0
2025-07-23 12:00:00,6334.7,6337.9,6331.9,6333.9,1381,50,0
2025-07-23 14:00:00,6334.2,6336.4,6327.7,6333.2,2500,50,0
2025-07-23 16:00:00,6332.9,6340.2,6317.5,6327.2,8380,30,0
2025-07-23 18:00:00,6327.5,6348.7,6323.5,6339.2,8491,30,0
2025-07-23 20:00:00,6339.0,6357.5,6335.7,6353.5,4984,30,0
2025-07-23 22:00:00,6353.7,6370.7,6350.3,6369.7,6680,30,0
2025-07-24 00:00:00,6366.4,6369.0,6365.0,6365.5,1117,50,0
2025-07-24 02:00:00,6365.7,6369.2,6365.0,6366.2,1411,50,0
2025-07-24 04:00:00,6366.0,6371.1,6365.7,6369.5,1199,50,0
2025-07-24 06:00:00,6369.2,6369.4,6363.5,6365.2,1044,50,0
2025-07-24 08:00:00,6365.5,6367.4,6360.5,6360.7,1366,50,0
2025-07-24 10:00:00,6360.5,6366.2,6358.0,6365.2,2387,50,0
2025-07-24 12:00:00,6365.5,6368.5,6360.0,6363.0,1557,50,0
2025-07-24 14:00:00,6363.2,6371.0,6356.0,6362.5,2784,50,0
2025-07-24 16:00:00,6362.2,6377.3,6359.0,6376.3,8814,30,0
2025-07-24 18:00:00,6376.5,6380.0,6363.5,6370.0,4263,30,0
2025-07-24 20:00:00,6369.8,6381.6,6367.4,6372.6,3385,30,0
2025-07-24 22:00:00,6372.4,6378.1,6362.7,6369.5,2886,30,0
2025-07-25 00:00:00,6370.4,6377.2,6368.9,6374.2,587,50,0
2025-07-25 02:00:00,6374.3,6378.9,6371.7,6378.2,1133,50,0
2025-07-25 04:00:00,6378.2,6382.9,6377.4,6380.9,836,50,0
2025-07-25 06:00:00,6381.2,6385.4,6374.9,6375.8,772,50,0
2025-07-25 08:00:00,6375.9,6378.7,6372.7,6373.2,1002,50,0
2025-07-25 10:00:00,6373.3,6374.2,6365.7,6370.7,3457,50,0
2025-07-25 12:00:00,6370.6,6374.2,6367.9,6373.4,1271,50,0
2025-07-25 14:00:00,6373.4,6374.4,6368.4,6371.2,1573,50,0
2025-07-25 16:00:00,6371.3,6381.1,6366.2,6377.8,6819,30,0
2025-07-25 18:00:00,6378.0,6389.6,6375.6,6388.6,2677,30,0
2025-07-25 20:00:00,6388.3,6395.6,6386.8,6392.3,1954,30,0
2025-07-25 22:00:00,6392.3,6395.8,6386.3,6391.7,2014,30,0
2025-07-28 00:00:00,6418.4,6422.1,6408.9,6410.8,2313,50,0
2025-07-28 02:00:00,6410.8,6418.3,6410.0,6416.8,1799,50,0
2025-07-28 04:00:00,6417.0,6419.5,6413.9,6417.8,1203,50,0
2025-07-28 06:00:00,6417.8,6420.3,6415.8,6419.8,592,50,0
2025-07-28 08:00:00,6419.5,6423.8,6417.0,6417.3,1089,50,0
2025-07-28 10:00:00,6417.4,6418.3,6409.8,6410.3,1966,50,0
2025-07-28 12:00:00,6410.3,6411.5,6399.5,6401.0,1419,50,0
2025-07-28 14:00:00,6400.8,6406.3,6399.3,6405.3,1781,50,0
2025-07-28 16:00:00,6405.3,6405.5,6390.1,6394.6,6814,30,0
2025-07-28 18:00:00,6394.3,6396.8,6383.3,6389.1,3724,30,0
2025-07-28 20:00:00,6389.3,6391.8,6375.4,6380.7,3707,30,0
2025-07-28 22:00:00,6380.4,6391.6,6376.9,6390.8,2010,30,0
2025-07-29 00:00:00,6391.6,6395.9,6391.4,6395.2,550,50,0
2025-07-29 02:00:00,6395.4,6395.9,6390.9,6394.4,945,50,0
2025-07-29 04:00:00,6394.3,6397.4,6393.4,6397.2,983,50,0
2025-07-29 06:00:00,6396.9,6400.4,6395.9,6398.7,571,50,0
2025-07-29 08:00:00,6398.8,6401.7,6395.9,6396.4,787,50,0
2025-07-29 10:00:00,6396.4,6406.4,6396.4,6403.9,1993,50,0
2025-07-29 12:00:00,6403.9,6408.4,6403.4,6407.4,1540,50,0
2025-07-29 14:00:00,6407.4,6409.4,6399.7,6401.2,1548,50,0
2025-07-29 16:00:00,6401.2,6407.0,6385.6,6387.6,7180,30,0
2025-07-29 18:00:00,6387.4,6390.6,6367.4,6382.4,7605,30,0
2025-07-29 20:00:00,6382.1,6386.1,6369.9,6373.6,4446,30,0
2025-07-29 22:00:00,6373.4,6376.4,6363.6,6370.3,3318,30,0
2025-07-30 00:00:00,6373.0,6376.4,6372.5,6375.6,577,50,0
2025-07-30 02:00:00,6375.7,6381.1,6373.9,6380.1,952,50,0
2025-07-30 04:00:00,6379.9,6382.0,6375.9,6380.6,1242,50,0
2025-07-30 06:00:00,6380.9,6383.9,6380.6,6383.5,552,50,0
2025-07-30 08:00:00,6383.4,6384.6,6380.6,6381.1,1091,50,0
2025-07-30 10:00:00,6381.2,6383.9,6373.1,6377.9,2680,50,0
2025-07-30 12:00:00,6377.7,6382.1,6376.4,6382.1,1377,50,0
2025-07-30 14:00:00,6382.1,6385.4,6374.6,6378.9,3661,50,0
2025-07-30 16:00:00,6378.9,6388.6,6373.5,6382.6,7361,30,0
2025-07-30 18:00:00,6382.9,6387.4,6369.9,6384.9,4545,30,0
2025-07-30 20:00:00,6385.1,6397.4,6345.7,6347.9,11119,30,0
2025-07-30 22:00:00,6347.9,6402.5,6334.6,6392.5,21206,30,0
2025-07-31 00:00:00,6401.3,6411.8,6399.3,6410.9,1878,50,0
2025-07-31 02:00:00,6410.7,6416.2,6407.2,6415.7,1885,50,0
2025-07-31 04:00:00,6415.5,6422.9,6413.7,6421.9,1153,50,0
2025-07-31 06:00:00,6421.9,6427.2,6419.9,6425.9,907,50,0
2025-07-31 08:00:00,6425.7,6427.2,6420.2,6422.7,1716,50,0
2025-07-31 10:00:00,6422.9,6436.4,6420.4,6429.7,3535,50,0
2025-07-31 12:00:00,6429.9,6430.7,6419.4,6419.7,1878,50,0
2025-07-31 14:00:00,6419.7,6426.0,6416.7,6423.9,5042,50,0
2025-07-31 16:00:00,6423.7,6424.2,6384.4,6385.3,14254,30,0
2025-07-31 18:00:00,6385.4,6402.7,6369.9,6397.7,9749,30,0
2025-07-31 20:00:00,6397.5,6397.7,6333.7,6360.7,17753,30,0
2025-07-31 22:00:00,6361.0,6367.7,6326.0,6336.8,18438,30,0
2025-08-01 00:00:00,6337.8,6341.1,6320.5,6329.1,3220,50,0
2025-08-01 02:00:00,6329.2,6333.7,6316.5,6327.0,6263,50,0
2025-08-01 04:00:00,6326.5,6339.3,6325.3,6338.2,3884,50,0
2025-08-01 06:00:00,6338.3,6342.2,6330.5,6334.2,1906,50,0
2025-08-01 08:00:00,6334.1,6335.5,6318.3,6321.8,3659,50,0
2025-08-01 10:00:00,6321.8,6323.3,6274.7,6285.2,13972,50,0
2025-08-01 12:00:00,6285.0,6290.2,6265.2,6270.6,8438,50,0
2025-08-01 14:00:00,6270.5,6300.5,6269.1,6276.7,11707,50,0
2025-08-01 16:00:00,6276.7,6284.5,6213.8,6237.1,29372,30,0
2025-08-01 18:00:00,6237.3,6268.4,6230.7,6232.0,18011,30,0
2025-08-01 20:00:00,6231.9,6249.7,6211.7,6232.4,16648,30,0
2025-08-01 22:00:00,6232.2,6251.6,6227.5,6236.6,11801,30,0
2025-08-04 00:00:00,6236.7,6242.5,6224.1,6241.0,3396,50,0
2025-08-04 02:00:00,6241.0,6254.5,6233.9,6252.8,6313,50,0
2025-08-04 04:00:00,6252.9,6261.0,6248.0,6260.3,4253,50,0
2025-08-04 06:00:00,6260.5,6263.0,6252.8,6258.3,1969,50,0
2025-08-04 08:00:00,6258.5,6265.8,6251.8,6261.9,3570,50,0
2025-08-04 10:00:00,6262.0,6279.3,6258.5,6278.5,6750,50,0
2025-08-04 12:00:00,6278.1,6282.5,6273.0,6274.3,3332,50,0
2025-08-04 14:00:00,6274.5,6277.5,6267.3,6272.5,4252,50,0
2025-08-04 16:00:00,6273.0,6316.1,6271.0,6311.6,10489,30,0
2025-08-04 18:00:00,6311.4,6323.9,6305.1,6320.9,6630,30,0
2025-08-04 20:00:00,6320.6,6324.6,6312.9,6317.9,4026,30,0
2025-08-04 22:00:00,6317.9,6342.5,6316.4,6342.3,4003,30,0
2025-08-05 00:00:00,6342.4,6342.5,6336.5,6338.3,908,50,0
2025-08-05 02:00:00,6338.3,6349.0,6333.5,6341.8,2811,50,0
2025-08-05 04:00:00,6341.8,6346.3,6337.0,6338.8,2368,50,0
2025-08-05 06:00:00,6339.0,6342.5,6336.0,6342.3,1249,50,0
2025-08-05 08:00:00,6342.5,6349.0,6340.3,6348.3,1583,50,0
2025-08-05 10:00:00,6348.2,6350.8,6332.0,6336.3,5030,50,0
2025-08-05 12:00:00,6336.5,6348.0,6335.3,6346.3,2403,50,0
2025-08-05 14:00:00,6346.0,6350.0,6336.3,6337.5,5004,50,0
2025-08-05 16:00:00,6337.7,6345.1,6289.5,6298.1,15350,30,0
2025-08-05 18:00:00,6298.2,6316.0,6290.7,6308.4,14063,30,0
2025-08-05 20:00:00,6308.2,6322.5,6297.7,6303.5,8344,30,0
2025-08-05 22:00:00,6303.7,6310.5,6294.6,6297.6,6746,30,0
2025-08-06 00:00:00,6301.4,6302.4,6288.0,6297.5,2136,50,0
2025-08-06 02:00:00,6297.2,6300.5,6290.5,6295.5,3581,50,0
2025-08-06 04:00:00,6295.5,6316.0,6293.7,6313.2,3279,50,0
2025-08-06 06:00:00,6313.4,6317.0,6310.5,6315.7,1580,50,0
2025-08-06 08:00:00,6315.9,6327.7,6314.5,6324.0,2792,50,0
2025-08-06 10:00:00,6324.0,6333.0,6318.5,6320.2,5186,50,0
2025-08-06 12:00:00,6320.0,6323.0,6306.5,6313.9,4988,50,0
2025-08-06 14:00:00,6314.0,6317.7,6305.5,6313.7,5278,50,0
2025-08-06 16:00:00,6313.7,6329.1,6300.6,6328.3,17326,30,0
2025-08-06 18:00:00,6328.5,6349.5,6323.6,6342.0,9649,30,0
2025-08-06 20:00:00,6341.7,6351.6,6339.0,6345.2,5372,30,0
2025-08-06 22:00:00,6345.0,6353.5,6341.7,6344.4,3381,30,0
2025-08-07 00:00:00,6347.0,6361.8,6339.0,6357.6,2470,50,0
2025-08-07 02:00:00,6357.7,6363.0,6352.7,6360.3,3099,50,0
2025-08-07 04:00:00,6360.2,6366.0,6359.8,6361.2,2424,50,0
2025-08-07 06:00:00,6361.1,6364.2,6355.3,6357.2,1677,50,0
2025-08-07 08:00:00,6357.3,6364.5,6354.8,6358.5,2712,50,0
2025-08-07 10:00:00,6358.6,6384.2,6358.2,6380.5,5194,50,0
2025-08-07 12:00:00,6380.3,6401.3,6376.7,6387.3,4904,50,0
2025-08-07 14:00:00,6388.2,6391.6,6380.0,6382.5,6449,50,0
2025-08-07 16:00:00,6382.7,6389.3,6343.1,6346.3,18070,30,0
2025-08-07 18:00:00,6346.2,6350.6,6319.3,6331.1,15500,30,0
2025-08-07 20:00:00,6331.1,6337.5,6309.8,6323.8,15044,30,0
2025-08-07 22:00:00,6324.1,6350.7,6318.8,6348.2,6386,30,0
2025-08-08 00:00:00,6348.4,6358.0,6347.6,6355.4,1513,50,0
2025-08-08 02:00:00,6355.7,6363.4,6350.3,6360.4,2469,50,0
2025-08-08 04:00:00,6360.5,6363.2,6356.7,6362.4,1588,50,0
2025-08-08 06:00:00,6362.2,6362.9,6353.3,6354.4,1276,50,0
2025-08-08 08:00:00,6354.7,6357.2,6344.9,6352.7,2977,50,0
2025-08-08 10:00:00,6352.8,6358.8,6351.9,6356.6,3879,50,0
2025-08-08 12:00:00,6356.6,6362.8,6356.1,6362.1,1663,50,0
2025-08-08 14:00:00,6361.8,6365.8,6352.6,6355.3,3024,50,0
2025-08-08 16:00:00,6355.6,6389.2,6353.3,6376.7,9678,30,0
2025-08-08 18:00:00,6376.7,6392.2,6366.9,6384.2,7835,30,0
2025-08-08 20:00:00,6384.2,6395.2,6379.9,6391.4,4233,30,0
2025-08-08 22:00:00,6391.2,6402.1,6379.2,6399.1,3507,30,0
2025-08-11 00:00:00,6399.3,6403.1,6394.3,6396.9,1448,50,0
2025-08-11 02:00:00,6396.8,6399.5,6389.6,6398.3,1808,50,0
2025-08-11 04:00:00,6398.0,6405.8,6397.5,6402.8,1544,50,0
2025-08-11 06:00:00,6403.0,6405.5,6396.8,6397.8,1002,50,0
2025-08-11 08:00:00,6397.8,6404.5,6396.5,6404.5,1570,50,0
2025-08-11 10:00:00,6404.3,6404.8,6385.0,6389.8,4142,50,0
2025-08-11 12:00:00,6389.8,6399.5,6389.5,6398.3,1501,50,0
2025-08-11 14:00:00,6397.8,6403.0,6392.3,6394.5,2177,50,0
2025-08-11 16:00:00,6394.4,6397.9,6383.4,6385.6,8731,30,0
2025-08-11 18:00:00,6385.9,6407.6,6383.1,6391.1,5549,30,0
2025-08-11 20:00:00,6391.1,6393.9,6372.9,6382.6,5496,30,0
2025-08-11 22:00:00,6382.4,6383.9,6364.1,6372.5,4087,30,0
2025-08-12 00:00:00,6374.2,6377.7,6370.0,6376.7,1294,50,0
2025-08-12 02:00:00,6376.5,6383.2,6373.7,6378.5,2642,50,0
2025-08-12 04:00:00,6378.0,6383.2,6376.5,6381.1,1859,50,0
2025-08-12 06:00:00,6381.2,6387.0,6380.7,6386.2,880,50,0
2025-08-12 08:00:00,6386.0,6388.0,6369.5,6382.5,4685,50,0
2025-08-12 10:00:00,6382.7,6387.5,6378.3,6379.2,3693,50,0
2025-08-12 12:00:00,6379.3,6382.2,6375.0,6376.0,1861,50,0
2025-08-12 14:00:00,6376.0,6419.0,6368.5,6409.2,7806,50,0
2025-08-12 16:00:00,6409.0,6419.7,6385.0,6416.2,19673,30,0
2025-08-12 18:00:00,6416.0,6437.5,6415.7,6434.5,5873,30,0
2025-08-12 20:00:00,6434.5,6443.7,6432.0,6438.0,2756,30,0
2025-08-12 22:00:00,6437.7,6446.5,6437.5,6445.1,2584,30,0
2025-08-13 00:00:00,6443.8,6444.3,6441.3,6442.1,704,50,0
2025-08-13 02:00:00,6441.8,6449.3,6441.6,6443.3,2295,50,0
2025-08-13 04:00:00,6443.1,6444.4,6438.3,6443.1,1271,50,0
2025-08-13 06:00:00,6442.8,6448.1,6442.6,6446.6,868,50,0
2025-08-13 08:00:00,6446.8,6448.8,6440.3,6445.6,1089,50,0
2025-08-13 10:00:00,6445.6,6461.3,6445.6,6456.3,2400,50,0
2025-08-13 12:00:00,6456.1,6461.6,6454.8,6458.3,1487,50,0
2025-08-13 14:00:00,6458.1,6465.6,6456.6,6463.3,1666,50,0
2025-08-13 16:00:00,6463.3,6479.7,6453.4,6455.9,9641,30,0
2025-08-13 18:00:00,6455.7,6460.4,6444.7,6447.9,7337,30,0
2025-08-13 20:00:00,6447.9,6460.9,6444.9,6458.2,5519,30,0
2025-08-13 22:00:00,6458.4,6470.7,6456.2,6462.0,3061,30,0
2025-08-14 00:00:00,6462.8,6467.1,6458.1,6466.6,614,50,0
2025-08-14 02:00:00,6466.4,6468.6,6462.9,6463.1,1424,50,0
2025-08-14 04:00:00,6463.1,6464.4,6459.6,6464.4,1325,50,0
2025-08-14 06:00:00,6464.3,6464.9,6460.4,6463.6,675,50,0
2025-08-14 08:00:00,6463.4,6463.9,6455.4,6457.9,1757,50,0
2025-08-14 10:00:00,6457.6,6466.4,6457.6,6463.3,1825,50,0
2025-08-14 12:00:00,6463.1,6467.4,6461.9,6463.4,1080,50,0
2025-08-14 14:00:00,6462.9,6469.9,6431.5,6443.9,7299,50,0
2025-08-14 16:00:00,6443.4,6473.7,6438.4,6465.4,13115,30,0
2025-08-14 18:00:00,6465.7,6465.9,6444.2,6459.7,10492,30,0
2025-08-14 20:00:00,6459.7,6468.9,6456.7,6463.5,5191,30,0
2025-08-14 22:00:00,6463.5,6473.7,6459.4,6468.1,3911,30,0
2025-08-15 00:00:00,6466.2,6470.3,6464.2,6470.3,770,50,0
2025-08-15 02:00:00,6470.4,6473.8,6465.5,6470.5,1590,50,0
2025-08-15 04:00:00,6470.3,6479.4,6470.0,6477.8,1327,50,0
2025-08-15 06:00:00,6477.5,6483.5,6475.8,6481.8,912,50,0
2025-08-15 08:00:00,6481.8,6486.5,6480.3,6484.0,1238,50,0
2025-08-15 10:00:00,6484.2,6486.3,6472.0,6472.5,2517,50,0
2025-08-15 12:00:00,6472.5,6479.0,6468.0,6477.3,1974,50,0
2025-08-15 14:00:00,6477.3,6480.0,6470.5,6476.3,3089,50,0
2025-08-15 16:00:00,6476.0,6478.3,6447.1,6451.5,12541,30,0
2025-08-15 18:00:00,6451.3,6458.5,6440.5,6456.5,6893,30,0
2025-08-15 20:00:00,6456.5,6464.5,6453.2,6458.2,4463,30,0
2025-08-15 22:00:00,6458.0,6458.5,6443.1,6445.6,4062,30,0
2025-08-18 00:00:00,6452.1,6459.8,6451.8,6459.0,1171,50,0
2025-08-18 02:00:00,6459.3,6462.8,6458.0,6460.3,1244,50,0
2025-08-18 04:00:00,6460.0,6464.0,6459.5,6462.5,763,50,0
2025-08-18 06:00:00,6462.5,6463.5,6457.8,6458.3,643,50,0
2025-08-18 08:00:00,6458.5,6459.8,6441.3,6446.4,1836,50,0
2025-08-18 10:00:00,6446.5,6448.5,6437.0,6444.3,6074,50,0
2025-08-18 12:00:00,6444.0,6446.3,6436.0,6445.0,2627,50,0
2025-08-18 14:00:00,6445.2,6446.8,6440.9,6446.5,2442,50,0
2025-08-18 16:00:00,6446.5,6455.1,6438.6,6448.1,9505,30,0
2025-08-18 18:00:00,6447.9,6450.1,6437.6,6440.6,5141,30,0
2025-08-18 20:00:00,6440.3,6453.8,6439.8,6450.1,3703,30,0
2025-08-18 22:00:00,6449.8,6454.3,6445.5,6446.9,2391,30,0
2025-08-19 00:00:00,6448.7,6457.2,6448.2,6454.1,920,50,0
2025-08-19 02:00:00,6453.8,6454.8,6441.8,6445.6,2095,50,0
2025-08-19 04:00:00,6445.8,6448.6,6440.1,6440.6,1847,50,0
2025-08-19 06:00:00,6440.8,6445.8,6436.3,6438.8,1292,50,0
2025-08-19 08:00:00,6439.1,6440.3,6433.8,6439.1,1310,50,0
2025-08-19 10:00:00,6439.3,6445.1,6436.8,6444.8,2262,50,0
2025-08-19 12:00:00,6444.8,6448.6,6439.1,6441.1,1834,50,0
2025-08-19 14:00:00,6440.8,6448.3,6440.8,6442.8,2126,50,0
2025-08-19 16:00:00,6443.1,6456.8,6427.3,6427.5,10702,30,0
2025-08-19 18:00:00,6427.3,6434.5,6408.5,6412.0,9092,30,0
2025-08-19 20:00:00,6412.0,6416.3,6401.8,6406.1,6091,30,0
2025-08-19 22:00:00,6405.9,6416.5,6399.9,6415.3,3592,30,0
2025-08-20 00:00:00,6417.1,6418.2,6411.0,6413.0,1357,50,0
2025-08-20 02:00:00,6413.1,6415.0,6403.2,6405.7,3741,50,0
2025-08-20 04:00:00,6405.7,6408.2,6396.5,6400.5,3040,50,0
2025-08-20 06:00:00,6400.2,6401.1,6390.2,6393.7,2023,50,0
2025-08-20 08:00:00,6393.6,6400.0,6390.0,6398.5,2649,50,0
2025-08-20 10:00:00,6398.7,6406.2,6393.2,6400.5,4370,50,0
2025-08-20 12:00:00,6400.5,6408.5,6398.5,6406.0,1833,50,0
2025-08-20 14:00:00,6405.7,6410.5,6399.7,6407.7,4032,50,0
2025-08-20 16:00:00,6407.5,6411.6,6343.8,6348.3,19516,30,0
2025-08-20 18:00:00,6348.1,6389.3,6346.3,6377.8,12792,30,0
2025-08-20 20:00:00,6377.6,6394.1,6366.6,6381.3,12123,30,0
2025-08-20 22:00:00,6381.6,6405.1,6381.6,6395.2,5970,30,0
2025-08-21 00:00:00,6395.4,6398.7,6391.1,6392.2,1438,50,0
2025-08-21 02:00:00,6392.3,6393.8,6382.3,6386.1,2972,50,0
2025-08-21 04:00:00,6385.8,6399.8,6382.1,6398.3,2870,50,0
2025-08-21 06:00:00,6398.4,6399.8,6392.3,6393.1,1295,50,0
2025-08-21 08:00:00,6392.8,6399.8,6387.7,6397.3,2421,50,0
2025-08-21 10:00:00,6397.1,6398.1,6384.1,6384.3,5099,50,0
2025-08-21 12:00:00,6384.6,6389.3,6376.1,6383.8,4212,50,0
2025-08-21 14:00:00,6383.4,6389.1,6365.8,6367.8,7221,50,0
2025-08-21 16:00:00,6367.7,6393.4,6356.7,6385.3,18295,30,0
2025-08-21 18:00:00,6385.6,6389.4,6359.9,6362.0,13107,30,0
2025-08-21 20:00:00,6362.4,6376.1,6351.4,6374.6,9164,30,0
2025-08-21 22:00:00,6374.5,6378.4,6364.5,6371.7,4177,30,0
2025-08-22 00:00:00,6375.7,6380.5,6375.1,6379.5,954,50,0
2025-08-22 02:00:00,6379.3,6382.1,6368.0,6374.2,3101,50,0
2025-08-22 04:00:00,6374.5,6377.5,6370.7,6371.7,2471,50,0
2025-08-22 06:00:00,6371.8,6373.5,6368.2,6371.7,1227,50,0
2025-08-22 08:00:00,6372.0,6372.7,6347.0,6359.5,3306,50,0
2025-08-22 10:00:00,6359.6,6385.5,6358.1,6385.0,4739,50,0
2025-08-22 12:00:00,6384.7,6388.5,6381.5,6386.7,2034,50,0
2025-08-22 14:00:00,6386.7,6388.7,6381.0,6383.0,2768,50,0
2025-08-22 16:00:00,6383.2,6475.6,6382.2,6470.3,22603,30,0
2025-08-22 18:00:00,6470.6,6479.1,6456.6,6460.8,11324,30,0
2025-08-22 20:00:00,6460.8,6478.1,6460.8,6468.6,5389,30,0
2025-08-22 22:00:00,6468.8,6470.6,6457.1,6467.2,4126,30,0
2025-08-25 00:00:00,6472.0,6472.9,6462.4,6466.7,1819,50,0
2025-08-25 02:00:00,6466.4,6470.4,6461.4,6462.7,3174,50,0
2025-08-25 04:00:00,6462.9,6463.2,6455.2,6455.2,1602,50,0
2025-08-25 06:00:00,6455.0,6463.2,6454.7,6462.4,966,50,0
2025-08-25 08:00:00,6462.2,6465.7,6456.7,6457.4,1282,50,0
2025-08-25 10:00:00,6457.7,6459.2,6454.3,6454.4,2415,50,0
2025-08-25 12:00:00,6454.2,6454.8,6445.9,6446.9,1624,50,0
2025-08-25 14:00:00,6447.2,6452.8,6444.2,6447.7,1983,50,0
2025-08-25 16:00:00,6447.7,6460.0,6447.2,6457.3,10043,30,0
2025-08-25 18:00:00,6457.0,6466.0,6455.3,6463.0,4226,30,0
2025-08-25 20:00:00,6463.3,6463.3,6452.0,6452.5,3598,30,0
2025-08-25 22:00:00,6452.7,6454.9,6436.8,6443.5,2857,30,0
2025-08-26 00:00:00,6444.3,6447.8,6443.0,6446.3,725,50,0
2025-08-26 02:00:00,6446.5,6447.8,6415.0,6425.8,8478,50,0
2025-08-26 04:00:00,6425.6,6436.5,6423.8,6430.8,4054,50,0
2025-08-26 06:00:00,6431.0,6432.9,6428.8,6432.1,1649,50,0
2025-08-26 08:00:00,6432.3,6439.1,6429.8,6431.3,3613,50,0
2025-08-26 10:00:00,6431.3,6433.3,6419.5,6430.5,8238,50,0
2025-08-26 12:00:00,6430.8,6437.9,6428.8,6436.0,2131,50,0
2025-08-26 14:00:00,6436.3,6437.0,6427.5,6435.1,3062,50,0
2025-08-26 16:00:00,6435.3,6446.2,6429.1,6440.5,10934,30,0
2025-08-26 18:00:00,6440.5,6449.2,6436.5,6447.0,4539,30,0
2025-08-26 20:00:00,6446.7,6453.7,6437.7,6452.7,3373,30,0
2025-08-26 22:00:00,6452.4,6471.2,6449.7,6471.2,3364,30,0
2025-08-27 00:00:00,6470.5,6473.3,6470.1,6471.6,528,50,0
2025-08-27 02:00:00,6471.5,6472.8,6468.1,6468.6,857,50,0
2025-08-27 04:00:00,6468.8,6473.8,6468.6,6471.1,725,50,0
2025-08-27 06:00:00,6471.3,6473.1,6470.8,6472.1,423,50,0
2025-08-27 08:00:00,6471.8,6472.1,6467.8,6469.1,1006,50,0
2025-08-27 10:00:00,6469.2,6472.3,6462.8,6466.8,2717,50,0
2025-08-27 12:00:00,6466.7,6471.1,6466.3,6469.6,1116,50,0
2025-08-27 14:00:00,6469.5,6473.3,6462.6,6465.3,1827,50,0
2025-08-27 16:00:00,6465.1,6478.2,6457.1,6476.0,7425,30,0
2025-08-27 18:00:00,6476.2,6481.2,6467.7,6477.0,3336,30,0
2025-08-27 20:00:00,6476.7,6487.7,6474.5,6484.5,2260,30,0
2025-08-27 22:00:00,6484.2,6489.9,6444.9,6469.6,11786,30,0
2025-08-28 00:00:00,6468.1,6468.4,6460.1,6463.6,1787,50,0
2025-08-28 02:00:00,6463.4,6465.6,6456.9,6464.9,2953,50,0
2025-08-28 04:00:00,6465.0,6475.4,6464.4,6473.4,1396,50,0
2025-08-28 06:00:00,6473.6,6479.6,6472.9,6473.9,1049,50,0
2025-08-28 08:00:00,6473.8,6485.3,6470.6,6482.9,2169,50,0
2025-08-28 10:00:00,6483.1,6492.5,6482.4,6484.9,3803,50,0
2025-08-28 12:00:00,6484.9,6487.6,6477.9,6481.4,1644,50,0
2025-08-28 14:00:00,6481.0,6488.9,6476.4,6484.5,4048,50,0
2025-08-28 16:00:00,6484.5,6494.2,6466.7,6482.5,13382,30,0
2025-08-28 18:00:00,6482.8,6497.3,6474.5,6490.3,5921,30,0
2025-08-28 20:00:00,6490.3,6504.5,6488.0,6503.5,2958,30,0
2025-08-28 22:00:00,6503.3,6509.0,6499.9,6502.7,2514,30,0
2025-08-29 00:00:00,6501.7,6503.6,6497.8,6499.1,809,50,0
2025-08-29 02:00:00,6499.1,6502.8,6497.8,6500.3,1195,50,0
2025-08-29 04:00:00,6500.6,6501.6,6496.1,6497.1,987,50,0
2025-08-29 06:00:00,6497.3,6500.6,6495.6,6496.1,570,50,0
2025-08-29 08:00:00,6496.2,6500.4,6495.3,6496.4,1125,50,0
2025-08-29 10:00:00,6496.7,6499.7,6481.1,6481.9,3978,50,0
2025-08-29 12:00:00,6481.9,6487.4,6477.9,6483.9,2658,50,0
2025-08-29 14:00:00,6483.6,6494.6,6481.2,6490.1,4539,50,0
2025-08-29 16:00:00,6490.1,6492.9,6444.5,6451.5,14446,30,0
2025-08-29 18:00:00,6451.2,6463.7,6450.0,6460.5,7012,30,0
2025-08-29 20:00:00,6460.2,6463.1,6448.0,6457.8,5215,30,0
2025-08-29 22:00:00,6457.6,6467.7,6451.1,6463.4,4110,30,0
2025-09-01 00:00:00,6468.3,6476.0,6463.2,6476.0,1339,50,0
2025-09-01 02:00:00,6475.8,6480.0,6474.3,6477.3,1787,50,0
2025-09-01 04:00:00,6477.5,6477.7,6463.4,6464.3,2216,50,0
2025-09-01 06:00:00,6464.4,6467.5,6453.8,6457.5,2524,50,0
2025-09-01 08:00:00,6457.7,6464.3,6448.0,6459.5,4096,50,0
2025-09-01 10:00:00,6459.5,6473.8,6458.2,6470.7,4974,50,0
2025-09-01 12:00:00,6470.5,6471.0,6465.7,6466.5,1729,50,0
2025-09-01 14:00:00,6465.8,6467.5,6459.2,6462.8,1934,50,0
2025-09-01 16:00:00,6462.7,6469.9,6456.9,6469.6,1557,30,0
2025-09-01 18:00:00,6469.4,6472.6,6466.1,6471.1,1020,30,0
2025-09-02 00:00:00,6468.6,6469.3,6460.6,6460.8,707,50,0
2025-09-02 02:00:00,6461.1,6462.3,6454.1,6462.1,2510,50,0
2025-09-02 04:00:00,6461.8,6464.6,6452.2,6454.8,1994,50,0
2025-09-02 06:00:00,6455.1,6459.6,6452.8,6457.6,1131,50,0
2025-09-02 08:00:00,6457.7,6460.1,6451.3,6459.6,2726,50,0
2025-09-02 10:00:00,6459.7,6460.7,6416.1,6429.8,12434,50,0
2025-09-02 12:00:00,6430.1,6432.8,6410.1,6414.8,5376,50,0
2025-09-02 14:00:00,6415.0,6416.1,6375.8,6384.3,8151,50,0
2025-09-02 16:00:00,6384.8,6412.6,6371.7,6387.7,21726,30,0
2025-09-02 18:00:00,6387.6,6390.7,6360.2,6380.7,9267,30,0
2025-09-02 20:00:00,6380.4,6401.9,6376.4,6391.9,7018,30,0
2025-09-02 22:00:00,6391.7,6435.6,6391.7,6435.3,7728,30,0
2025-09-03 00:00:00,6434.9,6436.9,6424.7,6425.9,1361,50,0
2025-09-03 02:00:00,6425.8,6426.9,6421.2,6423.6,1690,50,0
2025-09-03 04:00:00,6423.4,6423.7,6417.9,6419.7,1550,50,0
2025-09-03 06:00:00,6419.4,6421.9,6415.4,6420.2,1234,50,0
2025-09-03 08:00:00,6420.1,6426.7,6414.7,6423.1,2206,50,0
2025-09-03 10:00:00,6422.7,6442.9,6417.1,6440.7,5082,50,0
2025-09-03 12:00:00,6440.9,6447.4,6436.4,6446.2,2046,50,0
2025-09-03 14:00:00,6445.9,6449.2,6433.4,6434.9,3717,50,0
2025-09-03 16:00:00,6435.4,6453.7,6427.5,6451.7,12945,30,0
2025-09-03 18:00:00,6451.5,6454.0,6426.0,6430.0,7874,0,0
2025-09-03 20:00:00,6429.7,6440.2,6416.3,6420.7,8483,30,0
2025-09-03 22:00:00,6420.5,6452.4,6417.5,6450.1,4114,30,0
2025-09-04 00:00:00,6447.7,6449.2,6445.1,6445.2,788,50,0
2025-09-04 02:00:00,6445.5,6461.2,6444.5,6457.6,2543,50,0
2025-09-04 04:00:00,6457.5,6462.2,6451.5,6452.7,2121,50,0
2025-09-04 06:00:00,6452.6,6456.7,6448.7,6456.0,1235,50,0
2025-09-04 08:00:00,6455.7,6459.0,6449.2,6449.2,2322,50,0
2025-09-04 10:00:00,6449.5,6459.7,6448.5,6456.7,4038,50,0
2025-09-04 12:00:00,6457.0,6464.0,6455.5,6459.5,1821,50,0
2025-09-04 14:00:00,6459.2,6462.2,6451.7,6455.2,4080,50,0
2025-09-04 16:00:00,6455.0,6468.9,6445.8,6467.4,11591,30,0
2025-09-04 18:00:00,6467.6,6476.6,6464.1,6470.4,5136,30,0
2025-09-04 20:00:00,6470.6,6487.9,6470.1,6487.4,2882,30,0
2025-09-04 22:00:00,6487.4,6506.3,6487.1,6502.3,3397,30,0
2025-09-05 00:00:00,6504.1,6507.8,6502.6,6506.5,810,50,0
2025-09-05 02:00:00,6506.3,6510.0,6504.8,6509.5,1393,50,0
2025-09-05 04:00:00,6509.8,6511.0,6507.8,6509.8,779,50,0
2025-09-05 06:00:00,6509.7,6512.8,6508.3,6510.8,569,50,0
2025-09-05 08:00:00,6510.7,6520.9,6510.0,6516.8,1204,50,0
2025-09-05 10:00:00,6516.5,6518.2,6509.5,6516.5,2529,50,0
2025-09-05 12:00:00,6516.8,6517.0,6511.8,6512.8,1197,50,0
2025-09-05 14:00:00,6513.0,6525.8,6493.1,6525.8,7514,50,0
2025-09-05 16:00:00,6526.0,6531.9,6449.9,6450.6,23676,30,0
2025-09-05 18:00:00,6450.4,6478.1,6442.4,6473.9,18191,30,0
2025-09-05 20:00:00,6473.6,6474.6,6455.4,6472.4,10174,30,0
2025-09-05 22:00:00,6472.2,6484.3,6468.4,6479.2,5405,30,0
2025-09-08 00:00:00,6479.2,6492.5,6472.5,6491.0,2032,50,0
2025-09-08 02:00:00,6491.2,6499.7,6490.7,6492.5,3281,50,0
2025-09-08 04:00:00,6492.5,6496.2,6487.7,6489.0,1621,50,0
2025-09-08 06:00:00,6489.1,6493.7,6486.2,6487.2,1245,50,0
2025-09-08 08:00:00,6487.0,6493.7,6486.0,6491.0,1789,50,0
2025-09-08 10:00:00,6491.1,6499.5,6490.2,6495.7,2867,50,0
2025-09-08 12:00:00,6496.0,6500.5,6492.7,6497.5,1228,50,0
2025-09-08 14:00:00,6497.2,6499.2,6489.2,6497.2,2013,50,0
2025-09-08 16:00:00,6497.5,6508.3,6487.8,6504.5,9094,30,0
2025-09-08 18:00:00,6504.3,6508.8,6488.3,6496.1,6053,30,0
2025-09-08 20:00:00,6496.1,6498.1,6482.6,6492.3,4556,30,0
2025-09-08 22:00:00,6492.0,6500.4,6483.3,6498.9,3375,30,0
2025-09-09 00:00:00,6500.4,6506.2,6499.9,6505.9,745,50,0
2025-09-09 02:00:00,6506.2,6506.9,6500.4,6500.9,1156,50,0
2025-09-09 04:00:00,6500.7,6508.2,6496.9,6505.2,1055,50,0
2025-09-09 06:00:00,6504.9,6508.4,6504.7,6506.4,675,50,0
2025-09-09 08:00:00,6506.2,6510.4,6501.2,6508.7,1670,50,0
2025-09-09 10:00:00,6508.7,6516.2,6503.7,6505.4,2765,50,0
2025-09-09 12:00:00,6505.4,6507.9,6502.8,6504.4,1451,50,0
2025-09-09 14:00:00,6504.3,6507.9,6499.9,6504.4,1993,50,0
2025-09-09 16:00:00,6504.2,6507.5,6481.9,6493.0,12661,30,0
2025-09-09 18:00:00,6493.0,6502.0,6487.8,6500.3,5832,30,0
2025-09-09 20:00:00,6500.5,6511.0,6500.3,6508.8,3939,30,0
2025-09-09 22:00:00,6508.6,6528.4,6505.5,6522.6,3826,30,0
2025-09-10 00:00:00,6525.8,6530.2,6524.3,6526.7,874,50,0
2025-09-10 02:00:00,6526.8,6527.2,6519.9,6524.4,1409,50,0
2025-09-10 04:00:00,6524.4,6529.9,6522.9,6529.2,1086,50,0
2025-09-10 06:00:00,6529.1,6532.7,6528.9,6532.4,588,50,0
2025-09-10 08:00:00,6532.2,6534.7,6528.7,6532.7,1332,50,0
2025-09-10 10:00:00,6532.4,6536.7,6523.9,6525.7,2574,50,0
2025-09-10 12:00:00,6525.9,6532.9,6522.7,6532.9,1659,50,0
2025-09-10 14:00:00,6533.2,6557.3,6532.7,6547.9,4503,50,0
2025-09-10 16:00:00,6548.2,6556.1,6537.0,6544.6,11025,30,0
2025-09-10 18:00:00,6544.3,6546.6,6531.8,6539.6,5749,30,0
2025-09-10 20:00:00,6539.3,6544.6,6524.1,6530.1,5074,30,0
2025-09-10 22:00:00,6530.1,6537.0,6516.3,6530.4,4706,30,0
2025-09-11 00:00:00,6530.7,6541.8,6530.1,6538.3,734,50,0
2025-09-11 02:00:00,6538.6,6542.1,6533.8,6540.1,1553,50,0
2025-09-11 04:00:00,6539.8,6541.8,6538.3,6539.8,1072,50,0
2025-09-11 06:00:00,6540.0,6541.3,6533.6,6533.8,891,50,0
2025-09-11 08:00:00,6534.1,6543.3,6531.6,6541.8,1845,50,0
2025-09-11 10:00:00,6542.1,6545.3,6538.6,6541.6,2585,50,0
2025-09-11 12:00:00,6541.8,6547.8,6540.3,6547.1,1159,50,0
2025-09-11 14:00:00,6547.1,6555.8,6531.0,6552.1,6875,40,0
2025-09-11 16:00:00,6551.8,6580.0,6546.3,6576.5,10680,30,0
2025-09-11 18:00:00,6576.3,6587.8,6575.3,6581.5,4471,30,0
2025-09-11 20:00:00,6581.5,6587.5,6578.8,6585.5,3651,30,0
2025-09-11 22:00:00,6585.3,6593.3,6583.9,6585.2,2593,30,0
2025-09-12 00:00:00,6587.5,6589.0,6584.8,6587.5,926,50,0
2025-09-12 02:00:00,6587.8,6590.0,6586.0,6586.5,1116,50,0
2025-09-12 04:00:00,6586.8,6587.3,6581.8,6584.3,1047,50,0
2025-09-12 06:00:00,6584.5,6588.8,6583.8,6587.0,516,50,0
2025-09-12 08:00:00,6586.8,6589.8,6580.8,6584.5,1036,50,0
2025-09-12 10:00:00,6584.3,6586.5,6571.5,6578.5,3288,40,0
2025-09-12 12:00:00,6578.3,6581.8,6577.1,6581.5,1558,50,0
2025-09-12 14:00:00,6581.3,6586.3,6578.4,6586.0,2406,50,0
2025-09-12 16:00:00,6585.8,6594.1,6580.6,6593.1,5693,30,0
2025-09-12 18:00:00,6592.9,6593.4,6582.3,6590.5,3520,30,0
2025-09-12 20:00:00,6590.7,6600.9,6588.0,6597.8,2420,30,0
2025-09-12 22:00:00,6597.6,6599.1,6578.6,6583.7,3411,30,0
2025-09-15 00:00:00,6585.8,6588.1,6581.6,6586.9,684,50,0
2025-09-15 02:00:00,6586.8,6587.8,6580.7,6584.1,1352,50,0
2025-09-15 04:00:00,6584.3,6587.6,6583.8,6587.6,1265,50,0
2025-09-15 06:00:00,6587.3,6589.4,6587.1,6589.3,640,50,0
2025-09-15 08:00:00,6589.6,6594.8,6587.8,6593.8,1237,50,0
2025-09-15 10:00:00,6593.7,6596.3,6581.6,6589.6,4967,50,0
2025-09-15 12:00:00,6589.4,6594.6,6586.6,6594.1,2370,50,0
2025-09-15 14:00:00,6594.6,6605.1,6593.8,6604.9,3568,50,0
2025-09-15 16:00:00,6604.8,6618.4,6602.3,6618.2,8620,30,0
2025-09-15 18:00:00,6618.4,6618.9,6608.9,6609.4,5972,30,0
2025-09-15 20:00:00,6609.2,6615.2,6602.0,6608.0,6686,30,0
2025-09-15 22:00:00,6608.0,6618.0,6605.0,6612.2,5916,30,0
2025-09-16 00:00:00,6612.2,6613.8,6610.1,6611.1,997,50,0
2025-09-16 02:00:00,6611.1,6617.1,6610.6,6615.1,2017,50,0
2025-09-16 04:00:00,6615.2,6621.8,6614.3,6619.3,1696,50,0
2025-09-16 06:00:00,6619.4,6623.8,6619.1,6623.1,1134,50,0
2025-09-16 08:00:00,6623.1,6627.3,6621.7,6621.8,1835,50,0
2025-09-16 10:00:00,6621.8,6635.2,6621.6,6633.1,5227,50,0
2025-09-16 12:00:00,6633.2,6634.8,6628.6,6629.6,2413,50,0
2025-09-16 14:00:00,6629.8,6629.8,6621.1,6622.8,5106,50,0
2025-09-16 16:00:00,6622.8,6626.4,6604.9,6607.2,17508,30,0
2025-09-16 18:00:00,6607.7,6609.7,6600.7,6607.7,12903,30,0
2025-09-16 20:00:00,6607.4,6615.7,6607.2,6614.2,7587,30,0
2025-09-16 22:00:00,6614.4,6615.4,6604.9,6608.2,6945,30,0
2025-09-17 00:00:00,6608.8,6613.9,6606.9,6612.9,503,50,0
2025-09-17 02:00:00,6613.2,6613.9,6609.9,6611.4,889,50,0
2025-09-17 04:00:00,6611.7,6612.4,6604.2,6606.2,1003,50,0
2025-09-17 06:00:00,6605.9,6606.2,6603.4,6605.2,518,50,0
2025-09-17 08:00:00,6604.9,6608.7,6602.4,6607.9,1220,50,0
2025-09-17 10:00:00,6607.9,6612.4,6593.3,6605.2,3927,50,0
2025-09-17 12:00:00,6605.2,6609.2,6600.2,6601.7,1884,50,0
2025-09-17 14:00:00,6601.8,6607.7,6599.4,6607.4,1963,50,0
2025-09-17 16:00:00,6607.2,6615.3,6598.5,6601.5,7171,30,0
2025-09-17 18:00:00,6602.0,6604.4,6588.9,6590.9,4334,30,0
2025-09-17 20:00:00,6590.9,6625.4,6550.2,6584.9,24771,30,0
2025-09-17 22:00:00,6584.7,6614.9,6582.5,6605.1,20971,30,0
2025-09-18 00:00:00,6605.0,6622.3,6604.0,6620.8,1160,50,0
2025-09-18 02:00:00,6621.1,6624.1,6616.6,6617.6,1578,50,0
2025-09-18 04:00:00,6617.7,6627.3,6617.1,6627.1,1169,50,0
2025-09-18 06:00:00,6627.1,6633.1,6626.8,6632.3,1210,50,0
2025-09-18 08:00:00,6632.1,6633.1,6619.6,6629.2,2166,50,0
2025-09-18 10:00:00,6629.3,6658.6,6628.1,6657.6,3759,50,0
2025-09-18 12:00:00,6657.8,6659.3,6647.3,6650.1,2379,50,0
2025-09-18 14:00:00,6650.6,6656.8,6632.6,6632.8,4920,50,0
2025-09-18 16:00:00,6633.1,6657.4,6610.2,6635.4,14109,30,0
2025-09-18 18:00:00,6635.9,6650.2,6629.4,6648.7,8472,30,0
2025-09-18 20:00:00,6648.4,6650.7,6631.4,6640.9,5852,30,0
2025-09-18 22:00:00,6641.2,6642.7,6628.2,6638.3,4515,30,0
2025-09-19 00:00:00,6639.7,6645.5,6638.9,6644.9,683,50,0
2025-09-19 02:00:00,6644.7,6647.2,6634.9,6637.9,1862,50,0
2025-09-19 04:00:00,6637.8,6641.9,6635.7,6637.7,1799,50,0
2025-09-19 06:00:00,6637.8,6644.4,6631.7,6639.9,3131,50,0
2025-09-19 08:00:00,6640.2,6640.7,6625.2,6625.2,2966,50,0
2025-09-19 10:00:00,6625.4,6636.7,6620.9,6634.2,4333,50,0
2025-09-19 12:00:00,6634.4,6638.9,6632.7,6637.4,2231,50,0
2025-09-19 14:00:00,6637.7,6647.4,6634.9,6643.9,2658,50,0
2025-09-19 16:00:00,6643.7,6653.9,6634.8,6640.8,10086,30,0
2025-09-19 18:00:00,6641.0,6654.2,6629.5,6652.2,5790,30,0
2025-09-19 20:00:00,6652.0,6659.0,6649.0,6659.0,2967,30,0
2025-09-19 22:00:00,6658.7,6673.5,6658.5,6660.9,3524,30,0
2025-09-22 00:00:00,6660.4,6664.5,6653.3,6657.3,1183,50,0
2025-09-22 02:00:00,6657.4,6660.8,6651.5,6652.3,1804,50,0
2025-09-22 04:00:00,6652.4,6657.3,6651.5,6656.8,1596,50,0
2025-09-22 06:00:00,6656.5,6660.0,6654.8,6656.5,805,50,0
2025-09-22 08:00:00,6656.8,6659.3,6650.3,6651.3,1602,50,0
2025-09-22 10:00:00,6651.3,6653.8,6636.0,6645.3,4961,50,0
2025-09-22 12:00:00,6645.5,6649.3,6640.3,6642.3,2341,50,0
2025-09-22 14:00:00,6642.3,6645.5,6639.5,6644.0,2214,50,0
2025-09-22 16:00:00,6643.9,6677.2,6641.0,6676.4,5967,30,0
2025-09-22 18:00:00,6676.2,6691.4,6670.9,6690.4,4628,30,0
2025-09-22 20:00:00,6690.7,6694.7,6686.7,6694.4,2691,30,0
2025-09-22 22:00:00,6694.4,6698.9,6687.1,6692.1,2646,30,0
2025-09-23 00:00:00,6692.6,6693.7,6688.8,6691.2,734,50,0
2025-09-23 02:00:00,6691.3,6695.5,6690.7,6692.7,926,50,0
2025-09-23 04:00:00,6692.8,6696.2,6692.2,6693.7,1116,50,0
2025-09-23 06:00:00,6693.5,6695.5,6689.5,6690.5,771,50,0
2025-09-23 08:00:00,6690.3,6697.0,6690.0,6696.2,1336,50,0
2025-09-23 10:00:00,6696.2,6697.7,6690.2,6693.7,2915,50,0
2025-09-23 12:00:00,6693.8,6696.2,6689.0,6692.2,1332,50,0
2025-09-23 14:00:00,6692.2,6695.7,6687.2,6695.0,1676,50,0
2025-09-23 16:00:00,6695.2,6699.6,6687.5,6689.0,7395,30,0
2025-09-23 18:00:00,6689.3,6690.8,6674.5,6677.3,5524,30,0
2025-09-23 20:00:00,6677.5,6678.3,6645.0,6646.0,10878,30,0
2025-09-23 22:00:00,6646.0,6662.0,6646.0,6659.5,4348,30,0
2025-09-24 00:00:00,6662.2,6666.5,6662.0,6663.8,551,50,0
2025-09-24 02:00:00,6664.0,6664.2,6656.0,6661.8,1410,50,0
2025-09-24 04:00:00,6661.7,6662.3,6657.0,6661.5,1456,50,0
2025-09-24 06:00:00,6661.5,6665.0,6661.3,6664.8,720,50,0
2025-09-24 08:00:00,6665.0,6672.0,6663.8,6669.5,1149,50,0
2025-09-24 10:00:00,6669.5,6671.8,6659.5,6668.5,2859,50,0
2025-09-24 12:00:00,6668.5,6671.5,6665.8,6669.8,1383,50,0
2025-09-24 14:00:00,6669.8,6672.8,6666.8,6670.5,1896,50,0
2025-09-24 16:00:00,6670.2,6672.3,6650.1,6655.0,8930,30,0
2025-09-24 18:00:00,6655.3,6657.3,6621.8,6630.7,8795,30,0
2025-09-24 20:00:00,6631.0,6643.3,6625.0,6636.8,6004,30,0
2025-09-24 22:00:00,6636.5,6643.2,6630.8,6640.4,3522,30,0
2025-09-25 00:00:00,6641.2,6642.0,6639.0,6641.2,654,50,0
2025-09-25 02:00:00,6641.0,6647.2,6639.0,6646.7,1273,50,0
2025-09-25 04:00:00,6646.5,6649.6,6645.7,6649.0,762,50,0
2025-09-25 06:00:00,6648.7,6649.7,6643.1,6644.2,602,50,0
2025-09-25 08:00:00,6644.2,6644.7,6634.5,6636.0,1428,50,0
2025-09-25 10:00:00,6636.2,6641.7,6628.2,6634.5,3685,50,0
2025-09-25 12:00:00,6634.4,6636.7,6623.7,6627.2,3384,50,0
2025-09-25 14:00:00,6627.0,6627.5,6597.9,6603.0,8392,50,0
2025-09-25 16:00:00,6602.7,6616.9,6575.8,6613.4,15834,30,0
2025-09-25 18:00:00,6613.3,6619.4,6596.9,6603.4,10946,30,0
2025-09-25 20:00:00,6603.4,6608.7,6568.9,6604.4,12480,30,0
2025-09-25 22:00:00,6604.2,6610.8,6595.9,6606.8,5973,30,0
2025-09-26 00:00:00,6605.9,6613.5,6605.7,6608.8,1258,50,0
2025-09-26 02:00:00,6608.6,6609.9,6603.4,6608.1,2211,50,0
2025-09-26 04:00:00,6607.9,6610.1,6602.4,6606.1,1955,50,0
2025-09-26 06:00:00,6605.9,6607.6,6599.6,6599.9,1616,50,0
2025-09-26 08:00:00,6600.1,6619.4,6599.6,6614.9,2551,50,0
2025-09-26 10:00:00,6615.1,6620.6,6606.4,6606.6,5022,50,0
2025-09-26 12:00:00,6606.6,6613.1,6603.1,6605.9,3876,50,0
2025-09-26 14:00:00,6605.6,6636.6,6603.1,6627.6,5705,50,0
2025-09-26 16:00:00,6627.9,6649.0,6603.7,6609.2,19264,30,0
2025-09-26 18:00:00,6609.2,6640.5,6605.2,6638.7,13677,30,0
2025-09-26 20:00:00,6638.7,6646.7,6632.7,6644.5,5816,30,0
2025-09-26 22:00:00,6644.2,6649.1,6636.5,6644.4,3645,30,0
2025-09-29 00:00:00,6648.2,6653.2,6644.8,6650.5,1279,50,0
2025-09-29 02:00:00,6650.7,6661.0,6650.0,6658.5,1739,50,0
2025-09-29 04:00:00,6658.7,6662.2,6654.7,6662.0,1284,50,0
2025-09-29 06:00:00,6662.0,6666.5,6661.2,6665.0,678,50,0
2025-09-29 08:00:00,6665.2,6672.2,6662.7,6669.7,1348,50,0
2025-09-29 10:00:00,6670.0,6679.0,6664.7,6678.7,3414,50,0
2025-09-29 12:00:00,6678.7,6683.5,6675.5,6680.7,1729,50,0
2025-09-29 14:00:00,6681.0,6682.2,6671.2,6681.0,2886,50,0
2025-09-29 16:00:00,6680.7,6683.2,6663.6,6669.6,10557,30,0
2025-09-29 18:00:00,6669.9,6671.6,6652.9,6654.9,8198,30,0
2025-09-29 20:00:00,6655.1,6661.0,6645.9,6658.5,4579,30,0
2025-09-29 22:00:00,6658.3,6662.8,6643.3,6655.4,4129,30,0
2025-09-30 00:00:00,6656.6,6660.9,6654.4,6660.4,638,50,0
2025-09-30 02:00:00,6660.6,6662.4,6653.9,6661.6,1822,50,0
2025-09-30 04:00:00,6661.4,6662.6,6654.6,6661.9,1778,50,0
2025-09-30 06:00:00,6662.1,6663.9,6655.8,6655.9,1137,50,0
2025-09-30 08:00:00,6655.9,6662.6,6652.4,6652.6,1914,50,0
2025-09-30 10:00:00,6652.9,6654.3,6641.4,6649.9,6822,50,0
2025-09-30 12:00:00,6649.6,6652.6,6642.9,6650.4,2781,50,0
2025-09-30 14:00:00,6650.6,6657.4,6645.1,6655.1,2785,50,0
2025-09-30 16:00:00,6654.9,6660.6,6641.6,6657.4,14123,30,0
2025-09-30 18:00:00,6657.1,6665.6,6640.9,6652.9,8987,30,0
2025-09-30 20:00:00,6652.8,6670.9,6641.9,6668.9,6450,30,0
2025-09-30 22:00:00,6668.6,6691.4,6668.4,6671.8,5869,30,0
2025-10-01 00:00:00,6673.7,6681.3,6669.3,6672.1,1342,50,0
2025-10-01 02:00:00,6672.0,6675.0,6661.8,6662.8,2788,50,0
2025-10-01 04:00:00,6663.1,6665.1,6658.3,6659.1,1871,50,0
2025-10-01 06:00:00,6659.3,6659.3,6654.3,6656.8,1106,50,0
2025-10-01 08:00:00,6656.8,6657.8,6628.3,6631.6,2986,50,0
2025-10-01 10:00:00,6631.3,6646.7,6628.8,6644.3,6780,50,0
2025-10-01 12:00:00,6644.1,6654.1,6643.6,6647.6,3213,50,0
2025-10-01 14:00:00,6648.0,6663.6,6647.3,6658.8,6333,50,0
2025-10-01 16:00:00,6658.8,6683.9,6653.6,6681.4,12957,30,0
2025-10-01 18:00:00,6681.2,6695.6,6680.7,6692.4,4848,30,0
2025-10-01 20:00:00,6692.4,6718.1,6691.4,6715.9,3948,30,0
2025-10-01 22:00:00,6715.6,6718.4,6704.0,6705.8,3005,30,0
2025-10-02 00:00:00,6707.3,6710.3,6706.7,6707.9,594,50,0
2025-10-02 02:00:00,6707.8,6718.6,6705.8,6717.3,1801,50,0
2025-10-02 04:00:00,6717.4,6721.6,6714.8,6716.3,1323,50,0
2025-10-02 06:00:00,6716.6,6720.6,6713.6,6718.6,1091,50,0
2025-10-02 08:00:00,6718.3,6721.1,6714.1,6715.6,1977,50,0
2025-10-02 10:00:00,6715.3,6724.6,6713.6,6723.6,4555,50,0
2025-10-02 12:00:00,6723.3,6724.8,6715.3,6721.8,2118,50,0
2025-10-02 14:00:00,6721.7,6730.8,6721.6,6728.8,2025,50,0
2025-10-02 16:00:00,6729.1,6731.8,6700.6,6700.8,12248,30,0
2025-10-02 18:00:00,6700.6,6711.1,6692.6,6709.3,8287,30,0
2025-10-02 20:00:00,6709.1,6722.3,6704.3,6718.8,3905,30,0
2025-10-02 22:00:00,6718.7,6721.3,6713.6,6716.0,2764,30,0
2025-10-03 00:00:00,6715.5,6717.2,6709.6,6717.0,634,50,0
2025-10-03 02:00:00,6717.2,6726.7,6715.2,6724.7,1327,50,0
2025-10-03 04:00:00,6725.0,6729.5,6723.2,6728.2,1027,50,0
2025-10-03 06:00:00,6728.0,6733.0,6728.0,6733.0,471,50,0
2025-10-03 08:00:00,6732.7,6736.5,6728.6,6734.7,1216,50,0
2025-10-03 10:00:00,6734.7,6737.2,6733.7,6736.0,2302,50,0
2025-10-03 12:00:00,6736.0,6739.0,6731.5,6731.7,1288,50,0
2025-10-03 14:00:00,6731.6,6733.7,6718.0,6722.2,2933,50,0
2025-10-03 16:00:00,6722.0,6747.3,6719.5,6745.6,9909,30,0
2025-10-03 18:00:00,6745.8,6751.6,6737.8,6747.1,4479,30,0
2025-10-03 20:00:00,6746.8,6746.8,6705.3,6722.6,13800,30,0
2025-10-03 22:00:00,6722.8,6726.6,6711.5,6714.2,4813,30,0
2025-10-06 00:00:00,6725.2,6729.2,6719.4,6727.9,1919,50,0
2025-10-06 02:00:00,6728.1,6734.9,6726.7,6729.2,3201,50,0
2025-10-06 04:00:00,6729.4,6733.4,6727.4,6733.2,825,50,0
2025-10-06 06:00:00,6733.4,6738.9,6730.7,6737.4,974,50,0
2025-10-06 08:00:00,6737.7,6737.7,6732.2,6735.9,1625,50,0
2025-10-06 10:00:00,6736.2,6736.7,6723.4,6734.2,5488,50,0
2025-10-06 12:00:00,6734.1,6745.2,6733.4,6741.2,2053,50,0
2025-10-06 14:00:00,6741.4,6745.7,6733.2,6734.2,4184,50,0
2025-10-06 16:00:00,6733.9,6741.9,6718.3,6731.5,11039,30,0
2025-10-06 18:00:00,6731.7,6743.3,6731.0,6741.3,4089,30,0
2025-10-06 20:00:00,6741.0,6749.3,6737.3,6745.0,3361,30,0
2025-10-06 22:00:00,6745.3,6745.3,6738.7,6741.9,2406,30,0
2025-10-07 00:00:00,6742.6,6745.3,6729.8,6731.0,1032,50,0
2025-10-07 02:00:00,6730.9,6733.8,6727.8,6729.5,2787,50,0
2025-10-07 04:00:00,6729.8,6734.0,6727.8,6732.5,1174,50,0
2025-10-07 06:00:00,6732.3,6738.5,6731.3,6737.8,653,50,0
2025-10-07 08:00:00,6737.5,6738.3,6728.3,6733.3,1561,50,0
2025-10-07 10:00:00,6733.5,6736.0,6726.5,6735.5,3286,50,0
2025-10-07 12:00:00,6735.5,6741.8,6734.8,6738.0,1436,50,0
2025-10-07 14:00:00,6737.9,6751.8,6737.3,6751.3,1495,50,0
2025-10-07 16:00:00,6751.3,6755.0,6729.4,6732.9,7962,30,0
2025-10-07 18:00:00,6733.1,6734.6,6699.9,6706.9,15911,30,0
2025-10-07 20:00:00,6707.1,6717.1,6701.1,6713.6,8139,30,0
2025-10-07 22:00:00,6713.4,6720.0,6708.1,6717.8,3253,30,0
2025-10-08 00:00:00,6719.0,6723.4,6718.0,6722.6,648,50,0
2025-10-08 02:00:00,6722.4,6722.6,6711.6,6718.4,2059,50,0
2025-10-08 04:00:00,6718.4,6725.6,6718.1,6724.4,1425,50,0
2025-10-08 06:00:00,6724.1,6725.6,6722.4,6723.6,679,50,0
2025-10-08 08:00:00,6723.6,6723.6,6712.4,6717.0,1831,50,0
2025-10-08 10:00:00,6717.1,6727.9,6715.4,6723.4,3040,50,0
2025-10-08 12:00:00,6723.6,6728.1,6717.5,6727.6,1968,50,0
2025-10-08 14:00:00,6727.9,6729.4,6719.1,6724.6,2505,50,0
2025-10-08 16:00:00,6724.4,6746.2,6717.7,6742.2,7820,30,0
2025-10-08 18:00:00,6742.0,6755.7,6741.5,6751.7,3337,30,0
2025-10-08 20:00:00,6751.9,6755.7,6745.7,6746.4,3651,30,0
2025-10-08 22:00:00,6746.7,6760.6,6745.4,6755.6,2660,30,0
2025-10-09 00:00:00,6755.8,6761.0,6755.8,6760.6,654,50,0
2025-10-09 02:00:00,6760.8,6765.8,6758.5,6759.8,1268,50,0
2025-10-09 04:00:00,6759.5,6760.8,6748.0,6748.8,1825,50,0
2025-10-09 06:00:00,6748.5,6755.5,6748.5,6755.3,972,50,0
2025-10-09 08:00:00,6755.3,6761.0,6753.0,6755.3,1518,50,0
2025-10-09 10:00:00,6755.0,6757.8,6749.5,6751.0,3214,50,0
2025-10-09 12:00:00,6751.0,6757.3,6749.5,6753.3,1550,50,0
2025-10-09 14:00:00,6753.5,6759.3,6753.0,6758.5,1833,50,0
2025-10-09 16:00:00,6758.5,6763.1,6722.4,6736.4,10755,30,0
2025-10-09 18:00:00,6736.7,6742.2,6720.0,6721.5,8270,30,0
2025-10-09 20:00:00,6720.8,6727.3,6715.3,6722.5,8704,30,0
2025-10-09 22:00:00,6722.7,6736.9,6721.7,6734.1,3458,30,0
2025-10-10 00:00:00,6735.5,6740.9,6733.9,6740.0,978,50,0
2025-10-10 02:00:00,6740.1,6747.5,6738.4,6745.7,1492,50,0
2025-10-10 04:00:00,6746.0,6748.5,6744.5,6744.7,721,50,0
2025-10-10 06:00:00,6744.7,6745.7,6737.0,6738.2,995,50,0
2025-10-10 08:00:00,6738.5,6748.2,6735.0,6737.7,2580,50,0
2025-10-10 10:00:00,6738.0,6745.6,6737.0,6744.0,3515,50,0
2025-10-10 12:00:00,6744.2,6744.5,6728.2,6738.2,3702,50,0
2025-10-10 14:00:00,6738.0,6746.0,6736.7,6739.0,2090,50,0
2025-10-10 16:00:00,6739.2,6762.1,6698.5,6713.5,12499,30,0
2025-10-10 18:00:00,6713.8,6713.8,6609.1,6611.1,50172,30,0
2025-10-10 20:00:00,6610.8,6629.1,6587.3,6591.6,32036,30,0
2025-10-10 22:00:00,6591.3,6602.1,6502.0,6507.2,21800,30,0
2025-10-13 00:00:00,6621.4,6633.1,6600.6,6613.3,7315,50,0
2025-10-13 02:00:00,6613.5,6637.4,6604.6,6636.0,13173,50,0
2025-10-13 04:00:00,6636.3,6642.8,6631.8,6634.8,5355,50,0
2025-10-13 06:00:00,6634.6,6642.0,6626.8,6637.5,4850,50,0
2025-10-13 08:00:00,6637.3,6646.8,6631.4,6646.1,5741,50,0
2025-10-13 10:00:00,6646.3,6665.3,6640.3,6647.8,9307,50,0
2025-10-13 12:00:00,6647.7,6649.1,6634.6,6640.3,5349,50,0
2025-10-13 14:00:00,6640.6,6645.2,6612.4,6628.6,13688,50,0
2025-10-13 16:00:00,6628.3,6656.2,6621.2,6625.7,28333,30,0
2025-10-13 18:00:00,6625.7,6667.9,6621.2,6666.1,13076,30,0
2025-10-13 20:00:00,6666.3,6669.8,6641.6,6644.3,7723,30,0
2025-10-13 22:00:00,6644.6,6659.6,6640.3,6648.5,4945,30,0
2025-10-14 00:00:00,6652.2,6655.7,6649.0,6655.2,1163,50,0
2025-10-14 02:00:00,6655.0,6677.7,6647.5,6670.0,5633,50,0
2025-10-14 04:00:00,6669.7,6672.2,6659.5,6660.3,5659,50,0
2025-10-14 06:00:00,6660.5,6661.2,6620.2,6631.6,10936,50,0
2025-10-14 08:00:00,6631.7,6632.7,6597.2,6605.0,15913,50,0
2025-10-14 10:00:00,6604.7,6611.2,6583.2,6607.0,18742,50,0
2025-10-14 12:00:00,6606.8,6611.5,6565.2,6577.5,12139,50,0
2025-10-14 14:00:00,6578.1,6601.6,6575.5,6590.2,11993,50,0
2025-10-14 16:00:00,6590.0,6626.0,6553.1,6620.3,25346,30,0
2025-10-14 18:00:00,6620.5,6680.0,6617.8,6667.5,18248,30,0
2025-10-14 20:00:00,6667.3,6682.3,6660.3,6672.4,9700,30,0
2025-10-14 22:00:00,6672.6,6676.9,6625.6,6643.3,13450,30,0
2025-10-15 00:00:00,6646.1,6657.4,6644.6,6650.4,2438,50,0
2025-10-15 02:00:00,6650.1,6658.6,6643.1,6655.1,6296,50,0
2025-10-15 04:00:00,6654.9,6665.1,6647.1,6656.6,4959,50,0
2025-10-15 06:00:00,6656.6,6665.9,6651.6,6664.9,3030,50,0
2025-10-15 08:00:00,6669.6,6675.4,6666.4,6674.6,5868,50,0
2025-10-15 10:00:00,6674.4,6681.1,6668.9,6677.1,6640,50,0
2025-10-15 12:00:00,6677.4,6690.9,6676.4,6688.4,4302,50,0
2025-10-15 14:00:00,6688.1,6700.6,6684.1,6698.4,5672,50,0
2025-10-15 16:00:00,6698.6,6725.3,6684.0,6712.8,16484,30,0
2025-10-15 18:00:00,6713.0,6714.3,6660.8,6662.5,18973,30,0
2025-10-15 20:00:00,6662.5,6680.0,6610.3,6679.0,20602,30,0
2025-10-15 22:00:00,6678.8,6683.2,6654.5,6672.2,8203,30,0
2025-10-16 00:00:00,6674.5,6685.8,6674.0,6681.8,2156,50,0
2025-10-16 02:00:00,6681.8,6681.8,6662.3,6669.5,6463,50,0
2025-10-16 04:00:00,6669.3,6675.5,6665.3,6673.0,5448,50,0
2025-10-16 06:00:00,6673.0,6675.3,6667.5,6672.0,2656,50,0
2025-10-16 08:00:00,6672.3,6689.5,6670.2,6688.8,5277,50,0
2025-10-16 10:00:00,6688.9,6696.0,6677.5,6688.8,9308,50,0
2025-10-16 12:00:00,6688.5,6702.8,6687.3,6698.3,3753,50,0
2025-10-16 14:00:00,6698.3,6705.7,6692.0,6701.2,4658,50,0
2025-10-16 16:00:00,6701.3,6709.4,6676.4,6692.9,22437,30,0
2025-10-16 18:00:00,6693.2,6702.4,6613.9,6654.8,31330,30,0
2025-10-16 20:00:00,6654.4,6663.8,6591.2,6625.9,34107,30,0
2025-10-16 22:00:00,6625.9,6633.4,6600.7,6618.3,17694,30,0
2025-10-17 00:00:00,6619.3,6630.4,6605.4,6605.6,3361,50,0
2025-10-17 02:00:00,6605.7,6618.6,6602.9,6612.4,8790,50,0
2025-10-17 04:00:00,6612.5,6623.9,6603.6,6610.5,7598,50,0
2025-10-17 06:00:00,6610.3,6612.6,6598.0,6599.3,5126,50,0
2025-10-17 08:00:00,6599.5,6600.0,6571.4,6573.8,11232,50,0
2025-10-17 10:00:00,6573.8,6575.6,6533.8,6553.4,26869,50,0
2025-10-17 12:00:00,6553.3,6578.1,6552.0,6578.0,15522,50,0
2025-10-17 14:00:00,6578.3,6634.3,6575.0,6620.8,22060,50,0
2025-10-17 16:00:00,6620.0,6659.9,6604.1,6617.9,36242,30,0
2025-10-17 18:00:00,6617.6,6659.1,6603.4,6642.6,28709,30,0
2025-10-17 20:00:00,6642.9,6673.9,6627.6,6666.6,20326,30,0
2025-10-17 22:00:00,6666.6,6680.4,6663.1,6673.0,8441,30,0
2025-10-20 00:00:00,6687.1,6687.8,6675.3,6678.7,2725,50,0
2025-10-20 02:00:00,6678.7,6679.2,6656.8,6677.3,7963,50,0
2025-10-20 04:00:00,6677.6,6683.3,6672.1,6677.6,5430,50,0
2025-10-20 06:00:00,6677.7,6691.1,6677.6,6690.0,2539,50,0
2025-10-20 08:00:00,6689.8,6694.6,6686.1,6690.6,4746,50,0
2025-10-20 10:00:00,6690.8,6700.1,6681.3,6682.8,7570,50,0
2025-10-20 12:00:00,6682.7,6689.8,6675.0,6675.3,6162,50,0
2025-10-20 14:00:00,6674.6,6697.1,6674.3,6696.6,4528,50,0
2025-10-20 16:00:00,6696.7,6738.2,6694.8,6735.7,12693,30,0
2025-10-20 18:00:00,6735.8,6736.7,6725.2,6733.9,7614,30,0
2025-10-20 20:00:00,6733.9,6745.0,6733.7,6739.3,3599,30,0
2025-10-20 22:00:00,6739.3,6743.5,6731.9,6742.2,3035,30,0
2025-10-21 00:00:00,6742.2,6743.3,6739.1,6740.3,975,50,0
2025-10-21 02:00:00,6740.4,6744.8,6738.8,6744.6,2667,50,0
2025-10-21 04:00:00,6744.3,6747.6,6741.1,6743.1,1698,50,0
2025-10-21 06:00:00,6743.3,6744.8,6734.1,6736.6,2196,50,0
2025-10-21 08:00:00,6736.7,6738.6,6727.3,6730.3,4193,50,0
2025-10-21 10:00:00,6730.3,6731.8,6725.9,6727.3,5664,50,0
2025-10-21 12:00:00,6727.6,6734.8,6726.8,6733.8,2552,50,0
2025-10-21 14:00:00,6733.8,6740.3,6732.3,6736.8,2948,50,0
2025-10-21 16:00:00,6736.6,6748.5,6721.8,6748.0,13683,30,0
2025-10-21 18:00:00,6748.3,6752.3,6735.8,6737.0,8868,30,0
2025-10-21 20:00:00,6737.3,6747.3,6729.8,6741.8,8000,30,0
2025-10-21 22:00:00,6741.5,6746.3,6727.2,6734.7,4419,30,0
2025-10-22 00:00:00,6737.7,6740.2,6734.9,6738.4,1491,50,0
2025-10-22 02:00:00,6738.6,6738.7,6728.4,6729.4,4148,50,0
2025-10-22 04:00:00,6729.2,6740.4,6727.4,6738.4,2250,50,0
2025-10-22 06:00:00,6738.6,6750.9,6732.4,6747.7,2459,50,0
2025-10-22 08:00:00,6747.8,6751.9,6742.4,6748.6,3500,50,0
2025-10-22 10:00:00,6748.7,6749.1,6735.2,6738.7,6509,50,0
2025-10-22 12:00:00,6738.6,6745.7,6731.7,6741.4,3583,50,0
2025-10-22 14:00:00,6741.2,6743.7,6728.7,6742.2,6387,50,0
2025-10-22 16:00:00,6742.4,6744.7,6702.8,6722.8,16349,30,0
2025-10-22 18:00:00,6722.8,6726.3,6661.7,6695.0,26533,30,0
2025-10-22 20:00:00,6694.7,6697.8,6654.0,6686.3,26552,30,0
2025-10-22 22:00:00,6686.0,6706.7,6677.0,6700.2,12238,30,0
2025-10-23 00:00:00,6696.6,6703.2,6693.5,6700.7,1913,50,0
2025-10-23 02:00:00,6700.6,6704.5,6681.2,6700.7,6357,50,0
2025-10-23 04:00:00,6700.6,6713.5,6700.0,6711.0,4341,50,0
2025-10-23 06:00:00,6711.0,6714.0,6703.6,6705.5,2755,50,0
2025-10-23 08:00:00,6705.7,6713.7,6702.2,6712.1,4357,50,0
2025-10-23 10:00:00,6712.2,6715.5,6703.5,6708.5,6497,50,0
2025-10-23 12:00:00,6708.5,6710.6,6696.2,6703.7,5153,50,0
2025-10-23 14:00:00,6703.9,6704.0,6683.7,6700.0,8676,50,0
2025-10-23 16:00:00,6700.0,6729.8,6687.7,6724.0,16973,30,0
2025-10-23 18:00:00,6724.0,6737.5,6709.0,6736.5,9997,30,0
2025-10-23 20:00:00,6736.8,6749.3,6726.0,6747.8,6426,30,0
2025-10-23 22:00:00,6748.0,6749.3,6735.0,6740.7,3543,30,0
2025-10-24 00:00:00,6743.7,6746.0,6742.5,6744.8,1172,50,0
2025-10-24 02:00:00,6744.7,6746.8,6741.8,6746.0,2078,50,0
2025-10-24 04:00:00,6745.8,6751.8,6745.8,6748.3,1659,50,0
2025-10-24 06:00:00,6748.1,6753.3,6747.6,6752.6,940,50,0
2025-10-24 08:00:00,6752.6,6763.1,6751.6,6760.1,1781,50,0
2025-10-24 10:00:00,6760.3,6760.5,6749.0,6755.8,4105,50,0
2025-10-24 12:00:00,6755.5,6764.8,6755.3,6759.0,1911,50,0
2025-10-24 14:00:00,6759.3,6800.7,6759.0,6779.0,6987,50,0
2025-10-24 16:00:00,6779.3,6801.6,6778.5,6789.4,15041,30,0
2025-10-24 18:00:00,6789.4,6807.1,6787.1,6801.7,6787,30,0
2025-10-24 20:00:00,6801.5,6806.5,6798.7,6803.7,3735,30,0
2025-10-24 22:00:00,6804.0,6806.7,6789.7,6791.4,3323,30,0
2025-10-27 00:00:00,6849.2,6849.9,6834.4,6838.3,4147,50,0
2025-10-27 02:00:00,6838.4,6843.4,6835.4,6839.1,3373,50,0
2025-10-27 04:00:00,6839.3,6841.9,6834.1,6841.8,1443,50,0
2025-10-27 06:00:00,6841.6,6847.8,6841.3,6845.8,1114,50,0
2025-10-27 08:00:00,6845.8,6855.1,6845.6,6851.3,1433,50,0
2025-10-27 10:00:00,6851.1,6855.6,6843.3,6847.8,3555,50,0
2025-10-27 12:00:00,6847.9,6855.1,6845.6,6853.3,2113,50,0
2025-10-27 14:00:00,6853.4,6855.6,6845.6,6849.6,2291,50,0
2025-10-27 16:00:00,6849.3,6858.9,6843.7,6849.7,9803,30,0
2025-10-27 18:00:00,6849.9,6861.4,6848.2,6860.1,3494,30,0
2025-10-27 20:00:00,6860.4,6865.1,6854.4,6864.1,1973,30,0
2025-10-27 22:00:00,6864.4,6882.5,6862.9,6880.0,2404,30,0
2025-10-28 00:00:00,6879.8,6880.9,6877.6,6878.9,888,50,0
2025-10-28 02:00:00,6879.1,6884.6,6875.6,6876.4,2389,50,0
2025-10-28 04:00:00,6876.3,6877.4,6872.6,6874.9,1743,50,0
2025-10-28 06:00:00,6875.1,6877.1,6872.1,6872.4,1203,50,0
2025-10-28 08:00:00,6872.6,6876.9,6869.9,6871.1,1762,50,0
2025-10-28 10:00:00,6871.4,6875.6,6867.9,6872.9,3090,50,0
2025-10-28 12:00:00,6873.0,6876.4,6870.1,6873.6,1609,50,0
2025-10-28 14:00:00,6873.9,6884.4,6873.4,6882.4,1990,50,0
2025-10-28 16:00:00,6882.6,6893.7,6873.2,6881.0,10792,30,0
2025-10-28 18:00:00,6880.8,6896.2,6870.5,6891.4,6879,30,0
2025-10-28 20:00:00,6891.2,6906.7,6891.2,6903.9,4607,30,0
2025-10-28 22:00:00,6903.7,6911.7,6888.6,6894.6,4752,30,0
2025-10-29 00:00:00,6896.6,6899.1,6893.2,6893.7,659,50,0
2025-10-29 02:00:00,6893.9,6898.2,6892.2,6893.7,2149,50,0
2025-10-29 04:00:00,6893.6,6907.7,6893.2,6905.4,2830,50,0
2025-10-29 06:00:00,6905.4,6906.9,6900.9,6906.4,1236,50,0
2025-10-29 08:00:00,6906.4,6911.9,6906.2,6910.9,1316,50,0
2025-10-29 10:00:00,6910.7,6916.9,6903.7,6905.2,3442,50,0
2025-10-29 12:00:00,6904.9,6910.2,6898.7,6906.4,3663,50,0
2025-10-29 14:00:00,6906.2,6916.4,6904.8,6909.9,2693,50,0
2025-10-29 16:00:00,6909.7,6920.2,6901.0,6906.5,10314,30,0
2025-10-29 18:00:00,6906.5,6911.0,6898.7,6908.2,6888,30,0
2025-10-29 20:00:00,6908.2,6911.4,6851.5,6883.0,20715,30,0
2025-10-29 22:00:00,6883.5,6912.8,6863.5,6887.0,31051,30,0
2025-10-30 00:00:00,6883.1,6891.0,6871.9,6882.1,2831,50,0
2025-10-30 02:00:00,6881.9,6909.0,6877.6,6902.3,6845,50,0
2025-10-30 04:00:00,6902.5,6917.8,6895.4,6913.4,6447,50,0
2025-10-30 06:00:00,6913.5,6922.5,6870.0,6883.4,15444,50,0
2025-10-30 08:00:00,6883.3,6907.1,6881.5,6888.5,10568,50,0
2025-10-30 10:00:00,6888.4,6901.8,6880.8,6891.0,10569,50,0
2025-10-30 12:00:00,6891.1,6895.0,6874.8,6887.3,8192,50,0
2025-10-30 14:00:00,6887.5,6898.8,6859.5,6860.0,10311,50,0
2025-10-30 16:00:00,6859.8,6882.9,6837.1,6867.6,29316,30,0
2025-10-30 18:00:00,6867.6,6878.9,6853.1,6867.6,16785,30,0
2025-10-30 20:00:00,6867.4,6869.6,6844.6,6846.6,13026,30,0
2025-10-30 22:00:00,6846.4,6864.9,6819.9,6862.4,19540,30,0
2025-10-31 00:00:00,6865.2,6868.7,6859.8,6862.3,2164,50,0
2025-10-31 02:00:00,6862.2,6872.1,6857.1,6869.8,4491,50,0
2025-10-31 04:00:00,6869.8,6873.6,6862.3,6865.8,4181,50,0
2025-10-31 06:00:00,6865.7,6872.1,6862.1,6869.8,2296,50,0
2025-10-31 08:00:00,6869.6,6871.3,6863.1,6864.8,3186,50,0
2025-10-31 10:00:00,6865.1,6875.1,6862.1,6872.3,6019,50,0
2025-10-31 12:00:00,6872.6,6874.8,6862.3,6866.8,3604,50,0
2025-10-31 14:00:00,6867.1,6887.3,6863.6,6874.8,5816,50,0
2025-10-31 16:00:00,6874.6,6875.3,6843.1,6865.6,16710,30,0
2025-10-31 18:00:00,6865.6,6868.6,6821.9,6824.4,16258,30,0
2025-10-31 20:00:00,6824.1,6848.6,6812.9,6847.1,13833,30,0
2025-10-31 22:00:00,6847.4,6869.1,6836.0,6840.8,7263,30,0
2025-11-03 00:00:00,6849.2,6864.8,6848.3,6862.2,2398,50,0
2025-11-03 02:00:00,6862.1,6868.8,6861.1,6861.3,2626,50,0
2025-11-03 04:00:00,6861.3,6865.6,6850.7,6855.8,2746,50,0
2025-11-03 06:00:00,6855.7,6858.6,6851.8,6854.6,2062,50,0
2025-11-03 08:00:00,6854.6,6857.6,6843.3,6846.1,3778,50,0
2025-11-03 10:00:00,6845.7,6872.3,6843.1,6865.1,6010,50,0
2025-11-03 12:00:00,6865.2,6873.1,6863.6,6866.3,3240,50,0
2025-11-03 14:00:00,6866.6,6870.5,6856.2,6866.8,4327,50,0
2025-11-03 16:00:00,6867.0,6879.7,6819.9,6844.7,18759,30,0
2025-11-03 18:00:00,6844.7,6860.7,6839.4,6859.4,11339,30,0
2025-11-03 20:00:00,6859.7,6863.4,6846.9,6855.2,7045,30,0
2025-11-03 22:00:00,6855.4,6861.5,6846.2,6854.3,5523,30,0
2025-11-04 00:00:00,6852.8,6854.9,6845.9,6847.2,719,50,0
2025-11-04 02:00:00,6847.3,6847.3,6832.9,6836.9,5402,50,0
2025-11-04 04:00:00,6836.8,6837.2,6823.4,6823.7,5219,50,0
2025-11-04 06:00:00,6823.9,6825.9,6797.8,6801.1,6106,50,0
2025-11-04 08:00:00,6800.9,6801.7,6782.9,6792.8,10535,50,0
2025-11-04 10:00:00,6792.7,6792.7,6762.7,6763.9,12193,50,0
2025-11-04 12:00:00,6763.7,6788.7,6757.4,6783.9,7293,50,0
2025-11-04 14:00:00,6784.1,6791.7,6773.4,6779.9,8158,50,0
2025-11-04 16:00:00,6779.7,6820.9,6767.0,6802.8,17808,30,0
2025-11-04 18:00:00,6802.9,6809.1,6777.6,6780.9,15239,30,0
2025-11-04 20:00:00,6780.6,6787.4,6766.6,6772.6,14777,30,0
2025-11-04 22:00:00,6772.9,6786.6,6767.4,6777.8,10934,30,0
2025-11-05 00:00:00,6777.1,6778.6,6765.4,6765.7,2588,50,0
2025-11-05 02:00:00,6765.9,6765.9,6720.9,6732.1,15041,50,0
2025-11-05 04:00:00,6732.2,6767.6,6725.2,6767.4,14814,50,0
2025-11-05 06:00:00,6767.6,6770.9,6755.2,6761.2,10232,50,0
2025-11-05 08:00:00,6760.9,6773.4,6755.7,6759.1,8551,50,0
2025-11-05 10:00:00,6759.2,6773.4,6754.4,6766.2,9867,50,0
2025-11-05 12:00:00,6766.1,6770.9,6744.2,6759.4,8273,50,0
2025-11-05 14:00:00,6759.4,6779.9,6754.4,6777.7,8029,50,0
2025-11-05 16:00:00,6777.6,6803.9,6762.3,6799.9,23695,30,0
2025-11-05 18:00:00,6800.1,6830.4,6788.6,6823.9,13412,30,0
2025-11-05 20:00:00,6823.6,6830.4,6818.9,6824.1,5241,30,0
2025-11-05 22:00:00,6823.9,6827.1,6792.8,6800.3,5860,30,0
2025-11-06 00:00:00,6802.4,6807.3,6794.3,6807.0,2237,50,0
2025-11-06 02:00:00,6807.3,6807.3,6778.0,6787.5,10180,50,0
2025-11-06 04:00:00,6787.3,6798.4,6780.3,6795.5,5640,50,0
2025-11-06 06:00:00,6795.5,6799.8,6789.3,6790.3,3218,50,0
2025-11-06 08:00:00,6790.2,6793.9,6780.3,6780.8,5453,50,0
2025-11-06 10:00:00,6780.9,6800.0,6776.3,6796.3,8567,50,0
2025-11-06 12:00:00,6796.3,6806.3,6795.3,6800.8,4549,50,0
2025-11-06 14:00:00,6800.5,6816.0,6800.5,6804.3,5027,50,0
2025-11-06 16:00:00,6804.3,6806.3,6727.4,6728.9,26849,0,0
2025-11-06 18:00:00,6728.7,6739.7,6706.9,6730.9,27204,30,0
2025-11-06 20:00:00,6730.7,6757.2,6711.1,6750.2,19001,0,0
2025-11-06 22:00:00,6749.9,6753.7,6715.7,6738.6,12737,30,0
2025-11-07 00:00:00,6733.4,6743.2,6729.3,6739.1,2297,50,0
2025-11-07 02:00:00,6739.2,6745.7,6716.5,6729.2,11951,50,0
2025-11-07 04:00:00,6729.2,6729.7,6713.0,6718.5,8727,50,0
2025-11-07 06:00:00,6718.2,6739.0,6707.2,6738.5,7339,50,0
2025-11-07 08:00:00,6738.6,6743.2,6734.3,6741.0,5431,50,0
2025-11-07 10:00:00,6741.2,6744.8,6722.5,6726.0,9920,50,0
2025-11-07 12:00:00,6726.2,6729.8,6690.0,6712.2,12055,50,0
2025-11-07 14:00:00,6712.1,6713.1,6686.3,6697.5,13330,50,0
2025-11-07 16:00:00,6697.2,6699.5,6651.1,6651.2,33296,30,0
2025-11-07 18:00:00,6651.3,6661.8,6630.8,6658.3,23147,30,0
2025-11-07 20:00:00,6658.8,6719.1,6655.1,6718.6,17965,30,0
2025-11-07 22:00:00,6718.3,6740.5,6698.6,6740.5,14147,30,0
2025-11-10 00:00:00,6770.0,6770.5,6753.3,6760.1,3729,50,0
2025-11-10 02:00:00,6759.8,6772.8,6747.1,6772.1,9340,50,0
2025-11-10 04:00:00,6772.0,6779.1,6768.3,6773.6,3682,50,0
2025-11-10 06:00:00,6773.7,6781.1,6773.6,6778.6,3130,50,0
2025-11-10 08:00:00,6778.3,6781.7,6773.5,6777.3,4198,50,0
2025-11-10 10:00:00,6777.1,6797.3,6771.3,6794.3,6392,50,0
2025-11-10 12:00:00,6794.6,6796.6,6786.1,6794.6,3760,50,0
2025-11-10 14:00:00,6794.6,6796.1,6786.1,6794.6,4789,50,0
