time,open,high,low,close,tick_volume,spread,real_volume
2024-11-11 00:00:00,31.241,31.415,31.203,31.414,1078,9,0
2024-11-11 02:00:00,31.414,31.42,31.169,31.248,8226,9,0
2024-11-11 04:00:00,31.251,31.324,31.096,31.202,6197,9,0
2024-11-11 06:00:00,31.202,31.328,31.139,31.251,4410,9,0
2024-11-11 08:00:00,31.252,31.391,31.169,31.199,5905,7,0
2024-11-11 10:00:00,31.201,31.359,31.193,31.347,7720,7,0
2024-11-11 12:00:00,31.345,31.561,31.283,31.308,6640,7,0
2024-11-11 14:00:00,31.308,31.327,30.602,30.661,13441,6,0
2024-11-11 16:00:00,30.663,30.77,30.45,30.47,19779,6,0
2024-11-11 18:00:00,30.476,30.588,30.421,30.52,8201,6,0
2024-11-11 20:00:00,30.518,30.65,30.493,30.637,4605,7,0
2024-11-11 22:00:00,30.637,30.741,30.637,30.68,2190,7,0
2024-11-12 00:00:00,30.678,30.724,30.643,30.718,713,8,0
2024-11-12 02:00:00,30.718,30.784,30.606,30.712,6840,8,0
2024-11-12 04:00:00,30.711,30.722,30.555,30.562,6198,8,0
2024-11-12 06:00:00,30.562,30.584,30.257,30.288,6970,8,0
2024-11-12 08:00:00,30.288,30.392,30.184,30.299,10185,7,0
2024-11-12 10:00:00,30.299,30.464,30.192,30.274,9327,7,0
2024-11-12 12:00:00,30.271,30.406,30.232,30.376,7453,7,0
2024-11-12 14:00:00,30.376,30.757,30.371,30.748,13155,6,0
2024-11-12 16:00:00,30.748,30.772,30.49,30.507,16661,6,0
2024-11-12 18:00:00,30.508,30.679,30.496,30.605,11491,6,0
2024-11-12 20:00:00,30.609,30.753,30.589,30.692,5926,6,0
2024-11-12 22:00:00,30.691,30.818,30.661,30.708,3004,6,0
2024-11-13 00:00:00,30.712,30.722,30.64,30.692,691,8,0
2024-11-13 02:00:00,30.692,30.959,30.662,30.929,7330,9,0
2024-11-13 04:00:00,30.931,31.041,30.898,30.982,6700,9,0
2024-11-13 06:00:00,30.981,31.016,30.86,30.925,4370,8,0
2024-11-13 08:00:00,30.925,30.968,30.819,30.841,6326,6,0
2024-11-13 10:00:00,30.841,30.99,30.782,30.954,6392,6,0
2024-11-13 12:00:00,30.953,30.957,30.798000000000002,30.889,4687,6,0
2024-11-13 14:00:00,30.889,31.144,30.777,30.91,14059,6,0
2024-11-13 16:00:00,30.91,31.06,30.516,30.792,21772,6,0
2024-11-13 18:00:00,30.793,30.799,30.429,30.579,14742,6,0
2024-11-13 20:00:00,30.579,30.639,30.523,30.537,6377,6,0
2024-11-13 22:00:00,30.531,30.54,30.281,30.303,3767,6,0
2024-11-14 00:00:00,30.296,30.359,30.221,30.264,1637,8,0
2024-11-14 02:00:00,30.264,30.423,30.155,30.183,7478,8,0
2024-11-14 04:00:00,30.182,30.221,30.038,30.155,7363,8,0
2024-11-14 06:00:00,30.154,30.22,30.045,30.082,5736,8,0
2024-11-14 08:00:00,30.082,30.112,29.722,29.855,9298,6,0
2024-11-14 10:00:00,29.85,29.939,29.674,29.811,9274,6,0
2024-11-14 12:00:00,29.812,29.997,29.719,29.973,6920,6,0
2024-11-14 14:00:00,29.973,30.276,29.843,30.157,15466,6,0
2024-11-14 16:00:00,30.156,30.462,30.092,30.348,19474,6,0
2024-11-14 18:00:00,30.35,30.548000000000002,30.342,30.513,10998,6,0
2024-11-14 20:00:00,30.514,30.649,30.455,30.625,5853,6,0
2024-11-14 22:00:00,30.624,30.628,30.375,30.434,7985,6,0
2024-11-15 00:00:00,30.434,30.441,30.345,30.365,786,9,0
2024-11-15 02:00:00,30.365,30.523,30.312,30.364,6134,7,0
2024-11-15 04:00:00,30.362,30.559,30.362,30.479,5708,7,0
2024-11-15 06:00:00,30.478,30.543,30.338,30.34,3086,7,0
2024-11-15 08:00:00,30.337,30.389,30.216,30.351,6792,7,0
2024-11-15 10:00:00,30.352,30.48,30.273,30.334,6738,6,0
2024-11-15 12:00:00,30.335,30.778,30.29,30.689,7044,6,0
2024-11-15 14:00:00,30.689,30.813,30.37,30.56,14530,6,0
2024-11-15 16:00:00,30.56,30.809,30.39,30.498,20855,6,0
2024-11-15 18:00:00,30.497,30.548000000000002,30.266,30.303,11520,6,0
2024-11-15 20:00:00,30.303,30.382,30.237,30.3,6035,6,0
2024-11-15 22:00:00,30.299,30.304,30.176,30.236,3288,6,0
2024-11-18 00:00:00,30.275,30.405,30.251,30.392,1563,8,0
2024-11-18 02:00:00,30.392,30.664,30.36,30.566,8887,8,0
2024-11-18 04:00:00,30.564,30.67,30.541,30.625,6904,8,0
2024-11-18 06:00:00,30.625,30.72,30.569,30.59,4849,8,0
2024-11-18 08:00:00,30.587,30.687,30.513,30.6,6211,6,0
2024-11-18 10:00:00,30.598,30.761,30.588,30.753,7353,6,0
2024-11-18 12:00:00,30.753,30.804,30.705,30.742,4906,6,0
2024-11-18 14:00:00,30.742,31.005,30.696,30.917,9928,6,0
2024-11-18 16:00:00,30.912,31.257,30.893,31.196,14722,6,0
2024-11-18 18:00:00,31.197,31.266,31.128,31.162,7187,6,0
2024-11-18 20:00:00,31.161,31.175,31.014,31.083,4264,6,0
2024-11-18 22:00:00,31.083,31.17,31.079,31.165,2097,6,0
2024-11-19 00:00:00,31.165,31.177,31.127,31.164,424,8,0
2024-11-19 02:00:00,31.164,31.264,31.127,31.26,5186,7,0
2024-11-19 04:00:00,31.259,31.435,31.228,31.371,6062,7,0
2024-11-19 06:00:00,31.368,31.381,31.253,31.323,4308,8,0
2024-11-19 08:00:00,31.323,31.404,31.193,31.245,6976,6,0
2024-11-19 10:00:00,31.244,31.533,31.186,31.381,11700,6,0
2024-11-19 12:00:00,31.38,31.45,31.277,31.282,6784,6,0
2024-11-19 14:00:00,31.282,31.439,31.189,31.302,11282,6,0
2024-11-19 16:00:00,31.303,31.338,31.043,31.097,17568,6,0
2024-11-19 18:00:00,31.1,31.266,31.048,31.185,8604,6,0
2024-11-19 20:00:00,31.185,31.281,31.137,31.254,4254,6,0
2024-11-19 22:00:00,31.254,31.307,31.196,31.203,2283,6,0
2024-11-20 00:00:00,31.206,31.296,31.206,31.281,758,8,0
2024-11-20 02:00:00,31.281,31.328,31.129,31.176,5851,8,0
2024-11-20 04:00:00,31.176,31.255,31.131,31.171,4983,8,0
2024-11-20 06:00:00,31.17,31.202,31.094,31.13,3488,7,0
2024-11-20 08:00:00,31.128,31.132,30.886,30.899,7396,6,0
2024-11-20 10:00:00,30.898,30.98,30.844,30.85,6260,6,0
2024-11-20 12:00:00,30.849,30.93,30.803,30.857,5697,6,0
2024-11-20 14:00:00,30.857,31.233,30.852,31.115,8694,6,0
2024-11-20 16:00:00,31.115,31.211,30.946,31.091,11265,6,0
2024-11-20 18:00:00,31.091,31.143,31.009,31.039,7586,6,0
2024-11-20 20:00:00,31.039,31.056,30.845,30.904,5654,6,0
2024-11-20 22:00:00,30.903,30.905,30.771,30.85,3334,6,0
2024-11-21 00:00:00,30.84,30.942,30.833,30.918,735,7,0
2024-11-21 02:00:00,30.918,31.093,30.895,31.032,5515,7,0
2024-11-21 04:00:00,31.035,31.152,30.972,31.151,5066,7,0
2024-11-21 06:00:00,31.151,31.242,31.094,31.184,4182,7,0
2024-11-21 08:00:00,31.183,31.293,31.132,31.27,6533,6,0
2024-11-21 10:00:00,31.268,31.307,30.992,31.132,7025,6,0
2024-11-21 12:00:00,31.136,31.145,30.992,31.056,4985,6,0
2024-11-21 14:00:00,31.056,31.096,30.907,31.014,10060,6,0
2024-11-21 16:00:00,31.016,31.138,30.69,30.83,14966,6,0
2024-11-21 18:00:00,30.831,30.907,30.64,30.885,10203,6,0
2024-11-21 20:00:00,30.885,30.908,30.758,30.774,5710,6,0
2024-11-21 22:00:00,30.773,30.82,30.749,30.787,2465,6,0
2024-11-22 00:00:00,30.781,30.79,30.731,30.745,849,8,0
2024-11-22 02:00:00,30.745,30.907,30.743,30.849,5947,7,0
2024-11-22 04:00:00,30.848,31.019,30.819,30.921,6493,7,0
2024-11-22 06:00:00,30.92,30.972,30.771,30.883,5120,7,0
2024-11-22 08:00:00,30.886,31.397,30.875,31.326,7125,6,0
2024-11-22 10:00:00,31.325,31.403,31.113,31.24,11570,6,0
2024-11-22 12:00:00,31.242,31.397,31.22,31.247,7416,6,0
2024-11-22 14:00:00,31.247,31.395,30.999,31.091,11488,6,0
2024-11-22 16:00:00,31.094,31.318,30.939,31.245,15646,5,0
2024-11-22 18:00:00,31.246,31.287,31.103,31.262,7516,5,0
2024-11-22 20:00:00,31.263,31.308,31.223,31.262,4359,6,0
2024-11-22 22:00:00,31.261,31.325,31.2,31.324,3385,6,0
2024-11-25 00:00:00,31.283,31.468,31.133,31.4,2413,8,0
2024-11-25 02:00:00,31.4,31.409,31.021,31.067,9066,7,0
2024-11-25 04:00:00,31.069,31.16,30.693,30.818,8246,7,0
2024-11-25 06:00:00,30.819,30.865,30.587,30.635,6920,7,0
2024-11-25 08:00:00,30.635,30.747,30.514,30.676,7890,6,0
2024-11-25 10:00:00,30.671,30.841,30.669,30.795,6118,5,0
2024-11-25 12:00:00,30.794,30.853,30.686,30.805,4793,6,0
2024-11-25 14:00:00,30.805,30.867,30.698,30.756,9186,5,0
2024-11-25 16:00:00,30.758,30.771,30.061,30.101,22825,5,0
2024-11-25 18:00:00,30.101,30.263,30.08,30.161,9573,5,0
2024-11-25 20:00:00,30.159,30.377,30.15,30.37,6295,6,0
2024-11-25 22:00:00,30.371,30.373,30.286,30.298,3004,6,0
2024-11-26 00:00:00,30.285,30.316,29.978,30.108,3852,7,0
2024-11-26 02:00:00,30.108,30.298,30.04,30.244,9863,7,0
2024-11-26 04:00:00,30.245,30.409,30.222,30.377,5095,7,0
2024-11-26 06:00:00,30.377,30.407,30.234,30.348,3244,9,0
2024-11-26 08:00:00,30.349,30.356,30.129,30.15,5148,7,0
2024-11-26 10:00:00,30.151,30.443,30.113,30.44,5841,6,0
2024-11-26 12:00:00,30.441,30.552,30.432,30.538,5334,5,0
2024-11-26 14:00:00,30.538,30.69,30.442,30.529,10118,5,0
2024-11-26 16:00:00,30.526,30.576999999999998,30.286,30.471,14604,5,0
2024-11-26 18:00:00,30.471,30.531,30.405,30.453,6534,5,0
2024-11-26 20:00:00,30.453,30.505,30.298,30.484,5455,6,0
2024-11-26 22:00:00,30.487,30.523,30.423,30.437,2421,6,0
2024-11-27 00:00:00,30.422,30.443,30.391,30.409,731,12,0
2024-11-27 02:00:00,30.409,30.435,30.263,30.354,4872,10,0
2024-11-27 04:00:00,30.351,30.531,30.347,30.5,4899,7,0
2024-11-27 06:00:00,30.499,30.599,30.458,30.549,3117,7,0
2024-11-27 08:00:00,30.551,30.7,30.499,30.654,4774,6,0
2024-11-27 10:00:00,30.643,30.693,30.469,30.504,5667,6,0
2024-11-27 12:00:00,30.503,30.521,30.375,30.485,3890,6,0
2024-11-27 14:00:00,30.485,30.585,30.382,30.561,8820,5,0
2024-11-27 16:00:00,30.562,30.57,30.086,30.091,14228,5,0
2024-11-27 18:00:00,30.09,30.195,29.972,30.046,9328,5,0
2024-11-27 20:00:00,30.046,30.122,29.996,30.03,3433,5,0
2024-11-27 22:00:00,30.032,30.113,30.012,30.089,2194,5,0
2024-11-28 00:00:00,29.978,30.115,29.977,30.112,419,7,0
2024-11-28 02:00:00,30.112,30.156,29.637,29.875,8589,7,0
2024-11-28 04:00:00,29.876,29.906,29.736,29.802,5495,7,0
2024-11-28 06:00:00,29.802,29.918,29.781,29.863,3004,7,0
2024-11-28 08:00:00,29.863,29.95,29.81,29.869,4821,6,0
2024-11-28 10:00:00,29.865,30.053,29.837,29.987,5120,5,0
2024-11-28 12:00:00,29.988,30.126,29.983,30.104,2955,5,0
2024-11-28 14:00:00,30.104,30.215,30.031,30.214,6598,5,0
2024-11-28 16:00:00,30.215,30.25,30.151,30.213,6543,5,0
2024-11-28 18:00:00,30.212,30.289,30.199,30.271,2900,5,0
2024-11-28 20:00:00,30.269,30.275,30.215,30.217,782,6,0
2024-11-29 00:00:00,30.219,30.247,30.18,30.243,639,9,0
2024-11-29 02:00:00,30.243,30.444,30.194,30.404,5946,7,0
2024-11-29 04:00:00,30.402,30.703,30.398,30.683,7293,7,0
2024-11-29 06:00:00,30.684,30.731,30.661,30.674,4180,7,0
2024-11-29 08:00:00,30.673000000000002,30.753,30.589,30.622,5457,6,0
2024-11-29 10:00:00,30.62,30.711,30.572,30.703,5199,5,0
2024-11-29 12:00:00,30.701999999999998,30.748,30.665,30.705,3695,5,0
2024-11-29 14:00:00,30.705,30.892,30.655,30.66,7802,5,0
2024-11-29 16:00:00,30.66,30.746,30.522,30.677,12497,5,0
2024-11-29 18:00:00,30.678,30.735,30.583,30.638,7097,5,0
2024-11-29 20:00:00,30.639,30.659,30.543,30.603,2137,6,0
2024-12-02 00:00:00,30.591,30.634,30.414,30.469,1831,8,0
2024-12-02 02:00:00,30.469,30.494,30.301,30.404,9563,7,0
2024-12-02 04:00:00,30.406,30.423,30.132,30.221,6868,7,0
2024-12-02 06:00:00,30.225,30.225,30.075,30.095,3647,7,0
2024-12-02 08:00:00,30.095,30.266,30.052,30.169,5824,6,0
2024-12-02 10:00:00,30.165,30.299,30.06,30.223,6479,6,0
2024-12-02 12:00:00,30.224,30.53,30.213,30.464,5183,5,0
2024-12-02 14:00:00,30.464,30.606,30.321,30.599,8254,5,0
2024-12-02 16:00:00,30.6,30.674,30.342,30.355,11481,5,0
2024-12-02 18:00:00,30.354,30.51,30.311,30.425,5723,5,0
2024-12-02 20:00:00,30.425,30.457,30.387,30.4,3121,5,0
2024-12-02 22:00:00,30.399,30.586,30.385,30.498,3450,5,0
2024-12-03 00:00:00,30.494,30.609,30.479,30.594,792,7,0
2024-12-03 02:00:00,30.594,30.706,30.487,30.539,6916,7,0
2024-12-03 04:00:00,30.538,30.617,30.456,30.592,5782,7,0
2024-12-03 06:00:00,30.589,30.684,30.516,30.659,3536,7,0
2024-12-03 08:00:00,30.661,30.978,30.66,30.919,7365,5,0
2024-12-03 10:00:00,30.917,31.021,30.851,31.0,6707,5,0
2024-12-03 12:00:00,31.0,31.007,30.894,30.902,3707,5,0
2024-12-03 14:00:00,30.902,31.052,30.751,31.006,8021,5,0
2024-12-03 16:00:00,31.007,31.072,30.714,30.869,15572,5,0
2024-12-03 18:00:00,30.869,31.044,30.857,31.005,8561,5,0
2024-12-03 20:00:00,31.006,31.087,30.981,31.013,3891,5,0
2024-12-03 22:00:00,31.013,31.059,31.006,31.025,1946,5,0
2024-12-04 00:00:00,31.012,31.021,30.982,30.986,645,7,0
2024-12-04 02:00:00,30.986,31.01,30.902,31.002,4851,7,0
2024-12-04 04:00:00,31.001,31.112,30.935,30.967,5285,7,0
2024-12-04 06:00:00,30.965,31.137,30.959,31.068,3822,7,0
2024-12-04 08:00:00,31.068,31.106,30.935,30.953,4719,5,0
2024-12-04 10:00:00,30.955,30.959,30.786,30.816,5197,5,0
2024-12-04 12:00:00,30.819,30.905,30.786,30.849,4509,7,0
2024-12-04 14:00:00,30.849,30.852,30.465,30.768,9720,5,0
2024-12-04 16:00:00,30.767,31.454,30.737,31.364,18146,5,0
2024-12-04 18:00:00,31.364,31.475,31.251,31.363,9068,5,0
2024-12-04 20:00:00,31.363,31.402,31.202,31.304,5130,5,0
2024-12-04 22:00:00,31.304,31.336,31.269,31.285,2092,5,0
2024-12-05 00:00:00,31.263,31.357,31.263,31.32,764,9,0
2024-12-05 02:00:00,31.32,31.419,31.196,31.228,4628,7,0
2024-12-05 04:00:00,31.226,31.269,31.132,31.258,6448,7,0
2024-12-05 06:00:00,31.258,31.367,31.181,31.302,4090,7,0
2024-12-05 08:00:00,31.301,31.344,31.184,31.248,6177,5,0
2024-12-05 10:00:00,31.244,31.329,31.189,31.321,4434,5,0
2024-12-05 12:00:00,31.321,31.407,31.308,31.34,3516,5,0
2024-12-05 14:00:00,31.34,31.414,31.219,31.372,9066,5,0
2024-12-05 16:00:00,31.369,31.394,31.013,31.173,14980,5,0
2024-12-05 18:00:00,31.172,31.254,31.015,31.09,9491,5,0
2024-12-05 20:00:00,31.09,31.265,31.01,31.241,4955,5,0
2024-12-05 22:00:00,31.238,31.372,31.238,31.323,2206,5,0
2024-12-06 00:00:00,31.317,31.371,31.313,31.354,837,8,0
2024-12-06 02:00:00,31.354,31.364,30.9,30.969,7982,7,0
2024-12-06 04:00:00,30.969,31.421,30.951,31.38,7222,7,0
2024-12-06 06:00:00,31.377,31.434,31.242,31.309,4459,7,0
2024-12-06 08:00:00,31.311,31.382,31.204,31.255,5551,5,0
2024-12-06 10:00:00,31.255,31.369,31.226,31.314,4254,5,0
2024-12-06 12:00:00,31.314,31.316,31.143,31.151,3039,5,0
2024-12-06 14:00:00,31.151,31.322,31.035,31.251,14304,5,0
2024-12-06 16:00:00,31.25,31.358,30.822,31.087,20715,5,0
2024-12-06 18:00:00,31.088,31.273,31.022,31.038,9615,5,0
2024-12-06 20:00:00,31.038,31.109,30.92,30.987,4154,5,0
2024-12-06 22:00:00,30.988,31.018,30.956,30.962,2033,5,0
2024-12-09 00:00:00,30.992,31.108,30.94,31.075,2241,8,0
2024-12-09 02:00:00,31.075,31.291,30.915,31.224,9081,7,0
2024-12-09 04:00:00,31.223,31.281,30.946,30.963,6503,7,0
2024-12-09 06:00:00,30.961,30.979,30.863,30.96,4256,7,0
2024-12-09 08:00:00,30.959,31.301,30.948,31.296,6648,5,0
2024-12-09 10:00:00,31.296,31.413,31.247,31.4,6460,5,0
2024-12-09 12:00:00,31.401,31.695,31.384,31.639,5612,5,0
2024-12-09 14:00:00,31.639,32.073,31.588,32.053,9883,5,0
2024-12-09 16:00:00,32.057,32.273,31.965,32.099,17901,5,0
2024-12-09 18:00:00,32.098,32.142,31.987,31.998,10560,5,0
2024-12-09 20:00:00,31.996,32.001,31.802,31.846,6404,5,0
2024-12-09 22:00:00,31.846,31.849,31.765,31.822,3074,5,0
2024-12-10 00:00:00,31.823,31.913,31.786,31.901,1107,8,0
2024-12-10 02:00:00,31.901,31.998,31.811,31.907,6775,7,0
2024-12-10 04:00:00,31.907,32.027,31.885,31.991,6552,7,0
2024-12-10 06:00:00,31.992,32.051,31.911,31.949,4482,7,0
2024-12-10 08:00:00,31.947,31.974,31.748,31.765,6194,5,0
2024-12-10 10:00:00,31.764,31.895,31.7,31.814,4960,5,0
2024-12-10 12:00:00,31.814,31.919,31.77,31.891,5107,5,0
2024-12-10 14:00:00,31.891,31.949,31.737,31.91,10062,5,0
2024-12-10 16:00:00,31.91,32.056,31.849,31.93,14365,5,0
2024-12-10 18:00:00,31.93,32.088,31.837,32.045,7786,5,0
2024-12-10 20:00:00,32.044,32.08,31.899,31.9,4173,5,0
2024-12-10 22:00:00,31.901,31.936,31.804,31.892,2780,5,0
2024-12-11 00:00:00,31.898,31.941,31.879,31.901,1115,9,0
2024-12-11 02:00:00,31.901,32.067,31.882,32.0,7838,7,0
2024-12-11 04:00:00,32.004,32.092,31.765,31.789,5669,7,0
2024-12-11 06:00:00,31.711,31.771,31.47,31.708,5339,7,0
2024-12-11 08:00:00,31.71,31.803,31.55,31.599,6294,5,0
2024-12-11 10:00:00,31.593,31.83,31.558,31.662,6566,5,0
2024-12-11 12:00:00,31.661,31.722,31.602,31.698,4543,5,0
2024-12-11 14:00:00,31.698,31.779,31.572,31.703,10907,5,0
2024-12-11 16:00:00,31.701999999999998,32.14,31.701999999999998,32.051,15101,6,0
2024-12-11 18:00:00,32.053,32.183,31.938,31.951,7105,5,0
2024-12-11 20:00:00,31.95,32.016,31.779,31.933,5226,5,0
2024-12-11 22:00:00,31.935,31.992,31.869,31.903,1914,5,0
2024-12-12 00:00:00,31.802,31.902,31.802,31.901,598,9,0
2024-12-12 02:00:00,31.901,32.087,31.878,31.923000000000002,7841,7,0
2024-12-12 04:00:00,31.924,32.037,31.865,32.024,5045,7,0
2024-12-12 06:00:00,32.022,32.17,31.999,32.122,3829,7,0
2024-12-12 08:00:00,32.122,32.218,32.065,32.121,3704,9,0
2024-12-12 10:00:00,32.122,32.343,32.11,32.156,5423,8,0
2024-12-12 12:00:00,32.155,32.161,31.794,31.854,6090,5,0
2024-12-12 14:00:00,31.854,31.886,31.666,31.696,8451,5,0
2024-12-12 16:00:00,31.697,31.741,30.874,30.96,18666,5,0
2024-12-12 18:00:00,30.958,31.134,30.945,31.054,8606,5,0
2024-12-12 20:00:00,31.053,31.082,30.94,30.951999999999998,4668,5,0
2024-12-12 22:00:00,30.951999999999998,30.998,30.925,30.959,2422,5,0
2024-12-13 00:00:00,30.923000000000002,30.954,30.884,30.893,628,17,0
2024-12-13 02:00:00,30.893,31.095,30.848,31.029,5979,7,0
2024-12-13 04:00:00,31.026,31.034,30.883,30.937,4328,7,0
2024-12-13 06:00:00,30.934,30.985,30.861,30.985,2497,12,0
2024-12-13 08:00:00,30.985,31.001,30.888,30.89,3625,7,0
2024-12-13 10:00:00,30.891,30.934,30.65,30.709,6868,9,0
2024-12-13 12:00:00,30.71,30.853,30.701999999999998,30.735,3574,5,0
2024-12-13 14:00:00,30.735,30.856,30.462,30.566,8981,5,0
2024-12-13 16:00:00,30.566,30.57,30.285,30.504,10751,5,0
2024-12-13 18:00:00,30.502,30.54,30.402,30.5,6327,5,0
2024-12-13 20:00:00,30.501,30.58,30.443,30.461,2695,5,0
2024-12-13 22:00:00,30.463,30.581,30.413,30.553,2091,5,0
2024-12-16 00:00:00,30.535,30.614,30.484,30.588,986,9,0
2024-12-16 02:00:00,30.588,30.616,30.523,30.563,5212,7,0
2024-12-16 04:00:00,30.56,30.576999999999998,30.462,30.514,5264,7,0
2024-12-16 06:00:00,30.513,30.583,30.482,30.578,3127,7,0
2024-12-16 08:00:00,30.578,30.685,30.518,30.627,4572,7,0
2024-12-16 10:00:00,30.627,30.7,30.605,30.636,4089,7,0
2024-12-16 12:00:00,30.637,30.673000000000002,30.599,30.664,3164,5,0
2024-12-16 14:00:00,30.664,30.751,30.614,30.723,5948,5,0
2024-12-16 16:00:00,30.723,30.731,30.465,30.586,8695,5,0
2024-12-16 18:00:00,30.589,30.633,30.502,30.567,3915,5,0
2024-12-16 20:00:00,30.569,30.629,30.541,30.563,2009,5,0
2024-12-16 22:00:00,30.561,30.58,30.48,30.516,1371,5,0
2024-12-17 00:00:00,30.496,30.537,30.465,30.517,420,8,0
2024-12-17 02:00:00,30.517,30.6,30.488,30.591,3717,7,0
2024-12-17 04:00:00,30.589,30.593,30.434,30.479,3595,7,0
2024-12-17 06:00:00,30.476,30.545,30.409,30.459,2573,8,0
2024-12-17 08:00:00,30.457,30.524,30.376,30.486,3704,7,0
2024-12-17 10:00:00,30.482,30.487,30.21,30.282,4637,5,0
2024-12-17 12:00:00,30.282,30.327,30.172,30.304,3298,5,0
2024-12-17 14:00:00,30.304,30.362,30.171,30.221,7729,5,0
2024-12-17 16:00:00,30.22,30.431,30.145,30.392,11273,5,0
2024-12-17 18:00:00,30.394,30.498,30.348,30.478,6401,5,0
2024-12-17 20:00:00,30.477,30.536,30.406,30.479,3439,5,0
2024-12-17 22:00:00,30.48,30.534,30.462,30.529,1941,5,0
2024-12-18 00:00:00,30.53,30.532,30.468,30.51,540,9,0
2024-12-18 02:00:00,30.51,30.572,30.477,30.545,4490,7,0
2024-12-18 04:00:00,30.546,30.55,30.37,30.379,3614,7,0
2024-12-18 06:00:00,30.378,30.484,30.361,30.442,2068,7,0
2024-12-18 08:00:00,30.44,30.457,30.342,30.394,3958,5,0
2024-12-18 10:00:00,30.393,30.432,30.338,30.413,4625,5,0
2024-12-18 12:00:00,30.41,30.474,30.365,30.366,2696,5,0
2024-12-18 14:00:00,30.366,30.436,30.283,30.321,5380,5,0
2024-12-18 16:00:00,30.322,30.355,30.179,30.223,10153,5,0
2024-12-18 18:00:00,30.222,30.27,30.11,30.204,6157,5,0
2024-12-18 20:00:00,30.205,30.277,29.743,29.776,14264,5,0
2024-12-18 22:00:00,29.778,29.822,29.302,29.351,14175,5,0
2024-12-19 00:00:00,29.345,29.376,29.249,29.32,1584,9,0
2024-12-19 02:00:00,29.32,29.631,29.317,29.484,6752,7,0
2024-12-19 04:00:00,29.484,29.523,29.407,29.459,4187,8,0
2024-12-19 06:00:00,29.46,29.52,29.356,29.443,2865,7,0
2024-12-19 08:00:00,29.442,29.655,29.401,29.561,5583,5,0
2024-12-19 10:00:00,29.564,29.626,29.488,29.543,7606,5,0
2024-12-19 12:00:00,29.542,29.704,29.491,29.53,5659,5,0
2024-12-19 14:00:00,29.53,29.53,29.094,29.114,11019,5,0
2024-12-19 16:00:00,29.114,29.252,28.738,28.807,15259,5,0
2024-12-19 18:00:00,28.807,28.971,28.788,28.94,9796,5,0
2024-12-19 20:00:00,28.941,29.136,28.928,29.046,6412,5,0
2024-12-19 22:00:00,29.049,29.161,29.019,29.032,3195,5,0
2024-12-20 00:00:00,28.995,29.039,28.989,29.021,1007,7,0
2024-12-20 02:00:00,29.021,29.066,28.903,29.04,6541,7,0
2024-12-20 04:00:00,29.037,29.04,28.847,28.914,5126,7,0
2024-12-20 06:00:00,28.913,29.041,28.912,29.02,2526,7,0
2024-12-20 08:00:00,29.018,29.105,28.965,29.024,4877,5,0
2024-12-20 10:00:00,29.025,29.083,28.841,28.903,5577,5,0
2024-12-20 12:00:00,28.904,28.941,28.806,28.862,3588,5,0
2024-12-20 14:00:00,28.862,29.075,28.812,29.006,8446,5,0
2024-12-20 16:00:00,29.008,29.531,28.989,29.504,15465,5,0
2024-12-20 18:00:00,29.51,29.537,29.389,29.424,8821,5,0
2024-12-20 20:00:00,29.419,29.69,29.408,29.597,4662,5,0
2024-12-20 22:00:00,29.596,29.603,29.455,29.511,2901,5,0
2024-12-23 00:00:00,29.345,29.714,29.345,29.688,1183,7,0
2024-12-23 02:00:00,29.685,29.69,29.519,29.599,4753,7,0
2024-12-23 04:00:00,29.598,29.746,29.584,29.636,3013,7,0
2024-12-23 06:00:00,29.634,29.743,29.601,29.669,3225,7,0
2024-12-23 08:00:00,29.668,29.867,29.608,29.783,4590,5,0
2024-12-23 10:00:00,29.778,29.802,29.673000000000002,29.711,5163,5,0
2024-12-23 12:00:00,29.712,29.747,29.529,29.617,4639,5,0
2024-12-23 14:00:00,29.617,29.7,29.576,29.579,7387,5,0
2024-12-23 16:00:00,29.573,29.662,29.415,29.496,10037,7,0
2024-12-23 18:00:00,29.496,29.706,29.487,29.603,6202,5,0
2024-12-23 20:00:00,29.597,29.712,29.597,29.679,3701,5,0
2024-12-23 22:00:00,29.694,29.708,29.617,29.618,1837,5,0
2024-12-24 00:00:00,29.606,29.715,29.604,29.689,455,9,0
2024-12-24 02:00:00,29.689,29.728,29.632,29.726,2585,7,0
2024-12-24 04:00:00,29.726,29.784,29.679,29.716,2607,7,0
2024-12-24 06:00:00,29.717,29.789,29.665,29.701,2293,7,0
2024-12-24 08:00:00,29.705,29.755,29.635,29.643,2819,7,0
2024-12-24 10:00:00,29.648,29.704,29.526,29.542,3009,8,0
2024-12-24 12:00:00,29.542,29.585,29.488,29.502,2677,11,0
2024-12-24 14:00:00,29.502,29.658,29.47,29.632,4939,5,0
2024-12-24 16:00:00,29.631,29.665,29.514,29.54,6403,5,0
2024-12-24 18:00:00,29.54,29.693,29.535,29.662,3378,5,0
2024-12-24 20:00:00,29.66,29.691,29.551,29.624,505,5,0
2024-12-26 00:00:00,29.516,29.695,29.516,29.671,490,9,0
2024-12-26 02:00:00,29.671,29.753,29.657,29.671,2608,9,0
2024-12-26 04:00:00,29.675,29.713,29.591,29.698,2093,7,0
2024-12-26 06:00:00,29.698,29.7,29.56,29.568,1683,8,0
2024-12-26 08:00:00,29.568,29.613,29.494,29.569,1673,6,0
2024-12-26 10:00:00,29.569,29.665,29.525,29.662,1814,9,0
2024-12-26 12:00:00,29.662,29.754,29.644,29.717,1286,6,0
2024-12-26 14:00:00,29.717,29.846,29.653,29.769,5437,5,0
2024-12-26 16:00:00,29.77,29.868,29.671,29.817,6851,5,0
2024-12-26 18:00:00,29.815,29.836,29.568,29.65,5483,5,0
2024-12-26 20:00:00,29.65,29.791,29.647,29.742,2994,6,0
2024-12-26 22:00:00,29.744,29.813,29.72,29.781,1256,13,0
2024-12-27 00:00:00,29.655,29.787,29.645,29.78,620,15,0
2024-12-27 02:00:00,29.78,29.842,29.757,29.801,3001,7,0
2024-12-27 04:00:00,29.8,29.886,29.74,29.882,3962,7,0
2024-12-27 06:00:00,29.882,29.885,29.777,29.804,3036,7,0
2024-12-27 08:00:00,29.804,29.873,29.752,29.756,4130,5,0
2024-12-27 10:00:00,29.753,29.761,29.627,29.627,2413,5,0
2024-12-27 12:00:00,29.625,29.689,29.537,29.679,2701,8,0
2024-12-27 14:00:00,29.679,29.695,29.335,29.452,5789,5,0
2024-12-27 16:00:00,29.45,29.587,29.362,29.474,9970,5,0
2024-12-27 18:00:00,29.474,29.5,29.323,29.373,5293,5,0
2024-12-27 20:00:00,29.371,29.447,29.367,29.433,3728,5,0
2024-12-27 22:00:00,29.433,29.434,29.311,29.372,2659,5,0
2024-12-30 00:00:00,29.299,29.472,29.257,29.441,810,9,0
2024-12-30 02:00:00,29.441,29.459,29.315,29.423,2635,11,0
2024-12-30 04:00:00,29.423,29.468,29.356,29.463,2247,9,0
2024-12-30 06:00:00,29.463,29.463,29.335,29.458,1909,7,0
2024-12-30 08:00:00,29.461,29.522,29.347,29.443,4107,5,0
2024-12-30 10:00:00,29.441,29.491,29.311,29.416,3232,9,0
2024-12-30 12:00:00,29.413,29.509,29.376,29.48,2706,7,0
2024-12-30 14:00:00,29.48,29.488,29.086,29.091,6171,5,0
2024-12-30 16:00:00,29.093,29.266,28.834,28.872,9594,5,0
2024-12-30 18:00:00,28.871,28.981,28.791,28.972,5365,5,0
2024-12-30 20:00:00,28.973,29.005,28.922,28.975,4537,5,0
2024-12-30 22:00:00,28.976,29.046,28.932,28.951999999999998,2077,5,0
2024-12-31 00:00:00,28.937,28.961,28.904,28.933,508,7,0
2024-12-31 02:00:00,28.933,28.998,28.902,28.966,2442,7,0
2024-12-31 04:00:00,28.967,29.025,28.824,28.842,2650,7,0
2024-12-31 06:00:00,28.845,28.897,28.81,28.829,2185,7,0
2024-12-31 08:00:00,28.828,28.942,28.784,28.931,3219,5,0
2024-12-31 10:00:00,28.932,28.995,28.885,28.974,4178,6,0
2024-12-31 12:00:00,28.979,29.014,28.889,28.908,2573,8,0
2024-12-31 14:00:00,28.908,29.024,28.784,28.876,6254,6,0
2024-12-31 16:00:00,28.874,29.011,28.767,28.913,9034,5,0
2024-12-31 18:00:00,28.91,28.943,28.788,28.835,5976,5,0
2024-12-31 20:00:00,28.836,28.892,28.798000000000002,28.864,2717,5,0
2024-12-31 22:00:00,28.863,28.919,28.863,28.895,940,8,0
2025-01-02 00:00:00,28.898,28.99,28.855,28.986,605,9,0
2025-01-02 02:00:00,28.986,29.308,28.961,29.212,6371,7,0
2025-01-02 04:00:00,29.214,29.324,29.204,29.277,4179,7,0
2025-01-02 06:00:00,29.279,29.366,29.271,29.339,2688,11,0
2025-01-02 08:00:00,29.339,29.397,29.283,29.301,4209,5,0
2025-01-02 10:00:00,29.302,29.355,29.16,29.291,4864,5,0
2025-01-02 12:00:00,29.292,29.439,29.266,29.419,4655,5,0
2025-01-02 14:00:00,29.419,29.444,29.175,29.302,6298,5,0
2025-01-02 16:00:00,29.302,29.525,29.265,29.458,14233,5,0
2025-01-02 18:00:00,29.45,29.59,29.389,29.505,9833,5,0
2025-01-02 20:00:00,29.5,29.56,29.383,29.43,6641,5,0
2025-01-02 22:00:00,29.43,29.584,29.419,29.556,3438,6,0
2025-01-03 00:00:00,29.555,29.558,29.518,29.538,393,9,0
2025-01-03 02:00:00,29.538,29.641,29.491,29.539,4137,7,0
2025-01-03 04:00:00,29.535,29.638,29.503,29.592,4514,7,0
2025-01-03 06:00:00,29.59,29.614,29.506,29.563,2464,7,0
2025-01-03 08:00:00,29.563,29.643,29.528,29.618,3807,5,0
2025-01-03 10:00:00,29.618,29.769,29.558,29.689,4374,5,0
2025-01-03 12:00:00,29.689,29.815,29.67,29.802,2914,5,0
2025-01-03 14:00:00,29.802,29.861,29.678,29.854,4632,5,0
2025-01-03 16:00:00,29.852,29.891,29.658,29.763,11153,5,0
2025-01-03 18:00:00,29.759,29.844,29.541,29.564,7710,5,0
2025-01-03 20:00:00,29.562,29.713,29.546,29.624,4114,5,0
2025-01-03 22:00:00,29.625,29.629,29.576999999999998,29.623,1587,6,0
2025-01-06 00:00:00,29.524,29.678,29.524,29.632,695,7,0
2025-01-06 02:00:00,29.632,29.746,29.615,29.629,4479,7,0
2025-01-06 04:00:00,29.63,29.714,29.566,29.574,5121,7,0
2025-01-06 06:00:00,29.574,29.621,29.404,29.498,3289,7,0
2025-01-06 08:00:00,29.498,29.652,29.495,29.607,4746,5,0
2025-01-06 10:00:00,29.606,29.797,29.573,29.766,3638,7,0
2025-01-06 12:00:00,29.766,30.292,29.726,30.27,6213,5,0
2025-01-06 14:00:00,30.27,30.341,29.824,29.872,10721,5,0
2025-01-06 16:00:00,29.874,30.166,29.557,30.063,19105,5,0
2025-01-06 18:00:00,30.065,30.169,29.997,30.045,7113,5,0
2025-01-06 20:00:00,30.037,30.073,29.908,29.938,5963,5,0
2025-01-06 22:00:00,29.937,29.965,29.871,29.935,2679,5,0
2025-01-07 00:00:00,29.928,29.947,29.902,29.932,657,8,0
2025-01-07 02:00:00,29.932,30.089,29.876,30.039,4004,7,0
2025-01-07 04:00:00,30.04,30.072,29.962,30.061,3336,11,0
2025-01-07 06:00:00,30.062,30.173,30.019,30.123,2863,7,0
2025-01-07 08:00:00,30.121,30.172,30.05,30.157,3814,14,0
2025-01-07 10:00:00,30.158,30.226,30.152,30.193,2821,6,0
2025-01-07 12:00:00,30.187,30.248,30.114,30.225,2421,5,0
2025-01-07 14:00:00,30.225,30.382,30.198,30.365,6967,5,0
2025-01-07 16:00:00,30.365,30.376,29.974,30.087,16473,5,0
2025-01-07 18:00:00,30.088,30.158,30.008,30.115,8899,5,0
2025-01-07 20:00:00,30.114,30.135,30.026,30.101,5250,5,0
2025-01-07 22:00:00,30.1,30.112,30.016,30.037,3168,5,0
2025-01-08 00:00:00,30.026,30.083,30.026,30.083,610,9,0
2025-01-08 02:00:00,30.083,30.15,30.036,30.112,3444,7,0
2025-01-08 04:00:00,30.111,30.134,29.988,30.007,3066,8,0
2025-01-08 06:00:00,30.007,30.129,29.984,30.109,2892,7,0
2025-01-08 08:00:00,30.109,30.142,30.0,30.035,4891,6,0
2025-01-08 10:00:00,30.033,30.218,30.027,30.207,5507,5,0
2025-01-08 12:00:00,30.207,30.248,30.031,30.136,6100,5,0
2025-01-08 14:00:00,30.136,30.165,30.001,30.155,11408,5,0
2025-01-08 16:00:00,30.155,30.344,30.123,30.162,15666,5,0
2025-01-08 18:00:00,30.161,30.223,29.801,29.978,10231,5,0
2025-01-08 20:00:00,29.977,30.149,29.93,30.061,8362,5,0
2025-01-08 22:00:00,30.06,30.134,30.054,30.102,3255,5,0
2025-01-09 00:00:00,30.081,30.148,30.071,30.128,585,10,0
2025-01-09 02:00:00,30.128,30.141,30.024,30.083,4865,7,0
2025-01-09 04:00:00,30.084,30.179,30.019,30.099,4664,7,0
2025-01-09 06:00:00,30.101,30.185,30.059,30.127,3015,7,0
2025-01-09 08:00:00,30.128,30.19,30.064,30.074,4582,5,0
2025-01-09 10:00:00,30.074,30.293,30.057,30.244,4449,6,0
2025-01-09 12:00:00,30.242,30.384,30.237,30.333,3408,5,0
2025-01-09 14:00:00,30.333,30.47,30.284,30.311,5178,5,0
2025-01-09 16:00:00,30.313,30.423,30.18,30.191,5110,5,0
2025-01-09 18:00:00,30.187,30.253,29.994,30.141,3205,5,0
2025-01-09 20:00:00,30.141,30.183,30.057,30.08,1737,5,0
2025-01-09 22:00:00,30.081,30.154,30.072,30.108,783,5,0
2025-01-10 00:00:00,30.024,30.151,30.024,30.078,786,12,0
2025-01-10 02:00:00,30.078,30.198,30.068,30.183,3363,8,0
2025-01-10 04:00:00,30.183,30.298,30.165,30.255,3084,7,0
2025-01-10 06:00:00,30.255,30.313,30.183,30.259,2350,7,0
2025-01-10 08:00:00,30.259,30.312,30.165,30.234,3546,7,0
2025-01-10 10:00:00,30.233,30.38,30.221,30.302,4101,8,0
2025-01-10 12:00:00,30.304,30.435,30.296,30.38,3146,7,0
2025-01-10 14:00:00,30.38,30.385,29.932,30.319,10737,6,0
2025-01-10 16:00:00,30.317,30.656,30.294,30.333,18444,5,0
2025-01-10 18:00:00,30.333,30.564,30.248,30.406,11390,5,0
2025-01-10 20:00:00,30.401,30.445,30.296,30.387,5281,5,0
2025-01-10 22:00:00,30.386,30.423,30.315,30.385,2136,5,0
2025-01-13 00:00:00,30.426,30.469,30.35,30.458,1131,7,0
2025-01-13 02:00:00,30.458,30.489,30.235,30.281,4941,7,0
2025-01-13 04:00:00,30.28,30.376,30.184,30.236,4035,8,0
2025-01-13 06:00:00,30.236,30.31,30.094,30.182,2957,10,0
2025-01-13 08:00:00,30.183,30.296,30.162,30.223,4020,7,0
2025-01-13 10:00:00,30.225,30.37,29.997,30.008,5433,5,0
2025-01-13 12:00:00,30.006,30.053,29.86,29.866,5215,5,0
2025-01-13 14:00:00,29.866,29.895,29.555,29.712,9321,5,0
2025-01-13 16:00:00,29.711,29.849,29.516,29.541,11291,5,0
2025-01-13 18:00:00,29.541,29.713,29.501,29.664,5324,5,0
2025-01-13 20:00:00,29.662,29.695,29.536,29.617,3382,6,0
2025-01-13 22:00:00,29.617,29.633,29.558,29.608,1727,7,0
2025-01-14 00:00:00,29.615,29.747,29.604,29.671,914,7,0
2025-01-14 02:00:00,29.67,29.706,29.588,29.626,3778,7,0
2025-01-14 04:00:00,29.626,29.649,29.547,29.643,3918,7,0
2025-01-14 06:00:00,29.643,29.7,29.581,29.623,2997,7,0
2025-01-14 08:00:00,29.624,29.756,29.578,29.75,4027,5,0
2025-01-14 10:00:00,29.75,29.866,29.509,29.703,3650,5,0
2025-01-14 12:00:00,29.703,29.759,29.665,29.748,2155,6,0
2025-01-14 14:00:00,29.748,29.915,29.655,29.757,6474,5,0
2025-01-14 16:00:00,29.757,29.966,29.641,29.909,9450,5,0
2025-01-14 18:00:00,29.909,29.964,29.76,29.793,4983,5,0
2025-01-14 20:00:00,29.79,29.878,29.734,29.809,2503,5,0
2025-01-14 22:00:00,29.809,29.908,29.757,29.888,2048,5,0
2025-01-15 00:00:00,29.886,29.911,29.821,29.835,452,7,0
2025-01-15 02:00:00,29.835,29.841,29.751,29.752,2372,8,0
2025-01-15 04:00:00,29.754,29.875,29.73,29.851,4022,7,0
2025-01-15 06:00:00,29.851,29.883,29.779,29.855,2895,7,0
2025-01-15 08:00:00,29.854,30.035,29.821,29.982,3998,6,0
2025-01-15 10:00:00,29.983,30.134,29.965,30.099,3468,5,0
2025-01-15 12:00:00,30.098,30.117,29.971,30.032,2831,7,0
2025-01-15 14:00:00,30.032,30.312,29.863,30.299,8921,5,0
2025-01-15 16:00:00,30.301,30.425,30.153,30.283,14296,5,0
2025-01-15 18:00:00,30.284,30.622,30.284,30.583,5878,5,0
2025-01-15 20:00:00,30.583,30.677,30.546,30.652,2769,7,0
2025-01-15 22:00:00,30.65,30.745,30.542,30.639,1700,5,0
2025-01-16 00:00:00,30.674,30.742,30.644,30.665,630,9,0
2025-01-16 02:00:00,30.665,30.758,30.554,30.717,5773,7,0
2025-01-16 04:00:00,30.718,30.732,30.591,30.654,7423,8,0
2025-01-16 06:00:00,30.656,30.716,30.605,30.638,4677,7,0
2025-01-16 08:00:00,30.639,30.89,30.634,30.855,5337,5,0
2025-01-16 10:00:00,30.856,30.903,30.721,30.823,3846,5,0
2025-01-16 12:00:00,30.824,30.877,30.735,30.774,2659,8,0
2025-01-16 14:00:00,30.776,30.817,30.514,30.767,8101,5,0
2025-01-16 16:00:00,30.768,30.85,30.635,30.785,10136,5,0
2025-01-16 18:00:00,30.784,30.964,30.757,30.877,6028,7,0
2025-01-16 20:00:00,30.882,30.891,30.753,30.841,2850,5,0
2025-01-16 22:00:00,30.837,30.837,30.765,30.801,1649,9,0
2025-01-17 00:00:00,30.79,30.799,30.721,30.753,457,7,0
2025-01-17 02:00:00,30.753,30.822,30.716,30.789,4664,7,0
2025-01-17 04:00:00,30.794,30.832,30.747,30.772,5219,13,0
2025-01-17 06:00:00,30.77,30.8,30.592,30.62,5374,7,0
2025-01-17 08:00:00,30.62,30.712,30.598,30.603,5989,7,0
2025-01-17 10:00:00,30.601,30.659,30.455,30.478,3260,5,0
2025-01-17 12:00:00,30.481,30.624,30.44,30.614,2761,5,0
2025-01-17 14:00:00,30.614,30.661,30.127,30.183,7438,5,0
2025-01-17 16:00:00,30.182,30.456,30.123,30.315,10932,5,0
2025-01-17 18:00:00,30.316,30.444,30.285,30.327,4239,5,0
2025-01-17 20:00:00,30.33,30.372,30.177,30.183,2652,5,0
2025-01-17 22:00:00,30.184,30.329,30.124,30.326,1985,5,0
2025-01-20 00:00:00,30.23,30.339,30.215,30.313,1285,9,0
2025-01-20 02:00:00,30.313,30.335,30.113,30.181,3427,7,0
2025-01-20 04:00:00,30.179,30.35,30.114,30.349,3550,7,0
2025-01-20 06:00:00,30.348,30.435,30.322,30.367,2272,7,0
2025-01-20 08:00:00,30.367,30.419,30.312,30.367,2984,7,0
2025-01-20 10:00:00,30.37,30.412,30.26,30.263,3060,6,0
2025-01-20 12:00:00,30.262,30.3,30.187,30.252,2432,6,0
2025-01-20 14:00:00,30.252,30.404,29.982,30.237,8174,5,0
2025-01-20 16:00:00,30.243,30.567,30.239,30.46,10049,5,0
2025-01-20 18:00:00,30.462,30.615,30.364,30.466,5321,5,0
2025-01-20 20:00:00,30.466,30.566,30.42,30.475,1258,7,0
2025-01-21 00:00:00,30.483,30.638,30.4,30.567,1033,9,0
2025-01-21 02:00:00,30.567,30.616,30.182,30.448,9154,7,0
2025-01-21 04:00:00,30.444,30.72,30.444,30.61,5479,10,0
2025-01-21 06:00:00,30.618,30.66,30.564,30.633,2594,11,0
2025-01-21 08:00:00,30.621,30.677,30.484,30.576,3985,7,0
2025-01-21 10:00:00,30.575,30.575,30.327,30.459,4827,5,0
2025-01-21 12:00:00,30.457,30.566,30.426,30.548000000000002,3592,10,0
2025-01-21 14:00:00,30.548000000000002,30.638,30.487,30.509,5719,6,0
2025-01-21 16:00:00,30.508,30.738,30.498,30.65,8112,5,0
2025-01-21 18:00:00,30.648,30.826,30.615,30.745,4508,5,0
2025-01-21 20:00:00,30.744,30.834,30.726,30.781,2413,5,0
2025-01-21 22:00:00,30.781,30.852,30.738,30.83,1602,5,0
2025-01-22 00:00:00,30.81,30.826,30.725,30.738,973,9,0
2025-01-22 02:00:00,30.738,30.9,30.733,30.815,3299,7,0
2025-01-22 04:00:00,30.815,30.902,30.73,30.889,2486,7,0
2025-01-22 06:00:00,30.886,30.941,30.848,30.921,2318,7,0
2025-01-22 08:00:00,30.919,30.923000000000002,30.757,30.797,4110,7,0
2025-01-22 10:00:00,30.798000000000002,30.938,30.765,30.928,4673,5,0
2025-01-22 12:00:00,30.928,30.951999999999998,30.798000000000002,30.832,3125,5,0
2025-01-22 14:00:00,30.832,30.896,30.681,30.796,5627,10,0
2025-01-22 16:00:00,30.796,30.816,30.559,30.7,9498,10,0
2025-01-22 18:00:00,30.701,30.841,30.657,30.814,3616,10,0
2025-01-22 20:00:00,30.816,30.902,30.789,30.851,2061,10,0
2025-01-22 22:00:00,30.85,30.884,30.787,30.807,1297,10,0
2025-01-23 00:00:00,30.797,30.82,30.739,30.766,441,13,0
2025-01-23 02:00:00,30.766,30.857,30.654,30.668,3418,13,0
2025-01-23 04:00:00,30.661,30.729,30.567,30.576999999999998,2672,13,0
2025-01-23 06:00:00,30.578,30.672,30.576,30.642,1687,13,0
2025-01-23 08:00:00,30.644,30.703,30.553,30.641,2473,10,0
2025-01-23 10:00:00,30.642,30.646,30.411,30.551,3658,10,0
2025-01-23 12:00:00,30.545,30.608,30.497,30.497,3190,5,0
2025-01-23 14:00:00,30.497,30.538,30.085,30.246,10078,6,0
2025-01-23 16:00:00,30.246,30.307,30.14,30.149,9178,6,0
2025-01-23 18:00:00,30.151,30.5,30.1,30.466,7996,5,0
2025-01-23 20:00:00,30.466,30.487,30.411,30.428,3001,5,0
2025-01-23 22:00:00,30.428,30.484,30.391,30.432,2220,5,0
2025-01-24 00:00:00,30.43,30.465,30.427,30.459,632,7,0
2025-01-24 02:00:00,30.459,30.679,30.429,30.661,3868,7,0
2025-01-24 04:00:00,30.661,30.816,30.661,30.764,6306,7,0
2025-01-24 06:00:00,30.764,30.826999999999998,30.736,30.807,3606,7,0
2025-01-24 08:00:00,30.807,30.869,30.739,30.846,4866,5,0
2025-01-24 10:00:00,30.846,30.946,30.783,30.839,4327,7,0
2025-01-24 12:00:00,30.839,30.911,30.801,30.863,3540,5,0
2025-01-24 14:00:00,30.863,31.02,30.843,30.928,6311,6,0
2025-01-24 16:00:00,30.928,30.986,30.539,30.635,11404,6,0
2025-01-24 18:00:00,30.635,30.832,30.612,30.688,5859,5,0
2025-01-24 20:00:00,30.688,30.718,30.641,30.695,3281,5,0
2025-01-24 22:00:00,30.696,30.698,30.556,30.6,1921,5,0
2025-01-27 00:00:00,30.46,30.62,30.174,30.529,2306,7,0
2025-01-27 02:00:00,30.529,30.567,30.309,30.327,5369,7,0
2025-01-27 04:00:00,30.327,30.395,30.149,30.356,4597,7,0
2025-01-27 06:00:00,30.356,30.36,30.235,30.251,3176,7,0
2025-01-27 08:00:00,30.251,30.29,30.137,30.156,4373,5,0
2025-01-27 10:00:00,30.156,30.495,30.105,30.456,5492,5,0
2025-01-27 12:00:00,30.456,30.59,30.437,30.581,5280,5,0
2025-01-27 14:00:00,30.581,30.606,30.328,30.403,6765,6,0
2025-01-27 16:00:00,30.403,30.459,30.115,30.371,10801,6,0
2025-01-27 18:00:00,30.371,30.379,29.698,29.988,9035,5,0
2025-01-27 20:00:00,29.988,30.179,29.979,30.142,4499,5,0
2025-01-27 22:00:00,30.142,30.242,30.12,30.199,2221,5,0
2025-01-28 00:00:00,30.2,30.247,30.12,30.177,2613,7,0
2025-01-28 02:00:00,30.177,30.219,30.055,30.105,3839,7,0
2025-01-28 04:00:00,30.105,30.131,29.994,30.019,3663,7,0
2025-01-28 06:00:00,30.019,30.147,30.018,30.083,2083,7,0
2025-01-28 08:00:00,30.081,30.123,29.962,29.968,3036,5,0
2025-01-28 10:00:00,29.969,30.122,29.882,30.106,4827,5,0
2025-01-28 12:00:00,30.106,30.192,30.1,30.136,3100,5,0
2025-01-28 14:00:00,30.136,30.288,30.084,30.183,4811,6,0
2025-01-28 16:00:00,30.183,30.393,30.074,30.32,8922,6,0
2025-01-28 18:00:00,30.316,30.455,30.235,30.377,4917,5,0
2025-01-28 20:00:00,30.377,30.488,30.37,30.442,2921,5,0
2025-01-28 22:00:00,30.442,30.456,30.332,30.397,1750,5,0
2025-01-29 00:00:00,30.404,30.43,30.394,30.407,578,7,0
2025-01-29 02:00:00,30.407,30.475,30.404,30.418,1886,7,0
2025-01-29 04:00:00,30.418,30.483,30.375,30.388,2077,7,0
2025-01-29 06:00:00,30.388,30.467,30.34,30.356,2042,7,0
2025-01-29 08:00:00,30.356,30.422,30.281,30.364,3383,7,0
2025-01-29 10:00:00,30.364,30.541,30.362,30.421,3576,5,0
2025-01-29 12:00:00,30.421,30.534,30.41,30.504,3865,5,0
2025-01-29 14:00:00,30.504,30.693,30.412,30.584,6277,7,0
2025-01-29 16:00:00,30.584,30.983,30.583,30.871,11291,6,0
2025-01-29 18:00:00,30.871,30.907,30.674,30.743,5874,5,0
2025-01-29 20:00:00,30.745,30.906,30.579,30.805,11451,5,0
2025-01-29 22:00:00,30.801,30.876,30.684,30.83,7041,5,0
2025-01-30 00:00:00,30.833,30.889,30.814,30.875,904,7,0
2025-01-30 02:00:00,30.875,30.885,30.799,30.829,2323,7,0
2025-01-30 04:00:00,30.829,30.898,30.813,30.889,2235,7,0
2025-01-30 06:00:00,30.889,30.901,30.808,30.835,2023,7,0
2025-01-30 08:00:00,30.835,31.014,30.81,31.009,3239,5,0
2025-01-30 10:00:00,31.009,31.071,30.953,31.041,4557,5,0
2025-01-30 12:00:00,31.041,31.119,30.995,31.035,3745,5,0
2025-01-30 14:00:00,31.035,31.374,30.963,31.37,6885,6,0
2025-01-30 16:00:00,31.369,31.726,31.31,31.588,13183,6,0
2025-01-30 18:00:00,31.588,31.647,31.333,31.569,9293,5,0
2025-01-30 20:00:00,31.569,31.616,31.51,31.578,4531,5,0
2025-01-30 22:00:00,31.578,31.659,31.435,31.627,6108,5,0
2025-01-31 00:00:00,31.605,31.692,31.524,31.64,1527,9,0
2025-01-31 02:00:00,31.64,31.683,31.392,31.426,3492,7,0
2025-01-31 04:00:00,31.426,31.599,31.09,31.52,4495,7,0
2025-01-31 06:00:00,31.52,31.52,31.292,31.429,2987,7,0
2025-01-31 08:00:00,31.429,31.559,31.379,31.482,4154,5,0
2025-01-31 10:00:00,31.482,31.64,31.474,31.621,4937,5,0
2025-01-31 12:00:00,31.621,31.686,31.51,31.667,3983,5,0
2025-01-31 14:00:00,31.667,31.705,31.536,31.652,5281,6,0
2025-01-31 16:00:00,31.652,31.676,31.383,31.472,10014,6,0
2025-01-31 18:00:00,31.472,31.607,31.316,31.505,11088,5,0
2025-01-31 20:00:00,31.505,31.521,31.2,31.245,12006,5,0
2025-01-31 22:00:00,31.245,31.373,31.171,31.305,5466,5,0
2025-02-03 00:00:00,31.431,31.528,30.694,31.039,5384,10,0
2025-02-03 02:00:00,30.953,31.283,30.844,30.948,9428,7,0
2025-02-03 04:00:00,30.948,30.953,30.678,30.808,7950,7,0
2025-02-03 06:00:00,30.808,30.967,30.805,30.928,4274,7,0
2025-02-03 08:00:00,30.928,31.174,30.878,31.076,6551,5,0
2025-02-03 10:00:00,31.076,31.265,30.97,31.133,7335,6,0
2025-02-03 12:00:00,31.134,31.322,31.125,31.278,4282,5,0
2025-02-03 14:00:00,31.278,31.418,31.192,31.298,6787,6,0
2025-02-03 16:00:00,31.298,31.533,30.961,31.398,22974,6,0
2025-02-03 18:00:00,31.4,31.675,31.298,31.47,16787,5,0
2025-02-03 20:00:00,31.47,31.631,31.439,31.588,7378,5,0
2025-02-03 22:00:00,31.588,31.609,31.457,31.564,5317,5,0
2025-02-04 00:00:00,31.511,31.581,31.464,31.502,1305,7,0
2025-02-04 02:00:00,31.502,31.614,31.479,31.604,3198,7,0
2025-02-04 04:00:00,31.604,31.631,31.439,31.515,3068,7,0
2025-02-04 06:00:00,31.515,31.515,31.352,31.466,4010,7,0
2025-02-04 08:00:00,31.466,31.56,31.381,31.505,3250,7,0
2025-02-04 10:00:00,31.505,31.693,31.412,31.625,5721,5,0
2025-02-04 12:00:00,31.625,31.671,31.588,31.608,4106,5,0
2025-02-04 14:00:00,31.608,31.906,31.58,31.867,7417,6,0
2025-02-04 16:00:00,31.867,32.318,31.833,31.957,14639,6,0
2025-02-04 18:00:00,31.951,32.335,31.881,32.334,9182,5,0
2025-02-04 20:00:00,32.335,32.375,32.147,32.184,4219,5,0
2025-02-04 22:00:00,32.184,32.19,32.043,32.124,2850,5,0
2025-02-05 00:00:00,32.113,32.18,32.06,32.079,1133,7,0
2025-02-05 02:00:00,32.079,32.199,31.926,32.059,9549,7,0
2025-02-05 04:00:00,32.059,32.262,32.044,32.221,4964,7,0
2025-02-05 06:00:00,32.221,32.321,32.197,32.297,2747,7,0
2025-02-05 08:00:00,32.297,32.361,32.173,32.295,4653,5,0
2025-02-05 10:00:00,32.295,32.48,32.28,32.467,4940,5,0
2025-02-05 12:00:00,32.467,32.551,32.234,32.31,4425,5,0
2025-02-05 14:00:00,32.31,32.428,32.061,32.129,7819,6,0
2025-02-05 16:00:00,32.127,32.525,32.1,32.492,13619,6,0
2025-02-05 18:00:00,32.492,32.537,32.248,32.524,8875,5,0
2025-02-05 20:00:00,32.524,32.542,32.29,32.337,5299,5,0
2025-02-05 22:00:00,32.337,32.387,32.205,32.3,3182,5,0
2025-02-06 00:00:00,32.284,32.364,32.233,32.318,1134,7,0
2025-02-06 02:00:00,32.318,32.42,32.318,32.377,4873,7,0
2025-02-06 04:00:00,32.377,32.41,32.207,32.222,4008,7,0
2025-02-06 06:00:00,32.222,32.297,32.2,32.292,2862,7,0
2025-02-06 08:00:00,32.292,32.354,31.911,31.941,5233,5,0
2025-02-06 10:00:00,31.94,32.154,31.794,32.044,5234,5,0
2025-02-06 12:00:00,32.044,32.086,31.907,32.022,3799,5,0
2025-02-06 14:00:00,32.022,32.12,31.91,32.022,6621,6,0
2025-02-06 16:00:00,32.022,32.145,31.736,32.068,13875,6,0
2025-02-06 18:00:00,32.068,32.227,32.067,32.223,5433,5,0
2025-02-06 20:00:00,32.223,32.27,32.17,32.181,4235,5,0
2025-02-06 22:00:00,32.181,32.274,32.176,32.2,2914,5,0
2025-02-07 00:00:00,32.216,32.235,32.164,32.222,786,7,0
2025-02-07 02:00:00,32.222,32.275,32.212,32.262,3726,7,0
2025-02-07 04:00:00,32.262,32.308,32.226,32.255,3384,7,0
2025-02-07 06:00:00,32.255,32.266,32.14,32.145,2631,7,0
2025-02-07 08:00:00,32.145,32.298,32.13,32.263,3761,7,0
2025-02-07 10:00:00,32.263,32.406,32.25,32.326,3872,5,0
2025-02-07 12:00:00,32.326,32.329,32.175,32.267,2655,5,0
2025-02-07 14:00:00,32.267,32.383,31.944,32.246,8588,6,0
2025-02-07 16:00:00,32.246,32.645,32.144,32.447,17595,6,0
2025-02-07 18:00:00,32.447,32.458,31.894,32.001,17668,5,0
2025-02-07 20:00:00,32.001,32.071,31.815,31.886,6875,5,0
2025-02-07 22:00:00,31.886,31.886,31.767,31.783,3957,5,0
2025-02-10 00:00:00,31.701,31.832,31.613,31.786,2092,10,0
2025-02-10 02:00:00,31.786,32.034,31.786,31.906,5746,7,0
2025-02-10 04:00:00,31.906,32.024,31.847,32.021,3956,7,0
2025-02-10 06:00:00,32.021,32.081,31.964,32.014,2387,7,0
2025-02-10 08:00:00,32.014,32.166,31.974,32.153,3620,5,0
2025-02-10 10:00:00,32.152,32.313,32.137,32.3,3272,5,0
2025-02-10 12:00:00,32.3,32.333,32.2,32.245,3508,5,0
2025-02-10 14:00:00,32.245,32.297,32.07,32.114,6020,6,0
2025-02-10 16:00:00,32.113,32.245,31.912,32.184,10653,6,0
2025-02-10 18:00:00,32.184,32.221,31.94,32.008,6136,5,0
2025-02-10 20:00:00,32.008,32.123,31.972,32.064,3206,5,0
2025-02-10 22:00:00,32.064,32.074,32.013,32.027,1521,5,0
2025-02-11 00:00:00,31.961,32.122,31.961,32.071,1449,7,0
2025-02-11 02:00:00,32.071,32.242,32.048,32.102,5542,7,0
2025-02-11 04:00:00,32.104,32.208,31.625,31.888,8858,7,0
2025-02-11 06:00:00,31.888,32.009,31.84,31.96,3519,7,0
2025-02-11 08:00:00,31.96,32.038,31.716,31.774,5820,6,0
2025-02-11 10:00:00,31.774,31.838,31.672,31.747,4582,5,0
2025-02-11 12:00:00,31.747,31.81,31.662,31.709,3076,5,0
2025-02-11 14:00:00,31.709,31.735,31.249,31.53,10374,6,0
2025-02-11 16:00:00,31.53,31.943,31.5,31.925,11461,6,0
2025-02-11 18:00:00,31.925,31.958,31.839,31.908,4459,5,0
2025-02-11 20:00:00,31.907,31.959,31.828,31.888,2814,5,0
2025-02-11 22:00:00,31.888,31.896,31.772,31.803,1632,5,0
2025-02-12 00:00:00,31.812,31.849,31.753,31.835,551,7,0
2025-02-12 02:00:00,31.835,31.839,31.669,31.767,4214,7,0
2025-02-12 04:00:00,31.767,31.936,31.763,31.844,4849,7,0
2025-02-12 06:00:00,31.844,31.879,31.732,31.798000000000002,2845,7,0
2025-02-12 08:00:00,31.798000000000002,31.939,31.79,31.88,4598,5,0
2025-02-12 10:00:00,31.88,31.893,31.715,31.734,3945,5,0
2025-02-12 12:00:00,31.734,31.884,31.711,31.764,3768,5,0
2025-02-12 14:00:00,31.764,32.011,31.489,31.994,10521,6,0
2025-02-12 16:00:00,31.994,32.205,31.847,32.192,13534,6,0
2025-02-12 18:00:00,32.192,32.361,32.078,32.345,7308,5,0
2025-02-12 20:00:00,32.345,32.359,32.159,32.17,4421,5,0
2025-02-12 22:00:00,32.17,32.236,32.149,32.216,2684,5,0
2025-02-13 00:00:00,32.21,32.295,32.194,32.278,939,7,0
2025-02-13 02:00:00,32.278,32.329,32.17,32.226,4635,7,0
2025-02-13 04:00:00,32.226,32.302,32.172,32.279,5124,7,0
2025-02-13 06:00:00,32.279,32.386,32.27,32.313,3535,7,0
2025-02-13 08:00:00,32.313,32.398,32.259,32.327,4838,5,0
2025-02-13 10:00:00,32.327,32.364,32.196,32.27,5428,5,0
2025-02-13 12:00:00,32.27,32.336,32.204,32.262,3888,5,0
2025-02-13 14:00:00,32.262,32.338,32.041,32.061,8327,6,0
2025-02-13 16:00:00,32.059,32.243,31.986,32.224,11551,6,0
2025-02-13 18:00:00,32.224,32.25,32.094,32.155,5364,5,0
2025-02-13 20:00:00,32.155,32.34,32.097,32.329,6874,5,0
2025-02-13 22:00:00,32.329,32.413,32.29,32.31,2182,5,0
2025-02-14 00:00:00,32.187,32.396,32.187,32.364,1262,8,0
2025-02-14 02:00:00,32.364,32.489,32.288,32.473,5111,7,0
2025-02-14 04:00:00,32.473,32.513,32.381,32.427,4367,7,0
2025-02-14 06:00:00,32.427,32.656,32.425,32.653,3927,7,0
2025-02-14 08:00:00,32.653,33.139,32.633,33.056,7808,5,0
2025-02-14 10:00:00,33.056,33.293,32.991,33.269,5833,5,0
2025-02-14 12:00:00,33.269,33.36,33.104,33.133,4688,5,0
2025-02-14 14:00:00,33.133,33.392,32.988,33.053,11786,6,0
2025-02-14 16:00:00,33.052,33.283,32.653,32.728,21007,6,0
2025-02-14 18:00:00,32.728,32.737,32.25,32.409,12061,5,0
2025-02-14 20:00:00,32.409,32.449,32.248,32.289,4408,5,0
2025-02-14 22:00:00,32.289,32.297,32.065,32.138,2969,5,0
2025-02-17 00:00:00,32.151,32.223,31.953,32.036,2957,8,0
2025-02-17 02:00:00,32.036,32.335,31.909,32.326,6226,7,0
2025-02-17 04:00:00,32.326,32.477,32.273,32.445,4337,7,0
2025-02-17 06:00:00,32.445,32.468,32.127,32.136,3174,7,0
2025-02-17 08:00:00,32.136,32.261,31.981,32.26,5398,5,0
2025-02-17 10:00:00,32.26,32.462,32.238,32.443,3629,5,0
2025-02-17 12:00:00,32.443,32.486,32.356,32.462,3044,5,0
2025-02-17 14:00:00,32.462,32.483,32.194,32.227,5123,6,0
2025-02-17 16:00:00,32.227,32.399,32.21,32.308,4406,6,0
2025-02-17 18:00:00,32.308,32.367,32.263,32.349,2293,5,0
2025-02-17 20:00:00,32.349,32.43,32.324,32.354,887,5,0
2025-02-18 00:00:00,32.349,32.411,32.293,32.37,627,8,0
2025-02-18 02:00:00,32.37,32.401,32.112,32.143,4361,7,0
2025-02-18 04:00:00,32.143,32.416,32.07,32.372,6383,7,0
2025-02-18 06:00:00,32.372,32.48,32.299,32.332,4582,7,0
2025-02-18 08:00:00,32.332,32.52,32.319,32.409,4927,5,0
2025-02-18 10:00:00,32.409,32.526,32.362,32.503,4472,5,0
2025-02-18 12:00:00,32.503,32.506,32.432,32.483,3394,5,0
2025-02-18 14:00:00,32.483,32.55,32.382,32.462,5309,6,0
2025-02-18 16:00:00,32.462,32.677,32.461,32.664,10816,6,0
2025-02-18 18:00:00,32.667,32.915,32.634,32.786,7153,6,0
2025-02-18 20:00:00,32.786,32.887,32.738,32.837,3769,5,0
2025-02-18 22:00:00,32.837,32.888,32.816,32.869,1810,5,0
2025-02-19 00:00:00,32.743,32.91,32.725,32.901,617,11,0
2025-02-19 02:00:00,32.901,32.946,32.7,32.794,4681,7,0
2025-02-19 04:00:00,32.794,32.814,32.462,32.629,6174,7,0
2025-02-19 06:00:00,32.629,32.811,32.609,32.807,3506,7,0
2025-02-19 08:00:00,32.809,32.913,32.758,32.851,4483,5,0
2025-02-19 10:00:00,32.851,32.997,32.848,32.985,3566,5,0
2025-02-19 12:00:00,32.985,33.071,32.895,32.904,3423,5,0
2025-02-19 14:00:00,32.904,32.972,32.801,32.824,7255,6,0
2025-02-19 16:00:00,32.822,32.857,32.457,32.467,14355,6,0
2025-02-19 18:00:00,32.465,32.669,32.438,32.631,7651,5,0
2025-02-19 20:00:00,32.631,32.777,32.561,32.751,5101,5,0
2025-02-19 22:00:00,32.751,32.776,32.676,32.691,2310,5,0
2025-02-20 00:00:00,32.717,32.738,32.578,32.706,616,9,0
2025-02-20 02:00:00,32.706,32.8,32.623,32.664,4563,7,0
2025-02-20 04:00:00,32.664,32.851,32.641,32.816,4792,7,0
2025-02-20 06:00:00,32.816,32.879,32.768,32.876,2691,7,0
2025-02-20 08:00:00,32.876,33.005,32.833,32.955,3765,5,0
2025-02-20 10:00:00,32.955,33.111,32.951,33.098,3290,5,0
2025-02-20 12:00:00,33.098,33.207,32.985,33.045,3113,5,0
2025-02-20 14:00:00,33.045,33.163,32.901,32.975,8423,6,0
2025-02-20 16:00:00,32.974,33.112,32.781,32.966,14009,6,0
2025-02-20 18:00:00,32.966,33.104,32.91,33.034,6192,6,0
2025-02-20 20:00:00,33.034,33.072,32.85,32.957,4133,5,0
2025-02-20 22:00:00,32.957,32.962,32.834,32.935,2209,5,0
2025-02-21 00:00:00,32.931,32.983,32.882,32.949,733,7,0
2025-02-21 02:00:00,32.949,33.063,32.859,32.878,5153,7,0
2025-02-21 04:00:00,32.878,33.05,32.823,32.873,6043,7,0
2025-02-21 06:00:00,32.873,32.931,32.738,32.858,4099,7,0
2025-02-21 08:00:00,32.858,33.011,32.766,32.915,5169,5,0
2025-02-21 10:00:00,32.91,32.979,32.675,32.902,5990,5,0
2025-02-21 12:00:00,32.902,33.016,32.897,32.924,3336,5,0
2025-02-21 14:00:00,32.924,32.993,32.797,32.919,5901,6,0
2025-02-21 16:00:00,32.919,33.021,32.497,32.58,16050,6,0
2025-02-21 18:00:00,32.579,32.749,32.526,32.657,7847,5,0
2025-02-21 20:00:00,32.657,32.779,32.518,32.54,7003,5,0
2025-02-21 22:00:00,32.54,32.573,32.486,32.492,3103,5,0
2025-02-24 00:00:00,32.444,32.7,32.364,32.58,1604,8,0
2025-02-24 02:00:00,32.58,32.647,32.355,32.484,6826,7,0
2025-02-24 04:00:00,32.482,32.757,32.412,32.67,8263,7,0
2025-02-24 06:00:00,32.67,32.722,32.558,32.585,4425,7,0
2025-02-24 08:00:00,32.585,32.691,32.551,32.596,5537,5,0
2025-02-24 10:00:00,32.596,32.635,32.454,32.535,4668,5,0
2025-02-24 12:00:00,32.535,32.537,32.416,32.517,3937,5,0
2025-02-24 14:00:00,32.517,32.672,32.443,32.657,6649,5,0
2025-02-24 16:00:00,32.657,32.733,32.089,32.167,16386,6,0
2025-02-24 18:00:00,32.166,32.322,32.162,32.276,6787,5,0
2025-02-24 20:00:00,32.276,32.416,32.266,32.337,3120,5,0
2025-02-24 22:00:00,32.337,32.383,32.314,32.346,2624,5,0
2025-02-25 00:00:00,32.298,32.385,32.247,32.265,1273,7,0
2025-02-25 02:00:00,32.265,32.473,32.236,32.472,4783,7,0
2025-02-25 04:00:00,32.469,32.481,32.378,32.394,4919,7,0
2025-02-25 06:00:00,32.394,32.407,32.26,32.283,3260,7,0
2025-02-25 08:00:00,32.283,32.377,32.027,32.028,5333,6,0
2025-02-25 10:00:00,32.028,32.24,32.028,32.195,5366,5,0
2025-02-25 12:00:00,32.195,32.274,32.135,32.165,3518,5,0
2025-02-25 14:00:00,32.165,32.19,31.713,31.981,10689,6,0
2025-02-25 16:00:00,31.981,32.189,31.469,31.502,19598,6,0
2025-02-25 18:00:00,31.503,31.572,31.284,31.543,13802,5,0
2025-02-25 20:00:00,31.543,31.65,31.435,31.618,7031,5,0
2025-02-25 22:00:00,31.618,31.783,31.594,31.725,5546,5,0
2025-02-26 00:00:00,31.669,31.821,31.669,31.776,1277,7,0
2025-02-26 02:00:00,31.776,31.813,31.68,31.714,5158,7,0
2025-02-26 04:00:00,31.717,31.812,31.701,31.771,5386,7,0
2025-02-26 06:00:00,31.771,31.807,31.683,31.733,3791,7,0
2025-02-26 08:00:00,31.733,31.784,31.572,31.775,5680,5,0
2025-02-26 10:00:00,31.775,31.921,31.719,31.763,4749,5,0
2025-02-26 12:00:00,31.763,31.845,31.701,31.712,3126,5,0
2025-02-26 14:00:00,31.712,31.817,31.647,31.681,5707,6,0
2025-02-26 16:00:00,31.681,31.866,31.49,31.837,13607,6,0
2025-02-26 18:00:00,31.837,31.953,31.834,31.902,8403,6,0
2025-02-26 20:00:00,31.902,31.936,31.747,31.776,4734,5,0
2025-02-26 22:00:00,31.776,31.882,31.723,31.83,3339,5,0
2025-02-27 00:00:00,31.922,31.927,31.849,31.887,1197,7,0
2025-02-27 02:00:00,31.887,31.937,31.828,31.872,4112,7,0
2025-02-27 04:00:00,31.872,31.875,31.701,31.716,4219,7,0
2025-02-27 06:00:00,31.717,31.728,31.531,31.611,4144,7,0
2025-02-27 08:00:00,31.611,31.871,31.605,31.774,5802,5,0
2025-02-27 10:00:00,31.774,31.798000000000002,31.61,31.774,6536,5,0
2025-02-27 12:00:00,31.774,31.874,31.71,31.729,4207,5,0
2025-02-27 14:00:00,31.729,31.915,31.722,31.771,8824,7,0
2025-02-27 16:00:00,31.77,31.85,31.264,31.434,18730,6,0
2025-02-27 18:00:00,31.434,31.502,31.335,31.46,7397,5,0
2025-02-27 20:00:00,31.46,31.541,31.245,31.301,5841,5,0
2025-02-27 22:00:00,31.301,31.303,31.181,31.252,4728,5,0
2025-02-28 00:00:00,31.267,31.282,31.158,31.221,1166,9,0
2025-02-28 02:00:00,31.221,31.367,31.214,31.284,4950,7,0
2025-02-28 04:00:00,31.284,31.397,31.193,31.238,6239,7,0
2025-02-28 06:00:00,31.238,31.277,31.142,31.243,4738,7,0
2025-02-28 08:00:00,31.243,31.275,31.042,31.1,4773,5,0
2025-02-28 10:00:00,31.1,31.193,30.997,31.141,4666,5,0
2025-02-28 12:00:00,31.141,31.172,31.067,31.156,3004,5,0
2025-02-28 14:00:00,31.156,31.208,30.994,31.002,8231,6,0
2025-02-28 16:00:00,31.002,31.161,30.803,31.151,16227,6,0
2025-02-28 18:00:00,31.151,31.2,30.976,30.98,7109,5,0
2025-02-28 20:00:00,30.98,31.11,30.922,31.078,7422,5,0
2025-02-28 22:00:00,31.078,31.159,31.026,31.141,3474,5,0
2025-03-03 00:00:00,31.057,31.314,31.056,31.247,2605,8,0
2025-03-03 02:00:00,31.247,31.377,31.12,31.328,6140,7,0
2025-03-03 04:00:00,31.328,31.402,31.182,31.294,4267,7,0
2025-03-03 06:00:00,31.294,31.329,31.164,31.221,2741,7,0
2025-03-03 08:00:00,31.221,31.287,31.116,31.192,3864,5,0
2025-03-03 10:00:00,31.192,31.428,31.158,31.412,5695,5,0
2025-03-03 12:00:00,31.412,31.524,31.376,31.469,4158,5,0
2025-03-03 14:00:00,31.469,31.706,31.461,31.677,7631,6,0
2025-03-03 16:00:00,31.677,31.84,31.578,31.762,15338,5,0
2025-03-03 18:00:00,31.762,31.816,31.694,31.722,7699,5,0
2025-03-03 20:00:00,31.722,31.803,31.506,31.545,9742,5,0
2025-03-03 22:00:00,31.545,31.698,31.487,31.684,7010,5,0
2025-03-04 00:00:00,31.677,31.704,31.614,31.65,1090,9,0
2025-03-04 02:00:00,31.65,31.726,31.526,31.569,4876,7,0
2025-03-04 04:00:00,31.569,31.71,31.494,31.647,4014,7,0
2025-03-04 06:00:00,31.647,31.748,31.607,31.701,3777,7,0
2025-03-04 08:00:00,31.701,31.75,31.637,31.691,5044,5,0
2025-03-04 10:00:00,31.693,31.909,31.629,31.869,6727,5,0
2025-03-04 12:00:00,31.869,31.901,31.76,31.893,4894,5,0
2025-03-04 14:00:00,31.893,31.988,31.779,31.844,9511,6,0
2025-03-04 16:00:00,31.844,31.927,31.462,31.542,19383,6,0
2025-03-04 18:00:00,31.542,31.788,31.506,31.733,10559,5,0
2025-03-04 20:00:00,31.733,31.966,31.711,31.934,7310,5,0
2025-03-04 22:00:00,31.933,32.012,31.807,31.954,5547,5,0
2025-03-05 00:00:00,31.967,31.985,31.918,31.922,1077,7,0
2025-03-05 02:00:00,31.922,31.933,31.768,31.791,5545,7,0
2025-03-05 04:00:00,31.791,32.001,31.769,31.967,7148,7,0
2025-03-05 06:00:00,31.967,32.12,31.96,32.117,3273,7,0
2025-03-05 08:00:00,32.117,32.291,32.089,32.241,5671,5,0
2025-03-05 10:00:00,32.241,32.364,32.212,32.323,6561,5,0
2025-03-05 12:00:00,32.323,32.358,32.174,32.228,5672,5,0
2025-03-05 14:00:00,32.228,32.403,31.934,32.111,12669,6,0
2025-03-05 16:00:00,32.111,32.531,31.986,32.481,20135,6,0
2025-03-05 18:00:00,32.481,32.593,32.42,32.585,12441,5,0
2025-03-05 20:00:00,32.585,32.688,32.461,32.67,9581,5,0
2025-03-05 22:00:00,32.67,32.706,32.597,32.614,3913,5,0
2025-03-06 00:00:00,32.594,32.709,32.591,32.623,919,8,0
2025-03-06 02:00:00,32.623,32.637,32.489,32.593,5134,7,0
2025-03-06 04:00:00,32.593,32.675,32.526,32.594,4266,7,0
2025-03-06 06:00:00,32.594,32.607,32.486,32.546,3445,7,0
2025-03-06 08:00:00,32.546,32.647,32.455,32.469,5536,5,0
2025-03-06 10:00:00,32.469,32.563,32.255,32.321,8157,5,0
2025-03-06 12:00:00,32.321,32.436,32.282,32.427,6107,5,0
2025-03-06 14:00:00,32.427,32.455,32.28,32.384,9942,6,0
2025-03-06 16:00:00,32.382,32.724,32.342,32.685,15699,6,0
2025-03-06 18:00:00,32.685,32.755,32.58,32.636,9554,5,0
2025-03-06 20:00:00,32.636,32.761,32.601,32.66,6998,5,0
2025-03-06 22:00:00,32.66,32.696,32.582,32.617,5430,5,0
2025-03-07 00:00:00,32.648,32.694,32.615,32.624,941,10,0
2025-03-07 02:00:00,32.624,32.624,32.453,32.482,4628,7,0
2025-03-07 04:00:00,32.482,32.607,32.433,32.571,4874,7,0
2025-03-07 06:00:00,32.571,32.642,32.567,32.577,3317,7,0
2025-03-07 08:00:00,32.577,32.631,32.524,32.605,4546,5,0
2025-03-07 10:00:00,32.605,32.667,32.547,32.639,4857,5,0
2025-03-07 12:00:00,32.639,32.654,32.46,32.496,3522,5,0
2025-03-07 14:00:00,32.496,32.574,32.217,32.334,11322,6,0
2025-03-07 16:00:00,32.334,32.604,32.167,32.327,22717,6,0
2025-03-07 18:00:00,32.327,32.359,32.101,32.266,15663,5,0
2025-03-07 20:00:00,32.266,32.445,32.255,32.388,9111,5,0
2025-03-07 22:00:00,32.388,32.53,32.377,32.505,4192,5,0
2025-03-10 00:00:00,32.409,32.634,32.333,32.544,2433,9,0
2025-03-10 02:00:00,32.544,32.64,32.515,32.559,4433,7,0
2025-03-10 04:00:00,32.559,32.665,32.32,32.388,7980,7,0
2025-03-10 06:00:00,32.388,32.453,32.369,32.428,3859,7,0
2025-03-10 08:00:00,32.423,32.485,32.344,32.477,5206,5,0
2025-03-10 10:00:00,32.477,32.619,32.324,32.365,8434,5,0
2025-03-10 12:00:00,32.365,32.629,32.332,32.466,8291,5,0
2025-03-10 14:00:00,32.466,32.559,32.409,32.545,8780,5,0
2025-03-10 16:00:00,32.547,32.55,32.157,32.246,19528,6,0
2025-03-10 18:00:00,32.246,32.32,32.106,32.127,12449,5,0
2025-03-10 20:00:00,32.127,32.139,31.978,32.007,11286,5,0
2025-03-10 22:00:00,32.007,32.146,31.933,32.098,7354,5,0
2025-03-11 00:00:00,32.103,32.132,32.026,32.036,1474,9,0
2025-03-11 02:00:00,32.036,32.059,31.888,31.931,4397,8,0
2025-03-11 04:00:00,31.931,32.205,31.802,32.163,9598,7,0
2025-03-11 06:00:00,32.163,32.199,32.12,32.196,3757,7,0
2025-03-11 08:00:00,32.196,32.244,32.02,32.234,5927,5,0
2025-03-11 10:00:00,32.234,32.415,32.202,32.412,6536,5,0
2025-03-11 12:00:00,32.412,32.565,32.412,32.531,5560,5,0
2025-03-11 14:00:00,32.531,32.556,32.449,32.517,5978,6,0
2025-03-11 16:00:00,32.516,32.945,32.426,32.73,20526,6,0
2025-03-11 18:00:00,32.73,32.851,32.622,32.743,13671,5,0
2025-03-11 20:00:00,32.743,32.919,32.685,32.898,10259,5,0
2025-03-11 22:00:00,32.898,32.972,32.859,32.928,6332,5,0
2025-03-12 00:00:00,32.946,32.982,32.928,32.939,1262,8,0
2025-03-12 02:00:00,32.939,32.943,32.764,32.773,2703,7,0
2025-03-12 04:00:00,32.772,32.834,32.726,32.76,5572,7,0
2025-03-12 06:00:00,32.76,32.857,32.739,32.752,3236,7,0
2025-03-12 08:00:00,32.752,32.865,32.702,32.724,5599,5,0
2025-03-12 10:00:00,32.722,33.037,32.709,33.034,6656,5,0
2025-03-12 12:00:00,33.034,33.074,32.989,33.022,5157,5,0
2025-03-12 14:00:00,33.022,33.216,32.893,33.136,9591,6,0
2025-03-12 16:00:00,33.137,33.138,32.881,33.108,20138,6,0
2025-03-12 18:00:00,33.108,33.24,33.02,33.199,11687,5,0
2025-03-12 20:00:00,33.2,33.316,33.187,33.278,6354,5,0
2025-03-12 22:00:00,33.278,33.289,33.149,33.254,4191,5,0
2025-03-13 00:00:00,33.222,33.266,33.218,33.258,810,9,0
2025-03-13 02:00:00,33.258,33.32,33.222,33.305,1797,7,0
2025-03-13 04:00:00,33.305,33.313,33.147,33.276,5135,7,0
2025-03-13 06:00:00,33.276,33.278,33.128,33.137,3141,7,0
2025-03-13 08:00:00,33.137,33.149,33.003,33.063,5696,5,0
2025-03-13 10:00:00,33.065,33.117,32.93,33.036,5660,5,0
2025-03-13 12:00:00,33.036,33.18,32.986,33.173,4615,5,0
2025-03-13 14:00:00,33.173,33.22,33.026,33.041,7568,6,0
2025-03-13 16:00:00,33.041,33.443,32.971,33.418,15695,6,0
2025-03-13 18:00:00,33.417,33.957,33.375,33.748,18942,5,0
2025-03-13 20:00:00,33.748,33.822,33.627,33.81,10514,5,0
2025-03-13 22:00:00,33.81,33.88,33.758,33.864,4896,5,0
2025-03-14 00:00:00,33.88,33.925,33.802,33.874,1190,7,0
2025-03-14 02:00:00,33.874,33.916,33.672,33.679,3292,7,0
2025-03-14 04:00:00,33.679,33.885,33.67,33.785,7525,7,0
2025-03-14 06:00:00,33.785,33.946,33.778,33.845,3910,7,0
2025-03-14 08:00:00,33.845,33.968,33.768,33.859,6077,5,0
2025-03-14 10:00:00,33.859,33.986,33.834,33.976,6165,5,0
2025-03-14 12:00:00,33.976,34.002,33.735,33.841,7033,5,0
2025-03-14 14:00:00,33.842,34.075,33.837,34.02,8163,6,0
2025-03-14 16:00:00,34.02,34.033,33.525,33.638,17247,6,0
2025-03-14 18:00:00,33.638,33.766,33.528,33.756,8999,5,0
2025-03-14 20:00:00,33.756,33.817,33.707,33.724,5416,5,0
2025-03-14 22:00:00,33.724,33.8,33.645,33.741,3038,5,0
2025-03-17 00:00:00,33.859,33.859,33.765,33.802,1894,8,0
2025-03-17 02:00:00,33.802,33.85,33.733,33.845,3409,7,0
2025-03-17 04:00:00,33.845,33.894,33.768,33.817,6010,7,0
2025-03-17 06:00:00,33.817,33.85,33.688,33.696,3137,7,0
2025-03-17 08:00:00,33.696,33.858,33.677,33.823,4074,5,0
2025-03-17 10:00:00,33.823,33.846,33.647,33.745,4406,5,0
2025-03-17 12:00:00,33.745,33.866,33.707,33.792,3816,5,0
2025-03-17 14:00:00,33.792,33.832,33.455,33.569,7980,6,0
2025-03-17 16:00:00,33.569,33.794,33.433,33.682,13865,6,0
2025-03-17 18:00:00,33.682,33.733,33.604,33.686,7260,5,0
2025-03-17 20:00:00,33.686,33.843,33.686,33.825,4158,5,0
2025-03-17 22:00:00,33.825,33.88,33.823,33.844,2384,5,0
2025-03-18 00:00:00,33.824,33.878,33.814,33.828,756,7,0
2025-03-18 02:00:00,33.828,33.89,33.742,33.86,2310,7,0
2025-03-18 04:00:00,33.859,33.924,33.798,33.869,7079,7,0
2025-03-18 06:00:00,33.869,33.936,33.835,33.916,3619,7,0
2025-03-18 08:00:00,33.916,33.951,33.855,33.868,4260,5,0
2025-03-18 10:00:00,33.868,34.11,33.855,34.098,4556,5,0
2025-03-18 12:00:00,34.099,34.124,34.019,34.063,4710,5,0
2025-03-18 14:00:00,34.063,34.225,34.011,34.198,7527,6,0
2025-03-18 16:00:00,34.198,34.232,33.868,33.9,16793,6,0
2025-03-18 18:00:00,33.9,34.132,33.861,34.114,8223,5,0
2025-03-18 20:00:00,34.114,34.149,33.954,34.06,5975,5,0
2025-03-18 22:00:00,34.06,34.097,33.904,33.998,3760,5,0
2025-03-19 00:00:00,34.015,34.021,33.932,33.989,759,8,0
2025-03-19 02:00:00,33.989,34.004,33.921,33.961,2406,7,0
2025-03-19 04:00:00,33.961,34.059,33.868,34.028,4942,7,0
2025-03-19 06:00:00,34.028,34.067,33.955,34.009,3174,7,0
2025-03-19 08:00:00,34.009,34.09,33.954,33.973,5588,5,0
2025-03-19 10:00:00,33.973,34.004,33.645,33.699,6706,5,0
2025-03-19 12:00:00,33.699,33.822,33.559,33.793,4945,5,0
2025-03-19 14:00:00,33.793,33.938,33.727,33.752,5507,6,0
2025-03-19 16:00:00,33.752,33.851,33.461,33.518,13261,6,0
2025-03-19 18:00:00,33.518,33.626,33.465,33.549,7008,5,0
2025-03-19 20:00:00,33.549,33.808,33.447,33.797,10940,5,0
2025-03-19 22:00:00,33.794,33.936,33.652,33.789,7019,5,0
2025-03-20 00:00:00,33.714,33.879,33.672,33.847,839,9,0
2025-03-20 02:00:00,33.847,33.919,33.811,33.862,2323,7,0
2025-03-20 04:00:00,33.862,33.943,33.771,33.796,5355,5,0
2025-03-20 06:00:00,33.796,33.932,33.788,33.858,2898,7,0
2025-03-20 08:00:00,33.858,33.929,33.723,33.808,4081,6,0
2025-03-20 10:00:00,33.806,33.809,33.47,33.563,4372,5,0
2025-03-20 12:00:00,33.563,33.622,33.098,33.263,6707,5,0
2025-03-20 14:00:00,33.263,33.45,33.225,33.446,6684,6,0
2025-03-20 16:00:00,33.446,33.518,33.216,33.509,13647,6,0
2025-03-20 18:00:00,33.509,33.511,33.36,33.435,7707,5,0
2025-03-20 20:00:00,33.435,33.503,33.391,33.454,4738,5,0
2025-03-20 22:00:00,33.454,33.587,33.43,33.569,2593,5,0
2025-03-21 00:00:00,33.58,33.589,33.464,33.535,723,9,0
2025-03-21 02:00:00,33.535,33.547,33.442,33.456,2187,7,0
2025-03-21 04:00:00,33.456,33.502,33.224,33.254,6599,7,0
2025-03-21 06:00:00,33.254,33.254,33.115,33.141,3435,7,0
2025-03-21 08:00:00,33.141,33.219,32.956,33.12,6362,5,0
2025-03-21 10:00:00,33.12,33.125,32.957,33.061,6079,5,0
2025-03-21 12:00:00,33.061,33.159,32.936,33.117,4636,5,0
2025-03-21 14:00:00,33.117,33.248,33.071,33.08,6402,6,0
2025-03-21 16:00:00,33.08,33.245,32.659,32.913,18699,6,0
2025-03-21 18:00:00,32.913,33.032,32.836,33.012,8763,5,0
2025-03-21 20:00:00,33.012,33.015,32.927,32.929,4360,5,0
2025-03-21 22:00:00,32.929,33.052,32.854,33.02,3086,5,0
2025-03-24 00:00:00,32.862,33.09,32.862,33.045,1419,8,0
2025-03-24 02:00:00,33.045,33.093,32.949,32.965,2775,7,0
2025-03-24 04:00:00,32.965,33.188,32.942,33.051,6401,7,0
2025-03-24 06:00:00,33.051,33.168,33.046,33.165,2920,7,0
2025-03-24 08:00:00,33.165,33.213,33.108,33.194,3981,5,0
2025-03-24 10:00:00,33.194,33.3,33.084,33.242,5100,5,0
2025-03-24 12:00:00,33.242,33.256,33.126,33.187,4804,5,0
2025-03-24 14:00:00,33.187,33.2,33.064,33.092,4836,6,0
2025-03-24 16:00:00,33.092,33.234,32.975,33.03,10097,6,0
2025-03-24 18:00:00,33.03,33.075,32.915,32.955,6121,5,0
2025-03-24 20:00:00,32.955,32.998,32.887,32.982,3807,5,0
2025-03-24 22:00:00,32.982,33.042,32.946,33.002,1845,5,0
2025-03-25 00:00:00,33.02,33.028,32.942,32.943,656,7,0
2025-03-25 02:00:00,32.943,33.04,32.914,33.028,1583,7,0
2025-03-25 04:00:00,33.028,33.089,33.003,33.042,4264,7,0
2025-03-25 06:00:00,33.042,33.149,33.039,33.127,2506,7,0
2025-03-25 08:00:00,33.127,33.176,33.106,33.162,3225,5,0
2025-03-25 10:00:00,33.162,33.294,33.093,33.289,3243,5,0
2025-03-25 12:00:00,33.289,33.371,33.227,33.364,3193,5,0
2025-03-25 14:00:00,33.364,33.541,33.35,33.484,5625,6,0
2025-03-25 16:00:00,33.484,33.8,33.416,33.685,13471,6,0
2025-03-25 18:00:00,33.686,33.706,33.533,33.606,6633,5,0
2025-03-25 20:00:00,33.607,33.709,33.566,33.663,3826,5,0
2025-03-25 22:00:00,33.663,33.726,33.617,33.711,2234,5,0
2025-03-26 00:00:00,33.727,33.748,33.64,33.728,774,9,0
2025-03-26 02:00:00,33.728,33.732,33.627,33.654,1940,7,0
2025-03-26 04:00:00,33.654,33.809,33.626,33.796,5798,7,0
2025-03-26 06:00:00,33.796,33.796,33.584,33.606,3288,7,0
2025-03-26 08:00:00,33.606,33.793,33.549,33.78,4078,5,0
2025-03-26 10:00:00,33.78,33.784,33.597,33.64,4436,5,0
2025-03-26 12:00:00,33.64,33.786,33.623,33.753,3311,5,0
2025-03-26 14:00:00,33.753,33.925,33.681,33.856,5609,2,0
2025-03-26 16:00:00,33.855,33.865,33.516,33.684,10680,0,0
2025-03-26 18:00:00,33.684,33.762,33.582,33.674,9752,0,0
2025-03-26 20:00:00,33.674,33.693,33.59,33.593,6987,2,0
2025-03-26 22:00:00,33.59,33.648,33.507,33.635,2057,2,0
2025-03-27 00:00:00,33.546,33.674,33.546,33.634,1265,2,0
2025-03-27 02:00:00,33.637,33.717,33.605,33.684,2623,2,0
2025-03-27 04:00:00,33.684,33.73,33.598,33.705,6447,2,0
2025-03-27 06:00:00,33.704,33.759,33.678,33.681,2882,2,0
2025-03-27 08:00:00,33.681,33.777,33.628,33.755,3312,2,0
2025-03-27 10:00:00,33.754,33.776,33.646,33.736,4310,2,0
2025-03-27 12:00:00,33.736,34.09,33.655,34.04,6841,2,0
2025-03-27 14:00:00,34.04,34.167,33.916,34.063,7518,2,0
2025-03-27 16:00:00,34.063,34.266,33.702,34.241,16234,0,0
2025-03-27 18:00:00,34.241,34.4,34.132,34.276,11055,0,0
2025-03-27 20:00:00,34.279,34.427,34.248,34.391,7943,2,0
2025-03-27 22:00:00,34.389,34.467,34.358,34.407,4656,2,0
2025-03-28 00:00:00,34.166,34.464,34.166,34.423,599,2,0
2025-03-28 02:00:00,34.422,34.461,34.377,34.405,2162,2,0
2025-03-28 04:00:00,34.404,34.493,34.228,34.252,9504,2,0
2025-03-28 06:00:00,34.252,34.323,34.161,34.311,3380,2,0
2025-03-28 08:00:00,34.311,34.486,34.255,34.457,5378,2,0
2025-03-28 10:00:00,34.452,34.497,34.284,34.494,7216,0,0
2025-03-28 12:00:00,34.494,34.517,34.359,34.444,6154,1,0
2025-03-28 14:00:00,34.444,34.572,34.356,34.52,7015,6,0
2025-03-28 16:00:00,34.52,34.578,33.983,34.023,21754,6,0
2025-03-28 18:00:00,34.02,34.238,33.98,34.027,11473,5,0
2025-03-28 20:00:00,34.027,34.082,33.925,34.005,7670,5,0
2025-03-28 22:00:00,34.005,34.136,33.968,34.095,3964,5,0
2025-03-31 00:00:00,34.117,34.22,34.099,34.211,2516,7,0
2025-03-31 02:00:00,34.211,34.242,33.932,33.956,4182,7,0
2025-03-31 04:00:00,33.956,34.307,33.889,34.294,11229,7,0
2025-03-31 06:00:00,34.294,34.372,34.217,34.352,5510,7,0
2025-03-31 08:00:00,34.352,34.423,34.296,34.414,8654,5,0
2025-03-31 10:00:00,34.413,34.464,34.216,34.219,7581,5,0
2025-03-31 12:00:00,34.219,34.239,34.007,34.053,6222,5,0
2025-03-31 14:00:00,34.053,34.206,34.005,34.134,8152,6,0
2025-03-31 16:00:00,34.134,34.146,33.5,33.906,22362,6,0
2025-03-31 18:00:00,33.906,33.98,33.763,33.906,11198,5,0
2025-03-31 20:00:00,33.906,34.087,33.889,33.991,5548,5,0
2025-03-31 22:00:00,33.991,34.09,33.989,34.071,3936,5,0
2025-04-01 00:00:00,34.052,34.1,33.962,33.996,1180,7,0
2025-04-01 02:00:00,33.996,34.11,33.992,34.079,3472,7,0
2025-04-01 04:00:00,34.079,34.193,33.947,34.159,9174,7,0
2025-04-01 06:00:00,34.158,34.204,34.086,34.153,3990,7,0
2025-04-01 08:00:00,34.153,34.154,33.949,34.024,8386,5,0
2025-04-01 10:00:00,34.023,34.05,33.818,34.02,6266,5,0
2025-04-01 12:00:00,34.02,34.086,33.892,33.919,5116,5,0
2025-04-01 14:00:00,33.919,34.024,33.772,33.952,7320,6,0
2025-04-01 16:00:00,33.952,33.999,33.677,33.927,17573,6,0
2025-04-01 18:00:00,33.928,33.968,33.47,33.578,15447,5,0
2025-04-01 20:00:00,33.578,33.671,33.542,33.566,6459,5,0
2025-04-01 22:00:00,33.566,33.725,33.554,33.668,3305,5,0
2025-04-02 00:00:00,33.692,33.73,33.674,33.684,1333,7,0
2025-04-02 02:00:00,33.684,33.694,33.601,33.678,3242,7,0
2025-04-02 04:00:00,33.678,33.869,33.658,33.829,6239,7,0
2025-04-02 06:00:00,33.829,33.903,33.784,33.823,3405,7,0
2025-04-02 08:00:00,33.823,33.883,33.721,33.725,6138,6,0
2025-04-02 10:00:00,33.725,34.012,33.633,33.961,5278,5,0
2025-04-02 12:00:00,33.961,34.049,33.825,33.871,5254,5,0
2025-04-02 14:00:00,33.871,33.983,33.659,33.765,7561,6,0
2025-04-02 16:00:00,33.765,34.005,33.673,33.961,15561,6,0
2025-04-02 18:00:00,33.961,34.032,33.793,33.912,9921,5,0
2025-04-02 20:00:00,33.912,33.914,33.696,33.726,7316,5,0
2025-04-02 22:00:00,33.726,34.138,33.721,33.839,11746,5,0
2025-04-03 00:00:00,33.805,33.854,32.732,33.597,6426,7,0
2025-04-03 02:00:00,33.597,33.912,33.362,33.514,10793,7,0
2025-04-03 04:00:00,33.514,33.961,33.486,33.542,12486,7,0
2025-04-03 06:00:00,33.542,33.579,33.209,33.245,6540,7,0
2025-04-03 08:00:00,33.247,33.311,33.032,33.217,10930,5,0
2025-04-03 10:00:00,33.217,33.219,32.975,33.065,9034,5,0
2025-04-03 12:00:00,33.065,33.069,32.365,32.454,11734,5,0
2025-04-03 14:00:00,32.456,32.6,31.796,32.044,15529,6,0
2025-04-03 16:00:00,32.044,32.417,31.748,32.368,25969,6,0
2025-04-03 18:00:00,32.367,32.426,31.861,31.928,16214,6,0
2025-04-03 20:00:00,31.928,32.07,31.84,31.924,8681,5,0
2025-04-03 22:00:00,31.924,31.933,31.715,31.835,6171,5,0
2025-04-04 00:00:00,31.81,31.918,31.789,31.896,1569,7,0
2025-04-04 02:00:00,31.896,31.982,31.82,31.876,5433,7,0
2025-04-04 04:00:00,31.876,31.962,31.505,31.557,7946,7,0
2025-04-04 06:00:00,31.557,31.626,31.399,31.454,7477,7,0
2025-04-04 08:00:00,31.454,31.686,31.402,31.481,6304,7,0
2025-04-04 10:00:00,31.481,31.503,31.155,31.377,10681,5,0
2025-04-04 12:00:00,31.377,31.541,31.217,31.307,11948,5,0
2025-04-04 14:00:00,31.307,31.545,30.782,30.867,22426,6,0
2025-04-04 16:00:00,30.867,30.912,29.363,29.668,25332,5,0
2025-04-04 18:00:00,29.666,30.119,29.584,29.585,21094,5,0
2025-04-04 20:00:00,29.585,29.655,29.185,29.463,13638,5,0
2025-04-04 22:00:00,29.463,29.799,29.417,29.56,8042,5,0
2025-04-07 00:00:00,28.95,29.166,28.218,28.862,4482,7,0
2025-04-07 02:00:00,28.862,29.13,28.325,28.907,9578,7,0
2025-04-07 04:00:00,28.907,30.817,28.726,30.357,22034,7,0
2025-04-07 06:00:00,30.355,30.391,29.933,30.242,9028,7,0
2025-04-07 08:00:00,30.242,30.308,29.716,29.999,13624,5,0
2025-04-07 10:00:00,30.007,30.405,29.725,30.277,15732,5,0
2025-04-07 12:00:00,30.277,30.445,30.0,30.272,13896,5,0
2025-04-07 14:00:00,30.271,30.525,29.873,30.207,20726,6,0
2025-04-07 16:00:00,30.207,30.588,29.781,30.11,32276,6,0
2025-04-07 18:00:00,30.11,30.295,29.71,29.729,25372,5,0
2025-04-07 20:00:00,29.731,29.925,29.593,29.732,18384,5,0
2025-04-07 22:00:00,29.732,30.108,29.721,30.06,10386,5,0
2025-04-08 00:00:00,30.059,30.124,29.97,30.083,1591,7,0
2025-04-08 02:00:00,30.083,30.117,29.861,29.87,6587,7,0
2025-04-08 04:00:00,29.87,30.192,29.835,30.116,11108,7,0
2025-04-08 06:00:00,30.116,30.175,30.026,30.156,5553,7,0
2025-04-08 08:00:00,30.156,30.176,30.0,30.116,9429,5,0
2025-04-08 10:00:00,30.116,30.283,30.006,30.262,10392,5,0
2025-04-08 12:00:00,30.262,30.298,30.069,30.214,7107,5,0
2025-04-08 14:00:00,30.214,30.432,30.205,30.217,10040,6,0
2025-04-08 16:00:00,30.217,30.529,30.154,30.164,20051,6,0
2025-04-08 18:00:00,30.164,30.201,29.826,29.84,14774,6,0
2025-04-08 20:00:00,29.841,30.075,29.686,29.803,17329,5,0
2025-04-08 22:00:00,29.803,29.875,29.619,29.79,9089,5,0
2025-04-09 00:00:00,29.84,29.875,29.712,29.77,1674,7,0
2025-04-09 02:00:00,29.77,29.816,29.377,29.575,7131,7,0
2025-04-09 04:00:00,29.575,29.948,29.331,29.873,11983,7,0
2025-04-09 06:00:00,29.873,29.949,29.703,29.893,6239,7,0
2025-04-09 08:00:00,29.893,30.321,29.764,30.248,9765,5,0
2025-04-09 10:00:00,30.248,30.426,30.107,30.381,10884,5,0
2025-04-09 12:00:00,30.381,30.418,30.249,30.31,7038,5,0
2025-04-09 14:00:00,30.31,30.666,30.074,30.276,15521,6,0
2025-04-09 16:00:00,30.276,30.546,30.195,30.2,21014,6,0
2025-04-09 18:00:00,30.201,30.476,30.172,30.441,10466,5,0
2025-04-09 20:00:00,30.442,30.963,30.296,30.704,28500,5,0
2025-04-09 22:00:00,30.704,31.047,30.621,31.01,11224,5,0
2025-04-10 00:00:00,30.962,31.068,30.852,30.885,1930,7,0
2025-04-10 02:00:00,30.885,31.099,30.798000000000002,31.062,5853,7,0
2025-04-10 04:00:00,31.062,31.166,30.85,31.101,10868,7,0
2025-04-10 06:00:00,31.101,31.197,30.993,31.175,5090,7,0
2025-04-10 08:00:00,31.175,31.304,31.131,31.293,7119,5,0
2025-04-10 10:00:00,31.293,31.31,30.717,30.906,10081,5,0
2025-04-10 12:00:00,30.906,31.018,30.822,30.869,7449,5,0
2025-04-10 14:00:00,30.877,31.025,30.692,30.863,10940,6,0
2025-04-10 16:00:00,30.863,31.083,30.566,31.048,20025,6,0
2025-04-10 18:00:00,31.048,31.198,30.674,30.902,19665,6,0
2025-04-10 20:00:00,30.9,31.192,30.748,31.144,14155,5,0
2025-04-10 22:00:00,31.144,31.242,31.025,31.203,8790,5,0
2025-04-11 00:00:00,31.241,31.296,31.179,31.283,2300,7,0
2025-04-11 02:00:00,31.283,31.352,31.083,31.178,9152,7,0
2025-04-11 04:00:00,31.177,31.329,30.904,31.168,11546,7,0
2025-04-11 06:00:00,31.168,31.357,31.137,31.306,5858,7,0
2025-04-11 08:00:00,31.306,31.377,31.152,31.251,9555,5,0
2025-04-11 10:00:00,31.252,31.493,31.202,31.345,11845,5,0
2025-04-11 12:00:00,31.345,31.511,31.211,31.254,10538,5,0
2025-04-11 14:00:00,31.254,31.565,31.25,31.51,11312,6,0
2025-04-11 16:00:00,31.51,32.053,31.457,32.03,22642,7,0
2025-04-11 18:00:00,32.03,32.268,31.845,31.943,15032,5,0
2025-04-11 20:00:00,31.943,32.244,31.943,32.238,10612,5,0
2025-04-11 22:00:00,32.238,32.279,32.081,32.267,4916,5,0
2025-04-14 00:00:00,32.244,32.299,32.05,32.079,3722,9,0
2025-04-14 02:00:00,32.079,32.144,31.919,31.923000000000002,4962,7,0
2025-04-14 04:00:00,31.923000000000002,32.053,31.816,31.865,11031,7,0
2025-04-14 06:00:00,31.865,31.954,31.828,31.931,4104,7,0
2025-04-14 08:00:00,31.931,32.105,31.813,32.029,5908,5,0
2025-04-14 10:00:00,32.029,32.323,32.018,32.296,6734,5,0
2025-04-14 12:00:00,32.296,32.379,32.136,32.175,6465,5,0
2025-04-14 14:00:00,32.175,32.396,32.09,32.127,8173,6,0
2025-04-14 16:00:00,32.136,32.195,31.733,32.097,16984,6,0
2025-04-14 18:00:00,32.097,32.186,31.93,32.031,8421,5,0
2025-04-14 20:00:00,32.031,32.313,32.023,32.303,6335,5,0
2025-04-14 22:00:00,32.303,32.37,32.231,32.337,3057,5,0
2025-04-15 00:00:00,32.349,32.381,32.318,32.32,920,7,0
2025-04-15 02:00:00,32.32,32.337,32.171,32.198,2946,7,0
2025-04-15 04:00:00,32.199,32.316,32.146,32.236,6167,7,0
2025-04-15 06:00:00,32.236,32.352,32.165,32.345,3345,7,0
2025-04-15 08:00:00,32.345,32.377,32.202,32.304,5437,5,0
2025-04-15 10:00:00,32.304,32.398,32.282,32.313,6759,5,0
2025-04-15 12:00:00,32.313,32.385,32.242,32.259,4292,5,0
2025-04-15 14:00:00,32.259,32.37,32.204,32.353,6720,6,0
2025-04-15 16:00:00,32.353,32.353,32.151,32.172,11951,6,0
2025-04-15 18:00:00,32.172,32.273,32.09,32.246,6131,5,0
2025-04-15 20:00:00,32.246,32.358,32.228,32.357,3739,5,0
2025-04-15 22:00:00,32.357,32.365,32.274,32.3,2179,5,0
2025-04-16 00:00:00,32.313,32.341,32.267,32.319,1284,7,0
2025-04-16 02:00:00,32.319,32.462,32.277,32.447,5502,7,0
2025-04-16 04:00:00,32.447,32.488,32.291,32.304,7711,7,0
2025-04-16 06:00:00,32.304,32.496,32.281,32.458,4038,7,0
2025-04-16 08:00:00,32.458,32.629,32.369,32.621,6956,5,0
2025-04-16 10:00:00,32.621,33.109,32.599,32.917,11258,5,0
2025-04-16 12:00:00,32.917,33.056,32.796,32.945,7035,5,0
2025-04-16 14:00:00,32.943,33.069,32.824,32.858,8093,6,0
2025-04-16 16:00:00,32.858,32.953,32.66,32.727,13829,7,0
2025-04-16 18:00:00,32.727,32.984,32.701,32.959,9317,6,0
2025-04-16 20:00:00,32.959,33.007,32.762,32.861,10126,5,0
2025-04-16 22:00:00,32.861,32.881,32.715,32.733,4699,5,0
2025-04-17 00:00:00,32.734,32.931,32.734,32.897,1791,9,0
2025-04-17 02:00:00,32.897,32.936,32.732,32.89,5149,7,0
2025-04-17 04:00:00,32.89,32.913,32.126,32.37,10947,7,0
2025-04-17 06:00:00,32.37,32.671,32.341,32.603,4711,7,0
2025-04-17 08:00:00,32.603,32.628,32.451,32.471,7100,5,0
2025-04-17 10:00:00,32.471,32.501,32.243,32.424,7104,5,0
2025-04-17 12:00:00,32.424,32.462,32.283,32.32,4830,5,0
2025-04-17 14:00:00,32.32,32.531,32.262,32.524,7366,6,0
2025-04-17 16:00:00,32.524,32.636,32.078,32.135,17280,6,0
2025-04-17 18:00:00,32.135,32.505,32.106,32.484,9661,6,0
2025-04-17 20:00:00,32.484,32.533,32.421,32.445,4777,11,0
2025-04-17 22:00:00,32.445,32.564,32.353,32.522,3292,11,0
2025-04-21 00:00:00,32.342,32.59,32.299,32.491,2857,15,0
2025-04-21 02:00:00,32.491,32.657,32.423,32.602,4197,15,0
2025-04-21 04:00:00,32.602,32.715,32.552,32.71,7155,15,0
2025-04-21 06:00:00,32.71,32.791,32.634,32.752,3832,15,0
2025-04-21 08:00:00,32.752,32.961,32.752,32.858,5188,13,0
2025-04-21 10:00:00,32.858,32.901,32.645,32.823,4811,13,0
2025-04-21 12:00:00,32.823,32.935,32.759,32.931,4055,13,0
2025-04-21 14:00:00,32.931,33.047,32.859,33.023,7409,13,0
2025-04-21 16:00:00,33.023,33.045,32.58,32.682,15141,15,0
2025-04-21 18:00:00,32.682,32.782,32.596,32.639,8369,11,0
2025-04-21 20:00:00,32.639,32.679,32.481,32.659,6182,11,0
2025-04-21 22:00:00,32.659,32.754,32.649,32.656,3192,11,0
2025-04-22 00:00:00,32.66,32.756,32.64,32.707,1451,15,0
2025-04-22 02:00:00,32.707,32.791,32.613,32.643,5365,15,0
2025-04-22 04:00:00,32.643,32.837,32.527,32.621,8860,15,0
2025-04-22 06:00:00,32.62,32.895,32.57,32.856,5680,15,0
2025-04-22 08:00:00,32.856,32.906,32.582,32.639,10000,13,0
2025-04-22 10:00:00,32.639,32.642,32.275,32.343,9473,5,0
2025-04-22 12:00:00,32.343,32.739,32.339,32.595,6625,5,0
2025-04-22 14:00:00,32.595,32.88,32.548,32.604,8970,6,0
2025-04-22 16:00:00,32.604,33.004,32.508,32.952,18402,6,0
2025-04-22 18:00:00,32.952,33.145,32.574,32.801,15670,6,0
2025-04-22 20:00:00,32.802,32.971,32.686,32.752,10259,5,0
2025-04-22 22:00:00,32.752,32.795,32.445,32.479,6230,5,0
2025-04-23 00:00:00,32.301,32.56,32.088,32.537,4677,7,0
2025-04-23 02:00:00,32.532,32.696,32.491,32.687,7099,7,0
2025-04-23 04:00:00,32.687,32.862,32.619,32.639,10682,7,0
2025-04-23 06:00:00,32.639,32.766,32.545,32.766,5876,7,0
2025-04-23 08:00:00,32.766,32.845,32.615,32.783,8909,5,0
2025-04-23 10:00:00,32.783,32.913,32.72,32.913,6253,5,0
2025-04-23 12:00:00,32.913,33.005,32.816,32.991,6055,5,0
2025-04-23 14:00:00,32.991,33.024,32.721,32.869,8145,6,0
2025-04-23 16:00:00,32.869,33.671,32.67,33.575,22279,6,0
2025-04-23 18:00:00,33.575,33.639,33.316,33.567,13991,6,0
2025-04-23 20:00:00,33.567,33.65,33.47,33.644,6675,5,0
2025-04-23 22:00:00,33.644,33.665,33.521,33.559,3261,5,0
2025-04-24 00:00:00,33.517,33.626,33.483,33.578,1593,7,0
2025-04-24 02:00:00,33.578,33.673,33.575,33.637,4487,7,0
2025-04-24 04:00:00,33.637,33.677,33.355,33.382,10837,7,0
2025-04-24 06:00:00,33.383,33.407,33.249,33.385,4341,7,0
2025-04-24 08:00:00,33.385,33.447,33.277,33.338,6292,5,0
2025-04-24 10:00:00,33.338,33.465,33.274,33.343,6498,5,0
2025-04-24 12:00:00,33.343,33.419,33.292,33.39,4978,5,0
2025-04-24 14:00:00,33.39,33.518,33.33,33.357,6619,6,0
2025-04-24 16:00:00,33.357,33.465,33.167,33.402,14186,6,0
2025-04-24 18:00:00,33.402,33.526,33.325,33.522,7228,5,0
2025-04-24 20:00:00,33.522,33.556,33.491,33.502,4006,5,0
2025-04-24 22:00:00,33.502,33.62,33.447,33.562,2566,5,0
2025-04-25 00:00:00,33.584,33.679,33.57,33.664,2415,7,0
2025-04-25 02:00:00,33.661,33.675,33.577,33.602,3920,7,0
2025-04-25 04:00:00,33.602,33.672,33.381,33.48,6683,7,0
2025-04-25 06:00:00,33.48,33.553,33.368,33.469,5408,7,0
2025-04-25 08:00:00,33.469,33.5,33.254,33.412,9040,5,0
2025-04-25 10:00:00,33.41,33.475,33.324,33.417,6117,5,0
2025-04-25 12:00:00,33.418,33.46,33.298,33.352,5964,5,0
2025-04-25 14:00:00,33.352,33.415,33.096,33.262,6586,6,0
2025-04-25 16:00:00,33.262,33.283,32.773,32.909,14961,6,0
2025-04-25 18:00:00,32.909,33.05,32.882,33.035,5161,5,0
2025-04-25 20:00:00,33.038,33.093,32.921,32.943,4401,5,0
2025-04-25 22:00:00,32.943,33.082,32.899,33.072,3080,5,0
2025-04-28 00:00:00,33.066,33.168,32.993,33.011,2200,8,0
2025-04-28 02:00:00,33.011,33.028,32.859,32.983,5158,7,0
2025-04-28 04:00:00,32.983,33.021,32.651,32.773,10034,7,0
2025-04-28 06:00:00,32.773,32.901,32.763,32.87,3708,7,0
2025-04-28 08:00:00,32.87,32.968,32.773,32.795,5459,5,0
2025-04-28 10:00:00,32.795,33.009,32.795,32.925,5347,5,0
2025-04-28 12:00:00,32.925,33.045,32.81,32.991,5059,5,0
2025-04-28 14:00:00,32.991,33.085,32.943,32.943,5479,7,0
2025-04-28 16:00:00,32.941,33.148,32.79,33.055,11908,6,0
2025-04-28 18:00:00,33.055,33.149,33.007,33.121,8468,5,0
2025-04-28 20:00:00,33.121,33.157,33.025,33.132,5686,5,0
2025-04-28 22:00:00,33.132,33.191,33.11,33.136,2867,5,0
2025-04-29 00:00:00,33.149,33.198,33.078,33.095,1453,7,0
2025-04-29 02:00:00,33.095,33.153,33.066,33.126,2996,7,0
2025-04-29 04:00:00,33.127,33.244,33.081,33.082,5519,7,0
2025-04-29 06:00:00,33.082,33.094,32.919,32.93,3932,7,0
2025-04-29 08:00:00,32.93,33.071,32.875,33.061,5335,5,0
2025-04-29 10:00:00,33.061,33.257,33.061,33.239,5342,5,0
2025-04-29 12:00:00,33.239,33.369,33.2,33.215,4730,5,0
2025-04-29 14:00:00,33.215,33.506,33.184,33.387,6436,8,0
2025-04-29 16:00:00,33.387,33.53,33.161,33.335,14040,6,0
2025-04-29 18:00:00,33.335,33.35,33.038,33.291,7051,5,0
2025-04-29 20:00:00,33.291,33.323,33.014,33.027,4007,5,0
2025-04-29 22:00:00,33.027,33.071,32.802,32.915,2985,5,0
2025-04-30 00:00:00,32.9,32.937,32.846,32.924,1138,7,0
2025-04-30 02:00:00,32.924,33.055,32.858,33.035,3196,7,0
2025-04-30 04:00:00,33.035,33.103,32.913,32.942,5610,7,0
2025-04-30 06:00:00,32.942,32.992,32.719,32.838,3534,7,0
2025-04-30 08:00:00,32.838,32.946,32.799,32.845,5500,5,0
2025-04-30 10:00:00,32.845,32.984,32.328,32.409,7328,5,0
2025-04-30 12:00:00,32.409,32.453,32.203,32.261,6648,5,0
2025-04-30 14:00:00,32.261,32.619,32.178,32.584,9813,6,0
2025-04-30 16:00:00,32.584,32.756,32.373,32.673,16345,6,0
2025-04-30 18:00:00,32.673,32.775,32.556,32.664,8893,5,0
2025-04-30 20:00:00,32.664,32.707,32.534,32.618,6068,5,0
2025-04-30 22:00:00,32.618,32.641,32.527,32.601,3533,5,0
2025-05-01 00:00:00,32.592,32.665,32.588,32.638,1907,7,0
2025-05-01 02:00:00,32.638,32.668,32.218,32.329,5505,7,0
2025-05-01 04:00:00,32.329,32.441,32.248,32.271,4996,7,0
2025-05-01 06:00:00,32.271,32.271,31.968,32.029,5034,7,0
2025-05-01 08:00:00,32.029,32.179,31.982,32.117,4681,5,0
2025-05-01 10:00:00,32.117,32.287,32.025,32.267,4682,5,0
2025-05-01 12:00:00,32.267,32.317,31.998,32.144,5110,5,0
2025-05-01 14:00:00,32.144,32.398,31.667,32.314,9745,6,0
2025-05-01 16:00:00,32.311,32.5,32.151,32.295,15742,6,0
2025-05-01 18:00:00,32.295,32.413,32.095,32.263,8973,5,0
2025-05-01 20:00:00,32.263,32.412,32.144,32.332,4650,5,0
2025-05-01 22:00:00,32.332,32.41,32.314,32.397,2886,5,0
2025-05-02 00:00:00,32.397,32.446,32.382,32.418,1388,7,0
2025-05-02 02:00:00,32.418,32.515,32.401,32.456,3734,7,0
2025-05-02 04:00:00,32.456,32.661,32.443,32.594,4235,7,0
2025-05-02 06:00:00,32.594,32.71,32.556,32.666,3620,7,0
2025-05-02 08:00:00,32.666,32.707,32.538,32.612,4438,5,0
2025-05-02 10:00:00,32.612,32.664,32.48,32.49,6341,5,0
2025-05-02 12:00:00,32.49,32.545,32.321,32.36,5377,5,0
2025-05-02 14:00:00,32.36,32.585,32.22,32.441,9591,7,0
2025-05-02 16:00:00,32.44,32.606,32.048,32.331,15662,6,0
2025-05-02 18:00:00,32.331,32.335,31.931,32.01,10726,5,0
2025-05-02 20:00:00,32.01,32.079,31.951999999999998,31.979,5050,5,0
2025-05-02 22:00:00,31.982,32.069,31.981,31.997,2859,5,0
2025-05-05 00:00:00,32.002,32.084,31.972,32.035,1852,8,0
2025-05-05 02:00:00,32.035,32.09,31.997,32.005,3382,7,0
2025-05-05 04:00:00,32.005,32.186,31.989,32.156,5103,7,0
2025-05-05 06:00:00,32.156,32.206,32.105,32.204,3034,7,0
2025-05-05 08:00:00,32.204,32.456,32.196,32.423,3869,5,0
2025-05-05 10:00:00,32.423,32.424,32.305,32.408,4431,5,0
2025-05-05 12:00:00,32.41,32.464,32.344,32.412,5718,5,0
2025-05-05 14:00:00,32.412,32.652,32.335,32.602,6420,6,0
2025-05-05 16:00:00,32.602,32.669,32.231,32.284,13099,7,0
2025-05-05 18:00:00,32.283,32.348,32.16,32.271,8117,5,0
2025-05-05 20:00:00,32.271,32.372,32.264,32.338,4215,5,0
2025-05-05 22:00:00,32.338,32.487,32.337,32.473,3350,5,0
2025-05-06 00:00:00,32.479,32.518,32.434,32.478,1234,7,0
2025-05-06 02:00:00,32.478,32.696,32.476,32.654,3719,7,0
2025-05-06 04:00:00,32.654,33.039,32.654,33.005,12550,7,0
2025-05-06 06:00:00,33.005,33.113,32.958,33.07,4389,7,0
2025-05-06 08:00:00,33.07,33.095,32.943,33.0,5252,5,0
2025-05-06 10:00:00,33.0,33.159,32.866,33.025,7112,5,0
2025-05-06 12:00:00,33.025,33.091,32.925,33.006,5834,5,0
2025-05-06 14:00:00,33.006,33.204,32.989,33.086,6591,6,0
2025-05-06 16:00:00,33.086,33.234,33.017,33.116,13141,6,0
2025-05-06 18:00:00,33.116,33.193,32.989,33.149,6370,5,0
2025-05-06 20:00:00,33.149,33.202,33.084,33.177,4484,5,0
2025-05-06 22:00:00,33.177,33.242,33.154,33.208,2431,5,0
2025-05-07 00:00:00,33.224,33.252,33.044,33.044,4746,7,0
2025-05-07 02:00:00,33.044,33.179,32.983,33.047,7267,7,0
2025-05-07 04:00:00,33.047,33.124,32.826,33.066,9190,7,0
2025-05-07 06:00:00,33.066,33.067,32.948,32.994,4228,7,0
2025-05-07 08:00:00,32.994,33.108,32.963,33.077,5355,5,0
2025-05-07 10:00:00,33.078,33.09,32.837,32.883,5249,5,0
2025-05-07 12:00:00,32.883,32.915,32.727,32.886,6158,5,0
2025-05-07 14:00:00,32.886,32.952,32.754,32.929,6345,6,0
2025-05-07 16:00:00,32.929,32.933,32.547,32.633,13112,6,0
2025-05-07 18:00:00,32.633,32.673,32.563,32.65,6036,5,0
2025-05-07 20:00:00,32.65,32.683,32.462,32.557,9482,5,0
2025-05-07 22:00:00,32.557,32.569,32.245,32.442,7891,5,0
2025-05-08 00:00:00,32.365,32.443,32.365,32.409,1296,7,0
2025-05-08 02:00:00,32.409,32.491,32.397,32.475,3374,7,0
2025-05-08 04:00:00,32.475,32.882,32.454,32.787,8207,7,0
2025-05-08 06:00:00,32.787,32.943,32.785,32.817,3948,7,0
2025-05-08 08:00:00,32.817,32.856,32.218,32.363,11066,5,0
2025-05-08 10:00:00,32.363,32.459,32.282,32.339,7080,5,0
2025-05-08 12:00:00,32.339,32.533,32.32,32.427,5904,5,0
2025-05-08 14:00:00,32.427,32.495,32.314,32.462,6496,6,0
2025-05-08 16:00:00,32.462,32.751,32.455,32.626,10449,6,0
2025-05-08 18:00:00,32.626,32.711,32.396,32.508,9858,5,0
2025-05-08 20:00:00,32.508,32.519,32.395,32.475,5034,5,0
2025-05-08 22:00:00,32.475,32.484,32.295,32.445,3470,5,0
2025-05-09 00:00:00,32.448,32.519,32.448,32.517,1865,7,0
2025-05-09 02:00:00,32.517,32.517,32.369,32.496,3678,7,0
2025-05-09 04:00:00,32.496,32.528,32.216,32.42,9112,7,0
2025-05-09 06:00:00,32.42,32.548,32.343,32.543,4670,7,0
2025-05-09 08:00:00,32.543,32.568,32.432,32.544,6071,5,0
2025-05-09 10:00:00,32.545,32.714,32.498,32.584,6022,5,0
2025-05-09 12:00:00,32.584,32.639,32.546,32.569,4306,5,0
2025-05-09 14:00:00,32.569,32.686,32.412,32.584,6128,6,0
2025-05-09 16:00:00,32.584,32.802,32.518,32.693,10388,6,0
2025-05-09 18:00:00,32.693,32.866,32.649,32.708,6542,6,0
2025-05-09 20:00:00,32.708,32.818,32.691,32.796,3391,5,0
2025-05-09 22:00:00,32.796,32.809,32.703,32.717,2663,5,0
2025-05-12 00:00:00,32.34,32.674,32.233,32.611,3119,8,0
2025-05-12 02:00:00,32.611,32.697,32.541,32.653,5011,7,0
2025-05-12 04:00:00,32.653,32.761,32.485,32.638,9040,7,0
2025-05-12 06:00:00,32.638,32.903,32.611,32.882,3938,7,0
2025-05-12 08:00:00,32.882,32.986,32.77,32.966,6159,5,0
2025-05-12 10:00:00,32.966,32.99,31.888,32.273,18163,5,0
2025-05-12 12:00:00,32.273,32.345,31.94,32.037,9032,5,0
2025-05-12 14:00:00,32.037,32.492,32.003,32.491,10668,5,0
2025-05-12 16:00:00,32.491,32.738,32.486,32.594,18236,6,0
2025-05-12 18:00:00,32.595,32.653,32.422,32.474,7278,5,0
2025-05-12 20:00:00,32.474,32.511,32.357,32.498,4147,5,0
2025-05-12 22:00:00,32.498,32.601,32.488,32.586,2623,5,0
2025-05-13 00:00:00,32.59,32.617,32.558,32.575,1027,7,0
2025-05-13 02:00:00,32.575,32.629,32.531,32.553,3190,7,0
2025-05-13 04:00:00,32.553,32.837,32.549,32.741,7340,7,0
2025-05-13 06:00:00,32.741,33.075,32.736,33.05,4683,7,0
2025-05-13 08:00:00,33.05,33.142,32.953,33.131,6588,5,0
2025-05-13 10:00:00,33.134,33.224,33.089,33.128,5442,5,0
2025-05-13 12:00:00,33.128,33.132,32.947,33.023,4084,5,0
2025-05-13 14:00:00,33.023,33.057,32.515,32.733,11924,6,0
2025-05-13 16:00:00,32.733,32.957,32.571,32.901,17158,6,0
2025-05-13 18:00:00,32.901,32.998,32.831,32.97,8107,5,0
2025-05-13 20:00:00,32.97,32.992,32.843,32.879,3939,5,0
2025-05-13 22:00:00,32.879,32.979,32.871,32.898,2263,5,0
2025-05-14 00:00:00,32.894,32.945,32.892,32.942,742,7,0
2025-05-14 02:00:00,32.942,32.972,32.763,32.795,3093,7,0
2025-05-14 04:00:00,32.795,32.883,32.622,32.635,7067,7,0
2025-05-14 06:00:00,32.635,32.667,32.581,32.59,3973,7,0
2025-05-14 08:00:00,32.59,32.803,32.572,32.738,5608,5,0
2025-05-14 10:00:00,32.738,32.928,32.721,32.832,6858,5,0
2025-05-14 12:00:00,32.832,32.896,32.762,32.882,5472,5,0
2025-05-14 14:00:00,32.882,32.932,32.199,32.226,11563,6,0
2025-05-14 16:00:00,32.226,32.454,32.125,32.197,16856,6,0
2025-05-14 18:00:00,32.197,32.308,32.131,32.298,8235,5,0
2025-05-14 20:00:00,32.298,32.306,32.128,32.132,4190,5,0
2025-05-14 22:00:00,32.132,32.235,32.083,32.208,2841,5,0
2025-05-15 00:00:00,32.218,32.247,32.189,32.205,1077,9,0
2025-05-15 02:00:00,32.205,32.236,32.126,32.222,2907,7,0
2025-05-15 04:00:00,32.222,32.292,31.955,32.0,8216,7,0
2025-05-15 06:00:00,32.0,32.022,31.764,31.772,6189,7,0
2025-05-15 08:00:00,31.772,31.976,31.719,31.936,8515,7,0
2025-05-15 10:00:00,31.936,31.991,31.651,31.917,8446,5,0
2025-05-15 12:00:00,31.917,32.097,31.881,32.081,5599,5,0
2025-05-15 14:00:00,32.081,32.235,32.056,32.171,6899,6,0
2025-05-15 16:00:00,32.171,32.364,32.104,32.356,12706,6,0
2025-05-15 18:00:00,32.356,32.551,32.35,32.516,5924,5,0
2025-05-15 20:00:00,32.516,32.551,32.446,32.45,2897,5,0
2025-05-15 22:00:00,32.45,32.64,32.447,32.629,2346,5,0
2025-05-16 00:00:00,32.642,32.687,32.62,32.675,1459,7,0
2025-05-16 02:00:00,32.675,32.684,32.584,32.591,4033,7,0
2025-05-16 04:00:00,32.591,32.638,32.447,32.466,6954,7,0
2025-05-16 06:00:00,32.466,32.468,32.344,32.409,3723,7,0
2025-05-16 08:00:00,32.409,32.477,32.346,32.381,4743,5,0
2025-05-16 10:00:00,32.381,32.393,32.201,32.253,5152,5,0
2025-05-16 12:00:00,32.253,32.319,32.1,32.139,5903,5,0
2025-05-16 14:00:00,32.139,32.148,31.864,31.948,10618,6,0
2025-05-16 16:00:00,31.948,32.311,31.948,32.027,14124,6,0
2025-05-16 18:00:00,32.027,32.252,31.998,32.201,6342,5,0
2025-05-16 20:00:00,32.201,32.251,32.172,32.238,3706,5,0
2025-05-16 22:00:00,32.238,32.3,32.224,32.267,2766,5,0
2025-05-19 00:00:00,32.298,32.463,32.268,32.455,3054,8,0
2025-05-19 02:00:00,32.455,32.547,32.411,32.536,4325,7,0
2025-05-19 04:00:00,32.536,32.558,32.34,32.407,6802,7,0
2025-05-19 06:00:00,32.407,32.45,32.265,32.345,3476,7,0
2025-05-19 08:00:00,32.345,32.479,32.345,32.423,4680,5,0
2025-05-19 10:00:00,32.423,32.604,32.415,32.594,5607,5,0
2025-05-19 12:00:00,32.594,32.608,32.446,32.557,4632,5,0
2025-05-19 14:00:00,32.557,32.621,32.378,32.385,4880,6,0
2025-05-19 16:00:00,32.385,32.421,32.233,32.368,10422,6,0
2025-05-19 18:00:00,32.368,32.467,32.336,32.393,4749,5,0
2025-05-19 20:00:00,32.393,32.395,32.298,32.376,2827,5,0
2025-05-19 22:00:00,32.376,32.388,32.335,32.344,1688,5,0
2025-05-20 00:00:00,32.343,32.367,32.327,32.346,775,7,0
2025-05-20 02:00:00,32.346,32.376,32.3,32.321,2764,7,0
2025-05-20 04:00:00,32.321,32.403,32.195,32.222,6137,7,0
2025-05-20 06:00:00,32.222,32.25,32.135,32.223,3519,7,0
2025-05-20 08:00:00,32.223,32.316,32.147,32.169,5098,5,0
2025-05-20 10:00:00,32.169,32.391,32.122,32.382,5471,5,0
2025-05-20 12:00:00,32.382,32.506,32.358,32.492,4336,5,0
2025-05-20 14:00:00,32.492,32.648,32.457,32.603,5439,8,0
2025-05-20 16:00:00,32.603,32.909,32.43,32.864,15009,6,0
2025-05-20 18:00:00,32.864,32.993,32.789,32.983,5805,5,0
2025-05-20 20:00:00,32.983,33.045,32.965,33.01,3309,5,0
2025-05-20 22:00:00,33.01,33.124,32.998,33.074,2314,5,0
2025-05-21 00:00:00,33.091,33.14,33.08,33.138,2211,7,0
2025-05-21 02:00:00,33.138,33.168,33.08,33.149,3934,7,0
2025-05-21 04:00:00,33.149,33.172,32.919,33.001,8732,7,0
2025-05-21 06:00:00,33.001,33.117,32.99,33.079,3632,7,0
2025-05-21 08:00:00,33.079,33.188,33.053,33.15,5887,5,0
2025-05-21 10:00:00,33.149,33.197,33.058,33.145,5548,5,0
2025-05-21 12:00:00,33.145,33.205,33.084,33.141,4588,5,0
2025-05-21 14:00:00,33.141,33.208,32.975,33.16,7317,6,0
2025-05-21 16:00:00,33.16,33.357,33.085,33.34,10912,6,0
2025-05-21 18:00:00,33.34,33.507,33.314,33.422,6672,5,0
2025-05-21 20:00:00,33.422,33.514,33.21,33.4,7305,5,0
2025-05-21 22:00:00,33.4,33.57,33.373,33.381,3912,5,0
2025-05-22 00:00:00,33.312,33.478,33.312,33.465,1154,7,0
2025-05-22 02:00:00,33.465,33.542,33.425,33.501,3966,7,0
2025-05-22 04:00:00,33.501,33.582,33.409,33.562,8220,7,0
2025-05-22 06:00:00,33.562,33.691,33.526,33.67,4046,7,0
2025-05-22 08:00:00,33.67,33.695,33.452,33.478,5968,5,0
2025-05-22 10:00:00,33.478,33.557,33.33,33.348,7169,5,0
2025-05-22 12:00:00,33.348,33.348,32.71,32.75,8248,5,0
2025-05-22 14:00:00,32.75,33.1,32.609,33.085,11821,6,0
2025-05-22 16:00:00,33.085,33.192,32.764,32.959,14776,6,0
2025-05-22 18:00:00,32.959,33.098,32.838,33.072,7087,5,0
2025-05-22 20:00:00,33.072,33.121,33.02,33.102,3878,5,0
2025-05-22 22:00:00,33.102,33.127,33.012,33.038,2175,5,0
2025-05-23 00:00:00,33.046,33.072,33.017,33.062,750,7,0
2025-05-23 02:00:00,33.062,33.104,33.02,33.058,3107,7,0
2025-05-23 04:00:00,33.058,33.137,33.01,33.087,5065,7,0
2025-05-23 06:00:00,33.087,33.182,33.078,33.169,3418,7,0
2025-05-23 08:00:00,33.169,33.225,33.145,33.188,5043,5,0
2025-05-23 10:00:00,33.188,33.288,33.171,33.212,4899,5,0
2025-05-23 12:00:00,33.211,33.222,33.071,33.102,4741,5,0
2025-05-23 14:00:00,33.102,33.229,32.895,33.179,13861,7,0
2025-05-23 16:00:00,33.176,33.311,33.025,33.297,14480,6,0
2025-05-23 18:00:00,33.297,33.416,33.233,33.387,6366,5,0
2025-05-23 20:00:00,33.387,33.523,33.382,33.489,3752,5,0
2025-05-23 22:00:00,33.489,33.541,33.445,33.467,2443,5,0
2025-05-26 00:00:00,33.391,33.551,33.307,33.467,2189,9,0
2025-05-26 02:00:00,33.467,33.541,33.349,33.428,3744,7,0
2025-05-26 04:00:00,33.43,33.561,33.351,33.505,6236,7,0
2025-05-26 06:00:00,33.505,33.528,33.426,33.5,2899,7,0
2025-05-26 08:00:00,33.5,33.553,33.465,33.471,4086,5,0
2025-05-26 10:00:00,33.471,33.534,33.36,33.449,4356,5,0
2025-05-26 12:00:00,33.45,33.481,33.234,33.355,3854,5,0
2025-05-26 14:00:00,33.355,33.403,33.303,33.389,2833,6,0
2025-05-26 16:00:00,33.389,33.395,33.291,33.322,4133,6,0
2025-05-26 18:00:00,33.322,33.463,33.321,33.442,2239,5,0
2025-05-26 20:00:00,33.442,33.481,33.43,33.479,662,5,0
2025-05-27 00:00:00,33.472,33.49,33.419,33.438,878,7,0
2025-05-27 02:00:00,33.438,33.513,33.395,33.511,2342,7,0
2025-05-27 04:00:00,33.511,33.52,33.281,33.392,4725,7,0
2025-05-27 06:00:00,33.392,33.402,33.239,33.263,2882,7,0
2025-05-27 08:00:00,33.263,33.321,33.076,33.127,7519,5,0
2025-05-27 10:00:00,33.127,33.147,32.963,33.059,6831,5,0
2025-05-27 12:00:00,33.059,33.167,32.858,32.889,5263,5,0
2025-05-27 14:00:00,32.889,33.041,32.756,32.865,7552,6,0
2025-05-27 16:00:00,32.865,33.145,32.862,33.03,11064,6,0
2025-05-27 18:00:00,33.03,33.17,33.007,33.16,5288,5,0
2025-05-27 20:00:00,33.16,33.27,33.146,33.231,2993,5,0
2025-05-27 22:00:00,33.231,33.27,33.195,33.247,1667,5,0
2025-05-28 00:00:00,33.262,33.271,33.246,33.249,729,7,0
2025-05-28 02:00:00,33.25,33.3,33.246,33.258,2277,7,0
2025-05-28 04:00:00,33.258,33.331,33.212,33.313,5230,7,0
2025-05-28 06:00:00,33.313,33.343,33.218,33.257,3551,7,0
2025-05-28 08:00:00,33.257,33.315,33.127,33.186,4551,5,0
2025-05-28 10:00:00,33.186,33.388,33.183,33.366,5289,5,0
2025-05-28 12:00:00,33.366,33.433,33.284,33.299,3591,5,0
2025-05-28 14:00:00,33.299,33.31,33.171,33.231,4942,6,0
2025-05-28 16:00:00,33.231,33.258,33.055,33.099,9551,6,0
2025-05-28 18:00:00,33.099,33.108,32.959,32.998,4742,5,0
2025-05-28 20:00:00,32.998,33.051,32.983,33.025,2792,5,0
2025-05-28 22:00:00,33.025,33.045,32.895,32.956,2926,5,0
2025-05-29 00:00:00,32.962,32.995,32.931,32.977,944,7,0
2025-05-29 02:00:00,32.977,33.01,32.689,32.968,7872,7,0
2025-05-29 04:00:00,32.968,33.174,32.839,33.145,7004,7,0
2025-05-29 06:00:00,33.145,33.227,33.124,33.196,3242,7,0
2025-05-29 08:00:00,33.196,33.277,33.116,33.138,4999,5,0
2025-05-29 10:00:00,33.138,33.36,33.124,33.33,5021,5,0
2025-05-29 12:00:00,33.33,33.431,33.239,33.394,4665,5,0
2025-05-29 14:00:00,33.394,33.494,33.317,33.361,7728,6,0
2025-05-29 16:00:00,33.361,33.378,33.068,33.148,13133,6,0
2025-05-29 18:00:00,33.148,33.356,33.139,33.321,5841,5,0
2025-05-29 20:00:00,33.321,33.348,33.271,33.313,3702,5,0
2025-05-29 22:00:00,33.313,33.361,33.293,33.307,1776,5,0
2025-05-30 00:00:00,33.319,33.336,33.255,33.261,781,7,0
2025-05-30 02:00:00,33.261,33.281,33.217,33.232,2079,7,0
2025-05-30 04:00:00,33.232,33.282,32.977,33.004,5543,7,0
2025-05-30 06:00:00,33.004,33.093,32.932,32.987,3622,7,0
2025-05-30 08:00:00,32.987,33.156,32.984,33.148,4238,5,0
2025-05-30 10:00:00,33.148,33.201,33.03,33.178,5007,5,0
2025-05-30 12:00:00,33.178,33.2,33.076,33.079,3802,5,0
2025-05-30 14:00:00,33.079,33.304,32.954,33.254,8505,6,0
2025-05-30 16:00:00,33.254,33.264,32.873,32.969,13815,6,0
2025-05-30 18:00:00,32.969,33.067,32.761,32.881,8915,5,0
2025-05-30 20:00:00,32.881,32.998,32.868,32.974,3801,5,0
2025-05-30 22:00:00,32.974,33.014,32.956,32.956,2131,5,0
2025-06-02 00:00:00,33.016,33.132,32.992,33.091,2114,7,0
2025-06-02 02:00:00,33.091,33.128,33.0,33.084,3637,7,0
2025-06-02 04:00:00,33.084,33.122,32.954,33.032,4138,7,0
2025-06-02 06:00:00,33.032,33.136,32.963,33.09,3372,7,0
2025-06-02 08:00:00,33.09,33.222,33.083,33.204,4199,5,0
2025-06-02 10:00:00,33.204,33.567,33.202,33.402,8043,5,0
2025-06-02 12:00:00,33.402,33.418,33.189,33.301,5684,5,0
2025-06-02 14:00:00,33.301,33.709,33.212,33.675,8823,6,0
2025-06-02 16:00:00,33.675,34.43,33.673,34.3,15521,6,0
2025-06-02 18:00:00,34.293,34.51,34.293,34.506,7339,5,0
2025-06-02 20:00:00,34.506,34.66,34.5,34.629,4702,5,0
2025-06-02 22:00:00,34.629,34.788,34.613,34.735,2767,5,0
2025-06-03 00:00:00,34.746,34.752,34.707,34.739,1227,9,0
2025-06-03 02:00:00,34.739,34.76,34.542,34.579,3742,7,0
2025-06-03 04:00:00,34.579,34.64,34.024,34.027,11629,7,0
2025-06-03 06:00:00,34.027,34.191,33.955,34.182,4478,7,0
2025-06-03 08:00:00,34.182,34.245,34.074,34.183,6365,5,0
2025-06-03 10:00:00,34.183,34.275,34.022,34.245,5010,5,0
2025-06-03 12:00:00,34.245,34.293,34.183,34.236,3885,5,0
2025-06-03 14:00:00,34.236,34.409,34.206,34.393,5799,6,0
2025-06-03 16:00:00,34.393,34.511,34.184,34.502,10645,6,0
2025-06-03 18:00:00,34.502,34.532,34.355,34.436,5400,5,0
2025-06-03 20:00:00,34.436,34.581,34.424,34.577,3255,5,0
2025-06-03 22:00:00,34.577,34.605,34.487,34.499,1874,5,0
2025-06-04 00:00:00,34.511,34.558,34.504,34.538,596,7,0
2025-06-04 02:00:00,34.538,34.597,34.499,34.515,2779,7,0
2025-06-04 04:00:00,34.515,34.644,34.472,34.551,5219,7,0
2025-06-04 06:00:00,34.551,34.571,34.452,34.454,3158,7,0
2025-06-04 08:00:00,34.454,34.484,34.397,34.426,4019,5,0
2025-06-04 10:00:00,34.426,34.557,34.406,34.548,3854,5,0
2025-06-04 12:00:00,34.548,34.556,34.177,34.352,4034,5,0
2025-06-04 14:00:00,34.352,34.414,34.223,34.336,7309,6,0
2025-06-04 16:00:00,34.336,34.565,34.325,34.494,10213,6,0
2025-06-04 18:00:00,34.494,34.51,34.348,34.444,5682,5,0
2025-06-04 20:00:00,34.444,34.552,34.416,34.491,2913,5,0
2025-06-04 22:00:00,34.491,34.526,34.446,34.489,2250,5,0
2025-06-05 00:00:00,34.465,34.529,34.465,34.484,730,7,0
2025-06-05 02:00:00,34.484,34.554,34.446,34.528,2672,7,0
2025-06-05 04:00:00,34.528,34.571,34.476,34.527,4610,7,0
2025-06-05 06:00:00,34.527,34.588,34.437,34.463,3569,7,0
2025-06-05 08:00:00,34.463,34.531,34.428,34.485,4340,5,0
2025-06-05 10:00:00,34.487,34.863,34.481,34.847,5801,5,0
2025-06-05 12:00:00,34.847,35.839,34.845,35.79,11684,5,0
2025-06-05 14:00:00,35.79,36.067,35.69,35.75,13483,6,0
2025-06-05 16:00:00,35.75,36.057,35.526,35.791,22178,6,0
2025-06-05 18:00:00,35.791,35.855,35.291,35.587,15022,5,0
2025-06-05 20:00:00,35.587,35.674,35.544,35.616,4766,5,0
2025-06-05 22:00:00,35.616,35.698,35.606,35.637,3435,5,0
2025-06-06 00:00:00,35.629,35.738,35.603,35.689,1385,7,0
2025-06-06 02:00:00,35.689,35.751,35.664,35.745,2901,7,0
2025-06-06 04:00:00,35.745,36.063,35.701,35.994,6932,7,0
2025-06-06 06:00:00,35.994,36.163,35.914,36.147,4515,7,0
2025-06-06 08:00:00,36.147,36.176,35.901,36.15,6623,5,0
2025-06-06 10:00:00,36.15,36.265,36.022,36.219,6498,5,0
2025-06-06 12:00:00,36.219,36.235,35.989,36.23,4780,5,0
2025-06-06 14:00:00,36.23,36.33,35.982,36.186,10732,6,0
2025-06-06 16:00:00,36.183,36.331,35.809,35.851,18413,6,0
2025-06-06 18:00:00,35.85,36.1,35.832,35.916,7624,5,0
2025-06-06 20:00:00,35.916,36.038,35.916,35.993,4361,5,0
2025-06-06 22:00:00,35.993,36.038,35.918,35.986,2720,5,0
2025-06-09 00:00:00,36.02,36.095,35.957,36.027,1570,7,0
2025-06-09 02:00:00,36.027,36.074,35.916,35.946,4296,7,0
2025-06-09 04:00:00,35.947,36.077,35.91,36.008,7563,7,0
2025-06-09 06:00:00,36.008,36.071,35.938,36.045,3996,7,0
2025-06-09 08:00:00,36.045,36.285,36.021,36.284,6499,5,0
2025-06-09 10:00:00,36.284,36.437,36.246,36.285,6587,5,0
2025-06-09 12:00:00,36.285,36.345,36.133,36.252,4370,5,0
2025-06-09 14:00:00,36.252,36.402,36.217,36.329,6973,6,0
2025-06-09 16:00:00,36.329,36.678,36.247,36.584,13800,6,0
2025-06-09 18:00:00,36.584,36.716,36.567,36.627,6374,6,0
2025-06-09 20:00:00,36.627,36.884,36.602,36.853,3987,5,0
2025-06-09 22:00:00,36.853,36.877,36.687,36.745,2819,5,0
2025-06-10 00:00:00,36.743,36.797,36.736,36.793,1058,7,0
2025-06-10 02:00:00,36.793,36.824,36.573,36.578,3499,7,0
2025-06-10 04:00:00,36.58,36.588,36.302,36.511,9746,7,0
2025-06-10 06:00:00,36.511,36.556,36.456,36.509,4360,7,0
2025-06-10 08:00:00,36.509,36.63,36.439,36.439,8005,5,0
2025-06-10 10:00:00,36.439,36.549,36.41,36.54,6026,5,0
2025-06-10 12:00:00,36.54,36.782,36.528,36.773,4282,5,0
2025-06-10 14:00:00,36.773,36.801,36.55,36.565,6801,5,0
2025-06-10 16:00:00,36.565,36.729,36.317,36.392,12568,6,0
2025-06-10 18:00:00,36.393,36.524,36.351,36.477,6427,5,0
2025-06-10 20:00:00,36.477,36.579,36.448,36.472,3465,5,0
2025-06-10 22:00:00,36.472,36.601,36.471,36.515,3097,5,0
2025-06-11 00:00:00,36.551,36.58,36.512,36.566,1001,7,0
2025-06-11 02:00:00,36.566,36.609,36.501,36.602,3438,7,0
2025-06-11 04:00:00,36.602,36.638,36.493,36.567,5327,7,0
2025-06-11 06:00:00,36.567,36.622,36.55,36.584,3268,7,0
2025-06-11 08:00:00,36.584,36.608,36.365,36.568,5787,5,0
2025-06-11 10:00:00,36.568,36.595,36.444,36.495,4850,5,0
2025-06-11 12:00:00,36.495,36.495,36.016,36.206,7265,6,0
2025-06-11 14:00:00,36.206,36.555,36.092,36.332,11062,6,0
2025-06-11 16:00:00,36.332,36.442,36.024,36.28,16399,6,0
2025-06-11 18:00:00,36.278,36.344,36.151,36.161,6772,5,0
2025-06-11 20:00:00,36.161,36.231,36.053,36.137,7169,5,0
2025-06-11 22:00:00,36.137,36.267,36.056,36.233,3559,5,0
2025-06-12 00:00:00,36.195,36.34,36.195,36.329,1707,9,0
2025-06-12 02:00:00,36.329,36.377,36.258,36.308,4566,7,0
2025-06-12 04:00:00,36.308,36.382,36.265,36.313,6618,7,0
2025-06-12 06:00:00,36.313,36.394,36.293,36.341,3443,7,0
2025-06-12 08:00:00,36.341,36.449,36.222,36.301,5368,5,0
2025-06-12 10:00:00,36.301,36.301,35.444,35.932,12242,5,0
2025-06-12 12:00:00,35.932,36.265,35.869,36.204,6898,5,0
2025-06-12 14:00:00,36.204,36.313,36.122,36.297,9074,6,0
2025-06-12 16:00:00,36.297,36.397,36.07,36.263,14579,6,0
2025-06-12 18:00:00,36.263,36.341,36.195,36.241,7276,5,0
2025-06-12 20:00:00,36.241,36.288,36.198,36.27,4057,5,0
2025-06-12 22:00:00,36.27,36.371,36.26,36.345,2022,5,0
2025-06-13 00:00:00,36.334,36.35,36.317,36.329,940,7,0
2025-06-13 02:00:00,36.329,36.403,35.97,36.137,8610,7,0
2025-06-13 04:00:00,36.138,36.639,36.103,36.497,12765,7,0
2025-06-13 06:00:00,36.497,36.511,36.14,36.213,7428,7,0
2025-06-13 08:00:00,36.213,36.338,36.026,36.101,7902,5,0
2025-06-13 10:00:00,36.101,36.364,35.97,36.338,7711,5,0
2025-06-13 12:00:00,36.338,36.458,36.123,36.18,7873,5,0
2025-06-13 14:00:00,36.18,36.324,36.059,36.198,7913,6,0
2025-06-13 16:00:00,36.198,36.363,36.07,36.167,14163,6,0
2025-06-13 18:00:00,36.167,36.316,36.115,36.311,6920,5,0
2025-06-13 20:00:00,36.311,36.342,36.231,36.304,4976,5,0
2025-06-13 22:00:00,36.306,36.339,36.225,36.309,3007,5,0
2025-06-16 00:00:00,36.343,36.395,36.046,36.266,3243,7,0
2025-06-16 02:00:00,36.266,36.387,36.157,36.186,5209,7,0
2025-06-16 04:00:00,36.188,36.387,36.086,36.323,8017,7,0
2025-06-16 06:00:00,36.323,36.381,36.184,36.216,4793,7,0
2025-06-16 08:00:00,36.216,36.533,36.199,36.454,8296,7,0
2025-06-16 10:00:00,36.451,36.535,36.323,36.405,6199,5,0
2025-06-16 12:00:00,36.405,36.431,36.271,36.397,4653,5,0
2025-06-16 14:00:00,36.397,36.489,36.273,36.461,6747,6,0
2025-06-16 16:00:00,36.461,36.496,36.194,36.36,14258,6,0
2025-06-16 18:00:00,36.36,36.461,36.336,36.396,6563,5,0
2025-06-16 20:00:00,36.396,36.414,36.28,36.318,3817,5,0
2025-06-16 22:00:00,36.318,36.339,36.276,36.303,2287,5,0
2025-06-17 00:00:00,36.301,36.334,36.285,36.324,1415,7,0
2025-06-17 02:00:00,36.324,36.391,36.23,36.282,4583,7,0
2025-06-17 04:00:00,36.282,36.437,36.279,36.355,6352,7,0
2025-06-17 06:00:00,36.355,36.436,36.132,36.423,4771,7,0
2025-06-17 08:00:00,36.423,36.491,36.377,36.457,5395,7,0
2025-06-17 10:00:00,36.457,36.49,36.362,36.418,5378,5,0
2025-06-17 12:00:00,36.418,37.157,36.34,37.105,8576,5,0
2025-06-17 14:00:00,37.105,37.233,36.769,36.835,10238,6,0
2025-06-17 16:00:00,36.835,37.175,36.744,37.163,16764,6,0
2025-06-17 18:00:00,37.163,37.251,37.088,37.115,7966,5,0
2025-06-17 20:00:00,37.115,37.117,37.005,37.031,5691,5,0
2025-06-17 22:00:00,37.031,37.135,37.03,37.116,3084,5,0
2025-06-18 00:00:00,37.133,37.166,37.094,37.107,1188,9,0
2025-06-18 02:00:00,37.107,37.173,37.063,37.128,3360,7,0
2025-06-18 04:00:00,37.128,37.185,37.054,37.167,6141,7,0
2025-06-18 06:00:00,37.167,37.282,37.129,37.258,4177,7,0
2025-06-18 08:00:00,37.258,37.309,37.089,37.226,6597,5,0
2025-06-18 10:00:00,37.226,37.265,37.123,37.177,4728,5,0
2025-06-18 12:00:00,37.177,37.287,37.094,37.156,5075,5,0
2025-06-18 14:00:00,37.156,37.214,36.918,37.042,6868,6,0
2025-06-18 16:00:00,37.042,37.118,36.635,36.861,13602,6,0
2025-06-18 18:00:00,36.862,36.949,36.826,36.911,5812,5,0
2025-06-18 20:00:00,36.911,36.989,36.71,36.749,8492,5,0
2025-06-18 22:00:00,36.75,36.756,36.527,36.73,7674,5,0
2025-06-19 00:00:00,36.668,36.77,36.668,36.743,1106,9,0
2025-06-19 02:00:00,36.743,36.782,36.697,36.76,3277,7,0
2025-06-19 04:00:00,36.76,36.769,36.593,36.692,6088,7,0
2025-06-19 06:00:00,36.692,36.781,36.655,36.751,3016,7,0
2025-06-19 08:00:00,36.751,36.78,36.237,36.423,8685,5,0
2025-06-19 10:00:00,36.423,36.426,36.219,36.369,7039,5,0
2025-06-19 12:00:00,36.369,36.431,36.325,36.326,4473,5,0
2025-06-19 14:00:00,36.326,36.42,36.216,36.329,5830,6,0
2025-06-19 16:00:00,36.329,36.409,36.203,36.351,8354,6,0
2025-06-19 18:00:00,36.351,36.399,36.277,36.368,4055,5,0
2025-06-19 20:00:00,36.368,36.41,36.355,36.392,1828,5,0
2025-06-20 00:00:00,36.331,36.427,36.312,36.409,1298,7,0
2025-06-20 02:00:00,36.409,36.414,36.331,36.393,3137,7,0
2025-06-20 04:00:00,36.393,36.395,35.697,35.771,8738,7,0
2025-06-20 06:00:00,35.771,35.845,35.659,35.727,5622,7,0
2025-06-20 08:00:00,35.727,35.752,35.504,35.621,8219,5,0
2025-06-20 10:00:00,35.621,36.093,35.574,36.031,7362,5,0
2025-06-20 12:00:00,36.031,36.161,35.884,36.117,4905,5,0
2025-06-20 14:00:00,36.117,36.152,35.963,36.003,8115,6,0
2025-06-20 16:00:00,36.003,36.099,35.842,35.964,14786,6,0
2025-06-20 18:00:00,35.964,36.025,35.891,36.02,7261,5,0
2025-06-20 20:00:00,36.02,36.078,35.996,36.043,4474,5,0
2025-06-20 22:00:00,36.043,36.078,35.956,35.967,2998,5,0
2025-06-23 00:00:00,35.965,36.12,35.799,36.069,3832,7,0
2025-06-23 02:00:00,36.069,36.116,35.964,36.03,5184,7,0
2025-06-23 04:00:00,36.03,36.132,35.881,36.01,8545,7,0
2025-06-23 06:00:00,36.01,36.127,36.003,36.047,5015,7,0
2025-06-23 08:00:00,36.047,36.128,35.939,36.115,7767,5,0
2025-06-23 10:00:00,36.115,36.226,36.034,36.206,6948,5,0
2025-06-23 12:00:00,36.206,36.226,36.059,36.121,5255,5,0
2025-06-23 14:00:00,36.121,36.24,35.935,36.057,7655,6,0
2025-06-23 16:00:00,36.057,36.299,36.011,36.257,14066,6,0
2025-06-23 18:00:00,36.257,36.339,36.157,36.235,8206,6,0
2025-06-23 20:00:00,36.235,36.361,36.187,36.302,6124,4,0
2025-06-23 22:00:00,36.303,36.34,36.055,36.08,3076,5,0
2025-06-24 00:00:00,36.061,36.115,35.598,35.941,3195,7,0
2025-06-24 02:00:00,35.941,36.086,35.819,36.078,5737,7,0
2025-06-24 04:00:00,36.078,36.125,35.963,36.118,7966,7,0
2025-06-24 06:00:00,36.118,36.196,36.086,36.166,4290,7,0
2025-06-24 08:00:00,36.166,36.186,35.925,36.042,9678,5,0
2025-06-24 10:00:00,36.042,36.152,35.965,36.142,8481,5,0
2025-06-24 12:00:00,36.142,36.17,36.036,36.094,6079,5,0
2025-06-24 14:00:00,36.094,36.165,35.631,35.84,9377,6,0
2025-06-24 16:00:00,35.84,35.995,35.276,35.482,17335,6,0
2025-06-24 18:00:00,35.482,35.77,35.473,35.753,7337,5,0
2025-06-24 20:00:00,35.753,35.886,35.752,35.863,3920,5,0
2025-06-24 22:00:00,35.863,35.92,35.836,35.902,2324,5,0
2025-06-25 00:00:00,35.885,35.951,35.885,35.936,1020,7,0
2025-06-25 02:00:00,35.936,35.962,35.915,35.941,2632,7,0
2025-06-25 04:00:00,35.941,35.983,35.896,35.944,5365,7,0
2025-06-25 06:00:00,35.944,35.984,35.898,35.958,3068,7,0
2025-06-25 08:00:00,35.958,36.045,35.939,36.03,4482,5,0
2025-06-25 10:00:00,36.033,36.051,35.791,35.871,5909,5,0
2025-06-25 12:00:00,35.871,35.872,35.69,35.744,4638,5,0
2025-06-25 14:00:00,35.744,35.851,35.671,35.801,5936,6,0
2025-06-25 16:00:00,35.801,35.991,35.7,35.942,10809,6,0
2025-06-25 18:00:00,35.942,36.195,35.938,36.164,6510,5,0
2025-06-25 20:00:00,36.164,36.25,36.118,36.246,4595,5,0
2025-06-25 22:00:00,36.246,36.324,36.236,36.253,2815,5,0
2025-06-26 00:00:00,36.262,36.3,36.227,36.285,1158,7,0
2025-06-26 02:00:00,36.285,36.382,36.275,36.309,3777,7,0
2025-06-26 04:00:00,36.309,36.382,36.233,36.358,8621,7,0
2025-06-26 06:00:00,36.358,36.417,36.324,36.394,4510,7,0
2025-06-26 08:00:00,36.394,36.395,36.234,36.382,6351,5,0
2025-06-26 10:00:00,36.381,36.822,36.283,36.786,7093,5,0
2025-06-26 12:00:00,36.785,36.828,36.545,36.602,7406,5,0
2025-06-26 14:00:00,36.602,36.68,36.365,36.394,9448,6,0
2025-06-26 16:00:00,36.394,36.589,36.259,36.554,15857,6,0
2025-06-26 18:00:00,36.553,36.696,36.541,36.676,8218,5,0
2025-06-26 20:00:00,36.676,36.71,36.603,36.638,5621,5,0
2025-06-26 22:00:00,36.638,36.701,36.575,36.638,3104,5,0
2025-06-27 00:00:00,36.651,36.687,36.624,36.648,1080,7,0
2025-06-27 02:00:00,36.648,36.671,36.586,36.596,3535,7,0
2025-06-27 04:00:00,36.596,36.685,36.512,36.662,8229,7,0
2025-06-27 06:00:00,36.662,36.72,36.39,36.466,6470,7,0
2025-06-27 08:00:00,36.466,36.631,36.428,36.474,8449,7,0
2025-06-27 10:00:00,36.473,36.485,36.008,36.064,11212,5,0
2025-06-27 12:00:00,36.064,36.072,35.788,35.997,8637,5,0
2025-06-27 14:00:00,35.998,36.089,35.884,35.977,10696,6,0
2025-06-27 16:00:00,35.978,36.144,35.802,36.108,18239,6,0
2025-06-27 18:00:00,36.108,36.208,36.075,36.165,8007,5,0
2025-06-27 20:00:00,36.165,36.173,35.959,36.016,6338,5,0
2025-06-27 22:00:00,36.016,36.016,35.871,35.967,3350,5,0
2025-06-30 00:00:00,35.96,36.075,35.414,35.744,3719,7,0
2025-06-30 02:00:00,35.744,35.893,35.732,35.88,4800,7,0
2025-06-30 04:00:00,35.877,36.081,35.826,36.062,8043,7,0
2025-06-30 06:00:00,36.062,36.174,36.057,36.153,3638,7,0
2025-06-30 08:00:00,36.153,36.22,36.146,36.204,5498,5,0
2025-06-30 10:00:00,36.204,36.234,36.069,36.142,4641,5,0
2025-06-30 12:00:00,36.142,36.142,35.991,36.025,3838,5,0
2025-06-30 14:00:00,36.025,36.044,35.825,35.992,6142,6,0
2025-06-30 16:00:00,35.992,36.078,35.901,35.956,9738,6,0
2025-06-30 18:00:00,35.956,36.01,35.888,36.005,5055,5,0
2025-06-30 20:00:00,36.005,36.055,35.932,36.049,3744,5,0
2025-06-30 22:00:00,36.049,36.111,36.041,36.098,2621,5,0
2025-07-01 00:00:00,36.07,36.135,36.07,36.118,1141,7,0
2025-07-01 02:00:00,36.118,36.159,36.106,36.129,2529,7,0
2025-07-01 04:00:00,36.129,36.191,35.802,35.88,6862,7,0
2025-07-01 06:00:00,35.88,36.187,35.817,36.173,4022,7,0
2025-07-01 08:00:00,36.173,36.273,36.045,36.255,6612,7,0
2025-07-01 10:00:00,36.255,36.508,36.097,36.314,7318,6,0
2025-07-01 12:00:00,36.314,36.615,36.305,36.491,5585,5,0
2025-07-01 14:00:00,36.491,36.563,36.253,36.3,8178,6,0
2025-07-01 16:00:00,36.301,36.439,36.191,36.339,12013,6,0
2025-07-01 18:00:00,36.336,36.339,36.089,36.201,6918,5,0
2025-07-01 20:00:00,36.201,36.227,36.115,36.131,3048,5,0
2025-07-01 22:00:00,36.131,36.131,35.988,36.02,2694,5,0
2025-07-02 00:00:00,36.029,36.081,35.984,36.081,1383,7,0
2025-07-02 02:00:00,36.081,36.128,36.039,36.102,2961,7,0
2025-07-02 04:00:00,36.102,36.183,36.005,36.17,6269,7,0
2025-07-02 06:00:00,36.17,36.203,35.901,36.102,3395,7,0
2025-07-02 08:00:00,36.102,36.173,35.962,35.999,5443,5,0
2025-07-02 10:00:00,35.999,36.159,35.864,36.128,6144,5,0
2025-07-02 12:00:00,36.128,36.331,36.113,36.295,4074,5,0
2025-07-02 14:00:00,36.295,36.395,36.176,36.2,7729,6,0
2025-07-02 16:00:00,36.2,36.445,36.17,36.429,11793,6,0
2025-07-02 18:00:00,36.429,36.49,36.407,36.47,5280,5,0
2025-07-02 20:00:00,36.47,36.536,36.465,36.527,2873,5,0
2025-07-02 22:00:00,36.527,36.581,36.527,36.543,2117,5,0
2025-07-03 00:00:00,36.548,36.586,36.547,36.571,985,7,0
2025-07-03 02:00:00,36.571,36.573,36.357,36.391,3044,7,0
2025-07-03 04:00:00,36.391,36.445,36.345,36.423,4098,7,0
2025-07-03 06:00:00,36.423,36.47,36.334,36.422,2186,7,0
2025-07-03 08:00:00,36.422,36.841,36.391,36.755,6477,5,0
2025-07-03 10:00:00,36.755,37.072,36.746,37.039,5262,5,0
2025-07-03 12:00:00,37.039,37.053,36.68,36.91,5356,5,0
2025-07-03 14:00:00,36.91,36.974,36.383,36.614,10446,8,0
2025-07-03 16:00:00,36.614,36.911,36.502,36.649,13691,6,0
2025-07-03 18:00:00,36.649,36.868,36.618,36.852,5291,5,0
2025-07-03 20:00:00,36.852,36.917,36.797,36.843,1660,5,0
2025-07-03 22:00:00,36.843,36.858,36.818,36.83,1017,5,0
2025-07-04 00:00:00,36.845,36.858,36.828,36.842,630,7,0
2025-07-04 02:00:00,36.842,36.869,36.678,36.735,1792,7,0
2025-07-04 04:00:00,36.736,36.837,36.65,36.691,3771,7,0
2025-07-04 06:00:00,36.691,36.879,36.617,36.844,3018,7,0
2025-07-04 08:00:00,36.844,36.922,36.768,36.84,4657,5,0
2025-07-04 10:00:00,36.844,36.89,36.66,36.832,4060,5,0
2025-07-04 12:00:00,36.832,36.899,36.763,36.876,3639,5,0
2025-07-04 14:00:00,36.876,36.94,36.762,36.854,3656,6,0
2025-07-04 16:00:00,36.854,36.954,36.822,36.874,4858,6,0
2025-07-04 18:00:00,36.874,36.955,36.85,36.927,2184,5,0
2025-07-07 00:00:00,36.904,37.223,36.898,37.114,1831,8,0
2025-07-07 02:00:00,37.114,37.117,36.897,36.965,3564,7,0
2025-07-07 04:00:00,36.965,36.965,36.649,36.755,7053,7,0
2025-07-07 06:00:00,36.754,36.817,36.36,36.521,5553,7,0
2025-07-07 08:00:00,36.521,36.679,36.443,36.601,7534,5,0
2025-07-07 10:00:00,36.601,36.639,36.473,36.6,5704,5,0
2025-07-07 12:00:00,36.6,36.63,36.15,36.238,6240,5,0
2025-07-07 14:00:00,36.238,36.376,36.158,36.315,7706,6,0
2025-07-07 16:00:00,36.315,36.661,36.205,36.599,10916,6,0
2025-07-07 18:00:00,36.599,36.712,36.57,36.668,5173,5,0
2025-07-07 20:00:00,36.668,36.776,36.646,36.768,4571,5,0
2025-07-07 22:00:00,36.768,36.809,36.702,36.761,2844,5,0
2025-07-08 00:00:00,36.788,36.822,36.766,36.798,1030,7,0
2025-07-08 02:00:00,36.798,36.804,36.723,36.745,2312,7,0
2025-07-08 04:00:00,36.745,36.822,36.648,36.795,6221,7,0
2025-07-08 06:00:00,36.795,36.809,36.732,36.755,2760,7,0
2025-07-08 08:00:00,36.755,36.852,36.732,36.824,4509,5,0
2025-07-08 10:00:00,36.824,36.879,36.688,36.741,5197,5,0
2025-07-08 12:00:00,36.741,36.846,36.66,36.807,3879,5,0
2025-07-08 14:00:00,36.807,36.812,36.581,36.747,5554,6,0
2025-07-08 16:00:00,36.747,36.754,36.366,36.423,13222,6,0
2025-07-08 18:00:00,36.423,36.551,36.285,36.528,8407,5,0
2025-07-08 20:00:00,36.528,36.718,36.5,36.684,8428,5,0
2025-07-08 22:00:00,36.684,36.748,36.607,36.744,2773,5,0
2025-07-09 00:00:00,36.742,36.761,36.7,36.727,1283,7,0
2025-07-09 02:00:00,36.727,36.737,36.505,36.63,3226,7,0
2025-07-09 04:00:00,36.63,36.719,36.47,36.543,6686,7,0
2025-07-09 06:00:00,36.543,36.634,36.487,36.604,4755,7,0
2025-07-09 08:00:00,36.604,36.726,36.539,36.616,6568,5,0
2025-07-09 10:00:00,36.616,36.624,36.429,36.501,5695,5,0
2025-07-09 12:00:00,36.501,36.651,36.409,36.597,3866,5,0
2025-07-09 14:00:00,36.596,36.654,36.352,36.407,6115,6,0
2025-07-09 16:00:00,36.407,36.473,36.264,36.402,10638,6,0
2025-07-09 18:00:00,36.402,36.466,36.334,36.427,4204,5,0
2025-07-09 20:00:00,36.427,36.46,36.271,36.335,4463,5,0
2025-07-09 22:00:00,36.335,36.423,36.319,36.366,2820,5,0
2025-07-10 00:00:00,36.372,36.425,36.366,36.404,754,7,0
2025-07-10 02:00:00,36.404,36.43,36.347,36.408,3208,7,0
2025-07-10 04:00:00,36.408,36.477,36.382,36.434,5288,7,0
2025-07-10 06:00:00,36.434,36.488,36.369,36.465,2989,7,0
2025-07-10 08:00:00,36.465,36.582,36.364,36.575,4347,5,0
2025-07-10 10:00:00,36.575,36.71,36.471,36.633,4598,5,0
2025-07-10 12:00:00,36.633,36.81,36.549,36.725,5112,5,0
2025-07-10 14:00:00,36.726,36.84,36.555,36.713,8180,6,0
2025-07-10 16:00:00,36.713,36.894,36.422,36.661,17562,6,0
2025-07-10 18:00:00,36.661,36.883,36.657,36.806,7255,5,0
2025-07-10 20:00:00,36.806,37.028,36.785,37.027,4676,5,0
2025-07-10 22:00:00,37.027,37.12,36.947,36.99,4744,5,0
2025-07-11 00:00:00,36.893,37.127,36.893,37.072,1844,7,0
2025-07-11 02:00:00,37.072,37.143,36.986,36.992,3811,7,0
2025-07-11 04:00:00,36.994,37.211,36.91,37.129,9843,7,0
2025-07-11 06:00:00,37.129,37.23,37.079,37.205,4631,7,0
2025-07-11 08:00:00,37.205,37.455,37.15,37.282,10376,6,0
2025-07-11 10:00:00,37.282,37.526,37.256,37.413,9896,5,0
2025-07-11 12:00:00,37.413,37.622,37.396,37.488,6113,5,0
2025-07-11 14:00:00,37.488,37.798,37.454,37.614,9772,7,0
2025-07-11 16:00:00,37.614,38.234,37.532,38.11,18460,7,0
2025-07-11 18:00:00,38.11,38.398,38.093,38.347,9788,2,0
2025-07-11 20:00:00,38.347,38.499,38.273,38.468,7688,0,0
2025-07-11 22:00:00,38.468,38.528,38.322,38.324,5405,0,0
2025-07-14 00:00:00,38.332,38.569,38.145,38.476,3368,0,0
2025-07-14 02:00:00,38.477,38.56,38.386,38.502,4670,2,0
2025-07-14 04:00:00,38.502,38.64,38.41,38.552,9889,0,0
2025-07-14 06:00:00,38.556,39.061,38.521,39.039,6122,0,0
2025-07-14 08:00:00,39.038,39.086,38.874,38.942,8875,0,0
2025-07-14 10:00:00,38.939,39.049,38.811,38.978,9901,2,0
2025-07-14 12:00:00,38.979,39.126,38.963,39.02,6471,2,0
2025-07-14 14:00:00,39.02,39.085,38.769,38.862,9006,2,0
2025-07-14 16:00:00,38.862,38.868,38.288,38.291,15066,2,0
2025-07-14 18:00:00,38.291,38.48,38.205,38.45,8200,2,0
2025-07-14 20:00:00,38.45,38.465,38.301,38.341,4172,2,0
2025-07-14 22:00:00,38.341,38.384,38.061,38.082,3724,2,0
2025-07-15 00:00:00,38.091,38.223,37.944,38.22,809,3,0
2025-07-15 02:00:00,38.22,38.29,38.197,38.201,1690,2,0
2025-07-15 04:00:00,38.201,38.283,38.13,38.178,5404,2,0
2025-07-15 06:00:00,38.178,38.233,37.912,38.23,4887,2,0
2025-07-15 08:00:00,38.23,38.35,38.22,38.322,4396,2,0
2025-07-15 10:00:00,38.322,38.379,38.22,38.247,5004,2,0
2025-07-15 12:00:00,38.247,38.33,38.235,38.297,4771,2,0
2025-07-15 14:00:00,38.297,38.301,38.122,38.162,8669,2,0
2025-07-15 16:00:00,38.163,38.263,37.83,37.891,13219,2,0
2025-07-15 18:00:00,37.891,37.924,37.587,37.724,10802,2,0
2025-07-15 20:00:00,37.725,37.831,37.696,37.77,4334,2,0
2025-07-15 22:00:00,37.77,37.786,37.656,37.666,2895,2,0
2025-07-16 00:00:00,37.522,37.762,37.506,37.761,889,5,0
2025-07-16 02:00:00,37.762,37.838,37.739,37.803,2436,6,0
2025-07-16 04:00:00,37.803,37.835,37.719,37.785,4789,3,0
2025-07-16 06:00:00,37.785,37.854,37.779,37.844,3074,5,0
2025-07-16 08:00:00,37.844,37.907,37.803,37.89,4322,2,0
2025-07-16 10:00:00,37.891,38.013,37.861,37.984,3857,2,0
2025-07-16 12:00:00,37.982,38.085,37.928,37.933,4281,2,0
2025-07-16 14:00:00,37.933,38.043,37.828,37.842,7588,2,0
2025-07-16 16:00:00,37.842,37.946,37.499,37.754,12139,2,0
2025-07-16 18:00:00,37.754,38.044,37.706,37.795,19260,2,0
2025-07-16 20:00:00,37.795,37.955,37.787,37.879,5985,2,0
2025-07-16 22:00:00,37.879,37.933,37.851,37.905,3587,2,0
2025-07-17 00:00:00,37.826,37.931,37.824,37.913,955,13,0
2025-07-17 02:00:00,37.913,37.923,37.834,37.848,1906,3,0
2025-07-17 04:00:00,37.848,37.98,37.832,37.93,4174,2,0
2025-07-17 06:00:00,37.93,38.003,37.889,37.989,2054,2,0
2025-07-17 08:00:00,37.989,38.013,37.773,37.895,4709,2,0
2025-07-17 10:00:00,37.895,37.938,37.757,37.769,7166,2,0
2025-07-17 12:00:00,37.769,37.869,37.757,37.764,4465,2,0
2025-07-17 14:00:00,37.765,37.894,37.531,37.617,8376,2,0
2025-07-17 16:00:00,37.617,37.981,37.569,37.967,12043,2,0
2025-07-17 18:00:00,37.967,38.071,37.932,38.003,5690,2,0
2025-07-17 20:00:00,38.003,38.145,37.999,38.138,4276,2,0
2025-07-17 22:00:00,38.138,38.163,38.071,38.131,1896,2,0
2025-07-18 00:00:00,38.009,38.184,37.998,38.114,1381,5,0
2025-07-18 02:00:00,38.115,38.161,38.094,38.157,1716,5,0
2025-07-18 04:00:00,38.157,38.205,38.041,38.163,6205,2,0
2025-07-18 06:00:00,38.163,38.178,38.09,38.14,2901,2,0
2025-07-18 08:00:00,38.14,38.36,38.069,38.337,4778,2,0
2025-07-18 10:00:00,38.337,38.393,38.248,38.293,6055,2,0
2025-07-18 12:00:00,38.293,38.43,38.29,38.324,4389,2,0
2025-07-18 14:00:00,38.324,38.44,38.274,38.406,6985,2,0
2025-07-18 16:00:00,38.405,38.41,38.208,38.275,11788,2,0
2025-07-18 18:00:00,38.275,38.314,38.167,38.207,6005,2,0
2025-07-18 20:00:00,38.207,38.285,38.148,38.209,3917,2,0
2025-07-18 22:00:00,38.208,38.231,38.105,38.205,2039,2,0
2025-07-21 00:00:00,37.931,38.168,37.918,38.143,1354,2,0
2025-07-21 02:00:00,38.142,38.269,38.133,38.258,1889,4,0
2025-07-21 04:00:00,38.258,38.296,38.21,38.242,4796,16,0
2025-07-21 06:00:00,38.242,38.323,38.149,38.186,2776,16,0
2025-07-21 08:00:00,38.186,38.357,38.179,38.333,5937,13,0
2025-07-21 10:00:00,38.333,38.489,38.284,38.453,5775,13,0
2025-07-21 12:00:00,38.453,38.543,38.38,38.475,4509,13,0
2025-07-21 14:00:00,38.475,38.592,38.433,38.51,6123,2,0
2025-07-21 16:00:00,38.511,38.964,38.477,38.941,15799,2,0
2025-07-21 18:00:00,38.941,39.01,38.797,38.997,8243,12,0
2025-07-21 20:00:00,38.997,39.032,38.959,39.018,4301,12,0
2025-07-21 22:00:00,39.018,39.054,38.883,38.929,3578,2,0
2025-07-22 00:00:00,38.548,38.959,38.548,38.936,657,10,0
2025-07-22 02:00:00,38.936,38.991,38.868,38.918,2000,16,0
2025-07-22 04:00:00,38.917,38.982,38.73,38.849,5756,7,0
2025-07-22 06:00:00,38.849,38.873,38.71,38.781,3505,16,0
2025-07-22 08:00:00,38.781,38.91,38.717,38.862,6439,13,0
2025-07-22 10:00:00,38.862,38.933,38.781,38.844,5351,13,0
2025-07-22 12:00:00,38.844,38.904,38.754,38.836,4375,13,0
2025-07-22 14:00:00,38.836,39.087,38.799,39.07,6779,15,0
2025-07-22 16:00:00,39.07,39.211,38.72,39.1,20027,2,0
2025-07-22 18:00:00,39.1,39.256,39.077,39.226,9121,12,0
2025-07-22 20:00:00,39.226,39.239,39.141,39.194,5688,12,0
2025-07-22 22:00:00,39.194,39.311,39.186,39.279,3412,12,0
2025-07-23 00:00:00,39.234,39.327,39.233,39.278,705,18,0
2025-07-23 02:00:00,39.278,39.336,39.201,39.207,3320,16,0
2025-07-23 04:00:00,39.207,39.245,39.116,39.2,6869,16,0
2025-07-23 06:00:00,39.2,39.37,39.166,39.212,5065,16,0
2025-07-23 08:00:00,39.213,39.355,39.195,39.335,7479,13,0
2025-07-23 10:00:00,39.329,39.382,39.15,39.37,6204,13,0
2025-07-23 12:00:00,39.37,39.435,39.323,39.356,5860,13,0
2025-07-23 14:00:00,39.356,39.469,39.305,39.427,6782,13,0
2025-07-23 16:00:00,39.427,39.479,39.227,39.408,15267,15,0
2025-07-23 18:00:00,39.408,39.526,39.038,39.117,15263,12,0
2025-07-23 20:00:00,39.117,39.297,39.105,39.242,6431,12,0
2025-07-23 22:00:00,39.242,39.305,39.216,39.256,3897,12,0
2025-07-24 00:00:00,39.28,39.307,39.22,39.287,863,16,0
2025-07-24 02:00:00,39.287,39.344,39.235,39.296,2604,16,0
2025-07-24 04:00:00,39.296,39.308,38.954,39.078,8994,16,0
2025-07-24 06:00:00,39.078,39.097,38.786,39.056,5835,16,0
2025-07-24 08:00:00,39.056,39.155,38.939,39.131,7559,13,0
2025-07-24 10:00:00,39.131,39.154,39.011,39.086,6423,13,0
2025-07-24 12:00:00,39.086,39.128,38.96,39.026,5804,13,0
2025-07-24 14:00:00,39.026,39.09,38.682,38.748,9121,15,0
2025-07-24 16:00:00,38.752,39.114,38.705,39.014,14930,15,0
2025-07-24 18:00:00,39.014,39.061,38.921,38.921,6787,12,0
2025-07-24 20:00:00,38.921,39.1,38.896,39.078,4685,12,0
2025-07-24 22:00:00,39.078,39.131,39.002,39.042,2390,12,0
2025-07-25 00:00:00,39.016,39.138,39.01,39.096,956,16,0
2025-07-25 02:00:00,39.096,39.146,39.072,39.13,2209,16,0
2025-07-25 04:00:00,39.13,39.19,39.059,39.067,6788,16,0
2025-07-25 06:00:00,39.067,39.099,38.925,38.95,4301,16,0
2025-07-25 08:00:00,38.95,39.102,38.932,39.087,6406,13,0
2025-07-25 10:00:00,39.087,39.132,38.82,38.848,5418,13,0
2025-07-25 12:00:00,38.848,38.898,38.672,38.732,4139,13,0
2025-07-25 14:00:00,38.732,38.863,38.623,38.851,6770,15,0
2025-07-25 16:00:00,38.851,38.954,38.338,38.38,17952,15,0
2025-07-25 18:00:00,38.38,38.43,37.943,38.155,14873,12,0
2025-07-25 20:00:00,38.155,38.262,38.155,38.243,4283,12,0
2025-07-25 22:00:00,38.243,38.258,38.137,38.15,2343,12,0
2025-07-28 00:00:00,37.853,38.175,37.846,38.081,2032,17,0
2025-07-28 02:00:00,38.081,38.237,38.074,38.23,3314,16,0
2025-07-28 04:00:00,38.23,38.303,38.175,38.274,7712,16,0
2025-07-28 06:00:00,38.274,38.281,38.167,38.185,3676,16,0
2025-07-28 08:00:00,38.185,38.326,38.18,38.291,6455,13,0
2025-07-28 10:00:00,38.291,38.327,38.15,38.209,5828,13,0
2025-07-28 12:00:00,38.209,38.225,38.097,38.106,4645,13,0
2025-07-28 14:00:00,38.106,38.164,37.995,38.102,6639,15,0
2025-07-28 16:00:00,38.102,38.17,37.894,38.083,14795,15,0
2025-07-28 18:00:00,38.082,38.17,38.06,38.124,5227,12,0
2025-07-28 20:00:00,38.124,38.177,38.02,38.128,3662,12,0
2025-07-28 22:00:00,38.128,38.176,38.103,38.147,2159,12,0
2025-07-29 00:00:00,38.136,38.182,38.103,38.173,982,16,0
2025-07-29 02:00:00,38.173,38.189,38.074,38.104,2551,16,0
2025-07-29 04:00:00,38.104,38.181,38.037,38.174,5328,16,0
2025-07-29 06:00:00,38.174,38.183,38.068,38.108,3840,16,0
2025-07-29 08:00:00,38.108,38.23,38.074,38.081,6446,15,0
2025-07-29 10:00:00,38.081,38.222,37.9,38.154,6697,13,0
2025-07-29 12:00:00,38.154,38.18,38.1,38.102,4535,13,0
2025-07-29 14:00:00,38.102,38.126,37.989,38.017,6368,16,0
2025-07-29 16:00:00,38.017,38.181,37.948,38.139,14401,15,0
2025-07-29 18:00:00,38.139,38.287,37.999,38.162,8577,12,0
2025-07-29 20:00:00,38.162,38.223,38.124,38.17,3448,12,0
2025-07-29 22:00:00,38.17,38.203,38.123,38.19,2439,12,0
2025-07-30 00:00:00,38.221,38.222,38.181,38.203,586,16,0
2025-07-30 02:00:00,38.203,38.223,38.167,38.186,2446,16,0
2025-07-30 04:00:00,38.186,38.201,37.995,38.162,5787,16,0
2025-07-30 06:00:00,38.162,38.23,38.136,38.181,2883,16,0
2025-07-30 08:00:00,38.181,38.239,38.027,38.08,5874,13,0
2025-07-30 10:00:00,38.08,38.124,38.015,38.101,4982,13,0
2025-07-30 12:00:00,38.101,38.122,37.957,37.98,4888,13,0
2025-07-30 14:00:00,37.98,37.99,37.741,37.802,9164,15,0
2025-07-30 16:00:00,37.805,37.812,37.478,37.663,16845,17,0
2025-07-30 18:00:00,37.663,37.706,37.481,37.674,7694,12,0
2025-07-30 20:00:00,37.675,37.74,37.077,37.084,13328,12,0
2025-07-30 22:00:00,37.084,37.143,36.778,37.11,12808,12,0
2025-07-31 00:00:00,37.11,37.163,37.076,37.088,1350,16,0
2025-07-31 02:00:00,37.088,37.153,37.013,37.134,4027,16,0
2025-07-31 04:00:00,37.133,37.168,36.968,37.163,9090,16,0
2025-07-31 06:00:00,37.163,37.266,37.071,37.247,4204,16,0
2025-07-31 08:00:00,37.247,37.264,37.116,37.179,5451,13,0
2025-07-31 10:00:00,37.179,37.183,36.906,36.944,7012,13,0
2025-07-31 12:00:00,36.944,36.958,36.233,36.296,8631,13,0
2025-07-31 14:00:00,36.296,36.693,36.204,36.662,10873,14,0
2025-07-31 16:00:00,36.662,36.805,36.454,36.459,15036,15,0
2025-07-31 18:00:00,36.459,36.71,36.451,36.662,7768,12,0
2025-07-31 20:00:00,36.662,36.718,36.586,36.693,4582,12,0
2025-07-31 22:00:00,36.693,36.735,36.634,36.699,3053,12,0
2025-08-01 00:00:00,36.709,36.727,36.647,36.712,944,16,0
2025-08-01 02:00:00,36.712,36.745,36.616,36.617,2720,16,0
2025-08-01 04:00:00,36.617,36.693,36.417,36.549,7033,16,0
2025-08-01 06:00:00,36.549,36.64,36.546,36.568,4280,16,0
2025-08-01 08:00:00,36.568,36.717,36.557,36.611,6671,13,0
2025-08-01 10:00:00,36.611,36.62,36.354,36.419,7682,13,0
2025-08-01 12:00:00,36.419,36.515,36.394,36.476,6215,13,0
2025-08-01 14:00:00,36.476,37.016,36.377,37.003,11879,16,0
2025-08-01 16:00:00,37.003,37.178,36.809,36.907,21595,15,0
2025-08-01 18:00:00,36.907,36.974,36.76,36.859,8465,12,0
2025-08-01 20:00:00,36.858,36.956,36.832,36.866,4888,12,0
2025-08-01 22:00:00,36.866,37.026,36.863,37.001,4219,12,0
2025-08-04 00:00:00,37.024,37.046,36.952,36.981,1732,16,0
2025-08-04 02:00:00,36.981,37.028,36.799,36.805,4024,16,0
2025-08-04 04:00:00,36.803,36.994,36.665,36.986,7240,16,0
2025-08-04 06:00:00,36.986,37.113,36.985,37.096,4638,16,0
2025-08-04 08:00:00,37.096,37.247,37.058,37.24,5388,13,0
2025-08-04 10:00:00,37.24,37.391,37.148,37.359,5766,13,0
2025-08-04 12:00:00,37.359,37.37,37.126,37.154,4885,13,0
2025-08-04 14:00:00,37.154,37.344,37.138,37.284,6198,15,0
2025-08-04 16:00:00,37.283,37.473,37.221,37.349,9861,15,0
2025-08-04 18:00:00,37.349,37.398,37.274,37.323,4834,12,0
2025-08-04 20:00:00,37.323,37.381,37.272,37.372,2829,12,0
2025-08-04 22:00:00,37.372,37.432,37.359,37.403,1725,12,0
2025-08-05 00:00:00,37.41,37.411,37.378,37.389,799,16,0
2025-08-05 02:00:00,37.389,37.443,37.382,37.402,2552,16,0
2025-08-05 04:00:00,37.402,37.483,37.359,37.424,4431,16,0
2025-08-05 06:00:00,37.424,37.454,37.359,37.377,2578,16,0
2025-08-05 08:00:00,37.377,37.485,37.318,37.331,5095,13,0
2025-08-05 10:00:00,37.331,37.516,37.33,37.441,5076,13,0
2025-08-05 12:00:00,37.441,37.477,37.3,37.337,4575,13,0
2025-08-05 14:00:00,37.337,37.53,37.312,37.476,6406,15,0
2025-08-05 16:00:00,37.476,37.87,37.416,37.772,12683,15,0
2025-08-05 18:00:00,37.772,37.837,37.696,37.794,6137,12,0
2025-08-05 20:00:00,37.794,37.875,37.78,37.835,3376,12,0
2025-08-05 22:00:00,37.835,37.849,37.784,37.798,1947,12,0
2025-08-06 00:00:00,37.807,37.816,37.769,37.783,648,16,0
2025-08-06 02:00:00,37.783,37.824,37.767,37.796,1905,16,0
2025-08-06 04:00:00,37.796,37.862,37.758,37.799,4121,16,0
2025-08-06 06:00:00,37.799,37.866,37.788,37.791,2578,16,0
2025-08-06 08:00:00,37.791,37.883,37.758,37.837,4089,13,0
2025-08-06 10:00:00,37.837,37.895,37.738,37.777,5000,13,0
2025-08-06 12:00:00,37.777,37.83,37.643,37.787,4885,13,0
2025-08-06 14:00:00,37.787,37.847,37.605,37.723,5145,15,0
2025-08-06 16:00:00,37.723,37.93,37.682,37.928,9178,15,0
2025-08-06 18:00:00,37.928,37.943,37.744,37.819,6544,12,0
2025-08-06 20:00:00,37.819,37.904,37.817,37.825,4217,12,0
2025-08-06 22:00:00,37.825,37.869,37.799,37.815,2504,12,0
2025-08-07 00:00:00,37.836,37.922,37.813,37.907,1032,16,0
2025-08-07 02:00:00,37.907,37.942,37.829,37.838,2718,16,0
2025-08-07 04:00:00,37.838,38.021,37.811,37.981,5137,16,0
2025-08-07 06:00:00,37.981,38.059,37.953,38.046,3149,16,0
2025-08-07 08:00:00,38.046,38.122,37.975,38.118,5121,13,0
2025-08-07 10:00:00,38.118,38.309,37.879,38.231,9059,13,0
2025-08-07 12:00:00,38.231,38.445,38.127,38.391,7693,13,0
2025-08-07 14:00:00,38.391,38.47,38.204,38.261,9586,15,0
2025-08-07 16:00:00,38.263,38.501,38.164,38.188,19895,15,0
2025-08-07 18:00:00,38.188,38.298,38.118,38.154,7242,12,0
2025-08-07 20:00:00,38.154,38.187,37.997,38.059,4479,12,0
2025-08-07 22:00:00,38.059,38.291,38.046,38.249,5186,12,0
2025-08-08 00:00:00,38.261,38.327,38.11,38.273,3368,16,0
2025-08-08 02:00:00,38.273,38.376,38.138,38.181,5275,16,0
2025-08-08 04:00:00,38.181,38.238,37.946,38.107,7050,16,0
2025-08-08 06:00:00,38.107,38.27,38.044,38.226,5739,16,0
2025-08-08 08:00:00,38.226,38.414,38.055,38.296,4767,12,0
2025-08-08 10:00:00,38.296,38.478,38.261,38.33,9950,13,0
2025-08-08 12:00:00,38.33,38.408,38.241,38.292,5854,13,0
2025-08-08 14:00:00,38.292,38.379,38.2,38.241,9260,15,0
2025-08-08 16:00:00,38.241,38.414,38.192,38.347,12998,15,0
2025-08-08 18:00:00,38.347,38.395,38.234,38.255,6348,12,0
2025-08-08 20:00:00,38.255,38.378,37.977,38.356,9105,12,0
2025-08-08 22:00:00,38.356,38.422,38.266,38.291,3659,12,0
2025-08-11 00:00:00,38.256,38.402,38.243,38.271,1153,17,0
2025-08-11 02:00:00,38.271,38.277,38.081,38.134,2748,16,0
2025-08-11 04:00:00,38.134,38.245,37.912,38.094,6330,16,0
2025-08-11 06:00:00,38.094,38.12,38.023,38.032,3004,16,0
2025-08-11 08:00:00,38.032,38.219,38.017,38.037,5517,13,0
2025-08-11 10:00:00,38.037,38.053,37.595,37.934,10002,13,0
2025-08-11 12:00:00,37.934,37.977,37.761,37.779,5597,13,0
2025-08-11 14:00:00,37.779,37.821,37.542,37.809,10363,15,0
2025-08-11 16:00:00,37.809,37.903,37.709,37.754,11977,15,0
2025-08-11 18:00:00,37.754,37.772,37.657,37.668,5455,12,0
2025-08-11 20:00:00,37.669,37.792,37.651,37.707,5575,12,0
2025-08-11 22:00:00,37.707,37.721,37.597,37.602,2163,12,0
2025-08-12 00:00:00,37.561,37.647,37.49,37.644,1071,16,0
2025-08-12 02:00:00,37.644,37.821,37.637,37.812,2439,16,0
2025-08-12 04:00:00,37.812,37.834,37.751,37.808,4515,16,0
2025-08-12 06:00:00,37.808,37.906,37.804,37.89,2999,16,0
2025-08-12 08:00:00,37.89,37.947,37.837,37.846,4396,13,0
2025-08-12 10:00:00,37.846,37.906,37.709,37.785,4621,13,0
2025-08-12 12:00:00,37.785,37.827,37.671,37.683,3902,13,0
2025-08-12 14:00:00,37.683,37.819,37.564,37.801,9466,15,0
2025-08-12 16:00:00,37.801,37.835,37.559,37.659,15648,15,0
2025-08-12 18:00:00,37.659,38.015,37.659,37.939,8625,12,0
2025-08-12 20:00:00,37.939,37.963,37.838,37.865,3091,12,0
2025-08-12 22:00:00,37.865,37.925,37.836,37.903,1764,12,0
2025-08-13 00:00:00,37.853,37.96,37.853,37.926,692,18,0
2025-08-13 02:00:00,37.926,37.938,37.84,37.85,1540,16,0
2025-08-13 04:00:00,37.85,38.188,37.85,38.123,5164,16,0
2025-08-13 06:00:00,38.123,38.192,38.113,38.191,2213,16,0
2025-08-13 08:00:00,38.191,38.394,38.148,38.364,4374,13,0
2025-08-13 10:00:00,38.364,38.499,38.347,38.492,3791,13,0
2025-08-13 12:00:00,38.492,38.597,38.481,38.587,3194,13,0
2025-08-13 14:00:00,38.587,38.64,38.463,38.543,6592,15,0
2025-08-13 16:00:00,38.543,38.573,38.341,38.508,10016,15,0
2025-08-13 18:00:00,38.508,38.52,38.39,38.491,4531,12,0
2025-08-13 20:00:00,38.491,38.571,38.442,38.468,2592,12,0
2025-08-13 22:00:00,38.468,38.547,38.455,38.485,1859,12,0
2025-08-14 00:00:00,38.531,38.544,38.488,38.521,606,17,0
2025-08-14 02:00:00,38.521,38.589,38.493,38.576,2440,16,0
2025-08-14 04:00:00,38.576,38.731,38.526,38.701,5056,16,0
2025-08-14 06:00:00,38.701,38.703,38.533,38.566,3079,16,0
2025-08-14 08:00:00,38.566,38.6,38.377,38.443,5881,13,0
2025-08-14 10:00:00,38.442,38.516,38.203,38.228,6792,13,0
2025-08-14 12:00:00,38.228,38.42,38.224,38.308,4189,13,0
2025-08-14 14:00:00,38.308,38.346,38.064,38.179,8735,15,0
2025-08-14 16:00:00,38.179,38.268,37.829,37.985,18090,15,0
2025-08-14 18:00:00,37.985,38.084,37.862,37.992,9127,12,0
2025-08-14 20:00:00,37.992,38.07,37.941,38.048,4778,12,0
2025-08-14 22:00:00,38.048,38.072,37.966,37.997,2298,12,0
2025-08-15 00:00:00,38.009,38.028,37.98,38.011,720,16,0
2025-08-15 02:00:00,38.011,38.025,37.97,38.015,1672,16,0
2025-08-15 04:00:00,38.015,38.023,37.809,37.946,5264,16,0
2025-08-15 06:00:00,37.946,38.06,37.942,38.031,2774,16,0
2025-08-15 08:00:00,38.031,38.097,37.986,37.988,4275,13,0
2025-08-15 10:00:00,37.988,38.055,37.875,37.95,4480,13,0
2025-08-15 12:00:00,37.95,37.95,37.785,37.791,5115,13,0
2025-08-15 14:00:00,37.791,37.895,37.724,37.813,7487,15,0
2025-08-15 16:00:00,37.813,37.913,37.675,37.896,11049,15,0
2025-08-15 18:00:00,37.896,37.994,37.884,37.919,5462,12,0
2025-08-15 20:00:00,37.919,38.009,37.874,37.979,3367,12,0
2025-08-15 22:00:00,37.979,38.003,37.951,37.971,2194,12,0
2025-08-18 00:00:00,38.005,38.016,37.881,37.897,1180,16,0
2025-08-18 02:00:00,37.897,38.101,37.809,38.046,3487,16,0
2025-08-18 04:00:00,38.046,38.123,37.965,37.984,6392,16,0
2025-08-18 06:00:00,37.984,38.163,37.982,38.152,2939,16,0
2025-08-18 08:00:00,38.157,38.166,38.006,38.122,5301,13,0
2025-08-18 10:00:00,38.122,38.143,37.983,38.094,5632,13,0
2025-08-18 12:00:00,38.096,38.168,38.075,38.097,3757,13,0
2025-08-18 14:00:00,38.097,38.265,38.034,38.201,5230,13,0
2025-08-18 16:00:00,38.2,38.238,37.998,38.063,8445,15,0
2025-08-18 18:00:00,38.063,38.085,37.957,37.973,3868,12,0
2025-08-18 20:00:00,37.973,38.044,37.968,38.008,2139,12,0
2025-08-18 22:00:00,38.008,38.051,37.993,38.018,1547,12,0
2025-08-19 00:00:00,37.953,38.088,37.944,38.081,716,16,0
2025-08-19 02:00:00,38.081,38.091,37.972,38.064,2503,16,0
2025-08-19 04:00:00,38.064,38.069,37.719,37.883,6395,16,0
2025-08-19 06:00:00,37.883,37.955,37.865,37.92,2880,16,0
2025-08-19 08:00:00,37.92,37.994,37.837,37.917,4951,13,0
2025-08-19 10:00:00,37.917,38.054,37.864,38.041,4034,13,0
2025-08-19 12:00:00,38.041,38.107,38.03,38.063,2823,13,0
2025-08-19 14:00:00,38.063,38.145,38.017,38.033,4021,15,0
2025-08-19 16:00:00,38.033,38.04,37.433,37.482,13007,15,0
2025-08-19 18:00:00,37.482,37.529,37.322,37.323,8122,12,0
2025-08-19 20:00:00,37.323,37.387,37.271,37.307,5212,12,0
2025-08-19 22:00:00,37.307,37.383,37.274,37.378,2214,12,0
2025-08-20 00:00:00,37.327,37.429,37.327,37.374,882,16,0
2025-08-20 02:00:00,37.374,37.389,37.322,37.369,2293,16,0
2025-08-20 04:00:00,37.369,37.376,37.189,37.228,6030,16,0
2025-08-20 06:00:00,37.228,37.266,37.156,37.188,2953,16,0
2025-08-20 08:00:00,37.188,37.228,37.144,37.161,4999,15,0
2025-08-20 10:00:00,37.161,37.196,36.953,37.053,4612,13,0
2025-08-20 12:00:00,37.053,37.106,36.978,37.051,3717,13,0
2025-08-20 14:00:00,37.051,37.641,37.043,37.608,7695,15,0
2025-08-20 16:00:00,37.608,37.838,37.586,37.756,11228,15,0
2025-08-20 18:00:00,37.755,37.811,37.707,37.784,4650,12,0
2025-08-20 20:00:00,37.784,37.84,37.767,37.802,3589,12,0
2025-08-20 22:00:00,37.802,37.935,37.796,37.881,2200,12,0
2025-08-21 00:00:00,37.922,37.954,37.871,37.912,835,17,0
2025-08-21 02:00:00,37.912,37.912,37.842,37.862,1621,16,0
2025-08-21 04:00:00,37.862,37.966,37.818,37.855,4400,16,0
2025-08-21 06:00:00,37.855,37.918,37.839,37.872,2256,16,0
2025-08-21 08:00:00,37.873,37.937,37.795,37.814,4204,13,0
2025-08-21 10:00:00,37.814,37.909,37.781,37.805,4597,13,0
2025-08-21 12:00:00,37.805,37.807,37.528,37.545,4134,13,0
2025-08-21 14:00:00,37.545,37.989,37.527,37.979,7137,15,0
2025-08-21 16:00:00,37.979,38.199,37.94,38.11,12322,15,0
2025-08-21 18:00:00,38.111,38.202,38.014,38.096,5971,12,0
2025-08-21 20:00:00,38.096,38.13,38.066,38.091,2970,12,0
2025-08-21 22:00:00,38.091,38.135,38.087,38.122,1791,12,0
2025-08-22 00:00:00,38.07,38.154,38.07,38.104,857,16,0
2025-08-22 02:00:00,38.104,38.165,38.072,38.159,2029,16,0
2025-08-22 04:00:00,38.159,38.186,38.087,38.099,4502,16,0
2025-08-22 06:00:00,38.099,38.113,38.035,38.052,2583,16,0
2025-08-22 08:00:00,38.052,38.083,37.895,37.995,4303,13,0
2025-08-22 10:00:00,37.995,38.107,37.942,38.019,4111,13,0
2025-08-22 12:00:00,38.019,38.058,37.933,38.007,2825,13,0
2025-08-22 14:00:00,38.008,38.009,37.686,37.809,7938,13,0
2025-08-22 16:00:00,37.809,38.969,37.782,38.941,18885,15,0
2025-08-22 18:00:00,38.941,39.057,38.88,38.977,9725,12,0
2025-08-22 20:00:00,38.976,39.059,38.975,38.998,3497,12,0
2025-08-22 22:00:00,38.998,39.003,38.855,38.855,2556,12,0
2025-08-25 00:00:00,38.87,38.953,38.861,38.919,1367,17,0
2025-08-25 02:00:00,38.919,38.973,38.862,38.965,2087,16,0
2025-08-25 04:00:00,38.965,38.992,38.756,38.771,5048,16,0
2025-08-25 06:00:00,38.771,38.853,38.75,38.812,2809,16,0
2025-08-25 08:00:00,38.812,38.973,38.782,38.957,3950,13,0
2025-08-25 10:00:00,38.957,38.957,38.788,38.799,3203,13,0
2025-08-25 12:00:00,38.799,38.801,38.688,38.697,3169,13,0
2025-08-25 14:00:00,38.697,38.836,38.619,38.703,4703,15,0
2025-08-25 16:00:00,38.703,38.931,38.562,38.856,9810,15,0
2025-08-25 18:00:00,38.856,38.906,38.722,38.759,5169,12,0
2025-08-25 20:00:00,38.759,38.767,38.641,38.65,3235,12,0
2025-08-25 22:00:00,38.65,38.664,38.52,38.557,2777,12,0
2025-08-26 00:00:00,38.538,38.579,38.498,38.551,1092,16,0
2025-08-26 02:00:00,38.551,38.753,38.331,38.736,7716,16,0
2025-08-26 04:00:00,38.736,38.765,38.661,38.693,6538,16,0
2025-08-26 06:00:00,38.693,38.849,38.656,38.84,3434,16,0
2025-08-26 08:00:00,38.84,38.842,38.697,38.707,4554,13,0
2025-08-26 10:00:00,38.707,38.73,38.555,38.628,5378,13,0
2025-08-26 12:00:00,38.628,38.736,38.366,38.438,5632,13,0
2025-08-26 14:00:00,38.438,38.537,38.38,38.4,7242,15,0
2025-08-26 16:00:00,38.402,38.6,38.376,38.582,11614,15,0
2025-08-26 18:00:00,38.582,38.651,38.508,38.535,5434,12,0
2025-08-26 20:00:00,38.535,38.558,38.486,38.533,3435,12,0
2025-08-26 22:00:00,38.533,38.609,38.513,38.6,2151,12,0
2025-08-27 00:00:00,38.555,38.695,38.555,38.676,1509,16,0
2025-08-27 02:00:00,38.676,38.691,38.607,38.623,2426,16,0
2025-08-27 04:00:00,38.623,38.638,38.493,38.533,4338,16,0
2025-08-27 06:00:00,38.533,38.567,38.427,38.439,2384,16,0
2025-08-27 08:00:00,38.44,38.532,38.406,38.422,4410,13,0
2025-08-27 10:00:00,38.422,38.463,38.335,38.378,4935,13,0
2025-08-27 12:00:00,38.378,38.381,38.073,38.199,5324,13,0
2025-08-27 14:00:00,38.199,38.417,38.195,38.272,6663,15,0
2025-08-27 16:00:00,38.272,38.402,38.119,38.393,11707,15,0
2025-08-27 18:00:00,38.393,38.625,38.381,38.609,6741,13,0
2025-08-27 20:00:00,38.609,38.622,38.533,38.542,4076,12,0
2025-08-27 22:00:00,38.542,38.588,38.466,38.57,2346,12,0
2025-08-28 00:00:00,38.532,38.629,38.532,38.576,733,16,0
2025-08-28 02:00:00,38.576,38.65,38.57,38.641,2168,16,0
2025-08-28 04:00:00,38.641,38.751,38.623,38.745,4995,16,0
2025-08-28 06:00:00,38.745,38.78,38.666,38.722,2750,16,0
2025-08-28 08:00:00,38.722,38.867,38.666,38.837,4711,13,0
2025-08-28 10:00:00,38.837,38.926,38.752,38.879,5458,13,0
2025-08-28 12:00:00,38.879,38.983,38.816,38.956,3838,13,0
2025-08-28 14:00:00,38.956,39.118,38.889,38.907,8115,15,0
2025-08-28 16:00:00,38.911,39.038,38.852,38.961,13349,15,0
2025-08-28 18:00:00,38.961,39.1,38.801,39.032,6028,12,0
2025-08-28 20:00:00,39.032,39.111,39.03,39.07,4057,12,0
2025-08-28 22:00:00,39.07,39.115,39.012,39.025,2491,12,0
2025-08-29 00:00:00,38.981,39.084,38.953,39.074,1055,16,0
2025-08-29 02:00:00,39.074,39.099,38.967,39.007,1783,16,0
2025-08-29 04:00:00,39.007,39.042,38.836,38.853,3998,16,0
2025-08-29 06:00:00,38.853,38.894,38.778,38.845,2359,16,0
2025-08-29 08:00:00,38.846,38.942,38.792,38.837,4888,13,0
2025-08-29 10:00:00,38.837,38.986,38.757,38.986,5009,13,0
2025-08-29 12:00:00,38.986,39.004,38.804,38.831,4309,13,0
2025-08-29 14:00:00,38.832,38.959,38.713,38.937,6597,15,0
2025-08-29 16:00:00,38.937,39.312,38.901,39.311,13870,15,0
2025-08-29 18:00:00,39.312,39.956,39.297,39.95,10908,12,0
2025-08-29 20:00:00,39.95,39.964,39.682,39.72,8159,12,0
2025-08-29 22:00:00,39.72,39.829,39.643,39.654,3617,12,0
2025-09-01 00:00:00,39.699,39.755,39.509,39.7,1707,16,0
2025-09-01 02:00:00,39.7,39.86,39.681,39.8,3227,16,0
2025-09-01 04:00:00,39.8,40.534,39.74,40.48,14383,16,0
2025-09-01 06:00:00,40.48,40.51,40.276,40.455,6913,16,0
2025-09-01 08:00:00,40.455,40.669,40.389,40.569,9941,13,0
2025-09-01 10:00:00,40.569,40.756,40.405,40.693,10539,13,0
2025-09-01 12:00:00,40.693,40.693,40.481,40.582,8394,13,0
2025-09-01 14:00:00,40.581,40.649,40.445,40.592,11565,15,0
2025-09-01 16:00:00,40.594,40.748,40.57,40.679,12372,15,0
2025-09-01 18:00:00,40.676,40.732,40.524,40.673,5552,12,0
2025-09-01 20:00:00,40.673,40.753,40.64,40.687,3189,12,0
2025-09-02 00:00:00,40.631,40.733,40.558,40.563,1360,17,0
2025-09-02 02:00:00,40.563,40.769,40.554,40.751,5066,16,0
2025-09-02 04:00:00,40.751,40.846,40.577,40.672,15218,16,0
2025-09-02 06:00:00,40.672,40.818,40.607,40.796,6194,16,0
2025-09-02 08:00:00,40.796,40.8,40.586,40.689,9358,13,0
2025-09-02 10:00:00,40.689,40.77,40.165,40.236,13619,13,0
2025-09-02 12:00:00,40.236,40.53,40.233,40.499,9029,13,0
2025-09-02 14:00:00,40.5,40.635,40.211,40.39,13714,15,0
2025-09-02 16:00:00,40.394,40.769,40.132,40.751,22650,15,0
2025-09-02 18:00:00,40.751,40.91,40.705,40.88,11027,12,0
2025-09-02 20:00:00,40.879,40.887,40.726,40.877,6089,12,0
2025-09-02 22:00:00,40.877,40.928,40.862,40.881,3758,12,0
2025-09-03 00:00:00,40.846,40.9,40.781,40.858,1027,16,0
2025-09-03 02:00:00,40.859,40.971,40.751,40.773,5254,16,0
2025-09-03 04:00:00,40.773,40.869,40.647,40.671,12562,16,0
2025-09-03 06:00:00,40.67,40.774,40.633,40.719,6199,16,0
2025-09-03 08:00:00,40.719,40.864,40.62,40.807,10316,13,0
2025-09-03 10:00:00,40.81,40.86,40.681,40.789,8357,13,0
2025-09-03 12:00:00,40.79,40.887,40.765,40.859,8394,13,0
2025-09-03 14:00:00,40.864,40.97,40.833,40.96,12098,15,0
2025-09-03 16:00:00,40.96,41.456,40.924,41.048,24217,15,0
2025-09-03 18:00:00,41.048,41.302,41.032,41.299,11366,12,0
2025-09-03 20:00:00,41.299,41.396,41.088,41.162,8032,12,0
2025-09-03 22:00:00,41.162,41.238,41.059,41.186,6683,12,0
2025-09-04 00:00:00,41.138,41.189,41.028,41.046,1805,16,0
2025-09-04 02:00:00,41.046,41.222,40.954,41.175,5228,16,0
2025-09-04 04:00:00,41.175,41.191,40.634,40.671,15081,16,0
2025-09-04 06:00:00,40.671,40.78,40.523,40.751,9051,16,0
2025-09-04 08:00:00,40.751,40.933,40.742,40.856,10651,13,0
2025-09-04 10:00:00,40.856,40.947,40.767,40.93,9260,13,0
2025-09-04 12:00:00,40.93,41.037,40.855,40.96,9174,13,0
2025-09-04 14:00:00,40.96,41.018,40.814,40.906,13046,15,0
2025-09-04 16:00:00,40.904,40.995,40.392,40.649,23035,15,0
2025-09-04 18:00:00,40.649,40.785,40.598,40.762,8360,12,0
2025-09-04 20:00:00,40.761,40.794,40.477,40.593,6587,12,0
2025-09-04 22:00:00,40.593,40.718,40.591,40.648,3420,12,0
2025-09-05 00:00:00,40.587,40.634,40.544,40.602,1150,16,0
2025-09-05 02:00:00,40.602,40.762,40.602,40.747,4050,16,0
2025-09-05 04:00:00,40.747,40.839,40.696,40.834,8511,16,0
2025-09-05 06:00:00,40.834,40.877,40.798,40.86,5052,16,0
2025-09-05 08:00:00,40.86,40.92,40.786,40.867,8059,15,0
2025-09-05 10:00:00,40.867,40.867,40.714,40.772,7316,13,0
2025-09-05 12:00:00,40.772,40.816,40.709,40.725,3867,13,0
2025-09-05 14:00:00,40.725,41.275,40.564,41.258,14556,15,0
2025-09-05 16:00:00,41.258,41.412,40.722,40.954,31302,15,0
2025-09-05 18:00:00,40.954,41.094,40.821,40.98,14284,12,0
2025-09-05 20:00:00,40.98,41.015,40.891,40.979,7357,12,0
2025-09-05 22:00:00,40.979,41.013,40.913,40.97,3877,12,0
2025-09-08 00:00:00,40.944,40.957,40.738,40.876,3010,16,0
2025-09-08 02:00:00,40.876,40.935,40.821,40.917,4742,16,0
2025-09-08 04:00:00,40.917,41.059,40.621,40.72,13212,16,0
2025-09-08 06:00:00,40.72,40.74,40.521,40.569,5366,16,0
2025-09-08 08:00:00,40.569,40.989,40.561,40.986,9285,13,0
2025-09-08 10:00:00,40.98,41.199,40.963,41.166,8952,13,0
2025-09-08 12:00:00,41.166,41.345,41.104,41.166,7529,13,0
2025-09-08 14:00:00,41.166,41.351,41.146,41.307,8513,15,0
2025-09-08 16:00:00,41.307,41.574,41.149,41.558,22400,15,0
2025-09-08 18:00:00,41.559,41.661,41.221,41.296,14942,12,0
2025-09-08 20:00:00,41.296,41.367,41.215,41.356,6179,12,0
2025-09-08 22:00:00,41.356,41.36,41.272,41.318,3217,12,0
2025-09-09 00:00:00,41.274,41.338,41.248,41.323,1158,16,0
2025-09-09 02:00:00,41.323,41.365,41.263,41.362,3235,16,0
2025-09-09 04:00:00,41.361,41.415,41.24,41.376,9807,16,0
2025-09-09 06:00:00,41.377,41.404,41.199,41.359,6475,16,0
2025-09-09 08:00:00,41.358,41.475,41.236,41.327,11733,13,0
2025-09-09 10:00:00,41.326,41.43,41.204,41.221,9835,13,0
2025-09-09 12:00:00,41.221,41.32,41.202,41.211,8127,13,0
2025-09-09 14:00:00,41.214,41.311,41.031,41.051,11742,15,0
2025-09-09 16:00:00,41.051,41.393,40.788,40.963,28641,15,0
2025-09-09 18:00:00,40.963,40.99,40.776,40.852,13697,12,0
2025-09-09 20:00:00,40.855,40.985,40.815,40.965,6503,12,0
2025-09-09 22:00:00,40.965,40.983,40.852,40.86,4269,12,0
2025-09-10 00:00:00,40.776,40.887,40.747,40.865,1811,16,0
2025-09-10 02:00:00,40.865,40.912,40.742,40.756,4169,16,0
2025-09-10 04:00:00,40.756,41.023,40.706,41.008,9635,16,0
2025-09-10 06:00:00,41.008,41.072,40.987,41.069,4210,16,0
2025-09-10 08:00:00,41.069,41.16,40.987,41.066,7356,13,0
2025-09-10 10:00:00,41.065,41.177,40.992,41.102,7454,13,0
2025-09-10 12:00:00,41.102,41.238,41.068,41.183,6085,13,0
2025-09-10 14:00:00,41.183,41.219,40.957,41.036,12538,15,0
2025-09-10 16:00:00,41.036,41.285,40.975,41.186,17095,15,0
2025-09-10 18:00:00,41.186,41.21,41.059,41.145,7194,12,0
2025-09-10 20:00:00,41.145,41.218,41.117,41.136,4589,12,0
2025-09-10 22:00:00,41.136,41.198,41.029,41.14,3831,12,0
2025-09-11 00:00:00,41.131,41.186,41.122,41.146,930,16,0
2025-09-11 02:00:00,41.146,41.237,41.115,41.137,3236,16,0
2025-09-11 04:00:00,41.137,41.238,41.072,41.107,6208,16,0
2025-09-11 06:00:00,41.107,41.143,41.03,41.036,4524,16,0
2025-09-11 08:00:00,41.036,41.147,40.903,41.103,9237,13,0
2025-09-11 10:00:00,41.103,41.118,40.971,41.042,7826,13,0
2025-09-11 12:00:00,41.045,41.083,40.883,41.038,6848,13,0
2025-09-11 14:00:00,41.038,41.297,40.869,41.065,13804,15,0
2025-09-11 16:00:00,41.065,41.467,41.025,41.322,22168,15,0
2025-09-11 18:00:00,41.322,41.759,41.314,41.648,11824,12,0
2025-09-11 20:00:00,41.648,41.657,41.46,41.502,6854,12,0
2025-09-11 22:00:00,41.503,41.634,41.496,41.536,3032,12,0
2025-09-12 00:00:00,41.486,41.559,41.462,41.541,896,16,0
2025-09-12 02:00:00,41.541,41.562,41.386,41.452,2930,16,0
2025-09-12 04:00:00,41.452,42.093,41.452,41.861,12990,16,0
2025-09-12 06:00:00,41.861,42.14,41.786,42.085,5400,16,0
2025-09-12 08:00:00,42.085,42.164,41.966,42.044,6198,13,0
2025-09-12 10:00:00,42.043,42.46,42.014,42.236,6594,13,0
2025-09-12 12:00:00,42.235,42.382,42.199,42.271,6682,13,0
2025-09-12 14:00:00,42.271,42.299,41.81,41.989,8815,15,0
2025-09-12 16:00:00,41.989,42.338,41.902,42.206,18782,15,0
2025-09-12 18:00:00,42.206,42.288,42.103,42.249,8200,12,0
2025-09-12 20:00:00,42.249,42.331,42.246,42.247,4380,12,0
2025-09-12 22:00:00,42.247,42.251,42.103,42.153,3138,12,0
2025-09-15 00:00:00,42.137,42.237,42.1,42.152,1323,16,0
2025-09-15 02:00:00,42.152,42.213,42.056,42.155,2853,16,0
2025-09-15 04:00:00,42.155,42.235,41.998,42.141,7987,16,0
2025-09-15 06:00:00,42.141,42.304,42.14,42.285,3279,16,0
2025-09-15 08:00:00,42.283,42.286,42.102,42.138,5642,13,0
2025-09-15 10:00:00,42.135,42.245,42.07,42.206,7155,13,0
2025-09-15 12:00:00,42.206,42.243,42.091,42.181,5463,13,0
2025-09-15 14:00:00,42.181,42.256,42.019,42.173,8208,15,0
2025-09-15 16:00:00,42.173,42.443,42.082,42.443,13637,15,0
2025-09-15 18:00:00,42.444,42.667,42.402,42.485,10321,12,0
2025-09-15 20:00:00,42.485,42.639,42.478,42.623,5850,12,0
2025-09-15 22:00:00,42.623,42.731,42.622,42.664,2990,12,0
2025-09-16 00:00:00,42.65,42.692,42.599,42.599,959,16,0
2025-09-16 02:00:00,42.601,42.708,42.6,42.69,2782,16,0
2025-09-16 04:00:00,42.69,42.74,42.34,42.371,11573,16,0
2025-09-16 06:00:00,42.371,42.674,42.352,42.656,4789,16,0
2025-09-16 08:00:00,42.656,42.773,42.597,42.745,6773,13,0
2025-09-16 10:00:00,42.746,42.756,42.67,42.686,6425,13,0
2025-09-16 12:00:00,42.686,42.762,42.674,42.675,4992,13,0
2025-09-16 14:00:00,42.675,42.859,42.673,42.822,8840,15,0
2025-09-16 16:00:00,42.822,42.961,42.558,42.613,19032,15,0
2025-09-16 18:00:00,42.614,42.651,42.247,42.574,12639,12,0
2025-09-16 20:00:00,42.574,42.595,42.42,42.53,5410,12,0
2025-09-16 22:00:00,42.53,42.597,42.502,42.541,2677,12,0
2025-09-17 00:00:00,42.562,42.632,42.53,42.617,657,16,0
2025-09-17 02:00:00,42.618,42.626,42.525,42.53,2230,16,0
2025-09-17 04:00:00,42.53,42.574,41.783,41.963,13902,16,0
2025-09-17 06:00:00,41.963,42.032,41.853,41.993,4622,16,0
2025-09-17 08:00:00,41.993,42.111,41.819,41.896,7732,13,0
2025-09-17 10:00:00,41.896,41.919,41.538,41.598,7668,13,0
2025-09-17 12:00:00,41.599,41.643,41.106,41.291,7907,13,0
2025-09-17 14:00:00,41.291,41.906,41.224,41.888,9456,15,0
2025-09-17 16:00:00,41.89,42.077,41.727,42.065,14408,15,0
2025-09-17 18:00:00,42.065,42.08,41.922,41.946,5576,12,0
2025-09-17 20:00:00,41.952,42.234,41.156,41.381,23518,12,0
2025-09-17 22:00:00,41.381,41.694,41.264,41.666,15446,12,0
2025-09-18 00:00:00,41.574,41.724,41.574,41.718,1053,16,0
2025-09-18 02:00:00,41.719,41.881,41.673,41.741,4909,16,0
2025-09-18 04:00:00,41.741,41.872,41.469,41.683,11642,16,0
2025-09-18 06:00:00,41.683,41.695,41.294,41.366,4339,16,0
2025-09-18 08:00:00,41.366,41.535,41.186,41.412,11018,13,0
2025-09-18 10:00:00,41.412,41.855,41.398,41.824,7994,13,0
2025-09-18 12:00:00,41.824,41.966,41.799,41.839,5932,13,0
2025-09-18 14:00:00,41.839,41.926,41.767,41.837,7523,15,0
2025-09-18 16:00:00,41.836,41.837,41.446,41.594,20340,15,0
2025-09-18 18:00:00,41.595,41.816,41.568,41.811,9085,12,0
2025-09-18 20:00:00,41.811,41.835,41.758,41.81,4861,12,0
2025-09-18 22:00:00,41.81,41.854,41.779,41.801,2385,12,0
2025-09-19 00:00:00,41.743,41.819,41.743,41.761,632,16,0
2025-09-19 02:00:00,41.761,41.788,41.644,41.692,2261,16,0
2025-09-19 04:00:00,41.692,42.165,41.652,42.025,9136,16,0
2025-09-19 06:00:00,42.025,42.36,41.972,42.337,6325,16,0
2025-09-19 08:00:00,42.337,42.378,42.051,42.097,8168,13,0
2025-09-19 10:00:00,42.095,42.248,41.945,42.243,5026,13,0
2025-09-19 12:00:00,42.243,42.279,42.198,42.237,2597,13,0
2025-09-19 14:00:00,42.237,42.253,41.955,42.062,5842,15,0
2025-09-19 16:00:00,42.062,42.69,42.014,42.601,14583,15,0
2025-09-19 18:00:00,42.601,42.793,42.589,42.676,9481,12,0
2025-09-19 20:00:00,42.676,43.027,42.639,43.019,6632,12,0
2025-09-19 22:00:00,43.019,43.075,42.92,43.053,3210,12,0
2025-09-22 00:00:00,43.098,43.148,43.043,43.09,2995,16,0
2025-09-22 02:00:00,43.09,43.177,43.017,43.17,3733,16,0
2025-09-22 04:00:00,43.17,43.25,43.091,43.241,11441,16,0
2025-09-22 06:00:00,43.241,43.59,43.229,43.53,5745,16,0
2025-09-22 08:00:00,43.53,43.766,43.527,43.738,9454,13,0
2025-09-22 10:00:00,43.736,43.736,43.452,43.692,8447,13,0
2025-09-22 12:00:00,43.692,43.784,43.627,43.733,6069,13,0
2025-09-22 14:00:00,43.733,43.796,43.35,43.554,10521,15,0
2025-09-22 16:00:00,43.554,43.739,43.341,43.716,18520,15,0
2025-09-22 18:00:00,43.716,43.963,43.696,43.897,9248,12,0
2025-09-22 20:00:00,43.897,44.089,43.875,44.076,5138,12,0
2025-09-22 22:00:00,44.076,44.11,44.033,44.061,3220,12,0
2025-09-23 00:00:00,44.027,44.063,43.964,43.979,1037,16,0
2025-09-23 02:00:00,43.979,44.094,43.869,43.875,3964,16,0
2025-09-23 04:00:00,43.875,44.037,43.632,43.782,12081,16,0
2025-09-23 06:00:00,43.782,43.956,43.723,43.928,4569,16,0
2025-09-23 08:00:00,43.928,44.101,43.72,43.801,8885,13,0
2025-09-23 10:00:00,43.801,44.145,43.657,44.104,8393,13,0
2025-09-23 12:00:00,44.104,44.325,44.085,44.318,7194,13,0
2025-09-23 14:00:00,44.319,44.436,44.193,44.431,9864,13,0
2025-09-23 16:00:00,44.431,44.457,44.123,44.291,20108,15,0
2025-09-23 18:00:00,44.291,44.342,44.067,44.255,11177,12,0
2025-09-23 20:00:00,44.255,44.354,43.986,44.0,10531,12,0
2025-09-23 22:00:00,43.999,44.1,43.841,44.027,8673,12,0
2025-09-24 00:00:00,43.982,44.153,43.982,44.124,1002,16,0
2025-09-24 02:00:00,44.124,44.152,43.892,44.024,3673,16,0
2025-09-24 04:00:00,44.024,44.035,43.664,43.922,10901,16,0
2025-09-24 06:00:00,43.922,44.164,43.913,44.148,5002,16,0
2025-09-24 08:00:00,44.148,44.296,44.053,44.093,7033,13,0
2025-09-24 10:00:00,44.093,44.277,44.063,44.125,6205,13,0
2025-09-24 12:00:00,44.125,44.172,43.822,43.861,5971,13,0
2025-09-24 14:00:00,43.861,44.148,43.826,44.094,8806,15,0
2025-09-24 16:00:00,44.094,44.308,43.918,43.961,18700,15,0
2025-09-24 18:00:00,43.961,44.171,43.766,43.887,14246,12,0
2025-09-24 20:00:00,43.887,43.971,43.696,43.786,8498,12,0
2025-09-24 22:00:00,43.786,43.924,43.669,43.889,5687,12,0
2025-09-25 00:00:00,43.842,43.927,43.842,43.911,1003,16,0
2025-09-25 02:00:00,43.911,43.967,43.898,43.947,2493,16,0
2025-09-25 04:00:00,43.947,43.985,43.763,43.969,9378,16,0
2025-09-25 06:00:00,43.969,44.005,43.889,43.936,3629,16,0
2025-09-25 08:00:00,43.936,44.01,43.85,43.974,4582,14,0
2025-09-25 10:00:00,43.974,44.869,43.943,44.792,12048,13,0
2025-09-25 12:00:00,44.792,45.068,44.738,45.001,9375,13,0
2025-09-25 14:00:00,45.001,45.001,44.44,44.544,16415,15,0
2025-09-25 16:00:00,44.544,44.7,44.196,44.69,28489,15,0
2025-09-25 18:00:00,44.69,44.875,44.605,44.787,12541,12,0
2025-09-25 20:00:00,44.787,45.125,44.724,45.099,9873,12,0
2025-09-25 22:00:00,45.099,45.219,45.032,45.166,5626,12,0
2025-09-26 00:00:00,45.172,45.177,44.699,44.786,2189,16,0
2025-09-26 02:00:00,44.787,45.026,44.632,45.014,6020,16,0
2025-09-26 04:00:00,45.014,45.06,44.595,44.687,11294,16,0
2025-09-26 06:00:00,44.687,44.812,44.613,44.704,4587,16,0
2025-09-26 08:00:00,44.703,45.204,44.676,45.115,9488,13,0
2025-09-26 10:00:00,45.115,45.209,44.916,45.096,8573,13,0
2025-09-26 12:00:00,45.096,45.147,44.946,45.024,5774,13,0
2025-09-26 14:00:00,45.024,45.276,44.989,45.242,10899,15,0
2025-09-26 16:00:00,45.242,45.726,45.233,45.717,25666,15,0
2025-09-26 18:00:00,45.717,46.312,45.68,46.217,16790,12,0
2025-09-26 20:00:00,46.216,46.624,46.21,46.451,12586,12,0
2025-09-26 22:00:00,46.45,46.45,46.01,46.043,9255,12,0
2025-09-29 00:00:00,46.135,46.348,46.104,46.341,2758,16,0
2025-09-29 02:00:00,46.341,46.584,46.238,46.564,6510,16,0
2025-09-29 04:00:00,46.564,46.626,45.939,46.492,19739,16,0
2025-09-29 06:00:00,46.492,47.169,46.47,46.827,15072,16,0
2025-09-29 08:00:00,46.827,47.175,46.647,47.007,16501,13,0
2025-09-29 10:00:00,47.008,47.022,46.597,46.98,13714,13,0
2025-09-29 12:00:00,46.98,46.996,46.801,46.95,8601,13,0
2025-09-29 14:00:00,46.951,47.069,46.586,46.611,16521,12,0
2025-09-29 16:00:00,46.611,47.067,46.47,46.983,25334,15,0
2025-09-29 18:00:00,46.983,47.089,46.795,47.003,13361,12,0
2025-09-29 20:00:00,47.003,47.022,46.72,46.777,10188,12,0
2025-09-29 22:00:00,46.777,46.931,46.727,46.914,5517,12,0
2025-09-30 00:00:00,46.912,46.954,46.723,46.777,1521,16,0
2025-09-30 02:00:00,46.776,46.947,46.737,46.865,4661,16,0
2025-09-30 04:00:00,46.865,47.112,46.779,46.972,14588,16,0
2025-09-30 06:00:00,46.972,47.114,46.891,47.098,8436,16,0
2025-09-30 08:00:00,47.098,47.166,46.679,46.759,13023,13,0
2025-09-30 10:00:00,46.759,46.826,46.158,46.186,20084,13,0
2025-09-30 12:00:00,46.186,46.33,45.797,46.217,15562,13,0
2025-09-30 14:00:00,46.217,46.231,45.995,46.191,12281,15,0
2025-09-30 16:00:00,46.187,46.784,45.946,46.754,21268,15,0
2025-09-30 18:00:00,46.754,46.763,46.191,46.475,16046,12,0
2025-09-30 20:00:00,46.475,46.557,46.332,46.55,7617,12,0
2025-09-30 22:00:00,46.55,46.689,46.513,46.619,5397,12,0
2025-10-01 00:00:00,46.685,46.729,46.621,46.685,1866,16,0
2025-10-01 02:00:00,46.685,46.769,46.65,46.693,3917,16,0
2025-10-01 04:00:00,46.69,47.55,46.679,47.31,13700,16,0
2025-10-01 06:00:00,47.306,47.358,46.858,47.104,10080,16,0
2025-10-01 08:00:00,47.104,47.115,46.676,46.899,9551,13,0
2025-10-01 10:00:00,46.899,47.461,46.858,47.38,14558,13,0
2025-10-01 12:00:00,47.383,47.408,47.133,47.233,10080,13,0
2025-10-01 14:00:00,47.233,47.483,47.084,47.228,17023,15,0
2025-10-01 16:00:00,47.228,47.82,47.2,47.467,25657,15,0
2025-10-01 18:00:00,47.467,47.595,47.238,47.575,17450,12,0
2025-10-01 20:00:00,47.575,47.605,47.261,47.444,9310,12,0
2025-10-01 22:00:00,47.444,47.486,47.2,47.308,6131,12,0
2025-10-02 00:00:00,47.244,47.362,47.16,47.241,1430,17,0
2025-10-02 02:00:00,47.241,47.331,47.062,47.164,5782,16,0
2025-10-02 04:00:00,47.164,47.519,46.963,47.278,8544,16,0
2025-10-02 06:00:00,47.278,47.3,47.151,47.226,4394,16,0
2025-10-02 08:00:00,47.226,47.515,47.226,47.313,7359,14,0
2025-10-02 10:00:00,47.312,47.521,47.309,47.497,9153,13,0
2025-10-02 12:00:00,47.497,47.541,47.356,47.434,6763,13,0
2025-10-02 14:00:00,47.434,47.872,47.383,47.735,13198,13,0
2025-10-02 16:00:00,47.735,48.045,45.923,46.315,31237,15,0
2025-10-02 18:00:00,46.315,46.535,45.905,46.428,21578,12,0
2025-10-02 20:00:00,46.428,46.772,46.389,46.724,7729,12,0
2025-10-02 22:00:00,46.724,46.974,46.717,46.963,5342,12,0
2025-10-03 00:00:00,46.899,46.989,46.88,46.916,1687,16,0
2025-10-03 02:00:00,46.916,46.987,46.797,46.823,4681,16,0
2025-10-03 04:00:00,46.823,46.981,46.637,46.816,7541,16,0
2025-10-03 06:00:00,46.816,46.921,46.654,46.887,5803,16,0
2025-10-03 08:00:00,46.887,47.341,46.871,47.271,7793,13,0
2025-10-03 10:00:00,47.271,47.428,47.241,47.415,6545,13,0
2025-10-03 12:00:00,47.415,47.566,47.21,47.544,6090,13,0
2025-10-03 14:00:00,47.544,47.845,47.236,47.811,11345,15,0
2025-10-03 16:00:00,47.813,47.939,47.406,47.91,23807,15,0
2025-10-03 18:00:00,47.91,48.368,47.805,48.029,16340,12,0
2025-10-03 20:00:00,48.03,48.098,47.713,48.037,12699,12,0
2025-10-03 22:00:00,48.037,48.099,47.927,47.964,5053,12,0
2025-10-06 00:00:00,48.053,48.2,47.935,48.154,3490,16,0
2025-10-06 02:00:00,48.153,48.273,47.973,48.119,9753,16,0
2025-10-06 04:00:00,48.119,48.373,48.094,48.27,7980,16,0
2025-10-06 06:00:00,48.27,48.628,48.252,48.601,7856,16,0
2025-10-06 08:00:00,48.601,48.644,48.425,48.609,9566,13,0
2025-10-06 10:00:00,48.606,48.755,48.562,48.678,12209,13,0
2025-10-06 12:00:00,48.679,48.722,48.305,48.541,8484,13,0
2025-10-06 14:00:00,48.541,48.555,48.049,48.266,16508,10,0
2025-10-06 16:00:00,48.267,48.739,48.261,48.65,22451,15,0
2025-10-06 18:00:00,48.652,48.761,48.346,48.569,16024,12,0
2025-10-06 20:00:00,48.569,48.711,48.532,48.668,7306,12,0
2025-10-06 22:00:00,48.669,48.718,48.487,48.494,4303,12,0
2025-10-07 00:00:00,48.422,48.61,48.356,48.453,3459,16,0
2025-10-07 02:00:00,48.453,48.583,48.318,48.343,6805,16,0
2025-10-07 04:00:00,48.343,48.546,48.251,48.531,7098,16,0
2025-10-07 06:00:00,48.531,48.642,48.348,48.591,6579,16,0
2025-10-07 08:00:00,48.591,48.642,48.423,48.484,9359,13,0
2025-10-07 10:00:00,48.484,48.488,47.723,48.18,16545,13,0
2025-10-07 12:00:00,48.18,48.524,48.174,48.437,7051,13,0
2025-10-07 14:00:00,48.442,48.632,48.348,48.534,11259,15,0
2025-10-07 16:00:00,48.529,48.563,47.99,48.174,25454,15,0
2025-10-07 18:00:00,48.176,48.286,47.333,47.521,26504,12,0
2025-10-07 20:00:00,47.522,47.886,47.438,47.692,13149,12,0
2025-10-07 22:00:00,47.692,47.837,47.618,47.804,5814,12,0
2025-10-08 00:00:00,47.812,47.882,47.782,47.877,1778,17,0
2025-10-08 02:00:00,47.877,48.016,47.816,47.889,6042,16,0
2025-10-08 04:00:00,47.889,48.452,47.733,48.451,11934,16,0
2025-10-08 06:00:00,48.451,48.509,48.227,48.498,8583,16,0
2025-10-08 08:00:00,48.498,48.93,48.386,48.634,13793,13,0
2025-10-08 10:00:00,48.634,48.866,48.547,48.746,11244,13,0
2025-10-08 12:00:00,48.746,48.993,48.686,48.956,11029,13,0
2025-10-08 14:00:00,48.959,49.062,48.801,49.009,12731,15,0
2025-10-08 16:00:00,49.009,49.203,48.76,49.194,20793,15,0
2025-10-08 18:00:00,49.194,49.543,49.193,49.349,17766,12,0
2025-10-08 20:00:00,49.349,49.487,49.163,49.281,12900,12,0
2025-10-08 22:00:00,49.283,49.371,48.701,48.838,11900,12,0
2025-10-09 00:00:00,48.809,49.074,48.351,48.99,3519,16,0
2025-10-09 02:00:00,48.99,49.022,48.478,48.8,8635,8,0
2025-10-09 04:00:00,48.802,49.124,48.462,48.779,20718,16,0
2025-10-09 06:00:00,48.779,49.075,48.768,49.062,8271,16,0
2025-10-09 08:00:00,49.062,49.265,48.746,48.911,13324,13,0
2025-10-09 10:00:00,48.912,49.318,48.902,49.312,9772,13,0
2025-10-09 12:00:00,49.313,49.681,49.308,49.675,7737,13,0
2025-10-09 14:00:00,49.675,50.713,49.592,50.693,14050,15,0
2025-10-09 16:00:00,50.688,51.243,49.761,50.565,33360,8,0
2025-10-09 18:00:00,50.563,51.067,48.855,48.931,21609,12,0
2025-10-09 20:00:00,48.939,49.101,48.46,48.658,22574,12,0
2025-10-09 22:00:00,48.658,49.41,48.646,49.269,11702,12,0
2025-10-10 00:00:00,48.886,49.276,48.653,48.976,2088,151,0
2025-10-10 02:00:00,49.052,49.76,49.052,49.751,5756,16,0
2025-10-10 04:00:00,49.668,49.789,49.493,49.515,12768,16,0
2025-10-10 06:00:00,49.514,49.523,48.86,49.42,12884,16,0
2025-10-10 08:00:00,49.42,50.007,49.417,49.93,15856,13,0
2025-10-10 10:00:00,49.927,50.98,49.846,50.965,14198,13,0
2025-10-10 12:00:00,50.966,51.132,49.598,50.266,9821,13,0
2025-10-10 14:00:00,50.266,50.598,49.811,49.951,15940,15,0
2025-10-10 16:00:00,49.951,50.733,49.727,50.369,29967,15,0
2025-10-10 18:00:00,50.368,50.42,49.704,49.841,36385,12,0
2025-10-10 20:00:00,49.84,50.283,49.723,49.939,22571,12,0
2025-10-10 22:00:00,49.939,50.288,49.733,49.978,13016,12,0
2025-10-13 00:00:00,50.196,50.446,50.194,50.209,488,300,0
2025-10-13 02:00:00,50.306,50.636,50.074,50.216,7790,16,0
2025-10-13 04:00:00,50.216,50.907,50.013,50.854,15228,16,0
2025-10-13 06:00:00,50.854,51.62,50.849,51.472,9393,16,0
2025-10-13 08:00:00,51.472,51.7,51.339,51.623,13855,13,0
2025-10-13 10:00:00,51.623,51.733,51.13,51.468,12135,13,0
2025-10-13 12:00:00,51.468,51.503,50.431,51.112,10965,13,0
2025-10-13 14:00:00,51.112,51.687,51.085,51.642,12973,15,0
2025-10-13 16:00:00,51.641,52.057,51.562,51.927,24085,14,0
2025-10-13 18:00:00,51.93,52.075,51.418,51.966,19255,12,0
2025-10-13 20:00:00,51.966,52.206,51.673,52.065,13983,12,0
2025-10-13 22:00:00,52.065,52.449,51.878,52.367,8669,12,0
2025-10-14 00:00:00,51.79,52.417,51.748,52.196,1735,200,0
2025-10-14 02:00:00,52.196,52.638,52.135,52.531,9710,16,0
2025-10-14 04:00:00,52.529,53.066,52.517,52.887,16570,16,0
2025-10-14 06:00:00,52.887,53.524,52.741,53.217,10753,16,0
2025-10-14 08:00:00,53.217,53.528,50.129,51.606,19783,14,0
2025-10-14 10:00:00,51.594,52.438,51.473,51.908,21865,14,0
2025-10-14 12:00:00,51.909,51.93,50.792,51.342,18390,22,0
2025-10-14 14:00:00,51.343,51.685,50.524,50.596,19215,22,0
2025-10-14 16:00:00,50.595,51.801,50.459,51.4,35959,22,0
2025-10-14 18:00:00,51.397,51.912,51.342,51.646,25328,22,0
2025-10-14 20:00:00,51.646,51.93,51.541,51.825,18437,22,0
2025-10-14 22:00:00,51.825,51.869,51.303,51.343,13668,22,0
2025-10-15 00:00:00,51.419,51.611,51.362,51.57,3382,22,0
2025-10-15 02:00:00,51.573,52.094,51.51,51.813,10238,22,0
2025-10-15 04:00:00,51.813,52.224,51.573,51.642,20276,22,0
2025-10-15 06:00:00,51.642,52.207,51.64,52.195,9846,22,0
2025-10-15 08:00:00,52.195,52.507,51.729,52.485,14410,22,0
2025-10-15 10:00:00,52.48,53.034,52.336,52.975,13058,22,0
2025-10-15 12:00:00,52.975,53.077,52.281,52.548,11949,22,0
2025-10-15 14:00:00,52.548,53.063,52.388,52.702,17152,22,0
2025-10-15 16:00:00,52.702,52.869,52.358,52.695,28538,22,0
2025-10-15 18:00:00,52.695,52.941,52.292,52.488,27558,21,0
2025-10-15 20:00:00,52.489,52.99,52.283,52.984,21845,22,0
2025-10-15 22:00:00,52.984,53.165,52.868,52.939,7172,22,0
2025-10-16 00:00:00,52.946,53.14,52.775,53.099,3515,22,0
2025-10-16 02:00:00,53.098,53.21,52.921,52.969,11569,22,0
2025-10-16 04:00:00,52.976,53.268,52.911,53.232,12204,22,0
2025-10-16 06:00:00,53.232,53.247,52.816,53.064,10409,22,0
2025-10-16 08:00:00,53.064,53.101,52.421,52.865,19473,21,0
2025-10-16 10:00:00,52.864,52.922,52.73,52.896,11061,22,0
2025-10-16 12:00:00,52.896,53.019,52.794,53.013,8949,22,0
2025-10-16 14:00:00,53.013,53.197,52.749,52.867,14196,22,0
2025-10-16 16:00:00,52.867,53.84,52.817,53.685,28600,21,0
2025-10-16 18:00:00,53.685,54.145,53.445,53.889,34257,22,0
2025-10-16 20:00:00,53.889,54.157,53.592,53.872,31396,22,0
2025-10-16 22:00:00,53.871,54.162,53.548,54.038,17575,22,0
2025-10-17 00:00:00,54.117,54.342,53.814,54.142,8486,22,0
2025-10-17 02:00:00,54.142,54.372,53.866,53.94,16458,22,0
2025-10-17 04:00:00,53.933,53.988,53.454,53.964,26481,22,0
2025-10-17 06:00:00,53.967,54.421,53.919,54.412,10938,22,0
2025-10-17 08:00:00,54.412,54.453,54.03,54.199,24605,22,0
2025-10-17 10:00:00,54.2,54.245,53.602,53.873,28618,22,0
2025-10-17 12:00:00,53.87,54.112,53.77,53.835,18770,22,0
2025-10-17 14:00:00,53.838,54.092,52.911,53.555,21525,22,0
2025-10-17 16:00:00,53.549,53.619,51.673,52.251,42484,22,0
2025-10-17 18:00:00,52.249,52.456,50.843,50.857,31835,16,0
2025-10-17 20:00:00,50.856,51.865,50.606,51.864,26580,22,0
2025-10-17 22:00:00,51.864,51.935,51.322,51.609,15435,22,0
2025-10-20 00:00:00,51.49,51.957,51.132,51.853,5380,22,0
2025-10-20 02:00:00,51.853,51.993,51.276,51.911,18116,22,0
2025-10-20 04:00:00,51.909,52.292,51.724,52.182,23595,22,0
2025-10-20 06:00:00,52.182,52.22,51.972,52.148,14668,22,0
2025-10-20 08:00:00,52.15,52.253,51.456,51.566,22120,22,0
2025-10-20 10:00:00,51.569,52.149,51.496,52.021,15921,22,0
2025-10-20 12:00:00,52.021,52.205,51.577,51.79,12563,22,0
2025-10-20 14:00:00,51.79,52.757,51.676,52.694,19891,22,0
2025-10-20 16:00:00,52.692,52.764,51.919,52.359,37569,22,0
2025-10-20 18:00:00,52.362,52.62,52.118,52.218,29385,22,0
2025-10-20 20:00:00,52.218,52.399,52.04,52.343,17343,22,0
2025-10-20 22:00:00,52.343,52.621,52.107,52.234,12702,22,0
2025-10-21 00:00:00,52.324,52.602,52.291,52.569,2872,22,0
2025-10-21 02:00:00,52.569,52.57,52.3,52.37,10146,22,0
2025-10-21 04:00:00,52.367,52.384,51.573,51.704,26645,22,0
2025-10-21 06:00:00,51.704,51.976,51.702,51.939,12765,22,0
2025-10-21 08:00:00,51.939,52.062,51.166,51.794,22569,22,0
2025-10-21 10:00:00,51.794,51.794,49.193,49.888,33777,22,0
2025-10-21 12:00:00,49.89,50.386,49.493,49.899,26458,22,0
2025-10-21 14:00:00,49.899,50.314,49.503,49.674,24332,22,0
2025-10-21 16:00:00,49.678,49.937,47.822,48.316,43062,22,0
2025-10-21 18:00:00,48.316,49.057,48.263,48.432,34567,22,0
2025-10-21 20:00:00,48.433,48.723,48.26,48.432,24204,22,0
2025-10-21 22:00:00,48.432,48.673,47.958,48.628,16268,22,0
2025-10-22 00:00:00,48.517,48.741,48.032,48.569,3321,22,0
2025-10-22 02:00:00,48.568,48.62,47.32,48.045,25150,22,0
2025-10-22 04:00:00,48.046,48.977,47.973,48.784,27250,22,0
2025-10-22 06:00:00,48.784,48.968,48.703,48.925,17353,22,0
2025-10-22 08:00:00,48.925,49.294,48.906,49.226,15000,22,0
2025-10-22 10:00:00,49.226,49.242,48.282,48.306,30130,22,0
2025-10-22 12:00:00,48.306,48.8,47.972,48.05,28956,22,0
2025-10-22 14:00:00,48.05,48.405,47.688,48.065,31241,22,0
2025-10-22 16:00:00,48.065,48.662,47.867,47.939,32768,22,0
2025-10-22 18:00:00,47.939,48.389,47.926,48.257,24909,22,0
2025-10-22 20:00:00,48.257,48.257,47.933,48.217,17830,22,0
2025-10-22 22:00:00,48.216,48.663,48.205,48.439,13634,22,0
2025-10-23 00:00:00,48.436,48.652,48.224,48.443,4927,22,0
2025-10-23 02:00:00,48.443,48.455,47.89,48.253,16247,22,0
2025-10-23 04:00:00,48.254,48.452,48.167,48.412,16012,22,0
2025-10-23 06:00:00,48.416,48.694,48.311,48.511,13273,22,0
2025-10-23 08:00:00,48.511,49.231,48.506,49.108,18751,22,0
2025-10-23 10:00:00,49.108,49.313,48.88,49.151,20666,22,0
2025-10-23 12:00:00,49.151,49.363,48.897,49.08,12893,22,0
2025-10-23 14:00:00,49.084,49.341,48.979,49.171,17711,22,0
2025-10-23 16:00:00,49.17,49.449,49.017,49.211,30054,22,0
2025-10-23 18:00:00,49.212,49.318,48.889,49.031,21678,22,0
2025-10-23 20:00:00,49.031,49.162,48.88,49.081,15717,22,0
2025-10-23 22:00:00,49.082,49.1,48.708,48.818,11127,22,0
2025-10-24 00:00:00,48.759,49.022,48.671,48.734,1891,24,0
2025-10-24 02:00:00,48.734,48.984,48.62,48.963,5480,22,0
2025-10-24 04:00:00,48.963,48.988,48.38,48.581,14597,22,0
2025-10-24 06:00:00,48.581,48.702,48.199,48.547,11272,22,0
2025-10-24 08:00:00,48.548,48.827,48.07,48.344,16131,22,0
2025-10-24 10:00:00,48.344,48.427,47.816,48.165,13118,22,0
2025-10-24 12:00:00,48.165,48.263,47.971,47.978,9874,22,0
2025-10-24 14:00:00,47.978,48.5,47.825,48.157,18607,22,0
2025-10-24 16:00:00,48.157,48.94,48.147,48.569,29534,22,0
2025-10-24 18:00:00,48.569,48.857,48.516,48.777,16336,22,0
2025-10-24 20:00:00,48.777,48.85,48.38,48.523,17867,22,0
2025-10-24 22:00:00,48.523,48.613,48.445,48.536,10065,22,0
2025-10-27 00:00:00,48.516,48.683,48.079,48.422,7053,23,0
2025-10-27 02:00:00,48.424,48.455,47.983,48.251,10359,22,0
2025-10-27 04:00:00,48.253,48.536,48.123,48.171,15486,22,0
2025-10-27 06:00:00,48.171,48.234,47.775,47.985,9363,22,0
2025-10-27 08:00:00,47.985,48.373,47.976,48.302,11981,22,0
2025-10-27 10:00:00,48.302,48.345,47.561,47.685,12882,22,0
2025-10-27 12:00:00,47.683,47.921,47.627,47.639,11664,22,0
2025-10-27 14:00:00,47.639,47.745,47.315,47.702,16048,22,0
2025-10-27 16:00:00,47.703,47.782,46.168,46.225,32402,22,0
2025-10-27 18:00:00,46.241,46.788,46.063,46.783,22222,22,0
2025-10-27 20:00:00,46.783,47.006,46.661,46.852,14030,22,0
2025-10-27 22:00:00,46.853,46.953,46.645,46.881,11581,22,0
2025-10-28 00:00:00,46.577,47.096,46.515,46.89,3961,23,0
2025-10-28 02:00:00,46.889,47.096,46.683,47.077,8490,22,0
2025-10-28 04:00:00,47.075,47.203,46.66,46.72,14007,22,0
2025-10-28 06:00:00,46.721,46.867,46.589,46.655,12234,22,0
2025-10-28 08:00:00,46.655,46.752,46.47,46.615,16873,22,0
2025-10-28 10:00:00,46.615,46.665,45.642,45.669,19510,22,0
2025-10-28 12:00:00,45.671,46.329,45.538,46.229,16781,22,0
2025-10-28 14:00:00,46.228,46.551,46.117,46.407,16354,22,0
2025-10-28 16:00:00,46.407,47.029,46.407,46.953,27861,22,0
2025-10-28 18:00:00,46.952,47.136,46.912,47.078,18496,22,0
2025-10-28 20:00:00,47.075,47.244,46.833,47.071,17266,22,0
2025-10-28 22:00:00,47.071,47.125,46.984,47.032,9130,22,0
2025-10-29 00:00:00,47.041,47.11,46.79,46.89,4409,22,0
2025-10-29 02:00:00,46.89,47.391,46.889,47.314,8493,22,0
2025-10-29 04:00:00,47.314,47.598,47.125,47.443,14361,22,0
2025-10-29 06:00:00,47.446,47.587,47.359,47.406,8081,22,0
2025-10-29 08:00:00,47.408,47.87,47.362,47.747,11645,22,0
2025-10-29 10:00:00,47.747,48.305,47.722,48.302,13276,22,0
2025-10-29 12:00:00,48.302,48.398,48.129,48.182,11801,22,0
2025-10-29 14:00:00,48.182,48.439,48.073,48.343,13998,22,0
2025-10-29 16:00:00,48.342,48.393,47.997,48.221,20701,22,0
2025-10-29 18:00:00,48.221,48.327,48.065,48.104,17043,22,0
2025-10-29 20:00:00,48.104,48.216,47.233,47.712,27479,22,0
2025-10-29 22:00:00,47.71,47.978,47.414,47.554,23308,22,0
2025-10-30 00:00:00,47.568,47.828,47.283,47.768,4224,25,0
2025-10-30 02:00:00,47.768,47.881,47.642,47.805,9460,22,0
2025-10-30 04:00:00,47.8,47.952,47.248,47.319,18045,22,0
2025-10-30 06:00:00,47.319,47.912,47.257,47.79,12224,22,0
2025-10-30 08:00:00,47.791,47.88,47.423,47.88,14911,22,0
2025-10-30 10:00:00,47.88,47.95,47.517,47.934,10891,22,0
2025-10-30 12:00:00,47.936,48.269,47.849,48.054,13369,22,0
2025-10-30 14:00:00,48.054,48.268,47.889,47.94,14730,22,0
2025-10-30 16:00:00,47.94,48.764,47.899,48.728,27748,22,0
2025-10-30 18:00:00,48.728,48.886,48.656,48.821,17136,22,0
2025-10-30 20:00:00,48.821,48.916,48.676,48.882,12037,22,0
2025-10-30 22:00:00,48.883,48.974,48.784,48.895,8789,22,0
2025-10-31 00:00:00,48.912,49.092,48.73,49.031,3615,22,0
2025-10-31 02:00:00,49.031,49.157,48.781,48.824,7525,22,0
2025-10-31 04:00:00,48.825,49.224,48.742,48.935,17121,22,0
2025-10-31 06:00:00,48.932,48.979,48.668,48.886,10701,22,0
2025-10-31 08:00:00,48.884,49.339,48.675,49.179,15052,22,0
2025-10-31 10:00:00,49.179,49.353,48.774,48.807,14877,22,0
2025-10-31 12:00:00,48.807,48.965,48.711,48.903,12703,22,0
2025-10-31 14:00:00,48.903,49.149,48.873,49.042,11858,22,0
2025-10-31 16:00:00,49.042,49.118,48.71,48.959,23658,22,0
2025-10-31 18:00:00,48.958,49.036,48.355,48.488,23731,22,0
2025-10-31 20:00:00,48.488,48.812,48.378,48.625,16445,22,0
2025-10-31 22:00:00,48.625,48.685,48.461,48.621,8871,22,0
2025-11-03 00:00:00,48.481,48.752,48.383,48.553,4386,26,0
2025-11-03 02:00:00,48.551,48.716,48.19,48.537,15782,22,0
2025-11-03 04:00:00,48.537,48.908,48.473,48.855,13343,22,0
2025-11-03 06:00:00,48.855,48.972,48.731,48.915,9008,22,0
2025-11-03 08:00:00,48.915,49.077,48.795,49.069,11760,22,0
2025-11-03 10:00:00,49.066,49.093,48.475,48.64,15598,22,0
2025-11-03 12:00:00,48.644,48.778,48.517,48.778,10997,22,0
2025-11-03 14:00:00,48.778,48.837,48.625,48.636,12546,22,0
2025-11-03 16:00:00,48.636,48.962,48.137,48.416,25074,22,0
2025-11-03 18:00:00,48.416,48.483,48.217,48.384,16552,22,0
2025-11-03 20:00:00,48.386,48.406,47.999,48.126,11846,22,0
2025-11-03 22:00:00,48.126,48.276,48.037,48.07,5214,22,0
2025-11-04 00:00:00,48.068,48.155,47.491,47.948,3157,22,0
2025-11-04 02:00:00,47.948,48.172,47.862,48.13,11340,22,0
2025-11-04 04:00:00,48.13,48.17,47.614,48.159,13975,22,0
2025-11-04 06:00:00,48.159,48.211,47.538,47.541,12441,22,0
2025-11-04 08:00:00,47.541,47.833,47.471,47.824,14320,22,0
2025-11-04 10:00:00,47.824,48.11,47.725,47.745,13924,22,0
2025-11-04 12:00:00,47.745,47.898,47.596,47.74,12462,22,0
2025-11-04 14:00:00,47.74,47.94,47.377,47.508,11482,22,0
2025-11-04 16:00:00,47.508,47.663,46.845,47.462,24209,22,0
2025-11-04 18:00:00,47.462,47.879,47.435,47.556,16281,22,0
2025-11-04 20:00:00,47.555,47.592,47.206,47.222,15561,22,0
2025-11-04 22:00:00,47.222,47.268,47.064,47.134,8072,22,0
2025-11-05 00:00:00,47.155,47.172,46.828,47.079,2488,22,0
2025-11-05 02:00:00,47.079,47.251,46.862,47.097,14579,22,0
2025-11-05 04:00:00,47.097,47.703,47.03,47.61,12271,22,0
2025-11-05 06:00:00,47.61,47.83,47.51,47.684,12570,22,0
2025-11-05 08:00:00,47.69,47.842,47.577,47.798,10894,22,0
2025-11-05 10:00:00,47.798,47.955,47.577,47.817,10547,22,0
2025-11-05 12:00:00,47.818,47.826,47.514,47.645,9932,22,0
2025-11-05 14:00:00,47.645,48.052,47.477,47.996,13950,22,0
2025-11-05 16:00:00,47.995,48.218,47.766,48.144,22862,22,0
2025-11-05 18:00:00,48.144,48.191,47.981,48.176,13041,22,0
2025-11-05 20:00:00,48.176,48.233,48.076,48.221,7981,22,0
2025-11-05 22:00:00,48.223,48.258,47.959,47.997,4881,22,0
2025-11-06 00:00:00,47.272,48.097,47.199,48.01,2067,22,0
2025-11-06 02:00:00,48.01,48.115,47.73,47.81,8631,22,0
2025-11-06 04:00:00,47.81,48.219,47.722,48.204,8456,22,0
2025-11-06 06:00:00,48.204,48.332,48.19,48.314,6590,22,0
2025-11-06 08:00:00,48.314,48.524,48.226,48.449,9600,22,0
2025-11-06 10:00:00,48.449,48.782,48.418,48.637,9229,22,0
2025-11-06 12:00:00,48.637,48.742,48.485,48.693,7860,22,0
2025-11-06 14:00:00,48.693,48.734,48.499,48.501,9900,22,0
2025-11-06 16:00:00,48.501,48.528,47.82,47.883,24328,22,0
2025-11-06 18:00:00,47.88,48.11,47.638,48.08,20083,22,0
2025-11-06 20:00:00,48.08,48.27,47.974,48.172,12217,22,0
2025-11-06 22:00:00,48.172,48.195,47.957,47.986,6561,22,0
2025-11-07 00:00:00,47.569,48.224,47.394,48.217,1710,22,0
2025-11-07 02:00:00,48.217,48.396,48.113,48.393,9701,22,0
2025-11-07 04:00:00,48.393,48.425,48.165,48.278,9445,22,0
2025-11-07 06:00:00,48.278,48.535,48.227,48.428,7453,22,0
2025-11-07 08:00:00,48.428,48.725,48.372,48.664,8599,22,0
2025-11-07 10:00:00,48.664,48.864,48.574,48.754,8629,22,0
2025-11-07 12:00:00,48.754,48.843,48.374,48.668,10358,22,0
2025-11-07 14:00:00,48.668,48.824,48.359,48.456,14437,22,0
2025-11-07 16:00:00,48.456,48.638,48.075,48.201,25859,22,0
2025-11-07 18:00:00,48.201,48.765,47.964,48.267,25263,22,0
2025-11-07 20:00:00,48.267,48.447,48.263,48.432,14015,22,0
2025-11-07 22:00:00,48.432,48.432,48.183,48.293,9369,22,0
2025-11-10 00:00:00,48.158,48.607,47.718,48.582,3279,26,0
2025-11-10 02:00:00,48.582,49.286,48.479,48.958,16325,28,0
2025-11-10 04:00:00,48.958,49.216,48.715,49.097,14763,22,0
2025-11-10 06:00:00,49.097,49.498,49.094,49.457,11041,22,0
2025-11-10 08:00:00,49.458,49.808,49.395,49.647,13636,22,0
2025-11-10 10:00:00,49.647,49.991,49.646,49.828,14940,22,0
2025-11-10 12:00:00,49.83,49.962,49.813,49.948,9204,22,0
2025-11-10 14:00:00,49.954,50.187,49.801,49.868,19990,22,0
