time,open,high,low,close,tick_volume,spread,real_volume
2025-01-02 00:00:00,109.162,109.325,109.144,109.293,689,64,0
2025-01-02 01:00:00,109.293,109.768,109.268,109.716,3362,2,0
2025-01-02 02:00:00,109.716,109.746,109.436,109.505,4267,2,0
2025-01-02 03:00:00,109.505,109.711,109.493,109.602,4059,2,0
2025-01-02 04:00:00,109.601,109.602,109.435,109.453,2787,2,0
2025-01-02 05:00:00,109.453,109.457,109.317,109.33,2063,2,0
2025-01-02 06:00:00,109.33,109.333,109.223,109.236,2216,2,0
2025-01-02 07:00:00,109.236,109.408,109.205,109.407,2118,2,0
2025-01-02 08:00:00,109.406,109.408,108.973,108.976,3539,2,0
2025-01-02 09:00:00,108.976,109.002,108.677,108.775,5823,1,0
2025-01-02 10:00:00,108.78,108.91,108.557,108.81,6901,1,0
2025-01-02 11:00:00,108.809,108.907,108.776,108.789,4849,1,0
2025-01-02 12:00:00,108.792,108.956,108.787,108.943,5133,1,0
2025-01-02 13:00:00,108.943,109.097,108.884,109.047,4918,1,0
2025-01-02 14:00:00,109.047,109.057,108.917,108.923,4538,1,0
2025-01-02 15:00:00,108.923,109.026,108.684,108.762,8709,1,0
2025-01-02 16:00:00,108.762,108.928,108.607,108.834,9504,1,0
2025-01-02 17:00:00,108.83,108.992,108.619,108.978,11316,1,0
2025-01-02 18:00:00,108.978,109.329,108.958,109.324,10395,1,0
2025-01-02 19:00:00,109.324,109.652,109.316,109.414,8125,1,0
2025-01-02 20:00:00,109.415,109.477,109.262,109.326,5573,1,0
2025-01-02 21:00:00,109.327,109.469,109.295,109.34,4738,1,0
2025-01-02 22:00:00,109.339,109.491,109.339,109.47,3109,1,0
2025-01-02 23:00:00,109.471,109.475,109.356,109.38,2147,1,0
2025-01-03 00:00:00,109.25,109.319,109.212,109.278,2033,44,0
2025-01-03 01:00:00,109.278,109.376,109.239,109.243,1265,3,0
2025-01-03 02:00:00,109.243,109.339,109.191,109.23,3062,1,0
2025-01-03 03:00:00,109.23,109.359,109.23,109.292,3066,1,0
2025-01-03 04:00:00,109.292,109.39,109.275,109.351,2485,1,0
2025-01-03 05:00:00,109.35,109.476,109.275,109.365,2383,1,0
2025-01-03 06:00:00,109.365,109.399,109.305,109.31,1757,1,0
2025-01-03 07:00:00,109.31,109.358,109.275,109.297,2703,1,0
2025-01-03 08:00:00,109.295,109.316,109.23,109.259,2186,1,0
2025-01-03 09:00:00,109.259,109.259,109.101,109.14,5804,1,0
2025-01-03 10:00:00,109.139,109.372,109.134,109.264,5128,1,0
2025-01-03 11:00:00,109.261,109.314,109.143,109.282,4764,1,0
2025-01-03 12:00:00,109.282,109.286,109.169,109.273,4079,1,0
2025-01-03 13:00:00,109.272,109.296,109.21,109.255,3748,1,0
2025-01-03 14:00:00,109.255,109.259,109.088,109.122,3783,1,0
2025-01-03 15:00:00,109.121,109.125,108.979,109.052,5348,1,0
2025-01-03 16:00:00,109.052,109.159,108.941,108.957,6318,1,0
2025-01-03 17:00:00,109.051,109.078,108.907,109.035,10258,1,0
2025-01-03 18:00:00,109.035,109.039,108.724,108.743,5351,1,0
2025-01-03 19:00:00,108.743,108.764,108.59,108.715,4737,1,0
2025-01-03 20:00:00,108.716,108.743,108.658,108.701,3701,1,0
2025-01-03 21:00:00,108.7,108.817,108.691,108.807,2818,1,0
2025-01-03 22:00:00,108.808,108.918,108.79,108.913,2623,1,0
2025-01-03 23:00:00,108.913,108.967,108.844,108.862,1440,1,0
2025-01-06 00:00:00,108.68,108.891,108.672,108.861,980,67,0
2025-01-06 01:00:00,108.861,109.103,108.861,109.09,2997,1,0
2025-01-06 02:00:00,109.091,109.288,109.072,109.193,5736,1,0
2025-01-06 03:00:00,109.192,109.465,109.141,109.456,4380,1,0
2025-01-06 04:00:00,109.456,109.595,109.391,109.556,4272,1,0
2025-01-06 05:00:00,109.555,109.587,109.442,109.496,3386,1,0
2025-01-06 06:00:00,109.496,109.533,109.45,109.502,2261,1,0
2025-01-06 07:00:00,109.503,109.654,109.48,109.65,2579,1,0
2025-01-06 08:00:00,109.651,109.661,109.485,109.499,3321,1,0
2025-01-06 09:00:00,109.499,109.598,109.439,109.566,3761,1,0
2025-01-06 10:00:00,109.566,109.807,109.547,109.784,5451,1,0
2025-01-06 11:00:00,109.786,109.792,109.648,109.738,5981,1,0
2025-01-06 12:00:00,109.738,109.887,109.673,109.866,4433,1,0
2025-01-06 13:00:00,109.866,110.026,109.772,109.923,12443,1,0
2025-01-06 14:00:00,109.922,109.933,109.396,109.513,10313,1,0
2025-01-06 15:00:00,109.512,109.538,109.177,109.48,10399,1,0
2025-01-06 16:00:00,109.482,109.803,109.451,109.757,14409,1,0
2025-01-06 17:00:00,109.757,109.925,109.65,109.699,11615,1,0
2025-01-06 18:00:00,109.698,109.751,109.527,109.709,7231,1,0
2025-01-06 19:00:00,109.709,109.71,109.595,109.654,4877,1,0
2025-01-06 20:00:00,109.659,109.731,109.571,109.637,4998,1,0
2025-01-06 21:00:00,109.638,109.911,109.61,109.889,4526,1,0
2025-01-06 22:00:00,109.889,109.981,109.859,109.973,3408,1,0
2025-01-06 23:00:00,109.973,110.013,109.966,109.987,1927,1,0
2025-01-07 00:00:00,109.808,109.977,109.744,109.953,392,26,0
2025-01-07 01:00:00,109.953,110.086,109.953,109.99,1531,1,0
2025-01-07 02:00:00,109.99,110.326,109.99,110.263,6637,1,0
2025-01-07 03:00:00,110.264,110.439,110.221,110.433,5593,1,0
2025-01-07 04:00:00,110.435,110.455,110.321,110.434,3657,1,0
2025-01-07 05:00:00,110.433,110.462,110.369,110.401,2812,1,0
2025-01-07 06:00:00,110.401,110.426,110.343,110.374,2363,1,0
2025-01-07 07:00:00,110.374,110.427,110.248,110.28,3595,1,0
2025-01-07 08:00:00,110.28,110.28,110.133,110.168,3928,1,0
2025-01-07 09:00:00,110.168,110.213,110.032,110.079,6404,1,0
2025-01-07 10:00:00,110.079,110.165,109.988,110.02,7683,1,0
2025-01-07 11:00:00,110.018,110.24,109.984,110.197,5657,1,0
2025-01-07 12:00:00,110.198,110.288,110.137,110.273,4977,1,0
2025-01-07 13:00:00,110.272,110.324,110.125,110.17,4083,1,0
2025-01-07 14:00:00,110.17,110.263,110.138,110.179,4152,1,0
2025-01-07 15:00:00,110.18,110.246,110.091,110.101,5120,1,0
2025-01-07 16:00:00,110.102,110.163,109.927,110.105,6947,1,0
2025-01-07 17:00:00,110.096,110.32,109.997,110.107,14202,1,0
2025-01-07 18:00:00,110.109,110.234,109.949,110.063,10836,1,0
2025-01-07 19:00:00,110.063,110.174,109.906,109.937,8190,1,0
2025-01-07 20:00:00,109.937,110.059,109.881,109.997,5417,1,0
2025-01-07 21:00:00,109.998,110.025,109.946,109.974,3925,1,0
2025-01-07 22:00:00,109.975,109.975,109.842,109.944,3628,1,0
2025-01-07 23:00:00,109.943,110.045,109.943,109.984,2125,1,0
2025-01-08 00:00:00,109.961,109.988,109.93,109.968,1097,41,0
2025-01-08 01:00:00,109.968,110.173,109.968,110.142,2281,1,0
2025-01-08 02:00:00,110.142,110.212,109.951,110.211,5277,1,0
2025-01-08 03:00:00,110.212,110.218,110.038,110.093,3934,1,0
2025-01-08 04:00:00,110.093,110.236,110.072,110.208,2580,1,0
2025-01-08 05:00:00,110.208,110.274,110.174,110.242,2313,1,0
2025-01-08 06:00:00,110.241,110.286,110.219,110.26,1718,1,0
2025-01-08 07:00:00,110.26,110.288,110.194,110.285,2406,1,0
2025-01-08 08:00:00,110.286,110.287,110.137,110.15,3182,1,0
2025-01-08 09:00:00,110.15,110.15,110.022,110.105,5195,1,0
2025-01-08 10:00:00,110.106,110.279,110.104,110.152,5933,1,0
2025-01-08 11:00:00,110.151,110.151,110.034,110.111,4360,1,0
2025-01-08 12:00:00,110.112,110.184,110.067,110.173,4322,1,0
2025-01-08 13:00:00,110.17,110.196,109.988,110.059,7821,1,0
2025-01-08 14:00:00,110.058,110.161,110.021,110.159,6847,1,0
2025-01-08 15:00:00,110.161,110.168,109.889,109.916,11079,1,0
2025-01-08 16:00:00,109.917,110.115,109.877,109.94,9546,1,0
2025-01-08 17:00:00,109.936,110.116,109.896,110.081,9702,1,0
2025-01-08 18:00:00,110.083,110.144,110.023,110.127,6865,1,0
2025-01-08 19:00:00,110.127,110.178,110.054,110.066,6297,1,0
2025-01-08 20:00:00,110.066,110.159,110.035,110.097,5906,1,0
2025-01-08 21:00:00,110.089,110.182,110.089,110.137,5610,1,0
2025-01-08 22:00:00,110.136,110.16,110.068,110.11,4276,1,0
2025-01-08 23:00:00,110.107,110.223,110.107,110.153,2496,1,0
2025-01-09 00:00:00,110.071,110.145,109.985,110.13,775,25,0
2025-01-09 01:00:00,110.13,110.199,110.032,110.042,1746,2,0
2025-01-09 02:00:00,110.042,110.112,109.959,110.068,3958,1,0
2025-01-09 03:00:00,110.067,110.107,109.962,109.983,3259,1,0
2025-01-09 04:00:00,109.983,110.016,109.941,110.01,2800,1,0
2025-01-09 05:00:00,110.01,110.017,109.886,109.896,2663,1,0
2025-01-09 06:00:00,109.895,109.895,109.723,109.858,2649,1,0
2025-01-09 07:00:00,109.858,110.048,109.823,109.976,3808,1,0
2025-01-09 08:00:00,109.975,110.075,109.952,110.009,3519,1,0
2025-01-09 09:00:00,110.009,110.018,109.812,109.869,4685,1,0
2025-01-09 10:00:00,109.87,109.972,109.855,109.944,6699,1,0
2025-01-09 11:00:00,109.944,109.984,109.88,109.911,4880,1,0
2025-01-09 12:00:00,109.91,109.913,109.83,109.843,4189,1,0
2025-01-09 13:00:00,109.843,109.859,109.668,109.699,4692,1,0
2025-01-09 14:00:00,109.699,109.713,109.532,109.618,4520,1,0
2025-01-09 15:00:00,109.619,109.691,109.495,109.536,5242,1,0
2025-01-09 16:00:00,109.535,109.643,109.532,109.608,4682,1,0
2025-01-09 17:00:00,109.609,109.763,109.605,109.731,4437,1,0
2025-01-09 18:00:00,109.731,109.782,109.67,109.782,3988,1,0
2025-01-09 19:00:00,109.782,109.877,109.763,109.841,3265,1,0
2025-01-09 20:00:00,109.841,109.894,109.828,109.852,2083,1,0
2025-01-09 21:00:00,109.854,109.888,109.841,109.873,1768,1,0
2025-01-09 22:00:00,109.873,109.912,109.86,109.911,1418,1,0
2025-01-09 23:00:00,109.912,109.914,109.837,109.862,1333,1,0
2025-01-10 00:00:00,109.803,109.866,109.735,109.825,553,27,0
2025-01-10 01:00:00,109.825,109.855,109.722,109.745,1643,2,0
2025-01-10 02:00:00,109.745,109.895,109.704,109.739,4949,1,0
2025-01-10 03:00:00,109.739,109.857,109.682,109.812,4473,1,0
2025-01-10 04:00:00,109.812,109.88,109.783,109.867,3074,1,0
2025-01-10 05:00:00,109.867,109.868,109.773,109.803,1963,1,0
2025-01-10 06:00:00,109.803,109.921,109.803,109.903,2280,1,0
2025-01-10 07:00:00,109.903,109.951,109.856,109.886,2553,1,0
2025-01-10 08:00:00,109.885,109.895,109.789,109.804,3226,1,0
2025-01-10 09:00:00,109.804,109.978,109.79,109.955,4131,1,0
2025-01-10 10:00:00,109.955,110.038,109.499,109.522,7508,1,0
2025-01-10 11:00:00,109.524,109.61,109.344,109.602,6702,1,0
2025-01-10 12:00:00,109.602,109.759,109.547,109.725,5015,1,0
2025-01-10 13:00:00,109.725,109.832,109.654,109.657,3986,1,0
2025-01-10 14:00:00,109.657,109.701,109.594,109.698,4086,1,0
2025-01-10 15:00:00,109.697,110.186,109.568,110.088,12500,1,0
2025-01-10 16:00:00,110.088,110.177,109.607,109.754,15911,1,0
2025-01-10 17:00:00,109.756,109.856,109.176,109.244,14844,1,0
2025-01-10 18:00:00,109.245,109.371,109.148,109.232,10373,1,0
2025-01-10 19:00:00,109.232,109.393,109.217,109.386,6822,1,0
2025-01-10 20:00:00,109.385,109.516,109.363,109.469,5155,1,0
2025-01-10 21:00:00,109.468,109.492,109.366,109.433,4990,1,0
2025-01-10 22:00:00,109.433,109.444,109.325,109.381,3978,1,0
2025-01-10 23:00:00,109.38,109.392,109.296,109.365,2392,1,0
2025-01-13 00:00:00,109.238,109.387,109.218,109.318,1461,67,0
2025-01-13 01:00:00,109.318,109.552,109.318,109.544,2440,1,0
2025-01-13 02:00:00,109.544,109.545,109.413,109.416,3515,1,0
2025-01-13 03:00:00,109.416,109.438,109.041,109.168,4618,1,0
2025-01-13 04:00:00,109.167,109.288,109.132,109.19,3562,1,0
2025-01-13 05:00:00,109.183,109.22,108.993,108.997,3674,1,0
2025-01-13 06:00:00,108.998,109.113,108.992,109.092,2915,1,0
2025-01-13 07:00:00,109.091,109.091,108.936,109.05,2913,1,0
2025-01-13 08:00:00,109.051,109.193,108.966,109.149,3757,1,0
2025-01-13 09:00:00,109.149,109.163,108.929,109.108,6250,1,0
2025-01-13 10:00:00,109.109,109.313,109.07,109.283,7727,1,0
2025-01-13 11:00:00,109.285,109.303,108.779,108.837,8626,1,0
2025-01-13 12:00:00,108.836,109.055,108.757,109.037,5858,1,0
2025-01-13 13:00:00,109.036,109.078,108.932,109.014,4349,1,0
2025-01-13 14:00:00,109.014,109.136,108.844,108.933,5962,1,0
2025-01-13 15:00:00,108.932,109.143,108.882,109.108,8579,1,0
2025-01-13 16:00:00,109.106,109.31,108.913,109.252,9849,1,0
2025-01-13 17:00:00,109.251,109.326,109.15,109.236,9409,1,0
2025-01-13 18:00:00,109.237,109.429,109.197,109.295,7269,1,0
2025-01-13 19:00:00,109.295,109.336,109.14,109.194,5596,1,0
2025-01-13 20:00:00,109.195,109.344,109.165,109.31,3925,1,0
2025-01-13 21:00:00,109.312,109.517,109.277,109.504,4132,1,0
2025-01-13 22:00:00,109.501,109.511,109.381,109.495,3659,1,0
2025-01-13 23:00:00,109.495,109.587,109.406,109.519,2760,1,0
2025-01-14 00:00:00,109.388,109.591,109.336,109.556,988,30,0
2025-01-14 01:00:00,109.556,109.646,109.489,109.512,4235,1,0
2025-01-14 02:00:00,109.511,109.593,109.397,109.557,5509,1,0
2025-01-14 03:00:00,109.553,109.869,109.227,109.514,7694,1,0
2025-01-14 04:00:00,109.515,109.679,109.458,109.655,4085,1,0
2025-01-14 05:00:00,109.655,109.748,109.573,109.589,3353,1,0
2025-01-14 06:00:00,109.589,109.636,109.52,109.539,2199,1,0
2025-01-14 07:00:00,109.539,109.642,109.431,109.562,4280,1,0
2025-01-14 08:00:00,109.563,109.68,109.509,109.534,3855,1,0
2025-01-14 09:00:00,109.534,109.606,109.417,109.579,6722,1,0
2025-01-14 10:00:00,109.581,109.784,109.521,109.752,7468,1,0
2025-01-14 11:00:00,109.756,109.945,109.743,109.866,6668,1,0
2025-01-14 12:00:00,109.866,109.887,109.745,109.754,4038,1,0
2025-01-14 13:00:00,109.754,109.843,109.747,109.831,3431,1,0
2025-01-14 14:00:00,109.831,109.922,109.68,109.689,5168,1,0
2025-01-14 15:00:00,109.69,109.746,109.53,109.6,10893,1,0
2025-01-14 16:00:00,109.6,109.71,109.544,109.67,11080,1,0
2025-01-14 17:00:00,109.67,110.157,109.669,110.053,10026,1,0
2025-01-14 18:00:00,110.053,110.105,109.885,109.917,8977,1,0
2025-01-14 19:00:00,109.917,110.08,109.858,110.066,6033,1,0
2025-01-14 20:00:00,110.065,110.112,109.988,110.073,3870,1,0
2025-01-14 21:00:00,110.073,110.113,109.934,109.949,3744,1,0
2025-01-14 22:00:00,109.949,110.043,109.884,110.025,4155,1,0
2025-01-14 23:00:00,110.024,110.109,110.002,110.104,2025,1,0
2025-01-15 00:00:00,110.082,110.111,109.999,110.06,762,34,0
2025-01-15 01:00:00,110.06,110.139,110.049,110.126,1242,1,0
2025-01-15 02:00:00,110.126,110.146,110.015,110.043,3810,1,0
2025-01-15 03:00:00,110.042,110.126,109.956,109.997,3560,1,0
2025-01-15 04:00:00,109.996,110.037,109.975,110.016,2302,1,0
2025-01-15 05:00:00,110.011,110.037,109.95,110.008,2048,1,0
2025-01-15 06:00:00,110.008,110.037,109.802,109.816,3017,1,0
2025-01-15 07:00:00,109.816,109.816,109.461,109.539,5144,1,0
2025-01-15 08:00:00,109.54,109.662,109.509,109.576,3468,1,0
2025-01-15 09:00:00,109.576,109.579,109.356,109.388,6269,1,0
2025-01-15 10:00:00,109.388,109.561,109.341,109.466,6639,1,0
2025-01-15 11:00:00,109.467,109.495,109.24,109.34,5886,1,0
2025-01-15 12:00:00,109.341,109.388,109.272,109.312,3753,1,0
2025-01-15 13:00:00,109.311,109.482,109.252,109.462,3917,1,0
2025-01-15 14:00:00,109.462,109.481,109.245,109.341,4030,1,0
2025-01-15 15:00:00,109.341,109.467,109.122,109.308,12391,1,0
2025-01-15 16:00:00,109.311,109.345,108.984,109.065,12900,1,0
2025-01-15 17:00:00,109.065,109.143,108.908,108.987,11521,1,0
2025-01-15 18:00:00,108.986,109.249,108.985,109.198,9262,1,0
2025-01-15 19:00:00,109.198,109.217,109.151,109.192,5190,1,0
2025-01-15 20:00:00,109.192,109.212,109.098,109.204,3606,1,0
2025-01-15 21:00:00,109.204,109.252,109.177,109.2,3128,1,0
2025-01-15 22:00:00,109.2,109.219,109.17,109.182,2642,1,0
2025-01-15 23:00:00,109.185,109.224,109.107,109.11,2085,1,0
2025-01-16 00:00:00,109.07,109.118,108.944,109.07,1221,44,0
2025-01-16 01:00:00,109.07,109.115,109.029,109.066,1736,1,0
2025-01-16 02:00:00,109.066,109.216,109.029,109.044,4977,1,0
2025-01-16 03:00:00,109.043,109.043,108.431,108.473,7211,1,0
2025-01-16 04:00:00,108.474,108.566,108.233,108.521,7008,1,0
2025-01-16 05:00:00,108.521,108.61,108.504,108.553,3814,1,0
2025-01-16 06:00:00,108.553,108.657,108.454,108.654,2717,1,0
2025-01-16 07:00:00,108.653,108.709,108.614,108.675,3313,1,0
2025-01-16 08:00:00,108.677,108.834,108.635,108.733,4193,1,0
2025-01-16 09:00:00,108.733,108.854,108.688,108.806,4656,1,0
2025-01-16 10:00:00,108.807,108.85,108.434,108.481,6226,1,0
2025-01-16 11:00:00,108.481,108.542,108.28,108.34,4969,1,0
2025-01-16 12:00:00,108.34,108.407,108.269,108.321,3808,1,0
2025-01-16 13:00:00,108.322,108.461,108.293,108.399,3828,1,0
2025-01-16 14:00:00,108.399,108.625,108.399,108.572,5207,1,0
2025-01-16 15:00:00,108.569,108.673,108.356,108.435,9434,1,0
2025-01-16 16:00:00,108.439,108.602,108.347,108.536,9382,1,0
2025-01-16 17:00:00,108.533,108.57,107.995,108.042,12763,1,0
2025-01-16 18:00:00,108.042,108.133,107.816,108.109,10888,1,0
2025-01-16 19:00:00,108.109,108.155,107.913,107.942,7129,1,0
2025-01-16 20:00:00,107.942,108.023,107.85,107.962,4228,1,0
2025-01-16 21:00:00,107.96,107.97,107.805,107.889,3847,1,0
2025-01-16 22:00:00,107.889,107.904,107.796,107.812,3157,1,0
2025-01-16 23:00:00,107.812,107.857,107.773,107.78,1770,1,0
2025-01-17 00:00:00,107.729,107.796,107.648,107.758,977,21,0
2025-01-17 01:00:00,107.758,107.955,107.758,107.931,1599,1,0
2025-01-17 02:00:00,107.931,108.004,107.645,107.789,5102,1,0
2025-01-17 03:00:00,107.788,107.928,107.749,107.788,3984,1,0
2025-01-17 04:00:00,107.788,107.962,107.76,107.938,3467,1,0
2025-01-17 05:00:00,107.939,108.011,107.906,107.986,2538,1,0
2025-01-17 06:00:00,107.986,108.022,107.882,107.896,2179,1,0
2025-01-17 07:00:00,107.895,108.08,107.887,108.01,2984,1,0
2025-01-17 08:00:00,108.01,108.082,107.966,108.039,2802,1,0
2025-01-17 09:00:00,108.038,108.103,107.958,108.009,4653,1,0
2025-01-17 10:00:00,108.011,108.09,107.867,108.071,4725,1,0
2025-01-17 11:00:00,108.071,108.128,107.901,108.048,5741,1,0
2025-01-17 12:00:00,108.049,108.119,107.983,108.104,4004,1,0
2025-01-17 13:00:00,108.105,108.11,107.992,108.028,3687,1,0
2025-01-17 14:00:00,108.028,108.038,107.828,107.898,4373,1,0
2025-01-17 15:00:00,107.899,107.9,107.771,107.843,6343,1,0
2025-01-17 16:00:00,107.843,108.298,107.694,108.251,11104,1,0
2025-01-17 17:00:00,108.25,108.429,108.183,108.401,11198,1,0
2025-01-17 18:00:00,108.397,108.522,108.364,108.38,7487,1,0
2025-01-17 19:00:00,108.38,108.401,108.213,108.224,5080,1,0
2025-01-17 20:00:00,108.224,108.246,108.044,108.072,3916,1,0
2025-01-17 21:00:00,108.072,108.093,107.967,107.978,3444,1,0
2025-01-17 22:00:00,107.979,107.984,107.901,107.939,3630,1,0
2025-01-17 23:00:00,107.942,107.953,107.878,107.931,2307,1,0
2025-01-20 00:00:00,107.881,108.004,107.881,107.963,1053,66,0
2025-01-20 01:00:00,107.963,108.106,107.895,108.019,2685,1,0
2025-01-20 02:00:00,108.019,108.066,107.862,107.864,3723,1,0
2025-01-20 03:00:00,107.865,107.915,107.771,107.868,4013,1,0
2025-01-20 04:00:00,107.868,107.961,107.853,107.899,2853,1,0
2025-01-20 05:00:00,107.899,107.924,107.761,107.814,2422,1,0
2025-01-20 06:00:00,107.814,107.985,107.808,107.949,1832,1,0
2025-01-20 07:00:00,107.949,108.003,107.895,108.001,2360,1,0
2025-01-20 08:00:00,108.003,108.125,107.95,108.109,2808,1,0
2025-01-20 09:00:00,108.109,108.18,107.953,107.987,3871,1,0
2025-01-20 10:00:00,107.987,108.058,107.904,107.97,4704,1,0
2025-01-20 11:00:00,107.97,108.054,107.94,107.951,4396,1,0
2025-01-20 12:00:00,107.95,108.097,107.949,108.074,3507,1,0
2025-01-20 13:00:00,108.075,108.174,108.051,108.104,3264,1,0
2025-01-20 14:00:00,108.104,108.212,108.073,108.182,3818,1,0
2025-01-20 15:00:00,108.185,108.843,108.016,108.805,12060,1,0
2025-01-20 16:00:00,108.805,109.016,108.617,108.816,13461,1,0
2025-01-20 17:00:00,108.815,109.019,108.508,108.576,9998,1,0
2025-01-20 18:00:00,108.576,108.739,108.539,108.703,5187,1,0
2025-01-20 19:00:00,108.703,108.78,108.496,108.688,7476,1,0
2025-01-20 20:00:00,108.688,108.726,108.626,108.679,3005,1,0
2025-01-20 21:00:00,108.68,108.876,108.68,108.807,3057,1,0
2025-01-20 22:00:00,108.812,108.878,108.737,108.746,4141,1,0
2025-01-20 23:00:00,108.746,108.798,108.668,108.691,5284,1,0
2025-01-21 00:00:00,108.604,108.733,108.568,108.715,1168,37,0
2025-01-21 01:00:00,108.715,108.78,108.489,108.566,4884,2,0
2025-01-21 02:00:00,108.567,108.575,107.323,107.918,10487,1,0
2025-01-21 03:00:00,107.915,108.308,107.626,107.714,14216,1,0
2025-01-21 04:00:00,107.717,107.741,107.522,107.604,8695,1,0
2025-01-21 05:00:00,107.603,107.717,107.48,107.652,6877,1,0
2025-01-21 06:00:00,107.651,107.66,107.518,107.546,4007,1,0
2025-01-21 07:00:00,107.546,107.686,107.529,107.609,3982,1,0
2025-01-21 08:00:00,107.614,107.739,107.597,107.713,4438,1,0
2025-01-21 09:00:00,107.713,107.82,107.619,107.718,5859,1,0
2025-01-21 10:00:00,107.716,107.949,107.687,107.935,5768,1,0
2025-01-21 11:00:00,107.931,108.113,107.913,108.085,6471,1,0
2025-01-21 12:00:00,108.084,108.126,107.982,108.048,5237,1,0
2025-01-21 13:00:00,108.049,108.053,107.912,107.926,4555,1,0
2025-01-21 14:00:00,107.926,107.942,107.827,107.895,5348,1,0
2025-01-21 15:00:00,107.895,107.964,107.617,107.623,7792,1,0
2025-01-21 16:00:00,107.62,108.02,107.587,107.929,10918,1,0
2025-01-21 17:00:00,107.93,108.21,107.884,108.034,12188,1,0
2025-01-21 18:00:00,108.034,108.525,108.022,108.517,8330,1,0
2025-01-21 19:00:00,108.516,108.594,108.475,108.531,5624,1,0
2025-01-21 20:00:00,108.532,108.558,108.471,108.509,4286,1,0
2025-01-21 21:00:00,108.509,108.54,108.485,108.516,3793,1,0
2025-01-21 22:00:00,108.517,108.54,108.436,108.468,2881,1,0
2025-01-21 23:00:00,108.467,108.667,108.464,108.539,2179,1,0
2025-01-22 00:00:00,108.514,108.584,108.429,108.491,1680,20,0
2025-01-22 01:00:00,108.491,108.66,108.473,108.601,4506,1,0
2025-01-22 02:00:00,108.601,108.68,108.457,108.513,5846,1,0
2025-01-22 03:00:00,108.514,108.629,108.462,108.592,4424,1,0
2025-01-22 04:00:00,108.593,108.699,108.572,108.683,3586,1,0
2025-01-22 05:00:00,108.684,108.783,108.633,108.749,2641,1,0
2025-01-22 06:00:00,108.75,108.751,108.656,108.674,2186,1,0
2025-01-22 07:00:00,108.674,108.741,108.662,108.693,2304,1,0
2025-01-22 08:00:00,108.693,108.728,108.57,108.638,4153,1,0
2025-01-22 09:00:00,108.638,108.891,108.612,108.856,5180,1,0
2025-01-22 10:00:00,108.856,108.949,108.587,108.682,7297,1,0
2025-01-22 11:00:00,108.683,108.76,108.607,108.653,5562,1,0
2025-01-22 12:00:00,108.653,108.866,108.647,108.779,4819,1,0
2025-01-22 13:00:00,108.779,108.931,108.723,108.747,3995,1,0
2025-01-22 14:00:00,108.747,108.805,108.637,108.656,4894,1,0
2025-01-22 15:00:00,108.656,108.74,108.515,108.611,6683,1,0
2025-01-22 16:00:00,108.611,108.657,108.518,108.624,9064,1,0
2025-01-22 17:00:00,108.624,108.806,108.463,108.795,9020,1,0
2025-01-22 18:00:00,108.796,109.082,108.783,109.063,6368,1,0
2025-01-22 19:00:00,109.063,109.064,108.981,109.021,4524,1,0
2025-01-22 20:00:00,109.02,109.054,108.942,109.003,4072,1,0
2025-01-22 21:00:00,109.002,109.013,108.898,108.922,3018,1,0
2025-01-22 22:00:00,108.921,108.951,108.792,108.806,3077,1,0
2025-01-22 23:00:00,108.806,108.874,108.785,108.866,1644,1,0
2025-01-23 00:00:00,108.778,108.828,108.725,108.74,680,30,0
2025-01-23 01:00:00,108.74,108.788,108.611,108.677,1901,1,0
2025-01-23 02:00:00,108.677,108.718,108.623,108.707,3984,1,0
2025-01-23 03:00:00,108.708,108.777,108.64,108.768,4032,1,0
2025-01-23 04:00:00,108.768,108.803,108.666,108.769,3142,1,0
2025-01-23 05:00:00,108.768,108.831,108.744,108.752,2413,1,0
2025-01-23 06:00:00,108.752,108.862,108.744,108.837,2110,1,0
2025-01-23 07:00:00,108.838,108.912,108.835,108.884,3347,1,0
2025-01-23 08:00:00,108.883,108.904,108.761,108.804,3415,1,0
2025-01-23 09:00:00,108.805,108.897,108.733,108.848,5643,1,0
2025-01-23 10:00:00,108.848,108.874,108.704,108.719,5434,1,0
2025-01-23 11:00:00,108.72,108.821,108.665,108.684,5331,1,0
2025-01-23 12:00:00,108.684,108.701,108.563,108.676,4411,1,0
2025-01-23 13:00:00,108.676,108.773,108.647,108.753,3964,1,0
2025-01-23 14:00:00,108.752,108.779,108.587,108.625,4473,1,0
2025-01-23 15:00:00,108.625,108.64,108.36,108.458,7809,1,0
2025-01-23 16:00:00,108.458,108.809,108.441,108.662,7928,1,0
2025-01-23 17:00:00,108.662,108.844,108.553,108.612,8890,1,0
2025-01-23 18:00:00,108.612,108.686,108.47,108.642,13016,1,0
2025-01-23 19:00:00,108.642,108.789,108.64,108.744,7142,1,0
2025-01-23 20:00:00,108.744,108.748,108.622,108.677,4538,1,0
2025-01-23 21:00:00,108.677,108.704,108.469,108.495,3823,1,0
2025-01-23 22:00:00,108.495,108.576,108.389,108.512,4354,1,0
2025-01-23 23:00:00,108.512,108.562,108.48,108.498,2098,1,0
2025-01-24 00:00:00,108.502,108.502,108.439,108.457,537,40,0
2025-01-24 01:00:00,108.457,108.625,108.443,108.598,1467,2,0
2025-01-24 02:00:00,108.598,108.711,108.523,108.688,4159,1,0
2025-01-24 03:00:00,108.688,108.745,108.598,108.735,3197,1,0
2025-01-24 04:00:00,108.735,108.95,108.735,108.856,6860,1,0
2025-01-24 05:00:00,108.856,109.046,108.392,108.472,8911,1,0
2025-01-24 06:00:00,108.472,108.491,108.079,108.247,6367,1,0
2025-01-24 07:00:00,108.247,108.463,108.198,108.403,4750,1,0
2025-01-24 08:00:00,108.403,108.704,108.098,108.417,8601,1,0
2025-01-24 09:00:00,108.417,108.554,108.272,108.328,9579,1,0
2025-01-24 10:00:00,108.328,108.468,108.056,108.442,9964,1,0
2025-01-24 11:00:00,108.442,108.649,108.283,108.611,9011,1,0
2025-01-24 12:00:00,108.612,108.871,108.596,108.822,6462,1,0
2025-01-24 13:00:00,108.822,108.94,108.777,108.9,6002,1,0
2025-01-24 14:00:00,108.9,109.098,108.805,109.088,5644,1,0
2025-01-24 15:00:00,109.088,109.226,109.027,109.136,7256,1,0
2025-01-24 16:00:00,109.136,109.253,108.954,109.031,9833,1,0
2025-01-24 17:00:00,109.024,109.076,108.629,108.693,11273,1,0
2025-01-24 18:00:00,108.693,108.727,108.51,108.555,7887,1,0
2025-01-24 19:00:00,108.556,108.66,108.518,108.632,4989,1,0
2025-01-24 20:00:00,108.632,108.803,108.614,108.73,4123,1,0
2025-01-24 21:00:00,108.731,108.748,108.616,108.641,3382,1,0
2025-01-24 22:00:00,108.641,108.728,108.622,108.671,2952,1,0
2025-01-24 23:00:00,108.671,108.776,108.665,108.716,1569,1,0
2025-01-27 00:00:00,108.11,108.38,108.11,108.362,843,71,0
2025-01-27 01:00:00,108.362,108.422,108.186,108.246,3716,1,0
2025-01-27 02:00:00,108.246,108.357,108.092,108.196,5090,1,0
2025-01-27 03:00:00,108.196,108.252,108.037,108.101,5366,1,0
2025-01-27 04:00:00,108.101,108.196,108.001,108.176,4303,1,0
2025-01-27 05:00:00,108.176,108.386,108.156,108.364,4076,1,0
2025-01-27 06:00:00,108.364,108.508,108.358,108.485,2602,1,0
2025-01-27 07:00:00,108.485,108.499,108.389,108.495,3516,1,0
2025-01-27 08:00:00,108.495,108.614,108.452,108.479,4798,1,0
2025-01-27 09:00:00,108.479,108.485,108.198,108.254,7269,1,0
2025-01-27 10:00:00,108.254,108.289,107.819,107.896,9643,1,0
2025-01-27 11:00:00,107.896,107.929,107.508,107.6,10785,1,0
2025-01-27 12:00:00,107.6,107.6,107.13,107.249,11737,1,0
2025-01-27 13:00:00,107.247,107.356,107.076,107.213,11103,1,0
2025-01-27 14:00:00,107.212,107.503,107.135,107.416,9235,1,0
2025-01-27 15:00:00,107.416,107.583,107.306,107.402,10747,1,0
2025-01-27 16:00:00,107.402,107.44,107.093,107.357,11552,1,0
2025-01-27 17:00:00,107.357,107.498,107.161,107.303,11177,1,0
2025-01-27 18:00:00,107.303,107.374,107.072,107.177,9139,1,0
2025-01-27 19:00:00,107.176,107.315,107.158,107.164,7703,1,0
2025-01-27 20:00:00,107.164,107.449,107.114,107.354,6380,1,0
2025-01-27 21:00:00,107.354,107.593,107.353,107.497,5747,1,0
2025-01-27 22:00:00,107.497,107.638,107.445,107.557,5048,1,0
2025-01-27 23:00:00,107.557,107.611,107.472,107.483,2382,1,0
2025-01-28 00:00:00,107.432,107.522,107.38,107.503,880,71,0
2025-01-28 01:00:00,107.503,107.638,107.398,107.542,8549,1,0
2025-01-28 02:00:00,107.542,107.809,107.497,107.805,7808,1,0
2025-01-28 03:00:00,107.805,108.087,107.801,108.002,6200,1,0
2025-01-28 04:00:00,108.001,108.142,107.964,108.072,6556,1,0
2025-01-28 05:00:00,108.072,108.185,108.02,108.158,4214,1,0
2025-01-28 06:00:00,108.158,108.288,108.14,108.224,3735,1,0
2025-01-28 07:00:00,108.224,108.261,108.105,108.138,2747,1,0
2025-01-28 08:00:00,108.138,108.214,108.025,108.175,3988,1,0
2025-01-28 09:00:00,108.175,108.281,108.126,108.209,6099,1,0
2025-01-28 10:00:00,108.211,108.24,107.977,108.111,7908,1,0
2025-01-28 11:00:00,108.111,108.261,107.891,107.97,7191,1,0
2025-01-28 12:00:00,107.969,108.016,107.766,107.882,4881,1,0
2025-01-28 13:00:00,107.882,107.907,107.728,107.826,4122,1,0
2025-01-28 14:00:00,107.826,107.854,107.7,107.711,5129,1,0
2025-01-28 15:00:00,107.711,108.017,107.696,107.965,6720,1,0
2025-01-28 16:00:00,107.966,108.199,107.785,107.975,9039,1,0
2025-01-28 17:00:00,107.977,108.225,107.94,108.195,9330,1,0
2025-01-28 18:00:00,108.195,108.27,108.064,108.155,7218,1,0
2025-01-28 19:00:00,108.155,108.208,108.081,108.083,4283,1,0
2025-01-28 20:00:00,108.083,108.169,108.001,108.112,5185,1,0
2025-01-28 21:00:00,108.112,108.112,108.007,108.05,4132,1,0
2025-01-28 22:00:00,108.049,108.08,107.999,108.025,3261,1,0
2025-01-28 23:00:00,108.025,108.057,107.964,107.964,1827,1,0
2025-01-29 00:00:00,107.932,108.035,107.898,107.985,3664,71,0
2025-01-29 01:00:00,107.985,108.065,107.985,108.008,1347,1,0
2025-01-29 02:00:00,108.008,108.092,107.935,108.043,4038,1,0
2025-01-29 03:00:00,108.043,108.16,108.035,108.116,2941,1,0
2025-01-29 04:00:00,108.116,108.169,108.052,108.088,2719,1,0
2025-01-29 05:00:00,108.088,108.088,107.89,107.964,3016,1,0
2025-01-29 06:00:00,107.964,107.977,107.825,107.873,2753,1,0
2025-01-29 07:00:00,107.873,107.875,107.658,107.668,2877,1,0
2025-01-29 08:00:00,107.668,107.897,107.668,107.803,4217,1,0
2025-01-29 09:00:00,107.803,107.857,107.708,107.739,5839,1,0
2025-01-29 10:00:00,107.739,107.769,107.548,107.6,6011,1,0
2025-01-29 11:00:00,107.601,107.667,107.545,107.658,5776,1,0
2025-01-29 12:00:00,107.658,107.727,107.655,107.693,4174,1,0
2025-01-29 13:00:00,107.693,107.825,107.648,107.727,4143,1,0
2025-01-29 14:00:00,107.726,107.733,107.597,107.64,5172,1,0
2025-01-29 15:00:00,107.64,107.64,107.38,107.452,7428,1,0
2025-01-29 16:00:00,107.452,107.716,107.378,107.473,8549,1,0
2025-01-29 17:00:00,107.473,107.586,107.268,107.324,9421,1,0
2025-01-29 18:00:00,107.324,107.575,107.314,107.549,8319,1,0
2025-01-29 19:00:00,107.55,107.752,107.495,107.521,6071,1,0
2025-01-29 20:00:00,107.52,107.584,107.438,107.561,4866,1,0
2025-01-29 21:00:00,107.542,107.788,107.507,107.656,14187,1,0
2025-01-29 22:00:00,107.654,107.715,107.612,107.691,8878,1,0
2025-01-29 23:00:00,107.69,107.713,107.598,107.658,3551,1,0
2025-01-30 00:00:00,107.599,107.634,107.531,107.59,785,71,0
2025-01-30 01:00:00,107.59,107.802,107.59,107.795,4366,2,0
2025-01-30 02:00:00,107.795,107.798,107.363,107.409,5888,1,0
2025-01-30 03:00:00,107.409,107.412,107.182,107.301,5598,1,0
2025-01-30 04:00:00,107.302,107.314,107.058,107.086,5240,1,0
2025-01-30 05:00:00,107.086,107.224,107.042,107.192,3973,1,0
2025-01-30 06:00:00,107.192,107.274,107.168,107.222,2909,1,0
2025-01-30 07:00:00,107.222,107.238,107.081,107.114,2915,1,0
2025-01-30 08:00:00,107.114,107.24,106.978,107.04,3691,1,0
2025-01-30 09:00:00,107.04,107.245,106.972,107.169,4543,1,0
2025-01-30 10:00:00,107.169,107.308,107.153,107.234,6149,1,0
2025-01-30 11:00:00,107.232,107.248,107.132,107.193,6294,1,0
2025-01-30 12:00:00,107.193,107.244,107.117,107.211,4699,1,0
2025-01-30 13:00:00,107.211,107.297,107.174,107.265,4240,1,0
2025-01-30 14:00:00,107.265,107.266,106.943,106.965,5675,1,0
2025-01-30 15:00:00,106.965,106.997,106.766,106.824,10669,1,0
2025-01-30 16:00:00,106.823,107.044,106.79,106.882,11110,1,0
2025-01-30 17:00:00,106.881,106.991,106.732,106.983,9632,1,0
2025-01-30 18:00:00,106.982,107.195,106.93,107.148,7028,1,0
2025-01-30 19:00:00,107.148,107.158,106.993,107.051,5534,1,0
2025-01-30 20:00:00,107.051,107.273,107.05,107.213,3957,1,0
2025-01-30 21:00:00,107.213,107.213,106.923,106.931,3807,1,0
2025-01-30 22:00:00,106.93,106.976,105.749,106.494,9825,1,0
2025-01-30 23:00:00,106.494,106.594,106.288,106.364,6455,2,0
2025-01-31 00:00:00,106.453,106.454,106.299,106.372,1573,71,0
2025-01-31 01:00:00,106.372,106.58,106.29,106.319,4392,3,0
2025-01-31 02:00:00,106.319,106.484,106.315,106.443,5016,1,0
2025-01-31 03:00:00,106.443,106.456,106.236,106.394,6283,1,0
2025-01-31 04:00:00,106.394,106.523,106.284,106.489,4387,1,0
2025-01-31 05:00:00,106.489,106.621,106.442,106.576,3630,1,0
2025-01-31 06:00:00,106.576,106.665,106.525,106.659,3105,1,0
2025-01-31 07:00:00,106.659,106.96,106.657,106.868,4633,1,0
2025-01-31 08:00:00,106.868,107.031,106.821,106.955,4728,1,0
2025-01-31 09:00:00,106.955,107.189,106.907,107.116,6726,1,0
2025-01-31 10:00:00,107.116,107.154,106.842,106.846,6774,1,0
2025-01-31 11:00:00,106.846,106.863,106.657,106.863,7307,1,0
2025-01-31 12:00:00,106.862,106.882,106.771,106.772,5013,1,0
2025-01-31 13:00:00,106.772,106.895,106.66,106.888,4307,1,0
2025-01-31 14:00:00,106.888,106.975,106.879,106.915,4322,1,0
2025-01-31 15:00:00,106.915,107.098,106.818,106.85,8934,1,0
2025-01-31 16:00:00,106.85,106.85,106.453,106.505,10400,1,0
2025-01-31 17:00:00,106.505,106.977,106.449,106.908,12162,1,0
2025-01-31 18:00:00,106.908,107.239,106.866,107.129,7875,1,0
2025-01-31 19:00:00,107.129,107.716,106.989,107.473,11994,1,0
2025-01-31 20:00:00,107.472,107.594,106.832,106.949,11996,1,0
2025-01-31 21:00:00,106.949,106.955,106.745,106.918,8223,1,0
2025-01-31 22:00:00,106.919,107.05,106.596,106.689,8323,1,0
2025-01-31 23:00:00,106.69,106.888,106.614,106.672,7832,1,0
2025-02-03 00:00:00,104.933,105.297,104.878,105.128,2943,69,0
2025-02-03 01:00:00,105.128,105.672,105.066,105.591,12899,1,0
2025-02-03 02:00:00,105.59,106.002,105.557,105.638,15224,1,0
2025-02-03 03:00:00,105.638,105.904,105.536,105.58,10646,1,0
2025-02-03 04:00:00,105.579,105.687,105.17,105.226,9197,1,0
2025-02-03 05:00:00,105.226,105.366,105.177,105.343,6537,1,0
2025-02-03 06:00:00,105.344,105.606,105.344,105.59,7445,1,0
2025-02-03 07:00:00,105.59,105.652,105.46,105.634,5412,1,0
2025-02-03 08:00:00,105.634,105.711,105.403,105.61,7399,1,0
2025-02-03 09:00:00,105.61,105.915,105.588,105.746,9792,1,0
2025-02-03 10:00:00,105.745,105.968,105.713,105.788,9927,1,0
2025-02-03 11:00:00,105.785,105.818,105.492,105.494,7508,1,0
2025-02-03 12:00:00,105.495,105.685,105.495,105.604,6797,1,0
2025-02-03 13:00:00,105.604,105.618,105.177,105.365,6945,1,0
2025-02-03 14:00:00,105.365,105.395,105.226,105.359,9010,1,0
2025-02-03 15:00:00,105.36,105.799,105.354,105.438,10310,1,0
2025-02-03 16:00:00,105.438,105.571,105.174,105.293,12655,1,0
2025-02-03 17:00:00,105.28,106.332,104.911,106.196,19638,1,0
2025-02-03 18:00:00,106.196,106.247,105.647,105.947,14858,1,0
2025-02-03 19:00:00,105.946,106.4,105.656,106.081,9929,1,0
2025-02-03 20:00:00,106.08,106.392,105.944,106.323,9423,1,0
2025-02-03 21:00:00,106.323,106.507,106.249,106.284,5705,1,0
2025-02-03 22:00:00,106.284,106.329,106.122,106.187,5094,1,0
2025-02-03 23:00:00,106.188,107.504,106.154,107.225,9686,1,0
2025-02-04 00:00:00,107.232,107.433,107.156,107.379,1944,71,0
2025-02-04 01:00:00,107.379,107.786,107.379,107.667,5792,2,0
2025-02-04 02:00:00,107.667,107.697,107.438,107.529,6060,1,0
2025-02-04 03:00:00,107.529,107.589,107.29,107.354,6988,1,0
2025-02-04 04:00:00,107.354,107.392,107.224,107.306,4243,1,0
2025-02-04 05:00:00,107.306,107.331,107.246,107.276,3208,1,0
2025-02-04 06:00:00,107.276,107.337,107.214,107.23,2858,1,0
2025-02-04 07:00:00,107.23,107.255,106.78,107.167,10030,1,0
2025-02-04 08:00:00,107.167,107.33,107.126,107.327,5207,1,0
2025-02-04 09:00:00,107.327,107.608,107.313,107.581,6247,1,0
2025-02-04 10:00:00,107.581,107.692,107.305,107.432,8921,1,0
2025-02-04 11:00:00,107.433,107.702,107.36,107.688,7025,1,0
2025-02-04 12:00:00,107.688,107.734,107.579,107.692,5623,1,0
2025-02-04 13:00:00,107.692,107.727,107.559,107.602,4889,1,0
2025-02-04 14:00:00,107.602,107.716,107.573,107.712,4833,1,0
2025-02-04 15:00:00,107.712,107.997,107.689,107.949,6694,1,0
2025-02-04 16:00:00,107.948,108.016,107.763,107.877,9469,1,0
2025-02-04 17:00:00,107.855,107.961,107.63,107.959,11811,1,0
2025-02-04 18:00:00,107.959,108.025,107.826,107.933,9026,1,0
2025-02-04 19:00:00,107.933,107.975,107.523,107.578,7180,1,0
2025-02-04 20:00:00,107.578,107.673,107.48,107.656,4657,1,0
2025-02-04 21:00:00,107.657,107.877,107.607,107.854,5460,1,0
2025-02-04 22:00:00,107.853,107.86,107.74,107.75,3943,1,0
2025-02-04 23:00:00,107.75,107.763,107.675,107.745,2380,1,0
2025-02-05 00:00:00,107.73,107.732,107.663,107.692,1003,70,0
2025-02-05 01:00:00,107.692,107.832,107.496,107.496,3833,1,0
2025-02-05 02:00:00,107.496,107.687,107.381,107.409,6429,1,0
2025-02-05 03:00:00,107.409,107.416,107.119,107.163,8643,1,0
2025-02-05 04:00:00,107.163,107.176,106.929,107.078,6838,1,0
2025-02-05 05:00:00,107.08,107.123,106.867,106.914,5161,1,0
2025-02-05 06:00:00,106.914,106.99,106.847,106.958,4388,1,0
2025-02-05 07:00:00,106.958,107.081,106.941,107.003,4469,1,0
2025-02-05 08:00:00,107.003,107.062,106.873,106.899,5114,1,0
2025-02-05 09:00:00,106.899,107.167,106.842,107.138,6584,1,0
2025-02-05 10:00:00,107.138,107.354,107.049,107.153,8247,1,0
2025-02-05 11:00:00,107.153,107.221,106.896,106.992,7409,1,0
2025-02-05 12:00:00,106.992,106.992,106.858,106.928,6138,1,0
2025-02-05 13:00:00,106.928,107.009,106.836,106.999,4856,1,0
2025-02-05 14:00:00,106.999,107.058,106.877,107.005,4460,1,0
2025-02-05 15:00:00,107.005,107.242,106.983,107.085,9677,1,0
2025-02-05 16:00:00,107.085,107.301,106.908,106.908,9814,1,0
2025-02-05 17:00:00,106.888,106.891,106.473,106.5,13833,1,0
2025-02-05 18:00:00,106.499,106.674,106.477,106.661,8391,1,0
2025-02-05 19:00:00,106.664,106.745,106.532,106.56,5351,1,0
2025-02-05 20:00:00,106.56,106.651,106.416,106.448,4464,1,0
2025-02-05 21:00:00,106.447,106.582,106.443,106.55,4036,1,0
2025-02-05 22:00:00,106.55,106.696,106.545,106.68,4007,1,0
2025-02-05 23:00:00,106.68,106.743,106.557,106.579,2827,1,0
2025-02-06 00:00:00,106.558,106.566,106.495,106.533,1108,71,0
2025-02-06 01:00:00,106.535,106.694,106.529,106.645,2282,1,0
2025-02-06 02:00:00,106.645,106.646,106.374,106.392,5364,1,0
2025-02-06 03:00:00,106.391,106.42,106.049,106.215,6568,1,0
2025-02-06 04:00:00,106.212,106.295,106.116,106.264,5140,1,0
2025-02-06 05:00:00,106.264,106.285,106.112,106.217,3483,1,0
2025-02-06 06:00:00,106.217,106.27,106.116,106.186,2756,1,0
2025-02-06 07:00:00,106.186,106.364,106.103,106.242,4238,1,0
2025-02-06 08:00:00,106.242,106.382,106.234,106.36,3327,1,0
2025-02-06 09:00:00,106.359,106.44,106.189,106.265,5787,1,0
2025-02-06 10:00:00,106.265,106.366,106.188,106.322,6935,1,0
2025-02-06 11:00:00,106.322,106.468,106.239,106.322,5932,1,0
2025-02-06 12:00:00,106.322,106.37,106.21,106.249,5395,1,0
2025-02-06 13:00:00,106.25,106.264,106.167,106.171,5190,1,0
2025-02-06 14:00:00,106.172,106.221,106.043,106.216,7654,1,0
2025-02-06 15:00:00,106.216,106.3,105.985,106.049,8201,1,0
2025-02-06 16:00:00,106.051,106.174,105.962,106.039,8812,1,0
2025-02-06 17:00:00,106.039,106.147,105.855,105.927,9755,1,0
2025-02-06 18:00:00,105.929,106.238,105.913,106.211,7322,1,0
2025-02-06 19:00:00,106.211,106.248,106.115,106.136,5267,1,0
2025-02-06 20:00:00,106.136,106.194,105.762,105.792,6446,1,0
2025-02-06 21:00:00,105.792,105.828,105.644,105.741,5451,1,0
2025-02-06 22:00:00,105.741,105.948,105.732,105.944,3443,1,0
2025-02-06 23:00:00,105.935,105.948,105.846,105.883,1987,1,0
2025-02-07 00:00:00,105.771,105.844,105.77,105.807,895,71,0
2025-02-07 01:00:00,105.807,105.856,105.652,105.661,2812,1,0
2025-02-07 02:00:00,105.661,105.747,105.497,105.631,5648,1,0
2025-02-07 03:00:00,105.631,106.003,105.625,105.962,5709,1,0
2025-02-07 04:00:00,105.965,106.105,105.922,105.982,4283,1,0
2025-02-07 05:00:00,105.982,106.022,105.852,105.882,3381,1,0
2025-02-07 06:00:00,105.882,105.936,105.826,105.925,2488,1,0
2025-02-07 07:00:00,105.925,105.979,105.878,105.919,3057,1,0
2025-02-07 08:00:00,105.919,106.042,105.828,106.038,3402,1,0
2025-02-07 09:00:00,106.038,106.142,105.992,106.073,5161,1,0
2025-02-07 10:00:00,106.073,106.162,105.979,106.068,5148,1,0
2025-02-07 11:00:00,106.068,106.105,106.029,106.09,4919,1,0
2025-02-07 12:00:00,106.089,106.244,106.074,106.217,4642,1,0
2025-02-07 13:00:00,106.217,106.233,106.113,106.171,3772,1,0
2025-02-07 14:00:00,106.172,106.18,105.977,106.031,4498,1,0
2025-02-07 15:00:00,106.031,106.467,105.758,106.23,12810,1,0
2025-02-07 16:00:00,106.23,106.295,106.01,106.067,11182,1,0
2025-02-07 17:00:00,106.069,106.236,105.574,105.858,14375,1,0
2025-02-07 18:00:00,105.86,105.958,105.381,105.724,14557,1,0
2025-02-07 19:00:00,105.724,106.151,105.686,106.121,12513,1,0
2025-02-07 20:00:00,106.121,106.224,105.844,105.881,6008,1,0
2025-02-07 21:00:00,105.881,106.112,105.84,105.988,6027,1,0
2025-02-07 22:00:00,105.988,105.988,105.851,105.952,4748,1,0
2025-02-07 23:00:00,105.952,105.997,105.905,105.921,2995,1,0
2025-02-10 00:00:00,105.241,105.532,105.156,105.497,2204,71,0
2025-02-10 01:00:00,105.497,105.975,105.497,105.969,4947,1,0
2025-02-10 02:00:00,105.97,105.997,105.819,105.968,6055,1,0
2025-02-10 03:00:00,105.968,106.116,105.942,105.944,6397,1,0
2025-02-10 04:00:00,105.944,106.042,105.876,105.991,4570,1,0
2025-02-10 05:00:00,105.991,106.008,105.831,105.924,3265,1,0
2025-02-10 06:00:00,105.924,105.959,105.857,105.914,2437,1,0
2025-02-10 07:00:00,105.914,106.053,105.914,105.936,3158,1,0
2025-02-10 08:00:00,105.937,105.96,105.813,105.958,3715,1,0
2025-02-10 09:00:00,105.958,106.067,105.881,106.064,5629,1,0
2025-02-10 10:00:00,106.064,106.395,106.056,106.299,7515,1,0
2025-02-10 11:00:00,106.299,106.451,106.234,106.242,5792,1,0
2025-02-10 12:00:00,106.242,106.272,106.103,106.109,4289,1,0
2025-02-10 13:00:00,106.109,106.161,106.057,106.089,4951,1,0
2025-02-10 14:00:00,106.089,106.182,106.027,106.069,4772,1,0
2025-02-10 15:00:00,106.066,106.068,105.862,105.934,5869,1,0
2025-02-10 16:00:00,105.934,105.953,105.716,105.775,7691,1,0
2025-02-10 17:00:00,105.777,105.931,105.726,105.876,6683,1,0
2025-02-10 18:00:00,105.876,105.999,105.842,105.972,5861,1,0
2025-02-10 19:00:00,105.971,106.103,105.952,106.062,4091,1,0
2025-02-10 20:00:00,106.06,106.253,106.05,106.218,3914,1,0
2025-02-10 21:00:00,106.218,106.28,106.195,106.226,3512,1,0
2025-02-10 22:00:00,106.226,106.26,106.191,106.194,3116,1,0
2025-02-10 23:00:00,106.193,106.219,106.161,106.175,2339,1,0
2025-02-11 00:00:00,106.134,106.134,105.917,105.968,1243,67,0
2025-02-11 01:00:00,105.967,106.1,105.843,105.859,3253,1,0
2025-02-11 02:00:00,105.859,105.959,105.804,105.923,2992,1,0
2025-02-11 03:00:00,105.923,106.113,105.911,106.05,3592,1,0
2025-02-11 04:00:00,106.05,106.087,105.961,105.982,3177,1,0
2025-02-11 05:00:00,105.983,106.042,105.943,106.025,2455,1,0
2025-02-11 06:00:00,106.025,106.067,106.024,106.03,1774,1,0
2025-02-11 07:00:00,106.03,106.06,106.011,106.019,1792,1,0
2025-02-11 08:00:00,106.019,106.09,105.938,106.017,2781,1,0
2025-02-11 09:00:00,106.018,106.117,105.934,106.015,4632,1,0
2025-02-11 10:00:00,106.015,106.147,105.815,105.941,6793,1,0
2025-02-11 11:00:00,105.941,106.023,105.915,106.008,4636,1,0
2025-02-11 12:00:00,106.008,106.14,106.005,106.066,4302,1,0
2025-02-11 13:00:00,106.066,106.342,106.063,106.328,4093,1,0
2025-02-11 14:00:00,106.328,106.395,106.215,106.386,5408,1,0
2025-02-11 15:00:00,106.386,106.504,106.31,106.433,5938,1,0
2025-02-11 16:00:00,106.433,106.512,106.339,106.358,7713,1,0
2025-02-11 17:00:00,106.358,106.637,106.308,106.537,9266,1,0
2025-02-11 18:00:00,106.536,106.57,106.403,106.498,6741,1,0
2025-02-11 19:00:00,106.498,106.565,106.428,106.503,4285,1,0
2025-02-11 20:00:00,106.503,106.64,106.452,106.579,3906,1,0
2025-02-11 21:00:00,106.579,106.722,106.57,106.686,4834,1,0
2025-02-11 22:00:00,106.688,106.84,106.673,106.775,4743,1,0
2025-02-11 23:00:00,106.776,106.784,106.652,106.759,2166,1,0
2025-02-12 00:00:00,106.682,106.71,106.623,106.679,851,71,0
2025-02-12 01:00:00,106.679,106.965,106.679,106.932,2612,1,0
2025-02-12 02:00:00,106.932,107.216,106.892,107.193,5113,1,0
2025-02-12 03:00:00,107.193,107.42,107.081,107.415,5929,1,0
2025-02-12 04:00:00,107.416,107.502,107.349,107.437,4327,1,0
2025-02-12 05:00:00,107.437,107.571,107.431,107.536,3988,1,0
2025-02-12 06:00:00,107.536,107.595,107.45,107.498,4338,1,0
2025-02-12 07:00:00,107.498,107.508,107.395,107.401,4097,1,0
2025-02-12 08:00:00,107.4,107.521,107.376,107.437,3857,1,0
2025-02-12 09:00:00,107.438,107.545,107.318,107.536,5517,1,0
2025-02-12 10:00:00,107.537,107.675,107.334,107.373,6655,1,0
2025-02-12 11:00:00,107.372,107.403,107.229,107.295,5094,1,0
2025-02-12 12:00:00,107.295,107.411,107.273,107.348,4562,1,0
2025-02-12 13:00:00,107.348,107.444,107.326,107.418,4383,1,0
2025-02-12 14:00:00,107.418,107.488,107.241,107.381,4250,1,0
2025-02-12 15:00:00,107.379,107.792,107.103,107.769,11954,1,0
2025-02-12 16:00:00,107.769,107.852,107.579,107.844,11262,1,0
2025-02-12 17:00:00,107.844,108.17,107.788,108.039,11686,1,0
2025-02-12 18:00:00,108.04,108.247,108.005,108.214,8811,1,0
2025-02-12 19:00:00,108.216,108.281,108.121,108.23,9020,1,0
2025-02-12 20:00:00,108.228,108.289,107.99,108.07,6721,1,0
2025-02-12 21:00:00,108.071,108.144,108.031,108.109,4001,1,0
2025-02-12 22:00:00,108.112,108.14,108.046,108.12,3886,1,0
2025-02-12 23:00:00,108.117,108.122,107.893,107.898,3272,1,0
2025-02-13 00:00:00,107.904,107.919,107.849,107.916,459,41,0
2025-02-13 01:00:00,107.916,108.011,107.829,107.871,2400,1,0
2025-02-13 02:00:00,107.871,108.094,107.811,108.094,5198,1,0
2025-02-13 03:00:00,108.095,108.178,107.951,107.977,5850,1,0
2025-02-13 04:00:00,107.977,108.04,107.941,107.982,4352,1,0
2025-02-13 05:00:00,107.982,108.117,107.975,108.115,4035,1,0
2025-02-13 06:00:00,108.115,108.317,108.105,108.24,4970,1,0
2025-02-13 07:00:00,108.24,108.286,108.13,108.137,4321,1,0
2025-02-13 08:00:00,108.137,108.191,107.98,108.031,5004,1,0
2025-02-13 09:00:00,108.03,108.161,107.978,108.125,6392,1,0
2025-02-13 10:00:00,108.124,108.149,107.767,107.77,7449,1,0
2025-02-13 11:00:00,107.771,107.821,107.668,107.759,6167,1,0
2025-02-13 12:00:00,107.757,107.789,107.581,107.635,4376,1,0
2025-02-13 13:00:00,107.635,107.676,107.515,107.643,5629,1,0
2025-02-13 14:00:00,107.643,107.727,107.566,107.72,5965,1,0
2025-02-13 15:00:00,107.72,107.845,107.407,107.478,9772,1,0
2025-02-13 16:00:00,107.481,107.603,107.42,107.6,9171,1,0
2025-02-13 17:00:00,107.599,108.008,107.599,107.694,11720,1,0
2025-02-13 18:00:00,107.69,107.744,107.588,107.65,7525,1,0
2025-02-13 19:00:00,107.652,107.669,107.518,107.548,5142,1,0
2025-02-13 20:00:00,107.545,107.7,107.498,107.646,9505,1,0
2025-02-13 21:00:00,107.643,107.661,107.355,107.478,6302,1,0
2025-02-13 22:00:00,107.478,107.692,107.472,107.674,4598,1,0
2025-02-13 23:00:00,107.674,107.709,107.603,107.662,2629,1,0
2025-02-14 00:00:00,107.66,107.662,107.552,107.645,953,27,0
2025-02-14 01:00:00,107.645,107.86,107.645,107.79,3722,1,0
2025-02-14 02:00:00,107.79,107.812,107.472,107.538,6743,1,0
2025-02-14 03:00:00,107.538,107.585,107.442,107.522,5378,0,0
2025-02-14 04:00:00,107.522,107.761,107.502,107.726,3856,1,0
2025-02-14 05:00:00,107.725,107.844,107.714,107.764,3240,1,0
2025-02-14 06:00:00,107.764,107.83,107.6,107.609,2973,1,0
2025-02-14 07:00:00,107.609,107.638,107.515,107.569,3076,1,0
2025-02-14 08:00:00,107.569,107.659,107.506,107.534,4124,1,0
2025-02-14 09:00:00,107.534,107.825,107.504,107.806,6733,1,0
2025-02-14 10:00:00,107.805,107.883,107.621,107.808,7913,1,0
2025-02-14 11:00:00,107.809,107.865,107.641,107.648,5246,1,0
2025-02-14 12:00:00,107.648,107.674,107.53,107.539,4404,1,0
2025-02-14 13:00:00,107.537,107.717,107.491,107.668,4494,1,0
2025-02-14 14:00:00,107.668,107.761,107.617,107.757,4705,1,0
2025-02-14 15:00:00,107.761,107.856,107.385,107.434,9834,0,0
2025-02-14 16:00:00,107.433,107.576,107.392,107.569,8848,1,0
2025-02-14 17:00:00,107.568,107.61,107.369,107.389,8537,1,0
2025-02-14 18:00:00,107.391,107.431,107.248,107.423,6162,1,0
2025-02-14 19:00:00,107.423,107.533,107.384,107.515,4650,1,0
2025-02-14 20:00:00,107.515,107.568,107.503,107.516,3197,1,0
2025-02-14 21:00:00,107.515,107.568,107.431,107.49,3630,1,0
2025-02-14 22:00:00,107.492,107.529,107.477,107.482,3252,1,0
2025-02-14 23:00:00,107.482,107.497,107.378,107.412,2064,1,0
2025-02-17 00:00:00,107.322,107.394,107.281,107.38,1549,76,0
2025-02-17 01:00:00,107.38,107.427,107.154,107.193,4497,1,0
2025-02-17 02:00:00,107.194,107.287,107.105,107.169,6835,1,0
2025-02-17 03:00:00,107.169,107.278,107.074,107.27,5738,1,0
2025-02-17 04:00:00,107.27,107.285,106.934,106.987,5092,1,0
2025-02-17 05:00:00,106.987,107.065,106.981,106.995,3849,1,0
2025-02-17 06:00:00,106.995,107.111,106.978,107.077,3319,1,0
2025-02-17 07:00:00,107.077,107.08,106.877,106.908,5066,1,0
2025-02-17 08:00:00,106.908,107.093,106.889,107.031,5337,1,0
2025-02-17 09:00:00,107.031,107.105,106.934,107.071,5505,1,0
2025-02-17 10:00:00,107.071,107.115,106.919,106.935,6036,1,0
2025-02-17 11:00:00,106.935,107.002,106.901,106.978,4441,1,0
2025-02-17 12:00:00,106.978,107.017,106.829,106.837,4096,1,0
2025-02-17 13:00:00,106.837,106.91,106.774,106.804,3752,1,0
2025-02-17 14:00:00,106.804,106.826,106.735,106.783,4309,1,0
2025-02-17 15:00:00,106.783,106.819,106.724,106.759,3020,1,0
2025-02-17 16:00:00,106.759,106.793,106.716,106.783,3536,1,0
2025-02-17 17:00:00,106.783,106.803,106.668,106.693,3610,1,0
2025-02-17 18:00:00,106.693,106.788,106.68,106.758,2201,1,0
2025-02-17 19:00:00,106.758,106.782,106.71,106.74,1688,1,0
2025-02-17 20:00:00,106.74,106.762,106.72,106.737,1210,1,0
2025-02-17 21:00:00,106.737,106.741,106.702,106.738,1881,1,0
2025-02-17 22:00:00,106.738,106.759,106.726,106.758,1568,1,0
2025-02-17 23:00:00,106.758,106.83,106.752,106.788,1774,1,0
2025-02-18 00:00:00,106.762,106.804,106.715,106.75,946,71,0
2025-02-18 01:00:00,106.75,106.87,106.596,106.761,2059,1,0
2025-02-18 02:00:00,106.761,106.902,106.746,106.86,5503,1,0
2025-02-18 03:00:00,106.86,106.927,106.783,106.856,5995,1,0
2025-02-18 04:00:00,106.856,107.016,106.827,106.984,3814,1,0
2025-02-18 05:00:00,106.984,107.131,106.946,107.108,5553,1,0
2025-02-18 06:00:00,107.109,107.152,107.048,107.1,4071,1,0
2025-02-18 07:00:00,107.1,107.155,106.992,107.018,4339,1,0
2025-02-18 08:00:00,107.018,107.068,106.94,107.013,4575,1,0
2025-02-18 09:00:00,107.013,107.131,106.998,107.126,5129,1,0
2025-02-18 10:00:00,107.126,107.19,107.022,107.058,6641,1,0
2025-02-18 11:00:00,107.057,107.094,106.977,106.996,4817,1,0
2025-02-18 12:00:00,106.996,107.005,106.898,106.926,4943,1,0
2025-02-18 13:00:00,106.926,107.017,106.919,106.998,3706,1,0
2025-02-18 14:00:00,106.998,107.036,106.829,106.866,5452,1,0
2025-02-18 15:00:00,106.866,106.894,106.721,106.793,6724,1,0
2025-02-18 16:00:00,106.794,106.972,106.748,106.932,7494,1,0
2025-02-18 17:00:00,106.934,106.945,106.781,106.889,7062,1,0
2025-02-18 18:00:00,106.889,107.025,106.865,106.974,5887,1,0
2025-02-18 19:00:00,106.974,107.077,106.954,107.052,4358,1,0
2025-02-18 20:00:00,107.052,107.149,107.031,107.138,4434,1,0
2025-02-18 21:00:00,107.138,107.141,107.04,107.082,3711,1,0
2025-02-18 22:00:00,107.082,107.191,107.08,107.146,4014,1,0
2025-02-18 23:00:00,107.146,107.236,107.107,107.112,2299,1,0
2025-02-19 00:00:00,107.109,107.109,106.96,107.09,2070,45,0
2025-02-19 01:00:00,107.09,107.175,107.055,107.063,1737,1,0
2025-02-19 02:00:00,107.063,107.153,106.966,107.123,5035,1,0
2025-02-19 03:00:00,107.121,107.268,106.887,107.258,7441,1,0
2025-02-19 04:00:00,107.258,107.35,107.119,107.205,6692,1,0
2025-02-19 05:00:00,107.205,107.227,107.092,107.115,4461,1,0
2025-02-19 06:00:00,107.115,107.134,107.01,107.024,4030,1,0
2025-02-19 07:00:00,107.025,107.088,106.991,107.025,3858,1,0
2025-02-19 08:00:00,107.026,107.043,106.908,106.937,5160,1,0
2025-02-19 09:00:00,106.937,107.028,106.899,106.914,6126,1,0
2025-02-19 10:00:00,106.914,107.021,106.873,106.902,7141,1,0
2025-02-19 11:00:00,106.903,106.934,106.766,106.805,5942,1,0
2025-02-19 12:00:00,106.805,106.898,106.8,106.823,4819,1,0
2025-02-19 13:00:00,106.823,106.962,106.822,106.86,6208,1,0
2025-02-19 14:00:00,106.86,106.926,106.755,106.907,5732,1,0
2025-02-19 15:00:00,106.908,106.967,106.81,106.842,7675,1,0
2025-02-19 16:00:00,106.842,106.869,106.522,106.532,8633,1,0
2025-02-19 17:00:00,106.532,106.635,106.45,106.48,9638,1,0
2025-02-19 18:00:00,106.48,106.692,106.478,106.541,7256,1,0
2025-02-19 19:00:00,106.541,106.6,106.514,106.563,4223,1,0
2025-02-19 20:00:00,106.563,106.602,106.484,106.489,4318,1,0
2025-02-19 21:00:00,106.491,106.505,106.404,106.478,5758,1,0
2025-02-19 22:00:00,106.48,106.494,106.388,106.485,4016,1,0
2025-02-19 23:00:00,106.485,106.501,106.365,106.366,2258,1,0
2025-02-20 00:00:00,106.35,106.367,106.286,106.296,1089,78,0
2025-02-20 01:00:00,106.297,106.346,106.123,106.206,3462,1,0
2025-02-20 02:00:00,106.206,106.226,106.031,106.142,8392,1,0
2025-02-20 03:00:00,106.142,106.15,105.774,105.787,9344,1,0
2025-02-20 04:00:00,105.787,106.009,105.703,105.973,7760,1,0
2025-02-20 05:00:00,105.973,105.98,105.762,105.786,5738,1,0
2025-02-20 06:00:00,105.786,105.808,105.612,105.64,5483,1,0
2025-02-20 07:00:00,105.64,105.744,105.618,105.737,4588,1,0
2025-02-20 08:00:00,105.737,105.744,105.473,105.492,5949,1,0
2025-02-20 09:00:00,105.492,105.631,105.415,105.568,6461,1,0
2025-02-20 10:00:00,105.568,105.819,105.56,105.772,6527,1,0
2025-02-20 11:00:00,105.771,105.853,105.689,105.782,5574,1,0
2025-02-20 12:00:00,105.782,105.782,105.633,105.66,4912,1,0
2025-02-20 13:00:00,105.66,105.709,105.575,105.699,4655,1,0
2025-02-20 14:00:00,105.699,105.706,105.481,105.548,6698,1,0
2025-02-20 15:00:00,105.548,105.702,105.449,105.661,9208,1,0
2025-02-20 16:00:00,105.661,105.761,105.517,105.52,9975,1,0
2025-02-20 17:00:00,105.52,105.625,105.359,105.381,12338,1,0
2025-02-20 18:00:00,105.38,105.513,105.32,105.421,8239,1,0
2025-02-20 19:00:00,105.421,105.467,105.343,105.381,6062,1,0
2025-02-20 20:00:00,105.381,105.578,105.376,105.555,4209,1,0
2025-02-20 21:00:00,105.556,105.711,105.553,105.683,4276,1,0
2025-02-20 22:00:00,105.682,105.71,105.6,105.612,3357,1,0
2025-02-20 23:00:00,105.612,105.628,105.53,105.553,2399,1,0
2025-02-21 00:00:00,105.533,105.533,105.423,105.439,977,71,0
2025-02-21 01:00:00,105.439,105.589,105.342,105.462,4976,1,0
2025-02-21 02:00:00,105.462,105.73,105.452,105.669,8213,1,0
2025-02-21 03:00:00,105.669,106.069,105.644,105.986,8042,1,0
2025-02-21 04:00:00,105.986,106.333,105.919,106.193,6823,1,0
2025-02-21 05:00:00,106.193,106.22,106.002,106.074,4811,1,0
2025-02-21 06:00:00,106.074,106.081,105.945,106.071,4519,1,0
2025-02-21 07:00:00,106.071,106.132,106.031,106.054,4150,1,0
2025-02-21 08:00:00,106.054,106.173,106.018,106.136,4993,1,0
2025-02-21 09:00:00,106.136,106.193,106.021,106.133,7861,1,0
2025-02-21 10:00:00,106.133,106.209,105.961,105.992,10470,1,0
2025-02-21 11:00:00,105.992,106.021,105.861,105.999,6541,1,0
2025-02-21 12:00:00,105.999,106.064,105.916,105.931,3514,1,0
2025-02-21 13:00:00,105.931,105.973,105.841,105.862,3670,1,0
2025-02-21 14:00:00,105.862,106.002,105.854,105.994,4095,1,0
2025-02-21 15:00:00,105.994,106.167,105.916,106.122,6996,1,0
2025-02-21 16:00:00,106.122,106.128,105.602,105.633,10376,1,0
2025-02-21 17:00:00,105.63,105.644,105.245,105.304,12276,1,0
2025-02-21 18:00:00,105.305,105.364,105.17,105.304,7664,1,0
2025-02-21 19:00:00,105.304,105.342,104.933,104.956,7081,1,0
2025-02-21 20:00:00,104.955,104.956,104.72,104.837,9103,1,0
2025-02-21 21:00:00,104.837,104.843,104.67,104.771,7504,1,0
2025-02-21 22:00:00,104.772,104.852,104.727,104.819,6229,1,0
2025-02-21 23:00:00,104.819,104.932,104.798,104.889,3056,1,0
2025-02-24 00:00:00,104.772,104.896,104.764,104.871,1669,71,0
2025-02-24 01:00:00,104.871,105.139,104.857,105.133,5108,1,0
2025-02-24 02:00:00,105.133,105.133,104.825,104.877,9061,1,0
2025-02-24 03:00:00,104.877,105.148,104.877,105.127,9197,1,0
2025-02-24 04:00:00,105.126,105.322,105.119,105.192,8261,1,0
2025-02-24 05:00:00,105.192,105.297,105.12,105.153,5905,1,0
2025-02-24 06:00:00,105.153,105.211,105.132,105.138,4609,1,0
2025-02-24 07:00:00,105.138,105.318,105.124,105.261,6023,1,0
2025-02-24 08:00:00,105.261,105.331,105.206,105.315,6393,1,0
2025-02-24 09:00:00,105.315,105.409,105.178,105.303,7601,1,0
2025-02-24 10:00:00,105.303,105.356,105.043,105.218,8714,1,0
2025-02-24 11:00:00,105.219,105.327,105.169,105.243,6318,1,0
2025-02-24 12:00:00,105.243,105.309,105.215,105.269,5077,1,0
2025-02-24 13:00:00,105.269,105.409,105.247,105.344,4490,1,0
2025-02-24 14:00:00,105.344,105.407,105.284,105.38,5078,1,0
2025-02-24 15:00:00,105.381,105.458,105.242,105.35,7783,1,0
2025-02-24 16:00:00,105.35,105.427,104.812,104.831,11640,1,0
2025-02-24 17:00:00,104.832,105.055,104.784,104.883,14624,1,0
2025-02-24 18:00:00,104.883,105.292,104.878,105.153,9905,1,0
2025-02-24 19:00:00,105.153,105.299,105.143,105.158,7750,1,0
2025-02-24 20:00:00,105.158,105.239,105.117,105.223,6029,1,0
2025-02-24 21:00:00,105.224,105.343,105.175,105.198,5421,1,0
2025-02-24 22:00:00,105.198,105.209,104.89,104.979,7360,1,0
2025-02-24 23:00:00,104.978,105.063,104.94,104.985,2832,1,0
2025-02-25 00:00:00,104.96,105.002,104.86,104.957,1124,70,0
2025-02-25 01:00:00,104.957,105.065,104.944,104.999,3880,1,0
2025-02-25 02:00:00,104.998,105.238,104.988,105.211,7292,1,0
2025-02-25 03:00:00,105.212,105.344,105.188,105.207,7233,1,0
2025-02-25 04:00:00,105.207,105.249,105.15,105.174,6332,1,0
2025-02-25 05:00:00,105.174,105.207,105.019,105.035,4876,1,0
2025-02-25 06:00:00,105.035,105.064,104.897,104.943,5240,1,0
2025-02-25 07:00:00,104.944,105.12,104.909,105.103,5241,1,0
2025-02-25 08:00:00,105.103,105.134,105.025,105.073,5891,1,0
2025-02-25 09:00:00,105.073,105.087,104.595,104.62,9410,1,0
2025-02-25 10:00:00,104.62,104.922,104.553,104.807,10301,1,0
2025-02-25 11:00:00,104.808,105.056,104.792,104.857,9058,1,0
2025-02-25 12:00:00,104.856,105.015,104.845,104.971,6654,1,0
2025-02-25 13:00:00,104.971,105.2,104.951,105.153,7466,1,0
2025-02-25 14:00:00,105.153,105.153,104.849,104.928,8256,1,0
2025-02-25 15:00:00,104.928,105.031,104.726,104.782,8992,1,0
2025-02-25 16:00:00,104.782,104.848,104.546,104.582,11685,1,0
2025-02-25 17:00:00,104.584,104.584,104.005,104.292,16482,1,0
2025-02-25 18:00:00,104.29,104.334,103.948,104.259,12680,1,0
2025-02-25 19:00:00,104.259,104.308,104.113,104.304,8574,1,0
2025-02-25 20:00:00,104.303,104.492,104.297,104.371,8425,1,0
2025-02-25 21:00:00,104.371,104.371,104.216,104.232,8235,1,0
2025-02-25 22:00:00,104.232,104.299,104.068,104.071,7172,1,0
2025-02-25 23:00:00,104.071,104.188,104.054,104.079,3639,1,0
2025-02-26 00:00:00,104.079,104.149,103.974,104.149,1318,70,0
2025-02-26 01:00:00,104.149,104.255,104.073,104.227,3512,1,0
2025-02-26 02:00:00,104.224,104.239,103.951,104.108,7319,1,0
2025-02-26 03:00:00,104.108,104.341,103.978,104.326,7851,1,0
2025-02-26 04:00:00,104.326,104.407,104.266,104.393,6924,1,0
2025-02-26 05:00:00,104.393,104.426,104.242,104.293,5354,1,0
2025-02-26 06:00:00,104.293,104.395,104.219,104.292,4910,1,0
2025-02-26 07:00:00,104.292,104.434,104.258,104.277,5909,1,0
2025-02-26 08:00:00,104.277,104.436,104.275,104.39,5476,1,0
2025-02-26 09:00:00,104.389,104.418,104.274,104.359,8478,1,0
2025-02-26 10:00:00,104.359,104.391,104.167,104.228,9184,1,0
2025-02-26 11:00:00,104.228,104.288,104.19,104.219,6245,1,0
2025-02-26 12:00:00,104.22,104.248,104.071,104.242,6440,1,0
2025-02-26 13:00:00,104.242,104.35,104.222,104.271,6229,1,0
2025-02-26 14:00:00,104.271,104.314,104.163,104.265,7511,1,0
2025-02-26 15:00:00,104.265,104.31,104.088,104.2,9456,1,0
2025-02-26 16:00:00,104.2,104.476,104.065,104.392,11315,1,0
2025-02-26 17:00:00,104.387,104.538,104.173,104.18,13177,1,0
2025-02-26 18:00:00,104.179,104.246,103.929,103.942,10620,1,0
2025-02-26 19:00:00,103.942,104.26,103.849,104.176,12175,1,0
2025-02-26 20:00:00,104.176,104.261,103.793,103.893,9464,1,0
2025-02-26 21:00:00,103.893,103.975,103.795,103.839,7728,1,0
2025-02-26 22:00:00,103.838,103.963,103.775,103.907,6543,1,0
2025-02-26 23:00:00,103.907,104.061,103.777,103.972,4590,1,0
2025-02-27 00:00:00,103.973,103.973,103.851,103.871,592,45,0
2025-02-27 01:00:00,103.871,103.928,103.754,103.84,3094,1,0
2025-02-27 02:00:00,103.84,103.987,103.738,103.936,8406,1,0
2025-02-27 03:00:00,103.936,104.127,103.883,104.11,7019,1,0
2025-02-27 04:00:00,104.11,104.129,103.953,104.005,6250,1,0
2025-02-27 05:00:00,104.006,104.09,103.935,103.937,4990,1,0
2025-02-27 06:00:00,103.937,103.963,103.824,103.85,5121,1,0
2025-02-27 07:00:00,103.85,104.063,103.848,104.055,5458,1,0
2025-02-27 08:00:00,104.055,104.112,103.968,104.008,6582,1,0
2025-02-27 09:00:00,104.008,104.137,103.993,104.112,6900,1,0
2025-02-27 10:00:00,104.112,104.511,104.035,104.503,9144,1,0
2025-02-27 11:00:00,104.503,104.679,104.46,104.596,7924,1,0
2025-02-27 12:00:00,104.597,104.659,104.493,104.527,6363,1,0
2025-02-27 13:00:00,104.528,104.577,104.393,104.471,5836,1,0
2025-02-27 14:00:00,104.471,104.473,104.187,104.227,6945,1,0
2025-02-27 15:00:00,104.227,104.333,103.673,103.8,13536,1,0
2025-02-27 16:00:00,103.801,104.096,103.725,103.798,15714,1,0
2025-02-27 17:00:00,103.798,104.107,103.655,103.945,17967,1,0
2025-02-27 18:00:00,103.945,104.066,103.817,103.902,12538,1,0
2025-02-27 19:00:00,103.9,103.954,103.851,103.945,7838,1,0
2025-02-27 20:00:00,103.945,104.121,103.894,104.105,6345,1,0
2025-02-27 21:00:00,104.105,104.114,103.732,103.786,7641,1,0
2025-02-27 22:00:00,103.786,103.795,103.573,103.664,7765,1,0
2025-02-27 23:00:00,103.663,103.774,103.636,103.77,3565,1,0
2025-02-28 00:00:00,103.751,103.751,103.647,103.693,917,70,0
2025-02-28 01:00:00,103.693,103.909,103.584,103.897,4169,2,0
2025-02-28 02:00:00,103.897,103.946,103.443,103.464,8923,1,0
2025-02-28 03:00:00,103.463,103.587,103.351,103.368,9357,1,0
2025-02-28 04:00:00,103.368,103.507,103.204,103.473,8286,1,0
2025-02-28 05:00:00,103.472,103.586,103.419,103.56,5859,1,0
2025-02-28 06:00:00,103.56,103.644,103.482,103.554,5038,1,0
2025-02-28 07:00:00,103.554,103.817,103.534,103.76,5649,1,0
2025-02-28 08:00:00,103.76,103.926,103.731,103.884,6385,1,0
2025-02-28 09:00:00,103.884,104.205,103.78,104.164,8835,1,0
2025-02-28 10:00:00,104.164,104.377,104.042,104.285,8078,1,0
2025-02-28 11:00:00,104.285,104.371,104.037,104.074,7298,1,0
2025-02-28 12:00:00,104.074,104.189,104.062,104.148,4743,1,0
2025-02-28 13:00:00,104.148,104.264,104.092,104.226,4539,1,0
2025-02-28 14:00:00,104.226,104.391,104.168,104.355,6149,1,0
2025-02-28 15:00:00,104.354,104.765,104.354,104.511,11684,1,0
2025-02-28 16:00:00,104.511,104.575,104.118,104.325,13929,1,0
2025-02-28 17:00:00,104.323,104.738,104.176,104.615,15372,1,0
2025-02-28 18:00:00,104.621,104.636,104.126,104.368,13982,1,0
2025-02-28 19:00:00,104.368,104.395,104.12,104.139,9950,1,0
2025-02-28 20:00:00,104.139,104.276,103.949,103.973,11954,1,0
2025-02-28 21:00:00,103.973,104.191,103.951,104.12,8941,1,0
2025-02-28 22:00:00,104.119,104.179,103.985,104.058,7165,1,0
2025-02-28 23:00:00,104.061,104.141,104.009,104.056,3320,1,0
2025-03-03 00:00:00,104.205,104.314,104.16,104.301,916,70,0
2025-03-03 01:00:00,104.301,104.57,104.291,104.412,5618,1,0
2025-03-03 02:00:00,104.412,104.503,104.221,104.251,9578,1,0
2025-03-03 03:00:00,104.251,104.391,104.127,104.204,8473,1,0
2025-03-03 04:00:00,104.204,104.247,104.118,104.165,6157,1,0
2025-03-03 05:00:00,104.165,104.2,103.971,104.165,6387,1,0
2025-03-03 06:00:00,104.165,104.23,104.102,104.109,4397,1,0
2025-03-03 07:00:00,104.109,104.229,104.098,104.134,4381,1,0
2025-03-03 08:00:00,104.134,104.191,104.023,104.14,5584,1,0
2025-03-03 09:00:00,104.14,104.211,103.986,103.995,7640,1,0
2025-03-03 10:00:00,103.995,104.073,103.866,103.997,9062,1,0
2025-03-03 11:00:00,103.997,104.236,103.853,104.212,6729,1,0
2025-03-03 12:00:00,104.212,104.584,104.189,104.545,8452,1,0
2025-03-03 13:00:00,104.542,104.777,104.509,104.755,8031,1,0
2025-03-03 14:00:00,104.753,104.883,104.695,104.825,8557,1,0
2025-03-03 15:00:00,104.825,104.973,104.712,104.76,9770,1,0
2025-03-03 16:00:00,104.76,104.8,104.497,104.534,11022,1,0
2025-03-03 17:00:00,104.528,104.573,104.151,104.322,14951,1,0
2025-03-03 18:00:00,104.322,104.422,104.187,104.285,11465,1,0
2025-03-03 19:00:00,104.285,104.349,104.136,104.2,8542,1,0
2025-03-03 20:00:00,104.2,104.217,103.857,103.976,10673,1,0
2025-03-03 21:00:00,103.976,104.162,103.566,103.625,9408,1,0
2025-03-03 22:00:00,103.627,103.631,102.548,102.99,18052,1,0
2025-03-03 23:00:00,102.99,103.266,102.98,103.215,5802,1,0
2025-03-04 00:00:00,103.208,103.26,103.149,103.185,1327,72,0
2025-03-04 01:00:00,103.185,103.245,102.914,103.01,5257,2,0
2025-03-04 02:00:00,103.01,103.199,102.74,102.951,9245,1,0
2025-03-04 03:00:00,102.951,103.018,102.556,102.763,11343,1,0
2025-03-04 04:00:00,102.762,103.069,102.684,102.974,8225,1,0
2025-03-04 05:00:00,102.974,102.986,102.76,102.853,8040,1,0
2025-03-04 06:00:00,102.853,102.859,102.666,102.783,7004,1,0
2025-03-04 07:00:00,102.786,103.105,102.683,103.078,9667,1,0
2025-03-04 08:00:00,103.079,103.275,102.999,103.266,7881,1,0
2025-03-04 09:00:00,103.266,103.317,102.868,103.102,11214,1,0
2025-03-04 10:00:00,103.103,103.426,102.758,103.175,14290,1,0
2025-03-04 11:00:00,103.175,103.413,103.102,103.329,8487,1,0
2025-03-04 12:00:00,103.329,103.329,103.054,103.129,10440,1,0
2025-03-04 13:00:00,103.129,103.223,102.818,102.977,9309,1,0
2025-03-04 14:00:00,102.977,102.977,102.708,102.747,10927,1,0
2025-03-04 15:00:00,102.749,102.917,102.577,102.584,12766,1,0
2025-03-04 16:00:00,102.584,102.947,102.463,102.469,17416,1,0
2025-03-04 17:00:00,102.469,102.72,102.218,102.327,18850,1,0
2025-03-04 18:00:00,102.328,102.658,102.197,102.515,15691,1,0
2025-03-04 19:00:00,102.514,102.647,102.296,102.388,13032,1,0
2025-03-04 20:00:00,102.386,102.747,102.358,102.72,14322,1,0
2025-03-04 21:00:00,102.72,103.117,102.7,103.065,10856,1,0
2025-03-04 22:00:00,103.065,103.429,102.914,103.015,13017,1,0
2025-03-04 23:00:00,103.014,104.213,102.983,104.044,11297,1,0
2025-03-05 00:00:00,103.958,104.019,103.932,103.989,1386,81,0
2025-03-05 01:00:00,103.989,104.217,103.907,104.06,3938,1,0
2025-03-05 02:00:00,104.058,104.066,103.742,104.018,8855,1,0
2025-03-05 03:00:00,104.018,104.286,103.813,103.944,11166,1,0
2025-03-05 04:00:00,103.946,103.963,103.669,103.764,9091,1,0
2025-03-05 05:00:00,103.764,104.02,103.627,103.971,8151,1,0
2025-03-05 06:00:00,103.971,103.982,103.761,103.834,5301,1,0
2025-03-05 07:00:00,103.834,103.928,103.735,103.811,5755,1,0
2025-03-05 08:00:00,103.811,103.866,103.677,103.818,7142,1,0
2025-03-05 09:00:00,103.819,104.043,103.698,103.771,10683,1,0
2025-03-05 10:00:00,103.771,104.029,103.621,103.715,11956,1,0
2025-03-05 11:00:00,103.715,103.914,103.636,103.863,9356,1,0
2025-03-05 12:00:00,103.862,103.987,103.761,103.805,7984,1,0
2025-03-05 13:00:00,103.805,103.986,103.721,103.795,7810,1,0
2025-03-05 14:00:00,103.795,103.869,103.613,103.684,9687,1,0
2025-03-05 15:00:00,103.687,104.03,103.488,103.629,16068,1,0
2025-03-05 16:00:00,103.628,103.651,103.277,103.296,16149,1,0
2025-03-05 17:00:00,103.294,103.951,103.198,103.45,20788,1,0
2025-03-05 18:00:00,103.449,103.733,103.024,103.509,16976,1,0
2025-03-05 19:00:00,103.509,103.713,103.326,103.687,13612,1,0
2025-03-05 20:00:00,103.688,103.904,103.487,103.771,13521,1,0
2025-03-05 21:00:00,103.771,103.96,103.733,103.79,9269,1,0
2025-03-05 22:00:00,103.79,103.879,103.72,103.817,7466,1,0
2025-03-05 23:00:00,103.817,103.897,103.778,103.784,4441,1,0
2025-03-06 00:00:00,103.792,103.854,103.706,103.795,833,71,0
2025-03-06 01:00:00,103.795,103.906,103.76,103.834,4032,1,0
2025-03-06 02:00:00,103.834,104.094,103.807,103.926,7209,1,0
2025-03-06 03:00:00,103.926,104.148,103.905,104.1,7430,1,0
2025-03-06 04:00:00,104.1,104.202,104.05,104.199,6759,1,0
2025-03-06 05:00:00,104.199,104.237,104.093,104.166,5907,1,0
2025-03-06 06:00:00,104.166,104.202,104.099,104.157,4900,1,0
2025-03-06 07:00:00,104.157,104.161,103.884,103.89,6478,1,0
2025-03-06 08:00:00,103.89,103.923,103.768,103.784,7462,1,0
2025-03-06 09:00:00,103.784,103.797,103.413,103.446,12177,1,0
2025-03-06 10:00:00,103.445,103.455,103.161,103.261,13489,1,0
2025-03-06 11:00:00,103.26,103.26,102.965,103.094,12646,1,0
2025-03-06 12:00:00,103.093,103.187,102.95,103.007,9104,1,0
2025-03-06 13:00:00,103.007,103.037,102.905,102.926,8174,1,0
2025-03-06 14:00:00,102.926,102.956,102.698,102.71,9322,1,0
2025-03-06 15:00:00,102.71,102.831,102.599,102.646,15154,1,0
2025-03-06 16:00:00,102.646,103.063,102.586,102.875,17963,1,0
2025-03-06 17:00:00,102.884,103.987,102.879,103.895,19588,1,0
2025-03-06 18:00:00,103.896,104.174,103.581,103.581,17408,1,0
2025-03-06 19:00:00,103.581,103.713,103.172,103.423,14541,1,0
2025-03-06 20:00:00,103.423,103.501,103.278,103.347,11058,1,0
2025-03-06 21:00:00,103.347,103.521,103.09,103.269,10917,1,0
2025-03-06 22:00:00,103.268,103.421,103.219,103.318,10575,1,0
2025-03-06 23:00:00,103.316,103.548,103.31,103.516,3878,1,0
2025-03-07 00:00:00,103.474,103.501,103.262,103.434,1108,73,0
2025-03-07 01:00:00,103.434,103.653,103.434,103.651,4031,1,0
2025-03-07 02:00:00,103.65,103.66,103.284,103.497,7789,1,0
2025-03-07 03:00:00,103.497,103.607,103.418,103.425,8015,1,0
2025-03-07 04:00:00,103.425,103.479,103.183,103.215,6619,1,0
2025-03-07 05:00:00,103.215,103.221,103.09,103.154,6300,1,0
2025-03-07 06:00:00,103.154,103.257,103.095,103.242,5370,1,0
2025-03-07 07:00:00,103.242,103.293,103.022,103.025,5946,1,0
2025-03-07 08:00:00,103.025,103.168,102.982,103.109,7060,1,0
2025-03-07 09:00:00,103.109,103.331,103.096,103.231,9642,1,0
2025-03-07 10:00:00,103.23,103.382,102.975,103.069,12463,1,0
2025-03-07 11:00:00,103.069,103.273,103.032,103.11,9757,1,0
2025-03-07 12:00:00,103.11,103.152,103.021,103.088,7598,1,0
2025-03-07 13:00:00,103.088,103.198,103.031,103.154,7433,1,0
2025-03-07 14:00:00,103.155,103.238,102.962,103.059,9709,1,0
2025-03-07 15:00:00,103.059,103.157,102.414,102.45,16110,1,0
2025-03-07 16:00:00,102.451,102.937,102.331,102.804,18162,1,0
2025-03-07 17:00:00,102.804,103.019,102.481,102.722,18927,1,0
2025-03-07 18:00:00,102.72,102.727,102.118,102.269,16143,1,0
2025-03-07 19:00:00,102.269,102.632,101.917,102.487,15463,1,0
2025-03-07 20:00:00,102.487,102.897,102.475,102.887,13227,1,0
2025-03-07 21:00:00,102.887,103.14,102.837,103.05,10537,1,0
2025-03-07 22:00:00,103.05,103.141,102.919,102.964,8861,1,0
2025-03-07 23:00:00,102.965,102.966,102.867,102.918,3089,1,0
2025-03-10 00:00:00,102.822,102.876,102.596,102.596,1972,70,0
2025-03-10 01:00:00,102.596,102.794,102.593,102.594,5765,1,0
2025-03-10 02:00:00,102.594,102.752,102.535,102.685,5658,1,0
2025-03-10 03:00:00,102.685,102.712,102.502,102.55,7955,1,0
2025-03-10 04:00:00,102.55,102.681,102.419,102.643,7202,1,0
2025-03-10 05:00:00,102.643,102.796,102.574,102.742,5270,1,0
2025-03-10 06:00:00,102.742,102.862,102.688,102.767,4332,1,0
2025-03-10 07:00:00,102.767,102.821,102.72,102.767,3450,1,0
2025-03-10 08:00:00,102.767,102.897,102.689,102.69,4309,1,0
2025-03-10 09:00:00,102.695,102.86,102.678,102.822,5629,1,0
2025-03-10 10:00:00,102.823,102.894,102.676,102.767,8249,1,0
2025-03-10 11:00:00,102.77,102.822,102.323,102.355,10960,1,0
2025-03-10 12:00:00,102.354,102.646,102.331,102.546,9596,1,0
2025-03-10 13:00:00,102.546,102.61,102.124,102.124,8788,1,0
2025-03-10 14:00:00,102.124,102.3,102.068,102.211,10159,1,0
2025-03-10 15:00:00,102.212,102.27,101.799,101.972,10118,1,0
2025-03-10 16:00:00,101.972,102.099,101.746,101.986,14268,1,0
2025-03-10 17:00:00,101.987,101.987,101.681,101.803,16672,1,0
2025-03-10 18:00:00,101.803,102.184,101.79,101.973,13078,1,0
2025-03-10 19:00:00,101.973,102.103,101.859,102.03,10705,1,0
2025-03-10 20:00:00,102.03,102.089,101.839,101.889,10508,1,0
2025-03-10 21:00:00,101.889,102.02,101.785,101.802,9309,1,0
2025-03-10 22:00:00,101.802,102.109,101.634,102.008,11114,1,0
2025-03-10 23:00:00,102.007,102.081,101.952,101.969,4355,1,0
2025-03-11 00:00:00,101.902,101.976,101.866,101.905,555,69,0
2025-03-11 01:00:00,101.905,101.944,101.781,101.781,3190,1,0
2025-03-11 02:00:00,101.781,101.957,101.694,101.949,5860,1,0
2025-03-11 03:00:00,101.95,101.966,101.497,101.7,9246,1,0
2025-03-11 04:00:00,101.7,101.825,101.524,101.767,9424,1,0
2025-03-11 05:00:00,101.767,102.096,101.719,101.89,8678,1,0
2025-03-11 06:00:00,101.89,102.034,101.824,101.96,7116,1,0
2025-03-11 07:00:00,101.96,102.026,101.83,101.874,5050,1,0
2025-03-11 08:00:00,101.874,101.997,101.798,101.963,5058,1,0
2025-03-11 09:00:00,101.963,102.124,101.914,101.992,7814,1,0
2025-03-11 10:00:00,101.993,102.046,101.78,101.945,10161,1,0
2025-03-11 11:00:00,101.945,102.214,101.852,102.172,11287,1,0
2025-03-11 12:00:00,102.172,102.324,102.093,102.278,8740,1,0
2025-03-11 13:00:00,102.278,102.456,102.234,102.432,7879,1,0
2025-03-11 14:00:00,102.432,102.572,102.344,102.512,7625,1,0
2025-03-11 15:00:00,102.512,102.651,102.272,102.527,10596,1,0
2025-03-11 16:00:00,102.527,102.761,102.406,102.512,14923,1,0
2025-03-11 17:00:00,102.502,102.783,101.473,101.518,22701,1,0
2025-03-11 18:00:00,101.518,102.205,101.45,101.982,19280,1,0
2025-03-11 19:00:00,101.981,101.981,101.644,101.703,13411,1,0
2025-03-11 20:00:00,101.704,101.704,101.375,101.626,12096,1,0
2025-03-11 21:00:00,101.626,102.709,101.607,102.649,15278,1,0
2025-03-11 22:00:00,102.649,102.8,102.466,102.528,13555,1,0
2025-03-11 23:00:00,102.527,102.622,102.365,102.368,4020,1,0
2025-03-12 00:00:00,102.369,102.4,102.191,102.306,650,22,0
2025-03-12 01:00:00,102.306,102.544,102.306,102.514,2172,1,0
2025-03-12 02:00:00,102.514,102.612,102.426,102.563,3772,1,0
2025-03-12 03:00:00,102.563,102.681,102.488,102.666,6820,1,0
2025-03-12 04:00:00,102.667,102.683,102.427,102.542,6107,1,0
2025-03-12 05:00:00,102.542,102.576,102.425,102.507,4820,1,0
2025-03-12 06:00:00,102.507,102.572,102.403,102.484,3943,1,0
2025-03-12 07:00:00,102.484,102.619,102.478,102.531,3854,1,0
2025-03-12 08:00:00,102.53,102.668,102.501,102.513,4337,1,0
2025-03-12 09:00:00,102.514,102.613,102.397,102.579,5395,1,0
2025-03-12 10:00:00,102.579,102.846,102.385,102.825,8167,1,0
2025-03-12 11:00:00,102.825,102.873,102.548,102.771,9461,1,0
2025-03-12 12:00:00,102.771,102.984,102.749,102.926,6419,1,0
2025-03-12 13:00:00,102.925,103.143,102.921,103.097,5247,1,0
2025-03-12 14:00:00,103.097,103.239,103.086,103.206,5713,1,0
2025-03-12 15:00:00,103.206,103.642,102.921,103.589,14089,1,0
2025-03-12 16:00:00,103.589,103.607,103.019,103.152,15121,1,0
2025-03-12 17:00:00,103.153,103.239,102.86,102.966,14084,1,0
2025-03-12 18:00:00,102.966,103.135,102.872,103.019,11105,1,0
2025-03-12 19:00:00,103.019,103.241,102.971,103.061,9571,1,0
2025-03-12 20:00:00,103.061,103.285,102.966,102.969,9118,1,0
2025-03-12 21:00:00,102.969,103.405,102.962,103.283,8619,1,0
2025-03-12 22:00:00,103.283,103.288,103.141,103.194,8329,1,0
2025-03-12 23:00:00,103.194,103.266,103.135,103.157,2754,1,0
2025-03-13 00:00:00,103.113,103.147,103.094,103.136,350,70,0
2025-03-13 01:00:00,103.136,103.239,103.114,103.201,2484,1,0
2025-03-13 02:00:00,103.201,103.287,103.135,103.287,3674,1,0
2025-03-13 03:00:00,103.287,103.298,103.126,103.133,4900,1,0
2025-03-13 04:00:00,103.133,103.221,103.087,103.087,5898,1,0
2025-03-13 05:00:00,103.087,103.167,103.065,103.091,4690,1,0
2025-03-13 06:00:00,103.09,103.127,102.899,102.908,4062,1,0
2025-03-13 07:00:00,102.908,102.971,102.715,102.772,4787,1,0
2025-03-13 08:00:00,102.772,102.81,102.617,102.638,5925,1,0
2025-03-13 09:00:00,102.638,102.682,102.49,102.667,6581,1,0
2025-03-13 10:00:00,102.667,102.802,102.6,102.661,7857,1,0
2025-03-13 11:00:00,102.66,102.826,102.574,102.818,10874,1,0
2025-03-13 12:00:00,102.818,103.125,102.745,103.113,7388,1,0
2025-03-13 13:00:00,103.113,103.162,103.013,103.082,6163,1,0
2025-03-13 14:00:00,103.082,103.113,102.821,102.942,7681,1,0
2025-03-13 15:00:00,102.94,103.069,102.628,102.949,12660,1,0
2025-03-13 16:00:00,102.949,103.095,102.83,102.894,13242,1,0
2025-03-13 17:00:00,102.895,103.016,102.729,102.796,13924,1,0
2025-03-13 18:00:00,102.796,102.86,102.507,102.595,13536,1,0
2025-03-13 19:00:00,102.595,102.675,102.297,102.352,11042,1,0
2025-03-13 20:00:00,102.352,102.374,102.045,102.18,9408,1,0
2025-03-13 21:00:00,102.18,102.477,102.172,102.445,8303,1,0
2025-03-13 22:00:00,102.445,102.495,102.307,102.331,7724,1,0
2025-03-13 23:00:00,102.331,102.433,102.323,102.341,2857,1,0
2025-03-14 00:00:00,102.334,102.334,102.23,102.263,485,70,0
2025-03-14 01:00:00,102.263,102.572,102.263,102.55,2272,2,0
2025-03-14 02:00:00,102.55,102.564,102.462,102.544,3174,1,0
2025-03-14 03:00:00,102.544,102.806,102.459,102.76,6275,1,0
2025-03-14 04:00:00,102.76,102.81,102.636,102.647,5976,1,0
2025-03-14 05:00:00,102.647,102.716,102.646,102.693,4105,1,0
2025-03-14 06:00:00,102.693,102.831,102.693,102.817,4816,1,0
2025-03-14 07:00:00,102.817,102.936,102.799,102.919,4320,1,0
2025-03-14 08:00:00,102.919,103.021,102.865,102.899,4732,1,0
2025-03-14 09:00:00,102.898,103.124,102.867,103.08,5371,1,0
2025-03-14 10:00:00,103.08,103.31,102.999,103.144,8792,1,0
2025-03-14 11:00:00,103.144,103.31,103.033,103.291,8454,1,0
2025-03-14 12:00:00,103.292,103.364,103.224,103.309,6627,1,0
2025-03-14 13:00:00,103.31,103.328,102.995,103.204,8508,1,0
2025-03-14 14:00:00,103.206,103.224,103.023,103.148,8523,1,0
2025-03-14 15:00:00,103.15,103.211,103.031,103.174,7312,1,0
2025-03-14 16:00:00,103.174,103.435,103.065,103.335,9502,1,0
2025-03-14 17:00:00,103.333,103.559,103.053,103.172,14969,1,0
2025-03-14 18:00:00,103.171,103.296,103.105,103.294,10774,1,0
2025-03-14 19:00:00,103.294,103.297,103.014,103.215,7786,1,0
2025-03-14 20:00:00,103.215,103.28,103.183,103.255,6485,1,0
2025-03-14 21:00:00,103.255,103.417,103.239,103.34,4708,1,0
2025-03-14 22:00:00,103.34,103.536,103.31,103.495,4035,1,0
2025-03-14 23:00:00,103.495,103.529,103.44,103.462,2587,1,0
2025-03-17 00:00:00,103.32,103.519,103.297,103.513,674,76,0
2025-03-17 01:00:00,103.515,103.566,103.436,103.436,3996,1,0
2025-03-17 02:00:00,103.436,103.513,103.346,103.387,3592,1,0
2025-03-17 03:00:00,103.387,103.607,103.292,103.549,5771,1,0
2025-03-17 04:00:00,103.549,103.616,103.378,103.395,5446,1,0
2025-03-17 05:00:00,103.395,103.44,103.324,103.412,4335,1,0
2025-03-17 06:00:00,103.414,103.504,103.372,103.47,3586,1,0
2025-03-17 07:00:00,103.47,103.695,103.469,103.694,4296,1,0
2025-03-17 08:00:00,103.694,103.716,103.557,103.631,4105,1,0
2025-03-17 09:00:00,103.631,103.72,103.504,103.704,5145,1,0
2025-03-17 10:00:00,103.703,103.746,103.592,103.627,5891,1,0
2025-03-17 11:00:00,103.627,103.715,103.518,103.692,7348,1,0
2025-03-17 12:00:00,103.692,103.706,103.495,103.549,6217,1,0
2025-03-17 13:00:00,103.549,103.578,103.449,103.468,5309,1,0
2025-03-17 14:00:00,103.468,103.539,103.384,103.472,4755,1,0
2025-03-17 15:00:00,103.472,103.859,103.323,103.785,9903,1,0
2025-03-17 16:00:00,103.785,104.207,103.7,103.97,11604,1,0
2025-03-17 17:00:00,103.97,103.973,103.718,103.814,12907,1,0
2025-03-17 18:00:00,103.814,103.947,103.743,103.893,9510,1,0
2025-03-17 19:00:00,103.893,104.087,103.85,104.058,6276,1,0
2025-03-17 20:00:00,104.058,104.327,104.045,104.296,5156,1,0
2025-03-17 21:00:00,104.296,104.502,104.269,104.45,5299,1,0
2025-03-17 22:00:00,104.45,104.523,104.406,104.43,4447,1,0
2025-03-17 23:00:00,104.43,104.45,104.339,104.415,2975,1,0
2025-03-18 00:00:00,104.402,104.412,104.319,104.331,366,63,0
2025-03-18 01:00:00,104.331,104.491,104.331,104.487,1733,1,0
2025-03-18 02:00:00,104.487,104.534,104.457,104.493,2556,1,0
2025-03-18 03:00:00,104.491,104.58,104.423,104.57,5189,1,0
2025-03-18 04:00:00,104.57,104.641,104.495,104.522,4258,1,0
2025-03-18 05:00:00,104.522,104.693,104.51,104.646,4429,1,0
2025-03-18 06:00:00,104.646,104.676,104.601,104.648,3103,1,0
2025-03-18 07:00:00,104.648,104.685,104.553,104.573,2976,1,0
2025-03-18 08:00:00,104.573,104.685,104.535,104.684,3028,1,0
2025-03-18 09:00:00,104.684,104.821,104.677,104.762,3909,1,0
2025-03-18 10:00:00,104.763,104.862,104.737,104.831,4913,1,0
2025-03-18 11:00:00,104.831,104.987,104.803,104.894,5513,1,0
2025-03-18 12:00:00,104.892,104.963,104.838,104.886,4820,1,0
2025-03-18 13:00:00,104.886,104.911,104.651,104.699,5747,1,0
2025-03-18 14:00:00,104.699,104.86,104.668,104.819,5276,1,0
2025-03-18 15:00:00,104.819,105.019,104.7,104.865,7715,1,0
2025-03-18 16:00:00,104.865,105.033,104.688,104.704,11109,1,0
2025-03-18 17:00:00,104.704,104.761,104.552,104.613,12045,1,0
2025-03-18 18:00:00,104.614,104.627,104.401,104.461,10665,1,0
2025-03-18 19:00:00,104.459,104.614,104.26,104.431,7878,1,0
2025-03-18 20:00:00,104.431,104.431,104.217,104.356,8001,1,0
2025-03-18 21:00:00,104.356,104.36,104.175,104.348,5787,1,0
2025-03-18 22:00:00,104.348,104.448,104.265,104.431,5100,1,0
2025-03-18 23:00:00,104.431,104.499,104.38,104.386,2542,1,0
2025-03-19 00:00:00,104.302,104.376,104.252,104.319,864,77,0
2025-03-19 01:00:00,104.319,104.509,104.306,104.503,1412,1,0
2025-03-19 02:00:00,104.503,104.553,104.433,104.519,2660,1,0
2025-03-19 03:00:00,104.519,104.676,104.443,104.649,4994,1,0
2025-03-19 04:00:00,104.649,104.659,104.483,104.493,3896,1,0
2025-03-19 05:00:00,104.494,104.568,104.315,104.465,4253,1,0
2025-03-19 06:00:00,104.465,104.492,104.357,104.371,2644,1,0
2025-03-19 07:00:00,104.371,104.529,104.354,104.512,2824,1,0
2025-03-19 08:00:00,104.512,104.681,104.512,104.679,2947,1,0
2025-03-19 09:00:00,104.679,104.82,104.536,104.569,5202,1,0
2025-03-19 10:00:00,104.569,104.572,104.097,104.213,10049,1,0
2025-03-19 11:00:00,104.213,104.558,104.213,104.488,7613,1,0
2025-03-19 12:00:00,104.488,104.619,104.418,104.578,5201,1,0
2025-03-19 13:00:00,104.578,104.598,104.453,104.557,4397,1,0
2025-03-19 14:00:00,104.556,104.678,104.545,104.655,4348,1,0
2025-03-19 15:00:00,104.655,104.692,104.482,104.601,5963,1,0
2025-03-19 16:00:00,104.601,104.879,104.564,104.845,7596,1,0
2025-03-19 17:00:00,104.845,104.929,104.601,104.639,8101,1,0
2025-03-19 18:00:00,104.639,104.733,104.563,104.719,6686,1,0
2025-03-19 19:00:00,104.719,104.738,104.59,104.641,4846,1,0
2025-03-19 20:00:00,104.641,104.648,104.493,104.523,5169,1,0
2025-03-19 21:00:00,104.529,104.566,103.883,104.019,15200,1,0
2025-03-19 22:00:00,104.02,104.156,103.884,103.928,11654,1,0
2025-03-19 23:00:00,103.928,103.981,103.723,103.789,3235,1,0
2025-03-20 00:00:00,103.794,103.895,103.764,103.886,727,29,0
2025-03-20 01:00:00,103.886,103.95,103.743,103.772,2773,1,0
2025-03-20 02:00:00,103.772,103.853,103.662,103.664,3483,1,0
2025-03-20 03:00:00,103.663,103.715,103.53,103.555,5304,1,0
2025-03-20 04:00:00,103.555,103.594,103.423,103.476,4651,1,0
2025-03-20 05:00:00,103.476,103.604,103.442,103.603,4728,1,0
2025-03-20 06:00:00,103.603,103.648,103.549,103.589,3181,1,0
2025-03-20 07:00:00,103.589,103.632,103.54,103.572,2425,1,0
2025-03-20 08:00:00,103.572,103.581,103.507,103.525,2683,1,0
2025-03-20 09:00:00,103.525,103.525,103.375,103.415,3552,1,0
2025-03-20 10:00:00,103.415,103.675,103.387,103.622,5427,1,0
2025-03-20 11:00:00,103.621,103.64,103.43,103.497,6145,1,0
2025-03-20 12:00:00,103.498,103.574,103.427,103.498,6007,1,0
2025-03-20 13:00:00,103.498,103.517,103.167,103.372,8356,1,0
2025-03-20 14:00:00,103.371,103.406,103.192,103.283,5478,1,0
2025-03-20 15:00:00,103.284,103.392,103.188,103.285,7655,1,0
2025-03-20 16:00:00,103.285,103.572,103.153,103.538,9708,1,0
2025-03-20 17:00:00,103.536,103.762,103.536,103.602,10870,1,0
2025-03-20 18:00:00,103.602,103.933,103.571,103.904,7952,1,0
2025-03-20 19:00:00,103.904,104.045,103.775,103.797,8032,1,0
2025-03-20 20:00:00,103.797,103.988,103.794,103.85,5800,1,0
2025-03-20 21:00:00,103.85,103.95,103.819,103.864,5175,1,0
2025-03-20 22:00:00,103.864,103.989,103.85,103.945,5285,1,0
2025-03-20 23:00:00,103.945,103.969,103.828,103.871,2260,1,0
2025-03-21 00:00:00,103.852,103.852,103.695,103.827,488,42,0
2025-03-21 01:00:00,103.827,103.902,103.827,103.831,1911,1,0
2025-03-21 02:00:00,103.831,103.859,103.742,103.755,2799,1,0
2025-03-21 03:00:00,103.755,104.071,103.734,104.042,5672,1,0
2025-03-21 04:00:00,104.042,104.181,103.983,104.148,5028,1,0
2025-03-21 05:00:00,104.148,104.154,104.036,104.096,3785,1,0
2025-03-21 06:00:00,104.096,104.183,104.013,104.15,3287,1,0
2025-03-21 07:00:00,104.15,104.313,104.15,104.253,3151,1,0
2025-03-21 08:00:00,104.253,104.376,104.248,104.342,3812,1,0
2025-03-21 09:00:00,104.342,104.443,104.319,104.439,4372,1,0
2025-03-21 10:00:00,104.439,104.502,104.202,104.254,5392,1,0
2025-03-21 11:00:00,104.254,104.385,104.131,104.319,6725,1,0
2025-03-21 12:00:00,104.319,104.327,104.159,104.188,4964,1,0
2025-03-21 13:00:00,104.19,104.293,104.064,104.134,5016,1,0
2025-03-21 14:00:00,104.134,104.146,103.813,103.847,4888,1,0
2025-03-21 15:00:00,103.847,103.884,103.552,103.554,7901,1,0
2025-03-21 16:00:00,103.554,103.743,103.481,103.72,11003,1,0
2025-03-21 17:00:00,103.72,103.889,103.628,103.806,10549,1,0
2025-03-21 18:00:00,103.804,103.837,103.614,103.766,8298,1,0
2025-03-21 19:00:00,103.769,104.092,103.728,104.073,8499,1,0
2025-03-21 20:00:00,104.072,104.162,103.963,104.071,6028,1,0
2025-03-21 21:00:00,104.071,104.1,103.983,104.014,4796,1,0
2025-03-21 22:00:00,104.012,104.144,103.973,104.125,4215,1,0
2025-03-21 23:00:00,104.127,104.174,103.987,103.99,1809,1,0
2025-03-24 00:00:00,103.977,104.148,103.955,104.09,512,73,0
2025-03-24 01:00:00,104.09,104.387,104.09,104.321,3161,1,0
2025-03-24 02:00:00,104.321,104.45,104.266,104.418,3555,1,0
2025-03-24 03:00:00,104.418,104.51,104.315,104.482,4807,1,0
2025-03-24 04:00:00,104.482,104.573,104.429,104.486,4893,1,0
2025-03-24 05:00:00,104.486,104.5,104.401,104.452,3338,1,0
2025-03-24 06:00:00,104.452,104.525,104.37,104.421,2866,1,0
2025-03-24 07:00:00,104.421,104.424,104.353,104.414,2265,1,0
2025-03-24 08:00:00,104.414,104.46,104.328,104.359,3400,1,0
2025-03-24 09:00:00,104.359,104.462,104.283,104.39,4379,1,0
2025-03-24 10:00:00,104.39,104.584,104.356,104.421,4904,1,0
2025-03-24 11:00:00,104.421,104.522,104.311,104.385,6560,1,0
2025-03-24 12:00:00,104.385,104.508,104.312,104.383,5508,1,0
2025-03-24 13:00:00,104.383,104.492,104.36,104.466,4149,1,0
2025-03-24 14:00:00,104.466,104.614,104.461,104.535,3761,1,0
2025-03-24 15:00:00,104.535,104.542,104.419,104.515,6110,1,0
2025-03-24 16:00:00,104.515,104.875,104.419,104.852,8310,1,0
2025-03-24 17:00:00,104.852,105.211,104.829,105.177,9276,1,0
2025-03-24 18:00:00,105.177,105.496,105.12,105.462,7868,1,0
2025-03-24 19:00:00,105.462,105.479,105.132,105.177,6991,1,0
2025-03-24 20:00:00,105.177,105.224,105.059,105.22,5332,1,0
2025-03-24 21:00:00,105.22,105.248,105.108,105.169,6234,1,0
2025-03-24 22:00:00,105.169,105.241,105.13,105.22,4417,1,0
2025-03-24 23:00:00,105.22,105.323,105.208,105.219,2322,1,0
2025-03-25 00:00:00,105.205,105.223,105.143,105.197,745,59,0
2025-03-25 01:00:00,105.197,105.301,105.197,105.27,1992,1,0
2025-03-25 02:00:00,105.27,105.37,105.234,105.32,3324,1,0
2025-03-25 03:00:00,105.32,105.401,105.3,105.399,4892,1,0
2025-03-25 04:00:00,105.399,105.411,105.217,105.244,4774,1,0
2025-03-25 05:00:00,105.244,105.298,105.172,105.283,3625,1,0
2025-03-25 06:00:00,105.283,105.3,105.192,105.206,3257,1,0
2025-03-25 07:00:00,105.206,105.238,105.102,105.113,2858,1,0
2025-03-25 08:00:00,105.113,105.135,105.064,105.068,2799,1,0
2025-03-25 09:00:00,105.068,105.111,105.012,105.079,3697,1,0
2025-03-25 10:00:00,105.079,105.23,105.072,105.223,4709,1,0
2025-03-25 11:00:00,105.223,105.271,105.1,105.155,6529,1,0
2025-03-25 12:00:00,105.155,105.209,105.046,105.113,5055,1,0
2025-03-25 13:00:00,105.113,105.189,105.051,105.127,5423,1,0
2025-03-25 14:00:00,105.126,105.166,105.032,105.126,5225,1,0
2025-03-25 15:00:00,105.127,105.133,104.897,105.02,5565,1,0
2025-03-25 16:00:00,105.019,105.023,104.792,104.792,7888,1,0
2025-03-25 17:00:00,104.769,104.82,104.618,104.699,9733,1,0
2025-03-25 18:00:00,104.699,104.767,104.534,104.671,7684,1,0
2025-03-25 19:00:00,104.671,104.747,104.657,104.742,5343,1,0
2025-03-25 20:00:00,104.744,104.82,104.668,104.74,4238,1,0
2025-03-25 21:00:00,104.739,104.846,104.696,104.813,4088,1,0
2025-03-25 22:00:00,104.813,104.99,104.811,104.948,4314,1,0
2025-03-25 23:00:00,104.951,105.035,104.935,104.987,2302,1,0
2025-03-26 00:00:00,104.901,104.986,104.901,104.921,1079,70,0
2025-03-26 01:00:00,104.921,105.068,104.921,105.057,1889,1,0
2025-03-26 02:00:00,105.057,105.09,105.001,105.054,2153,1,0
2025-03-26 03:00:00,105.054,105.15,104.967,105.117,5384,1,0
2025-03-26 04:00:00,105.117,105.209,105.004,105.131,5842,1,0
2025-03-26 05:00:00,105.131,105.292,105.106,105.28,3600,1,0
2025-03-26 06:00:00,105.28,105.426,105.266,105.392,3586,1,0
2025-03-26 07:00:00,105.392,105.467,105.387,105.466,2994,1,0
2025-03-26 08:00:00,105.466,105.517,105.409,105.418,3909,1,0
2025-03-26 09:00:00,105.418,105.508,105.395,105.483,3848,1,0
2025-03-26 10:00:00,105.483,105.651,105.446,105.54,5519,1,0
2025-03-26 11:00:00,105.54,105.558,105.282,105.341,6723,1,0
2025-03-26 12:00:00,105.341,105.418,105.274,105.323,5008,1,0
2025-03-26 13:00:00,105.323,105.452,105.269,105.428,3689,1,0
2025-03-26 14:00:00,105.428,105.448,105.339,105.382,3699,1,0
2025-03-26 15:00:00,105.382,105.478,105.238,105.404,6513,0,0
2025-03-26 16:00:00,105.411,105.678,105.373,105.54,7755,0,0
2025-03-26 17:00:00,105.54,105.673,105.489,105.643,7621,0,0
2025-03-26 18:00:00,105.642,105.864,105.552,105.7,6899,0,0
2025-03-26 19:00:00,105.7,105.702,105.441,105.551,6775,0,0
2025-03-26 20:00:00,105.549,105.642,105.149,105.295,8045,0,0
2025-03-26 21:00:00,105.295,105.468,105.206,105.302,5923,0,0
2025-03-26 22:00:00,105.302,105.438,105.261,105.427,4939,0,0
2025-03-26 23:00:00,105.43,105.552,105.383,105.542,2248,0,0
2025-03-27 00:00:00,105.545,105.547,105.239,105.239,368,17,0
2025-03-27 01:00:00,105.239,105.475,105.023,105.093,4229,5,0
2025-03-27 02:00:00,105.094,105.275,105.079,105.267,3414,0,0
2025-03-27 03:00:00,105.267,105.417,105.227,105.338,4863,0,0
2025-03-27 04:00:00,105.338,105.35,105.11,105.133,5503,0,0
2025-03-27 05:00:00,105.133,105.328,105.133,105.273,4682,0,0
2025-03-27 06:00:00,105.273,105.343,105.234,105.257,3354,0,0
2025-03-27 07:00:00,105.256,105.317,105.229,105.3,2893,0,0
2025-03-27 08:00:00,105.3,105.364,105.196,105.259,3499,0,0
2025-03-27 09:00:00,105.259,105.456,105.242,105.378,4406,0,0
2025-03-27 10:00:00,105.378,105.382,105.174,105.299,6467,0,0
2025-03-27 11:00:00,105.299,105.47,105.254,105.467,7032,0,0
2025-03-27 12:00:00,105.465,105.657,105.457,105.656,5166,0,0
2025-03-27 13:00:00,105.656,105.684,105.587,105.611,4742,0,0
2025-03-27 14:00:00,105.611,105.799,105.577,105.798,4312,0,0
2025-03-27 15:00:00,105.798,105.822,105.429,105.44,6549,0,0
2025-03-27 16:00:00,105.44,105.477,105.117,105.428,8935,0,0
2025-03-27 17:00:00,105.425,105.575,105.289,105.528,8107,0,0
2025-03-27 18:00:00,105.528,105.615,105.357,105.452,8110,0,0
2025-03-27 19:00:00,105.452,105.623,105.404,105.501,6483,0,0
2025-03-27 20:00:00,105.502,105.713,105.465,105.548,5449,0,0
2025-03-27 21:00:00,105.548,105.669,105.519,105.539,4796,0,0
2025-03-27 22:00:00,105.539,105.682,105.523,105.559,3462,0,0
2025-03-27 23:00:00,105.554,105.629,105.552,105.594,1109,0,0
2025-03-28 00:00:00,105.586,105.586,105.494,105.559,164,30,0
2025-03-28 01:00:00,105.559,105.594,105.51,105.557,624,4,0
2025-03-28 02:00:00,105.557,105.568,105.368,105.441,2534,0,0
2025-03-28 03:00:00,105.439,105.646,105.397,105.494,5149,0,0
2025-03-28 04:00:00,105.493,105.504,105.283,105.319,4407,0,0
2025-03-28 05:00:00,105.319,105.42,105.308,105.399,2629,0,0
2025-03-28 06:00:00,105.399,105.429,105.321,105.372,2561,0,0
2025-03-28 07:00:00,105.372,105.477,105.332,105.41,2288,0,0
2025-03-28 08:00:00,105.41,105.448,105.323,105.348,2460,0,0
2025-03-28 09:00:00,105.35,105.396,105.16,105.162,2717,0,0
2025-03-28 10:00:00,105.162,105.173,104.963,104.967,4961,0,0
2025-03-28 11:00:00,104.967,105.137,104.936,105.113,4854,0,0
2025-03-28 12:00:00,105.113,105.175,105.088,105.114,3810,0,0
2025-03-28 13:00:00,105.115,105.249,105.112,105.171,3298,0,0
2025-03-28 14:00:00,105.17,105.327,105.153,105.313,3581,0,0
2025-03-28 15:00:00,105.31,105.392,105.148,105.262,6742,0,0
2025-03-28 16:00:00,105.262,105.451,105.102,105.134,9557,0,0
2025-03-28 17:00:00,105.127,105.131,104.69,104.795,10238,0,0
2025-03-28 18:00:00,104.795,105.276,104.736,105.199,8546,0,0
2025-03-28 19:00:00,105.199,105.261,104.993,105.009,5823,0,0
2025-03-28 20:00:00,105.007,105.024,104.702,104.85,5510,0,0
2025-03-28 21:00:00,104.85,104.948,104.691,104.753,4448,0,0
2025-03-28 22:00:00,104.753,104.772,104.586,104.606,4744,0,0
2025-03-28 23:00:00,104.604,104.682,104.524,104.645,2138,0,0
2025-03-31 00:00:00,104.621,104.696,104.471,104.52,245,29,0
2025-03-31 01:00:00,104.52,104.55,104.344,104.399,3106,0,0
2025-03-31 02:00:00,104.4,104.568,104.239,104.561,4615,0,0
2025-03-31 03:00:00,104.561,104.578,104.149,104.345,8064,0,0
2025-03-31 04:00:00,104.346,104.44,104.159,104.237,7227,0,0
2025-03-31 05:00:00,104.236,104.254,103.946,104.036,5638,0,0
2025-03-31 06:00:00,104.036,104.061,103.888,104.013,4461,0,0
2025-03-31 07:00:00,104.013,104.181,103.942,104.141,4019,0,0
2025-03-31 08:00:00,104.141,104.274,104.061,104.137,3826,0,0
2025-03-31 09:00:00,104.137,104.176,103.885,104.019,6248,0,0
2025-03-31 10:00:00,104.019,104.079,103.741,104.022,7922,0,0
2025-03-31 11:00:00,104.022,104.125,103.835,103.887,7309,0,0
2025-03-31 12:00:00,103.886,104.058,103.83,103.953,5232,0,0
2025-03-31 13:00:00,103.953,104.096,103.896,103.999,4122,0,0
2025-03-31 14:00:00,103.999,104.12,103.916,104.083,5603,0,0
2025-03-31 15:00:00,104.084,104.113,103.986,104.047,5926,0,0
2025-03-31 16:00:00,104.048,104.193,103.872,104.095,8880,0,0
2025-03-31 17:00:00,104.097,104.263,103.876,103.88,11306,0,0
2025-03-31 18:00:00,103.879,104.318,103.845,104.252,8715,0,0
2025-03-31 19:00:00,104.253,104.406,104.16,104.274,5857,0,0
2025-03-31 20:00:00,104.274,104.417,104.256,104.274,4856,0,0
2025-03-31 21:00:00,104.274,104.521,104.255,104.428,5451,0,0
2025-03-31 22:00:00,104.428,104.466,104.198,104.225,6017,0,0
2025-03-31 23:00:00,104.222,104.261,104.178,104.219,2512,0,0
2025-04-01 00:00:00,104.228,104.229,104.156,104.156,196,16,0
2025-04-01 01:00:00,104.159,104.245,104.114,104.162,1926,1,0
2025-04-01 02:00:00,104.161,104.318,104.149,104.198,3278,0,0
2025-04-01 03:00:00,104.198,104.217,104.001,104.049,6306,0,0
2025-04-01 04:00:00,104.048,104.149,103.927,104.107,5019,0,0
2025-04-01 05:00:00,104.107,104.202,104.067,104.193,4021,0,0
2025-04-01 06:00:00,104.192,104.235,104.067,104.067,2729,0,0
2025-04-01 07:00:00,104.067,104.09,103.991,104.052,2808,0,0
2025-04-01 08:00:00,104.052,104.238,104.039,104.12,3948,0,0
2025-04-01 09:00:00,104.12,104.275,104.036,104.215,4450,0,0
2025-04-01 10:00:00,104.215,104.218,103.872,103.897,6205,0,0
2025-04-01 11:00:00,103.897,104.073,103.839,104.069,3978,0,0
2025-04-01 12:00:00,104.068,104.193,104.012,104.139,3243,0,0
2025-04-01 13:00:00,104.139,104.158,103.835,103.88,6564,0,0
2025-04-01 14:00:00,103.88,103.894,103.543,103.657,6232,0,0
2025-04-01 15:00:00,103.657,103.801,103.584,103.78,5256,0,0
2025-04-01 16:00:00,103.78,103.899,103.637,103.794,7991,0,0
2025-04-01 17:00:00,103.787,104.322,103.494,104.179,11398,0,0
2025-04-01 18:00:00,104.179,104.464,104.153,104.355,9428,0,0
2025-04-01 19:00:00,104.355,104.599,104.25,104.409,7936,0,0
2025-04-01 20:00:00,104.409,104.459,104.28,104.32,6091,0,0
2025-04-01 21:00:00,104.32,104.331,104.08,104.222,5860,0,0
2025-04-01 22:00:00,104.219,104.59,104.218,104.573,4738,0,0
2025-04-01 23:00:00,104.573,104.632,104.468,104.596,2348,0,0
2025-04-02 00:00:00,104.602,104.624,104.528,104.618,143,13,0
2025-04-02 01:00:00,104.618,104.872,104.618,104.844,2797,0,0
2025-04-02 02:00:00,104.843,104.863,104.754,104.767,2551,0,0
2025-04-02 03:00:00,104.767,104.808,104.658,104.72,5236,0,0
2025-04-02 04:00:00,104.72,104.835,104.701,104.807,4335,0,0
2025-04-02 05:00:00,104.807,104.848,104.72,104.734,2869,0,0
2025-04-02 06:00:00,104.734,104.75,104.684,104.71,2192,0,0
2025-04-02 07:00:00,104.71,104.814,104.695,104.783,1914,0,0
2025-04-02 08:00:00,104.784,104.789,104.683,104.726,2560,0,0
2025-04-02 09:00:00,104.727,104.914,104.673,104.702,4082,0,0
2025-04-02 10:00:00,104.697,104.749,104.567,104.634,5558,0,0
2025-04-02 11:00:00,104.637,104.639,104.514,104.633,3777,0,0
2025-04-02 12:00:00,104.633,104.659,104.417,104.437,3973,0,0
2025-04-02 13:00:00,104.437,104.474,104.268,104.291,5270,0,0
2025-04-02 14:00:00,104.291,104.304,104.182,104.212,4073,0,0
2025-04-02 15:00:00,104.212,104.274,104.05,104.167,6171,0,0
2025-04-02 16:00:00,104.167,104.451,104.13,104.348,7772,0,0
2025-04-02 17:00:00,104.344,104.758,104.335,104.666,9335,0,0
2025-04-02 18:00:00,104.666,104.879,104.587,104.808,8822,0,0
2025-04-02 19:00:00,104.808,104.93,104.77,104.881,6357,0,0
2025-04-02 20:00:00,104.881,104.947,104.773,104.84,6169,0,0
2025-04-02 21:00:00,104.84,104.902,104.655,104.661,7013,0,0
2025-04-02 22:00:00,104.661,104.87,104.661,104.774,6639,0,0
2025-04-02 23:00:00,104.774,105.456,104.01,104.776,13543,0,0
2025-04-03 00:00:00,104.769,104.878,104.237,104.264,1082,3,0
2025-04-03 01:00:00,104.264,104.267,103.565,104.039,5999,1,0
2025-04-03 02:00:00,104.039,104.07,103.806,104.033,10265,0,0
2025-04-03 03:00:00,104.029,104.173,103.67,103.761,11777,0,0
2025-04-03 04:00:00,103.761,103.936,103.581,103.695,9025,0,0
2025-04-03 05:00:00,103.695,103.805,103.579,103.791,6671,0,0
2025-04-03 06:00:00,103.791,103.795,103.295,103.395,5268,0,0
2025-04-03 07:00:00,103.396,103.54,103.315,103.519,4083,0,0
2025-04-03 08:00:00,103.519,103.633,103.351,103.427,7202,0,0
2025-04-03 09:00:00,103.427,103.865,103.346,103.625,10777,0,0
2025-04-03 10:00:00,103.629,103.993,103.592,103.974,8289,0,0
2025-04-03 11:00:00,103.974,104.165,103.844,103.908,6559,0,0
2025-04-03 12:00:00,103.908,103.908,103.371,103.595,8001,0,0
2025-04-03 13:00:00,103.595,103.886,103.425,103.852,9572,0,0
2025-04-03 14:00:00,103.854,103.941,103.483,103.64,8231,0,0
2025-04-03 15:00:00,103.64,103.826,103.485,103.611,10528,0,0
2025-04-03 16:00:00,103.611,103.959,103.445,103.644,14628,0,0
2025-04-03 17:00:00,103.65,103.962,103.397,103.551,14311,0,0
2025-04-03 18:00:00,103.55,104.063,103.537,103.854,11247,0,0
2025-04-03 19:00:00,103.855,104.24,103.838,103.954,9802,0,0
2025-04-03 20:00:00,103.954,104.0,103.7,103.702,9106,0,0
2025-04-03 21:00:00,103.702,104.052,103.548,103.977,8851,0,0
2025-04-03 22:00:00,103.98,104.079,103.828,103.84,8124,0,0
2025-04-03 23:00:00,103.844,103.866,103.613,103.613,3454,0,0
2025-04-04 00:00:00,103.612,103.612,103.488,103.506,230,24,0
2025-04-04 01:00:00,103.502,103.652,103.305,103.44,3119,2,0
2025-04-04 02:00:00,103.44,103.862,103.426,103.854,6218,0,0
2025-04-04 03:00:00,103.854,104.016,103.671,103.785,8098,0,0
2025-04-04 04:00:00,103.785,104.105,103.785,103.885,6247,0,0
2025-04-04 05:00:00,103.881,103.99,103.701,103.718,5835,0,0
2025-04-04 06:00:00,103.718,103.737,103.361,103.446,6101,0,0
2025-04-04 07:00:00,103.446,103.548,103.081,103.132,5911,0,0
2025-04-04 08:00:00,103.132,103.56,103.06,103.533,7907,0,0
2025-04-04 09:00:00,103.533,103.615,103.366,103.441,8958,0,0
2025-04-04 10:00:00,103.442,103.494,103.162,103.395,11772,0,0
2025-04-04 11:00:00,103.396,103.626,103.315,103.604,9751,0,0
2025-04-04 12:00:00,103.606,103.626,103.344,103.383,8946,0,0
2025-04-04 13:00:00,103.384,103.451,102.367,102.453,16197,0,0
2025-04-04 14:00:00,102.448,102.665,101.872,102.508,16094,0,0
2025-04-04 15:00:00,102.508,102.542,102.007,102.478,16380,0,0
2025-04-04 16:00:00,102.477,102.684,102.164,102.447,15946,0,0
2025-04-04 17:00:00,102.443,102.52,101.972,102.328,15051,0,0
2025-04-04 18:00:00,102.318,103.042,102.302,102.797,17856,0,0
2025-04-04 19:00:00,102.797,103.32,102.741,103.245,13995,0,0
2025-04-04 20:00:00,103.245,103.695,102.991,103.58,13100,0,0
2025-04-04 21:00:00,103.58,103.73,102.959,103.184,12644,0,0
2025-04-04 22:00:00,103.185,103.577,103.097,103.181,13459,0,0
2025-04-04 23:00:00,103.182,103.298,102.971,103.21,7159,0,0
2025-04-07 00:00:00,102.086,102.303,101.881,102.107,325,24,0
2025-04-07 01:00:00,102.107,102.361,101.6,101.883,6331,0,0
2025-04-07 02:00:00,101.883,102.131,101.678,102.112,9528,1,0
2025-04-07 03:00:00,102.115,102.482,101.819,102.471,11643,0,0
2025-04-07 04:00:00,102.471,102.871,102.445,102.721,13414,0,0
2025-04-07 05:00:00,102.721,103.069,102.628,102.916,11664,0,0
2025-04-07 06:00:00,102.916,102.917,102.625,102.747,8817,0,0
2025-04-07 07:00:00,102.748,102.892,102.529,102.615,7902,0,0
2025-04-07 08:00:00,102.614,103.009,102.494,102.522,11631,0,0
2025-04-07 09:00:00,102.521,102.599,101.883,102.003,13936,0,0
2025-04-07 10:00:00,102.006,102.521,101.867,102.499,15944,0,0
2025-04-07 11:00:00,102.5,102.663,102.372,102.605,13882,0,0
2025-04-07 12:00:00,102.607,102.68,102.226,102.378,10679,0,0
2025-04-07 13:00:00,102.378,102.958,102.378,102.568,11342,0,0
2025-04-07 14:00:00,102.566,102.855,102.525,102.668,12039,0,0
2025-04-07 15:00:00,102.672,103.201,102.44,103.169,14264,0,0
2025-04-07 16:00:00,103.168,103.379,102.71,103.335,14575,0,0
2025-04-07 17:00:00,103.34,104.303,103.188,103.738,17894,0,0
2025-04-07 18:00:00,103.74,104.06,103.348,104.007,16411,0,0
2025-04-07 19:00:00,104.008,104.12,103.835,103.974,11141,0,0
2025-04-07 20:00:00,103.974,104.311,103.941,104.255,12282,0,0
2025-04-07 21:00:00,104.256,104.369,103.96,104.128,10990,0,0
2025-04-07 22:00:00,104.129,104.134,103.744,103.875,10469,0,0
2025-04-07 23:00:00,103.879,104.03,103.718,103.76,4747,1,0
2025-04-08 00:00:00,103.744,103.789,103.608,103.679,142,16,0
2025-04-08 01:00:00,103.718,104.004,103.712,103.858,2333,1,0
2025-04-08 02:00:00,103.858,104.009,103.754,103.797,4693,0,0
2025-04-08 03:00:00,103.793,104.03,103.635,103.828,8987,0,0
2025-04-08 04:00:00,103.827,104.085,103.704,104.027,9970,0,0
2025-04-08 05:00:00,104.027,104.055,103.917,103.977,4828,0,0
2025-04-08 06:00:00,103.977,104.176,103.929,104.157,4200,0,0
2025-04-08 07:00:00,104.158,104.322,104.134,104.322,4800,0,0
2025-04-08 08:00:00,104.322,104.344,104.115,104.208,6833,0,0
2025-04-08 09:00:00,104.208,104.208,103.939,103.982,8840,0,0
2025-04-08 10:00:00,103.982,104.019,103.626,103.859,11335,0,0
2025-04-08 11:00:00,103.858,104.048,103.657,103.984,10332,0,0
2025-04-08 12:00:00,103.984,104.002,103.66,103.697,9273,0,0
2025-04-08 13:00:00,103.697,103.731,103.44,103.449,7940,0,0
2025-04-08 14:00:00,103.448,103.776,103.392,103.628,10737,0,0
2025-04-08 15:00:00,103.628,103.783,103.504,103.663,10960,0,0
2025-04-08 16:00:00,103.661,104.05,103.472,104.033,13238,0,0
2025-04-08 17:00:00,104.037,104.331,103.668,103.774,13983,0,0
2025-04-08 18:00:00,103.774,103.873,103.308,103.549,12940,0,0
2025-04-08 19:00:00,103.549,103.611,103.16,103.177,13162,0,0
2025-04-08 20:00:00,103.174,103.315,102.922,103.172,14355,0,0
2025-04-08 21:00:00,103.172,103.21,102.773,102.819,14403,0,0
2025-04-08 22:00:00,102.82,102.837,102.369,102.658,13141,0,0
2025-04-08 23:00:00,102.658,102.772,102.499,102.552,5381,0,0
2025-04-09 00:00:00,102.553,102.577,102.376,102.527,1146,50,0
2025-04-09 01:00:00,102.575,102.602,102.31,102.345,3069,0,0
2025-04-09 02:00:00,102.345,102.377,102.089,102.305,7366,0,0
2025-04-09 03:00:00,102.305,102.362,101.825,102.094,12451,0,0
2025-04-09 04:00:00,102.092,102.488,102.065,102.412,12045,0,0
2025-04-09 05:00:00,102.41,102.625,102.283,102.308,10043,0,0
2025-04-09 06:00:00,102.308,102.477,101.984,102.038,8642,0,0
2025-04-09 07:00:00,102.036,102.094,101.626,101.927,10821,0,0
2025-04-09 08:00:00,101.924,102.171,101.841,101.968,10994,0,0
2025-04-09 09:00:00,101.968,102.374,101.881,101.951,10954,0,0
2025-04-09 10:00:00,101.952,102.524,101.915,102.476,13252,0,0
2025-04-09 11:00:00,102.482,102.651,102.152,102.296,10750,0,0
2025-04-09 12:00:00,102.296,102.436,102.18,102.341,8218,0,0
2025-04-09 13:00:00,102.341,102.55,102.074,102.387,7996,0,0
2025-04-09 14:00:00,102.397,102.404,101.8,101.858,13745,0,0
2025-04-09 15:00:00,101.858,102.012,101.672,101.827,10912,0,0
2025-04-09 16:00:00,101.827,102.554,101.626,102.468,13884,0,0
2025-04-09 17:00:00,102.472,102.669,101.844,101.912,12992,0,0
2025-04-09 18:00:00,101.919,102.317,101.879,102.267,10365,0,0
2025-04-09 19:00:00,102.268,102.454,102.206,102.225,7887,0,0
2025-04-09 20:00:00,102.225,104.513,101.961,104.456,14602,0,0
2025-04-09 21:00:00,104.401,105.07,104.3,104.453,12717,0,0
2025-04-09 22:00:00,104.455,105.045,104.395,104.842,9555,0,0
2025-04-09 23:00:00,104.846,105.038,104.724,104.898,5014,3,0
2025-04-10 00:00:00,104.828,104.833,104.495,104.544,353,17,0
2025-04-10 01:00:00,104.558,104.74,104.52,104.579,3843,0,0
2025-04-10 02:00:00,104.579,104.713,104.488,104.534,3391,2,0
2025-04-10 03:00:00,104.534,104.592,104.032,104.062,6711,1,0
2025-04-10 04:00:00,104.062,104.251,103.96,104.189,6679,0,0
2025-04-10 05:00:00,104.189,104.251,104.058,104.154,8330,0,0
2025-04-10 06:00:00,104.154,104.325,104.078,104.299,6809,0,0
2025-04-10 07:00:00,104.299,104.322,104.072,104.201,5621,0,0
2025-04-10 08:00:00,104.201,104.375,104.128,104.239,4999,0,0
2025-04-10 09:00:00,104.239,104.618,104.239,104.584,10551,0,0
2025-04-10 10:00:00,104.585,104.607,103.984,104.024,10693,0,0
2025-04-10 11:00:00,104.022,104.066,103.738,103.954,9774,0,0
2025-04-10 12:00:00,103.954,104.021,103.72,103.751,7174,0,0
2025-04-10 13:00:00,103.752,103.787,103.513,103.573,6727,0,0
2025-04-10 14:00:00,103.573,103.636,103.29,103.337,7906,0,0
2025-04-10 15:00:00,103.339,103.424,103.08,103.366,11231,0,0
2025-04-10 16:00:00,103.366,103.442,103.018,103.161,12876,0,0
2025-04-10 17:00:00,103.16,103.413,103.064,103.358,13145,0,0
2025-04-10 18:00:00,103.358,103.364,102.869,103.041,13350,0,0
2025-04-10 19:00:00,103.04,103.335,102.848,103.255,14806,0,0
2025-04-10 20:00:00,103.255,103.766,103.2,103.717,12998,0,0
2025-04-10 21:00:00,103.717,103.82,103.332,103.388,12693,0,0
2025-04-10 22:00:00,103.389,103.726,103.301,103.503,10928,0,0
2025-04-10 23:00:00,103.499,103.704,103.296,103.303,5959,0,0
2025-04-11 00:00:00,103.309,103.379,103.214,103.328,192,29,0
2025-04-11 01:00:00,103.328,103.393,103.081,103.233,3969,1,0
2025-04-11 02:00:00,103.233,103.27,102.947,103.028,10559,0,0
2025-04-11 03:00:00,103.028,103.037,102.641,102.767,13429,0,0
2025-04-11 04:00:00,102.771,103.079,102.693,103.026,8121,3,0
2025-04-11 05:00:00,103.026,103.156,102.848,103.081,5748,5,0
2025-04-11 06:00:00,103.081,103.152,102.63,102.642,6542,0,0
2025-04-11 07:00:00,102.642,102.674,102.314,102.346,5805,0,0
2025-04-11 08:00:00,102.346,102.878,102.34,102.755,9689,0,0
2025-04-11 09:00:00,102.755,103.142,102.728,103.055,10498,0,0
2025-04-11 10:00:00,103.054,103.117,102.637,102.781,9976,0,0
2025-04-11 11:00:00,102.778,102.953,102.231,102.425,12994,0,0
2025-04-11 12:00:00,102.422,102.662,102.373,102.65,10021,0,0
2025-04-11 13:00:00,102.65,102.856,102.536,102.746,10129,0,0
2025-04-11 14:00:00,102.746,102.791,102.542,102.756,7774,0,0
2025-04-11 15:00:00,102.754,103.187,102.754,102.853,11412,0,0
2025-04-11 16:00:00,102.855,103.412,102.604,103.13,13880,0,0
2025-04-11 17:00:00,103.13,103.426,102.686,103.332,13703,0,0
2025-04-11 18:00:00,103.33,103.42,102.966,103.317,12033,0,0
2025-04-11 19:00:00,103.318,103.532,103.197,103.412,9761,0,0
2025-04-11 20:00:00,103.413,103.706,103.356,103.665,9211,0,0
2025-04-11 21:00:00,103.663,103.754,103.498,103.547,8647,0,0
2025-04-11 22:00:00,103.547,103.598,103.325,103.382,6932,0,0
2025-04-11 23:00:00,103.377,103.525,103.342,103.442,2268,0,0
2025-04-14 00:00:00,103.762,103.893,103.501,103.541,850,68,0
2025-04-14 01:00:00,103.543,103.878,103.465,103.498,4473,7,0
2025-04-14 02:00:00,103.5,103.704,103.455,103.567,5226,1,0
2025-04-14 03:00:00,103.564,103.609,103.002,103.016,9036,0,0
2025-04-14 04:00:00,103.016,103.094,102.655,102.925,9124,0,0
2025-04-14 05:00:00,102.925,103.222,102.898,103.206,6022,0,0
2025-04-14 06:00:00,103.202,103.309,103.031,103.209,5017,0,0
2025-04-14 07:00:00,103.209,103.331,102.966,103.169,3919,0,0
2025-04-14 08:00:00,103.169,103.272,102.953,102.987,4681,0,0
2025-04-14 09:00:00,102.991,103.057,102.756,102.946,9062,0,0
2025-04-14 10:00:00,102.946,103.433,102.771,103.424,9177,0,0
2025-04-14 11:00:00,103.424,103.46,103.223,103.269,7581,0,0
2025-04-14 12:00:00,103.269,103.368,103.158,103.313,6020,0,0
2025-04-14 13:00:00,103.313,103.41,103.199,103.229,6132,0,0
2025-04-14 14:00:00,103.228,103.39,103.178,103.296,6105,0,0
2025-04-14 15:00:00,103.296,103.528,103.22,103.495,7680,0,0
2025-04-14 16:00:00,103.496,103.667,103.309,103.415,11912,0,0
2025-04-14 17:00:00,103.415,103.633,103.285,103.337,9038,0,0
2025-04-14 18:00:00,103.338,103.375,102.889,102.902,8941,0,0
2025-04-14 19:00:00,102.902,103.058,102.728,103.005,8821,0,0
2025-04-14 20:00:00,103.005,103.153,102.808,103.071,7754,0,0
2025-04-14 21:00:00,103.071,103.18,103.016,103.073,5397,0,0
2025-04-14 22:00:00,103.073,103.182,103.019,103.107,4627,0,0
2025-04-14 23:00:00,103.106,103.203,103.032,103.042,3149,0,0
2025-04-15 00:00:00,103.004,103.05,102.905,102.962,241,65,0
2025-04-15 01:00:00,102.962,103.096,102.92,102.99,2500,2,0
2025-04-15 02:00:00,102.991,103.141,102.907,103.029,5145,0,0
2025-04-15 03:00:00,103.029,103.356,102.997,103.289,6329,0,0
2025-04-15 04:00:00,103.289,103.383,103.14,103.248,4824,0,0
2025-04-15 05:00:00,103.238,103.254,103.054,103.12,4234,0,0
2025-04-15 06:00:00,103.126,103.214,103.094,103.175,2799,0,0
2025-04-15 07:00:00,103.175,103.299,103.155,103.238,3241,0,0
2025-04-15 08:00:00,103.238,103.298,103.127,103.151,4153,0,0
2025-04-15 09:00:00,103.152,103.371,102.95,103.315,6957,0,0
2025-04-15 10:00:00,103.315,103.51,103.31,103.404,6787,0,0
2025-04-15 11:00:00,103.403,103.413,103.076,103.139,7825,0,0
2025-04-15 12:00:00,103.139,103.139,102.982,103.114,6467,0,0
2025-04-15 13:00:00,103.115,103.215,103.029,103.032,4790,0,0
2025-04-15 14:00:00,103.032,103.211,102.99,103.01,6670,0,0
2025-04-15 15:00:00,103.009,103.024,102.314,102.786,7842,0,0
2025-04-15 16:00:00,102.786,103.166,102.786,103.073,8970,0,0
2025-04-15 17:00:00,103.073,103.151,102.572,102.634,10521,0,0
2025-04-15 18:00:00,102.634,102.674,102.486,102.621,8464,0,0
2025-04-15 19:00:00,102.62,102.702,102.426,102.435,4924,0,0
2025-04-15 20:00:00,102.435,102.585,102.389,102.468,4815,0,0
2025-04-15 21:00:00,102.47,102.545,102.426,102.501,4005,0,0
2025-04-15 22:00:00,102.501,102.564,102.481,102.524,3738,0,0
2025-04-15 23:00:00,102.524,102.636,102.512,102.599,2424,1,0
2025-04-16 00:00:00,102.567,102.589,102.495,102.496,128,51,0
2025-04-16 01:00:00,102.496,102.54,102.366,102.523,1786,5,0
2025-04-16 02:00:00,102.522,102.601,102.492,102.552,3688,0,0
2025-04-16 03:00:00,102.552,102.56,102.319,102.405,4967,0,0
2025-04-16 04:00:00,102.405,102.495,102.316,102.364,3557,0,0
2025-04-16 05:00:00,102.363,102.388,102.277,102.314,3053,0,0
2025-04-16 06:00:00,102.315,102.335,102.191,102.226,3745,0,0
2025-04-16 07:00:00,102.226,102.342,102.192,102.326,3031,0,0
2025-04-16 08:00:00,102.327,102.349,102.035,102.062,5950,0,0
2025-04-16 09:00:00,102.062,102.27,102.025,102.182,6184,0,0
2025-04-16 10:00:00,102.181,102.259,102.05,102.123,7086,0,0
2025-04-16 11:00:00,102.123,102.741,102.098,102.495,9873,0,0
2025-04-16 12:00:00,102.494,102.705,102.431,102.655,7395,0,0
2025-04-16 13:00:00,102.655,102.723,102.52,102.618,5478,0,0
2025-04-16 14:00:00,102.618,102.635,102.43,102.456,5386,0,0
2025-04-16 15:00:00,102.456,102.569,102.268,102.479,7169,0,0
2025-04-16 16:00:00,102.479,102.713,102.287,102.535,8680,0,0
2025-04-16 17:00:00,102.531,102.798,102.472,102.592,8888,0,0
2025-04-16 18:00:00,102.591,102.912,102.586,102.679,6966,0,0
2025-04-16 19:00:00,102.679,102.794,102.662,102.705,5784,0,0
2025-04-16 20:00:00,102.703,102.831,102.402,102.411,7337,0,0
2025-04-16 21:00:00,102.411,102.56,102.353,102.386,7726,0,0
2025-04-16 22:00:00,102.384,102.503,102.095,102.499,7277,0,0
2025-04-16 23:00:00,102.499,102.565,102.27,102.337,3106,0,0
2025-04-17 00:00:00,102.31,102.358,102.173,102.221,372,37,0
2025-04-17 01:00:00,102.221,102.419,102.197,102.371,1886,3,0
2025-04-17 02:00:00,102.37,102.427,102.197,102.399,4359,0,0
2025-04-17 03:00:00,102.398,102.849,102.339,102.807,7967,0,0
2025-04-17 04:00:00,102.808,102.935,102.71,102.83,5976,0,0
2025-04-17 05:00:00,102.83,102.851,102.652,102.767,4406,0,0
2025-04-17 06:00:00,102.767,102.778,102.662,102.691,3309,0,0
2025-04-17 07:00:00,102.691,102.748,102.674,102.708,2520,0,0
2025-04-17 08:00:00,102.708,102.806,102.606,102.766,4942,0,0
2025-04-17 09:00:00,102.768,102.866,102.717,102.769,6257,0,0
2025-04-17 10:00:00,102.769,103.04,102.728,103.011,6613,0,0
2025-04-17 11:00:00,103.011,103.124,102.785,102.813,5774,0,0
2025-04-17 12:00:00,102.813,102.903,102.721,102.771,4700,0,0
2025-04-17 13:00:00,102.77,102.81,102.542,102.626,5501,0,0
2025-04-17 14:00:00,102.624,102.643,102.502,102.582,4061,0,0
2025-04-17 15:00:00,102.581,102.776,102.565,102.587,8590,0,0
2025-04-17 16:00:00,102.585,102.647,102.485,102.595,9521,0,0
2025-04-17 17:00:00,102.594,102.62,102.376,102.475,8208,0,0
2025-04-17 18:00:00,102.475,102.72,102.446,102.715,6657,0,0
2025-04-17 19:00:00,102.715,102.981,102.614,102.896,7762,0,0
2025-04-17 20:00:00,102.896,103.047,102.84,103.037,5053,0,0
2025-04-17 21:00:00,103.037,103.159,102.842,102.917,4911,0,0
2025-04-17 22:00:00,102.917,102.925,102.813,102.881,4765,0,0
2025-04-17 23:00:00,102.881,102.98,102.875,102.978,2505,0,0
2025-04-18 00:00:00,102.858,102.864,102.773,102.793,113,172,0
2025-04-18 01:00:00,102.793,102.874,102.777,102.845,635,41,0
2025-04-18 02:00:00,102.845,102.892,102.789,102.825,3200,5,0
2025-04-18 03:00:00,102.825,102.856,102.683,102.837,3389,0,0
2025-04-18 04:00:00,102.837,102.863,102.741,102.743,8073,7,0
2025-04-18 05:00:00,102.743,102.794,102.673,102.687,8484,0,0
2025-04-18 06:00:00,102.687,102.749,102.657,102.668,10102,4,0
2025-04-18 07:00:00,102.668,102.686,102.626,102.661,15365,16,0
2025-04-18 08:00:00,102.66,102.702,102.633,102.664,10283,4,0
2025-04-18 09:00:00,102.664,102.723,102.63,102.721,10869,13,0
2025-04-18 10:00:00,102.721,102.805,102.669,102.688,7857,1,0
2025-04-18 11:00:00,102.688,102.713,102.654,102.701,3335,0,0
2025-04-18 12:00:00,102.701,102.73,102.658,102.715,4996,8,0
2025-04-18 13:00:00,102.717,102.781,102.673,102.73,8097,24,0
2025-04-18 14:00:00,102.731,102.745,102.562,102.671,6902,0,0
2025-04-18 15:00:00,102.671,102.751,102.624,102.675,3772,2,0
2025-04-18 16:00:00,102.675,102.715,102.594,102.642,1658,13,0
2025-04-18 17:00:00,102.642,102.779,102.58,102.629,2495,9,0
2025-04-18 18:00:00,102.629,102.708,102.585,102.682,1218,13,0
2025-04-18 19:00:00,102.682,102.733,102.552,102.66,2042,3,0
2025-04-18 20:00:00,102.66,102.767,102.621,102.666,2596,12,0
2025-04-18 21:00:00,102.666,102.676,102.63,102.656,1315,20,0
2025-04-18 22:00:00,102.656,102.68,102.602,102.677,890,28,0
2025-04-18 23:00:00,102.677,102.732,102.608,102.608,1168,34,0
2025-04-21 00:00:00,102.471,102.53,102.113,102.449,243,180,0
2025-04-21 01:00:00,102.536,102.673,102.342,102.497,3155,8,0
2025-04-21 02:00:00,102.497,102.527,102.34,102.415,5345,1,0
2025-04-21 03:00:00,102.416,102.416,102.145,102.173,7923,0,0
2025-04-21 04:00:00,102.173,102.181,102.022,102.03,4165,0,0
2025-04-21 05:00:00,102.03,102.107,101.869,101.974,6108,0,0
2025-04-21 06:00:00,101.974,102.047,101.904,102.031,3443,0,0
2025-04-21 07:00:00,102.031,102.157,102.019,102.025,2290,0,0
2025-04-21 08:00:00,102.025,102.057,101.949,101.982,3713,0,0
2025-04-21 09:00:00,101.982,102.114,101.942,102.022,4825,0,0
2025-04-21 10:00:00,102.022,102.067,101.862,101.863,5062,0,0
2025-04-21 11:00:00,101.863,101.996,101.85,101.919,4298,0,0
2025-04-21 12:00:00,101.919,102.018,101.912,101.947,3815,0,0
2025-04-21 13:00:00,101.947,102.102,101.94,102.087,3794,0,0
2025-04-21 14:00:00,102.087,102.157,101.943,101.971,4358,0,0
2025-04-21 15:00:00,101.971,102.17,101.888,102.067,4912,0,0
2025-04-21 16:00:00,102.068,102.149,101.991,102.049,5699,0,0
2025-04-21 17:00:00,102.049,102.093,101.864,102.05,5751,0,0
2025-04-21 18:00:00,102.05,102.126,101.9,101.912,4858,0,0
2025-04-21 19:00:00,101.912,101.978,101.745,101.771,5139,0,0
2025-04-21 20:00:00,101.771,101.839,101.606,101.613,5133,0,0
2025-04-21 21:00:00,101.613,101.666,101.536,101.593,3964,0,0
2025-04-21 22:00:00,101.593,101.874,101.588,101.82,4560,0,0
2025-04-21 23:00:00,101.82,101.9,101.76,101.769,1910,0,0
2025-04-22 00:00:00,101.7,101.777,101.666,101.714,150,41,0
2025-04-22 01:00:00,101.713,101.776,101.683,101.701,978,1,0
2025-04-22 02:00:00,101.702,101.855,101.659,101.838,2899,0,0
2025-04-22 03:00:00,101.838,102.059,101.763,101.789,6136,0,0
2025-04-22 04:00:00,101.789,101.926,101.751,101.823,4084,0,0
2025-04-22 05:00:00,101.823,101.828,101.673,101.698,2744,0,0
2025-04-22 06:00:00,101.697,101.697,101.43,101.556,5245,0,0
2025-04-22 07:00:00,101.556,101.565,101.474,101.558,2772,0,0
2025-04-22 08:00:00,101.558,101.637,101.402,101.414,5073,0,0
2025-04-22 09:00:00,101.414,101.7,101.362,101.628,6849,0,0
2025-04-22 10:00:00,101.628,101.728,101.549,101.574,5664,0,0
2025-04-22 11:00:00,101.572,101.778,101.516,101.694,5281,0,0
2025-04-22 12:00:00,101.694,101.743,101.472,101.507,4947,0,0
2025-04-22 13:00:00,101.507,101.527,101.351,101.395,4467,0,0
2025-04-22 14:00:00,101.395,101.426,101.256,101.318,4530,0,0
2025-04-22 15:00:00,101.32,101.497,101.256,101.497,5718,0,0
2025-04-22 16:00:00,101.497,101.774,101.471,101.74,6998,0,0
2025-04-22 17:00:00,101.739,101.804,101.627,101.78,6729,0,0
2025-04-22 18:00:00,101.78,102.108,101.757,102.073,5349,0,0
2025-04-22 19:00:00,102.073,102.394,101.962,102.342,8604,0,0
2025-04-22 20:00:00,102.342,102.461,102.074,102.121,8880,0,0
2025-04-22 21:00:00,102.122,102.43,102.117,102.422,4189,0,0
2025-04-22 22:00:00,102.422,102.531,102.32,102.436,4727,0,0
2025-04-22 23:00:00,102.436,102.542,102.422,102.516,2165,0,0
2025-04-23 00:00:00,102.479,103.013,102.324,102.942,632,55,0
2025-04-23 01:00:00,102.958,103.362,102.934,103.303,7047,0,0
2025-04-23 02:00:00,103.302,103.355,103.023,103.048,7259,0,0
2025-04-23 03:00:00,103.048,103.072,102.722,102.75,6898,0,0
2025-04-23 04:00:00,102.75,102.862,102.476,102.526,5530,0,0
2025-04-23 05:00:00,102.526,102.641,102.507,102.57,4456,0,0
2025-04-23 06:00:00,102.57,102.749,102.494,102.742,4025,0,0
2025-04-23 07:00:00,102.74,102.748,102.581,102.619,3332,0,0
2025-04-23 08:00:00,102.619,102.733,102.495,102.685,4171,0,0
2025-04-23 09:00:00,102.685,102.744,102.523,102.587,6445,0,0
2025-04-23 10:00:00,102.586,102.732,102.419,102.675,7644,0,0
2025-04-23 11:00:00,102.677,102.69,102.55,102.627,6147,0,0
2025-04-23 12:00:00,102.627,102.798,102.569,102.781,4771,0,0
2025-04-23 13:00:00,102.78,102.824,102.637,102.775,3948,0,0
2025-04-23 14:00:00,102.775,102.838,102.455,102.472,5367,0,0
2025-04-23 15:00:00,102.472,102.561,102.375,102.531,5770,0,0
2025-04-23 16:00:00,102.531,103.03,102.436,103.018,10558,0,0
2025-04-23 17:00:00,103.015,103.111,102.636,103.007,13399,0,0
2025-04-23 18:00:00,103.007,103.051,102.527,102.664,10521,0,0
2025-04-23 19:00:00,102.665,103.013,102.618,102.939,8258,0,0
2025-04-23 20:00:00,102.941,103.163,102.866,103.114,6500,0,0
2025-04-23 21:00:00,103.115,103.31,103.112,103.294,5600,0,0
2025-04-23 22:00:00,103.294,103.334,103.161,103.261,6053,0,0
2025-04-23 23:00:00,103.262,103.417,103.241,103.327,3007,0,0
2025-04-24 00:00:00,103.326,103.326,103.003,103.087,252,35,0
2025-04-24 01:00:00,103.083,103.15,103.018,103.135,2001,4,0
2025-04-24 02:00:00,103.135,103.285,103.111,103.218,3780,0,0
2025-04-24 03:00:00,103.219,103.304,103.007,103.073,5925,0,0
2025-04-24 04:00:00,103.072,103.148,102.913,102.941,5634,0,0
2025-04-24 05:00:00,102.941,103.01,102.816,103.003,4031,0,0
2025-04-24 06:00:00,103.003,103.032,102.926,103.006,3209,0,0
2025-04-24 07:00:00,103.007,103.045,102.923,102.952,2445,0,0
2025-04-24 08:00:00,102.952,103.092,102.905,102.938,3777,0,0
2025-04-24 09:00:00,102.938,103.05,102.936,102.994,4755,0,0
2025-04-24 10:00:00,102.996,103.089,102.935,103.02,5882,0,0
2025-04-24 11:00:00,103.021,103.048,102.935,103.003,5850,0,0
2025-04-24 12:00:00,102.996,103.06,102.888,102.906,4319,0,0
2025-04-24 13:00:00,102.906,102.929,102.787,102.904,4946,0,0
2025-04-24 14:00:00,102.906,102.913,102.738,102.863,4841,0,0
2025-04-24 15:00:00,102.862,102.898,102.652,102.751,6044,0,0
2025-04-24 16:00:00,102.751,102.844,102.647,102.828,7043,0,0
2025-04-24 17:00:00,102.829,102.841,102.561,102.663,7686,0,0
2025-04-24 18:00:00,102.663,102.81,102.662,102.72,6531,0,0
2025-04-24 19:00:00,102.719,102.81,102.614,102.792,5292,0,0
2025-04-24 20:00:00,102.792,102.947,102.768,102.944,3246,0,0
2025-04-24 21:00:00,102.944,102.996,102.882,102.983,3103,0,0
2025-04-24 22:00:00,102.984,103.013,102.871,102.99,3518,0,0
2025-04-24 23:00:00,102.99,103.039,102.944,102.955,1759,0,0
2025-04-25 00:00:00,102.935,103.025,102.899,102.96,201,55,0
2025-04-25 01:00:00,102.96,103.087,102.96,103.006,1289,1,0
2025-04-25 02:00:00,103.006,103.146,102.975,103.108,2019,0,0
2025-04-25 03:00:00,103.108,103.264,103.077,103.197,4542,0,0
2025-04-25 04:00:00,103.197,103.223,103.076,103.083,3849,0,0
2025-04-25 05:00:00,103.084,103.114,103.026,103.107,3832,0,0
2025-04-25 06:00:00,103.107,103.579,103.071,103.564,5266,0,0
2025-04-25 07:00:00,103.564,103.658,103.491,103.508,4690,0,0
2025-04-25 08:00:00,103.508,103.599,103.432,103.476,3987,0,0
2025-04-25 09:00:00,103.477,103.621,103.422,103.522,5299,0,0
2025-04-25 10:00:00,103.516,103.672,103.236,103.34,6890,0,0
2025-04-25 11:00:00,103.34,103.433,103.188,103.28,4804,0,0
2025-04-25 12:00:00,103.28,103.409,103.161,103.395,4545,0,0
2025-04-25 13:00:00,103.396,103.502,103.162,103.201,6065,0,0
2025-04-25 14:00:00,103.201,103.367,103.195,103.352,4218,0,0
2025-04-25 15:00:00,103.351,103.426,103.307,103.387,4210,0,0
2025-04-25 16:00:00,103.387,103.842,103.363,103.755,6849,0,0
2025-04-25 17:00:00,103.754,103.904,103.62,103.872,6554,0,0
2025-04-25 18:00:00,103.872,103.953,103.721,103.736,4357,0,0
2025-04-25 19:00:00,103.736,103.777,103.658,103.767,3244,0,0
2025-04-25 20:00:00,103.767,103.823,103.399,103.478,4438,0,0
2025-04-25 21:00:00,103.477,103.623,103.417,103.595,4118,0,0
2025-04-25 22:00:00,103.595,103.642,103.532,103.642,3502,0,0
2025-04-25 23:00:00,103.642,103.808,103.627,103.743,1259,0,0
2025-04-28 00:00:00,103.538,103.542,103.385,103.515,105,162,0
2025-04-28 01:00:00,103.519,103.803,103.491,103.675,2900,3,0
2025-04-28 02:00:00,103.675,103.734,103.613,103.717,2837,0,0
2025-04-28 03:00:00,103.717,103.724,103.419,103.43,4518,0,0
2025-04-28 04:00:00,103.43,103.535,103.346,103.532,3417,0,0
2025-04-28 05:00:00,103.532,103.624,103.496,103.527,2499,0,0
2025-04-28 06:00:00,103.527,103.542,103.452,103.491,1454,0,0
2025-04-28 07:00:00,103.491,103.543,103.366,103.373,1991,0,0
2025-04-28 08:00:00,103.373,103.542,103.352,103.51,2263,0,0
2025-04-28 09:00:00,103.51,103.619,103.508,103.611,3989,0,0
2025-04-28 10:00:00,103.611,103.68,103.476,103.483,4099,0,0
2025-04-28 11:00:00,103.482,103.536,103.383,103.397,4436,0,0
2025-04-28 12:00:00,103.386,103.465,103.361,103.447,3949,0,0
2025-04-28 13:00:00,103.447,103.452,103.346,103.389,2902,0,0
2025-04-28 14:00:00,103.389,103.473,103.371,103.403,3351,0,0
2025-04-28 15:00:00,103.403,103.423,103.3,103.363,4199,0,0
2025-04-28 16:00:00,103.363,103.461,103.312,103.329,5695,0,0
2025-04-28 17:00:00,103.329,103.35,103.099,103.273,7859,0,0
2025-04-28 18:00:00,103.273,103.31,102.943,102.978,6178,0,0
2025-04-28 19:00:00,102.978,102.987,102.758,102.799,4681,0,0
2025-04-28 20:00:00,102.799,102.811,102.6,102.779,4087,0,0
2025-04-28 21:00:00,102.779,102.835,102.663,102.675,3155,0,0
2025-04-28 22:00:00,102.674,102.826,102.649,102.817,3063,0,0
2025-04-28 23:00:00,102.817,102.838,102.672,102.699,1405,1,0
2025-04-29 00:00:00,102.689,102.713,102.652,102.698,109,40,0
2025-04-29 01:00:00,102.71,102.842,102.661,102.821,2050,2,0
2025-04-29 02:00:00,102.813,102.906,102.738,102.791,2931,0,0
2025-04-29 03:00:00,102.791,102.846,102.701,102.804,3490,0,0
2025-04-29 04:00:00,102.804,102.929,102.746,102.916,3444,0,0
2025-04-29 05:00:00,102.916,103.012,102.85,102.894,4834,0,0
2025-04-29 06:00:00,102.894,102.896,102.7,102.785,3561,0,0
2025-04-29 07:00:00,102.785,102.875,102.773,102.814,2574,0,0
2025-04-29 08:00:00,102.814,102.831,102.659,102.705,3054,0,0
2025-04-29 09:00:00,102.705,102.97,102.69,102.908,4552,0,0
2025-04-29 10:00:00,102.908,103.049,102.891,103.034,5508,0,0
2025-04-29 11:00:00,103.034,103.123,102.929,103.108,4527,0,0
2025-04-29 12:00:00,103.108,103.142,103.045,103.088,3997,0,0
2025-04-29 13:00:00,103.091,103.123,103.014,103.02,2700,0,0
2025-04-29 14:00:00,103.018,103.074,102.962,103.071,3454,0,0
2025-04-29 15:00:00,103.071,103.135,102.868,102.882,5412,0,0
2025-04-29 16:00:00,102.882,102.882,102.66,102.722,8126,0,0
2025-04-29 17:00:00,102.716,102.8,102.508,102.692,9193,0,0
2025-04-29 18:00:00,102.693,102.741,102.575,102.715,6665,0,0
2025-04-29 19:00:00,102.715,102.736,102.511,102.534,5328,0,0
2025-04-29 20:00:00,102.534,102.823,102.502,102.813,3878,0,0
2025-04-29 21:00:00,102.813,102.82,102.727,102.77,4267,0,0
2025-04-29 22:00:00,102.77,102.874,102.731,102.854,3297,0,0
2025-04-29 23:00:00,102.854,103.007,102.828,102.908,1980,0,0
2025-04-30 00:00:00,102.87,102.87,102.715,102.838,349,34,0
2025-04-30 01:00:00,102.856,102.951,102.839,102.865,1562,0,0
2025-04-30 02:00:00,102.865,102.933,102.806,102.897,2159,0,0
2025-04-30 03:00:00,102.898,103.015,102.828,102.985,4710,0,0
2025-04-30 04:00:00,102.985,103.0,102.884,102.918,4076,0,0
2025-04-30 05:00:00,102.918,103.016,102.843,102.904,3576,0,0
2025-04-30 06:00:00,102.904,102.971,102.83,102.965,2781,0,0
2025-04-30 07:00:00,102.965,103.043,102.948,103.026,2560,0,0
2025-04-30 08:00:00,103.026,103.083,103.004,103.071,2668,0,0
2025-04-30 09:00:00,103.071,103.217,103.058,103.164,4340,0,0
2025-04-30 10:00:00,103.164,103.272,103.103,103.243,4496,0,0
2025-04-30 11:00:00,103.243,103.288,103.189,103.238,3829,0,0
2025-04-30 12:00:00,103.239,103.479,103.228,103.445,3446,0,0
2025-04-30 13:00:00,103.444,103.457,103.386,103.425,3428,0,0
2025-04-30 14:00:00,103.426,103.467,103.348,103.403,4287,0,0
2025-04-30 15:00:00,103.402,103.456,103.074,103.121,8075,0,0
2025-04-30 16:00:00,103.124,103.29,103.065,103.086,9098,0,0
2025-04-30 17:00:00,103.085,103.503,103.033,103.252,10538,0,0
2025-04-30 18:00:00,103.252,103.456,103.21,103.297,8982,0,0
2025-04-30 19:00:00,103.297,103.346,103.222,103.317,5414,0,0
2025-04-30 20:00:00,103.317,103.573,103.261,103.529,4335,0,0
2025-04-30 21:00:00,103.528,103.756,103.506,103.575,5453,0,0
2025-04-30 22:00:00,103.576,103.776,103.56,103.674,4479,0,0
2025-04-30 23:00:00,103.675,103.837,103.658,103.676,3730,0,0
2025-05-01 00:00:00,103.674,103.674,103.574,103.626,515,44,0
2025-05-01 01:00:00,103.626,103.762,103.626,103.753,2081,0,0
2025-05-01 02:00:00,103.753,103.778,103.655,103.708,2414,0,0
2025-05-01 03:00:00,103.706,103.761,103.626,103.741,4418,0,0
2025-05-01 04:00:00,103.74,103.862,103.73,103.852,3386,0,0
2025-05-01 05:00:00,103.852,103.854,103.789,103.822,2251,0,0
2025-05-01 06:00:00,103.822,104.22,103.734,104.173,4973,0,0
2025-05-01 07:00:00,104.173,104.343,104.173,104.328,3438,0,0
2025-05-01 08:00:00,104.328,104.533,104.32,104.402,4257,0,0
2025-05-01 09:00:00,104.402,104.799,104.361,104.799,5210,0,0
2025-05-01 10:00:00,104.791,104.856,104.522,104.544,5364,0,0
2025-05-01 11:00:00,104.544,104.565,104.381,104.414,3924,0,0
2025-05-01 12:00:00,104.414,104.504,104.356,104.48,3031,0,0
2025-05-01 13:00:00,104.48,104.519,104.434,104.469,2915,0,0
2025-05-01 14:00:00,104.469,104.627,104.411,104.589,4100,0,0
2025-05-01 15:00:00,104.589,104.813,104.379,104.736,7211,0,0
2025-05-01 16:00:00,104.735,104.958,104.647,104.767,7600,0,0
2025-05-01 17:00:00,104.775,105.197,104.768,105.052,9515,0,0
2025-05-01 18:00:00,105.052,105.165,105.016,105.074,6570,0,0
2025-05-01 19:00:00,105.074,105.085,104.962,104.974,4613,0,0
2025-05-01 20:00:00,104.974,105.094,104.957,105.043,3515,0,0
2025-05-01 21:00:00,105.043,105.257,105.038,105.224,4396,0,0
2025-05-01 22:00:00,105.224,105.283,105.123,105.152,3326,0,0
2025-05-01 23:00:00,105.152,105.179,104.958,104.97,2631,0,0
2025-05-02 00:00:00,104.942,104.976,104.855,104.865,165,54,0
2025-05-02 01:00:00,104.865,104.971,104.847,104.958,1503,0,0
2025-05-02 02:00:00,104.958,105.122,104.948,105.014,2558,0,0
2025-05-02 03:00:00,105.014,105.41,104.98,105.406,6864,0,0
2025-05-02 04:00:00,105.406,105.411,105.131,105.14,5742,0,0
2025-05-02 05:00:00,105.14,105.212,105.088,105.183,4086,0,0
2025-05-02 06:00:00,105.183,105.192,105.054,105.122,3233,0,0
2025-05-02 07:00:00,105.122,105.236,105.082,105.204,3799,0,0
2025-05-02 08:00:00,105.204,105.205,105.067,105.105,3845,0,0
2025-05-02 09:00:00,105.105,105.23,105.014,105.163,5210,0,0
2025-05-02 10:00:00,105.162,105.178,105.022,105.047,4928,0,0
2025-05-02 11:00:00,105.047,105.055,104.721,104.734,4707,0,0
2025-05-02 12:00:00,104.734,104.818,104.612,104.697,5437,0,0
2025-05-02 13:00:00,104.696,104.759,104.624,104.632,4512,0,0
2025-05-02 14:00:00,104.632,104.693,104.444,104.607,4502,0,0
2025-05-02 15:00:00,104.607,104.779,104.419,104.642,9711,0,0
2025-05-02 16:00:00,104.643,104.69,104.278,104.319,11665,0,0
2025-05-02 17:00:00,104.318,104.671,104.264,104.611,10133,0,0
2025-05-02 18:00:00,104.611,104.856,104.585,104.804,7758,0,0
2025-05-02 19:00:00,104.804,105.017,104.789,104.917,6883,0,0
2025-05-02 20:00:00,104.917,104.929,104.792,104.846,5526,0,0
2025-05-02 21:00:00,104.846,105.042,104.832,105.012,4400,0,0
2025-05-02 22:00:00,105.012,105.058,104.918,105.011,4371,0,0
2025-05-02 23:00:00,105.011,105.065,104.83,104.879,2248,0,0
2025-05-05 00:00:00,104.751,104.9,104.709,104.829,449,79,0
2025-05-05 01:00:00,104.829,104.893,104.676,104.718,2822,0,0
2025-05-05 02:00:00,104.718,104.817,104.596,104.642,3521,0,0
2025-05-05 03:00:00,104.642,104.734,104.621,104.673,4679,0,0
2025-05-05 04:00:00,104.67,104.67,104.467,104.493,5681,0,0
2025-05-05 05:00:00,104.493,104.523,104.416,104.483,3479,0,0
2025-05-05 06:00:00,104.483,104.544,104.448,104.526,2800,0,0
2025-05-05 07:00:00,104.527,104.528,104.407,104.48,2816,0,0
2025-05-05 08:00:00,104.48,104.519,104.412,104.457,4024,0,0
2025-05-05 09:00:00,104.457,104.558,104.457,104.502,4505,0,0
2025-05-05 10:00:00,104.497,104.546,104.413,104.497,4149,0,0
2025-05-05 11:00:00,104.498,104.504,104.253,104.318,4786,0,0
2025-05-05 12:00:00,104.315,104.36,104.231,104.339,4515,0,0
2025-05-05 13:00:00,104.339,104.368,104.274,104.341,4231,0,0
2025-05-05 14:00:00,104.341,104.361,104.185,104.261,4119,0,0
2025-05-05 15:00:00,104.261,104.271,103.982,104.001,5422,0,0
2025-05-05 16:00:00,104.001,104.078,103.927,104.003,6075,0,0
2025-05-05 17:00:00,104.005,104.24,103.927,104.121,9275,0,0
2025-05-05 18:00:00,104.119,104.266,103.942,104.253,5637,0,0
2025-05-05 19:00:00,104.253,104.416,104.242,104.385,3867,0,0
2025-05-05 20:00:00,104.385,104.39,104.283,104.317,2693,0,0
2025-05-05 21:00:00,104.317,104.343,104.171,104.186,2334,0,0
2025-05-05 22:00:00,104.186,104.206,104.065,104.094,3304,0,0
2025-05-05 23:00:00,104.094,104.101,103.933,103.943,1524,0,0
2025-05-06 00:00:00,103.941,103.974,103.882,103.915,1028,24,0
2025-05-06 01:00:00,103.915,104.025,103.901,104.001,1049,0,0
2025-05-06 02:00:00,104.001,104.037,103.874,103.966,2337,0,0
2025-05-06 03:00:00,103.966,104.075,103.958,104.059,4210,0,0
2025-05-06 04:00:00,104.059,104.217,104.047,104.1,5097,0,0
2025-05-06 05:00:00,104.1,104.107,103.876,104.005,4206,0,0
2025-05-06 06:00:00,104.005,104.039,103.942,104.021,3608,0,0
2025-05-06 07:00:00,104.021,104.041,103.952,104.027,3126,0,0
2025-05-06 08:00:00,104.027,104.058,103.995,104.022,3340,0,0
2025-05-06 09:00:00,104.022,104.105,103.922,103.947,4209,0,0
2025-05-06 10:00:00,103.947,104.0,103.679,103.754,6355,0,0
2025-05-06 11:00:00,103.754,103.773,103.447,103.574,6358,0,0
2025-05-06 12:00:00,103.574,103.653,103.508,103.633,4684,0,0
2025-05-06 13:00:00,103.633,103.654,103.517,103.524,3983,0,0
2025-05-06 14:00:00,103.524,103.593,103.35,103.439,4430,0,0
2025-05-06 15:00:00,103.439,103.543,103.252,103.265,5558,0,0
2025-05-06 16:00:00,103.265,103.538,103.26,103.363,6553,0,0
2025-05-06 17:00:00,103.362,103.606,103.317,103.585,6838,0,0
2025-05-06 18:00:00,103.585,103.736,103.553,103.646,5631,0,0
2025-05-06 19:00:00,103.647,103.828,103.541,103.644,6435,0,0
2025-05-06 20:00:00,103.644,103.673,103.391,103.446,4424,0,0
2025-05-06 21:00:00,103.447,103.539,103.376,103.431,3471,0,0
2025-05-06 22:00:00,103.431,103.488,103.391,103.416,3566,0,0
2025-05-06 23:00:00,103.416,103.48,103.337,103.373,2544,0,0
2025-05-07 00:00:00,103.323,103.435,103.297,103.389,809,22,0
2025-05-07 01:00:00,103.386,104.044,103.354,104.019,5945,0,0
2025-05-07 02:00:00,104.019,104.048,103.857,103.906,3989,0,0
2025-05-07 03:00:00,103.906,104.013,103.717,103.801,6912,0,0
2025-05-07 04:00:00,103.8,103.831,103.646,103.721,6812,0,0
2025-05-07 05:00:00,103.721,103.833,103.693,103.756,5038,0,0
2025-05-07 06:00:00,103.756,103.823,103.718,103.769,3677,0,0
2025-05-07 07:00:00,103.767,103.896,103.741,103.863,2967,0,0
2025-05-07 08:00:00,103.863,103.874,103.698,103.736,3651,0,0
2025-05-07 09:00:00,103.736,103.774,103.598,103.616,4200,0,0
2025-05-07 10:00:00,103.616,103.939,103.616,103.87,5169,0,0
2025-05-07 11:00:00,103.87,104.065,103.857,103.91,4786,0,0
2025-05-07 12:00:00,103.911,103.96,103.816,103.841,4064,0,0
2025-05-07 13:00:00,103.841,103.888,103.777,103.885,3509,0,0
2025-05-07 14:00:00,103.885,103.976,103.856,103.959,3569,0,0
2025-05-07 15:00:00,103.959,104.003,103.801,103.868,5033,0,0
2025-05-07 16:00:00,103.868,103.95,103.776,103.939,6670,0,0
2025-05-07 17:00:00,103.939,104.015,103.837,104.002,6650,0,0
2025-05-07 18:00:00,104.002,104.169,103.932,104.164,6336,0,0
2025-05-07 19:00:00,104.164,104.206,103.973,104.035,3913,0,0
2025-05-07 20:00:00,104.035,104.084,103.81,103.85,3790,0,0
2025-05-07 21:00:00,103.85,104.128,103.58,103.962,9787,0,0
2025-05-07 22:00:00,103.963,104.137,103.823,103.987,9348,0,0
2025-05-07 23:00:00,103.987,104.089,103.919,103.923,3259,0,0
2025-05-08 00:00:00,103.92,103.92,103.826,103.877,453,23,0
2025-05-08 01:00:00,103.877,104.027,103.877,103.99,1514,0,0
2025-05-08 02:00:00,103.99,104.02,103.907,103.988,2731,0,0
2025-05-08 03:00:00,103.988,104.077,103.85,104.062,5340,0,0
2025-05-08 04:00:00,104.062,104.088,103.829,103.879,7218,0,0
2025-05-08 05:00:00,103.878,103.975,103.857,103.935,4992,0,0
2025-05-08 06:00:00,103.935,103.942,103.841,103.869,3915,0,0
2025-05-08 07:00:00,103.869,103.987,103.834,103.978,3214,0,0
2025-05-08 08:00:00,103.978,104.103,103.906,103.996,5478,0,0
2025-05-08 09:00:00,103.997,104.167,103.929,104.1,6100,0,0
2025-05-08 10:00:00,104.1,104.201,104.022,104.115,5738,0,0
2025-05-08 11:00:00,104.115,104.472,104.096,104.451,5869,0,0
2025-05-08 12:00:00,104.451,104.473,104.288,104.312,4896,0,0
2025-05-08 13:00:00,104.312,104.446,104.29,104.363,4446,0,0
2025-05-08 14:00:00,104.363,104.363,104.083,104.156,5193,0,0
2025-05-08 15:00:00,104.156,104.279,104.121,104.187,7418,0,0
2025-05-08 16:00:00,104.187,104.258,104.077,104.212,7568,0,0
2025-05-08 17:00:00,104.213,104.416,104.133,104.351,8428,0,0
2025-05-08 18:00:00,104.351,104.614,104.311,104.554,10277,0,0
2025-05-08 19:00:00,104.555,104.725,104.538,104.697,6262,0,0
2025-05-08 20:00:00,104.696,104.78,104.615,104.645,4441,0,0
2025-05-08 21:00:00,104.645,104.783,104.623,104.756,3418,0,0
2025-05-08 22:00:00,104.755,104.96,104.702,104.841,4377,0,0
2025-05-08 23:00:00,104.84,104.899,104.756,104.808,2229,0,0
2025-05-09 00:00:00,104.79,104.79,104.688,104.78,1219,44,0
2025-05-09 01:00:00,104.78,104.833,104.712,104.766,1351,0,0
2025-05-09 02:00:00,104.766,104.894,104.751,104.825,2821,0,0
2025-05-09 03:00:00,104.825,104.951,104.6,104.623,6057,0,0
2025-05-09 04:00:00,104.622,104.678,104.568,104.617,5314,0,0
2025-05-09 05:00:00,104.617,104.726,104.602,104.613,4696,0,0
2025-05-09 06:00:00,104.613,104.656,104.509,104.626,4749,0,0
2025-05-09 07:00:00,104.626,104.63,104.519,104.555,3513,0,0
2025-05-09 08:00:00,104.555,104.606,104.505,104.518,3777,0,0
2025-05-09 09:00:00,104.518,104.538,104.319,104.339,4385,0,0
2025-05-09 10:00:00,104.339,104.437,104.253,104.334,5782,0,0
2025-05-09 11:00:00,104.333,104.444,104.276,104.364,3780,0,0
2025-05-09 12:00:00,104.365,104.421,104.288,104.416,2874,0,0
2025-05-09 13:00:00,104.416,104.48,104.375,104.412,3182,0,0
2025-05-09 14:00:00,104.412,104.431,104.174,104.325,4919,0,0
2025-05-09 15:00:00,104.325,104.462,104.304,104.385,3932,0,0
2025-05-09 16:00:00,104.385,104.455,104.159,104.247,5457,0,0
2025-05-09 17:00:00,104.247,104.341,103.99,104.119,7066,0,0
2025-05-09 18:00:00,104.119,104.237,104.07,104.229,5834,0,0
2025-05-09 19:00:00,104.23,104.269,104.139,104.26,4116,0,0
2025-05-09 20:00:00,104.26,104.353,104.253,104.303,3208,0,0
2025-05-09 21:00:00,104.303,104.309,104.236,104.289,2630,0,0
2025-05-09 22:00:00,104.289,104.345,104.278,104.303,2591,0,0
2025-05-09 23:00:00,104.303,104.333,104.262,104.284,1314,0,0
2025-05-12 00:00:00,105.231,105.236,104.905,104.934,564,57,0
2025-05-12 01:00:00,104.934,105.03,104.646,104.711,4118,0,0
2025-05-12 02:00:00,104.711,104.802,104.644,104.714,3953,0,0
2025-05-12 03:00:00,104.714,104.814,104.658,104.696,6689,0,0
2025-05-12 04:00:00,104.696,104.954,104.668,104.829,6959,0,0
2025-05-12 05:00:00,104.829,104.838,104.563,104.67,5166,0,0
2025-05-12 06:00:00,104.671,104.754,104.642,104.675,3506,0,0
2025-05-12 07:00:00,104.675,104.803,104.673,104.794,3089,0,0
2025-05-12 08:00:00,104.794,104.912,104.765,104.837,3655,0,0
2025-05-12 09:00:00,104.837,104.956,104.816,104.903,5185,0,0
2025-05-12 10:00:00,104.903,105.928,104.884,105.882,13676,0,0
2025-05-12 11:00:00,105.882,106.055,105.729,105.865,9737,0,0
2025-05-12 12:00:00,105.865,106.046,105.77,105.997,6504,0,0
2025-05-12 13:00:00,106.002,106.256,105.951,106.112,7484,0,0
2025-05-12 14:00:00,106.112,106.125,105.801,105.806,7553,0,0
2025-05-12 15:00:00,105.809,105.957,105.693,105.777,6510,0,0
2025-05-12 16:00:00,105.777,105.914,105.673,105.869,8788,0,0
2025-05-12 17:00:00,105.869,105.99,105.786,105.89,9855,0,0
2025-05-12 18:00:00,105.89,105.905,105.705,105.756,7519,0,0
2025-05-12 19:00:00,105.755,106.073,105.723,106.05,4723,0,0
2025-05-12 20:00:00,106.051,106.078,105.977,106.016,4742,0,0
2025-05-12 21:00:00,106.015,106.093,105.972,106.003,3795,0,0
2025-05-12 22:00:00,106.003,106.125,105.973,106.088,3736,0,0
2025-05-12 23:00:00,106.088,106.251,106.086,106.233,1825,0,0
2025-05-13 00:00:00,106.233,106.233,106.065,106.079,792,14,0
2025-05-13 01:00:00,106.079,106.213,106.079,106.182,1510,0,0
2025-05-13 02:00:00,106.182,106.237,106.079,106.099,2622,0,0
2025-05-13 03:00:00,106.099,106.099,105.704,105.717,5665,0,0
2025-05-13 04:00:00,105.717,105.844,105.695,105.75,4881,0,0
2025-05-13 05:00:00,105.75,105.901,105.741,105.884,3113,0,0
2025-05-13 06:00:00,105.884,105.909,105.791,105.814,2953,0,0
2025-05-13 07:00:00,105.814,105.94,105.802,105.802,2969,0,0
2025-05-13 08:00:00,105.802,105.894,105.76,105.844,3361,0,0
2025-05-13 09:00:00,105.844,105.976,105.821,105.956,5075,0,0
2025-05-13 10:00:00,105.957,105.974,105.715,105.716,7425,0,0
2025-05-13 11:00:00,105.71,105.831,105.663,105.743,5656,0,0
2025-05-13 12:00:00,105.747,105.841,105.705,105.833,4311,0,0
2025-05-13 13:00:00,105.835,105.924,105.806,105.879,4150,0,0
2025-05-13 14:00:00,105.879,105.906,105.798,105.85,3628,0,0
2025-05-13 15:00:00,105.85,105.954,105.681,105.87,7814,0,0
2025-05-13 16:00:00,105.868,105.868,105.47,105.547,9303,0,0
2025-05-13 17:00:00,105.548,105.809,105.528,105.768,9184,0,0
2025-05-13 18:00:00,105.768,105.88,105.678,105.85,7338,0,0
2025-05-13 19:00:00,105.85,105.853,105.673,105.776,5512,0,0
2025-05-13 20:00:00,105.776,105.912,105.764,105.838,4043,0,0
2025-05-13 21:00:00,105.838,105.84,105.761,105.815,3770,0,0
2025-05-13 22:00:00,105.815,105.875,105.764,105.814,3300,0,0
2025-05-13 23:00:00,105.813,105.831,105.759,105.823,2015,0,0
2025-05-14 00:00:00,105.822,105.822,105.734,105.763,569,17,0
2025-05-14 01:00:00,105.763,105.823,105.717,105.795,1145,0,0
2025-05-14 02:00:00,105.795,105.9,105.79,105.88,2171,0,0
2025-05-14 03:00:00,105.88,105.952,105.705,105.774,4332,0,0
2025-05-14 04:00:00,105.774,105.782,105.548,105.647,5471,0,0
2025-05-14 05:00:00,105.647,105.751,105.573,105.707,3918,0,0
2025-05-14 06:00:00,105.708,105.75,105.632,105.664,3516,0,0
2025-05-14 07:00:00,105.664,105.72,105.497,105.514,3711,0,0
2025-05-14 08:00:00,105.514,105.597,105.467,105.584,3291,0,0
2025-05-14 09:00:00,105.584,105.652,105.498,105.616,4725,0,0
2025-05-14 10:00:00,105.616,105.685,105.522,105.561,5804,0,0
2025-05-14 11:00:00,105.561,105.58,105.055,105.123,8987,0,0
2025-05-14 12:00:00,105.123,105.18,104.728,104.869,7975,0,0
2025-05-14 13:00:00,104.869,104.899,104.707,104.763,4920,0,0
2025-05-14 14:00:00,104.763,104.893,104.744,104.876,4786,0,0
2025-05-14 15:00:00,104.876,105.024,104.767,104.841,5967,0,0
2025-05-14 16:00:00,104.841,104.988,104.487,104.62,8512,0,0
2025-05-14 17:00:00,104.62,104.846,104.586,104.825,9065,0,0
2025-05-14 18:00:00,104.826,104.965,104.717,104.951,7247,0,0
2025-05-14 19:00:00,104.951,105.219,104.855,104.989,5948,0,0
2025-05-14 20:00:00,104.989,105.001,104.844,104.91,4217,0,0
2025-05-14 21:00:00,104.91,105.052,104.891,104.988,4521,0,0
2025-05-14 22:00:00,104.988,105.117,104.983,105.057,4482,0,0
2025-05-14 23:00:00,105.057,105.087,104.934,104.948,2046,0,0
2025-05-15 00:00:00,104.956,104.958,104.822,104.881,1042,12,0
2025-05-15 01:00:00,104.881,104.948,104.857,104.908,1164,0,0
2025-05-15 02:00:00,104.908,104.933,104.777,104.911,2633,0,0
2025-05-15 03:00:00,104.911,104.997,104.638,104.664,4277,0,0
2025-05-15 04:00:00,104.664,104.761,104.608,104.737,5119,0,0
2025-05-15 05:00:00,104.737,104.796,104.677,104.692,4095,0,0
2025-05-15 06:00:00,104.692,104.718,104.525,104.619,3517,0,0
2025-05-15 07:00:00,104.619,104.642,104.528,104.579,2939,0,0
2025-05-15 08:00:00,104.579,104.602,104.423,104.468,3730,0,0
2025-05-15 09:00:00,104.468,104.512,104.142,104.19,5369,0,0
2025-05-15 10:00:00,104.19,104.353,104.182,104.329,6029,0,0
2025-05-15 11:00:00,104.328,104.398,104.193,104.243,4872,0,0
2025-05-15 12:00:00,104.243,104.397,104.233,104.39,4076,0,0
2025-05-15 13:00:00,104.39,104.402,104.308,104.38,3488,0,0
2025-05-15 14:00:00,104.376,104.477,104.331,104.468,4107,0,0
2025-05-15 15:00:00,104.468,104.522,104.171,104.284,7294,0,0
2025-05-15 16:00:00,104.282,104.295,104.116,104.202,8953,0,0
2025-05-15 17:00:00,104.201,104.317,103.977,104.229,7747,0,0
2025-05-15 18:00:00,104.23,104.241,104.082,104.09,6393,0,0
2025-05-15 19:00:00,104.09,104.158,103.95,104.114,4261,0,0
2025-05-15 20:00:00,104.117,104.327,104.099,104.312,3818,0,0
2025-05-15 21:00:00,104.312,104.338,104.25,104.319,3390,0,0
2025-05-15 22:00:00,104.318,104.354,104.233,104.318,3240,0,0
2025-05-15 23:00:00,104.319,104.37,104.288,104.369,1774,0,0
2025-05-16 00:00:00,104.347,104.347,104.218,104.237,201,33,0
2025-05-16 01:00:00,104.237,104.337,104.217,104.232,1540,0,0
2025-05-16 02:00:00,104.232,104.38,104.209,104.306,2466,0,0
2025-05-16 03:00:00,104.306,104.332,103.912,103.984,5858,0,0
2025-05-16 04:00:00,103.984,104.094,103.896,104.058,4407,0,0
2025-05-16 05:00:00,104.058,104.269,104.016,104.262,3620,0,0
2025-05-16 06:00:00,104.262,104.29,104.143,104.165,3448,0,0
2025-05-16 07:00:00,104.165,104.27,104.115,104.21,3062,0,0
2025-05-16 08:00:00,104.21,104.269,104.134,104.181,2942,0,0
2025-05-16 09:00:00,104.181,104.284,103.986,104.019,4172,0,0
2025-05-16 10:00:00,104.019,104.154,103.884,104.139,5401,0,0
2025-05-16 11:00:00,104.139,104.224,104.066,104.132,4235,0,0
2025-05-16 12:00:00,104.132,104.278,104.099,104.258,4139,0,0
2025-05-16 13:00:00,104.258,104.287,104.185,104.266,3941,0,0
2025-05-16 14:00:00,104.266,104.318,104.183,104.289,3812,0,0
2025-05-16 15:00:00,104.289,104.319,104.203,104.245,4755,0,0
2025-05-16 16:00:00,104.245,104.333,104.191,104.285,5019,0,0
2025-05-16 17:00:00,104.285,104.502,104.213,104.391,7399,0,0
2025-05-16 18:00:00,104.391,104.423,104.348,104.369,4266,0,0
2025-05-16 19:00:00,104.369,104.401,104.28,104.347,3391,0,0
2025-05-16 20:00:00,104.347,104.405,104.298,104.307,2766,0,0
2025-05-16 21:00:00,104.307,104.34,104.247,104.33,2647,0,0
2025-05-16 22:00:00,104.33,104.401,104.272,104.398,2565,0,0
2025-05-16 23:00:00,104.398,104.498,104.226,104.257,2967,0,0
2025-05-19 00:00:00,103.845,104.112,103.838,104.112,343,50,0
2025-05-19 01:00:00,104.112,104.124,103.896,104.012,3215,0,0
2025-05-19 02:00:00,104.012,104.227,103.999,104.092,3025,0,0
2025-05-19 03:00:00,104.093,104.121,103.793,103.815,6116,0,0
2025-05-19 04:00:00,103.815,103.942,103.742,103.898,4958,0,0
2025-05-19 05:00:00,103.898,104.024,103.881,103.964,4434,0,0
2025-05-19 06:00:00,103.964,104.004,103.905,103.973,3091,0,0
2025-05-19 07:00:00,103.973,104.037,103.968,104.014,2709,0,0
2025-05-19 08:00:00,104.014,104.02,103.905,103.938,2732,0,0
2025-05-19 09:00:00,103.938,103.983,103.836,103.841,5010,0,0
2025-05-19 10:00:00,103.841,103.981,103.691,103.815,6974,0,0
2025-05-19 11:00:00,103.815,103.924,103.81,103.841,5003,0,0
2025-05-19 12:00:00,103.841,103.929,103.775,103.857,5213,0,0
2025-05-19 13:00:00,103.857,103.872,103.75,103.803,4229,0,0
2025-05-19 14:00:00,103.803,104.015,103.797,103.951,4147,0,0
2025-05-19 15:00:00,103.951,104.023,103.885,104.019,4898,0,0
2025-05-19 16:00:00,104.018,104.074,103.889,103.967,7878,0,0
2025-05-19 17:00:00,103.965,104.133,103.946,104.018,7676,0,0
2025-05-19 18:00:00,104.018,104.103,103.942,103.961,5932,0,0
2025-05-19 19:00:00,103.961,104.034,103.918,103.934,4112,0,0
2025-05-19 20:00:00,103.934,103.971,103.866,103.874,3386,0,0
2025-05-19 21:00:00,103.874,103.917,103.855,103.865,2737,0,0
2025-05-19 22:00:00,103.865,103.871,103.77,103.807,2202,0,0
2025-05-19 23:00:00,103.807,103.847,103.758,103.829,1513,0,0
2025-05-20 00:00:00,103.828,103.864,103.745,103.82,598,21,0
2025-05-20 01:00:00,103.82,103.904,103.817,103.837,927,0,0
2025-05-20 02:00:00,103.837,103.894,103.784,103.872,2088,0,0
2025-05-20 03:00:00,103.872,104.209,103.862,104.049,5062,0,0
2025-05-20 04:00:00,104.049,104.049,103.687,103.755,5462,0,0
2025-05-20 05:00:00,103.755,104.018,103.669,103.918,3281,0,0
2025-05-20 06:00:00,103.918,103.97,103.731,103.751,2826,0,0
2025-05-20 07:00:00,103.751,103.772,103.652,103.674,3938,0,0
2025-05-20 08:00:00,103.674,103.699,103.404,103.449,5599,0,0
2025-05-20 09:00:00,103.449,103.62,103.423,103.604,5743,0,0
2025-05-20 10:00:00,103.604,103.616,103.396,103.426,6315,0,0
2025-05-20 11:00:00,103.426,103.696,103.426,103.636,4797,0,0
2025-05-20 12:00:00,103.637,103.768,103.6,103.675,4492,0,0
2025-05-20 13:00:00,103.676,103.725,103.618,103.669,3737,0,0
2025-05-20 14:00:00,103.668,103.741,103.588,103.681,3792,0,0
2025-05-20 15:00:00,103.681,104.021,103.639,103.988,5838,0,0
2025-05-20 16:00:00,103.987,104.098,103.953,104.046,7424,0,0
2025-05-20 17:00:00,104.046,104.048,103.643,103.68,8269,0,0
2025-05-20 18:00:00,103.68,103.817,103.621,103.798,5459,0,0
2025-05-20 19:00:00,103.798,103.993,103.717,103.962,3619,0,0
2025-05-20 20:00:00,103.963,104.048,103.905,103.919,3100,0,0
2025-05-20 21:00:00,103.919,103.928,103.715,103.775,3478,0,0
2025-05-20 22:00:00,103.775,103.886,103.724,103.883,2619,0,0
2025-05-20 23:00:00,103.883,103.907,103.825,103.84,1937,0,0
2025-05-21 00:00:00,103.844,103.856,103.759,103.82,189,0,0
2025-05-21 01:00:00,103.82,103.865,103.635,103.837,2437,0,0
2025-05-21 02:00:00,103.837,103.839,103.748,103.764,2336,0,0
2025-05-21 03:00:00,103.764,103.806,103.656,103.706,5313,0,0
2025-05-21 04:00:00,103.705,103.784,103.631,103.7,4713,0,0
2025-05-21 05:00:00,103.7,103.724,103.52,103.533,4561,0,0
2025-05-21 06:00:00,103.533,103.63,103.481,103.526,3785,0,0
2025-05-21 07:00:00,103.526,103.567,103.435,103.489,2988,0,0
2025-05-21 08:00:00,103.489,103.517,103.365,103.379,3580,0,0
2025-05-21 09:00:00,103.379,103.523,103.356,103.513,6258,0,0
2025-05-21 10:00:00,103.513,103.671,103.453,103.64,6174,0,0
2025-05-21 11:00:00,103.641,103.791,103.6,103.73,4866,0,0
2025-05-21 12:00:00,103.73,103.804,103.657,103.68,4265,0,0
2025-05-21 13:00:00,103.68,103.705,103.417,103.513,5987,0,0
2025-05-21 14:00:00,103.514,103.569,103.453,103.494,5473,0,0
2025-05-21 15:00:00,103.492,103.612,103.465,103.594,6861,0,0
2025-05-21 16:00:00,103.594,103.761,103.541,103.627,8167,0,0
2025-05-21 17:00:00,103.627,103.794,103.545,103.766,8405,0,0
2025-05-21 18:00:00,103.766,103.959,103.752,103.954,6799,0,0
2025-05-21 19:00:00,103.95,104.007,103.916,103.961,3743,0,0
2025-05-21 20:00:00,103.961,103.985,103.569,103.723,8065,0,0
2025-05-21 21:00:00,103.722,103.832,103.668,103.782,5568,0,0
2025-05-21 22:00:00,103.782,103.808,103.633,103.654,4848,0,0
2025-05-21 23:00:00,103.654,103.731,103.636,103.661,2159,0,0
2025-05-22 00:00:00,103.667,103.667,103.567,103.612,322,13,0
2025-05-22 01:00:00,103.612,104.12,103.612,103.917,3830,0,0
2025-05-22 02:00:00,103.917,103.956,103.65,103.679,3319,0,0
2025-05-22 03:00:00,103.679,103.73,103.415,103.543,6663,0,0
2025-05-22 04:00:00,103.543,103.647,103.382,103.48,6028,0,0
2025-05-22 05:00:00,103.48,103.548,103.378,103.402,4074,0,0
2025-05-22 06:00:00,103.402,103.497,103.382,103.478,3221,0,0
2025-05-22 07:00:00,103.478,103.532,103.441,103.505,2767,0,0
2025-05-22 08:00:00,103.505,103.556,103.435,103.547,3169,0,0
2025-05-22 09:00:00,103.547,103.547,103.337,103.45,5401,0,0
2025-05-22 10:00:00,103.45,103.499,103.186,103.256,7019,0,0
2025-05-22 11:00:00,103.256,103.392,103.133,103.28,6394,0,0
2025-05-22 12:00:00,103.28,103.433,103.258,103.394,5128,0,0
2025-05-22 13:00:00,103.394,103.55,103.334,103.525,4504,0,0
2025-05-22 14:00:00,103.525,103.643,103.385,103.414,5528,0,0
2025-05-22 15:00:00,103.414,103.516,103.31,103.455,7406,0,0
2025-05-22 16:00:00,103.455,103.678,103.403,103.621,8356,0,0
2025-05-22 17:00:00,103.622,103.735,103.55,103.646,8915,0,0
2025-05-22 18:00:00,103.646,103.872,103.628,103.857,7687,0,0
2025-05-22 19:00:00,103.858,104.01,103.802,103.879,4416,0,0
2025-05-22 20:00:00,103.879,104.077,103.867,104.055,4810,0,0
2025-05-22 21:00:00,104.06,104.069,103.932,103.972,3133,0,0
2025-05-22 22:00:00,103.972,103.991,103.824,103.877,3119,0,0
2025-05-22 23:00:00,103.876,103.945,103.828,103.945,2040,0,0
2025-05-23 00:00:00,103.939,103.951,103.802,103.871,307,15,0
2025-05-23 01:00:00,103.926,103.929,103.767,103.77,1740,0,0
2025-05-23 02:00:00,103.77,103.85,103.751,103.803,2170,0,0
2025-05-23 03:00:00,103.805,103.932,103.773,103.866,5489,0,0
2025-05-23 04:00:00,103.866,103.934,103.776,103.788,4517,0,0
2025-05-23 05:00:00,103.79,103.822,103.76,103.768,2630,0,0
2025-05-23 06:00:00,103.768,103.779,103.688,103.703,2802,0,0
2025-05-23 07:00:00,103.703,103.761,103.674,103.754,2521,0,0
2025-05-23 08:00:00,103.754,103.816,103.734,103.741,2785,0,0
2025-05-23 09:00:00,103.741,103.813,103.671,103.719,4289,0,0
2025-05-23 10:00:00,103.719,103.804,103.698,103.738,5567,0,0
2025-05-23 11:00:00,103.738,103.774,103.71,103.723,4866,0,0
2025-05-23 12:00:00,103.723,103.815,103.64,103.804,4549,0,0
2025-05-23 13:00:00,103.804,103.854,103.781,103.815,4273,0,0
2025-05-23 14:00:00,103.815,103.845,103.133,103.206,10044,0,0
2025-05-23 15:00:00,103.208,103.396,103.008,103.358,11462,0,0
2025-05-23 16:00:00,103.358,103.651,103.298,103.598,9712,0,0
2025-05-23 17:00:00,103.595,103.793,103.532,103.718,9244,0,0
2025-05-23 18:00:00,103.717,103.8,103.609,103.662,7605,0,0
2025-05-23 19:00:00,103.661,103.884,103.659,103.855,5352,0,0
2025-05-23 20:00:00,103.855,103.947,103.835,103.887,4308,0,0
2025-05-23 21:00:00,103.887,103.937,103.818,103.866,4054,0,0
2025-05-23 22:00:00,103.865,103.952,103.816,103.825,3523,0,0
2025-05-23 23:00:00,103.826,103.857,103.788,103.848,1649,0,0
2025-05-26 00:00:00,103.637,103.756,103.61,103.672,989,104,0
2025-05-26 01:00:00,103.672,104.231,103.672,103.993,4410,0,0
2025-05-26 02:00:00,103.993,104.089,103.963,103.983,3132,0,0
2025-05-26 03:00:00,103.983,104.042,103.892,103.92,5466,0,0
2025-05-26 04:00:00,103.92,104.052,103.864,103.953,5230,0,0
2025-05-26 05:00:00,103.953,103.963,103.878,103.916,4184,0,0
2025-05-26 06:00:00,103.916,104.072,103.913,103.982,3326,0,0
2025-05-26 07:00:00,103.982,104.107,103.982,104.027,3000,0,0
2025-05-26 08:00:00,104.027,104.179,103.994,104.008,3646,0,0
2025-05-26 09:00:00,104.008,104.299,103.991,104.262,4283,0,0
2025-05-26 10:00:00,104.263,104.288,104.17,104.286,5058,0,0
2025-05-26 11:00:00,104.286,104.303,104.117,104.2,3436,0,0
2025-05-26 12:00:00,104.2,104.267,104.13,104.134,3040,0,0
2025-05-26 13:00:00,104.134,104.206,104.109,104.142,2203,0,0
2025-05-26 14:00:00,104.142,104.225,104.126,104.204,2164,0,0
2025-05-26 15:00:00,104.204,104.242,104.151,104.17,2595,0,0
2025-05-26 16:00:00,104.17,104.189,104.008,104.011,2389,0,0
2025-05-26 17:00:00,104.011,104.053,103.989,104.023,3088,0,0
2025-05-26 18:00:00,104.022,104.058,103.975,104.051,2020,0,0
2025-05-26 19:00:00,104.051,104.062,103.924,103.927,943,0,0
2025-05-26 20:00:00,103.927,103.938,103.906,103.933,839,0,0
2025-05-26 21:00:00,103.933,103.947,103.908,103.936,774,0,0
2025-05-26 22:00:00,103.936,103.949,103.917,103.946,491,0,0
2025-05-26 23:00:00,103.943,104.0,103.927,103.981,830,0,0
2025-05-27 00:00:00,103.975,104.049,103.886,103.908,306,23,0
2025-05-27 01:00:00,103.908,103.936,103.864,103.887,1182,0,0
2025-05-27 02:00:00,103.887,103.923,103.826,103.839,1805,0,0
2025-05-27 03:00:00,103.839,103.839,103.655,103.676,4739,0,0
2025-05-27 04:00:00,103.676,103.702,103.538,103.616,4151,0,0
2025-05-27 05:00:00,103.617,103.672,103.534,103.664,3178,0,0
2025-05-27 06:00:00,103.664,103.711,103.639,103.702,2767,0,0
2025-05-27 07:00:00,103.702,103.949,103.682,103.943,3280,0,0
2025-05-27 08:00:00,103.943,104.335,103.941,104.279,5490,0,0
2025-05-27 09:00:00,104.28,104.411,104.112,104.374,5879,0,0
2025-05-27 10:00:00,104.374,104.529,104.326,104.421,6967,0,0
2025-05-27 11:00:00,104.421,104.54,104.359,104.537,5498,0,0
2025-05-27 12:00:00,104.537,104.647,104.482,104.588,5010,0,0
2025-05-27 13:00:00,104.588,104.775,104.572,104.727,4515,0,0
2025-05-27 14:00:00,104.726,104.728,104.617,104.676,4123,0,0
2025-05-27 15:00:00,104.676,104.731,104.62,104.65,5772,0,0
2025-05-27 16:00:00,104.65,104.754,104.549,104.754,7091,0,0
2025-05-27 17:00:00,104.751,104.981,104.745,104.964,8497,0,0
2025-05-27 18:00:00,104.964,104.974,104.786,104.805,6429,0,0
2025-05-27 19:00:00,104.805,104.85,104.773,104.798,3693,0,0
2025-05-27 20:00:00,104.798,104.798,104.7,104.728,2767,0,0
2025-05-27 21:00:00,104.726,104.74,104.569,104.584,2482,0,0
2025-05-27 22:00:00,104.584,104.611,104.374,104.42,2882,0,0
2025-05-27 23:00:00,104.42,104.555,104.313,104.498,2437,0,0
2025-05-28 00:00:00,104.503,104.516,104.42,104.435,128,33,0
2025-05-28 01:00:00,104.435,104.502,104.37,104.371,1122,0,0
2025-05-28 02:00:00,104.371,104.456,104.344,104.375,1835,0,0
2025-05-28 03:00:00,104.375,104.408,104.217,104.4,4450,0,0
2025-05-28 04:00:00,104.4,104.754,104.336,104.414,6431,0,0
2025-05-28 05:00:00,104.414,104.618,104.354,104.597,5449,0,0
2025-05-28 06:00:00,104.592,104.692,104.394,104.43,4628,0,0
2025-05-28 07:00:00,104.428,104.494,104.343,104.403,4297,0,0
2025-05-28 08:00:00,104.403,104.62,104.32,104.338,4253,0,0
2025-05-28 09:00:00,104.338,104.485,104.27,104.477,5402,0,0
2025-05-28 10:00:00,104.477,104.526,104.28,104.304,5369,0,0
2025-05-28 11:00:00,104.304,104.329,104.215,104.251,4415,0,0
2025-05-28 12:00:00,104.251,104.398,104.211,104.338,3905,0,0
2025-05-28 13:00:00,104.338,104.433,104.297,104.412,3236,0,0
2025-05-28 14:00:00,104.412,104.446,104.298,104.441,4028,0,0
2025-05-28 15:00:00,104.441,104.505,104.395,104.433,5225,0,0
2025-05-28 16:00:00,104.433,104.819,104.432,104.775,7353,0,0
2025-05-28 17:00:00,104.774,104.902,104.575,104.876,8132,0,0
2025-05-28 18:00:00,104.876,104.981,104.83,104.957,6646,0,0
2025-05-28 19:00:00,104.956,104.973,104.842,104.848,3119,0,0
2025-05-28 20:00:00,104.848,104.88,104.787,104.79,2703,0,0
2025-05-28 21:00:00,104.791,104.86,104.664,104.731,3843,0,0
2025-05-28 22:00:00,104.731,104.793,104.715,104.725,3526,0,0
2025-05-28 23:00:00,104.727,104.751,104.662,104.689,3115,0,0
2025-05-29 00:00:00,104.662,104.662,104.602,104.631,367,51,0
2025-05-29 01:00:00,104.631,104.786,104.631,104.761,2290,0,0
2025-05-29 02:00:00,104.761,105.367,104.756,105.2,8232,0,0
2025-05-29 03:00:00,105.2,105.468,105.176,105.467,9077,0,0
2025-05-29 04:00:00,105.467,105.573,105.228,105.291,6923,0,0
2025-05-29 05:00:00,105.291,105.323,105.18,105.284,4458,0,0
2025-05-29 06:00:00,105.284,105.304,105.185,105.258,3646,0,0
2025-05-29 07:00:00,105.258,105.315,105.234,105.298,3255,0,0
2025-05-29 08:00:00,105.298,105.464,105.256,105.375,4348,0,0
2025-05-29 09:00:00,105.374,105.439,105.175,105.257,5970,0,0
2025-05-29 10:00:00,105.257,105.26,105.092,105.129,5969,0,0
2025-05-29 11:00:00,105.133,105.143,105.015,105.032,5090,0,0
2025-05-29 12:00:00,105.032,105.11,104.932,105.086,4004,0,0
2025-05-29 13:00:00,105.084,105.096,104.839,104.903,4403,0,0
2025-05-29 14:00:00,104.904,104.942,104.784,104.932,5181,0,0
2025-05-29 15:00:00,104.932,104.939,104.671,104.704,9295,0,0
2025-05-29 16:00:00,104.704,104.771,104.459,104.48,8527,0,0
2025-05-29 17:00:00,104.48,104.598,104.427,104.588,8788,0,0
2025-05-29 18:00:00,104.588,104.596,104.326,104.357,7206,0,0
2025-05-29 19:00:00,104.357,104.447,104.316,104.434,4831,0,0
2025-05-29 20:00:00,104.434,104.488,104.36,104.37,4056,0,0
2025-05-29 21:00:00,104.365,104.42,104.319,104.356,3470,0,0
2025-05-29 22:00:00,104.356,104.425,104.349,104.395,3593,0,0
2025-05-29 23:00:00,104.393,104.462,104.374,104.427,2174,0,0
2025-05-30 00:00:00,104.398,104.424,104.288,104.315,570,61,0
2025-05-30 01:00:00,104.315,104.414,104.229,104.313,1621,0,0
2025-05-30 02:00:00,104.313,104.351,104.118,104.118,2554,0,0
2025-05-30 03:00:00,104.119,104.269,104.016,104.108,5215,0,0
2025-05-30 04:00:00,104.108,104.163,103.901,104.137,5882,0,0
2025-05-30 05:00:00,104.137,104.191,104.056,104.115,4581,0,0
2025-05-30 06:00:00,104.116,104.158,104.065,104.077,3535,0,0
2025-05-30 07:00:00,104.077,104.092,103.989,104.032,3635,0,0
2025-05-30 08:00:00,104.032,104.177,104.032,104.126,3744,0,0
2025-05-30 09:00:00,104.126,104.294,104.045,104.091,5460,0,0
2025-05-30 10:00:00,104.091,104.325,104.07,104.24,5947,0,0
2025-05-30 11:00:00,104.24,104.289,104.152,104.252,5544,0,0
2025-05-30 12:00:00,104.254,104.372,104.222,104.242,4887,0,0
2025-05-30 13:00:00,104.242,104.247,104.098,104.195,4370,0,0
2025-05-30 14:00:00,104.195,104.303,104.133,104.178,4401,0,0
2025-05-30 15:00:00,104.179,104.233,103.87,104.199,9191,0,0
2025-05-30 16:00:00,104.199,104.528,104.185,104.387,7808,0,0
2025-05-30 17:00:00,104.383,105.044,104.331,104.93,9185,0,0
2025-05-30 18:00:00,104.93,104.956,104.79,104.882,8199,0,0
2025-05-30 19:00:00,104.882,104.883,104.583,104.608,5809,0,0
2025-05-30 20:00:00,104.608,104.74,104.561,104.72,4725,0,0
2025-05-30 21:00:00,104.72,104.907,104.716,104.892,5087,0,0
2025-05-30 22:00:00,104.892,104.956,104.826,104.83,3741,0,0
2025-05-30 23:00:00,104.831,104.911,104.777,104.851,2145,0,0
2025-06-02 00:00:00,104.707,104.726,104.58,104.588,1122,104,0
2025-06-02 01:00:00,104.588,104.882,104.575,104.801,2012,1,0
2025-06-02 02:00:00,104.801,104.816,104.739,104.769,3016,0,0
2025-06-02 03:00:00,104.769,104.773,104.633,104.64,5314,0,0
2025-06-02 04:00:00,104.64,104.722,104.528,104.58,5520,0,0
2025-06-02 05:00:00,104.58,104.696,104.558,104.636,3940,0,0
2025-06-02 06:00:00,104.636,104.668,104.584,104.589,3249,0,0
2025-06-02 07:00:00,104.589,104.647,104.58,104.604,3224,0,0
2025-06-02 08:00:00,104.605,104.648,104.458,104.496,4014,0,0
2025-06-02 09:00:00,104.496,104.568,104.44,104.542,5355,0,0
2025-06-02 10:00:00,104.542,104.593,104.438,104.457,6699,0,0
2025-06-02 11:00:00,104.457,104.515,104.327,104.37,6300,0,0
2025-06-02 12:00:00,104.37,104.375,104.263,104.375,5328,0,0
2025-06-02 13:00:00,104.375,104.416,104.248,104.276,4995,0,0
2025-06-02 14:00:00,104.278,104.3,104.055,104.159,5218,0,0
2025-06-02 15:00:00,104.159,104.344,104.159,104.291,5589,0,0
2025-06-02 16:00:00,104.291,104.424,104.185,104.287,7343,0,0
2025-06-02 17:00:00,104.286,104.286,104.039,104.141,10119,0,0
2025-06-02 18:00:00,104.142,104.264,104.142,104.221,7657,0,0
2025-06-02 19:00:00,104.221,104.29,104.196,104.25,4602,0,0
2025-06-02 20:00:00,104.251,104.268,104.152,104.217,3752,0,0
2025-06-02 21:00:00,104.216,104.24,104.142,104.159,3549,0,0
2025-06-02 22:00:00,104.159,104.197,104.085,104.152,3166,0,0
2025-06-02 23:00:00,104.152,104.179,104.017,104.055,2168,0,0
2025-06-03 00:00:00,104.027,104.031,103.973,103.978,680,77,0
2025-06-03 01:00:00,103.978,104.029,103.923,103.931,1164,0,0
2025-06-03 02:00:00,103.931,103.977,103.837,103.885,2395,0,0
2025-06-03 03:00:00,103.885,104.069,103.876,104.017,4638,0,0
2025-06-03 04:00:00,104.017,104.371,104.014,104.292,4994,0,0
2025-06-03 05:00:00,104.292,104.37,104.186,104.227,3819,0,0
2025-06-03 06:00:00,104.226,104.315,104.15,104.238,3631,0,0
2025-06-03 07:00:00,104.238,104.275,104.074,104.095,3431,0,0
2025-06-03 08:00:00,104.095,104.191,104.041,104.1,3571,0,0
2025-06-03 09:00:00,104.1,104.171,104.042,104.111,4596,0,0
2025-06-03 10:00:00,104.113,104.132,103.874,104.016,5985,0,0
2025-06-03 11:00:00,104.016,104.051,103.871,104.01,4791,0,0
2025-06-03 12:00:00,104.01,104.118,103.981,104.071,3932,0,0
2025-06-03 13:00:00,104.071,104.184,104.043,104.173,3794,0,0
2025-06-03 14:00:00,104.173,104.238,104.144,104.147,3798,0,0
2025-06-03 15:00:00,104.147,104.485,104.142,104.46,5027,0,0
2025-06-03 16:00:00,104.46,104.639,104.419,104.531,6268,0,0
2025-06-03 17:00:00,104.528,104.91,104.528,104.893,8357,0,0
2025-06-03 18:00:00,104.893,104.938,104.807,104.902,5841,0,0
2025-06-03 19:00:00,104.902,104.992,104.858,104.906,3526,0,0
2025-06-03 20:00:00,104.906,104.949,104.844,104.855,2733,0,0
2025-06-03 21:00:00,104.855,104.93,104.807,104.927,2789,0,0
2025-06-03 22:00:00,104.927,105.037,104.924,105.016,2442,0,0
2025-06-03 23:00:00,105.016,105.019,104.92,104.94,1764,0,0
2025-06-04 00:00:00,104.869,104.944,104.629,104.882,562,89,0
2025-06-04 01:00:00,104.882,104.997,104.868,104.908,1093,0,0
2025-06-04 02:00:00,104.907,104.994,104.849,104.862,2008,0,0
2025-06-04 03:00:00,104.862,105.022,104.826,105.004,5241,0,0
2025-06-04 04:00:00,105.004,105.165,104.813,104.858,5986,0,0
2025-06-04 05:00:00,104.858,104.96,104.84,104.919,3880,0,0
2025-06-04 06:00:00,104.919,105.026,104.876,105.007,2829,0,0
2025-06-04 07:00:00,105.007,105.141,104.975,105.125,3474,0,0
2025-06-04 08:00:00,105.125,105.189,105.036,105.072,4355,0,0
2025-06-04 09:00:00,105.072,105.122,104.847,104.935,4978,0,0
2025-06-04 10:00:00,104.935,105.055,104.835,105.043,4804,0,0
2025-06-04 11:00:00,105.043,105.105,104.936,104.968,4282,0,0
2025-06-04 12:00:00,104.967,105.087,104.942,105.072,4021,0,0
2025-06-04 13:00:00,105.072,105.228,105.01,105.201,4252,0,0
2025-06-04 14:00:00,105.201,105.303,105.144,105.259,3770,0,0
2025-06-04 15:00:00,105.259,105.274,104.711,104.789,8209,0,0
2025-06-04 16:00:00,104.788,104.99,104.771,104.819,7286,0,0
2025-06-04 17:00:00,104.81,104.81,104.547,104.739,9715,0,0
2025-06-04 18:00:00,104.74,104.775,104.445,104.549,7153,0,0
2025-06-04 19:00:00,104.549,104.561,104.416,104.459,4137,0,0
2025-06-04 20:00:00,104.46,104.55,104.446,104.527,3135,0,0
2025-06-04 21:00:00,104.527,104.541,104.456,104.512,2938,0,0
2025-06-04 22:00:00,104.512,104.557,104.429,104.44,2349,0,0
2025-06-04 23:00:00,104.44,104.475,104.327,104.334,1909,0,0
2025-06-05 00:00:00,104.348,104.421,104.308,104.379,362,80,0
2025-06-05 01:00:00,104.379,104.455,104.371,104.387,1033,0,0
2025-06-05 02:00:00,104.387,104.437,104.262,104.334,2722,0,0
2025-06-05 03:00:00,104.334,104.469,104.308,104.359,5162,0,0
2025-06-05 04:00:00,104.36,104.546,104.292,104.504,5217,0,0
2025-06-05 05:00:00,104.504,104.514,104.413,104.489,3318,0,0
2025-06-05 06:00:00,104.489,104.544,104.381,104.517,3692,0,0
2025-06-05 07:00:00,104.517,104.608,104.487,104.58,3400,0,0
2025-06-05 08:00:00,104.58,104.672,104.564,104.649,3161,0,0
2025-06-05 09:00:00,104.646,104.775,104.604,104.77,4542,0,0
2025-06-05 10:00:00,104.77,104.911,104.723,104.867,4899,0,0
2025-06-05 11:00:00,104.867,104.926,104.826,104.869,4366,0,0
2025-06-05 12:00:00,104.869,104.875,104.773,104.873,4272,0,0
2025-06-05 13:00:00,104.873,104.879,104.751,104.82,3772,0,0
2025-06-05 14:00:00,104.82,104.921,104.758,104.896,4352,0,0
2025-06-05 15:00:00,104.895,105.223,104.6,105.013,9173,0,0
2025-06-05 16:00:00,105.013,105.122,104.76,104.826,10690,0,0
2025-06-05 17:00:00,104.826,105.175,104.804,105.084,9894,0,0
2025-06-05 18:00:00,105.084,105.349,105.078,105.272,7077,0,0
2025-06-05 19:00:00,105.272,105.331,105.028,105.036,5547,0,0
2025-06-05 20:00:00,105.036,105.317,105.016,105.224,3466,0,0
2025-06-05 21:00:00,105.224,105.243,105.054,105.152,3694,0,0
2025-06-05 22:00:00,105.152,105.193,104.994,105.161,6211,0,0
2025-06-05 23:00:00,105.161,105.211,104.986,105.005,3139,0,0
2025-06-06 00:00:00,104.885,104.928,104.792,104.902,373,79,0
2025-06-06 01:00:00,104.902,105.006,104.891,104.985,1236,0,0
2025-06-06 02:00:00,104.985,105.048,104.937,105.037,1854,0,0
2025-06-06 03:00:00,105.037,105.198,105.037,105.178,4053,0,0
2025-06-06 04:00:00,105.178,105.238,105.127,105.137,3621,0,0
2025-06-06 05:00:00,105.137,105.276,105.121,105.244,3177,0,0
2025-06-06 06:00:00,105.244,105.254,105.173,105.218,2919,0,0
2025-06-06 07:00:00,105.215,105.318,105.207,105.291,2526,0,0
2025-06-06 08:00:00,105.291,105.357,105.272,105.299,3370,0,0
2025-06-06 09:00:00,105.299,105.451,105.244,105.39,4151,0,0
2025-06-06 10:00:00,105.39,105.448,105.237,105.292,4836,0,0
2025-06-06 11:00:00,105.292,105.321,105.246,105.306,4126,0,0
2025-06-06 12:00:00,105.306,105.423,105.277,105.397,4068,0,0
2025-06-06 13:00:00,105.398,105.406,105.324,105.345,3312,0,0
2025-06-06 14:00:00,105.345,105.38,105.304,105.316,4206,0,0
2025-06-06 15:00:00,105.316,105.744,105.31,105.712,9694,0,0
2025-06-06 16:00:00,105.712,105.945,105.666,105.891,10749,0,0
2025-06-06 17:00:00,105.89,105.982,105.779,105.856,9435,0,0
2025-06-06 18:00:00,105.856,106.015,105.781,105.86,7499,0,0
2025-06-06 19:00:00,105.861,105.908,105.786,105.824,5532,0,0
2025-06-06 20:00:00,105.824,105.841,105.763,105.819,3878,0,0
2025-06-06 21:00:00,105.819,105.83,105.743,105.769,3543,0,0
2025-06-06 22:00:00,105.769,105.769,105.674,105.72,2562,0,0
2025-06-06 23:00:00,105.72,105.786,105.713,105.742,1654,0,0
2025-06-09 00:00:00,105.687,105.701,105.634,105.66,496,83,0
2025-06-09 01:00:00,105.66,105.703,105.622,105.673,1373,1,0
2025-06-09 02:00:00,105.673,105.698,105.597,105.677,1920,0,0
2025-06-09 03:00:00,105.677,105.861,105.599,105.856,4049,0,0
2025-06-09 04:00:00,105.856,105.861,105.613,105.656,3901,0,0
2025-06-09 05:00:00,105.656,105.674,105.523,105.595,3472,0,0
2025-06-09 06:00:00,105.595,105.604,105.492,105.581,2564,0,0
2025-06-09 07:00:00,105.581,105.582,105.487,105.512,2436,0,0
2025-06-09 08:00:00,105.513,105.6,105.495,105.527,2652,0,0
2025-06-09 09:00:00,105.527,105.564,105.403,105.407,3396,0,0
2025-06-09 10:00:00,105.407,105.492,105.326,105.361,4213,0,0
2025-06-09 11:00:00,105.361,105.412,105.301,105.396,4895,0,0
2025-06-09 12:00:00,105.396,105.411,105.282,105.384,4012,0,0
2025-06-09 13:00:00,105.384,105.424,105.349,105.413,3124,0,0
2025-06-09 14:00:00,105.412,105.654,105.4,105.611,4689,0,0
2025-06-09 15:00:00,105.611,105.713,105.562,105.668,5159,0,0
2025-06-09 16:00:00,105.668,105.76,105.551,105.565,6100,0,0
2025-06-09 17:00:00,105.565,105.725,105.461,105.693,6618,0,0
2025-06-09 18:00:00,105.693,105.701,105.535,105.563,5182,0,0
2025-06-09 19:00:00,105.563,105.647,105.56,105.599,2726,0,0
2025-06-09 20:00:00,105.6,105.651,105.534,105.562,2667,0,0
2025-06-09 21:00:00,105.563,105.708,105.534,105.702,2818,0,0
2025-06-09 22:00:00,105.702,105.703,105.611,105.638,2461,0,0
2025-06-09 23:00:00,105.638,105.655,105.531,105.548,1521,0,0
2025-06-10 00:00:00,105.49,105.497,105.411,105.452,722,116,0
2025-06-10 01:00:00,105.452,105.596,105.452,105.574,1191,0,0
2025-06-10 02:00:00,105.574,105.578,105.485,105.517,2017,0,0
2025-06-10 03:00:00,105.518,105.592,105.436,105.504,4487,0,0
2025-06-10 04:00:00,105.504,105.79,105.465,105.761,5484,0,0
2025-06-10 05:00:00,105.759,105.953,105.713,105.753,4605,0,0
2025-06-10 06:00:00,105.753,105.771,105.647,105.709,3244,0,0
2025-06-10 07:00:00,105.709,105.762,105.678,105.746,3196,0,0
2025-06-10 08:00:00,105.746,105.75,105.346,105.441,5800,0,0
2025-06-10 09:00:00,105.441,105.47,105.33,105.409,5879,0,0
2025-06-10 10:00:00,105.41,105.515,105.403,105.498,6253,0,0
2025-06-10 11:00:00,105.498,105.542,105.403,105.532,4871,0,0
2025-06-10 12:00:00,105.532,105.645,105.514,105.603,3804,0,0
2025-06-10 13:00:00,105.603,105.668,105.531,105.551,3861,0,0
2025-06-10 14:00:00,105.551,105.622,105.514,105.598,4125,0,0
2025-06-10 15:00:00,105.595,105.658,105.512,105.65,4475,0,0
2025-06-10 16:00:00,105.65,105.75,105.545,105.716,6558,0,0
2025-06-10 17:00:00,105.716,105.902,105.696,105.885,6074,0,0
2025-06-10 18:00:00,105.884,105.981,105.826,105.904,6253,0,0
2025-06-10 19:00:00,105.904,106.032,105.899,105.953,3208,0,0
2025-06-10 20:00:00,105.953,105.984,105.886,105.897,2741,0,0
2025-06-10 21:00:00,105.897,105.938,105.844,105.894,2795,0,0
2025-06-10 22:00:00,105.894,105.989,105.81,105.974,2773,0,0
2025-06-10 23:00:00,105.974,106.022,105.934,105.982,1968,0,0
2025-06-11 00:00:00,105.916,105.932,105.859,105.873,1204,90,0
2025-06-11 01:00:00,105.873,106.064,105.873,106.063,1311,0,0
2025-06-11 02:00:00,106.063,106.187,105.953,105.973,4217,0,0
2025-06-11 03:00:00,105.973,106.043,105.837,106.002,5446,0,0
2025-06-11 04:00:00,106.002,106.048,105.946,106.012,4432,0,0
2025-06-11 05:00:00,106.011,106.113,105.881,105.954,3583,0,0
2025-06-11 06:00:00,105.954,106.038,105.933,106.03,2422,0,0
2025-06-11 07:00:00,106.03,106.052,105.933,106.015,2864,0,0
2025-06-11 08:00:00,106.015,106.103,106.005,106.009,3683,0,0
2025-06-11 09:00:00,106.009,106.161,105.99,106.091,4034,0,0
2025-06-11 10:00:00,106.091,106.185,106.075,106.122,4684,0,0
2025-06-11 11:00:00,106.123,106.135,106.01,106.03,4178,0,0
2025-06-11 12:00:00,106.03,106.053,105.924,106.042,4478,0,0
2025-06-11 13:00:00,106.042,106.084,106.007,106.068,3684,0,0
2025-06-11 14:00:00,106.068,106.223,106.039,106.204,4148,0,0
2025-06-11 15:00:00,106.204,106.31,105.735,105.932,10245,0,0
2025-06-11 16:00:00,105.932,106.19,105.841,106.15,8576,0,0
2025-06-11 17:00:00,106.15,106.17,105.924,105.945,6801,0,0
2025-06-11 18:00:00,105.945,105.986,105.732,105.749,5421,0,0
2025-06-11 19:00:00,105.749,105.92,105.69,105.901,3752,0,0
2025-06-11 20:00:00,105.901,105.939,105.815,105.815,3278,0,0
2025-06-11 21:00:00,105.813,105.822,105.583,105.774,5236,0,0
2025-06-11 22:00:00,105.774,105.849,105.72,105.837,3799,0,0
2025-06-11 23:00:00,105.837,105.859,105.727,105.754,2441,0,0
2025-06-12 00:00:00,105.69,105.709,105.633,105.687,500,76,0
2025-06-12 01:00:00,105.687,105.725,105.552,105.586,1709,0,0
2025-06-12 02:00:00,105.586,105.6,105.499,105.516,3060,0,0
2025-06-12 03:00:00,105.517,105.63,105.375,105.429,5846,0,0
2025-06-12 04:00:00,105.429,105.456,105.2,105.37,5758,0,0
2025-06-12 05:00:00,105.37,105.426,105.285,105.32,3883,0,0
2025-06-12 06:00:00,105.32,105.397,105.307,105.364,3320,0,0
2025-06-12 07:00:00,105.365,105.475,105.356,105.42,3077,0,0
2025-06-12 08:00:00,105.42,105.446,105.271,105.326,3386,0,0
2025-06-12 09:00:00,105.324,105.444,105.274,105.307,5179,0,0
2025-06-12 10:00:00,105.307,105.48,105.29,105.292,6070,0,0
2025-06-12 11:00:00,105.292,105.331,105.212,105.31,5970,0,0
2025-06-12 12:00:00,105.31,105.357,105.225,105.299,5069,0,0
2025-06-12 13:00:00,105.296,105.359,105.251,105.288,5693,0,0
2025-06-12 14:00:00,105.288,105.457,105.204,105.332,4910,0,0
2025-06-12 15:00:00,105.332,105.47,105.134,105.232,8010,0,0
2025-06-12 16:00:00,105.232,105.359,105.182,105.331,7881,0,0
2025-06-12 17:00:00,105.331,105.629,105.329,105.617,6990,0,0
2025-06-12 18:00:00,105.617,105.732,105.473,105.505,7642,0,0
2025-06-12 19:00:00,105.505,105.625,105.503,105.554,4716,0,0
2025-06-12 20:00:00,105.554,105.611,105.48,105.552,3170,0,0
2025-06-12 21:00:00,105.552,105.583,105.497,105.522,2700,0,0
2025-06-12 22:00:00,105.522,105.563,105.487,105.541,2561,0,0
2025-06-12 23:00:00,105.541,105.561,105.47,105.503,2344,0,0
2025-06-13 00:00:00,105.461,105.483,105.342,105.387,676,65,0
2025-06-13 01:00:00,105.387,105.506,105.375,105.455,1391,0,0
2025-06-13 02:00:00,105.455,105.475,105.237,105.249,2779,0,0
2025-06-13 03:00:00,105.249,105.33,104.797,104.973,13627,0,0
2025-06-13 04:00:00,104.972,105.131,104.824,105.055,9377,0,0
2025-06-13 05:00:00,105.055,105.134,104.908,105.03,7683,0,0
2025-06-13 06:00:00,105.03,105.429,105.02,105.269,6888,0,0
2025-06-13 07:00:00,105.269,105.358,105.223,105.248,5069,0,0
2025-06-13 08:00:00,105.248,105.416,105.202,105.215,5350,0,0
2025-06-13 09:00:00,105.215,105.384,105.146,105.355,7712,0,0
2025-06-13 10:00:00,105.355,105.582,105.319,105.582,7374,0,0
2025-06-13 11:00:00,105.582,105.675,105.527,105.611,5695,0,0
2025-06-13 12:00:00,105.611,105.792,105.574,105.759,6540,0,0
2025-06-13 13:00:00,105.759,105.871,105.688,105.846,6477,0,0
2025-06-13 14:00:00,105.846,105.892,105.705,105.719,5860,0,0
2025-06-13 15:00:00,105.719,106.001,105.716,105.979,5367,0,0
2025-06-13 16:00:00,105.979,106.033,105.783,105.808,7185,0,0
2025-06-13 17:00:00,105.81,106.102,105.763,106.03,8574,0,0
2025-06-13 18:00:00,106.029,106.145,105.998,106.105,6670,0,0
2025-06-13 19:00:00,106.105,106.152,105.982,106.024,4340,0,0
2025-06-13 20:00:00,106.022,106.069,105.983,106.035,4300,0,0
2025-06-13 21:00:00,106.035,106.045,105.811,105.905,5729,0,0
2025-06-13 22:00:00,105.907,105.976,105.804,105.958,4581,0,0
2025-06-13 23:00:00,105.958,106.119,105.929,106.08,4288,0,0
2025-06-16 00:00:00,105.848,106.174,105.785,106.132,2639,87,0
2025-06-16 01:00:00,106.132,106.461,106.097,106.348,9906,1,0
2025-06-16 02:00:00,106.348,106.496,106.331,106.438,6511,1,0
2025-06-16 03:00:00,106.438,106.44,106.224,106.23,6824,1,0
2025-06-16 04:00:00,106.231,106.242,106.077,106.182,6586,1,0
2025-06-16 05:00:00,106.181,106.264,106.141,106.186,5003,1,0
2025-06-16 06:00:00,106.186,106.204,106.145,106.195,4168,1,0
2025-06-16 07:00:00,106.195,106.201,106.084,106.096,4210,1,0
2025-06-16 08:00:00,106.095,106.123,106.004,106.083,5601,1,0
2025-06-16 09:00:00,106.083,106.22,106.014,106.204,6757,1,0
2025-06-16 10:00:00,106.204,106.347,106.171,106.213,6652,1,0
2025-06-16 11:00:00,106.213,106.341,106.189,106.29,5421,1,0
2025-06-16 12:00:00,106.291,106.337,106.171,106.196,4419,1,0
2025-06-16 13:00:00,106.196,106.243,106.143,106.147,4379,1,0
2025-06-16 14:00:00,106.147,106.262,106.096,106.236,5023,1,0
2025-06-16 15:00:00,106.236,106.374,106.227,106.273,6692,1,0
2025-06-16 16:00:00,106.273,106.286,106.12,106.133,10412,1,0
2025-06-16 17:00:00,106.131,106.292,106.026,106.24,9800,1,0
2025-06-16 18:00:00,106.24,106.34,106.185,106.321,6784,1,0
2025-06-16 19:00:00,106.321,106.438,106.285,106.365,4042,1,0
2025-06-16 20:00:00,106.365,106.547,106.349,106.493,3898,1,0
2025-06-16 21:00:00,106.494,106.651,106.491,106.644,3981,1,0
2025-06-16 22:00:00,106.644,106.741,106.593,106.692,3509,1,0
2025-06-16 23:00:00,106.692,106.724,106.643,106.68,2358,1,0
2025-06-17 00:00:00,106.632,106.635,106.564,106.601,257,77,0
2025-06-17 01:00:00,106.601,106.704,106.542,106.572,2600,1,0
2025-06-17 02:00:00,106.573,106.693,106.573,106.608,3719,1,0
2025-06-17 03:00:00,106.599,106.891,106.572,106.859,7301,1,0
2025-06-17 04:00:00,106.859,106.861,106.673,106.694,5538,1,0
2025-06-17 05:00:00,106.694,106.826,106.67,106.798,4907,1,0
2025-06-17 06:00:00,106.798,106.803,106.553,106.584,4246,1,0
2025-06-17 07:00:00,106.584,106.601,106.403,106.536,4198,1,0
2025-06-17 08:00:00,106.536,106.605,106.475,106.559,4172,1,0
2025-06-17 09:00:00,106.558,106.691,106.475,106.688,6366,1,0
2025-06-17 10:00:00,106.688,106.81,106.443,106.51,7883,1,0
2025-06-17 11:00:00,106.509,106.795,106.47,106.795,6795,1,0
2025-06-17 12:00:00,106.797,106.848,106.714,106.779,6238,1,0
2025-06-17 13:00:00,106.778,106.795,106.659,106.676,4867,1,0
2025-06-17 14:00:00,106.676,106.7,106.547,106.643,5616,1,0
2025-06-17 15:00:00,106.643,106.786,106.457,106.657,8262,1,0
2025-06-17 16:00:00,106.657,106.726,106.552,106.683,8997,1,0
2025-06-17 17:00:00,106.683,106.873,106.65,106.82,9364,1,0
2025-06-17 18:00:00,106.821,106.834,106.683,106.749,6544,1,0
2025-06-17 19:00:00,106.749,106.755,106.584,106.686,5303,1,0
2025-06-17 20:00:00,106.686,106.728,106.521,106.57,6479,1,0
2025-06-17 21:00:00,106.57,106.577,106.459,106.548,5502,1,0
2025-06-17 22:00:00,106.548,106.594,106.417,106.423,4321,1,0
2025-06-17 23:00:00,106.423,106.462,106.079,106.204,5013,1,0
2025-06-18 00:00:00,106.124,106.216,106.054,106.093,1641,79,0
2025-06-18 01:00:00,106.093,106.256,106.093,106.217,1855,1,0
2025-06-18 02:00:00,106.217,106.25,106.175,106.241,2606,1,0
2025-06-18 03:00:00,106.242,106.327,106.161,106.254,7343,0,0
2025-06-18 04:00:00,106.254,106.285,106.171,106.18,6016,0,0
2025-06-18 05:00:00,106.18,106.234,106.16,106.177,4323,1,0
2025-06-18 06:00:00,106.176,106.209,106.147,106.168,3166,1,0
2025-06-18 07:00:00,106.168,106.178,106.061,106.174,3585,1,0
2025-06-18 08:00:00,106.175,106.195,106.093,106.174,4319,1,0
2025-06-18 09:00:00,106.174,106.208,106.058,106.074,6349,1,0
2025-06-18 10:00:00,106.075,106.163,106.073,106.108,6003,1,0
2025-06-18 11:00:00,106.108,106.193,106.071,106.075,5135,1,0
2025-06-18 12:00:00,106.075,106.117,106.018,106.066,4738,1,0
2025-06-18 13:00:00,106.066,106.091,105.943,105.956,5126,1,0
2025-06-18 14:00:00,105.956,106.101,105.95,106.041,4575,1,0
2025-06-18 15:00:00,106.041,106.249,106.007,106.169,6390,1,0
2025-06-18 16:00:00,106.169,106.188,105.874,106.017,8297,1,0
2025-06-18 17:00:00,106.017,106.066,105.721,105.78,10323,1,0
2025-06-18 18:00:00,105.78,105.791,105.63,105.646,6505,1,0
2025-06-18 19:00:00,105.646,105.795,105.645,105.788,4539,1,0
2025-06-18 20:00:00,105.788,105.861,105.772,105.775,3628,1,0
2025-06-18 21:00:00,105.788,105.951,105.671,105.913,12945,1,0
2025-06-18 22:00:00,105.911,106.04,105.906,105.926,9084,0,0
2025-06-18 23:00:00,105.926,106.016,105.924,105.966,3333,1,0
2025-06-19 00:00:00,105.939,105.956,105.868,105.898,598,94,0
2025-06-19 01:00:00,105.898,105.982,105.842,105.904,1846,1,0
2025-06-19 02:00:00,105.904,105.937,105.824,105.847,3469,1,0
2025-06-19 03:00:00,105.847,105.862,105.75,105.765,5290,1,0
2025-06-19 04:00:00,105.765,105.866,105.612,105.858,6324,1,0
2025-06-19 05:00:00,105.858,105.883,105.798,105.855,3634,1,0
2025-06-19 06:00:00,105.855,105.909,105.806,105.821,3787,1,0
2025-06-19 07:00:00,105.821,105.861,105.799,105.825,3602,1,0
2025-06-19 08:00:00,105.825,105.883,105.77,105.791,4167,1,0
2025-06-19 09:00:00,105.789,105.901,105.785,105.898,6024,1,0
2025-06-19 10:00:00,105.898,105.999,105.876,105.951,6002,1,0
2025-06-19 11:00:00,105.951,106.035,105.901,105.995,5707,1,0
2025-06-19 12:00:00,105.994,106.09,105.982,106.07,3821,1,0
2025-06-19 13:00:00,106.07,106.299,106.054,106.268,4613,1,0
2025-06-19 14:00:00,106.268,106.335,106.233,106.288,5018,1,0
2025-06-19 15:00:00,106.288,106.318,106.083,106.109,4845,1,0
2025-06-19 16:00:00,106.11,106.128,105.916,105.957,5584,1,0
2025-06-19 17:00:00,105.959,106.075,105.887,106.065,5961,1,0
2025-06-19 18:00:00,106.065,106.145,105.999,106.034,4273,1,0
2025-06-19 19:00:00,106.036,106.147,106.009,106.131,2148,1,0
2025-06-19 20:00:00,106.131,106.144,106.05,106.086,2357,1,0
2025-06-19 21:00:00,106.086,106.131,106.061,106.109,1718,1,0
2025-06-19 22:00:00,106.109,106.182,106.051,106.18,1900,1,0
2025-06-19 23:00:00,106.18,106.19,106.135,106.167,1937,1,0
2025-06-20 00:00:00,106.058,106.108,105.946,106.086,1356,104,0
2025-06-20 01:00:00,106.086,106.252,106.086,106.202,2272,1,0
2025-06-20 02:00:00,106.202,106.214,106.013,106.049,3604,1,0
2025-06-20 03:00:00,106.05,106.13,105.992,106.095,5543,1,0
2025-06-20 04:00:00,106.095,106.144,106.03,106.089,6035,1,0
2025-06-20 05:00:00,106.089,106.125,106.042,106.045,3828,1,0
2025-06-20 06:00:00,106.045,106.131,106.03,106.114,4006,1,0
2025-06-20 07:00:00,106.114,106.204,106.1,106.173,3480,1,0
2025-06-20 08:00:00,106.173,106.226,106.135,106.211,4386,1,0
2025-06-20 09:00:00,106.211,106.22,106.066,106.071,5087,1,0
2025-06-20 10:00:00,106.071,106.13,106.018,106.106,5220,1,0
2025-06-20 11:00:00,106.106,106.136,106.073,106.105,5182,1,0
2025-06-20 12:00:00,106.105,106.148,106.049,106.128,4192,1,0
2025-06-20 13:00:00,106.128,106.154,106.108,106.14,3426,1,0
2025-06-20 14:00:00,106.14,106.257,106.109,106.232,5150,1,0
2025-06-20 15:00:00,106.232,106.253,106.094,106.13,7800,1,0
2025-06-20 16:00:00,106.129,106.297,106.103,106.142,7683,1,0
2025-06-20 17:00:00,106.142,106.305,106.125,106.288,8567,1,0
2025-06-20 18:00:00,106.288,106.31,106.143,106.217,7121,1,0
2025-06-20 19:00:00,106.217,106.28,106.181,106.223,4490,1,0
2025-06-20 20:00:00,106.223,106.301,106.168,106.296,3903,1,0
2025-06-20 21:00:00,106.296,106.377,106.257,106.332,3234,1,0
2025-06-20 22:00:00,106.332,106.425,106.32,106.389,3391,1,0
2025-06-20 23:00:00,106.389,106.408,106.263,106.305,2679,1,0
2025-06-23 00:00:00,106.528,106.624,106.39,106.436,1821,123,0
2025-06-23 01:00:00,106.436,106.674,106.286,106.494,4627,1,0
2025-06-23 02:00:00,106.494,106.521,106.404,106.408,4258,1,0
2025-06-23 03:00:00,106.408,106.514,106.353,106.498,7485,1,0
2025-06-23 04:00:00,106.499,106.651,106.485,106.598,6984,1,0
2025-06-23 05:00:00,106.598,106.62,106.406,106.516,5040,1,0
2025-06-23 06:00:00,106.515,106.599,106.476,106.575,4604,1,0
2025-06-23 07:00:00,106.575,106.851,106.574,106.831,5043,1,0
2025-06-23 08:00:00,106.831,107.039,106.824,106.979,6189,1,0
2025-06-23 09:00:00,106.979,107.107,106.912,106.946,6724,1,0
2025-06-23 10:00:00,106.946,107.138,106.874,107.119,7607,1,0
2025-06-23 11:00:00,107.119,107.163,107.03,107.128,6995,1,0
2025-06-23 12:00:00,107.129,107.262,107.121,107.205,7936,1,0
2025-06-23 13:00:00,107.204,107.326,107.152,107.32,6169,1,0
2025-06-23 14:00:00,107.32,107.346,107.01,107.095,6895,1,0
2025-06-23 15:00:00,107.095,107.101,106.912,106.965,7988,1,0
2025-06-23 16:00:00,106.965,107.115,106.92,107.028,9482,1,0
2025-06-23 17:00:00,107.023,107.056,106.659,106.68,12462,1,0
2025-06-23 18:00:00,106.68,106.71,106.334,106.339,8741,1,0
2025-06-23 19:00:00,106.339,106.467,106.232,106.29,8854,1,0
2025-06-23 20:00:00,106.29,106.482,106.263,106.366,8597,1,0
2025-06-23 21:00:00,106.366,106.398,106.281,106.39,6290,1,0
2025-06-23 22:00:00,106.389,106.457,106.365,106.409,3492,1,0
2025-06-23 23:00:00,106.409,106.428,106.333,106.4,2944,1,0
2025-06-24 00:00:00,106.358,106.417,106.295,106.338,406,94,0
2025-06-24 01:00:00,106.338,106.43,106.168,106.29,3496,1,0
2025-06-24 02:00:00,106.29,106.344,106.171,106.281,5585,1,0
2025-06-24 03:00:00,106.281,106.281,106.048,106.063,8383,1,0
2025-06-24 04:00:00,106.063,106.163,105.997,106.113,6352,1,0
2025-06-24 05:00:00,106.113,106.133,105.957,106.038,5154,1,0
2025-06-24 06:00:00,106.038,106.05,105.91,105.995,4025,1,0
2025-06-24 07:00:00,105.995,106.045,105.948,106.004,4190,1,0
2025-06-24 08:00:00,106.003,106.068,105.905,105.921,3990,1,0
2025-06-24 09:00:00,105.921,105.927,105.774,105.905,7570,1,0
2025-06-24 10:00:00,105.905,105.926,105.706,105.905,8389,1,0
2025-06-24 11:00:00,105.905,105.913,105.674,105.782,7696,1,0
2025-06-24 12:00:00,105.782,105.861,105.647,105.724,6170,1,0
2025-06-24 13:00:00,105.724,105.78,105.673,105.76,4157,1,0
2025-06-24 14:00:00,105.76,105.809,105.667,105.707,4928,1,0
2025-06-24 15:00:00,105.707,105.83,105.662,105.788,7778,1,0
2025-06-24 16:00:00,105.788,105.938,105.693,105.748,8461,1,0
2025-06-24 17:00:00,105.747,105.747,105.518,105.665,10745,1,0
2025-06-24 18:00:00,105.665,105.699,105.583,105.672,7580,1,0
2025-06-24 19:00:00,105.672,105.69,105.519,105.564,5238,1,0
2025-06-24 20:00:00,105.564,105.595,105.464,105.571,3998,1,0
2025-06-24 21:00:00,105.571,105.58,105.41,105.43,3394,1,0
2025-06-24 22:00:00,105.431,105.491,105.419,105.482,2832,1,0
2025-06-24 23:00:00,105.481,105.588,105.477,105.573,2810,1,0
2025-06-25 00:00:00,105.555,105.58,105.424,105.464,2035,95,0
2025-06-25 01:00:00,105.464,105.615,105.448,105.585,1140,1,0
2025-06-25 02:00:00,105.585,105.612,105.499,105.593,2519,1,0
2025-06-25 03:00:00,105.593,105.677,105.503,105.578,5913,1,0
2025-06-25 04:00:00,105.578,105.578,105.403,105.415,5805,1,0
2025-06-25 05:00:00,105.415,105.503,105.365,105.488,3740,1,0
2025-06-25 06:00:00,105.488,105.603,105.482,105.594,3176,1,0
2025-06-25 07:00:00,105.594,105.604,105.498,105.548,3647,1,0
2025-06-25 08:00:00,105.546,105.711,105.546,105.653,3966,1,0
2025-06-25 09:00:00,105.653,105.841,105.622,105.804,5430,1,0
2025-06-25 10:00:00,105.806,105.907,105.773,105.855,6122,1,0
2025-06-25 11:00:00,105.856,106.024,105.807,106.012,5350,1,0
2025-06-25 12:00:00,106.012,106.097,105.988,106.068,5037,1,0
2025-06-25 13:00:00,106.068,106.135,106.008,106.116,3783,1,0
2025-06-25 14:00:00,106.116,106.176,106.084,106.145,4763,1,0
2025-06-25 15:00:00,106.145,106.176,106.054,106.165,6117,1,0
2025-06-25 16:00:00,106.166,106.234,106.039,106.187,6809,1,0
2025-06-25 17:00:00,106.189,106.194,105.972,106.1,8650,1,0
2025-06-25 18:00:00,106.101,106.12,105.854,105.883,7211,1,0
2025-06-25 19:00:00,105.882,105.943,105.85,105.878,4357,1,0
2025-06-25 20:00:00,105.878,105.916,105.823,105.892,4518,1,0
2025-06-25 21:00:00,105.891,105.901,105.724,105.74,3993,1,0
2025-06-25 22:00:00,105.74,105.876,105.74,105.864,3469,1,0
2025-06-25 23:00:00,105.864,105.894,105.81,105.817,2842,1,0
2025-06-26 00:00:00,105.751,105.79,105.675,105.764,1040,92,0
2025-06-26 01:00:00,105.764,105.862,105.754,105.85,1340,1,0
2025-06-26 02:00:00,105.85,105.853,105.666,105.696,3875,1,0
2025-06-26 03:00:00,105.694,105.739,105.51,105.518,5256,1,0
2025-06-26 04:00:00,105.518,105.647,105.495,105.567,5171,1,0
2025-06-26 05:00:00,105.567,105.659,105.537,105.571,4693,1,0
2025-06-26 06:00:00,105.571,105.646,105.524,105.606,4311,1,0
2025-06-26 07:00:00,105.606,105.664,105.519,105.549,3181,1,0
2025-06-26 08:00:00,105.549,105.627,105.416,105.458,4364,1,0
2025-06-26 09:00:00,105.458,105.478,105.236,105.301,7166,1,0
2025-06-26 10:00:00,105.302,105.302,105.062,105.15,7486,1,0
2025-06-26 11:00:00,105.149,105.208,105.035,105.18,7869,1,0
2025-06-26 12:00:00,105.18,105.299,105.126,105.267,6129,1,0
2025-06-26 13:00:00,105.267,105.423,105.244,105.417,5247,1,0
2025-06-26 14:00:00,105.417,105.541,105.378,105.517,6017,1,0
2025-06-26 15:00:00,105.517,105.628,105.37,105.568,9059,1,0
2025-06-26 16:00:00,105.568,105.797,105.543,105.753,10130,1,0
2025-06-26 17:00:00,105.753,105.971,105.751,105.912,10869,1,0
2025-06-26 18:00:00,105.912,106.007,105.845,105.906,7788,1,0
2025-06-26 19:00:00,105.906,105.944,105.786,105.868,5061,1,0
2025-06-26 20:00:00,105.868,105.895,105.811,105.845,4825,1,0
2025-06-26 21:00:00,105.845,105.877,105.821,105.841,3770,1,0
2025-06-26 22:00:00,105.841,105.917,105.804,105.898,3298,1,0
2025-06-26 23:00:00,105.899,105.921,105.847,105.856,2555,1,0
2025-06-27 00:00:00,105.783,105.819,105.692,105.733,526,80,0
2025-06-27 01:00:00,105.733,106.009,105.712,105.969,1970,2,0
2025-06-27 02:00:00,105.97,106.079,105.848,106.049,3712,2,0
2025-06-27 03:00:00,106.048,106.135,105.917,106.041,6157,1,0
2025-06-27 04:00:00,106.041,106.088,105.784,105.794,5477,1,0
2025-06-27 05:00:00,105.794,105.865,105.737,105.836,4146,1,0
2025-06-27 06:00:00,105.837,105.942,105.789,105.906,3927,1,0
2025-06-27 07:00:00,105.906,105.95,105.853,105.893,3532,1,0
2025-06-27 08:00:00,105.893,105.942,105.8,105.846,4331,1,0
2025-06-27 09:00:00,105.846,105.891,105.772,105.82,5679,1,0
2025-06-27 10:00:00,105.82,106.009,105.784,105.921,6470,1,0
2025-06-27 11:00:00,105.921,105.941,105.764,105.864,5603,1,0
2025-06-27 12:00:00,105.864,105.878,105.743,105.831,4223,1,0
2025-06-27 13:00:00,105.831,105.895,105.787,105.796,4953,1,0
2025-06-27 14:00:00,105.796,105.958,105.782,105.878,4748,1,0
2025-06-27 15:00:00,105.878,105.954,105.769,105.875,8861,1,0
2025-06-27 16:00:00,105.875,106.071,105.83,106.037,9292,1,0
2025-06-27 17:00:00,106.042,106.16,105.868,106.069,9009,1,0
2025-06-27 18:00:00,106.069,106.098,105.854,105.904,7079,1,0
2025-06-27 19:00:00,105.903,105.911,105.726,105.786,4501,1,0
2025-06-27 20:00:00,105.786,105.872,105.226,105.383,6705,1,0
2025-06-27 21:00:00,105.382,105.521,105.28,105.507,6856,2,0
2025-06-27 22:00:00,105.507,105.678,105.479,105.659,4035,2,0
2025-06-27 23:00:00,105.659,105.693,105.564,105.657,3143,2,0
2025-06-30 00:00:00,105.32,105.539,105.319,105.424,1253,98,0
2025-06-30 01:00:00,105.424,105.674,105.408,105.585,4893,1,0
2025-06-30 02:00:00,105.585,105.642,105.543,105.615,2720,1,0
2025-06-30 03:00:00,105.615,105.687,105.565,105.606,5895,1,0
2025-06-30 04:00:00,105.606,105.626,105.376,105.398,5790,1,0
2025-06-30 05:00:00,105.398,105.547,105.315,105.533,6512,1,0
2025-06-30 06:00:00,105.533,105.542,105.416,105.423,3403,1,0
2025-06-30 07:00:00,105.424,105.434,105.254,105.282,4165,1,0
2025-06-30 08:00:00,105.282,105.377,105.235,105.365,5097,1,0
2025-06-30 09:00:00,105.364,105.418,105.321,105.366,5944,1,0
2025-06-30 10:00:00,105.367,105.443,105.268,105.405,7552,1,0
2025-06-30 11:00:00,105.406,105.455,105.323,105.381,6426,1,0
2025-06-30 12:00:00,105.38,105.477,105.372,105.459,5598,1,0
2025-06-30 13:00:00,105.459,105.482,105.418,105.458,4084,1,0
2025-06-30 14:00:00,105.458,105.604,105.455,105.596,5265,1,0
2025-06-30 15:00:00,105.596,105.771,105.523,105.706,6036,1,0
2025-06-30 16:00:00,105.706,105.727,105.569,105.607,8204,1,0
2025-06-30 17:00:00,105.607,105.93,105.533,105.857,11491,1,0
2025-06-30 18:00:00,105.858,105.945,105.738,105.847,9173,1,0
2025-06-30 19:00:00,105.847,105.906,105.784,105.839,5601,1,0
2025-06-30 20:00:00,105.839,105.863,105.69,105.747,4580,1,0
2025-06-30 21:00:00,105.747,105.861,105.723,105.837,5032,1,0
2025-06-30 22:00:00,105.837,105.874,105.738,105.741,4076,1,0
2025-06-30 23:00:00,105.744,105.871,105.677,105.822,3865,1,0
2025-07-01 00:00:00,105.765,105.833,105.738,105.744,746,74,0
2025-07-01 01:00:00,105.744,105.838,105.734,105.766,1250,1,0
2025-07-01 02:00:00,105.766,105.779,105.677,105.695,2165,1,0
2025-07-01 03:00:00,105.695,105.697,105.524,105.542,5414,1,0
2025-07-01 04:00:00,105.542,105.617,105.418,105.609,5104,1,0
2025-07-01 05:00:00,105.609,105.634,105.523,105.595,3449,1,0
2025-07-01 06:00:00,105.594,105.718,105.526,105.713,3092,1,0
2025-07-01 07:00:00,105.713,105.767,105.65,105.651,3565,1,0
2025-07-01 08:00:00,105.651,105.659,105.52,105.525,3749,1,0
2025-07-01 09:00:00,105.526,105.641,105.492,105.609,5522,1,0
2025-07-01 10:00:00,105.609,105.634,105.191,105.211,6695,1,0
2025-07-01 11:00:00,105.211,105.239,105.113,105.192,7572,1,0
2025-07-01 12:00:00,105.192,105.248,105.074,105.133,6986,1,0
2025-07-01 13:00:00,105.133,105.152,105.055,105.11,5459,1,0
2025-07-01 14:00:00,105.109,105.11,104.886,104.901,5977,1,0
2025-07-01 15:00:00,104.901,105.038,104.851,104.993,7965,1,0
2025-07-01 16:00:00,104.995,105.132,104.876,104.897,8801,1,0
2025-07-01 17:00:00,104.895,105.186,104.864,105.041,12335,1,0
2025-07-01 18:00:00,105.041,105.147,105.04,105.118,8988,1,0
2025-07-01 19:00:00,105.119,105.257,105.117,105.193,5224,1,0
2025-07-01 20:00:00,105.193,105.244,105.173,105.227,3518,1,0
2025-07-01 21:00:00,105.227,105.331,105.227,105.279,2542,1,0
2025-07-01 22:00:00,105.279,105.364,105.173,105.363,4204,1,0
2025-07-01 23:00:00,105.363,105.364,105.084,105.085,2662,1,0
2025-07-02 00:00:00,105.068,105.088,105.051,105.063,292,74,0
2025-07-02 01:00:00,105.063,105.145,105.063,105.117,1034,1,0
2025-07-02 02:00:00,105.117,105.159,105.081,105.092,2532,1,0
2025-07-02 03:00:00,105.092,105.316,105.083,105.205,5844,1,0
2025-07-02 04:00:00,105.205,105.292,105.18,105.273,5063,1,0
2025-07-02 05:00:00,105.273,105.316,105.182,105.204,3632,1,0
2025-07-02 06:00:00,105.204,105.238,105.163,105.191,3273,1,0
2025-07-02 07:00:00,105.191,105.247,105.139,105.201,3038,1,0
2025-07-02 08:00:00,105.201,105.372,105.19,105.316,3870,1,0
2025-07-02 09:00:00,105.317,105.377,105.271,105.349,5079,1,0
2025-07-02 10:00:00,105.349,105.554,105.349,105.439,6610,1,0
2025-07-02 11:00:00,105.439,105.49,105.356,105.49,4870,1,0
2025-07-02 12:00:00,105.49,105.671,105.465,105.616,5504,1,0
2025-07-02 13:00:00,105.616,105.624,105.445,105.493,4737,1,0
2025-07-02 14:00:00,105.493,105.685,105.469,105.675,5018,1,0
2025-07-02 15:00:00,105.674,105.686,105.241,105.418,11801,1,0
2025-07-02 16:00:00,105.417,105.687,105.361,105.516,10907,1,0
2025-07-02 17:00:00,105.519,105.689,105.419,105.631,9357,1,0
2025-07-02 18:00:00,105.631,105.637,105.479,105.561,6464,1,0
2025-07-02 19:00:00,105.561,105.69,105.498,105.657,4844,1,0
2025-07-02 20:00:00,105.659,105.701,105.622,105.698,3747,1,0
2025-07-02 21:00:00,105.698,105.721,105.628,105.658,3248,1,0
2025-07-02 22:00:00,105.658,105.711,105.64,105.709,3332,1,0
2025-07-02 23:00:00,105.71,105.784,105.674,105.693,2132,1,0
2025-07-03 00:00:00,105.639,105.691,105.586,105.621,460,87,0
2025-07-03 01:00:00,105.621,105.728,105.599,105.702,1048,1,0
2025-07-03 02:00:00,105.702,105.703,105.599,105.619,1969,1,0
2025-07-03 03:00:00,105.619,105.723,105.596,105.718,5247,0,0
2025-07-03 04:00:00,105.718,105.779,105.628,105.686,4083,1,0
2025-07-03 05:00:00,105.686,105.776,105.663,105.724,3142,1,0
2025-07-03 06:00:00,105.724,105.837,105.72,105.813,2512,1,0
2025-07-03 07:00:00,105.812,105.814,105.747,105.782,2797,1,0
2025-07-03 08:00:00,105.782,105.827,105.721,105.779,2918,1,0
2025-07-03 09:00:00,105.779,105.844,105.735,105.755,5022,1,0
2025-07-03 10:00:00,105.755,105.871,105.703,105.836,5128,1,0
2025-07-03 11:00:00,105.836,105.883,105.793,105.883,4945,1,0
2025-07-03 12:00:00,105.883,105.897,105.806,105.842,4086,1,0
2025-07-03 13:00:00,105.841,105.878,105.783,105.868,3659,1,0
2025-07-03 14:00:00,105.868,105.938,105.855,105.862,4061,1,0
2025-07-03 15:00:00,105.862,106.659,105.693,106.491,12084,1,0
2025-07-03 16:00:00,106.491,106.662,106.446,106.578,11929,1,0
2025-07-03 17:00:00,106.583,106.87,106.577,106.821,10041,1,0
2025-07-03 18:00:00,106.821,106.927,106.741,106.907,7540,1,0
2025-07-03 19:00:00,106.907,107.029,106.887,106.96,4939,1,0
2025-07-03 20:00:00,106.96,106.992,106.925,106.947,1779,1,0
2025-07-03 21:00:00,106.947,106.982,106.906,106.97,1488,1,0
2025-07-03 22:00:00,106.97,106.971,106.717,106.793,1686,1,0
2025-07-03 23:00:00,106.793,106.822,106.661,106.661,2078,1,0
2025-07-04 00:00:00,106.68,106.68,106.605,106.636,2929,37,0
2025-07-04 01:00:00,106.636,106.716,106.63,106.653,1038,1,0
2025-07-04 02:00:00,106.653,106.696,106.592,106.603,2360,1,0
2025-07-04 03:00:00,106.603,106.661,106.505,106.542,4498,1,0
2025-07-04 04:00:00,106.542,106.628,106.49,106.612,4893,1,0
2025-07-04 05:00:00,106.612,106.636,106.505,106.525,3488,1,0
2025-07-04 06:00:00,106.525,106.535,106.405,106.441,2430,1,0
2025-07-04 07:00:00,106.441,106.455,106.314,106.361,3890,1,0
2025-07-04 08:00:00,106.361,106.39,106.344,106.362,3206,1,0
2025-07-04 09:00:00,106.362,106.395,106.263,106.318,4459,1,0
2025-07-04 10:00:00,106.317,106.409,106.213,106.239,6397,1,0
2025-07-04 11:00:00,106.239,106.244,106.159,106.205,4246,1,0
2025-07-04 12:00:00,106.205,106.254,106.162,106.191,4618,1,0
2025-07-04 13:00:00,106.191,106.222,106.161,106.187,4215,1,0
2025-07-04 14:00:00,106.187,106.256,106.161,106.25,3859,1,0
2025-07-04 15:00:00,106.25,106.279,106.156,106.162,3320,1,0
2025-07-04 16:00:00,106.162,106.233,106.16,106.201,4021,1,0
2025-07-04 17:00:00,106.201,106.238,106.151,106.192,4792,1,0
2025-07-04 18:00:00,106.193,106.248,106.176,106.241,3658,1,0
2025-07-04 19:00:00,106.241,106.249,106.177,106.192,2466,1,0
2025-07-04 20:00:00,106.192,106.204,106.107,106.129,10379,1,0
2025-07-04 21:00:00,106.129,106.231,106.123,106.212,8855,1,0
2025-07-04 22:00:00,106.212,106.287,106.171,106.243,10232,1,0
2025-07-04 23:00:00,106.243,106.268,106.107,106.148,10982,2,0
2025-07-07 00:00:00,106.11,106.201,105.988,106.182,1407,112,0
2025-07-07 01:00:00,106.182,106.321,106.106,106.207,2021,1,0
2025-07-07 02:00:00,106.207,106.279,106.183,106.216,2722,1,0
2025-07-07 03:00:00,106.216,106.23,106.04,106.082,6142,1,0
2025-07-07 04:00:00,106.082,106.201,105.951,106.164,5212,1,0
2025-07-07 05:00:00,106.164,106.339,106.144,106.319,4524,1,0
2025-07-07 06:00:00,106.319,106.329,106.225,106.295,3737,1,0
2025-07-07 07:00:00,106.295,106.356,106.234,106.342,3560,1,0
2025-07-07 08:00:00,106.342,106.394,106.289,106.336,4314,1,0
2025-07-07 09:00:00,106.336,106.432,106.277,106.286,5555,1,0
2025-07-07 10:00:00,106.286,106.312,106.216,106.25,5934,1,0
2025-07-07 11:00:00,106.25,106.302,106.13,106.221,6076,1,0
2025-07-07 12:00:00,106.22,106.376,106.182,106.357,4975,1,0
2025-07-07 13:00:00,106.357,106.469,106.349,106.435,4646,1,0
2025-07-07 14:00:00,106.435,106.56,106.403,106.552,4696,1,0
2025-07-07 15:00:00,106.552,106.687,106.538,106.681,5650,1,0
2025-07-07 16:00:00,106.68,106.882,106.66,106.844,6877,1,0
2025-07-07 17:00:00,106.844,106.93,106.797,106.873,6617,1,0
2025-07-07 18:00:00,106.872,106.909,106.844,106.897,5002,1,0
2025-07-07 19:00:00,106.897,106.996,106.709,106.884,7613,1,0
2025-07-07 20:00:00,106.884,107.031,106.798,106.827,6371,1,0
2025-07-07 21:00:00,106.827,107.014,106.816,106.997,4983,1,0
2025-07-07 22:00:00,106.997,107.007,106.853,106.878,3535,1,0
2025-07-07 23:00:00,106.878,106.923,106.737,106.752,2322,1,0
2025-07-08 00:00:00,106.724,106.759,106.69,106.693,528,63,0
2025-07-08 01:00:00,106.693,106.772,106.647,106.701,1915,1,0
2025-07-08 02:00:00,106.701,106.87,106.701,106.757,3004,1,0
2025-07-08 03:00:00,106.757,107.067,106.735,107.036,6118,1,0
2025-07-08 04:00:00,107.036,107.185,106.921,107.062,5690,1,0
2025-07-08 05:00:00,107.062,107.082,106.98,107.003,3706,1,0
2025-07-08 06:00:00,107.003,107.078,106.98,107.015,3314,1,0
2025-07-08 07:00:00,107.015,107.028,106.884,106.941,4970,1,0
2025-07-08 08:00:00,106.94,107.006,106.895,106.996,4109,1,0
2025-07-08 09:00:00,106.996,107.115,106.981,107.104,5324,1,0
2025-07-08 10:00:00,107.104,107.153,107.011,107.075,6443,1,0
2025-07-08 11:00:00,107.075,107.175,107.061,107.134,5272,1,0
2025-07-08 12:00:00,107.136,107.174,107.033,107.131,4494,1,0
2025-07-08 13:00:00,107.131,107.217,107.126,107.213,3858,1,0
2025-07-08 14:00:00,107.213,107.422,107.21,107.34,4567,1,0
2025-07-08 15:00:00,107.34,107.412,107.256,107.384,6118,1,0
2025-07-08 16:00:00,107.384,107.423,107.326,107.351,7441,1,0
2025-07-08 17:00:00,107.351,107.41,107.306,107.36,8644,1,0
2025-07-08 18:00:00,107.359,107.437,107.285,107.376,7300,1,0
2025-07-08 19:00:00,107.377,107.382,107.202,107.267,5914,1,0
2025-07-08 20:00:00,107.268,107.308,107.172,107.219,5982,1,0
2025-07-08 21:00:00,107.219,107.27,107.194,107.235,3860,1,0
2025-07-08 22:00:00,107.235,107.24,107.152,107.154,2798,1,0
2025-07-08 23:00:00,107.154,107.273,107.147,107.261,3219,1,0
2025-07-09 00:00:00,107.249,107.271,107.108,107.184,543,75,0
2025-07-09 01:00:00,107.184,107.32,107.184,107.272,716,1,0
2025-07-09 02:00:00,107.272,107.459,107.269,107.451,2747,1,0
2025-07-09 03:00:00,107.448,107.469,107.316,107.354,4439,1,0
2025-07-09 04:00:00,107.354,107.511,107.311,107.411,5186,1,0
2025-07-09 05:00:00,107.411,107.505,107.389,107.492,4410,1,0
2025-07-09 06:00:00,107.492,107.539,107.455,107.474,3729,1,0
2025-07-09 07:00:00,107.474,107.539,107.468,107.495,3821,1,0
2025-07-09 08:00:00,107.495,107.544,107.439,107.497,4448,1,0
2025-07-09 09:00:00,107.497,107.521,107.408,107.413,5254,1,0
2025-07-09 10:00:00,107.413,107.424,107.24,107.278,5614,1,0
2025-07-09 11:00:00,107.277,107.289,107.148,107.187,5113,1,0
2025-07-09 12:00:00,107.186,107.197,107.085,107.155,4151,1,0
2025-07-09 13:00:00,107.155,107.168,107.059,107.087,4127,1,0
2025-07-09 14:00:00,107.087,107.132,107.062,107.066,4232,1,0
2025-07-09 15:00:00,107.066,107.138,106.997,107.014,6939,1,0
2025-07-09 16:00:00,107.014,107.086,106.958,107.032,8380,1,0
2025-07-09 17:00:00,107.03,107.031,106.882,106.944,7732,1,0
2025-07-09 18:00:00,106.944,107.007,106.9,107.0,6068,1,0
2025-07-09 19:00:00,107.0,107.001,106.853,106.91,3284,1,0
2025-07-09 20:00:00,106.91,106.925,106.837,106.86,3354,1,0
2025-07-09 21:00:00,106.86,106.906,106.832,106.861,3568,1,0
2025-07-09 22:00:00,106.86,106.917,106.821,106.908,2398,1,0
2025-07-09 23:00:00,106.909,107.0,106.87,106.894,2964,1,0
2025-07-10 00:00:00,106.9,106.926,106.766,106.896,610,60,0
2025-07-10 01:00:00,106.896,106.917,106.848,106.881,823,1,0
2025-07-10 02:00:00,106.878,106.915,106.749,106.773,2166,1,0
2025-07-10 03:00:00,106.77,106.774,106.588,106.624,5868,1,0
2025-07-10 04:00:00,106.624,106.702,106.583,106.655,4645,1,0
2025-07-10 05:00:00,106.655,106.81,106.636,106.8,3077,1,0
2025-07-10 06:00:00,106.802,106.923,106.794,106.918,2174,1,0
2025-07-10 07:00:00,106.918,106.988,106.874,106.884,1920,1,0
2025-07-10 08:00:00,106.884,106.972,106.856,106.884,2708,1,0
2025-07-10 09:00:00,106.884,107.053,106.882,106.947,4862,1,0
2025-07-10 10:00:00,106.949,107.172,106.872,107.012,5214,1,0
2025-07-10 11:00:00,107.012,107.091,106.982,107.023,3904,1,0
2025-07-10 12:00:00,107.024,107.055,106.884,106.887,3006,1,0
2025-07-10 13:00:00,106.887,106.933,106.835,106.884,3329,1,0
2025-07-10 14:00:00,106.884,106.995,106.854,106.863,4564,1,0
2025-07-10 15:00:00,106.863,107.025,106.831,106.967,6869,1,0
2025-07-10 16:00:00,106.967,107.051,106.908,107.024,8320,1,0
2025-07-10 17:00:00,107.027,107.174,106.997,107.027,8494,1,0
2025-07-10 18:00:00,107.028,107.121,106.996,107.052,6507,1,0
2025-07-10 19:00:00,107.052,107.132,107.02,107.052,4284,1,0
2025-07-10 20:00:00,107.053,107.079,106.99,106.999,3306,1,0
2025-07-10 21:00:00,107.0,107.021,106.94,106.976,3149,1,0
2025-07-10 22:00:00,106.976,107.038,106.961,107.038,2737,1,0
2025-07-10 23:00:00,107.038,107.113,107.013,107.112,2508,1,0
2025-07-11 00:00:00,107.1,107.1,106.916,107.042,396,47,0
2025-07-11 01:00:00,107.042,107.139,107.025,107.092,930,1,0
2025-07-11 02:00:00,107.092,107.13,107.028,107.121,1722,1,0
2025-07-11 03:00:00,107.121,107.216,106.578,107.045,9998,1,0
2025-07-11 04:00:00,107.045,107.258,107.011,107.19,7403,1,0
2025-07-11 05:00:00,107.19,107.331,107.173,107.299,4197,1,0
2025-07-11 06:00:00,107.299,107.356,107.253,107.339,3453,1,0
2025-07-11 07:00:00,107.339,107.444,107.293,107.392,4231,1,0
2025-07-11 08:00:00,107.392,107.414,107.202,107.236,4548,1,0
2025-07-11 09:00:00,107.237,107.271,107.164,107.255,5373,1,0
2025-07-11 10:00:00,107.255,107.287,107.182,107.259,4990,1,0
2025-07-11 11:00:00,107.259,107.304,107.133,107.284,5778,1,0
2025-07-11 12:00:00,107.284,107.355,107.231,107.308,4623,1,0
2025-07-11 13:00:00,107.308,107.341,107.215,107.239,4358,1,0
2025-07-11 14:00:00,107.239,107.375,107.213,107.353,4414,1,0
2025-07-11 15:00:00,107.353,107.57,107.239,107.451,7359,1,0
2025-07-11 16:00:00,107.451,107.522,107.399,107.522,8435,1,0
2025-07-11 17:00:00,107.522,107.67,107.509,107.576,7738,1,0
2025-07-11 18:00:00,107.576,107.706,107.569,107.679,5539,1,0
2025-07-11 19:00:00,107.679,107.766,107.606,107.726,4008,1,0
2025-07-11 20:00:00,107.726,107.775,107.695,107.775,2491,1,0
2025-07-11 21:00:00,107.775,107.839,107.753,107.821,2949,1,0
2025-07-11 22:00:00,107.821,107.854,107.698,107.7,2752,1,0
2025-07-11 23:00:00,107.699,107.781,107.639,107.661,2578,1,0
2025-07-14 00:00:00,107.341,107.444,107.274,107.302,1467,85,0
2025-07-14 01:00:00,107.302,107.709,107.286,107.69,3882,1,0
2025-07-14 02:00:00,107.69,107.742,107.567,107.62,4086,1,0
2025-07-14 03:00:00,107.62,107.635,107.372,107.397,5528,1,0
2025-07-14 04:00:00,107.397,107.476,107.334,107.468,5607,1,0
2025-07-14 05:00:00,107.468,107.535,107.434,107.518,3087,1,0
2025-07-14 06:00:00,107.515,107.622,107.438,107.575,3504,1,0
2025-07-14 07:00:00,107.575,107.656,107.498,107.592,3945,1,0
2025-07-14 08:00:00,107.592,107.644,107.537,107.587,4141,1,0
2025-07-14 09:00:00,107.587,107.643,107.502,107.539,4577,1,0
2025-07-14 10:00:00,107.54,107.743,107.532,107.743,6134,1,0
2025-07-14 11:00:00,107.743,107.744,107.615,107.667,5434,1,0
2025-07-14 12:00:00,107.669,107.707,107.58,107.667,4395,1,0
2025-07-14 13:00:00,107.667,107.709,107.62,107.663,4022,1,0
2025-07-14 14:00:00,107.663,107.847,107.663,107.794,4172,1,0
2025-07-14 15:00:00,107.794,107.802,107.597,107.668,5011,1,0
2025-07-14 16:00:00,107.668,107.681,107.578,107.63,7161,1,0
2025-07-14 17:00:00,107.63,107.8,107.584,107.775,7227,1,0
2025-07-14 18:00:00,107.775,107.885,107.763,107.846,6348,1,0
2025-07-14 19:00:00,107.845,107.914,107.833,107.877,4749,1,0
2025-07-14 20:00:00,107.878,107.898,107.745,107.77,2669,1,0
2025-07-14 21:00:00,107.77,107.867,107.769,107.862,3154,1,0
2025-07-14 22:00:00,107.862,107.881,107.819,107.847,2009,1,0
2025-07-14 23:00:00,107.847,107.893,107.791,107.793,1857,1,0
2025-07-15 00:00:00,107.75,107.781,107.704,107.74,714,73,0
2025-07-15 01:00:00,107.74,107.854,107.706,107.828,1479,1,0
2025-07-15 02:00:00,107.828,107.891,107.823,107.824,1664,1,0
2025-07-15 03:00:00,107.824,107.866,107.72,107.728,4057,1,0
2025-07-15 04:00:00,107.728,107.912,107.724,107.883,4000,1,0
2025-07-15 05:00:00,107.883,107.91,107.747,107.759,3777,1,0
2025-07-15 06:00:00,107.759,107.826,107.714,107.809,2672,1,0
2025-07-15 07:00:00,107.809,107.835,107.773,107.794,2095,1,0
2025-07-15 08:00:00,107.794,107.811,107.757,107.778,2398,1,0
2025-07-15 09:00:00,107.778,107.861,107.777,107.804,3708,1,0
2025-07-15 10:00:00,107.804,107.938,107.8,107.932,4805,1,0
2025-07-15 11:00:00,107.932,107.959,107.887,107.913,4432,1,0
2025-07-15 12:00:00,107.912,107.918,107.828,107.896,3832,1,0
2025-07-15 13:00:00,107.896,108.002,107.875,107.98,3527,1,0
2025-07-15 14:00:00,107.98,108.098,107.969,108.061,4293,1,0
2025-07-15 15:00:00,108.061,108.284,107.835,108.157,8819,1,0
2025-07-15 16:00:00,108.154,108.515,108.152,108.469,10232,1,0
2025-07-15 17:00:00,108.469,108.607,108.461,108.477,10022,1,0
2025-07-15 18:00:00,108.477,108.585,108.442,108.474,7036,1,0
2025-07-15 19:00:00,108.474,108.537,108.459,108.491,5151,1,0
2025-07-15 20:00:00,108.491,108.609,108.451,108.583,3735,1,0
2025-07-15 21:00:00,108.583,108.593,108.491,108.527,3210,1,0
2025-07-15 22:00:00,108.527,108.585,108.465,108.478,2426,1,0
2025-07-15 23:00:00,108.478,108.509,108.448,108.46,2196,1,0
2025-07-16 00:00:00,108.426,108.5,108.406,108.446,1541,79,0
2025-07-16 01:00:00,108.446,108.55,108.446,108.53,1281,1,0
2025-07-16 02:00:00,108.53,108.557,108.43,108.471,1916,1,0
2025-07-16 03:00:00,108.471,108.682,108.413,108.647,4947,1,0
2025-07-16 04:00:00,108.648,108.684,108.484,108.529,4065,1,0
2025-07-16 05:00:00,108.529,108.594,108.503,108.534,3060,1,0
2025-07-16 06:00:00,108.534,108.662,108.522,108.63,2690,1,0
2025-07-16 07:00:00,108.63,108.744,108.572,108.586,3539,1,0
2025-07-16 08:00:00,108.586,108.611,108.509,108.54,4293,1,0
2025-07-16 09:00:00,108.54,108.576,108.393,108.429,4808,1,0
2025-07-16 10:00:00,108.43,108.586,108.401,108.555,5248,1,0
2025-07-16 11:00:00,108.558,108.577,108.442,108.486,4535,1,0
2025-07-16 12:00:00,108.488,108.519,108.335,108.377,4092,1,0
2025-07-16 13:00:00,108.377,108.395,108.336,108.385,3021,1,0
2025-07-16 14:00:00,108.385,108.404,108.315,108.368,3728,1,0
2025-07-16 15:00:00,108.368,108.425,108.215,108.347,8133,1,0
2025-07-16 16:00:00,108.347,108.406,108.247,108.259,8737,1,0
2025-07-16 17:00:00,108.259,108.283,107.934,108.05,9536,1,0
2025-07-16 18:00:00,108.05,108.142,107.23,108.046,20194,1,0
2025-07-16 19:00:00,108.053,108.229,107.989,108.148,12072,1,0
2025-07-16 20:00:00,108.148,108.152,107.75,107.818,6579,1,0
2025-07-16 21:00:00,107.818,107.984,107.793,107.977,3766,1,0
2025-07-16 22:00:00,107.977,108.071,107.959,108.047,3588,1,0
2025-07-16 23:00:00,108.046,108.107,108.021,108.075,3615,1,0
2025-07-17 00:00:00,108.007,108.007,107.861,107.94,1226,97,0
2025-07-17 01:00:00,107.94,108.106,107.917,108.049,1263,1,0
2025-07-17 02:00:00,108.049,108.182,107.99,108.125,2135,1,0
2025-07-17 03:00:00,108.125,108.328,108.114,108.322,5051,1,0
2025-07-17 04:00:00,108.322,108.383,108.202,108.261,6003,1,0
2025-07-17 05:00:00,108.261,108.303,108.192,108.236,4038,1,0
2025-07-17 06:00:00,108.236,108.39,108.221,108.323,3412,1,0
2025-07-17 07:00:00,108.323,108.353,108.234,108.242,2736,1,0
2025-07-17 08:00:00,108.242,108.294,108.22,108.283,2923,1,0
2025-07-17 09:00:00,108.283,108.405,108.246,108.317,6511,1,0
2025-07-17 10:00:00,108.317,108.324,108.179,108.229,6311,1,0
2025-07-17 11:00:00,108.229,108.27,108.136,108.136,5311,1,0
2025-07-17 12:00:00,108.137,108.245,108.073,108.214,4749,1,0
2025-07-17 13:00:00,108.213,108.237,107.993,107.996,4689,1,0
2025-07-17 14:00:00,107.996,108.114,107.947,108.111,4618,1,0
2025-07-17 15:00:00,108.111,108.29,108.028,108.107,9466,1,0
2025-07-17 16:00:00,108.107,108.161,107.942,108.073,10217,1,0
2025-07-17 17:00:00,108.072,108.117,107.941,107.961,8705,1,0
2025-07-17 18:00:00,107.961,108.102,107.953,108.055,6598,1,0
2025-07-17 19:00:00,108.057,108.13,108.005,108.09,4017,1,0
2025-07-17 20:00:00,108.09,108.131,108.057,108.108,3628,1,0
2025-07-17 21:00:00,108.108,108.197,108.106,108.183,3027,1,0
2025-07-17 22:00:00,108.183,108.203,108.076,108.125,3277,1,0
2025-07-17 23:00:00,108.125,108.143,108.05,108.06,2192,1,0
2025-07-18 00:00:00,107.986,108.049,107.956,107.974,802,80,0
2025-07-18 01:00:00,107.975,108.064,107.93,107.946,1543,1,0
2025-07-18 02:00:00,107.946,108.079,107.938,108.073,1838,1,0
2025-07-18 03:00:00,108.074,108.204,107.986,108.186,4309,1,0
2025-07-18 04:00:00,108.186,108.223,108.047,108.093,4480,1,0
2025-07-18 05:00:00,108.093,108.146,108.031,108.124,3134,1,0
2025-07-18 06:00:00,108.123,108.224,108.084,108.207,3583,1,0
2025-07-18 07:00:00,108.207,108.24,108.182,108.206,3263,1,0
2025-07-18 08:00:00,108.206,108.317,108.203,108.295,3670,1,0
2025-07-18 09:00:00,108.295,108.343,108.238,108.275,4138,1,0
2025-07-18 10:00:00,108.275,108.392,108.214,108.349,5088,1,0
2025-07-18 11:00:00,108.349,108.349,108.207,108.261,4777,1,0
2025-07-18 12:00:00,108.262,108.364,108.218,108.348,4208,1,0
2025-07-18 13:00:00,108.348,108.359,108.208,108.269,3900,1,0
2025-07-18 14:00:00,108.269,108.299,108.19,108.233,4310,1,0
2025-07-18 15:00:00,108.233,108.362,108.176,108.271,5776,1,0
2025-07-18 16:00:00,108.271,108.35,108.187,108.209,7712,1,0
2025-07-18 17:00:00,108.189,108.295,108.142,108.25,8709,1,0
2025-07-18 18:00:00,108.249,108.345,108.135,108.344,5860,1,0
2025-07-18 19:00:00,108.344,108.382,108.292,108.338,4833,1,0
2025-07-18 20:00:00,108.339,108.385,108.285,108.355,3934,1,0
2025-07-18 21:00:00,108.355,108.407,108.341,108.389,3462,1,0
2025-07-18 22:00:00,108.388,108.4,108.344,108.379,2168,1,0
2025-07-18 23:00:00,108.379,108.432,108.318,108.432,2037,1,0
2025-07-21 00:00:00,107.716,108.015,107.716,107.888,2602,89,0
2025-07-21 01:00:00,107.888,108.322,107.888,108.263,4482,1,0
2025-07-21 02:00:00,108.263,108.289,108.105,108.177,2550,1,0
2025-07-21 03:00:00,108.176,108.198,108.021,108.08,4885,1,0
2025-07-21 04:00:00,108.08,108.195,108.074,108.175,4653,1,0
2025-07-21 05:00:00,108.175,108.188,108.111,108.173,3586,1,0
2025-07-21 06:00:00,108.173,108.216,108.13,108.192,2882,1,0
2025-07-21 07:00:00,108.191,108.222,108.152,108.171,1903,1,0
2025-07-21 08:00:00,108.171,108.176,108.072,108.107,3654,1,0
2025-07-21 09:00:00,108.107,108.114,107.721,107.838,5611,1,0
2025-07-21 10:00:00,107.838,108.017,107.814,107.899,5348,1,0
2025-07-21 11:00:00,107.899,107.931,107.664,107.786,6056,1,0
2025-07-21 12:00:00,107.786,107.82,107.715,107.775,3972,1,0
2025-07-21 13:00:00,107.775,107.806,107.696,107.704,3942,1,0
2025-07-21 14:00:00,107.704,107.77,107.622,107.656,5762,1,0
2025-07-21 15:00:00,107.655,107.683,107.547,107.668,5844,1,0
2025-07-21 16:00:00,107.668,107.75,107.566,107.574,7059,1,0
2025-07-21 17:00:00,107.574,107.674,107.506,107.63,7931,1,0
2025-07-21 18:00:00,107.63,107.686,107.575,107.584,6456,1,0
2025-07-21 19:00:00,107.584,107.632,107.429,107.533,3845,1,0
2025-07-21 20:00:00,107.533,107.614,107.5,107.554,2982,1,0
2025-07-21 21:00:00,107.554,107.699,107.551,107.664,2624,1,0
2025-07-21 22:00:00,107.664,107.696,107.617,107.687,2627,1,0
2025-07-21 23:00:00,107.687,107.779,107.67,107.682,2191,1,0
2025-07-22 00:00:00,107.632,107.651,107.548,107.619,431,75,0
2025-07-22 01:00:00,107.619,107.761,107.619,107.76,821,1,0
2025-07-22 02:00:00,107.76,107.84,107.748,107.781,2027,1,0
2025-07-22 03:00:00,107.781,107.969,107.704,107.761,5063,1,0
2025-07-22 04:00:00,107.761,107.859,107.742,107.807,3522,1,0
2025-07-22 05:00:00,107.807,107.811,107.73,107.753,2723,1,0
2025-07-22 06:00:00,107.754,107.839,107.728,107.817,2326,1,0
2025-07-22 07:00:00,107.817,107.88,107.803,107.86,2547,1,0
2025-07-22 08:00:00,107.86,107.95,107.837,107.935,2942,1,0
2025-07-22 09:00:00,107.935,108.037,107.907,107.95,3456,1,0
2025-07-22 10:00:00,107.95,108.066,107.869,107.894,4399,1,0
2025-07-22 11:00:00,107.894,107.987,107.827,107.895,4426,1,0
2025-07-22 12:00:00,107.897,107.897,107.783,107.794,4434,1,0
2025-07-22 13:00:00,107.794,107.855,107.771,107.842,3244,1,0
2025-07-22 14:00:00,107.842,107.884,107.619,107.65,4725,1,0
2025-07-22 15:00:00,107.65,107.71,107.297,107.318,6881,1,0
2025-07-22 16:00:00,107.318,107.402,107.19,107.247,8647,1,0
2025-07-22 17:00:00,107.247,107.393,107.191,107.377,9473,1,0
2025-07-22 18:00:00,107.381,107.54,107.342,107.497,8054,1,0
2025-07-22 19:00:00,107.497,107.616,107.497,107.56,4629,1,0
2025-07-22 20:00:00,107.56,107.687,107.554,107.629,3964,1,0
2025-07-22 21:00:00,107.629,107.718,107.607,107.695,3178,1,0
2025-07-22 22:00:00,107.696,107.759,107.643,107.736,2515,1,0
2025-07-22 23:00:00,107.736,107.82,107.732,107.774,1911,1,0
2025-07-23 00:00:00,107.73,107.73,107.629,107.674,296,80,0
2025-07-23 01:00:00,107.674,107.889,107.674,107.834,1068,1,0
2025-07-23 02:00:00,107.834,108.002,107.548,107.874,5298,1,0
2025-07-23 03:00:00,107.874,107.921,107.534,107.72,7492,1,0
2025-07-23 04:00:00,107.72,107.901,107.68,107.816,5911,1,0
2025-07-23 05:00:00,107.816,108.233,107.69,108.027,5904,1,0
2025-07-23 06:00:00,108.028,108.1,107.95,108.034,3553,1,0
2025-07-23 07:00:00,108.034,108.126,108.031,108.053,3674,1,0
2025-07-23 08:00:00,108.053,108.171,107.989,108.134,3983,1,0
2025-07-23 09:00:00,108.134,108.179,107.821,107.985,6006,1,0
2025-07-23 10:00:00,107.985,108.034,107.865,107.993,6981,1,0
2025-07-23 11:00:00,107.993,108.129,107.946,108.07,5220,1,0
2025-07-23 12:00:00,108.07,108.075,107.839,107.868,4348,1,0
2025-07-23 13:00:00,107.868,107.89,107.717,107.771,4028,1,0
2025-07-23 14:00:00,107.771,107.775,107.624,107.681,4836,1,0
2025-07-23 15:00:00,107.681,107.783,107.634,107.634,5834,1,0
2025-07-23 16:00:00,107.634,107.821,107.574,107.637,8492,1,0
2025-07-23 17:00:00,107.637,107.638,107.393,107.542,7077,1,0
2025-07-23 18:00:00,107.541,107.715,107.432,107.689,6568,1,0
2025-07-23 19:00:00,107.689,107.727,107.523,107.648,7151,1,0
2025-07-23 20:00:00,107.648,107.708,107.567,107.639,4784,1,0
2025-07-23 21:00:00,107.639,107.705,107.591,107.703,3421,1,0
2025-07-23 22:00:00,107.702,107.801,107.679,107.782,2862,1,0
2025-07-23 23:00:00,107.782,107.786,107.69,107.728,2334,1,0
2025-07-24 00:00:00,107.674,107.759,107.572,107.609,891,92,0
2025-07-24 01:00:00,107.609,107.736,107.564,107.643,1221,1,0
2025-07-24 02:00:00,107.643,107.661,107.536,107.606,2307,1,0
2025-07-24 03:00:00,107.606,107.684,107.54,107.637,5599,1,0
2025-07-24 04:00:00,107.637,107.641,107.237,107.294,6928,1,0
2025-07-24 05:00:00,107.294,107.427,107.293,107.364,4295,1,0
2025-07-24 06:00:00,107.364,107.414,107.268,107.341,3444,1,0
2025-07-24 07:00:00,107.341,107.396,107.282,107.357,3679,1,0
2025-07-24 08:00:00,107.356,107.433,107.321,107.367,4515,1,0
2025-07-24 09:00:00,107.367,107.541,107.35,107.467,5488,1,0
2025-07-24 10:00:00,107.467,107.643,107.404,107.622,6014,1,0
2025-07-24 11:00:00,107.619,107.736,107.578,107.725,5152,1,0
2025-07-24 12:00:00,107.725,107.762,107.684,107.687,5194,1,0
2025-07-24 13:00:00,107.685,107.727,107.637,107.652,4235,1,0
2025-07-24 14:00:00,107.652,107.741,107.598,107.642,4413,1,0
2025-07-24 15:00:00,107.642,107.823,107.575,107.807,7910,1,0
2025-07-24 16:00:00,107.807,107.834,107.536,107.593,10404,1,0
2025-07-24 17:00:00,107.594,107.813,107.492,107.803,9422,1,0
2025-07-24 18:00:00,107.803,107.861,107.643,107.692,7284,1,0
2025-07-24 19:00:00,107.692,107.745,107.636,107.736,4493,1,0
2025-07-24 20:00:00,107.736,107.737,107.637,107.692,3373,1,0
2025-07-24 21:00:00,107.692,107.752,107.661,107.727,2896,1,0
2025-07-24 22:00:00,107.727,107.785,107.706,107.71,2441,1,0
2025-07-24 23:00:00,107.71,107.793,107.636,107.793,3254,1,0
2025-07-25 00:00:00,107.758,107.766,107.632,107.734,1989,75,0
2025-07-25 01:00:00,107.737,107.88,107.737,107.78,1300,1,0
2025-07-25 02:00:00,107.78,107.827,107.724,107.775,2541,1,0
2025-07-25 03:00:00,107.777,107.986,107.764,107.915,6213,1,0
2025-07-25 04:00:00,107.915,108.032,107.884,107.973,5316,1,0
2025-07-25 05:00:00,107.973,108.021,107.941,107.968,4028,1,0
2025-07-25 06:00:00,107.968,107.983,107.829,107.841,4796,1,0
2025-07-25 07:00:00,107.839,107.875,107.702,107.725,4334,1,0
2025-07-25 08:00:00,107.725,107.772,107.548,107.636,4438,1,0
2025-07-25 09:00:00,107.636,107.701,107.596,107.659,5296,1,0
2025-07-25 10:00:00,107.659,107.813,107.649,107.792,6632,1,0
2025-07-25 11:00:00,107.792,108.084,107.784,108.042,7054,1,0
2025-07-25 12:00:00,108.042,108.141,108.036,108.117,4523,1,0
2025-07-25 13:00:00,108.117,108.135,108.041,108.073,4126,1,0
2025-07-25 14:00:00,108.073,108.162,108.0,108.018,4742,1,0
2025-07-25 15:00:00,108.017,108.107,107.932,108.041,5509,1,0
2025-07-25 16:00:00,108.041,108.057,107.727,107.764,12024,1,0
2025-07-25 17:00:00,107.763,107.849,107.698,107.806,8511,1,0
2025-07-25 18:00:00,107.806,107.836,107.734,107.758,5721,1,0
2025-07-25 19:00:00,107.758,107.758,107.67,107.73,4121,1,0
2025-07-25 20:00:00,107.731,107.744,107.692,107.701,3515,1,0
2025-07-25 21:00:00,107.701,107.736,107.627,107.637,3025,1,0
2025-07-25 22:00:00,107.637,107.72,107.621,107.719,2166,1,0
2025-07-25 23:00:00,107.719,107.783,107.694,107.765,2339,1,0
2025-07-28 00:00:00,107.681,107.749,107.642,107.719,1297,87,0
2025-07-28 01:00:00,107.719,107.918,107.712,107.915,2054,1,0
2025-07-28 02:00:00,107.915,107.948,107.85,107.852,2426,1,0
2025-07-28 03:00:00,107.852,107.911,107.79,107.805,7158,1,0
2025-07-28 04:00:00,107.805,107.933,107.765,107.921,5587,1,0
2025-07-28 05:00:00,107.921,108.013,107.903,107.947,4935,1,0
2025-07-28 06:00:00,107.947,107.958,107.847,107.878,2887,1,0
2025-07-28 07:00:00,107.878,107.92,107.822,107.877,3279,1,0
2025-07-28 08:00:00,107.877,107.946,107.844,107.939,3459,1,0
2025-07-28 09:00:00,107.939,108.058,107.919,107.954,6619,1,0
2025-07-28 10:00:00,107.954,107.971,107.809,107.943,8348,1,0
2025-07-28 11:00:00,107.943,108.01,107.887,108.0,6469,1,0
2025-07-28 12:00:00,108.0,108.099,107.963,108.099,5506,1,0
2025-07-28 13:00:00,108.099,108.142,108.041,108.139,5224,1,0
2025-07-28 14:00:00,108.139,108.167,107.904,107.993,6027,1,0
2025-07-28 15:00:00,107.993,108.008,107.903,107.932,7582,1,0
2025-07-28 16:00:00,107.931,108.11,107.86,108.102,8735,1,0
2025-07-28 17:00:00,108.103,108.129,108.008,108.097,8138,1,0
2025-07-28 18:00:00,108.097,108.246,108.087,108.217,6279,1,0
2025-07-28 19:00:00,108.217,108.25,108.184,108.238,4128,1,0
2025-07-28 20:00:00,108.238,108.254,108.119,108.189,3734,1,0
2025-07-28 21:00:00,108.189,108.22,108.16,108.169,2639,1,0
2025-07-28 22:00:00,108.169,108.169,108.105,108.147,1935,1,0
2025-07-28 23:00:00,108.147,108.194,108.104,108.117,2068,1,0
2025-07-29 00:00:00,108.076,108.148,107.969,108.126,495,74,0
2025-07-29 01:00:00,108.126,108.183,108.1,108.113,943,1,0
2025-07-29 02:00:00,108.113,108.211,108.087,108.09,1882,1,0
2025-07-29 03:00:00,108.091,108.213,108.06,108.201,5941,1,0
2025-07-29 04:00:00,108.201,108.217,108.071,108.163,4897,1,0
2025-07-29 05:00:00,108.163,108.164,107.98,108.036,4004,1,0
2025-07-29 06:00:00,108.036,108.082,107.961,107.991,3004,1,0
2025-07-29 07:00:00,107.991,108.086,107.99,108.037,3518,1,0
2025-07-29 08:00:00,108.037,108.056,107.894,107.94,3667,1,0
2025-07-29 09:00:00,107.94,108.028,107.862,108.011,5932,1,0
2025-07-29 10:00:00,108.011,108.115,107.998,108.015,7132,1,0
2025-07-29 11:00:00,108.016,108.093,107.895,108.089,5642,1,0
2025-07-29 12:00:00,108.089,108.129,108.015,108.034,5119,1,0
2025-07-29 13:00:00,108.034,108.069,107.927,107.993,4508,1,0
2025-07-29 14:00:00,107.993,108.083,107.977,108.009,5056,1,0
2025-07-29 15:00:00,108.009,108.009,107.875,107.931,5628,1,0
2025-07-29 16:00:00,107.931,108.095,107.888,107.964,6133,1,0
2025-07-29 17:00:00,107.972,108.059,107.704,107.714,10085,1,0
2025-07-29 18:00:00,107.714,107.871,107.689,107.834,7692,1,0
2025-07-29 19:00:00,107.834,107.878,107.791,107.832,5252,1,0
2025-07-29 20:00:00,107.832,107.847,107.735,107.818,4599,1,0
2025-07-29 21:00:00,107.818,107.926,107.816,107.823,3102,1,0
2025-07-29 22:00:00,107.823,107.855,107.771,107.799,3031,1,0
2025-07-29 23:00:00,107.799,107.828,107.732,107.804,1860,1,0
2025-07-30 00:00:00,107.767,107.807,107.713,107.755,196,84,0
2025-07-30 01:00:00,107.755,107.844,107.755,107.799,748,1,0
2025-07-30 02:00:00,107.799,107.85,107.748,107.753,1261,1,0
2025-07-30 03:00:00,107.754,107.801,107.565,107.58,5460,1,0
2025-07-30 04:00:00,107.58,107.63,107.522,107.629,5438,1,0
2025-07-30 05:00:00,107.628,107.633,107.555,107.557,3140,1,0
2025-07-30 06:00:00,107.557,107.557,107.43,107.522,3219,1,0
2025-07-30 07:00:00,107.522,107.615,107.516,107.604,3192,1,0
2025-07-30 08:00:00,107.604,107.61,107.417,107.512,4614,1,0
2025-07-30 09:00:00,107.515,107.562,107.384,107.433,5855,1,0
2025-07-30 10:00:00,107.433,107.557,107.386,107.557,6907,1,0
2025-07-30 11:00:00,107.557,107.56,107.405,107.432,5221,1,0
2025-07-30 12:00:00,107.432,107.457,107.343,107.433,4760,1,0
2025-07-30 13:00:00,107.433,107.548,107.389,107.468,4807,1,0
2025-07-30 14:00:00,107.468,107.602,107.408,107.579,4941,1,0
2025-07-30 15:00:00,107.579,107.855,107.466,107.83,10415,1,0
2025-07-30 16:00:00,107.831,108.002,107.795,107.991,9696,1,0
2025-07-30 17:00:00,107.991,108.003,107.775,107.845,7607,1,0
2025-07-30 18:00:00,107.845,107.941,107.751,107.912,6712,1,0
2025-07-30 19:00:00,107.912,107.952,107.855,107.856,3497,1,0
2025-07-30 20:00:00,107.856,107.889,107.747,107.747,4026,1,0
2025-07-30 21:00:00,107.746,108.12,107.62,108.102,13146,1,0
2025-07-30 22:00:00,108.102,108.117,107.905,107.979,8393,1,0
2025-07-30 23:00:00,107.982,108.112,107.943,108.11,3948,1,0
2025-07-31 00:00:00,108.085,108.093,107.975,108.008,552,59,0
2025-07-31 01:00:00,108.008,108.085,107.983,107.987,1572,2,0
2025-07-31 02:00:00,107.987,108.033,107.921,107.929,2349,1,0
2025-07-31 03:00:00,107.929,108.011,107.89,107.962,5397,1,0
2025-07-31 04:00:00,107.962,107.964,107.729,107.738,5504,1,0
2025-07-31 05:00:00,107.738,107.76,107.523,107.658,5162,1,0
2025-07-31 06:00:00,107.658,107.708,107.481,107.601,5467,1,0
2025-07-31 07:00:00,107.601,107.775,107.561,107.769,5063,1,0
2025-07-31 08:00:00,107.769,107.791,107.658,107.68,4173,1,0
2025-07-31 09:00:00,107.68,107.874,107.622,107.75,7186,1,0
2025-07-31 10:00:00,107.749,108.231,107.726,108.007,8770,1,0
2025-07-31 11:00:00,108.007,108.174,107.916,108.126,7308,1,0
2025-07-31 12:00:00,108.126,108.301,108.106,108.292,5647,1,0
2025-07-31 13:00:00,108.292,108.359,108.239,108.288,4871,1,0
2025-07-31 14:00:00,108.288,108.464,108.233,108.329,6361,1,0
2025-07-31 15:00:00,108.329,108.606,108.268,108.577,8342,1,0
2025-07-31 16:00:00,108.577,108.735,108.559,108.71,8467,1,0
2025-07-31 17:00:00,108.71,108.893,108.678,108.848,9708,1,0
2025-07-31 18:00:00,108.848,108.907,108.645,108.775,8877,1,0
2025-07-31 19:00:00,108.777,108.919,108.772,108.819,5644,1,0
2025-07-31 20:00:00,108.819,108.821,108.686,108.77,5183,1,0
2025-07-31 21:00:00,108.77,108.891,108.751,108.89,5355,1,0
2025-07-31 22:00:00,108.89,108.934,108.801,108.835,4004,1,0
2025-07-31 23:00:00,108.839,108.918,108.785,108.799,3526,1,0
2025-08-01 00:00:00,108.761,108.799,108.694,108.756,385,73,0
2025-08-01 01:00:00,108.757,108.848,108.666,108.699,2547,1,0
2025-08-01 02:00:00,108.699,108.858,108.657,108.825,4024,1,0
2025-08-01 03:00:00,108.823,108.878,108.712,108.856,6738,1,0
2025-08-01 04:00:00,108.856,108.956,108.765,108.89,6530,1,0
2025-08-01 05:00:00,108.89,108.903,108.738,108.784,4854,1,0
2025-08-01 06:00:00,108.785,108.798,108.693,108.697,5241,1,0
2025-08-01 07:00:00,108.697,108.761,108.679,108.709,4494,1,0
2025-08-01 08:00:00,108.709,108.737,108.571,108.621,5248,1,0
2025-08-01 09:00:00,108.621,108.675,108.592,108.652,4913,1,0
2025-08-01 10:00:00,108.652,108.673,108.474,108.523,6268,1,0
2025-08-01 11:00:00,108.523,108.577,108.487,108.543,5364,1,0
2025-08-01 12:00:00,108.542,108.558,108.402,108.453,5022,1,0
2025-08-01 13:00:00,108.452,108.452,108.356,108.387,5834,1,0
2025-08-01 14:00:00,108.387,108.519,108.358,108.512,6035,1,0
2025-08-01 15:00:00,108.512,108.558,107.698,107.735,15097,1,0
2025-08-01 16:00:00,107.733,107.807,107.419,107.477,18659,1,0
2025-08-01 17:00:00,107.472,107.557,107.13,107.396,18820,1,0
2025-08-01 18:00:00,107.396,107.451,107.289,107.441,12689,1,0
2025-08-01 19:00:00,107.441,107.46,107.137,107.155,8258,1,0
2025-08-01 20:00:00,107.155,107.19,106.995,107.136,7654,1,0
2025-08-01 21:00:00,107.136,107.144,106.974,107.003,6680,1,0
2025-08-01 22:00:00,107.002,107.037,106.814,106.865,7863,1,0
2025-08-01 23:00:00,106.866,106.994,106.826,106.939,4763,1,0
2025-08-04 00:00:00,106.758,106.847,106.631,106.67,1213,86,0
2025-08-04 01:00:00,106.67,106.876,106.667,106.861,3644,1,0
2025-08-04 02:00:00,106.861,106.958,106.79,106.947,4462,2,0
2025-08-04 03:00:00,106.948,107.098,106.895,107.069,8836,1,0
2025-08-04 04:00:00,107.069,107.271,107.069,107.242,7808,1,0
2025-08-04 05:00:00,107.242,107.323,107.147,107.281,5270,1,0
2025-08-04 06:00:00,107.282,107.283,107.158,107.217,4528,1,0
2025-08-04 07:00:00,107.217,107.247,107.139,107.225,4047,1,0
2025-08-04 08:00:00,107.225,107.346,107.219,107.264,5029,1,0
2025-08-04 09:00:00,107.263,107.3,107.142,107.214,6891,1,0
2025-08-04 10:00:00,107.212,107.425,107.181,107.29,8543,1,0
2025-08-04 11:00:00,107.29,107.434,107.276,107.299,7701,1,0
2025-08-04 12:00:00,107.299,107.322,107.175,107.234,6581,1,0
2025-08-04 13:00:00,107.234,107.268,107.079,107.093,5870,1,0
2025-08-04 14:00:00,107.091,107.113,106.956,106.959,7884,1,0
2025-08-04 15:00:00,106.959,106.997,106.793,106.873,8174,1,0
2025-08-04 16:00:00,106.873,107.008,106.769,106.887,10106,1,0
2025-08-04 17:00:00,106.886,106.962,106.733,106.911,10925,1,0
2025-08-04 18:00:00,106.911,106.967,106.771,106.782,8475,1,0
2025-08-04 19:00:00,106.782,106.846,106.718,106.743,5398,1,0
2025-08-04 20:00:00,106.743,106.779,106.668,106.696,4920,1,0
2025-08-04 21:00:00,106.696,106.709,106.59,106.608,4691,1,0
2025-08-04 22:00:00,106.608,106.728,106.59,106.711,3790,1,0
2025-08-04 23:00:00,106.711,106.771,106.69,106.743,2904,1,0
2025-08-05 00:00:00,106.739,106.744,106.634,106.687,802,26,0
2025-08-05 01:00:00,106.687,106.728,106.64,106.668,1854,1,0
2025-08-05 02:00:00,106.669,106.683,106.535,106.614,3084,1,0
2025-08-05 03:00:00,106.614,106.789,106.525,106.719,6316,1,0
2025-08-05 04:00:00,106.718,106.792,106.684,106.743,6008,1,0
2025-08-05 05:00:00,106.743,106.835,106.727,106.78,4702,1,0
2025-08-05 06:00:00,106.78,106.799,106.716,106.755,3538,1,0
2025-08-05 07:00:00,106.755,106.787,106.639,106.691,3756,1,0
2025-08-05 08:00:00,106.691,106.752,106.656,106.731,4501,1,0
2025-08-05 09:00:00,106.732,106.896,106.672,106.889,5477,1,0
2025-08-05 10:00:00,106.89,106.964,106.797,106.949,7044,1,0
2025-08-05 11:00:00,106.949,106.949,106.87,106.898,6874,1,0
2025-08-05 12:00:00,106.897,106.952,106.848,106.944,5093,1,0
2025-08-05 13:00:00,106.944,107.02,106.912,106.94,4655,1,0
2025-08-05 14:00:00,106.94,107.013,106.921,107.002,5419,1,0
2025-08-05 15:00:00,107.002,107.087,106.935,107.024,8950,1,0
2025-08-05 16:00:00,107.024,107.216,106.954,107.123,8658,1,0
2025-08-05 17:00:00,107.123,107.167,106.884,106.959,13885,1,0
2025-08-05 18:00:00,106.959,107.071,106.892,107.034,9288,1,0
2025-08-05 19:00:00,107.034,107.113,107.005,107.091,5864,1,0
2025-08-05 20:00:00,107.09,107.17,107.06,107.142,4259,1,0
2025-08-05 21:00:00,107.142,107.162,107.086,107.088,4327,1,0
2025-08-05 22:00:00,107.088,107.178,107.086,107.176,3599,1,0
2025-08-05 23:00:00,107.175,107.178,107.064,107.142,3066,1,0
2025-08-06 00:00:00,107.158,107.165,107.04,107.094,1446,45,0
2025-08-06 01:00:00,107.094,107.169,107.094,107.141,1736,1,0
2025-08-06 02:00:00,107.141,107.215,107.125,107.125,2774,1,0
2025-08-06 03:00:00,107.125,107.174,107.079,107.146,5443,1,0
2025-08-06 04:00:00,107.146,107.236,107.14,107.223,5468,1,0
2025-08-06 05:00:00,107.223,107.27,107.127,107.136,4795,1,0
2025-08-06 06:00:00,107.136,107.144,107.004,107.049,4061,1,0
2025-08-06 07:00:00,107.048,107.089,106.993,107.001,4294,1,0
2025-08-06 08:00:00,107.001,107.125,106.996,107.06,4517,1,0
2025-08-06 09:00:00,107.06,107.184,107.026,107.182,5361,1,0
2025-08-06 10:00:00,107.182,107.263,107.182,107.209,5918,1,0
2025-08-06 11:00:00,107.209,107.371,107.187,107.355,6015,1,0
2025-08-06 12:00:00,107.355,107.406,107.302,107.374,4756,1,0
2025-08-06 13:00:00,107.374,107.392,107.268,107.295,6157,1,0
2025-08-06 14:00:00,107.295,107.338,107.198,107.246,5100,1,0
2025-08-06 15:00:00,107.246,107.298,107.206,107.255,6118,1,0
2025-08-06 16:00:00,107.255,107.277,107.095,107.098,7638,1,0
2025-08-06 17:00:00,107.1,107.221,107.082,107.177,8187,1,0
2025-08-06 18:00:00,107.177,107.357,107.129,107.175,8472,1,0
2025-08-06 19:00:00,107.175,107.225,107.142,107.213,5769,1,0
2025-08-06 20:00:00,107.213,107.263,107.152,107.172,4916,1,0
2025-08-06 21:00:00,107.172,107.205,106.989,107.026,4619,1,0
2025-08-06 22:00:00,107.026,107.118,106.994,107.109,3479,1,0
2025-08-06 23:00:00,107.109,107.425,107.095,107.238,3573,1,0
2025-08-07 00:00:00,107.2,107.294,107.17,107.208,737,74,0
2025-08-07 01:00:00,107.208,107.23,107.138,107.151,1921,1,0
2025-08-07 02:00:00,107.151,107.185,107.118,107.151,2637,1,0
2025-08-07 03:00:00,107.152,107.413,107.13,107.4,6058,1,0
2025-08-07 04:00:00,107.4,107.472,107.353,107.369,5809,1,0
2025-08-07 05:00:00,107.369,107.437,107.347,107.428,3737,1,0
2025-08-07 06:00:00,107.428,107.514,107.383,107.419,4028,1,0
2025-08-07 07:00:00,107.419,107.426,107.274,107.298,4253,1,0
2025-08-07 08:00:00,107.298,107.312,107.235,107.252,4329,1,0
2025-08-07 09:00:00,107.253,107.288,106.968,106.993,6025,1,0
2025-08-07 10:00:00,106.993,107.059,106.898,106.996,7586,1,0
2025-08-07 11:00:00,106.996,107.188,106.979,107.161,8315,1,0
2025-08-07 12:00:00,107.162,107.325,107.159,107.311,5442,1,0
2025-08-07 13:00:00,107.311,107.378,107.295,107.341,5646,1,0
2025-08-07 14:00:00,107.342,107.392,107.208,107.219,7431,1,0
2025-08-07 15:00:00,107.219,107.273,107.071,107.232,8058,1,0
2025-08-07 16:00:00,107.232,107.26,107.079,107.133,8965,1,0
2025-08-07 17:00:00,107.133,107.205,107.03,107.189,11260,1,0
2025-08-07 18:00:00,107.189,107.254,107.125,107.189,7889,1,0
2025-08-07 19:00:00,107.19,107.263,107.146,107.172,5208,1,0
2025-08-07 20:00:00,107.172,107.264,107.159,107.206,5575,1,0
2025-08-07 21:00:00,107.206,107.234,107.168,107.214,4291,1,0
2025-08-07 22:00:00,107.214,107.216,106.904,107.031,6558,1,0
2025-08-07 23:00:00,107.031,107.078,106.971,107.036,3998,1,0
2025-08-08 00:00:00,107.011,107.013,106.858,106.902,1032,76,0
2025-08-08 01:00:00,106.902,107.02,106.875,106.993,2749,1,0
2025-08-08 02:00:00,106.993,107.0,106.864,106.908,3275,1,0
2025-08-08 03:00:00,106.908,107.137,106.853,107.115,6858,1,0
2025-08-08 04:00:00,107.115,107.211,107.105,107.162,5541,1,0
2025-08-08 05:00:00,107.162,107.197,107.113,107.139,3571,1,0
2025-08-08 06:00:00,107.139,107.193,107.109,107.141,3620,1,0
2025-08-08 07:00:00,107.141,107.155,107.087,107.103,3399,1,0
2025-08-08 08:00:00,107.104,107.239,107.095,107.228,4747,1,0
2025-08-08 09:00:00,107.228,107.293,107.167,107.215,5309,1,0
2025-08-08 10:00:00,107.215,107.339,107.121,107.286,6543,1,0
2025-08-08 11:00:00,107.286,107.521,107.199,107.494,7156,1,0
2025-08-08 12:00:00,107.493,107.6,107.447,107.6,6364,1,0
2025-08-08 13:00:00,107.6,107.67,107.561,107.662,5015,1,0
2025-08-08 14:00:00,107.662,107.694,107.592,107.601,5460,1,0
2025-08-08 15:00:00,107.601,107.63,107.322,107.465,7722,1,0
2025-08-08 16:00:00,107.465,107.573,107.381,107.544,7031,1,0
2025-08-08 17:00:00,107.545,107.559,107.382,107.473,8066,1,0
2025-08-08 18:00:00,107.473,107.485,107.362,107.408,6517,1,0
2025-08-08 19:00:00,107.408,107.483,107.393,107.439,4860,1,0
2025-08-08 20:00:00,107.438,107.482,107.407,107.457,4107,1,0
2025-08-08 21:00:00,107.454,107.467,107.384,107.393,5859,1,0
2025-08-08 22:00:00,107.393,107.456,107.377,107.411,4059,1,0
2025-08-08 23:00:00,107.411,107.444,107.332,107.334,3122,1,0
2025-08-11 00:00:00,107.15,107.29,107.148,107.188,1215,89,0
2025-08-11 01:00:00,107.188,107.462,107.188,107.419,1767,1,0
2025-08-11 02:00:00,107.419,107.434,107.355,107.364,2182,1,0
2025-08-11 03:00:00,107.364,107.384,107.296,107.326,4088,1,0
2025-08-11 04:00:00,107.326,107.365,107.295,107.333,4343,1,0
2025-08-11 05:00:00,107.333,107.349,107.293,107.329,3265,1,0
2025-08-11 06:00:00,107.329,107.356,107.258,107.291,3077,1,0
2025-08-11 07:00:00,107.291,107.295,107.238,107.255,3952,1,0
2025-08-11 08:00:00,107.255,107.287,107.247,107.279,3133,1,0
2025-08-11 09:00:00,107.279,107.297,107.242,107.285,4486,1,0
2025-08-11 10:00:00,107.285,107.295,107.005,107.045,5550,1,0
2025-08-11 11:00:00,107.045,107.194,107.009,107.167,6030,1,0
2025-08-11 12:00:00,107.167,107.232,107.155,107.223,4926,1,0
2025-08-11 13:00:00,107.223,107.308,107.219,107.304,3975,1,0
2025-08-11 14:00:00,107.304,107.366,107.257,107.308,5390,1,0
2025-08-11 15:00:00,107.307,107.329,107.182,107.198,6973,1,0
2025-08-11 16:00:00,107.197,107.373,107.181,107.326,8066,1,0
2025-08-11 17:00:00,107.326,107.386,107.282,107.351,7983,1,0
2025-08-11 18:00:00,107.351,107.391,107.317,107.376,6573,1,0
2025-08-11 19:00:00,107.376,107.399,107.309,107.37,3973,1,0
2025-08-11 20:00:00,107.37,107.431,107.36,107.402,4222,1,0
2025-08-11 21:00:00,107.401,107.54,107.386,107.52,4294,1,0
2025-08-11 22:00:00,107.52,107.561,107.494,107.557,3129,1,0
2025-08-11 23:00:00,107.557,107.567,107.482,107.515,2297,1,0
2025-08-12 00:00:00,107.509,107.509,107.388,107.433,747,37,0
2025-08-12 01:00:00,107.433,107.584,107.433,107.568,1614,1,0
2025-08-12 02:00:00,107.568,107.599,107.536,107.556,1714,1,0
2025-08-12 03:00:00,107.554,107.723,107.543,107.706,5369,1,0
2025-08-12 04:00:00,107.706,107.706,107.603,107.654,4931,1,0
2025-08-12 05:00:00,107.654,107.698,107.627,107.671,3397,1,0
2025-08-12 06:00:00,107.671,107.759,107.657,107.727,3140,1,0
2025-08-12 07:00:00,107.727,107.745,107.687,107.703,4254,1,0
2025-08-12 08:00:00,107.704,107.709,107.586,107.668,6114,1,0
2025-08-12 09:00:00,107.668,107.727,107.499,107.567,6493,1,0
2025-08-12 10:00:00,107.567,107.694,107.564,107.602,6304,1,0
2025-08-12 11:00:00,107.602,107.678,107.536,107.641,5734,1,0
2025-08-12 12:00:00,107.641,107.67,107.593,107.659,5220,1,0
2025-08-12 13:00:00,107.659,107.685,107.626,107.644,3880,1,0
2025-08-12 14:00:00,107.645,107.647,107.548,107.584,4795,1,0
2025-08-12 15:00:00,107.584,107.622,107.301,107.431,12925,1,0
2025-08-12 16:00:00,107.431,107.667,107.37,107.512,15025,1,0
2025-08-12 17:00:00,107.512,107.726,107.453,107.587,11791,1,0
2025-08-12 18:00:00,107.587,107.622,107.29,107.391,10057,1,0
2025-08-12 19:00:00,107.391,107.418,107.314,107.336,6898,1,0
2025-08-12 20:00:00,107.336,107.369,107.261,107.326,5634,1,0
2025-08-12 21:00:00,107.326,107.347,107.208,107.231,4274,1,0
2025-08-12 22:00:00,107.231,107.256,107.2,107.253,3450,1,0
2025-08-12 23:00:00,107.253,107.362,107.232,107.357,2348,1,0
2025-08-13 00:00:00,107.341,107.344,107.229,107.306,696,26,0
2025-08-13 01:00:00,107.306,107.358,107.289,107.348,1733,1,0
2025-08-13 02:00:00,107.348,107.359,107.294,107.317,1984,1,0
2025-08-13 03:00:00,107.317,107.37,107.214,107.275,5300,1,0
2025-08-13 04:00:00,107.275,107.474,107.238,107.45,4647,1,0
2025-08-13 05:00:00,107.451,107.532,107.439,107.471,3887,1,0
2025-08-13 06:00:00,107.471,107.51,107.422,107.431,3910,1,0
2025-08-13 07:00:00,107.431,107.5,107.385,107.386,3935,1,0
2025-08-13 08:00:00,107.386,107.429,107.347,107.354,3497,1,0
2025-08-13 09:00:00,107.354,107.383,107.307,107.338,5389,1,0
2025-08-13 10:00:00,107.338,107.357,107.155,107.204,6457,1,0
2025-08-13 11:00:00,107.202,107.227,106.951,107.006,6754,1,0
2025-08-13 12:00:00,107.005,107.057,106.965,107.051,5388,1,0
2025-08-13 13:00:00,107.051,107.156,107.026,107.149,4628,1,0
2025-08-13 14:00:00,107.15,107.239,107.062,107.068,5906,1,0
2025-08-13 15:00:00,107.068,107.108,106.978,107.049,7273,1,0
2025-08-13 16:00:00,107.049,107.087,106.96,106.967,7987,1,0
2025-08-13 17:00:00,106.966,106.982,106.866,106.934,8931,1,0
2025-08-13 18:00:00,106.934,107.009,106.857,106.971,7536,1,0
2025-08-13 19:00:00,106.972,107.014,106.947,107.007,4418,1,0
2025-08-13 20:00:00,107.007,107.083,107.006,107.041,4144,1,0
2025-08-13 21:00:00,107.042,107.12,107.04,107.071,4009,1,0
2025-08-13 22:00:00,107.071,107.141,107.053,107.138,3260,1,0
2025-08-13 23:00:00,107.138,107.146,107.03,107.115,2703,1,0
2025-08-14 00:00:00,107.089,107.089,106.956,106.977,497,43,0
2025-08-14 01:00:00,106.977,107.084,106.971,107.081,1782,1,0
2025-08-14 02:00:00,107.081,107.084,106.979,106.987,2079,1,0
2025-08-14 03:00:00,106.987,106.989,106.633,106.686,5824,1,0
2025-08-14 04:00:00,106.686,106.69,106.486,106.574,6791,1,0
2025-08-14 05:00:00,106.575,106.693,106.563,106.64,4368,1,0
2025-08-14 06:00:00,106.64,106.667,106.489,106.496,4048,1,0
2025-08-14 07:00:00,106.496,106.504,106.379,106.41,3638,1,0
2025-08-14 08:00:00,106.411,106.506,106.401,106.438,4731,1,0
2025-08-14 09:00:00,106.438,106.477,106.27,106.39,7169,1,0
2025-08-14 10:00:00,106.391,106.411,106.273,106.411,8497,1,0
2025-08-14 11:00:00,106.411,106.44,106.332,106.351,6209,1,0
2025-08-14 12:00:00,106.351,106.46,106.32,106.447,5676,1,0
2025-08-14 13:00:00,106.447,106.475,106.336,106.381,5483,1,0
2025-08-14 14:00:00,106.382,106.409,106.29,106.291,5386,1,0
2025-08-14 15:00:00,106.292,106.607,106.246,106.529,11319,1,0
2025-08-14 16:00:00,106.529,106.794,106.512,106.74,11772,1,0
2025-08-14 17:00:00,106.74,106.969,106.739,106.957,10443,1,0
2025-08-14 18:00:00,106.958,107.121,106.949,106.984,8951,1,0
2025-08-14 19:00:00,106.984,107.091,106.982,107.036,6342,1,0
2025-08-14 20:00:00,107.036,107.075,106.991,107.075,4666,1,0
2025-08-14 21:00:00,107.075,107.11,107.041,107.067,4463,1,0
2025-08-14 22:00:00,107.067,107.077,107.001,107.002,3326,1,0
2025-08-14 23:00:00,107.002,107.003,106.918,106.942,2726,1,0
2025-08-15 00:00:00,106.937,106.968,106.886,106.92,720,33,0
2025-08-15 01:00:00,106.92,107.002,106.92,106.982,1446,1,0
2025-08-15 02:00:00,106.982,107.043,106.901,106.915,2319,1,0
2025-08-15 03:00:00,106.916,106.943,106.777,106.785,4343,1,0
2025-08-15 04:00:00,106.785,106.81,106.598,106.66,4917,1,0
2025-08-15 05:00:00,106.658,106.711,106.634,106.672,3720,1,0
2025-08-15 06:00:00,106.672,106.704,106.623,106.66,3354,1,0
2025-08-15 07:00:00,106.66,106.666,106.568,106.608,2738,1,0
2025-08-15 08:00:00,106.608,106.644,106.539,106.63,3094,1,0
2025-08-15 09:00:00,106.63,106.673,106.548,106.62,5390,1,0
2025-08-15 10:00:00,106.62,106.723,106.557,106.58,5676,1,0
2025-08-15 11:00:00,106.58,106.587,106.434,106.443,5447,1,0
2025-08-15 12:00:00,106.443,106.502,106.402,106.493,4221,1,0
2025-08-15 13:00:00,106.493,106.584,106.443,106.584,4286,1,0
2025-08-15 14:00:00,106.584,106.607,106.546,106.588,4501,1,0
2025-08-15 15:00:00,106.588,106.71,106.422,106.498,8846,1,0
2025-08-15 16:00:00,106.498,106.583,106.415,106.497,10620,1,0
2025-08-15 17:00:00,106.505,106.568,106.351,106.372,9655,1,0
2025-08-15 18:00:00,106.372,106.495,106.372,106.458,7475,1,0
2025-08-15 19:00:00,106.458,106.612,106.457,106.595,4666,1,0
2025-08-15 20:00:00,106.595,106.653,106.582,106.599,3792,1,0
2025-08-15 21:00:00,106.598,106.63,106.558,106.574,3897,1,0
2025-08-15 22:00:00,106.574,106.621,106.565,106.587,2975,1,0
2025-08-15 23:00:00,106.587,106.613,106.473,106.473,2596,1,0
2025-08-18 00:00:00,106.441,106.503,106.427,106.496,534,102,0
2025-08-18 01:00:00,106.496,106.581,106.473,106.568,2007,1,0
2025-08-18 02:00:00,106.569,106.676,106.554,106.574,2647,1,0
2025-08-18 03:00:00,106.574,106.788,106.571,106.775,5372,1,0
2025-08-18 04:00:00,106.775,106.894,106.733,106.736,4569,1,0
2025-08-18 05:00:00,106.735,106.847,106.714,106.795,3430,1,0
2025-08-18 06:00:00,106.796,106.829,106.748,106.78,3326,1,0
2025-08-18 07:00:00,106.78,106.864,106.762,106.792,3805,1,0
2025-08-18 08:00:00,106.792,106.832,106.761,106.785,3446,1,0
2025-08-18 09:00:00,106.785,106.828,106.736,106.768,5580,1,0
2025-08-18 10:00:00,106.768,106.852,106.628,106.84,6955,1,0
2025-08-18 11:00:00,106.838,106.878,106.759,106.82,6512,1,0
2025-08-18 12:00:00,106.82,106.883,106.777,106.837,5300,1,0
2025-08-18 13:00:00,106.837,106.904,106.822,106.871,4194,1,0
2025-08-18 14:00:00,106.871,106.975,106.83,106.974,4890,1,0
2025-08-18 15:00:00,106.974,107.18,106.963,107.119,6334,1,0
2025-08-18 16:00:00,107.119,107.193,107.048,107.051,7059,1,0
2025-08-18 17:00:00,107.051,107.072,106.903,107.021,7829,1,0
2025-08-18 18:00:00,107.021,107.036,106.89,106.952,6367,1,0
2025-08-18 19:00:00,106.954,107.007,106.939,107.001,4379,1,0
2025-08-18 20:00:00,107.001,107.039,106.939,107.021,3879,1,0
2025-08-18 21:00:00,107.021,107.069,106.985,107.056,3456,1,0
2025-08-18 22:00:00,107.056,107.136,107.04,107.078,2598,1,0
2025-08-18 23:00:00,107.077,107.157,107.061,107.11,2225,1,0
2025-08-19 00:00:00,107.131,107.131,106.961,107.065,639,36,0
2025-08-19 01:00:00,107.065,107.17,107.056,107.156,1500,1,0
2025-08-19 02:00:00,107.156,107.208,107.155,107.173,2163,1,0
2025-08-19 03:00:00,107.173,107.203,107.014,107.016,4561,1,0
2025-08-19 04:00:00,107.016,107.205,106.875,106.965,6360,1,0
2025-08-19 05:00:00,106.965,107.044,106.925,107.036,4471,1,0
2025-08-19 06:00:00,107.035,107.084,106.993,107.038,3948,1,0
2025-08-19 07:00:00,107.038,107.067,106.99,107.003,3723,1,0
2025-08-19 08:00:00,107.003,107.023,106.898,106.898,3909,1,0
2025-08-19 09:00:00,106.895,106.958,106.877,106.93,4886,1,0
2025-08-19 10:00:00,106.929,106.966,106.892,106.912,6071,1,0
2025-08-19 11:00:00,106.912,106.939,106.829,106.859,5428,1,0
2025-08-19 12:00:00,106.859,106.956,106.84,106.93,4795,1,0
2025-08-19 13:00:00,106.93,106.955,106.862,106.953,4247,1,0
2025-08-19 14:00:00,106.951,107.044,106.923,106.971,4810,1,0
2025-08-19 15:00:00,106.97,107.021,106.785,106.832,7395,1,0
2025-08-19 16:00:00,106.832,106.876,106.67,106.677,8020,1,0
2025-08-19 17:00:00,106.677,106.732,106.594,106.629,7744,1,0
2025-08-19 18:00:00,106.629,106.676,106.565,106.588,7232,1,0
2025-08-19 19:00:00,106.588,106.593,106.484,106.498,5078,1,0
2025-08-19 20:00:00,106.498,106.509,106.383,106.43,4292,1,0
2025-08-19 21:00:00,106.43,106.46,106.388,106.4,4182,1,0
2025-08-19 22:00:00,106.4,106.445,106.347,106.441,3340,1,0
2025-08-19 23:00:00,106.441,106.523,106.44,106.475,2528,1,0
2025-08-20 00:00:00,106.474,106.474,106.366,106.366,3523,24,0
2025-08-20 01:00:00,106.366,106.475,106.366,106.469,1732,1,0
2025-08-20 02:00:00,106.469,106.557,106.46,106.545,2834,1,0
2025-08-20 03:00:00,106.545,106.575,106.344,106.405,4951,1,0
2025-08-20 04:00:00,106.405,106.46,106.275,106.304,5320,1,0
2025-08-20 05:00:00,106.305,106.359,106.25,106.332,5204,1,0
2025-08-20 06:00:00,106.332,106.363,106.283,106.335,4091,1,0
2025-08-20 07:00:00,106.335,106.422,106.311,106.406,3259,1,0
2025-08-20 08:00:00,106.406,106.407,106.261,106.312,3302,1,0
2025-08-20 09:00:00,106.313,106.317,106.076,106.253,6230,1,0
2025-08-20 10:00:00,106.253,106.449,106.223,106.429,6715,1,0
2025-08-20 11:00:00,106.429,106.449,106.287,106.339,5346,1,0
2025-08-20 12:00:00,106.339,106.346,106.243,106.286,3728,1,0
2025-08-20 13:00:00,106.286,106.313,106.234,106.266,3710,1,0
2025-08-20 14:00:00,106.266,106.37,106.238,106.359,3729,1,0
2025-08-20 15:00:00,106.357,106.402,106.261,106.28,6922,1,0
2025-08-20 16:00:00,106.28,106.348,106.041,106.111,8149,1,0
2025-08-20 17:00:00,106.11,106.219,105.943,106.069,10591,1,0
2025-08-20 18:00:00,106.069,106.184,106.026,106.089,7272,1,0
2025-08-20 19:00:00,106.089,106.151,106.061,106.083,4504,1,0
2025-08-20 20:00:00,106.08,106.108,106.014,106.047,3557,1,0
2025-08-20 21:00:00,106.039,106.223,106.02,106.169,4729,1,0
2025-08-20 22:00:00,106.17,106.23,106.161,106.184,3499,1,0
2025-08-20 23:00:00,106.184,106.284,106.144,106.17,2568,1,0
2025-08-21 00:00:00,106.172,106.194,106.116,106.152,517,42,0
2025-08-21 01:00:00,106.152,106.251,106.152,106.227,1394,1,0
2025-08-21 02:00:00,106.224,106.269,106.18,106.184,2689,1,0
2025-08-21 03:00:00,106.183,106.289,106.148,106.212,5932,1,0
2025-08-21 04:00:00,106.212,106.291,106.168,106.254,5491,1,0
2025-08-21 05:00:00,106.252,106.278,106.143,106.166,3937,1,0
2025-08-21 06:00:00,106.166,106.235,106.134,106.22,2991,1,0
2025-08-21 07:00:00,106.22,106.227,106.172,106.203,2510,1,0
2025-08-21 08:00:00,106.203,106.312,106.194,106.264,3390,1,0
2025-08-21 09:00:00,106.264,106.348,106.195,106.337,5637,1,0
2025-08-21 10:00:00,106.337,106.361,106.299,106.352,6279,1,0
2025-08-21 11:00:00,106.352,106.387,106.305,106.359,5053,1,0
2025-08-21 12:00:00,106.358,106.455,106.301,106.41,4873,1,0
2025-08-21 13:00:00,106.41,106.555,106.406,106.516,4475,1,0
2025-08-21 14:00:00,106.516,106.556,106.498,106.54,5385,1,0
2025-08-21 15:00:00,106.538,106.538,106.3,106.353,7856,1,0
2025-08-21 16:00:00,106.353,106.434,106.224,106.345,9915,1,0
2025-08-21 17:00:00,106.35,106.645,106.328,106.623,9756,1,0
2025-08-21 18:00:00,106.623,106.757,106.604,106.732,9407,1,0
2025-08-21 19:00:00,106.732,106.747,106.673,106.716,5175,1,0
2025-08-21 20:00:00,106.715,106.75,106.631,106.726,4749,1,0
2025-08-21 21:00:00,106.726,106.759,106.694,106.746,3546,1,0
2025-08-21 22:00:00,106.746,106.776,106.72,106.729,2856,1,0
2025-08-21 23:00:00,106.729,106.734,106.642,106.678,2088,1,0
2025-08-22 00:00:00,106.661,106.661,106.501,106.624,684,27,0
2025-08-22 01:00:00,106.624,106.706,106.624,106.679,1316,1,0
2025-08-22 02:00:00,106.679,106.765,106.656,106.745,2453,1,0
2025-08-22 03:00:00,106.745,106.818,106.661,106.763,5249,1,0
2025-08-22 04:00:00,106.763,106.871,106.708,106.78,4256,1,0
2025-08-22 05:00:00,106.78,106.788,106.74,106.746,3208,1,0
2025-08-22 06:00:00,106.746,106.893,106.736,106.861,3311,1,0
2025-08-22 07:00:00,106.861,106.912,106.839,106.9,2929,1,0
2025-08-22 08:00:00,106.901,106.922,106.806,106.845,3525,1,0
2025-08-22 09:00:00,106.852,106.863,106.672,106.733,4760,1,0
2025-08-22 10:00:00,106.733,106.827,106.669,106.822,4760,1,0
2025-08-22 11:00:00,106.822,106.892,106.776,106.875,4512,1,0
2025-08-22 12:00:00,106.875,106.893,106.826,106.882,4016,1,0
2025-08-22 13:00:00,106.882,106.896,106.791,106.806,3298,1,0
2025-08-22 14:00:00,106.805,106.919,106.804,106.904,4705,1,0
2025-08-22 15:00:00,106.904,106.906,106.779,106.857,5863,1,0
2025-08-22 16:00:00,106.857,106.866,106.683,106.754,6792,1,0
2025-08-22 17:00:00,106.748,106.748,105.984,106.154,19020,1,0
2025-08-22 18:00:00,106.154,106.174,105.974,106.048,11312,1,0
2025-08-22 19:00:00,106.048,106.108,106.004,106.067,6887,1,0
2025-08-22 20:00:00,106.066,106.133,106.049,106.123,5562,1,0
2025-08-22 21:00:00,106.123,106.257,106.107,106.237,4718,1,0
2025-08-22 22:00:00,106.237,106.298,106.207,106.274,3653,1,0
2025-08-22 23:00:00,106.272,106.313,106.221,106.221,2091,1,0
2025-08-25 00:00:00,106.164,106.193,106.086,106.164,1260,94,0
2025-08-25 01:00:00,106.163,106.371,106.155,106.36,2550,1,0
2025-08-25 02:00:00,106.36,106.51,106.339,106.492,2877,1,0
2025-08-25 03:00:00,106.492,106.616,106.453,106.532,5712,1,0
2025-08-25 04:00:00,106.532,106.555,106.453,106.487,4411,1,0
2025-08-25 05:00:00,106.487,106.589,106.48,106.542,3039,1,0
2025-08-25 06:00:00,106.542,106.545,106.48,106.515,2768,1,0
2025-08-25 07:00:00,106.515,106.53,106.417,106.427,2694,1,0
2025-08-25 08:00:00,106.427,106.523,106.425,106.459,2716,1,0
2025-08-25 09:00:00,106.458,106.51,106.404,106.451,4613,1,0
2025-08-25 10:00:00,106.451,106.525,106.396,106.492,4473,1,0
2025-08-25 11:00:00,106.492,106.557,106.469,106.521,3746,1,0
2025-08-25 12:00:00,106.521,106.554,106.476,106.534,2958,1,0
2025-08-25 13:00:00,106.534,106.593,106.51,106.572,3726,1,0
2025-08-25 14:00:00,106.572,106.603,106.537,106.574,3805,1,0
2025-08-25 15:00:00,106.574,106.685,106.567,106.627,4642,1,0
2025-08-25 16:00:00,106.627,106.739,106.571,106.58,6512,1,0
2025-08-25 17:00:00,106.58,106.699,106.539,106.692,7290,1,0
2025-08-25 18:00:00,106.692,106.758,106.597,106.733,6499,1,0
2025-08-25 19:00:00,106.734,106.737,106.623,106.651,4822,1,0
2025-08-25 20:00:00,106.652,106.677,106.603,106.607,4075,1,0
2025-08-25 21:00:00,106.606,106.713,106.599,106.705,4967,1,0
2025-08-25 22:00:00,106.704,106.746,106.637,106.637,4607,1,0
2025-08-25 23:00:00,106.637,106.68,106.561,106.598,3243,1,0
2025-08-26 00:00:00,106.594,106.642,106.478,106.522,1495,74,0
2025-08-26 01:00:00,106.52,106.664,106.508,106.622,1592,1,0
2025-08-26 02:00:00,106.622,106.684,106.602,106.661,2030,1,0
2025-08-26 03:00:00,106.659,106.684,106.193,106.26,12178,1,0
2025-08-26 04:00:00,106.26,106.388,106.256,106.324,5925,1,0
2025-08-26 05:00:00,106.324,106.581,106.323,106.521,5060,1,0
2025-08-26 06:00:00,106.521,106.662,106.509,106.652,4320,1,0
2025-08-26 07:00:00,106.652,106.671,106.611,106.662,3661,1,0
2025-08-26 08:00:00,106.662,106.743,106.613,106.644,4251,1,0
2025-08-26 09:00:00,106.645,106.715,106.566,106.64,6498,1,0
2025-08-26 10:00:00,106.64,106.714,106.557,106.599,8568,1,0
2025-08-26 11:00:00,106.599,106.6,106.421,106.493,6933,1,0
2025-08-26 12:00:00,106.493,106.583,106.49,106.549,5673,1,0
2025-08-26 13:00:00,106.549,106.617,106.497,106.558,5203,1,0
2025-08-26 14:00:00,106.558,106.599,106.478,106.52,5294,1,0
2025-08-26 15:00:00,106.518,106.571,106.416,106.565,6687,1,0
2025-08-26 16:00:00,106.563,106.652,106.53,106.553,7736,1,0
2025-08-26 17:00:00,106.549,106.706,106.549,106.682,8577,1,0
2025-08-26 18:00:00,106.683,106.69,106.532,106.564,6542,1,0
2025-08-26 19:00:00,106.564,106.564,106.385,106.521,5381,1,0
2025-08-26 20:00:00,106.52,106.53,106.461,106.507,3668,1,0
2025-08-26 21:00:00,106.506,106.609,106.498,106.533,3798,1,0
2025-08-26 22:00:00,106.532,106.579,106.483,106.571,3296,1,0
2025-08-26 23:00:00,106.571,106.631,106.52,106.525,2116,1,0
2025-08-27 00:00:00,106.469,106.5,106.388,106.468,1491,51,0
2025-08-27 01:00:00,106.468,106.603,106.433,106.578,1319,1,0
2025-08-27 02:00:00,106.578,106.622,106.527,106.599,1859,1,0
2025-08-27 03:00:00,106.599,106.696,106.561,106.689,4473,1,0
2025-08-27 04:00:00,106.69,106.75,106.654,106.72,5098,1,0
2025-08-27 05:00:00,106.72,106.765,106.716,106.753,3310,1,0
2025-08-27 06:00:00,106.753,106.836,106.746,106.816,2931,1,0
2025-08-27 07:00:00,106.816,106.884,106.813,106.876,3282,1,0
2025-08-27 08:00:00,106.877,106.891,106.794,106.8,3840,1,0
2025-08-27 09:00:00,106.803,106.825,106.717,106.749,4429,1,0
2025-08-27 10:00:00,106.748,106.769,106.704,106.714,5336,1,0
2025-08-27 11:00:00,106.714,106.821,106.703,106.812,5703,1,0
2025-08-27 12:00:00,106.813,106.856,106.752,106.855,4561,1,0
2025-08-27 13:00:00,106.855,106.949,106.835,106.929,4389,1,0
2025-08-27 14:00:00,106.93,106.994,106.909,106.948,4741,1,0
2025-08-27 15:00:00,106.948,106.962,106.836,106.909,6552,1,0
2025-08-27 16:00:00,106.909,106.955,106.796,106.903,7662,1,0
2025-08-27 17:00:00,106.906,106.965,106.772,106.905,7713,1,0
2025-08-27 18:00:00,106.906,106.91,106.807,106.869,6804,1,0
2025-08-27 19:00:00,106.869,106.915,106.764,106.802,5423,1,0
2025-08-27 20:00:00,106.802,106.937,106.775,106.901,5040,1,0
2025-08-27 21:00:00,106.901,106.952,106.841,106.853,4097,1,0
2025-08-27 22:00:00,106.853,106.976,106.853,106.962,3183,1,0
2025-08-27 23:00:00,106.962,107.008,106.875,106.878,3190,1,0
2025-08-28 00:00:00,106.842,106.897,106.778,106.859,1085,73,0
2025-08-28 01:00:00,106.859,106.935,106.814,106.87,2077,1,0
2025-08-28 02:00:00,106.87,106.934,106.831,106.931,2867,1,0
2025-08-28 03:00:00,106.931,107.035,106.887,106.892,4991,1,0
2025-08-28 04:00:00,106.892,107.001,106.841,106.939,4701,1,0
2025-08-28 05:00:00,106.938,106.973,106.89,106.925,4151,1,0
2025-08-28 06:00:00,106.925,106.958,106.777,106.785,3277,1,0
2025-08-28 07:00:00,106.785,106.858,106.77,106.802,3106,1,0
2025-08-28 08:00:00,106.801,106.831,106.703,106.764,3241,1,0
2025-08-28 09:00:00,106.767,106.913,106.695,106.894,5724,1,0
2025-08-28 10:00:00,106.894,106.941,106.827,106.827,6219,1,0
2025-08-28 11:00:00,106.828,106.929,106.796,106.862,5957,1,0
2025-08-28 12:00:00,106.861,106.888,106.814,106.863,4783,1,0
2025-08-28 13:00:00,106.863,106.885,106.764,106.783,5606,1,0
2025-08-28 14:00:00,106.783,106.793,106.686,106.764,5379,1,0
2025-08-28 15:00:00,106.761,106.944,106.743,106.92,9136,1,0
2025-08-28 16:00:00,106.92,106.959,106.726,106.877,10274,1,0
2025-08-28 17:00:00,106.879,106.885,106.745,106.789,9235,1,0
2025-08-28 18:00:00,106.789,106.925,106.787,106.91,6847,1,0
2025-08-28 19:00:00,106.91,106.912,106.817,106.836,4506,1,0
2025-08-28 20:00:00,106.836,106.839,106.717,106.818,4426,1,0
2025-08-28 21:00:00,106.818,106.914,106.818,106.826,3107,1,0
2025-08-28 22:00:00,106.826,106.869,106.811,106.839,2938,1,0
2025-08-28 23:00:00,106.839,106.924,106.837,106.877,2313,1,0
2025-08-29 00:00:00,106.874,106.874,106.694,106.794,1215,27,0
2025-08-29 01:00:00,106.786,106.95,106.786,106.921,2508,1,0
2025-08-29 02:00:00,106.921,106.923,106.756,106.769,2504,1,0
2025-08-29 03:00:00,106.769,106.896,106.754,106.809,5187,0,0
2025-08-29 04:00:00,106.809,106.956,106.791,106.907,5888,1,0
2025-08-29 05:00:00,106.907,106.908,106.773,106.797,4143,0,0
2025-08-29 06:00:00,106.798,106.872,106.792,106.866,2896,1,0
2025-08-29 07:00:00,106.866,106.9,106.815,106.818,3179,1,0
2025-08-29 08:00:00,106.817,106.902,106.813,106.892,3104,1,0
2025-08-29 09:00:00,106.892,106.997,106.867,106.985,4607,1,0
2025-08-29 10:00:00,106.985,107.03,106.906,106.98,5517,1,0
2025-08-29 11:00:00,106.98,106.995,106.867,106.946,5305,1,0
2025-08-29 12:00:00,106.946,106.957,106.887,106.932,4819,1,0
2025-08-29 13:00:00,106.932,107.075,106.923,107.05,4275,1,0
2025-08-29 14:00:00,107.05,107.097,107.039,107.078,4448,0,0
2025-08-29 15:00:00,107.079,107.121,106.849,106.982,8106,0,0
2025-08-29 16:00:00,106.982,107.002,106.873,106.875,8396,1,0
2025-08-29 17:00:00,106.859,107.044,106.844,106.94,11161,1,0
2025-08-29 18:00:00,106.939,107.014,106.871,107.007,8138,1,0
2025-08-29 19:00:00,107.005,107.03,106.954,106.988,4764,1,0
2025-08-29 20:00:00,106.988,107.042,106.942,107.024,3329,1,0
2025-08-29 21:00:00,107.025,107.094,107.007,107.092,2849,1,0
2025-08-29 22:00:00,107.091,107.105,106.99,107.006,3064,1,0
2025-08-29 23:00:00,107.006,107.051,106.947,107.004,2501,1,0
2025-09-01 00:00:00,106.934,106.958,106.854,106.946,744,112,0
2025-09-01 01:00:00,106.946,107.098,106.928,107.08,1544,1,0
2025-09-01 02:00:00,107.076,107.131,107.059,107.084,2287,1,0
2025-09-01 03:00:00,107.086,107.21,107.085,107.191,3971,1,0
2025-09-01 04:00:00,107.191,107.239,107.151,107.2,4613,1,0
2025-09-01 05:00:00,107.203,107.218,106.935,106.964,4939,1,0
2025-09-01 06:00:00,106.963,107.013,106.919,106.944,3688,1,0
2025-09-01 07:00:00,106.946,107.049,106.937,107.039,2752,1,0
2025-09-01 08:00:00,107.037,107.05,106.939,106.948,2935,1,0
2025-09-01 09:00:00,106.949,106.95,106.811,106.883,5303,1,0
2025-09-01 10:00:00,106.883,107.045,106.851,106.985,5833,1,0
2025-09-01 11:00:00,106.984,107.063,106.952,106.987,5171,1,0
2025-09-01 12:00:00,106.986,107.084,106.956,107.073,4754,1,0
2025-09-01 13:00:00,107.073,107.122,107.06,107.092,3665,1,0
2025-09-01 14:00:00,107.091,107.117,107.06,107.092,4261,1,0
2025-09-01 15:00:00,107.092,107.108,107.033,107.04,4617,1,0
2025-09-01 16:00:00,107.039,107.128,107.034,107.111,5047,1,0
2025-09-01 17:00:00,107.111,107.148,107.101,107.139,4918,1,0
2025-09-01 18:00:00,107.139,107.141,107.015,107.055,4039,1,0
2025-09-01 19:00:00,107.055,107.063,107.007,107.047,2280,1,0
2025-09-01 20:00:00,107.048,107.052,107.022,107.032,1475,1,0
2025-09-01 21:00:00,107.032,107.059,107.025,107.057,1184,1,0
2025-09-01 22:00:00,107.057,107.059,107.023,107.043,1598,1,0
2025-09-01 23:00:00,107.043,107.048,107.008,107.029,1412,1,0
2025-09-02 00:00:00,107.01,107.024,106.922,106.998,1486,45,0
2025-09-02 01:00:00,106.998,107.042,106.978,107.025,1229,1,0
2025-09-02 02:00:00,107.025,107.03,106.954,106.993,2269,1,0
2025-09-02 03:00:00,106.993,107.195,106.984,107.151,5565,1,0
2025-09-02 04:00:00,107.151,107.341,107.081,107.309,6024,1,0
2025-09-02 05:00:00,107.31,107.392,107.294,107.365,4813,1,0
2025-09-02 06:00:00,107.365,107.415,107.302,107.39,3242,1,0
2025-09-02 07:00:00,107.39,107.471,107.358,107.38,3561,1,0
2025-09-02 08:00:00,107.38,107.542,107.37,107.535,4372,1,0
2025-09-02 09:00:00,107.535,107.68,107.533,107.64,5223,1,0
2025-09-02 10:00:00,107.639,107.957,107.628,107.901,11028,1,0
2025-09-02 11:00:00,107.9,107.961,107.658,107.807,8995,1,0
2025-09-02 12:00:00,107.807,107.899,107.778,107.851,7433,1,0
2025-09-02 13:00:00,107.852,107.936,107.842,107.89,6898,1,0
2025-09-02 14:00:00,107.89,107.943,107.742,107.791,7147,1,0
2025-09-02 15:00:00,107.79,107.918,107.733,107.778,10402,1,0
2025-09-02 16:00:00,107.779,107.792,107.563,107.631,10566,1,0
2025-09-02 17:00:00,107.63,107.63,107.288,107.353,12155,1,0
2025-09-02 18:00:00,107.355,107.572,107.352,107.534,8651,1,0
2025-09-02 19:00:00,107.533,107.684,107.506,107.673,5035,1,0
2025-09-02 20:00:00,107.674,107.725,107.598,107.689,4085,1,0
2025-09-02 21:00:00,107.689,107.704,107.615,107.703,4317,1,0
2025-09-02 22:00:00,107.704,107.709,107.606,107.624,3746,1,0
2025-09-02 23:00:00,107.619,107.723,107.602,107.619,2554,1,0
2025-09-03 00:00:00,107.638,107.638,107.559,107.613,912,35,0
2025-09-03 01:00:00,107.613,107.784,107.613,107.738,1672,1,0
2025-09-03 02:00:00,107.734,107.796,107.701,107.793,2334,1,0
2025-09-03 03:00:00,107.792,107.879,107.716,107.874,4961,1,0
2025-09-03 04:00:00,107.873,107.994,107.86,107.976,4898,1,0
2025-09-03 05:00:00,107.979,107.986,107.886,107.932,4159,1,0
2025-09-03 06:00:00,107.934,107.97,107.918,107.945,3224,1,0
2025-09-03 07:00:00,107.946,107.954,107.707,107.739,3669,1,0
2025-09-03 08:00:00,107.739,107.776,107.657,107.703,3543,1,0
2025-09-03 09:00:00,107.705,107.76,107.672,107.722,5878,1,0
2025-09-03 10:00:00,107.721,108.032,107.721,107.802,8155,1,0
2025-09-03 11:00:00,107.802,107.829,107.649,107.668,6724,1,0
2025-09-03 12:00:00,107.667,107.763,107.593,107.672,6237,1,0
2025-09-03 13:00:00,107.672,107.759,107.627,107.756,5140,1,0
2025-09-03 14:00:00,107.755,107.781,107.689,107.712,5744,1,0
2025-09-03 15:00:00,107.712,107.799,107.663,107.785,6829,1,0
2025-09-03 16:00:00,107.783,107.832,107.671,107.677,9285,1,0
2025-09-03 17:00:00,107.688,107.688,107.387,107.45,11386,1,0
2025-09-03 18:00:00,107.45,107.486,107.307,107.321,7871,1,0
2025-09-03 19:00:00,107.321,107.359,107.273,107.309,4495,1,0
2025-09-03 20:00:00,107.309,107.315,107.233,107.302,3964,1,0
2025-09-03 21:00:00,107.303,107.337,107.223,107.252,4320,1,0
2025-09-03 22:00:00,107.252,107.368,107.243,107.357,3518,1,0
2025-09-03 23:00:00,107.356,107.428,107.343,107.381,2477,1,0
2025-09-04 00:00:00,107.339,107.351,107.314,107.316,738,62,0
2025-09-04 01:00:00,107.316,107.4,107.316,107.344,1302,1,0
2025-09-04 02:00:00,107.345,107.357,107.278,107.298,2382,1,0
2025-09-04 03:00:00,107.298,107.401,107.226,107.296,6208,1,0
2025-09-04 04:00:00,107.296,107.343,107.149,107.27,5838,1,0
2025-09-04 05:00:00,107.27,107.351,107.259,107.313,4916,1,0
2025-09-04 06:00:00,107.314,107.405,107.304,107.39,3433,1,0
2025-09-04 07:00:00,107.39,107.424,107.307,107.377,2847,1,0
2025-09-04 08:00:00,107.377,107.396,107.311,107.356,3658,1,0
2025-09-04 09:00:00,107.355,107.369,107.281,107.296,4919,1,0
2025-09-04 10:00:00,107.296,107.456,107.241,107.43,6388,1,0
2025-09-04 11:00:00,107.43,107.467,107.283,107.34,5784,1,0
2025-09-04 12:00:00,107.34,107.396,107.303,107.336,4652,1,0
2025-09-04 13:00:00,107.336,107.349,107.275,107.29,4317,1,0
2025-09-04 14:00:00,107.29,107.365,107.28,107.344,4811,1,0
2025-09-04 15:00:00,107.344,107.472,107.172,107.449,9180,1,0
2025-09-04 16:00:00,107.449,107.538,107.406,107.461,8710,1,0
2025-09-04 17:00:00,107.463,107.556,107.309,107.473,10401,1,0
2025-09-04 18:00:00,107.474,107.525,107.424,107.49,6191,1,0
2025-09-04 19:00:00,107.488,107.534,107.429,107.458,4413,1,0
2025-09-04 20:00:00,107.458,107.502,107.436,107.481,3409,1,0
2025-09-04 21:00:00,107.481,107.505,107.436,107.444,3089,1,0
2025-09-04 22:00:00,107.445,107.458,107.387,107.411,2553,1,0
2025-09-04 23:00:00,107.411,107.474,107.402,107.447,2754,1,0
2025-09-05 00:00:00,107.448,107.448,107.317,107.367,1124,32,0
2025-09-05 01:00:00,107.367,107.471,107.367,107.438,2057,1,0
2025-09-05 02:00:00,107.437,107.468,107.356,107.435,2668,1,0
2025-09-05 03:00:00,107.435,107.454,107.264,107.298,5450,1,0
2025-09-05 04:00:00,107.298,107.357,107.262,107.295,4202,1,0
2025-09-05 05:00:00,107.295,107.336,107.258,107.321,2764,1,0
2025-09-05 06:00:00,107.321,107.339,107.277,107.322,2341,1,0
2025-09-05 07:00:00,107.322,107.355,107.312,107.331,2317,1,0
2025-09-05 08:00:00,107.331,107.384,107.301,107.358,2588,1,0
2025-09-05 09:00:00,107.358,107.4,107.334,107.374,5021,1,0
2025-09-05 10:00:00,107.374,107.467,107.357,107.45,5439,1,0
2025-09-05 11:00:00,107.45,107.462,107.408,107.43,4108,1,0
2025-09-05 12:00:00,107.43,107.452,107.363,107.414,3705,1,0
2025-09-05 13:00:00,107.414,107.435,107.377,107.402,3602,1,0
2025-09-05 14:00:00,107.402,107.463,107.365,107.373,4454,1,0
2025-09-05 15:00:00,107.374,107.383,106.629,106.705,14722,1,0
2025-09-05 16:00:00,106.706,106.783,106.558,106.573,13669,1,0
2025-09-05 17:00:00,106.573,106.594,106.288,106.347,12276,1,0
2025-09-05 18:00:00,106.347,106.351,106.17,106.219,9123,1,0
2025-09-05 19:00:00,106.222,106.371,106.209,106.366,6600,1,0
2025-09-05 20:00:00,106.365,106.399,106.289,106.378,6192,1,0
2025-09-05 21:00:00,106.378,106.499,106.361,106.493,4715,1,0
2025-09-05 22:00:00,106.493,106.494,106.426,106.468,4082,1,0
2025-09-05 23:00:00,106.468,106.623,106.459,106.592,3360,1,0
2025-09-08 00:00:00,106.97,107.12,106.85,106.865,2168,91,0
2025-09-08 01:00:00,106.865,107.251,106.846,107.228,4416,1,0
2025-09-08 02:00:00,107.228,107.281,107.102,107.205,4745,1,0
2025-09-08 03:00:00,107.202,107.346,107.169,107.198,7479,1,0
2025-09-08 04:00:00,107.197,107.22,107.074,107.101,6610,1,0
2025-09-08 05:00:00,107.101,107.101,106.993,107.057,4884,1,0
2025-09-08 06:00:00,107.059,107.157,107.022,107.139,3919,1,0
2025-09-08 07:00:00,107.139,107.156,107.068,107.113,3421,1,0
2025-09-08 08:00:00,107.107,107.139,107.031,107.122,3478,1,0
2025-09-08 09:00:00,107.122,107.146,106.911,106.923,6545,1,0
2025-09-08 10:00:00,106.924,106.932,106.788,106.789,7077,1,0
2025-09-08 11:00:00,106.789,106.922,106.753,106.895,6156,1,0
2025-09-08 12:00:00,106.894,106.95,106.841,106.934,4823,1,0
2025-09-08 13:00:00,106.934,107.087,106.93,107.058,4881,1,0
2025-09-08 14:00:00,107.058,107.106,106.987,107.078,5247,1,0
2025-09-08 15:00:00,107.08,107.126,107.035,107.084,6565,1,0
2025-09-08 16:00:00,107.084,107.114,106.864,106.909,8066,1,0
2025-09-08 17:00:00,106.909,106.987,106.823,106.894,8045,1,0
2025-09-08 18:00:00,106.894,106.905,106.752,106.79,5770,1,0
2025-09-08 19:00:00,106.79,106.833,106.723,106.821,4422,1,0
2025-09-08 20:00:00,106.821,106.861,106.794,106.833,3704,1,0
2025-09-08 21:00:00,106.833,106.861,106.743,106.754,3905,1,0
2025-09-08 22:00:00,106.754,106.786,106.699,106.78,3520,1,0
2025-09-08 23:00:00,106.78,106.874,106.754,106.874,2426,1,0
2025-09-09 00:00:00,106.8,106.872,106.763,106.842,2000,73,0
2025-09-09 01:00:00,106.842,106.886,106.806,106.82,1905,1,0
2025-09-09 02:00:00,106.82,106.834,106.714,106.831,2763,1,0
2025-09-09 03:00:00,106.83,106.839,106.623,106.741,5509,1,0
2025-09-09 04:00:00,106.741,106.763,106.639,106.67,4719,1,0
2025-09-09 05:00:00,106.67,106.746,106.66,106.739,3639,1,0
2025-09-09 06:00:00,106.739,106.759,106.712,106.715,2585,1,0
2025-09-09 07:00:00,106.715,106.722,106.567,106.583,3073,1,0
2025-09-09 08:00:00,106.583,106.588,106.44,106.453,3918,1,0
2025-09-09 09:00:00,106.452,106.624,106.428,106.548,5851,1,0
2025-09-09 10:00:00,106.548,106.668,106.507,106.611,5640,1,0
2025-09-09 11:00:00,106.611,106.706,106.172,106.269,8170,1,0
2025-09-09 12:00:00,106.269,106.269,106.006,106.036,5595,1,0
2025-09-09 13:00:00,106.035,106.141,106.023,106.065,4221,1,0
2025-09-09 14:00:00,106.066,106.259,106.06,106.215,4424,1,0
2025-09-09 15:00:00,106.215,106.339,106.211,106.294,7274,1,0
2025-09-09 16:00:00,106.295,106.315,106.193,106.306,8489,1,0
2025-09-09 17:00:00,106.306,106.437,106.13,106.437,12790,1,0
2025-09-09 18:00:00,106.437,106.536,106.38,106.426,7453,1,0
2025-09-09 19:00:00,106.426,106.473,106.374,106.473,4494,1,0
2025-09-09 20:00:00,106.472,106.515,106.426,106.445,4353,1,0
2025-09-09 21:00:00,106.446,106.479,106.414,106.456,3598,1,0
2025-09-09 22:00:00,106.456,106.489,106.398,106.4,3278,1,0
2025-09-09 23:00:00,106.399,106.511,106.385,106.473,2823,1,0
2025-09-10 00:00:00,106.476,106.476,106.288,106.443,1245,37,0
2025-09-10 01:00:00,106.443,106.493,106.421,106.435,1171,1,0
2025-09-10 02:00:00,106.435,106.48,106.417,106.452,2346,1,0
2025-09-10 03:00:00,106.452,106.458,106.371,106.402,4488,1,0
2025-09-10 04:00:00,106.402,106.477,106.351,106.381,5229,1,0
2025-09-10 05:00:00,106.381,106.398,106.299,106.315,3919,1,0
2025-09-10 06:00:00,106.315,106.415,106.314,106.407,2639,1,0
2025-09-10 07:00:00,106.407,106.477,106.404,106.442,3139,1,0
2025-09-10 08:00:00,106.442,106.526,106.388,106.506,3143,1,0
2025-09-10 09:00:00,106.508,106.538,106.435,106.528,5587,1,0
2025-09-10 10:00:00,106.528,106.53,106.388,106.465,6335,1,0
2025-09-10 11:00:00,106.464,106.496,106.401,106.494,5617,1,0
2025-09-10 12:00:00,106.494,106.517,106.443,106.46,5053,1,0
2025-09-10 13:00:00,106.461,106.461,106.377,106.423,4166,1,0
2025-09-10 14:00:00,106.423,106.465,106.411,106.45,4393,1,0
2025-09-10 15:00:00,106.45,106.524,106.203,106.496,9996,1,0
2025-09-10 16:00:00,106.498,106.552,106.349,106.476,10088,1,0
2025-09-10 17:00:00,106.477,106.517,106.414,106.493,8406,1,0
2025-09-10 18:00:00,106.493,106.512,106.372,106.449,6091,1,0
2025-09-10 19:00:00,106.448,106.462,106.297,106.357,4129,1,0
2025-09-10 20:00:00,106.356,106.367,106.245,106.273,4011,1,0
2025-09-10 21:00:00,106.274,106.313,106.251,106.289,3379,1,0
2025-09-10 22:00:00,106.287,106.341,106.259,106.33,3318,1,0
2025-09-10 23:00:00,106.33,106.381,106.309,106.362,2342,1,0
2025-09-11 00:00:00,106.36,106.36,106.257,106.281,1593,31,0
2025-09-11 01:00:00,106.281,106.376,106.281,106.336,881,1,0
2025-09-11 02:00:00,106.336,106.349,106.286,106.327,2077,1,0
2025-09-11 03:00:00,106.327,106.348,106.292,106.339,4103,1,0
2025-09-11 04:00:00,106.339,106.357,106.255,106.307,3604,1,0
2025-09-11 05:00:00,106.307,106.343,106.292,106.325,2632,1,0
2025-09-11 06:00:00,106.325,106.343,106.309,106.32,2497,1,0
2025-09-11 07:00:00,106.32,106.33,106.284,106.302,2622,1,0
2025-09-11 08:00:00,106.302,106.373,106.275,106.363,2673,1,0
2025-09-11 09:00:00,106.363,106.537,106.356,106.498,5587,1,0
2025-09-11 10:00:00,106.498,106.526,106.424,106.49,5478,1,0
2025-09-11 11:00:00,106.49,106.54,106.484,106.53,4790,1,0
2025-09-11 12:00:00,106.53,106.609,106.52,106.596,4727,1,0
2025-09-11 13:00:00,106.596,106.612,106.542,106.595,4276,1,0
2025-09-11 14:00:00,106.595,106.629,106.552,106.557,4267,1,0
2025-09-11 15:00:00,106.557,106.703,106.305,106.479,12619,1,0
2025-09-11 16:00:00,106.48,106.48,106.34,106.42,12822,1,0
2025-09-11 17:00:00,106.42,106.451,106.201,106.359,9615,1,0
2025-09-11 18:00:00,106.359,106.443,106.32,106.423,6451,1,0
2025-09-11 19:00:00,106.423,106.423,106.313,106.325,4752,1,0
2025-09-11 20:00:00,106.325,106.477,106.3,106.446,4796,1,0
2025-09-11 21:00:00,106.446,106.498,106.378,106.381,3616,1,0
2025-09-11 22:00:00,106.381,106.431,106.318,106.413,3904,1,0
2025-09-11 23:00:00,106.413,106.468,106.373,106.438,3032,1,0
2025-09-12 00:00:00,106.421,106.421,106.227,106.342,913,40,0
2025-09-12 01:00:00,106.342,106.428,106.324,106.417,1499,1,0
2025-09-12 02:00:00,106.417,106.441,106.385,106.426,2272,1,0
2025-09-12 03:00:00,106.425,106.476,106.351,106.401,4982,1,0
2025-09-12 04:00:00,106.401,106.492,106.393,106.468,3701,1,0
2025-09-12 05:00:00,106.468,106.547,106.456,106.507,3148,1,0
2025-09-12 06:00:00,106.507,106.549,106.497,106.522,2578,1,0
2025-09-12 07:00:00,106.522,106.594,106.52,106.565,2839,1,0
2025-09-12 08:00:00,106.567,106.613,106.469,106.484,2833,1,0
2025-09-12 09:00:00,106.484,106.581,106.473,106.545,4635,1,0
2025-09-12 10:00:00,106.545,106.595,106.435,106.59,5965,1,0
2025-09-12 11:00:00,106.59,106.831,106.584,106.81,7440,1,0
2025-09-12 12:00:00,106.81,106.926,106.807,106.897,5267,1,0
2025-09-12 13:00:00,106.898,106.899,106.771,106.795,4149,1,0
2025-09-12 14:00:00,106.795,106.816,106.735,106.803,4639,1,0
2025-09-12 15:00:00,106.803,106.863,106.773,106.811,6954,1,0
2025-09-12 16:00:00,106.81,106.82,106.675,106.708,7562,1,0
2025-09-12 17:00:00,106.713,106.732,106.627,106.632,7851,1,0
2025-09-12 18:00:00,106.632,106.709,106.625,106.697,5638,1,0
2025-09-12 19:00:00,106.697,106.698,106.6,106.639,3645,1,0
2025-09-12 20:00:00,106.639,106.64,106.554,106.569,3612,1,0
2025-09-12 21:00:00,106.569,106.592,106.534,106.586,3178,1,0
2025-09-12 22:00:00,106.585,106.625,106.544,106.603,3242,1,0
2025-09-12 23:00:00,106.604,106.677,106.595,106.642,2726,1,0
2025-09-15 00:00:00,106.496,106.568,106.49,106.522,1091,243,0
2025-09-15 01:00:00,106.546,106.764,106.546,106.761,1928,1,0
2025-09-15 02:00:00,106.761,106.765,106.68,106.71,2013,1,0
2025-09-15 03:00:00,106.71,106.711,106.594,106.597,3045,1,0
2025-09-15 04:00:00,106.597,106.626,106.578,106.61,4402,1,0
2025-09-15 05:00:00,106.61,106.631,106.56,106.573,3539,1,0
2025-09-15 06:00:00,106.573,106.587,106.546,106.56,3325,1,0
2025-09-15 07:00:00,106.559,106.58,106.502,106.546,2579,1,0
2025-09-15 08:00:00,106.548,106.613,106.526,106.608,3147,1,0
2025-09-15 09:00:00,106.607,106.681,106.596,106.625,4975,1,0
2025-09-15 10:00:00,106.625,106.665,106.538,106.58,5974,1,0
2025-09-15 11:00:00,106.579,106.599,106.532,106.553,5038,1,0
2025-09-15 12:00:00,106.555,106.592,106.504,106.541,4334,1,0
2025-09-15 13:00:00,106.542,106.627,106.514,106.621,4034,1,0
2025-09-15 14:00:00,106.621,106.688,106.585,106.636,4488,1,0
2025-09-15 15:00:00,106.636,106.663,106.51,106.524,6371,1,0
2025-09-15 16:00:00,106.522,106.559,106.462,106.51,6765,1,0
2025-09-15 17:00:00,106.507,106.786,106.478,106.763,7171,1,0
2025-09-15 18:00:00,106.763,106.788,106.696,106.732,5935,1,0
2025-09-15 19:00:00,106.732,106.809,106.728,106.769,5072,1,0
2025-09-15 20:00:00,106.769,106.894,106.759,106.852,4375,1,0
2025-09-15 21:00:00,106.852,106.952,106.842,106.938,4690,1,0
2025-09-15 22:00:00,106.938,107.062,106.932,107.039,4020,1,0
2025-09-15 23:00:00,107.038,107.058,106.978,106.985,3231,1,0
2025-09-16 00:00:00,106.943,106.954,106.875,106.915,1247,65,0
2025-09-16 01:00:00,106.915,106.998,106.915,106.995,1311,1,0
2025-09-16 02:00:00,106.994,107.024,106.96,107.01,2066,1,0
2025-09-16 03:00:00,107.009,107.066,106.986,107.046,4746,1,0
2025-09-16 04:00:00,107.047,107.11,106.927,106.996,4919,1,0
2025-09-16 05:00:00,106.996,106.997,106.83,106.856,4531,1,0
2025-09-16 06:00:00,106.856,106.886,106.819,106.85,4151,1,0
2025-09-16 07:00:00,106.85,106.86,106.732,106.754,4047,1,0
2025-09-16 08:00:00,106.754,106.812,106.714,106.757,4049,1,0
2025-09-16 09:00:00,106.757,106.784,106.639,106.73,6523,1,0
2025-09-16 10:00:00,106.727,106.728,106.573,106.688,6518,1,0
2025-09-16 11:00:00,106.689,106.781,106.666,106.711,5712,1,0
2025-09-16 12:00:00,106.712,106.775,106.684,106.766,5797,1,0
2025-09-16 13:00:00,106.766,106.867,106.752,106.851,3897,1,0
2025-09-16 14:00:00,106.851,106.923,106.826,106.871,3881,1,0
2025-09-16 15:00:00,106.871,107.019,106.865,106.924,7121,1,0
2025-09-16 16:00:00,106.924,106.956,106.735,106.772,6979,1,0
2025-09-16 17:00:00,106.772,106.789,106.529,106.59,7709,1,0
2025-09-16 18:00:00,106.59,106.653,106.523,106.623,5093,1,0
2025-09-16 19:00:00,106.622,106.626,106.507,106.51,3635,1,0
2025-09-16 20:00:00,106.51,106.522,106.465,106.509,3708,1,0
2025-09-16 21:00:00,106.509,106.556,106.437,106.441,3149,1,0
2025-09-16 22:00:00,106.441,106.552,106.44,106.548,3123,1,0
2025-09-16 23:00:00,106.548,106.65,106.54,106.585,2546,1,0
2025-09-17 00:00:00,106.589,106.597,106.511,106.565,222,78,0
2025-09-17 01:00:00,106.565,106.634,106.523,106.621,1011,1,0
2025-09-17 02:00:00,106.621,106.621,106.506,106.569,1604,1,0
2025-09-17 03:00:00,106.57,106.652,106.433,106.627,4635,1,0
2025-09-17 04:00:00,106.627,106.639,106.537,106.569,3507,1,0
2025-09-17 05:00:00,106.569,106.618,106.552,106.578,2022,1,0
2025-09-17 06:00:00,106.578,106.592,106.499,106.544,1429,1,0
2025-09-17 07:00:00,106.544,106.56,106.498,106.51,1178,1,0
2025-09-17 08:00:00,106.51,106.576,106.468,106.553,1937,1,0
2025-09-17 09:00:00,106.553,106.576,106.495,106.545,3215,1,0
2025-09-17 10:00:00,106.545,106.594,106.518,106.59,3371,1,0
2025-09-17 11:00:00,106.591,106.604,106.42,106.467,3292,1,0
2025-09-17 12:00:00,106.467,106.47,106.363,106.393,2985,1,0
2025-09-17 13:00:00,106.393,106.411,106.313,106.336,3224,1,0
2025-09-17 14:00:00,106.336,106.413,106.31,106.392,2984,1,0
2025-09-17 15:00:00,106.392,106.499,106.389,106.436,3605,1,0
2025-09-17 16:00:00,106.437,106.452,106.225,106.363,5277,1,0
2025-09-17 17:00:00,106.362,106.379,106.236,106.33,4884,1,0
2025-09-17 18:00:00,106.33,106.408,106.318,106.349,3377,1,0
2025-09-17 19:00:00,106.349,106.368,106.286,106.316,3127,1,0
2025-09-17 20:00:00,106.316,106.367,106.24,106.243,3111,1,0
2025-09-17 21:00:00,106.223,106.564,105.978,106.544,19168,1,0
2025-09-17 22:00:00,106.543,106.656,106.431,106.582,11845,1,0
2025-09-17 23:00:00,106.579,106.748,106.575,106.698,3933,1,0
2025-09-18 00:00:00,106.684,106.695,106.572,106.658,871,74,0
2025-09-18 01:00:00,106.658,106.727,106.615,106.667,2055,1,0
2025-09-18 02:00:00,106.662,106.696,106.594,106.677,2446,1,0
2025-09-18 03:00:00,106.677,106.736,106.643,106.723,4621,1,0
2025-09-18 04:00:00,106.723,106.809,106.684,106.695,4906,1,0
2025-09-18 05:00:00,106.695,106.737,106.664,106.668,2387,1,0
2025-09-18 06:00:00,106.668,106.74,106.635,106.73,1881,1,0
2025-09-18 07:00:00,106.73,106.798,106.726,106.796,2181,1,0
2025-09-18 08:00:00,106.796,106.887,106.748,106.863,2891,1,0
2025-09-18 09:00:00,106.863,106.932,106.854,106.87,5342,1,0
2025-09-18 10:00:00,106.87,106.877,106.733,106.766,5446,1,0
2025-09-18 11:00:00,106.766,107.061,106.755,106.996,5412,1,0
2025-09-18 12:00:00,106.996,107.016,106.879,106.921,4879,1,0
2025-09-18 13:00:00,106.921,107.031,106.906,106.933,4738,1,0
2025-09-18 14:00:00,106.933,107.023,106.915,106.989,6807,1,0
2025-09-18 15:00:00,106.99,107.231,106.915,107.214,8515,1,0
2025-09-18 16:00:00,107.214,107.414,107.21,107.321,11028,1,0
2025-09-18 17:00:00,107.322,107.365,107.219,107.246,11212,1,0
2025-09-18 18:00:00,107.245,107.33,107.168,107.301,7945,1,0
2025-09-18 19:00:00,107.301,107.301,107.133,107.145,6153,1,0
2025-09-18 20:00:00,107.145,107.217,107.122,107.199,4361,1,0
2025-09-18 21:00:00,107.199,107.224,107.161,107.205,3634,1,0
2025-09-18 22:00:00,107.205,107.293,107.183,107.26,3695,1,0
2025-09-18 23:00:00,107.26,107.325,107.222,107.277,2784,1,0
2025-09-19 00:00:00,107.261,107.261,107.112,107.194,1867,44,0
2025-09-19 01:00:00,107.194,107.279,107.194,107.255,4430,1,0
2025-09-19 02:00:00,107.255,107.312,107.241,107.289,1806,1,0
2025-09-19 03:00:00,107.289,107.357,107.235,107.296,5395,1,0
2025-09-19 04:00:00,107.296,107.338,107.229,107.274,5425,1,0
2025-09-19 05:00:00,107.272,107.306,107.221,107.245,4352,1,0
2025-09-19 06:00:00,107.243,107.266,106.857,107.025,6869,1,0
2025-09-19 07:00:00,107.026,107.032,106.737,106.928,9230,1,0
2025-09-19 08:00:00,106.928,106.947,106.811,106.855,6620,1,0
2025-09-19 09:00:00,106.855,107.155,106.816,107.049,9653,1,0
2025-09-19 10:00:00,107.049,107.118,106.989,107.105,8089,1,0
2025-09-19 11:00:00,107.106,107.166,107.032,107.084,6647,1,0
2025-09-19 12:00:00,107.084,107.139,107.006,107.126,5313,1,0
2025-09-19 13:00:00,107.126,107.18,107.088,107.155,4316,1,0
2025-09-19 14:00:00,107.155,107.267,107.145,107.25,5323,1,0
2025-09-19 15:00:00,107.249,107.276,107.141,107.224,7535,1,0
2025-09-19 16:00:00,107.225,107.226,107.021,107.081,8846,1,0
2025-09-19 17:00:00,107.083,107.388,107.067,107.372,9569,1,0
2025-09-19 18:00:00,107.37,107.414,107.314,107.346,7884,1,0
2025-09-19 19:00:00,107.347,107.401,107.322,107.325,4751,1,0
2025-09-19 20:00:00,107.325,107.429,107.322,107.425,3529,1,0
2025-09-19 21:00:00,107.425,107.447,107.39,107.414,3198,1,0
2025-09-19 22:00:00,107.414,107.445,107.305,107.307,3167,1,0
2025-09-19 23:00:00,107.306,107.382,107.273,107.367,3768,1,0
2025-09-22 00:00:00,107.213,107.273,107.191,107.263,882,84,0
2025-09-22 01:00:00,107.263,107.408,107.263,107.393,1588,1,0
2025-09-22 02:00:00,107.393,107.471,107.377,107.465,1856,1,0
2025-09-22 03:00:00,107.468,107.502,107.409,107.468,5043,1,0
2025-09-22 04:00:00,107.468,107.509,107.394,107.429,6267,1,0
2025-09-22 05:00:00,107.429,107.549,107.42,107.547,4648,1,0
2025-09-22 06:00:00,107.547,107.571,107.522,107.534,3724,1,0
2025-09-22 07:00:00,107.534,107.539,107.467,107.474,3324,1,0
2025-09-22 08:00:00,107.474,107.501,107.448,107.458,3375,1,0
2025-09-22 09:00:00,107.458,107.464,107.284,107.324,5160,1,0
2025-09-22 10:00:00,107.324,107.324,107.151,107.273,6808,1,0
2025-09-22 11:00:00,107.273,107.281,107.081,107.105,6295,1,0
2025-09-22 12:00:00,107.105,107.158,107.038,107.095,4797,1,0
2025-09-22 13:00:00,107.095,107.161,107.08,107.103,4797,1,0
2025-09-22 14:00:00,107.103,107.141,107.013,107.086,4919,1,0
2025-09-22 15:00:00,107.086,107.164,107.017,107.159,6804,1,0
2025-09-22 16:00:00,107.16,107.22,107.052,107.066,7721,1,0
2025-09-22 17:00:00,107.067,107.126,107.045,107.09,6779,1,0
2025-09-22 18:00:00,107.092,107.099,106.991,107.021,5731,1,0
2025-09-22 19:00:00,107.023,107.044,106.85,106.854,5258,1,0
2025-09-22 20:00:00,106.854,106.895,106.832,106.856,3485,1,0
2025-09-22 21:00:00,106.856,106.934,106.84,106.896,3657,1,0
2025-09-22 22:00:00,106.896,106.899,106.861,106.893,3378,1,0
2025-09-22 23:00:00,106.89,106.917,106.836,106.909,2525,1,0
2025-09-23 00:00:00,106.89,106.965,106.818,106.838,680,33,0
2025-09-23 01:00:00,106.838,106.887,106.838,106.848,1733,1,0
2025-09-23 02:00:00,106.843,106.898,106.833,106.859,2442,1,0
2025-09-23 03:00:00,106.861,106.876,106.767,106.797,4114,1,0
2025-09-23 04:00:00,106.797,106.824,106.759,106.784,4952,1,0
2025-09-23 05:00:00,106.784,106.887,106.78,106.886,4763,1,0
2025-09-23 06:00:00,106.886,106.914,106.866,106.872,3978,1,0
2025-09-23 07:00:00,106.872,106.902,106.848,106.871,3636,1,0
2025-09-23 08:00:00,106.871,106.912,106.857,106.904,3976,1,0
2025-09-23 09:00:00,106.904,106.912,106.788,106.806,4763,1,0
2025-09-23 10:00:00,106.806,106.822,106.719,106.724,6699,1,0
2025-09-23 11:00:00,106.723,106.763,106.654,106.688,6018,1,0
2025-09-23 12:00:00,106.688,106.756,106.665,106.738,4908,1,0
2025-09-23 13:00:00,106.738,106.868,106.733,106.847,3913,1,0
2025-09-23 14:00:00,106.847,106.905,106.799,106.872,4438,1,0
2025-09-23 15:00:00,106.873,107.001,106.853,106.95,5931,1,0
2025-09-23 16:00:00,106.949,106.974,106.828,106.832,8516,1,0
2025-09-23 17:00:00,106.834,106.908,106.773,106.869,8548,1,0
2025-09-23 18:00:00,106.868,106.945,106.848,106.86,6187,1,0
2025-09-23 19:00:00,106.86,106.891,106.768,106.859,6295,1,0
2025-09-23 20:00:00,106.859,106.862,106.574,106.633,6274,1,0
2025-09-23 21:00:00,106.633,106.666,106.526,106.564,5337,1,0
2025-09-23 22:00:00,106.565,106.68,106.559,106.677,4394,1,0
2025-09-23 23:00:00,106.677,106.736,106.634,106.716,2890,1,0
2025-09-24 00:00:00,106.671,106.672,106.576,106.634,1614,73,0
2025-09-24 01:00:00,106.636,106.714,106.636,106.676,1889,1,0
2025-09-24 02:00:00,106.674,106.715,106.654,106.662,2313,1,0
2025-09-24 03:00:00,106.662,106.779,106.567,106.754,5501,1,0
2025-09-24 04:00:00,106.754,106.768,106.691,106.74,6015,1,0
2025-09-24 05:00:00,106.74,106.774,106.731,106.751,4345,1,0
2025-09-24 06:00:00,106.751,106.813,106.739,106.804,2968,1,0
2025-09-24 07:00:00,106.804,106.882,106.802,106.833,2888,1,0
2025-09-24 08:00:00,106.833,106.843,106.767,106.803,3668,1,0
2025-09-24 09:00:00,106.805,106.92,106.801,106.875,5109,1,0
2025-09-24 10:00:00,106.875,106.913,106.835,106.866,5402,1,0
2025-09-24 11:00:00,106.867,106.986,106.818,106.972,5311,1,0
2025-09-24 12:00:00,106.972,106.986,106.865,106.903,4448,1,0
2025-09-24 13:00:00,106.902,106.982,106.897,106.972,3895,1,0
2025-09-24 14:00:00,106.972,107.064,106.946,107.059,4651,1,0
2025-09-24 15:00:00,107.059,107.16,107.011,107.141,6464,1,0
2025-09-24 16:00:00,107.141,107.197,107.083,107.166,7697,1,0
2025-09-24 17:00:00,107.169,107.205,106.968,107.077,8704,1,0
2025-09-24 18:00:00,107.076,107.144,107.015,107.026,6250,1,0
2025-09-24 19:00:00,107.025,107.044,106.967,106.981,5050,1,0
2025-09-24 20:00:00,106.981,107.041,106.964,107.006,3797,1,0
2025-09-24 21:00:00,107.006,107.086,106.997,107.052,3966,1,0
2025-09-24 22:00:00,107.052,107.118,107.034,107.077,3407,1,0
2025-09-24 23:00:00,107.076,107.171,107.076,107.151,2240,1,0
2025-09-25 00:00:00,107.139,107.139,106.997,107.036,731,32,0
2025-09-25 01:00:00,107.036,107.129,107.036,107.097,2302,1,0
2025-09-25 02:00:00,107.097,107.117,107.038,107.082,2392,1,0
2025-09-25 03:00:00,107.082,107.093,106.951,106.958,5929,1,0
2025-09-25 04:00:00,106.961,107.146,106.948,107.097,5071,1,0
2025-09-25 05:00:00,107.097,107.124,107.021,107.121,4266,1,0
2025-09-25 06:00:00,107.122,107.138,107.066,107.081,2770,1,0
2025-09-25 07:00:00,107.08,107.089,107.01,107.024,2940,1,0
2025-09-25 08:00:00,107.024,107.111,107.019,107.109,3700,1,0
2025-09-25 09:00:00,107.109,107.14,107.03,107.072,5282,1,0
2025-09-25 10:00:00,107.072,107.091,106.965,107.08,6064,1,0
2025-09-25 11:00:00,107.08,107.094,107.001,107.072,5199,1,0
2025-09-25 12:00:00,107.073,107.119,107.04,107.113,4014,1,0
2025-09-25 13:00:00,107.112,107.117,107.055,107.101,3851,1,0
2025-09-25 14:00:00,107.101,107.165,107.1,107.136,5018,1,0
2025-09-25 15:00:00,107.136,107.381,107.1,107.335,9981,1,0
2025-09-25 16:00:00,107.333,107.399,107.199,107.38,10532,1,0
2025-09-25 17:00:00,107.382,107.511,107.341,107.495,9793,1,0
2025-09-25 18:00:00,107.495,107.609,107.461,107.584,7429,1,0
2025-09-25 19:00:00,107.584,107.627,107.485,107.522,5935,1,0
2025-09-25 20:00:00,107.522,107.55,107.447,107.465,5734,1,0
2025-09-25 21:00:00,107.465,107.537,107.388,107.518,5515,1,0
2025-09-25 22:00:00,107.519,107.524,107.415,107.436,4043,1,0
2025-09-25 23:00:00,107.44,107.494,107.415,107.466,2629,1,0
2025-09-26 00:00:00,107.457,107.468,107.391,107.41,1728,27,0
2025-09-26 01:00:00,107.411,107.474,107.398,107.402,1656,2,0
2025-09-26 02:00:00,107.4,107.531,107.395,107.496,3651,2,0
2025-09-26 03:00:00,107.494,107.521,107.352,107.379,6278,2,0
2025-09-26 04:00:00,107.379,107.465,107.347,107.448,4879,2,0
2025-09-26 05:00:00,107.448,107.458,107.391,107.408,3390,1,0
2025-09-26 06:00:00,107.408,107.425,107.383,107.412,2664,2,0
2025-09-26 07:00:00,107.412,107.429,107.377,107.379,3078,2,0
2025-09-26 08:00:00,107.38,107.408,107.354,107.391,3310,2,0
2025-09-26 09:00:00,107.391,107.419,107.351,107.38,5544,1,0
2025-09-26 10:00:00,107.38,107.462,107.38,107.445,5318,1,0
2025-09-26 11:00:00,107.445,107.446,107.342,107.367,4393,1,0
2025-09-26 12:00:00,107.367,107.405,107.341,107.368,4481,1,0
2025-09-26 13:00:00,107.368,107.43,107.326,107.384,3972,1,0
2025-09-26 14:00:00,107.384,107.403,107.324,107.373,4679,1,0
2025-09-26 15:00:00,107.374,107.44,107.303,107.363,8603,1,0
2025-09-26 16:00:00,107.364,107.464,107.288,107.407,9460,1,0
2025-09-26 17:00:00,107.405,107.425,107.222,107.224,9129,1,0
2025-09-26 18:00:00,107.224,107.24,107.159,107.204,6886,1,0
2025-09-26 19:00:00,107.204,107.306,107.2,107.303,4715,1,0
2025-09-26 20:00:00,107.303,107.312,107.228,107.277,4266,2,0
2025-09-26 21:00:00,107.277,107.299,107.202,107.22,3815,2,0
2025-09-26 22:00:00,107.22,107.282,107.207,107.281,3552,2,0
2025-09-26 23:00:00,107.281,107.282,107.2,107.211,2212,2,0
2025-09-29 00:00:00,107.116,107.244,107.112,107.226,857,72,0
2025-09-29 01:00:00,107.226,107.251,107.139,107.212,1889,1,0
2025-09-29 02:00:00,107.212,107.215,107.131,107.196,2343,1,0
2025-09-29 03:00:00,107.196,107.201,107.078,107.109,5254,1,0
2025-09-29 04:00:00,107.109,107.139,106.998,107.052,5569,1,0
2025-09-29 05:00:00,107.052,107.058,106.955,106.987,4886,1,0
2025-09-29 06:00:00,106.987,107.005,106.946,106.98,3353,1,0
2025-09-29 07:00:00,106.98,107.001,106.939,106.993,3067,1,0
2025-09-29 08:00:00,106.992,107.013,106.855,106.872,5309,1,0
2025-09-29 09:00:00,106.872,106.902,106.799,106.868,5075,1,0
2025-09-29 10:00:00,106.868,106.871,106.696,106.746,5531,1,0
2025-09-29 11:00:00,106.746,106.78,106.67,106.72,5138,1,0
2025-09-29 12:00:00,106.72,106.771,106.67,106.74,4426,1,0
2025-09-29 13:00:00,106.741,106.804,106.718,106.757,3761,1,0
2025-09-29 14:00:00,106.757,106.798,106.698,106.703,4486,1,0
2025-09-29 15:00:00,106.703,106.801,106.64,106.691,7036,1,0
2025-09-29 16:00:00,106.691,106.754,106.592,106.644,7916,1,0
2025-09-29 17:00:00,106.647,106.762,106.599,106.757,7578,1,0
2025-09-29 18:00:00,106.758,106.858,106.733,106.841,6535,1,0
2025-09-29 19:00:00,106.841,106.851,106.773,106.793,3863,1,0
2025-09-29 20:00:00,106.792,106.857,106.737,106.768,3821,1,0
2025-09-29 21:00:00,106.768,106.841,106.758,106.822,3256,1,0
2025-09-29 22:00:00,106.822,106.832,106.725,106.767,3167,0,0
2025-09-29 23:00:00,106.767,106.828,106.764,106.775,2382,1,0
2025-09-30 00:00:00,106.752,106.807,106.707,106.734,1130,72,0
2025-09-30 01:00:00,106.734,106.812,106.729,106.801,1708,1,0
2025-09-30 02:00:00,106.801,106.809,106.718,106.788,2555,1,0
2025-09-30 03:00:00,106.787,106.907,106.742,106.886,6880,1,0
2025-09-30 04:00:00,106.886,106.894,106.771,106.86,5974,1,0
2025-09-30 05:00:00,106.86,106.903,106.8,106.895,3973,1,0
2025-09-30 06:00:00,106.895,106.896,106.729,106.732,3263,1,0
2025-09-30 07:00:00,106.732,106.779,106.634,106.663,4142,1,0
2025-09-30 08:00:00,106.664,106.682,106.525,106.549,5114,1,0
2025-09-30 09:00:00,106.549,106.618,106.424,106.439,5300,1,0
2025-09-30 10:00:00,106.441,106.466,106.298,106.399,6103,1,0
2025-09-30 11:00:00,106.411,106.431,106.287,106.293,6221,1,0
2025-09-30 12:00:00,106.296,106.357,106.272,106.339,5077,1,0
2025-09-30 13:00:00,106.339,106.373,106.291,106.343,3622,1,0
2025-09-30 14:00:00,106.343,106.37,106.296,106.302,3891,1,0
2025-09-30 15:00:00,106.302,106.36,106.273,106.303,5710,1,0
2025-09-30 16:00:00,106.303,106.351,106.27,106.286,7114,1,0
2025-09-30 17:00:00,106.287,106.42,106.139,106.143,11090,1,0
2025-09-30 18:00:00,106.143,106.258,106.12,106.23,7939,1,0
2025-09-30 19:00:00,106.23,106.234,106.099,106.131,4980,1,0
2025-09-30 20:00:00,106.13,106.237,106.073,106.184,4716,1,0
2025-09-30 21:00:00,106.184,106.261,106.175,106.255,4011,1,0
2025-09-30 22:00:00,106.255,106.286,106.22,106.263,4572,1,0
2025-09-30 23:00:00,106.262,106.293,106.228,106.269,2734,1,0
2025-10-01 00:00:00,106.22,106.22,106.104,106.173,2296,60,0
2025-10-01 01:00:00,106.173,106.275,106.173,106.258,1627,1,0
2025-10-01 02:00:00,106.258,106.315,106.2,106.313,2473,1,0
2025-10-01 03:00:00,106.313,106.432,106.307,106.35,5226,1,0
2025-10-01 04:00:00,106.35,106.378,106.255,106.265,3571,1,0
2025-10-01 05:00:00,106.266,106.274,106.202,106.204,3255,1,0
2025-10-01 06:00:00,106.204,106.233,106.159,106.182,2857,1,0
2025-10-01 07:00:00,106.182,106.253,106.039,106.047,3833,1,0
2025-10-01 08:00:00,106.046,106.087,105.985,106.028,4799,1,0
2025-10-01 09:00:00,106.028,106.028,105.774,105.839,6128,1,0
2025-10-01 10:00:00,105.84,105.841,105.644,105.691,7858,1,0
2025-10-01 11:00:00,105.691,105.736,105.574,105.729,6543,1,0
2025-10-01 12:00:00,105.729,105.732,105.621,105.703,5714,1,0
2025-10-01 13:00:00,105.702,105.726,105.555,105.555,5456,1,0
2025-10-01 14:00:00,105.555,105.619,105.537,105.543,4757,1,0
2025-10-01 15:00:00,105.543,105.595,105.322,105.393,12728,1,0
2025-10-01 16:00:00,105.39,105.428,105.264,105.347,10182,1,0
2025-10-01 17:00:00,105.325,105.549,105.294,105.328,12429,1,0
2025-10-01 18:00:00,105.328,105.522,105.322,105.456,9183,1,0
2025-10-01 19:00:00,105.456,105.549,105.42,105.511,5123,1,0
2025-10-01 20:00:00,105.511,105.542,105.483,105.532,3989,1,0
2025-10-01 21:00:00,105.532,105.57,105.49,105.52,4485,1,0
2025-10-01 22:00:00,105.52,105.563,105.488,105.51,3476,1,0
2025-10-01 23:00:00,105.511,105.555,105.473,105.521,2819,1,0
2025-10-02 00:00:00,105.516,105.529,105.465,105.482,522,63,0
2025-10-02 01:00:00,105.482,105.547,105.482,105.502,1460,1,0
2025-10-02 02:00:00,105.502,105.546,105.484,105.542,2001,1,0
2025-10-02 03:00:00,105.542,105.666,105.528,105.575,4787,1,0
2025-10-02 04:00:00,105.575,105.589,105.468,105.484,4587,1,0
2025-10-02 05:00:00,105.484,105.615,105.455,105.601,2717,1,0
2025-10-02 06:00:00,105.601,105.61,105.488,105.516,2537,1,0
2025-10-02 07:00:00,105.516,105.566,105.498,105.552,2360,1,0
2025-10-02 08:00:00,105.552,105.599,105.522,105.563,3022,1,0
2025-10-02 09:00:00,105.56,105.739,105.428,105.604,5708,1,0
2025-10-02 10:00:00,105.606,105.642,105.513,105.536,6409,1,0
2025-10-02 11:00:00,105.536,105.536,105.313,105.346,5923,1,0
2025-10-02 12:00:00,105.347,105.354,105.198,105.219,5286,1,0
2025-10-02 13:00:00,105.22,105.315,105.21,105.24,4619,1,0
2025-10-02 14:00:00,105.24,105.323,105.202,105.282,4639,1,0
2025-10-02 15:00:00,105.282,105.554,105.262,105.533,6336,1,0
2025-10-02 16:00:00,105.531,105.55,105.445,105.512,8877,1,0
2025-10-02 17:00:00,105.501,105.55,105.392,105.447,9242,1,0
2025-10-02 18:00:00,105.448,105.506,105.413,105.443,7112,1,0
2025-10-02 19:00:00,105.443,105.454,105.368,105.378,5356,1,0
2025-10-02 20:00:00,105.378,105.434,105.363,105.384,3592,1,0
2025-10-02 21:00:00,105.384,105.455,105.374,105.443,3166,1,0
2025-10-02 22:00:00,105.444,105.484,105.391,105.471,3029,1,0
2025-10-02 23:00:00,105.474,105.494,105.409,105.439,2305,1,0
2025-10-03 00:00:00,105.393,105.399,105.357,105.391,912,72,0
2025-10-03 01:00:00,105.391,105.43,105.381,105.421,1809,1,0
2025-10-03 02:00:00,105.421,105.429,105.347,105.409,2090,1,0
2025-10-03 03:00:00,105.408,105.545,105.403,105.523,4002,1,0
2025-10-03 04:00:00,105.523,105.751,105.416,105.648,5834,1,0
2025-10-03 05:00:00,105.649,105.743,105.64,105.716,3678,1,0
2025-10-03 06:00:00,105.717,105.8,105.694,105.71,3144,1,0
2025-10-03 07:00:00,105.71,105.772,105.691,105.763,2164,1,0
2025-10-03 08:00:00,105.763,105.838,105.671,105.815,4144,1,0
2025-10-03 09:00:00,105.815,105.833,105.668,105.692,5035,1,0
2025-10-03 10:00:00,105.692,105.761,105.584,105.584,5113,1,0
2025-10-03 11:00:00,105.584,105.606,105.499,105.533,5206,1,0
2025-10-03 12:00:00,105.533,105.581,105.505,105.539,3947,1,0
2025-10-03 13:00:00,105.539,105.539,105.466,105.479,3356,1,0
2025-10-03 14:00:00,105.479,105.552,105.427,105.482,4144,1,0
2025-10-03 15:00:00,105.482,105.589,105.461,105.563,6284,1,0
2025-10-03 16:00:00,105.563,105.592,105.458,105.581,6976,1,0
2025-10-03 17:00:00,105.565,105.715,105.391,105.691,11095,1,0
2025-10-03 18:00:00,105.691,105.711,105.606,105.645,6823,1,0
2025-10-03 19:00:00,105.645,105.78,105.634,105.761,4866,1,0
2025-10-03 20:00:00,105.761,105.764,105.662,105.689,4901,1,0
2025-10-03 21:00:00,105.689,105.745,105.677,105.716,4257,1,0
2025-10-03 22:00:00,105.714,105.739,105.677,105.689,3427,1,0
2025-10-03 23:00:00,105.689,105.727,105.614,105.702,2949,1,0
2025-10-06 00:00:00,107.004,107.004,106.779,106.783,2266,88,0
2025-10-06 01:00:00,106.783,106.968,106.72,106.935,6106,1,0
2025-10-06 02:00:00,106.931,107.175,106.891,107.12,7536,1,0
2025-10-06 03:00:00,107.119,107.339,107.033,107.268,9733,1,0
2025-10-06 04:00:00,107.268,107.388,107.168,107.362,6613,1,0
2025-10-06 05:00:00,107.362,107.464,107.324,107.448,4365,1,0
2025-10-06 06:00:00,107.449,107.608,107.423,107.58,4232,1,0
2025-10-06 07:00:00,107.58,107.772,107.441,107.737,6076,1,0
2025-10-06 08:00:00,107.737,107.812,107.661,107.691,4956,1,0
2025-10-06 09:00:00,107.691,107.744,107.56,107.574,7465,1,0
2025-10-06 10:00:00,107.576,107.694,107.499,107.527,9668,1,0
2025-10-06 11:00:00,107.528,107.808,107.508,107.789,7589,1,0
2025-10-06 12:00:00,107.791,107.813,107.702,107.763,5284,1,0
2025-10-06 13:00:00,107.763,107.81,107.677,107.69,5208,1,0
2025-10-06 14:00:00,107.69,107.744,107.629,107.707,6045,1,0
2025-10-06 15:00:00,107.708,107.712,107.279,107.285,10769,1,0
2025-10-06 16:00:00,107.284,107.471,107.245,107.378,8747,1,0
2025-10-06 17:00:00,107.378,107.538,107.304,107.474,8668,1,0
2025-10-06 18:00:00,107.475,107.63,107.461,107.575,6679,1,0
2025-10-06 19:00:00,107.576,107.655,107.517,107.652,4205,1,0
2025-10-06 20:00:00,107.651,107.687,107.585,107.664,3442,1,0
2025-10-06 21:00:00,107.664,107.761,107.643,107.734,3515,1,0
2025-10-06 22:00:00,107.734,107.78,107.702,107.766,3237,1,0
2025-10-06 23:00:00,107.767,107.861,107.743,107.837,2283,1,0
2025-10-07 00:00:00,107.825,107.825,107.698,107.734,491,37,0
2025-10-07 01:00:00,107.734,107.847,107.734,107.808,3637,1,0
2025-10-07 02:00:00,107.808,107.858,107.768,107.83,2817,1,0
2025-10-07 03:00:00,107.829,107.998,107.822,107.89,5656,1,0
2025-10-07 04:00:00,107.89,107.958,107.804,107.876,3998,1,0
2025-10-07 05:00:00,107.877,107.92,107.784,107.916,3166,1,0
2025-10-07 06:00:00,107.916,107.92,107.809,107.816,2966,1,0
2025-10-07 07:00:00,107.816,107.857,107.75,107.839,2837,1,0
2025-10-07 08:00:00,107.841,107.893,107.818,107.867,3716,1,0
2025-10-07 09:00:00,107.867,107.968,107.862,107.947,5875,1,0
2025-10-07 10:00:00,107.947,107.968,107.835,107.938,6165,1,0
2025-10-07 11:00:00,107.939,108.078,107.877,108.048,4985,1,0
2025-10-07 12:00:00,108.047,108.079,108.004,108.037,4061,1,0
2025-10-07 13:00:00,108.036,108.101,108.021,108.069,3610,1,0
2025-10-07 14:00:00,108.069,108.12,108.061,108.108,4430,1,0
2025-10-07 15:00:00,108.108,108.18,108.071,108.098,6481,1,0
2025-10-07 16:00:00,108.101,108.238,108.029,108.222,8282,1,0
2025-10-07 17:00:00,108.221,108.404,108.212,108.396,8813,1,0
2025-10-07 18:00:00,108.396,108.424,108.252,108.375,8946,1,0
2025-10-07 19:00:00,108.375,108.497,108.335,108.467,7013,1,0
2025-10-07 20:00:00,108.467,108.63,108.418,108.614,5467,1,0
2025-10-07 21:00:00,108.615,108.922,108.6,108.837,5974,1,0
2025-10-07 22:00:00,108.835,108.891,108.775,108.861,4457,1,0
2025-10-07 23:00:00,108.861,108.951,108.856,108.885,2659,1,0
2025-10-08 00:00:00,108.884,108.891,108.812,108.828,1099,25,0
2025-10-08 01:00:00,108.828,108.89,108.79,108.819,2224,1,0
2025-10-08 02:00:00,108.819,109.001,108.808,108.981,4379,1,0
2025-10-08 03:00:00,108.981,109.187,108.98,109.136,7303,1,0
2025-10-08 04:00:00,109.136,109.282,109.092,109.282,8253,1,0
2025-10-08 05:00:00,109.282,109.298,109.079,109.201,5255,1,0
2025-10-08 06:00:00,109.201,109.266,109.158,109.166,3093,1,0
2025-10-08 07:00:00,109.167,109.209,109.067,109.115,3588,1,0
2025-10-08 08:00:00,109.115,109.141,109.04,109.109,4056,1,0
2025-10-08 09:00:00,109.11,109.188,109.014,109.097,7695,1,0
2025-10-08 10:00:00,109.098,109.318,109.089,109.312,7907,1,0
2025-10-08 11:00:00,109.312,109.49,109.209,109.465,6559,1,0
2025-10-08 12:00:00,109.466,109.625,109.456,109.613,6083,1,0
2025-10-08 13:00:00,109.613,109.658,109.464,109.516,4989,1,0
2025-10-08 14:00:00,109.516,109.6,109.443,109.505,5308,1,0
2025-10-08 15:00:00,109.505,109.561,109.358,109.421,7144,1,0
2025-10-08 16:00:00,109.421,109.475,109.367,109.409,9285,1,0
2025-10-08 17:00:00,109.41,109.446,109.296,109.33,8511,1,0
2025-10-08 18:00:00,109.331,109.482,109.331,109.449,6801,1,0
2025-10-08 19:00:00,109.447,109.477,109.414,109.437,4634,1,0
2025-10-08 20:00:00,109.434,109.526,109.427,109.525,3700,1,0
2025-10-08 21:00:00,109.53,109.559,109.388,109.431,6383,1,0
2025-10-08 22:00:00,109.43,109.463,109.395,109.417,4204,1,0
2025-10-08 23:00:00,109.419,109.454,109.401,109.432,2571,1,0
2025-10-09 00:00:00,109.423,109.436,109.314,109.387,522,43,0
2025-10-09 01:00:00,109.387,109.438,109.329,109.358,2490,1,0
2025-10-09 02:00:00,109.358,109.467,109.291,109.448,4391,1,0
2025-10-09 03:00:00,109.449,109.496,109.317,109.494,6428,1,0
2025-10-09 04:00:00,109.494,109.544,109.333,109.402,7411,1,0
2025-10-09 05:00:00,109.403,109.48,109.355,109.389,3742,1,0
2025-10-09 06:00:00,109.389,109.472,109.389,109.438,2782,1,0
2025-10-09 07:00:00,109.438,109.511,109.418,109.43,3126,1,0
2025-10-09 08:00:00,109.43,109.527,109.426,109.501,3399,1,0
2025-10-09 09:00:00,109.501,109.729,109.497,109.587,8578,1,0
2025-10-09 10:00:00,109.587,109.754,109.55,109.696,8017,1,0
2025-10-09 11:00:00,109.696,109.739,109.498,109.526,6781,1,0
2025-10-09 12:00:00,109.526,109.573,109.329,109.39,7896,1,0
2025-10-09 13:00:00,109.387,109.509,109.353,109.464,4904,1,0
2025-10-09 14:00:00,109.464,109.558,109.458,109.523,5009,1,0
2025-10-09 15:00:00,109.523,109.613,109.498,109.554,7530,1,0
2025-10-09 16:00:00,109.553,109.635,109.12,109.437,13338,1,0
2025-10-09 17:00:00,109.436,109.499,109.243,109.331,11061,1,0
2025-10-09 18:00:00,109.331,109.36,109.196,109.255,9660,1,0
2025-10-09 19:00:00,109.255,109.256,109.124,109.133,7642,1,0
2025-10-09 20:00:00,109.133,109.223,109.079,109.215,7996,1,0
2025-10-09 21:00:00,109.215,109.233,109.154,109.182,5535,1,0
2025-10-09 22:00:00,109.182,109.199,109.14,109.158,4797,1,0
2025-10-09 23:00:00,109.157,109.221,109.151,109.176,2862,1,0
2025-10-10 00:00:00,109.109,109.171,109.003,109.161,660,77,0
2025-10-10 01:00:00,109.161,109.224,109.115,109.156,1770,1,0
2025-10-10 02:00:00,109.155,109.291,109.109,109.153,4636,1,0
2025-10-10 03:00:00,109.153,109.231,109.106,109.125,6533,1,0
2025-10-10 04:00:00,109.125,109.194,109.054,109.179,5442,1,0
2025-10-10 05:00:00,109.178,109.184,109.074,109.093,3810,1,0
2025-10-10 06:00:00,109.093,109.108,108.906,108.926,3863,1,0
2025-10-10 07:00:00,108.926,109.034,108.896,108.992,3516,1,0
2025-10-10 08:00:00,108.99,109.078,108.941,109.067,4117,1,0
2025-10-10 09:00:00,109.067,109.088,108.668,108.747,8944,1,0
2025-10-10 10:00:00,108.746,109.055,108.717,108.986,9328,1,0
2025-10-10 11:00:00,108.987,109.06,108.864,108.903,7370,1,0
2025-10-10 12:00:00,108.903,109.062,108.875,108.998,5717,1,0
2025-10-10 13:00:00,108.997,109.002,108.899,108.94,5103,1,0
2025-10-10 14:00:00,108.94,108.981,108.848,108.888,5844,1,0
2025-10-10 15:00:00,108.888,109.171,108.79,109.1,7960,1,0
2025-10-10 16:00:00,109.1,109.161,109.031,109.118,8416,1,0
2025-10-10 17:00:00,109.098,109.149,108.904,108.954,10263,1,0
2025-10-10 18:00:00,108.954,108.954,108.18,108.544,21091,1,0
2025-10-10 19:00:00,108.543,108.692,108.411,108.425,13648,1,0
2025-10-10 20:00:00,108.426,108.496,108.266,108.437,9518,1,0
2025-10-10 21:00:00,108.437,108.47,108.328,108.373,7474,1,0
2025-10-10 22:00:00,108.371,108.433,108.239,108.28,7079,1,0
2025-10-10 23:00:00,108.279,108.367,107.913,107.942,5380,1,0
2025-10-13 00:00:00,108.389,108.554,108.33,108.418,1840,73,0
2025-10-13 01:00:00,108.418,108.769,108.418,108.556,7222,1,0
2025-10-13 02:00:00,108.556,108.648,108.393,108.631,7655,1,0
2025-10-13 03:00:00,108.629,108.637,108.485,108.521,8553,1,0
2025-10-13 04:00:00,108.519,108.659,108.504,108.647,7993,1,0
2025-10-13 05:00:00,108.645,108.661,108.589,108.595,4311,1,0
2025-10-13 06:00:00,108.595,108.646,108.555,108.564,3553,1,0
2025-10-13 07:00:00,108.564,108.604,108.512,108.566,3445,1,0
2025-10-13 08:00:00,108.564,108.575,108.482,108.499,4687,1,0
2025-10-13 09:00:00,108.499,108.571,108.428,108.506,7666,1,0
2025-10-13 10:00:00,108.506,108.844,108.486,108.753,9393,1,0
2025-10-13 11:00:00,108.753,108.814,108.709,108.81,7035,1,0
2025-10-13 12:00:00,108.81,108.83,108.69,108.695,4958,1,0
2025-10-13 13:00:00,108.695,108.708,108.65,108.676,4541,1,0
2025-10-13 14:00:00,108.676,108.68,108.537,108.583,8049,1,0
2025-10-13 15:00:00,108.583,108.641,108.549,108.629,7137,1,0
2025-10-13 16:00:00,108.628,108.636,108.523,108.587,8986,1,0
2025-10-13 17:00:00,108.587,108.719,108.577,108.612,9424,1,0
2025-10-13 18:00:00,108.611,108.639,108.534,108.538,6420,1,0
2025-10-13 19:00:00,108.538,108.547,108.493,108.536,4684,1,0
2025-10-13 20:00:00,108.537,108.565,108.49,108.519,4081,1,0
2025-10-13 21:00:00,108.519,108.532,108.489,108.49,3532,1,0
2025-10-13 22:00:00,108.49,108.522,108.465,108.521,3524,1,0
2025-10-13 23:00:00,108.52,108.547,108.489,108.489,2084,1,0
2025-10-14 00:00:00,108.455,108.473,108.352,108.413,793,68,0
2025-10-14 01:00:00,108.413,108.538,108.412,108.538,1763,1,0
2025-10-14 02:00:00,108.538,108.601,108.491,108.597,3098,1,0
2025-10-14 03:00:00,108.597,108.721,108.574,108.618,7382,1,0
2025-10-14 04:00:00,108.616,108.664,108.542,108.618,5993,1,0
2025-10-14 05:00:00,108.618,108.626,108.514,108.52,3984,1,0
2025-10-14 06:00:00,108.52,108.531,108.293,108.366,4984,1,0
2025-10-14 07:00:00,108.366,108.369,108.073,108.142,8504,1,0
2025-10-14 08:00:00,108.142,108.214,108.003,108.014,7741,1,0
2025-10-14 09:00:00,108.009,108.131,107.94,108.072,10186,1,0
2025-10-14 10:00:00,108.073,108.164,107.916,108.054,11177,1,0
2025-10-14 11:00:00,108.056,108.228,108.032,108.105,7875,1,0
2025-10-14 12:00:00,108.106,108.19,108.057,108.123,6115,1,0
2025-10-14 13:00:00,108.122,108.13,107.921,107.951,6899,1,0
2025-10-14 14:00:00,107.953,108.162,107.952,108.149,6712,1,0
2025-10-14 15:00:00,108.149,108.164,107.976,108.057,8741,1,0
2025-10-14 16:00:00,108.056,108.235,108.011,108.233,13637,1,0
2025-10-14 17:00:00,108.233,108.369,108.139,108.143,11832,1,0
2025-10-14 18:00:00,108.142,108.204,107.969,108.082,10604,1,0
2025-10-14 19:00:00,108.081,108.163,108.013,108.057,9369,1,0
2025-10-14 20:00:00,108.057,108.16,108.005,108.114,6730,1,0
2025-10-14 21:00:00,108.114,108.154,108.09,108.126,5230,1,0
2025-10-14 22:00:00,108.127,108.143,107.964,108.023,7439,1,0
2025-10-14 23:00:00,108.023,108.095,108.022,108.095,2911,1,0
2025-10-15 00:00:00,108.06,108.075,107.937,107.98,622,95,0
2025-10-15 01:00:00,107.98,108.183,107.98,108.111,2385,1,0
2025-10-15 02:00:00,108.111,108.147,108.006,108.008,3670,1,0
2025-10-15 03:00:00,108.012,108.096,107.868,107.92,7626,1,0
2025-10-15 04:00:00,107.912,107.951,107.782,107.785,6926,1,0
2025-10-15 05:00:00,107.785,107.795,107.627,107.641,5329,1,0
2025-10-15 06:00:00,107.641,107.696,107.578,107.68,3999,1,0
2025-10-15 07:00:00,107.68,107.758,107.65,107.758,3278,1,0
2025-10-15 08:00:00,107.758,107.788,107.675,107.725,4169,1,0
2025-10-15 09:00:00,107.723,107.723,107.558,107.66,6889,1,0
2025-10-15 10:00:00,107.66,107.77,107.612,107.709,7338,1,0
2025-10-15 11:00:00,107.709,107.81,107.628,107.686,7284,1,0
2025-10-15 12:00:00,107.686,107.85,107.685,107.811,6043,1,0
2025-10-15 13:00:00,107.811,107.893,107.808,107.83,4672,1,0
2025-10-15 14:00:00,107.83,107.916,107.803,107.882,4838,1,0
2025-10-15 15:00:00,107.881,108.012,107.863,107.923,9625,1,0
2025-10-15 16:00:00,107.923,108.007,107.813,107.814,10805,1,0
2025-10-15 17:00:00,107.814,107.891,107.753,107.854,8825,1,0
2025-10-15 18:00:00,107.855,107.897,107.659,107.754,9456,1,0
2025-10-15 19:00:00,107.754,107.821,107.717,107.739,7169,1,0
2025-10-15 20:00:00,107.737,107.745,107.495,107.703,9133,1,0
2025-10-15 21:00:00,107.701,107.717,107.583,107.701,5441,1,0
2025-10-15 22:00:00,107.701,107.712,107.644,107.686,4164,1,0
2025-10-15 23:00:00,107.687,107.718,107.571,107.591,3412,1,0
2025-10-16 00:00:00,107.524,107.617,107.46,107.501,479,77,0
2025-10-16 01:00:00,107.501,107.601,107.366,107.454,2647,1,0
2025-10-16 02:00:00,107.454,107.553,107.444,107.509,3108,1,0
2025-10-16 03:00:00,107.509,107.576,107.206,107.363,9238,1,0
2025-10-16 04:00:00,107.363,107.452,107.327,107.388,7478,1,0
2025-10-16 05:00:00,107.387,107.513,107.368,107.506,4748,1,0
2025-10-16 06:00:00,107.506,107.567,107.467,107.549,3753,1,0
2025-10-16 07:00:00,107.549,107.682,107.533,107.637,2959,1,0
2025-10-16 08:00:00,107.637,107.739,107.626,107.661,5260,1,0
2025-10-16 09:00:00,107.66,107.829,107.625,107.779,7311,1,0
2025-10-16 10:00:00,107.779,107.863,107.563,107.782,8465,1,0
2025-10-16 11:00:00,107.783,107.819,107.655,107.751,7082,1,0
2025-10-16 12:00:00,107.75,107.842,107.74,107.775,5029,1,0
2025-10-16 13:00:00,107.775,107.78,107.669,107.682,4090,1,0
2025-10-16 14:00:00,107.682,107.764,107.658,107.676,5481,1,0
2025-10-16 15:00:00,107.674,107.703,107.478,107.544,7870,1,0
2025-10-16 16:00:00,107.547,107.681,107.524,107.573,11946,1,0
2025-10-16 17:00:00,107.572,107.589,107.404,107.418,11104,1,0
2025-10-16 18:00:00,107.418,107.482,107.301,107.338,9944,1,0
2025-10-16 19:00:00,107.336,107.361,106.942,107.101,11215,1,0
2025-10-16 20:00:00,107.102,107.188,107.005,107.072,10200,1,0
2025-10-16 21:00:00,107.072,107.1,106.894,107.011,8258,1,0
2025-10-16 22:00:00,107.011,107.08,106.89,107.046,6391,1,0
2025-10-16 23:00:00,107.047,107.088,106.993,107.037,3149,1,0
2025-10-17 00:00:00,107.032,107.032,106.925,107.002,778,28,0
2025-10-17 01:00:00,106.997,107.055,106.952,106.968,2911,1,0
2025-10-17 02:00:00,106.965,106.991,106.823,106.9,3468,1,0
2025-10-17 03:00:00,106.9,107.004,106.826,107.003,5992,1,0
2025-10-17 04:00:00,107.003,107.067,106.973,107.0,5945,1,0
2025-10-17 05:00:00,107.0,107.045,106.842,106.929,4077,1,0
2025-10-17 06:00:00,106.929,106.929,106.724,106.81,3427,1,0
2025-10-17 07:00:00,106.81,106.9,106.792,106.815,3411,1,0
2025-10-17 08:00:00,106.815,106.84,106.67,106.678,4311,1,0
2025-10-17 09:00:00,106.678,106.767,106.493,106.504,9053,1,0
2025-10-17 10:00:00,106.504,106.593,106.237,106.53,13110,1,0
2025-10-17 11:00:00,106.531,106.67,106.434,106.605,9381,1,0
2025-10-17 12:00:00,106.605,106.752,106.554,106.62,6644,1,0
2025-10-17 13:00:00,106.622,106.87,106.603,106.843,7638,1,0
2025-10-17 14:00:00,106.843,107.146,106.772,107.057,10794,1,0
2025-10-17 15:00:00,107.056,107.207,107.054,107.121,10192,1,0
2025-10-17 16:00:00,107.12,107.157,106.939,107.06,11521,1,0
2025-10-17 17:00:00,107.06,107.25,107.033,107.059,12609,1,0
2025-10-17 18:00:00,107.059,107.099,106.914,107.034,8812,1,0
2025-10-17 19:00:00,107.034,107.201,107.033,107.137,6651,1,0
2025-10-17 20:00:00,107.137,107.264,107.095,107.262,5309,1,0
2025-10-17 21:00:00,107.263,107.399,107.26,107.376,4613,1,0
2025-10-17 22:00:00,107.376,107.442,107.353,107.39,3348,1,0
2025-10-17 23:00:00,107.39,107.493,107.351,107.393,2966,1,0
2025-10-20 00:00:00,107.19,107.29,107.168,107.228,1407,99,0
2025-10-20 01:00:00,107.228,107.661,107.215,107.653,2918,1,0
2025-10-20 02:00:00,107.663,107.743,107.627,107.678,3030,1,0
2025-10-20 03:00:00,107.678,107.72,107.579,107.697,6036,1,0
2025-10-20 04:00:00,107.697,107.928,107.678,107.728,4777,1,0
2025-10-20 05:00:00,107.728,107.801,107.675,107.689,2695,1,0
2025-10-20 06:00:00,107.687,107.708,107.537,107.589,2278,1,0
2025-10-20 07:00:00,107.589,107.618,107.416,107.486,3286,1,0
2025-10-20 08:00:00,107.486,107.53,107.416,107.499,3777,1,0
2025-10-20 09:00:00,107.499,107.499,107.365,107.434,6599,1,0
2025-10-20 10:00:00,107.434,107.564,107.402,107.443,6523,1,0
2025-10-20 11:00:00,107.443,107.481,107.31,107.316,6268,1,0
2025-10-20 12:00:00,107.316,107.45,107.086,107.42,6846,1,0
2025-10-20 13:00:00,107.42,107.481,107.359,107.407,5127,1,0
2025-10-20 14:00:00,107.407,107.471,107.341,107.355,4649,1,0
2025-10-20 15:00:00,107.355,107.372,107.229,107.284,7269,1,0
2025-10-20 16:00:00,107.285,107.445,107.202,107.398,7789,1,0
2025-10-20 17:00:00,107.397,107.421,107.143,107.311,7415,1,0
2025-10-20 18:00:00,107.311,107.359,107.267,107.338,6511,1,0
2025-10-20 19:00:00,107.337,107.425,107.295,107.406,3873,1,0
2025-10-20 20:00:00,107.41,107.458,107.391,107.428,2827,1,0
2025-10-20 21:00:00,107.428,107.453,107.347,107.36,2866,1,0
2025-10-20 22:00:00,107.36,107.413,107.331,107.393,2692,1,0
2025-10-20 23:00:00,107.393,107.439,107.363,107.381,2000,1,0
2025-10-21 00:00:00,107.363,107.363,107.268,107.33,448,70,0
2025-10-21 01:00:00,107.33,107.436,107.33,107.421,1258,1,0
2025-10-21 02:00:00,107.421,107.478,107.409,107.477,2152,1,0
2025-10-21 03:00:00,107.477,107.489,107.249,107.376,5404,1,0
2025-10-21 04:00:00,107.374,107.556,107.268,107.539,4750,1,0
2025-10-21 05:00:00,107.539,107.601,107.498,107.571,3662,1,0
2025-10-21 06:00:00,107.571,107.594,107.478,107.514,3107,1,0
2025-10-21 07:00:00,107.516,107.63,107.392,107.538,4998,1,0
2025-10-21 08:00:00,107.537,107.802,107.387,107.793,7668,1,0
2025-10-21 09:00:00,107.794,107.85,107.592,107.632,6711,1,0
2025-10-21 10:00:00,107.633,107.634,107.462,107.524,7935,1,0
2025-10-21 11:00:00,107.524,107.864,107.453,107.828,8583,1,0
2025-10-21 12:00:00,107.828,108.011,107.825,108.009,5240,1,0
2025-10-21 13:00:00,108.009,108.191,107.972,108.122,6266,1,0
2025-10-21 14:00:00,108.122,108.205,108.045,108.178,6317,1,0
2025-10-21 15:00:00,108.178,108.561,108.15,108.38,9488,1,0
2025-10-21 16:00:00,108.38,108.453,107.987,107.987,12210,1,0
2025-10-21 17:00:00,107.988,108.328,107.882,108.322,10567,1,0
2025-10-21 18:00:00,108.322,108.35,108.212,108.294,6754,1,0
2025-10-21 19:00:00,108.295,108.433,108.261,108.342,5990,1,0
2025-10-21 20:00:00,108.342,108.429,108.289,108.4,4736,1,0
2025-10-21 21:00:00,108.4,108.415,108.348,108.374,2929,1,0
2025-10-21 22:00:00,108.374,108.419,108.36,108.392,2470,1,0
2025-10-21 23:00:00,108.392,108.408,108.303,108.331,1902,1,0
2025-10-22 00:00:00,108.337,108.337,108.268,108.284,289,34,0
2025-10-22 01:00:00,108.284,108.374,108.284,108.363,1229,1,0
2025-10-22 02:00:00,108.36,108.39,108.325,108.333,2048,1,0
2025-10-22 03:00:00,108.333,108.345,108.189,108.201,6439,1,0
2025-10-22 04:00:00,108.201,108.335,108.136,108.33,4975,1,0
2025-10-22 05:00:00,108.33,108.351,108.237,108.277,2900,1,0
2025-10-22 06:00:00,108.277,108.41,108.274,108.394,2503,1,0
2025-10-22 07:00:00,108.394,108.465,108.385,108.391,2612,1,0
2025-10-22 08:00:00,108.391,108.488,108.378,108.487,2506,1,0
2025-10-22 09:00:00,108.487,108.567,108.382,108.394,7103,1,0
2025-10-22 10:00:00,108.394,108.424,108.313,108.409,7389,1,0
2025-10-22 11:00:00,108.409,108.437,108.26,108.291,8186,1,0
2025-10-22 12:00:00,108.292,108.368,108.256,108.353,5507,1,0
2025-10-22 13:00:00,108.353,108.354,108.26,108.283,5125,1,0
2025-10-22 14:00:00,108.283,108.31,108.141,108.206,7452,1,0
2025-10-22 15:00:00,108.208,108.352,108.177,108.347,8233,1,0
2025-10-22 16:00:00,108.346,108.536,108.312,108.508,9440,1,0
2025-10-22 17:00:00,108.509,108.648,108.438,108.546,9295,1,0
2025-10-22 18:00:00,108.547,108.616,108.484,108.593,7979,1,0
2025-10-22 19:00:00,108.591,108.611,108.289,108.571,8155,1,0
2025-10-22 20:00:00,108.571,108.577,108.348,108.374,6153,1,0
2025-10-22 21:00:00,108.374,108.591,108.371,108.581,4902,1,0
2025-10-22 22:00:00,108.581,108.707,108.542,108.677,3852,1,0
2025-10-22 23:00:00,108.677,108.688,108.529,108.58,2327,1,0
2025-10-23 00:00:00,108.568,108.59,108.448,108.539,286,72,0
2025-10-23 01:00:00,108.539,108.611,108.521,108.602,1737,1,0
2025-10-23 02:00:00,108.602,108.669,108.587,108.656,2684,1,0
2025-10-23 03:00:00,108.656,108.833,108.639,108.772,5197,1,0
2025-10-23 04:00:00,108.772,108.945,108.753,108.9,4314,1,0
2025-10-23 05:00:00,108.9,108.917,108.839,108.89,2505,1,0
2025-10-23 06:00:00,108.889,108.936,108.873,108.915,2311,1,0
2025-10-23 07:00:00,108.915,108.978,108.886,108.893,2276,1,0
2025-10-23 08:00:00,108.893,108.904,108.829,108.89,2518,1,0
2025-10-23 09:00:00,108.89,109.107,108.865,109.1,5046,1,0
2025-10-23 10:00:00,109.099,109.114,108.93,108.977,6011,1,0
2025-10-23 11:00:00,108.978,109.102,108.95,109.063,4470,1,0
2025-10-23 12:00:00,109.064,109.109,109.003,109.022,4048,1,0
2025-10-23 13:00:00,109.022,109.165,109.022,109.163,4480,1,0
2025-10-23 14:00:00,109.164,109.172,109.094,109.101,4616,1,0
2025-10-23 15:00:00,109.099,109.138,108.978,109.017,6546,1,0
2025-10-23 16:00:00,109.017,109.222,108.999,109.188,7805,1,0
2025-10-23 17:00:00,109.189,109.222,109.094,109.098,8153,1,0
2025-10-23 18:00:00,109.104,109.175,109.047,109.164,5713,1,0
2025-10-23 19:00:00,109.163,109.206,109.099,109.113,3767,1,0
2025-10-23 20:00:00,109.113,109.168,109.044,109.079,3380,1,0
2025-10-23 21:00:00,109.079,109.107,109.046,109.057,2872,1,0
2025-10-23 22:00:00,109.057,109.099,109.019,109.092,2559,1,0
2025-10-23 23:00:00,109.092,109.114,109.045,109.065,1849,1,0
2025-10-24 00:00:00,109.024,109.05,108.975,109.0,898,52,0
2025-10-24 01:00:00,108.999,109.169,108.999,109.082,1495,1,0
2025-10-24 02:00:00,109.082,109.142,109.078,109.111,2074,1,0
2025-10-24 03:00:00,109.111,109.143,109.036,109.131,3891,1,0
2025-10-24 04:00:00,109.131,109.279,109.128,109.275,3984,1,0
2025-10-24 05:00:00,109.275,109.289,108.943,109.08,3978,1,0
2025-10-24 06:00:00,109.08,109.136,109.052,109.083,2672,1,0
2025-10-24 07:00:00,109.082,109.145,109.073,109.122,2346,1,0
2025-10-24 08:00:00,109.122,109.196,109.094,109.146,3416,1,0
2025-10-24 09:00:00,109.146,109.201,109.121,109.148,5305,1,0
2025-10-24 10:00:00,109.147,109.172,109.008,109.11,6733,1,0
2025-10-24 11:00:00,109.11,109.165,109.075,109.096,5510,1,0
2025-10-24 12:00:00,109.096,109.132,109.03,109.106,4272,1,0
2025-10-24 13:00:00,109.105,109.12,109.069,109.091,3111,1,0
2025-10-24 14:00:00,109.091,109.1,109.003,109.036,4549,1,0
2025-10-24 15:00:00,109.035,109.057,108.582,108.902,10608,1,0
2025-10-24 16:00:00,108.902,109.052,108.883,108.956,11279,1,0
2025-10-24 17:00:00,108.956,108.974,108.805,108.919,9039,1,0
2025-10-24 18:00:00,108.919,109.1,108.901,109.064,6263,1,0
2025-10-24 19:00:00,109.064,109.129,109.029,109.117,3087,1,0
2025-10-24 20:00:00,109.117,109.134,109.064,109.09,2684,1,0
2025-10-24 21:00:00,109.09,109.215,109.084,109.185,2490,1,0
2025-10-24 22:00:00,109.185,109.208,109.136,109.182,2245,1,0
2025-10-24 23:00:00,109.182,109.221,109.148,109.203,2014,1,0
2025-10-27 00:00:00,108.985,109.225,108.975,109.167,2012,85,0
2025-10-27 01:00:00,109.167,109.445,109.167,109.418,4063,1,0
2025-10-27 02:00:00,109.418,109.495,109.366,109.385,2889,1,0
2025-10-27 03:00:00,109.385,109.475,109.278,109.324,5044,1,0
2025-10-27 04:00:00,109.324,109.393,109.199,109.3,4944,1,0
2025-10-27 05:00:00,109.301,109.404,109.282,109.399,3021,1,0
2025-10-27 06:00:00,109.398,109.413,109.37,109.403,2262,1,0
2025-10-27 07:00:00,109.403,109.475,109.386,109.467,3024,1,0
2025-10-27 08:00:00,109.467,109.549,109.466,109.499,3245,1,0
2025-10-27 09:00:00,109.498,109.557,109.377,109.434,4425,1,0
2025-10-27 10:00:00,109.434,109.504,109.356,109.472,5529,1,0
2025-10-27 11:00:00,109.473,109.523,109.311,109.333,7071,1,0
2025-10-27 12:00:00,109.335,109.347,109.29,109.319,5644,1,0
2025-10-27 13:00:00,109.318,109.353,109.268,109.29,4679,1,0
2025-10-27 14:00:00,109.29,109.338,109.182,109.204,5538,1,0
2025-10-27 15:00:00,109.204,109.36,109.164,109.315,5879,1,0
2025-10-27 16:00:00,109.316,109.471,109.29,109.405,7288,1,0
2025-10-27 17:00:00,109.405,109.432,109.269,109.278,7398,1,0
2025-10-27 18:00:00,109.279,109.392,109.255,109.38,5994,1,0
2025-10-27 19:00:00,109.38,109.385,109.291,109.316,3812,1,0
2025-10-27 20:00:00,109.316,109.373,109.285,109.352,2966,1,0
2025-10-27 21:00:00,109.35,109.35,109.192,109.214,2940,1,0
2025-10-27 22:00:00,109.214,109.308,109.21,109.264,2844,1,0
2025-10-27 23:00:00,109.265,109.328,109.23,109.276,1753,1,0
2025-10-28 00:00:00,109.268,109.269,109.164,109.164,424,23,0
2025-10-28 01:00:00,109.164,109.267,109.163,109.232,1671,1,0
2025-10-28 02:00:00,109.232,109.253,109.136,109.139,2452,1,0
2025-10-28 03:00:00,109.139,109.147,108.982,109.047,4675,1,0
2025-10-28 04:00:00,109.047,109.052,108.898,108.954,5456,1,0
2025-10-28 05:00:00,108.952,109.006,108.906,108.978,3529,1,0
2025-10-28 06:00:00,108.979,108.993,108.805,108.885,3065,1,0
2025-10-28 07:00:00,108.885,108.906,108.608,108.623,5185,1,0
2025-10-28 08:00:00,108.623,108.662,108.502,108.591,5404,1,0
2025-10-28 09:00:00,108.59,108.646,108.497,108.582,4869,1,0
2025-10-28 10:00:00,108.582,108.809,108.582,108.672,6909,1,0
2025-10-28 11:00:00,108.672,108.697,108.463,108.511,8239,1,0
2025-10-28 12:00:00,108.512,108.611,108.486,108.537,5571,1,0
2025-10-28 13:00:00,108.537,108.589,108.483,108.52,4814,1,0
2025-10-28 14:00:00,108.52,108.66,108.518,108.615,4798,1,0
2025-10-28 15:00:00,108.615,108.749,108.609,108.668,6834,1,0
2025-10-28 16:00:00,108.667,108.896,108.664,108.818,7864,1,0
2025-10-28 17:00:00,108.819,108.941,108.812,108.885,8039,1,0
2025-10-28 18:00:00,108.886,109.178,108.851,109.171,7443,1,0
2025-10-28 19:00:00,109.17,109.282,109.103,109.111,6357,1,0
2025-10-28 20:00:00,109.111,109.148,109.078,109.138,3917,1,0
2025-10-28 21:00:00,109.138,109.176,109.087,109.101,3040,1,0
2025-10-28 22:00:00,109.101,109.117,109.017,109.11,2898,1,0
2025-10-28 23:00:00,109.11,109.155,109.026,109.068,2116,1,0
2025-10-29 00:00:00,109.064,109.064,108.956,108.968,664,30,0
2025-10-29 01:00:00,108.968,109.127,108.967,109.117,1420,1,0
2025-10-29 02:00:00,109.117,109.138,108.851,108.858,2337,1,0
2025-10-29 03:00:00,108.86,109.004,108.728,108.79,7786,1,0
2025-10-29 04:00:00,108.788,109.04,108.729,109.006,5896,1,0
2025-10-29 05:00:00,109.007,109.135,108.984,109.077,3374,1,0
2025-10-29 06:00:00,109.076,109.101,109.012,109.1,2727,1,0
2025-10-29 07:00:00,109.1,109.125,109.011,109.077,2811,1,0
2025-10-29 08:00:00,109.079,109.419,109.073,109.3,4312,1,0
2025-10-29 09:00:00,109.299,109.358,109.172,109.192,4027,1,0
2025-10-29 10:00:00,109.193,109.256,109.131,109.174,5339,1,0
2025-10-29 11:00:00,109.175,109.289,109.162,109.235,5789,1,0
2025-10-29 12:00:00,109.236,109.325,109.171,109.187,5212,1,0
2025-10-29 13:00:00,109.187,109.28,109.166,109.242,3945,1,0
2025-10-29 14:00:00,109.242,109.305,109.126,109.211,4666,1,0
2025-10-29 15:00:00,109.21,109.294,109.168,109.287,5555,1,0
2025-10-29 16:00:00,109.286,109.298,109.029,109.197,7676,1,0
2025-10-29 17:00:00,109.197,109.414,109.171,109.35,7038,1,0
2025-10-29 18:00:00,109.35,109.468,109.296,109.335,6932,1,0
2025-10-29 19:00:00,109.335,109.532,109.326,109.483,5546,1,0
2025-10-29 20:00:00,109.483,109.607,109.458,109.501,3983,1,0
2025-10-29 21:00:00,109.502,109.79,109.402,109.693,15938,1,0
2025-10-29 22:00:00,109.692,109.727,109.537,109.571,11266,1,0
2025-10-29 23:00:00,109.573,109.624,109.437,109.534,4827,1,0
2025-10-30 00:00:00,109.518,109.527,109.408,109.465,683,44,0
2025-10-30 01:00:00,109.465,109.568,109.453,109.517,1987,2,0
2025-10-30 02:00:00,109.517,109.576,109.449,109.57,2397,1,0
2025-10-30 03:00:00,109.567,109.703,109.46,109.543,6318,1,0
2025-10-30 04:00:00,109.543,109.57,109.406,109.473,5692,1,0
2025-10-30 05:00:00,109.472,109.475,109.304,109.319,3987,1,0
2025-10-30 06:00:00,109.318,109.861,109.218,109.754,7380,1,0
2025-10-30 07:00:00,109.751,109.804,109.486,109.702,10586,1,0
2025-10-30 08:00:00,109.702,109.851,109.628,109.847,6190,1,0
2025-10-30 09:00:00,109.847,110.154,109.772,110.028,7455,1,0
2025-10-30 10:00:00,110.029,110.179,109.99,110.072,7791,1,0
2025-10-30 11:00:00,110.072,110.352,110.072,110.273,6978,1,0
2025-10-30 12:00:00,110.273,110.317,110.173,110.25,5924,1,0
2025-10-30 13:00:00,110.251,110.35,110.251,110.342,5059,1,0
2025-10-30 14:00:00,110.342,110.348,110.175,110.244,5864,1,0
2025-10-30 15:00:00,110.244,110.321,110.148,110.223,8144,1,0
2025-10-30 16:00:00,110.223,110.284,110.111,110.176,10881,1,0
2025-10-30 17:00:00,110.175,110.349,110.143,110.334,10060,1,0
2025-10-30 18:00:00,110.334,110.39,110.195,110.28,7391,1,0
2025-10-30 19:00:00,110.28,110.313,110.204,110.228,5149,1,0
2025-10-30 20:00:00,110.227,110.281,110.16,110.231,3859,1,0
2025-10-30 21:00:00,110.231,110.261,110.194,110.208,3579,1,0
2025-10-30 22:00:00,110.208,110.208,110.131,110.166,3643,1,0
2025-10-30 23:00:00,110.166,110.242,110.15,110.237,2594,1,0
2025-10-31 00:00:00,110.205,110.205,110.123,110.138,419,55,0
2025-10-31 01:00:00,110.138,110.233,110.138,110.214,1570,2,0
2025-10-31 02:00:00,110.215,110.237,110.043,110.09,2655,1,0
2025-10-31 03:00:00,110.09,110.181,110.029,110.083,4783,1,0
2025-10-31 04:00:00,110.084,110.1,109.897,110.008,5302,1,0
2025-10-31 05:00:00,110.008,110.047,109.95,110.033,3383,1,0
2025-10-31 06:00:00,110.033,110.143,110.013,110.13,2402,1,0
2025-10-31 07:00:00,110.129,110.142,110.046,110.071,2881,1,0
2025-10-31 08:00:00,110.071,110.119,109.971,110.019,3222,1,0
2025-10-31 09:00:00,110.02,110.164,110.001,110.139,4513,1,0
2025-10-31 10:00:00,110.143,110.252,110.078,110.217,6325,1,0
2025-10-31 11:00:00,110.218,110.312,110.159,110.17,6301,1,0
2025-10-31 12:00:00,110.17,110.191,110.03,110.069,4775,1,0
2025-10-31 13:00:00,110.069,110.087,109.987,110.011,4028,1,0
2025-10-31 14:00:00,110.011,110.039,109.949,109.971,4585,1,0
2025-10-31 15:00:00,109.97,110.045,109.711,109.886,7208,1,0
2025-10-31 16:00:00,109.886,109.929,109.824,109.872,8078,1,0
2025-10-31 17:00:00,109.873,109.963,109.836,109.904,8171,1,0
2025-10-31 18:00:00,109.903,110.005,109.833,109.952,8430,1,0
2025-10-31 19:00:00,109.953,110.019,109.881,109.947,6533,1,0
2025-10-31 20:00:00,109.947,109.971,109.903,109.927,4474,1,0
2025-10-31 21:00:00,109.929,109.975,109.894,109.958,3233,1,0
2025-10-31 22:00:00,109.958,109.982,109.883,109.885,3309,1,0
2025-10-31 23:00:00,109.884,109.998,109.869,109.888,2541,1,0
2025-11-03 00:00:00,109.782,109.92,109.782,109.905,1978,73,0
2025-11-03 01:00:00,109.905,110.075,109.899,110.021,4177,1,0
2025-11-03 02:00:00,110.022,110.032,109.953,109.953,3166,1,0
2025-11-03 03:00:00,109.953,109.969,109.909,109.924,2806,1,0
2025-11-03 04:00:00,109.924,109.959,109.892,109.953,2137,1,0
2025-11-03 05:00:00,109.953,109.96,109.899,109.954,1652,1,0
2025-11-03 06:00:00,109.954,109.983,109.913,109.975,1592,1,0
2025-11-03 07:00:00,109.975,110.02,109.972,110.01,2047,1,0
2025-11-03 08:00:00,110.01,110.079,110.004,110.053,2437,1,0
2025-11-03 09:00:00,110.053,110.109,109.934,109.937,3971,1,0
2025-11-03 10:00:00,109.935,109.996,109.822,109.86,4861,1,0
2025-11-03 11:00:00,109.86,109.894,109.786,109.815,3765,1,0
2025-11-03 12:00:00,109.814,109.828,109.761,109.768,3623,1,0
2025-11-03 13:00:00,109.768,109.778,109.727,109.76,3327,1,0
2025-11-03 14:00:00,109.76,109.853,109.758,109.844,2902,1,0
2025-11-03 15:00:00,109.845,109.851,109.699,109.7,3964,1,0
2025-11-03 16:00:00,109.701,109.734,109.537,109.563,5242,1,0
2025-11-03 17:00:00,109.575,109.602,109.421,109.538,8580,1,0
2025-11-03 18:00:00,109.538,109.714,109.524,109.703,5694,1,0
2025-11-03 19:00:00,109.703,109.734,109.642,109.709,3484,1,0
2025-11-03 20:00:00,109.709,109.73,109.661,109.676,2306,1,0
2025-11-03 21:00:00,109.675,109.764,109.654,109.732,2974,1,0
2025-11-03 22:00:00,109.732,109.743,109.702,109.731,2715,1,0
2025-11-03 23:00:00,109.731,109.738,109.688,109.707,2345,1,0
2025-11-04 00:00:00,109.707,109.714,109.671,109.682,505,23,0
2025-11-04 01:00:00,109.682,109.727,109.682,109.72,1604,1,0
2025-11-04 02:00:00,109.72,109.791,109.662,109.75,4392,1,0
2025-11-04 03:00:00,109.749,109.807,109.698,109.723,4333,1,0
2025-11-04 04:00:00,109.724,109.733,109.549,109.551,3179,1,0
2025-11-04 05:00:00,109.551,109.635,109.527,109.578,3284,1,0
2025-11-04 06:00:00,109.578,109.583,109.387,109.533,3585,1,0
2025-11-04 07:00:00,109.533,109.547,109.259,109.28,4980,1,0
2025-11-04 08:00:00,109.28,109.296,109.1,109.217,6181,1,0
2025-11-04 09:00:00,109.217,109.278,109.046,109.26,5872,1,0
2025-11-04 10:00:00,109.266,109.323,109.103,109.238,7957,1,0
2025-11-04 11:00:00,109.239,109.29,109.046,109.083,6256,1,0
2025-11-04 12:00:00,109.083,109.165,108.954,109.142,5223,1,0
2025-11-04 13:00:00,109.142,109.156,109.008,109.07,3948,1,0
2025-11-04 14:00:00,109.07,109.097,109.013,109.055,5396,1,0
2025-11-04 15:00:00,109.054,109.065,108.884,108.942,5739,1,0
2025-11-04 16:00:00,108.943,109.031,108.871,108.963,7478,1,0
2025-11-04 17:00:00,108.963,109.035,108.888,108.916,7203,1,0
2025-11-04 18:00:00,108.917,109.046,108.891,109.041,6242,1,0
2025-11-04 19:00:00,109.043,109.061,108.933,108.99,3756,1,0
2025-11-04 20:00:00,108.99,109.024,108.93,108.948,3470,1,0
2025-11-04 21:00:00,108.948,109.004,108.915,108.953,3172,1,0
2025-11-04 22:00:00,108.953,109.033,108.922,108.996,3245,1,0
2025-11-04 23:00:00,108.996,109.027,108.902,108.953,3191,1,0
2025-11-05 00:00:00,108.942,108.946,108.907,108.914,912,40,0
2025-11-05 01:00:00,108.914,108.991,108.867,108.891,2024,1,0
2025-11-05 02:00:00,108.891,109.012,108.649,108.653,6277,1,0
2025-11-05 03:00:00,108.653,108.668,108.373,108.525,8415,1,0
2025-11-05 04:00:00,108.525,108.639,108.469,108.633,4851,1,0
2025-11-05 05:00:00,108.633,108.839,108.625,108.794,4821,1,0
2025-11-05 06:00:00,108.793,108.805,108.699,108.778,3646,1,0
2025-11-05 07:00:00,108.778,108.852,108.707,108.804,4053,1,0
2025-11-05 08:00:00,108.804,108.941,108.76,108.881,4149,1,0
2025-11-05 09:00:00,108.881,108.891,108.697,108.795,5307,1,0
2025-11-05 10:00:00,108.794,108.923,108.688,108.725,5983,1,0
2025-11-05 11:00:00,108.725,108.813,108.695,108.801,5030,1,0
2025-11-05 12:00:00,108.801,108.891,108.694,108.708,4442,1,0
2025-11-05 13:00:00,108.707,108.758,108.653,108.684,4248,1,0
2025-11-05 14:00:00,108.684,108.8,108.625,108.774,4918,1,0
2025-11-05 15:00:00,108.774,108.952,108.762,108.95,6894,1,0
2025-11-05 16:00:00,108.948,109.035,108.894,109.008,7040,1,0
2025-11-05 17:00:00,109.037,109.254,109.037,109.253,10512,1,0
2025-11-05 18:00:00,109.253,109.3,109.148,109.24,6615,1,0
2025-11-05 19:00:00,109.24,109.258,109.135,109.149,3462,1,0
2025-11-05 20:00:00,109.149,109.192,109.115,109.178,2542,1,0
2025-11-05 21:00:00,109.178,109.23,109.156,109.204,2284,1,0
2025-11-05 22:00:00,109.204,109.268,109.204,109.243,2481,1,0
2025-11-05 23:00:00,109.243,109.268,109.214,109.23,2356,1,0
2025-11-06 00:00:00,109.227,109.227,109.154,109.198,831,37,0
2025-11-06 01:00:00,109.198,109.281,109.184,109.28,1575,1,0
2025-11-06 02:00:00,109.281,109.282,109.09,109.159,5165,1,0
2025-11-06 03:00:00,109.158,109.159,109.058,109.113,4454,1,0
2025-11-06 04:00:00,109.113,109.215,109.083,109.172,2940,1,0
2025-11-06 05:00:00,109.172,109.203,109.096,109.113,2234,1,0
2025-11-06 06:00:00,109.113,109.229,109.099,109.18,2102,1,0
2025-11-06 07:00:00,109.18,109.212,109.08,109.133,2864,1,0
2025-11-06 08:00:00,109.133,109.224,109.093,109.194,2852,1,0
2025-11-06 09:00:00,109.195,109.212,109.087,109.135,3997,1,0
2025-11-06 10:00:00,109.134,109.136,108.934,108.976,6047,1,0
2025-11-06 11:00:00,108.976,109.084,108.975,109.045,4420,1,0
2025-11-06 12:00:00,109.045,109.092,109.044,109.072,3575,1,0
2025-11-06 13:00:00,109.072,109.094,108.979,109.009,3405,1,0
2025-11-06 14:00:00,109.009,109.078,108.961,108.986,5336,1,0
2025-11-06 15:00:00,108.986,109.032,108.871,108.902,6092,1,0
2025-11-06 16:00:00,108.902,108.914,108.609,108.615,7746,1,0
2025-11-06 17:00:00,108.615,108.666,108.325,108.325,9932,1,0
2025-11-06 18:00:00,108.325,108.381,108.266,108.299,7796,1,0
2025-11-06 19:00:00,108.299,108.43,108.202,108.403,6333,1,0
2025-11-06 20:00:00,108.403,108.509,108.294,108.478,5186,1,0
2025-11-06 21:00:00,108.478,108.571,108.45,108.528,4109,1,0
2025-11-06 22:00:00,108.528,108.535,108.389,108.415,3571,1,0
2025-11-06 23:00:00,108.414,108.483,108.4,108.42,2576,1,0
2025-11-07 00:00:00,108.397,108.421,108.306,108.391,1677,51,0
2025-11-07 01:00:00,108.391,108.423,108.303,108.391,2550,2,0
2025-11-07 02:00:00,108.391,108.546,108.314,108.497,6162,1,0
2025-11-07 03:00:00,108.497,108.568,108.36,108.428,5532,1,0
2025-11-07 04:00:00,108.428,108.46,108.319,108.445,3684,1,0
2025-11-07 05:00:00,108.444,108.469,108.338,108.373,2537,1,0
2025-11-07 06:00:00,108.373,108.463,108.334,108.412,2620,1,0
2025-11-07 07:00:00,108.412,108.599,108.412,108.587,2513,1,0
2025-11-07 08:00:00,108.587,108.741,108.587,108.729,3384,1,0
2025-11-07 09:00:00,108.729,108.75,108.667,108.667,4080,1,0
2025-11-07 10:00:00,108.667,108.771,108.62,108.767,5199,1,0
2025-11-07 11:00:00,108.768,108.776,108.692,108.74,4525,1,0
2025-11-07 12:00:00,108.74,108.754,108.627,108.672,4173,1,0
2025-11-07 13:00:00,108.672,108.678,108.426,108.542,5744,1,0
2025-11-07 14:00:00,108.541,108.567,108.428,108.498,4946,1,0
2025-11-07 15:00:00,108.498,109.079,108.459,109.044,8635,1,0
2025-11-07 16:00:00,109.044,109.188,108.742,108.953,10216,1,0
2025-11-07 17:00:00,108.964,108.971,108.744,108.817,11273,1,0
2025-11-07 18:00:00,108.817,108.848,108.716,108.747,6964,1,0
2025-11-07 19:00:00,108.747,108.968,108.726,108.939,5163,1,0
2025-11-07 20:00:00,108.94,109.122,108.904,109.113,3918,1,0
2025-11-07 21:00:00,109.113,109.41,109.096,109.382,5184,1,0
2025-11-07 22:00:00,109.382,109.395,109.238,109.368,5073,1,0
2025-11-07 23:00:00,109.367,109.414,109.209,109.219,2439,1,0
2025-11-10 00:00:00,109.218,109.436,109.192,109.37,1449,72,0
2025-11-10 01:00:00,109.37,109.574,109.37,109.528,4323,1,0
2025-11-10 02:00:00,109.528,109.61,109.238,109.573,7921,1,0
2025-11-10 03:00:00,109.573,109.682,109.565,109.642,7131,1,0
2025-11-10 04:00:00,109.642,109.702,109.609,109.692,4664,1,0
2025-11-10 05:00:00,109.692,109.762,109.682,109.693,4893,1,0
2025-11-10 06:00:00,109.693,109.735,109.637,109.694,5575,1,0
2025-11-10 07:00:00,109.694,109.839,109.686,109.755,5306,1,0
2025-11-10 08:00:00,109.755,109.824,109.732,109.773,4869,1,0
2025-11-10 09:00:00,109.772,109.923,109.772,109.915,5709,1,0
2025-11-10 10:00:00,109.915,110.032,109.871,110.026,6682,0,0
2025-11-10 11:00:00,110.026,110.08,109.986,110.02,5792,0,0
2025-11-10 12:00:00,110.021,110.026,109.934,109.974,4146,0,0
2025-11-10 13:00:00,109.974,110.038,109.961,109.976,3831,1,0
2025-11-10 14:00:00,109.976,110.008,109.918,109.983,4264,0,0
2025-11-10 15:00:00,109.983,110.046,109.9,109.949,5306,0,0
