time,open,high,low,close,tick_volume,spread,real_volume
2024-11-11 00:00:00,163.296,163.607,163.233,163.469,3706,61,0
2024-11-11 01:00:00,163.464,163.867,163.457,163.816,3911,3,0
2024-11-11 02:00:00,163.815,164.125,163.76,164.123,7683,2,0
2024-11-11 03:00:00,164.124,164.273,164.069,164.256,7599,2,0
2024-11-11 04:00:00,164.257,164.503,164.182,164.477,6247,2,0
2024-11-11 05:00:00,164.477,164.517,164.388,164.45,5099,2,0
2024-11-11 06:00:00,164.45,164.585,164.399,164.533,4336,2,0
2024-11-11 07:00:00,164.537,164.653,164.491,164.541,5372,2,0
2024-11-11 08:00:00,164.54,164.58,164.414,164.455,5317,2,0
2024-11-11 09:00:00,164.455,164.497,164.148,164.239,10597,1,0
2024-11-11 10:00:00,164.24,164.479,164.212,164.331,10422,1,0
2024-11-11 11:00:00,164.33,164.426,163.902,164.089,10301,1,0
2024-11-11 12:00:00,164.088,164.27,163.989,164.018,7901,1,0
2024-11-11 13:00:00,164.017,164.025,163.794,163.943,7782,1,0
2024-11-11 14:00:00,163.943,164.017,163.812,163.821,5836,1,0
2024-11-11 15:00:00,163.822,163.891,163.732,163.736,9214,1,0
2024-11-11 16:00:00,163.733,163.821,163.577,163.733,11336,1,0
2024-11-11 17:00:00,163.732,163.866,163.656,163.816,10156,1,0
2024-11-11 18:00:00,163.816,163.88,163.768,163.852,6875,1,0
2024-11-11 19:00:00,163.848,163.934,163.813,163.863,5028,1,0
2024-11-11 20:00:00,163.861,163.861,163.711,163.81,6374,1,0
2024-11-11 21:00:00,163.811,163.837,163.773,163.778,3917,1,0
2024-11-11 22:00:00,163.777,163.819,163.693,163.717,4133,1,0
2024-11-11 23:00:00,163.716,163.815,163.702,163.809,1981,1,0
2024-11-12 00:00:00,163.708,163.821,163.623,163.8,1562,33,0
2024-11-12 01:00:00,163.797,163.843,163.617,163.701,2335,2,0
2024-11-12 02:00:00,163.694,163.932,163.638,163.879,6746,2,0
2024-11-12 03:00:00,163.88,164.025,163.866,163.941,7328,2,0
2024-11-12 04:00:00,163.933,163.98,163.658,163.708,7533,2,0
2024-11-12 05:00:00,163.708,163.719,163.463,163.465,6711,2,0
2024-11-12 06:00:00,163.465,163.522,163.333,163.394,6934,2,0
2024-11-12 07:00:00,163.393,163.443,163.239,163.44,7163,2,0
2024-11-12 08:00:00,163.438,163.547,163.375,163.535,6852,2,0
2024-11-12 09:00:00,163.533,163.607,163.405,163.544,10123,1,0
2024-11-12 10:00:00,163.545,163.674,163.345,163.663,11875,1,0
2024-11-12 11:00:00,163.663,163.783,163.514,163.759,10157,1,0
2024-11-12 12:00:00,163.758,163.758,163.516,163.57,8902,1,0
2024-11-12 13:00:00,163.571,163.719,163.511,163.607,7298,1,0
2024-11-12 14:00:00,163.608,163.73,163.439,163.624,9079,1,0
2024-11-12 15:00:00,163.624,164.008,163.594,163.997,11139,3,0
2024-11-12 16:00:00,163.997,164.131,163.847,163.951,10840,2,0
2024-11-12 17:00:00,163.951,163.968,163.693,163.931,11646,1,0
2024-11-12 18:00:00,163.928,164.044,163.885,163.996,11139,2,0
2024-11-12 19:00:00,163.996,164.225,163.965,164.175,10508,1,0
2024-11-12 20:00:00,164.175,164.309,164.166,164.265,7976,1,0
2024-11-12 21:00:00,164.265,164.305,164.196,164.223,6131,1,0
2024-11-12 22:00:00,164.224,164.257,164.147,164.194,5161,1,0
2024-11-12 23:00:00,164.194,164.332,164.152,164.268,2677,1,0
2024-11-13 00:00:00,164.112,164.261,164.018,164.112,2578,38,0
2024-11-13 01:00:00,164.106,164.225,164.061,164.189,2799,2,0
2024-11-13 02:00:00,164.193,164.45,164.177,164.422,6510,2,0
2024-11-13 03:00:00,164.424,164.515,164.285,164.313,10175,2,0
2024-11-13 04:00:00,164.313,164.444,164.219,164.429,7056,2,0
2024-11-13 05:00:00,164.431,164.476,164.351,164.383,6409,2,0
2024-11-13 06:00:00,164.384,164.469,164.328,164.42,5494,2,0
2024-11-13 07:00:00,164.42,164.446,164.258,164.409,6650,2,0
2024-11-13 08:00:00,164.408,164.632,164.404,164.553,8541,2,0
2024-11-13 09:00:00,164.548,164.589,164.307,164.467,9048,1,0
2024-11-13 10:00:00,164.469,164.577,164.378,164.499,10421,1,0
2024-11-13 11:00:00,164.498,164.653,164.453,164.607,9209,1,0
2024-11-13 12:00:00,164.607,164.678,164.385,164.524,8057,1,0
2024-11-13 13:00:00,164.527,164.692,164.398,164.686,6547,1,0
2024-11-13 14:00:00,164.687,164.788,164.53,164.703,8953,4,0
2024-11-13 15:00:00,164.703,164.799,164.283,164.346,17058,3,0
2024-11-13 16:00:00,164.346,164.357,163.798,163.9,18049,3,0
2024-11-13 17:00:00,163.899,164.161,163.628,164.109,19386,3,0
2024-11-13 18:00:00,164.11,164.213,163.96,164.074,13628,3,0
2024-11-13 19:00:00,164.077,164.283,164.051,164.249,10811,1,0
2024-11-13 20:00:00,164.251,164.298,164.14,164.29,8117,1,0
2024-11-13 21:00:00,164.29,164.417,164.264,164.34,9246,1,0
2024-11-13 22:00:00,164.34,164.362,164.284,164.334,7831,1,0
2024-11-13 23:00:00,164.332,164.36,164.192,164.243,4548,0,0
2024-11-14 00:00:00,164.117,164.205,163.947,164.122,2286,46,0
2024-11-14 01:00:00,164.123,164.254,164.078,164.212,3553,2,0
2024-11-14 02:00:00,164.212,164.588,164.199,164.523,7296,2,0
2024-11-14 03:00:00,164.523,164.625,164.432,164.535,9386,2,0
2024-11-14 04:00:00,164.536,164.669,164.482,164.576,6738,2,0
2024-11-14 05:00:00,164.575,164.575,164.421,164.487,5882,2,0
2024-11-14 06:00:00,164.486,164.664,164.475,164.613,5234,2,0
2024-11-14 07:00:00,164.614,164.621,164.378,164.556,7102,2,0
2024-11-14 08:00:00,164.556,164.577,164.373,164.42,7186,2,0
2024-11-14 09:00:00,164.419,164.464,164.282,164.427,8709,1,0
2024-11-14 10:00:00,164.432,164.483,164.225,164.308,9187,1,0
2024-11-14 11:00:00,164.308,164.421,164.129,164.231,9902,1,0
2024-11-14 12:00:00,164.233,164.255,164.035,164.036,9226,1,0
2024-11-14 13:00:00,164.035,164.241,163.804,164.166,9520,1,0
2024-11-14 14:00:00,164.168,164.437,164.083,164.355,9974,1,0
2024-11-14 15:00:00,164.357,164.377,164.139,164.297,16534,1,0
2024-11-14 16:00:00,164.296,164.459,164.213,164.409,15902,1,0
2024-11-14 17:00:00,164.408,164.981,164.381,164.918,15572,1,0
2024-11-14 18:00:00,164.918,164.925,164.683,164.73,11357,1,0
2024-11-14 19:00:00,164.728,164.783,164.39,164.454,10372,1,0
2024-11-14 20:00:00,164.453,164.5,164.401,164.423,9116,1,0
2024-11-14 21:00:00,164.423,164.501,164.403,164.46,8090,1,0
2024-11-14 22:00:00,164.459,164.59,164.349,164.433,17602,1,0
2024-11-14 23:00:00,164.432,164.59,164.406,164.555,8949,0,0
2024-11-15 00:00:00,164.294,164.582,164.294,164.575,1353,4,0
2024-11-15 01:00:00,164.567,164.807,164.539,164.765,4160,2,0
2024-11-15 02:00:00,164.765,165.03,164.74,164.938,8673,2,0
2024-11-15 03:00:00,164.938,164.988,164.658,164.875,10490,2,0
2024-11-15 04:00:00,164.872,164.959,164.757,164.854,7698,2,0
2024-11-15 05:00:00,164.855,164.966,164.784,164.955,6150,2,0
2024-11-15 06:00:00,164.955,164.995,164.772,164.841,5301,2,0
2024-11-15 07:00:00,164.842,164.908,164.794,164.906,5785,2,0
2024-11-15 08:00:00,164.907,164.964,164.625,164.751,8832,2,0
2024-11-15 09:00:00,164.741,164.848,164.436,164.447,11012,1,0
2024-11-15 10:00:00,164.441,164.462,164.259,164.381,12825,1,0
2024-11-15 11:00:00,164.38,164.621,164.042,164.102,11256,1,0
2024-11-15 12:00:00,164.101,164.242,164.028,164.23,9908,1,0
2024-11-15 13:00:00,164.229,164.488,164.131,164.467,8104,1,0
2024-11-15 14:00:00,164.468,164.499,164.317,164.343,8741,1,0
2024-11-15 15:00:00,164.336,164.469,163.997,164.006,17815,1,0
2024-11-15 16:00:00,164.0,164.072,163.704,163.824,19212,1,0
2024-11-15 17:00:00,163.826,163.862,163.109,163.243,18937,1,0
2024-11-15 18:00:00,163.243,163.349,162.941,163.118,16595,1,0
2024-11-15 19:00:00,163.118,163.181,162.692,162.748,12607,1,0
2024-11-15 20:00:00,162.747,162.759,162.316,162.411,11075,1,0
2024-11-15 21:00:00,162.412,162.64,162.378,162.493,9200,1,0
2024-11-15 22:00:00,162.492,162.516,162.371,162.431,9272,1,0
2024-11-15 23:00:00,162.43,162.694,162.4,162.655,4114,0,0
2024-11-18 00:00:00,162.432,162.793,162.414,162.753,2967,102,0
2024-11-18 01:00:00,162.752,163.032,162.638,162.93,5692,2,0
2024-11-18 02:00:00,162.93,162.946,162.261,162.731,11521,2,0
2024-11-18 03:00:00,162.736,163.498,162.584,162.977,15633,2,0
2024-11-18 04:00:00,162.976,163.294,162.96,163.113,8863,2,0
2024-11-18 05:00:00,163.113,163.209,162.89,162.914,7292,2,0
2024-11-18 06:00:00,162.911,163.009,162.716,163.008,6897,2,0
2024-11-18 07:00:00,163.009,163.084,162.791,162.918,8401,2,0
2024-11-18 08:00:00,162.918,162.987,162.717,162.978,9516,2,0
2024-11-18 09:00:00,162.978,163.206,162.914,163.026,11733,1,0
2024-11-18 10:00:00,163.024,163.448,162.949,163.429,13597,1,0
2024-11-18 11:00:00,163.429,163.555,163.194,163.539,12433,1,0
2024-11-18 12:00:00,163.538,163.599,163.41,163.497,9890,1,0
2024-11-18 13:00:00,163.496,163.543,163.306,163.465,8194,1,0
2024-11-18 14:00:00,163.465,163.782,163.39,163.763,8979,1,0
2024-11-18 15:00:00,163.766,163.88,163.563,163.7,12246,1,0
2024-11-18 16:00:00,163.698,163.754,163.412,163.603,13000,1,0
2024-11-18 17:00:00,163.602,163.903,163.572,163.88,13185,1,0
2024-11-18 18:00:00,163.88,163.932,163.688,163.863,10615,1,0
2024-11-18 19:00:00,163.854,163.935,163.775,163.846,8748,1,0
2024-11-18 20:00:00,163.844,163.9,163.774,163.863,7008,1,0
2024-11-18 21:00:00,163.863,163.976,163.784,163.88,7542,1,0
2024-11-18 22:00:00,163.879,163.889,163.733,163.748,5432,1,0
2024-11-18 23:00:00,163.747,163.929,163.708,163.923,3267,0,0
2024-11-19 00:00:00,163.828,163.899,163.791,163.873,915,32,0
2024-11-19 01:00:00,163.874,163.877,163.615,163.808,3225,2,0
2024-11-19 02:00:00,163.809,163.809,163.422,163.484,8093,2,0
2024-11-19 03:00:00,163.484,163.514,163.159,163.257,8138,2,0
2024-11-19 04:00:00,163.257,163.338,163.121,163.281,7688,2,0
2024-11-19 05:00:00,163.28,163.386,163.108,163.378,6461,2,0
2024-11-19 06:00:00,163.379,163.568,163.333,163.484,5983,2,0
2024-11-19 07:00:00,163.492,163.548,163.351,163.432,6020,2,0
2024-11-19 08:00:00,163.433,163.701,163.396,163.666,6458,2,0
2024-11-19 09:00:00,163.673,163.706,163.409,163.45,9916,1,0
2024-11-19 10:00:00,163.449,163.544,161.976,162.535,17692,1,0
2024-11-19 11:00:00,162.538,162.889,161.486,162.215,21766,1,0
2024-11-19 12:00:00,162.212,162.499,161.967,162.405,15351,1,0
2024-11-19 13:00:00,162.406,162.808,162.194,162.742,11483,1,0
2024-11-19 14:00:00,162.741,162.995,162.65,162.784,10797,1,0
2024-11-19 15:00:00,162.785,162.839,162.248,162.325,15693,1,0
2024-11-19 16:00:00,162.327,163.202,162.286,162.871,20099,1,0
2024-11-19 17:00:00,162.87,163.254,162.755,162.991,15332,1,0
2024-11-19 18:00:00,162.993,163.409,162.931,163.262,10160,1,0
2024-11-19 19:00:00,163.265,163.745,163.265,163.701,7705,1,0
2024-11-19 20:00:00,163.701,163.742,163.589,163.707,5566,1,0
2024-11-19 21:00:00,163.707,163.88,163.678,163.877,5170,1,0
2024-11-19 22:00:00,163.873,163.928,163.832,163.867,3886,1,0
2024-11-19 23:00:00,163.865,163.921,163.833,163.868,2158,0,0
2024-11-20 00:00:00,163.773,163.854,163.694,163.752,2277,28,0
2024-11-20 01:00:00,163.749,164.153,163.74,164.114,3258,4,0
2024-11-20 02:00:00,164.125,164.299,163.981,164.204,6176,2,0
2024-11-20 03:00:00,164.203,164.259,163.96,164.057,6023,2,0
2024-11-20 04:00:00,164.059,164.237,164.012,164.094,5592,2,0
2024-11-20 05:00:00,164.094,164.152,164.055,164.093,4819,2,0
2024-11-20 06:00:00,164.093,164.267,164.089,164.248,4467,2,0
2024-11-20 07:00:00,164.251,164.296,164.154,164.295,5414,2,0
2024-11-20 08:00:00,164.298,164.641,164.264,164.486,7785,2,0
2024-11-20 09:00:00,164.485,164.757,164.459,164.658,10774,1,0
2024-11-20 10:00:00,164.659,164.685,164.371,164.416,8918,1,0
2024-11-20 11:00:00,164.413,164.649,164.327,164.407,9112,1,0
2024-11-20 12:00:00,164.407,164.47,164.266,164.299,7510,1,0
2024-11-20 13:00:00,164.3,164.491,164.275,164.477,7136,1,0
2024-11-20 14:00:00,164.48,164.581,164.378,164.384,8466,1,0
2024-11-20 15:00:00,164.385,164.474,164.243,164.399,9018,1,0
2024-11-20 16:00:00,164.4,164.408,163.577,163.769,13100,1,0
2024-11-20 17:00:00,163.767,163.884,163.224,163.641,16252,1,0
2024-11-20 18:00:00,163.642,163.774,163.156,163.462,12325,1,0
2024-11-20 19:00:00,163.458,163.589,163.357,163.476,9021,1,0
2024-11-20 20:00:00,163.475,163.691,163.453,163.668,9080,1,0
2024-11-20 21:00:00,163.67,163.762,163.595,163.745,7591,1,0
2024-11-20 22:00:00,163.745,163.896,163.73,163.86,6454,1,0
2024-11-20 23:00:00,163.861,163.931,163.775,163.87,6327,1,0
2024-11-21 00:00:00,163.832,163.832,163.715,163.746,2029,34,0
2024-11-21 01:00:00,163.745,163.829,163.699,163.747,2554,2,0
2024-11-21 02:00:00,163.747,163.779,163.353,163.54,8804,2,0
2024-11-21 03:00:00,163.539,163.576,163.351,163.505,7828,2,0
2024-11-21 04:00:00,163.503,163.595,163.342,163.478,5719,2,0
2024-11-21 05:00:00,163.476,163.546,163.407,163.496,5109,2,0
2024-11-21 06:00:00,163.495,163.63,163.445,163.604,4832,2,0
2024-11-21 07:00:00,163.604,163.773,163.554,163.668,6402,2,0
2024-11-21 08:00:00,163.657,163.665,163.098,163.2,9809,2,0
2024-11-21 09:00:00,163.221,163.378,162.858,163.216,13309,1,0
2024-11-21 10:00:00,163.216,163.364,162.562,162.791,16220,1,0
2024-11-21 11:00:00,162.791,162.795,162.064,162.38,15796,1,0
2024-11-21 12:00:00,162.379,162.449,162.17,162.446,10121,1,0
2024-11-21 13:00:00,162.447,162.673,162.299,162.574,9307,1,0
2024-11-21 14:00:00,162.574,162.791,162.487,162.587,9978,1,0
2024-11-21 15:00:00,162.585,162.705,162.332,162.473,14719,1,0
2024-11-21 16:00:00,162.474,162.668,162.037,162.353,15962,1,0
2024-11-21 17:00:00,162.353,162.435,162.084,162.2,17005,1,0
2024-11-21 18:00:00,162.199,162.313,161.869,161.986,15515,1,0
2024-11-21 19:00:00,161.987,162.028,161.738,161.969,11521,1,0
2024-11-21 20:00:00,161.971,162.19,161.967,162.066,8958,1,0
2024-11-21 21:00:00,162.065,162.094,161.891,161.996,7971,1,0
2024-11-21 22:00:00,161.992,162.012,161.886,161.906,6997,1,0
2024-11-21 23:00:00,161.906,161.946,161.798,161.859,3677,1,0
2024-11-22 00:00:00,161.72,161.854,161.694,161.804,1081,27,0
2024-11-22 01:00:00,161.77,161.828,161.371,161.387,4872,3,0
2024-11-22 02:00:00,161.389,161.737,161.192,161.671,10641,2,0
2024-11-22 03:00:00,161.67,161.769,161.56,161.698,8607,2,0
2024-11-22 04:00:00,161.697,161.771,161.601,161.693,5783,2,0
2024-11-22 05:00:00,161.694,161.806,161.514,161.592,6410,2,0
2024-11-22 06:00:00,161.593,161.777,161.59,161.751,5588,2,0
2024-11-22 07:00:00,161.752,161.919,161.707,161.889,6503,2,0
2024-11-22 08:00:00,161.89,162.237,161.856,162.171,7202,2,0
2024-11-22 09:00:00,162.167,162.397,161.938,162.25,9892,3,0
2024-11-22 10:00:00,162.251,162.487,161.338,161.367,16371,2,0
2024-11-22 11:00:00,161.365,161.371,159.892,160.707,20593,4,0
2024-11-22 12:00:00,160.708,161.089,160.39,160.957,14603,1,0
2024-11-22 13:00:00,160.957,161.057,160.677,160.744,10240,1,0
2024-11-22 14:00:00,160.736,160.882,160.608,160.791,10411,1,0
2024-11-22 15:00:00,160.792,160.98,160.715,160.898,13723,1,0
2024-11-22 16:00:00,160.899,161.379,160.896,161.14,15069,1,0
2024-11-22 17:00:00,161.138,161.312,160.893,161.256,18375,1,0
2024-11-22 18:00:00,161.259,161.292,160.872,160.9,13472,1,0
2024-11-22 19:00:00,160.899,161.314,160.87,161.241,9325,1,0
2024-11-22 20:00:00,161.241,161.335,161.136,161.191,7109,1,0
2024-11-22 21:00:00,161.191,161.225,161.096,161.162,7029,1,0
2024-11-22 22:00:00,161.159,161.329,161.129,161.255,5774,1,0
2024-11-22 23:00:00,161.257,161.298,161.202,161.279,2725,0,0
2024-11-25 00:00:00,161.514,161.747,161.458,161.639,4115,82,0
2024-11-25 01:00:00,161.64,161.936,161.336,161.54,8847,3,0
2024-11-25 02:00:00,161.541,161.66,161.246,161.632,10913,2,0
2024-11-25 03:00:00,161.635,161.651,161.058,161.119,11219,2,0
2024-11-25 04:00:00,161.119,161.281,160.989,161.251,8057,2,0
2024-11-25 05:00:00,161.25,161.337,161.086,161.304,7508,2,0
2024-11-25 06:00:00,161.305,161.524,161.294,161.48,6613,2,0
2024-11-25 07:00:00,161.481,161.76,161.48,161.653,7608,2,0
2024-11-25 08:00:00,161.652,161.995,161.564,161.763,9271,2,0
2024-11-25 09:00:00,161.761,161.761,161.312,161.502,12778,1,0
2024-11-25 10:00:00,161.501,161.908,161.454,161.896,13757,1,0
2024-11-25 11:00:00,161.89,162.116,161.844,161.982,12634,1,0
2024-11-25 12:00:00,161.98,162.088,161.868,161.929,10984,1,0
2024-11-25 13:00:00,161.929,161.965,161.805,161.916,7459,1,0
2024-11-25 14:00:00,161.916,161.973,161.641,161.736,9838,1,0
2024-11-25 15:00:00,161.735,162.114,161.56,162.06,15026,1,0
2024-11-25 16:00:00,162.06,162.091,161.534,161.559,16741,1,0
2024-11-25 17:00:00,161.559,161.997,161.36,161.901,15146,1,0
2024-11-25 18:00:00,161.906,162.015,161.621,161.663,12857,1,0
2024-11-25 19:00:00,161.662,161.846,161.596,161.822,9396,1,0
2024-11-25 20:00:00,161.823,161.97,161.761,161.928,9731,1,0
2024-11-25 21:00:00,161.925,161.953,161.826,161.926,8376,1,0
2024-11-25 22:00:00,161.928,161.982,161.706,161.731,6701,1,0
2024-11-25 23:00:00,161.73,161.872,161.728,161.81,3709,0,0
2024-11-26 00:00:00,161.698,161.84,161.651,161.711,1420,29,0
2024-11-26 01:00:00,161.713,161.742,161.226,161.236,8631,2,0
2024-11-26 02:00:00,161.235,161.317,160.686,160.714,15970,2,0
2024-11-26 03:00:00,160.717,161.173,160.568,161.05,14679,2,0
2024-11-26 04:00:00,161.049,161.237,160.91,161.077,9958,2,0
2024-11-26 05:00:00,161.078,161.236,160.949,161.086,7730,2,0
2024-11-26 06:00:00,161.085,161.34,161.064,161.222,7171,2,0
2024-11-26 07:00:00,161.221,161.243,160.863,161.022,7816,2,0
2024-11-26 08:00:00,161.022,161.393,160.939,161.383,8247,2,0
2024-11-26 09:00:00,161.41,161.666,161.308,161.308,12637,1,0
2024-11-26 10:00:00,161.307,161.538,161.112,161.533,13269,1,0
2024-11-26 11:00:00,161.535,162.008,161.524,161.732,12062,1,0
2024-11-26 12:00:00,161.731,161.846,161.652,161.716,8890,1,0
2024-11-26 13:00:00,161.717,161.766,161.589,161.672,8165,1,0
2024-11-26 14:00:00,161.669,161.687,161.215,161.284,13677,1,0
2024-11-26 15:00:00,161.285,161.309,160.985,161.156,13826,1,0
2024-11-26 16:00:00,161.156,161.379,161.053,161.238,13564,1,0
2024-11-26 17:00:00,161.235,161.401,160.776,160.826,16155,1,0
2024-11-26 18:00:00,160.827,160.987,160.786,160.857,13319,1,0
2024-11-26 19:00:00,160.857,160.859,160.38,160.539,9606,1,0
2024-11-26 20:00:00,160.54,160.656,160.399,160.501,8373,1,0
2024-11-26 21:00:00,160.51,160.604,160.333,160.349,10638,1,0
2024-11-26 22:00:00,160.348,160.461,160.298,160.424,7904,1,0
2024-11-26 23:00:00,160.424,160.629,160.421,160.597,4504,0,0
2024-11-27 00:00:00,160.456,160.54,160.223,160.512,7737,47,0
2024-11-27 01:00:00,160.511,160.708,160.444,160.448,3457,2,0
2024-11-27 02:00:00,160.452,160.583,160.271,160.395,8512,2,0
2024-11-27 03:00:00,160.396,160.489,159.941,159.977,10410,2,0
2024-11-27 04:00:00,159.974,160.156,159.954,160.049,6925,2,0
2024-11-27 05:00:00,160.046,160.049,159.739,159.812,6747,2,0
2024-11-27 06:00:00,159.811,159.836,159.546,159.605,5963,2,0
2024-11-27 07:00:00,159.606,159.749,159.517,159.706,6692,2,0
2024-11-27 08:00:00,159.707,159.734,159.364,159.376,8374,2,0
2024-11-27 09:00:00,159.371,159.626,159.361,159.523,12307,1,0
2024-11-27 10:00:00,159.522,159.783,159.231,159.637,18028,1,0
2024-11-27 11:00:00,159.634,159.723,159.112,159.297,12280,1,0
2024-11-27 12:00:00,159.297,159.434,159.09,159.389,11051,1,0
2024-11-27 13:00:00,159.384,159.459,159.317,159.456,8626,1,0
2024-11-27 14:00:00,159.459,159.688,159.288,159.481,10729,1,0
2024-11-27 15:00:00,159.482,160.018,159.482,159.997,14784,1,0
2024-11-27 16:00:00,159.997,160.062,159.438,159.756,15121,1,0
2024-11-27 17:00:00,159.755,159.962,159.627,159.722,17906,1,0
2024-11-27 18:00:00,159.722,160.019,159.248,159.362,14818,1,0
2024-11-27 19:00:00,159.362,159.538,159.292,159.452,10570,1,0
2024-11-27 20:00:00,159.45,159.475,159.347,159.399,7466,1,0
2024-11-27 21:00:00,159.4,159.539,159.394,159.522,6408,1,0
2024-11-27 22:00:00,159.519,159.711,159.517,159.632,5884,1,0
2024-11-27 23:00:00,159.631,159.742,159.628,159.662,2860,0,0
2024-11-28 00:00:00,159.619,159.655,159.425,159.496,1590,45,0
2024-11-28 01:00:00,159.48,159.887,159.475,159.843,3408,2,0
2024-11-28 02:00:00,159.844,160.129,159.746,160.057,7620,2,0
2024-11-28 03:00:00,160.058,160.122,159.851,159.869,9385,2,0
2024-11-28 04:00:00,159.868,160.004,159.803,159.883,7168,2,0
2024-11-28 05:00:00,159.882,160.109,159.863,160.002,5337,2,0
2024-11-28 06:00:00,160.001,160.046,159.888,160.037,5011,2,0
2024-11-28 07:00:00,160.039,160.089,159.864,159.875,6075,2,0
2024-11-28 08:00:00,159.874,159.969,159.586,159.859,7188,2,0
2024-11-28 09:00:00,159.855,159.998,159.74,159.975,9452,1,0
2024-11-28 10:00:00,159.974,160.222,159.812,160.096,12354,1,0
2024-11-28 11:00:00,160.095,160.339,159.935,159.972,11262,1,0
2024-11-28 12:00:00,159.971,160.216,159.929,160.212,7198,1,0
2024-11-28 13:00:00,160.214,160.337,160.142,160.182,6160,1,0
2024-11-28 14:00:00,160.183,160.184,159.983,160.042,6562,1,0
2024-11-28 15:00:00,160.04,160.056,159.634,159.663,8144,1,0
2024-11-28 16:00:00,159.663,159.859,159.567,159.847,7364,1,0
2024-11-28 17:00:00,159.847,159.927,159.747,159.892,7859,0,0
2024-11-28 18:00:00,159.893,159.972,159.816,159.875,6681,1,0
2024-11-28 19:00:00,159.866,159.932,159.832,159.867,6487,4,0
2024-11-28 20:00:00,159.868,159.954,159.854,159.953,1871,4,0
2024-11-28 21:00:00,159.954,159.962,159.904,159.925,555,4,0
2024-11-28 22:00:00,159.926,159.945,159.856,159.856,712,4,0
2024-11-28 23:00:00,159.849,159.98,159.838,159.937,1031,4,0
2024-11-29 00:00:00,159.834,159.959,159.756,159.892,1384,31,0
2024-11-29 01:00:00,159.889,159.943,159.425,159.654,4400,2,0
2024-11-29 02:00:00,159.651,159.68,158.998,159.051,10344,2,0
2024-11-29 03:00:00,159.051,159.066,158.23,158.335,16161,2,0
2024-11-29 04:00:00,158.335,158.969,158.335,158.737,11069,2,0
2024-11-29 05:00:00,158.738,158.923,158.664,158.712,7283,2,0
2024-11-29 06:00:00,158.711,158.713,158.393,158.559,7880,2,0
2024-11-29 07:00:00,158.561,158.81,158.496,158.625,8448,2,0
2024-11-29 08:00:00,158.626,158.762,158.571,158.703,6999,2,0
2024-11-29 09:00:00,158.705,158.705,158.346,158.681,12818,1,0
2024-11-29 10:00:00,158.691,158.819,158.581,158.75,11574,1,0
2024-11-29 11:00:00,158.749,158.793,158.485,158.51,11013,1,0
2024-11-29 12:00:00,158.51,158.84,158.329,158.432,9995,1,0
2024-11-29 13:00:00,158.431,158.54,158.214,158.48,8255,1,0
2024-11-29 14:00:00,158.485,158.641,158.346,158.626,8824,1,0
2024-11-29 15:00:00,158.625,158.675,158.338,158.405,8908,1,0
2024-11-29 16:00:00,158.404,158.431,158.14,158.235,10741,1,0
2024-11-29 17:00:00,158.234,158.787,158.175,158.606,12692,1,0
2024-11-29 18:00:00,158.607,158.894,158.533,158.642,12361,1,0
2024-11-29 19:00:00,158.641,158.688,158.028,158.08,10314,2,0
2024-11-29 20:00:00,158.082,158.272,158.055,158.251,12247,4,0
2024-11-29 21:00:00,158.252,158.315,158.077,158.281,19359,4,0
2024-11-29 22:00:00,158.282,158.374,158.214,158.355,17280,4,0
2024-11-29 23:00:00,158.356,158.409,158.232,158.268,11451,4,0
2024-12-02 00:00:00,158.034,158.198,157.938,157.984,3606,78,0
2024-12-02 01:00:00,157.983,158.228,157.944,158.011,8356,2,0
2024-12-02 02:00:00,158.019,158.367,157.959,158.258,9507,2,0
2024-12-02 03:00:00,158.257,158.551,158.205,158.519,9506,2,0
2024-12-02 04:00:00,158.518,158.594,158.426,158.508,8303,2,0
2024-12-02 05:00:00,158.51,158.596,158.363,158.409,6069,2,0
2024-12-02 06:00:00,158.408,158.53,158.368,158.456,6163,2,0
2024-12-02 07:00:00,158.455,158.64,158.395,158.589,7190,2,0
2024-12-02 08:00:00,158.589,158.589,158.264,158.343,9250,2,0
2024-12-02 09:00:00,158.331,158.391,157.586,157.803,13861,1,0
2024-12-02 10:00:00,157.804,157.968,157.587,157.762,12948,1,0
2024-12-02 11:00:00,157.765,158.195,157.724,158.062,10114,1,0
2024-12-02 12:00:00,158.061,158.151,157.869,158.01,9233,1,0
2024-12-02 13:00:00,158.009,158.137,157.931,158.005,7309,1,0
2024-12-02 14:00:00,158.004,158.184,157.505,157.655,10651,1,0
2024-12-02 15:00:00,157.652,157.949,157.593,157.666,12140,1,0
2024-12-02 16:00:00,157.668,157.746,157.059,157.07,14418,1,0
2024-12-02 17:00:00,157.069,157.26,156.792,156.901,17229,1,0
2024-12-02 18:00:00,156.899,156.995,156.377,156.485,15247,1,0
2024-12-02 19:00:00,156.485,156.892,156.479,156.891,7911,1,0
2024-12-02 20:00:00,156.892,157.136,156.867,156.978,6146,1,0
2024-12-02 21:00:00,156.977,157.013,156.833,156.854,5434,1,0
2024-12-02 22:00:00,156.854,157.023,156.831,157.016,9916,1,0
2024-12-02 23:00:00,157.017,157.065,156.973,157.031,3961,0,0
2024-12-03 00:00:00,156.558,157.048,156.558,156.952,1136,29,0
2024-12-03 01:00:00,156.946,157.305,156.946,157.001,3632,4,0
2024-12-03 02:00:00,157.007,157.313,156.98,157.228,8480,2,0
2024-12-03 03:00:00,157.224,157.264,157.029,157.183,8322,2,0
2024-12-03 04:00:00,157.183,157.28,157.141,157.193,5999,2,0
2024-12-03 05:00:00,157.194,157.51,157.163,157.453,5244,2,0
2024-12-03 06:00:00,157.454,157.527,157.405,157.43,4300,2,0
2024-12-03 07:00:00,157.431,157.502,157.336,157.399,5006,2,0
2024-12-03 08:00:00,157.398,157.501,157.254,157.428,5961,2,0
2024-12-03 09:00:00,157.408,157.595,157.286,157.474,8622,1,0
2024-12-03 10:00:00,157.477,157.853,157.398,157.795,11851,1,0
2024-12-03 11:00:00,157.795,157.804,157.579,157.613,9341,1,0
2024-12-03 12:00:00,157.608,157.982,157.574,157.768,7280,1,0
2024-12-03 13:00:00,157.768,157.872,157.492,157.56,7306,1,0
2024-12-03 14:00:00,157.561,157.566,157.268,157.282,7617,1,0
2024-12-03 15:00:00,157.279,157.349,156.631,156.652,11099,1,0
2024-12-03 16:00:00,156.652,156.889,156.384,156.561,14872,1,0
2024-12-03 17:00:00,156.56,156.883,156.174,156.858,16267,1,0
2024-12-03 18:00:00,156.856,157.159,156.712,156.847,11858,1,0
2024-12-03 19:00:00,156.846,157.22,156.806,157.09,8969,1,0
2024-12-03 20:00:00,157.089,157.115,156.822,156.909,6716,1,0
2024-12-03 21:00:00,156.909,157.094,156.752,157.044,6167,1,0
2024-12-03 22:00:00,157.041,157.109,156.991,157.059,4900,1,0
2024-12-03 23:00:00,157.058,157.224,157.047,157.209,2842,0,0
2024-12-04 00:00:00,157.172,157.207,157.105,157.178,1375,13,0
2024-12-04 01:00:00,157.179,157.302,157.152,157.243,2552,4,0
2024-12-04 02:00:00,157.245,157.403,157.161,157.35,7886,4,0
2024-12-04 03:00:00,157.349,157.578,157.321,157.514,9269,2,0
2024-12-04 04:00:00,157.513,157.532,157.181,157.269,7680,2,0
2024-12-04 05:00:00,157.269,157.348,156.98,157.34,7971,2,0
2024-12-04 06:00:00,157.341,157.74,157.341,157.631,7744,2,0
2024-12-04 07:00:00,157.633,157.858,157.539,157.828,7636,2,0
2024-12-04 08:00:00,157.83,157.875,157.617,157.853,8181,2,0
2024-12-04 09:00:00,157.852,158.126,157.808,158.039,10961,1,0
2024-12-04 10:00:00,158.036,158.271,157.691,157.825,11469,1,0
2024-12-04 11:00:00,157.826,158.266,157.758,158.2,11756,1,0
2024-12-04 12:00:00,158.199,158.442,158.171,158.397,8924,1,0
2024-12-04 13:00:00,158.398,158.621,158.376,158.51,8546,1,0
2024-12-04 14:00:00,158.506,158.656,158.404,158.594,8188,1,0
2024-12-04 15:00:00,158.587,158.617,158.202,158.38,12627,1,0
2024-12-04 16:00:00,158.38,158.386,158.188,158.308,11459,1,0
2024-12-04 17:00:00,158.302,158.598,158.141,158.353,17379,1,0
2024-12-04 18:00:00,158.355,158.42,158.012,158.1,10286,1,0
2024-12-04 19:00:00,158.101,158.282,158.0,158.235,7326,1,0
2024-12-04 20:00:00,158.234,158.267,157.984,158.184,6048,1,0
2024-12-04 21:00:00,158.182,158.286,157.983,158.168,9582,1,0
2024-12-04 22:00:00,158.17,158.404,158.156,158.238,7468,1,0
2024-12-04 23:00:00,158.238,158.341,158.185,158.305,3601,0,0
2024-12-05 00:00:00,158.016,158.274,158.016,158.185,1489,27,0
2024-12-05 01:00:00,158.19,158.487,158.179,158.259,2741,2,0
2024-12-05 02:00:00,158.26,158.26,157.912,157.943,7604,2,0
2024-12-05 03:00:00,157.946,158.403,157.906,158.252,8773,2,0
2024-12-05 04:00:00,158.25,158.255,158.038,158.149,5700,2,0
2024-12-05 05:00:00,158.148,158.168,157.989,158.148,4206,2,0
2024-12-05 06:00:00,158.148,158.243,158.108,158.183,3717,2,0
2024-12-05 07:00:00,158.184,158.188,157.685,157.827,6794,2,0
2024-12-05 08:00:00,157.825,157.849,157.56,157.654,8560,3,0
2024-12-05 09:00:00,157.652,157.975,157.647,157.808,9530,1,0
2024-12-05 10:00:00,157.808,158.231,157.752,158.154,10450,1,0
2024-12-05 11:00:00,158.152,158.259,158.036,158.258,7794,1,0
2024-12-05 12:00:00,158.258,158.32,158.006,158.018,7640,1,0
2024-12-05 13:00:00,158.019,158.227,157.988,158.212,6849,1,0
2024-12-05 14:00:00,158.211,158.525,158.211,158.473,8232,1,0
2024-12-05 15:00:00,158.471,159.172,158.452,159.15,14001,1,0
2024-12-05 16:00:00,159.151,159.388,158.955,159.15,12688,1,0
2024-12-05 17:00:00,159.15,159.159,158.666,158.85,12202,1,0
2024-12-05 18:00:00,158.849,158.89,158.607,158.768,9727,1,0
2024-12-05 19:00:00,158.766,158.8,158.48,158.652,6803,1,0
2024-12-05 20:00:00,158.654,158.791,158.621,158.685,5244,1,0
2024-12-05 21:00:00,158.686,158.836,158.586,158.828,6608,1,0
2024-12-05 22:00:00,158.829,158.882,158.743,158.849,4512,1,0
2024-12-05 23:00:00,158.848,158.926,158.788,158.911,2745,0,0
2024-12-06 00:00:00,158.768,158.888,158.697,158.862,2570,35,0
2024-12-06 01:00:00,158.863,159.034,158.829,158.924,2562,2,0
2024-12-06 02:00:00,158.927,159.022,158.55,158.762,5944,2,0
2024-12-06 03:00:00,158.761,158.786,158.574,158.578,7332,2,0
2024-12-06 04:00:00,158.578,158.662,158.465,158.477,5884,2,0
2024-12-06 05:00:00,158.478,158.521,158.375,158.514,4505,2,0
2024-12-06 06:00:00,158.514,158.638,158.47,158.604,3914,2,0
2024-12-06 07:00:00,158.607,158.646,158.466,158.512,4385,2,0
2024-12-06 08:00:00,158.512,158.579,158.407,158.474,5098,2,0
2024-12-06 09:00:00,158.472,158.87,158.375,158.852,7921,1,0
2024-12-06 10:00:00,158.854,159.198,158.848,159.121,8958,1,0
2024-12-06 11:00:00,159.122,159.357,159.067,159.267,7565,1,0
2024-12-06 12:00:00,159.264,159.436,159.157,159.342,6540,1,0
2024-12-06 13:00:00,159.343,159.4,159.233,159.344,6293,1,0
2024-12-06 14:00:00,159.342,159.442,159.141,159.152,7305,1,0
2024-12-06 15:00:00,159.155,159.576,158.698,158.706,16692,1,0
2024-12-06 16:00:00,158.703,158.773,158.097,158.293,17926,1,0
2024-12-06 17:00:00,158.294,158.432,158.093,158.31,14252,1,0
2024-12-06 18:00:00,158.31,158.512,158.18,158.216,10984,1,0
2024-12-06 19:00:00,158.217,158.333,158.151,158.231,7267,1,0
2024-12-06 20:00:00,158.227,158.423,158.176,158.226,5388,1,0
2024-12-06 21:00:00,158.227,158.342,158.196,158.284,4630,1,0
2024-12-06 22:00:00,158.285,158.483,158.277,158.413,4285,1,0
2024-12-06 23:00:00,158.409,158.585,158.386,158.529,2680,1,0
2024-12-09 00:00:00,158.204,158.485,158.192,158.419,2600,74,0
2024-12-09 01:00:00,158.42,158.551,158.348,158.371,2883,2,0
2024-12-09 02:00:00,158.371,158.371,158.019,158.227,6870,2,0
2024-12-09 03:00:00,158.227,158.344,158.085,158.186,6983,2,0
2024-12-09 04:00:00,158.186,158.319,158.155,158.225,6069,2,0
2024-12-09 05:00:00,158.224,158.279,158.022,158.033,4991,2,0
2024-12-09 06:00:00,158.035,158.066,157.859,157.912,4887,2,0
2024-12-09 07:00:00,157.918,158.019,157.898,158.019,5062,2,0
2024-12-09 08:00:00,158.018,158.322,158.009,158.316,5708,2,0
2024-12-09 09:00:00,158.314,158.832,158.294,158.824,9834,1,0
2024-12-09 10:00:00,158.825,158.987,158.687,158.957,10601,1,0
2024-12-09 11:00:00,158.956,159.089,158.854,158.933,8754,1,0
2024-12-09 12:00:00,158.933,159.236,158.918,159.193,7386,1,0
2024-12-09 13:00:00,159.193,159.269,158.999,159.054,5876,1,0
2024-12-09 14:00:00,159.059,159.323,158.997,159.295,6982,1,0
2024-12-09 15:00:00,159.294,159.583,159.27,159.567,9665,1,0
2024-12-09 16:00:00,159.567,159.716,159.389,159.654,9400,1,0
2024-12-09 17:00:00,159.654,159.985,159.604,159.95,10561,1,0
2024-12-09 18:00:00,159.95,159.998,159.761,159.866,8208,1,0
2024-12-09 19:00:00,159.867,159.956,159.844,159.902,5166,1,0
2024-12-09 20:00:00,159.904,159.904,159.769,159.795,4142,1,0
2024-12-09 21:00:00,159.794,159.828,159.603,159.635,4109,1,0
2024-12-09 22:00:00,159.636,159.662,159.45,159.532,4595,1,0
2024-12-09 23:00:00,159.536,159.598,159.503,159.593,3081,0,0
2024-12-10 00:00:00,159.527,159.635,159.471,159.627,2138,11,0
2024-12-10 01:00:00,159.574,159.823,159.57,159.777,2292,2,0
2024-12-10 02:00:00,159.782,159.848,159.569,159.811,6764,2,0
2024-12-10 03:00:00,159.812,159.881,159.626,159.681,6323,2,0
2024-12-10 04:00:00,159.681,159.682,159.463,159.567,7397,2,0
2024-12-10 05:00:00,159.566,159.626,159.433,159.48,5976,2,0
2024-12-10 06:00:00,159.478,159.576,159.379,159.558,5625,2,0
2024-12-10 07:00:00,159.559,159.699,159.367,159.416,5808,2,0
2024-12-10 08:00:00,159.418,159.816,159.382,159.795,6357,2,0
2024-12-10 09:00:00,159.789,159.901,159.634,159.867,7462,1,0
2024-12-10 10:00:00,159.868,160.067,159.7,159.792,9860,1,0
2024-12-10 11:00:00,159.791,159.813,159.433,159.647,9643,1,0
2024-12-10 12:00:00,159.648,159.719,159.524,159.596,7373,1,0
2024-12-10 13:00:00,159.595,159.774,159.542,159.768,6525,1,0
2024-12-10 14:00:00,159.772,159.884,159.496,159.839,7878,1,0
2024-12-10 15:00:00,159.84,159.886,159.452,159.611,9618,1,0
2024-12-10 16:00:00,159.611,159.796,159.533,159.716,10284,1,0
2024-12-10 17:00:00,159.714,159.81,159.602,159.787,12173,1,0
2024-12-10 18:00:00,159.788,159.909,159.707,159.833,9623,1,0
2024-12-10 19:00:00,159.834,159.894,159.783,159.864,6351,1,0
2024-12-10 20:00:00,159.864,159.927,159.812,159.904,5781,1,0
2024-12-10 21:00:00,159.904,159.953,159.87,159.928,4470,1,0
2024-12-10 22:00:00,159.929,159.938,159.855,159.925,4525,1,0
2024-12-10 23:00:00,159.927,159.991,159.878,159.978,2373,1,0
2024-12-11 00:00:00,159.798,159.987,159.798,159.964,815,26,0
2024-12-11 01:00:00,159.961,159.996,159.847,159.901,1445,2,0
2024-12-11 02:00:00,159.902,159.93,159.727,159.751,4278,2,0
2024-12-11 03:00:00,159.753,159.905,159.751,159.816,5395,2,0
2024-12-11 04:00:00,159.815,159.83,159.572,159.573,5888,2,0
2024-12-11 05:00:00,159.572,159.688,159.533,159.552,4209,2,0
2024-12-11 06:00:00,159.552,159.561,159.437,159.496,3714,2,0
2024-12-11 07:00:00,159.497,159.735,159.475,159.7,3838,2,0
2024-12-11 08:00:00,159.701,159.764,159.613,159.747,4116,2,0
2024-12-11 09:00:00,159.75,159.785,158.897,159.086,12913,1,0
2024-12-11 10:00:00,159.085,159.371,159.077,159.29,10197,1,0
2024-12-11 11:00:00,159.29,160.39,158.647,160.323,15209,1,0
2024-12-11 12:00:00,160.322,160.356,160.028,160.152,9630,1,0
2024-12-11 13:00:00,160.152,160.29,160.126,160.234,7625,1,0
2024-12-11 14:00:00,160.232,160.525,160.22,160.329,8718,1,0
2024-12-11 15:00:00,160.33,160.676,160.077,160.28,15294,1,0
2024-12-11 16:00:00,160.275,160.325,159.567,159.755,14645,1,0
2024-12-11 17:00:00,159.767,160.053,159.613,159.944,14432,1,0
2024-12-11 18:00:00,159.944,160.101,159.896,160.079,9359,1,0
2024-12-11 19:00:00,160.081,160.193,159.93,159.934,6646,1,0
2024-12-11 20:00:00,159.933,160.08,159.875,160.076,7412,1,0
2024-12-11 21:00:00,160.074,160.143,160.002,160.134,5661,1,0
2024-12-11 22:00:00,160.135,160.152,160.055,160.104,3693,1,0
2024-12-11 23:00:00,160.108,160.146,159.996,160.018,2252,1,0
2024-12-12 00:00:00,159.914,160.005,159.776,159.969,1345,17,0
2024-12-12 01:00:00,159.967,160.046,159.944,159.955,1902,3,0
2024-12-12 02:00:00,159.955,160.024,159.801,159.878,6714,2,0
2024-12-12 03:00:00,159.88,159.894,159.648,159.669,7462,2,0
2024-12-12 04:00:00,159.669,159.985,159.646,159.984,5471,2,0
2024-12-12 05:00:00,159.985,160.11,159.914,160.057,4374,2,0
2024-12-12 06:00:00,160.056,160.083,159.876,159.938,3622,2,0
2024-12-12 07:00:00,159.938,160.313,159.914,160.217,6685,2,0
2024-12-12 08:00:00,160.217,160.486,160.217,160.322,6948,2,0
2024-12-12 09:00:00,160.323,160.547,160.264,160.449,9970,1,0
2024-12-12 10:00:00,160.448,160.522,160.125,160.267,10523,1,0
2024-12-12 11:00:00,160.268,160.481,160.183,160.306,8860,1,0
2024-12-12 12:00:00,160.307,160.342,159.835,159.881,7735,1,0
2024-12-12 13:00:00,159.882,159.996,159.807,159.836,7856,1,0
2024-12-12 14:00:00,159.835,159.928,159.702,159.721,8231,1,0
2024-12-12 15:00:00,159.721,159.754,159.29,159.403,16477,1,0
2024-12-12 16:00:00,159.409,160.234,159.108,160.15,17504,1,0
2024-12-12 17:00:00,160.154,160.232,159.301,159.491,16982,1,0
2024-12-12 18:00:00,159.491,159.964,159.447,159.882,11865,1,0
2024-12-12 19:00:00,159.881,159.967,159.817,159.887,9353,1,0
2024-12-12 20:00:00,159.887,160.004,159.798,159.837,8871,1,0
2024-12-12 21:00:00,159.836,159.879,159.728,159.745,6800,1,0
2024-12-12 22:00:00,159.744,159.812,159.721,159.797,4473,1,0
2024-12-12 23:00:00,159.798,159.837,159.736,159.757,2818,0,0
2024-12-13 00:00:00,159.629,159.778,159.562,159.735,2319,45,0
2024-12-13 01:00:00,159.717,159.851,159.637,159.816,2397,2,0
2024-12-13 02:00:00,159.819,160.252,159.769,160.147,7482,2,0
2024-12-13 03:00:00,160.147,160.183,159.815,159.874,7942,2,0
2024-12-13 04:00:00,159.875,160.012,159.719,159.951,6546,2,0
2024-12-13 05:00:00,159.951,160.113,159.924,159.939,5290,2,0
2024-12-13 06:00:00,159.938,160.111,159.926,160.046,4269,2,0
2024-12-13 07:00:00,160.047,160.117,159.952,160.002,3579,2,0
2024-12-13 08:00:00,160.003,160.065,159.782,159.818,4871,2,0
2024-12-13 09:00:00,159.805,159.953,159.744,159.812,9294,1,0
2024-12-13 10:00:00,159.81,160.352,159.799,160.343,9746,1,0
2024-12-13 11:00:00,160.344,160.994,160.288,160.876,8895,1,0
2024-12-13 12:00:00,160.88,161.068,160.827,160.942,9040,1,0
2024-12-13 13:00:00,160.944,161.182,160.938,161.138,6796,1,0
2024-12-13 14:00:00,161.135,161.374,160.981,161.374,9805,1,0
2024-12-13 15:00:00,161.377,161.549,161.09,161.121,10036,1,0
2024-12-13 16:00:00,161.121,161.215,160.988,161.134,10092,1,0
2024-12-13 17:00:00,161.133,161.185,160.96,161.177,11130,1,0
2024-12-13 18:00:00,161.174,161.503,161.117,161.404,8575,1,0
2024-12-13 19:00:00,161.404,161.438,161.304,161.317,6681,1,0
2024-12-13 20:00:00,161.318,161.378,161.228,161.321,4790,1,0
2024-12-13 21:00:00,161.319,161.432,161.271,161.287,4167,1,0
2024-12-13 22:00:00,161.293,161.345,161.273,161.289,3354,1,0
2024-12-13 23:00:00,161.291,161.427,161.255,161.42,2064,1,0
2024-12-16 00:00:00,160.738,161.324,160.631,161.176,2837,71,0
2024-12-16 01:00:00,161.176,161.367,161.176,161.276,3527,5,0
2024-12-16 02:00:00,161.273,161.864,161.168,161.72,7150,2,0
2024-12-16 03:00:00,161.721,161.911,161.689,161.895,6622,2,0
2024-12-16 04:00:00,161.892,161.986,161.713,161.763,5184,2,0
2024-12-16 05:00:00,161.765,161.774,161.616,161.69,4148,2,0
2024-12-16 06:00:00,161.69,161.797,161.641,161.674,2920,2,0
2024-12-16 07:00:00,161.674,161.735,161.595,161.644,3889,2,0
2024-12-16 08:00:00,161.645,161.722,161.51,161.537,4732,2,0
2024-12-16 09:00:00,161.542,161.655,161.252,161.277,7219,1,0
2024-12-16 10:00:00,161.276,161.715,161.162,161.519,11408,1,0
2024-12-16 11:00:00,161.522,161.716,161.496,161.572,8868,1,0
2024-12-16 12:00:00,161.573,161.624,161.309,161.356,6580,1,0
2024-12-16 13:00:00,161.356,161.427,161.208,161.345,5504,1,0
2024-12-16 14:00:00,161.346,161.784,161.34,161.643,7121,1,0
2024-12-16 15:00:00,161.642,161.86,161.64,161.845,8219,1,0
2024-12-16 16:00:00,161.843,161.853,161.563,161.751,10537,1,0
2024-12-16 17:00:00,161.751,162.206,161.701,162.047,10940,1,0
2024-12-16 18:00:00,162.048,162.097,161.902,162.062,8601,1,0
2024-12-16 19:00:00,162.06,162.128,161.897,162.03,7073,1,0
2024-12-16 20:00:00,162.031,162.088,161.95,162.073,4825,1,0
2024-12-16 21:00:00,162.074,162.087,161.929,161.985,4578,1,0
2024-12-16 22:00:00,161.984,161.993,161.921,161.985,3567,1,0
2024-12-16 23:00:00,161.996,162.105,161.969,162.034,1977,1,0
2024-12-17 00:00:00,161.948,162.038,161.864,161.975,1779,36,0
2024-12-17 01:00:00,161.986,162.17,161.981,162.059,2360,2,0
2024-12-17 02:00:00,162.055,162.469,162.005,162.302,6742,2,0
2024-12-17 03:00:00,162.301,162.311,161.986,162.132,6519,2,0
2024-12-17 04:00:00,162.132,162.145,161.901,161.972,5923,2,0
2024-12-17 05:00:00,161.974,161.998,161.804,161.934,3832,2,0
2024-12-17 06:00:00,161.935,162.071,161.856,161.896,3955,2,0
2024-12-17 07:00:00,161.897,162.07,161.854,161.912,5105,2,0
2024-12-17 08:00:00,161.913,161.977,161.712,161.889,6074,2,0
2024-12-17 09:00:00,161.897,161.943,161.623,161.737,8316,1,0
2024-12-17 10:00:00,161.736,161.823,161.307,161.392,10311,1,0
2024-12-17 11:00:00,161.393,161.393,161.112,161.261,9970,1,0
2024-12-17 12:00:00,161.263,161.38,161.146,161.35,8191,1,0
2024-12-17 13:00:00,161.351,161.526,161.15,161.474,7367,1,0
2024-12-17 14:00:00,161.475,161.535,161.368,161.532,6548,1,0
2024-12-17 15:00:00,161.532,161.649,161.357,161.536,11805,1,0
2024-12-17 16:00:00,161.535,161.565,161.303,161.315,12840,1,0
2024-12-17 17:00:00,161.315,161.321,161.117,161.164,12210,1,0
2024-12-17 18:00:00,161.163,161.324,161.135,161.167,9525,1,0
2024-12-17 19:00:00,161.167,161.204,160.886,160.931,8092,1,0
2024-12-17 20:00:00,160.93,161.019,160.773,160.836,6666,1,0
2024-12-17 21:00:00,160.839,160.885,160.77,160.833,4923,1,0
2024-12-17 22:00:00,160.832,161.037,160.819,161.011,4724,1,0
2024-12-17 23:00:00,161.011,161.088,160.987,160.989,2635,0,0
2024-12-18 00:00:00,160.916,161.064,160.836,160.992,1133,29,0
2024-12-18 01:00:00,160.997,161.185,160.955,161.162,1808,2,0
2024-12-18 02:00:00,161.161,161.483,161.121,161.364,6385,2,0
2024-12-18 03:00:00,161.363,161.449,161.213,161.306,5933,2,0
2024-12-18 04:00:00,161.297,161.45,161.243,161.382,4677,2,0
2024-12-18 05:00:00,161.38,161.415,161.265,161.286,3488,2,0
2024-12-18 06:00:00,161.287,161.299,161.09,161.163,4083,2,0
2024-12-18 07:00:00,161.164,161.174,161.025,161.06,3377,2,0
2024-12-18 08:00:00,161.059,161.326,161.049,161.319,4896,2,0
2024-12-18 09:00:00,161.319,161.348,161.137,161.205,8252,2,0
2024-12-18 10:00:00,161.208,161.247,161.052,161.142,8238,1,0
2024-12-18 11:00:00,161.141,161.391,161.115,161.23,6788,1,0
2024-12-18 12:00:00,161.229,161.31,161.143,161.231,6264,1,0
2024-12-18 13:00:00,161.23,161.354,161.203,161.292,6029,1,0
2024-12-18 14:00:00,161.294,161.384,161.245,161.371,6913,1,0
2024-12-18 15:00:00,161.372,161.558,161.332,161.419,9172,1,0
2024-12-18 16:00:00,161.419,161.503,161.271,161.415,10365,1,0
2024-12-18 17:00:00,161.415,161.482,161.256,161.322,9859,1,0
2024-12-18 18:00:00,161.321,161.398,161.202,161.225,7896,1,0
2024-12-18 19:00:00,161.224,161.278,161.106,161.136,6008,1,0
2024-12-18 20:00:00,161.135,161.335,161.091,161.16,6585,1,0
2024-12-18 21:00:00,161.163,161.369,160.366,160.481,22054,2,0
2024-12-18 22:00:00,160.486,160.486,159.804,160.333,19973,1,0
2024-12-18 23:00:00,160.332,160.436,160.221,160.241,8514,0,0
2024-12-19 00:00:00,160.124,160.237,160.016,160.166,2607,24,0
2024-12-19 01:00:00,160.18,160.268,159.853,160.088,5823,2,0
2024-12-19 02:00:00,160.086,160.762,160.079,160.598,9982,2,0
2024-12-19 03:00:00,160.6,160.679,160.392,160.493,8173,2,0
2024-12-19 04:00:00,160.493,161.195,160.281,161.139,8059,2,0
2024-12-19 05:00:00,161.14,161.388,160.891,161.135,7884,2,0
2024-12-19 06:00:00,161.132,161.244,161.026,161.19,5429,2,0
2024-12-19 07:00:00,161.188,161.403,161.109,161.158,5977,2,0
2024-12-19 08:00:00,161.154,162.168,160.912,162.12,11474,2,0
2024-12-19 09:00:00,162.12,162.972,162.114,162.66,16876,1,0
2024-12-19 10:00:00,162.659,163.352,162.644,163.282,14480,1,0
2024-12-19 11:00:00,163.281,163.673,163.281,163.518,14233,1,0
2024-12-19 12:00:00,163.518,163.551,163.232,163.313,10312,1,0
2024-12-19 13:00:00,163.313,163.478,162.986,163.015,9205,1,0
2024-12-19 14:00:00,163.017,163.337,162.961,163.116,12346,1,0
2024-12-19 15:00:00,163.116,163.353,162.853,163.169,15189,1,0
2024-12-19 16:00:00,163.17,163.636,163.17,163.4,15236,1,0
2024-12-19 17:00:00,163.401,163.8,163.349,163.704,16045,1,0
2024-12-19 18:00:00,163.702,163.746,163.307,163.358,13708,1,0
2024-12-19 19:00:00,163.357,163.546,163.32,163.4,10557,1,0
2024-12-19 20:00:00,163.398,163.513,163.297,163.431,8475,1,0
2024-12-19 21:00:00,163.431,163.463,163.067,163.108,7513,1,0
2024-12-19 22:00:00,163.109,163.235,163.029,163.121,7114,1,0
2024-12-19 23:00:00,163.124,163.173,163.03,163.133,3327,0,0
2024-12-20 00:00:00,163.096,163.19,163.058,163.174,2123,27,0
2024-12-20 01:00:00,163.152,163.42,163.118,163.39,4492,2,0
2024-12-20 02:00:00,163.391,163.662,163.375,163.498,9835,2,0
2024-12-20 03:00:00,163.498,163.516,162.852,162.997,11898,2,0
2024-12-20 04:00:00,162.997,163.069,162.568,162.679,9583,2,0
2024-12-20 05:00:00,162.68,162.863,162.526,162.753,9231,2,0
2024-12-20 06:00:00,162.752,163.004,162.729,162.94,7379,2,0
2024-12-20 07:00:00,162.939,162.955,162.693,162.786,7341,2,0
2024-12-20 08:00:00,162.788,162.951,162.341,162.865,11114,2,0
2024-12-20 09:00:00,162.867,162.971,162.684,162.836,11790,1,0
2024-12-20 10:00:00,162.835,163.181,162.729,163.042,14117,1,0
2024-12-20 11:00:00,163.042,163.067,162.522,162.718,12502,1,0
2024-12-20 12:00:00,162.719,162.906,162.653,162.885,9980,1,0
2024-12-20 13:00:00,162.884,162.959,162.684,162.912,8416,1,0
2024-12-20 14:00:00,162.914,163.01,162.776,162.841,9855,1,0
2024-12-20 15:00:00,162.84,163.021,162.773,162.896,14232,1,0
2024-12-20 16:00:00,162.896,162.896,162.508,162.734,15294,1,0
2024-12-20 17:00:00,162.73,162.989,162.657,162.715,15325,1,0
2024-12-20 18:00:00,162.715,162.953,162.705,162.792,12975,1,0
2024-12-20 19:00:00,162.791,162.975,162.659,162.764,11448,1,0
2024-12-20 20:00:00,162.764,162.994,162.74,162.901,8659,1,0
2024-12-20 21:00:00,162.901,163.017,162.839,162.943,7873,1,0
2024-12-20 22:00:00,162.944,163.066,162.903,163.059,6897,1,0
2024-12-20 23:00:00,163.057,163.167,162.986,163.099,4633,1,0
2024-12-23 00:00:00,162.91,163.387,162.89,163.304,1831,71,0
2024-12-23 01:00:00,163.3,163.428,163.172,163.337,5361,2,0
2024-12-23 02:00:00,163.338,163.413,163.206,163.353,6567,2,0
2024-12-23 03:00:00,163.353,163.393,163.136,163.261,5950,2,0
2024-12-23 04:00:00,163.26,163.437,163.175,163.43,5845,2,0
2024-12-23 05:00:00,163.43,163.478,163.345,163.372,3515,2,0
2024-12-23 06:00:00,163.374,163.562,163.371,163.498,3763,2,0
2024-12-23 07:00:00,163.499,163.562,163.448,163.518,3577,2,0
2024-12-23 08:00:00,163.519,163.545,163.374,163.388,4656,2,0
2024-12-23 09:00:00,163.397,163.598,163.182,163.249,7284,1,0
2024-12-23 10:00:00,163.25,163.272,162.901,163.098,8811,1,0
2024-12-23 11:00:00,163.097,163.207,162.991,163.071,7417,1,0
2024-12-23 12:00:00,163.07,163.118,162.843,162.916,6920,1,0
2024-12-23 13:00:00,162.918,163.13,162.898,163.101,6487,1,0
2024-12-23 14:00:00,163.105,163.427,162.977,163.333,8243,1,0
2024-12-23 15:00:00,163.331,163.525,163.27,163.469,8554,1,0
2024-12-23 16:00:00,163.466,163.553,163.292,163.361,10371,1,0
2024-12-23 17:00:00,163.359,163.466,163.19,163.256,11926,1,0
2024-12-23 18:00:00,163.254,163.489,163.248,163.413,8526,1,0
2024-12-23 19:00:00,163.412,163.564,163.364,163.391,7152,1,0
2024-12-23 20:00:00,163.391,163.62,163.391,163.537,5712,1,0
2024-12-23 21:00:00,163.537,163.568,163.391,163.541,5307,1,0
2024-12-23 22:00:00,163.54,163.544,163.414,163.498,4996,1,0
2024-12-23 23:00:00,163.498,163.534,163.476,163.53,2510,1,0
2024-12-24 00:00:00,163.374,163.474,163.252,163.407,1330,52,0
2024-12-24 01:00:00,163.424,163.554,163.402,163.459,3641,2,0
2024-12-24 02:00:00,163.463,163.59,163.417,163.534,4151,2,0
2024-12-24 03:00:00,163.532,163.549,163.287,163.38,5263,2,0
2024-12-24 04:00:00,163.379,163.467,163.218,163.325,3738,2,0
2024-12-24 05:00:00,163.327,163.344,163.118,163.15,3723,2,0
2024-12-24 06:00:00,163.148,163.199,163.019,163.163,4120,2,0
2024-12-24 07:00:00,163.165,163.202,163.028,163.155,4217,2,0
2024-12-24 08:00:00,163.157,163.288,163.058,163.23,4249,2,0
2024-12-24 09:00:00,163.225,163.26,163.117,163.198,4162,1,0
2024-12-24 10:00:00,163.2,163.298,163.124,163.191,5052,1,0
2024-12-24 11:00:00,163.189,163.243,163.127,163.17,4587,1,0
2024-12-24 12:00:00,163.171,163.253,163.096,163.242,3894,1,0
2024-12-24 13:00:00,163.243,163.376,163.221,163.271,4028,1,0
2024-12-24 14:00:00,163.27,163.376,163.174,163.207,6017,1,0
2024-12-24 15:00:00,163.206,163.455,163.173,163.443,5917,1,0
2024-12-24 16:00:00,163.443,163.606,163.379,163.571,6606,1,0
2024-12-24 17:00:00,163.57,163.63,163.36,163.418,8191,1,0
2024-12-24 18:00:00,163.419,163.491,163.321,163.323,6153,1,0
2024-12-24 19:00:00,163.323,163.401,163.27,163.336,4418,1,0
2024-12-24 20:00:00,163.338,163.444,163.25,163.424,3435,1,0
2024-12-24 21:00:00,163.422,163.511,163.384,163.429,4033,12,0
2024-12-24 22:00:00,163.43,163.466,163.186,163.412,3135,14,0
2024-12-24 23:00:00,163.411,163.524,163.11,163.328,1697,14,0
2024-12-26 00:00:00,163.457,163.621,163.42,163.544,778,75,0
2024-12-26 01:00:00,163.53,163.549,163.374,163.396,3324,2,0
2024-12-26 02:00:00,163.395,163.652,163.32,163.565,5059,2,0
2024-12-26 03:00:00,163.561,163.755,163.484,163.669,5081,2,0
2024-12-26 04:00:00,163.669,163.76,163.644,163.702,3232,2,0
2024-12-26 05:00:00,163.701,163.758,163.621,163.676,3089,2,0
2024-12-26 06:00:00,163.676,163.769,163.655,163.686,3018,2,0
2024-12-26 07:00:00,163.687,163.715,163.574,163.606,3155,2,0
2024-12-26 08:00:00,163.604,163.703,163.586,163.635,4010,2,0
2024-12-26 09:00:00,163.631,163.704,163.532,163.628,4331,1,0
2024-12-26 10:00:00,163.625,163.644,163.545,163.561,5893,1,0
2024-12-26 11:00:00,163.56,163.728,163.478,163.713,5104,1,0
2024-12-26 12:00:00,163.715,163.784,163.695,163.767,3625,1,0
2024-12-26 13:00:00,163.767,163.914,163.751,163.908,3047,1,0
2024-12-26 14:00:00,163.908,163.95,163.832,163.948,4369,1,0
2024-12-26 15:00:00,163.953,164.196,163.896,164.192,5731,1,0
2024-12-26 16:00:00,164.192,164.292,164.114,164.284,6718,1,0
2024-12-26 17:00:00,164.285,164.57,164.233,164.529,8100,1,0
2024-12-26 18:00:00,164.528,164.693,164.483,164.678,6683,1,0
2024-12-26 19:00:00,164.676,164.683,164.464,164.551,5787,1,0
2024-12-26 20:00:00,164.55,164.753,164.539,164.582,7102,1,0
2024-12-26 21:00:00,164.581,164.65,164.514,164.582,5249,1,0
2024-12-26 22:00:00,164.58,164.611,164.512,164.606,4875,1,0
2024-12-26 23:00:00,164.606,164.701,164.571,164.699,2472,0,0
2024-12-27 00:00:00,164.565,164.621,164.354,164.611,1449,48,0
2024-12-27 01:00:00,164.611,164.611,164.403,164.486,3721,2,0
2024-12-27 02:00:00,164.486,164.657,164.323,164.581,5782,2,0
2024-12-27 03:00:00,164.58,164.614,164.315,164.322,5815,2,0
2024-12-27 04:00:00,164.318,164.338,164.026,164.116,6646,2,0
2024-12-27 05:00:00,164.116,164.236,164.088,164.22,3427,2,0
2024-12-27 06:00:00,164.22,164.245,164.059,164.075,3926,2,0
2024-12-27 07:00:00,164.074,164.286,164.048,164.273,3686,2,0
2024-12-27 08:00:00,164.272,164.34,164.163,164.32,4821,2,0
2024-12-27 09:00:00,164.32,164.606,164.233,164.531,6096,1,0
2024-12-27 10:00:00,164.532,164.612,164.394,164.426,6594,1,0
2024-12-27 11:00:00,164.421,164.545,164.323,164.522,6333,1,0
2024-12-27 12:00:00,164.523,164.547,164.317,164.43,6864,1,0
2024-12-27 13:00:00,164.426,164.662,164.415,164.636,6994,1,0
2024-12-27 14:00:00,164.637,164.691,164.56,164.679,7969,1,0
2024-12-27 15:00:00,164.68,164.772,164.612,164.772,8155,1,0
2024-12-27 16:00:00,164.773,164.822,164.575,164.604,10822,1,0
2024-12-27 17:00:00,164.606,164.623,164.191,164.282,13280,1,0
2024-12-27 18:00:00,164.281,164.537,164.174,164.454,10850,1,0
2024-12-27 19:00:00,164.452,164.542,164.308,164.541,7495,1,0
2024-12-27 20:00:00,164.542,164.653,164.533,164.624,5017,1,0
2024-12-27 21:00:00,164.621,164.766,164.588,164.763,4884,1,0
2024-12-27 22:00:00,164.764,164.764,164.641,164.694,3612,1,0
2024-12-27 23:00:00,164.693,164.707,164.49,164.509,2702,1,0
2024-12-30 00:00:00,164.452,164.613,164.439,164.504,1528,71,0
2024-12-30 01:00:00,164.511,164.728,164.471,164.716,1908,2,0
2024-12-30 02:00:00,164.712,164.758,164.496,164.727,4418,2,0
2024-12-30 03:00:00,164.729,164.746,164.521,164.542,3181,2,0
2024-12-30 04:00:00,164.543,164.604,164.461,164.558,2566,2,0
2024-12-30 05:00:00,164.558,164.579,164.491,164.55,1978,2,0
2024-12-30 06:00:00,164.55,164.568,164.504,164.541,1721,2,0
2024-12-30 07:00:00,164.543,164.703,164.516,164.607,3705,2,0
2024-12-30 08:00:00,164.606,164.898,164.597,164.677,5198,2,0
2024-12-30 09:00:00,164.68,164.697,164.528,164.658,6363,1,0
2024-12-30 10:00:00,164.659,164.734,164.411,164.446,7117,1,0
2024-12-30 11:00:00,164.445,164.826,164.437,164.755,6564,1,0
2024-12-30 12:00:00,164.755,164.863,164.698,164.733,6317,1,0
2024-12-30 13:00:00,164.732,164.784,164.648,164.725,6498,1,0
2024-12-30 14:00:00,164.726,164.864,164.538,164.671,7845,1,0
2024-12-30 15:00:00,164.67,164.677,163.563,163.608,11012,1,0
2024-12-30 16:00:00,163.609,163.996,163.326,163.486,13301,1,0
2024-12-30 17:00:00,163.488,163.494,162.811,163.191,16327,1,0
2024-12-30 18:00:00,163.192,163.454,163.044,163.363,11209,1,0
2024-12-30 19:00:00,163.367,163.523,163.327,163.377,7521,1,0
2024-12-30 20:00:00,163.377,163.447,163.299,163.356,6739,1,0
2024-12-30 21:00:00,163.355,163.391,163.239,163.348,6151,1,0
2024-12-30 22:00:00,163.347,163.39,163.088,163.109,5820,1,0
2024-12-30 23:00:00,163.109,163.269,163.067,163.259,3383,0,0
2024-12-31 00:00:00,163.221,163.361,163.076,163.251,1329,36,0
2024-12-31 01:00:00,163.23,163.419,163.144,163.401,2274,2,0
2024-12-31 02:00:00,163.401,163.432,163.04,163.04,3597,2,0
2024-12-31 03:00:00,163.037,163.137,162.796,162.913,6996,2,0
2024-12-31 04:00:00,162.913,162.934,162.795,162.865,4658,2,0
2024-12-31 05:00:00,162.865,162.93,162.815,162.858,3533,2,0
2024-12-31 06:00:00,162.857,162.867,162.523,162.573,3312,2,0
2024-12-31 07:00:00,162.573,162.603,162.493,162.571,3390,2,0
2024-12-31 08:00:00,162.571,162.737,162.479,162.696,4077,2,0
2024-12-31 09:00:00,162.695,162.71,162.455,162.667,6130,1,0
2024-12-31 10:00:00,162.668,162.739,162.452,162.701,7283,1,0
2024-12-31 11:00:00,162.7,163.299,162.622,163.22,6488,1,0
2024-12-31 12:00:00,163.221,163.407,163.104,163.342,9308,1,0
2024-12-31 13:00:00,163.341,163.372,163.158,163.263,6140,1,0
2024-12-31 14:00:00,163.262,163.271,163.007,163.079,7540,1,0
2024-12-31 15:00:00,163.081,163.256,162.928,163.207,9213,1,0
2024-12-31 16:00:00,163.206,163.211,162.659,162.691,11574,1,0
2024-12-31 17:00:00,162.689,162.886,162.614,162.758,15856,1,0
2024-12-31 18:00:00,162.76,162.958,162.678,162.911,12108,1,0
2024-12-31 19:00:00,162.911,163.157,162.819,162.884,9861,1,0
2024-12-31 20:00:00,162.881,162.927,162.825,162.878,8118,1,0
2024-12-31 21:00:00,162.877,163.02,162.858,162.917,5797,1,0
2024-12-31 22:00:00,162.917,163.106,162.908,163.009,5326,1,0
2024-12-31 23:00:00,163.01,163.03,162.737,162.766,1733,1,0
2025-01-02 00:00:00,162.582,162.886,162.492,162.838,1709,62,0
2025-01-02 01:00:00,162.823,163.31,162.712,163.239,4995,2,0
2025-01-02 02:00:00,163.24,163.296,162.882,162.985,7371,2,0
2025-01-02 03:00:00,162.982,163.248,162.888,163.153,8079,2,0
2025-01-02 04:00:00,163.151,163.195,163.064,163.125,4471,2,0
2025-01-02 05:00:00,163.126,163.142,162.989,163.003,3508,2,0
2025-01-02 06:00:00,163.003,163.026,162.802,162.827,3434,2,0
2025-01-02 07:00:00,162.827,162.942,162.777,162.935,4046,2,0
2025-01-02 08:00:00,162.936,162.936,162.362,162.37,6461,2,0
2025-01-02 09:00:00,162.37,162.526,162.196,162.358,9404,1,0
2025-01-02 10:00:00,162.36,162.589,161.959,162.475,12482,1,0
2025-01-02 11:00:00,162.476,162.6,162.283,162.313,8412,1,0
2025-01-02 12:00:00,162.312,162.557,162.027,162.123,10591,1,0
2025-01-02 13:00:00,162.12,162.44,162.065,162.436,10455,1,0
2025-01-02 14:00:00,162.432,162.463,162.038,162.082,9641,1,0
2025-01-02 15:00:00,162.083,162.277,161.694,161.753,14094,1,0
2025-01-02 16:00:00,161.75,161.985,161.626,161.832,14778,1,0
2025-01-02 17:00:00,161.81,161.927,161.419,161.465,17275,1,0
2025-01-02 18:00:00,161.465,161.801,160.893,161.786,17185,1,0
2025-01-02 19:00:00,161.782,161.967,161.629,161.746,13832,1,0
2025-01-02 20:00:00,161.746,161.815,161.545,161.548,10151,1,0
2025-01-02 21:00:00,161.547,161.691,161.494,161.584,8469,1,0
2025-01-02 22:00:00,161.585,161.788,161.585,161.754,6412,1,0
2025-01-02 23:00:00,161.753,161.775,161.701,161.736,2192,0,0
2025-01-03 00:00:00,161.584,161.665,161.418,161.635,1548,13,0
2025-01-03 01:00:00,161.645,161.755,161.564,161.571,2134,2,0
2025-01-03 02:00:00,161.573,161.631,161.466,161.503,5385,2,0
2025-01-03 03:00:00,161.504,161.634,161.458,161.486,4725,2,0
2025-01-03 04:00:00,161.485,161.645,161.458,161.595,4485,2,0
2025-01-03 05:00:00,161.595,161.725,161.44,161.567,4001,2,0
2025-01-03 06:00:00,161.568,161.616,161.504,161.525,3726,2,0
2025-01-03 07:00:00,161.526,161.612,161.47,161.574,3866,2,0
2025-01-03 08:00:00,161.572,161.595,161.495,161.561,3270,2,0
2025-01-03 09:00:00,161.55,161.728,161.387,161.548,9658,1,0
2025-01-03 10:00:00,161.549,161.842,161.547,161.74,8872,1,0
2025-01-03 11:00:00,161.737,161.919,161.712,161.82,8647,1,0
2025-01-03 12:00:00,161.82,161.847,161.62,161.801,6557,1,0
2025-01-03 13:00:00,161.802,161.993,161.789,161.923,6141,1,0
2025-01-03 14:00:00,161.92,161.954,161.731,161.816,7489,1,0
2025-01-03 15:00:00,161.817,161.904,161.699,161.79,8144,1,0
2025-01-03 16:00:00,161.791,161.973,161.725,161.788,9507,1,0
2025-01-03 17:00:00,161.823,162.078,161.732,161.952,14700,1,0
2025-01-03 18:00:00,161.952,162.055,161.724,161.778,8791,1,0
2025-01-03 19:00:00,161.777,161.866,161.623,161.853,8898,1,0
2025-01-03 20:00:00,161.853,161.89,161.789,161.84,5407,1,0
2025-01-03 21:00:00,161.835,161.95,161.789,161.941,4041,1,0
2025-01-03 22:00:00,161.94,162.157,161.903,162.15,4236,1,0
2025-01-03 23:00:00,162.149,162.211,162.112,162.144,2064,0,0
2025-01-06 00:00:00,161.848,162.098,161.776,162.068,1760,71,0
2025-01-06 01:00:00,162.068,162.337,162.051,162.313,3466,2,0
2025-01-06 02:00:00,162.324,162.502,162.293,162.364,8003,2,0
2025-01-06 03:00:00,162.365,162.558,162.313,162.538,5288,2,0
2025-01-06 04:00:00,162.538,162.758,162.514,162.698,4996,2,0
2025-01-06 05:00:00,162.697,162.774,162.611,162.704,4494,2,0
2025-01-06 06:00:00,162.705,162.745,162.6,162.689,3337,2,0
2025-01-06 07:00:00,162.69,162.813,162.638,162.651,3980,2,0
2025-01-06 08:00:00,162.65,162.678,162.546,162.576,4961,2,0
2025-01-06 09:00:00,162.575,162.832,162.491,162.824,5718,1,0
2025-01-06 10:00:00,162.826,163.217,162.821,163.187,9666,1,0
2025-01-06 11:00:00,163.187,163.512,162.98,163.348,10735,1,0
2025-01-06 12:00:00,163.349,163.387,163.179,163.196,7289,1,0
2025-01-06 13:00:00,163.196,164.023,163.124,163.836,19142,1,0
2025-01-06 14:00:00,163.836,163.86,162.976,163.231,15375,1,0
2025-01-06 15:00:00,163.238,163.277,162.924,163.143,16401,1,0
2025-01-06 16:00:00,163.143,163.522,162.595,163.466,18451,1,0
2025-01-06 17:00:00,163.465,163.785,163.411,163.729,16316,1,0
2025-01-06 18:00:00,163.732,163.838,163.568,163.797,10736,1,0
2025-01-06 19:00:00,163.797,163.797,163.528,163.609,6589,1,0
2025-01-06 20:00:00,163.609,163.664,163.492,163.552,6563,1,0
2025-01-06 21:00:00,163.553,163.694,163.494,163.66,6019,1,0
2025-01-06 22:00:00,163.661,163.751,163.624,163.736,4326,1,0
2025-01-06 23:00:00,163.737,163.811,163.718,163.784,2739,0,0
2025-01-07 00:00:00,163.657,163.8,163.411,163.732,1909,37,0
2025-01-07 01:00:00,163.735,163.86,163.732,163.788,2175,2,0
2025-01-07 02:00:00,163.785,164.273,163.781,164.181,9784,2,0
2025-01-07 03:00:00,164.18,164.392,164.095,164.347,7603,2,0
2025-01-07 04:00:00,164.347,164.387,164.206,164.331,5161,2,0
2025-01-07 05:00:00,164.332,164.383,164.269,164.335,4226,2,0
2025-01-07 06:00:00,164.334,164.352,164.222,164.278,3637,2,0
2025-01-07 07:00:00,164.277,164.357,164.112,164.124,5526,2,0
2025-01-07 08:00:00,164.124,164.15,163.973,164.027,6331,2,0
2025-01-07 09:00:00,164.014,164.251,163.981,164.027,11123,1,0
2025-01-07 10:00:00,164.028,164.172,163.798,164.12,12071,1,0
2025-01-07 11:00:00,164.125,164.442,164.088,164.326,8752,1,0
2025-01-07 12:00:00,164.326,164.55,164.141,164.499,8160,1,0
2025-01-07 13:00:00,164.498,164.506,164.132,164.235,7080,1,0
2025-01-07 14:00:00,164.235,164.326,163.842,163.884,8403,1,0
2025-01-07 15:00:00,163.884,164.056,163.82,163.924,8468,1,0
2025-01-07 16:00:00,163.922,164.053,163.741,163.928,9944,1,0
2025-01-07 17:00:00,163.93,164.234,163.629,163.829,19081,1,0
2025-01-07 18:00:00,163.83,163.861,163.543,163.65,14223,1,0
2025-01-07 19:00:00,163.647,163.688,163.388,163.482,9858,1,0
2025-01-07 20:00:00,163.481,163.497,163.359,163.439,7642,1,0
2025-01-07 21:00:00,163.439,163.463,163.371,163.381,4943,1,0
2025-01-07 22:00:00,163.38,163.38,163.208,163.31,5409,1,0
2025-01-07 23:00:00,163.308,163.477,163.305,163.431,3186,1,0
2025-01-08 00:00:00,163.351,163.447,163.334,163.424,1356,45,0
2025-01-08 01:00:00,163.42,163.692,163.415,163.623,3066,2,0
2025-01-08 02:00:00,163.617,163.654,163.375,163.649,8121,2,0
2025-01-08 03:00:00,163.649,163.658,163.46,163.544,4908,2,0
2025-01-08 04:00:00,163.544,163.745,163.516,163.701,3349,2,0
2025-01-08 05:00:00,163.701,163.772,163.651,163.695,3573,2,0
2025-01-08 06:00:00,163.695,163.794,163.673,163.781,2747,2,0
2025-01-08 07:00:00,163.781,163.806,163.702,163.786,3401,2,0
2025-01-08 08:00:00,163.787,163.797,163.53,163.604,4444,2,0
2025-01-08 09:00:00,163.604,163.604,163.284,163.366,9444,1,0
2025-01-08 10:00:00,163.366,163.545,163.264,163.292,10723,1,0
2025-01-08 11:00:00,163.292,163.311,163.119,163.216,8337,1,0
2025-01-08 12:00:00,163.213,163.384,163.098,163.379,7621,1,0
2025-01-08 13:00:00,163.376,163.393,162.876,163.091,13786,1,0
2025-01-08 14:00:00,163.091,163.205,162.9,162.99,11330,1,0
2025-01-08 15:00:00,162.99,163.1,162.841,163.024,16611,1,0
2025-01-08 16:00:00,163.021,163.137,162.935,162.968,13911,1,0
2025-01-08 17:00:00,162.969,163.205,162.968,163.148,13673,1,0
2025-01-08 18:00:00,163.149,163.306,163.081,163.272,11182,1,0
2025-01-08 19:00:00,163.266,163.3,163.131,163.229,9904,1,0
2025-01-08 20:00:00,163.228,163.459,163.188,163.401,8687,1,0
2025-01-08 21:00:00,163.403,163.508,163.328,163.368,8644,1,0
2025-01-08 22:00:00,163.367,163.383,163.305,163.367,6183,1,0
2025-01-08 23:00:00,163.367,163.436,163.367,163.398,2106,1,0
2025-01-09 00:00:00,163.234,163.368,163.098,163.337,1187,24,0
2025-01-09 01:00:00,163.349,163.429,163.148,163.153,1983,2,0
2025-01-09 02:00:00,163.154,163.267,163.038,163.222,5937,2,0
2025-01-09 03:00:00,163.222,163.255,163.036,163.084,4993,2,0
2025-01-09 04:00:00,163.084,163.139,163.042,163.096,3592,2,0
2025-01-09 05:00:00,163.097,163.103,162.878,162.891,4432,2,0
2025-01-09 06:00:00,162.891,162.891,162.627,162.814,4087,2,0
2025-01-09 07:00:00,162.813,163.075,162.767,162.912,4904,2,0
2025-01-09 08:00:00,162.914,163.026,162.834,162.896,6107,2,0
2025-01-09 09:00:00,162.913,163.013,162.67,162.8,9548,1,0
2025-01-09 10:00:00,162.799,163.022,162.759,163.005,11041,1,0
2025-01-09 11:00:00,163.004,163.114,162.871,162.925,8783,1,0
2025-01-09 12:00:00,162.926,162.956,162.764,162.787,7658,1,0
2025-01-09 13:00:00,162.786,162.804,162.582,162.67,7835,1,0
2025-01-09 14:00:00,162.669,162.705,162.369,162.534,7513,1,0
2025-01-09 15:00:00,162.534,162.71,162.445,162.518,9083,1,0
2025-01-09 16:00:00,162.519,162.757,162.518,162.679,7372,1,0
2025-01-09 17:00:00,162.68,162.719,162.588,162.708,6699,1,0
2025-01-09 18:00:00,162.709,162.742,162.571,162.716,5647,1,0
2025-01-09 19:00:00,162.714,162.848,162.714,162.816,4633,1,0
2025-01-09 20:00:00,162.815,162.869,162.793,162.824,2568,1,0
2025-01-09 21:00:00,162.824,162.884,162.819,162.829,1774,1,0
2025-01-09 22:00:00,162.832,162.922,162.832,162.892,1709,1,0
2025-01-09 23:00:00,162.89,162.901,162.827,162.842,1746,0,0
2025-01-10 00:00:00,162.793,162.936,162.71,162.885,2141,34,0
2025-01-10 01:00:00,162.879,162.89,162.709,162.734,1825,2,0
2025-01-10 02:00:00,162.732,162.965,162.636,162.681,6925,2,0
2025-01-10 03:00:00,162.681,162.977,162.614,162.91,5943,2,0
2025-01-10 04:00:00,162.911,163.054,162.905,163.041,3829,2,0
2025-01-10 05:00:00,163.041,163.07,162.942,162.96,2545,2,0
2025-01-10 06:00:00,162.96,163.099,162.959,163.066,3142,2,0
2025-01-10 07:00:00,163.066,163.118,162.922,162.941,4003,2,0
2025-01-10 08:00:00,162.941,162.97,162.775,162.794,4723,2,0
2025-01-10 09:00:00,162.796,163.119,162.772,163.1,6841,1,0
2025-01-10 10:00:00,163.104,163.186,162.544,162.609,10847,1,0
2025-01-10 11:00:00,162.608,162.7,162.365,162.674,9253,1,0
2025-01-10 12:00:00,162.675,162.904,162.624,162.863,7529,1,0
2025-01-10 13:00:00,162.864,162.949,162.758,162.766,7383,1,0
2025-01-10 14:00:00,162.768,162.871,162.695,162.823,6231,1,0
2025-01-10 15:00:00,162.819,162.898,162.253,162.622,16993,1,0
2025-01-10 16:00:00,162.623,162.774,161.898,161.961,20402,1,0
2025-01-10 17:00:00,161.959,162.039,161.497,161.51,19651,1,0
2025-01-10 18:00:00,161.51,161.649,161.208,161.44,13807,1,0
2025-01-10 19:00:00,161.44,161.582,161.424,161.533,8645,1,0
2025-01-10 20:00:00,161.532,161.741,161.497,161.718,6229,1,0
2025-01-10 21:00:00,161.722,161.785,161.609,161.756,6112,1,0
2025-01-10 22:00:00,161.755,161.759,161.589,161.684,5335,1,0
2025-01-10 23:00:00,161.681,161.686,161.524,161.532,3775,0,0
2025-01-13 00:00:00,161.173,161.596,161.173,161.578,2809,71,0
2025-01-13 01:00:00,161.574,161.776,161.554,161.745,3255,2,0
2025-01-13 02:00:00,161.736,161.779,161.609,161.613,4762,2,0
2025-01-13 03:00:00,161.614,161.711,161.076,161.255,6985,2,0
2025-01-13 04:00:00,161.254,161.468,161.191,161.299,4920,2,0
2025-01-13 05:00:00,161.298,161.34,160.77,160.805,6306,2,0
2025-01-13 06:00:00,160.806,160.96,160.746,160.88,4797,2,0
2025-01-13 07:00:00,160.882,160.893,160.662,160.862,4719,2,0
2025-01-13 08:00:00,160.864,161.05,160.737,160.956,6071,2,0
2025-01-13 09:00:00,160.955,161.019,160.648,160.852,9903,1,0
2025-01-13 10:00:00,160.85,161.198,160.796,161.098,11468,1,0
2025-01-13 11:00:00,161.098,161.116,160.034,160.148,13749,1,0
2025-01-13 12:00:00,160.149,160.615,160.083,160.608,9581,1,0
2025-01-13 13:00:00,160.609,160.678,160.225,160.396,8471,1,0
2025-01-13 14:00:00,160.403,160.51,160.126,160.214,9994,1,0
2025-01-13 15:00:00,160.216,160.541,160.141,160.472,11670,1,0
2025-01-13 16:00:00,160.473,160.688,160.321,160.625,12568,1,0
2025-01-13 17:00:00,160.626,160.756,160.486,160.621,12825,1,0
2025-01-13 18:00:00,160.623,160.979,160.56,160.792,9815,1,0
2025-01-13 19:00:00,160.792,160.888,160.711,160.757,6899,1,0
2025-01-13 20:00:00,160.759,160.993,160.708,160.886,5216,1,0
2025-01-13 21:00:00,160.886,161.102,160.842,161.086,4857,1,0
2025-01-13 22:00:00,161.086,161.157,160.945,161.068,4621,1,0
2025-01-13 23:00:00,161.068,161.353,161.043,161.285,3806,0,0
2025-01-14 00:00:00,161.321,161.655,161.198,161.394,3026,32,0
2025-01-14 01:00:00,161.388,161.585,161.368,161.458,6248,4,0
2025-01-14 02:00:00,161.456,161.477,161.19,161.446,7674,2,0
2025-01-14 03:00:00,161.439,161.864,161.034,161.361,10110,2,0
2025-01-14 04:00:00,161.361,161.584,161.289,161.552,5709,2,0
2025-01-14 05:00:00,161.552,161.752,161.467,161.473,4424,2,0
2025-01-14 06:00:00,161.472,161.576,161.356,161.43,3102,2,0
2025-01-14 07:00:00,161.429,161.563,161.261,161.441,6696,2,0
2025-01-14 08:00:00,161.442,161.615,161.412,161.461,5273,2,0
2025-01-14 09:00:00,161.466,161.596,161.359,161.53,10328,1,0
2025-01-14 10:00:00,161.53,161.871,161.415,161.819,10844,1,0
2025-01-14 11:00:00,161.824,162.142,161.771,162.039,10650,1,0
2025-01-14 12:00:00,162.038,162.129,161.907,161.939,7009,1,0
2025-01-14 13:00:00,161.937,162.064,161.909,161.949,6152,1,0
2025-01-14 14:00:00,161.95,162.069,161.768,161.78,7971,1,0
2025-01-14 15:00:00,161.778,161.856,161.555,161.762,15098,1,0
2025-01-14 16:00:00,161.773,162.064,161.72,162.038,13787,1,0
2025-01-14 17:00:00,162.038,162.659,162.036,162.622,14256,1,0
2025-01-14 18:00:00,162.622,162.682,162.434,162.556,11830,1,0
2025-01-14 19:00:00,162.556,162.724,162.475,162.685,7455,1,0
2025-01-14 20:00:00,162.684,162.782,162.588,162.733,4678,1,0
2025-01-14 21:00:00,162.734,162.803,162.624,162.646,4275,1,0
2025-01-14 22:00:00,162.647,162.805,162.574,162.751,4899,1,0
2025-01-14 23:00:00,162.75,162.852,162.718,162.834,2906,0,0
2025-01-15 00:00:00,162.687,162.826,162.687,162.778,1566,42,0
2025-01-15 01:00:00,162.778,162.889,162.743,162.884,1760,2,0
2025-01-15 02:00:00,162.891,162.891,162.664,162.729,5528,2,0
2025-01-15 03:00:00,162.73,162.85,162.557,162.639,5926,2,0
2025-01-15 04:00:00,162.639,162.693,162.574,162.638,3668,2,0
2025-01-15 05:00:00,162.639,162.694,162.567,162.652,3103,2,0
2025-01-15 06:00:00,162.651,162.651,162.335,162.372,4926,2,0
2025-01-15 07:00:00,162.371,162.372,161.897,161.93,7944,2,0
2025-01-15 08:00:00,161.931,162.124,161.884,162.006,5252,2,0
2025-01-15 09:00:00,162.023,162.023,161.607,161.682,10967,1,0
2025-01-15 10:00:00,161.682,161.891,161.617,161.769,10268,1,0
2025-01-15 11:00:00,161.768,161.825,161.532,161.725,9225,1,0
2025-01-15 12:00:00,161.726,161.807,161.542,161.612,7367,1,0
2025-01-15 13:00:00,161.613,161.791,161.556,161.741,6544,1,0
2025-01-15 14:00:00,161.743,161.797,161.6,161.683,6583,1,0
2025-01-15 15:00:00,161.684,161.916,161.538,161.783,15958,1,0
2025-01-15 16:00:00,161.788,161.819,161.277,161.396,17405,1,0
2025-01-15 17:00:00,161.395,161.489,161.033,161.078,15138,1,0
2025-01-15 18:00:00,161.078,161.21,160.789,161.006,12875,1,0
2025-01-15 19:00:00,161.006,161.102,160.971,161.022,7097,1,0
2025-01-15 20:00:00,161.023,161.114,160.967,161.067,5192,1,0
2025-01-15 21:00:00,161.065,161.122,161.028,161.05,4081,1,0
2025-01-15 22:00:00,161.049,161.12,161.024,161.076,3945,1,0
2025-01-15 23:00:00,161.073,161.124,160.973,161.002,2993,1,0
2025-01-16 00:00:00,160.82,160.981,160.79,160.956,2586,25,0
2025-01-16 01:00:00,160.921,160.995,160.812,160.829,2187,2,0
2025-01-16 02:00:00,160.826,161.081,160.802,160.856,6493,2,0
2025-01-16 03:00:00,160.855,160.855,159.994,160.052,10351,2,0
2025-01-16 04:00:00,160.057,160.231,159.739,160.196,9778,2,0
2025-01-16 05:00:00,160.197,160.314,160.161,160.279,5447,2,0
2025-01-16 06:00:00,160.279,160.449,160.172,160.43,4028,2,0
2025-01-16 07:00:00,160.431,160.532,160.412,160.519,5064,2,0
2025-01-16 08:00:00,160.52,160.762,160.445,160.608,7130,2,0
2025-01-16 09:00:00,160.596,160.871,160.579,160.832,8833,1,0
2025-01-16 10:00:00,160.833,160.883,160.489,160.512,9589,1,0
2025-01-16 11:00:00,160.511,160.523,160.056,160.138,8308,1,0
2025-01-16 12:00:00,160.138,160.345,160.036,160.106,7303,1,0
2025-01-16 13:00:00,160.106,160.392,160.089,160.299,6763,1,0
2025-01-16 14:00:00,160.301,160.437,160.249,160.352,8491,1,0
2025-01-16 15:00:00,160.35,160.493,160.259,160.3,12857,1,0
2025-01-16 16:00:00,160.298,160.556,160.162,160.484,12475,1,0
2025-01-16 17:00:00,160.483,160.513,160.02,160.102,17370,1,0
2025-01-16 18:00:00,160.103,160.179,159.847,160.141,14860,1,0
2025-01-16 19:00:00,160.142,160.259,159.822,159.87,9654,1,0
2025-01-16 20:00:00,159.869,160.016,159.817,160.016,5961,1,0
2025-01-16 21:00:00,160.016,160.055,159.854,159.975,5315,1,0
2025-01-16 22:00:00,159.974,159.991,159.804,159.861,4421,1,0
2025-01-16 23:00:00,159.861,159.88,159.76,159.791,2161,1,0
2025-01-17 00:00:00,159.738,159.877,159.65,159.834,1932,16,0
2025-01-17 01:00:00,159.839,160.087,159.817,160.048,2492,2,0
2025-01-17 02:00:00,160.047,160.151,159.717,159.914,7461,2,0
2025-01-17 03:00:00,159.914,160.08,159.876,159.949,6395,2,0
2025-01-17 04:00:00,159.948,160.193,159.923,160.148,6006,2,0
2025-01-17 05:00:00,160.149,160.158,160.03,160.117,4330,2,0
2025-01-17 06:00:00,160.116,160.162,159.933,159.952,3321,2,0
2025-01-17 07:00:00,159.952,160.201,159.919,160.124,5007,2,0
2025-01-17 08:00:00,160.124,160.2,160.07,160.16,4891,2,0
2025-01-17 09:00:00,160.16,160.173,159.932,160.041,8436,1,0
2025-01-17 10:00:00,160.042,160.354,159.892,160.328,7537,1,0
2025-01-17 11:00:00,160.329,160.499,160.117,160.352,9150,1,0
2025-01-17 12:00:00,160.35,160.532,160.234,160.51,6690,1,0
2025-01-17 13:00:00,160.511,160.529,160.316,160.435,6477,1,0
2025-01-17 14:00:00,160.437,160.46,160.254,160.282,7314,1,0
2025-01-17 15:00:00,160.282,160.352,160.028,160.202,9456,1,0
2025-01-17 16:00:00,160.202,160.733,159.948,160.703,14695,1,0
2025-01-17 17:00:00,160.701,161.007,160.634,160.772,15298,1,0
2025-01-17 18:00:00,160.77,160.949,160.641,160.78,9720,1,0
2025-01-17 19:00:00,160.781,160.817,160.618,160.648,6776,1,0
2025-01-17 20:00:00,160.649,160.694,160.554,160.574,5358,1,0
2025-01-17 21:00:00,160.573,160.589,160.448,160.457,4422,1,0
2025-01-17 22:00:00,160.458,160.53,160.415,160.45,4226,1,0
2025-01-17 23:00:00,160.448,160.52,160.419,160.518,3727,0,0
2025-01-20 00:00:00,160.552,160.711,160.494,160.634,2401,71,0
2025-01-20 01:00:00,160.631,160.81,160.534,160.693,3461,2,0
2025-01-20 02:00:00,160.702,160.765,160.45,160.45,5440,2,0
2025-01-20 03:00:00,160.45,160.525,160.316,160.459,5840,2,0
2025-01-20 04:00:00,160.459,160.583,160.413,160.472,4581,2,0
2025-01-20 05:00:00,160.473,160.516,160.397,160.508,4306,2,0
2025-01-20 06:00:00,160.508,160.747,160.483,160.722,3387,2,0
2025-01-20 07:00:00,160.723,160.783,160.618,160.779,3316,2,0
2025-01-20 08:00:00,160.778,161.124,160.716,161.045,5216,2,0
2025-01-20 09:00:00,161.048,161.111,160.884,160.93,6983,1,0
2025-01-20 10:00:00,160.936,161.051,160.845,160.99,8387,1,0
2025-01-20 11:00:00,160.989,161.177,160.964,161.068,7643,1,0
2025-01-20 12:00:00,161.069,161.373,161.068,161.299,6284,1,0
2025-01-20 13:00:00,161.3,161.493,161.262,161.44,5439,1,0
2025-01-20 14:00:00,161.44,161.452,161.313,161.385,5838,1,0
2025-01-20 15:00:00,161.383,162.123,161.275,161.922,15001,1,0
2025-01-20 16:00:00,161.923,162.104,161.691,162.004,18562,1,0
2025-01-20 17:00:00,162.003,162.317,161.878,161.926,13308,1,0
2025-01-20 18:00:00,161.925,161.976,161.744,161.889,7426,1,0
2025-01-20 19:00:00,161.89,161.957,161.526,161.831,11367,1,0
2025-01-20 20:00:00,161.834,161.951,161.804,161.876,6638,1,0
2025-01-20 21:00:00,161.876,162.198,161.835,162.187,7660,1,0
2025-01-20 22:00:00,162.183,162.259,162.022,162.083,8210,1,0
2025-01-20 23:00:00,162.081,162.148,162.015,162.112,7662,1,0
2025-01-21 00:00:00,162.031,162.12,161.86,162.042,2345,108,0
2025-01-21 01:00:00,161.945,162.138,161.701,161.813,6375,2,0
2025-01-21 02:00:00,161.816,161.955,161.414,161.677,14158,2,0
2025-01-21 03:00:00,161.677,161.948,161.212,161.303,17922,2,0
2025-01-21 04:00:00,161.302,161.354,160.966,161.151,12186,2,0
2025-01-21 05:00:00,161.152,161.257,160.954,161.197,9595,2,0
2025-01-21 06:00:00,161.199,161.228,161.054,161.11,6554,2,0
2025-01-21 07:00:00,161.108,161.222,161.068,161.195,6789,2,0
2025-01-21 08:00:00,161.2,161.352,161.181,161.257,7828,2,0
2025-01-21 09:00:00,161.248,161.596,161.202,161.494,10168,1,0
2025-01-21 10:00:00,161.492,161.503,161.189,161.361,10240,1,0
2025-01-21 11:00:00,161.363,161.477,161.267,161.412,11071,1,0
2025-01-21 12:00:00,161.412,161.516,161.236,161.483,8976,1,0
2025-01-21 13:00:00,161.483,161.504,161.3,161.42,7805,1,0
2025-01-21 14:00:00,161.424,161.447,161.262,161.338,9459,1,0
2025-01-21 15:00:00,161.338,161.382,161.238,161.364,10185,1,0
2025-01-21 16:00:00,161.366,161.696,161.302,161.607,13095,1,0
2025-01-21 17:00:00,161.606,161.716,161.442,161.556,15049,1,0
2025-01-21 18:00:00,161.556,162.071,161.521,162.063,11146,1,0
2025-01-21 19:00:00,162.063,162.176,162.054,162.129,7421,1,0
2025-01-21 20:00:00,162.129,162.225,162.087,162.181,5890,1,0
2025-01-21 21:00:00,162.18,162.191,162.022,162.056,4821,1,0
2025-01-21 22:00:00,162.056,162.103,162.009,162.053,3814,1,0
2025-01-21 23:00:00,162.052,162.187,162.041,162.073,2748,1,0
2025-01-22 00:00:00,162.083,162.218,162.025,162.107,3103,33,0
2025-01-22 01:00:00,162.093,162.182,161.867,162.059,6558,2,0
2025-01-22 02:00:00,162.059,162.149,161.885,162.005,8157,2,0
2025-01-22 03:00:00,162.006,162.128,161.923,162.06,6702,2,0
2025-01-22 04:00:00,162.061,162.212,162.028,162.182,5193,2,0
2025-01-22 05:00:00,162.183,162.383,162.104,162.347,4318,2,0
2025-01-22 06:00:00,162.348,162.352,162.23,162.288,3985,2,0
2025-01-22 07:00:00,162.288,162.367,162.266,162.307,3944,2,0
2025-01-22 08:00:00,162.307,162.358,162.077,162.179,6323,2,0
2025-01-22 09:00:00,162.188,162.507,162.162,162.473,7670,1,0
2025-01-22 10:00:00,162.47,162.572,162.053,162.312,11560,1,0
2025-01-22 11:00:00,162.311,162.635,162.275,162.621,8899,1,0
2025-01-22 12:00:00,162.622,162.841,162.59,162.773,7546,1,0
2025-01-22 13:00:00,162.774,162.892,162.691,162.776,5706,1,0
2025-01-22 14:00:00,162.774,162.883,162.637,162.639,6717,1,0
2025-01-22 15:00:00,162.638,162.788,162.531,162.621,8535,1,0
2025-01-22 16:00:00,162.621,162.807,162.424,162.786,11319,1,0
2025-01-22 17:00:00,162.785,162.987,162.616,162.965,11004,1,0
2025-01-22 18:00:00,162.966,163.204,162.941,163.191,7585,1,0
2025-01-22 19:00:00,163.189,163.214,163.08,163.146,5610,1,0
2025-01-22 20:00:00,163.147,163.157,163.03,163.091,4310,1,0
2025-01-22 21:00:00,163.093,163.142,163.033,163.095,3687,1,0
2025-01-22 22:00:00,163.093,163.109,162.976,162.997,3372,1,0
2025-01-22 23:00:00,162.996,163.023,162.917,162.933,2192,0,0
2025-01-23 00:00:00,162.869,162.93,162.784,162.785,1404,25,0
2025-01-23 01:00:00,162.783,162.878,162.756,162.817,2004,2,0
2025-01-23 02:00:00,162.821,162.852,162.72,162.807,5079,2,0
2025-01-23 03:00:00,162.808,162.895,162.724,162.865,7503,2,0
2025-01-23 04:00:00,162.864,162.88,162.737,162.808,5703,2,0
2025-01-23 05:00:00,162.807,162.918,162.791,162.899,4019,2,0
2025-01-23 06:00:00,162.899,163.032,162.885,163.016,4180,2,0
2025-01-23 07:00:00,163.018,163.126,163.016,163.049,5994,2,0
2025-01-23 08:00:00,163.05,163.093,162.855,162.923,5624,2,0
2025-01-23 09:00:00,162.923,162.974,162.723,162.877,8557,1,0
2025-01-23 10:00:00,162.876,162.905,162.626,162.65,7827,1,0
2025-01-23 11:00:00,162.649,162.881,162.648,162.816,8934,1,0
2025-01-23 12:00:00,162.815,162.887,162.646,162.837,6154,1,0
2025-01-23 13:00:00,162.836,162.943,162.774,162.857,5507,1,0
2025-01-23 14:00:00,162.856,162.874,162.677,162.714,5899,1,0
2025-01-23 15:00:00,162.714,162.74,162.506,162.62,9751,1,0
2025-01-23 16:00:00,162.624,162.833,162.582,162.639,8236,1,0
2025-01-23 17:00:00,162.639,162.675,162.348,162.375,9075,1,0
2025-01-23 18:00:00,162.375,162.596,162.189,162.552,12552,1,0
2025-01-23 19:00:00,162.55,162.735,162.524,162.704,6320,1,0
2025-01-23 20:00:00,162.704,162.711,162.55,162.611,4467,1,0
2025-01-23 21:00:00,162.612,162.642,162.358,162.394,4289,1,0
2025-01-23 22:00:00,162.394,162.513,162.362,162.485,4234,1,0
2025-01-23 23:00:00,162.485,162.553,162.443,162.543,1877,1,0
2025-01-24 00:00:00,162.392,162.536,162.392,162.5,1743,86,0
2025-01-24 01:00:00,162.514,162.664,162.432,162.624,1719,2,0
2025-01-24 02:00:00,162.624,162.815,162.52,162.796,4929,2,0
2025-01-24 03:00:00,162.793,162.82,162.681,162.807,4246,2,0
2025-01-24 04:00:00,162.808,163.101,162.808,162.979,7815,2,0
2025-01-24 05:00:00,162.978,163.261,162.311,162.418,9327,2,0
2025-01-24 06:00:00,162.418,162.437,161.916,162.175,6976,2,0
2025-01-24 07:00:00,162.176,162.448,162.099,162.367,6331,2,0
2025-01-24 08:00:00,162.364,162.974,162.091,162.463,9315,2,0
2025-01-24 09:00:00,162.465,162.664,162.313,162.55,10159,1,0
2025-01-24 10:00:00,162.549,163.088,162.267,163.057,10551,1,0
2025-01-24 11:00:00,163.057,163.337,162.875,163.278,9124,1,0
2025-01-24 12:00:00,163.279,163.601,163.253,163.535,6786,1,0
2025-01-24 13:00:00,163.535,163.758,163.464,163.685,5878,1,0
2025-01-24 14:00:00,163.679,163.89,163.619,163.867,6277,1,0
2025-01-24 15:00:00,163.868,163.989,163.554,163.65,7696,1,0
2025-01-24 16:00:00,163.652,164.082,163.608,163.978,9898,1,0
2025-01-24 17:00:00,163.974,164.078,163.596,163.77,11500,1,0
2025-01-24 18:00:00,163.771,163.818,163.58,163.593,8117,1,0
2025-01-24 19:00:00,163.593,163.726,163.567,163.706,5198,1,0
2025-01-24 20:00:00,163.706,163.775,163.628,163.656,4415,1,0
2025-01-24 21:00:00,163.656,163.68,163.494,163.535,3728,1,0
2025-01-24 22:00:00,163.534,163.623,163.495,163.615,3617,1,0
2025-01-24 23:00:00,163.615,163.697,163.574,163.652,1947,1,0
2025-01-27 00:00:00,163.25,163.324,163.07,163.29,1337,86,0
2025-01-27 01:00:00,163.309,163.358,162.922,162.997,4775,2,0
2025-01-27 02:00:00,162.998,163.106,162.76,162.883,5944,2,0
2025-01-27 03:00:00,162.885,162.914,162.604,162.68,7132,2,0
2025-01-27 04:00:00,162.68,162.925,162.607,162.886,4757,2,0
2025-01-27 05:00:00,162.886,163.138,162.852,163.098,4821,2,0
2025-01-27 06:00:00,163.098,163.293,163.062,163.247,3912,2,0
2025-01-27 07:00:00,163.247,163.295,163.12,163.286,4652,2,0
2025-01-27 08:00:00,163.287,163.456,163.147,163.153,5929,2,0
2025-01-27 09:00:00,163.153,163.162,162.868,163.008,7951,1,0
2025-01-27 10:00:00,162.999,163.047,162.542,162.704,10415,1,0
2025-01-27 11:00:00,162.701,162.768,162.068,162.159,11009,1,0
2025-01-27 12:00:00,162.159,162.159,161.538,161.755,12065,1,0
2025-01-27 13:00:00,161.751,161.991,161.635,161.868,11564,1,0
2025-01-27 14:00:00,161.868,162.156,161.825,162.076,9840,1,0
2025-01-27 15:00:00,162.076,162.4,161.949,162.222,11504,1,0
2025-01-27 16:00:00,162.225,162.28,161.934,162.23,11922,1,0
2025-01-27 17:00:00,162.23,162.382,162.015,162.048,12122,1,0
2025-01-27 18:00:00,162.048,162.16,161.729,161.802,9937,1,0
2025-01-27 19:00:00,161.802,161.959,161.765,161.837,7901,1,0
2025-01-27 20:00:00,161.837,162.05,161.784,161.92,7340,1,0
2025-01-27 21:00:00,161.921,162.282,161.917,162.153,6808,1,0
2025-01-27 22:00:00,162.153,162.321,162.116,162.126,5753,1,0
2025-01-27 23:00:00,162.126,162.23,162.035,162.099,3301,1,0
2025-01-28 00:00:00,162.094,162.161,161.969,162.059,1315,33,0
2025-01-28 01:00:00,162.091,162.12,161.574,161.682,8945,2,0
2025-01-28 02:00:00,161.676,162.062,161.623,162.055,8888,2,0
2025-01-28 03:00:00,162.055,162.52,162.055,162.298,7527,2,0
2025-01-28 04:00:00,162.297,162.407,162.179,162.292,7991,2,0
2025-01-28 05:00:00,162.29,162.549,162.25,162.418,5515,2,0
2025-01-28 06:00:00,162.418,162.673,162.408,162.548,5540,2,0
2025-01-28 07:00:00,162.549,162.599,162.459,162.496,4557,2,0
2025-01-28 08:00:00,162.496,162.648,162.33,162.584,5517,2,0
2025-01-28 09:00:00,162.583,162.677,162.477,162.628,7971,1,0
2025-01-28 10:00:00,162.632,162.697,162.231,162.351,9527,1,0
2025-01-28 11:00:00,162.351,162.601,162.127,162.214,8562,1,0
2025-01-28 12:00:00,162.213,162.273,161.904,162.081,6376,1,0
2025-01-28 13:00:00,162.08,162.182,161.852,162.014,5245,1,0
2025-01-28 14:00:00,162.015,162.042,161.786,161.802,7419,1,0
2025-01-28 15:00:00,161.802,162.139,161.786,162.1,8371,1,0
2025-01-28 16:00:00,162.097,162.234,161.754,161.995,8857,1,0
2025-01-28 17:00:00,161.992,162.444,161.955,162.316,9966,1,0
2025-01-28 18:00:00,162.317,162.442,162.207,162.292,8247,1,0
2025-01-28 19:00:00,162.292,162.36,162.26,162.264,4657,1,0
2025-01-28 20:00:00,162.262,162.344,162.189,162.317,5367,1,0
2025-01-28 21:00:00,162.317,162.373,162.245,162.298,4255,1,0
2025-01-28 22:00:00,162.299,162.316,162.205,162.227,3043,1,0
2025-01-28 23:00:00,162.226,162.281,162.172,162.217,2038,1,0
2025-01-29 00:00:00,162.131,162.2,162.081,162.184,980,86,0
2025-01-29 01:00:00,162.227,162.266,162.178,162.211,1513,2,0
2025-01-29 02:00:00,162.211,162.36,162.128,162.327,4802,2,0
2025-01-29 03:00:00,162.327,162.483,162.308,162.365,4119,2,0
2025-01-29 04:00:00,162.365,162.443,162.293,162.377,3871,2,0
2025-01-29 05:00:00,162.377,162.377,162.119,162.222,4136,2,0
2025-01-29 06:00:00,162.222,162.246,162.038,162.108,3877,2,0
2025-01-29 07:00:00,162.108,162.112,161.822,161.837,4348,2,0
2025-01-29 08:00:00,161.837,162.19,161.837,162.009,6112,2,0
2025-01-29 09:00:00,162.009,162.091,161.693,161.749,7574,1,0
2025-01-29 10:00:00,161.749,161.893,161.627,161.735,8260,1,0
2025-01-29 11:00:00,161.735,161.747,161.594,161.617,7299,1,0
2025-01-29 12:00:00,161.617,161.674,161.542,161.659,6643,1,0
2025-01-29 13:00:00,161.658,161.754,161.597,161.665,5967,1,0
2025-01-29 14:00:00,161.664,161.678,161.571,161.639,6723,1,0
2025-01-29 15:00:00,161.636,161.64,161.308,161.446,8749,1,0
2025-01-29 16:00:00,161.449,161.627,161.375,161.422,8165,1,0
2025-01-29 17:00:00,161.425,161.662,161.396,161.51,10012,1,0
2025-01-29 18:00:00,161.511,161.708,161.47,161.678,8347,1,0
2025-01-29 19:00:00,161.675,161.818,161.574,161.59,6038,1,0
2025-01-29 20:00:00,161.589,161.704,161.552,161.63,5673,1,0
2025-01-29 21:00:00,161.633,161.844,161.537,161.704,14025,2,0
2025-01-29 22:00:00,161.697,161.787,161.634,161.735,8928,1,0
2025-01-29 23:00:00,161.735,161.793,161.63,161.759,4502,1,0
2025-01-30 00:00:00,161.759,161.759,161.568,161.694,1412,28,0
2025-01-30 01:00:00,161.694,161.796,161.631,161.76,4360,2,0
2025-01-30 02:00:00,161.759,161.78,161.278,161.314,6995,2,0
2025-01-30 03:00:00,161.314,161.314,160.981,161.138,7126,2,0
2025-01-30 04:00:00,161.138,161.169,160.83,160.904,6976,2,0
2025-01-30 05:00:00,160.904,161.119,160.841,161.099,5363,2,0
2025-01-30 06:00:00,161.1,161.198,161.069,161.08,3964,2,0
2025-01-30 07:00:00,161.08,161.104,160.895,161.001,3521,2,0
2025-01-30 08:00:00,161.001,161.155,160.749,160.825,4887,2,0
2025-01-30 09:00:00,160.825,161.127,160.741,161.045,5896,1,0
2025-01-30 10:00:00,161.045,161.189,160.941,160.998,7989,2,0
2025-01-30 11:00:00,160.992,160.993,160.609,160.745,8016,1,0
2025-01-30 12:00:00,160.747,160.813,160.57,160.689,6629,1,0
2025-01-30 13:00:00,160.689,160.739,160.571,160.647,5899,1,0
2025-01-30 14:00:00,160.648,160.678,160.332,160.375,6967,1,0
2025-01-30 15:00:00,160.375,160.97,160.23,160.933,12116,1,0
2025-01-30 16:00:00,160.927,161.089,160.534,160.656,12707,1,0
2025-01-30 17:00:00,160.659,160.808,160.488,160.783,10970,1,0
2025-01-30 18:00:00,160.783,160.969,160.683,160.901,8031,1,0
2025-01-30 19:00:00,160.902,160.909,160.67,160.734,6604,1,0
2025-01-30 20:00:00,160.735,161.031,160.734,160.941,4777,1,0
2025-01-30 21:00:00,160.941,160.942,160.705,160.709,4319,1,0
2025-01-30 22:00:00,160.71,160.753,160.348,160.543,8398,1,0
2025-01-30 23:00:00,160.543,160.603,160.199,160.314,5386,1,0
2025-01-31 00:00:00,160.114,160.258,160.094,160.156,1762,86,0
2025-01-31 01:00:00,160.178,160.488,160.158,160.2,4690,2,0
2025-01-31 02:00:00,160.209,160.398,160.184,160.275,6222,2,0
2025-01-31 03:00:00,160.275,160.277,159.905,160.081,8203,2,0
2025-01-31 04:00:00,160.086,160.223,159.966,160.179,5788,2,0
2025-01-31 05:00:00,160.184,160.35,160.126,160.299,4685,2,0
2025-01-31 06:00:00,160.3,160.437,160.256,160.421,4047,2,0
2025-01-31 07:00:00,160.421,160.856,160.415,160.731,5951,2,0
2025-01-31 08:00:00,160.732,160.94,160.657,160.795,5973,2,0
2025-01-31 09:00:00,160.797,161.048,160.687,160.902,7585,1,0
2025-01-31 10:00:00,160.902,161.003,160.504,160.535,7897,1,0
2025-01-31 11:00:00,160.534,160.653,160.176,160.652,8826,1,0
2025-01-31 12:00:00,160.652,160.667,160.496,160.499,6507,1,0
2025-01-31 13:00:00,160.501,160.667,160.386,160.658,5545,1,0
2025-01-31 14:00:00,160.663,160.817,160.628,160.751,5791,1,0
2025-01-31 15:00:00,160.749,161.006,160.631,160.717,9876,1,0
2025-01-31 16:00:00,160.717,160.717,160.283,160.323,9653,1,0
2025-01-31 17:00:00,160.324,161.049,160.204,160.955,12012,1,0
2025-01-31 18:00:00,160.956,161.293,160.89,161.114,8939,1,0
2025-01-31 19:00:00,161.113,161.5,161.017,161.263,10674,1,0
2025-01-31 20:00:00,161.263,161.35,160.764,160.878,12305,1,0
2025-01-31 21:00:00,160.875,161.054,160.686,160.98,8691,1,0
2025-01-31 22:00:00,160.981,161.078,160.835,160.887,8442,1,0
2025-01-31 23:00:00,160.888,161.025,160.486,160.725,8355,1,0
2025-02-03 00:00:00,158.345,158.994,158.344,158.873,3982,86,0
2025-02-03 01:00:00,158.868,159.425,158.582,159.188,12306,2,0
2025-02-03 02:00:00,159.186,159.664,158.938,159.312,14472,2,0
2025-02-03 03:00:00,159.311,159.718,159.224,159.411,11369,2,0
2025-02-03 04:00:00,159.411,159.462,158.96,159.017,9673,2,0
2025-02-03 05:00:00,159.017,159.138,158.935,159.098,7142,2,0
2025-02-03 06:00:00,159.098,159.325,159.087,159.244,7756,2,0
2025-02-03 07:00:00,159.241,159.355,159.14,159.318,5939,2,0
2025-02-03 08:00:00,159.318,159.374,159.074,159.164,8064,2,0
2025-02-03 09:00:00,159.165,159.378,159.072,159.121,9611,1,0
2025-02-03 10:00:00,159.122,159.377,158.943,159.24,10761,1,0
2025-02-03 11:00:00,159.241,159.306,158.522,158.551,7993,1,0
2025-02-03 12:00:00,158.552,158.865,158.518,158.719,7094,1,0
2025-02-03 13:00:00,158.719,158.748,158.361,158.511,7282,1,0
2025-02-03 14:00:00,158.511,158.766,158.471,158.551,10589,1,0
2025-02-03 15:00:00,158.55,158.954,158.533,158.73,10816,1,0
2025-02-03 16:00:00,158.731,158.753,158.316,158.418,12492,1,0
2025-02-03 17:00:00,158.379,159.819,157.969,159.619,18871,1,0
2025-02-03 18:00:00,159.621,159.744,158.927,158.957,13684,1,0
2025-02-03 19:00:00,158.958,159.236,158.741,158.977,10947,1,0
2025-02-03 20:00:00,158.978,159.316,158.814,159.271,8469,1,0
2025-02-03 21:00:00,159.271,159.543,159.234,159.301,6111,1,0
2025-02-03 22:00:00,159.301,159.392,159.214,159.279,5319,1,0
2025-02-03 23:00:00,159.279,160.137,159.214,160.058,7600,1,0
2025-02-04 00:00:00,159.983,160.175,159.806,160.085,3947,86,0
2025-02-04 01:00:00,160.099,160.482,160.095,160.361,5637,2,0
2025-02-04 02:00:00,160.357,160.405,160.138,160.25,6118,2,0
2025-02-04 03:00:00,160.241,160.277,160.005,160.105,7473,2,0
2025-02-04 04:00:00,160.105,160.21,160.032,160.15,5251,2,0
2025-02-04 05:00:00,160.15,160.158,160.054,160.097,3960,2,0
2025-02-04 06:00:00,160.095,160.145,160.006,160.034,3706,2,0
2025-02-04 07:00:00,160.034,160.042,159.184,159.801,11225,2,0
2025-02-04 08:00:00,159.801,159.997,159.741,159.979,6776,2,0
2025-02-04 09:00:00,159.979,160.194,159.891,160.164,6983,1,0
2025-02-04 10:00:00,160.164,160.588,160.124,160.438,10110,1,0
2025-02-04 11:00:00,160.438,160.655,160.419,160.602,7576,1,0
2025-02-04 12:00:00,160.601,160.642,160.348,160.476,5838,1,0
2025-02-04 13:00:00,160.476,160.476,160.182,160.321,5442,1,0
2025-02-04 14:00:00,160.322,160.408,160.299,160.334,5606,1,0
2025-02-04 15:00:00,160.334,160.617,160.324,160.546,7420,1,0
2025-02-04 16:00:00,160.548,160.701,160.365,160.608,9663,1,0
2025-02-04 17:00:00,160.611,160.668,160.198,160.557,11793,1,0
2025-02-04 18:00:00,160.556,160.556,160.332,160.413,8394,1,0
2025-02-04 19:00:00,160.41,160.429,160.004,160.083,7513,1,0
2025-02-04 20:00:00,160.082,160.222,160.047,160.181,4647,1,0
2025-02-04 21:00:00,160.181,160.226,160.09,160.175,4727,1,0
2025-02-04 22:00:00,160.174,160.216,160.115,160.206,3764,1,0
2025-02-04 23:00:00,160.207,160.23,160.128,160.186,3447,1,0
2025-02-05 00:00:00,160.175,160.216,159.98,160.193,2097,29,0
2025-02-05 01:00:00,160.192,160.307,159.849,159.857,3559,2,0
2025-02-05 02:00:00,159.857,160.102,159.664,159.68,6901,2,0
2025-02-05 03:00:00,159.68,159.681,159.27,159.346,9458,2,0
2025-02-05 04:00:00,159.335,159.375,159.008,159.282,7593,2,0
2025-02-05 05:00:00,159.285,159.323,158.981,159.034,5790,2,0
2025-02-05 06:00:00,159.034,159.187,158.932,159.169,4879,2,0
2025-02-05 07:00:00,159.17,159.337,159.11,159.22,4802,2,0
2025-02-05 08:00:00,159.218,159.344,159.056,159.086,5836,2,0
2025-02-05 09:00:00,159.083,159.497,159.031,159.477,7475,1,0
2025-02-05 10:00:00,159.477,159.541,159.09,159.236,9743,1,0
2025-02-05 11:00:00,159.238,159.394,158.881,159.013,8614,1,0
2025-02-05 12:00:00,159.014,159.198,158.85,159.131,7400,1,0
2025-02-05 13:00:00,159.131,159.239,159.041,159.215,5647,1,0
2025-02-05 14:00:00,159.215,159.345,159.085,159.269,5397,1,0
2025-02-05 15:00:00,159.269,159.441,159.159,159.29,10114,1,0
2025-02-05 16:00:00,159.289,159.604,159.215,159.215,9765,1,0
2025-02-05 17:00:00,159.212,159.219,158.501,158.562,13630,1,0
2025-02-05 18:00:00,158.562,158.713,158.508,158.704,8414,1,0
2025-02-05 19:00:00,158.705,158.812,158.623,158.685,5395,1,0
2025-02-05 20:00:00,158.683,158.764,158.629,158.647,4368,1,0
2025-02-05 21:00:00,158.647,158.761,158.64,158.734,4454,1,0
2025-02-05 22:00:00,158.733,158.928,158.722,158.875,4160,1,0
2025-02-05 23:00:00,158.873,158.905,158.681,158.728,3142,1,0
2025-02-06 00:00:00,158.657,158.732,158.611,158.694,1745,86,0
2025-02-06 01:00:00,158.696,158.858,158.571,158.733,2347,2,0
2025-02-06 02:00:00,158.732,158.761,158.377,158.41,5813,2,0
2025-02-06 03:00:00,158.411,158.489,157.919,158.145,7202,2,0
2025-02-06 04:00:00,158.141,158.32,158.052,158.269,5490,2,0
2025-02-06 05:00:00,158.268,158.297,158.041,158.207,3887,2,0
2025-02-06 06:00:00,158.207,158.266,158.091,158.25,3561,2,0
2025-02-06 07:00:00,158.253,158.41,158.083,158.307,4867,2,0
2025-02-06 08:00:00,158.305,158.547,158.296,158.517,4262,2,0
2025-02-06 09:00:00,158.519,158.61,158.293,158.381,6934,1,0
2025-02-06 10:00:00,158.381,158.384,158.079,158.215,8173,1,0
2025-02-06 11:00:00,158.216,158.403,158.111,158.146,7020,1,0
2025-02-06 12:00:00,158.146,158.169,157.999,158.064,5755,1,0
2025-02-06 13:00:00,158.068,158.079,157.877,157.95,6109,1,0
2025-02-06 14:00:00,157.949,157.987,157.704,157.894,9235,1,0
2025-02-06 15:00:00,157.891,158.017,157.501,157.564,9708,1,0
2025-02-06 16:00:00,157.564,157.762,157.485,157.625,9317,1,0
2025-02-06 17:00:00,157.625,157.725,157.234,157.292,10453,1,0
2025-02-06 18:00:00,157.299,157.646,157.28,157.625,7643,1,0
2025-02-06 19:00:00,157.623,157.748,157.564,157.63,5479,1,0
2025-02-06 20:00:00,157.633,157.694,157.198,157.216,7321,1,0
2025-02-06 21:00:00,157.216,157.279,157.036,157.209,5728,1,0
2025-02-06 22:00:00,157.209,157.428,157.2,157.421,3565,1,0
2025-02-06 23:00:00,157.415,157.424,157.239,157.251,2145,1,0
2025-02-07 00:00:00,157.148,157.277,157.116,157.238,1382,86,0
2025-02-07 01:00:00,157.25,157.254,156.979,156.998,3010,2,0
2025-02-07 02:00:00,156.998,157.14,156.755,156.934,6335,2,0
2025-02-07 03:00:00,156.933,157.406,156.919,157.4,7418,2,0
2025-02-07 04:00:00,157.404,157.59,157.343,157.434,5385,2,0
2025-02-07 05:00:00,157.434,157.494,157.268,157.347,4226,2,0
2025-02-07 06:00:00,157.347,157.48,157.298,157.466,3259,2,0
2025-02-07 07:00:00,157.467,157.518,157.392,157.419,3844,2,0
2025-02-07 08:00:00,157.419,157.564,157.256,157.555,4313,2,0
2025-02-07 09:00:00,157.555,157.765,157.506,157.74,5537,1,0
2025-02-07 10:00:00,157.74,157.895,157.647,157.786,6776,1,0
2025-02-07 11:00:00,157.786,157.857,157.677,157.77,6662,1,0
2025-02-07 12:00:00,157.77,158.017,157.732,157.948,5596,1,0
2025-02-07 13:00:00,157.948,158.008,157.851,157.981,4635,1,0
2025-02-07 14:00:00,157.979,158.001,157.685,157.713,5205,1,0
2025-02-07 15:00:00,157.713,157.908,157.307,157.486,12950,1,0
2025-02-07 16:00:00,157.486,157.655,157.337,157.365,11581,1,0
2025-02-07 17:00:00,157.365,157.444,156.334,156.77,14464,1,0
2025-02-07 18:00:00,156.775,156.782,155.864,156.269,14790,1,0
2025-02-07 19:00:00,156.269,156.841,156.228,156.548,12873,1,0
2025-02-07 20:00:00,156.549,156.68,156.238,156.313,6085,1,0
2025-02-07 21:00:00,156.314,156.586,156.212,156.421,6195,1,0
2025-02-07 22:00:00,156.42,156.455,156.248,156.266,4935,1,0
2025-02-07 23:00:00,156.266,156.406,156.245,156.393,3546,1,0
2025-02-10 00:00:00,155.6,156.051,155.523,155.935,2396,86,0
2025-02-10 01:00:00,155.935,156.605,155.935,156.586,4901,2,0
2025-02-10 02:00:00,156.586,156.636,156.437,156.593,6271,2,0
2025-02-10 03:00:00,156.591,156.813,156.591,156.62,6510,2,0
2025-02-10 04:00:00,156.618,156.79,156.564,156.711,4960,2,0
2025-02-10 05:00:00,156.711,156.754,156.581,156.661,3942,2,0
2025-02-10 06:00:00,156.661,156.736,156.602,156.671,3537,2,0
2025-02-10 07:00:00,156.671,156.924,156.67,156.766,3709,2,0
2025-02-10 08:00:00,156.766,156.769,156.547,156.743,4603,2,0
2025-02-10 09:00:00,156.743,156.97,156.737,156.931,7163,1,0
2025-02-10 10:00:00,156.932,157.391,156.866,157.31,8728,1,0
2025-02-10 11:00:00,157.309,157.42,157.139,157.177,6742,1,0
2025-02-10 12:00:00,157.176,157.296,157.108,157.113,5025,1,0
2025-02-10 13:00:00,157.112,157.22,156.999,157.01,5556,1,0
2025-02-10 14:00:00,157.01,157.026,156.821,156.846,5614,1,0
2025-02-10 15:00:00,156.846,156.946,156.729,156.753,6563,1,0
2025-02-10 16:00:00,156.752,156.766,156.292,156.366,8054,1,0
2025-02-10 17:00:00,156.367,156.515,156.348,156.397,7100,1,0
2025-02-10 18:00:00,156.396,156.512,156.37,156.456,5913,1,0
2025-02-10 19:00:00,156.457,156.621,156.454,156.618,4059,1,0
2025-02-10 20:00:00,156.618,156.771,156.581,156.712,3348,1,0
2025-02-10 21:00:00,156.711,156.754,156.638,156.648,2982,1,0
2025-02-10 22:00:00,156.649,156.708,156.62,156.621,2669,1,0
2025-02-10 23:00:00,156.621,156.66,156.596,156.657,2046,1,0
2025-02-11 00:00:00,156.356,156.68,156.356,156.505,1895,86,0
2025-02-11 01:00:00,156.523,156.628,156.321,156.353,3062,2,0
2025-02-11 02:00:00,156.352,156.483,156.253,156.433,3351,2,0
2025-02-11 03:00:00,156.433,156.63,156.421,156.608,4449,2,0
2025-02-11 04:00:00,156.609,156.61,156.395,156.422,3722,2,0
2025-02-11 05:00:00,156.422,156.57,156.375,156.515,3154,2,0
2025-02-11 06:00:00,156.514,156.627,156.511,156.615,2330,2,0
2025-02-11 07:00:00,156.615,156.631,156.563,156.583,2185,2,0
2025-02-11 08:00:00,156.582,156.678,156.472,156.556,3337,2,0
2025-02-11 09:00:00,156.552,156.684,156.483,156.561,5207,1,0
2025-02-11 10:00:00,156.563,156.743,156.324,156.705,8231,1,0
2025-02-11 11:00:00,156.703,156.822,156.663,156.778,6345,1,0
2025-02-11 12:00:00,156.778,157.041,156.768,156.944,5447,1,0
2025-02-11 13:00:00,156.944,157.277,156.939,157.245,4925,1,0
2025-02-11 14:00:00,157.252,157.358,157.13,157.283,5545,1,0
2025-02-11 15:00:00,157.283,157.353,157.174,157.218,6645,1,0
2025-02-11 16:00:00,157.219,157.49,157.161,157.356,7839,1,0
2025-02-11 17:00:00,157.357,157.803,157.316,157.678,9696,1,0
2025-02-11 18:00:00,157.677,157.737,157.541,157.638,7000,1,0
2025-02-11 19:00:00,157.639,157.68,157.565,157.631,4181,1,0
2025-02-11 20:00:00,157.63,157.764,157.572,157.698,3483,1,0
2025-02-11 21:00:00,157.697,158.11,157.684,157.958,5258,1,0
2025-02-11 22:00:00,157.958,158.193,157.928,158.094,4796,1,0
2025-02-11 23:00:00,158.094,158.094,157.935,157.996,3351,1,0
2025-02-12 00:00:00,157.955,157.997,157.837,157.928,1678,86,0
2025-02-12 01:00:00,157.927,158.34,157.927,158.313,2461,2,0
2025-02-12 02:00:00,158.314,158.695,158.268,158.663,5566,2,0
2025-02-12 03:00:00,158.663,159.008,158.503,159.008,6337,2,0
2025-02-12 04:00:00,159.008,159.153,158.942,159.025,4775,2,0
2025-02-12 05:00:00,159.025,159.242,159.008,159.194,4762,2,0
2025-02-12 06:00:00,159.194,159.313,159.105,159.164,4996,2,0
2025-02-12 07:00:00,159.165,159.172,159.029,159.041,4388,2,0
2025-02-12 08:00:00,159.04,159.212,159.024,159.104,3844,2,0
2025-02-12 09:00:00,159.104,159.46,158.966,159.45,6600,1,0
2025-02-12 10:00:00,159.455,159.661,159.19,159.254,8412,1,0
2025-02-12 11:00:00,159.253,159.294,159.057,159.255,6275,1,0
2025-02-12 12:00:00,159.255,159.437,159.235,159.351,5554,1,0
2025-02-12 13:00:00,159.35,159.47,159.288,159.315,5236,1,0
2025-02-12 14:00:00,159.316,159.408,159.167,159.287,5450,1,0
2025-02-12 15:00:00,159.285,159.57,158.914,159.561,12605,1,0
2025-02-12 16:00:00,159.561,159.843,159.402,159.829,11563,1,0
2025-02-12 17:00:00,159.833,160.381,159.712,160.228,12574,1,0
2025-02-12 18:00:00,160.228,160.706,160.06,160.677,9259,1,0
2025-02-12 19:00:00,160.676,160.948,160.623,160.932,10231,1,0
2025-02-12 20:00:00,160.929,160.967,160.34,160.381,7148,1,0
2025-02-12 21:00:00,160.381,160.512,160.319,160.466,4332,1,0
2025-02-12 22:00:00,160.466,160.524,160.412,160.482,3798,1,0
2025-02-12 23:00:00,160.482,160.51,160.258,160.317,3824,1,0
2025-02-13 00:00:00,160.334,160.43,160.2,160.262,1477,86,0
2025-02-13 01:00:00,160.262,160.437,160.216,160.283,2824,2,0
2025-02-13 02:00:00,160.278,160.563,160.183,160.561,6273,2,0
2025-02-13 03:00:00,160.561,160.669,160.387,160.426,7034,2,0
2025-02-13 04:00:00,160.426,160.501,160.377,160.459,5130,2,0
2025-02-13 05:00:00,160.461,160.713,160.46,160.709,4564,2,0
2025-02-13 06:00:00,160.708,161.187,160.703,161.069,5659,2,0
2025-02-13 07:00:00,161.069,161.128,160.806,160.873,5444,2,0
2025-02-13 08:00:00,160.873,160.955,160.653,160.69,6204,2,0
2025-02-13 09:00:00,160.689,160.903,160.616,160.842,8035,1,0
2025-02-13 10:00:00,160.842,160.895,160.378,160.394,9106,1,0
2025-02-13 11:00:00,160.393,160.554,160.277,160.496,6933,1,0
2025-02-13 12:00:00,160.496,160.577,160.132,160.183,6227,1,0
2025-02-13 13:00:00,160.183,160.36,159.813,160.048,7493,1,0
2025-02-13 14:00:00,160.048,160.059,159.723,159.852,7573,1,0
2025-02-13 15:00:00,159.852,159.898,159.431,159.545,10818,1,0
2025-02-13 16:00:00,159.546,159.657,159.314,159.653,9903,1,0
2025-02-13 17:00:00,159.653,160.351,159.628,159.774,13436,1,0
2025-02-13 18:00:00,159.774,159.845,159.609,159.723,7952,1,0
2025-02-13 19:00:00,159.725,159.799,159.651,159.683,5929,1,0
2025-02-13 20:00:00,159.679,159.829,159.013,159.543,10176,1,0
2025-02-13 21:00:00,159.543,159.695,159.446,159.618,6937,1,0
2025-02-13 22:00:00,159.618,159.861,159.61,159.793,4909,1,0
2025-02-13 23:00:00,159.793,159.92,159.745,159.905,2633,1,0
2025-02-14 00:00:00,159.881,159.976,159.589,159.953,1519,28,0
2025-02-14 01:00:00,159.952,160.163,159.921,160.05,3358,2,0
2025-02-14 02:00:00,160.05,160.111,159.588,159.678,7205,2,0
2025-02-14 03:00:00,159.675,159.675,159.472,159.578,6006,2,0
2025-02-14 04:00:00,159.578,159.861,159.537,159.807,4029,2,0
2025-02-14 05:00:00,159.807,159.977,159.788,159.851,3563,2,0
2025-02-14 06:00:00,159.851,159.962,159.566,159.577,3560,2,0
2025-02-14 07:00:00,159.577,159.594,159.427,159.522,3583,2,0
2025-02-14 08:00:00,159.523,159.671,159.445,159.499,5274,2,0
2025-02-14 09:00:00,159.482,159.875,159.446,159.831,7940,1,0
2025-02-14 10:00:00,159.83,160.12,159.757,160.032,9220,1,0
2025-02-14 11:00:00,160.032,160.194,159.822,159.849,6745,1,0
2025-02-14 12:00:00,159.849,159.892,159.622,159.643,5782,1,0
2025-02-14 13:00:00,159.642,159.88,159.573,159.841,5418,1,0
2025-02-14 14:00:00,159.841,159.943,159.708,159.941,5834,1,0
2025-02-14 15:00:00,159.941,160.262,159.541,159.607,10569,1,0
2025-02-14 16:00:00,159.607,160.002,159.588,159.985,9607,1,0
2025-02-14 17:00:00,159.986,160.014,159.776,159.872,8721,1,0
2025-02-14 18:00:00,159.873,159.929,159.638,159.824,6775,1,0
2025-02-14 19:00:00,159.824,160.04,159.78,160.021,4709,1,0
2025-02-14 20:00:00,160.021,160.069,159.942,159.987,2865,1,0
2025-02-14 21:00:00,159.987,159.993,159.755,159.797,3204,1,0
2025-02-14 22:00:00,159.797,159.899,159.79,159.823,2486,1,0
2025-02-14 23:00:00,159.823,159.838,159.747,159.785,2574,1,0
2025-02-17 00:00:00,159.481,159.711,159.464,159.695,812,86,0
2025-02-17 01:00:00,159.743,159.831,159.399,159.434,3593,2,0
2025-02-17 02:00:00,159.433,159.521,159.258,159.36,6347,2,0
2025-02-17 03:00:00,159.36,159.59,159.21,159.576,5478,2,0
2025-02-17 04:00:00,159.576,159.602,159.067,159.15,5009,2,0
2025-02-17 05:00:00,159.15,159.273,159.106,159.122,3856,2,0
2025-02-17 06:00:00,159.122,159.255,159.107,159.203,3352,2,0
2025-02-17 07:00:00,159.202,159.206,158.911,158.947,5480,2,0
2025-02-17 08:00:00,158.947,159.245,158.911,159.165,5842,2,0
2025-02-17 09:00:00,159.165,159.283,159.041,159.197,6497,1,0
2025-02-17 10:00:00,159.197,159.251,158.926,158.961,7489,1,0
2025-02-17 11:00:00,158.961,159.093,158.902,159.002,5819,1,0
2025-02-17 12:00:00,159.002,159.119,158.947,159.028,4829,1,0
2025-02-17 13:00:00,159.028,159.093,158.759,158.807,4544,1,0
2025-02-17 14:00:00,158.811,158.845,158.536,158.66,5154,1,0
2025-02-17 15:00:00,158.659,158.699,158.552,158.658,4173,1,0
2025-02-17 16:00:00,158.658,158.733,158.585,158.722,3835,1,0
2025-02-17 17:00:00,158.721,158.785,158.527,158.625,4027,1,0
2025-02-17 18:00:00,158.625,158.724,158.602,158.69,3018,1,0
2025-02-17 19:00:00,158.69,158.763,158.679,158.686,2265,1,0
2025-02-17 20:00:00,158.685,158.696,158.646,158.678,1556,1,0
2025-02-17 21:00:00,158.679,158.715,158.65,158.693,1814,1,0
2025-02-17 22:00:00,158.692,158.728,158.676,158.721,1564,1,0
2025-02-17 23:00:00,158.721,158.852,158.718,158.82,2036,1,0
2025-02-18 00:00:00,158.821,158.821,158.62,158.767,1718,32,0
2025-02-18 01:00:00,158.79,158.921,158.539,158.786,2220,2,0
2025-02-18 02:00:00,158.783,158.993,158.75,158.886,6424,2,0
2025-02-18 03:00:00,158.886,158.926,158.745,158.803,6484,2,0
2025-02-18 04:00:00,158.804,158.993,158.769,158.937,3993,2,0
2025-02-18 05:00:00,158.937,159.138,158.91,159.124,5361,2,0
2025-02-18 06:00:00,159.125,159.18,159.018,159.099,4730,2,0
2025-02-18 07:00:00,159.099,159.159,158.894,158.925,4630,2,0
2025-02-18 08:00:00,158.924,159.038,158.846,158.947,5328,2,0
2025-02-18 09:00:00,158.947,159.103,158.836,159.098,6189,1,0
2025-02-18 10:00:00,159.098,159.193,158.842,158.887,6981,1,0
2025-02-18 11:00:00,158.886,158.953,158.804,158.883,5022,1,0
2025-02-18 12:00:00,158.884,158.914,158.69,158.78,5043,1,0
2025-02-18 13:00:00,158.779,158.846,158.715,158.81,3932,1,0
2025-02-18 14:00:00,158.81,158.91,158.61,158.633,4927,1,0
2025-02-18 15:00:00,158.633,158.663,158.386,158.44,6494,1,0
2025-02-18 16:00:00,158.442,158.727,158.369,158.676,7395,1,0
2025-02-18 17:00:00,158.677,158.737,158.403,158.727,7649,1,0
2025-02-18 18:00:00,158.727,158.836,158.696,158.724,5750,1,0
2025-02-18 19:00:00,158.724,158.736,158.618,158.705,4925,1,0
2025-02-18 20:00:00,158.705,158.737,158.535,158.727,3986,1,0
2025-02-18 21:00:00,158.728,158.728,158.647,158.687,3909,1,0
2025-02-18 22:00:00,158.689,158.843,158.651,158.82,3175,1,0
2025-02-18 23:00:00,158.821,158.919,158.801,158.837,2943,1,0
2025-02-19 00:00:00,158.62,158.902,158.617,158.894,3099,86,0
2025-02-19 01:00:00,158.925,158.927,158.723,158.729,1748,2,0
2025-02-19 02:00:00,158.729,158.899,158.597,158.854,5705,2,0
2025-02-19 03:00:00,158.848,158.944,158.492,158.929,7306,2,0
2025-02-19 04:00:00,158.928,159.129,158.813,158.899,6550,2,0
2025-02-19 05:00:00,158.898,158.931,158.72,158.751,4477,2,0
2025-02-19 06:00:00,158.75,158.776,158.59,158.629,4419,2,0
2025-02-19 07:00:00,158.629,158.707,158.585,158.679,4060,2,0
2025-02-19 08:00:00,158.679,158.721,158.522,158.538,5613,2,0
2025-02-19 09:00:00,158.54,158.663,158.472,158.505,6915,1,0
2025-02-19 10:00:00,158.506,158.714,158.396,158.407,6948,1,0
2025-02-19 11:00:00,158.407,158.456,158.117,158.163,6649,1,0
2025-02-19 12:00:00,158.165,158.311,158.079,158.165,5816,1,0
2025-02-19 13:00:00,158.167,158.411,158.143,158.294,7118,1,0
2025-02-19 14:00:00,158.293,158.486,158.185,158.413,5837,1,0
2025-02-19 15:00:00,158.414,158.425,158.234,158.278,6704,1,0
2025-02-19 16:00:00,158.278,158.294,157.886,157.899,7881,1,0
2025-02-19 17:00:00,157.907,158.112,157.76,157.84,9403,1,0
2025-02-19 18:00:00,157.84,157.947,157.716,157.811,6633,1,0
2025-02-19 19:00:00,157.805,157.972,157.745,157.929,4328,1,0
2025-02-19 20:00:00,157.929,158.069,157.926,158.001,4277,1,0
2025-02-19 21:00:00,158.003,158.04,157.867,157.976,5323,1,0
2025-02-19 22:00:00,157.965,157.999,157.857,157.916,3607,1,0
2025-02-19 23:00:00,157.916,157.971,157.856,157.862,2022,1,0
2025-02-20 00:00:00,157.832,157.846,157.676,157.797,891,86,0
2025-02-20 01:00:00,157.833,157.833,157.486,157.592,2954,2,0
2025-02-20 02:00:00,157.593,157.645,157.325,157.474,8053,2,0
2025-02-20 03:00:00,157.474,157.487,156.949,156.991,9162,2,0
2025-02-20 04:00:00,156.992,157.342,156.878,157.277,7577,2,0
2025-02-20 05:00:00,157.277,157.285,156.911,156.924,5764,2,0
2025-02-20 06:00:00,156.923,156.949,156.665,156.727,5856,2,0
2025-02-20 07:00:00,156.726,156.867,156.671,156.845,5022,2,0
2025-02-20 08:00:00,156.845,156.854,156.398,156.433,6562,2,0
2025-02-20 09:00:00,156.433,156.672,156.321,156.662,7148,1,0
2025-02-20 10:00:00,156.662,156.988,156.65,156.865,7005,1,0
2025-02-20 11:00:00,156.865,156.955,156.727,156.884,5883,1,0
2025-02-20 12:00:00,156.884,156.884,156.701,156.725,5228,1,0
2025-02-20 13:00:00,156.727,156.817,156.665,156.816,4893,1,0
2025-02-20 14:00:00,156.816,156.826,156.52,156.633,6831,1,0
2025-02-20 15:00:00,156.634,156.859,156.491,156.818,8821,1,0
2025-02-20 16:00:00,156.815,156.955,156.506,156.513,9609,1,0
2025-02-20 17:00:00,156.512,156.732,156.313,156.606,11187,1,0
2025-02-20 18:00:00,156.606,156.799,156.549,156.748,8055,1,0
2025-02-20 19:00:00,156.747,156.856,156.719,156.792,6401,1,0
2025-02-20 20:00:00,156.791,157.093,156.768,157.084,4571,1,0
2025-02-20 21:00:00,157.084,157.33,157.078,157.298,3854,1,0
2025-02-20 22:00:00,157.298,157.308,157.134,157.182,3520,1,0
2025-02-20 23:00:00,157.18,157.187,157.097,157.116,2207,1,0
2025-02-21 00:00:00,157.085,157.118,156.868,156.97,1951,86,0
2025-02-21 01:00:00,157.012,157.151,156.812,156.969,4490,2,0
2025-02-21 02:00:00,156.966,157.313,156.929,157.183,8248,2,0
2025-02-21 03:00:00,157.183,157.773,157.156,157.67,8675,2,0
2025-02-21 04:00:00,157.669,158.22,157.581,158.048,6802,2,0
2025-02-21 05:00:00,158.048,158.094,157.775,157.878,5270,2,0
2025-02-21 06:00:00,157.877,157.89,157.696,157.836,4611,2,0
2025-02-21 07:00:00,157.838,157.916,157.767,157.78,4498,2,0
2025-02-21 08:00:00,157.78,157.962,157.703,157.874,5297,2,0
2025-02-21 09:00:00,157.896,158.166,157.819,157.964,7688,1,0
2025-02-21 10:00:00,157.965,158.0,157.464,157.61,10432,1,0
2025-02-21 11:00:00,157.608,157.666,157.402,157.542,7411,1,0
2025-02-21 12:00:00,157.542,157.609,157.373,157.378,5618,1,0
2025-02-21 13:00:00,157.38,157.436,157.266,157.332,4690,1,0
2025-02-21 14:00:00,157.332,157.479,157.292,157.432,5311,1,0
2025-02-21 15:00:00,157.431,157.687,157.339,157.589,6777,1,0
2025-02-21 16:00:00,157.587,157.636,156.964,157.02,9638,1,0
2025-02-21 17:00:00,157.011,157.046,156.32,156.354,11035,1,0
2025-02-21 18:00:00,156.353,156.437,156.153,156.299,7222,1,0
2025-02-21 19:00:00,156.298,156.357,156.088,156.129,6770,1,0
2025-02-21 20:00:00,156.129,156.129,155.847,155.988,9256,1,0
2025-02-21 21:00:00,155.989,156.018,155.814,155.975,7805,1,0
2025-02-21 22:00:00,155.971,156.072,155.88,156.009,5938,1,0
2025-02-21 23:00:00,156.009,156.199,155.992,156.12,3954,1,0
2025-02-24 00:00:00,156.222,156.383,156.022,156.264,2845,86,0
2025-02-24 01:00:00,156.271,156.533,156.248,156.482,3991,2,0
2025-02-24 02:00:00,156.482,156.484,156.315,156.435,8320,2,0
2025-02-24 03:00:00,156.435,156.999,156.435,156.967,9558,2,0
2025-02-24 04:00:00,156.967,157.256,156.967,157.031,8093,2,0
2025-02-24 05:00:00,157.031,157.175,156.848,156.91,5597,2,0
2025-02-24 06:00:00,156.911,156.967,156.868,156.901,3961,2,0
2025-02-24 07:00:00,156.904,157.185,156.842,157.12,5652,2,0
2025-02-24 08:00:00,157.12,157.166,156.976,157.074,6079,2,0
2025-02-24 09:00:00,157.074,157.162,156.603,156.797,8841,1,0
2025-02-24 10:00:00,156.797,156.869,156.352,156.593,9983,1,0
2025-02-24 11:00:00,156.592,156.771,156.522,156.625,8380,1,0
2025-02-24 12:00:00,156.622,156.819,156.566,156.814,6508,1,0
2025-02-24 13:00:00,156.814,156.872,156.607,156.75,5819,1,0
2025-02-24 14:00:00,156.749,156.816,156.642,156.788,5686,1,0
2025-02-24 15:00:00,156.788,156.9,156.656,156.759,7004,1,0
2025-02-24 16:00:00,156.762,156.808,156.146,156.201,9898,1,0
2025-02-24 17:00:00,156.201,156.429,156.082,156.302,12661,1,0
2025-02-24 18:00:00,156.301,156.837,156.295,156.717,9277,1,0
2025-02-24 19:00:00,156.717,156.861,156.63,156.642,7905,1,0
2025-02-24 20:00:00,156.641,156.779,156.579,156.778,5705,1,0
2025-02-24 21:00:00,156.778,156.986,156.723,156.788,5851,1,0
2025-02-24 22:00:00,156.788,156.854,156.607,156.689,6896,1,0
2025-02-24 23:00:00,156.687,156.775,156.644,156.71,2671,1,0
2025-02-25 00:00:00,156.695,156.734,156.548,156.717,1884,53,0
2025-02-25 01:00:00,156.744,156.856,156.708,156.822,3333,2,0
2025-02-25 02:00:00,156.822,157.122,156.822,157.099,6107,2,0
2025-02-25 03:00:00,157.099,157.238,157.007,157.032,5972,2,0
2025-02-25 04:00:00,157.032,157.095,156.917,156.936,5639,2,0
2025-02-25 05:00:00,156.936,157.001,156.701,156.749,4253,2,0
2025-02-25 06:00:00,156.748,156.795,156.547,156.64,5433,2,0
2025-02-25 07:00:00,156.641,156.905,156.59,156.856,4918,2,0
2025-02-25 08:00:00,156.856,156.974,156.745,156.907,6058,2,0
2025-02-25 09:00:00,156.908,156.924,156.19,156.213,10084,1,0
2025-02-25 10:00:00,156.218,156.613,156.079,156.482,11573,1,0
2025-02-25 11:00:00,156.48,156.828,156.467,156.674,8756,1,0
2025-02-25 12:00:00,156.672,156.877,156.653,156.848,7006,1,0
2025-02-25 13:00:00,156.849,157.201,156.777,157.14,7296,1,0
2025-02-25 14:00:00,157.139,157.16,156.924,157.078,8023,1,0
2025-02-25 15:00:00,157.078,157.308,156.885,156.91,8259,1,0
2025-02-25 16:00:00,156.912,156.972,156.614,156.682,10531,1,0
2025-02-25 17:00:00,156.681,156.681,156.238,156.502,14493,1,0
2025-02-25 18:00:00,156.497,156.553,156.165,156.515,11503,1,0
2025-02-25 19:00:00,156.515,156.566,156.271,156.564,7998,1,0
2025-02-25 20:00:00,156.563,156.925,156.562,156.752,7566,1,0
2025-02-25 21:00:00,156.752,156.776,156.557,156.689,8105,1,0
2025-02-25 22:00:00,156.689,156.788,156.597,156.641,6965,1,0
2025-02-25 23:00:00,156.641,156.732,156.612,156.695,3574,1,0
2025-02-26 00:00:00,156.53,156.765,156.53,156.764,1995,86,0
2025-02-26 01:00:00,156.765,156.889,156.619,156.806,3365,2,0
2025-02-26 02:00:00,156.806,156.832,156.419,156.686,6583,2,0
2025-02-26 03:00:00,156.686,156.919,156.47,156.913,7441,2,0
2025-02-26 04:00:00,156.913,157.052,156.814,157.03,6985,2,0
2025-02-26 05:00:00,157.031,157.097,156.844,156.932,4993,2,0
2025-02-26 06:00:00,156.932,157.038,156.81,156.869,4367,2,0
2025-02-26 07:00:00,156.869,157.019,156.74,156.774,5210,2,0
2025-02-26 08:00:00,156.774,157.011,156.755,156.97,5369,2,0
2025-02-26 09:00:00,156.969,157.008,156.765,156.912,8297,1,0
2025-02-26 10:00:00,156.912,157.047,156.665,156.794,9437,1,0
2025-02-26 11:00:00,156.793,156.876,156.686,156.786,6796,1,0
2025-02-26 12:00:00,156.786,156.968,156.613,156.961,6816,1,0
2025-02-26 13:00:00,156.96,157.023,156.804,156.895,5917,1,0
2025-02-26 14:00:00,156.895,156.936,156.632,156.746,6019,1,0
2025-02-26 15:00:00,156.746,156.846,156.662,156.778,7744,1,0
2025-02-26 16:00:00,156.779,157.1,156.626,156.989,10152,1,0
2025-02-26 17:00:00,156.986,157.126,156.91,157.05,11461,1,0
2025-02-26 18:00:00,157.048,157.123,156.773,156.794,9402,1,0
2025-02-26 19:00:00,156.793,156.96,156.331,156.495,11242,1,0
2025-02-26 20:00:00,156.492,156.542,156.063,156.196,8742,1,0
2025-02-26 21:00:00,156.196,156.252,156.029,156.144,7656,1,0
2025-02-26 22:00:00,156.145,156.306,156.058,156.273,6007,1,0
2025-02-26 23:00:00,156.273,156.427,156.229,156.306,4172,1,0
2025-02-27 00:00:00,156.328,156.328,156.147,156.233,895,86,0
2025-02-27 01:00:00,156.233,156.284,156.028,156.145,3427,2,0
2025-02-27 02:00:00,156.145,156.328,155.989,156.259,7273,2,0
2025-02-27 03:00:00,156.26,156.54,156.166,156.501,6168,2,0
2025-02-27 04:00:00,156.501,156.534,156.233,156.29,4667,2,0
2025-02-27 05:00:00,156.296,156.413,156.168,156.17,4148,2,0
2025-02-27 06:00:00,156.17,156.234,155.95,156.003,4378,2,0
2025-02-27 07:00:00,156.002,156.289,155.998,156.289,4749,2,0
2025-02-27 08:00:00,156.289,156.412,156.233,156.303,5111,2,0
2025-02-27 09:00:00,156.302,156.403,156.225,156.358,6517,1,0
2025-02-27 10:00:00,156.359,156.891,156.189,156.88,8695,1,0
2025-02-27 11:00:00,156.88,157.218,156.817,157.093,7024,1,0
2025-02-27 12:00:00,157.096,157.168,156.921,157.071,6206,1,0
2025-02-27 13:00:00,157.071,157.127,156.856,156.926,5382,1,0
2025-02-27 14:00:00,156.926,156.939,156.687,156.785,3737,1,0
2025-02-27 15:00:00,156.786,156.851,155.965,156.069,12432,1,0
2025-02-27 16:00:00,156.065,156.579,155.93,156.025,13785,1,0
2025-02-27 17:00:00,156.026,156.38,155.75,156.167,16460,1,0
2025-02-27 18:00:00,156.167,156.297,155.917,156.014,12140,1,0
2025-02-27 19:00:00,156.014,156.119,155.963,156.076,8945,1,0
2025-02-27 20:00:00,156.076,156.397,156.061,156.374,7445,1,0
2025-02-27 21:00:00,156.374,156.384,155.831,155.925,9335,1,0
2025-02-27 22:00:00,155.927,155.933,155.66,155.763,8357,1,0
2025-02-27 23:00:00,155.764,155.782,155.686,155.755,3710,1,0
2025-02-28 00:00:00,155.763,155.763,155.562,155.644,1540,35,0
2025-02-28 01:00:00,155.644,156.011,155.501,155.997,3673,2,0
2025-02-28 02:00:00,155.996,156.057,155.34,155.377,7668,2,0
2025-02-28 03:00:00,155.387,155.483,155.035,155.045,8992,2,0
2025-02-28 04:00:00,155.041,155.315,154.79,155.246,7436,2,0
2025-02-28 05:00:00,155.245,155.434,155.173,155.414,6434,2,0
2025-02-28 06:00:00,155.414,155.541,155.32,155.39,5410,2,0
2025-02-28 07:00:00,155.39,155.711,155.365,155.656,5698,2,0
2025-02-28 08:00:00,155.656,155.906,155.599,155.862,6896,2,0
2025-02-28 09:00:00,155.862,156.509,155.757,156.396,9150,1,0
2025-02-28 10:00:00,156.395,156.784,156.311,156.604,8726,1,0
2025-02-28 11:00:00,156.604,156.73,156.125,156.192,8206,1,0
2025-02-28 12:00:00,156.192,156.439,156.175,156.378,5628,1,0
2025-02-28 13:00:00,156.378,156.465,156.259,156.387,5030,1,0
2025-02-28 14:00:00,156.385,156.84,156.374,156.792,6862,1,0
2025-02-28 15:00:00,156.793,157.162,156.745,156.781,11027,1,0
2025-02-28 16:00:00,156.781,157.015,156.452,156.866,12859,1,0
2025-02-28 17:00:00,156.866,157.117,156.649,156.701,14858,1,0
2025-02-28 18:00:00,156.711,156.828,156.266,156.696,13039,1,0
2025-02-28 19:00:00,156.695,156.72,156.297,156.324,10518,1,0
2025-02-28 20:00:00,156.323,156.414,155.785,155.798,12535,1,0
2025-02-28 21:00:00,155.798,156.196,155.769,156.076,9321,1,0
2025-02-28 22:00:00,156.075,156.24,155.908,156.149,8305,1,0
2025-02-28 23:00:00,156.15,156.27,156.104,156.213,3855,1,0
2025-03-03 00:00:00,156.669,156.778,156.657,156.753,1573,86,0
2025-03-03 01:00:00,156.787,157.305,156.761,157.027,5862,2,0
2025-03-03 02:00:00,157.028,157.125,156.675,156.709,9150,2,0
2025-03-03 03:00:00,156.709,157.031,156.568,156.72,9104,2,0
2025-03-03 04:00:00,156.72,156.796,156.57,156.715,6845,2,0
2025-03-03 05:00:00,156.716,156.759,156.442,156.725,6908,2,0
2025-03-03 06:00:00,156.725,156.818,156.612,156.618,4059,2,0
2025-03-03 07:00:00,156.618,156.808,156.599,156.642,5134,2,0
2025-03-03 08:00:00,156.642,156.71,156.481,156.603,6267,2,0
2025-03-03 09:00:00,156.602,156.62,156.243,156.261,8857,1,0
2025-03-03 10:00:00,156.263,156.331,155.924,156.133,10013,1,0
2025-03-03 11:00:00,156.133,156.803,156.115,156.768,8596,1,0
2025-03-03 12:00:00,156.772,157.564,156.767,157.508,10060,1,0
2025-03-03 13:00:00,157.505,158.067,157.486,158.048,9463,1,0
2025-03-03 14:00:00,158.045,158.47,158.003,158.349,10394,1,0
2025-03-03 15:00:00,158.348,158.412,158.013,158.096,9438,1,0
2025-03-03 16:00:00,158.097,158.199,157.843,157.859,10931,1,0
2025-03-03 17:00:00,157.849,157.884,157.447,157.512,15551,1,0
2025-03-03 18:00:00,157.512,157.782,157.497,157.621,12694,1,0
2025-03-03 19:00:00,157.622,157.695,157.448,157.546,9396,2,0
2025-03-03 20:00:00,157.546,157.665,157.393,157.495,10891,1,0
2025-03-03 21:00:00,157.494,157.693,157.27,157.357,9437,1,0
2025-03-03 22:00:00,157.358,157.366,156.087,156.626,15758,1,0
2025-03-03 23:00:00,156.626,156.934,156.611,156.797,5034,1,0
2025-03-04 00:00:00,156.66,156.888,156.66,156.84,1935,86,0
2025-03-04 01:00:00,156.845,156.918,156.332,156.551,5089,2,0
2025-03-04 02:00:00,156.565,156.807,156.125,156.432,9983,2,0
2025-03-04 03:00:00,156.431,156.527,155.928,156.206,11729,2,0
2025-03-04 04:00:00,156.205,156.618,156.097,156.472,8643,2,0
2025-03-04 05:00:00,156.472,156.528,156.176,156.288,8012,2,0
2025-03-04 06:00:00,156.288,156.321,156.047,156.274,7098,2,0
2025-03-04 07:00:00,156.276,156.641,156.121,156.597,9332,2,0
2025-03-04 08:00:00,156.601,156.819,156.438,156.801,7760,2,0
2025-03-04 09:00:00,156.808,156.907,156.246,156.713,12853,1,0
2025-03-04 10:00:00,156.713,157.201,156.311,156.826,15160,1,0
2025-03-04 11:00:00,156.826,156.892,156.442,156.684,7992,1,0
2025-03-04 12:00:00,156.683,156.683,156.335,156.41,11003,1,0
2025-03-04 13:00:00,156.409,156.521,156.083,156.443,10867,1,0
2025-03-04 14:00:00,156.443,156.455,156.183,156.429,12082,1,0
2025-03-04 15:00:00,156.43,156.632,156.19,156.201,12554,1,0
2025-03-04 16:00:00,156.201,156.634,156.168,156.176,16903,1,0
2025-03-04 17:00:00,156.176,156.325,155.583,156.162,18521,1,0
2025-03-04 18:00:00,156.162,156.835,155.987,156.753,15484,1,0
2025-03-04 19:00:00,156.754,156.924,156.634,156.803,13216,1,0
2025-03-04 20:00:00,156.804,157.94,156.755,157.901,14674,1,0
2025-03-04 21:00:00,157.9,158.336,157.884,158.289,11701,1,0
2025-03-04 22:00:00,158.289,158.823,158.089,158.182,13632,1,0
2025-03-04 23:00:00,158.181,159.21,158.15,159.161,9423,1,0
2025-03-05 00:00:00,159.076,159.099,158.894,158.997,2159,86,0
2025-03-05 01:00:00,159.016,159.519,158.997,159.165,4838,2,0
2025-03-05 02:00:00,159.157,159.234,158.731,159.23,9574,2,0
2025-03-05 03:00:00,159.23,159.536,159.02,159.161,12684,2,0
2025-03-05 04:00:00,159.161,159.185,158.799,158.879,9841,2,0
2025-03-05 05:00:00,158.875,159.327,158.742,159.24,9842,2,0
2025-03-05 06:00:00,159.243,159.253,158.959,159.103,6233,2,0
2025-03-05 07:00:00,159.104,159.284,159.011,159.169,6527,2,0
2025-03-05 08:00:00,159.167,159.265,158.945,159.149,7941,2,0
2025-03-05 09:00:00,159.15,159.638,159.055,159.532,12785,1,0
2025-03-05 10:00:00,159.528,159.937,159.231,159.644,14731,1,0
2025-03-05 11:00:00,159.644,160.114,159.575,160.007,12052,1,0
2025-03-05 12:00:00,160.006,160.173,159.618,159.753,10950,1,0
2025-03-05 13:00:00,159.753,159.754,159.463,159.538,9896,1,0
2025-03-05 14:00:00,159.539,160.061,159.515,159.912,11752,1,0
2025-03-05 15:00:00,159.914,160.184,159.618,159.687,15798,1,0
2025-03-05 16:00:00,159.687,160.147,159.52,159.792,16684,1,0
2025-03-05 17:00:00,159.794,160.529,159.562,160.31,19473,1,0
2025-03-05 18:00:00,160.308,160.431,159.873,160.248,16453,1,0
2025-03-05 19:00:00,160.237,160.602,160.106,160.546,14583,1,0
2025-03-05 20:00:00,160.546,160.669,160.214,160.484,14010,1,0
2025-03-05 21:00:00,160.486,160.71,160.442,160.547,10232,1,0
2025-03-05 22:00:00,160.547,160.727,160.496,160.68,9017,1,0
2025-03-05 23:00:00,160.68,160.724,160.571,160.635,4921,1,0
2025-03-06 00:00:00,160.589,160.653,160.448,160.565,1452,86,0
2025-03-06 01:00:00,160.577,160.772,160.474,160.708,3473,2,0
2025-03-06 02:00:00,160.696,161.246,160.684,161.0,7215,2,0
2025-03-06 03:00:00,161.0,161.279,160.916,161.141,8043,2,0
2025-03-06 04:00:00,161.141,161.222,160.954,161.212,7878,2,0
2025-03-06 05:00:00,161.211,161.216,160.905,161.019,5912,2,0
2025-03-06 06:00:00,161.02,161.236,160.897,161.181,5627,2,0
2025-03-06 07:00:00,161.181,161.211,160.987,160.998,6548,2,0
2025-03-06 08:00:00,160.998,161.05,160.687,160.724,7902,2,0
2025-03-06 09:00:00,160.721,160.737,160.194,160.229,13764,1,0
2025-03-06 10:00:00,160.228,160.329,159.908,160.028,14910,1,0
2025-03-06 11:00:00,160.028,160.028,159.399,159.713,14269,1,0
2025-03-06 12:00:00,159.714,159.902,159.44,159.577,11741,1,0
2025-03-06 13:00:00,159.572,159.806,159.448,159.642,10083,1,0
2025-03-06 14:00:00,159.642,159.718,159.296,159.423,10530,1,0
2025-03-06 15:00:00,159.423,159.963,159.115,159.595,14971,1,0
2025-03-06 16:00:00,159.598,160.089,159.436,159.923,17712,1,0
2025-03-06 17:00:00,159.92,160.591,159.847,160.351,18149,1,0
2025-03-06 18:00:00,160.353,160.71,159.985,160.003,17034,1,0
2025-03-06 19:00:00,160.004,160.189,159.419,159.707,14586,1,0
2025-03-06 20:00:00,159.713,159.757,159.114,159.385,11977,1,0
2025-03-06 21:00:00,159.384,159.825,159.244,159.532,12063,1,0
2025-03-06 22:00:00,159.534,159.686,159.366,159.439,12390,1,0
2025-03-06 23:00:00,159.44,159.624,159.44,159.586,4454,1,0
2025-03-07 00:00:00,159.504,159.647,159.334,159.63,1748,86,0
2025-03-07 01:00:00,159.63,159.813,159.583,159.806,3878,2,0
2025-03-07 02:00:00,159.808,159.822,159.325,159.614,7866,2,0
2025-03-07 03:00:00,159.613,159.779,159.517,159.588,8805,2,0
2025-03-07 04:00:00,159.588,159.709,159.325,159.391,6991,2,0
2025-03-07 05:00:00,159.391,159.574,159.27,159.503,6851,2,0
2025-03-07 06:00:00,159.501,159.698,159.356,159.677,5703,2,0
2025-03-07 07:00:00,159.678,159.766,159.443,159.447,6464,2,0
2025-03-07 08:00:00,159.447,159.731,159.366,159.638,7701,2,0
2025-03-07 09:00:00,159.638,160.09,159.626,159.903,10894,1,0
2025-03-07 10:00:00,159.903,160.211,159.683,159.875,13406,1,0
2025-03-07 11:00:00,159.872,160.33,159.802,160.143,10845,1,0
2025-03-07 12:00:00,160.144,160.313,160.078,160.255,9515,1,0
2025-03-07 13:00:00,160.256,160.317,159.989,160.237,9051,1,0
2025-03-07 14:00:00,160.237,160.411,160.142,160.369,9956,1,0
2025-03-07 15:00:00,160.37,160.566,159.647,159.672,16110,1,0
2025-03-07 16:00:00,159.663,160.381,159.582,160.108,18026,1,0
2025-03-07 17:00:00,160.111,160.761,159.517,160.357,18902,1,0
2025-03-07 18:00:00,160.357,160.407,159.529,159.769,16164,1,0
2025-03-07 19:00:00,159.769,160.053,159.427,159.926,13807,1,0
2025-03-07 20:00:00,159.933,160.414,159.918,160.409,13316,1,0
2025-03-07 21:00:00,160.409,160.661,160.247,160.507,11146,1,0
2025-03-07 22:00:00,160.508,160.618,160.402,160.494,10095,1,0
2025-03-07 23:00:00,160.495,160.495,160.339,160.344,3262,1,0
2025-03-10 00:00:00,160.179,160.313,159.978,159.982,969,86,0
2025-03-10 01:00:00,160.013,160.322,160.005,160.014,6265,2,0
2025-03-10 02:00:00,160.014,160.375,160.006,160.282,6021,2,0
2025-03-10 03:00:00,160.278,160.349,159.908,160.022,9444,2,0
2025-03-10 04:00:00,160.022,160.187,159.783,159.99,9285,2,0
2025-03-10 05:00:00,159.99,160.104,159.839,159.954,6762,2,0
2025-03-10 06:00:00,159.955,160.076,159.874,159.919,5923,2,0
2025-03-10 07:00:00,159.919,160.001,159.854,159.9,4782,2,0
2025-03-10 08:00:00,159.9,160.056,159.837,159.838,6160,2,0
2025-03-10 09:00:00,159.845,160.155,159.829,160.069,7761,1,0
2025-03-10 10:00:00,160.069,160.231,159.544,159.702,10771,1,0
2025-03-10 11:00:00,159.713,159.759,159.038,159.107,13578,1,0
2025-03-10 12:00:00,159.107,159.944,159.075,159.762,12631,1,0
2025-03-10 13:00:00,159.763,159.91,159.565,159.571,11942,1,0
2025-03-10 14:00:00,159.57,159.713,158.891,159.641,13063,1,0
2025-03-10 15:00:00,159.642,159.724,159.26,159.427,11930,1,0
2025-03-10 16:00:00,159.429,159.554,159.139,159.354,15044,1,0
2025-03-10 17:00:00,159.353,159.355,158.93,159.175,18026,1,0
2025-03-10 18:00:00,159.174,159.524,159.118,159.473,14942,1,0
2025-03-10 19:00:00,159.47,159.695,159.346,159.487,13122,1,0
2025-03-10 20:00:00,159.488,159.621,159.354,159.405,12340,1,0
2025-03-10 21:00:00,159.403,159.606,159.315,159.454,10843,1,0
2025-03-10 22:00:00,159.454,159.634,159.151,159.546,12647,1,0
2025-03-10 23:00:00,159.546,159.612,159.474,159.561,4475,1,0
2025-03-11 00:00:00,159.17,159.512,159.168,159.404,701,86,0
2025-03-11 01:00:00,159.43,159.478,159.239,159.259,3672,2,0
2025-03-11 02:00:00,159.262,159.437,159.133,159.42,5826,2,0
2025-03-11 03:00:00,159.42,159.449,158.977,159.244,10393,2,0
2025-03-11 04:00:00,159.244,159.454,159.021,159.404,10937,2,0
2025-03-11 05:00:00,159.404,159.818,159.348,159.494,10357,2,0
2025-03-11 06:00:00,159.494,159.739,159.489,159.683,8650,2,0
2025-03-11 07:00:00,159.682,159.829,159.493,159.529,6837,2,0
2025-03-11 08:00:00,159.529,159.624,159.435,159.563,7072,2,0
2025-03-11 09:00:00,159.563,160.187,159.539,159.847,10016,1,0
2025-03-11 10:00:00,159.847,160.112,159.773,160.029,12652,1,0
2025-03-11 11:00:00,160.029,160.797,159.937,160.794,13807,1,0
2025-03-11 12:00:00,160.794,160.924,160.58,160.757,11032,1,0
2025-03-11 13:00:00,160.757,160.781,160.579,160.7,9871,1,0
2025-03-11 14:00:00,160.695,160.969,160.509,160.957,9470,1,0
2025-03-11 15:00:00,160.957,161.471,160.738,161.329,11461,1,0
2025-03-11 16:00:00,161.334,161.733,161.277,161.348,16119,1,0
2025-03-11 17:00:00,161.349,161.6,160.626,160.902,20751,1,0
2025-03-11 18:00:00,160.905,161.351,160.816,161.172,17867,1,0
2025-03-11 19:00:00,161.175,161.175,160.866,160.921,14279,1,0
2025-03-11 20:00:00,160.922,160.938,160.656,160.938,12606,1,0
2025-03-11 21:00:00,160.938,161.788,160.907,161.594,16056,1,0
2025-03-11 22:00:00,161.594,161.651,161.304,161.351,14244,1,0
2025-03-11 23:00:00,161.353,161.442,161.266,161.35,4158,1,0
2025-03-12 00:00:00,161.26,161.372,161.02,161.16,1293,86,0
2025-03-12 01:00:00,161.177,161.48,161.175,161.442,3219,2,0
2025-03-12 02:00:00,161.442,161.611,161.34,161.582,4021,2,0
2025-03-12 03:00:00,161.581,161.686,161.401,161.596,7951,2,0
2025-03-12 04:00:00,161.596,161.611,161.257,161.454,7620,2,0
2025-03-12 05:00:00,161.454,161.502,161.305,161.419,6552,2,0
2025-03-12 06:00:00,161.419,161.478,161.202,161.361,5753,2,0
2025-03-12 07:00:00,161.361,161.61,161.349,161.465,6162,2,0
2025-03-12 08:00:00,161.464,161.611,161.399,161.425,6928,2,0
2025-03-12 09:00:00,161.427,161.645,161.318,161.595,7661,1,0
2025-03-12 10:00:00,161.596,162.011,161.494,161.987,10303,1,0
2025-03-12 11:00:00,161.987,162.043,161.728,162.008,12647,1,0
2025-03-12 12:00:00,162.008,162.332,161.9,162.193,10205,1,0
2025-03-12 13:00:00,162.192,162.358,162.085,162.155,8526,1,0
2025-03-12 14:00:00,162.154,162.303,162.024,162.139,8338,1,0
2025-03-12 15:00:00,162.139,162.32,161.778,162.224,14955,1,0
2025-03-12 16:00:00,162.221,162.296,161.666,161.821,15363,1,0
2025-03-12 17:00:00,161.822,162.002,161.623,161.86,15507,1,0
2025-03-12 18:00:00,161.857,162.126,161.717,162.027,13458,1,0
2025-03-12 19:00:00,162.024,162.15,161.677,161.717,12059,1,0
2025-03-12 20:00:00,161.717,161.831,161.557,161.563,10661,1,0
2025-03-12 21:00:00,161.563,161.672,161.392,161.47,9757,1,0
2025-03-12 22:00:00,161.47,161.677,161.395,161.557,9102,1,0
2025-03-12 23:00:00,161.558,161.569,161.405,161.411,3234,1,0
2025-03-13 00:00:00,161.387,161.406,161.264,161.346,719,50,0
2025-03-13 01:00:00,161.364,161.473,161.259,161.402,2097,2,0
2025-03-13 02:00:00,161.402,161.43,161.232,161.424,2638,2,0
2025-03-13 03:00:00,161.424,161.495,161.296,161.309,6221,2,0
2025-03-13 04:00:00,161.313,161.498,161.28,161.283,6930,2,0
2025-03-13 05:00:00,161.283,161.516,161.277,161.444,5260,2,0
2025-03-13 06:00:00,161.444,161.465,161.13,161.144,4869,2,0
2025-03-13 07:00:00,161.141,161.213,160.947,161.057,5819,2,0
2025-03-13 08:00:00,161.057,161.084,160.733,160.8,7990,2,0
2025-03-13 09:00:00,160.8,160.855,160.53,160.718,8728,1,0
2025-03-13 10:00:00,160.719,160.874,160.522,160.576,10682,1,0
2025-03-13 11:00:00,160.571,160.903,160.414,160.836,12952,1,0
2025-03-13 12:00:00,160.837,161.205,160.723,161.181,9394,1,0
2025-03-13 13:00:00,161.181,161.265,160.901,161.045,7912,1,0
2025-03-13 14:00:00,161.045,161.082,160.442,160.664,9707,1,0
2025-03-13 15:00:00,160.663,160.833,160.358,160.582,13985,1,0
2025-03-13 16:00:00,160.582,160.8,160.476,160.663,13572,1,0
2025-03-13 17:00:00,160.659,160.988,160.583,160.67,13851,1,0
2025-03-13 18:00:00,160.672,160.781,160.289,160.388,14146,1,0
2025-03-13 19:00:00,160.388,160.629,160.314,160.465,12284,1,0
2025-03-13 20:00:00,160.465,160.493,160.054,160.249,10375,1,0
2025-03-13 21:00:00,160.249,160.415,160.186,160.354,9122,1,0
2025-03-13 22:00:00,160.351,160.41,160.161,160.232,7967,1,0
2025-03-13 23:00:00,160.232,160.452,160.227,160.391,2724,1,0
2025-03-14 00:00:00,160.4,160.4,160.221,160.306,968,86,0
2025-03-14 01:00:00,160.3,160.606,160.3,160.552,2071,2,0
2025-03-14 02:00:00,160.549,160.612,160.449,160.584,2541,2,0
2025-03-14 03:00:00,160.584,160.989,160.493,160.889,7463,2,0
2025-03-14 04:00:00,160.89,160.936,160.621,160.635,7467,2,0
2025-03-14 05:00:00,160.636,160.748,160.597,160.704,5558,2,0
2025-03-14 06:00:00,160.703,160.9,160.693,160.879,5905,2,0
2025-03-14 07:00:00,160.878,161.02,160.862,160.988,4988,2,0
2025-03-14 08:00:00,160.989,161.2,160.984,161.098,5760,2,0
2025-03-14 09:00:00,161.097,161.241,161.016,161.179,7163,1,0
2025-03-14 10:00:00,161.177,161.56,161.04,161.233,10598,1,0
2025-03-14 11:00:00,161.234,161.615,161.091,161.588,10719,1,0
2025-03-14 12:00:00,161.591,161.742,161.514,161.669,8787,1,0
2025-03-14 13:00:00,161.671,162.332,161.546,162.122,11330,1,0
2025-03-14 14:00:00,162.123,162.242,161.893,162.067,11513,1,0
2025-03-14 15:00:00,162.067,162.33,161.902,161.96,9339,1,0
2025-03-14 16:00:00,161.958,161.983,161.614,161.678,10586,1,0
2025-03-14 17:00:00,161.671,162.037,161.339,161.494,15303,1,0
2025-03-14 18:00:00,161.493,161.624,161.28,161.464,11976,1,0
2025-03-14 19:00:00,161.464,161.534,161.283,161.46,8987,1,0
2025-03-14 20:00:00,161.46,161.615,161.359,161.535,7721,1,0
2025-03-14 21:00:00,161.535,161.637,161.494,161.613,6235,1,0
2025-03-14 22:00:00,161.611,161.801,161.568,161.771,4750,1,0
2025-03-14 23:00:00,161.769,161.788,161.669,161.719,2524,1,0
2025-03-17 00:00:00,161.718,161.896,161.68,161.821,1194,86,0
2025-03-17 01:00:00,161.804,161.859,161.664,161.67,3631,2,0
2025-03-17 02:00:00,161.67,161.814,161.572,161.673,3574,2,0
2025-03-17 03:00:00,161.673,161.949,161.546,161.878,6326,2,0
2025-03-17 04:00:00,161.878,161.939,161.693,161.733,6197,2,0
2025-03-17 05:00:00,161.732,161.808,161.635,161.749,5257,2,0
2025-03-17 06:00:00,161.748,161.945,161.652,161.87,3794,2,0
2025-03-17 07:00:00,161.87,162.258,161.87,162.183,4682,2,0
2025-03-17 08:00:00,162.183,162.192,161.946,162.05,4433,2,0
2025-03-17 09:00:00,162.049,162.205,161.937,162.043,5821,1,0
2025-03-17 10:00:00,162.043,162.126,161.804,161.879,7940,1,0
2025-03-17 11:00:00,161.88,162.154,161.718,162.086,9668,1,0
2025-03-17 12:00:00,162.087,162.118,161.893,162.043,8073,1,0
2025-03-17 13:00:00,162.044,162.113,161.894,161.977,6653,1,0
2025-03-17 14:00:00,161.979,162.09,161.772,161.85,6311,1,0
2025-03-17 15:00:00,161.858,162.283,161.7,162.239,10681,1,0
2025-03-17 16:00:00,162.239,162.561,162.115,162.298,11470,1,0
2025-03-17 17:00:00,162.3,162.364,162.11,162.214,12902,1,0
2025-03-17 18:00:00,162.214,162.323,162.158,162.244,10392,1,0
2025-03-17 19:00:00,162.244,162.445,162.182,162.43,7568,1,0
2025-03-17 20:00:00,162.43,162.627,162.377,162.608,6367,1,0
2025-03-17 21:00:00,162.606,163.006,162.565,162.972,5914,1,0
2025-03-17 22:00:00,162.975,163.019,162.88,162.885,5191,1,0
2025-03-17 23:00:00,162.885,163.046,162.779,162.955,3382,1,0
2025-03-18 00:00:00,162.872,162.934,162.792,162.878,1013,86,0
2025-03-18 01:00:00,162.888,163.099,162.867,163.088,2039,2,0
2025-03-18 02:00:00,163.09,163.146,163.047,163.124,2736,2,0
2025-03-18 03:00:00,163.121,163.197,162.982,163.161,5777,2,0
2025-03-18 04:00:00,163.16,163.222,163.068,163.086,5642,2,0
2025-03-18 05:00:00,163.086,163.347,163.079,163.272,5466,2,0
2025-03-18 06:00:00,163.272,163.334,163.247,163.298,3412,2,0
2025-03-18 07:00:00,163.298,163.359,163.173,163.192,3421,2,0
2025-03-18 08:00:00,163.193,163.336,163.146,163.335,3549,2,0
2025-03-18 09:00:00,163.337,163.547,163.33,163.534,5255,1,0
2025-03-18 10:00:00,163.532,163.869,163.49,163.85,6921,1,0
2025-03-18 11:00:00,163.849,164.185,163.824,164.01,8168,1,0
2025-03-18 12:00:00,164.009,164.059,163.839,164.032,7228,1,0
2025-03-18 13:00:00,164.032,164.059,163.557,163.643,8298,1,0
2025-03-18 14:00:00,163.65,163.681,163.413,163.476,7136,1,0
2025-03-18 15:00:00,163.476,163.56,163.321,163.51,8384,1,0
2025-03-18 16:00:00,163.51,163.663,163.195,163.261,11447,1,0
2025-03-18 17:00:00,163.259,163.498,163.056,163.393,11890,1,0
2025-03-18 18:00:00,163.395,163.493,163.01,163.352,11874,1,0
2025-03-18 19:00:00,163.352,163.586,163.245,163.458,9075,1,0
2025-03-18 20:00:00,163.458,163.552,163.295,163.438,8803,1,0
2025-03-18 21:00:00,163.441,163.457,163.171,163.33,7147,1,0
2025-03-18 22:00:00,163.332,163.429,163.248,163.408,5545,1,0
2025-03-18 23:00:00,163.415,163.516,163.376,163.384,3111,1,0
2025-03-19 00:00:00,163.358,163.369,163.266,163.329,1440,66,0
2025-03-19 01:00:00,163.33,163.493,163.296,163.489,2168,2,0
2025-03-19 02:00:00,163.489,163.533,163.371,163.486,2411,2,0
2025-03-19 03:00:00,163.487,163.673,163.317,163.609,5297,2,0
2025-03-19 04:00:00,163.609,163.657,163.452,163.493,4510,2,0
2025-03-19 05:00:00,163.496,163.619,163.253,163.507,4804,2,0
2025-03-19 06:00:00,163.507,163.556,163.337,163.358,2871,2,0
2025-03-19 07:00:00,163.358,163.512,163.297,163.465,3086,2,0
2025-03-19 08:00:00,163.471,163.75,163.466,163.749,3862,2,0
2025-03-19 09:00:00,163.75,163.888,163.43,163.47,6659,1,0
2025-03-19 10:00:00,163.469,163.474,162.193,162.628,12613,1,0
2025-03-19 11:00:00,162.628,163.296,162.628,163.229,9237,1,0
2025-03-19 12:00:00,163.229,163.399,163.025,163.302,6499,1,0
2025-03-19 13:00:00,163.303,163.345,163.098,163.278,5552,1,0
2025-03-19 14:00:00,163.277,163.524,163.244,163.465,5886,1,0
2025-03-19 15:00:00,163.467,163.558,163.188,163.319,7667,1,0
2025-03-19 16:00:00,163.319,163.616,163.242,163.529,9066,1,0
2025-03-19 17:00:00,163.529,163.662,163.095,163.154,9323,1,0
2025-03-19 18:00:00,163.155,163.296,163.065,163.213,7512,1,0
2025-03-19 19:00:00,163.201,163.255,163.053,163.238,5888,1,0
2025-03-19 20:00:00,163.238,163.239,162.839,162.975,7026,1,0
2025-03-19 21:00:00,162.964,163.066,162.169,162.368,15644,1,0
2025-03-19 22:00:00,162.365,162.479,162.147,162.253,13363,1,0
2025-03-19 23:00:00,162.256,162.326,162.071,162.133,3911,1,0
2025-03-20 00:00:00,162.105,162.256,162.018,162.246,892,64,0
2025-03-20 01:00:00,162.27,162.329,162.043,162.098,2978,2,0
2025-03-20 02:00:00,162.098,162.22,161.993,161.996,2997,2,0
2025-03-20 03:00:00,161.996,162.044,161.78,161.833,5875,2,0
2025-03-20 04:00:00,161.833,161.882,161.662,161.739,5592,2,0
2025-03-20 05:00:00,161.74,161.926,161.719,161.923,5404,2,0
2025-03-20 06:00:00,161.923,161.978,161.829,161.864,3744,2,0
2025-03-20 07:00:00,161.864,161.872,161.749,161.803,3310,2,0
2025-03-20 08:00:00,161.803,161.804,161.632,161.654,3471,2,0
2025-03-20 09:00:00,161.643,161.643,161.422,161.531,5108,1,0
2025-03-20 10:00:00,161.531,161.679,161.457,161.648,7934,1,0
2025-03-20 11:00:00,161.649,161.757,161.334,161.401,8895,1,0
2025-03-20 12:00:00,161.399,161.514,161.147,161.418,9018,1,0
2025-03-20 13:00:00,161.418,161.424,160.844,161.169,10214,1,0
2025-03-20 14:00:00,161.169,161.233,160.915,161.068,6965,1,0
2025-03-20 15:00:00,161.07,161.235,160.877,160.947,9214,1,0
2025-03-20 16:00:00,160.948,161.107,160.736,161.078,10656,1,0
2025-03-20 17:00:00,161.066,161.404,161.023,161.035,11628,1,0
2025-03-20 18:00:00,161.035,161.57,160.981,161.465,10037,1,0
2025-03-20 19:00:00,161.466,161.596,161.341,161.382,9200,1,0
2025-03-20 20:00:00,161.383,161.485,161.315,161.336,6865,1,0
2025-03-20 21:00:00,161.335,161.502,161.295,161.427,6600,1,0
2025-03-20 22:00:00,161.427,161.53,161.399,161.479,6241,1,0
2025-03-20 23:00:00,161.478,161.566,161.448,161.47,2451,1,0
2025-03-21 00:00:00,161.382,161.473,161.303,161.472,899,86,0
2025-03-21 01:00:00,161.479,161.558,161.431,161.47,1913,2,0
2025-03-21 02:00:00,161.47,161.52,161.3,161.303,2820,2,0
2025-03-21 03:00:00,161.304,161.737,161.296,161.703,6437,2,0
2025-03-21 04:00:00,161.703,161.916,161.613,161.798,6046,2,0
2025-03-21 05:00:00,161.798,161.808,161.59,161.656,4663,2,0
2025-03-21 06:00:00,161.656,161.707,161.544,161.664,3974,2,0
2025-03-21 07:00:00,161.665,161.896,161.657,161.817,3796,2,0
2025-03-21 08:00:00,161.816,161.965,161.8,161.941,4621,2,0
2025-03-21 09:00:00,161.942,162.055,161.835,162.051,5535,1,0
2025-03-21 10:00:00,162.051,162.132,161.724,161.836,7235,1,0
2025-03-21 11:00:00,161.835,162.042,161.603,161.976,9321,1,0
2025-03-21 12:00:00,161.976,161.977,161.672,161.721,6878,1,0
2025-03-21 13:00:00,161.721,161.942,161.534,161.689,6831,1,0
2025-03-21 14:00:00,161.686,161.75,161.426,161.557,6770,1,0
2025-03-21 15:00:00,161.56,161.681,161.018,161.046,9399,1,0
2025-03-21 16:00:00,161.045,161.306,160.906,161.261,11442,1,0
2025-03-21 17:00:00,161.261,161.372,161.064,161.137,11179,1,0
2025-03-21 18:00:00,161.134,161.201,160.733,160.993,9714,1,0
2025-03-21 19:00:00,160.996,161.464,160.959,161.45,10169,1,0
2025-03-21 20:00:00,161.45,161.604,161.269,161.504,7541,1,0
2025-03-21 21:00:00,161.504,161.57,161.417,161.467,6190,1,0
2025-03-21 22:00:00,161.468,161.567,161.379,161.551,5613,1,0
2025-03-21 23:00:00,161.55,161.55,161.42,161.438,2248,1,0
2025-03-24 00:00:00,161.417,161.594,161.393,161.568,604,86,0
2025-03-24 01:00:00,161.605,161.899,161.59,161.844,3239,2,0
2025-03-24 02:00:00,161.843,162.205,161.765,162.173,3660,2,0
2025-03-24 03:00:00,162.173,162.31,162.001,162.276,5859,2,0
2025-03-24 04:00:00,162.271,162.316,162.164,162.198,6170,2,0
2025-03-24 05:00:00,162.197,162.255,162.168,162.198,4420,2,0
2025-03-24 06:00:00,162.197,162.32,162.049,162.095,4221,2,0
2025-03-24 07:00:00,162.095,162.13,161.995,162.094,3492,2,0
2025-03-24 08:00:00,162.094,162.166,162.019,162.105,4407,2,0
2025-03-24 09:00:00,162.105,162.294,162.072,162.232,5754,1,0
2025-03-24 10:00:00,162.232,162.515,162.169,162.192,7216,1,0
2025-03-24 11:00:00,162.193,162.575,162.157,162.229,9713,1,0
2025-03-24 12:00:00,162.23,162.29,161.943,162.119,8430,1,0
2025-03-24 13:00:00,162.119,162.38,162.075,162.295,6770,1,0
2025-03-24 14:00:00,162.295,162.402,162.216,162.216,5960,1,0
2025-03-24 15:00:00,162.215,162.283,162.119,162.259,7079,1,0
2025-03-24 16:00:00,162.25,162.263,161.996,162.164,9243,1,0
2025-03-24 17:00:00,162.157,162.594,162.126,162.5,9959,1,0
2025-03-24 18:00:00,162.5,162.776,162.408,162.699,8847,1,0
2025-03-24 19:00:00,162.702,162.818,162.35,162.493,7911,1,0
2025-03-24 20:00:00,162.497,162.523,162.413,162.473,5778,1,0
2025-03-24 21:00:00,162.471,162.81,162.367,162.667,6515,1,0
2025-03-24 22:00:00,162.667,162.729,162.624,162.726,3830,1,0
2025-03-24 23:00:00,162.726,162.828,162.715,162.761,2780,1,0
2025-03-25 00:00:00,162.49,162.733,162.488,162.707,1481,86,0
2025-03-25 01:00:00,162.758,162.828,162.705,162.823,1876,2,0
2025-03-25 02:00:00,162.824,162.938,162.765,162.876,2869,2,0
2025-03-25 03:00:00,162.892,163.024,162.866,163.013,5584,2,0
2025-03-25 04:00:00,163.01,163.028,162.706,162.754,5758,2,0
2025-03-25 05:00:00,162.755,162.826,162.653,162.778,4805,2,0
2025-03-25 06:00:00,162.778,162.841,162.682,162.714,4247,2,0
2025-03-25 07:00:00,162.716,162.773,162.626,162.65,3490,2,0
2025-03-25 08:00:00,162.65,162.662,162.507,162.509,3739,2,0
2025-03-25 09:00:00,162.512,162.606,162.381,162.514,5178,1,0
2025-03-25 10:00:00,162.514,162.663,162.501,162.586,6535,1,0
2025-03-25 11:00:00,162.586,162.665,162.322,162.534,8347,1,0
2025-03-25 12:00:00,162.534,162.667,162.45,162.542,7349,1,0
2025-03-25 13:00:00,162.542,162.684,162.426,162.527,7321,1,0
2025-03-25 14:00:00,162.527,162.543,162.294,162.458,6470,1,0
2025-03-25 15:00:00,162.459,162.47,162.231,162.343,7007,2,0
2025-03-25 16:00:00,162.344,162.346,161.996,162.0,9172,1,0
2025-03-25 17:00:00,162.0,162.072,161.795,161.891,10260,1,0
2025-03-25 18:00:00,161.891,162.016,161.619,161.792,8770,1,0
2025-03-25 19:00:00,161.792,161.926,161.768,161.855,6422,1,0
2025-03-25 20:00:00,161.862,162.01,161.813,161.873,5131,1,0
2025-03-25 21:00:00,161.866,161.876,161.766,161.812,4437,1,0
2025-03-25 22:00:00,161.811,161.905,161.75,161.775,4562,1,0
2025-03-25 23:00:00,161.777,161.806,161.749,161.766,2252,1,0
2025-03-26 00:00:00,161.738,161.764,161.636,161.742,884,86,0
2025-03-26 01:00:00,161.753,161.829,161.733,161.783,1800,2,0
2025-03-26 02:00:00,161.782,161.811,161.709,161.768,2271,2,0
2025-03-26 03:00:00,161.768,161.981,161.672,161.952,5686,2,0
2025-03-26 04:00:00,161.952,162.118,161.81,161.985,6170,2,0
2025-03-26 05:00:00,161.985,162.228,161.958,162.206,3664,2,0
2025-03-26 06:00:00,162.204,162.328,162.19,162.255,3604,2,0
2025-03-26 07:00:00,162.259,162.346,162.241,162.345,2847,2,0
2025-03-26 08:00:00,162.345,162.391,162.279,162.283,3835,2,0
2025-03-26 09:00:00,162.284,162.42,162.25,162.286,5006,1,0
2025-03-26 10:00:00,162.285,162.436,162.201,162.217,7890,1,0
2025-03-26 11:00:00,162.218,162.258,161.963,162.118,9602,1,0
2025-03-26 12:00:00,162.118,162.194,161.998,162.058,7469,1,0
2025-03-26 13:00:00,162.058,162.109,161.976,162.078,6167,1,0
2025-03-26 14:00:00,162.077,162.199,162.031,162.105,4583,1,0
2025-03-26 15:00:00,162.105,162.231,161.987,162.188,7708,0,0
2025-03-26 16:00:00,162.188,162.276,162.005,162.056,8758,0,0
2025-03-26 17:00:00,162.056,162.537,162.02,162.461,9800,0,0
2025-03-26 18:00:00,162.461,162.611,162.162,162.448,7904,0,0
2025-03-26 19:00:00,162.448,162.49,162.161,162.431,8322,0,0
2025-03-26 20:00:00,162.431,162.531,161.635,161.809,10179,0,0
2025-03-26 21:00:00,161.809,162.009,161.76,161.822,7016,0,0
2025-03-26 22:00:00,161.822,161.934,161.705,161.889,5387,0,0
2025-03-26 23:00:00,161.892,161.934,161.847,161.931,2817,0,0
2025-03-27 00:00:00,161.882,161.905,161.571,161.586,1310,0,0
2025-03-27 01:00:00,161.586,161.784,161.384,161.392,4460,0,0
2025-03-27 02:00:00,161.39,161.635,161.373,161.624,3483,0,0
2025-03-27 03:00:00,161.624,161.873,161.579,161.851,4648,0,0
2025-03-27 04:00:00,161.853,161.866,161.55,161.61,5927,0,0
2025-03-27 05:00:00,161.61,161.95,161.607,161.829,4512,0,0
2025-03-27 06:00:00,161.829,161.897,161.72,161.835,3586,0,0
2025-03-27 07:00:00,161.835,161.96,161.821,161.918,3360,0,0
2025-03-27 08:00:00,161.918,161.984,161.691,161.798,4153,0,0
2025-03-27 09:00:00,161.797,162.197,161.727,162.02,6031,0,0
2025-03-27 10:00:00,162.018,162.105,161.668,162.051,9158,0,0
2025-03-27 11:00:00,162.052,162.321,161.916,162.315,10269,0,0
2025-03-27 12:00:00,162.315,162.564,162.252,162.564,7661,0,0
2025-03-27 13:00:00,162.564,162.738,162.486,162.728,6614,0,0
2025-03-27 14:00:00,162.727,162.992,162.668,162.908,6603,0,0
2025-03-27 15:00:00,162.907,162.991,162.572,162.595,8532,0,0
2025-03-27 16:00:00,162.595,162.709,162.4,162.649,11038,0,0
2025-03-27 17:00:00,162.647,163.002,162.606,162.933,10924,0,0
2025-03-27 18:00:00,162.933,163.165,162.812,163.047,10229,0,0
2025-03-27 19:00:00,163.047,163.17,162.954,163.071,8654,0,0
2025-03-27 20:00:00,163.075,163.364,163.003,163.01,7521,0,0
2025-03-27 21:00:00,163.01,163.154,163.002,163.068,5747,0,0
2025-03-27 22:00:00,163.068,163.191,163.019,163.048,4886,0,0
2025-03-27 23:00:00,163.047,163.168,163.029,163.144,2135,0,0
2025-03-28 00:00:00,163.099,163.099,162.998,163.081,664,22,0
2025-03-28 01:00:00,163.085,163.148,163.046,163.073,1214,2,0
2025-03-28 02:00:00,163.073,163.094,162.841,162.937,3212,0,0
2025-03-28 03:00:00,162.933,163.174,162.854,162.964,5356,0,0
2025-03-28 04:00:00,162.964,162.993,162.67,162.719,5483,0,0
2025-03-28 05:00:00,162.719,162.832,162.698,162.815,4138,0,0
2025-03-28 06:00:00,162.815,162.845,162.7,162.752,3529,0,0
2025-03-28 07:00:00,162.752,162.864,162.662,162.77,3217,0,0
2025-03-28 08:00:00,162.77,162.827,162.658,162.693,3616,0,0
2025-03-28 09:00:00,162.693,162.734,162.418,162.436,4246,0,0
2025-03-28 10:00:00,162.436,162.561,162.19,162.225,6736,0,0
2025-03-28 11:00:00,162.225,162.391,162.067,162.248,8401,0,0
2025-03-28 12:00:00,162.248,162.366,162.16,162.232,6517,0,0
2025-03-28 13:00:00,162.234,162.434,162.173,162.304,5945,0,0
2025-03-28 14:00:00,162.304,162.505,162.247,162.448,5742,0,0
2025-03-28 15:00:00,162.447,162.625,162.27,162.526,8707,0,0
2025-03-28 16:00:00,162.525,162.844,162.319,162.626,12082,0,0
2025-03-28 17:00:00,162.626,162.654,162.298,162.454,12358,0,0
2025-03-28 18:00:00,162.455,162.93,162.416,162.66,10352,0,0
2025-03-28 19:00:00,162.66,162.758,162.391,162.422,8431,0,0
2025-03-28 20:00:00,162.423,162.438,162.155,162.276,7092,0,0
2025-03-28 21:00:00,162.276,162.4,162.262,162.329,5719,0,0
2025-03-28 22:00:00,162.329,162.39,162.107,162.123,5503,0,0
2025-03-28 23:00:00,162.118,162.341,162.07,162.25,2787,0,0
2025-03-31 00:00:00,162.009,162.133,161.841,161.848,915,29,0
2025-03-31 01:00:00,161.848,161.937,161.656,161.757,4641,0,0
2025-03-31 02:00:00,161.756,161.952,161.483,161.944,6159,0,0
2025-03-31 03:00:00,161.942,162.047,161.495,161.865,9911,0,0
2025-03-31 04:00:00,161.866,161.966,161.535,161.576,8727,0,0
2025-03-31 05:00:00,161.576,161.607,161.272,161.408,6535,0,0
2025-03-31 06:00:00,161.408,161.437,161.175,161.332,4853,0,0
2025-03-31 07:00:00,161.332,161.585,161.26,161.517,4708,0,0
2025-03-31 08:00:00,161.517,161.753,161.379,161.475,6575,0,0
2025-03-31 09:00:00,161.475,161.533,161.129,161.476,9490,0,0
2025-03-31 10:00:00,161.476,161.595,161.042,161.534,11654,0,0
2025-03-31 11:00:00,161.543,161.604,161.217,161.388,9648,0,0
2025-03-31 12:00:00,161.388,161.578,161.326,161.378,7311,0,0
2025-03-31 13:00:00,161.376,161.574,161.258,161.542,6783,0,0
2025-03-31 14:00:00,161.542,161.712,161.395,161.62,7731,0,0
2025-03-31 15:00:00,161.62,161.724,161.524,161.625,7989,0,0
2025-03-31 16:00:00,161.625,161.915,161.576,161.763,10115,0,0
2025-03-31 17:00:00,161.765,161.867,161.49,161.511,12309,0,0
2025-03-31 18:00:00,161.509,162.027,161.42,161.816,10336,0,0
2025-03-31 19:00:00,161.817,162.188,161.688,162.066,7649,0,0
2025-03-31 20:00:00,162.064,162.327,162.049,162.248,6524,0,0
2025-03-31 21:00:00,162.248,162.484,162.234,162.355,6732,0,0
2025-03-31 22:00:00,162.356,162.392,162.145,162.174,7312,0,0
2025-03-31 23:00:00,162.172,162.231,162.129,162.182,2477,0,0
2025-04-01 00:00:00,162.145,162.218,162.11,162.188,1835,33,0
2025-04-01 01:00:00,162.191,162.244,162.074,162.162,2029,0,0
2025-04-01 02:00:00,162.162,162.384,162.153,162.203,3429,0,0
2025-04-01 03:00:00,162.203,162.298,162.028,162.095,8130,0,0
2025-04-01 04:00:00,162.095,162.176,161.961,162.119,5459,0,0
2025-04-01 05:00:00,162.119,162.209,162.071,162.194,4179,0,0
2025-04-01 06:00:00,162.191,162.24,162.034,162.04,3743,0,0
2025-04-01 07:00:00,162.04,162.04,161.898,161.902,3614,0,0
2025-04-01 08:00:00,161.902,162.134,161.854,161.925,5329,0,0
2025-04-01 09:00:00,161.925,162.136,161.794,162.067,7149,0,0
2025-04-01 10:00:00,162.067,162.067,161.572,161.615,9400,0,0
2025-04-01 11:00:00,161.615,161.912,161.529,161.876,6661,0,0
2025-04-01 12:00:00,161.876,162.028,161.821,161.851,6234,0,0
2025-04-01 13:00:00,161.851,161.887,161.252,161.329,9379,0,0
2025-04-01 14:00:00,161.329,161.335,160.776,160.855,8636,0,0
2025-04-01 15:00:00,160.855,161.196,160.849,161.147,7803,0,0
2025-04-01 16:00:00,161.147,161.431,161.079,161.217,10277,0,0
2025-04-01 17:00:00,161.24,161.433,161.009,161.341,13157,0,0
2025-04-01 18:00:00,161.341,161.566,161.136,161.349,10506,0,0
2025-04-01 19:00:00,161.349,161.655,161.322,161.473,9768,0,0
2025-04-01 20:00:00,161.473,161.56,161.28,161.312,7562,0,0
2025-04-01 21:00:00,161.312,161.327,161.068,161.162,7636,0,0
2025-04-01 22:00:00,161.161,161.446,161.159,161.438,6289,0,0
2025-04-01 23:00:00,161.438,161.571,161.329,161.466,2765,0,0
2025-04-02 00:00:00,161.475,161.53,161.285,161.516,852,15,0
2025-04-02 01:00:00,161.516,161.94,161.501,161.8,3618,0,0
2025-04-02 02:00:00,161.799,161.81,161.644,161.645,2991,0,0
2025-04-02 03:00:00,161.645,161.771,161.54,161.636,7328,0,0
2025-04-02 04:00:00,161.635,161.799,161.626,161.773,5255,0,0
2025-04-02 05:00:00,161.772,161.871,161.68,161.696,3880,0,0
2025-04-02 06:00:00,161.695,161.747,161.633,161.667,3141,0,0
2025-04-02 07:00:00,161.667,161.829,161.643,161.784,2782,0,0
2025-04-02 08:00:00,161.784,161.791,161.648,161.725,3931,0,0
2025-04-02 09:00:00,161.726,161.9,161.558,161.642,6407,0,0
2025-04-02 10:00:00,161.634,161.723,161.366,161.521,7728,0,0
2025-04-02 11:00:00,161.521,161.617,161.42,161.592,6635,0,0
2025-04-02 12:00:00,161.592,161.694,161.459,161.491,6400,0,0
2025-04-02 13:00:00,161.491,161.499,161.112,161.28,7587,0,0
2025-04-02 14:00:00,161.28,161.31,161.141,161.197,6437,0,0
2025-04-02 15:00:00,161.197,161.401,161.159,161.396,8024,0,0
2025-04-02 16:00:00,161.396,161.923,161.339,161.861,9834,0,0
2025-04-02 17:00:00,161.859,162.559,161.805,162.542,11627,0,0
2025-04-02 18:00:00,162.543,163.036,162.472,163.002,10495,0,0
2025-04-02 19:00:00,163.002,163.037,162.883,162.995,8404,0,0
2025-04-02 20:00:00,162.992,163.045,162.891,162.927,6541,0,0
2025-04-02 21:00:00,162.927,162.993,162.73,162.737,8039,0,0
2025-04-02 22:00:00,162.737,162.905,162.689,162.781,8013,0,0
2025-04-02 23:00:00,162.782,164.177,161.383,162.106,15234,0,0
2025-04-03 00:00:00,161.942,161.942,160.815,160.947,2168,29,0
2025-04-03 01:00:00,160.947,161.086,160.112,160.854,8460,0,0
2025-04-03 02:00:00,160.854,161.328,160.652,161.257,11461,0,0
2025-04-03 03:00:00,161.252,161.451,160.944,161.059,14191,0,0
2025-04-03 04:00:00,161.059,161.385,161.0,161.245,11396,0,0
2025-04-03 05:00:00,161.245,161.392,161.083,161.267,9252,0,0
2025-04-03 06:00:00,161.267,161.276,160.628,160.748,7716,0,0
2025-04-03 07:00:00,160.748,160.947,160.634,160.933,6864,0,0
2025-04-03 08:00:00,160.933,161.108,160.87,160.896,9126,0,0
2025-04-03 09:00:00,160.896,161.763,160.842,161.368,13263,0,0
2025-04-03 10:00:00,161.375,161.801,161.239,161.56,12945,0,0
2025-04-03 11:00:00,161.559,161.957,161.516,161.637,11364,0,0
2025-04-03 12:00:00,161.637,161.895,161.442,161.668,11659,0,0
2025-04-03 13:00:00,161.667,163.068,161.638,162.144,13815,0,0
2025-04-03 14:00:00,162.148,162.301,161.866,161.926,11906,0,0
2025-04-03 15:00:00,161.927,162.322,161.667,161.674,13168,0,0
2025-04-03 16:00:00,161.676,162.109,161.343,161.377,15547,0,0
2025-04-03 17:00:00,161.366,161.958,161.081,161.7,14953,0,0
2025-04-03 18:00:00,161.701,161.786,161.291,161.393,14228,0,0
2025-04-03 19:00:00,161.392,161.642,161.304,161.343,13175,0,0
2025-04-03 20:00:00,161.337,161.369,160.984,161.057,11459,0,0
2025-04-03 21:00:00,161.057,161.66,160.984,161.603,10920,0,0
2025-04-03 22:00:00,161.611,161.679,161.168,161.278,10823,0,0
2025-04-03 23:00:00,161.276,161.462,161.122,161.402,4520,0,0
2025-04-04 00:00:00,161.415,161.415,161.208,161.254,636,20,0
2025-04-04 01:00:00,161.254,161.391,160.951,161.134,5376,0,0
2025-04-04 02:00:00,161.134,161.552,161.093,161.543,6449,0,0
2025-04-04 03:00:00,161.543,161.696,161.305,161.442,9512,0,0
2025-04-04 04:00:00,161.441,161.936,161.439,161.666,9248,0,0
2025-04-04 05:00:00,161.663,162.002,161.587,161.663,7887,0,0
2025-04-04 06:00:00,161.663,161.709,161.506,161.595,8937,0,0
2025-04-04 07:00:00,161.596,161.795,161.161,161.242,8059,0,0
2025-04-04 08:00:00,161.241,161.69,161.148,161.668,8774,0,0
2025-04-04 09:00:00,161.668,161.722,161.373,161.381,11409,0,0
2025-04-04 10:00:00,161.383,161.552,160.816,160.962,13719,0,0
2025-04-04 11:00:00,160.962,161.093,160.658,160.999,14454,0,0
2025-04-04 12:00:00,161.001,161.026,160.561,160.732,13503,0,0
2025-04-04 13:00:00,160.733,160.81,159.848,160.076,17169,0,0
2025-04-04 14:00:00,160.068,160.859,159.579,160.817,17299,0,0
2025-04-04 15:00:00,160.817,161.039,160.075,160.447,17156,0,0
2025-04-04 16:00:00,160.448,160.84,160.015,160.376,17006,0,0
2025-04-04 17:00:00,160.367,160.417,159.019,159.872,16281,0,0
2025-04-04 18:00:00,159.858,160.896,159.829,160.715,17765,0,0
2025-04-04 19:00:00,160.717,161.005,160.418,160.967,13789,0,0
2025-04-04 20:00:00,160.967,161.405,160.434,161.193,13637,0,0
2025-04-04 21:00:00,161.194,161.336,160.66,160.77,12845,0,0
2025-04-04 22:00:00,160.772,161.126,160.623,160.67,13745,0,0
2025-04-04 23:00:00,160.677,161.072,160.584,161.029,8055,0,0
2025-04-07 00:00:00,158.365,159.033,158.04,158.933,1954,58,0
2025-04-07 01:00:00,158.932,159.824,158.416,159.427,14498,0,0
2025-04-07 02:00:00,159.424,159.768,159.235,159.738,14514,0,0
2025-04-07 03:00:00,159.747,159.924,159.169,159.917,16394,0,0
2025-04-07 04:00:00,159.918,160.558,159.816,160.339,16154,0,0
2025-04-07 05:00:00,160.339,160.488,160.142,160.335,14246,0,0
2025-04-07 06:00:00,160.335,160.338,160.038,160.192,11755,0,0
2025-04-07 07:00:00,160.192,160.38,160.135,160.248,11233,0,0
2025-04-07 08:00:00,160.247,160.735,160.193,160.585,12162,0,0
2025-04-07 09:00:00,160.58,160.701,159.746,159.967,14987,0,0
2025-04-07 10:00:00,159.968,160.555,159.878,160.378,16021,0,0
2025-04-07 11:00:00,160.379,160.951,160.305,160.722,14489,0,0
2025-04-07 12:00:00,160.722,160.829,159.903,160.08,12747,0,0
2025-04-07 13:00:00,160.08,160.923,160.08,160.253,12916,0,0
2025-04-07 14:00:00,160.25,160.595,159.965,160.567,13430,0,0
2025-04-07 15:00:00,160.577,161.55,160.394,161.288,15615,0,0
2025-04-07 16:00:00,161.288,161.294,160.535,160.899,16034,0,0
2025-04-07 17:00:00,160.904,162.38,160.732,161.165,20565,0,0
2025-04-07 18:00:00,161.172,161.54,160.717,161.449,18394,0,0
2025-04-07 19:00:00,161.449,161.768,161.271,161.732,14962,0,0
2025-04-07 20:00:00,161.732,162.065,161.655,161.829,15098,0,0
2025-04-07 21:00:00,161.828,161.973,161.443,161.667,15029,0,0
2025-04-07 22:00:00,161.666,161.742,161.252,161.489,14215,0,0
2025-04-07 23:00:00,161.493,161.705,161.149,161.222,6612,0,0
2025-04-08 00:00:00,161.163,161.365,161.045,161.15,417,93,0
2025-04-08 01:00:00,161.15,161.585,161.145,161.447,5132,0,0
2025-04-08 02:00:00,161.445,161.585,161.256,161.315,5876,0,0
2025-04-08 03:00:00,161.311,161.751,161.187,161.485,14109,0,0
2025-04-08 04:00:00,161.479,161.774,161.369,161.703,13670,0,0
2025-04-08 05:00:00,161.705,161.769,161.576,161.632,8994,0,0
2025-04-08 06:00:00,161.632,161.848,161.537,161.817,8840,0,0
2025-04-08 07:00:00,161.817,162.188,161.81,162.184,7193,0,0
2025-04-08 08:00:00,162.184,162.207,161.778,161.896,7610,0,0
2025-04-08 09:00:00,161.895,162.052,161.625,161.626,11266,0,0
2025-04-08 10:00:00,161.626,161.693,160.882,161.007,13836,0,0
2025-04-08 11:00:00,161.008,161.332,160.862,161.232,11770,0,0
2025-04-08 12:00:00,161.232,161.277,160.722,160.724,11510,0,0
2025-04-08 13:00:00,160.725,160.813,160.446,160.494,10988,0,0
2025-04-08 14:00:00,160.494,160.842,160.457,160.629,13514,0,0
2025-04-08 15:00:00,160.63,161.031,160.565,160.753,13812,0,0
2025-04-08 16:00:00,160.753,161.192,160.539,161.133,13823,0,0
2025-04-08 17:00:00,161.145,161.188,160.563,160.754,15593,0,0
2025-04-08 18:00:00,160.754,160.825,160.238,160.429,14223,0,0
2025-04-08 19:00:00,160.43,160.469,160.062,160.154,14777,0,0
2025-04-08 20:00:00,160.153,160.355,160.026,160.346,15423,0,0
2025-04-08 21:00:00,160.347,160.814,160.202,160.329,14472,0,0
2025-04-08 22:00:00,160.328,160.41,160.028,160.234,12670,0,0
2025-04-08 23:00:00,160.234,160.44,160.144,160.28,6683,0,0
2025-04-09 00:00:00,160.152,160.292,159.969,160.215,1461,160,0
2025-04-09 01:00:00,160.215,160.373,160.077,160.109,6457,0,0
2025-04-09 02:00:00,160.111,160.169,159.888,160.111,8991,0,0
2025-04-09 03:00:00,160.111,160.196,159.639,160.166,14545,0,0
2025-04-09 04:00:00,160.164,160.651,160.13,160.431,13540,0,0
2025-04-09 05:00:00,160.428,160.805,160.345,160.494,11855,0,0
2025-04-09 06:00:00,160.494,160.652,160.036,160.152,11323,0,0
2025-04-09 07:00:00,160.152,160.487,159.892,160.435,14087,0,0
2025-04-09 08:00:00,160.43,160.72,160.266,160.513,14532,0,0
2025-04-09 09:00:00,160.513,160.896,160.223,160.362,15345,0,0
2025-04-09 10:00:00,160.353,160.758,160.164,160.303,16433,0,0
2025-04-09 11:00:00,160.307,160.437,160.042,160.225,14578,0,0
2025-04-09 12:00:00,160.226,160.615,159.996,160.546,12161,0,0
2025-04-09 13:00:00,160.549,160.603,159.883,160.238,12261,0,0
2025-04-09 14:00:00,160.25,160.258,159.604,159.636,15836,0,0
2025-04-09 15:00:00,159.633,159.966,159.477,159.842,14771,0,0
2025-04-09 16:00:00,159.842,160.351,159.705,160.063,15085,0,0
2025-04-09 17:00:00,160.065,160.152,159.53,159.785,13233,0,0
2025-04-09 18:00:00,159.787,160.363,159.774,160.164,10570,0,0
2025-04-09 19:00:00,160.167,160.264,159.651,159.718,8243,0,0
2025-04-09 20:00:00,159.719,161.632,159.449,161.416,18387,0,0
2025-04-09 21:00:00,161.418,162.204,161.333,161.652,17156,0,0
2025-04-09 22:00:00,161.66,162.135,161.533,161.771,12629,0,0
2025-04-09 23:00:00,161.789,162.044,161.615,161.662,8463,0,0
2025-04-10 00:00:00,161.669,161.76,161.279,161.33,1258,0,0
2025-04-10 01:00:00,161.33,161.616,161.3,161.566,9760,0,0
2025-04-10 02:00:00,161.566,161.721,161.359,161.422,8192,0,0
2025-04-10 03:00:00,161.42,161.536,161.069,161.198,12841,0,0
2025-04-10 04:00:00,161.198,161.419,161.083,161.228,12290,0,0
2025-04-10 05:00:00,161.228,161.309,160.874,161.009,10215,0,0
2025-04-10 06:00:00,161.009,161.307,160.979,161.247,9370,0,0
2025-04-10 07:00:00,161.248,161.273,160.88,161.027,9226,0,0
2025-04-10 08:00:00,161.027,161.21,160.946,161.058,7273,0,0
2025-04-10 09:00:00,161.058,161.537,161.027,161.512,10248,0,0
2025-04-10 10:00:00,161.513,161.53,161.09,161.285,12851,0,0
2025-04-10 11:00:00,161.283,161.735,161.154,161.491,12718,0,0
2025-04-10 12:00:00,161.491,161.592,161.307,161.478,10632,0,0
2025-04-10 13:00:00,161.476,161.569,161.088,161.274,9969,0,0
2025-04-10 14:00:00,161.274,161.421,160.954,161.104,10335,0,0
2025-04-10 15:00:00,161.105,161.622,161.046,161.411,13067,0,0
2025-04-10 16:00:00,161.409,161.522,161.107,161.135,13955,0,0
2025-04-10 17:00:00,161.136,161.817,161.129,161.817,14518,0,0
2025-04-10 18:00:00,161.815,161.944,161.365,161.535,14801,0,0
2025-04-10 19:00:00,161.535,161.864,161.325,161.832,15843,0,0
2025-04-10 20:00:00,161.831,162.308,161.61,162.27,14733,0,0
2025-04-10 21:00:00,162.267,162.58,162.074,162.155,13828,0,0
2025-04-10 22:00:00,162.157,162.244,161.61,162.129,12505,0,0
2025-04-10 23:00:00,162.096,162.1,161.755,161.804,6424,0,0
2025-04-11 00:00:00,161.681,161.88,161.501,161.673,953,131,0
2025-04-11 01:00:00,161.702,162.047,161.506,161.871,7089,0,0
2025-04-11 02:00:00,161.871,161.973,161.525,161.825,10611,0,0
2025-04-11 03:00:00,161.828,162.643,161.305,162.138,15407,0,0
2025-04-11 04:00:00,162.138,162.464,161.877,162.276,13528,0,0
2025-04-11 05:00:00,162.275,162.471,162.09,162.279,12214,0,0
2025-04-11 06:00:00,162.281,162.595,162.192,162.386,9931,0,0
2025-04-11 07:00:00,162.386,162.391,161.787,161.824,7062,0,0
2025-04-11 08:00:00,161.83,162.161,161.713,162.05,9760,0,0
2025-04-11 09:00:00,162.047,162.455,161.935,162.402,11908,0,0
2025-04-11 10:00:00,162.404,162.69,162.177,162.318,14277,0,0
2025-04-11 11:00:00,162.322,163.139,162.084,162.735,16084,0,0
2025-04-11 12:00:00,162.736,162.739,162.09,162.272,14866,0,0
2025-04-11 13:00:00,162.272,162.432,161.904,162.109,14338,0,0
2025-04-11 14:00:00,162.108,162.204,161.513,161.554,12768,0,0
2025-04-11 15:00:00,161.553,162.452,161.538,162.408,14280,0,0
2025-04-11 16:00:00,162.408,162.78,162.173,162.457,16449,0,0
2025-04-11 17:00:00,162.458,162.843,162.327,162.767,16113,0,0
2025-04-11 18:00:00,162.767,162.938,162.452,162.605,13884,0,0
2025-04-11 19:00:00,162.603,162.683,162.341,162.556,11830,0,0
2025-04-11 20:00:00,162.555,162.896,162.535,162.664,12164,0,0
2025-04-11 21:00:00,162.66,162.893,162.606,162.681,11026,0,0
2025-04-11 22:00:00,162.682,162.889,162.644,162.859,8628,0,0
2025-04-11 23:00:00,162.859,163.002,162.815,162.92,4664,0,0
2025-04-14 00:00:00,162.748,162.933,162.484,162.616,751,121,0
2025-04-14 01:00:00,162.617,163.279,162.576,162.822,8158,0,0
2025-04-14 02:00:00,162.822,163.129,162.705,162.976,7136,0,0
2025-04-14 03:00:00,162.974,163.088,162.35,162.419,11730,0,0
2025-04-14 04:00:00,162.419,162.579,162.1,162.451,12284,0,0
2025-04-14 05:00:00,162.451,162.737,162.439,162.58,9031,0,0
2025-04-14 06:00:00,162.577,162.758,162.445,162.64,7686,0,0
2025-04-14 07:00:00,162.64,162.782,162.424,162.603,6502,0,0
2025-04-14 08:00:00,162.603,162.707,162.464,162.538,7304,0,0
2025-04-14 09:00:00,162.54,162.744,162.393,162.609,11577,0,0
2025-04-14 10:00:00,162.609,163.008,162.414,162.966,11507,0,0
2025-04-14 11:00:00,162.966,163.099,162.713,162.743,9312,0,0
2025-04-14 12:00:00,162.743,163.062,162.718,162.913,8806,0,0
2025-04-14 13:00:00,162.913,163.111,162.814,162.951,8346,0,0
2025-04-14 14:00:00,162.948,163.173,162.86,163.063,8433,0,0
2025-04-14 15:00:00,163.064,163.11,162.789,162.903,9616,0,0
2025-04-14 16:00:00,162.903,162.919,162.564,162.703,12804,0,0
2025-04-14 17:00:00,162.704,162.959,162.661,162.883,11847,0,0
2025-04-14 18:00:00,162.884,162.941,162.364,162.377,11505,0,0
2025-04-14 19:00:00,162.378,162.549,162.266,162.277,11154,0,0
2025-04-14 20:00:00,162.277,162.423,162.084,162.219,9310,0,0
2025-04-14 21:00:00,162.219,162.414,162.193,162.249,6963,0,0
2025-04-14 22:00:00,162.249,162.583,162.232,162.406,6130,0,0
2025-04-14 23:00:00,162.406,162.534,162.293,162.308,4067,0,0
2025-04-15 00:00:00,162.207,162.337,162.154,162.288,475,132,0
2025-04-15 01:00:00,162.288,162.53,162.274,162.48,2697,0,0
2025-04-15 02:00:00,162.48,162.57,162.303,162.354,4951,0,0
2025-04-15 03:00:00,162.35,162.63,162.303,162.579,7339,0,0
2025-04-15 04:00:00,162.579,162.593,162.32,162.373,6125,0,0
2025-04-15 05:00:00,162.362,162.5,162.209,162.434,5463,0,0
2025-04-15 06:00:00,162.443,162.514,162.341,162.415,4352,0,0
2025-04-15 07:00:00,162.415,162.537,162.367,162.447,4379,0,0
2025-04-15 08:00:00,162.447,162.597,162.359,162.394,4684,0,0
2025-04-15 09:00:00,162.394,162.571,162.075,162.42,8397,0,0
2025-04-15 10:00:00,162.42,162.778,162.326,162.75,8638,0,0
2025-04-15 11:00:00,162.748,162.802,162.074,162.151,9221,0,0
2025-04-15 12:00:00,162.148,162.148,161.79,162.068,8310,0,0
2025-04-15 13:00:00,162.068,162.165,161.976,162.047,6491,0,0
2025-04-15 14:00:00,162.047,162.144,161.767,161.856,7538,0,0
2025-04-15 15:00:00,161.857,161.955,161.57,161.639,9664,0,0
2025-04-15 16:00:00,161.639,162.005,161.557,161.894,10760,0,0
2025-04-15 17:00:00,161.894,161.909,161.427,161.692,13063,0,0
2025-04-15 18:00:00,161.691,161.776,161.476,161.544,10058,0,0
2025-04-15 19:00:00,161.544,161.622,161.302,161.33,7024,0,0
2025-04-15 20:00:00,161.33,161.452,161.306,161.333,6462,0,0
2025-04-15 21:00:00,161.339,161.423,161.296,161.394,5207,0,0
2025-04-15 22:00:00,161.394,161.613,161.38,161.553,4396,0,0
2025-04-15 23:00:00,161.553,161.638,161.534,161.603,2823,0,0
2025-04-16 00:00:00,161.45,161.505,161.339,161.433,588,120,0
2025-04-16 01:00:00,161.433,161.542,161.332,161.514,4785,3,0
2025-04-16 02:00:00,161.515,161.655,161.503,161.609,5062,0,0
2025-04-16 03:00:00,161.609,161.671,161.46,161.633,7727,0,0
2025-04-16 04:00:00,161.633,161.82,161.599,161.642,6118,0,0
2025-04-16 05:00:00,161.642,161.723,161.454,161.597,4676,0,0
2025-04-16 06:00:00,161.597,161.67,161.503,161.594,4584,0,0
2025-04-16 07:00:00,161.596,161.759,161.487,161.755,4381,0,0
2025-04-16 08:00:00,161.755,161.794,161.386,161.704,7159,0,0
2025-04-16 09:00:00,161.703,161.935,161.57,161.726,8238,0,0
2025-04-16 10:00:00,161.726,161.868,161.588,161.736,8878,0,0
2025-04-16 11:00:00,161.735,162.255,161.598,162.073,11204,0,0
2025-04-16 12:00:00,162.069,162.262,162.02,162.189,8281,0,0
2025-04-16 13:00:00,162.189,162.223,162.035,162.117,6843,0,0
2025-04-16 14:00:00,162.113,162.206,161.946,162.032,6165,0,0
2025-04-16 15:00:00,162.032,162.1,161.62,161.854,8918,0,0
2025-04-16 16:00:00,161.852,161.98,161.77,161.836,10281,0,0
2025-04-16 17:00:00,161.838,162.167,161.783,162.158,10659,0,0
2025-04-16 18:00:00,162.159,162.281,162.082,162.201,8925,0,0
2025-04-16 19:00:00,162.2,162.255,162.031,162.076,7422,0,0
2025-04-16 20:00:00,162.078,162.136,161.829,161.864,8932,0,0
2025-04-16 21:00:00,161.864,161.95,161.668,161.736,8622,0,0
2025-04-16 22:00:00,161.736,161.769,161.556,161.743,9514,0,0
2025-04-16 23:00:00,161.743,161.842,161.558,161.613,4086,0,0
2025-04-17 00:00:00,161.616,161.616,161.498,161.498,836,70,0
2025-04-17 01:00:00,161.498,161.752,161.487,161.655,4132,5,0
2025-04-17 02:00:00,161.653,161.746,161.514,161.695,5948,0,0
2025-04-17 03:00:00,161.694,162.208,161.621,162.049,10379,0,0
2025-04-17 04:00:00,162.051,162.237,161.895,162.172,7554,0,0
2025-04-17 05:00:00,162.172,162.266,161.981,162.172,5460,0,0
2025-04-17 06:00:00,162.172,162.202,161.977,162.033,4502,0,0
2025-04-17 07:00:00,162.033,162.145,162.015,162.07,3215,0,0
2025-04-17 08:00:00,162.071,162.073,161.906,162.008,4764,0,0
2025-04-17 09:00:00,162.011,162.182,161.96,162.102,6793,0,0
2025-04-17 10:00:00,162.102,162.571,162.04,162.526,7704,0,0
2025-04-17 11:00:00,162.526,162.633,162.295,162.312,7467,0,0
2025-04-17 12:00:00,162.312,162.441,162.248,162.33,6233,0,0
2025-04-17 13:00:00,162.331,162.372,161.902,161.933,6589,0,0
2025-04-17 14:00:00,161.933,162.004,161.853,161.905,5751,0,0
2025-04-17 15:00:00,161.906,162.056,161.461,161.592,10333,0,0
2025-04-17 16:00:00,161.592,161.833,161.444,161.46,12058,0,0
2025-04-17 17:00:00,161.46,161.642,161.245,161.369,9869,0,0
2025-04-17 18:00:00,161.37,161.778,161.362,161.703,8643,0,0
2025-04-17 19:00:00,161.703,161.878,161.621,161.673,9050,0,0
2025-04-17 20:00:00,161.673,161.801,161.534,161.784,5923,0,0
2025-04-17 21:00:00,161.784,162.004,161.776,161.969,6335,0,0
2025-04-17 22:00:00,161.972,161.989,161.862,161.914,5758,0,0
2025-04-17 23:00:00,161.915,161.963,161.793,161.848,4179,0,0
2025-04-18 00:00:00,161.757,161.908,161.687,161.865,875,192,0
2025-04-18 01:00:00,161.855,161.885,161.747,161.819,4406,112,0
2025-04-18 02:00:00,161.819,161.917,161.758,161.845,4920,29,0
2025-04-18 03:00:00,161.844,162.121,161.726,161.94,8974,0,0
2025-04-18 04:00:00,161.94,161.991,161.829,161.851,19649,0,0
2025-04-18 05:00:00,161.85,161.949,161.774,161.82,19068,0,0
2025-04-18 06:00:00,161.819,161.882,161.774,161.849,19496,10,0
2025-04-18 07:00:00,161.849,161.857,161.789,161.813,18206,5,0
2025-04-18 08:00:00,161.815,161.934,161.744,161.839,14442,0,0
2025-04-18 09:00:00,161.836,161.927,161.735,161.756,15033,0,0
2025-04-18 10:00:00,161.757,161.93,161.684,161.878,14144,0,0
2025-04-18 11:00:00,161.878,161.894,161.818,161.883,14729,5,0
2025-04-18 12:00:00,161.883,161.899,161.817,161.86,11139,0,0
2025-04-18 13:00:00,161.861,161.916,161.849,161.895,11290,0,0
2025-04-18 14:00:00,161.895,161.988,161.813,161.959,14884,0,0
2025-04-18 15:00:00,161.956,162.056,161.911,161.973,13137,0,0
2025-04-18 16:00:00,161.97,161.983,161.862,161.965,8190,0,0
2025-04-18 17:00:00,161.965,162.164,161.956,162.138,9457,0,0
2025-04-18 18:00:00,162.138,162.146,161.973,162.012,10822,0,0
2025-04-18 19:00:00,162.014,162.015,161.881,162.009,9471,0,0
2025-04-18 20:00:00,162.012,162.104,161.934,161.953,9525,0,0
2025-04-18 21:00:00,161.953,161.999,161.921,161.97,3406,6,0
2025-04-18 22:00:00,161.97,161.997,161.906,161.958,7009,0,0
2025-04-18 23:00:00,161.958,161.987,161.854,161.911,3351,18,0
2025-04-21 00:00:00,161.829,162.046,161.536,161.853,985,0,0
2025-04-21 01:00:00,161.831,162.175,161.607,162.047,4164,0,0
2025-04-21 02:00:00,162.047,162.171,161.871,162.109,8151,0,0
2025-04-21 03:00:00,162.107,162.235,161.834,161.893,11157,0,0
2025-04-21 04:00:00,161.893,161.99,161.794,161.806,8229,0,0
2025-04-21 05:00:00,161.806,162.16,161.645,161.974,8702,0,0
2025-04-21 06:00:00,161.973,162.179,161.916,162.088,5427,0,0
2025-04-21 07:00:00,162.088,162.262,162.043,162.132,5658,0,0
2025-04-21 08:00:00,162.132,162.341,162.078,162.188,6535,0,0
2025-04-21 09:00:00,162.188,162.234,162.013,162.103,6878,0,0
2025-04-21 10:00:00,162.096,162.576,161.95,162.416,7569,0,0
2025-04-21 11:00:00,162.417,162.568,162.301,162.482,7234,0,0
2025-04-21 12:00:00,162.482,162.671,162.379,162.415,6488,0,0
2025-04-21 13:00:00,162.413,162.542,162.317,162.465,5648,0,0
2025-04-21 14:00:00,162.465,162.566,162.348,162.518,7016,0,0
2025-04-21 15:00:00,162.517,162.545,162.383,162.498,7192,0,0
2025-04-21 16:00:00,162.498,162.508,162.077,162.122,8942,0,0
2025-04-21 17:00:00,162.121,162.156,161.778,162.005,9545,0,0
2025-04-21 18:00:00,162.005,162.061,161.84,162.036,7997,0,0
2025-04-21 19:00:00,162.036,162.181,161.961,162.094,6233,0,0
2025-04-21 20:00:00,162.094,162.102,161.906,161.939,5647,0,0
2025-04-21 21:00:00,161.939,162.094,161.897,161.978,5200,0,0
2025-04-21 22:00:00,161.978,162.214,161.959,162.171,5239,0,0
2025-04-21 23:00:00,162.171,162.257,162.103,162.159,2670,0,0
2025-04-22 00:00:00,162.167,162.19,162.026,162.04,603,101,0
2025-04-22 01:00:00,162.04,162.207,162.04,162.175,2056,0,0
2025-04-22 02:00:00,162.175,162.222,162.047,162.204,3909,0,0
2025-04-22 03:00:00,162.203,162.319,161.819,161.847,7806,0,0
2025-04-22 04:00:00,161.847,161.982,161.782,161.92,6588,0,0
2025-04-22 05:00:00,161.92,161.96,161.836,161.917,4304,0,0
2025-04-22 06:00:00,161.917,161.926,161.628,161.719,6525,0,0
2025-04-22 07:00:00,161.719,161.721,161.573,161.653,3846,0,0
2025-04-22 08:00:00,161.653,161.714,161.502,161.506,6393,0,0
2025-04-22 09:00:00,161.506,161.684,161.343,161.475,8745,0,0
2025-04-22 10:00:00,161.474,161.542,161.257,161.407,8250,0,0
2025-04-22 11:00:00,161.404,161.711,161.338,161.59,7958,0,0
2025-04-22 12:00:00,161.59,161.654,161.357,161.387,6422,0,0
2025-04-22 13:00:00,161.387,161.426,161.178,161.219,6555,0,0
2025-04-22 14:00:00,161.216,161.3,161.06,161.101,6192,0,0
2025-04-22 15:00:00,161.097,161.225,160.984,161.189,7494,0,0
2025-04-22 16:00:00,161.191,161.603,161.129,161.517,8616,0,0
2025-04-22 17:00:00,161.518,161.647,161.387,161.517,8660,0,0
2025-04-22 18:00:00,161.517,161.685,161.404,161.514,7381,0,0
2025-04-22 19:00:00,161.514,161.676,161.356,161.566,9382,0,0
2025-04-22 20:00:00,161.566,161.642,161.433,161.577,9270,0,0
2025-04-22 21:00:00,161.577,161.693,161.538,161.691,5482,0,0
2025-04-22 22:00:00,161.69,161.793,161.665,161.73,5534,0,0
2025-04-22 23:00:00,161.731,161.814,161.662,161.715,2757,0,0
2025-04-23 00:00:00,161.633,161.989,161.436,161.954,2730,3,0
2025-04-23 01:00:00,161.953,162.427,161.732,162.142,9398,0,0
2025-04-23 02:00:00,162.14,162.191,161.907,161.977,8657,0,0
2025-04-23 03:00:00,161.977,162.087,161.811,161.944,9795,0,0
2025-04-23 04:00:00,161.944,162.004,161.669,161.715,9447,0,0
2025-04-23 05:00:00,161.714,161.847,161.653,161.822,6920,0,0
2025-04-23 06:00:00,161.822,161.853,161.683,161.8,6346,0,0
2025-04-23 07:00:00,161.8,161.817,161.608,161.688,5041,0,0
2025-04-23 08:00:00,161.688,161.727,161.536,161.636,6237,0,0
2025-04-23 09:00:00,161.637,161.754,161.242,161.337,8843,0,0
2025-04-23 10:00:00,161.339,161.672,161.138,161.519,9157,0,0
2025-04-23 11:00:00,161.518,161.78,161.401,161.765,7825,0,0
2025-04-23 12:00:00,161.765,162.123,161.737,162.008,7029,0,0
2025-04-23 13:00:00,162.007,162.021,161.659,161.907,6424,0,0
2025-04-23 14:00:00,161.907,161.994,161.61,161.637,6664,0,0
2025-04-23 15:00:00,161.637,161.82,161.581,161.784,6148,0,0
2025-04-23 16:00:00,161.784,162.056,161.695,161.713,11061,0,0
2025-04-23 17:00:00,161.71,162.17,161.677,161.937,13061,0,0
2025-04-23 18:00:00,161.938,161.995,161.758,161.881,12537,0,0
2025-04-23 19:00:00,161.883,162.355,161.85,162.188,10399,0,0
2025-04-23 20:00:00,162.188,162.338,162.043,162.285,8375,0,0
2025-04-23 21:00:00,162.285,162.439,162.264,162.428,7386,0,0
2025-04-23 22:00:00,162.426,162.464,162.245,162.431,6985,0,0
2025-04-23 23:00:00,162.432,162.463,162.289,162.299,3591,0,0
2025-04-24 00:00:00,162.259,162.259,161.819,161.989,1137,75,0
2025-04-24 01:00:00,161.989,162.231,161.97,162.185,5157,0,0
2025-04-24 02:00:00,162.185,162.304,162.154,162.237,3638,0,0
2025-04-24 03:00:00,162.237,162.388,162.022,162.155,7324,0,0
2025-04-24 04:00:00,162.155,162.292,162.008,162.029,7773,0,0
2025-04-24 05:00:00,162.029,162.15,161.885,162.128,5468,0,0
2025-04-24 06:00:00,162.13,162.157,161.927,161.988,4322,0,0
2025-04-24 07:00:00,161.988,162.016,161.852,161.873,3501,0,0
2025-04-24 08:00:00,161.873,162.03,161.84,161.866,5108,0,0
2025-04-24 09:00:00,161.866,162.142,161.865,161.99,6473,0,0
2025-04-24 10:00:00,161.99,162.319,161.914,162.232,7433,0,0
2025-04-24 11:00:00,162.231,162.387,162.18,162.329,8339,0,0
2025-04-24 12:00:00,162.326,162.374,162.163,162.177,6179,0,0
2025-04-24 13:00:00,162.176,162.211,162.086,162.146,5400,0,0
2025-04-24 14:00:00,162.146,162.206,162.083,162.177,5795,0,0
2025-04-24 15:00:00,162.175,162.197,161.864,162.005,7761,0,0
2025-04-24 16:00:00,162.005,162.118,161.932,162.103,8346,0,0
2025-04-24 17:00:00,162.103,162.167,161.931,162.031,9256,0,0
2025-04-24 18:00:00,162.029,162.138,161.971,162.067,8178,0,0
2025-04-24 19:00:00,162.067,162.377,162.045,162.336,6724,0,0
2025-04-24 20:00:00,162.335,162.402,162.265,162.338,5287,0,0
2025-04-24 21:00:00,162.337,162.419,162.287,162.397,4108,0,0
2025-04-24 22:00:00,162.397,162.488,162.318,162.455,4592,0,0
2025-04-24 23:00:00,162.455,162.497,162.369,162.431,2856,0,0
2025-04-25 00:00:00,162.361,162.501,162.268,162.425,1134,26,0
2025-04-25 01:00:00,162.447,162.591,162.411,162.52,2429,0,0
2025-04-25 02:00:00,162.519,162.613,162.396,162.472,3302,0,0
2025-04-25 03:00:00,162.474,162.51,162.335,162.353,6350,0,0
2025-04-25 04:00:00,162.353,162.38,162.182,162.189,5696,0,0
2025-04-25 05:00:00,162.189,162.267,162.129,162.249,4574,0,0
2025-04-25 06:00:00,162.25,162.726,162.216,162.701,6804,0,0
2025-04-25 07:00:00,162.701,162.882,162.674,162.801,5903,0,0
2025-04-25 08:00:00,162.801,162.987,162.723,162.756,5735,0,0
2025-04-25 09:00:00,162.757,162.997,162.718,162.817,7002,0,0
2025-04-25 10:00:00,162.814,163.153,162.779,162.908,7468,0,0
2025-04-25 11:00:00,162.908,163.021,162.662,162.79,6334,0,0
2025-04-25 12:00:00,162.793,162.969,162.668,162.956,6238,0,0
2025-04-25 13:00:00,162.956,163.07,162.677,162.741,7703,0,0
2025-04-25 14:00:00,162.741,162.903,162.685,162.735,5400,0,0
2025-04-25 15:00:00,162.735,162.884,162.721,162.819,5171,0,0
2025-04-25 16:00:00,162.819,163.285,162.787,163.149,8942,0,0
2025-04-25 17:00:00,163.164,163.756,163.164,163.696,9620,0,0
2025-04-25 18:00:00,163.696,163.755,163.483,163.603,6414,0,0
2025-04-25 19:00:00,163.603,163.69,163.503,163.509,4644,0,0
2025-04-25 20:00:00,163.509,163.569,163.234,163.294,5393,0,0
2025-04-25 21:00:00,163.294,163.384,163.235,163.376,4608,0,0
2025-04-25 22:00:00,163.376,163.41,163.151,163.188,4504,0,0
2025-04-25 23:00:00,163.188,163.377,163.182,163.289,2384,0,0
2025-04-28 00:00:00,163.087,163.288,162.942,163.047,158,188,0
2025-04-28 01:00:00,163.047,163.348,163.047,163.19,3994,0,0
2025-04-28 02:00:00,163.19,163.244,163.12,163.203,4188,0,0
2025-04-28 03:00:00,163.203,163.211,163.017,163.063,7167,0,0
2025-04-28 04:00:00,163.063,163.144,162.891,163.136,6083,0,0
2025-04-28 05:00:00,163.136,163.259,163.104,163.15,4432,0,0
2025-04-28 06:00:00,163.15,163.161,163.026,163.066,3246,0,0
2025-04-28 07:00:00,163.066,163.183,162.944,162.998,3763,0,0
2025-04-28 08:00:00,162.998,163.305,162.981,163.22,4674,0,0
2025-04-28 09:00:00,163.22,163.333,162.982,162.998,6669,0,0
2025-04-28 10:00:00,162.996,163.27,162.989,163.006,7025,0,0
2025-04-28 11:00:00,163.004,163.077,162.831,162.854,6312,0,0
2025-04-28 12:00:00,162.842,162.901,162.75,162.823,6028,0,0
2025-04-28 13:00:00,162.823,162.944,162.767,162.845,5257,0,0
2025-04-28 14:00:00,162.845,162.849,162.693,162.756,4736,0,0
2025-04-28 15:00:00,162.756,162.848,162.699,162.717,6119,0,0
2025-04-28 16:00:00,162.717,162.791,162.553,162.617,7601,0,0
2025-04-28 17:00:00,162.617,162.77,162.508,162.554,9525,0,0
2025-04-28 18:00:00,162.553,162.602,162.376,162.491,7246,0,0
2025-04-28 19:00:00,162.491,162.567,162.331,162.436,6609,0,0
2025-04-28 20:00:00,162.436,162.446,162.262,162.314,6345,0,0
2025-04-28 21:00:00,162.314,162.421,162.209,162.227,4696,0,0
2025-04-28 22:00:00,162.226,162.339,162.208,162.272,4177,0,0
2025-04-28 23:00:00,162.272,162.321,162.191,162.198,2779,0,0
2025-04-29 00:00:00,162.204,162.244,162.032,162.222,691,48,0
2025-04-29 01:00:00,162.222,162.35,162.173,162.295,2258,0,0
2025-04-29 02:00:00,162.295,162.314,162.182,162.183,3691,0,0
2025-04-29 03:00:00,162.183,162.278,162.026,162.133,5609,0,0
2025-04-29 04:00:00,162.133,162.234,162.117,162.224,5439,0,0
2025-04-29 05:00:00,162.224,162.315,162.209,162.274,5227,0,0
2025-04-29 06:00:00,162.274,162.278,162.165,162.218,4939,0,0
2025-04-29 07:00:00,162.218,162.269,162.128,162.152,4105,0,0
2025-04-29 08:00:00,162.152,162.218,162.085,162.186,4908,0,0
2025-04-29 09:00:00,162.187,162.321,162.146,162.244,5707,0,0
2025-04-29 10:00:00,162.248,162.476,162.204,162.36,7691,0,0
2025-04-29 11:00:00,162.358,162.382,162.109,162.328,6330,0,0
2025-04-29 12:00:00,162.331,162.543,162.305,162.432,5692,0,0
2025-04-29 13:00:00,162.433,162.457,162.272,162.3,5344,0,0
2025-04-29 14:00:00,162.301,162.372,162.277,162.342,4855,0,0
2025-04-29 15:00:00,162.341,162.456,162.206,162.361,7560,0,0
2025-04-29 16:00:00,162.362,162.368,162.009,162.075,9393,0,0
2025-04-29 17:00:00,162.075,162.204,161.944,162.045,10090,0,0
2025-04-29 18:00:00,162.045,162.196,161.999,162.144,8091,0,0
2025-04-29 19:00:00,162.145,162.193,161.93,161.967,6855,0,0
2025-04-29 20:00:00,161.966,162.047,161.888,161.993,5265,0,0
2025-04-29 21:00:00,161.993,162.064,161.909,161.938,4588,0,0
2025-04-29 22:00:00,161.939,161.995,161.896,161.961,3922,0,0
2025-04-29 23:00:00,161.962,162.19,161.948,162.047,3038,0,0
2025-04-30 00:00:00,161.943,162.123,161.788,161.892,1187,0,0
2025-04-30 01:00:00,161.892,162.089,161.887,161.996,2600,0,0
2025-04-30 02:00:00,161.996,162.023,161.886,161.969,2969,0,0
2025-04-30 03:00:00,161.969,162.073,161.908,162.049,5791,0,0
2025-04-30 04:00:00,162.049,162.069,161.717,161.732,5304,0,0
2025-04-30 05:00:00,161.732,161.92,161.723,161.914,4059,0,0
2025-04-30 06:00:00,161.913,161.996,161.825,161.951,3430,0,0
2025-04-30 07:00:00,161.952,162.055,161.923,162.02,3120,0,0
2025-04-30 08:00:00,162.019,162.138,162.005,162.133,2866,0,0
2025-04-30 09:00:00,162.133,162.421,162.106,162.328,5572,0,0
2025-04-30 10:00:00,162.328,162.471,162.235,162.416,6228,0,0
2025-04-30 11:00:00,162.415,162.485,162.291,162.429,6064,0,0
2025-04-30 12:00:00,162.428,162.653,162.427,162.533,4962,0,0
2025-04-30 13:00:00,162.533,162.624,162.433,162.482,4571,0,0
2025-04-30 14:00:00,162.482,162.619,162.448,162.583,5537,0,0
2025-04-30 15:00:00,162.583,162.619,162.256,162.373,8944,0,0
2025-04-30 16:00:00,162.367,162.37,162.104,162.13,9247,0,0
2025-04-30 17:00:00,162.129,162.427,162.018,162.066,10519,0,0
2025-04-30 18:00:00,162.066,162.151,161.708,161.79,10309,0,0
2025-04-30 19:00:00,161.79,161.998,161.786,161.947,6878,0,0
2025-04-30 20:00:00,161.947,162.137,161.929,161.987,5136,0,0
2025-04-30 21:00:00,161.986,162.222,161.952,161.965,6472,0,0
2025-04-30 22:00:00,161.965,162.001,161.803,161.847,5109,0,0
2025-04-30 23:00:00,161.85,162.102,161.832,161.993,4715,0,0
2025-05-01 00:00:00,161.911,162.042,161.813,161.934,733,54,0
2025-05-01 01:00:00,161.934,162.117,161.934,161.996,3018,0,0
2025-05-01 02:00:00,161.996,162.024,161.888,161.956,2567,0,0
2025-05-01 03:00:00,161.953,162.018,161.825,161.926,4662,0,0
2025-05-01 04:00:00,161.926,161.979,161.809,161.958,3652,0,0
2025-05-01 05:00:00,161.956,161.957,161.876,161.927,2658,0,0
2025-05-01 06:00:00,161.931,162.601,161.83,162.565,4949,0,0
2025-05-01 07:00:00,162.565,162.736,162.565,162.644,3707,0,0
2025-05-01 08:00:00,162.644,162.879,162.621,162.793,5359,0,0
2025-05-01 09:00:00,162.793,163.443,162.784,163.439,6890,0,0
2025-05-01 10:00:00,163.439,163.471,163.122,163.3,6153,0,0
2025-05-01 11:00:00,163.299,163.49,163.261,163.273,4905,0,0
2025-05-01 12:00:00,163.274,163.454,163.195,163.39,4469,0,0
2025-05-01 13:00:00,163.39,163.565,163.358,163.514,4338,0,0
2025-05-01 14:00:00,163.513,163.628,163.452,163.572,5417,0,0
2025-05-01 15:00:00,163.574,163.865,163.405,163.762,7984,0,0
2025-05-01 16:00:00,163.762,163.842,163.625,163.625,8532,0,0
2025-05-01 17:00:00,163.626,164.068,163.609,164.0,10329,0,0
2025-05-01 18:00:00,164.0,164.15,163.856,164.108,7655,0,0
2025-05-01 19:00:00,164.108,164.206,164.022,164.179,6245,0,0
2025-05-01 20:00:00,164.18,164.282,164.089,164.219,4445,0,0
2025-05-01 21:00:00,164.219,164.446,164.212,164.429,5234,0,0
2025-05-01 22:00:00,164.43,164.457,164.295,164.313,4081,0,0
2025-05-01 23:00:00,164.313,164.338,164.133,164.165,3079,0,0
2025-05-02 00:00:00,164.133,164.183,163.951,163.986,426,17,0
2025-05-02 01:00:00,163.992,164.199,163.983,164.182,2234,0,0
2025-05-02 02:00:00,164.184,164.456,164.177,164.272,2567,0,0
2025-05-02 03:00:00,164.271,164.635,164.221,164.599,7201,0,0
2025-05-02 04:00:00,164.599,164.606,164.267,164.301,5471,0,0
2025-05-02 05:00:00,164.301,164.376,164.244,164.311,4095,0,0
2025-05-02 06:00:00,164.312,164.358,164.238,164.307,3682,0,0
2025-05-02 07:00:00,164.307,164.393,164.258,164.369,4940,0,0
2025-05-02 08:00:00,164.369,164.38,164.218,164.269,4565,0,0
2025-05-02 09:00:00,164.268,164.522,164.22,164.475,6811,0,0
2025-05-02 10:00:00,164.475,164.498,164.325,164.42,6670,0,0
2025-05-02 11:00:00,164.42,164.43,164.144,164.144,6094,0,0
2025-05-02 12:00:00,164.148,164.201,163.989,164.117,6709,0,0
2025-05-02 13:00:00,164.116,164.187,163.942,163.947,5469,0,0
2025-05-02 14:00:00,163.947,164.048,163.773,164.04,6329,0,0
2025-05-02 15:00:00,164.041,164.041,163.6,163.74,10453,0,0
2025-05-02 16:00:00,163.741,163.762,163.457,163.636,11546,0,0
2025-05-02 17:00:00,163.636,163.801,163.575,163.741,10026,0,0
2025-05-02 18:00:00,163.74,163.823,163.673,163.756,8240,0,0
2025-05-02 19:00:00,163.756,163.968,163.743,163.792,7613,0,0
2025-05-02 20:00:00,163.791,163.815,163.59,163.622,6241,0,0
2025-05-02 21:00:00,163.621,163.913,163.604,163.896,5544,0,0
2025-05-02 22:00:00,163.896,164.022,163.858,163.919,4447,0,0
2025-05-02 23:00:00,163.919,163.978,163.681,163.753,2080,0,0
2025-05-05 00:00:00,163.441,163.716,163.441,163.643,656,92,0
2025-05-05 01:00:00,163.646,163.897,163.571,163.676,3230,0,0
2025-05-05 02:00:00,163.677,163.81,163.661,163.772,2993,0,0
2025-05-05 03:00:00,163.772,163.861,163.706,163.781,4287,0,0
2025-05-05 04:00:00,163.779,163.779,163.411,163.5,5905,0,0
2025-05-05 05:00:00,163.5,163.557,163.433,163.53,4028,0,0
2025-05-05 06:00:00,163.53,163.565,163.449,163.526,3011,0,0
2025-05-05 07:00:00,163.525,163.536,163.39,163.44,3211,0,0
2025-05-05 08:00:00,163.44,163.476,163.367,163.418,3974,0,0
2025-05-05 09:00:00,163.418,163.52,163.411,163.471,5775,0,0
2025-05-05 10:00:00,163.468,163.499,163.294,163.327,5130,0,0
2025-05-05 11:00:00,163.327,163.343,163.073,163.166,6070,0,0
2025-05-05 12:00:00,163.166,163.24,163.125,163.17,5563,0,0
2025-05-05 13:00:00,163.17,163.327,163.104,163.324,5090,0,0
2025-05-05 14:00:00,163.325,163.367,163.157,163.175,5015,0,0
2025-05-05 15:00:00,163.175,163.306,163.141,163.18,6430,0,0
2025-05-05 16:00:00,163.18,163.238,163.061,163.087,6270,0,0
2025-05-05 17:00:00,163.086,163.295,162.999,163.039,8916,0,0
2025-05-05 18:00:00,163.031,163.08,162.774,162.912,6444,0,0
2025-05-05 19:00:00,162.912,163.061,162.837,162.958,4729,0,0
2025-05-05 20:00:00,162.958,162.982,162.814,162.839,3291,0,0
2025-05-05 21:00:00,162.84,162.936,162.82,162.83,3295,0,0
2025-05-05 22:00:00,162.83,162.863,162.671,162.682,3996,0,0
2025-05-05 23:00:00,162.682,162.7,162.566,162.585,2302,0,0
2025-05-06 00:00:00,162.579,162.671,162.488,162.606,2163,81,0
2025-05-06 01:00:00,162.609,162.7,162.543,162.642,1603,0,0
2025-05-06 02:00:00,162.642,162.663,162.432,162.564,1895,0,0
2025-05-06 03:00:00,162.563,162.601,162.382,162.524,4788,0,0
2025-05-06 04:00:00,162.524,162.787,162.501,162.684,5564,0,0
2025-05-06 05:00:00,162.684,162.713,162.526,162.619,4470,0,0
2025-05-06 06:00:00,162.621,162.717,162.569,162.697,3370,0,0
2025-05-06 07:00:00,162.697,162.763,162.642,162.747,2487,0,0
2025-05-06 08:00:00,162.746,162.769,162.707,162.75,2965,0,0
2025-05-06 09:00:00,162.75,162.952,162.714,162.75,5309,0,0
2025-05-06 10:00:00,162.749,162.83,162.427,162.522,7578,0,0
2025-05-06 11:00:00,162.525,162.531,162.06,162.135,7593,0,0
2025-05-06 12:00:00,162.135,162.158,162.013,162.098,5441,0,0
2025-05-06 13:00:00,162.098,162.143,162.003,162.03,4589,0,0
2025-05-06 14:00:00,162.03,162.103,161.706,161.732,5328,0,0
2025-05-06 15:00:00,161.732,161.87,161.601,161.619,6470,0,0
2025-05-06 16:00:00,161.619,161.905,161.598,161.745,7578,0,0
2025-05-06 17:00:00,161.745,162.139,161.687,162.02,8079,0,0
2025-05-06 18:00:00,162.017,162.116,161.927,161.96,5617,0,0
2025-05-06 19:00:00,161.96,162.1,161.834,161.984,6126,0,0
2025-05-06 20:00:00,161.983,162.091,161.948,161.959,4849,0,0
2025-05-06 21:00:00,161.959,162.029,161.898,161.985,4522,0,0
2025-05-06 22:00:00,161.985,162.081,161.912,161.946,4145,0,0
2025-05-06 23:00:00,161.945,162.082,161.864,161.89,2729,0,0
2025-05-07 00:00:00,161.832,161.993,161.815,161.939,1049,68,0
2025-05-07 01:00:00,161.943,162.493,161.927,162.475,6414,0,0
2025-05-07 02:00:00,162.475,162.476,162.198,162.268,4858,0,0
2025-05-07 03:00:00,162.268,162.352,162.095,162.125,7992,0,0
2025-05-07 04:00:00,162.125,162.226,162.006,162.179,7807,0,0
2025-05-07 05:00:00,162.179,162.384,162.179,162.319,5592,0,0
2025-05-07 06:00:00,162.319,162.394,162.284,162.368,3776,0,0
2025-05-07 07:00:00,162.368,162.583,162.324,162.535,3092,0,0
2025-05-07 08:00:00,162.535,162.609,162.501,162.591,3840,0,0
2025-05-07 09:00:00,162.592,162.63,162.451,162.494,5362,0,0
2025-05-07 10:00:00,162.494,162.807,162.464,162.683,6248,0,0
2025-05-07 11:00:00,162.685,163.017,162.678,162.786,5579,0,0
2025-05-07 12:00:00,162.786,162.841,162.7,162.763,5092,0,0
2025-05-07 13:00:00,162.76,162.842,162.646,162.811,3971,0,0
2025-05-07 14:00:00,162.812,162.983,162.758,162.855,3852,0,0
2025-05-07 15:00:00,162.855,162.97,162.759,162.841,5072,0,0
2025-05-07 16:00:00,162.841,162.88,162.62,162.785,7231,0,0
2025-05-07 17:00:00,162.785,162.902,162.7,162.899,6645,0,0
2025-05-07 18:00:00,162.899,162.9,162.636,162.807,6816,0,0
2025-05-07 19:00:00,162.807,162.858,162.737,162.761,4949,0,0
2025-05-07 20:00:00,162.761,162.766,162.536,162.536,4674,0,0
2025-05-07 21:00:00,162.536,162.864,162.382,162.662,10624,0,0
2025-05-07 22:00:00,162.662,162.764,162.558,162.608,10267,0,0
2025-05-07 23:00:00,162.608,162.654,162.48,162.515,3364,0,0
2025-05-08 00:00:00,162.483,162.636,162.468,162.617,787,49,0
2025-05-08 01:00:00,162.617,162.656,162.525,162.607,2667,0,0
2025-05-08 02:00:00,162.607,162.671,162.549,162.609,2208,0,0
2025-05-08 03:00:00,162.609,162.777,162.535,162.698,6001,0,0
2025-05-08 04:00:00,162.698,162.735,162.532,162.618,7420,0,0
2025-05-08 05:00:00,162.616,162.745,162.591,162.676,5198,0,0
2025-05-08 06:00:00,162.676,162.752,162.58,162.663,3888,0,0
2025-05-08 07:00:00,162.663,162.763,162.633,162.726,2971,0,0
2025-05-08 08:00:00,162.726,162.801,162.636,162.693,5069,0,0
2025-05-08 09:00:00,162.693,162.961,162.584,162.931,7348,0,0
2025-05-08 10:00:00,162.929,163.128,162.82,163.047,6967,0,0
2025-05-08 11:00:00,163.047,163.506,163.012,163.458,6748,0,0
2025-05-08 12:00:00,163.459,163.608,163.391,163.403,5431,0,0
2025-05-08 13:00:00,163.404,163.526,163.378,163.423,5337,0,0
2025-05-08 14:00:00,163.423,163.521,163.251,163.389,6423,0,0
2025-05-08 15:00:00,163.39,163.666,163.342,163.492,7941,0,0
2025-05-08 16:00:00,163.494,163.559,163.299,163.42,8447,0,0
2025-05-08 17:00:00,163.424,163.673,163.416,163.553,8703,0,0
2025-05-08 18:00:00,163.552,163.735,163.468,163.626,10827,0,0
2025-05-08 19:00:00,163.625,163.676,163.511,163.591,8016,0,0
2025-05-08 20:00:00,163.59,163.691,163.52,163.592,5676,0,0
2025-05-08 21:00:00,163.59,163.772,163.563,163.744,4271,0,0
2025-05-08 22:00:00,163.744,163.905,163.721,163.812,5741,0,0
2025-05-08 23:00:00,163.811,163.855,163.721,163.827,2656,0,0
2025-05-09 00:00:00,163.775,163.812,163.668,163.786,1552,64,0
2025-05-09 01:00:00,163.787,163.832,163.719,163.794,2401,0,0
2025-05-09 02:00:00,163.794,163.939,163.759,163.863,2728,0,0
2025-05-09 03:00:00,163.863,163.921,163.543,163.574,6750,0,0
2025-05-09 04:00:00,163.574,163.615,163.401,163.42,6083,0,0
2025-05-09 05:00:00,163.42,163.543,163.375,163.415,5199,0,0
2025-05-09 06:00:00,163.415,163.544,163.322,163.472,4799,0,0
2025-05-09 07:00:00,163.472,163.476,163.328,163.368,3547,0,0
2025-05-09 08:00:00,163.368,163.42,163.311,163.399,3765,0,0
2025-05-09 09:00:00,163.399,163.494,163.315,163.319,5279,0,0
2025-05-09 10:00:00,163.319,163.536,163.235,163.336,5982,0,0
2025-05-09 11:00:00,163.339,163.48,163.242,163.427,5516,0,0
2025-05-09 12:00:00,163.43,163.5,163.275,163.42,4509,0,0
2025-05-09 13:00:00,163.42,163.494,163.353,163.393,4036,0,0
2025-05-09 14:00:00,163.391,163.443,163.157,163.334,5748,0,0
2025-05-09 15:00:00,163.334,163.503,163.316,163.465,5073,0,0
2025-05-09 16:00:00,163.465,163.541,163.344,163.424,6561,0,0
2025-05-09 17:00:00,163.424,163.626,163.34,163.387,8209,0,0
2025-05-09 18:00:00,163.387,163.642,163.377,163.584,6858,0,0
2025-05-09 19:00:00,163.584,163.632,163.526,163.566,5128,0,0
2025-05-09 20:00:00,163.565,163.626,163.537,163.566,3961,0,0
2025-05-09 21:00:00,163.566,163.569,163.485,163.553,3481,0,0
2025-05-09 22:00:00,163.55,163.583,163.501,163.57,3325,0,0
2025-05-09 23:00:00,163.57,163.585,163.455,163.53,1308,0,0
2025-05-12 00:00:00,163.575,164.006,163.53,163.868,1207,55,0
2025-05-12 01:00:00,163.862,163.994,163.685,163.712,4166,0,0
2025-05-12 02:00:00,163.715,163.827,163.67,163.75,3549,0,0
2025-05-12 03:00:00,163.749,164.09,163.737,163.982,6393,0,0
2025-05-12 04:00:00,163.982,164.205,163.931,164.01,6703,0,0
2025-05-12 05:00:00,164.01,164.014,163.726,163.766,4838,0,0
2025-05-12 06:00:00,163.766,163.837,163.696,163.703,3704,0,0
2025-05-12 07:00:00,163.702,163.848,163.689,163.836,2827,0,0
2025-05-12 08:00:00,163.836,163.91,163.793,163.856,3461,0,0
2025-05-12 09:00:00,163.856,163.99,163.856,163.92,5782,0,0
2025-05-12 10:00:00,163.92,164.302,163.788,164.259,13868,0,0
2025-05-12 11:00:00,164.259,164.602,164.171,164.563,11180,0,0
2025-05-12 12:00:00,164.563,164.687,164.452,164.632,7597,0,0
2025-05-12 13:00:00,164.635,164.657,164.417,164.427,8088,0,0
2025-05-12 14:00:00,164.427,164.556,164.285,164.312,8390,0,0
2025-05-12 15:00:00,164.315,164.654,164.312,164.538,7540,0,0
2025-05-12 16:00:00,164.538,164.724,164.48,164.656,8805,0,0
2025-05-12 17:00:00,164.656,164.922,164.589,164.676,10024,0,0
2025-05-12 18:00:00,164.674,164.743,164.431,164.466,7754,0,0
2025-05-12 19:00:00,164.468,164.698,164.446,164.62,5690,0,0
2025-05-12 20:00:00,164.62,164.693,164.501,164.522,4987,0,0
2025-05-12 21:00:00,164.522,164.545,164.42,164.499,4583,0,0
2025-05-12 22:00:00,164.498,164.591,164.436,164.59,4017,0,0
2025-05-12 23:00:00,164.59,164.691,164.563,164.588,2021,0,0
2025-05-13 00:00:00,164.553,164.62,164.398,164.513,1227,48,0
2025-05-13 01:00:00,164.513,164.644,164.493,164.592,1861,0,0
2025-05-13 02:00:00,164.592,164.664,164.488,164.506,2784,0,0
2025-05-13 03:00:00,164.506,164.506,164.134,164.141,6024,0,0
2025-05-13 04:00:00,164.141,164.334,164.139,164.198,6049,0,0
2025-05-13 05:00:00,164.197,164.303,164.179,164.276,3841,0,0
2025-05-13 06:00:00,164.276,164.305,164.195,164.25,3213,0,0
2025-05-13 07:00:00,164.25,164.342,164.19,164.198,3145,0,0
2025-05-13 08:00:00,164.198,164.32,164.141,164.234,3664,0,0
2025-05-13 09:00:00,164.234,164.438,164.226,164.382,5758,0,0
2025-05-13 10:00:00,164.381,164.491,164.265,164.353,7132,0,0
2025-05-13 11:00:00,164.35,164.42,164.181,164.357,6224,0,0
2025-05-13 12:00:00,164.365,164.419,164.296,164.361,5040,0,0
2025-05-13 13:00:00,164.363,164.457,164.302,164.416,4487,0,0
2025-05-13 14:00:00,164.416,164.546,164.394,164.514,4068,0,0
2025-05-13 15:00:00,164.514,164.756,164.473,164.725,7699,0,0
2025-05-13 16:00:00,164.725,164.803,164.608,164.676,8980,0,0
2025-05-13 17:00:00,164.676,165.068,164.647,165.01,8438,0,0
2025-05-13 18:00:00,165.01,165.214,164.935,165.121,7367,0,0
2025-05-13 19:00:00,165.123,165.128,164.879,164.967,5421,0,0
2025-05-13 20:00:00,164.967,165.046,164.941,164.985,3837,0,0
2025-05-13 21:00:00,164.985,165.049,164.918,164.982,3995,0,0
2025-05-13 22:00:00,164.982,165.035,164.925,164.969,3733,0,0
2025-05-13 23:00:00,164.968,165.058,164.912,164.951,1973,0,0
2025-05-14 00:00:00,164.949,164.963,164.84,164.931,1015,24,0
2025-05-14 01:00:00,164.931,165.013,164.853,164.994,1829,0,0
2025-05-14 02:00:00,164.988,165.043,164.923,165.017,2327,0,0
2025-05-14 03:00:00,165.018,165.164,164.87,164.936,5281,0,0
2025-05-14 04:00:00,164.935,164.951,164.599,164.699,5855,0,0
2025-05-14 05:00:00,164.703,164.746,164.583,164.695,4248,0,0
2025-05-14 06:00:00,164.694,164.716,164.525,164.67,3608,0,0
2025-05-14 07:00:00,164.67,164.717,164.398,164.417,3611,0,0
2025-05-14 08:00:00,164.416,164.519,164.308,164.512,3734,0,0
2025-05-14 09:00:00,164.517,164.691,164.497,164.646,5344,0,0
2025-05-14 10:00:00,164.646,164.832,164.556,164.832,6375,0,0
2025-05-14 11:00:00,164.833,164.837,164.35,164.368,9278,0,0
2025-05-14 12:00:00,164.369,164.398,163.975,164.151,8586,0,0
2025-05-14 13:00:00,164.151,164.151,163.833,163.888,5870,0,0
2025-05-14 14:00:00,163.888,164.003,163.847,163.971,5532,0,0
2025-05-14 15:00:00,163.972,164.168,163.952,164.11,6572,0,0
2025-05-14 16:00:00,164.11,164.149,163.741,163.81,8167,0,0
2025-05-14 17:00:00,163.81,164.095,163.734,164.048,8936,0,0
2025-05-14 18:00:00,164.045,164.237,163.983,164.214,7589,0,0
2025-05-14 19:00:00,164.214,164.425,164.117,164.142,6569,0,0
2025-05-14 20:00:00,164.142,164.144,163.924,164.011,5151,0,0
2025-05-14 21:00:00,164.011,164.102,163.954,164.012,4463,0,0
2025-05-14 22:00:00,164.012,164.05,163.955,163.964,4404,0,0
2025-05-14 23:00:00,163.963,164.02,163.928,163.941,2135,0,0
2025-05-15 00:00:00,163.963,164.065,163.817,163.85,926,16,0
2025-05-15 01:00:00,163.85,163.993,163.85,163.961,1503,0,0
2025-05-15 02:00:00,163.961,163.999,163.82,163.96,2644,0,0
2025-05-15 03:00:00,163.96,164.068,163.608,163.635,5368,0,0
2025-05-15 04:00:00,163.637,163.787,163.56,163.746,5474,0,0
2025-05-15 05:00:00,163.742,163.836,163.669,163.7,4046,0,0
2025-05-15 06:00:00,163.7,163.74,163.459,163.578,3561,0,0
2025-05-15 07:00:00,163.578,163.617,163.459,163.521,3092,0,0
2025-05-15 08:00:00,163.521,163.542,163.333,163.403,4304,0,0
2025-05-15 09:00:00,163.404,163.511,163.258,163.399,6257,0,0
2025-05-15 10:00:00,163.396,163.515,163.305,163.352,6838,0,0
2025-05-15 11:00:00,163.352,163.461,163.278,163.396,5471,0,0
2025-05-15 12:00:00,163.396,163.541,163.347,163.484,4484,0,0
2025-05-15 13:00:00,163.484,163.575,163.402,163.495,4329,0,0
2025-05-15 14:00:00,163.495,163.503,163.268,163.365,5047,0,0
2025-05-15 15:00:00,163.365,163.58,163.213,163.444,7280,0,0
2025-05-15 16:00:00,163.442,163.469,163.247,163.31,9129,0,0
2025-05-15 17:00:00,163.309,163.359,163.015,163.167,8768,0,0
2025-05-15 18:00:00,163.167,163.201,162.913,162.922,6706,0,0
2025-05-15 19:00:00,162.922,162.95,162.747,162.81,5050,0,0
2025-05-15 20:00:00,162.818,162.893,162.774,162.824,4128,0,0
2025-05-15 21:00:00,162.825,162.851,162.774,162.832,3687,0,0
2025-05-15 22:00:00,162.832,162.869,162.757,162.858,3542,0,0
2025-05-15 23:00:00,162.856,162.953,162.84,162.93,1910,0,0
2025-05-16 00:00:00,162.938,162.946,162.794,162.89,1016,42,0
2025-05-16 01:00:00,162.89,162.956,162.79,162.806,2103,0,0
2025-05-16 02:00:00,162.806,163.022,162.774,162.929,2392,0,0
2025-05-16 03:00:00,162.929,162.96,162.476,162.572,6221,0,0
2025-05-16 04:00:00,162.573,162.707,162.46,162.653,5132,0,0
2025-05-16 05:00:00,162.653,162.91,162.607,162.893,3751,0,0
2025-05-16 06:00:00,162.893,162.924,162.684,162.704,3006,0,0
2025-05-16 07:00:00,162.703,162.802,162.637,162.79,2853,0,0
2025-05-16 08:00:00,162.788,162.913,162.76,162.877,3105,0,0
2025-05-16 09:00:00,162.877,162.976,162.643,162.646,4719,0,0
2025-05-16 10:00:00,162.645,162.798,162.532,162.788,5878,0,0
2025-05-16 11:00:00,162.789,162.888,162.723,162.727,5082,0,0
2025-05-16 12:00:00,162.727,163.027,162.69,162.95,4627,0,0
2025-05-16 13:00:00,162.947,163.002,162.812,162.992,4254,0,0
2025-05-16 14:00:00,162.998,163.108,162.956,163.041,4075,0,0
2025-05-16 15:00:00,163.042,163.095,162.911,162.934,4705,0,0
2025-05-16 16:00:00,162.934,163.017,162.836,162.973,5417,0,0
2025-05-16 17:00:00,162.97,163.106,162.795,162.811,8408,0,0
2025-05-16 18:00:00,162.811,162.878,162.668,162.677,5339,0,0
2025-05-16 19:00:00,162.676,162.698,162.544,162.65,4021,0,0
2025-05-16 20:00:00,162.65,162.699,162.6,162.625,2845,0,0
2025-05-16 21:00:00,162.624,162.73,162.599,162.715,2553,0,0
2025-05-16 22:00:00,162.711,162.765,162.679,162.734,2827,0,0
2025-05-16 23:00:00,162.734,162.734,162.521,162.572,2537,0,0
2025-05-19 00:00:00,162.17,162.517,162.17,162.509,794,21,0
2025-05-19 01:00:00,162.508,162.523,162.257,162.44,3499,0,0
2025-05-19 02:00:00,162.44,162.657,162.424,162.503,2892,0,0
2025-05-19 03:00:00,162.504,162.568,162.2,162.258,6733,0,0
2025-05-19 04:00:00,162.259,162.356,162.146,162.209,6077,0,0
2025-05-19 05:00:00,162.208,162.405,162.197,162.396,5085,0,0
2025-05-19 06:00:00,162.396,162.437,162.312,162.396,3502,0,0
2025-05-19 07:00:00,162.399,162.537,162.386,162.516,3136,0,0
2025-05-19 08:00:00,162.517,162.521,162.364,162.374,3107,0,0
2025-05-19 09:00:00,162.374,162.601,162.34,162.526,5134,0,0
2025-05-19 10:00:00,162.527,162.806,162.469,162.791,7595,0,0
2025-05-19 11:00:00,162.791,163.102,162.79,163.095,6166,0,0
2025-05-19 12:00:00,163.094,163.383,163.053,163.36,6227,0,0
2025-05-19 13:00:00,163.36,163.381,163.186,163.313,5301,0,0
2025-05-19 14:00:00,163.313,163.387,163.253,163.346,5246,0,0
2025-05-19 15:00:00,163.346,163.362,163.205,163.246,5389,0,0
2025-05-19 16:00:00,163.248,163.304,163.114,163.132,7435,0,0
2025-05-19 17:00:00,163.134,163.288,163.021,163.066,7492,0,0
2025-05-19 18:00:00,163.066,163.091,162.901,162.917,6050,0,0
2025-05-19 19:00:00,162.917,163.014,162.89,162.897,4389,0,0
2025-05-19 20:00:00,162.897,162.914,162.841,162.884,3721,0,0
2025-05-19 21:00:00,162.884,162.891,162.831,162.88,3496,0,0
2025-05-19 22:00:00,162.88,162.881,162.772,162.81,2702,0,0
2025-05-19 23:00:00,162.811,162.9,162.768,162.81,2333,0,0
2025-05-20 00:00:00,162.76,162.885,162.725,162.839,732,56,0
2025-05-20 01:00:00,162.838,162.935,162.811,162.853,1803,0,0
2025-05-20 02:00:00,162.853,162.87,162.741,162.843,1933,0,0
2025-05-20 03:00:00,162.843,163.284,162.84,163.109,5235,0,0
2025-05-20 04:00:00,163.109,163.114,162.78,162.841,5869,0,0
2025-05-20 05:00:00,162.842,163.134,162.784,162.996,3328,0,0
2025-05-20 06:00:00,162.996,163.033,162.82,162.843,3857,0,0
2025-05-20 07:00:00,162.84,162.861,162.737,162.753,3552,0,0
2025-05-20 08:00:00,162.754,162.791,162.416,162.493,5623,0,0
2025-05-20 09:00:00,162.492,162.686,162.451,162.67,6014,0,0
2025-05-20 10:00:00,162.671,162.725,162.46,162.52,7126,0,0
2025-05-20 11:00:00,162.52,162.667,162.427,162.666,5992,0,0
2025-05-20 12:00:00,162.671,162.767,162.599,162.62,4672,0,0
2025-05-20 13:00:00,162.619,162.664,162.528,162.593,3915,0,0
2025-05-20 14:00:00,162.593,162.709,162.507,162.608,4365,0,0
2025-05-20 15:00:00,162.609,162.705,162.46,162.688,5401,0,0
2025-05-20 16:00:00,162.688,162.987,162.667,162.9,7209,0,0
2025-05-20 17:00:00,162.901,162.969,162.799,162.902,8110,0,0
2025-05-20 18:00:00,162.902,162.941,162.792,162.855,5436,0,0
2025-05-20 19:00:00,162.856,163.014,162.804,163.01,4139,0,0
2025-05-20 20:00:00,163.01,163.155,163.002,163.069,3739,0,0
2025-05-20 21:00:00,163.069,163.118,162.923,162.943,4223,0,0
2025-05-20 22:00:00,162.945,163.067,162.907,163.053,3315,0,0
2025-05-20 23:00:00,163.053,163.08,162.995,163.051,1803,0,0
2025-05-21 00:00:00,163.034,163.077,162.901,162.965,682,3,0
2025-05-21 01:00:00,162.965,163.023,162.7,162.928,2760,0,0
2025-05-21 02:00:00,162.928,162.986,162.865,162.91,2245,0,0
2025-05-21 03:00:00,162.91,162.992,162.767,162.849,5741,0,0
2025-05-21 04:00:00,162.85,162.995,162.77,162.936,5473,0,0
2025-05-21 05:00:00,162.936,163.091,162.872,162.887,5077,0,0
2025-05-21 06:00:00,162.887,163.008,162.868,162.974,3883,0,0
2025-05-21 07:00:00,162.973,162.998,162.801,162.846,2948,0,0
2025-05-21 08:00:00,162.85,162.891,162.663,162.693,3845,0,0
2025-05-21 09:00:00,162.695,162.967,162.695,162.862,7137,0,0
2025-05-21 10:00:00,162.859,163.057,162.753,162.953,6794,0,0
2025-05-21 11:00:00,162.952,163.217,162.942,163.179,5601,0,0
2025-05-21 12:00:00,163.179,163.25,163.095,163.202,4748,0,0
2025-05-21 13:00:00,163.202,163.307,162.899,162.899,6568,0,0
2025-05-21 14:00:00,162.899,162.972,162.757,162.778,5834,0,0
2025-05-21 15:00:00,162.783,162.879,162.699,162.865,6706,0,0
2025-05-21 16:00:00,162.867,162.97,162.782,162.928,7341,0,0
2025-05-21 17:00:00,162.933,163.108,162.885,162.936,8239,0,0
2025-05-21 18:00:00,162.934,163.034,162.837,162.977,6613,0,0
2025-05-21 19:00:00,162.977,163.065,162.904,162.909,4307,0,0
2025-05-21 20:00:00,162.909,163.012,162.721,162.833,9518,0,0
2025-05-21 21:00:00,162.833,162.834,162.747,162.788,6492,0,0
2025-05-21 22:00:00,162.788,162.844,162.626,162.639,6145,0,0
2025-05-21 23:00:00,162.639,162.799,162.634,162.781,2373,0,0
2025-05-22 00:00:00,162.665,162.785,162.591,162.727,1081,66,0
2025-05-22 01:00:00,162.727,163.417,162.725,163.056,3746,0,0
2025-05-22 02:00:00,163.056,163.058,162.793,162.835,3159,0,0
2025-05-22 03:00:00,162.833,162.878,162.375,162.512,7257,0,0
2025-05-22 04:00:00,162.513,162.57,162.374,162.529,6125,0,0
2025-05-22 05:00:00,162.537,162.571,162.328,162.36,4651,0,0
2025-05-22 06:00:00,162.361,162.448,162.315,162.421,3750,0,0
2025-05-22 07:00:00,162.421,162.424,162.34,162.402,3117,0,0
2025-05-22 08:00:00,162.403,162.514,162.301,162.493,3506,0,0
2025-05-22 09:00:00,162.486,162.486,162.227,162.29,5999,0,0
2025-05-22 10:00:00,162.291,162.339,161.804,161.955,7839,0,0
2025-05-22 11:00:00,161.955,162.156,161.83,161.933,7659,0,0
2025-05-22 12:00:00,161.933,162.122,161.899,162.05,6088,0,0
2025-05-22 13:00:00,162.05,162.292,161.953,162.215,4830,0,0
2025-05-22 14:00:00,162.215,162.439,162.105,162.124,6489,0,0
2025-05-22 15:00:00,162.124,162.216,162.037,162.146,7766,0,0
2025-05-22 16:00:00,162.146,162.437,162.146,162.348,9268,0,0
2025-05-22 17:00:00,162.348,162.502,162.061,162.122,9925,0,0
2025-05-22 18:00:00,162.121,162.364,162.121,162.326,8115,0,0
2025-05-22 19:00:00,162.323,162.541,162.3,162.306,6085,0,0
2025-05-22 20:00:00,162.309,162.544,162.294,162.502,6059,0,0
2025-05-22 21:00:00,162.508,162.608,162.506,162.574,4183,0,0
2025-05-22 22:00:00,162.575,162.604,162.381,162.413,4498,0,0
2025-05-22 23:00:00,162.413,162.465,162.361,162.432,2197,0,0
2025-05-23 00:00:00,162.405,162.538,162.372,162.444,815,64,0
2025-05-23 01:00:00,162.464,162.504,162.285,162.317,2374,0,0
2025-05-23 02:00:00,162.317,162.41,162.231,162.305,2029,0,0
2025-05-23 03:00:00,162.304,162.575,162.276,162.524,5892,0,0
2025-05-23 04:00:00,162.524,162.634,162.461,162.471,4914,0,0
2025-05-23 05:00:00,162.471,162.507,162.398,162.428,3241,0,0
2025-05-23 06:00:00,162.428,162.438,162.238,162.251,2991,0,0
2025-05-23 07:00:00,162.251,162.382,162.203,162.376,2812,0,0
2025-05-23 08:00:00,162.376,162.446,162.313,162.4,3281,0,0
2025-05-23 09:00:00,162.401,162.475,162.239,162.255,5368,0,0
2025-05-23 10:00:00,162.255,162.514,162.241,162.507,5975,0,0
2025-05-23 11:00:00,162.507,162.607,162.487,162.545,4693,0,0
2025-05-23 12:00:00,162.545,162.668,162.425,162.644,4949,0,0
2025-05-23 13:00:00,162.644,162.751,162.633,162.709,4649,0,0
2025-05-23 14:00:00,162.709,162.745,161.104,161.474,9936,0,0
2025-05-23 15:00:00,161.477,161.776,161.083,161.627,12289,0,0
2025-05-23 16:00:00,161.627,161.882,161.55,161.582,11204,0,0
2025-05-23 17:00:00,161.582,161.905,161.548,161.854,10229,0,0
2025-05-23 18:00:00,161.853,161.978,161.77,161.858,8172,0,0
2025-05-23 19:00:00,161.861,162.062,161.847,162.02,6103,0,0
2025-05-23 20:00:00,162.02,162.05,161.941,162.001,4969,0,0
2025-05-23 21:00:00,162.0,162.029,161.856,161.896,5139,0,0
2025-05-23 22:00:00,161.898,161.962,161.865,161.93,4833,0,0
2025-05-23 23:00:00,161.93,162.039,161.906,162.002,2125,0,0
2025-05-26 00:00:00,161.712,162.028,161.7,161.957,984,0,0
2025-05-26 01:00:00,161.957,162.634,161.957,162.41,4838,0,0
2025-05-26 02:00:00,162.406,162.541,162.397,162.465,3210,0,0
2025-05-26 03:00:00,162.464,162.604,162.436,162.481,6406,0,0
2025-05-26 04:00:00,162.48,162.612,162.398,162.481,5967,0,0
2025-05-26 05:00:00,162.481,162.481,162.376,162.409,4609,0,0
2025-05-26 06:00:00,162.409,162.623,162.399,162.564,3579,0,0
2025-05-26 07:00:00,162.564,162.729,162.557,162.662,3017,0,0
2025-05-26 08:00:00,162.661,162.819,162.649,162.715,3642,0,0
2025-05-26 09:00:00,162.715,162.982,162.691,162.868,5258,0,0
2025-05-26 10:00:00,162.87,162.877,162.685,162.751,5873,0,0
2025-05-26 11:00:00,162.751,162.794,162.619,162.681,4081,0,0
2025-05-26 12:00:00,162.681,162.753,162.539,162.577,3424,0,0
2025-05-26 13:00:00,162.577,162.684,162.536,162.636,2979,0,0
2025-05-26 14:00:00,162.636,162.663,162.599,162.613,2821,0,0
2025-05-26 15:00:00,162.614,162.643,162.542,162.639,3006,0,0
2025-05-26 16:00:00,162.639,162.643,162.549,162.571,3314,0,0
2025-05-26 17:00:00,162.57,162.584,162.487,162.549,3460,0,0
2025-05-26 18:00:00,162.547,162.58,162.488,162.579,2207,0,0
2025-05-26 19:00:00,162.579,162.595,162.444,162.468,1451,0,0
2025-05-26 20:00:00,162.468,162.495,162.44,162.48,827,0,0
2025-05-26 21:00:00,162.475,162.508,162.474,162.482,488,0,0
2025-05-26 22:00:00,162.481,162.556,162.463,162.554,540,0,0
2025-05-26 23:00:00,162.55,162.66,162.533,162.642,869,0,0
2025-05-27 00:00:00,162.535,162.753,162.458,162.477,687,49,0
2025-05-27 01:00:00,162.477,162.605,162.476,162.524,2050,0,0
2025-05-27 02:00:00,162.524,162.56,162.418,162.435,2115,0,0
2025-05-27 03:00:00,162.435,162.435,162.182,162.2,5507,0,0
2025-05-27 04:00:00,162.2,162.256,162.09,162.138,4779,0,0
2025-05-27 05:00:00,162.136,162.258,162.094,162.217,3380,0,0
2025-05-27 06:00:00,162.217,162.344,162.217,162.297,2886,0,0
2025-05-27 07:00:00,162.297,162.554,162.281,162.549,3410,0,0
2025-05-27 08:00:00,162.549,163.066,162.549,163.017,6060,0,0
2025-05-27 09:00:00,163.015,163.129,162.879,163.052,6653,0,0
2025-05-27 10:00:00,163.052,163.165,162.863,163.018,7784,0,0
2025-05-27 11:00:00,163.018,163.294,162.988,163.277,6262,0,0
2025-05-27 12:00:00,163.274,163.439,163.235,163.323,5508,0,0
2025-05-27 13:00:00,163.322,163.577,163.299,163.515,5342,0,0
2025-05-27 14:00:00,163.513,163.617,163.368,163.569,4826,0,0
2025-05-27 15:00:00,163.568,163.811,163.562,163.709,5640,0,0
2025-05-27 16:00:00,163.709,163.762,163.623,163.75,8269,0,0
2025-05-27 17:00:00,163.747,163.944,163.746,163.759,8362,0,0
2025-05-27 18:00:00,163.76,163.763,163.501,163.521,6417,0,0
2025-05-27 19:00:00,163.52,163.627,163.514,163.603,4167,0,0
2025-05-27 20:00:00,163.603,163.603,163.532,163.554,3628,0,0
2025-05-27 21:00:00,163.554,163.593,163.483,163.552,3297,0,0
2025-05-27 22:00:00,163.552,163.564,163.506,163.533,2751,0,0
2025-05-27 23:00:00,163.533,163.595,163.493,163.504,2202,0,0
2025-05-28 00:00:00,163.36,163.522,163.291,163.431,1064,86,0
2025-05-28 01:00:00,163.43,163.508,163.416,163.46,1568,0,0
2025-05-28 02:00:00,163.458,163.53,163.407,163.408,1802,0,0
2025-05-28 03:00:00,163.407,163.413,163.194,163.358,4877,0,0
2025-05-28 04:00:00,163.358,163.84,163.277,163.36,6492,0,0
2025-05-28 05:00:00,163.36,163.487,163.243,163.479,5450,0,0
2025-05-28 06:00:00,163.472,163.602,163.198,163.238,4738,0,0
2025-05-28 07:00:00,163.235,163.35,163.179,163.29,3798,0,0
2025-05-28 08:00:00,163.292,163.525,163.186,163.248,4429,0,0
2025-05-28 09:00:00,163.249,163.41,163.145,163.379,5483,0,0
2025-05-28 10:00:00,163.379,163.434,163.17,163.273,5472,0,0
2025-05-28 11:00:00,163.272,163.33,163.073,163.232,5140,0,0
2025-05-28 12:00:00,163.233,163.528,163.202,163.462,4689,0,0
2025-05-28 13:00:00,163.462,163.473,163.342,163.405,4383,0,0
2025-05-28 14:00:00,163.405,163.499,163.318,163.458,4533,0,0
2025-05-28 15:00:00,163.464,163.546,163.346,163.463,4906,0,0
2025-05-28 16:00:00,163.465,163.909,163.454,163.856,7763,0,0
2025-05-28 17:00:00,163.856,163.892,163.612,163.714,8326,0,0
2025-05-28 18:00:00,163.713,163.852,163.63,163.686,6657,0,0
2025-05-28 19:00:00,163.685,163.792,163.666,163.671,3693,0,0
2025-05-28 20:00:00,163.665,163.715,163.601,163.601,3469,0,0
2025-05-28 21:00:00,163.598,163.664,163.493,163.574,4118,0,0
2025-05-28 22:00:00,163.573,163.645,163.553,163.591,4309,0,0
2025-05-28 23:00:00,163.593,163.618,163.527,163.55,3239,0,0
2025-05-29 00:00:00,163.384,163.533,163.349,163.491,695,86,0
2025-05-29 01:00:00,163.491,163.65,163.491,163.622,2386,0,0
2025-05-29 02:00:00,163.621,163.998,163.617,163.643,8292,0,0
2025-05-29 03:00:00,163.643,164.167,163.643,164.138,9883,0,0
2025-05-29 04:00:00,164.137,164.224,163.919,164.03,7348,0,0
2025-05-29 05:00:00,164.03,164.048,163.849,163.958,4873,0,0
2025-05-29 06:00:00,163.958,164.016,163.873,163.94,4028,0,0
2025-05-29 07:00:00,163.941,164.012,163.899,163.936,3039,0,0
2025-05-29 08:00:00,163.937,164.13,163.889,164.088,3771,0,0
2025-05-29 09:00:00,164.088,164.26,163.984,164.088,6546,0,0
2025-05-29 10:00:00,164.088,164.126,163.717,163.786,6267,0,0
2025-05-29 11:00:00,163.789,163.829,163.617,163.746,5604,0,0
2025-05-29 12:00:00,163.746,163.796,163.623,163.78,4497,0,0
2025-05-29 13:00:00,163.78,163.814,163.585,163.67,4600,0,0
2025-05-29 14:00:00,163.67,163.675,163.43,163.523,4862,0,0
2025-05-29 15:00:00,163.523,163.933,163.345,163.92,8706,0,0
2025-05-29 16:00:00,163.92,164.027,163.757,163.875,8604,0,0
2025-05-29 17:00:00,163.876,163.977,163.778,163.897,8119,0,0
2025-05-29 18:00:00,163.897,163.952,163.761,163.839,6946,0,0
2025-05-29 19:00:00,163.833,163.965,163.791,163.916,5678,0,0
2025-05-29 20:00:00,163.915,163.954,163.865,163.887,4437,0,0
2025-05-29 21:00:00,163.886,163.936,163.791,163.804,4242,0,0
2025-05-29 22:00:00,163.804,163.89,163.791,163.838,4559,0,0
2025-05-29 23:00:00,163.835,163.917,163.781,163.868,2385,0,0
2025-05-30 00:00:00,164.017,164.028,163.795,163.821,1095,86,0
2025-05-30 01:00:00,163.822,163.879,163.655,163.761,2606,0,0
2025-05-30 02:00:00,163.761,163.855,163.541,163.548,2949,0,0
2025-05-30 03:00:00,163.548,163.705,163.381,163.506,6286,0,0
2025-05-30 04:00:00,163.506,163.537,163.301,163.401,6688,0,0
2025-05-30 05:00:00,163.403,163.485,163.27,163.351,4667,0,0
2025-05-30 06:00:00,163.351,163.422,163.246,163.275,3794,0,0
2025-05-30 07:00:00,163.274,163.279,163.114,163.129,3952,0,0
2025-05-30 08:00:00,163.129,163.339,163.129,163.256,3554,0,0
2025-05-30 09:00:00,163.256,163.399,163.158,163.227,5891,0,0
2025-05-30 10:00:00,163.225,163.381,163.139,163.3,6877,0,0
2025-05-30 11:00:00,163.3,163.404,163.107,163.126,6171,0,0
2025-05-30 12:00:00,163.126,163.317,163.109,163.141,5102,0,0
2025-05-30 13:00:00,163.14,163.155,162.976,163.039,4454,0,0
2025-05-30 14:00:00,163.039,163.227,163.014,163.093,4343,0,0
2025-05-30 15:00:00,163.093,163.118,162.806,163.073,9019,0,0
2025-05-30 16:00:00,163.073,163.163,162.935,162.972,8030,0,0
2025-05-30 17:00:00,162.969,163.841,162.956,163.769,9288,0,0
2025-05-30 18:00:00,163.771,163.804,163.576,163.598,8200,0,0
2025-05-30 19:00:00,163.598,163.613,163.271,163.333,7134,0,0
2025-05-30 20:00:00,163.331,163.506,163.321,163.402,5440,0,0
2025-05-30 21:00:00,163.402,163.528,163.395,163.437,5539,0,0
2025-05-30 22:00:00,163.437,163.508,163.367,163.395,5135,0,0
2025-05-30 23:00:00,163.393,163.486,163.37,163.461,2369,0,0
2025-06-02 00:00:00,163.097,163.3,163.085,163.175,1642,86,0
2025-06-02 01:00:00,163.186,163.436,163.151,163.339,2884,2,0
2025-06-02 02:00:00,163.339,163.374,163.237,163.253,2704,0,0
2025-06-02 03:00:00,163.252,163.376,163.182,163.182,5682,0,0
2025-06-02 04:00:00,163.182,163.279,163.096,163.123,5780,0,0
2025-06-02 05:00:00,163.124,163.243,163.088,163.112,4097,0,0
2025-06-02 06:00:00,163.11,163.145,163.057,163.074,3410,0,0
2025-06-02 07:00:00,163.074,163.17,163.074,163.14,3180,0,0
2025-06-02 08:00:00,163.14,163.187,163.073,163.127,3762,0,0
2025-06-02 09:00:00,163.126,163.322,163.081,163.294,5757,0,0
2025-06-02 10:00:00,163.295,163.388,163.232,163.246,7107,0,0
2025-06-02 11:00:00,163.246,163.31,163.077,163.229,6855,0,0
2025-06-02 12:00:00,163.229,163.34,163.175,163.282,6518,0,0
2025-06-02 13:00:00,163.281,163.289,162.999,163.02,5057,0,0
2025-06-02 14:00:00,163.02,163.064,162.839,162.951,5104,0,0
2025-06-02 15:00:00,162.951,163.17,162.951,163.092,5697,0,0
2025-06-02 16:00:00,163.092,163.247,163.066,163.173,7424,0,0
2025-06-02 17:00:00,163.157,163.302,163.023,163.142,9857,0,0
2025-06-02 18:00:00,163.143,163.282,163.099,163.203,7600,0,0
2025-06-02 19:00:00,163.203,163.264,163.142,163.212,4870,0,0
2025-06-02 20:00:00,163.212,163.319,163.209,163.296,3924,0,0
2025-06-02 21:00:00,163.295,163.415,163.259,163.4,4455,0,0
2025-06-02 22:00:00,163.4,163.4,163.254,163.331,3768,0,0
2025-06-02 23:00:00,163.33,163.357,163.224,163.267,2214,0,0
2025-06-03 00:00:00,163.066,163.21,163.065,163.19,2182,86,0
2025-06-03 01:00:00,163.229,163.253,163.124,163.135,1685,0,0
2025-06-03 02:00:00,163.135,163.249,163.078,163.122,2284,0,0
2025-06-03 03:00:00,163.125,163.359,163.12,163.303,4931,0,0
2025-06-03 04:00:00,163.303,163.712,163.302,163.57,5369,0,0
2025-06-03 05:00:00,163.57,163.651,163.448,163.502,3870,0,0
2025-06-03 06:00:00,163.502,163.562,163.363,163.487,3489,0,0
2025-06-03 07:00:00,163.487,163.516,163.27,163.321,3241,0,0
2025-06-03 08:00:00,163.321,163.376,163.18,163.282,3620,0,0
2025-06-03 09:00:00,163.282,163.399,163.254,163.309,4848,0,0
2025-06-03 10:00:00,163.309,163.309,162.947,163.051,6060,0,0
2025-06-03 11:00:00,163.052,163.052,162.798,162.954,5574,0,0
2025-06-03 12:00:00,162.952,163.11,162.889,163.025,5021,0,0
2025-06-03 13:00:00,163.025,163.088,162.955,163.056,4623,0,0
2025-06-03 14:00:00,163.057,163.081,162.962,162.983,4589,0,0
2025-06-03 15:00:00,162.984,163.26,162.97,163.246,5316,0,0
2025-06-03 16:00:00,163.246,163.49,163.188,163.454,7012,0,0
2025-06-03 17:00:00,163.448,163.796,163.448,163.782,8539,0,0
2025-06-03 18:00:00,163.782,163.802,163.654,163.694,6538,0,0
2025-06-03 19:00:00,163.694,163.875,163.691,163.758,4269,0,0
2025-06-03 20:00:00,163.757,163.841,163.67,163.672,3722,0,0
2025-06-03 21:00:00,163.672,163.71,163.631,163.696,3958,0,0
2025-06-03 22:00:00,163.696,163.819,163.693,163.792,3054,0,0
2025-06-03 23:00:00,163.792,163.802,163.691,163.692,1875,0,0
2025-06-04 00:00:00,163.622,163.804,163.556,163.752,1707,86,0
2025-06-04 01:00:00,163.748,163.802,163.698,163.747,1493,0,0
2025-06-04 02:00:00,163.747,163.843,163.672,163.728,2275,0,0
2025-06-04 03:00:00,163.726,163.934,163.702,163.902,5755,0,0
2025-06-04 04:00:00,163.902,164.089,163.641,163.676,6010,0,0
2025-06-04 05:00:00,163.676,163.772,163.642,163.731,3426,0,0
2025-06-04 06:00:00,163.731,163.839,163.693,163.765,3118,0,0
2025-06-04 07:00:00,163.765,163.988,163.765,163.97,3305,0,0
2025-06-04 08:00:00,163.97,164.021,163.849,163.862,3503,0,0
2025-06-04 09:00:00,163.862,163.936,163.678,163.812,5520,0,0
2025-06-04 10:00:00,163.811,164.098,163.681,164.064,5604,0,0
2025-06-04 11:00:00,164.064,164.172,164.01,164.029,4669,0,0
2025-06-04 12:00:00,164.029,164.083,163.907,164.019,4165,0,0
2025-06-04 13:00:00,164.019,164.234,163.904,164.186,4904,0,0
2025-06-04 14:00:00,164.186,164.242,164.119,164.17,3902,0,0
2025-06-04 15:00:00,164.17,164.212,163.711,163.79,8272,0,0
2025-06-04 16:00:00,163.792,163.929,163.736,163.783,6957,0,0
2025-06-04 17:00:00,163.771,163.805,163.459,163.642,9550,0,0
2025-06-04 18:00:00,163.64,163.673,163.212,163.266,7055,0,0
2025-06-04 19:00:00,163.266,163.266,163.042,163.081,5049,0,0
2025-06-04 20:00:00,163.081,163.142,163.048,163.117,3474,0,0
2025-06-04 21:00:00,163.118,163.144,163.075,163.095,3506,0,0
2025-06-04 22:00:00,163.095,163.122,163.052,163.064,3137,0,0
2025-06-04 23:00:00,163.064,163.11,162.945,162.946,2266,0,0
2025-06-05 00:00:00,162.852,163.035,162.833,162.945,999,86,0
2025-06-05 01:00:00,162.946,163.104,162.934,163.049,1817,0,0
2025-06-05 02:00:00,163.049,163.099,162.899,163.011,2422,0,0
2025-06-05 03:00:00,163.011,163.17,162.955,163.05,5746,0,0
2025-06-05 04:00:00,163.053,163.207,163.022,163.168,5415,0,0
2025-06-05 05:00:00,163.167,163.188,163.009,163.153,4017,0,0
2025-06-05 06:00:00,163.153,163.182,162.996,163.168,4407,0,0
2025-06-05 07:00:00,163.168,163.241,163.107,163.204,3760,0,0
2025-06-05 08:00:00,163.205,163.334,163.194,163.286,3585,0,0
2025-06-05 09:00:00,163.287,163.431,163.243,163.415,4974,0,0
2025-06-05 10:00:00,163.416,163.658,163.345,163.59,5490,0,0
2025-06-05 11:00:00,163.59,163.673,163.498,163.523,4871,0,0
2025-06-05 12:00:00,163.523,163.557,163.415,163.538,4940,0,0
2025-06-05 13:00:00,163.538,163.624,163.454,163.516,4236,0,0
2025-06-05 14:00:00,163.516,163.718,163.463,163.704,4643,0,0
2025-06-05 15:00:00,163.7,164.11,163.38,163.872,9099,0,0
2025-06-05 16:00:00,163.867,164.445,163.86,164.203,11803,0,0
2025-06-05 17:00:00,164.203,164.547,164.168,164.374,11036,0,0
2025-06-05 18:00:00,164.376,164.675,164.313,164.568,8264,0,0
2025-06-05 19:00:00,164.569,164.656,164.281,164.315,6696,0,0
2025-06-05 20:00:00,164.312,164.524,164.302,164.417,4966,0,0
2025-06-05 21:00:00,164.417,164.436,164.243,164.346,6165,0,0
2025-06-05 22:00:00,164.346,164.444,164.201,164.347,8396,0,0
2025-06-05 23:00:00,164.347,164.421,164.225,164.289,3931,0,0
2025-06-06 00:00:00,163.912,164.416,163.904,164.192,1516,86,0
2025-06-06 01:00:00,164.184,164.36,164.177,164.36,1918,0,0
2025-06-06 02:00:00,164.357,164.427,164.266,164.421,2146,0,0
2025-06-06 03:00:00,164.427,164.592,164.407,164.567,4928,0,0
2025-06-06 04:00:00,164.567,164.603,164.389,164.397,4130,0,0
2025-06-06 05:00:00,164.398,164.563,164.384,164.523,3306,0,0
2025-06-06 06:00:00,164.523,164.537,164.406,164.466,3332,0,0
2025-06-06 07:00:00,164.464,164.571,164.446,164.548,2493,0,0
2025-06-06 08:00:00,164.548,164.592,164.498,164.526,3347,0,0
2025-06-06 09:00:00,164.524,164.786,164.48,164.703,4965,0,0
2025-06-06 10:00:00,164.703,164.731,164.344,164.447,6004,0,0
2025-06-06 11:00:00,164.447,164.547,164.374,164.44,5180,0,0
2025-06-06 12:00:00,164.437,164.66,164.405,164.626,4807,0,0
2025-06-06 13:00:00,164.626,164.633,164.505,164.582,4092,0,0
2025-06-06 14:00:00,164.582,164.722,164.566,164.599,4721,0,0
2025-06-06 15:00:00,164.597,164.895,164.441,164.823,9650,0,0
2025-06-06 16:00:00,164.823,165.155,164.752,165.052,10136,0,0
2025-06-06 17:00:00,165.053,165.286,165.018,165.039,9710,0,0
2025-06-06 18:00:00,165.041,165.165,164.965,165.115,8169,0,0
2025-06-06 19:00:00,165.115,165.197,165.05,165.077,6288,0,0
2025-06-06 20:00:00,165.077,165.116,165.002,165.05,4502,0,0
2025-06-06 21:00:00,165.05,165.123,165.049,165.084,4300,0,0
2025-06-06 22:00:00,165.084,165.094,164.994,165.003,3675,0,0
2025-06-06 23:00:00,165.004,165.063,164.992,165.032,1688,0,0
2025-06-09 00:00:00,165.134,165.134,164.823,164.931,562,86,0
2025-06-09 01:00:00,164.944,165.062,164.937,165.042,1967,2,0
2025-06-09 02:00:00,165.044,165.091,164.99,165.044,1959,0,0
2025-06-09 03:00:00,165.045,165.146,164.92,165.138,4713,0,0
2025-06-09 04:00:00,165.138,165.17,164.938,165.001,4500,0,0
2025-06-09 05:00:00,165.001,165.023,164.92,164.979,3485,0,0
2025-06-09 06:00:00,164.979,164.98,164.868,164.901,2756,0,0
2025-06-09 07:00:00,164.901,164.901,164.822,164.862,2166,0,0
2025-06-09 08:00:00,164.862,164.967,164.847,164.948,2862,0,0
2025-06-09 09:00:00,164.947,164.982,164.745,164.797,4043,0,0
2025-06-09 10:00:00,164.798,164.837,164.599,164.653,4919,0,0
2025-06-09 11:00:00,164.653,164.765,164.559,164.745,4990,0,0
2025-06-09 12:00:00,164.745,164.757,164.637,164.656,4169,0,0
2025-06-09 13:00:00,164.656,164.677,164.554,164.639,3398,0,0
2025-06-09 14:00:00,164.639,164.996,164.629,164.969,4703,0,0
2025-06-09 15:00:00,164.969,164.977,164.823,164.889,4833,0,0
2025-06-09 16:00:00,164.89,164.977,164.816,164.95,6090,0,0
2025-06-09 17:00:00,164.95,164.99,164.867,164.98,5698,0,0
2025-06-09 18:00:00,164.978,165.0,164.896,164.936,4276,0,0
2025-06-09 19:00:00,164.936,164.982,164.872,164.969,2847,0,0
2025-06-09 20:00:00,164.971,165.023,164.956,165.007,2399,0,0
2025-06-09 21:00:00,165.007,165.209,164.959,165.197,3128,0,0
2025-06-09 22:00:00,165.197,165.213,165.12,165.134,2437,0,0
2025-06-09 23:00:00,165.135,165.195,165.11,165.124,1773,0,0
2025-06-10 00:00:00,164.93,165.087,164.9,165.066,1490,98,0
2025-06-10 01:00:00,165.08,165.202,165.08,165.177,1328,0,0
2025-06-10 02:00:00,165.177,165.221,165.095,165.182,1470,0,0
2025-06-10 03:00:00,165.183,165.244,165.088,165.11,4717,0,0
2025-06-10 04:00:00,165.11,165.319,165.052,165.27,5269,0,0
2025-06-10 05:00:00,165.268,165.451,165.16,165.208,4660,0,0
2025-06-10 06:00:00,165.208,165.211,165.11,165.148,3347,0,0
2025-06-10 07:00:00,165.148,165.228,165.085,165.223,2706,0,0
2025-06-10 08:00:00,165.222,165.225,164.807,164.87,5372,0,0
2025-06-10 09:00:00,164.871,164.93,164.746,164.757,5819,0,0
2025-06-10 10:00:00,164.757,164.98,164.625,164.895,6605,0,0
2025-06-10 11:00:00,164.895,165.065,164.844,165.017,4860,0,0
2025-06-10 12:00:00,165.017,165.272,164.995,165.18,4239,0,0
2025-06-10 13:00:00,165.18,165.249,165.118,165.189,3811,0,0
2025-06-10 14:00:00,165.189,165.25,165.108,165.25,4214,0,0
2025-06-10 15:00:00,165.25,165.379,165.161,165.353,4562,0,0
2025-06-10 16:00:00,165.352,165.489,165.283,165.382,5910,0,0
2025-06-10 17:00:00,165.382,165.491,165.346,165.446,5502,0,0
2025-06-10 18:00:00,165.446,165.534,165.327,165.528,5318,0,0
2025-06-10 19:00:00,165.528,165.616,165.497,165.608,3440,0,0
2025-06-10 20:00:00,165.608,165.633,165.554,165.559,2875,0,0
2025-06-10 21:00:00,165.559,165.593,165.507,165.548,3264,0,0
2025-06-10 22:00:00,165.548,165.636,165.523,165.568,3659,0,0
2025-06-10 23:00:00,165.568,165.603,165.479,165.528,2097,0,0
2025-06-11 00:00:00,165.519,165.519,165.374,165.446,2550,86,0
2025-06-11 01:00:00,165.459,165.672,165.456,165.672,1704,0,0
2025-06-11 02:00:00,165.672,165.815,165.561,165.666,4368,0,0
2025-06-11 03:00:00,165.666,165.701,165.405,165.516,6213,0,0
2025-06-11 04:00:00,165.516,165.588,165.412,165.431,4544,0,0
2025-06-11 05:00:00,165.428,165.585,165.386,165.469,3209,0,0
2025-06-11 06:00:00,165.469,165.554,165.428,165.545,2514,0,0
2025-06-11 07:00:00,165.545,165.588,165.438,165.569,2872,0,0
2025-06-11 08:00:00,165.571,165.664,165.554,165.602,3146,0,0
2025-06-11 09:00:00,165.602,165.788,165.548,165.591,4424,0,0
2025-06-11 10:00:00,165.591,165.788,165.581,165.725,4990,0,0
2025-06-11 11:00:00,165.725,165.894,165.701,165.827,4218,0,0
2025-06-11 12:00:00,165.827,165.911,165.783,165.896,4429,0,0
2025-06-11 13:00:00,165.896,166.038,165.873,166.017,3621,0,0
2025-06-11 14:00:00,166.017,166.147,165.936,166.096,3993,0,0
2025-06-11 15:00:00,166.096,166.294,165.707,165.869,10109,0,0
2025-06-11 16:00:00,165.868,166.399,165.792,166.379,8688,0,0
2025-06-11 17:00:00,166.38,166.429,166.174,166.261,6935,0,0
2025-06-11 18:00:00,166.261,166.292,165.993,166.008,5801,0,0
2025-06-11 19:00:00,166.008,166.214,165.945,166.164,4516,0,0
2025-06-11 20:00:00,166.164,166.217,166.121,166.169,3684,0,0
2025-06-11 21:00:00,166.167,166.167,165.854,165.986,6338,0,0
2025-06-11 22:00:00,165.986,166.091,165.958,166.075,4677,0,0
2025-06-11 23:00:00,166.08,166.156,166.031,166.104,2704,0,0
2025-06-12 00:00:00,165.848,166.053,165.77,166.008,1137,86,0
2025-06-12 01:00:00,166.009,166.04,165.898,165.98,2403,0,0
2025-06-12 02:00:00,165.979,166.032,165.893,165.957,3322,0,0
2025-06-12 03:00:00,165.958,166.048,165.849,165.957,6002,0,0
2025-06-12 04:00:00,165.955,165.974,165.675,165.85,5890,0,0
2025-06-12 05:00:00,165.85,165.873,165.709,165.714,3929,0,0
2025-06-12 06:00:00,165.714,165.857,165.713,165.761,3555,0,0
2025-06-12 07:00:00,165.761,165.876,165.751,165.761,2752,0,0
2025-06-12 08:00:00,165.764,165.842,165.65,165.697,3388,0,0
2025-06-12 09:00:00,165.688,165.774,165.497,165.614,5875,0,0
2025-06-12 10:00:00,165.614,165.953,165.584,165.839,6558,0,0
2025-06-12 11:00:00,165.839,166.043,165.758,166.002,6813,0,0
2025-06-12 12:00:00,166.002,166.379,165.993,166.289,6087,0,0
2025-06-12 13:00:00,166.289,166.557,166.23,166.413,6817,0,0
2025-06-12 14:00:00,166.413,166.602,166.356,166.448,5969,0,0
2025-06-12 15:00:00,166.448,166.745,166.35,166.357,7877,0,0
2025-06-12 16:00:00,166.357,166.449,166.122,166.204,8198,0,0
2025-06-12 17:00:00,166.203,166.504,166.203,166.475,7201,0,0
2025-06-12 18:00:00,166.475,166.546,166.276,166.303,7546,0,0
2025-06-12 19:00:00,166.304,166.359,166.176,166.247,6019,0,0
2025-06-12 20:00:00,166.247,166.279,166.12,166.159,4016,0,0
2025-06-12 21:00:00,166.157,166.203,166.126,166.164,3348,0,0
2025-06-12 22:00:00,166.167,166.257,166.145,166.209,3395,0,0
2025-06-12 23:00:00,166.209,166.334,166.197,166.217,2327,0,0
2025-06-13 00:00:00,165.974,166.292,165.775,166.289,1538,86,0
2025-06-13 01:00:00,166.277,166.298,166.193,166.26,2117,0,0
2025-06-13 02:00:00,166.259,166.263,166.069,166.118,2615,0,0
2025-06-13 03:00:00,166.115,166.187,164.939,165.337,12954,0,0
2025-06-13 04:00:00,165.336,165.438,165.042,165.349,9059,0,0
2025-06-13 05:00:00,165.348,165.45,165.053,165.191,6508,0,0
2025-06-13 06:00:00,165.191,165.741,165.079,165.556,6470,0,0
2025-06-13 07:00:00,165.555,165.616,165.442,165.562,4986,0,0
2025-06-13 08:00:00,165.562,165.677,165.489,165.49,5167,0,0
2025-06-13 09:00:00,165.491,165.849,165.465,165.806,7966,0,0
2025-06-13 10:00:00,165.806,166.083,165.763,165.88,8279,0,0
2025-06-13 11:00:00,165.88,165.988,165.757,165.774,6233,0,0
2025-06-13 12:00:00,165.774,166.126,165.758,166.07,7163,0,0
2025-06-13 13:00:00,166.07,166.081,165.87,166.081,7102,0,0
2025-06-13 14:00:00,166.08,166.085,165.878,165.895,6505,0,0
2025-06-13 15:00:00,165.895,166.183,165.885,166.174,5799,0,0
2025-06-13 16:00:00,166.171,166.226,165.985,166.056,7964,0,0
2025-06-13 17:00:00,166.059,166.411,165.995,166.381,9083,0,0
2025-06-13 18:00:00,166.38,166.597,166.334,166.468,7140,0,0
2025-06-13 19:00:00,166.466,166.524,166.385,166.427,4780,0,0
2025-06-13 20:00:00,166.424,166.438,166.304,166.413,5528,0,0
2025-06-13 21:00:00,166.413,166.431,165.988,166.146,7362,0,0
2025-06-13 22:00:00,166.142,166.256,166.004,166.248,5274,0,0
2025-06-13 23:00:00,166.248,166.476,166.199,166.459,3604,0,0
2025-06-16 00:00:00,165.966,166.515,165.926,166.427,2426,86,0
2025-06-16 01:00:00,166.416,166.862,166.331,166.743,8702,2,0
2025-06-16 02:00:00,166.748,166.875,166.686,166.799,6196,2,0
2025-06-16 03:00:00,166.793,166.802,166.493,166.52,7864,2,0
2025-06-16 04:00:00,166.524,166.533,166.34,166.461,7201,2,0
2025-06-16 05:00:00,166.463,166.583,166.426,166.51,5151,2,0
2025-06-16 06:00:00,166.509,166.558,166.447,166.548,4443,2,0
2025-06-16 07:00:00,166.548,166.564,166.437,166.467,3541,2,0
2025-06-16 08:00:00,166.467,166.536,166.423,166.495,5378,2,0
2025-06-16 09:00:00,166.495,166.942,166.362,166.931,7540,1,0
2025-06-16 10:00:00,166.93,167.213,166.845,166.923,7603,1,0
2025-06-16 11:00:00,166.924,167.131,166.871,167.024,6366,1,0
2025-06-16 12:00:00,167.024,167.109,166.874,166.944,5726,1,0
2025-06-16 13:00:00,166.944,166.964,166.731,166.735,5497,1,0
2025-06-16 14:00:00,166.735,166.846,166.672,166.785,5220,1,0
2025-06-16 15:00:00,166.786,166.978,166.778,166.928,6214,1,0
2025-06-16 16:00:00,166.928,166.97,166.767,166.833,9464,1,0
2025-06-16 17:00:00,166.832,167.047,166.744,166.971,9165,1,0
2025-06-16 18:00:00,166.973,167.036,166.86,166.908,6828,1,0
2025-06-16 19:00:00,166.908,167.051,166.903,167.005,5048,1,0
2025-06-16 20:00:00,167.005,167.193,166.976,167.147,4079,1,0
2025-06-16 21:00:00,167.148,167.452,167.138,167.445,4269,1,0
2025-06-16 22:00:00,167.445,167.452,167.302,167.395,4367,1,0
2025-06-16 23:00:00,167.394,167.422,167.323,167.363,2214,1,0
2025-06-17 00:00:00,167.294,167.404,167.138,167.279,1310,86,0
2025-06-17 01:00:00,167.279,167.423,167.092,167.114,3490,2,0
2025-06-17 02:00:00,167.113,167.284,167.113,167.16,4078,2,0
2025-06-17 03:00:00,167.157,167.589,167.134,167.539,7071,2,0
2025-06-17 04:00:00,167.539,167.54,167.315,167.372,5133,2,0
2025-06-17 05:00:00,167.372,167.586,167.284,167.535,5055,2,0
2025-06-17 06:00:00,167.535,167.535,167.198,167.26,5587,2,0
2025-06-17 07:00:00,167.262,167.279,167.017,167.155,4716,2,0
2025-06-17 08:00:00,167.155,167.235,167.098,167.19,5302,2,0
2025-06-17 09:00:00,167.19,167.545,167.187,167.521,7319,1,0
2025-06-17 10:00:00,167.521,167.611,166.973,167.045,7925,1,0
2025-06-17 11:00:00,167.046,167.388,166.984,167.388,7040,1,0
2025-06-17 12:00:00,167.4,167.508,167.318,167.361,6874,1,0
2025-06-17 13:00:00,167.36,167.416,167.305,167.381,5259,1,0
2025-06-17 14:00:00,167.383,167.404,167.113,167.198,5515,1,0
2025-06-17 15:00:00,167.198,167.457,167.108,167.316,8347,1,0
2025-06-17 16:00:00,167.306,167.59,167.306,167.469,8512,1,0
2025-06-17 17:00:00,167.47,167.547,167.118,167.349,9685,1,0
2025-06-17 18:00:00,167.349,167.371,167.102,167.29,7034,1,0
2025-06-17 19:00:00,167.29,167.294,166.958,167.045,6400,1,0
2025-06-17 20:00:00,167.045,167.077,166.745,166.838,7707,1,0
2025-06-17 21:00:00,166.838,166.882,166.728,166.876,6308,1,0
2025-06-17 22:00:00,166.878,166.922,166.749,166.775,4697,1,0
2025-06-17 23:00:00,166.771,166.834,166.703,166.771,3244,1,0
2025-06-18 00:00:00,166.746,166.921,166.642,166.701,1595,86,0
2025-06-18 01:00:00,166.701,166.886,166.701,166.826,2380,2,0
2025-06-18 02:00:00,166.826,166.932,166.791,166.925,2419,2,0
2025-06-18 03:00:00,166.928,167.029,166.822,166.998,7379,2,0
2025-06-18 04:00:00,166.998,167.047,166.882,166.895,5761,2,0
2025-06-18 05:00:00,166.896,166.947,166.855,166.86,4301,2,0
2025-06-18 06:00:00,166.86,166.915,166.823,166.831,3698,2,0
2025-06-18 07:00:00,166.83,166.876,166.719,166.852,3866,2,0
2025-06-18 08:00:00,166.85,166.889,166.705,166.826,4628,2,0
2025-06-18 09:00:00,166.826,166.946,166.722,166.782,6850,1,0
2025-06-18 10:00:00,166.781,167.053,166.778,166.892,6846,1,0
2025-06-18 11:00:00,166.894,167.004,166.722,166.746,5596,1,0
2025-06-18 12:00:00,166.746,166.861,166.647,166.729,5227,1,0
2025-06-18 13:00:00,166.729,166.813,166.424,166.453,5162,1,0
2025-06-18 14:00:00,166.45,166.7,166.438,166.681,5012,1,0
2025-06-18 15:00:00,166.681,166.753,166.631,166.713,6017,1,0
2025-06-18 16:00:00,166.714,166.727,166.322,166.43,7330,1,0
2025-06-18 17:00:00,166.421,166.832,166.352,166.627,10175,1,0
2025-06-18 18:00:00,166.628,166.717,166.526,166.562,6739,1,0
2025-06-18 19:00:00,166.562,166.623,166.393,166.428,5461,1,0
2025-06-18 20:00:00,166.428,166.51,166.368,166.441,4498,1,0
2025-06-18 21:00:00,166.399,166.564,166.335,166.435,12728,1,0
2025-06-18 22:00:00,166.434,166.606,166.384,166.519,9971,1,0
2025-06-18 23:00:00,166.519,166.651,166.512,166.619,3252,1,0
2025-06-19 00:00:00,166.414,166.572,166.336,166.552,1335,86,0
2025-06-19 01:00:00,166.551,166.667,166.403,166.463,2515,2,0
2025-06-19 02:00:00,166.455,166.496,166.332,166.347,3321,2,0
2025-06-19 03:00:00,166.347,166.418,166.216,166.338,5344,2,0
2025-06-19 04:00:00,166.338,166.347,166.03,166.236,7304,2,0
2025-06-19 05:00:00,166.239,166.324,166.155,166.308,4515,2,0
2025-06-19 06:00:00,166.309,166.372,166.244,166.337,3764,2,0
2025-06-19 07:00:00,166.338,166.373,166.286,166.346,3592,2,0
2025-06-19 08:00:00,166.347,166.397,166.226,166.248,4591,2,0
2025-06-19 09:00:00,166.245,166.577,166.245,166.569,6817,1,0
2025-06-19 10:00:00,166.569,166.749,166.537,166.638,7132,1,0
2025-06-19 11:00:00,166.639,166.766,166.533,166.736,6439,1,0
2025-06-19 12:00:00,166.737,166.92,166.713,166.899,5527,1,0
2025-06-19 13:00:00,166.899,167.222,166.869,167.177,6528,1,0
2025-06-19 14:00:00,167.177,167.314,167.143,167.243,6125,1,0
2025-06-19 15:00:00,167.242,167.261,167.022,167.045,6309,1,0
2025-06-19 16:00:00,167.041,167.072,166.819,166.84,6389,1,0
2025-06-19 17:00:00,166.84,167.103,166.831,167.098,6652,1,0
2025-06-19 18:00:00,167.098,167.17,166.871,166.901,5147,1,0
2025-06-19 19:00:00,166.889,166.988,166.85,166.936,3170,1,0
2025-06-19 20:00:00,166.936,167.072,166.905,167.025,3465,1,0
2025-06-19 21:00:00,167.025,167.12,167.006,167.095,2402,1,0
2025-06-19 22:00:00,167.095,167.219,167.074,167.219,2509,1,0
2025-06-19 23:00:00,167.219,167.245,167.167,167.213,2108,1,0
2025-06-20 00:00:00,167.046,167.18,167.015,167.154,2009,86,0
2025-06-20 01:00:00,167.169,167.331,167.145,167.276,4068,2,0
2025-06-20 02:00:00,167.275,167.298,167.145,167.191,4249,2,0
2025-06-20 03:00:00,167.189,167.381,167.149,167.366,7021,2,0
2025-06-20 04:00:00,167.369,167.418,167.247,167.33,7056,2,0
2025-06-20 05:00:00,167.332,167.412,167.266,167.293,5804,2,0
2025-06-20 06:00:00,167.292,167.507,167.259,167.496,5695,2,0
2025-06-20 07:00:00,167.494,167.592,167.457,167.547,4671,2,0
2025-06-20 08:00:00,167.546,167.678,167.509,167.658,5504,2,0
2025-06-20 09:00:00,167.659,167.667,167.384,167.431,6998,1,0
2025-06-20 10:00:00,167.432,167.496,167.315,167.457,6384,1,0
2025-06-20 11:00:00,167.459,167.478,167.342,167.452,6334,1,0
2025-06-20 12:00:00,167.448,167.536,167.347,167.53,5591,1,0
2025-06-20 13:00:00,167.531,167.628,167.51,167.607,4671,1,0
2025-06-20 14:00:00,167.606,167.751,167.516,167.736,6131,1,0
2025-06-20 15:00:00,167.737,167.775,167.544,167.622,8489,1,0
2025-06-20 16:00:00,167.619,167.889,167.581,167.874,8152,1,0
2025-06-20 17:00:00,167.873,168.063,167.678,168.002,9219,1,0
2025-06-20 18:00:00,168.002,168.131,167.949,168.102,8102,1,0
2025-06-20 19:00:00,168.105,168.251,168.1,168.242,5372,1,0
2025-06-20 20:00:00,168.242,168.316,168.237,168.254,4860,1,0
2025-06-20 21:00:00,168.255,168.327,168.245,168.282,3953,1,0
2025-06-20 22:00:00,168.282,168.402,168.266,168.336,4140,1,0
2025-06-20 23:00:00,168.336,168.387,168.251,168.329,3033,1,0
2025-06-23 00:00:00,168.009,168.25,167.899,168.06,2187,93,0
2025-06-23 01:00:00,168.061,168.423,167.928,168.158,7327,2,0
2025-06-23 02:00:00,168.17,168.284,168.126,168.141,5488,2,0
2025-06-23 03:00:00,168.14,168.285,168.035,168.266,8871,2,0
2025-06-23 04:00:00,168.267,168.566,168.218,168.558,8133,2,0
2025-06-23 05:00:00,168.559,168.595,168.386,168.539,6416,2,0
2025-06-23 06:00:00,168.541,168.64,168.519,168.617,6411,2,0
2025-06-23 07:00:00,168.617,168.942,168.613,168.895,5976,2,0
2025-06-23 08:00:00,168.896,169.568,168.896,169.363,6740,2,0
2025-06-23 09:00:00,169.365,169.664,169.291,169.33,8492,1,0
2025-06-23 10:00:00,169.329,169.446,169.058,169.412,9037,1,0
2025-06-23 11:00:00,169.404,169.581,169.359,169.477,8269,1,0
2025-06-23 12:00:00,169.472,169.669,169.367,169.633,8924,1,0
2025-06-23 13:00:00,169.632,169.716,169.55,169.628,7454,1,0
2025-06-23 14:00:00,169.629,169.707,169.172,169.326,7882,1,0
2025-06-23 15:00:00,169.325,169.357,168.922,169.053,8947,1,0
2025-06-23 16:00:00,169.051,169.309,168.976,169.256,9777,1,0
2025-06-23 17:00:00,169.256,169.302,168.966,168.998,13209,1,0
2025-06-23 18:00:00,169.0,169.069,168.905,168.984,9390,1,0
2025-06-23 19:00:00,168.985,169.057,168.731,168.97,9202,1,0
2025-06-23 20:00:00,168.973,169.265,168.932,169.156,9148,1,0
2025-06-23 21:00:00,169.156,169.18,168.997,169.17,7764,1,0
2025-06-23 22:00:00,169.169,169.219,169.114,169.211,4582,1,0
2025-06-23 23:00:00,169.212,169.23,169.098,169.204,3804,1,0
2025-06-24 00:00:00,169.075,169.227,169.049,169.078,812,86,0
2025-06-24 01:00:00,169.076,169.275,169.026,169.171,5340,2,0
2025-06-24 02:00:00,169.17,169.283,169.106,169.241,6739,2,0
2025-06-24 03:00:00,169.24,169.24,168.873,168.889,9991,2,0
2025-06-24 04:00:00,168.888,168.937,168.785,168.853,7855,2,0
2025-06-24 05:00:00,168.854,168.874,168.671,168.792,6243,2,0
2025-06-24 06:00:00,168.788,168.83,168.619,168.766,5673,2,0
2025-06-24 07:00:00,168.773,168.85,168.747,168.775,4953,2,0
2025-06-24 08:00:00,168.775,168.852,168.67,168.709,5758,2,0
2025-06-24 09:00:00,168.703,168.703,168.444,168.503,9343,1,0
2025-06-24 10:00:00,168.503,168.518,168.193,168.461,10063,1,0
2025-06-24 11:00:00,168.452,168.5,168.062,168.201,9023,1,0
2025-06-24 12:00:00,168.2,168.538,168.174,168.303,8269,1,0
2025-06-24 13:00:00,168.295,168.295,168.131,168.266,6419,1,0
2025-06-24 14:00:00,168.265,168.329,168.203,168.281,6843,1,0
2025-06-24 15:00:00,168.28,168.397,168.168,168.2,8823,1,0
2025-06-24 16:00:00,168.2,168.261,168.028,168.143,9374,1,0
2025-06-24 17:00:00,168.143,168.25,167.912,168.143,12159,1,0
2025-06-24 18:00:00,168.142,168.349,168.109,168.182,9231,1,0
2025-06-24 19:00:00,168.183,168.295,168.137,168.201,6433,1,0
2025-06-24 20:00:00,168.201,168.282,168.133,168.263,5418,1,0
2025-06-24 21:00:00,168.262,168.272,168.116,168.173,4813,1,0
2025-06-24 22:00:00,168.174,168.176,168.088,168.117,3832,1,0
2025-06-24 23:00:00,168.118,168.238,168.118,168.187,3223,1,0
2025-06-25 00:00:00,168.2,168.262,168.022,168.08,768,95,0
2025-06-25 01:00:00,168.062,168.256,168.008,168.235,2395,2,0
2025-06-25 02:00:00,168.234,168.338,168.158,168.301,3580,2,0
2025-06-25 03:00:00,168.302,168.575,168.229,168.432,7441,2,0
2025-06-25 04:00:00,168.431,168.431,168.187,168.215,8011,2,0
2025-06-25 05:00:00,168.215,168.35,168.162,168.268,5376,2,0
2025-06-25 06:00:00,168.273,168.38,168.26,168.338,4338,2,0
2025-06-25 07:00:00,168.338,168.395,168.272,168.333,4057,2,0
2025-06-25 08:00:00,168.332,168.56,168.332,168.518,5219,2,0
2025-06-25 09:00:00,168.514,168.698,168.446,168.652,7019,1,0
2025-06-25 10:00:00,168.651,168.695,168.455,168.547,8098,1,0
2025-06-25 11:00:00,168.549,168.928,168.449,168.902,6950,1,0
2025-06-25 12:00:00,168.902,168.963,168.832,168.939,7009,1,0
2025-06-25 13:00:00,168.939,169.134,168.88,169.103,5957,1,0
2025-06-25 14:00:00,169.098,169.208,169.038,169.062,6425,1,0
2025-06-25 15:00:00,169.062,169.148,168.944,169.094,7614,1,0
2025-06-25 16:00:00,169.094,169.301,169.093,169.218,8064,1,0
2025-06-25 17:00:00,169.216,169.336,169.062,169.317,9727,1,0
2025-06-25 18:00:00,169.316,169.378,169.111,169.176,7982,1,0
2025-06-25 19:00:00,169.175,169.214,169.148,169.172,5886,1,0
2025-06-25 20:00:00,169.17,169.308,169.134,169.271,5071,1,0
2025-06-25 21:00:00,169.271,169.309,169.203,169.262,4767,1,0
2025-06-25 22:00:00,169.263,169.332,169.244,169.323,3692,1,0
2025-06-25 23:00:00,169.324,169.38,169.284,169.347,2813,1,0
2025-06-26 00:00:00,169.252,169.252,169.136,169.219,1232,86,0
2025-06-26 01:00:00,169.218,169.337,169.215,169.331,2626,2,0
2025-06-26 02:00:00,169.331,169.346,169.221,169.309,4695,2,0
2025-06-26 03:00:00,169.308,169.388,169.026,169.035,6695,2,0
2025-06-26 04:00:00,169.034,169.177,168.981,169.123,6357,2,0
2025-06-26 05:00:00,169.124,169.24,169.076,169.155,5836,2,0
2025-06-26 06:00:00,169.156,169.398,169.144,169.321,5307,2,0
2025-06-26 07:00:00,169.322,169.38,169.057,169.103,4506,2,0
2025-06-26 08:00:00,169.103,169.209,168.926,169.02,5480,2,0
2025-06-26 09:00:00,169.021,169.025,168.634,168.835,8460,1,0
2025-06-26 10:00:00,168.834,168.834,168.555,168.707,8786,1,0
2025-06-26 11:00:00,168.707,168.962,168.59,168.794,9138,1,0
2025-06-26 12:00:00,168.794,168.977,168.68,168.928,7592,1,0
2025-06-26 13:00:00,168.927,169.026,168.862,168.932,6487,1,0
2025-06-26 14:00:00,168.931,169.002,168.846,168.86,7147,1,0
2025-06-26 15:00:00,168.859,168.995,168.682,168.934,10016,1,0
2025-06-26 16:00:00,168.933,169.079,168.898,169.004,10263,1,0
2025-06-26 17:00:00,169.004,169.157,168.915,169.082,10961,1,0
2025-06-26 18:00:00,169.08,169.141,168.939,169.115,8635,1,0
2025-06-26 19:00:00,169.117,169.2,169.049,169.197,6706,1,0
2025-06-26 20:00:00,169.195,169.205,168.999,169.061,5618,1,0
2025-06-26 21:00:00,169.061,169.093,168.985,169.006,4853,1,0
2025-06-26 22:00:00,169.007,169.06,168.969,168.975,4146,1,0
2025-06-26 23:00:00,168.976,169.012,168.894,168.941,3471,1,0
2025-06-27 00:00:00,168.802,169.017,168.7,168.783,1659,86,0
2025-06-27 01:00:00,168.782,169.059,168.774,168.906,3224,2,0
2025-06-27 02:00:00,168.907,169.195,168.845,169.174,4024,2,0
2025-06-27 03:00:00,169.166,169.284,169.051,169.126,7652,2,0
2025-06-27 04:00:00,169.125,169.225,168.83,168.835,7485,2,0
2025-06-27 05:00:00,168.836,168.917,168.624,168.855,5718,2,0
2025-06-27 06:00:00,168.857,169.042,168.822,168.954,5139,2,0
2025-06-27 07:00:00,168.954,168.999,168.89,168.904,4772,2,0
2025-06-27 08:00:00,168.906,168.971,168.758,168.825,5619,2,0
2025-06-27 09:00:00,168.824,169.03,168.76,169.021,7348,1,0
2025-06-27 10:00:00,169.022,169.308,168.98,169.256,7808,1,0
2025-06-27 11:00:00,169.255,169.302,169.027,169.11,6686,1,0
2025-06-27 12:00:00,169.112,169.189,168.981,169.186,5320,1,0
2025-06-27 13:00:00,169.186,169.336,169.182,169.304,6001,1,0
2025-06-27 14:00:00,169.306,169.433,169.25,169.257,6018,1,0
2025-06-27 15:00:00,169.251,169.692,169.23,169.681,9866,1,0
2025-06-27 16:00:00,169.679,169.791,169.603,169.71,10260,1,0
2025-06-27 17:00:00,169.7,169.806,169.559,169.775,10048,1,0
2025-06-27 18:00:00,169.776,169.783,169.542,169.685,7850,1,0
2025-06-27 19:00:00,169.684,169.689,169.447,169.558,5968,1,0
2025-06-27 20:00:00,169.56,169.565,169.328,169.373,7025,1,0
2025-06-27 21:00:00,169.374,169.395,169.185,169.295,6717,1,0
2025-06-27 22:00:00,169.294,169.465,169.278,169.453,3829,1,0
2025-06-27 23:00:00,169.453,169.568,169.392,169.501,2857,1,0
2025-06-30 00:00:00,169.213,169.473,169.163,169.403,1411,96,0
2025-06-30 01:00:00,169.39,169.649,169.352,169.477,4702,2,0
2025-06-30 02:00:00,169.477,169.547,169.45,169.458,4232,2,0
2025-06-30 03:00:00,169.464,169.619,169.423,169.467,7289,2,0
2025-06-30 04:00:00,169.467,169.508,169.146,169.158,7045,2,0
2025-06-30 05:00:00,169.157,169.161,168.939,169.087,6654,2,0
2025-06-30 06:00:00,169.087,169.087,168.906,168.911,4422,2,0
2025-06-30 07:00:00,168.912,168.938,168.799,168.855,4836,2,0
2025-06-30 08:00:00,168.857,168.872,168.71,168.753,6087,2,0
2025-06-30 09:00:00,168.753,169.046,168.705,168.962,7509,1,0
2025-06-30 10:00:00,168.963,169.065,168.755,168.978,8315,1,0
2025-06-30 11:00:00,168.978,169.052,168.804,169.038,7969,1,0
2025-06-30 12:00:00,169.035,169.136,168.945,169.071,7205,1,0
2025-06-30 13:00:00,169.072,169.078,168.958,169.048,5478,1,0
2025-06-30 14:00:00,169.048,169.257,169.033,169.202,6424,1,0
2025-06-30 15:00:00,169.203,169.245,169.095,169.209,7077,1,0
2025-06-30 16:00:00,169.21,169.294,169.085,169.214,8482,1,0
2025-06-30 17:00:00,169.216,169.578,169.107,169.561,10885,1,0
2025-06-30 18:00:00,169.561,169.738,169.41,169.683,9532,1,0
2025-06-30 19:00:00,169.683,169.718,169.581,169.643,6778,1,0
2025-06-30 20:00:00,169.643,169.74,169.609,169.724,5800,1,0
2025-06-30 21:00:00,169.724,169.866,169.698,169.812,6050,1,0
2025-06-30 22:00:00,169.813,169.827,169.606,169.668,4537,1,0
2025-06-30 23:00:00,169.667,169.761,169.578,169.743,3540,1,0
2025-07-01 00:00:00,169.69,169.742,169.49,169.587,1984,96,0
2025-07-01 01:00:00,169.587,169.68,169.498,169.616,3081,2,0
2025-07-01 02:00:00,169.617,169.631,169.459,169.498,2464,2,0
2025-07-01 03:00:00,169.498,169.503,169.322,169.376,6844,2,0
2025-07-01 04:00:00,169.372,169.445,169.285,169.395,6798,2,0
2025-07-01 05:00:00,169.395,169.449,169.255,169.43,4369,2,0
2025-07-01 06:00:00,169.43,169.632,169.326,169.627,4632,2,0
2025-07-01 07:00:00,169.629,169.662,169.422,169.427,4087,2,0
2025-07-01 08:00:00,169.427,169.428,169.206,169.233,4491,2,0
2025-07-01 09:00:00,169.224,169.357,169.125,169.23,6369,1,0
2025-07-01 10:00:00,169.23,169.281,168.603,168.623,8596,1,0
2025-07-01 11:00:00,168.623,168.881,168.452,168.837,9405,1,0
2025-07-01 12:00:00,168.832,168.969,168.777,168.865,8195,1,0
2025-07-01 13:00:00,168.864,168.932,168.795,168.883,6662,1,0
2025-07-01 14:00:00,168.88,168.88,168.608,168.627,7132,1,0
2025-07-01 15:00:00,168.626,168.924,168.591,168.872,8543,1,0
2025-07-01 16:00:00,168.879,169.03,168.798,168.823,9699,1,0
2025-07-01 17:00:00,168.82,169.152,168.801,168.968,12180,1,0
2025-07-01 18:00:00,168.967,169.132,168.961,169.076,9569,1,0
2025-07-01 19:00:00,169.071,169.173,169.022,169.059,7104,1,0
2025-07-01 20:00:00,169.059,169.248,169.054,169.233,5416,1,0
2025-07-01 21:00:00,169.234,169.348,169.227,169.312,4152,1,0
2025-07-01 22:00:00,169.312,169.524,169.24,169.522,4575,1,0
2025-07-01 23:00:00,169.521,169.522,169.276,169.29,3331,1,0
2025-07-02 00:00:00,169.274,169.274,169.094,169.21,1116,86,0
2025-07-02 01:00:00,169.212,169.346,169.198,169.265,2253,2,0
2025-07-02 02:00:00,169.254,169.333,169.212,169.251,2438,2,0
2025-07-02 03:00:00,169.251,169.546,169.196,169.411,7167,2,0
2025-07-02 04:00:00,169.41,169.524,169.368,169.416,6234,2,0
2025-07-02 05:00:00,169.413,169.479,169.354,169.375,5269,2,0
2025-07-02 06:00:00,169.374,169.42,169.338,169.366,4667,2,0
2025-07-02 07:00:00,169.365,169.409,169.294,169.341,4447,2,0
2025-07-02 08:00:00,169.34,169.533,169.325,169.45,5713,2,0
2025-07-02 09:00:00,169.444,169.534,169.328,169.425,6963,1,0
2025-07-02 10:00:00,169.425,169.631,169.401,169.432,7818,1,0
2025-07-02 11:00:00,169.432,169.536,169.332,169.534,6165,1,0
2025-07-02 12:00:00,169.533,169.791,169.511,169.667,6577,1,0
2025-07-02 13:00:00,169.666,169.699,169.281,169.36,5771,1,0
2025-07-02 14:00:00,169.36,169.498,169.331,169.408,6717,1,0
2025-07-02 15:00:00,169.408,169.495,169.033,169.147,12832,1,0
2025-07-02 16:00:00,169.146,169.517,169.09,169.34,11173,1,0
2025-07-02 17:00:00,169.343,169.506,169.234,169.482,10498,1,0
2025-07-02 18:00:00,169.48,169.539,169.408,169.487,8271,1,0
2025-07-02 19:00:00,169.489,169.501,169.352,169.444,6709,1,0
2025-07-02 20:00:00,169.445,169.538,169.426,169.495,5114,1,0
2025-07-02 21:00:00,169.493,169.518,169.397,169.463,4987,1,0
2025-07-02 22:00:00,169.464,169.505,169.426,169.501,4118,1,0
2025-07-02 23:00:00,169.501,169.505,169.437,169.486,2532,1,0
2025-07-03 00:00:00,169.409,169.47,169.256,169.406,1469,91,0
2025-07-03 01:00:00,169.381,169.485,169.373,169.441,1931,2,0
2025-07-03 02:00:00,169.441,169.447,169.312,169.335,2625,2,0
2025-07-03 03:00:00,169.337,169.536,169.315,169.526,6682,2,0
2025-07-03 04:00:00,169.527,169.622,169.413,169.456,5086,2,0
2025-07-03 05:00:00,169.458,169.569,169.441,169.514,3862,2,0
2025-07-03 06:00:00,169.513,169.636,169.501,169.624,3376,2,0
2025-07-03 07:00:00,169.623,169.625,169.502,169.57,3408,2,0
2025-07-03 08:00:00,169.571,169.707,169.557,169.699,4279,2,0
2025-07-03 09:00:00,169.701,169.768,169.611,169.682,6309,1,0
2025-07-03 10:00:00,169.682,169.844,169.576,169.772,6445,1,0
2025-07-03 11:00:00,169.773,169.872,169.664,169.734,6085,1,0
2025-07-03 12:00:00,169.738,169.759,169.599,169.637,5870,1,0
2025-07-03 13:00:00,169.64,169.68,169.524,169.644,4987,1,0
2025-07-03 14:00:00,169.644,169.679,169.529,169.54,5508,1,0
2025-07-03 15:00:00,169.539,170.323,169.37,170.216,12483,1,0
2025-07-03 16:00:00,170.216,170.473,170.175,170.409,12125,1,0
2025-07-03 17:00:00,170.41,170.614,170.352,170.53,10379,1,0
2025-07-03 18:00:00,170.53,170.582,170.378,170.438,7869,1,0
2025-07-03 19:00:00,170.441,170.584,170.408,170.468,5886,1,0
2025-07-03 20:00:00,170.467,170.565,170.428,170.522,2887,1,0
2025-07-03 21:00:00,170.522,170.53,170.435,170.48,2858,1,0
2025-07-03 22:00:00,170.479,170.481,170.371,170.382,2248,1,0
2025-07-03 23:00:00,170.4,170.443,170.35,170.38,2829,1,0
2025-07-04 00:00:00,170.335,170.396,170.28,170.362,1301,86,0
2025-07-04 01:00:00,170.363,170.416,170.322,170.364,2511,2,0
2025-07-04 02:00:00,170.365,170.409,170.301,170.311,2587,2,0
2025-07-04 03:00:00,170.311,170.396,170.086,170.155,5954,2,0
2025-07-04 04:00:00,170.155,170.269,170.133,170.228,5631,2,0
2025-07-04 05:00:00,170.227,170.283,170.165,170.185,4077,2,0
2025-07-04 06:00:00,170.184,170.195,170.053,170.103,3619,2,0
2025-07-04 07:00:00,170.103,170.127,169.991,170.081,4063,2,0
2025-07-04 08:00:00,170.08,170.138,170.043,170.088,4494,2,0
2025-07-04 09:00:00,170.081,170.091,169.853,169.937,5477,1,0
2025-07-04 10:00:00,169.937,170.072,169.872,169.964,7371,1,0
2025-07-04 11:00:00,169.964,170.015,169.903,169.955,5336,1,0
2025-07-04 12:00:00,169.955,170.063,169.903,169.98,5595,1,0
2025-07-04 13:00:00,169.98,170.055,169.949,170.004,5504,1,0
2025-07-04 14:00:00,170.003,170.063,169.926,169.935,5245,1,0
2025-07-04 15:00:00,169.934,169.959,169.874,169.936,4651,1,0
2025-07-04 16:00:00,169.936,170.179,169.936,170.169,4798,1,0
2025-07-04 17:00:00,170.171,170.252,170.161,170.221,5533,1,0
2025-07-04 18:00:00,170.219,170.326,170.194,170.235,4239,1,0
2025-07-04 19:00:00,170.236,170.264,170.125,170.134,4028,1,0
2025-07-04 20:00:00,170.135,170.178,170.078,170.126,9717,1,0
2025-07-04 21:00:00,170.126,170.199,170.121,170.185,6404,1,0
2025-07-04 22:00:00,170.185,170.244,170.124,170.216,6946,1,0
2025-07-04 23:00:00,170.216,170.311,170.04,170.124,9641,11,0
2025-07-07 00:00:00,170.103,170.178,169.992,170.129,1078,120,0
2025-07-07 01:00:00,170.13,170.3,170.06,170.208,3003,2,0
2025-07-07 02:00:00,170.208,170.301,170.14,170.212,2923,2,0
2025-07-07 03:00:00,170.214,170.227,169.976,170.049,6590,2,0
2025-07-07 04:00:00,170.048,170.186,169.883,170.148,6433,2,0
2025-07-07 05:00:00,170.148,170.453,170.116,170.411,5584,2,0
2025-07-07 06:00:00,170.412,170.481,170.348,170.452,4380,2,0
2025-07-07 07:00:00,170.454,170.618,170.36,170.592,4298,2,0
2025-07-07 08:00:00,170.592,170.734,170.574,170.666,5339,2,0
2025-07-07 09:00:00,170.668,170.734,170.462,170.489,6423,1,0
2025-07-07 10:00:00,170.489,170.602,170.392,170.544,7467,1,0
2025-07-07 11:00:00,170.544,170.586,170.307,170.394,7461,1,0
2025-07-07 12:00:00,170.393,170.676,170.37,170.648,6066,1,0
2025-07-07 13:00:00,170.647,170.719,170.527,170.555,5723,1,0
2025-07-07 14:00:00,170.557,170.665,170.482,170.655,5587,1,0
2025-07-07 15:00:00,170.654,170.764,170.619,170.668,6416,1,0
2025-07-07 16:00:00,170.667,171.117,170.646,171.02,7642,1,0
2025-07-07 17:00:00,171.02,171.206,170.962,171.15,7443,1,0
2025-07-07 18:00:00,171.15,171.217,171.091,171.145,6280,1,0
2025-07-07 19:00:00,171.147,171.27,170.783,170.876,9112,1,0
2025-07-07 20:00:00,170.879,171.125,170.756,170.992,7870,1,0
2025-07-07 21:00:00,170.992,171.318,170.973,171.297,6472,1,0
2025-07-07 22:00:00,171.299,171.304,171.142,171.166,4464,1,0
2025-07-07 23:00:00,171.166,171.193,170.953,171.012,2754,1,0
2025-07-08 00:00:00,170.921,171.01,170.894,170.911,720,86,0
2025-07-08 01:00:00,170.891,171.202,170.89,171.176,3344,2,0
2025-07-08 02:00:00,171.177,171.403,171.174,171.211,3959,2,0
2025-07-08 03:00:00,171.211,171.675,171.182,171.639,8166,2,0
2025-07-08 04:00:00,171.645,171.803,171.499,171.668,7040,2,0
2025-07-08 05:00:00,171.668,171.698,171.479,171.49,5201,2,0
2025-07-08 06:00:00,171.49,171.681,171.46,171.588,4430,2,0
2025-07-08 07:00:00,171.589,171.595,171.328,171.42,5543,2,0
2025-07-08 08:00:00,171.419,171.517,171.324,171.438,5502,2,0
2025-07-08 09:00:00,171.442,171.736,171.431,171.72,6788,2,0
2025-07-08 10:00:00,171.721,171.813,171.675,171.736,7599,1,0
2025-07-08 11:00:00,171.736,171.848,171.723,171.752,7144,1,0
2025-07-08 12:00:00,171.758,171.808,171.577,171.703,6196,1,0
2025-07-08 13:00:00,171.703,171.766,171.557,171.705,5535,1,0
2025-07-08 14:00:00,171.704,172.002,171.701,171.825,5618,1,0
2025-07-08 15:00:00,171.825,171.895,171.674,171.888,7274,1,0
2025-07-08 16:00:00,171.887,171.952,171.754,171.794,8523,1,0
2025-07-08 17:00:00,171.789,171.861,171.648,171.777,9447,1,0
2025-07-08 18:00:00,171.776,171.998,171.762,171.87,7845,1,0
2025-07-08 19:00:00,171.869,171.872,171.698,171.823,7670,1,0
2025-07-08 20:00:00,171.822,172.019,171.801,172.018,7091,1,0
2025-07-08 21:00:00,172.016,172.027,171.941,171.963,5967,1,0
2025-07-08 22:00:00,171.967,171.991,171.88,171.904,4012,1,0
2025-07-08 23:00:00,171.904,171.907,171.81,171.81,3721,1,0
2025-07-09 00:00:00,171.792,171.795,171.652,171.742,2090,86,0
2025-07-09 01:00:00,171.754,171.939,171.694,171.93,2072,2,0
2025-07-09 02:00:00,171.928,172.18,171.909,172.178,3055,2,0
2025-07-09 03:00:00,172.18,172.212,172.022,172.108,6325,2,0
2025-07-09 04:00:00,172.109,172.278,172.035,172.134,6501,2,0
2025-07-09 05:00:00,172.135,172.23,172.108,172.221,5788,2,0
2025-07-09 06:00:00,172.22,172.264,172.155,172.166,4961,2,0
2025-07-09 07:00:00,172.167,172.268,172.164,172.219,4473,2,0
2025-07-09 08:00:00,172.219,172.258,172.147,172.221,5054,2,0
2025-07-09 09:00:00,172.221,172.255,172.13,172.138,6211,1,0
2025-07-09 10:00:00,172.137,172.176,171.831,171.913,7119,1,0
2025-07-09 11:00:00,171.913,171.95,171.745,171.804,6523,1,0
2025-07-09 12:00:00,171.804,171.831,171.623,171.751,5617,1,0
2025-07-09 13:00:00,171.751,171.756,171.567,171.621,5322,1,0
2025-07-09 14:00:00,171.621,171.744,171.55,171.583,5348,1,0
2025-07-09 15:00:00,171.584,171.735,171.572,171.617,7430,1,0
2025-07-09 16:00:00,171.617,171.637,171.4,171.403,8589,1,0
2025-07-09 17:00:00,171.403,171.624,171.345,171.582,8355,1,0
2025-07-09 18:00:00,171.582,171.651,171.488,171.532,6282,1,0
2025-07-09 19:00:00,171.531,171.533,171.306,171.375,4549,1,0
2025-07-09 20:00:00,171.372,171.393,171.267,171.286,4368,1,0
2025-07-09 21:00:00,171.282,171.419,171.267,171.401,5215,1,0
2025-07-09 22:00:00,171.408,171.503,171.402,171.463,3189,1,0
2025-07-09 23:00:00,171.462,171.639,171.46,171.499,3794,1,0
2025-07-10 00:00:00,171.336,171.472,171.334,171.471,1203,86,0
2025-07-10 01:00:00,171.469,171.522,171.427,171.461,1630,2,0
2025-07-10 02:00:00,171.451,171.533,171.307,171.498,2760,2,0
2025-07-10 03:00:00,171.494,171.517,171.176,171.245,7306,2,0
2025-07-10 04:00:00,171.245,171.369,171.178,171.282,5457,2,0
2025-07-10 05:00:00,171.281,171.497,171.263,171.485,4217,2,0
2025-07-10 06:00:00,171.483,171.623,171.478,171.617,3241,2,0
2025-07-10 07:00:00,171.62,171.743,171.573,171.589,3203,2,0
2025-07-10 08:00:00,171.589,171.758,171.556,171.694,3362,2,0
2025-07-10 09:00:00,171.694,171.722,171.454,171.468,5856,1,0
2025-07-10 10:00:00,171.471,171.776,171.41,171.634,6831,1,0
2025-07-10 11:00:00,171.635,171.717,171.582,171.642,5151,1,0
2025-07-10 12:00:00,171.643,171.684,171.476,171.483,4542,1,0
2025-07-10 13:00:00,171.477,171.541,171.342,171.375,4321,1,0
2025-07-10 14:00:00,171.376,171.446,171.268,171.281,5120,1,0
2025-07-10 15:00:00,171.283,171.504,171.189,171.43,7468,1,0
2025-07-10 16:00:00,171.43,171.5,171.314,171.386,8249,1,0
2025-07-10 17:00:00,171.387,171.429,171.055,171.12,9330,1,0
2025-07-10 18:00:00,171.12,171.243,171.072,171.183,6760,1,0
2025-07-10 19:00:00,171.182,171.202,171.089,171.144,5633,1,0
2025-07-10 20:00:00,171.143,171.154,171.039,171.045,4588,1,0
2025-07-10 21:00:00,171.045,171.052,170.933,170.985,4665,1,0
2025-07-10 22:00:00,170.986,171.033,170.973,171.033,3392,1,0
2025-07-10 23:00:00,171.033,171.105,170.982,171.097,3213,1,0
2025-07-11 00:00:00,171.088,171.133,170.928,171.117,1329,71,0
2025-07-11 01:00:00,171.118,171.175,171.089,171.155,1865,2,0
2025-07-11 02:00:00,171.153,171.177,171.049,171.171,2382,2,0
2025-07-11 03:00:00,171.172,171.237,170.807,171.099,9778,2,0
2025-07-11 04:00:00,171.099,171.468,171.079,171.35,7885,2,0
2025-07-11 05:00:00,171.351,171.649,171.335,171.584,5607,2,0
2025-07-11 06:00:00,171.585,171.695,171.524,171.66,4124,2,0
2025-07-11 07:00:00,171.659,171.771,171.607,171.738,4521,2,0
2025-07-11 08:00:00,171.738,171.769,171.47,171.509,4880,2,0
2025-07-11 09:00:00,171.509,171.615,171.417,171.53,6960,1,0
2025-07-11 10:00:00,171.529,171.736,171.519,171.654,7156,1,0
2025-07-11 11:00:00,171.654,171.746,171.543,171.713,6949,1,0
2025-07-11 12:00:00,171.714,171.97,171.665,171.93,5747,1,0
2025-07-11 13:00:00,171.929,171.949,171.599,171.665,5537,1,0
2025-07-11 14:00:00,171.665,171.863,171.661,171.839,6045,1,0
2025-07-11 15:00:00,171.84,171.874,171.654,171.786,7157,1,0
2025-07-11 16:00:00,171.787,172.158,171.768,172.158,9069,1,0
2025-07-11 17:00:00,172.158,172.347,172.145,172.269,8820,1,0
2025-07-11 18:00:00,172.269,172.427,172.264,172.273,6899,1,0
2025-07-11 19:00:00,172.273,172.387,172.233,172.29,5361,1,0
2025-07-11 20:00:00,172.291,172.357,172.261,172.35,3549,1,0
2025-07-11 21:00:00,172.35,172.383,172.291,172.337,4316,1,0
2025-07-11 22:00:00,172.337,172.37,172.244,172.249,3517,1,0
2025-07-11 23:00:00,172.248,172.369,172.162,172.259,3966,1,0
2025-07-14 00:00:00,171.648,171.826,171.618,171.741,1593,86,0
2025-07-14 01:00:00,171.728,172.092,171.717,172.057,5335,2,0
2025-07-14 02:00:00,172.057,172.149,171.95,172.081,4835,2,0
2025-07-14 03:00:00,172.085,172.094,171.795,171.834,6803,2,0
2025-07-14 04:00:00,171.835,171.987,171.763,171.919,6376,2,0
2025-07-14 05:00:00,171.919,172.022,171.886,171.939,4340,2,0
2025-07-14 06:00:00,171.936,172.116,171.882,172.067,4494,2,0
2025-07-14 07:00:00,172.066,172.177,171.951,172.057,4421,2,0
2025-07-14 08:00:00,172.056,172.09,171.935,171.969,4803,2,0
2025-07-14 09:00:00,171.971,171.985,171.726,171.759,6042,1,0
2025-07-14 10:00:00,171.763,172.209,171.758,172.207,7239,1,0
2025-07-14 11:00:00,172.209,172.231,171.97,172.103,6824,1,0
2025-07-14 12:00:00,172.104,172.199,171.98,172.192,5643,1,0
2025-07-14 13:00:00,172.191,172.208,172.071,172.145,4862,1,0
2025-07-14 14:00:00,172.146,172.364,172.144,172.303,5400,1,0
2025-07-14 15:00:00,172.303,172.308,172.068,172.238,6068,1,0
2025-07-14 16:00:00,172.238,172.259,172.083,172.136,7478,1,0
2025-07-14 17:00:00,172.137,172.391,172.085,172.285,7771,1,0
2025-07-14 18:00:00,172.279,172.47,172.272,172.373,7102,1,0
2025-07-14 19:00:00,172.373,172.437,172.228,172.266,5632,1,0
2025-07-14 20:00:00,172.268,172.325,172.208,172.273,3643,1,0
2025-07-14 21:00:00,172.272,172.448,172.271,172.438,4436,1,0
2025-07-14 22:00:00,172.437,172.437,172.335,172.364,2327,1,0
2025-07-14 23:00:00,172.364,172.421,172.319,172.331,2220,1,0
2025-07-15 00:00:00,172.209,172.331,172.178,172.263,800,86,0
2025-07-15 01:00:00,172.276,172.416,172.23,172.39,1971,2,0
2025-07-15 02:00:00,172.394,172.473,172.388,172.394,2312,2,0
2025-07-15 03:00:00,172.395,172.477,172.256,172.266,5393,2,0
2025-07-15 04:00:00,172.266,172.497,172.26,172.442,4979,2,0
2025-07-15 05:00:00,172.441,172.487,172.305,172.329,4030,2,0
2025-07-15 06:00:00,172.327,172.439,172.263,172.417,2964,2,0
2025-07-15 07:00:00,172.418,172.465,172.373,172.411,2459,2,0
2025-07-15 08:00:00,172.411,172.466,172.394,172.446,3210,2,0
2025-07-15 09:00:00,172.449,172.586,172.428,172.475,4888,1,0
2025-07-15 10:00:00,172.475,172.735,172.448,172.705,6066,1,0
2025-07-15 11:00:00,172.705,172.728,172.515,172.591,5360,1,0
2025-07-15 12:00:00,172.589,172.607,172.472,172.59,4789,1,0
2025-07-15 13:00:00,172.591,172.644,172.511,172.606,4334,1,0
2025-07-15 14:00:00,172.605,172.694,172.57,172.606,5162,1,0
2025-07-15 15:00:00,172.602,172.868,172.427,172.71,9708,1,0
2025-07-15 16:00:00,172.709,173.056,172.702,172.991,10755,1,0
2025-07-15 17:00:00,172.991,173.083,172.9,172.904,10764,1,0
2025-07-15 18:00:00,172.904,172.954,172.801,172.825,7876,1,0
2025-07-15 19:00:00,172.825,172.867,172.641,172.653,6074,1,0
2025-07-15 20:00:00,172.653,172.756,172.627,172.723,4842,1,0
2025-07-15 21:00:00,172.721,172.747,172.674,172.71,3413,1,0
2025-07-15 22:00:00,172.709,172.775,172.628,172.675,2810,1,0
2025-07-15 23:00:00,172.676,172.742,172.661,172.679,2629,1,0
2025-07-16 00:00:00,172.642,172.701,172.578,172.605,768,86,0
2025-07-16 01:00:00,172.608,172.804,172.595,172.765,1885,2,0
2025-07-16 02:00:00,172.765,172.825,172.63,172.692,2968,2,0
2025-07-16 03:00:00,172.691,172.994,172.613,172.928,6421,2,0
2025-07-16 04:00:00,172.929,172.98,172.753,172.84,6067,2,0
2025-07-16 05:00:00,172.84,172.927,172.817,172.884,4282,2,0
2025-07-16 06:00:00,172.883,173.07,172.873,173.05,3588,2,0
2025-07-16 07:00:00,173.055,173.236,173.022,173.052,4256,2,0
2025-07-16 08:00:00,173.058,173.076,172.877,172.934,5071,2,0
2025-07-16 09:00:00,172.943,173.004,172.786,172.841,6366,1,0
2025-07-16 10:00:00,172.838,173.01,172.797,172.982,6931,1,0
2025-07-16 11:00:00,172.983,173.043,172.848,173.025,6016,1,0
2025-07-16 12:00:00,173.024,173.082,172.678,172.742,5681,1,0
2025-07-16 13:00:00,172.743,172.783,172.628,172.763,4455,1,0
2025-07-16 14:00:00,172.765,172.769,172.591,172.616,5517,1,0
2025-07-16 15:00:00,172.617,172.632,172.363,172.474,9370,1,0
2025-07-16 16:00:00,172.473,172.503,172.197,172.208,9611,1,0
2025-07-16 17:00:00,172.207,172.24,171.937,172.114,10039,1,0
2025-07-16 18:00:00,172.114,172.424,171.836,172.23,19997,1,0
2025-07-16 19:00:00,172.241,172.492,172.2,172.311,13175,1,0
2025-07-16 20:00:00,172.31,172.327,171.864,171.92,8345,1,0
2025-07-16 21:00:00,171.92,172.039,171.839,172.027,4877,1,0
2025-07-16 22:00:00,172.027,172.068,171.971,172.028,4164,1,0
2025-07-16 23:00:00,172.028,172.171,172.027,172.059,3854,1,0
2025-07-17 00:00:00,172.012,172.047,171.796,171.908,1785,120,0
2025-07-17 01:00:00,171.902,172.167,171.902,172.087,2572,2,0
2025-07-17 02:00:00,172.079,172.266,172.012,172.212,2659,2,0
2025-07-17 03:00:00,172.217,172.493,172.205,172.488,6026,2,0
2025-07-17 04:00:00,172.488,172.562,172.329,172.5,6493,2,0
2025-07-17 05:00:00,172.503,172.579,172.43,172.489,4263,2,0
2025-07-17 06:00:00,172.489,172.673,172.445,172.611,3637,2,0
2025-07-17 07:00:00,172.61,172.674,172.522,172.536,3183,2,0
2025-07-17 08:00:00,172.537,172.615,172.455,172.497,4236,2,0
2025-07-17 09:00:00,172.499,172.598,172.155,172.171,7971,1,0
2025-07-17 10:00:00,172.17,172.428,172.128,172.389,7149,1,0
2025-07-17 11:00:00,172.388,172.562,172.375,172.394,6341,1,0
2025-07-17 12:00:00,172.395,172.525,172.337,172.421,5323,1,0
2025-07-17 13:00:00,172.421,172.436,172.199,172.226,5053,1,0
2025-07-17 14:00:00,172.227,172.276,172.14,172.199,5395,1,0
2025-07-17 15:00:00,172.198,172.465,172.189,172.33,9291,1,0
2025-07-17 16:00:00,172.33,172.349,172.079,172.162,9655,1,0
2025-07-17 17:00:00,172.161,172.177,171.945,172.062,8846,1,0
2025-07-17 18:00:00,172.063,172.303,172.043,172.278,7364,1,0
2025-07-17 19:00:00,172.279,172.305,172.2,172.207,6152,1,0
2025-07-17 20:00:00,172.208,172.253,172.166,172.231,4624,1,0
2025-07-17 21:00:00,172.231,172.354,172.214,172.296,4599,1,0
2025-07-17 22:00:00,172.297,172.375,172.288,172.337,4664,1,0
2025-07-17 23:00:00,172.337,172.349,172.275,172.346,3060,1,0
2025-07-18 00:00:00,172.22,172.329,172.136,172.248,1106,86,0
2025-07-18 01:00:00,172.244,172.4,172.228,172.312,2741,2,0
2025-07-18 02:00:00,172.311,172.438,172.291,172.43,2481,2,0
2025-07-18 03:00:00,172.43,172.739,172.351,172.735,6190,2,0
2025-07-18 04:00:00,172.736,172.762,172.575,172.68,6131,2,0
2025-07-18 05:00:00,172.679,172.735,172.589,172.726,3763,2,0
2025-07-18 06:00:00,172.726,172.868,172.683,172.818,4693,2,0
2025-07-18 07:00:00,172.818,172.851,172.724,172.748,3819,2,0
2025-07-18 08:00:00,172.752,172.862,172.71,172.828,4699,2,0
2025-07-18 09:00:00,172.827,172.921,172.729,172.851,5326,1,0
2025-07-18 10:00:00,172.852,173.109,172.849,173.027,6388,1,0
2025-07-18 11:00:00,173.027,173.076,172.878,172.904,6567,1,0
2025-07-18 12:00:00,172.904,173.09,172.867,173.008,5240,1,0
2025-07-18 13:00:00,173.008,173.013,172.826,172.885,5385,1,0
2025-07-18 14:00:00,172.885,173.023,172.877,172.933,5886,1,0
2025-07-18 15:00:00,172.933,173.019,172.878,172.943,7000,1,0
2025-07-18 16:00:00,172.942,173.058,172.867,172.927,8386,1,0
2025-07-18 17:00:00,172.911,173.031,172.889,172.958,9325,1,0
2025-07-18 18:00:00,172.958,173.071,172.924,172.994,7381,1,0
2025-07-18 19:00:00,172.994,173.084,172.889,172.916,6415,1,0
2025-07-18 20:00:00,172.917,172.962,172.864,172.925,5382,1,0
2025-07-18 21:00:00,172.926,172.935,172.871,172.901,4757,1,0
2025-07-18 22:00:00,172.901,172.915,172.834,172.883,3017,1,0
2025-07-18 23:00:00,172.88,172.996,172.857,172.973,3426,1,0
2025-07-21 00:00:00,171.925,172.429,171.925,172.341,2105,97,0
2025-07-21 01:00:00,172.358,172.848,172.358,172.755,5911,2,0
2025-07-21 02:00:00,172.752,172.823,172.58,172.646,3919,2,0
2025-07-21 03:00:00,172.646,172.652,172.359,172.415,6297,2,0
2025-07-21 04:00:00,172.427,172.563,172.422,172.534,6064,2,0
2025-07-21 05:00:00,172.534,172.6,172.508,172.586,4043,2,0
2025-07-21 06:00:00,172.585,172.63,172.506,172.593,3546,2,0
2025-07-21 07:00:00,172.594,172.666,172.576,172.629,3192,2,0
2025-07-21 08:00:00,172.629,172.63,172.462,172.523,4484,2,0
2025-07-21 09:00:00,172.524,172.527,172.0,172.219,7118,1,0
2025-07-21 10:00:00,172.217,172.536,172.177,172.443,7101,1,0
2025-07-21 11:00:00,172.436,172.451,172.04,172.185,7125,1,0
2025-07-21 12:00:00,172.185,172.288,172.128,172.242,5254,1,0
2025-07-21 13:00:00,172.243,172.253,172.039,172.073,5225,1,0
2025-07-21 14:00:00,172.074,172.285,172.046,172.154,6446,1,0
2025-07-21 15:00:00,172.154,172.162,171.914,172.054,7005,1,0
2025-07-21 16:00:00,172.054,172.217,172.022,172.084,7357,1,0
2025-07-21 17:00:00,172.087,172.449,172.054,172.434,8811,1,0
2025-07-21 18:00:00,172.431,172.556,172.357,172.372,7675,1,0
2025-07-21 19:00:00,172.371,172.385,172.072,172.18,5395,1,0
2025-07-21 20:00:00,172.176,172.251,172.11,172.148,4322,1,0
2025-07-21 21:00:00,172.148,172.297,172.104,172.278,3435,1,0
2025-07-21 22:00:00,172.279,172.292,172.227,172.252,2859,1,0
2025-07-21 23:00:00,172.25,172.339,172.246,172.305,2750,1,0
2025-07-22 00:00:00,172.218,172.278,172.05,172.153,968,86,0
2025-07-22 01:00:00,172.153,172.377,172.135,172.372,1887,3,0
2025-07-22 02:00:00,172.372,172.476,172.342,172.383,2308,2,0
2025-07-22 03:00:00,172.382,172.596,172.301,172.39,6801,2,0
2025-07-22 04:00:00,172.389,172.518,172.359,172.498,5277,2,0
2025-07-22 05:00:00,172.499,172.509,172.369,172.394,3984,2,0
2025-07-22 06:00:00,172.396,172.496,172.329,172.476,3723,2,0
2025-07-22 07:00:00,172.475,172.626,172.472,172.562,3751,2,0
2025-07-22 08:00:00,172.562,172.735,172.548,172.706,4031,2,0
2025-07-22 09:00:00,172.702,172.872,172.648,172.815,5148,1,0
2025-07-22 10:00:00,172.818,172.932,172.608,172.608,5808,1,0
2025-07-22 11:00:00,172.608,172.828,172.511,172.689,6308,1,0
2025-07-22 12:00:00,172.689,172.694,172.516,172.579,5677,1,0
2025-07-22 13:00:00,172.579,172.674,172.539,172.641,4208,1,0
2025-07-22 14:00:00,172.64,172.679,172.19,172.24,5924,1,0
2025-07-22 15:00:00,172.241,172.258,171.482,171.619,7849,1,0
2025-07-22 16:00:00,171.62,171.684,171.456,171.555,9578,1,0
2025-07-22 17:00:00,171.554,171.684,171.362,171.663,10699,1,0
2025-07-22 18:00:00,171.669,172.019,171.615,171.957,9249,1,0
2025-07-22 19:00:00,171.959,172.198,171.953,172.123,6436,1,0
2025-07-22 20:00:00,172.126,172.184,172.057,172.144,5310,1,0
2025-07-22 21:00:00,172.141,172.19,172.092,172.179,4478,1,0
2025-07-22 22:00:00,172.179,172.275,172.129,172.226,2979,1,0
2025-07-22 23:00:00,172.226,172.391,172.207,172.36,2718,1,0
2025-07-23 00:00:00,172.294,172.32,172.091,172.211,1245,86,0
2025-07-23 01:00:00,172.22,172.412,172.083,172.339,1959,2,0
2025-07-23 02:00:00,172.339,172.475,171.916,172.262,6553,2,0
2025-07-23 03:00:00,172.261,172.281,171.672,172.025,9329,2,0
2025-07-23 04:00:00,172.026,172.22,171.902,172.073,8268,2,0
2025-07-23 05:00:00,172.074,172.739,171.908,172.417,7779,2,0
2025-07-23 06:00:00,172.426,172.531,172.33,172.476,5022,2,0
2025-07-23 07:00:00,172.476,172.576,172.425,172.433,5392,2,0
2025-07-23 08:00:00,172.433,172.668,172.367,172.627,6232,2,0
2025-07-23 09:00:00,172.626,172.691,172.091,172.448,7372,1,0
2025-07-23 10:00:00,172.448,172.491,172.187,172.316,7719,1,0
2025-07-23 11:00:00,172.316,172.371,172.204,172.231,6774,1,0
2025-07-23 12:00:00,172.231,172.24,171.896,171.934,6260,1,0
2025-07-23 13:00:00,171.934,171.952,171.64,171.681,5615,1,0
2025-07-23 14:00:00,171.681,171.684,171.369,171.437,6540,1,0
2025-07-23 15:00:00,171.437,171.764,171.394,171.67,6513,1,0
2025-07-23 16:00:00,171.671,171.923,171.622,171.837,9230,1,0
2025-07-23 17:00:00,171.839,171.861,171.624,171.801,7913,1,0
2025-07-23 18:00:00,171.8,172.194,171.641,172.151,7570,1,0
2025-07-23 19:00:00,172.153,172.362,172.064,172.246,8994,1,0
2025-07-23 20:00:00,172.247,172.415,172.126,172.317,6400,1,0
2025-07-23 21:00:00,172.317,172.427,172.258,172.411,4947,1,0
2025-07-23 22:00:00,172.415,172.545,172.393,172.509,3781,1,0
2025-07-23 23:00:00,172.509,172.518,172.383,172.43,3563,1,0
2025-07-24 00:00:00,172.324,172.399,172.253,172.326,1281,86,0
2025-07-24 01:00:00,172.326,172.505,172.255,172.418,2873,2,0
2025-07-24 02:00:00,172.423,172.429,172.248,172.295,3302,2,0
2025-07-24 03:00:00,172.295,172.379,172.158,172.306,6906,2,0
2025-07-24 04:00:00,172.306,172.318,171.754,171.833,7512,2,0
2025-07-24 05:00:00,171.833,172.071,171.833,171.989,5336,2,0
2025-07-24 06:00:00,171.988,172.048,171.853,171.928,4532,2,0
2025-07-24 07:00:00,171.929,172.006,171.87,171.924,4196,2,0
2025-07-24 08:00:00,171.921,172.021,171.87,171.871,5522,2,0
2025-07-24 09:00:00,171.872,172.123,171.853,171.973,6878,1,0
2025-07-24 10:00:00,171.973,172.26,171.946,172.195,7709,1,0
2025-07-24 11:00:00,172.188,172.316,172.165,172.306,6428,1,0
2025-07-24 12:00:00,172.307,172.365,172.208,172.23,6392,1,0
2025-07-24 13:00:00,172.228,172.287,172.162,172.204,5325,1,0
2025-07-24 14:00:00,172.206,172.25,172.137,172.202,5452,1,0
2025-07-24 15:00:00,172.203,172.321,172.105,172.279,8290,1,0
2025-07-24 16:00:00,172.28,172.752,172.234,172.507,11574,1,0
2025-07-24 17:00:00,172.484,172.741,172.446,172.705,10729,1,0
2025-07-24 18:00:00,172.706,172.881,172.702,172.854,8399,1,0
2025-07-24 19:00:00,172.854,172.929,172.675,172.789,5920,1,0
2025-07-24 20:00:00,172.79,172.857,172.699,172.795,4734,1,0
2025-07-24 21:00:00,172.797,172.87,172.757,172.859,4229,1,0
2025-07-24 22:00:00,172.86,172.895,172.761,172.769,3145,1,0
2025-07-24 23:00:00,172.769,172.779,172.618,172.707,4288,1,0
2025-07-25 00:00:00,172.614,172.79,172.378,172.754,1339,86,0
2025-07-25 01:00:00,172.773,172.931,172.741,172.82,2714,2,0
2025-07-25 02:00:00,172.826,172.897,172.753,172.803,2867,2,0
2025-07-25 03:00:00,172.804,173.162,172.786,173.037,6774,2,0
2025-07-25 04:00:00,173.037,173.175,173.006,173.043,6391,2,0
2025-07-25 05:00:00,173.043,173.14,173.025,173.057,4318,2,0
2025-07-25 06:00:00,173.056,173.062,172.842,172.87,3657,2,0
2025-07-25 07:00:00,172.864,172.932,172.707,172.743,3918,2,0
2025-07-25 08:00:00,172.742,172.797,172.476,172.601,4531,2,0
2025-07-25 09:00:00,172.599,172.893,172.556,172.761,6850,2,0
2025-07-25 10:00:00,172.759,173.248,172.752,173.221,7785,1,0
2025-07-25 11:00:00,173.218,173.612,173.214,173.512,8362,1,0
2025-07-25 12:00:00,173.511,173.584,173.411,173.526,5938,1,0
2025-07-25 13:00:00,173.527,173.544,173.302,173.309,5389,1,0
2025-07-25 14:00:00,173.307,173.333,173.069,173.089,6275,1,0
2025-07-25 15:00:00,173.089,173.295,173.054,173.259,6384,1,0
2025-07-25 16:00:00,173.26,173.293,172.978,173.098,11867,1,0
2025-07-25 17:00:00,173.097,173.309,173.053,173.278,9451,1,0
2025-07-25 18:00:00,173.277,173.393,173.221,173.337,7248,1,0
2025-07-25 19:00:00,173.337,173.338,173.215,173.303,5872,1,0
2025-07-25 20:00:00,173.305,173.361,173.286,173.318,4460,1,0
2025-07-25 21:00:00,173.316,173.348,173.265,173.318,4521,1,0
2025-07-25 22:00:00,173.317,173.366,173.261,173.359,2708,1,0
2025-07-25 23:00:00,173.359,173.407,173.28,173.343,2775,1,0
2025-07-28 00:00:00,173.586,173.724,173.532,173.658,1616,86,0
2025-07-28 01:00:00,173.658,173.772,173.564,173.756,3798,2,0
2025-07-28 02:00:00,173.754,173.868,173.706,173.727,3747,2,0
2025-07-28 03:00:00,173.728,173.852,173.633,173.655,7948,2,0
2025-07-28 04:00:00,173.654,173.827,173.596,173.777,6943,2,0
2025-07-28 05:00:00,173.776,173.9,173.751,173.781,5085,2,0
2025-07-28 06:00:00,173.777,173.797,173.618,173.665,3777,2,0
2025-07-28 07:00:00,173.664,173.666,173.535,173.561,4414,2,0
2025-07-28 08:00:00,173.561,173.622,173.464,173.592,4653,2,0
2025-07-28 09:00:00,173.594,173.773,173.489,173.491,7932,1,0
2025-07-28 10:00:00,173.491,173.501,173.089,173.123,9319,1,0
2025-07-28 11:00:00,173.123,173.273,173.101,173.171,7746,1,0
2025-07-28 12:00:00,173.166,173.247,173.023,173.124,6994,1,0
2025-07-28 13:00:00,173.125,173.151,172.967,173.015,6485,1,0
2025-07-28 14:00:00,173.011,173.038,172.485,172.603,7529,1,0
2025-07-28 15:00:00,172.603,172.74,172.548,172.602,8798,1,0
2025-07-28 16:00:00,172.595,172.606,172.285,172.526,9924,1,0
2025-07-28 17:00:00,172.516,172.563,172.397,172.552,9059,1,0
2025-07-28 18:00:00,172.552,172.586,172.344,172.346,7695,1,0
2025-07-28 19:00:00,172.347,172.385,172.218,172.233,5392,1,0
2025-07-28 20:00:00,172.234,172.257,172.066,172.172,4864,1,0
2025-07-28 21:00:00,172.172,172.253,172.091,172.244,4164,1,0
2025-07-28 22:00:00,172.239,172.242,172.146,172.188,2773,1,0
2025-07-28 23:00:00,172.185,172.23,172.062,172.133,2575,1,0
2025-07-29 00:00:00,171.928,172.184,171.928,172.172,914,86,0
2025-07-29 01:00:00,172.17,172.252,172.075,172.166,2116,2,0
2025-07-29 02:00:00,172.167,172.263,172.152,172.153,2201,2,0
2025-07-29 03:00:00,172.156,172.285,172.05,172.25,5986,2,0
2025-07-29 04:00:00,172.251,172.323,172.077,172.232,6100,2,0
2025-07-29 05:00:00,172.231,172.251,171.97,172.037,4256,2,0
2025-07-29 06:00:00,172.037,172.066,171.797,171.84,3735,2,0
2025-07-29 07:00:00,171.841,171.919,171.76,171.915,4376,2,0
2025-07-29 08:00:00,171.915,171.918,171.577,171.643,4350,2,0
2025-07-29 09:00:00,171.643,171.73,171.265,171.295,8103,1,0
2025-07-29 10:00:00,171.297,171.682,171.297,171.678,8843,1,0
2025-07-29 11:00:00,171.68,171.867,171.616,171.864,6687,1,0
2025-07-29 12:00:00,171.866,172.086,171.726,171.974,6353,1,0
2025-07-29 13:00:00,171.975,172.029,171.903,171.923,5470,1,0
2025-07-29 14:00:00,171.924,171.944,171.568,171.617,6621,1,0
2025-07-29 15:00:00,171.616,171.628,171.38,171.385,7184,1,0
2025-07-29 16:00:00,171.383,171.536,171.301,171.499,8572,1,0
2025-07-29 17:00:00,171.482,171.563,171.078,171.078,11595,1,0
2025-07-29 18:00:00,171.08,171.387,171.048,171.359,8666,1,0
2025-07-29 19:00:00,171.361,171.535,171.359,171.463,6326,1,0
2025-07-29 20:00:00,171.463,171.542,171.371,171.376,6278,1,0
2025-07-29 21:00:00,171.376,171.535,171.372,171.441,4844,1,0
2025-07-29 22:00:00,171.441,171.526,171.425,171.519,3671,1,0
2025-07-29 23:00:00,171.518,171.54,171.391,171.395,2440,1,0
2025-07-30 00:00:00,171.34,171.4,171.336,171.37,752,114,0
2025-07-30 01:00:00,171.352,171.506,171.352,171.483,1934,2,0
2025-07-30 02:00:00,171.483,171.548,171.431,171.437,1622,2,0
2025-07-30 03:00:00,171.44,171.533,171.233,171.258,6708,2,0
2025-07-30 04:00:00,171.257,171.325,171.194,171.318,6798,2,0
2025-07-30 05:00:00,171.315,171.321,171.19,171.194,4506,2,0
2025-07-30 06:00:00,171.191,171.191,171.027,171.084,4817,2,0
2025-07-30 07:00:00,171.083,171.179,171.035,171.137,3870,2,0
2025-07-30 08:00:00,171.138,171.143,170.892,170.971,5077,2,0
2025-07-30 09:00:00,170.971,171.049,170.893,170.921,7044,1,0
2025-07-30 10:00:00,170.922,171.169,170.862,171.083,7568,1,0
2025-07-30 11:00:00,171.082,171.124,170.967,170.996,6433,1,0
2025-07-30 12:00:00,170.996,171.043,170.873,171.007,6430,1,0
2025-07-30 13:00:00,171.005,171.124,170.976,170.987,6460,1,0
2025-07-30 14:00:00,170.985,171.017,170.793,171.015,6462,1,0
2025-07-30 15:00:00,171.015,171.056,170.71,170.777,11673,1,0
2025-07-30 16:00:00,170.777,170.961,170.699,170.954,10482,1,0
2025-07-30 17:00:00,170.953,171.024,170.859,170.975,8807,1,0
2025-07-30 18:00:00,170.973,171.051,170.926,170.974,7876,1,0
2025-07-30 19:00:00,170.974,171.02,170.865,170.878,5829,1,0
2025-07-30 20:00:00,170.877,170.928,170.748,170.751,5271,1,0
2025-07-30 21:00:00,170.732,170.926,170.566,170.621,13855,1,0
2025-07-30 22:00:00,170.62,170.705,170.498,170.684,9439,1,0
2025-07-30 23:00:00,170.691,170.75,170.439,170.503,5043,1,0
2025-07-31 00:00:00,170.473,170.483,170.381,170.449,1658,86,0
2025-07-31 01:00:00,170.448,170.634,170.385,170.558,2957,2,0
2025-07-31 02:00:00,170.558,170.677,170.521,170.531,3202,2,0
2025-07-31 03:00:00,170.532,170.79,170.517,170.719,6382,2,0
2025-07-31 04:00:00,170.72,170.721,170.259,170.29,6622,2,0
2025-07-31 05:00:00,170.29,170.303,169.884,170.104,5609,2,0
2025-07-31 06:00:00,170.104,170.116,169.717,169.918,6508,2,0
2025-07-31 07:00:00,169.918,170.271,169.896,170.261,4847,2,0
2025-07-31 08:00:00,170.26,170.367,170.101,170.162,5267,2,0
2025-07-31 09:00:00,170.161,170.688,170.131,170.591,9066,1,0
2025-07-31 10:00:00,170.587,171.287,170.522,171.016,9596,1,0
2025-07-31 11:00:00,171.015,171.364,170.947,171.33,8238,1,0
2025-07-31 12:00:00,171.33,171.498,171.222,171.442,6726,1,0
2025-07-31 13:00:00,171.441,171.584,171.29,171.53,6592,1,0
2025-07-31 14:00:00,171.529,171.682,171.444,171.597,7374,1,0
2025-07-31 15:00:00,171.598,171.728,171.467,171.646,9255,1,0
2025-07-31 16:00:00,171.646,171.843,171.498,171.813,9127,1,0
2025-07-31 17:00:00,171.813,172.291,171.743,172.215,10751,1,0
2025-07-31 18:00:00,172.215,172.291,172.078,172.138,9310,1,0
2025-07-31 19:00:00,172.143,172.316,172.103,172.122,6893,1,0
2025-07-31 20:00:00,172.122,172.125,171.924,172.046,6358,1,0
2025-07-31 21:00:00,172.047,172.32,172.034,172.261,5375,1,0
2025-07-31 22:00:00,172.261,172.334,172.087,172.091,4783,1,0
2025-07-31 23:00:00,172.093,172.16,172.033,172.079,3674,1,0
2025-08-01 00:00:00,171.985,172.08,171.96,172.017,741,86,0
2025-08-01 01:00:00,172.021,172.178,172.012,172.112,3161,2,0
2025-08-01 02:00:00,172.109,172.278,172.037,172.255,4476,2,0
2025-08-01 03:00:00,172.253,172.304,172.062,172.205,7627,2,0
2025-08-01 04:00:00,172.204,172.387,172.079,172.137,8085,2,0
2025-08-01 05:00:00,172.138,172.156,171.962,172.038,6015,2,0
2025-08-01 06:00:00,172.039,172.094,171.923,171.94,4712,2,0
2025-08-01 07:00:00,171.939,172.025,171.903,171.978,4008,2,0
2025-08-01 08:00:00,171.978,172.018,171.926,172.004,4760,2,0
2025-08-01 09:00:00,172.007,172.224,171.988,172.128,6731,1,0
2025-08-01 10:00:00,172.127,172.16,171.827,171.901,8221,1,0
2025-08-01 11:00:00,171.896,171.942,171.747,171.795,6936,1,0
2025-08-01 12:00:00,171.795,171.835,171.486,171.588,6757,1,0
2025-08-01 13:00:00,171.587,171.697,171.545,171.588,6951,1,0
2025-08-01 14:00:00,171.589,171.697,171.559,171.657,6747,1,0
2025-08-01 15:00:00,171.657,171.986,171.426,171.607,15334,1,0
2025-08-01 16:00:00,171.604,171.615,171.134,171.278,17928,1,0
2025-08-01 17:00:00,171.273,171.439,170.896,171.133,17702,1,0
2025-08-01 18:00:00,171.135,171.166,170.847,171.072,12153,1,0
2025-08-01 19:00:00,171.07,171.103,170.564,170.581,8586,1,0
2025-08-01 20:00:00,170.581,170.618,170.278,170.458,8681,1,0
2025-08-01 21:00:00,170.458,170.58,170.338,170.407,7108,1,0
2025-08-01 22:00:00,170.407,170.691,170.375,170.57,8090,1,0
2025-08-01 23:00:00,170.574,170.889,170.533,170.759,5207,1,0
2025-08-04 00:00:00,170.599,170.738,170.481,170.537,1206,86,0
2025-08-04 01:00:00,170.548,170.676,170.463,170.565,4792,2,0
2025-08-04 02:00:00,170.566,170.746,170.491,170.738,4561,2,0
2025-08-04 03:00:00,170.739,170.776,170.512,170.656,9334,2,0
2025-08-04 04:00:00,170.655,171.02,170.62,170.985,8000,2,0
2025-08-04 05:00:00,170.984,171.149,170.849,171.085,6086,2,0
2025-08-04 06:00:00,171.084,171.109,170.925,171.016,4925,2,0
2025-08-04 07:00:00,171.015,171.027,170.925,170.942,4451,2,0
2025-08-04 08:00:00,170.944,171.078,170.926,170.987,5344,2,0
2025-08-04 09:00:00,170.987,171.074,170.745,170.84,7858,1,0
2025-08-04 10:00:00,170.846,171.083,170.802,171.006,9324,1,0
2025-08-04 11:00:00,171.006,171.166,170.914,170.936,8274,1,0
2025-08-04 12:00:00,170.935,171.055,170.836,170.936,7281,1,0
2025-08-04 13:00:00,170.936,170.956,170.786,170.805,6702,1,0
2025-08-04 14:00:00,170.805,170.859,170.434,170.436,8270,1,0
2025-08-04 15:00:00,170.435,170.529,170.322,170.381,8465,1,0
2025-08-04 16:00:00,170.381,170.547,170.23,170.265,9963,1,0
2025-08-04 17:00:00,170.267,170.358,170.121,170.26,10668,1,0
2025-08-04 18:00:00,170.26,170.494,170.149,170.149,8772,1,0
2025-08-04 19:00:00,170.151,170.199,170.07,170.156,5780,1,0
2025-08-04 20:00:00,170.157,170.202,170.042,170.086,5024,1,0
2025-08-04 21:00:00,170.086,170.12,169.904,169.945,5007,1,0
2025-08-04 22:00:00,169.945,170.084,169.945,170.081,3995,1,0
2025-08-04 23:00:00,170.08,170.238,170.08,170.208,3285,1,0
2025-08-05 00:00:00,170.11,170.244,169.986,170.143,1309,86,0
2025-08-05 01:00:00,170.142,170.204,170.047,170.112,2459,2,0
2025-08-05 02:00:00,170.112,170.149,169.924,170.044,3438,2,0
2025-08-05 03:00:00,170.031,170.192,169.894,170.022,7350,2,0
2025-08-05 04:00:00,170.022,170.11,169.945,170.049,6546,2,0
2025-08-05 05:00:00,170.049,170.15,170.028,170.15,4994,2,0
2025-08-05 06:00:00,170.151,170.18,170.083,170.111,3712,2,0
2025-08-05 07:00:00,170.111,170.159,169.926,169.999,3528,2,0
2025-08-05 08:00:00,170.002,170.041,169.917,169.955,4791,2,0
2025-08-05 09:00:00,169.948,170.191,169.815,170.177,6211,1,0
2025-08-05 10:00:00,170.176,170.276,170.067,170.177,7838,1,0
2025-08-05 11:00:00,170.176,170.274,170.09,170.258,7627,1,0
2025-08-05 12:00:00,170.259,170.409,170.131,170.392,6038,1,0
2025-08-05 13:00:00,170.391,170.516,170.363,170.414,5611,1,0
2025-08-05 14:00:00,170.413,170.445,170.241,170.361,6357,1,0
2025-08-05 15:00:00,170.359,170.448,170.235,170.365,9075,1,0
2025-08-05 16:00:00,170.364,170.547,170.315,170.387,8878,1,0
2025-08-05 17:00:00,170.383,170.542,170.254,170.526,12796,1,0
2025-08-05 18:00:00,170.525,170.815,170.491,170.797,8890,1,0
2025-08-05 19:00:00,170.798,170.914,170.781,170.901,5821,1,0
2025-08-05 20:00:00,170.901,170.938,170.812,170.919,4918,1,0
2025-08-05 21:00:00,170.921,170.947,170.825,170.831,4677,1,0
2025-08-05 22:00:00,170.831,170.879,170.8,170.82,3616,1,0
2025-08-05 23:00:00,170.82,170.854,170.754,170.794,2517,1,0
2025-08-06 00:00:00,170.847,170.847,170.664,170.782,1555,40,0
2025-08-06 01:00:00,170.785,170.866,170.774,170.824,2219,2,0
2025-08-06 02:00:00,170.823,170.934,170.81,170.813,2530,2,0
2025-08-06 03:00:00,170.813,170.856,170.707,170.811,5842,2,0
2025-08-06 04:00:00,170.81,170.908,170.744,170.833,5762,2,0
2025-08-06 05:00:00,170.832,170.898,170.707,170.71,4853,2,0
2025-08-06 06:00:00,170.71,170.731,170.611,170.687,4532,2,0
2025-08-06 07:00:00,170.688,170.758,170.638,170.665,3964,2,0
2025-08-06 08:00:00,170.664,170.832,170.651,170.728,4405,2,0
2025-08-06 09:00:00,170.727,170.899,170.677,170.837,5968,1,0
2025-08-06 10:00:00,170.842,170.941,170.826,170.891,6544,1,0
2025-08-06 11:00:00,170.89,171.108,170.874,171.086,6747,1,0
2025-08-06 12:00:00,171.086,171.266,171.075,171.253,6057,1,0
2025-08-06 13:00:00,171.251,171.461,171.244,171.298,6870,1,0
2025-08-06 14:00:00,171.299,171.31,171.171,171.204,5690,1,0
2025-08-06 15:00:00,171.205,171.426,171.175,171.378,6987,1,0
2025-08-06 16:00:00,171.378,171.436,171.206,171.33,8108,1,0
2025-08-06 17:00:00,171.331,171.432,171.256,171.376,9329,1,0
2025-08-06 18:00:00,171.376,171.662,171.337,171.501,8847,1,0
2025-08-06 19:00:00,171.5,171.538,171.416,171.435,6573,1,0
2025-08-06 20:00:00,171.436,171.626,171.432,171.521,6472,1,0
2025-08-06 21:00:00,171.522,171.575,171.458,171.517,5071,1,0
2025-08-06 22:00:00,171.517,171.594,171.505,171.56,3618,1,0
2025-08-06 23:00:00,171.56,171.998,171.545,171.808,3741,1,0
2025-08-07 00:00:00,171.762,171.849,171.597,171.712,1142,86,0
2025-08-07 01:00:00,171.735,171.814,171.68,171.72,2881,2,0
2025-08-07 02:00:00,171.731,171.742,171.63,171.684,2576,2,0
2025-08-07 03:00:00,171.687,171.99,171.661,171.982,6879,2,0
2025-08-07 04:00:00,171.983,172.086,171.932,171.952,6384,2,0
2025-08-07 05:00:00,171.951,172.053,171.928,172.031,4199,2,0
2025-08-07 06:00:00,172.033,172.168,171.999,172.079,4353,2,0
2025-08-07 07:00:00,172.079,172.143,171.895,171.935,4499,2,0
2025-08-07 08:00:00,171.938,171.982,171.873,171.956,4766,2,0
2025-08-07 09:00:00,171.956,171.978,171.452,171.479,6939,1,0
2025-08-07 10:00:00,171.478,171.655,171.398,171.619,8331,1,0
2025-08-07 11:00:00,171.618,172.0,171.58,171.905,9587,1,0
2025-08-07 12:00:00,171.904,172.037,171.904,171.967,6744,1,0
2025-08-07 13:00:00,171.967,172.023,171.84,171.949,7044,1,0
2025-08-07 14:00:00,171.949,172.014,171.536,171.551,9098,1,0
2025-08-07 15:00:00,171.55,171.621,171.324,171.617,9611,1,0
2025-08-07 16:00:00,171.617,171.655,171.423,171.485,10265,1,0
2025-08-07 17:00:00,171.485,171.52,171.326,171.459,11463,1,0
2025-08-07 18:00:00,171.457,171.575,171.364,171.541,8510,1,0
2025-08-07 19:00:00,171.541,171.603,171.479,171.516,5359,1,0
2025-08-07 20:00:00,171.516,171.616,171.494,171.506,6450,1,0
2025-08-07 21:00:00,171.507,171.57,171.464,171.508,4952,1,0
2025-08-07 22:00:00,171.513,171.52,171.268,171.425,6545,1,0
2025-08-07 23:00:00,171.425,171.667,171.413,171.64,3840,1,0
2025-08-08 00:00:00,171.534,171.626,171.379,171.484,1355,86,0
2025-08-08 01:00:00,171.508,171.615,171.39,171.538,3259,2,0
2025-08-08 02:00:00,171.543,171.549,171.369,171.432,3896,2,0
2025-08-08 03:00:00,171.423,171.796,171.365,171.767,7627,2,0
2025-08-08 04:00:00,171.768,171.811,171.668,171.701,6497,2,0
2025-08-08 05:00:00,171.701,171.758,171.639,171.659,3777,2,0
2025-08-08 06:00:00,171.66,171.727,171.611,171.633,3911,2,0
2025-08-08 07:00:00,171.633,171.658,171.551,171.574,3825,2,0
2025-08-08 08:00:00,171.58,171.625,171.458,171.61,5322,2,0
2025-08-08 09:00:00,171.604,171.747,171.539,171.646,6220,1,0
2025-08-08 10:00:00,171.645,171.877,171.489,171.772,7538,1,0
2025-08-08 11:00:00,171.772,171.87,171.597,171.829,8123,1,0
2025-08-08 12:00:00,171.829,171.971,171.758,171.971,7503,1,0
2025-08-08 13:00:00,171.971,171.995,171.893,171.985,6027,1,0
2025-08-08 14:00:00,171.986,172.164,171.971,172.122,6041,1,0
2025-08-08 15:00:00,172.121,172.245,172.037,172.129,8163,1,0
2025-08-08 16:00:00,172.128,172.306,172.067,172.27,8303,1,0
2025-08-08 17:00:00,172.272,172.333,172.192,172.305,8879,1,0
2025-08-08 18:00:00,172.305,172.345,172.216,172.236,7293,1,0
2025-08-08 19:00:00,172.236,172.281,172.153,172.223,5316,1,0
2025-08-08 20:00:00,172.223,172.31,172.168,172.255,3900,1,0
2025-08-08 21:00:00,172.253,172.257,172.103,172.13,5483,1,0
2025-08-08 22:00:00,172.13,172.147,171.975,172.032,4386,1,0
2025-08-08 23:00:00,172.035,172.056,171.94,171.943,3138,1,0
2025-08-11 00:00:00,171.708,171.932,171.692,171.85,1157,103,0
2025-08-11 01:00:00,171.859,172.091,171.846,172.059,2185,2,0
2025-08-11 02:00:00,172.056,172.08,171.974,171.985,2408,2,0
2025-08-11 03:00:00,171.978,172.0,171.884,171.986,5067,2,0
2025-08-11 04:00:00,171.985,172.102,171.949,172.101,5027,2,0
2025-08-11 05:00:00,172.1,172.173,172.09,172.137,3842,2,0
2025-08-11 06:00:00,172.138,172.202,172.103,172.126,3511,2,0
2025-08-11 07:00:00,172.125,172.164,172.108,172.139,3575,2,0
2025-08-11 08:00:00,172.139,172.167,172.102,172.143,3690,2,0
2025-08-11 09:00:00,172.144,172.19,172.104,172.154,5303,1,0
2025-08-11 10:00:00,172.154,172.174,171.637,171.663,6684,1,0
2025-08-11 11:00:00,171.663,171.983,171.6,171.923,6864,1,0
2025-08-11 12:00:00,171.916,171.959,171.814,171.925,5826,1,0
2025-08-11 13:00:00,171.923,172.083,171.922,172.067,4774,1,0
2025-08-11 14:00:00,172.067,172.147,171.877,171.949,6291,1,0
2025-08-11 15:00:00,171.951,171.976,171.759,171.759,7003,1,0
2025-08-11 16:00:00,171.759,171.937,171.734,171.834,7650,1,0
2025-08-11 17:00:00,171.835,171.889,171.549,171.669,8165,1,0
2025-08-11 18:00:00,171.67,171.783,171.606,171.772,6336,1,0
2025-08-11 19:00:00,171.773,171.809,171.712,171.779,4669,1,0
2025-08-11 20:00:00,171.78,171.849,171.733,171.831,4134,1,0
2025-08-11 21:00:00,171.833,172.058,171.821,172.017,4283,1,0
2025-08-11 22:00:00,172.017,172.025,171.946,172.016,2981,1,0
2025-08-11 23:00:00,172.016,172.117,172.013,172.071,2394,1,0
2025-08-12 00:00:00,171.706,172.027,171.658,172.018,1865,86,0
2025-08-12 01:00:00,172.025,172.129,172.015,172.096,1742,2,0
2025-08-12 02:00:00,172.11,172.15,172.07,172.096,1726,2,0
2025-08-12 03:00:00,172.095,172.408,172.089,172.374,6388,2,0
2025-08-12 04:00:00,172.368,172.371,172.267,172.315,5281,2,0
2025-08-12 05:00:00,172.315,172.405,172.28,172.358,3816,2,0
2025-08-12 06:00:00,172.359,172.49,172.332,172.467,3664,2,0
2025-08-12 07:00:00,172.468,172.516,172.416,172.496,4506,2,0
2025-08-12 08:00:00,172.496,172.512,172.165,172.274,6918,2,0
2025-08-12 09:00:00,172.275,172.363,172.077,172.126,7218,1,0
2025-08-12 10:00:00,172.125,172.323,172.122,172.289,7286,1,0
2025-08-12 11:00:00,172.289,172.442,172.254,172.387,6553,1,0
2025-08-12 12:00:00,172.387,172.414,172.189,172.323,6246,1,0
2025-08-12 13:00:00,172.319,172.371,172.274,172.371,5026,1,0
2025-08-12 14:00:00,172.371,172.389,172.215,172.273,5428,1,0
2025-08-12 15:00:00,172.267,172.535,172.128,172.346,12584,1,0
2025-08-12 16:00:00,172.347,172.712,172.162,172.693,13993,1,0
2025-08-12 17:00:00,172.69,172.85,172.621,172.727,10838,1,0
2025-08-12 18:00:00,172.726,172.854,172.5,172.522,9531,1,0
2025-08-12 19:00:00,172.521,172.592,172.437,172.53,5929,1,0
2025-08-12 20:00:00,172.53,172.547,172.444,172.49,5376,1,0
2025-08-12 21:00:00,172.492,172.535,172.317,172.386,4570,1,0
2025-08-12 22:00:00,172.386,172.506,172.364,172.5,3146,1,0
2025-08-12 23:00:00,172.5,172.623,172.477,172.583,2567,1,0
2025-08-13 00:00:00,172.587,172.587,172.364,172.57,1948,37,0
2025-08-13 01:00:00,172.571,172.609,172.534,172.571,1467,2,0
2025-08-13 02:00:00,172.569,172.604,172.522,172.563,1616,2,0
2025-08-13 03:00:00,172.553,172.64,172.457,172.625,5671,2,0
2025-08-13 04:00:00,172.624,172.933,172.575,172.882,5904,2,0
2025-08-13 05:00:00,172.883,173.0,172.874,172.942,4592,2,0
2025-08-13 06:00:00,172.945,173.015,172.909,172.918,4369,2,0
2025-08-13 07:00:00,172.92,173.014,172.844,172.847,4159,2,0
2025-08-13 08:00:00,172.847,172.908,172.717,172.761,4646,2,0
2025-08-13 09:00:00,172.761,172.846,172.698,172.791,6993,1,0
2025-08-13 10:00:00,172.791,172.844,172.616,172.728,7846,1,0
2025-08-13 11:00:00,172.725,172.74,172.441,172.512,7663,1,0
2025-08-13 12:00:00,172.513,172.701,172.476,172.673,6067,1,0
2025-08-13 13:00:00,172.669,172.744,172.621,172.708,6217,1,0
2025-08-13 14:00:00,172.709,172.809,172.586,172.603,6270,1,0
2025-08-13 15:00:00,172.604,172.626,172.399,172.451,7626,1,0
2025-08-13 16:00:00,172.452,172.481,172.274,172.297,8224,1,0
2025-08-13 17:00:00,172.296,172.519,172.231,172.455,9029,1,0
2025-08-13 18:00:00,172.455,172.582,172.331,172.482,7589,1,0
2025-08-13 19:00:00,172.482,172.531,172.443,172.49,5551,1,0
2025-08-13 20:00:00,172.49,172.604,172.49,172.502,4504,1,0
2025-08-13 21:00:00,172.502,172.6,172.481,172.501,4158,1,0
2025-08-13 22:00:00,172.501,172.543,172.467,172.502,2991,1,0
2025-08-13 23:00:00,172.502,172.542,172.442,172.497,2486,1,0
2025-08-14 00:00:00,172.421,172.492,172.286,172.345,1436,86,0
2025-08-14 01:00:00,172.353,172.43,172.351,172.413,1804,2,0
2025-08-14 02:00:00,172.413,172.419,172.305,172.312,1813,2,0
2025-08-14 03:00:00,172.311,172.313,171.727,171.792,6646,2,0
2025-08-14 04:00:00,171.791,171.803,171.468,171.591,7753,2,0
2025-08-14 05:00:00,171.592,171.712,171.583,171.707,5178,2,0
2025-08-14 06:00:00,171.707,171.721,171.511,171.517,4151,2,0
2025-08-14 07:00:00,171.517,171.533,171.286,171.329,3726,2,0
2025-08-14 08:00:00,171.33,171.459,171.303,171.385,5266,2,0
2025-08-14 09:00:00,171.385,171.418,171.119,171.167,7768,1,0
2025-08-14 10:00:00,171.167,171.211,170.965,171.169,8672,1,0
2025-08-14 11:00:00,171.167,171.219,170.987,171.005,7091,1,0
2025-08-14 12:00:00,171.004,171.308,170.976,171.293,6507,1,0
2025-08-14 13:00:00,171.293,171.383,171.274,171.37,6967,1,0
2025-08-14 14:00:00,171.369,171.383,171.204,171.222,6929,1,0
2025-08-14 15:00:00,171.228,171.495,171.102,171.4,11919,1,0
2025-08-14 16:00:00,171.399,171.775,171.375,171.737,11781,1,0
2025-08-14 17:00:00,171.74,172.042,171.666,171.979,10381,1,0
2025-08-14 18:00:00,171.979,172.202,171.96,171.96,8981,1,0
2025-08-14 19:00:00,171.956,172.137,171.956,172.01,5753,1,0
2025-08-14 20:00:00,172.015,172.096,171.995,172.072,4777,1,0
2025-08-14 21:00:00,172.074,172.16,172.069,172.148,3644,1,0
2025-08-14 22:00:00,172.148,172.18,172.131,172.131,2956,1,0
2025-08-14 23:00:00,172.132,172.143,172.048,172.094,2407,1,0
2025-08-15 00:00:00,172.005,172.163,171.992,172.14,1129,86,0
2025-08-15 01:00:00,172.139,172.2,172.117,172.16,1600,2,0
2025-08-15 02:00:00,172.16,172.212,172.051,172.056,2218,2,0
2025-08-15 03:00:00,172.058,172.09,171.828,171.849,5327,2,0
2025-08-15 04:00:00,171.845,171.888,171.607,171.632,5303,2,0
2025-08-15 05:00:00,171.632,171.747,171.625,171.686,4307,2,0
2025-08-15 06:00:00,171.685,171.755,171.612,171.667,3617,2,0
2025-08-15 07:00:00,171.666,171.675,171.543,171.605,2813,2,0
2025-08-15 08:00:00,171.606,171.76,171.502,171.736,3740,2,0
2025-08-15 09:00:00,171.735,171.788,171.637,171.69,6597,1,0
2025-08-15 10:00:00,171.689,171.897,171.675,171.745,6777,1,0
2025-08-15 11:00:00,171.744,171.746,171.528,171.563,6654,1,0
2025-08-15 12:00:00,171.563,171.705,171.513,171.679,5637,1,0
2025-08-15 13:00:00,171.679,171.746,171.585,171.724,4909,1,0
2025-08-15 14:00:00,171.725,171.852,171.713,171.796,4921,1,0
2025-08-15 15:00:00,171.786,171.946,171.649,171.777,9254,1,0
2025-08-15 16:00:00,171.776,172.024,171.717,171.991,9677,1,0
2025-08-15 17:00:00,171.992,172.197,171.863,171.984,9659,1,0
2025-08-15 18:00:00,171.986,172.147,171.979,172.1,7353,1,0
2025-08-15 19:00:00,172.101,172.301,172.093,172.275,5132,1,0
2025-08-15 20:00:00,172.276,172.374,172.247,172.332,4276,1,0
2025-08-15 21:00:00,172.333,172.351,172.268,172.272,4151,1,0
2025-08-15 22:00:00,172.272,172.301,172.247,172.28,2634,1,0
2025-08-15 23:00:00,172.28,172.338,172.176,172.211,2616,1,0
2025-08-18 00:00:00,172.274,172.395,172.248,172.385,1052,86,0
2025-08-18 01:00:00,172.386,172.409,172.257,172.391,2000,2,0
2025-08-18 02:00:00,172.392,172.505,172.349,172.349,2531,2,0
2025-08-18 03:00:00,172.349,172.575,172.343,172.511,6093,2,0
2025-08-18 04:00:00,172.512,172.602,172.426,172.428,5141,2,0
2025-08-18 05:00:00,172.427,172.599,172.415,172.553,3524,2,0
2025-08-18 06:00:00,172.552,172.566,172.427,172.497,3573,2,0
2025-08-18 07:00:00,172.497,172.65,172.496,172.557,3998,2,0
2025-08-18 08:00:00,172.556,172.579,172.494,172.525,3536,2,0
2025-08-18 09:00:00,172.521,172.555,172.347,172.381,6544,1,0
2025-08-18 10:00:00,172.381,172.403,172.164,172.246,7855,1,0
2025-08-18 11:00:00,172.247,172.258,172.065,172.124,7557,1,0
2025-08-18 12:00:00,172.122,172.224,172.051,172.176,6150,1,0
2025-08-18 13:00:00,172.17,172.239,172.145,172.202,5082,1,0
2025-08-18 14:00:00,172.204,172.342,172.203,172.266,5326,1,0
2025-08-18 15:00:00,172.273,172.506,172.254,172.489,7042,1,0
2025-08-18 16:00:00,172.489,172.679,172.446,172.62,7090,1,0
2025-08-18 17:00:00,172.621,172.636,172.469,172.564,8266,1,0
2025-08-18 18:00:00,172.564,172.633,172.388,172.393,6680,1,0
2025-08-18 19:00:00,172.389,172.389,172.268,172.291,5321,1,0
2025-08-18 20:00:00,172.291,172.415,172.176,172.379,4699,1,0
2025-08-18 21:00:00,172.381,172.468,172.332,172.403,3490,1,0
2025-08-18 22:00:00,172.403,172.553,172.39,172.467,2706,1,0
2025-08-18 23:00:00,172.466,172.566,172.37,172.402,2566,1,0
2025-08-19 00:00:00,172.42,172.427,172.182,172.353,957,45,0
2025-08-19 01:00:00,172.361,172.616,172.339,172.565,2039,2,0
2025-08-19 02:00:00,172.566,172.619,172.536,172.592,1938,2,0
2025-08-19 03:00:00,172.592,172.622,172.278,172.282,5397,2,0
2025-08-19 04:00:00,172.28,172.434,171.99,172.121,7261,2,0
2025-08-19 05:00:00,172.12,172.24,172.076,172.238,4473,2,0
2025-08-19 06:00:00,172.238,172.362,172.166,172.294,4492,2,0
2025-08-19 07:00:00,172.295,172.369,172.261,172.298,3962,2,0
2025-08-19 08:00:00,172.296,172.347,172.083,172.083,4594,2,0
2025-08-19 09:00:00,172.08,172.325,172.02,172.315,6198,1,0
2025-08-19 10:00:00,172.315,172.574,172.303,172.57,6625,1,0
2025-08-19 11:00:00,172.57,172.62,172.361,172.397,6274,1,0
2025-08-19 12:00:00,172.397,172.607,172.36,172.585,5472,1,0
2025-08-19 13:00:00,172.585,172.659,172.493,172.655,5405,1,0
2025-08-19 14:00:00,172.653,172.701,172.565,172.612,5536,1,0
2025-08-19 15:00:00,172.612,172.692,172.51,172.542,7073,1,0
2025-08-19 16:00:00,172.543,172.651,172.359,172.406,7863,1,0
2025-08-19 17:00:00,172.404,172.472,172.227,172.43,7510,1,0
2025-08-19 18:00:00,172.431,172.441,172.219,172.225,6568,1,0
2025-08-19 19:00:00,172.226,172.251,172.053,172.081,4983,1,0
2025-08-19 20:00:00,172.08,172.103,171.867,171.873,4255,1,0
2025-08-19 21:00:00,171.872,171.897,171.737,171.811,3925,1,0
2025-08-19 22:00:00,171.811,171.886,171.697,171.88,3023,1,0
2025-08-19 23:00:00,171.881,171.996,171.88,171.976,2486,1,0
2025-08-20 00:00:00,171.976,171.976,171.679,171.819,2445,28,0
2025-08-20 01:00:00,171.823,171.956,171.818,171.938,1946,2,0
2025-08-20 02:00:00,171.936,172.011,171.925,171.987,2272,2,0
2025-08-20 03:00:00,171.988,171.996,171.686,171.751,5842,2,0
2025-08-20 04:00:00,171.748,171.827,171.488,171.503,6119,2,0
2025-08-20 05:00:00,171.503,171.641,171.468,171.581,5428,2,0
2025-08-20 06:00:00,171.581,171.681,171.547,171.621,4231,2,0
2025-08-20 07:00:00,171.623,171.736,171.597,171.698,3082,2,0
2025-08-20 08:00:00,171.698,171.698,171.559,171.634,3579,2,0
2025-08-20 09:00:00,171.633,171.666,171.116,171.455,7629,1,0
2025-08-20 10:00:00,171.453,171.916,171.43,171.903,7557,1,0
2025-08-20 11:00:00,171.903,171.943,171.679,171.759,6363,1,0
2025-08-20 12:00:00,171.76,171.77,171.625,171.74,4831,1,0
2025-08-20 13:00:00,171.74,171.812,171.677,171.731,4525,1,0
2025-08-20 14:00:00,171.733,171.79,171.67,171.765,5156,1,0
2025-08-20 15:00:00,171.767,171.93,171.711,171.885,7905,1,0
2025-08-20 16:00:00,171.884,171.947,171.505,171.568,8642,1,0
2025-08-20 17:00:00,171.569,171.679,171.348,171.443,10985,1,0
2025-08-20 18:00:00,171.444,171.606,171.337,171.452,7777,1,0
2025-08-20 19:00:00,171.452,171.628,171.449,171.531,5394,1,0
2025-08-20 20:00:00,171.526,171.624,171.522,171.6,4716,1,0
2025-08-20 21:00:00,171.59,171.714,171.536,171.641,5296,1,0
2025-08-20 22:00:00,171.641,171.722,171.621,171.696,3032,1,0
2025-08-20 23:00:00,171.7,171.787,171.576,171.609,2385,1,0
2025-08-21 00:00:00,171.624,171.635,171.524,171.55,1096,91,0
2025-08-21 01:00:00,171.551,171.721,171.528,171.695,1926,2,0
2025-08-21 02:00:00,171.693,171.75,171.618,171.624,2925,2,0
2025-08-21 03:00:00,171.62,171.744,171.547,171.658,6980,2,0
2025-08-21 04:00:00,171.657,171.77,171.616,171.694,6806,2,0
2025-08-21 05:00:00,171.691,171.744,171.521,171.606,5367,2,0
2025-08-21 06:00:00,171.606,171.707,171.55,171.68,3954,2,0
2025-08-21 07:00:00,171.681,171.681,171.599,171.633,3329,2,0
2025-08-21 08:00:00,171.637,171.797,171.602,171.743,4706,2,0
2025-08-21 09:00:00,171.744,171.745,171.53,171.618,6907,1,0
2025-08-21 10:00:00,171.621,172.082,171.574,172.082,7546,1,0
2025-08-21 11:00:00,172.036,172.076,171.938,172.014,6670,1,0
2025-08-21 12:00:00,172.014,172.211,171.949,172.104,6003,1,0
2025-08-21 13:00:00,172.102,172.279,172.089,172.229,5961,1,0
2025-08-21 14:00:00,172.226,172.362,172.184,172.19,6497,1,0
2025-08-21 15:00:00,172.191,172.196,171.955,172.083,8147,1,0
2025-08-21 16:00:00,172.081,172.183,171.684,171.759,9755,1,0
2025-08-21 17:00:00,171.739,172.129,171.715,172.092,10011,1,0
2025-08-21 18:00:00,172.096,172.276,172.068,172.157,9490,1,0
2025-08-21 19:00:00,172.156,172.246,172.128,172.177,5406,1,0
2025-08-21 20:00:00,172.177,172.267,172.089,172.214,4925,1,0
2025-08-21 21:00:00,172.213,172.227,172.143,172.226,4151,1,0
2025-08-21 22:00:00,172.227,172.265,172.179,172.19,2754,1,0
2025-08-21 23:00:00,172.191,172.214,172.16,172.205,1817,1,0
2025-08-22 00:00:00,172.178,172.221,171.987,172.176,2214,35,0
2025-08-22 01:00:00,172.181,172.29,172.158,172.267,1399,2,0
2025-08-22 02:00:00,172.267,172.371,172.228,172.312,2258,2,0
2025-08-22 03:00:00,172.313,172.477,172.193,172.447,5903,2,0
2025-08-22 04:00:00,172.449,172.53,172.31,172.439,5348,2,0
2025-08-22 05:00:00,172.439,172.462,172.36,172.373,4321,2,0
2025-08-22 06:00:00,172.372,172.411,172.266,172.31,4348,2,0
2025-08-22 07:00:00,172.312,172.404,172.234,172.315,3613,2,0
2025-08-22 08:00:00,172.315,172.346,172.191,172.255,4047,2,0
2025-08-22 09:00:00,172.257,172.288,172.054,172.113,6035,1,0
2025-08-22 10:00:00,172.113,172.32,172.107,172.298,5771,1,0
2025-08-22 11:00:00,172.3,172.413,172.211,172.411,5667,1,0
2025-08-22 12:00:00,172.413,172.481,172.36,172.444,5304,1,0
2025-08-22 13:00:00,172.444,172.503,172.335,172.354,4753,1,0
2025-08-22 14:00:00,172.354,172.603,172.352,172.569,6266,1,0
2025-08-22 15:00:00,172.569,172.635,172.534,172.629,6871,1,0
2025-08-22 16:00:00,172.63,172.675,172.323,172.38,7555,1,0
2025-08-22 17:00:00,172.378,172.581,171.823,172.088,18017,1,0
2025-08-22 18:00:00,172.088,172.114,171.909,171.974,10761,1,0
2025-08-22 19:00:00,171.971,172.03,171.891,171.967,7690,1,0
2025-08-22 20:00:00,171.968,172.134,171.959,172.113,5695,1,0
2025-08-22 21:00:00,172.113,172.2,172.069,172.146,4377,1,0
2025-08-22 22:00:00,172.149,172.275,172.108,172.235,3373,1,0
2025-08-22 23:00:00,172.232,172.274,172.186,172.19,2182,1,0
2025-08-25 00:00:00,172.11,172.214,172.046,172.134,1123,86,0
2025-08-25 01:00:00,172.135,172.262,172.092,172.252,2649,2,0
2025-08-25 02:00:00,172.252,172.479,172.252,172.423,2762,2,0
2025-08-25 03:00:00,172.422,172.575,172.33,172.413,6563,2,0
2025-08-25 04:00:00,172.413,172.476,172.289,172.398,5294,2,0
2025-08-25 05:00:00,172.397,172.55,172.372,172.456,4235,2,0
2025-08-25 06:00:00,172.457,172.505,172.424,172.488,3292,2,0
2025-08-25 07:00:00,172.488,172.514,172.321,172.351,3444,2,0
2025-08-25 08:00:00,172.352,172.453,172.332,172.346,3169,2,0
2025-08-25 09:00:00,172.345,172.515,172.342,172.401,5631,1,0
2025-08-25 10:00:00,172.401,172.507,172.321,172.347,5648,1,0
2025-08-25 11:00:00,172.347,172.478,172.342,172.386,4811,1,0
2025-08-25 12:00:00,172.385,172.386,172.251,172.297,4341,1,0
2025-08-25 13:00:00,172.298,172.387,172.259,172.325,4766,1,0
2025-08-25 14:00:00,172.324,172.412,172.23,172.408,5184,1,0
2025-08-25 15:00:00,172.407,172.467,172.317,172.431,5705,1,0
2025-08-25 16:00:00,172.433,172.663,172.392,172.4,7626,1,0
2025-08-25 17:00:00,172.401,172.581,172.335,172.416,8187,1,0
2025-08-25 18:00:00,172.414,172.416,172.238,172.254,8315,1,0
2025-08-25 19:00:00,172.255,172.256,171.922,171.949,5704,1,0
2025-08-25 20:00:00,171.949,171.955,171.778,171.865,5239,1,0
2025-08-25 21:00:00,171.865,171.893,171.734,171.756,5634,1,0
2025-08-25 22:00:00,171.751,171.763,171.576,171.615,4789,1,0
2025-08-25 23:00:00,171.614,171.715,171.607,171.666,3008,1,0
2025-08-26 00:00:00,171.499,171.776,171.499,171.598,1952,86,0
2025-08-26 01:00:00,171.585,171.73,171.567,171.672,1965,2,0
2025-08-26 02:00:00,171.67,171.737,171.641,171.675,2356,2,0
2025-08-26 03:00:00,171.676,171.699,171.328,171.353,13352,2,0
2025-08-26 04:00:00,171.352,171.539,171.35,171.502,7371,2,0
2025-08-26 05:00:00,171.504,171.733,171.479,171.665,5892,2,0
2025-08-26 06:00:00,171.665,171.835,171.646,171.822,5134,2,0
2025-08-26 07:00:00,171.821,171.886,171.782,171.882,4210,2,0
2025-08-26 08:00:00,171.882,171.998,171.85,171.951,5160,2,0
2025-08-26 09:00:00,171.948,172.003,171.631,171.747,8387,1,0
2025-08-26 10:00:00,171.744,171.844,171.515,171.647,9692,1,0
2025-08-26 11:00:00,171.649,171.657,171.33,171.447,7799,1,0
2025-08-26 12:00:00,171.447,171.808,171.442,171.784,6640,1,0
2025-08-26 13:00:00,171.785,171.893,171.729,171.864,5952,1,0
2025-08-26 14:00:00,171.864,171.952,171.79,171.849,6885,1,0
2025-08-26 15:00:00,171.85,171.885,171.744,171.831,8243,1,0
2025-08-26 16:00:00,171.831,172.043,171.819,171.866,8833,1,0
2025-08-26 17:00:00,171.904,172.118,171.885,171.907,9599,1,0
2025-08-26 18:00:00,171.908,171.915,171.627,171.709,7827,1,0
2025-08-26 19:00:00,171.713,171.724,171.517,171.598,5471,1,0
2025-08-26 20:00:00,171.594,171.634,171.511,171.527,4702,1,0
2025-08-26 21:00:00,171.526,171.676,171.518,171.598,4602,1,0
2025-08-26 22:00:00,171.598,171.677,171.543,171.621,3902,1,0
2025-08-26 23:00:00,171.62,171.652,171.554,171.612,2907,1,0
2025-08-27 00:00:00,171.482,171.641,171.456,171.619,1895,86,0
2025-08-27 01:00:00,171.624,171.716,171.563,171.653,1793,2,0
2025-08-27 02:00:00,171.654,171.696,171.581,171.615,1980,2,0
2025-08-27 03:00:00,171.616,171.778,171.57,171.733,5326,2,0
2025-08-27 04:00:00,171.735,171.8,171.693,171.716,5333,2,0
2025-08-27 05:00:00,171.716,171.831,171.679,171.817,4128,2,0
2025-08-27 06:00:00,171.816,171.912,171.797,171.858,4012,2,0
2025-08-27 07:00:00,171.856,171.889,171.782,171.826,4230,2,0
2025-08-27 08:00:00,171.826,171.869,171.738,171.764,4377,2,0
2025-08-27 09:00:00,171.764,171.791,171.584,171.652,5748,1,0
2025-08-27 10:00:00,171.654,171.679,171.417,171.448,6798,1,0
2025-08-27 11:00:00,171.449,171.532,171.251,171.415,7224,1,0
2025-08-27 12:00:00,171.417,171.572,171.396,171.572,5974,1,0
2025-08-27 13:00:00,171.573,171.603,171.473,171.513,5764,1,0
2025-08-27 14:00:00,171.511,171.651,171.477,171.636,5373,1,0
2025-08-27 15:00:00,171.634,171.697,171.49,171.562,7593,1,0
2025-08-27 16:00:00,171.562,171.783,171.535,171.747,8322,1,0
2025-08-27 17:00:00,171.747,171.764,171.351,171.408,8198,1,0
2025-08-27 18:00:00,171.409,171.56,171.383,171.547,7316,1,0
2025-08-27 19:00:00,171.546,171.588,171.42,171.503,6110,1,0
2025-08-27 20:00:00,171.502,171.536,171.437,171.488,4986,1,0
2025-08-27 21:00:00,171.489,171.537,171.419,171.439,4170,1,0
2025-08-27 22:00:00,171.439,171.578,171.439,171.566,3439,1,0
2025-08-27 23:00:00,171.565,171.602,171.49,171.547,3403,1,0
2025-08-28 00:00:00,171.508,171.548,171.31,171.468,1682,86,0
2025-08-28 01:00:00,171.484,171.549,171.381,171.488,2632,2,0
2025-08-28 02:00:00,171.488,171.616,171.431,171.611,2906,2,0
2025-08-28 03:00:00,171.614,171.748,171.494,171.534,5901,2,0
2025-08-28 04:00:00,171.531,171.649,171.442,171.584,5430,2,0
2025-08-28 05:00:00,171.59,171.719,171.559,171.577,4648,2,0
2025-08-28 06:00:00,171.576,171.62,171.251,171.265,3761,2,0
2025-08-28 07:00:00,171.265,171.373,171.243,171.294,3635,2,0
2025-08-28 08:00:00,171.297,171.338,171.146,171.21,4154,2,0
2025-08-28 09:00:00,171.214,171.548,171.115,171.507,6674,1,0
2025-08-28 10:00:00,171.506,171.613,171.352,171.352,7121,1,0
2025-08-28 11:00:00,171.353,171.448,171.305,171.365,6953,1,0
2025-08-28 12:00:00,171.364,171.42,171.307,171.398,5951,1,0
2025-08-28 13:00:00,171.401,171.558,171.392,171.487,6707,1,0
2025-08-28 14:00:00,171.484,171.497,171.263,171.411,6287,1,0
2025-08-28 15:00:00,171.409,171.748,171.386,171.657,9732,1,0
2025-08-28 16:00:00,171.657,171.719,171.576,171.685,9463,1,0
2025-08-28 17:00:00,171.687,171.794,171.513,171.528,9006,1,0
2025-08-28 18:00:00,171.527,171.622,171.458,171.568,7193,1,0
2025-08-28 19:00:00,171.57,171.676,171.551,171.656,4758,1,0
2025-08-28 20:00:00,171.653,171.663,171.506,171.588,5019,1,0
2025-08-28 21:00:00,171.589,171.665,171.581,171.616,4043,1,0
2025-08-28 22:00:00,171.616,171.68,171.6,171.637,3547,1,0
2025-08-28 23:00:00,171.637,171.708,171.628,171.64,2260,1,0
2025-08-29 00:00:00,171.642,171.642,171.372,171.578,2045,53,0
2025-08-29 01:00:00,171.58,171.711,171.546,171.644,3144,2,0
2025-08-29 02:00:00,171.645,171.66,171.475,171.476,2621,2,0
2025-08-29 03:00:00,171.478,171.601,171.371,171.411,6358,2,0
2025-08-29 04:00:00,171.407,171.563,171.379,171.389,6797,2,0
2025-08-29 05:00:00,171.388,171.413,171.236,171.302,4457,2,0
2025-08-29 06:00:00,171.305,171.447,171.297,171.424,3524,2,0
2025-08-29 07:00:00,171.426,171.466,171.323,171.36,4064,2,0
2025-08-29 08:00:00,171.359,171.562,171.348,171.561,4191,2,0
2025-08-29 09:00:00,171.56,171.705,171.444,171.684,6077,1,0
2025-08-29 10:00:00,171.681,171.76,171.497,171.646,6886,1,0
2025-08-29 11:00:00,171.645,171.707,171.53,171.578,6758,1,0
2025-08-29 12:00:00,171.579,171.72,171.533,171.699,6173,1,0
2025-08-29 13:00:00,171.7,171.784,171.659,171.749,5611,1,0
2025-08-29 14:00:00,171.747,171.798,171.676,171.734,5457,1,0
2025-08-29 15:00:00,171.732,171.795,171.578,171.755,7816,1,0
2025-08-29 16:00:00,171.758,171.844,171.612,171.654,8147,1,0
2025-08-29 17:00:00,171.658,171.879,171.594,171.848,10833,1,0
2025-08-29 18:00:00,171.847,171.929,171.796,171.796,8550,1,0
2025-08-29 19:00:00,171.795,171.983,171.789,171.914,4996,1,0
2025-08-29 20:00:00,171.914,171.972,171.834,171.915,3695,1,0
2025-08-29 21:00:00,171.915,171.983,171.897,171.982,3132,1,0
2025-08-29 22:00:00,171.982,172.011,171.875,171.915,2823,1,0
2025-08-29 23:00:00,171.917,171.966,171.778,171.816,2558,1,0
2025-09-01 00:00:00,171.935,171.936,171.766,171.804,618,86,0
2025-09-01 01:00:00,171.815,171.998,171.8,171.976,1827,2,0
2025-09-01 02:00:00,171.973,172.041,171.93,171.983,2445,2,0
2025-09-01 03:00:00,171.984,172.25,171.98,172.215,4628,2,0
2025-09-01 04:00:00,172.215,172.275,172.157,172.252,5211,2,0
2025-09-01 05:00:00,172.252,172.28,172.012,172.036,4888,2,0
2025-09-01 06:00:00,172.035,172.116,171.962,171.982,4544,2,0
2025-09-01 07:00:00,171.984,172.18,171.966,172.164,4202,2,0
2025-09-01 08:00:00,172.164,172.19,172.052,172.097,4324,2,0
2025-09-01 09:00:00,172.097,172.301,172.071,172.286,6511,1,0
2025-09-01 10:00:00,172.286,172.502,172.267,172.449,7087,1,0
2025-09-01 11:00:00,172.445,172.504,172.383,172.496,5990,1,0
2025-09-01 12:00:00,172.496,172.496,172.313,172.395,5823,1,0
2025-09-01 13:00:00,172.395,172.48,172.362,172.423,4846,1,0
2025-09-01 14:00:00,172.424,172.545,172.367,172.392,6019,1,0
2025-09-01 15:00:00,172.389,172.462,172.333,172.335,6050,1,0
2025-09-01 16:00:00,172.336,172.462,172.328,172.401,6145,1,0
2025-09-01 17:00:00,172.405,172.492,172.389,172.491,6289,1,0
2025-09-01 18:00:00,172.487,172.5,172.297,172.3,5177,1,0
2025-09-01 19:00:00,172.3,172.34,172.25,172.34,2730,1,0
2025-09-01 20:00:00,172.34,172.345,172.275,172.31,1941,1,0
2025-09-01 21:00:00,172.311,172.358,172.3,172.356,1567,1,0
2025-09-01 22:00:00,172.357,172.395,172.328,172.392,1912,1,0
2025-09-01 23:00:00,172.385,172.401,172.327,172.347,1609,1,0
2025-09-02 00:00:00,172.344,172.387,172.202,172.281,2018,45,0
2025-09-02 01:00:00,172.285,172.422,172.241,172.351,2110,2,0
2025-09-02 02:00:00,172.351,172.355,172.27,172.319,2316,2,0
2025-09-02 03:00:00,172.319,172.505,172.297,172.407,5990,2,0
2025-09-02 04:00:00,172.408,172.724,172.316,172.681,6871,2,0
2025-09-02 05:00:00,172.681,172.762,172.646,172.742,5401,2,0
2025-09-02 06:00:00,172.743,172.78,172.611,172.744,4201,2,0
2025-09-02 07:00:00,172.744,172.887,172.696,172.742,4098,2,0
2025-09-02 08:00:00,172.742,172.991,172.733,172.979,5065,2,0
2025-09-02 09:00:00,172.98,173.238,172.976,173.158,6570,1,0
2025-09-02 10:00:00,173.156,173.415,173.078,173.117,11739,1,0
2025-09-02 11:00:00,173.119,173.166,172.662,172.847,10616,1,0
2025-09-02 12:00:00,172.844,172.895,172.734,172.89,8777,1,0
2025-09-02 13:00:00,172.891,173.018,172.809,172.853,7879,1,0
2025-09-02 14:00:00,172.856,173.14,172.772,173.091,8479,1,0
2025-09-02 15:00:00,173.093,173.204,172.835,172.887,11157,1,0
2025-09-02 16:00:00,172.889,172.963,172.787,172.883,10742,1,0
2025-09-02 17:00:00,172.893,172.961,172.639,172.703,12535,1,0
2025-09-02 18:00:00,172.704,172.878,172.691,172.727,8994,1,0
2025-09-02 19:00:00,172.73,172.756,172.655,172.679,5600,1,0
2025-09-02 20:00:00,172.679,172.816,172.643,172.747,4343,1,0
2025-09-02 21:00:00,172.748,172.771,172.652,172.724,4795,1,0
2025-09-02 22:00:00,172.724,172.727,172.623,172.703,3320,1,0
2025-09-02 23:00:00,172.703,172.74,172.666,172.673,2588,1,0
2025-09-03 00:00:00,172.577,172.699,172.459,172.679,1161,86,0
2025-09-03 01:00:00,172.698,172.883,172.665,172.806,2131,2,0
2025-09-03 02:00:00,172.804,172.855,172.75,172.839,2742,2,0
2025-09-03 03:00:00,172.837,173.069,172.75,173.046,5785,2,0
2025-09-03 04:00:00,173.045,173.172,172.986,173.138,5488,2,0
2025-09-03 05:00:00,173.138,173.15,173.019,173.067,4442,2,0
2025-09-03 06:00:00,173.065,173.133,173.053,173.087,3465,2,0
2025-09-03 07:00:00,173.087,173.111,172.782,172.836,3939,2,0
2025-09-03 08:00:00,172.837,172.896,172.751,172.819,4128,2,0
2025-09-03 09:00:00,172.822,172.968,172.769,172.887,6043,1,0
2025-09-03 10:00:00,172.882,173.13,172.874,173.066,8458,1,0
2025-09-03 11:00:00,173.067,173.277,173.04,173.2,7399,1,0
2025-09-03 12:00:00,173.2,173.291,173.099,173.158,6933,1,0
2025-09-03 13:00:00,173.157,173.158,173.024,173.133,6070,1,0
2025-09-03 14:00:00,173.132,173.217,173.056,173.163,7101,1,0
2025-09-03 15:00:00,173.161,173.304,173.146,173.241,7976,1,0
2025-09-03 16:00:00,173.24,173.282,173.126,173.143,9549,1,0
2025-09-03 17:00:00,173.14,173.14,172.82,172.823,11749,1,0
2025-09-03 18:00:00,172.822,173.003,172.742,172.751,8477,1,0
2025-09-03 19:00:00,172.75,172.78,172.606,172.722,5419,1,0
2025-09-03 20:00:00,172.72,172.726,172.601,172.628,4714,1,0
2025-09-03 21:00:00,172.629,172.666,172.542,172.561,4738,1,0
2025-09-03 22:00:00,172.561,172.703,172.546,172.694,3180,1,0
2025-09-03 23:00:00,172.695,172.777,172.654,172.706,2404,1,0
2025-09-04 00:00:00,172.639,172.663,172.518,172.606,2123,86,0
2025-09-04 01:00:00,172.626,172.744,172.626,172.642,1589,2,0
2025-09-04 02:00:00,172.644,172.649,172.508,172.554,2213,2,0
2025-09-04 03:00:00,172.551,172.707,172.467,172.58,7230,2,0
2025-09-04 04:00:00,172.579,172.629,172.452,172.557,6617,2,0
2025-09-04 05:00:00,172.557,172.686,172.553,172.623,5951,2,0
2025-09-04 06:00:00,172.623,172.758,172.607,172.752,4296,2,0
2025-09-04 07:00:00,172.752,172.799,172.609,172.72,3524,2,0
2025-09-04 08:00:00,172.72,172.775,172.643,172.759,4003,2,0
2025-09-04 09:00:00,172.765,172.805,172.672,172.674,6175,1,0
2025-09-04 10:00:00,172.673,172.892,172.66,172.856,7156,1,0
2025-09-04 11:00:00,172.851,172.928,172.68,172.787,6590,1,0
2025-09-04 12:00:00,172.788,172.796,172.625,172.693,6012,1,0
2025-09-04 13:00:00,172.693,172.84,172.674,172.762,5765,1,0
2025-09-04 14:00:00,172.759,172.842,172.675,172.717,6337,1,0
2025-09-04 15:00:00,172.717,172.88,172.526,172.857,9646,1,0
2025-09-04 16:00:00,172.857,173.046,172.791,172.92,9105,1,0
2025-09-04 17:00:00,172.854,173.08,172.829,173.05,10478,1,0
2025-09-04 18:00:00,173.055,173.214,173.008,173.119,6774,1,0
2025-09-04 19:00:00,173.118,173.127,172.969,172.983,5304,1,0
2025-09-04 20:00:00,172.983,173.01,172.952,172.987,4247,1,0
2025-09-04 21:00:00,172.987,173.054,172.968,172.988,3461,1,0
2025-09-04 22:00:00,172.988,173.036,172.952,172.995,2513,1,0
2025-09-04 23:00:00,172.996,173.05,172.951,172.969,2347,1,0
2025-09-05 00:00:00,172.864,172.946,172.725,172.876,1432,86,0
2025-09-05 01:00:00,172.892,173.03,172.843,172.964,1482,2,0
2025-09-05 02:00:00,172.964,173.016,172.885,173.016,2422,2,0
2025-09-05 03:00:00,173.013,173.035,172.712,172.76,6396,2,0
2025-09-05 04:00:00,172.762,172.898,172.753,172.889,5581,2,0
2025-09-05 05:00:00,172.889,172.946,172.869,172.902,3394,2,0
2025-09-05 06:00:00,172.901,172.959,172.855,172.941,3103,2,0
2025-09-05 07:00:00,172.94,172.99,172.901,172.927,3129,2,0
2025-09-05 08:00:00,172.925,173.051,172.89,173.014,3418,2,0
2025-09-05 09:00:00,173.016,173.071,172.941,172.976,6049,1,0
2025-09-05 10:00:00,172.977,173.102,172.908,173.077,6611,1,0
2025-09-05 11:00:00,173.072,173.111,172.998,173.1,5340,1,0
2025-09-05 12:00:00,173.102,173.195,173.054,173.185,4936,1,0
2025-09-05 13:00:00,173.186,173.268,173.143,173.198,4723,1,0
2025-09-05 14:00:00,173.198,173.235,173.109,173.199,5565,1,0
2025-09-05 15:00:00,173.199,173.269,172.754,172.846,14826,1,0
2025-09-05 16:00:00,172.843,172.879,172.557,172.778,13716,1,0
2025-09-05 17:00:00,172.782,172.87,172.491,172.622,12203,1,0
2025-09-05 18:00:00,172.622,172.698,172.513,172.661,8755,1,0
2025-09-05 19:00:00,172.661,172.735,172.578,172.723,6773,1,0
2025-09-05 20:00:00,172.723,172.756,172.65,172.693,5327,1,0
2025-09-05 21:00:00,172.693,172.793,172.654,172.786,4413,1,0
2025-09-05 22:00:00,172.786,172.818,172.734,172.794,3239,1,0
2025-09-05 23:00:00,172.798,172.84,172.673,172.687,3191,1,0
2025-09-08 00:00:00,173.38,173.643,173.226,173.294,1795,93,0
2025-09-08 01:00:00,173.294,173.801,173.28,173.755,5387,2,0
2025-09-08 02:00:00,173.758,173.868,173.553,173.712,5045,2,0
2025-09-08 03:00:00,173.705,173.911,173.676,173.745,7915,2,0
2025-09-08 04:00:00,173.744,173.811,173.477,173.515,7340,2,0
2025-09-08 05:00:00,173.51,173.526,173.36,173.478,5601,2,0
2025-09-08 06:00:00,173.476,173.551,173.409,173.537,4688,2,0
2025-09-08 07:00:00,173.537,173.561,173.481,173.551,3684,2,0
2025-09-08 08:00:00,173.543,173.605,173.45,173.544,4081,2,0
2025-09-08 09:00:00,173.542,173.571,173.308,173.36,7210,1,0
2025-09-08 10:00:00,173.362,173.362,173.07,173.096,7921,1,0
2025-09-08 11:00:00,173.095,173.277,173.063,173.252,7022,1,0
2025-09-08 12:00:00,173.252,173.266,173.125,173.221,5698,1,0
2025-09-08 13:00:00,173.22,173.403,173.206,173.309,5504,1,0
2025-09-08 14:00:00,173.309,173.376,173.208,173.331,5960,1,0
2025-09-08 15:00:00,173.329,173.399,173.271,173.359,7002,1,0
2025-09-08 16:00:00,173.361,173.605,173.319,173.537,8161,1,0
2025-09-08 17:00:00,173.538,173.658,173.478,173.538,8330,1,0
2025-09-08 18:00:00,173.538,173.553,173.354,173.42,6277,1,0
2025-09-08 19:00:00,173.42,173.45,173.333,173.394,4985,1,0
2025-09-08 20:00:00,173.394,173.517,173.34,173.428,4322,1,0
2025-09-08 21:00:00,173.429,173.488,173.394,173.427,3912,1,0
2025-09-08 22:00:00,173.427,173.449,173.318,173.4,3006,1,0
2025-09-08 23:00:00,173.4,173.522,173.344,173.522,2480,1,0
2025-09-09 00:00:00,173.446,173.573,173.381,173.45,1996,86,0
2025-09-09 01:00:00,173.45,173.521,173.386,173.387,2081,2,0
2025-09-09 02:00:00,173.378,173.449,173.289,173.44,2887,2,0
2025-09-09 03:00:00,173.441,173.486,173.225,173.444,5557,2,0
2025-09-09 04:00:00,173.445,173.476,173.349,173.374,5465,2,0
2025-09-09 05:00:00,173.374,173.428,173.342,173.393,3990,2,0
2025-09-09 06:00:00,173.394,173.425,173.35,173.353,3821,2,0
2025-09-09 07:00:00,173.353,173.375,173.194,173.213,3866,2,0
2025-09-09 08:00:00,173.213,173.213,172.952,172.976,4798,2,0
2025-09-09 09:00:00,172.979,173.097,172.917,173.005,6774,1,0
2025-09-09 10:00:00,173.004,173.153,172.937,173.007,7033,1,0
2025-09-09 11:00:00,173.007,173.07,172.261,172.422,9790,1,0
2025-09-09 12:00:00,172.42,172.423,172.206,172.214,7371,1,0
2025-09-09 13:00:00,172.213,172.326,172.132,172.164,5714,1,0
2025-09-09 14:00:00,172.165,172.361,172.157,172.29,6625,1,0
2025-09-09 15:00:00,172.286,172.451,172.227,172.449,8232,1,0
2025-09-09 16:00:00,172.446,172.489,172.312,172.451,8924,1,0
2025-09-09 17:00:00,172.454,172.581,172.325,172.553,12814,1,0
2025-09-09 18:00:00,172.554,172.679,172.533,172.59,8184,1,0
2025-09-09 19:00:00,172.591,172.677,172.566,172.586,4603,1,0
2025-09-09 20:00:00,172.585,172.672,172.524,172.54,5052,1,0
2025-09-09 21:00:00,172.54,172.597,172.514,172.556,3996,1,0
2025-09-09 22:00:00,172.556,172.618,172.543,172.609,3029,1,0
2025-09-09 23:00:00,172.609,172.662,172.584,172.601,2681,1,0
2025-09-10 00:00:00,172.573,172.59,172.194,172.554,2271,45,0
2025-09-10 01:00:00,172.542,172.649,172.542,172.584,1541,2,0
2025-09-10 02:00:00,172.578,172.583,172.442,172.489,2464,2,0
2025-09-10 03:00:00,172.489,172.527,172.405,172.443,4828,2,0
2025-09-10 04:00:00,172.444,172.533,172.379,172.439,5531,2,0
2025-09-10 05:00:00,172.44,172.499,172.419,172.45,4258,2,0
2025-09-10 06:00:00,172.45,172.576,172.437,172.568,2997,2,0
2025-09-10 07:00:00,172.57,172.676,172.569,172.592,3244,2,0
2025-09-10 08:00:00,172.593,172.651,172.543,172.609,3774,2,0
2025-09-10 09:00:00,172.61,172.747,172.54,172.618,7018,1,0
2025-09-10 10:00:00,172.618,172.641,172.386,172.614,7159,1,0
2025-09-10 11:00:00,172.616,172.632,172.477,172.595,6507,1,0
2025-09-10 12:00:00,172.596,172.722,172.567,172.68,5837,1,0
2025-09-10 13:00:00,172.68,172.694,172.475,172.55,5498,1,0
2025-09-10 14:00:00,172.549,172.666,172.514,172.662,6015,1,0
2025-09-10 15:00:00,172.66,172.711,172.462,172.618,10904,1,0
2025-09-10 16:00:00,172.619,172.759,172.544,172.682,10137,1,0
2025-09-10 17:00:00,172.684,172.877,172.634,172.866,8832,1,0
2025-09-10 18:00:00,172.866,172.909,172.596,172.638,6962,1,0
2025-09-10 19:00:00,172.638,172.664,172.459,172.508,4535,1,0
2025-09-10 20:00:00,172.509,172.53,172.382,172.467,4229,1,0
2025-09-10 21:00:00,172.466,172.497,172.409,172.437,3787,1,0
2025-09-10 22:00:00,172.434,172.483,172.383,172.476,3123,1,0
2025-09-10 23:00:00,172.475,172.486,172.375,172.438,2266,1,0
2025-09-11 00:00:00,172.446,172.446,172.184,172.383,2078,28,0
2025-09-11 01:00:00,172.383,172.507,172.383,172.453,1276,2,0
2025-09-11 02:00:00,172.452,172.481,172.393,172.445,1686,2,0
2025-09-11 03:00:00,172.447,172.503,172.412,172.449,4292,2,0
2025-09-11 04:00:00,172.448,172.499,172.354,172.418,3802,2,0
2025-09-11 05:00:00,172.418,172.521,172.405,172.491,2933,2,0
2025-09-11 06:00:00,172.491,172.533,172.448,172.46,2822,2,0
2025-09-11 07:00:00,172.46,172.502,172.413,172.498,2462,2,0
2025-09-11 08:00:00,172.499,172.539,172.42,172.53,2951,2,0
2025-09-11 09:00:00,172.53,172.817,172.53,172.706,6423,1,0
2025-09-11 10:00:00,172.71,172.843,172.67,172.802,6689,1,0
2025-09-11 11:00:00,172.8,172.908,172.787,172.875,6207,1,0
2025-09-11 12:00:00,172.874,172.967,172.815,172.913,5477,1,0
2025-09-11 13:00:00,172.915,172.948,172.834,172.888,5142,1,0
2025-09-11 14:00:00,172.888,172.97,172.814,172.891,6137,1,0
2025-09-11 15:00:00,172.891,172.941,172.516,172.841,13560,1,0
2025-09-11 16:00:00,172.843,173.059,172.788,172.998,12910,1,0
2025-09-11 17:00:00,172.998,173.01,172.511,172.633,10283,1,0
2025-09-11 18:00:00,172.634,172.798,172.624,172.658,7496,1,0
2025-09-11 19:00:00,172.658,172.659,172.523,172.606,5007,1,0
2025-09-11 20:00:00,172.605,172.813,172.583,172.808,4411,1,0
2025-09-11 21:00:00,172.807,172.84,172.727,172.731,3677,1,0
2025-09-11 22:00:00,172.732,172.773,172.646,172.733,3321,1,0
2025-09-11 23:00:00,172.734,172.811,172.691,172.779,3166,1,0
2025-09-12 00:00:00,172.729,172.732,172.623,172.691,1455,31,0
2025-09-12 01:00:00,172.703,172.816,172.703,172.793,1959,2,0
2025-09-12 02:00:00,172.79,172.828,172.732,172.754,1805,2,0
2025-09-12 03:00:00,172.75,172.863,172.618,172.753,5034,2,0
2025-09-12 04:00:00,172.753,172.91,172.703,172.864,4616,2,0
2025-09-12 05:00:00,172.862,172.924,172.838,172.887,3609,2,0
2025-09-12 06:00:00,172.888,172.919,172.871,172.897,2861,2,0
2025-09-12 07:00:00,172.897,173.014,172.876,172.968,3207,2,0
2025-09-12 08:00:00,172.97,173.024,172.842,172.853,3499,2,0
2025-09-12 09:00:00,172.857,173.096,172.784,173.06,5609,1,0
2025-09-12 10:00:00,173.06,173.15,172.963,173.135,7249,1,0
2025-09-12 11:00:00,173.135,173.391,173.118,173.308,8188,1,0
2025-09-12 12:00:00,173.308,173.426,173.255,173.417,6530,1,0
2025-09-12 13:00:00,173.418,173.443,173.368,173.379,5208,1,0
2025-09-12 14:00:00,173.378,173.415,173.208,173.297,5988,1,0
2025-09-12 15:00:00,173.296,173.358,173.157,173.18,7981,1,0
2025-09-12 16:00:00,173.178,173.209,173.01,173.05,8138,1,0
2025-09-12 17:00:00,173.077,173.196,172.976,173.147,8706,1,0
2025-09-12 18:00:00,173.15,173.268,173.14,173.207,6602,1,0
2025-09-12 19:00:00,173.208,173.244,173.159,173.201,4439,1,0
2025-09-12 20:00:00,173.203,173.251,173.116,173.132,3923,1,0
2025-09-12 21:00:00,173.132,173.179,173.094,173.174,3154,1,0
2025-09-12 22:00:00,173.174,173.242,173.129,173.221,3110,1,0
2025-09-12 23:00:00,173.216,173.279,173.201,173.233,2544,1,0
2025-09-15 00:00:00,173.146,173.146,173.002,173.086,831,248,0
2025-09-15 01:00:00,173.11,173.348,173.11,173.242,2030,2,0
2025-09-15 02:00:00,173.237,173.253,173.118,173.156,2021,2,0
2025-09-15 03:00:00,173.156,173.158,172.981,173.024,2618,2,0
2025-09-15 04:00:00,173.024,173.095,172.995,173.068,3971,2,0
2025-09-15 05:00:00,173.068,173.104,172.985,173.001,2900,2,0
2025-09-15 06:00:00,173.002,173.028,172.942,172.944,2587,2,0
2025-09-15 07:00:00,172.944,172.99,172.891,172.962,2298,2,0
2025-09-15 08:00:00,172.963,173.011,172.915,173.004,2896,2,0
2025-09-15 09:00:00,173.003,173.04,172.903,172.979,5287,1,0
2025-09-15 10:00:00,172.978,173.115,172.961,173.035,6932,1,0
2025-09-15 11:00:00,173.036,173.089,172.961,173.015,6054,1,0
2025-09-15 12:00:00,173.017,173.16,172.985,173.104,5193,1,0
2025-09-15 13:00:00,173.104,173.249,173.081,173.23,5164,1,0
2025-09-15 14:00:00,173.233,173.413,173.207,173.375,5201,1,0
2025-09-15 15:00:00,173.378,173.449,173.274,173.328,6943,1,0
2025-09-15 16:00:00,173.327,173.344,173.183,173.264,7014,1,0
2025-09-15 17:00:00,173.26,173.37,173.215,173.332,7100,1,0
2025-09-15 18:00:00,173.333,173.391,173.275,173.363,5585,1,0
2025-09-15 19:00:00,173.362,173.392,173.233,173.248,5601,1,0
2025-09-15 20:00:00,173.249,173.376,173.245,173.337,4401,1,0
2025-09-15 21:00:00,173.338,173.394,173.301,173.388,4239,1,0
2025-09-15 22:00:00,173.39,173.449,173.381,173.412,3324,1,0
2025-09-15 23:00:00,173.409,173.446,173.337,173.366,2963,1,0
2025-09-16 00:00:00,173.186,173.354,173.186,173.34,1480,86,0
2025-09-16 01:00:00,173.36,173.388,173.338,173.378,1639,2,0
2025-09-16 02:00:00,173.384,173.433,173.317,173.385,2049,2,0
2025-09-16 03:00:00,173.382,173.432,173.352,173.416,5234,2,0
2025-09-16 04:00:00,173.42,173.497,173.292,173.397,5287,2,0
2025-09-16 05:00:00,173.394,173.399,173.227,173.298,4744,2,0
2025-09-16 06:00:00,173.302,173.332,173.245,173.289,4283,2,0
2025-09-16 07:00:00,173.29,173.293,173.097,173.136,3879,2,0
2025-09-16 08:00:00,173.137,173.206,173.041,173.126,4432,2,0
2025-09-16 09:00:00,173.13,173.185,173.023,173.159,7510,1,0
2025-09-16 10:00:00,173.153,173.27,173.015,173.249,7994,1,0
2025-09-16 11:00:00,173.251,173.465,173.23,173.378,7424,1,0
2025-09-16 12:00:00,173.378,173.647,173.37,173.623,7302,1,0
2025-09-16 13:00:00,173.62,173.695,173.563,173.647,5410,1,0
2025-09-16 14:00:00,173.644,173.667,173.552,173.614,5355,1,0
2025-09-16 15:00:00,173.616,173.677,173.489,173.645,8453,1,0
2025-09-16 16:00:00,173.646,173.695,173.493,173.53,8156,1,0
2025-09-16 17:00:00,173.53,173.699,173.493,173.659,9270,1,0
2025-09-16 18:00:00,173.659,173.695,173.465,173.63,6088,1,0
2025-09-16 19:00:00,173.63,173.795,173.574,173.646,4911,1,0
2025-09-16 20:00:00,173.642,173.789,173.636,173.691,4780,1,0
2025-09-16 21:00:00,173.69,173.736,173.594,173.66,4062,1,0
2025-09-16 22:00:00,173.658,173.748,173.622,173.747,3880,1,0
2025-09-16 23:00:00,173.744,173.822,173.705,173.791,3412,1,0
2025-09-17 00:00:00,173.775,173.793,173.505,173.668,1876,99,0
2025-09-17 01:00:00,173.668,173.846,173.667,173.829,1505,2,0
2025-09-17 02:00:00,173.829,173.85,173.705,173.806,2036,2,0
2025-09-17 03:00:00,173.804,173.815,173.576,173.761,5206,2,0
2025-09-17 04:00:00,173.764,173.772,173.63,173.689,4383,2,0
2025-09-17 05:00:00,173.688,173.754,173.675,173.726,2608,2,0
2025-09-17 06:00:00,173.723,173.755,173.652,173.674,1835,2,0
2025-09-17 07:00:00,173.674,173.688,173.593,173.607,1679,2,0
2025-09-17 08:00:00,173.613,173.749,173.568,173.734,2536,2,0
2025-09-17 09:00:00,173.742,173.753,173.628,173.689,4245,1,0
2025-09-17 10:00:00,173.689,173.704,173.577,173.663,4752,1,0
2025-09-17 11:00:00,173.663,173.684,173.449,173.502,4232,1,0
2025-09-17 12:00:00,173.504,173.529,173.286,173.324,3913,1,0
2025-09-17 13:00:00,173.324,173.331,173.085,173.133,4127,1,0
2025-09-17 14:00:00,173.133,173.299,173.087,173.252,4128,1,0
2025-09-17 15:00:00,173.253,173.408,173.205,173.362,4468,1,0
2025-09-17 16:00:00,173.362,173.413,173.297,173.411,5099,1,0
2025-09-17 17:00:00,173.412,173.443,173.27,173.41,5722,1,0
2025-09-17 18:00:00,173.409,173.452,173.332,173.359,4232,1,0
2025-09-17 19:00:00,173.36,173.423,173.322,173.397,3979,1,0
2025-09-17 20:00:00,173.397,173.438,173.316,173.32,3733,1,0
2025-09-17 21:00:00,173.313,173.752,173.173,173.63,20429,1,0
2025-09-17 22:00:00,173.625,173.777,173.494,173.561,12704,1,0
2025-09-17 23:00:00,173.562,173.671,173.556,173.625,4539,1,0
2025-09-18 00:00:00,173.568,173.616,173.426,173.572,1580,86,0
2025-09-18 01:00:00,173.572,173.665,173.517,173.552,2764,2,0
2025-09-18 02:00:00,173.552,173.717,173.512,173.688,2954,2,0
2025-09-18 03:00:00,173.688,173.757,173.605,173.729,5909,2,0
2025-09-18 04:00:00,173.727,173.797,173.678,173.69,6198,2,0
2025-09-18 05:00:00,173.691,173.758,173.627,173.637,3088,2,0
2025-09-18 06:00:00,173.636,173.703,173.613,173.695,2526,2,0
2025-09-18 07:00:00,173.696,173.764,173.614,173.63,2869,2,0
2025-09-18 08:00:00,173.63,173.767,173.604,173.738,3755,2,0
2025-09-18 09:00:00,173.734,173.928,173.714,173.861,6731,1,0
2025-09-18 10:00:00,173.86,174.1,173.833,174.065,7214,1,0
2025-09-18 11:00:00,174.065,174.468,174.03,174.379,6718,1,0
2025-09-18 12:00:00,174.38,174.439,174.302,174.343,6198,1,0
2025-09-18 13:00:00,174.341,174.387,174.272,174.31,5406,1,0
2025-09-18 14:00:00,174.313,174.352,174.188,174.286,7487,1,0
2025-09-18 15:00:00,174.288,174.388,174.102,174.322,9598,1,0
2025-09-18 16:00:00,174.321,174.426,174.138,174.224,12268,1,0
2025-09-18 17:00:00,174.228,174.427,174.17,174.292,11192,1,0
2025-09-18 18:00:00,174.291,174.383,174.211,174.36,8537,1,0
2025-09-18 19:00:00,174.359,174.371,174.193,174.291,6435,1,0
2025-09-18 20:00:00,174.289,174.349,174.269,174.31,4858,1,0
2025-09-18 21:00:00,174.306,174.336,174.255,174.313,4265,1,0
2025-09-18 22:00:00,174.313,174.362,174.283,174.355,3881,1,0
2025-09-18 23:00:00,174.363,174.423,174.338,174.416,2859,1,0
2025-09-19 00:00:00,174.408,174.419,174.182,174.382,2046,86,0
2025-09-19 01:00:00,174.361,174.429,174.353,174.394,2941,2,0
2025-09-19 02:00:00,174.394,174.499,174.394,174.442,1724,2,0
2025-09-19 03:00:00,174.441,174.491,174.369,174.461,5190,2,0
2025-09-19 04:00:00,174.46,174.463,174.316,174.36,5241,2,0
2025-09-19 05:00:00,174.357,174.374,174.239,174.341,4025,2,0
2025-09-19 06:00:00,174.336,174.388,173.769,173.935,7685,2,0
2025-09-19 07:00:00,173.934,173.943,173.48,173.704,10195,2,0
2025-09-19 08:00:00,173.704,173.761,173.614,173.676,6688,2,0
2025-09-19 09:00:00,173.68,174.112,173.577,173.98,10684,1,0
2025-09-19 10:00:00,173.977,174.163,173.899,174.125,9459,1,0
2025-09-19 11:00:00,174.124,174.127,173.866,173.902,7762,1,0
2025-09-19 12:00:00,173.901,174.026,173.847,174.002,6541,1,0
2025-09-19 13:00:00,174.002,174.064,173.921,174.007,5199,1,0
2025-09-19 14:00:00,174.007,174.051,173.894,173.909,6561,1,0
2025-09-19 15:00:00,173.909,173.972,173.765,173.891,8450,1,0
2025-09-19 16:00:00,173.889,173.997,173.781,173.839,9223,1,0
2025-09-19 17:00:00,173.84,173.957,173.835,173.885,9063,1,0
2025-09-19 18:00:00,173.888,173.918,173.652,173.753,7339,1,0
2025-09-19 19:00:00,173.753,173.797,173.655,173.775,4497,1,0
2025-09-19 20:00:00,173.777,173.877,173.772,173.858,3758,1,0
2025-09-19 21:00:00,173.858,173.858,173.789,173.844,3226,1,0
2025-09-19 22:00:00,173.842,173.86,173.794,173.8,3038,1,0
2025-09-19 23:00:00,173.8,173.828,173.742,173.789,3693,1,0
2025-09-22 00:00:00,173.691,173.734,173.53,173.73,649,86,0
2025-09-22 01:00:00,173.765,173.794,173.696,173.769,2352,2,0
2025-09-22 02:00:00,173.768,173.852,173.733,173.826,2745,2,0
2025-09-22 03:00:00,173.831,173.917,173.781,173.871,5825,2,0
2025-09-22 04:00:00,173.87,173.956,173.844,173.878,6299,2,0
2025-09-22 05:00:00,173.879,174.017,173.873,173.993,5069,2,0
2025-09-22 06:00:00,173.993,174.077,173.991,174.045,4069,2,0
2025-09-22 07:00:00,174.044,174.044,173.935,173.961,3595,2,0
2025-09-22 08:00:00,173.961,174.041,173.907,174.04,3693,2,0
2025-09-22 09:00:00,174.038,174.048,173.849,173.901,6004,1,0
2025-09-22 10:00:00,173.906,174.054,173.835,174.02,7628,1,0
2025-09-22 11:00:00,174.021,174.071,173.909,173.922,7200,1,0
2025-09-22 12:00:00,173.926,174.149,173.881,174.148,5766,1,0
2025-09-22 13:00:00,174.148,174.252,174.062,174.098,5679,1,0
2025-09-22 14:00:00,174.104,174.163,174.046,174.141,5451,1,0
2025-09-22 15:00:00,174.143,174.276,174.134,174.215,7111,1,0
2025-09-22 16:00:00,174.221,174.271,174.076,174.095,7977,1,0
2025-09-22 17:00:00,174.094,174.125,174.012,174.058,7492,1,0
2025-09-22 18:00:00,174.061,174.096,173.979,174.055,6039,1,0
2025-09-22 19:00:00,174.054,174.227,174.044,174.171,5106,1,0
2025-09-22 20:00:00,174.171,174.229,174.135,174.229,4405,1,0
2025-09-22 21:00:00,174.23,174.299,174.191,174.272,3772,1,0
2025-09-22 22:00:00,174.272,174.338,174.255,174.335,2720,1,0
2025-09-22 23:00:00,174.332,174.385,174.308,174.359,2346,1,0
2025-09-23 00:00:00,174.352,174.385,174.137,174.27,2041,33,0
2025-09-23 01:00:00,174.272,174.351,174.272,174.303,2083,2,0
2025-09-23 02:00:00,174.295,174.386,174.289,174.332,2491,2,0
2025-09-23 03:00:00,174.333,174.375,174.286,174.339,4359,2,0
2025-09-23 04:00:00,174.337,174.467,174.297,174.411,5249,2,0
2025-09-23 05:00:00,174.412,174.469,174.364,174.467,4852,2,0
2025-09-23 06:00:00,174.466,174.492,174.411,174.442,4121,2,0
2025-09-23 07:00:00,174.443,174.458,174.351,174.365,3320,2,0
2025-09-23 08:00:00,174.368,174.427,174.342,174.38,4252,2,0
2025-09-23 09:00:00,174.385,174.396,174.211,174.231,5454,1,0
2025-09-23 10:00:00,174.228,174.319,174.052,174.186,8286,1,0
2025-09-23 11:00:00,174.184,174.259,174.127,174.169,7464,1,0
2025-09-23 12:00:00,174.169,174.258,174.107,174.21,5981,1,0
2025-09-23 13:00:00,174.21,174.276,174.149,174.246,5231,1,0
2025-09-23 14:00:00,174.247,174.31,174.227,174.24,4904,1,0
2025-09-23 15:00:00,174.246,174.39,174.18,174.328,6531,1,0
2025-09-23 16:00:00,174.327,174.378,174.211,174.25,8504,1,0
2025-09-23 17:00:00,174.251,174.342,174.216,174.294,8563,1,0
2025-09-23 18:00:00,174.294,174.439,174.289,174.426,5971,1,0
2025-09-23 19:00:00,174.422,174.476,174.352,174.444,6146,1,0
2025-09-23 20:00:00,174.442,174.457,174.284,174.322,5999,1,0
2025-09-23 21:00:00,174.323,174.349,174.23,174.311,4384,1,0
2025-09-23 22:00:00,174.311,174.45,174.275,174.448,4091,1,0
2025-09-23 23:00:00,174.449,174.462,174.402,174.439,3227,1,0
2025-09-24 00:00:00,174.198,174.381,174.18,174.328,2087,86,0
2025-09-24 01:00:00,174.35,174.431,174.35,174.402,3191,2,0
2025-09-24 02:00:00,174.399,174.462,174.355,174.392,3029,2,0
2025-09-24 03:00:00,174.39,174.532,174.219,174.428,6868,2,0
2025-09-24 04:00:00,174.428,174.456,174.336,174.355,6695,2,0
2025-09-24 05:00:00,174.357,174.382,174.298,174.318,4533,2,0
2025-09-24 06:00:00,174.316,174.461,174.302,174.448,3079,2,0
2025-09-24 07:00:00,174.452,174.649,174.428,174.564,3296,2,0
2025-09-24 08:00:00,174.564,174.588,174.434,174.465,4141,2,0
2025-09-24 09:00:00,174.461,174.631,174.458,174.523,6023,1,0
2025-09-24 10:00:00,174.518,174.63,174.506,174.52,6693,1,0
2025-09-24 11:00:00,174.52,174.56,174.337,174.538,6484,1,0
2025-09-24 12:00:00,174.538,174.579,174.441,174.493,5536,1,0
2025-09-24 13:00:00,174.492,174.557,174.364,174.393,4947,1,0
2025-09-24 14:00:00,174.39,174.516,174.361,174.478,5685,1,0
2025-09-24 15:00:00,174.477,174.594,174.466,174.576,7564,1,0
2025-09-24 16:00:00,174.577,174.595,174.489,174.559,8041,1,0
2025-09-24 17:00:00,174.561,174.652,174.452,174.63,8831,1,0
2025-09-24 18:00:00,174.63,174.7,174.584,174.613,6951,1,0
2025-09-24 19:00:00,174.612,174.655,174.524,174.54,5006,1,0
2025-09-24 20:00:00,174.54,174.616,174.526,174.584,3713,1,0
2025-09-24 21:00:00,174.583,174.7,174.564,174.688,3805,1,0
2025-09-24 22:00:00,174.688,174.74,174.645,174.729,3313,1,0
2025-09-24 23:00:00,174.726,174.785,174.716,174.775,2415,1,0
2025-09-25 00:00:00,174.768,174.768,174.568,174.641,984,28,0
2025-09-25 01:00:00,174.681,174.79,174.681,174.769,2282,2,0
2025-09-25 02:00:00,174.77,174.787,174.685,174.703,3043,2,0
2025-09-25 03:00:00,174.702,174.709,174.491,174.53,5980,2,0
2025-09-25 04:00:00,174.531,174.775,174.522,174.698,5538,2,0
2025-09-25 05:00:00,174.698,174.786,174.59,174.779,4586,2,0
2025-09-25 06:00:00,174.781,174.785,174.67,174.72,3163,2,0
2025-09-25 07:00:00,174.72,174.734,174.626,174.637,3189,2,0
2025-09-25 08:00:00,174.637,174.742,174.609,174.737,4152,2,0
2025-09-25 09:00:00,174.739,174.868,174.695,174.758,6031,1,0
2025-09-25 10:00:00,174.757,174.778,174.527,174.616,6994,1,0
2025-09-25 11:00:00,174.621,174.67,174.506,174.664,6007,1,0
2025-09-25 12:00:00,174.666,174.77,174.661,174.755,4946,1,0
2025-09-25 13:00:00,174.757,174.829,174.735,174.794,4310,1,0
2025-09-25 14:00:00,174.794,174.834,174.648,174.737,5726,1,0
2025-09-25 15:00:00,174.739,174.787,174.466,174.587,10895,1,0
2025-09-25 16:00:00,174.59,174.692,174.526,174.617,10375,1,0
2025-09-25 17:00:00,174.624,174.728,174.576,174.718,10011,1,0
2025-09-25 18:00:00,174.719,174.923,174.621,174.839,7545,1,0
2025-09-25 19:00:00,174.838,174.943,174.78,174.848,5976,1,0
2025-09-25 20:00:00,174.845,174.865,174.598,174.634,5684,1,0
2025-09-25 21:00:00,174.633,174.68,174.546,174.656,5382,1,0
2025-09-25 22:00:00,174.657,174.674,174.595,174.643,3983,1,0
2025-09-25 23:00:00,174.645,174.799,174.629,174.74,2758,1,0
2025-09-26 00:00:00,174.736,174.74,174.542,174.616,4309,29,0
2025-09-26 01:00:00,174.629,174.789,174.624,174.718,2631,2,0
2025-09-26 02:00:00,174.716,174.851,174.688,174.779,4178,2,0
2025-09-26 03:00:00,174.779,174.81,174.634,174.701,6781,2,0
2025-09-26 04:00:00,174.702,174.842,174.653,174.812,5786,2,0
2025-09-26 05:00:00,174.814,174.863,174.781,174.828,3929,2,0
2025-09-26 06:00:00,174.828,174.845,174.778,174.828,2750,2,0
2025-09-26 07:00:00,174.828,174.86,174.769,174.78,3223,2,0
2025-09-26 08:00:00,174.782,174.845,174.746,174.824,3347,2,0
2025-09-26 09:00:00,174.832,174.936,174.809,174.871,6262,1,0
2025-09-26 10:00:00,174.87,175.013,174.855,174.919,6735,1,0
2025-09-26 11:00:00,174.92,174.959,174.852,174.917,5648,1,0
2025-09-26 12:00:00,174.916,174.959,174.846,174.931,5697,1,0
2025-09-26 13:00:00,174.93,174.975,174.798,174.819,5097,1,0
2025-09-26 14:00:00,174.817,174.862,174.728,174.771,5546,1,0
2025-09-26 15:00:00,174.771,174.924,174.711,174.81,9021,1,0
2025-09-26 16:00:00,174.811,174.986,174.8,174.953,9497,1,0
2025-09-26 17:00:00,174.951,175.052,174.785,174.787,10468,1,0
2025-09-26 18:00:00,174.788,174.87,174.765,174.806,7215,1,0
2025-09-26 19:00:00,174.807,174.891,174.802,174.868,5173,1,0
2025-09-26 20:00:00,174.868,174.956,174.815,174.937,4185,1,0
2025-09-26 21:00:00,174.939,174.97,174.866,174.9,3757,1,0
2025-09-26 22:00:00,174.898,175.009,174.897,175.007,3460,1,0
2025-09-26 23:00:00,175.009,175.01,174.887,174.912,2493,1,0
2025-09-29 00:00:00,174.77,174.954,174.76,174.935,1580,86,0
2025-09-29 01:00:00,174.936,175.017,174.852,174.945,2318,2,0
2025-09-29 02:00:00,174.946,174.963,174.85,174.888,2341,2,0
2025-09-29 03:00:00,174.889,174.922,174.797,174.86,5148,2,0
2025-09-29 04:00:00,174.86,174.89,174.65,174.78,5309,2,0
2025-09-29 05:00:00,174.781,174.783,174.617,174.65,4518,2,0
2025-09-29 06:00:00,174.65,174.671,174.605,174.624,3366,2,0
2025-09-29 07:00:00,174.622,174.711,174.589,174.675,3112,2,0
2025-09-29 08:00:00,174.68,174.75,174.457,174.494,5292,2,0
2025-09-29 09:00:00,174.492,174.509,174.35,174.422,6575,1,0
2025-09-29 10:00:00,174.418,174.45,174.197,174.236,7157,1,0
2025-09-29 11:00:00,174.235,174.249,173.982,174.136,6976,1,0
2025-09-29 12:00:00,174.134,174.222,174.055,174.127,6052,1,0
2025-09-29 13:00:00,174.127,174.244,174.087,174.235,5020,1,0
2025-09-29 14:00:00,174.238,174.343,174.168,174.325,5496,1,0
2025-09-29 15:00:00,174.327,174.619,174.319,174.611,8262,1,0
2025-09-29 16:00:00,174.61,174.652,174.419,174.446,8487,1,0
2025-09-29 17:00:00,174.45,174.484,174.249,174.37,7770,1,0
2025-09-29 18:00:00,174.372,174.377,174.181,174.26,6589,1,0
2025-09-29 19:00:00,174.26,174.315,174.222,174.279,3765,1,0
2025-09-29 20:00:00,174.279,174.321,174.156,174.165,3822,1,0
2025-09-29 21:00:00,174.162,174.38,174.149,174.366,3472,1,0
2025-09-29 22:00:00,174.366,174.366,174.259,174.303,2798,1,0
2025-09-29 23:00:00,174.305,174.358,174.237,174.246,2464,1,0
2025-09-30 00:00:00,174.219,174.29,174.096,174.228,1770,45,0
2025-09-30 01:00:00,174.228,174.3,174.228,174.271,1473,2,0
2025-09-30 02:00:00,174.271,174.349,174.217,174.338,2411,2,0
2025-09-30 03:00:00,174.343,174.419,174.216,174.398,6543,2,0
2025-09-30 04:00:00,174.396,174.403,174.209,174.247,6087,2,0
2025-09-30 05:00:00,174.247,174.334,174.23,174.327,3877,2,0
2025-09-30 06:00:00,174.327,174.328,174.109,174.111,3734,2,0
2025-09-30 07:00:00,174.111,174.16,173.96,174.058,4580,2,0
2025-09-30 08:00:00,174.059,174.128,173.917,173.988,5481,2,0
2025-09-30 09:00:00,173.984,174.058,173.772,173.803,7215,1,0
2025-09-30 10:00:00,173.798,173.926,173.691,173.84,8164,1,0
2025-09-30 11:00:00,173.869,173.93,173.718,173.811,8067,1,0
2025-09-30 12:00:00,173.812,173.858,173.666,173.841,6676,1,0
2025-09-30 13:00:00,173.835,173.88,173.729,173.865,5474,1,0
2025-09-30 14:00:00,173.867,173.918,173.727,173.753,4714,1,0
2025-09-30 15:00:00,173.749,173.812,173.566,173.663,6711,1,0
2025-09-30 16:00:00,173.664,173.697,173.44,173.505,8117,1,0
2025-09-30 17:00:00,173.506,173.696,173.391,173.525,11522,1,0
2025-09-30 18:00:00,173.526,173.629,173.464,173.623,9056,1,0
2025-09-30 19:00:00,173.625,173.706,173.548,173.697,5692,1,0
2025-09-30 20:00:00,173.692,173.724,173.62,173.634,4848,1,0
2025-09-30 21:00:00,173.636,173.643,173.533,173.615,4565,1,0
2025-09-30 22:00:00,173.611,173.625,173.543,173.584,3931,1,0
2025-09-30 23:00:00,173.588,173.641,173.565,173.572,2574,1,0
2025-10-01 00:00:00,173.481,173.521,173.344,173.485,1827,86,0
2025-10-01 01:00:00,173.488,173.587,173.485,173.564,1884,2,0
2025-10-01 02:00:00,173.562,173.706,173.558,173.697,2497,2,0
2025-10-01 03:00:00,173.696,173.911,173.682,173.815,5517,2,0
2025-10-01 04:00:00,173.817,173.837,173.674,173.682,3967,2,0
2025-10-01 05:00:00,173.683,173.705,173.549,173.617,3552,2,0
2025-10-01 06:00:00,173.617,173.682,173.576,173.633,3048,2,0
2025-10-01 07:00:00,173.633,173.728,173.479,173.494,4020,2,0
2025-10-01 08:00:00,173.497,173.577,173.37,173.375,5273,2,0
2025-10-01 09:00:00,173.37,173.377,173.203,173.261,7354,1,0
2025-10-01 10:00:00,173.259,173.266,172.828,172.873,9886,1,0
2025-10-01 11:00:00,172.871,173.027,172.802,172.905,7703,1,0
2025-10-01 12:00:00,172.901,172.924,172.671,172.722,6983,1,0
2025-10-01 13:00:00,172.72,172.728,172.423,172.458,6622,1,0
2025-10-01 14:00:00,172.458,172.62,172.446,172.498,5669,1,0
2025-10-01 15:00:00,172.489,172.656,172.3,172.473,13431,1,0
2025-10-01 16:00:00,172.469,172.581,172.35,172.465,10440,1,0
2025-10-01 17:00:00,172.421,172.677,172.412,172.51,12341,1,0
2025-10-01 18:00:00,172.506,172.653,172.457,172.502,9126,1,0
2025-10-01 19:00:00,172.503,172.604,172.473,172.518,5933,1,0
2025-10-01 20:00:00,172.521,172.625,172.521,172.538,3943,1,0
2025-10-01 21:00:00,172.541,172.662,172.535,172.601,4292,1,0
2025-10-01 22:00:00,172.599,172.649,172.539,172.55,3202,1,0
2025-10-01 23:00:00,172.547,172.596,172.496,172.512,2942,1,0
2025-10-02 00:00:00,172.401,172.506,172.388,172.49,2634,86,0
2025-10-02 01:00:00,172.496,172.586,172.475,172.5,1779,2,0
2025-10-02 02:00:00,172.499,172.617,172.486,172.598,1997,2,0
2025-10-02 03:00:00,172.597,172.747,172.557,172.655,5589,2,0
2025-10-02 04:00:00,172.655,172.681,172.508,172.541,5319,2,0
2025-10-02 05:00:00,172.543,172.769,172.506,172.724,3045,2,0
2025-10-02 06:00:00,172.724,172.755,172.552,172.596,2671,2,0
2025-10-02 07:00:00,172.597,172.71,172.576,172.701,2651,2,0
2025-10-02 08:00:00,172.701,172.758,172.629,172.702,3758,2,0
2025-10-02 09:00:00,172.698,172.989,172.508,172.803,7589,1,0
2025-10-02 10:00:00,172.802,172.95,172.771,172.818,7214,1,0
2025-10-02 11:00:00,172.818,172.851,172.46,172.541,6741,1,0
2025-10-02 12:00:00,172.544,172.561,172.314,172.355,6158,1,0
2025-10-02 13:00:00,172.354,172.433,172.275,172.33,5109,1,0
2025-10-02 14:00:00,172.33,172.57,172.299,172.492,5564,1,0
2025-10-02 15:00:00,172.491,172.81,172.469,172.729,7396,1,0
2025-10-02 16:00:00,172.724,172.745,172.493,172.584,9168,1,0
2025-10-02 17:00:00,172.587,172.588,172.355,172.57,10012,1,0
2025-10-02 18:00:00,172.568,172.581,172.263,172.344,8059,1,0
2025-10-02 19:00:00,172.343,172.433,172.322,172.406,5432,1,0
2025-10-02 20:00:00,172.407,172.499,172.378,172.404,3963,1,0
2025-10-02 21:00:00,172.403,172.559,172.397,172.55,3228,1,0
2025-10-02 22:00:00,172.546,172.57,172.467,172.541,2636,1,0
2025-10-02 23:00:00,172.546,172.575,172.506,172.522,2214,1,0
2025-10-03 00:00:00,172.478,172.506,172.349,172.479,1600,86,0
2025-10-03 01:00:00,172.481,172.546,172.463,172.504,1587,2,0
2025-10-03 02:00:00,172.501,172.552,172.431,172.535,2037,2,0
2025-10-03 03:00:00,172.535,172.773,172.531,172.758,4444,2,0
2025-10-03 04:00:00,172.762,173.098,172.621,172.983,6467,2,0
2025-10-03 05:00:00,172.987,173.133,172.975,173.116,3393,2,0
2025-10-03 06:00:00,173.118,173.216,173.087,173.109,2817,2,0
2025-10-03 07:00:00,173.108,173.183,173.083,173.103,2551,2,0
2025-10-03 08:00:00,173.103,173.179,172.929,173.155,4957,2,0
2025-10-03 09:00:00,173.153,173.191,172.965,172.995,5823,1,0
2025-10-03 10:00:00,172.998,173.113,172.92,172.947,5746,1,0
2025-10-03 11:00:00,172.947,173.049,172.907,172.966,5606,1,0
2025-10-03 12:00:00,172.964,173.012,172.897,172.969,4199,1,0
2025-10-03 13:00:00,172.97,172.97,172.878,172.902,3576,1,0
2025-10-03 14:00:00,172.902,172.976,172.792,172.813,4975,1,0
2025-10-03 15:00:00,172.818,172.903,172.809,172.886,6441,1,0
2025-10-03 16:00:00,172.884,172.987,172.829,172.97,7534,1,0
2025-10-03 17:00:00,172.918,173.244,172.791,173.109,10908,1,0
2025-10-03 18:00:00,173.112,173.145,173.027,173.069,6507,1,0
2025-10-03 19:00:00,173.069,173.18,173.057,173.165,4121,1,0
2025-10-03 20:00:00,173.164,173.165,173.036,173.08,4199,1,0
2025-10-03 21:00:00,173.08,173.171,173.01,173.154,3633,1,0
2025-10-03 22:00:00,173.15,173.175,173.11,173.131,2946,1,0
2025-10-03 23:00:00,173.131,173.172,173.066,173.139,2732,1,0
2025-10-06 00:00:00,175.205,175.205,174.82,174.838,2151,86,0
2025-10-06 01:00:00,174.838,175.05,174.728,174.946,7019,2,0
2025-10-06 02:00:00,174.948,175.247,174.777,175.19,8133,2,0
2025-10-06 03:00:00,175.183,175.502,175.105,175.399,10969,2,0
2025-10-06 04:00:00,175.404,175.635,175.293,175.596,8127,2,0
2025-10-06 05:00:00,175.597,175.812,175.559,175.752,5098,2,0
2025-10-06 06:00:00,175.752,175.97,175.724,175.938,4704,2,0
2025-10-06 07:00:00,175.939,176.24,175.732,176.168,7003,2,0
2025-10-06 08:00:00,176.168,176.254,176.013,176.058,5943,2,0
2025-10-06 09:00:00,176.054,176.061,175.431,175.441,9115,1,0
2025-10-06 10:00:00,175.443,175.839,174.969,174.972,12128,1,0
2025-10-06 11:00:00,174.968,175.578,174.899,175.445,9956,1,0
2025-10-06 12:00:00,175.438,175.519,175.316,175.432,7203,1,0
2025-10-06 13:00:00,175.434,175.449,175.224,175.275,6775,1,0
2025-10-06 14:00:00,175.275,175.588,175.238,175.561,7463,1,0
2025-10-06 15:00:00,175.561,175.571,174.963,175.083,11985,1,0
2025-10-06 16:00:00,175.085,175.423,175.056,175.413,9722,1,0
2025-10-06 17:00:00,175.415,175.727,175.332,175.702,9930,1,0
2025-10-06 18:00:00,175.704,175.779,175.617,175.626,7893,1,0
2025-10-06 19:00:00,175.626,175.873,175.565,175.869,5011,1,0
2025-10-06 20:00:00,175.868,175.958,175.777,175.897,4200,1,0
2025-10-06 21:00:00,175.897,176.058,175.879,176.037,3781,1,0
2025-10-06 22:00:00,176.036,176.065,175.962,176.036,3488,1,0
2025-10-06 23:00:00,176.034,176.131,176.01,176.103,2262,1,0
2025-10-07 00:00:00,175.974,176.002,175.842,175.924,1365,86,0
2025-10-07 01:00:00,175.933,176.095,175.933,176.021,3986,2,0
2025-10-07 02:00:00,176.018,176.104,175.96,176.065,2939,2,0
2025-10-07 03:00:00,176.065,176.34,176.056,176.203,6191,2,0
2025-10-07 04:00:00,176.204,176.264,175.953,176.043,4556,2,0
2025-10-07 05:00:00,176.042,176.155,175.941,176.144,3316,2,0
2025-10-07 06:00:00,176.145,176.154,175.967,175.969,3125,2,0
2025-10-07 07:00:00,175.97,176.009,175.868,175.959,3599,2,0
2025-10-07 08:00:00,175.96,176.012,175.862,175.961,4348,2,0
2025-10-07 09:00:00,175.963,176.109,175.925,176.028,6671,1,0
2025-10-07 10:00:00,176.027,176.063,175.783,175.873,7074,1,0
2025-10-07 11:00:00,175.873,176.015,175.799,175.91,5898,1,0
2025-10-07 12:00:00,175.91,175.997,175.795,175.883,5216,1,0
2025-10-07 13:00:00,175.885,176.039,175.856,176.009,4786,1,0
2025-10-07 14:00:00,176.009,176.028,175.855,175.984,5663,1,0
2025-10-07 15:00:00,175.985,176.058,175.884,175.974,7482,1,0
2025-10-07 16:00:00,175.979,176.026,175.894,175.997,8499,1,0
2025-10-07 17:00:00,175.998,176.349,175.958,176.312,8773,1,0
2025-10-07 18:00:00,176.311,176.526,176.202,176.468,8639,1,0
2025-10-07 19:00:00,176.468,176.722,176.425,176.595,6847,1,0
2025-10-07 20:00:00,176.592,176.864,176.591,176.777,5633,1,0
2025-10-07 21:00:00,176.778,177.129,176.752,176.993,5994,1,0
2025-10-07 22:00:00,176.992,177.021,176.857,176.975,4432,1,0
2025-10-07 23:00:00,176.979,177.148,176.977,177.057,2568,1,0
2025-10-08 00:00:00,177.054,177.089,176.924,177.011,1436,28,0
2025-10-08 01:00:00,177.011,177.095,176.937,176.997,2249,2,0
2025-10-08 02:00:00,176.999,177.252,176.974,177.187,4190,2,0
2025-10-08 03:00:00,177.188,177.453,177.188,177.396,6631,2,0
2025-10-08 04:00:00,177.399,177.422,177.18,177.422,7803,2,0
2025-10-08 05:00:00,177.424,177.436,177.082,177.249,5535,2,0
2025-10-08 06:00:00,177.248,177.291,177.156,177.168,3383,2,0
2025-10-08 07:00:00,177.168,177.207,176.959,177.034,3518,2,0
2025-10-08 08:00:00,177.034,177.053,176.915,177.05,4214,2,0
2025-10-08 09:00:00,177.051,177.125,176.897,176.971,8592,1,0
2025-10-08 10:00:00,176.973,177.427,176.935,177.422,9126,1,0
2025-10-08 11:00:00,177.424,177.457,177.149,177.402,7497,1,0
2025-10-08 12:00:00,177.403,177.653,177.403,177.621,7254,1,0
2025-10-08 13:00:00,177.621,177.854,177.55,177.676,5896,1,0
2025-10-08 14:00:00,177.675,177.76,177.492,177.524,6362,1,0
2025-10-08 15:00:00,177.522,177.648,177.356,177.403,7622,1,0
2025-10-08 16:00:00,177.404,177.537,177.373,177.493,8967,1,0
2025-10-08 17:00:00,177.493,177.603,177.204,177.252,8425,1,0
2025-10-08 18:00:00,177.252,177.366,177.234,177.252,7322,1,0
2025-10-08 19:00:00,177.248,177.284,177.183,177.276,4888,1,0
2025-10-08 20:00:00,177.277,177.455,177.269,177.445,3767,1,0
2025-10-08 21:00:00,177.446,177.528,177.363,177.459,6491,1,0
2025-10-08 22:00:00,177.453,177.573,177.433,177.569,3991,1,0
2025-10-08 23:00:00,177.567,177.627,177.498,177.554,2355,1,0
2025-10-09 00:00:00,177.511,177.511,177.281,177.465,2948,86,0
2025-10-09 01:00:00,177.465,177.588,177.414,177.443,2612,2,0
2025-10-09 02:00:00,177.444,177.591,177.359,177.59,3928,2,0
2025-10-09 03:00:00,177.589,177.704,177.386,177.703,6498,2,0
2025-10-09 04:00:00,177.704,177.792,177.408,177.532,7860,2,0
2025-10-09 05:00:00,177.532,177.653,177.502,177.526,3727,2,0
2025-10-09 06:00:00,177.525,177.629,177.523,177.592,3193,2,0
2025-10-09 07:00:00,177.593,177.697,177.549,177.558,2717,2,0
2025-10-09 08:00:00,177.561,177.673,177.542,177.641,3699,2,0
2025-10-09 09:00:00,177.642,177.934,177.62,177.693,8889,1,0
2025-10-09 10:00:00,177.691,177.853,177.632,177.729,7914,1,0
2025-10-09 11:00:00,177.729,177.79,177.387,177.437,6567,1,0
2025-10-09 12:00:00,177.442,177.505,177.232,177.356,8116,1,0
2025-10-09 13:00:00,177.354,177.453,177.281,177.368,5299,1,0
2025-10-09 14:00:00,177.366,177.508,177.354,177.426,5392,1,0
2025-10-09 15:00:00,177.425,177.474,177.286,177.417,7566,1,0
2025-10-09 16:00:00,177.414,177.479,176.771,177.364,12388,1,0
2025-10-09 17:00:00,177.362,177.43,177.103,177.242,10926,1,0
2025-10-09 18:00:00,177.244,177.26,176.773,176.91,9767,1,0
2025-10-09 19:00:00,176.91,176.95,176.803,176.834,6932,1,0
2025-10-09 20:00:00,176.833,176.955,176.791,176.928,7138,1,0
2025-10-09 21:00:00,176.927,176.935,176.823,176.867,5311,1,0
2025-10-09 22:00:00,176.876,177.025,176.834,176.936,4550,1,0
2025-10-09 23:00:00,176.941,177.035,176.938,177.026,2557,1,0
2025-10-10 00:00:00,176.884,177.012,176.719,176.997,1374,86,0
2025-10-10 01:00:00,176.997,177.031,176.918,176.99,1629,2,0
2025-10-10 02:00:00,176.99,177.154,176.934,176.991,3824,2,0
2025-10-10 03:00:00,176.99,177.124,176.924,176.942,6219,2,0
2025-10-10 04:00:00,176.942,177.013,176.852,176.949,5042,2,0
2025-10-10 05:00:00,176.949,177.02,176.885,176.927,3564,2,0
2025-10-10 06:00:00,176.926,176.953,176.661,176.689,3660,2,0
2025-10-10 07:00:00,176.689,176.862,176.647,176.801,3494,2,0
2025-10-10 08:00:00,176.801,176.903,176.704,176.834,4518,2,0
2025-10-10 09:00:00,176.83,176.956,176.332,176.501,9302,1,0
2025-10-10 10:00:00,176.498,176.999,176.452,176.979,8851,1,0
2025-10-10 11:00:00,176.979,177.085,176.753,176.756,7339,1,0
2025-10-10 12:00:00,176.755,176.926,176.707,176.859,5657,1,0
2025-10-10 13:00:00,176.854,176.856,176.687,176.73,4829,1,0
2025-10-10 14:00:00,176.731,176.784,176.463,176.47,6258,1,0
2025-10-10 15:00:00,176.47,176.627,176.442,176.549,6991,1,0
2025-10-10 16:00:00,176.549,176.637,176.504,176.61,7351,1,0
2025-10-10 17:00:00,176.612,176.696,176.463,176.536,9164,1,0
2025-10-10 18:00:00,176.531,176.596,176.17,176.454,18939,1,0
2025-10-10 19:00:00,176.455,176.686,176.286,176.29,12057,1,0
2025-10-10 20:00:00,176.287,176.328,176.04,176.197,9156,1,0
2025-10-10 21:00:00,176.199,176.239,176.087,176.134,6616,1,0
2025-10-10 22:00:00,176.134,176.177,176.002,176.053,6760,1,0
2025-10-10 23:00:00,176.053,176.142,175.631,175.691,5046,1,0
2025-10-13 00:00:00,176.331,176.415,176.196,176.282,1566,86,0
2025-10-13 01:00:00,176.283,176.524,176.203,176.295,6697,2,0
2025-10-13 02:00:00,176.293,176.447,176.123,176.425,6503,2,0
2025-10-13 03:00:00,176.423,176.453,176.292,176.383,7887,2,0
2025-10-13 04:00:00,176.386,176.584,176.38,176.57,7358,2,0
2025-10-13 05:00:00,176.572,176.621,176.497,176.538,4143,2,0
2025-10-13 06:00:00,176.537,176.606,176.506,176.555,3865,2,0
2025-10-13 07:00:00,176.555,176.6,176.478,176.528,3166,2,0
2025-10-13 08:00:00,176.527,176.528,176.343,176.399,4634,2,0
2025-10-13 09:00:00,176.398,176.581,176.349,176.465,8114,2,0
2025-10-13 10:00:00,176.464,176.914,176.439,176.667,9216,1,0
2025-10-13 11:00:00,176.672,176.74,176.432,176.494,7233,1,0
2025-10-13 12:00:00,176.495,176.567,176.417,176.429,5170,1,0
2025-10-13 13:00:00,176.43,176.456,176.238,176.271,4971,1,0
2025-10-13 14:00:00,176.271,176.313,175.927,175.966,8109,1,0
2025-10-13 15:00:00,175.967,176.105,175.901,176.091,7127,1,0
2025-10-13 16:00:00,176.091,176.164,175.995,176.157,8277,1,0
2025-10-13 17:00:00,176.161,176.296,176.082,176.16,8948,1,0
2025-10-13 18:00:00,176.161,176.249,176.142,176.224,6140,1,0
2025-10-13 19:00:00,176.224,176.276,176.163,176.27,4233,1,0
2025-10-13 20:00:00,176.27,176.33,176.148,176.218,3468,1,0
2025-10-13 21:00:00,176.218,176.259,176.162,176.169,3119,1,0
2025-10-13 22:00:00,176.169,176.23,176.158,176.182,2605,1,0
2025-10-13 23:00:00,176.181,176.233,176.141,176.207,2097,1,0
2025-10-14 00:00:00,175.986,176.151,175.964,176.112,1014,86,0
2025-10-14 01:00:00,176.107,176.233,176.106,176.229,1880,2,0
2025-10-14 02:00:00,176.226,176.333,176.168,176.329,2999,2,0
2025-10-14 03:00:00,176.324,176.374,176.197,176.266,6968,2,0
2025-10-14 04:00:00,176.267,176.449,176.206,176.402,6089,2,0
2025-10-14 05:00:00,176.402,176.45,176.344,176.363,3647,2,0
2025-10-14 06:00:00,176.363,176.379,176.097,176.169,4270,2,0
2025-10-14 07:00:00,176.168,176.174,175.84,176.033,7346,2,0
2025-10-14 08:00:00,176.035,176.038,175.727,175.747,7575,2,0
2025-10-14 09:00:00,175.724,175.915,175.548,175.742,10319,1,0
2025-10-14 10:00:00,175.742,175.761,175.343,175.5,10812,1,0
2025-10-14 11:00:00,175.505,175.781,175.45,175.669,7727,1,0
2025-10-14 12:00:00,175.672,175.872,175.61,175.763,6428,1,0
2025-10-14 13:00:00,175.758,175.769,175.506,175.549,6711,1,0
2025-10-14 14:00:00,175.551,175.77,175.524,175.7,6533,1,0
2025-10-14 15:00:00,175.7,175.791,175.497,175.699,9012,1,0
2025-10-14 16:00:00,175.699,175.996,175.687,175.922,11994,1,0
2025-10-14 17:00:00,175.925,176.205,175.864,176.033,10896,1,0
2025-10-14 18:00:00,176.034,176.198,175.936,176.176,9769,1,0
2025-10-14 19:00:00,176.175,176.283,176.111,176.162,8595,1,0
2025-10-14 20:00:00,176.16,176.239,176.102,176.151,5541,1,0
2025-10-14 21:00:00,176.151,176.199,176.104,176.118,4556,1,0
2025-10-14 22:00:00,176.118,176.141,175.974,176.04,6231,1,0
2025-10-14 23:00:00,176.042,176.205,176.029,176.204,2604,1,0
2025-10-15 00:00:00,176.205,176.205,175.967,176.057,709,59,0
2025-10-15 01:00:00,176.057,176.294,176.057,176.153,2534,2,0
2025-10-15 02:00:00,176.155,176.193,176.017,176.021,3133,2,0
2025-10-15 03:00:00,176.031,176.221,175.879,175.974,7902,2,0
2025-10-15 04:00:00,175.961,176.019,175.776,175.803,6915,2,0
2025-10-15 05:00:00,175.805,175.812,175.553,175.572,5557,2,0
2025-10-15 06:00:00,175.57,175.671,175.504,175.656,4189,2,0
2025-10-15 07:00:00,175.66,175.735,175.611,175.722,3328,2,0
2025-10-15 08:00:00,175.733,175.821,175.661,175.689,4404,2,0
2025-10-15 09:00:00,175.69,175.727,175.435,175.717,7584,1,0
2025-10-15 10:00:00,175.718,176.006,175.673,175.986,7350,1,0
2025-10-15 11:00:00,175.984,176.174,175.876,175.909,7268,1,0
2025-10-15 12:00:00,175.906,176.203,175.902,176.079,6167,1,0
2025-10-15 13:00:00,176.077,176.149,175.933,175.949,4733,1,0
2025-10-15 14:00:00,175.942,176.074,175.935,176.043,4726,1,0
2025-10-15 15:00:00,176.042,176.26,176.007,176.168,8497,1,0
2025-10-15 16:00:00,176.168,176.301,176.035,176.04,10208,1,0
2025-10-15 17:00:00,176.039,176.093,175.893,175.996,8070,1,0
2025-10-15 18:00:00,175.995,176.046,175.844,175.978,9204,1,0
2025-10-15 19:00:00,175.979,176.028,175.902,175.989,7172,1,0
2025-10-15 20:00:00,175.988,176.016,175.816,175.99,8245,1,0
2025-10-15 21:00:00,175.989,176.064,175.954,176.048,5034,1,0
2025-10-15 22:00:00,176.048,176.123,175.998,176.123,3940,1,0
2025-10-15 23:00:00,176.12,176.157,175.902,175.929,3321,1,0
2025-10-16 00:00:00,175.911,175.978,175.748,175.784,808,44,0
2025-10-16 01:00:00,175.784,175.98,175.647,175.765,3001,2,0
2025-10-16 02:00:00,175.767,175.885,175.722,175.839,3152,2,0
2025-10-16 03:00:00,175.844,175.913,175.506,175.772,9044,2,0
2025-10-16 04:00:00,175.775,175.877,175.67,175.749,7425,2,0
2025-10-16 05:00:00,175.749,175.901,175.727,175.895,4950,2,0
2025-10-16 06:00:00,175.901,175.965,175.846,175.941,4018,2,0
2025-10-16 07:00:00,175.941,176.137,175.92,176.055,3272,2,0
2025-10-16 08:00:00,176.057,176.2,176.037,176.135,5470,2,0
2025-10-16 09:00:00,176.136,176.359,176.082,176.212,7725,1,0
2025-10-16 10:00:00,176.208,176.283,175.869,176.228,9103,1,0
2025-10-16 11:00:00,176.225,176.335,176.099,176.334,7370,1,0
2025-10-16 12:00:00,176.337,176.457,176.3,176.378,5875,1,0
2025-10-16 13:00:00,176.38,176.399,176.178,176.203,5469,1,0
2025-10-16 14:00:00,176.202,176.328,176.18,176.258,5970,1,0
2025-10-16 15:00:00,176.262,176.301,176.036,176.191,8097,1,0
2025-10-16 16:00:00,176.19,176.328,176.096,176.148,11247,1,0
2025-10-16 17:00:00,176.147,176.168,175.983,176.062,11142,1,0
2025-10-16 18:00:00,176.065,176.139,175.835,175.852,9646,1,0
2025-10-16 19:00:00,175.849,175.997,175.447,175.622,12159,1,0
2025-10-16 20:00:00,175.623,175.841,175.542,175.714,11268,1,0
2025-10-16 21:00:00,175.713,175.797,175.577,175.734,8786,1,0
2025-10-16 22:00:00,175.731,175.858,175.63,175.796,7101,1,0
2025-10-16 23:00:00,175.796,175.836,175.749,175.811,3672,1,0
2025-10-17 00:00:00,175.799,175.818,175.598,175.782,1252,28,0
2025-10-17 01:00:00,175.79,175.852,175.708,175.723,3741,2,0
2025-10-17 02:00:00,175.721,175.754,175.527,175.662,4253,2,0
2025-10-17 03:00:00,175.66,175.875,175.545,175.869,7860,2,0
2025-10-17 04:00:00,175.869,175.973,175.837,175.883,7888,2,0
2025-10-17 05:00:00,175.883,175.909,175.714,175.786,5445,2,0
2025-10-17 06:00:00,175.785,175.8,175.553,175.656,4626,2,0
2025-10-17 07:00:00,175.657,175.774,175.59,175.608,5001,2,0
2025-10-17 08:00:00,175.608,175.672,175.537,175.551,5664,2,0
2025-10-17 09:00:00,175.551,175.668,175.195,175.227,9842,1,0
2025-10-17 10:00:00,175.223,175.388,174.814,175.327,14393,1,0
2025-10-17 11:00:00,175.33,175.386,175.091,175.208,10825,1,0
2025-10-17 12:00:00,175.206,175.369,175.052,175.134,7658,1,0
2025-10-17 13:00:00,175.136,175.319,175.028,175.264,8839,1,0
2025-10-17 14:00:00,175.264,175.69,175.251,175.551,12022,1,0
2025-10-17 15:00:00,175.552,175.753,175.542,175.596,11216,1,0
2025-10-17 16:00:00,175.595,175.631,175.341,175.478,11961,1,0
2025-10-17 17:00:00,175.475,175.679,175.434,175.502,13260,1,0
2025-10-17 18:00:00,175.503,175.517,175.244,175.491,10082,1,0
2025-10-17 19:00:00,175.49,175.68,175.487,175.542,8393,1,0
2025-10-17 20:00:00,175.536,175.602,175.503,175.586,7168,1,0
2025-10-17 21:00:00,175.583,175.649,175.552,175.6,6221,1,0
2025-10-17 22:00:00,175.6,175.627,175.549,175.618,4072,1,0
2025-10-17 23:00:00,175.619,175.643,175.449,175.471,3569,1,0
2025-10-20 00:00:00,175.386,175.463,175.286,175.316,1443,102,0
2025-10-20 01:00:00,175.317,175.851,175.317,175.805,3953,2,0
2025-10-20 02:00:00,175.819,175.94,175.786,175.936,3625,2,0
2025-10-20 03:00:00,175.935,176.076,175.813,176.061,7310,2,0
2025-10-20 04:00:00,176.059,176.366,175.986,176.024,6306,2,0
2025-10-20 05:00:00,176.021,176.134,175.958,175.998,4008,2,0
2025-10-20 06:00:00,175.997,176.04,175.777,175.87,3269,2,0
2025-10-20 07:00:00,175.867,175.901,175.632,175.771,4091,2,0
2025-10-20 08:00:00,175.77,175.887,175.69,175.864,4896,2,0
2025-10-20 09:00:00,175.864,175.864,175.599,175.675,7794,2,0
2025-10-20 10:00:00,175.675,175.924,175.638,175.804,7272,1,0
2025-10-20 11:00:00,175.801,175.894,175.623,175.633,7324,1,0
2025-10-20 12:00:00,175.631,175.81,175.238,175.781,8401,1,0
2025-10-20 13:00:00,175.784,175.837,175.588,175.632,6121,1,0
2025-10-20 14:00:00,175.631,175.723,175.558,175.664,6089,1,0
2025-10-20 15:00:00,175.665,175.754,175.522,175.589,8016,1,0
2025-10-20 16:00:00,175.592,175.707,175.481,175.632,8143,1,0
2025-10-20 17:00:00,175.632,175.678,175.428,175.496,8431,1,0
2025-10-20 18:00:00,175.493,175.575,175.464,175.512,7143,1,0
2025-10-20 19:00:00,175.513,175.563,175.465,175.529,5006,1,0
2025-10-20 20:00:00,175.533,175.641,175.512,175.558,4167,1,0
2025-10-20 21:00:00,175.557,175.566,175.485,175.497,3901,1,0
2025-10-20 22:00:00,175.496,175.507,175.409,175.42,3021,1,0
2025-10-20 23:00:00,175.42,175.523,175.413,175.485,2291,1,0
2025-10-21 00:00:00,175.428,175.45,175.308,175.429,1485,86,0
2025-10-21 01:00:00,175.448,175.55,175.437,175.499,1729,2,0
2025-10-21 02:00:00,175.499,175.619,175.482,175.614,2346,2,0
2025-10-21 03:00:00,175.614,175.647,175.351,175.563,7023,2,0
2025-10-21 04:00:00,175.562,175.815,175.387,175.815,6674,2,0
2025-10-21 05:00:00,175.821,175.907,175.771,175.819,5225,2,0
2025-10-21 06:00:00,175.819,175.855,175.697,175.738,4070,2,0
2025-10-21 07:00:00,175.738,175.928,175.578,175.794,5792,2,0
2025-10-21 08:00:00,175.793,176.172,175.565,176.142,8878,2,0
2025-10-21 09:00:00,176.142,176.247,175.873,175.943,7474,1,0
2025-10-21 10:00:00,175.946,175.948,175.671,175.721,8791,1,0
2025-10-21 11:00:00,175.724,176.203,175.634,176.189,9198,1,0
2025-10-21 12:00:00,176.187,176.462,176.164,176.399,6506,1,0
2025-10-21 13:00:00,176.401,176.517,176.322,176.508,7142,1,0
2025-10-21 14:00:00,176.51,176.561,176.414,176.455,7461,1,0
2025-10-21 15:00:00,176.455,176.617,176.421,176.524,9129,1,0
2025-10-21 16:00:00,176.524,176.571,176.045,176.046,11927,1,0
2025-10-21 17:00:00,176.044,176.244,175.841,176.236,10831,1,0
2025-10-21 18:00:00,176.237,176.317,176.141,176.235,7319,1,0
2025-10-21 19:00:00,176.232,176.435,176.213,176.286,7355,1,0
2025-10-21 20:00:00,176.286,176.382,176.207,176.294,5804,1,0
2025-10-21 21:00:00,176.295,176.323,176.262,176.298,3303,1,0
2025-10-21 22:00:00,176.296,176.345,176.226,176.229,2905,1,0
2025-10-21 23:00:00,176.231,176.252,176.161,176.223,2071,1,0
2025-10-22 00:00:00,176.222,176.235,176.125,176.218,817,29,0
2025-10-22 01:00:00,176.247,176.251,176.17,176.243,1847,2,0
2025-10-22 02:00:00,176.238,176.267,176.162,176.168,2029,2,0
2025-10-22 03:00:00,176.167,176.169,175.957,175.961,7320,2,0
2025-10-22 04:00:00,175.96,176.114,175.849,176.101,5901,2,0
2025-10-22 05:00:00,176.099,176.148,175.973,176.023,3620,2,0
2025-10-22 06:00:00,176.024,176.216,176.018,176.187,3317,2,0
2025-10-22 07:00:00,176.188,176.278,176.145,176.18,3015,2,0
2025-10-22 08:00:00,176.179,176.368,176.164,176.365,3212,2,0
2025-10-22 09:00:00,176.372,176.38,176.12,176.157,7762,1,0
2025-10-22 10:00:00,176.159,176.214,176.011,176.129,7783,1,0
2025-10-22 11:00:00,176.13,176.14,175.867,175.924,8597,1,0
2025-10-22 12:00:00,175.923,176.044,175.88,176.028,5665,1,0
2025-10-22 13:00:00,176.03,176.031,175.802,175.893,5972,1,0
2025-10-22 14:00:00,175.894,175.966,175.768,175.812,7630,1,0
2025-10-22 15:00:00,175.811,176.01,175.804,175.978,8085,1,0
2025-10-22 16:00:00,175.979,176.237,175.975,176.207,9078,1,0
2025-10-22 17:00:00,176.207,176.363,176.114,176.353,9623,1,0
2025-10-22 18:00:00,176.357,176.388,176.2,176.252,8413,1,0
2025-10-22 19:00:00,176.25,176.38,176.056,176.341,8516,1,0
2025-10-22 20:00:00,176.345,176.359,176.09,176.134,7295,1,0
2025-10-22 21:00:00,176.134,176.338,176.121,176.314,5826,1,0
2025-10-22 22:00:00,176.314,176.425,176.274,176.386,4346,1,0
2025-10-22 23:00:00,176.387,176.434,176.343,176.424,2168,1,0
2025-10-23 00:00:00,176.436,176.436,176.29,176.369,711,73,0
2025-10-23 01:00:00,176.37,176.428,176.307,176.397,2202,2,0
2025-10-23 02:00:00,176.4,176.434,176.349,176.409,2993,2,0
2025-10-23 03:00:00,176.411,176.636,176.383,176.56,6128,2,0
2025-10-23 04:00:00,176.561,176.84,176.534,176.767,5406,2,0
2025-10-23 05:00:00,176.769,176.842,176.738,176.799,3356,2,0
2025-10-23 06:00:00,176.8,176.826,176.713,176.759,2437,2,0
2025-10-23 07:00:00,176.759,176.844,176.748,176.779,2988,2,0
2025-10-23 08:00:00,176.779,176.792,176.674,176.771,3147,2,0
2025-10-23 09:00:00,176.772,176.982,176.704,176.975,5525,2,0
2025-10-23 10:00:00,176.975,176.975,176.715,176.898,6988,1,0
2025-10-23 11:00:00,176.895,177.016,176.845,176.965,5621,1,0
2025-10-23 12:00:00,176.966,177.016,176.877,176.881,4934,1,0
2025-10-23 13:00:00,176.883,177.03,176.874,177.023,4928,1,0
2025-10-23 14:00:00,177.023,177.047,176.899,176.901,5004,1,0
2025-10-23 15:00:00,176.902,176.99,176.869,176.953,6692,1,0
2025-10-23 16:00:00,176.954,177.25,176.89,177.217,8464,1,0
2025-10-23 17:00:00,177.222,177.359,177.182,177.235,8879,1,0
2025-10-23 18:00:00,177.235,177.379,177.191,177.343,6639,1,0
2025-10-23 19:00:00,177.34,177.448,177.256,177.26,4484,1,0
2025-10-23 20:00:00,177.259,177.317,177.166,177.212,4105,1,0
2025-10-23 21:00:00,177.213,177.271,177.184,177.204,3427,1,0
2025-10-23 22:00:00,177.204,177.227,177.175,177.219,2539,1,0
2025-10-23 23:00:00,177.214,177.283,177.196,177.272,2411,1,0
2025-10-24 00:00:00,177.215,177.247,177.136,177.193,1197,73,0
2025-10-24 01:00:00,177.197,177.298,177.179,177.276,1845,2,0
2025-10-24 02:00:00,177.274,177.329,177.241,177.29,1951,2,0
2025-10-24 03:00:00,177.291,177.363,177.195,177.347,4661,2,0
2025-10-24 04:00:00,177.348,177.512,177.345,177.502,5104,2,0
2025-10-24 05:00:00,177.502,177.529,177.352,177.474,4147,2,0
2025-10-24 06:00:00,177.474,177.504,177.304,177.356,2908,2,0
2025-10-24 07:00:00,177.355,177.474,177.354,177.463,3037,2,0
2025-10-24 08:00:00,177.464,177.595,177.401,177.515,3752,2,0
2025-10-24 09:00:00,177.513,177.63,177.464,177.597,5641,1,0
2025-10-24 10:00:00,177.594,177.706,177.3,177.567,7536,1,0
2025-10-24 11:00:00,177.563,177.643,177.514,177.577,6512,1,0
2025-10-24 12:00:00,177.568,177.632,177.467,177.609,5043,1,0
2025-10-24 13:00:00,177.609,177.674,177.593,177.653,3730,1,0
2025-10-24 14:00:00,177.651,177.655,177.55,177.632,5064,1,0
2025-10-24 15:00:00,177.634,177.649,177.229,177.625,11029,1,0
2025-10-24 16:00:00,177.626,177.827,177.62,177.689,10313,1,0
2025-10-24 17:00:00,177.678,177.748,177.561,177.607,8844,1,0
2025-10-24 18:00:00,177.61,177.772,177.602,177.661,6435,1,0
2025-10-24 19:00:00,177.662,177.697,177.623,177.688,3667,1,0
2025-10-24 20:00:00,177.684,177.719,177.626,177.678,3229,1,0
2025-10-24 21:00:00,177.679,177.753,177.646,177.722,3160,1,0
2025-10-24 22:00:00,177.722,177.768,177.691,177.758,2613,1,0
2025-10-24 23:00:00,177.759,177.774,177.636,177.742,2727,1,0
2025-10-27 00:00:00,177.717,178.016,177.588,177.973,1710,86,0
2025-10-27 01:00:00,177.989,178.105,177.879,178.002,4388,2,0
2025-10-27 02:00:00,177.997,178.145,177.979,178.04,3191,2,0
2025-10-27 03:00:00,178.04,178.092,177.844,177.888,5532,2,0
2025-10-27 04:00:00,177.886,178.031,177.791,177.886,5492,2,0
2025-10-27 05:00:00,177.886,177.987,177.879,177.926,3375,2,0
2025-10-27 06:00:00,177.923,177.965,177.896,177.959,2494,2,0
2025-10-27 07:00:00,177.958,178.015,177.874,178.014,3395,2,0
2025-10-27 08:00:00,178.015,178.112,177.985,178.03,3473,2,0
2025-10-27 09:00:00,178.025,178.077,177.759,177.858,4879,1,0
2025-10-27 10:00:00,177.862,177.864,177.681,177.805,6101,1,0
2025-10-27 11:00:00,177.805,177.846,177.634,177.686,7082,1,0
2025-10-27 12:00:00,177.678,177.792,177.625,177.771,6006,1,0
2025-10-27 13:00:00,177.772,177.922,177.752,177.85,4950,1,0
2025-10-27 14:00:00,177.85,177.878,177.679,177.76,5958,1,0
2025-10-27 15:00:00,177.76,177.966,177.693,177.924,6224,1,0
2025-10-27 16:00:00,177.927,178.233,177.887,178.157,7447,1,0
2025-10-27 17:00:00,178.155,178.22,178.086,178.108,7504,1,0
2025-10-27 18:00:00,178.108,178.23,178.074,178.12,6602,1,0
2025-10-27 19:00:00,178.122,178.148,178.055,178.065,4756,1,0
2025-10-27 20:00:00,178.064,178.165,178.038,178.13,3659,1,0
2025-10-27 21:00:00,178.131,178.135,177.985,178.037,3855,1,0
2025-10-27 22:00:00,178.037,178.13,178.0,178.098,3039,1,0
2025-10-27 23:00:00,178.093,178.094,177.996,177.999,1955,1,0
2025-10-28 00:00:00,177.999,177.999,177.836,177.929,804,35,0
2025-10-28 01:00:00,177.945,177.994,177.834,177.944,2325,1,0
2025-10-28 02:00:00,177.944,178.01,177.879,177.911,2091,1,0
2025-10-28 03:00:00,177.913,177.913,177.665,177.747,5087,1,0
2025-10-28 04:00:00,177.747,177.767,177.567,177.661,5733,1,0
2025-10-28 05:00:00,177.661,177.725,177.601,177.678,4087,1,0
2025-10-28 06:00:00,177.679,177.743,177.466,177.555,3527,1,0
2025-10-28 07:00:00,177.555,177.613,177.162,177.186,5442,1,0
2025-10-28 08:00:00,177.184,177.255,177.038,177.189,5238,1,0
2025-10-28 09:00:00,177.189,177.298,177.105,177.194,5298,1,0
2025-10-28 10:00:00,177.197,177.535,177.197,177.321,7209,1,0
2025-10-28 11:00:00,177.321,177.323,177.032,177.059,8011,1,0
2025-10-28 12:00:00,177.058,177.192,176.992,177.087,5568,1,0
2025-10-28 13:00:00,177.088,177.158,177.046,177.136,5110,1,0
2025-10-28 14:00:00,177.136,177.284,177.086,177.264,4944,1,0
2025-10-28 15:00:00,177.262,177.325,177.072,177.085,6678,1,0
2025-10-28 16:00:00,177.086,177.208,177.041,177.15,7603,1,0
2025-10-28 17:00:00,177.15,177.317,177.133,177.226,7505,1,0
2025-10-28 18:00:00,177.226,177.41,177.08,177.382,6641,1,0
2025-10-28 19:00:00,177.378,177.564,177.369,177.48,6719,1,0
2025-10-28 20:00:00,177.481,177.512,177.421,177.484,4267,1,0
2025-10-28 21:00:00,177.486,177.503,177.372,177.381,3049,1,0
2025-10-28 22:00:00,177.383,177.386,177.162,177.181,3632,1,0
2025-10-28 23:00:00,177.182,177.298,177.172,177.232,2259,1,0
2025-10-29 00:00:00,177.203,177.211,177.086,177.122,1947,39,0
2025-10-29 01:00:00,177.14,177.32,177.139,177.287,1947,1,0
2025-10-29 02:00:00,177.288,177.312,176.873,176.884,2120,1,0
2025-10-29 03:00:00,176.884,177.034,176.655,176.722,7819,1,0
2025-10-29 04:00:00,176.723,176.942,176.636,176.918,6212,1,0
2025-10-29 05:00:00,176.917,177.131,176.911,177.005,3795,1,0
2025-10-29 06:00:00,177.006,177.006,176.858,176.947,3085,1,0
2025-10-29 07:00:00,176.948,176.982,176.818,176.92,3103,1,0
2025-10-29 08:00:00,176.926,177.403,176.92,177.225,4561,1,0
2025-10-29 09:00:00,177.225,177.273,176.916,176.944,4610,1,0
2025-10-29 10:00:00,176.956,177.031,176.846,176.884,6068,1,0
2025-10-29 11:00:00,176.886,177.159,176.861,177.063,6000,1,0
2025-10-29 12:00:00,177.063,177.304,177.055,177.22,5632,1,0
2025-10-29 13:00:00,177.219,177.357,177.173,177.323,4817,1,0
2025-10-29 14:00:00,177.323,177.361,177.118,177.208,5322,1,0
2025-10-29 15:00:00,177.208,177.25,177.018,177.116,5835,1,0
2025-10-29 16:00:00,177.118,177.123,176.768,176.878,7882,1,0
2025-10-29 17:00:00,176.878,177.174,176.812,177.135,7379,1,0
2025-10-29 18:00:00,177.134,177.302,177.018,177.186,7015,1,0
2025-10-29 19:00:00,177.188,177.409,177.184,177.367,5773,1,0
2025-10-29 20:00:00,177.366,177.4,177.236,177.26,4485,1,0
2025-10-29 21:00:00,177.256,177.589,177.164,177.194,14960,1,0
2025-10-29 22:00:00,177.194,177.26,177.056,177.26,9812,1,0
2025-10-29 23:00:00,177.257,177.291,177.086,177.171,5125,1,0
2025-10-30 00:00:00,177.164,177.194,176.94,177.114,1333,37,0
2025-10-30 01:00:00,177.115,177.236,177.097,177.199,2442,1,0
2025-10-30 02:00:00,177.198,177.239,177.085,177.218,2306,1,0
2025-10-30 03:00:00,177.219,177.394,177.109,177.25,6428,1,0
2025-10-30 04:00:00,177.254,177.284,177.054,177.173,6002,1,0
2025-10-30 05:00:00,177.172,177.181,176.953,176.982,4577,1,0
2025-10-30 06:00:00,176.982,177.784,176.815,177.688,7369,1,0
2025-10-30 07:00:00,177.682,177.891,177.364,177.711,9156,1,0
2025-10-30 08:00:00,177.725,177.906,177.599,177.903,6321,1,0
2025-10-30 09:00:00,177.904,178.409,177.777,178.182,8079,1,0
2025-10-30 10:00:00,178.184,178.37,178.081,178.241,8191,1,0
2025-10-30 11:00:00,178.25,178.706,178.25,178.631,7259,1,0
2025-10-30 12:00:00,178.633,178.79,178.54,178.651,6658,1,0
2025-10-30 13:00:00,178.657,178.788,178.643,178.707,5714,1,0
2025-10-30 14:00:00,178.706,178.803,178.628,178.753,6204,1,0
2025-10-30 15:00:00,178.754,178.822,178.222,178.296,8725,1,0
2025-10-30 16:00:00,178.296,178.603,178.248,178.558,11546,1,0
2025-10-30 17:00:00,178.562,178.58,178.389,178.572,9916,1,0
2025-10-30 18:00:00,178.573,178.616,178.214,178.29,6930,1,0
2025-10-30 19:00:00,178.29,178.327,178.191,178.291,5065,1,0
2025-10-30 20:00:00,178.292,178.309,178.151,178.249,4060,1,0
2025-10-30 21:00:00,178.25,178.32,178.224,178.252,3714,1,0
2025-10-30 22:00:00,178.252,178.27,178.147,178.181,3545,1,0
2025-10-30 23:00:00,178.18,178.339,178.167,178.261,2539,1,0
2025-10-31 00:00:00,178.232,178.309,178.114,178.189,1134,50,0
2025-10-31 01:00:00,178.191,178.311,178.188,178.284,1579,1,0
2025-10-31 02:00:00,178.284,178.318,178.044,178.107,2713,1,0
2025-10-31 03:00:00,178.108,178.285,178.038,178.127,4971,1,0
2025-10-31 04:00:00,178.127,178.178,177.84,177.957,5327,1,0
2025-10-31 05:00:00,177.958,178.03,177.942,178.027,3588,1,0
2025-10-31 06:00:00,178.027,178.215,178.017,178.188,2857,1,0
2025-10-31 07:00:00,178.186,178.233,178.091,178.147,3015,1,0
2025-10-31 08:00:00,178.147,178.213,177.971,178.058,3936,1,0
2025-10-31 09:00:00,178.056,178.382,178.044,178.313,4740,1,0
2025-10-31 10:00:00,178.318,178.468,178.251,178.461,6392,1,0
2025-10-31 11:00:00,178.463,178.565,178.32,178.485,6013,1,0
2025-10-31 12:00:00,178.484,178.534,178.304,178.435,5360,1,0
2025-10-31 13:00:00,178.427,178.444,178.319,178.357,4250,1,0
2025-10-31 14:00:00,178.356,178.378,178.202,178.26,4795,1,0
2025-10-31 15:00:00,178.256,178.285,177.917,178.128,6876,1,0
2025-10-31 16:00:00,178.128,178.171,177.752,177.794,8035,1,0
2025-10-31 17:00:00,177.799,177.812,177.502,177.575,8413,1,0
2025-10-31 18:00:00,177.574,177.849,177.448,177.787,9094,1,0
2025-10-31 19:00:00,177.787,177.831,177.671,177.708,7284,1,0
2025-10-31 20:00:00,177.707,177.728,177.584,177.592,5090,1,0
2025-10-31 21:00:00,177.594,177.621,177.536,177.594,3876,1,0
2025-10-31 22:00:00,177.598,177.709,177.574,177.63,2845,1,0
2025-10-31 23:00:00,177.632,177.762,177.612,177.692,2441,1,0
2025-11-03 00:00:00,177.522,177.677,177.51,177.664,2133,86,0
2025-11-03 01:00:00,177.665,177.877,177.626,177.754,4768,0,0
2025-11-03 02:00:00,177.754,177.786,177.679,177.703,4043,0,0
2025-11-03 03:00:00,177.703,177.706,177.604,177.652,3521,0,0
2025-11-03 04:00:00,177.654,177.72,177.616,177.684,2931,0,0
2025-11-03 05:00:00,177.685,177.704,177.637,177.697,2051,0,0
2025-11-03 06:00:00,177.696,177.717,177.648,177.71,2063,0,0
2025-11-03 07:00:00,177.711,177.796,177.71,177.781,2455,0,0
2025-11-03 08:00:00,177.782,177.967,177.776,177.899,3056,0,0
2025-11-03 09:00:00,177.896,177.976,177.839,177.841,4938,0,0
2025-11-03 10:00:00,177.843,177.86,177.371,177.434,6075,0,0
2025-11-03 11:00:00,177.435,177.568,177.401,177.515,4742,0,0
2025-11-03 12:00:00,177.514,177.58,177.418,177.535,4678,0,0
2025-11-03 13:00:00,177.535,177.588,177.459,177.515,4245,0,0
2025-11-03 14:00:00,177.514,177.621,177.504,177.578,4169,0,0
2025-11-03 15:00:00,177.575,177.611,177.51,177.559,5399,0,0
2025-11-03 16:00:00,177.559,177.575,177.368,177.385,6443,0,0
2025-11-03 17:00:00,177.338,177.626,177.216,177.602,9313,0,0
2025-11-03 18:00:00,177.597,177.757,177.562,177.729,6253,0,0
2025-11-03 19:00:00,177.73,177.779,177.667,177.697,4230,0,0
2025-11-03 20:00:00,177.698,177.745,177.645,177.653,3171,0,0
2025-11-03 21:00:00,177.652,177.672,177.596,177.622,3470,0,0
2025-11-03 22:00:00,177.623,177.688,177.59,177.622,2666,0,0
2025-11-03 23:00:00,177.623,177.643,177.522,177.624,1771,1,0
2025-11-04 00:00:00,177.637,177.683,177.562,177.631,663,32,0
2025-11-04 01:00:00,177.675,177.678,177.604,177.63,1806,0,0
2025-11-04 02:00:00,177.631,177.675,177.489,177.621,5317,0,0
2025-11-04 03:00:00,177.621,177.666,177.545,177.635,5136,0,0
2025-11-04 04:00:00,177.635,177.65,177.392,177.396,4073,0,0
2025-11-04 05:00:00,177.395,177.53,177.374,177.405,3425,0,0
2025-11-04 06:00:00,177.405,177.414,177.133,177.32,3602,0,0
2025-11-04 07:00:00,177.32,177.337,176.951,176.988,5169,0,0
2025-11-04 08:00:00,176.987,177.082,176.876,177.033,6393,0,0
2025-11-04 09:00:00,177.026,177.062,176.786,177.035,6724,0,0
2025-11-04 10:00:00,177.045,177.115,176.816,176.911,8126,0,0
2025-11-04 11:00:00,176.913,176.988,176.471,176.525,6688,0,0
2025-11-04 12:00:00,176.524,176.713,176.433,176.675,5694,0,0
2025-11-04 13:00:00,176.674,176.696,176.411,176.454,4963,0,0
2025-11-04 14:00:00,176.452,176.5,176.271,176.397,6335,0,0
2025-11-04 15:00:00,176.397,176.421,176.25,176.277,6384,0,0
2025-11-04 16:00:00,176.277,176.327,176.09,176.212,7880,0,0
2025-11-04 17:00:00,176.205,176.275,176.139,176.266,7850,0,0
2025-11-04 18:00:00,176.267,176.434,176.238,176.428,6219,0,0
2025-11-04 19:00:00,176.429,176.456,176.343,176.383,3997,0,0
2025-11-04 20:00:00,176.383,176.461,176.341,176.356,3310,0,0
2025-11-04 21:00:00,176.357,176.462,176.298,176.35,3739,0,0
2025-11-04 22:00:00,176.351,176.46,176.326,176.357,3430,0,0
2025-11-04 23:00:00,176.362,176.439,176.285,176.431,2645,1,0
2025-11-05 00:00:00,176.381,176.449,176.32,176.412,1209,86,0
2025-11-05 01:00:00,176.455,176.505,176.313,176.355,2147,0,0
2025-11-05 02:00:00,176.355,176.536,175.967,175.975,6893,0,0
2025-11-05 03:00:00,175.983,176.06,175.703,175.978,8216,0,0
2025-11-05 04:00:00,175.983,176.158,175.879,176.14,5030,0,0
2025-11-05 05:00:00,176.139,176.403,176.139,176.369,5474,0,0
2025-11-05 06:00:00,176.369,176.389,176.255,176.367,3651,0,0
2025-11-05 07:00:00,176.367,176.484,176.318,176.425,3580,0,0
2025-11-05 08:00:00,176.425,176.616,176.357,176.532,4469,0,0
2025-11-05 09:00:00,176.533,176.54,176.314,176.394,5686,0,0
2025-11-05 10:00:00,176.397,176.618,176.315,176.352,6376,0,0
2025-11-05 11:00:00,176.35,176.508,176.309,176.505,5553,0,0
2025-11-05 12:00:00,176.506,176.614,176.407,176.415,4752,0,0
2025-11-05 13:00:00,176.412,176.531,176.398,176.48,4783,0,0
2025-11-05 14:00:00,176.48,176.643,176.452,176.63,5164,0,0
2025-11-05 15:00:00,176.628,176.802,176.609,176.671,7580,0,0
2025-11-05 16:00:00,176.671,176.89,176.639,176.837,7745,0,0
2025-11-05 17:00:00,176.9,177.133,176.885,177.129,10717,0,0
2025-11-05 18:00:00,177.135,177.144,176.961,176.994,7076,0,0
2025-11-05 19:00:00,176.994,177.004,176.866,176.89,4358,0,0
2025-11-05 20:00:00,176.89,176.969,176.836,176.962,3274,0,0
2025-11-05 21:00:00,176.963,177.023,176.919,177.013,2828,0,0
2025-11-05 22:00:00,177.013,177.106,177.013,177.057,2614,0,0
2025-11-05 23:00:00,177.058,177.125,176.975,177.104,1933,1,0
2025-11-06 00:00:00,176.84,177.073,176.84,177.034,1232,86,0
2025-11-06 01:00:00,177.083,177.144,177.011,177.139,1828,0,0
2025-11-06 02:00:00,177.14,177.165,176.893,176.991,4884,0,0
2025-11-06 03:00:00,176.989,177.155,176.94,177.064,3982,0,0
2025-11-06 04:00:00,177.065,177.164,176.995,177.126,3424,0,0
2025-11-06 05:00:00,177.126,177.173,177.022,177.062,2360,0,0
2025-11-06 06:00:00,177.057,177.206,177.051,177.158,2471,0,0
2025-11-06 07:00:00,177.158,177.191,177.016,177.124,3248,0,0
2025-11-06 08:00:00,177.124,177.204,177.054,177.192,3257,0,0
2025-11-06 09:00:00,177.194,177.22,177.003,177.076,4318,0,0
2025-11-06 10:00:00,177.08,177.082,176.87,176.922,6509,0,0
2025-11-06 11:00:00,176.924,177.045,176.914,176.989,5215,0,0
2025-11-06 12:00:00,176.985,177.079,176.971,176.972,4244,0,0
2025-11-06 13:00:00,176.971,177.021,176.936,177.001,4027,0,0
2025-11-06 14:00:00,177.001,177.148,176.887,177.123,6443,0,0
2025-11-06 15:00:00,177.123,177.185,177.039,177.08,6655,0,0
2025-11-06 16:00:00,177.079,177.126,176.731,176.733,7557,0,0
2025-11-06 17:00:00,176.732,176.93,176.528,176.604,9932,0,0
2025-11-06 18:00:00,176.6,176.706,176.498,176.505,8681,0,0
2025-11-06 19:00:00,176.505,176.628,176.283,176.593,7457,0,0
2025-11-06 20:00:00,176.594,176.794,176.533,176.732,5816,0,0
2025-11-06 21:00:00,176.732,176.871,176.696,176.797,4417,0,0
2025-11-06 22:00:00,176.797,176.833,176.673,176.716,3722,0,0
2025-11-06 23:00:00,176.719,176.784,176.633,176.74,2535,0,0
2025-11-07 00:00:00,176.73,176.772,176.472,176.669,3603,36,0
2025-11-07 01:00:00,176.669,176.742,176.513,176.642,2371,0,0
2025-11-07 02:00:00,176.642,176.82,176.509,176.771,6376,0,0
2025-11-07 03:00:00,176.77,176.892,176.618,176.685,6339,0,0
2025-11-07 04:00:00,176.684,176.758,176.541,176.736,3732,0,0
2025-11-07 05:00:00,176.734,176.754,176.527,176.601,3704,0,0
2025-11-07 06:00:00,176.602,176.679,176.527,176.644,3458,0,0
2025-11-07 07:00:00,176.644,176.893,176.643,176.878,3377,0,0
2025-11-07 08:00:00,176.879,177.038,176.879,177.008,4357,0,0
2025-11-07 09:00:00,177.008,177.05,176.9,176.9,4961,0,0
2025-11-07 10:00:00,176.899,177.091,176.874,177.074,5908,0,0
2025-11-07 11:00:00,177.074,177.143,177.014,177.104,5179,0,0
2025-11-07 12:00:00,177.104,177.187,177.058,177.125,4666,0,0
2025-11-07 13:00:00,177.125,177.135,176.87,176.992,6202,0,0
2025-11-07 14:00:00,176.992,177.055,176.876,176.919,5697,0,0
2025-11-07 15:00:00,176.92,177.42,176.877,177.4,7812,0,0
2025-11-07 16:00:00,177.402,177.608,177.206,177.469,9474,0,0
2025-11-07 17:00:00,177.477,177.519,177.207,177.208,11323,0,0
2025-11-07 18:00:00,177.208,177.33,177.17,177.214,7470,0,0
2025-11-07 19:00:00,177.214,177.383,177.171,177.292,5428,0,0
2025-11-07 20:00:00,177.293,177.325,177.171,177.289,4028,0,0
2025-11-07 21:00:00,177.293,177.522,177.27,177.507,5670,0,0
2025-11-07 22:00:00,177.505,177.525,177.34,177.435,5150,0,0
2025-11-07 23:00:00,177.433,177.511,177.361,177.4,1923,0,0
2025-11-10 00:00:00,177.572,177.648,177.396,177.583,1386,86,0
2025-11-10 01:00:00,177.587,177.717,177.491,177.573,4912,0,0
2025-11-10 02:00:00,177.573,177.789,177.324,177.772,7163,0,0
2025-11-10 03:00:00,177.772,177.829,177.695,177.805,5588,0,0
2025-11-10 04:00:00,177.804,177.88,177.747,177.867,3601,0,0
2025-11-10 05:00:00,177.868,177.95,177.843,177.87,3951,0,0
2025-11-10 06:00:00,177.872,177.908,177.817,177.904,3653,0,0
2025-11-10 07:00:00,177.904,178.08,177.891,177.987,4294,0,0
2025-11-10 08:00:00,177.986,178.074,177.943,177.966,4632,0,0
2025-11-10 09:00:00,177.965,178.206,177.965,178.198,5380,0,0
2025-11-10 10:00:00,178.197,178.454,178.15,178.414,6405,0,0
2025-11-10 11:00:00,178.413,178.453,178.312,178.341,5820,0,0
2025-11-10 12:00:00,178.338,178.348,178.208,178.256,4561,0,0
2025-11-10 13:00:00,178.257,178.289,178.189,178.228,4298,0,0
2025-11-10 14:00:00,178.225,178.324,178.219,178.285,4349,0,0
2025-11-10 15:00:00,178.286,178.391,178.175,178.217,5167,0,0
