time,open,high,low,close,tick_volume,spread,real_volume
2024-11-11 00:00:00,0.59609,0.59657,0.59374,0.59598,652,35,0
2024-11-11 01:00:00,0.59598,0.5968,0.59598,0.59642,1182,1,0
2024-11-11 02:00:00,0.59642,0.59696,0.59603,0.59649,2165,1,0
2024-11-11 03:00:00,0.59649,0.59721,0.59644,0.59668,3377,1,0
2024-11-11 04:00:00,0.59668,0.59723,0.59641,0.59708,2684,1,0
2024-11-11 05:00:00,0.59706,0.59761,0.597,0.59742,1531,1,0
2024-11-11 06:00:00,0.59743,0.59752,0.59684,0.59737,1407,1,0
2024-11-11 07:00:00,0.59737,0.59776,0.59719,0.5972,2000,1,0
2024-11-11 08:00:00,0.59721,0.59747,0.59687,0.59745,1745,1,0
2024-11-11 09:00:00,0.59745,0.59764,0.59618,0.59652,3162,1,0
2024-11-11 10:00:00,0.59652,0.59666,0.59562,0.59619,3232,1,0
2024-11-11 11:00:00,0.59619,0.59712,0.59613,0.597,2893,1,0
2024-11-11 12:00:00,0.59698,0.59719,0.59663,0.59669,2048,1,0
2024-11-11 13:00:00,0.59668,0.59706,0.59632,0.59689,2300,1,0
2024-11-11 14:00:00,0.59689,0.59703,0.59647,0.59657,1987,1,0
2024-11-11 15:00:00,0.59657,0.59669,0.59518,0.59564,3020,1,0
2024-11-11 16:00:00,0.59564,0.5965,0.59535,0.59568,3930,1,0
2024-11-11 17:00:00,0.5957,0.59616,0.59536,0.59582,4131,1,0
2024-11-11 18:00:00,0.59583,0.59633,0.59561,0.59593,2431,1,0
2024-11-11 19:00:00,0.59593,0.5963,0.59559,0.59581,1606,1,0
2024-11-11 20:00:00,0.59581,0.59604,0.59542,0.59592,1855,1,0
2024-11-11 21:00:00,0.59593,0.59627,0.59579,0.59594,1341,1,0
2024-11-11 22:00:00,0.59595,0.59623,0.59588,0.5962,878,1,0
2024-11-11 23:00:00,0.59618,0.59641,0.59607,0.59636,551,0,0
2024-11-12 00:00:00,0.59627,0.59647,0.59503,0.59613,593,17,0
2024-11-12 01:00:00,0.59613,0.59697,0.59613,0.59694,939,1,0
2024-11-12 02:00:00,0.59694,0.59694,0.59601,0.59664,1537,1,0
2024-11-12 03:00:00,0.59665,0.59724,0.59586,0.59646,3913,1,0
2024-11-12 04:00:00,0.59648,0.59656,0.59553,0.59586,3586,1,0
2024-11-12 05:00:00,0.59586,0.59636,0.59539,0.59548,2562,1,0
2024-11-12 06:00:00,0.59546,0.59592,0.59539,0.59585,1620,1,0
2024-11-12 07:00:00,0.59586,0.596,0.59519,0.59523,2770,1,0
2024-11-12 08:00:00,0.59522,0.59578,0.59499,0.59565,2760,1,0
2024-11-12 09:00:00,0.59565,0.59592,0.59507,0.59533,3394,1,0
2024-11-12 10:00:00,0.59532,0.59566,0.59412,0.59543,3925,1,0
2024-11-12 11:00:00,0.59543,0.59543,0.59399,0.59462,2952,1,0
2024-11-12 12:00:00,0.5946,0.59488,0.59381,0.59422,2842,1,0
2024-11-12 13:00:00,0.59422,0.59488,0.5942,0.59447,2305,1,0
2024-11-12 14:00:00,0.59447,0.59524,0.59419,0.595,3148,1,0
2024-11-12 15:00:00,0.59499,0.59547,0.59424,0.59479,3999,1,0
2024-11-12 16:00:00,0.5948,0.5948,0.5936,0.594,4678,1,0
2024-11-12 17:00:00,0.59398,0.59411,0.59296,0.59319,4552,1,0
2024-11-12 18:00:00,0.59319,0.59331,0.59159,0.59168,4468,1,0
2024-11-12 19:00:00,0.59168,0.59186,0.59095,0.59131,4197,1,0
2024-11-12 20:00:00,0.59131,0.59225,0.59128,0.5922,3108,1,0
2024-11-12 21:00:00,0.59219,0.59263,0.59201,0.59219,1954,1,0
2024-11-12 22:00:00,0.59218,0.59297,0.59218,0.59272,1702,1,0
2024-11-12 23:00:00,0.5927,0.59306,0.59238,0.59262,1046,0,0
2024-11-13 00:00:00,0.59254,0.59256,0.59104,0.59213,241,8,0
2024-11-13 01:00:00,0.59213,0.59245,0.59194,0.59224,638,1,0
2024-11-13 02:00:00,0.59224,0.59238,0.59172,0.59193,1992,1,0
2024-11-13 03:00:00,0.5919,0.59337,0.59189,0.5931,4377,1,0
2024-11-13 04:00:00,0.59311,0.59321,0.5925,0.59295,2652,1,0
2024-11-13 05:00:00,0.59296,0.59318,0.59241,0.59276,1775,1,0
2024-11-13 06:00:00,0.59275,0.59315,0.59267,0.5929,1182,1,0
2024-11-13 07:00:00,0.5929,0.59298,0.59233,0.59274,2275,1,0
2024-11-13 08:00:00,0.59273,0.59296,0.59218,0.59251,2489,1,0
2024-11-13 09:00:00,0.59251,0.59301,0.59215,0.59238,2751,1,0
2024-11-13 10:00:00,0.59238,0.5929,0.59189,0.59269,2830,1,0
2024-11-13 11:00:00,0.59268,0.59342,0.59229,0.59326,2670,1,0
2024-11-13 12:00:00,0.59325,0.59325,0.5924,0.59251,1972,1,0
2024-11-13 13:00:00,0.59251,0.5932,0.59222,0.59312,2124,1,0
2024-11-13 14:00:00,0.59312,0.59335,0.59259,0.59269,2819,1,0
2024-11-13 15:00:00,0.59268,0.59471,0.59191,0.5937,8214,1,0
2024-11-13 16:00:00,0.5937,0.59388,0.59012,0.59038,8531,1,0
2024-11-13 17:00:00,0.59038,0.59047,0.5887,0.5901,9633,1,0
2024-11-13 18:00:00,0.59011,0.59018,0.58842,0.58858,5916,1,0
2024-11-13 19:00:00,0.58858,0.58907,0.58802,0.58828,3258,1,0
2024-11-13 20:00:00,0.58827,0.58881,0.58779,0.58857,2764,1,0
2024-11-13 21:00:00,0.58857,0.58909,0.58828,0.58833,2151,1,0
2024-11-13 22:00:00,0.58832,0.5885,0.58759,0.58773,1960,1,0
2024-11-13 23:00:00,0.58771,0.5881,0.58769,0.58797,1103,0,0
2024-11-14 00:00:00,0.58789,0.58841,0.5877,0.58831,828,4,0
2024-11-14 01:00:00,0.58835,0.58845,0.58798,0.58831,968,1,0
2024-11-14 02:00:00,0.58831,0.58842,0.58758,0.58797,2049,1,0
2024-11-14 03:00:00,0.58796,0.58796,0.5868,0.58704,3829,1,0
2024-11-14 04:00:00,0.58704,0.58726,0.58642,0.5866,2821,1,0
2024-11-14 05:00:00,0.58659,0.58698,0.58609,0.58628,2184,1,0
2024-11-14 06:00:00,0.58628,0.58631,0.5857,0.5859,1750,1,0
2024-11-14 07:00:00,0.5859,0.58613,0.58534,0.58606,2203,1,0
2024-11-14 08:00:00,0.58606,0.58666,0.58583,0.58599,2411,1,0
2024-11-14 09:00:00,0.58599,0.58715,0.58567,0.58663,3224,1,0
2024-11-14 10:00:00,0.58664,0.58707,0.58627,0.58648,3280,1,0
2024-11-14 11:00:00,0.58648,0.5868,0.58557,0.58573,3016,1,0
2024-11-14 12:00:00,0.58573,0.58595,0.58505,0.5858,2749,1,0
2024-11-14 13:00:00,0.58579,0.58647,0.58499,0.58636,3071,1,0
2024-11-14 14:00:00,0.58636,0.58702,0.58611,0.58637,3002,1,0
2024-11-14 15:00:00,0.58637,0.58759,0.58538,0.58616,7313,1,0
2024-11-14 16:00:00,0.58614,0.58831,0.5861,0.58716,6557,1,0
2024-11-14 17:00:00,0.58718,0.58799,0.58649,0.58776,6837,1,0
2024-11-14 18:00:00,0.58776,0.58813,0.58703,0.58712,4206,1,0
2024-11-14 19:00:00,0.58712,0.58771,0.58686,0.58768,3071,1,0
2024-11-14 20:00:00,0.58767,0.58772,0.58663,0.58668,2107,1,0
2024-11-14 21:00:00,0.58669,0.5872,0.58651,0.58656,2013,1,0
2024-11-14 22:00:00,0.58656,0.5866,0.58391,0.58454,8237,1,0
2024-11-14 23:00:00,0.58454,0.58502,0.58434,0.58495,2538,1,0
2024-11-15 00:00:00,0.58491,0.58522,0.58387,0.58478,1611,4,0
2024-11-15 01:00:00,0.58478,0.585,0.58449,0.58493,1015,1,0
2024-11-15 02:00:00,0.58493,0.58515,0.58399,0.58433,2243,1,0
2024-11-15 03:00:00,0.58432,0.58526,0.58425,0.58493,3671,1,0
2024-11-15 04:00:00,0.58495,0.58617,0.58494,0.58612,3146,1,0
2024-11-15 05:00:00,0.58613,0.58663,0.58557,0.58563,2200,1,0
2024-11-15 06:00:00,0.58563,0.5864,0.58558,0.586,1322,1,0
2024-11-15 07:00:00,0.586,0.58618,0.5857,0.58582,1773,1,0
2024-11-15 08:00:00,0.58582,0.58657,0.58534,0.58639,2459,1,0
2024-11-15 09:00:00,0.58639,0.58694,0.58605,0.58643,2911,1,0
2024-11-15 10:00:00,0.58643,0.58709,0.58574,0.58686,3601,1,0
2024-11-15 11:00:00,0.58685,0.5876,0.58662,0.58702,2834,1,0
2024-11-15 12:00:00,0.58703,0.58756,0.58661,0.58741,2697,1,0
2024-11-15 13:00:00,0.58742,0.58759,0.58688,0.58735,2060,1,0
2024-11-15 14:00:00,0.58735,0.58759,0.58659,0.5873,1911,1,0
2024-11-15 15:00:00,0.58731,0.58808,0.58591,0.58638,7343,1,0
2024-11-15 16:00:00,0.58638,0.5867,0.58473,0.58521,7175,1,0
2024-11-15 17:00:00,0.58522,0.5864,0.58485,0.5862,7324,1,0
2024-11-15 18:00:00,0.58621,0.58681,0.58584,0.58618,5772,1,0
2024-11-15 19:00:00,0.58618,0.58698,0.58615,0.58658,3680,1,0
2024-11-15 20:00:00,0.58659,0.58691,0.58604,0.58671,2985,1,0
2024-11-15 21:00:00,0.58672,0.58682,0.5858,0.5859,3370,1,0
2024-11-15 22:00:00,0.58589,0.58594,0.58521,0.58589,2143,1,0
2024-11-15 23:00:00,0.58589,0.58651,0.5857,0.58647,1219,1,0
2024-11-18 00:00:00,0.58607,0.58618,0.58586,0.58588,288,45,0
2024-11-18 01:00:00,0.58588,0.58653,0.58583,0.58635,1043,1,0
2024-11-18 02:00:00,0.58635,0.58747,0.58615,0.58746,2527,1,0
2024-11-18 03:00:00,0.58746,0.58755,0.58625,0.58659,4170,1,0
2024-11-18 04:00:00,0.58659,0.58698,0.58627,0.58656,2304,1,0
2024-11-18 05:00:00,0.58656,0.58677,0.58513,0.58541,1703,1,0
2024-11-18 06:00:00,0.58542,0.58619,0.58528,0.58603,1428,1,0
2024-11-18 07:00:00,0.58603,0.58639,0.58538,0.58602,2070,1,0
2024-11-18 08:00:00,0.58602,0.58602,0.58556,0.58561,2228,1,0
2024-11-18 09:00:00,0.58561,0.58561,0.58433,0.58469,2307,1,0
2024-11-18 10:00:00,0.58469,0.58497,0.58423,0.58439,2971,1,0
2024-11-18 11:00:00,0.58439,0.58523,0.58401,0.58484,3152,1,0
2024-11-18 12:00:00,0.58483,0.58484,0.5842,0.58445,2273,1,0
2024-11-18 13:00:00,0.58445,0.58447,0.58361,0.58391,1865,1,0
2024-11-18 14:00:00,0.5839,0.58422,0.58369,0.5839,2168,1,0
2024-11-18 15:00:00,0.5839,0.58504,0.58369,0.58501,3007,1,0
2024-11-18 16:00:00,0.58502,0.58584,0.58479,0.58571,3894,1,0
2024-11-18 17:00:00,0.58573,0.58691,0.58573,0.58661,3900,1,0
2024-11-18 18:00:00,0.58661,0.58814,0.58657,0.58809,3439,1,0
2024-11-18 19:00:00,0.58809,0.58888,0.58771,0.5887,2654,1,0
2024-11-18 20:00:00,0.58867,0.58946,0.58853,0.58942,1925,1,0
2024-11-18 21:00:00,0.58944,0.58981,0.58884,0.58897,1848,1,0
2024-11-18 22:00:00,0.58898,0.58943,0.58888,0.58942,1462,1,0
2024-11-18 23:00:00,0.58943,0.58944,0.58909,0.58926,729,0,0
2024-11-19 00:00:00,0.58927,0.58929,0.58848,0.58898,363,9,0
2024-11-19 01:00:00,0.58898,0.5893,0.58877,0.58899,529,1,0
2024-11-19 02:00:00,0.58899,0.58905,0.58778,0.58814,2344,1,0
2024-11-19 03:00:00,0.58815,0.58926,0.58788,0.58916,2952,1,0
2024-11-19 04:00:00,0.58915,0.5895,0.58856,0.58874,2494,1,0
2024-11-19 05:00:00,0.58873,0.58985,0.5887,0.58983,2316,1,0
2024-11-19 06:00:00,0.58983,0.59015,0.58865,0.58871,1581,1,0
2024-11-19 07:00:00,0.58869,0.58896,0.58849,0.58886,1881,1,0
2024-11-19 08:00:00,0.58886,0.58979,0.58874,0.58958,2141,1,0
2024-11-19 09:00:00,0.58958,0.58967,0.58864,0.5894,2846,1,0
2024-11-19 10:00:00,0.5894,0.58993,0.58846,0.58872,5553,2,0
2024-11-19 11:00:00,0.5887,0.58886,0.58741,0.58788,6660,1,0
2024-11-19 12:00:00,0.58789,0.58913,0.58778,0.5886,3776,1,0
2024-11-19 13:00:00,0.58861,0.58887,0.58798,0.58814,2758,1,0
2024-11-19 14:00:00,0.58814,0.58904,0.58809,0.58903,2585,1,0
2024-11-19 15:00:00,0.58904,0.59039,0.58893,0.58949,5410,1,0
2024-11-19 16:00:00,0.58949,0.59006,0.58897,0.58943,7352,1,0
2024-11-19 17:00:00,0.58943,0.59028,0.58877,0.59016,5107,1,0
2024-11-19 18:00:00,0.59016,0.59078,0.58994,0.59053,3474,1,0
2024-11-19 19:00:00,0.59053,0.59119,0.59017,0.5902,2897,1,0
2024-11-19 20:00:00,0.59019,0.59097,0.58973,0.59091,2158,1,0
2024-11-19 21:00:00,0.59093,0.59119,0.59056,0.5911,1655,1,0
2024-11-19 22:00:00,0.59108,0.59129,0.59087,0.59103,1416,1,0
2024-11-19 23:00:00,0.59102,0.59134,0.59099,0.59122,746,0,0
2024-11-20 00:00:00,0.59113,0.59127,0.59047,0.59123,331,13,0
2024-11-20 01:00:00,0.59123,0.59199,0.59123,0.59187,693,1,0
2024-11-20 02:00:00,0.59187,0.5922,0.59141,0.59146,1558,1,0
2024-11-20 03:00:00,0.59147,0.59166,0.59071,0.59141,2483,1,0
2024-11-20 04:00:00,0.59143,0.59154,0.59102,0.59112,1556,1,0
2024-11-20 05:00:00,0.59111,0.59144,0.59029,0.5906,1411,1,0
2024-11-20 06:00:00,0.59059,0.59098,0.59041,0.59085,1110,1,0
2024-11-20 07:00:00,0.59085,0.59106,0.59026,0.59031,1270,1,0
2024-11-20 08:00:00,0.59032,0.59067,0.58992,0.58997,1891,1,0
2024-11-20 09:00:00,0.58997,0.59044,0.58926,0.58933,3050,1,0
2024-11-20 10:00:00,0.58931,0.58946,0.58862,0.58867,2340,1,0
2024-11-20 11:00:00,0.58868,0.58916,0.58823,0.58852,2506,1,0
2024-11-20 12:00:00,0.58852,0.58883,0.58769,0.58789,2211,1,0
2024-11-20 13:00:00,0.5879,0.58804,0.58734,0.58781,2255,1,0
2024-11-20 14:00:00,0.58781,0.58847,0.58767,0.5882,2186,1,0
2024-11-20 15:00:00,0.5882,0.58859,0.58772,0.58791,2418,1,0
2024-11-20 16:00:00,0.58791,0.58796,0.58639,0.58645,3351,1,0
2024-11-20 17:00:00,0.58647,0.58734,0.5864,0.58711,3823,1,0
2024-11-20 18:00:00,0.58711,0.58737,0.58639,0.58703,3261,1,0
2024-11-20 19:00:00,0.58703,0.58781,0.58677,0.5873,2117,1,0
2024-11-20 20:00:00,0.58732,0.58746,0.58663,0.58711,1830,1,0
2024-11-20 21:00:00,0.58713,0.58743,0.58693,0.58703,1501,1,0
2024-11-20 22:00:00,0.58702,0.58734,0.58682,0.58728,1282,1,0
2024-11-20 23:00:00,0.58728,0.58768,0.58723,0.58765,1047,1,0
2024-11-21 00:00:00,0.58761,0.58763,0.58663,0.58755,260,11,0
2024-11-21 01:00:00,0.58755,0.58801,0.58755,0.58799,467,1,0
2024-11-21 02:00:00,0.58799,0.58823,0.58758,0.58794,1437,1,0
2024-11-21 03:00:00,0.58794,0.58858,0.58782,0.58803,2692,1,0
2024-11-21 04:00:00,0.58804,0.58815,0.58781,0.58787,1707,1,0
2024-11-21 05:00:00,0.58785,0.58801,0.58728,0.58793,1326,1,0
2024-11-21 06:00:00,0.58794,0.58805,0.58765,0.58778,1237,1,0
2024-11-21 07:00:00,0.58777,0.58786,0.58699,0.58701,1559,1,0
2024-11-21 08:00:00,0.58701,0.58772,0.58653,0.58688,2371,1,0
2024-11-21 09:00:00,0.58688,0.58706,0.58598,0.5864,3632,1,0
2024-11-21 10:00:00,0.58639,0.58764,0.58615,0.58749,3456,1,0
2024-11-21 11:00:00,0.58748,0.58751,0.58602,0.58626,3590,1,0
2024-11-21 12:00:00,0.58627,0.58718,0.58615,0.58658,2266,1,0
2024-11-21 13:00:00,0.58658,0.58744,0.58632,0.58699,2586,1,0
2024-11-21 14:00:00,0.58699,0.58802,0.58684,0.58756,2544,1,0
2024-11-21 15:00:00,0.58755,0.58796,0.58633,0.58778,5254,1,0
2024-11-21 16:00:00,0.58779,0.58793,0.58698,0.58782,5082,1,0
2024-11-21 17:00:00,0.58783,0.5884,0.58646,0.5865,5553,1,0
2024-11-21 18:00:00,0.5865,0.58665,0.58504,0.5851,6263,1,0
2024-11-21 19:00:00,0.5851,0.58656,0.58496,0.58652,4426,1,0
2024-11-21 20:00:00,0.58655,0.5867,0.5861,0.58656,2669,1,0
2024-11-21 21:00:00,0.58656,0.58674,0.5859,0.58662,1973,1,0
2024-11-21 22:00:00,0.58659,0.58674,0.58628,0.5864,1601,1,0
2024-11-21 23:00:00,0.5864,0.58651,0.58585,0.58589,1035,0,0
2024-11-22 00:00:00,0.58593,0.58601,0.58508,0.58587,297,5,0
2024-11-22 01:00:00,0.58587,0.58604,0.58559,0.58564,968,1,0
2024-11-22 02:00:00,0.58564,0.58573,0.58502,0.58531,2117,1,0
2024-11-22 03:00:00,0.58531,0.58557,0.58454,0.58463,2597,1,0
2024-11-22 04:00:00,0.58463,0.58477,0.58287,0.58401,3064,1,0
2024-11-22 05:00:00,0.58401,0.58482,0.58383,0.58435,2033,1,0
2024-11-22 06:00:00,0.58434,0.58442,0.58368,0.58379,1485,1,0
2024-11-22 07:00:00,0.58379,0.58379,0.58262,0.58297,2259,1,0
2024-11-22 08:00:00,0.58298,0.58351,0.58288,0.5834,2198,1,0
2024-11-22 09:00:00,0.5834,0.58411,0.58305,0.58395,2535,1,0
2024-11-22 10:00:00,0.58395,0.58542,0.58395,0.58427,4577,1,0
2024-11-22 11:00:00,0.58428,0.5843,0.58225,0.58331,9270,1,0
2024-11-22 12:00:00,0.58331,0.58453,0.58266,0.58426,5445,1,0
2024-11-22 13:00:00,0.58425,0.58431,0.58347,0.58387,3571,1,0
2024-11-22 14:00:00,0.58387,0.58441,0.58374,0.58389,3534,1,0
2024-11-22 15:00:00,0.5839,0.58445,0.58383,0.58419,4463,1,0
2024-11-22 16:00:00,0.58419,0.58439,0.58286,0.58309,6053,1,0
2024-11-22 17:00:00,0.58307,0.58381,0.58247,0.58267,7959,1,0
2024-11-22 18:00:00,0.58267,0.58271,0.58163,0.58251,4403,1,0
2024-11-22 19:00:00,0.58251,0.58312,0.58242,0.5831,2686,1,0
2024-11-22 20:00:00,0.58311,0.58343,0.58301,0.58307,2192,1,0
2024-11-22 21:00:00,0.58306,0.58314,0.58277,0.58285,1677,1,0
2024-11-22 22:00:00,0.58286,0.58323,0.58246,0.58309,1389,1,0
2024-11-22 23:00:00,0.5831,0.58359,0.58305,0.58345,1202,0,0
2024-11-25 00:00:00,0.58526,0.58591,0.58489,0.58564,915,39,0
2024-11-25 01:00:00,0.58563,0.58693,0.58483,0.58611,2898,1,0
2024-11-25 02:00:00,0.58611,0.5866,0.58575,0.58614,2592,1,0
2024-11-25 03:00:00,0.58613,0.58671,0.58592,0.58617,3292,1,0
2024-11-25 04:00:00,0.58617,0.5867,0.58583,0.58616,2432,1,0
2024-11-25 05:00:00,0.58616,0.58655,0.58521,0.58527,1913,1,0
2024-11-25 06:00:00,0.58527,0.58582,0.58484,0.58546,1382,1,0
2024-11-25 07:00:00,0.58547,0.58548,0.58474,0.58526,1995,1,0
2024-11-25 08:00:00,0.58523,0.58627,0.58498,0.58623,2626,1,0
2024-11-25 09:00:00,0.58623,0.58629,0.58453,0.58456,3320,1,0
2024-11-25 10:00:00,0.58457,0.58469,0.58364,0.5841,3705,1,0
2024-11-25 11:00:00,0.58409,0.5853,0.58403,0.58507,3858,1,0
2024-11-25 12:00:00,0.58507,0.58555,0.58484,0.58507,2669,1,0
2024-11-25 13:00:00,0.58508,0.58533,0.58462,0.58465,2268,1,0
2024-11-25 14:00:00,0.58465,0.58493,0.58383,0.58485,2585,1,0
2024-11-25 15:00:00,0.58484,0.58677,0.58484,0.58657,4742,1,0
2024-11-25 16:00:00,0.58658,0.58666,0.58527,0.58545,5860,1,0
2024-11-25 17:00:00,0.58546,0.58579,0.5844,0.58472,4483,1,0
2024-11-25 18:00:00,0.58472,0.58493,0.58355,0.58389,3991,1,0
2024-11-25 19:00:00,0.58389,0.58422,0.58374,0.58404,2293,1,0
2024-11-25 20:00:00,0.58402,0.58472,0.58402,0.58402,24,0,0
2024-11-25 21:00:00,0.58402,0.585,0.58402,0.58493,449,10,0
2024-11-25 22:00:00,0.58493,0.58503,0.58449,0.5845,1202,1,0
2024-11-25 23:00:00,0.58451,0.58477,0.58436,0.5845,869,0,0
2024-11-26 00:00:00,0.5845,0.58451,0.58359,0.58417,517,11,0
2024-11-26 01:00:00,0.58417,0.5847,0.5798,0.58101,2661,10,0
2024-11-26 02:00:00,0.58101,0.58212,0.57966,0.58081,4517,10,0
2024-11-26 03:00:00,0.58081,0.58248,0.58025,0.58176,4525,10,0
2024-11-26 04:00:00,0.58176,0.58257,0.5816,0.58241,2801,10,0
2024-11-26 05:00:00,0.58241,0.58388,0.58234,0.58388,1980,1,0
2024-11-26 06:00:00,0.58388,0.58466,0.58375,0.5841,1798,1,0
2024-11-26 07:00:00,0.58411,0.58444,0.58384,0.58409,1910,1,0
2024-11-26 08:00:00,0.58409,0.58468,0.58378,0.58406,2112,1,0
2024-11-26 09:00:00,0.58406,0.58441,0.58327,0.5833,3339,1,0
2024-11-26 10:00:00,0.5833,0.58431,0.58317,0.58381,2942,1,0
2024-11-26 11:00:00,0.58381,0.58475,0.58381,0.58426,3153,1,0
2024-11-26 12:00:00,0.58426,0.58544,0.58415,0.58536,2098,1,0
2024-11-26 13:00:00,0.58537,0.58566,0.58481,0.58517,1932,1,0
2024-11-26 14:00:00,0.58517,0.58657,0.58485,0.58583,4156,1,0
2024-11-26 15:00:00,0.58583,0.58601,0.58432,0.58443,4429,1,0
2024-11-26 16:00:00,0.58444,0.58451,0.58281,0.58313,4957,1,0
2024-11-26 17:00:00,0.58316,0.58354,0.58206,0.58289,5966,1,0
2024-11-26 18:00:00,0.5829,0.58308,0.58207,0.58238,4756,1,0
2024-11-26 19:00:00,0.58238,0.58238,0.58178,0.58205,3149,1,0
2024-11-26 20:00:00,0.58204,0.58222,0.58155,0.58207,2346,1,0
2024-11-26 21:00:00,0.58211,0.58292,0.58153,0.58266,3423,1,0
2024-11-26 22:00:00,0.58266,0.58301,0.58228,0.58273,2156,1,0
2024-11-26 23:00:00,0.58274,0.58344,0.58272,0.58342,1245,0,0
2024-11-27 00:00:00,0.58339,0.58342,0.58248,0.58337,243,7,0
2024-11-27 01:00:00,0.58337,0.58375,0.58333,0.58362,904,1,0
2024-11-27 02:00:00,0.58362,0.58395,0.58293,0.58316,2185,1,0
2024-11-27 03:00:00,0.58319,0.58815,0.5826,0.58742,5899,1,0
2024-11-27 04:00:00,0.58742,0.58771,0.58452,0.58588,3957,1,0
2024-11-27 05:00:00,0.58588,0.58724,0.58568,0.58674,2016,1,0
2024-11-27 06:00:00,0.5867,0.58699,0.5863,0.5863,1495,1,0
2024-11-27 07:00:00,0.58628,0.58665,0.586,0.58645,1772,1,0
2024-11-27 08:00:00,0.58644,0.5872,0.58643,0.58702,2353,1,0
2024-11-27 09:00:00,0.58702,0.58881,0.58702,0.58856,3401,1,0
2024-11-27 10:00:00,0.58857,0.59009,0.58833,0.58853,5445,1,0
2024-11-27 11:00:00,0.58853,0.58917,0.58821,0.58912,3114,1,0
2024-11-27 12:00:00,0.58912,0.5895,0.58878,0.58926,2975,1,0
2024-11-27 13:00:00,0.58927,0.58929,0.58794,0.58872,2405,1,0
2024-11-27 14:00:00,0.58872,0.58881,0.58817,0.58863,2926,1,0
2024-11-27 15:00:00,0.58865,0.5905,0.58831,0.59047,5157,1,0
2024-11-27 16:00:00,0.59048,0.59079,0.58985,0.59034,5736,1,0
2024-11-27 17:00:00,0.59035,0.59055,0.58917,0.59041,6888,1,0
2024-11-27 18:00:00,0.59041,0.5908,0.58958,0.59009,5570,1,0
2024-11-27 19:00:00,0.59009,0.59067,0.58945,0.59027,3841,1,0
2024-11-27 20:00:00,0.59029,0.59068,0.58998,0.59007,2203,1,0
2024-11-27 21:00:00,0.59007,0.5903,0.5895,0.58971,1925,1,0
2024-11-27 22:00:00,0.58971,0.58974,0.58933,0.58969,1994,1,0
2024-11-27 23:00:00,0.58969,0.58979,0.58939,0.58943,1400,0,0
2024-11-28 00:00:00,0.58938,0.58955,0.58666,0.58916,1231,12,0
2024-11-28 01:00:00,0.58916,0.58977,0.58916,0.58926,702,1,0
2024-11-28 02:00:00,0.58926,0.59007,0.58909,0.58976,1718,1,0
2024-11-28 03:00:00,0.58976,0.59051,0.58936,0.59014,3326,1,0
2024-11-28 04:00:00,0.59016,0.59021,0.58886,0.58941,2326,1,0
2024-11-28 05:00:00,0.58941,0.58953,0.5888,0.58905,1864,1,0
2024-11-28 06:00:00,0.58905,0.58936,0.5887,0.58933,1416,1,0
2024-11-28 07:00:00,0.58934,0.58963,0.58912,0.58926,1460,1,0
2024-11-28 08:00:00,0.58927,0.5893,0.58872,0.58881,1880,1,0
2024-11-28 09:00:00,0.58881,0.58915,0.58817,0.58849,2703,2,0
2024-11-28 10:00:00,0.58849,0.58915,0.58803,0.58898,3816,1,0
2024-11-28 11:00:00,0.58899,0.5893,0.58862,0.58897,3599,1,0
2024-11-28 12:00:00,0.58899,0.58926,0.58846,0.58908,2149,1,0
2024-11-28 13:00:00,0.58909,0.58974,0.58859,0.58877,1556,1,0
2024-11-28 14:00:00,0.58877,0.58889,0.5884,0.58859,1440,1,0
2024-11-28 15:00:00,0.58859,0.58893,0.58831,0.58882,2435,2,0
2024-11-28 16:00:00,0.58882,0.58902,0.58861,0.58881,1965,1,0
2024-11-28 17:00:00,0.58882,0.5891,0.5881,0.58851,2236,1,0
2024-11-28 18:00:00,0.58851,0.58918,0.58837,0.58914,1321,1,0
2024-11-28 19:00:00,0.58914,0.58924,0.58884,0.58911,580,2,0
2024-11-28 20:00:00,0.5891,0.58923,0.58884,0.58896,220,4,0
2024-11-28 21:00:00,0.58896,0.58915,0.58886,0.5891,219,4,0
2024-11-28 22:00:00,0.58912,0.58923,0.58892,0.58919,355,4,0
2024-11-28 23:00:00,0.58919,0.5892,0.58871,0.58883,565,2,0
2024-11-29 00:00:00,0.5888,0.58922,0.58756,0.58867,712,9,0
2024-11-29 01:00:00,0.58868,0.58964,0.58867,0.58958,1229,1,0
2024-11-29 02:00:00,0.58958,0.59048,0.58927,0.59,2070,1,0
2024-11-29 03:00:00,0.59002,0.59077,0.58988,0.59032,4685,1,0
2024-11-29 04:00:00,0.59031,0.5906,0.58978,0.58991,2315,1,0
2024-11-29 05:00:00,0.58991,0.59144,0.58979,0.59133,2070,1,0
2024-11-29 06:00:00,0.59133,0.59161,0.591,0.59122,1753,1,0
2024-11-29 07:00:00,0.59121,0.59152,0.59095,0.59105,2151,1,0
2024-11-29 08:00:00,0.59105,0.59198,0.59078,0.59186,2035,1,0
2024-11-29 09:00:00,0.59186,0.59289,0.59171,0.5921,3194,1,0
2024-11-29 10:00:00,0.59209,0.59215,0.59118,0.59127,2950,1,0
2024-11-29 11:00:00,0.59127,0.59215,0.59082,0.59137,2948,1,0
2024-11-29 12:00:00,0.59139,0.59154,0.59088,0.59096,2656,1,0
2024-11-29 13:00:00,0.59095,0.59173,0.59069,0.59146,2032,1,0
2024-11-29 14:00:00,0.59146,0.5916,0.59043,0.59091,2988,1,0
2024-11-29 15:00:00,0.5909,0.59164,0.59077,0.59164,3499,1,0
2024-11-29 16:00:00,0.59164,0.5924,0.59076,0.59236,3508,1,0
2024-11-29 17:00:00,0.59237,0.59271,0.59123,0.59154,5016,1,0
2024-11-29 18:00:00,0.59153,0.59163,0.59073,0.59107,4155,1,0
2024-11-29 19:00:00,0.59107,0.59222,0.591,0.59218,3060,2,0
2024-11-29 20:00:00,0.5922,0.59259,0.59207,0.59224,2556,4,0
2024-11-29 21:00:00,0.59225,0.59278,0.5922,0.59276,1341,4,0
2024-11-29 22:00:00,0.59275,0.59283,0.59263,0.59266,542,4,0
2024-11-29 23:00:00,0.59266,0.59266,0.59119,0.59144,1671,4,0
2024-12-02 00:00:00,0.59073,0.59151,0.59073,0.59117,558,40,0
2024-12-02 01:00:00,0.59117,0.59134,0.58994,0.59059,1856,1,0
2024-12-02 02:00:00,0.59059,0.59067,0.58962,0.58992,3167,1,0
2024-12-02 03:00:00,0.58991,0.59046,0.58948,0.59,3734,1,0
2024-12-02 04:00:00,0.59,0.59007,0.589,0.58951,4018,1,0
2024-12-02 05:00:00,0.58952,0.58965,0.5891,0.58954,2515,1,0
2024-12-02 06:00:00,0.58955,0.58988,0.58922,0.5895,1919,1,0
2024-12-02 07:00:00,0.58951,0.58985,0.58911,0.58953,2581,1,0
2024-12-02 08:00:00,0.5895,0.59086,0.58945,0.59062,3033,1,0
2024-12-02 09:00:00,0.59062,0.59088,0.59012,0.59014,4278,2,0
2024-12-02 10:00:00,0.59013,0.5903,0.58937,0.59014,4671,1,0
2024-12-02 11:00:00,0.59013,0.59082,0.59012,0.59043,3088,1,0
2024-12-02 12:00:00,0.59043,0.59112,0.59018,0.59073,3142,1,0
2024-12-02 13:00:00,0.59073,0.59092,0.59026,0.59039,2182,1,0
2024-12-02 14:00:00,0.59039,0.59065,0.58839,0.5888,3379,1,0
2024-12-02 15:00:00,0.58878,0.58891,0.58766,0.58807,4342,1,0
2024-12-02 16:00:00,0.58808,0.5884,0.58659,0.58687,4639,1,0
2024-12-02 17:00:00,0.58687,0.58729,0.58637,0.5869,7203,1,0
2024-12-02 18:00:00,0.58691,0.58816,0.58648,0.58747,5330,1,0
2024-12-02 19:00:00,0.58747,0.58803,0.58719,0.58767,2979,1,0
2024-12-02 20:00:00,0.58769,0.58823,0.58747,0.58815,2630,1,0
2024-12-02 21:00:00,0.58814,0.58855,0.58806,0.58832,2268,1,0
2024-12-02 22:00:00,0.58832,0.58942,0.58804,0.58853,3614,1,0
2024-12-02 23:00:00,0.58851,0.58887,0.58828,0.5888,1680,0,0
2024-12-03 00:00:00,0.5878,0.5888,0.58705,0.58835,1697,11,0
2024-12-03 01:00:00,0.58832,0.58877,0.5883,0.58838,722,1,0
2024-12-03 02:00:00,0.58838,0.58847,0.58739,0.58798,1744,1,0
2024-12-03 03:00:00,0.58799,0.58862,0.58713,0.58729,3157,1,0
2024-12-03 04:00:00,0.58729,0.58735,0.58642,0.58685,2610,1,0
2024-12-03 05:00:00,0.58683,0.58782,0.58669,0.58758,1854,1,0
2024-12-03 06:00:00,0.58758,0.58795,0.58747,0.58748,1237,1,0
2024-12-03 07:00:00,0.58747,0.58785,0.58721,0.58775,1604,1,0
2024-12-03 08:00:00,0.58776,0.58821,0.58732,0.58776,2072,1,0
2024-12-03 09:00:00,0.58776,0.58891,0.58763,0.58868,2662,1,0
2024-12-03 10:00:00,0.58866,0.59033,0.58862,0.59023,3911,1,0
2024-12-03 11:00:00,0.59023,0.59047,0.58934,0.58959,2454,1,0
2024-12-03 12:00:00,0.58959,0.58973,0.58868,0.58877,1823,1,0
2024-12-03 13:00:00,0.58876,0.58929,0.5887,0.58922,1690,1,0
2024-12-03 14:00:00,0.58922,0.58929,0.58791,0.58806,2295,1,0
2024-12-03 15:00:00,0.58806,0.58929,0.58787,0.58903,3425,1,0
2024-12-03 16:00:00,0.58903,0.58938,0.58853,0.58884,4649,1,0
2024-12-03 17:00:00,0.58887,0.5889,0.58673,0.58777,6996,2,0
2024-12-03 18:00:00,0.58778,0.58811,0.58714,0.58809,3884,1,0
2024-12-03 19:00:00,0.58809,0.58887,0.58782,0.58875,2827,1,0
2024-12-03 20:00:00,0.58875,0.58921,0.58855,0.58912,1999,1,0
2024-12-03 21:00:00,0.58912,0.5892,0.58746,0.58747,1706,1,0
2024-12-03 22:00:00,0.58747,0.58837,0.58733,0.58788,1516,1,0
2024-12-03 23:00:00,0.58787,0.58822,0.58773,0.58809,894,0,0
2024-12-04 00:00:00,0.58809,0.58813,0.58653,0.58804,111,12,0
2024-12-04 01:00:00,0.58804,0.58826,0.58789,0.58815,462,1,0
2024-12-04 02:00:00,0.58815,0.58845,0.58702,0.58711,2157,1,0
2024-12-04 03:00:00,0.58712,0.58743,0.58636,0.58647,3528,1,0
2024-12-04 04:00:00,0.58647,0.5868,0.58483,0.58487,3555,1,0
2024-12-04 05:00:00,0.58487,0.58493,0.58311,0.58417,3187,1,0
2024-12-04 06:00:00,0.58417,0.58577,0.58376,0.58556,2479,1,0
2024-12-04 07:00:00,0.58557,0.5861,0.58521,0.58581,2061,1,0
2024-12-04 08:00:00,0.58578,0.58645,0.58523,0.58588,2303,1,0
2024-12-04 09:00:00,0.58588,0.58595,0.58538,0.58565,2961,1,0
2024-12-04 10:00:00,0.58565,0.58575,0.58448,0.58451,3558,1,0
2024-12-04 11:00:00,0.5845,0.58461,0.58389,0.58423,3321,1,0
2024-12-04 12:00:00,0.58424,0.58439,0.58362,0.58378,1961,2,0
2024-12-04 13:00:00,0.58378,0.58442,0.58359,0.58392,1979,1,0
2024-12-04 14:00:00,0.58392,0.58399,0.58298,0.5832,2088,1,0
2024-12-04 15:00:00,0.5832,0.58411,0.58287,0.58364,4808,1,0
2024-12-04 16:00:00,0.58363,0.58433,0.58319,0.58379,4057,1,0
2024-12-04 17:00:00,0.58378,0.5862,0.58378,0.58603,8349,1,0
2024-12-04 18:00:00,0.58606,0.58665,0.58566,0.58624,3718,1,0
2024-12-04 19:00:00,0.58624,0.58679,0.58602,0.5866,2259,1,0
2024-12-04 20:00:00,0.58658,0.58686,0.58545,0.58545,1830,1,0
2024-12-04 21:00:00,0.58554,0.58678,0.58522,0.58603,3766,1,0
2024-12-04 22:00:00,0.58606,0.58615,0.58546,0.58601,2049,1,0
2024-12-04 23:00:00,0.586,0.58603,0.58479,0.58502,855,0,0
2024-12-05 00:00:00,0.58498,0.58506,0.58465,0.58491,313,10,0
2024-12-05 01:00:00,0.58491,0.58581,0.58482,0.58569,870,1,0
2024-12-05 02:00:00,0.58569,0.58629,0.5852,0.58552,1996,1,0
2024-12-05 03:00:00,0.58553,0.58656,0.58547,0.58639,2787,1,0
2024-12-05 04:00:00,0.58639,0.58708,0.58621,0.58654,2107,1,0
2024-12-05 05:00:00,0.58653,0.587,0.58639,0.58698,1291,1,0
2024-12-05 06:00:00,0.58699,0.58707,0.5863,0.58648,1033,1,0
2024-12-05 07:00:00,0.58649,0.5873,0.58646,0.58726,1848,1,0
2024-12-05 08:00:00,0.58726,0.5873,0.58681,0.58704,1564,1,0
2024-12-05 09:00:00,0.58704,0.58782,0.58701,0.58765,2389,1,0
2024-12-05 10:00:00,0.58765,0.5881,0.58696,0.587,2939,1,0
2024-12-05 11:00:00,0.58701,0.58723,0.58635,0.58644,2274,1,0
2024-12-05 12:00:00,0.58643,0.5866,0.58615,0.58631,2419,1,0
2024-12-05 13:00:00,0.5863,0.58673,0.58599,0.58645,1645,1,0
2024-12-05 14:00:00,0.58645,0.58654,0.5852,0.58604,2435,1,0
2024-12-05 15:00:00,0.58604,0.58692,0.58567,0.58662,5523,1,0
2024-12-05 16:00:00,0.5866,0.58813,0.58638,0.58744,4671,1,0
2024-12-05 17:00:00,0.58744,0.58749,0.58584,0.58706,4651,1,0
2024-12-05 18:00:00,0.58706,0.58753,0.58686,0.58697,3469,1,0
2024-12-05 19:00:00,0.58697,0.58739,0.58673,0.58717,2600,1,0
2024-12-05 20:00:00,0.58718,0.58735,0.58621,0.58731,2053,2,0
2024-12-05 21:00:00,0.58732,0.58874,0.58732,0.58839,2239,2,0
2024-12-05 22:00:00,0.58839,0.58871,0.58817,0.58849,1720,2,0
2024-12-05 23:00:00,0.58848,0.58877,0.58831,0.58858,1109,0,0
2024-12-06 00:00:00,0.58845,0.58858,0.5877,0.58833,326,12,0
2024-12-06 01:00:00,0.58833,0.58893,0.58814,0.58825,1121,1,0
2024-12-06 02:00:00,0.58825,0.58831,0.58757,0.58774,1723,1,0
2024-12-06 03:00:00,0.58774,0.58829,0.58625,0.58642,3176,1,0
2024-12-06 04:00:00,0.58643,0.58733,0.58623,0.58704,2861,1,0
2024-12-06 05:00:00,0.58702,0.58753,0.58667,0.58675,2163,1,0
2024-12-06 06:00:00,0.58675,0.58681,0.58575,0.58605,1387,1,0
2024-12-06 07:00:00,0.58605,0.58609,0.58548,0.58597,1774,1,0
2024-12-06 08:00:00,0.58597,0.58608,0.58552,0.58582,1959,1,0
2024-12-06 09:00:00,0.58582,0.58608,0.58544,0.58593,2267,1,0
2024-12-06 10:00:00,0.58593,0.58594,0.58485,0.58511,2689,1,0
2024-12-06 11:00:00,0.58511,0.58548,0.58485,0.58516,1870,1,0
2024-12-06 12:00:00,0.58517,0.58525,0.58427,0.58476,1642,1,0
2024-12-06 13:00:00,0.58477,0.58509,0.58415,0.58435,1649,1,0
2024-12-06 14:00:00,0.58435,0.58507,0.58427,0.58449,2365,1,0
2024-12-06 15:00:00,0.5845,0.58766,0.58398,0.58697,8823,1,0
2024-12-06 16:00:00,0.58697,0.58705,0.58472,0.58523,8575,1,0
2024-12-06 17:00:00,0.58522,0.58524,0.58265,0.58332,6053,1,0
2024-12-06 18:00:00,0.58332,0.58373,0.58275,0.58303,4390,1,0
2024-12-06 19:00:00,0.58303,0.58303,0.58215,0.58261,3196,2,0
2024-12-06 20:00:00,0.5826,0.5833,0.58245,0.58258,1813,2,0
2024-12-06 21:00:00,0.5826,0.58294,0.58211,0.58286,1598,2,0
2024-12-06 22:00:00,0.5829,0.58333,0.58283,0.58329,1508,2,0
2024-12-06 23:00:00,0.58328,0.5834,0.58287,0.58302,966,2,0
2024-12-09 00:00:00,0.58336,0.58382,0.58313,0.58332,544,41,0
2024-12-09 01:00:00,0.58332,0.58399,0.58319,0.5838,1292,1,0
2024-12-09 02:00:00,0.5838,0.58382,0.58253,0.58315,2085,1,0
2024-12-09 03:00:00,0.58315,0.58361,0.58299,0.58325,2368,1,0
2024-12-09 04:00:00,0.58325,0.58375,0.58293,0.58318,2134,1,0
2024-12-09 05:00:00,0.58318,0.58324,0.58134,0.58139,1638,1,0
2024-12-09 06:00:00,0.58139,0.58144,0.58079,0.58081,1450,1,0
2024-12-09 07:00:00,0.58081,0.58106,0.58042,0.58085,1641,1,0
2024-12-09 08:00:00,0.58086,0.58129,0.58067,0.58111,1612,1,0
2024-12-09 09:00:00,0.58111,0.58427,0.58078,0.58411,4358,1,0
2024-12-09 10:00:00,0.5841,0.58594,0.58367,0.58592,3837,1,0
2024-12-09 11:00:00,0.58591,0.58682,0.58578,0.586,3056,1,0
2024-12-09 12:00:00,0.58601,0.58684,0.58598,0.58625,2338,1,0
2024-12-09 13:00:00,0.58625,0.58663,0.58602,0.58613,1783,1,0
2024-12-09 14:00:00,0.58613,0.58635,0.58553,0.58606,2041,1,0
2024-12-09 15:00:00,0.58605,0.58799,0.58585,0.58789,3464,1,0
2024-12-09 16:00:00,0.5879,0.58807,0.58694,0.58744,3561,1,0
2024-12-09 17:00:00,0.58743,0.58879,0.58717,0.58842,4229,1,0
2024-12-09 18:00:00,0.58842,0.5888,0.58767,0.58787,3159,1,0
2024-12-09 19:00:00,0.58787,0.58827,0.58746,0.58748,2041,2,0
2024-12-09 20:00:00,0.58748,0.58768,0.58714,0.58737,1646,2,0
2024-12-09 21:00:00,0.58735,0.58735,0.58652,0.5868,1373,2,0
2024-12-09 22:00:00,0.5868,0.58693,0.58601,0.58638,1388,2,0
2024-12-09 23:00:00,0.58637,0.58655,0.58622,0.58646,829,0,0
2024-12-10 00:00:00,0.58638,0.58663,0.58606,0.58644,556,9,0
2024-12-10 01:00:00,0.58644,0.5866,0.58576,0.58578,847,1,0
2024-12-10 02:00:00,0.58578,0.58579,0.58468,0.58511,1715,1,0
2024-12-10 03:00:00,0.58513,0.58513,0.58382,0.58465,3020,1,0
2024-12-10 04:00:00,0.58466,0.58529,0.58368,0.58378,3056,1,0
2024-12-10 05:00:00,0.58378,0.58389,0.58217,0.58308,4518,1,0
2024-12-10 06:00:00,0.58308,0.58359,0.58259,0.58266,2886,1,0
2024-12-10 07:00:00,0.58266,0.58357,0.58233,0.58345,2482,1,0
2024-12-10 08:00:00,0.58345,0.58369,0.58274,0.58325,2324,1,0
2024-12-10 09:00:00,0.58325,0.58352,0.5819,0.58195,2400,1,0
2024-12-10 10:00:00,0.58196,0.58263,0.58145,0.58231,3049,1,0
2024-12-10 11:00:00,0.58231,0.58293,0.58185,0.5821,2528,1,0
2024-12-10 12:00:00,0.5821,0.58291,0.58207,0.58251,2088,1,0
2024-12-10 13:00:00,0.58251,0.58256,0.58196,0.58231,2043,1,0
2024-12-10 14:00:00,0.58231,0.58241,0.58142,0.58225,2377,1,0
2024-12-10 15:00:00,0.58225,0.58232,0.58156,0.58169,2763,1,0
2024-12-10 16:00:00,0.58169,0.58212,0.58082,0.58096,3518,1,0
2024-12-10 17:00:00,0.58095,0.58108,0.57948,0.57974,4259,1,0
2024-12-10 18:00:00,0.57974,0.58001,0.57912,0.57992,3535,1,0
2024-12-10 19:00:00,0.57992,0.58011,0.57932,0.57946,2093,2,0
2024-12-10 20:00:00,0.57945,0.58034,0.57941,0.58019,1671,2,0
2024-12-10 21:00:00,0.58019,0.58058,0.58002,0.58008,1327,2,0
2024-12-10 22:00:00,0.58009,0.58027,0.57979,0.5798,1219,2,0
2024-12-10 23:00:00,0.5798,0.58019,0.5798,0.57994,1009,0,0
2024-12-11 00:00:00,0.5799,0.58011,0.57953,0.58009,301,12,0
2024-12-11 01:00:00,0.58009,0.5804,0.58009,0.58012,602,1,0
2024-12-11 02:00:00,0.58012,0.58033,0.57973,0.57984,1509,1,0
2024-12-11 03:00:00,0.57983,0.58015,0.57963,0.58002,2892,1,0
2024-12-11 04:00:00,0.58002,0.58053,0.57968,0.58027,2295,1,0
2024-12-11 05:00:00,0.58027,0.58085,0.58017,0.5802,1739,1,0
2024-12-11 06:00:00,0.5802,0.58025,0.57885,0.57928,1348,1,0
2024-12-11 07:00:00,0.57928,0.5795,0.57867,0.57923,1556,1,0
2024-12-11 08:00:00,0.57921,0.57946,0.57887,0.57929,1672,1,0
2024-12-11 09:00:00,0.57929,0.57942,0.5766,0.57676,6551,1,0
2024-12-11 10:00:00,0.57676,0.57822,0.57635,0.57777,3536,1,0
2024-12-11 11:00:00,0.57777,0.57794,0.57664,0.57708,4344,1,0
2024-12-11 12:00:00,0.57708,0.57723,0.57613,0.57695,2565,1,0
2024-12-11 13:00:00,0.57695,0.57753,0.57655,0.57748,2239,1,0
2024-12-11 14:00:00,0.57748,0.57845,0.57729,0.57775,3257,1,0
2024-12-11 15:00:00,0.57775,0.58011,0.57768,0.57929,7651,1,0
2024-12-11 16:00:00,0.57928,0.5797,0.57823,0.5787,7283,1,0
2024-12-11 17:00:00,0.5787,0.57955,0.57799,0.57867,6686,1,0
2024-12-11 18:00:00,0.57869,0.57976,0.57833,0.57958,3852,1,0
2024-12-11 19:00:00,0.57958,0.57962,0.5782,0.57833,2328,2,0
2024-12-11 20:00:00,0.57832,0.57946,0.57811,0.57819,3121,1,0
2024-12-11 21:00:00,0.57819,0.57906,0.57806,0.57859,2338,2,0
2024-12-11 22:00:00,0.57859,0.57885,0.57832,0.57866,1454,2,0
2024-12-11 23:00:00,0.57866,0.57876,0.57832,0.57843,931,0,0
2024-12-12 00:00:00,0.57842,0.57868,0.57732,0.57863,314,9,0
2024-12-12 01:00:00,0.57863,0.57936,0.5785,0.57928,961,1,0
2024-12-12 02:00:00,0.57928,0.58043,0.5785,0.57989,3314,1,0
2024-12-12 03:00:00,0.57989,0.5808,0.57986,0.58062,2875,1,0
2024-12-12 04:00:00,0.58063,0.58072,0.57998,0.58019,2095,1,0
2024-12-12 05:00:00,0.58019,0.58093,0.58015,0.58063,1717,1,0
2024-12-12 06:00:00,0.58062,0.58088,0.58035,0.58066,1059,1,0
2024-12-12 07:00:00,0.58068,0.5809,0.58036,0.58063,1799,1,0
2024-12-12 08:00:00,0.58064,0.58105,0.58054,0.58102,1743,1,0
2024-12-12 09:00:00,0.58102,0.58174,0.5806,0.58083,2910,1,0
2024-12-12 10:00:00,0.58082,0.58098,0.5801,0.58053,3563,1,0
2024-12-12 11:00:00,0.58053,0.58106,0.58033,0.58088,2540,1,0
2024-12-12 12:00:00,0.58087,0.58112,0.57988,0.57996,1918,1,0
2024-12-12 13:00:00,0.57996,0.58071,0.57924,0.57963,3403,1,0
2024-12-12 14:00:00,0.57963,0.57967,0.57899,0.57907,2685,1,0
2024-12-12 15:00:00,0.57907,0.58019,0.57853,0.57972,7030,1,0
2024-12-12 16:00:00,0.57972,0.58018,0.57837,0.57968,7678,1,0
2024-12-12 17:00:00,0.57969,0.57983,0.5771,0.57807,7417,1,0
2024-12-12 18:00:00,0.57807,0.57898,0.57798,0.57883,4518,1,0
2024-12-12 19:00:00,0.57883,0.57937,0.57795,0.57833,3333,2,0
2024-12-12 20:00:00,0.57832,0.57844,0.57741,0.57746,2773,2,0
2024-12-12 21:00:00,0.57746,0.5777,0.57659,0.5766,2542,2,0
2024-12-12 22:00:00,0.5766,0.57694,0.57622,0.57636,1701,2,0
2024-12-12 23:00:00,0.57635,0.5769,0.5763,0.57686,1200,0,0
2024-12-13 00:00:00,0.57696,0.57696,0.57591,0.57626,864,9,0
2024-12-13 01:00:00,0.57628,0.57715,0.57616,0.57696,884,1,0
2024-12-13 02:00:00,0.57696,0.57721,0.57623,0.57663,2484,1,0
2024-12-13 03:00:00,0.57662,0.57704,0.57599,0.57636,3567,1,0
2024-12-13 04:00:00,0.57637,0.57648,0.57576,0.57598,2575,1,0
2024-12-13 05:00:00,0.57599,0.57668,0.57597,0.57639,1713,1,0
2024-12-13 06:00:00,0.57639,0.5768,0.57626,0.57677,1007,1,0
2024-12-13 07:00:00,0.57678,0.57685,0.57605,0.57654,1495,1,0
2024-12-13 08:00:00,0.57653,0.57671,0.57565,0.57663,1792,1,0
2024-12-13 09:00:00,0.57663,0.57668,0.57587,0.57653,3207,2,0
2024-12-13 10:00:00,0.57653,0.57685,0.57555,0.5761,2831,2,0
2024-12-13 11:00:00,0.5761,0.57667,0.57586,0.5763,2717,2,0
2024-12-13 12:00:00,0.5763,0.57692,0.57603,0.57642,2415,2,0
2024-12-13 13:00:00,0.57641,0.57676,0.57631,0.57635,1885,1,0
2024-12-13 14:00:00,0.57635,0.57749,0.5761,0.57732,2621,1,0
2024-12-13 15:00:00,0.57733,0.57785,0.57716,0.57755,2749,1,0
2024-12-13 16:00:00,0.57755,0.57755,0.57619,0.57633,2967,1,0
2024-12-13 17:00:00,0.57632,0.57632,0.57542,0.57592,3753,1,0
2024-12-13 18:00:00,0.57591,0.57636,0.57555,0.57586,3082,1,0
2024-12-13 19:00:00,0.57586,0.57595,0.57535,0.5757,2313,2,0
2024-12-13 20:00:00,0.57569,0.576,0.57547,0.57571,1790,2,0
2024-12-13 21:00:00,0.57572,0.57603,0.57551,0.57573,1270,2,0
2024-12-13 22:00:00,0.57574,0.57583,0.57541,0.57581,1075,2,0
2024-12-13 23:00:00,0.57582,0.5763,0.57571,0.57627,658,1,0
2024-12-16 00:00:00,0.57566,0.57649,0.57522,0.57596,494,38,0
2024-12-16 01:00:00,0.57593,0.57744,0.57593,0.57693,1306,1,0
2024-12-16 02:00:00,0.57693,0.57734,0.57657,0.57669,2223,1,0
2024-12-16 03:00:00,0.57668,0.57751,0.57665,0.57735,2352,1,0
2024-12-16 04:00:00,0.57736,0.57775,0.57699,0.57726,2043,1,0
2024-12-16 05:00:00,0.57726,0.57772,0.57708,0.57765,1535,1,0
2024-12-16 06:00:00,0.57765,0.57834,0.57765,0.57801,1346,1,0
2024-12-16 07:00:00,0.57801,0.57825,0.57784,0.57805,1451,1,0
2024-12-16 08:00:00,0.57804,0.5783,0.57748,0.57769,1590,1,0
2024-12-16 09:00:00,0.57769,0.57821,0.57751,0.57787,1555,1,0
2024-12-16 10:00:00,0.57787,0.57861,0.57777,0.57786,2937,2,0
2024-12-16 11:00:00,0.57785,0.57851,0.57744,0.57758,1932,2,0
2024-12-16 12:00:00,0.57757,0.57761,0.57647,0.57648,1611,2,0
2024-12-16 13:00:00,0.57649,0.57675,0.57618,0.57665,1576,1,0
2024-12-16 14:00:00,0.57665,0.57722,0.57647,0.57702,2028,1,0
2024-12-16 15:00:00,0.57702,0.57747,0.5769,0.57734,2648,1,0
2024-12-16 16:00:00,0.57734,0.57761,0.57587,0.57662,3806,1,0
2024-12-16 17:00:00,0.57662,0.57828,0.57644,0.57819,4177,1,0
2024-12-16 18:00:00,0.57818,0.57839,0.57757,0.57799,3084,1,0
2024-12-16 19:00:00,0.57799,0.57856,0.57775,0.57799,2290,2,0
2024-12-16 20:00:00,0.57794,0.57831,0.57764,0.57826,1314,2,0
2024-12-16 21:00:00,0.57826,0.5784,0.57753,0.57794,1385,2,0
2024-12-16 22:00:00,0.57795,0.57807,0.57764,0.5779,957,2,0
2024-12-16 23:00:00,0.5779,0.5782,0.57762,0.57817,834,1,0
2024-12-17 00:00:00,0.57807,0.57826,0.57709,0.57784,577,8,0
2024-12-17 01:00:00,0.57784,0.57918,0.57784,0.57913,721,4,0
2024-12-17 02:00:00,0.57913,0.57927,0.57824,0.57833,1696,3,0
2024-12-17 03:00:00,0.57833,0.57835,0.57745,0.57787,2439,2,0
2024-12-17 04:00:00,0.57787,0.5782,0.5775,0.57759,2097,2,0
2024-12-17 05:00:00,0.5776,0.57786,0.57705,0.57715,1394,1,0
2024-12-17 06:00:00,0.57715,0.5775,0.5768,0.57681,1181,2,0
2024-12-17 07:00:00,0.57682,0.57703,0.57637,0.57639,1443,2,0
2024-12-17 08:00:00,0.57639,0.57666,0.57565,0.57603,1930,1,0
2024-12-17 09:00:00,0.57603,0.57695,0.57598,0.57632,2577,3,0
2024-12-17 10:00:00,0.57632,0.57638,0.5755,0.57583,2280,2,0
2024-12-17 11:00:00,0.57583,0.57633,0.57564,0.57584,2209,1,0
2024-12-17 12:00:00,0.57584,0.57604,0.57541,0.57597,2106,2,0
2024-12-17 13:00:00,0.57596,0.5761,0.57563,0.57589,1574,1,0
2024-12-17 14:00:00,0.57589,0.57625,0.57572,0.5761,1877,1,0
2024-12-17 15:00:00,0.57611,0.57659,0.57568,0.57647,4055,1,0
2024-12-17 16:00:00,0.57647,0.57682,0.57561,0.57599,3840,1,0
2024-12-17 17:00:00,0.576,0.57631,0.57542,0.57592,3944,1,0
2024-12-17 18:00:00,0.57592,0.57609,0.57514,0.57574,2870,1,0
2024-12-17 19:00:00,0.57574,0.57632,0.57541,0.57603,2627,2,0
2024-12-17 20:00:00,0.57606,0.57618,0.57567,0.57576,1546,2,0
2024-12-17 21:00:00,0.57576,0.57595,0.57542,0.57542,1029,2,0
2024-12-17 22:00:00,0.57541,0.57547,0.57498,0.57517,1016,2,0
2024-12-17 23:00:00,0.57518,0.57554,0.57504,0.57534,791,0,0
2024-12-18 00:00:00,0.57532,0.57559,0.57518,0.57537,305,11,0
2024-12-18 01:00:00,0.57537,0.57582,0.57519,0.5758,632,1,0
2024-12-18 02:00:00,0.5758,0.57586,0.57542,0.57566,1309,1,0
2024-12-18 03:00:00,0.57566,0.57577,0.5746,0.57489,2120,1,0
2024-12-18 04:00:00,0.57489,0.57518,0.57421,0.57488,1705,1,0
2024-12-18 05:00:00,0.57485,0.5749,0.57391,0.57393,1605,1,0
2024-12-18 06:00:00,0.57393,0.57393,0.57342,0.57352,1379,1,0
2024-12-18 07:00:00,0.57352,0.5741,0.57309,0.57396,1482,1,0
2024-12-18 08:00:00,0.57396,0.57478,0.57383,0.57459,1603,1,0
2024-12-18 09:00:00,0.57459,0.57471,0.57368,0.57374,2372,2,0
2024-12-18 10:00:00,0.57374,0.57377,0.57304,0.5734,2206,1,0
2024-12-18 11:00:00,0.5734,0.57349,0.57229,0.57244,1848,1,0
2024-12-18 12:00:00,0.57243,0.57303,0.57243,0.57299,1847,1,0
2024-12-18 13:00:00,0.57299,0.57306,0.57271,0.5729,1504,1,0
2024-12-18 14:00:00,0.5729,0.57343,0.57282,0.57326,1932,1,0
2024-12-18 15:00:00,0.57327,0.5736,0.5731,0.57344,2353,1,0
2024-12-18 16:00:00,0.57345,0.57372,0.57317,0.57351,2995,1,0
2024-12-18 17:00:00,0.57352,0.57355,0.57199,0.57202,3344,1,0
2024-12-18 18:00:00,0.57202,0.57214,0.57156,0.57172,2620,1,0
2024-12-18 19:00:00,0.57172,0.5723,0.57159,0.57194,1634,2,0
2024-12-18 20:00:00,0.57193,0.57246,0.57193,0.57197,1395,2,0
2024-12-18 21:00:00,0.57186,0.572,0.56635,0.56652,12061,1,0
2024-12-18 22:00:00,0.56651,0.56675,0.56534,0.56582,8574,1,0
2024-12-18 23:00:00,0.56582,0.56622,0.56197,0.56217,4323,0,0
2024-12-19 00:00:00,0.56228,0.56234,0.56151,0.56207,892,6,0
2024-12-19 01:00:00,0.56207,0.56348,0.56127,0.56165,3489,1,0
2024-12-19 02:00:00,0.56166,0.56268,0.56079,0.56235,4569,1,0
2024-12-19 03:00:00,0.56236,0.56299,0.56205,0.56238,4179,1,0
2024-12-19 04:00:00,0.5624,0.56289,0.56186,0.56285,3291,1,0
2024-12-19 05:00:00,0.56285,0.5631,0.56216,0.56302,2724,1,0
2024-12-19 06:00:00,0.56302,0.56309,0.56241,0.56297,1726,1,0
2024-12-19 07:00:00,0.56296,0.5632,0.56231,0.56246,1884,1,0
2024-12-19 08:00:00,0.56246,0.56365,0.56221,0.56349,3038,1,0
2024-12-19 09:00:00,0.56349,0.56446,0.56349,0.56405,3629,1,0
2024-12-19 10:00:00,0.56404,0.56505,0.56377,0.56489,3881,1,0
2024-12-19 11:00:00,0.56488,0.56586,0.56462,0.56579,3034,1,0
2024-12-19 12:00:00,0.56579,0.56615,0.56542,0.56569,2250,1,0
2024-12-19 13:00:00,0.56569,0.56601,0.56551,0.56568,1938,1,0
2024-12-19 14:00:00,0.56568,0.56581,0.56512,0.56525,3558,1,0
2024-12-19 15:00:00,0.56522,0.56589,0.5648,0.56529,5298,1,0
2024-12-19 16:00:00,0.56527,0.56621,0.56504,0.56586,5288,1,0
2024-12-19 17:00:00,0.56587,0.56605,0.5649,0.56494,5369,1,0
2024-12-19 18:00:00,0.56494,0.56571,0.56416,0.56416,4716,1,0
2024-12-19 19:00:00,0.56416,0.56505,0.564,0.56407,3421,1,0
2024-12-19 20:00:00,0.56404,0.56441,0.56342,0.56438,2868,1,0
2024-12-19 21:00:00,0.56435,0.56462,0.56347,0.5635,2483,1,0
2024-12-19 22:00:00,0.56349,0.56375,0.56329,0.56346,1722,1,0
2024-12-19 23:00:00,0.56345,0.56347,0.56297,0.56301,930,0,0
2024-12-20 00:00:00,0.5629,0.56314,0.56266,0.56299,455,9,0
2024-12-20 01:00:00,0.56299,0.56305,0.56244,0.56261,952,1,0
2024-12-20 02:00:00,0.56261,0.56277,0.56172,0.56188,2232,1,0
2024-12-20 03:00:00,0.56188,0.56328,0.56126,0.56294,3168,1,0
2024-12-20 04:00:00,0.56294,0.56316,0.56239,0.56275,2386,1,0
2024-12-20 05:00:00,0.56276,0.56315,0.56208,0.56237,2017,1,0
2024-12-20 06:00:00,0.56238,0.56263,0.56211,0.56234,1221,1,0
2024-12-20 07:00:00,0.56234,0.56272,0.56209,0.56247,1376,1,0
2024-12-20 08:00:00,0.56247,0.56383,0.56206,0.5636,3091,1,0
2024-12-20 09:00:00,0.5636,0.56407,0.56319,0.564,2661,1,0
2024-12-20 10:00:00,0.56401,0.5646,0.56378,0.56398,3255,1,0
2024-12-20 11:00:00,0.56398,0.56405,0.56329,0.56358,2635,1,0
2024-12-20 12:00:00,0.56358,0.56391,0.56311,0.56324,2278,1,0
2024-12-20 13:00:00,0.56323,0.56332,0.56273,0.56287,1987,1,0
2024-12-20 14:00:00,0.56287,0.56399,0.56282,0.56355,2352,1,0
2024-12-20 15:00:00,0.56355,0.56497,0.56322,0.56389,5009,1,0
2024-12-20 16:00:00,0.56389,0.56416,0.56331,0.56381,5033,1,0
2024-12-20 17:00:00,0.56378,0.56537,0.56363,0.5645,5455,1,0
2024-12-20 18:00:00,0.5645,0.56647,0.56421,0.56627,4444,1,0
2024-12-20 19:00:00,0.56627,0.56723,0.56614,0.56627,3721,1,0
2024-12-20 20:00:00,0.56627,0.56634,0.56564,0.56593,2054,1,0
2024-12-20 21:00:00,0.56592,0.56684,0.56583,0.56663,2109,1,0
2024-12-20 22:00:00,0.56665,0.56669,0.56563,0.56566,1845,1,0
2024-12-20 23:00:00,0.56565,0.56587,0.56497,0.56539,1787,0,0
2024-12-23 00:00:00,0.56432,0.56487,0.56399,0.56436,555,38,0
2024-12-23 01:00:00,0.56436,0.56568,0.56436,0.56518,1220,1,0
2024-12-23 02:00:00,0.56519,0.56526,0.56448,0.56455,1938,1,0
2024-12-23 03:00:00,0.56456,0.56573,0.56416,0.56552,1877,1,0
2024-12-23 04:00:00,0.56553,0.56601,0.56538,0.56589,1616,1,0
2024-12-23 05:00:00,0.56588,0.56594,0.5652,0.5653,1095,1,0
2024-12-23 06:00:00,0.5653,0.56583,0.56507,0.56577,965,1,0
2024-12-23 07:00:00,0.56578,0.56594,0.56556,0.56589,1014,1,0
2024-12-23 08:00:00,0.56589,0.56601,0.56534,0.56565,1318,1,0
2024-12-23 09:00:00,0.56565,0.56567,0.56453,0.56465,1506,1,0
2024-12-23 10:00:00,0.56464,0.56548,0.56449,0.56539,2143,1,0
2024-12-23 11:00:00,0.56541,0.56611,0.56537,0.56574,2024,1,0
2024-12-23 12:00:00,0.56574,0.56584,0.56469,0.56471,1767,1,0
2024-12-23 13:00:00,0.5647,0.56516,0.56431,0.5647,1746,1,0
2024-12-23 14:00:00,0.5647,0.56476,0.56392,0.56424,1935,1,0
2024-12-23 15:00:00,0.56424,0.5643,0.5635,0.56353,2563,2,0
2024-12-23 16:00:00,0.56355,0.56424,0.5635,0.56408,3001,2,0
2024-12-23 17:00:00,0.56405,0.56419,0.56318,0.564,4842,2,0
2024-12-23 18:00:00,0.56398,0.56482,0.56343,0.5647,2766,2,0
2024-12-23 19:00:00,0.5647,0.56516,0.5646,0.56468,2685,1,0
2024-12-23 20:00:00,0.56469,0.56535,0.56465,0.565,2327,1,0
2024-12-23 21:00:00,0.56499,0.56525,0.56467,0.56516,1774,1,0
2024-12-23 22:00:00,0.56516,0.56542,0.5647,0.56496,1633,1,0
2024-12-23 23:00:00,0.56496,0.56516,0.56474,0.5648,798,0,0
2024-12-24 00:00:00,0.56473,0.56483,0.56333,0.56414,895,7,0
2024-12-24 01:00:00,0.56414,0.56499,0.56414,0.56457,595,1,0
2024-12-24 02:00:00,0.56457,0.56466,0.56403,0.56417,1393,1,0
2024-12-24 03:00:00,0.5642,0.56437,0.56388,0.56418,1455,1,0
2024-12-24 04:00:00,0.56419,0.56488,0.56398,0.56407,1504,1,0
2024-12-24 05:00:00,0.56407,0.56428,0.56351,0.5642,1278,1,0
2024-12-24 06:00:00,0.56419,0.56451,0.5641,0.56449,815,1,0
2024-12-24 07:00:00,0.56449,0.56481,0.56436,0.56468,801,1,0
2024-12-24 08:00:00,0.56465,0.56498,0.56444,0.56489,1067,1,0
2024-12-24 09:00:00,0.56489,0.56523,0.56431,0.56434,1300,1,0
2024-12-24 10:00:00,0.56435,0.56495,0.56421,0.56454,1860,1,0
2024-12-24 11:00:00,0.56454,0.56458,0.56391,0.56394,1474,1,0
2024-12-24 12:00:00,0.56394,0.56428,0.56372,0.56406,1180,1,0
2024-12-24 13:00:00,0.56405,0.56417,0.56373,0.56385,1201,1,0
2024-12-24 14:00:00,0.56385,0.56407,0.56351,0.56372,1652,1,0
2024-12-24 15:00:00,0.56373,0.56487,0.56365,0.56466,2175,1,0
2024-12-24 16:00:00,0.56465,0.56485,0.5642,0.56438,2619,1,0
2024-12-24 17:00:00,0.56439,0.56464,0.56359,0.56359,2746,1,0
2024-12-24 18:00:00,0.56359,0.56404,0.56336,0.56362,2401,1,0
2024-12-24 19:00:00,0.56362,0.56427,0.56348,0.56355,1951,1,0
2024-12-24 20:00:00,0.56359,0.56451,0.56354,0.56446,2426,1,0
2024-12-24 21:00:00,0.56446,0.56514,0.56406,0.56432,894,3,0
2024-12-24 22:00:00,0.56432,0.56473,0.56411,0.56426,576,11,0
2024-12-24 23:00:00,0.56425,0.56432,0.56248,0.56328,981,11,0
2024-12-26 00:00:00,0.56304,0.5644,0.56302,0.56422,404,200,0
2024-12-26 01:00:00,0.56422,0.5654,0.56298,0.56506,3069,2,0
2024-12-26 02:00:00,0.56506,0.56547,0.56483,0.56524,2279,1,0
2024-12-26 03:00:00,0.56522,0.56539,0.56478,0.56522,2434,1,0
2024-12-26 04:00:00,0.56522,0.56571,0.56503,0.56559,1088,1,0
2024-12-26 05:00:00,0.56559,0.56599,0.56543,0.56545,1440,1,0
2024-12-26 06:00:00,0.56544,0.56545,0.56486,0.56491,1288,1,0
2024-12-26 07:00:00,0.56492,0.56547,0.56465,0.56467,1636,1,0
2024-12-26 08:00:00,0.56466,0.56475,0.56382,0.56394,1078,1,0
2024-12-26 09:00:00,0.56394,0.56443,0.56349,0.56433,1284,1,0
2024-12-26 10:00:00,0.56434,0.56447,0.56337,0.56367,1759,1,0
2024-12-26 11:00:00,0.56367,0.56376,0.56335,0.56356,1466,1,0
2024-12-26 12:00:00,0.56357,0.56415,0.5634,0.56394,968,1,0
2024-12-26 13:00:00,0.56394,0.56404,0.56368,0.56397,1212,1,0
2024-12-26 14:00:00,0.56397,0.56397,0.56302,0.56321,1598,1,0
2024-12-26 15:00:00,0.56322,0.5639,0.56308,0.56309,2236,1,0
2024-12-26 16:00:00,0.56309,0.56344,0.56241,0.56268,3561,1,0
2024-12-26 17:00:00,0.56267,0.56282,0.56215,0.56227,2826,1,0
2024-12-26 18:00:00,0.56227,0.56296,0.56218,0.56296,2466,1,0
2024-12-26 19:00:00,0.56296,0.56309,0.56223,0.56248,2454,1,0
2024-12-26 20:00:00,0.5625,0.5634,0.56247,0.56305,2970,4,0
2024-12-26 21:00:00,0.56304,0.56304,0.56233,0.5624,1648,2,0
2024-12-26 22:00:00,0.5624,0.5625,0.56209,0.5624,912,2,0
2024-12-26 23:00:00,0.5624,0.56243,0.56224,0.56236,815,0,0
2024-12-27 00:00:00,0.56234,0.5628,0.56207,0.56224,1541,7,0
2024-12-27 01:00:00,0.56224,0.56265,0.56224,0.56248,943,1,0
2024-12-27 02:00:00,0.56248,0.56278,0.562,0.56218,1520,1,0
2024-12-27 03:00:00,0.56218,0.56253,0.56197,0.56212,1816,1,0
2024-12-27 04:00:00,0.56211,0.56235,0.56181,0.56216,1565,1,0
2024-12-27 05:00:00,0.56216,0.56241,0.56135,0.56157,1185,1,0
2024-12-27 06:00:00,0.56157,0.56181,0.56136,0.56161,772,1,0
2024-12-27 07:00:00,0.56161,0.56224,0.56156,0.56184,1020,1,0
2024-12-27 08:00:00,0.56183,0.56271,0.56181,0.56264,1320,1,0
2024-12-27 09:00:00,0.56264,0.56327,0.56261,0.56322,1798,1,0
2024-12-27 10:00:00,0.5632,0.5637,0.56289,0.56308,1996,1,0
2024-12-27 11:00:00,0.56304,0.56311,0.5624,0.56272,1501,1,0
2024-12-27 12:00:00,0.56272,0.56292,0.56236,0.5628,1559,1,0
2024-12-27 13:00:00,0.56281,0.56381,0.56277,0.56365,1664,1,0
2024-12-27 14:00:00,0.56365,0.56432,0.56343,0.56384,2092,1,0
2024-12-27 15:00:00,0.56384,0.56403,0.56327,0.56391,2482,1,0
2024-12-27 16:00:00,0.56392,0.56395,0.56298,0.56302,2948,1,0
2024-12-27 17:00:00,0.56303,0.56391,0.56214,0.56363,3947,1,0
2024-12-27 18:00:00,0.56362,0.56395,0.56287,0.56287,2796,1,0
2024-12-27 19:00:00,0.56287,0.56287,0.56221,0.56257,2233,2,0
2024-12-27 20:00:00,0.56258,0.56335,0.56256,0.56326,1424,2,0
2024-12-27 21:00:00,0.56325,0.5638,0.5631,0.56367,1282,1,0
2024-12-27 22:00:00,0.56367,0.56369,0.56319,0.56343,1201,1,0
2024-12-27 23:00:00,0.56341,0.56355,0.56293,0.56302,1133,1,0
2024-12-30 00:00:00,0.56269,0.56353,0.56182,0.5635,534,38,0
2024-12-30 01:00:00,0.5635,0.56465,0.5635,0.56388,871,4,0
2024-12-30 02:00:00,0.56388,0.56423,0.56343,0.56407,969,1,0
2024-12-30 03:00:00,0.56408,0.56468,0.56356,0.56419,1050,1,0
2024-12-30 04:00:00,0.5642,0.56486,0.56413,0.56479,788,1,0
2024-12-30 05:00:00,0.56479,0.56588,0.5647,0.56573,794,1,0
2024-12-30 06:00:00,0.56573,0.5659,0.56532,0.56557,827,1,0
2024-12-30 07:00:00,0.56557,0.56578,0.56534,0.56555,1059,1,0
2024-12-30 08:00:00,0.56555,0.56597,0.56552,0.56589,896,1,0
2024-12-30 09:00:00,0.56589,0.56636,0.56537,0.56631,1407,1,0
2024-12-30 10:00:00,0.5663,0.5663,0.56466,0.56476,2096,1,0
2024-12-30 11:00:00,0.56475,0.56564,0.56465,0.56539,1602,1,0
2024-12-30 12:00:00,0.56539,0.56592,0.5652,0.56564,1505,1,0
2024-12-30 13:00:00,0.56563,0.56645,0.56561,0.5662,1364,1,0
2024-12-30 14:00:00,0.5662,0.5664,0.56563,0.56584,1527,2,0
2024-12-30 15:00:00,0.56583,0.56595,0.56395,0.56403,2524,3,0
2024-12-30 16:00:00,0.56403,0.56469,0.56347,0.56436,4497,3,0
2024-12-30 17:00:00,0.56435,0.56456,0.56278,0.56371,5075,3,0
2024-12-30 18:00:00,0.56371,0.5639,0.56317,0.56372,3340,3,0
2024-12-30 19:00:00,0.56372,0.56429,0.56353,0.56426,2360,4,0
2024-12-30 20:00:00,0.56426,0.56494,0.56413,0.56478,1711,2,0
2024-12-30 21:00:00,0.56477,0.56485,0.56403,0.56403,1562,1,0
2024-12-30 22:00:00,0.56403,0.56442,0.56392,0.56393,1152,2,0
2024-12-30 23:00:00,0.56393,0.56406,0.56369,0.5639,744,0,0
2024-12-31 00:00:00,0.5638,0.56398,0.56044,0.56382,905,10,0
2024-12-31 01:00:00,0.56382,0.56393,0.5633,0.56387,730,3,0
2024-12-31 02:00:00,0.56387,0.56398,0.56323,0.56394,1077,1,0
2024-12-31 03:00:00,0.56395,0.56463,0.56375,0.56417,1908,1,0
2024-12-31 04:00:00,0.56417,0.56424,0.5634,0.56349,1395,1,0
2024-12-31 05:00:00,0.56349,0.5636,0.56271,0.56279,1377,1,0
2024-12-31 06:00:00,0.56278,0.56306,0.56271,0.56289,691,1,0
2024-12-31 07:00:00,0.5629,0.56328,0.56276,0.56287,744,1,0
2024-12-31 08:00:00,0.56286,0.56288,0.56198,0.56246,1227,1,0
2024-12-31 09:00:00,0.56246,0.56359,0.56218,0.56336,1760,1,0
2024-12-31 10:00:00,0.56335,0.56339,0.56234,0.56285,1996,2,0
2024-12-31 11:00:00,0.56285,0.56308,0.5624,0.5629,1610,2,0
2024-12-31 12:00:00,0.56291,0.56292,0.562,0.56228,2166,2,0
2024-12-31 13:00:00,0.56228,0.56242,0.56171,0.56191,1448,2,0
2024-12-31 14:00:00,0.56191,0.56199,0.56103,0.56108,1913,1,0
2024-12-31 15:00:00,0.56107,0.56113,0.56028,0.56099,2934,2,0
2024-12-31 16:00:00,0.56099,0.56108,0.56039,0.56075,3649,1,0
2024-12-31 17:00:00,0.56075,0.56126,0.56008,0.56031,5869,2,0
2024-12-31 18:00:00,0.5603,0.56052,0.55916,0.55932,3898,2,0
2024-12-31 19:00:00,0.55932,0.55945,0.55877,0.55926,2514,3,0
2024-12-31 20:00:00,0.55923,0.55972,0.55904,0.55954,2383,2,0
2024-12-31 21:00:00,0.55953,0.55988,0.55926,0.55933,1820,1,0
2024-12-31 22:00:00,0.55932,0.55987,0.55932,0.55943,939,1,0
2024-12-31 23:00:00,0.55943,0.55965,0.55933,0.55935,731,1,0
2025-01-02 00:00:00,0.55842,0.56011,0.55819,0.56006,629,11,0
2025-01-02 01:00:00,0.56003,0.56021,0.55945,0.55976,1431,5,0
2025-01-02 02:00:00,0.55976,0.56053,0.55926,0.56031,1284,4,0
2025-01-02 03:00:00,0.56032,0.56162,0.56009,0.56149,2260,3,0
2025-01-02 04:00:00,0.5615,0.56212,0.56117,0.56212,1602,1,0
2025-01-02 05:00:00,0.56212,0.56212,0.56139,0.56163,839,2,0
2025-01-02 06:00:00,0.56162,0.56203,0.56158,0.56166,684,1,0
2025-01-02 07:00:00,0.56167,0.56168,0.56116,0.56144,907,1,0
2025-01-02 08:00:00,0.56143,0.56148,0.56088,0.56126,1098,1,0
2025-01-02 09:00:00,0.56126,0.56141,0.56075,0.5608,1781,1,0
2025-01-02 10:00:00,0.5608,0.56156,0.5604,0.56155,2102,1,0
2025-01-02 11:00:00,0.56155,0.56246,0.56139,0.56188,1838,1,0
2025-01-02 12:00:00,0.56189,0.56215,0.56082,0.56091,2545,1,0
2025-01-02 13:00:00,0.56091,0.56151,0.56068,0.56137,1936,1,0
2025-01-02 14:00:00,0.56137,0.56153,0.56072,0.5608,2335,1,0
2025-01-02 15:00:00,0.5608,0.56137,0.56,0.5611,4130,1,0
2025-01-02 16:00:00,0.56111,0.5616,0.56038,0.56068,4111,1,0
2025-01-02 17:00:00,0.56068,0.56135,0.56015,0.56021,4972,1,0
2025-01-02 18:00:00,0.56021,0.5603,0.55906,0.5599,5910,1,0
2025-01-02 19:00:00,0.5599,0.56035,0.55921,0.5594,3457,1,0
2025-01-02 20:00:00,0.55941,0.55954,0.55879,0.55917,2095,1,0
2025-01-02 21:00:00,0.55916,0.55946,0.55867,0.55876,1525,1,0
2025-01-02 22:00:00,0.55874,0.55969,0.55872,0.55929,1386,1,0
2025-01-02 23:00:00,0.55928,0.55963,0.55925,0.55946,1032,0,0
2025-01-03 00:00:00,0.55943,0.55966,0.55868,0.55955,479,14,0
2025-01-03 01:00:00,0.55955,0.55977,0.55907,0.55928,579,3,0
2025-01-03 02:00:00,0.55928,0.56076,0.55928,0.56071,1528,1,0
2025-01-03 03:00:00,0.56072,0.56073,0.5598,0.56002,1838,1,0
2025-01-03 04:00:00,0.56002,0.56057,0.55993,0.56037,1425,1,0
2025-01-03 05:00:00,0.56038,0.56065,0.56023,0.56043,943,1,0
2025-01-03 06:00:00,0.56043,0.56067,0.56014,0.56064,813,1,0
2025-01-03 07:00:00,0.56066,0.56108,0.56051,0.56065,1036,1,0
2025-01-03 08:00:00,0.56064,0.56103,0.56056,0.56093,1548,1,0
2025-01-03 09:00:00,0.56093,0.56107,0.55929,0.56017,3132,1,0
2025-01-03 10:00:00,0.56017,0.56052,0.55943,0.55968,2291,1,0
2025-01-03 11:00:00,0.55967,0.56072,0.55967,0.56012,2170,1,0
2025-01-03 12:00:00,0.56012,0.56028,0.5598,0.56,1546,1,0
2025-01-03 13:00:00,0.56,0.56084,0.55999,0.56062,1349,1,0
2025-01-03 14:00:00,0.56062,0.56077,0.56019,0.56063,1441,1,0
2025-01-03 15:00:00,0.56065,0.5609,0.5602,0.56049,2116,1,0
2025-01-03 16:00:00,0.5605,0.56127,0.56032,0.56111,2487,1,0
2025-01-03 17:00:00,0.56104,0.56108,0.55933,0.56001,5115,2,0
2025-01-03 18:00:00,0.56,0.5607,0.55993,0.56029,2502,1,0
2025-01-03 19:00:00,0.56029,0.56136,0.56026,0.56068,2037,1,0
2025-01-03 20:00:00,0.56067,0.5611,0.56041,0.56065,1756,1,0
2025-01-03 21:00:00,0.56062,0.56132,0.56045,0.56083,1019,1,0
2025-01-03 22:00:00,0.56081,0.56131,0.56065,0.56086,918,1,0
2025-01-03 23:00:00,0.56086,0.56141,0.56083,0.56123,1279,0,0
2025-01-06 00:00:00,0.56112,0.56139,0.56069,0.56098,360,38,0
2025-01-06 01:00:00,0.56098,0.56202,0.56093,0.56166,1116,4,0
2025-01-06 02:00:00,0.56166,0.56286,0.56149,0.56264,1998,1,0
2025-01-06 03:00:00,0.56264,0.56341,0.56159,0.56188,2855,1,0
2025-01-06 04:00:00,0.56188,0.5627,0.56169,0.56213,2285,1,0
2025-01-06 05:00:00,0.56212,0.56231,0.56137,0.56218,1738,1,0
2025-01-06 06:00:00,0.56218,0.56243,0.56187,0.56214,1181,1,0
2025-01-06 07:00:00,0.56214,0.56278,0.56206,0.56237,1279,1,0
2025-01-06 08:00:00,0.56237,0.56288,0.56219,0.56258,1327,1,0
2025-01-06 09:00:00,0.56258,0.5629,0.56227,0.56262,1712,1,0
2025-01-06 10:00:00,0.56262,0.56418,0.56243,0.56413,2889,1,0
2025-01-06 11:00:00,0.56413,0.56433,0.56345,0.56358,2991,1,0
2025-01-06 12:00:00,0.56359,0.56363,0.56306,0.56308,1722,1,0
2025-01-06 13:00:00,0.56305,0.56748,0.56262,0.56746,7765,1,0
2025-01-06 14:00:00,0.56746,0.5677,0.56618,0.56737,4908,1,0
2025-01-06 15:00:00,0.56738,0.56847,0.56719,0.56745,5423,1,0
2025-01-06 16:00:00,0.56746,0.56801,0.56399,0.56564,10181,1,0
2025-01-06 17:00:00,0.56563,0.56585,0.56369,0.56404,7809,1,0
2025-01-06 18:00:00,0.56405,0.56479,0.56361,0.56437,4397,1,0
2025-01-06 19:00:00,0.56437,0.56445,0.56344,0.56399,2454,1,0
2025-01-06 20:00:00,0.56396,0.56406,0.56325,0.56326,2099,1,0
2025-01-06 21:00:00,0.56327,0.5638,0.56309,0.5638,1876,1,0
2025-01-06 22:00:00,0.56377,0.56409,0.56374,0.56407,1312,1,0
2025-01-06 23:00:00,0.56406,0.56448,0.56392,0.56426,921,0,0
2025-01-07 00:00:00,0.5642,0.56438,0.56192,0.56389,249,14,0
2025-01-07 01:00:00,0.56389,0.56413,0.56369,0.56373,789,1,0
2025-01-07 02:00:00,0.56373,0.56458,0.56355,0.56458,1943,1,0
2025-01-07 03:00:00,0.56457,0.56488,0.5641,0.56467,2419,1,0
2025-01-07 04:00:00,0.56466,0.56529,0.56464,0.56512,2095,1,0
2025-01-07 05:00:00,0.56512,0.56629,0.56477,0.56617,1407,1,0
2025-01-07 06:00:00,0.56617,0.56648,0.56585,0.5659,956,1,0
2025-01-07 07:00:00,0.5659,0.56697,0.56581,0.56671,1580,1,0
2025-01-07 08:00:00,0.56671,0.567,0.56624,0.56634,1561,1,0
2025-01-07 09:00:00,0.56634,0.56761,0.56617,0.56758,2818,1,0
2025-01-07 10:00:00,0.56759,0.56869,0.56754,0.56866,2924,1,0
2025-01-07 11:00:00,0.56867,0.56925,0.56845,0.5686,2409,1,0
2025-01-07 12:00:00,0.56861,0.56891,0.56827,0.56844,2338,1,0
2025-01-07 13:00:00,0.56844,0.56849,0.56754,0.56778,1692,1,0
2025-01-07 14:00:00,0.56778,0.56804,0.5669,0.56715,2396,1,0
2025-01-07 15:00:00,0.56714,0.56782,0.56699,0.56708,2677,1,0
2025-01-07 16:00:00,0.56709,0.56709,0.56647,0.56676,2779,1,0
2025-01-07 17:00:00,0.56676,0.56676,0.56408,0.56474,7958,1,0
2025-01-07 18:00:00,0.56475,0.56486,0.56365,0.56419,5898,1,0
2025-01-07 19:00:00,0.56419,0.5651,0.56412,0.56459,4022,1,0
2025-01-07 20:00:00,0.56453,0.56483,0.56368,0.56393,2813,1,0
2025-01-07 21:00:00,0.56392,0.56432,0.5638,0.56403,2058,1,0
2025-01-07 22:00:00,0.56404,0.56411,0.56321,0.56346,1476,1,0
2025-01-07 23:00:00,0.56346,0.56356,0.56325,0.56339,664,0,0
2025-01-08 00:00:00,0.56339,0.56348,0.56317,0.56324,388,12,0
2025-01-08 01:00:00,0.56324,0.5635,0.56317,0.56335,644,2,0
2025-01-08 02:00:00,0.56335,0.56416,0.56288,0.56307,2479,1,0
2025-01-08 03:00:00,0.56307,0.56337,0.56254,0.56325,2112,1,0
2025-01-08 04:00:00,0.56325,0.56347,0.56303,0.56316,1445,1,0
2025-01-08 05:00:00,0.56316,0.56353,0.56293,0.56331,984,1,0
2025-01-08 06:00:00,0.5633,0.56356,0.56297,0.56331,840,1,0
2025-01-08 07:00:00,0.56331,0.56389,0.56313,0.56383,1031,1,0
2025-01-08 08:00:00,0.56383,0.56415,0.56341,0.56366,1318,1,0
2025-01-08 09:00:00,0.56366,0.56373,0.56267,0.56281,2168,2,0
2025-01-08 10:00:00,0.5628,0.56307,0.56183,0.56185,3020,1,0
2025-01-08 11:00:00,0.56184,0.56248,0.56177,0.56194,2380,1,0
2025-01-08 12:00:00,0.56197,0.56197,0.56106,0.56156,2020,1,0
2025-01-08 13:00:00,0.56155,0.5616,0.55894,0.56011,5183,1,0
2025-01-08 14:00:00,0.56011,0.56035,0.55895,0.55931,3837,1,0
2025-01-08 15:00:00,0.55931,0.56016,0.55915,0.56003,6952,1,0
2025-01-08 16:00:00,0.56005,0.5605,0.55941,0.55969,5249,1,0
2025-01-08 17:00:00,0.55969,0.56084,0.55969,0.56059,5049,1,0
2025-01-08 18:00:00,0.5606,0.56123,0.56009,0.56113,3821,1,0
2025-01-08 19:00:00,0.56113,0.56125,0.55993,0.56032,2707,1,0
2025-01-08 20:00:00,0.55989,0.56102,0.55989,0.56038,2649,1,0
2025-01-08 21:00:00,0.56036,0.56127,0.56016,0.56037,2594,1,0
2025-01-08 22:00:00,0.56037,0.56103,0.56023,0.56082,1561,1,0
2025-01-08 23:00:00,0.56082,0.56113,0.56066,0.5609,827,0,0
2025-01-09 00:00:00,0.5608,0.56087,0.56047,0.56053,1477,10,0
2025-01-09 01:00:00,0.56053,0.5608,0.56046,0.56046,738,1,0
2025-01-09 02:00:00,0.56046,0.56066,0.55947,0.55993,1995,1,0
2025-01-09 03:00:00,0.55992,0.56022,0.55961,0.55973,1755,1,0
2025-01-09 04:00:00,0.55973,0.56052,0.5597,0.56015,1323,1,0
2025-01-09 05:00:00,0.56015,0.5605,0.55968,0.55968,1115,1,0
2025-01-09 06:00:00,0.55966,0.55985,0.55927,0.55967,996,1,0
2025-01-09 07:00:00,0.55966,0.56004,0.55953,0.55993,1225,1,0
2025-01-09 08:00:00,0.55993,0.55995,0.55918,0.55936,1864,1,0
2025-01-09 09:00:00,0.55936,0.55972,0.55766,0.55783,2905,1,0
2025-01-09 10:00:00,0.55784,0.55919,0.55718,0.55914,3652,1,0
2025-01-09 11:00:00,0.55914,0.55959,0.5588,0.55893,3012,1,0
2025-01-09 12:00:00,0.55893,0.55949,0.55867,0.55923,2881,1,0
2025-01-09 13:00:00,0.55922,0.55976,0.55897,0.55945,2362,1,0
2025-01-09 14:00:00,0.55945,0.55973,0.55897,0.55923,2192,1,0
2025-01-09 15:00:00,0.55923,0.56015,0.55905,0.55958,2655,1,0
2025-01-09 16:00:00,0.55958,0.56018,0.55943,0.56005,2256,1,0
2025-01-09 17:00:00,0.56005,0.56009,0.55897,0.55925,2425,1,0
2025-01-09 18:00:00,0.55925,0.55967,0.55901,0.55957,1803,1,0
2025-01-09 19:00:00,0.55956,0.55984,0.55945,0.55971,1505,1,0
2025-01-09 20:00:00,0.55969,0.55998,0.55946,0.55991,885,1,0
2025-01-09 21:00:00,0.55992,0.56034,0.55974,0.55994,640,1,0
2025-01-09 22:00:00,0.55994,0.56022,0.55994,0.56,471,1,0
2025-01-09 23:00:00,0.56,0.56001,0.55974,0.55995,400,0,0
2025-01-10 00:00:00,0.55993,0.56005,0.55906,0.55988,435,9,0
2025-01-10 01:00:00,0.55988,0.56014,0.55921,0.55928,678,4,0
2025-01-10 02:00:00,0.55928,0.55969,0.55915,0.55925,1594,3,0
2025-01-10 03:00:00,0.55925,0.56025,0.55915,0.56007,2236,1,0
2025-01-10 04:00:00,0.56008,0.5601,0.55959,0.55972,1358,1,0
2025-01-10 05:00:00,0.55972,0.55979,0.55922,0.55934,989,1,0
2025-01-10 06:00:00,0.55934,0.55948,0.55875,0.55905,948,2,0
2025-01-10 07:00:00,0.55904,0.55944,0.55873,0.55881,1212,3,0
2025-01-10 08:00:00,0.5588,0.55884,0.55824,0.55828,1297,1,0
2025-01-10 09:00:00,0.55828,0.55916,0.55824,0.559,1744,1,0
2025-01-10 10:00:00,0.559,0.55923,0.55804,0.55826,2391,1,0
2025-01-10 11:00:00,0.55826,0.55828,0.55767,0.55771,2124,1,0
2025-01-10 12:00:00,0.55771,0.55803,0.5575,0.55793,1492,1,0
2025-01-10 13:00:00,0.55792,0.55844,0.55791,0.55818,1396,1,0
2025-01-10 14:00:00,0.55818,0.55879,0.55803,0.55861,1596,1,0
2025-01-10 15:00:00,0.55861,0.55882,0.55428,0.55558,9132,1,0
2025-01-10 16:00:00,0.55558,0.55708,0.55501,0.55644,9423,1,0
2025-01-10 17:00:00,0.55645,0.55732,0.55548,0.55618,8201,1,0
2025-01-10 18:00:00,0.55618,0.55619,0.55495,0.55543,5284,1,0
2025-01-10 19:00:00,0.55543,0.55652,0.55507,0.55632,3268,1,0
2025-01-10 20:00:00,0.5563,0.55642,0.55566,0.55617,2265,1,0
2025-01-10 21:00:00,0.55618,0.55618,0.55562,0.55589,2277,1,0
2025-01-10 22:00:00,0.5559,0.55593,0.55535,0.55564,1598,1,0
2025-01-10 23:00:00,0.55563,0.55577,0.55501,0.55534,1397,0,0
2025-01-13 00:00:00,0.55473,0.5556,0.55463,0.55524,672,38,0
2025-01-13 01:00:00,0.55524,0.55671,0.55524,0.55633,1292,3,0
2025-01-13 02:00:00,0.55633,0.55672,0.55609,0.55649,1418,1,0
2025-01-13 03:00:00,0.5565,0.55696,0.5563,0.55662,3012,1,0
2025-01-13 04:00:00,0.55662,0.55721,0.55655,0.55694,2260,1,0
2025-01-13 05:00:00,0.55694,0.55718,0.55586,0.55603,1931,1,0
2025-01-13 06:00:00,0.55604,0.55622,0.5548,0.55502,1424,1,0
2025-01-13 07:00:00,0.55502,0.55571,0.55488,0.55534,1397,1,0
2025-01-13 08:00:00,0.55535,0.55561,0.55499,0.55521,1475,1,0
2025-01-13 09:00:00,0.55521,0.55575,0.55479,0.55545,2438,1,0
2025-01-13 10:00:00,0.55544,0.55638,0.55506,0.55529,3177,1,0
2025-01-13 11:00:00,0.55529,0.55554,0.55414,0.55437,3622,1,0
2025-01-13 12:00:00,0.55438,0.55502,0.55435,0.55482,2551,1,0
2025-01-13 13:00:00,0.55479,0.55515,0.55448,0.55478,2149,1,0
2025-01-13 14:00:00,0.55478,0.55575,0.55432,0.55561,3137,1,0
2025-01-13 15:00:00,0.55562,0.55631,0.55526,0.55563,2861,1,0
2025-01-13 16:00:00,0.55563,0.55581,0.55489,0.55579,3892,1,0
2025-01-13 17:00:00,0.55577,0.55581,0.5548,0.55505,3911,1,0
2025-01-13 18:00:00,0.55505,0.55575,0.55448,0.55538,3153,1,0
2025-01-13 19:00:00,0.55538,0.55592,0.55523,0.55588,2633,1,0
2025-01-13 20:00:00,0.5559,0.55636,0.55546,0.55615,1705,1,0
2025-01-13 21:00:00,0.55615,0.55617,0.55572,0.55573,1550,1,0
2025-01-13 22:00:00,0.55573,0.55667,0.55572,0.55665,1196,1,0
2025-01-13 23:00:00,0.55664,0.55837,0.55657,0.55833,1431,0,0
2025-01-14 00:00:00,0.5583,0.55987,0.55739,0.55954,1441,8,0
2025-01-14 01:00:00,0.55954,0.56172,0.55928,0.56015,2768,1,0
2025-01-14 02:00:00,0.56014,0.56047,0.55953,0.55988,2329,1,0
2025-01-14 03:00:00,0.55988,0.56106,0.5596,0.56096,3098,1,0
2025-01-14 04:00:00,0.56097,0.56098,0.55959,0.56045,1980,1,0
2025-01-14 05:00:00,0.56042,0.56119,0.5601,0.56068,1536,1,0
2025-01-14 06:00:00,0.56068,0.56111,0.56049,0.56077,909,1,0
2025-01-14 07:00:00,0.56078,0.56087,0.56014,0.56043,1252,1,0
2025-01-14 08:00:00,0.56044,0.56143,0.56034,0.56138,1586,1,0
2025-01-14 09:00:00,0.56138,0.56192,0.56103,0.56188,2877,1,0
2025-01-14 10:00:00,0.56187,0.56311,0.56184,0.56199,3350,1,0
2025-01-14 11:00:00,0.56198,0.56201,0.56092,0.56107,2517,1,0
2025-01-14 12:00:00,0.56107,0.56142,0.56076,0.56096,1992,1,0
2025-01-14 13:00:00,0.56094,0.56094,0.55949,0.56004,1721,1,0
2025-01-14 14:00:00,0.56004,0.56013,0.55884,0.55911,1984,1,0
2025-01-14 15:00:00,0.55912,0.56127,0.55852,0.55911,6862,1,0
2025-01-14 16:00:00,0.55909,0.56026,0.55855,0.55945,5428,1,0
2025-01-14 17:00:00,0.55945,0.56107,0.55943,0.56035,4843,1,0
2025-01-14 18:00:00,0.56036,0.56098,0.55932,0.55953,4563,1,0
2025-01-14 19:00:00,0.55953,0.55953,0.55877,0.55909,2594,1,0
2025-01-14 20:00:00,0.55911,0.55991,0.55898,0.55984,1488,1,0
2025-01-14 21:00:00,0.55985,0.56025,0.55959,0.55974,1267,1,0
2025-01-14 22:00:00,0.55975,0.56023,0.5596,0.5599,1483,1,0
2025-01-14 23:00:00,0.5599,0.56048,0.55987,0.56039,816,1,0
2025-01-15 00:00:00,0.56034,0.56046,0.55844,0.5603,383,11,0
2025-01-15 01:00:00,0.5603,0.5606,0.55996,0.56023,601,3,0
2025-01-15 02:00:00,0.56023,0.56028,0.55968,0.55983,1271,2,0
2025-01-15 03:00:00,0.55983,0.5605,0.55978,0.56027,1510,1,0
2025-01-15 04:00:00,0.56028,0.56038,0.55978,0.56017,1204,1,0
2025-01-15 05:00:00,0.56017,0.56068,0.56003,0.56059,1149,1,0
2025-01-15 06:00:00,0.56059,0.56069,0.5604,0.56064,919,1,0
2025-01-15 07:00:00,0.56065,0.5607,0.55973,0.55973,1311,1,0
2025-01-15 08:00:00,0.55973,0.56032,0.55961,0.56007,975,1,0
2025-01-15 09:00:00,0.56007,0.56189,0.55993,0.56168,2665,3,0
2025-01-15 10:00:00,0.56168,0.56253,0.56112,0.56115,2729,1,0
2025-01-15 11:00:00,0.56115,0.56208,0.5611,0.56187,1919,1,0
2025-01-15 12:00:00,0.56188,0.56192,0.5611,0.56134,1504,1,0
2025-01-15 13:00:00,0.56136,0.56166,0.5609,0.561,1358,1,0
2025-01-15 14:00:00,0.561,0.56107,0.56,0.56033,1657,1,0
2025-01-15 15:00:00,0.56033,0.5651,0.56014,0.56463,7646,1,0
2025-01-15 16:00:00,0.56461,0.56468,0.56329,0.56357,7165,1,0
2025-01-15 17:00:00,0.56357,0.56387,0.5619,0.56229,6065,1,0
2025-01-15 18:00:00,0.56229,0.56252,0.56048,0.56114,5843,1,0
2025-01-15 19:00:00,0.56114,0.5617,0.56103,0.56122,3198,1,0
2025-01-15 20:00:00,0.5612,0.56152,0.56103,0.56132,2006,1,0
2025-01-15 21:00:00,0.56132,0.56174,0.56111,0.56172,1384,1,0
2025-01-15 22:00:00,0.5617,0.56203,0.56153,0.56194,1139,1,0
2025-01-15 23:00:00,0.56195,0.56201,0.56139,0.56166,753,0,0
2025-01-16 00:00:00,0.56148,0.56166,0.55996,0.56149,438,4,0
2025-01-16 01:00:00,0.56149,0.56284,0.56149,0.56275,798,3,0
2025-01-16 02:00:00,0.56275,0.56329,0.56188,0.5631,2438,1,0
2025-01-16 03:00:00,0.56311,0.56313,0.56188,0.56201,2519,2,0
2025-01-16 04:00:00,0.56202,0.56224,0.56122,0.56133,2400,1,0
2025-01-16 05:00:00,0.56133,0.5614,0.56072,0.56087,1333,1,0
2025-01-16 06:00:00,0.56088,0.56146,0.56047,0.56063,1128,1,0
2025-01-16 07:00:00,0.56063,0.56069,0.55986,0.56003,1606,2,0
2025-01-16 08:00:00,0.56003,0.56068,0.55996,0.56064,1834,1,0
2025-01-16 09:00:00,0.56064,0.56117,0.56023,0.56104,2415,1,0
2025-01-16 10:00:00,0.56103,0.56114,0.56003,0.56062,2085,1,0
2025-01-16 11:00:00,0.56063,0.56078,0.56027,0.56032,1876,1,0
2025-01-16 12:00:00,0.56033,0.56067,0.55996,0.56026,1487,1,0
2025-01-16 13:00:00,0.56026,0.56045,0.56007,0.5603,1441,1,0
2025-01-16 14:00:00,0.5603,0.56031,0.55861,0.55888,2474,1,0
2025-01-16 15:00:00,0.55886,0.55968,0.55818,0.55916,5542,1,0
2025-01-16 16:00:00,0.55917,0.55955,0.55878,0.55944,4625,1,0
2025-01-16 17:00:00,0.55944,0.56151,0.55916,0.56141,7678,1,0
2025-01-16 18:00:00,0.56141,0.56238,0.56082,0.56158,5899,1,0
2025-01-16 19:00:00,0.56158,0.56232,0.56116,0.56131,3958,1,0
2025-01-16 20:00:00,0.56132,0.56156,0.5608,0.56098,1839,1,0
2025-01-16 21:00:00,0.56098,0.56131,0.56081,0.56089,1877,1,0
2025-01-16 22:00:00,0.56089,0.5609,0.56049,0.56055,1386,1,0
2025-01-16 23:00:00,0.56054,0.56074,0.5604,0.56072,877,0,0
2025-01-17 00:00:00,0.56065,0.56067,0.5602,0.56038,249,13,0
2025-01-17 01:00:00,0.56038,0.56077,0.56018,0.56074,546,2,0
2025-01-17 02:00:00,0.56074,0.56136,0.56039,0.56097,1678,2,0
2025-01-17 03:00:00,0.56097,0.56131,0.56068,0.56104,1871,2,0
2025-01-17 04:00:00,0.56104,0.56154,0.56081,0.56092,2012,1,0
2025-01-17 05:00:00,0.5609,0.56114,0.56035,0.56048,1075,1,0
2025-01-17 06:00:00,0.56048,0.56048,0.55896,0.55926,1201,1,0
2025-01-17 07:00:00,0.55926,0.5595,0.55897,0.55926,1492,1,0
2025-01-17 08:00:00,0.55926,0.55928,0.55836,0.5589,1169,1,0
2025-01-17 09:00:00,0.5589,0.55948,0.55857,0.55935,2418,2,0
2025-01-17 10:00:00,0.55933,0.56019,0.55933,0.55988,2112,1,0
2025-01-17 11:00:00,0.55988,0.56038,0.55942,0.55976,2269,1,0
2025-01-17 12:00:00,0.55978,0.5601,0.55964,0.5598,1550,1,0
2025-01-17 13:00:00,0.5598,0.56014,0.5595,0.55965,1644,1,0
2025-01-17 14:00:00,0.55965,0.55974,0.55843,0.55857,2187,1,0
2025-01-17 15:00:00,0.55858,0.55879,0.5572,0.55748,3686,1,0
2025-01-17 16:00:00,0.55748,0.55949,0.55632,0.55934,7122,1,0
2025-01-17 17:00:00,0.55933,0.56147,0.55913,0.56036,6263,1,0
2025-01-17 18:00:00,0.56036,0.56048,0.5592,0.55946,3363,1,0
2025-01-17 19:00:00,0.55947,0.55969,0.55895,0.55913,2309,1,0
2025-01-17 20:00:00,0.55914,0.55952,0.55873,0.55893,1513,1,0
2025-01-17 21:00:00,0.55893,0.55924,0.55833,0.55856,1527,1,0
2025-01-17 22:00:00,0.55854,0.55892,0.55824,0.55872,1544,1,0
2025-01-17 23:00:00,0.55872,0.55872,0.5577,0.55801,1723,0,0
2025-01-20 00:00:00,0.55917,0.55917,0.55839,0.55895,336,38,0
2025-01-20 01:00:00,0.55895,0.55911,0.55791,0.55889,1026,2,0
2025-01-20 02:00:00,0.55889,0.55966,0.55879,0.55957,1756,2,0
2025-01-20 03:00:00,0.55955,0.56027,0.5592,0.56015,1972,1,0
2025-01-20 04:00:00,0.56015,0.56062,0.55984,0.5606,1666,2,0
2025-01-20 05:00:00,0.5606,0.56134,0.56019,0.56132,1453,2,0
2025-01-20 06:00:00,0.56132,0.5614,0.56087,0.56102,878,2,0
2025-01-20 07:00:00,0.56102,0.56127,0.56057,0.56058,1259,2,0
2025-01-20 08:00:00,0.56058,0.56124,0.56009,0.56085,1452,2,0
2025-01-20 09:00:00,0.56085,0.56216,0.56052,0.56214,1976,2,0
2025-01-20 10:00:00,0.56215,0.56223,0.56087,0.56095,2267,1,0
2025-01-20 11:00:00,0.56095,0.56099,0.55971,0.56005,2060,1,0
2025-01-20 12:00:00,0.56006,0.56044,0.55991,0.56,1619,1,0
2025-01-20 13:00:00,0.56001,0.56056,0.55995,0.56051,1386,1,0
2025-01-20 14:00:00,0.56051,0.56087,0.56009,0.56069,1770,1,0
2025-01-20 15:00:00,0.5607,0.566,0.56026,0.56593,9865,1,0
2025-01-20 16:00:00,0.56591,0.56797,0.56499,0.56714,9319,1,0
2025-01-20 17:00:00,0.56713,0.5678,0.56494,0.56549,6462,1,0
2025-01-20 18:00:00,0.56549,0.56622,0.56516,0.56561,3036,1,0
2025-01-20 19:00:00,0.56561,0.5663,0.5634,0.56552,5192,1,0
2025-01-20 20:00:00,0.56552,0.56625,0.56517,0.56623,1491,1,0
2025-01-20 21:00:00,0.56622,0.56783,0.56599,0.56754,1481,1,0
2025-01-20 22:00:00,0.56754,0.56842,0.56726,0.56745,2286,1,0
2025-01-20 23:00:00,0.56744,0.56755,0.56703,0.56715,1693,0,0
2025-01-21 00:00:00,0.56714,0.56714,0.5667,0.56707,93,6,0
2025-01-21 01:00:00,0.56707,0.56833,0.56706,0.56809,2565,2,0
2025-01-21 02:00:00,0.56809,0.56889,0.56225,0.56326,7671,2,0
2025-01-21 03:00:00,0.56325,0.56572,0.56214,0.56391,10426,3,0
2025-01-21 04:00:00,0.56391,0.56562,0.56391,0.56531,4590,4,0
2025-01-21 05:00:00,0.56532,0.56676,0.56529,0.5655,3467,3,0
2025-01-21 06:00:00,0.5655,0.56609,0.56516,0.56543,1566,3,0
2025-01-21 07:00:00,0.56542,0.56565,0.56395,0.56403,1523,1,0
2025-01-21 08:00:00,0.56404,0.56451,0.5635,0.56366,2312,2,0
2025-01-21 09:00:00,0.56366,0.56466,0.56335,0.56397,2895,2,0
2025-01-21 10:00:00,0.56398,0.56404,0.56297,0.56374,3010,1,0
2025-01-21 11:00:00,0.56373,0.56392,0.5625,0.56315,3412,1,0
2025-01-21 12:00:00,0.56315,0.5633,0.56251,0.56253,2640,1,0
2025-01-21 13:00:00,0.56252,0.56262,0.56165,0.56227,2738,1,0
2025-01-21 14:00:00,0.56227,0.56293,0.56206,0.56266,3281,1,0
2025-01-21 15:00:00,0.56266,0.5641,0.5624,0.56386,3812,1,0
2025-01-21 16:00:00,0.56387,0.56513,0.56359,0.56443,5170,1,0
2025-01-21 17:00:00,0.5644,0.56604,0.56404,0.56561,6656,1,0
2025-01-21 18:00:00,0.5656,0.56662,0.5654,0.56656,4157,1,0
2025-01-21 19:00:00,0.56656,0.56704,0.56638,0.56647,2898,1,0
2025-01-21 20:00:00,0.56648,0.56737,0.5663,0.56693,2038,1,0
2025-01-21 21:00:00,0.56693,0.56709,0.5663,0.5666,1527,1,0
2025-01-21 22:00:00,0.56658,0.56712,0.56645,0.5671,1336,2,0
2025-01-21 23:00:00,0.56709,0.56802,0.56691,0.56789,1453,0,0
2025-01-22 00:00:00,0.56762,0.56776,0.56393,0.56722,3061,20,0
2025-01-22 01:00:00,0.56722,0.56756,0.56561,0.56603,3731,2,0
2025-01-22 02:00:00,0.56603,0.56686,0.56602,0.56657,3034,2,0
2025-01-22 03:00:00,0.56658,0.56658,0.56535,0.56545,2660,2,0
2025-01-22 04:00:00,0.56545,0.56564,0.565,0.56548,2066,2,0
2025-01-22 05:00:00,0.5655,0.56591,0.56543,0.56558,1337,2,0
2025-01-22 06:00:00,0.56558,0.56634,0.56548,0.56601,1148,2,0
2025-01-22 07:00:00,0.56601,0.56622,0.56545,0.5661,1470,2,0
2025-01-22 08:00:00,0.56609,0.56622,0.56489,0.56514,2019,2,0
2025-01-22 09:00:00,0.56514,0.56585,0.565,0.56549,2753,1,0
2025-01-22 10:00:00,0.5655,0.56695,0.56544,0.56695,3247,1,0
2025-01-22 11:00:00,0.56696,0.56801,0.56677,0.568,3232,1,0
2025-01-22 12:00:00,0.568,0.56867,0.56782,0.56813,2696,1,0
2025-01-22 13:00:00,0.56811,0.56877,0.56737,0.56755,2037,1,0
2025-01-22 14:00:00,0.56755,0.56772,0.56683,0.56762,2364,1,0
2025-01-22 15:00:00,0.56763,0.56825,0.56683,0.56741,3987,1,0
2025-01-22 16:00:00,0.56739,0.56768,0.56649,0.56685,4952,1,0
2025-01-22 17:00:00,0.56685,0.567,0.56623,0.56651,4554,1,0
2025-01-22 18:00:00,0.5665,0.56679,0.56593,0.5667,3013,1,0
2025-01-22 19:00:00,0.5667,0.56689,0.56646,0.56671,1864,2,0
2025-01-22 20:00:00,0.56671,0.56717,0.56646,0.5668,1864,2,0
2025-01-22 21:00:00,0.5668,0.5672,0.56674,0.56692,1224,1,0
2025-01-22 22:00:00,0.56692,0.56709,0.56641,0.56652,1162,1,0
2025-01-22 23:00:00,0.56652,0.56662,0.5662,0.56649,1122,0,0
2025-01-23 00:00:00,0.56638,0.5664,0.56558,0.5661,476,5,0
2025-01-23 01:00:00,0.5661,0.56637,0.56587,0.5662,704,3,0
2025-01-23 02:00:00,0.5662,0.56664,0.56614,0.56643,1565,2,0
2025-01-23 03:00:00,0.56643,0.56718,0.56636,0.56651,2446,2,0
2025-01-23 04:00:00,0.5665,0.56715,0.5662,0.56676,2110,2,0
2025-01-23 05:00:00,0.56676,0.5669,0.56625,0.56644,1373,2,0
2025-01-23 06:00:00,0.56644,0.56702,0.56643,0.56685,1009,2,0
2025-01-23 07:00:00,0.56686,0.56697,0.56646,0.56646,1414,2,0
2025-01-23 08:00:00,0.56645,0.56692,0.56619,0.5662,1241,2,0
2025-01-23 09:00:00,0.5662,0.56643,0.56576,0.56616,2364,1,0
2025-01-23 10:00:00,0.56616,0.56619,0.56494,0.56503,2881,1,0
2025-01-23 11:00:00,0.56504,0.56582,0.56502,0.56578,2657,1,0
2025-01-23 12:00:00,0.56579,0.56626,0.56571,0.56588,2082,1,0
2025-01-23 13:00:00,0.56588,0.56628,0.56555,0.56565,1665,1,0
2025-01-23 14:00:00,0.56565,0.56616,0.56515,0.56606,2569,1,0
2025-01-23 15:00:00,0.56606,0.56661,0.56563,0.56638,4158,1,0
2025-01-23 16:00:00,0.56638,0.56711,0.56633,0.56678,3973,1,0
2025-01-23 17:00:00,0.56678,0.56683,0.56566,0.56614,3930,1,0
2025-01-23 18:00:00,0.56614,0.56842,0.56465,0.56758,7971,1,0
2025-01-23 19:00:00,0.56758,0.56855,0.56726,0.56833,3897,1,0
2025-01-23 20:00:00,0.56834,0.56844,0.56748,0.56758,2555,1,0
2025-01-23 21:00:00,0.56758,0.56793,0.56736,0.56769,2192,1,0
2025-01-23 22:00:00,0.56769,0.56808,0.56738,0.56746,2221,1,0
2025-01-23 23:00:00,0.56746,0.56765,0.56717,0.56745,1151,1,0
2025-01-24 00:00:00,0.56748,0.56774,0.56676,0.5675,701,12,0
2025-01-24 01:00:00,0.5675,0.56763,0.56735,0.56748,972,1,0
2025-01-24 02:00:00,0.56748,0.56769,0.56715,0.56733,1954,1,0
2025-01-24 03:00:00,0.56733,0.56783,0.56711,0.56765,2256,1,0
2025-01-24 04:00:00,0.56765,0.5708,0.56763,0.57075,5186,1,0
2025-01-24 05:00:00,0.57074,0.57085,0.56953,0.57056,4065,1,0
2025-01-24 06:00:00,0.57056,0.57103,0.56997,0.57027,2744,1,0
2025-01-24 07:00:00,0.57027,0.57105,0.57017,0.57099,2237,1,0
2025-01-24 08:00:00,0.57101,0.5719,0.57081,0.57134,3509,1,0
2025-01-24 09:00:00,0.57134,0.57155,0.57048,0.5708,3175,1,0
2025-01-24 10:00:00,0.5708,0.57186,0.57053,0.57128,3805,1,0
2025-01-24 11:00:00,0.57128,0.57216,0.57101,0.5713,3155,1,0
2025-01-24 12:00:00,0.5713,0.57138,0.57065,0.57114,2282,1,0
2025-01-24 13:00:00,0.57114,0.57136,0.57076,0.57078,1841,1,0
2025-01-24 14:00:00,0.57078,0.571,0.57008,0.57038,2725,1,0
2025-01-24 15:00:00,0.57038,0.57066,0.5699,0.57009,3230,1,0
2025-01-24 16:00:00,0.57009,0.57149,0.56983,0.57066,4260,1,0
2025-01-24 17:00:00,0.57067,0.57225,0.5704,0.5719,5322,1,0
2025-01-24 18:00:00,0.5719,0.57205,0.57143,0.5718,3673,1,0
2025-01-24 19:00:00,0.57178,0.57234,0.57161,0.57163,2477,1,0
2025-01-24 20:00:00,0.57163,0.57174,0.57107,0.57113,2053,1,0
2025-01-24 21:00:00,0.57113,0.57132,0.57102,0.57129,1681,1,0
2025-01-24 22:00:00,0.57129,0.57147,0.57098,0.57118,1874,1,0
2025-01-24 23:00:00,0.57118,0.57136,0.57078,0.57097,2071,1,0
2025-01-27 00:00:00,0.56908,0.56988,0.56908,0.56965,568,47,0
2025-01-27 01:00:00,0.56965,0.57005,0.56907,0.56936,1972,1,0
2025-01-27 02:00:00,0.56936,0.56973,0.56903,0.56918,2465,1,0
2025-01-27 03:00:00,0.56918,0.5697,0.56788,0.56797,3390,1,0
2025-01-27 04:00:00,0.56797,0.56843,0.56779,0.5683,3375,1,0
2025-01-27 05:00:00,0.5683,0.56939,0.56821,0.56894,2700,1,0
2025-01-27 06:00:00,0.56894,0.56907,0.56827,0.56859,1886,1,0
2025-01-27 07:00:00,0.56859,0.56894,0.56827,0.56882,2284,1,0
2025-01-27 08:00:00,0.56882,0.56899,0.5681,0.56842,2540,1,0
2025-01-27 09:00:00,0.56842,0.56871,0.56768,0.56772,2616,1,0
2025-01-27 10:00:00,0.56772,0.56913,0.56765,0.56909,3320,1,0
2025-01-27 11:00:00,0.56909,0.56948,0.56867,0.56913,3505,1,0
2025-01-27 12:00:00,0.56913,0.57011,0.56911,0.56971,3739,1,0
2025-01-27 13:00:00,0.56971,0.57032,0.56953,0.56986,3378,1,0
2025-01-27 14:00:00,0.56986,0.5705,0.56971,0.57013,3249,1,0
2025-01-27 15:00:00,0.57013,0.57041,0.56905,0.56934,3905,1,0
2025-01-27 16:00:00,0.56934,0.56958,0.56858,0.5688,4074,1,0
2025-01-27 17:00:00,0.56878,0.5688,0.56771,0.56847,4033,1,0
2025-01-27 18:00:00,0.56846,0.56871,0.56809,0.56813,3406,1,0
2025-01-27 19:00:00,0.56813,0.56839,0.56776,0.56811,3234,1,0
2025-01-27 20:00:00,0.56811,0.5685,0.56787,0.56826,2583,1,0
2025-01-27 21:00:00,0.56826,0.56895,0.5681,0.56889,2371,1,0
2025-01-27 22:00:00,0.56889,0.56922,0.56871,0.5691,2120,1,0
2025-01-27 23:00:00,0.5691,0.56955,0.56904,0.56931,1151,1,0
2025-01-28 00:00:00,0.5692,0.5692,0.56859,0.5689,629,14,0
2025-01-28 01:00:00,0.5689,0.56914,0.56591,0.56643,5087,1,0
2025-01-28 02:00:00,0.56644,0.56714,0.56605,0.56659,3847,1,0
2025-01-28 03:00:00,0.56659,0.56728,0.5654,0.56583,3720,1,0
2025-01-28 04:00:00,0.56583,0.56672,0.56543,0.56649,4018,1,0
2025-01-28 05:00:00,0.56649,0.5667,0.56586,0.56588,2402,1,0
2025-01-28 06:00:00,0.56588,0.56592,0.56523,0.56584,2028,1,0
2025-01-28 07:00:00,0.56584,0.56617,0.56573,0.56597,1421,1,0
2025-01-28 08:00:00,0.56597,0.56651,0.5658,0.56589,1840,1,0
2025-01-28 09:00:00,0.56589,0.56648,0.56568,0.56594,2156,1,0
2025-01-28 10:00:00,0.56594,0.56619,0.56543,0.56601,2782,1,0
2025-01-28 11:00:00,0.56601,0.56656,0.56576,0.56607,2418,1,0
2025-01-28 12:00:00,0.56607,0.56641,0.56544,0.56551,1562,1,0
2025-01-28 13:00:00,0.56551,0.56585,0.5654,0.56543,1599,1,0
2025-01-28 14:00:00,0.56543,0.56555,0.565,0.56512,2576,1,0
2025-01-28 15:00:00,0.56512,0.56552,0.56479,0.56497,3050,1,0
2025-01-28 16:00:00,0.56496,0.56616,0.56496,0.56553,3710,1,0
2025-01-28 17:00:00,0.5656,0.56657,0.56553,0.56579,3894,1,0
2025-01-28 18:00:00,0.56579,0.56636,0.56572,0.56606,3252,1,0
2025-01-28 19:00:00,0.56606,0.56656,0.56597,0.56633,2407,1,0
2025-01-28 20:00:00,0.56633,0.56706,0.56618,0.56642,2556,1,0
2025-01-28 21:00:00,0.56642,0.56694,0.56604,0.56685,1924,1,0
2025-01-28 22:00:00,0.56685,0.56695,0.56661,0.56686,1828,1,0
2025-01-28 23:00:00,0.56686,0.56687,0.56654,0.56661,1080,1,0
2025-01-29 00:00:00,0.56662,0.56664,0.5658,0.56638,226,12,0
2025-01-29 01:00:00,0.56638,0.56669,0.56629,0.56635,940,1,0
2025-01-29 02:00:00,0.56635,0.56677,0.56541,0.56603,2424,1,0
2025-01-29 03:00:00,0.56603,0.56624,0.5655,0.56574,1826,1,0
2025-01-29 04:00:00,0.56574,0.56629,0.56566,0.56584,2026,1,0
2025-01-29 05:00:00,0.56584,0.56612,0.56551,0.5658,1672,1,0
2025-01-29 06:00:00,0.5658,0.56631,0.56577,0.56614,1771,1,0
2025-01-29 07:00:00,0.56614,0.56672,0.56606,0.56654,1583,1,0
2025-01-29 08:00:00,0.56654,0.56682,0.56644,0.56658,2206,1,0
2025-01-29 09:00:00,0.56658,0.56667,0.56558,0.56575,1964,1,0
2025-01-29 10:00:00,0.56575,0.56617,0.56558,0.56579,2145,1,0
2025-01-29 11:00:00,0.56579,0.56585,0.56453,0.56465,2061,1,0
2025-01-29 12:00:00,0.56465,0.56496,0.56429,0.56475,1882,1,0
2025-01-29 13:00:00,0.56475,0.56496,0.56438,0.56471,1574,1,0
2025-01-29 14:00:00,0.56471,0.56482,0.56403,0.5646,2565,1,0
2025-01-29 15:00:00,0.5646,0.56475,0.56341,0.56368,3399,1,0
2025-01-29 16:00:00,0.56367,0.5644,0.56365,0.56438,3595,1,0
2025-01-29 17:00:00,0.56438,0.56552,0.56412,0.56529,4244,1,0
2025-01-29 18:00:00,0.56529,0.5657,0.56492,0.56513,3904,1,0
2025-01-29 19:00:00,0.56513,0.56602,0.56507,0.56541,3794,1,0
2025-01-29 20:00:00,0.56541,0.56564,0.56513,0.5653,2505,1,0
2025-01-29 21:00:00,0.56523,0.56601,0.56352,0.56544,8830,1,0
2025-01-29 22:00:00,0.56543,0.5661,0.56473,0.56526,5057,1,0
2025-01-29 23:00:00,0.56526,0.56583,0.56506,0.56581,1727,1,0
2025-01-30 00:00:00,0.56576,0.56602,0.56467,0.56594,485,14,0
2025-01-30 01:00:00,0.56594,0.56663,0.5658,0.56653,1586,1,0
2025-01-30 02:00:00,0.56653,0.56677,0.56618,0.56631,1628,1,0
2025-01-30 03:00:00,0.56631,0.56631,0.56577,0.56605,1768,1,0
2025-01-30 04:00:00,0.56605,0.56642,0.56576,0.5659,1706,1,0
2025-01-30 05:00:00,0.5659,0.5661,0.56545,0.56549,1836,1,0
2025-01-30 06:00:00,0.56549,0.56557,0.56469,0.56485,1472,1,0
2025-01-30 07:00:00,0.56485,0.5649,0.5645,0.5646,1544,1,0
2025-01-30 08:00:00,0.5646,0.56469,0.5641,0.56435,1938,1,0
2025-01-30 09:00:00,0.56435,0.56447,0.56384,0.56443,1509,1,0
2025-01-30 10:00:00,0.56443,0.56509,0.56427,0.56509,2127,1,0
2025-01-30 11:00:00,0.5651,0.56531,0.56458,0.56499,2074,1,0
2025-01-30 12:00:00,0.565,0.56511,0.5645,0.56466,1634,1,0
2025-01-30 13:00:00,0.56466,0.56494,0.56446,0.56476,1507,1,0
2025-01-30 14:00:00,0.56476,0.56525,0.56434,0.56505,2349,1,0
2025-01-30 15:00:00,0.56505,0.56594,0.56438,0.56574,4631,1,0
2025-01-30 16:00:00,0.56572,0.56606,0.56503,0.56524,5495,1,0
2025-01-30 17:00:00,0.56524,0.5658,0.56514,0.56532,4366,1,0
2025-01-30 18:00:00,0.56532,0.56563,0.5651,0.56515,3207,1,0
2025-01-30 19:00:00,0.56515,0.56517,0.5646,0.56512,2689,1,0
2025-01-30 20:00:00,0.56514,0.56559,0.56499,0.56553,1683,1,0
2025-01-30 21:00:00,0.56553,0.56585,0.56539,0.56551,1672,1,0
2025-01-30 22:00:00,0.56551,0.5657,0.56225,0.56382,5279,1,0
2025-01-30 23:00:00,0.56382,0.56429,0.56309,0.56345,3363,1,0
2025-01-31 00:00:00,0.56335,0.56335,0.56199,0.56293,686,17,0
2025-01-31 01:00:00,0.56293,0.56361,0.56269,0.56346,1739,1,0
2025-01-31 02:00:00,0.56346,0.56367,0.56255,0.56271,2101,1,0
2025-01-31 03:00:00,0.56271,0.56359,0.56236,0.56352,2803,1,0
2025-01-31 04:00:00,0.56353,0.56459,0.56324,0.56434,2311,1,0
2025-01-31 05:00:00,0.56434,0.56445,0.56382,0.56402,1848,1,0
2025-01-31 06:00:00,0.56402,0.56447,0.56378,0.56437,1785,1,0
2025-01-31 07:00:00,0.56437,0.56481,0.56413,0.56452,2199,1,0
2025-01-31 08:00:00,0.56452,0.56526,0.56434,0.56505,2031,1,0
2025-01-31 09:00:00,0.56505,0.56599,0.56497,0.56593,2314,1,0
2025-01-31 10:00:00,0.56593,0.56621,0.56489,0.56499,2149,1,0
2025-01-31 11:00:00,0.56499,0.56548,0.56472,0.5652,2703,1,0
2025-01-31 12:00:00,0.56519,0.56526,0.56445,0.56448,1855,1,0
2025-01-31 13:00:00,0.56448,0.56456,0.56393,0.56407,1597,1,0
2025-01-31 14:00:00,0.56407,0.56467,0.56407,0.56454,2052,1,0
2025-01-31 15:00:00,0.56454,0.56517,0.5643,0.56467,4140,1,0
2025-01-31 16:00:00,0.56467,0.56474,0.56351,0.56417,4145,1,0
2025-01-31 17:00:00,0.56417,0.56587,0.56385,0.56535,5037,1,0
2025-01-31 18:00:00,0.56535,0.56664,0.56494,0.56647,3486,1,0
2025-01-31 19:00:00,0.56647,0.56842,0.56559,0.56757,6417,1,0
2025-01-31 20:00:00,0.56757,0.56771,0.56359,0.56421,7469,1,0
2025-01-31 21:00:00,0.5642,0.56435,0.56333,0.56396,5103,1,0
2025-01-31 22:00:00,0.56396,0.56468,0.56356,0.56408,4782,1,0
2025-01-31 23:00:00,0.56408,0.5649,0.56284,0.56308,4488,1,0
2025-02-03 00:00:00,0.55802,0.55897,0.55755,0.55774,557,26,0
2025-02-03 01:00:00,0.55774,0.55904,0.55671,0.55692,6473,1,0
2025-02-03 02:00:00,0.55692,0.55803,0.554,0.55463,8104,1,0
2025-02-03 03:00:00,0.55462,0.5559,0.55396,0.55405,5777,1,0
2025-02-03 04:00:00,0.55405,0.55405,0.55209,0.5527,5944,1,0
2025-02-03 05:00:00,0.5527,0.55274,0.55161,0.55255,4124,1,0
2025-02-03 06:00:00,0.55255,0.55476,0.55245,0.5539,5126,1,0
2025-02-03 07:00:00,0.5539,0.55467,0.55374,0.55412,3852,1,0
2025-02-03 08:00:00,0.55412,0.55556,0.55398,0.55541,4147,1,0
2025-02-03 09:00:00,0.55541,0.5559,0.55494,0.55518,4451,1,0
2025-02-03 10:00:00,0.55518,0.55672,0.55503,0.55594,4571,1,0
2025-02-03 11:00:00,0.55595,0.55679,0.55575,0.55598,2653,1,0
2025-02-03 12:00:00,0.55598,0.55666,0.55584,0.55612,2104,1,0
2025-02-03 13:00:00,0.55612,0.55637,0.55533,0.55628,2301,1,0
2025-02-03 14:00:00,0.55628,0.55745,0.55623,0.55687,2884,1,0
2025-02-03 15:00:00,0.55687,0.55856,0.55687,0.55735,5315,1,0
2025-02-03 16:00:00,0.55735,0.55782,0.55628,0.55657,5715,1,0
2025-02-03 17:00:00,0.55625,0.56087,0.55548,0.56034,12207,1,0
2025-02-03 18:00:00,0.56034,0.56058,0.55837,0.55867,8766,1,0
2025-02-03 19:00:00,0.55867,0.5603,0.55726,0.55909,6611,1,0
2025-02-03 20:00:00,0.5591,0.55943,0.55844,0.55887,5355,1,0
2025-02-03 21:00:00,0.55887,0.55972,0.55885,0.55913,2868,1,0
2025-02-03 22:00:00,0.55913,0.55984,0.55908,0.55943,2802,1,0
2025-02-03 23:00:00,0.55943,0.56405,0.55925,0.56278,4709,1,0
2025-02-04 00:00:00,0.5629,0.56315,0.56037,0.56283,1214,12,0
2025-02-04 01:00:00,0.56283,0.56408,0.56255,0.56272,2904,1,0
2025-02-04 02:00:00,0.56272,0.56316,0.56171,0.56188,2724,1,0
2025-02-04 03:00:00,0.56188,0.56199,0.56088,0.56175,3684,1,0
2025-02-04 04:00:00,0.56175,0.56198,0.56133,0.56162,2710,1,0
2025-02-04 05:00:00,0.56162,0.56176,0.56044,0.5605,2534,1,0
2025-02-04 06:00:00,0.5605,0.56056,0.55972,0.55977,1813,1,0
2025-02-04 07:00:00,0.55977,0.55977,0.55817,0.55903,5880,1,0
2025-02-04 08:00:00,0.55903,0.56025,0.55897,0.56018,3038,1,0
2025-02-04 09:00:00,0.56018,0.56106,0.55995,0.56067,2417,1,0
2025-02-04 10:00:00,0.56067,0.56094,0.56005,0.56051,3409,1,0
2025-02-04 11:00:00,0.56051,0.5611,0.56049,0.56072,2403,1,0
2025-02-04 12:00:00,0.56072,0.56131,0.56056,0.56124,1724,1,0
2025-02-04 13:00:00,0.56124,0.56134,0.56055,0.56055,1553,1,0
2025-02-04 14:00:00,0.56055,0.56087,0.56028,0.56083,2042,1,0
2025-02-04 15:00:00,0.56083,0.56155,0.56058,0.56154,2787,1,0
2025-02-04 16:00:00,0.56154,0.56309,0.56154,0.56293,3446,1,0
2025-02-04 17:00:00,0.56293,0.56487,0.56291,0.56419,5921,1,0
2025-02-04 18:00:00,0.56419,0.56513,0.56415,0.56478,3429,1,0
2025-02-04 19:00:00,0.56478,0.56492,0.56391,0.56459,3077,1,0
2025-02-04 20:00:00,0.56458,0.56528,0.56446,0.56511,1361,1,0
2025-02-04 21:00:00,0.56511,0.56546,0.56488,0.56531,1668,1,0
2025-02-04 22:00:00,0.56533,0.56544,0.56493,0.56516,1327,1,0
2025-02-04 23:00:00,0.56515,0.56535,0.56473,0.56517,1401,1,0
2025-02-05 00:00:00,0.56505,0.56505,0.56307,0.56494,286,13,0
2025-02-05 01:00:00,0.56494,0.56519,0.56464,0.5647,1228,1,0
2025-02-05 02:00:00,0.5647,0.56574,0.56469,0.56545,2442,1,0
2025-02-05 03:00:00,0.56546,0.56619,0.5647,0.56477,3476,1,0
2025-02-05 04:00:00,0.56478,0.56583,0.56456,0.56564,2916,1,0
2025-02-05 05:00:00,0.56564,0.5662,0.56538,0.56582,2020,1,0
2025-02-05 06:00:00,0.56582,0.56596,0.56537,0.56558,1768,1,0
2025-02-05 07:00:00,0.56558,0.5659,0.56533,0.56559,2132,1,0
2025-02-05 08:00:00,0.56559,0.56693,0.56541,0.56604,2381,1,0
2025-02-05 09:00:00,0.56604,0.56746,0.56575,0.5671,2693,1,0
2025-02-05 10:00:00,0.5671,0.56834,0.56694,0.56821,3107,1,0
2025-02-05 11:00:00,0.56821,0.5687,0.56815,0.5682,2342,1,0
2025-02-05 12:00:00,0.5682,0.56924,0.56814,0.56901,2092,1,0
2025-02-05 13:00:00,0.56901,0.56909,0.5684,0.56863,1826,1,0
2025-02-05 14:00:00,0.56863,0.56876,0.56832,0.56861,1609,1,0
2025-02-05 15:00:00,0.56861,0.56892,0.56779,0.56795,3714,1,0
2025-02-05 16:00:00,0.56795,0.56868,0.56763,0.56833,3540,1,0
2025-02-05 17:00:00,0.56844,0.57023,0.56842,0.56965,5777,1,0
2025-02-05 18:00:00,0.56966,0.56997,0.56912,0.56957,3164,1,0
2025-02-05 19:00:00,0.56958,0.56979,0.56885,0.56928,1909,1,0
2025-02-05 20:00:00,0.56928,0.56941,0.569,0.56907,1600,1,0
2025-02-05 21:00:00,0.56907,0.56912,0.56852,0.56861,1454,1,0
2025-02-05 22:00:00,0.56861,0.56892,0.56838,0.56881,1163,1,0
2025-02-05 23:00:00,0.56881,0.56889,0.5686,0.56867,682,1,0
2025-02-06 00:00:00,0.56871,0.56871,0.56592,0.56847,362,13,0
2025-02-06 01:00:00,0.56847,0.56903,0.56844,0.56877,1115,1,0
2025-02-06 02:00:00,0.56877,0.56912,0.5683,0.56853,1994,1,0
2025-02-06 03:00:00,0.56853,0.56899,0.56845,0.56874,2734,1,0
2025-02-06 04:00:00,0.56873,0.56878,0.56747,0.56759,2624,1,0
2025-02-06 05:00:00,0.56759,0.56768,0.56688,0.56717,2029,1,0
2025-02-06 06:00:00,0.56717,0.56737,0.56655,0.56663,1584,1,0
2025-02-06 07:00:00,0.56663,0.56693,0.56643,0.56649,1829,1,0
2025-02-06 08:00:00,0.56649,0.56673,0.56638,0.56653,1967,1,0
2025-02-06 09:00:00,0.56653,0.56663,0.5657,0.56585,1839,1,0
2025-02-06 10:00:00,0.56585,0.56608,0.56519,0.56561,2077,1,0
2025-02-06 11:00:00,0.56561,0.56587,0.56516,0.56565,1918,1,0
2025-02-06 12:00:00,0.56565,0.5662,0.56563,0.56594,1883,1,0
2025-02-06 13:00:00,0.56594,0.56638,0.56575,0.56598,1648,1,0
2025-02-06 14:00:00,0.56598,0.56629,0.56568,0.56595,3570,1,0
2025-02-06 15:00:00,0.56595,0.5662,0.56529,0.56572,3835,1,0
2025-02-06 16:00:00,0.56571,0.56644,0.56548,0.56555,3624,1,0
2025-02-06 17:00:00,0.56555,0.56714,0.56544,0.567,4113,1,0
2025-02-06 18:00:00,0.56699,0.56754,0.56672,0.56674,2907,1,0
2025-02-06 19:00:00,0.56675,0.56755,0.56661,0.5675,1642,1,0
2025-02-06 20:00:00,0.5675,0.56793,0.56711,0.5676,2177,1,0
2025-02-06 21:00:00,0.5676,0.56767,0.56707,0.56717,1269,1,0
2025-02-06 22:00:00,0.56718,0.56765,0.56712,0.56763,1012,1,0
2025-02-06 23:00:00,0.56761,0.56772,0.56742,0.56747,686,1,0
2025-02-07 00:00:00,0.56745,0.56745,0.56569,0.56726,235,13,0
2025-02-07 01:00:00,0.56726,0.56766,0.56716,0.56738,1022,1,0
2025-02-07 02:00:00,0.56738,0.56783,0.56728,0.56767,2384,1,0
2025-02-07 03:00:00,0.56767,0.56858,0.56759,0.56843,3099,1,0
2025-02-07 04:00:00,0.56843,0.569,0.56839,0.56875,2218,1,0
2025-02-07 05:00:00,0.56875,0.56877,0.56798,0.56815,1924,1,0
2025-02-07 06:00:00,0.56815,0.5682,0.56752,0.56774,1425,1,0
2025-02-07 07:00:00,0.56774,0.56785,0.56729,0.5675,1697,1,0
2025-02-07 08:00:00,0.5675,0.56753,0.5672,0.56746,1839,1,0
2025-02-07 09:00:00,0.56746,0.56816,0.56738,0.56788,1983,1,0
2025-02-07 10:00:00,0.56788,0.56898,0.56772,0.56887,1844,1,0
2025-02-07 11:00:00,0.56887,0.56894,0.56854,0.56862,1689,1,0
2025-02-07 12:00:00,0.56862,0.56866,0.56773,0.56779,1720,1,0
2025-02-07 13:00:00,0.56779,0.5678,0.56733,0.56751,1684,1,0
2025-02-07 14:00:00,0.56751,0.56755,0.56715,0.5674,1462,1,0
2025-02-07 15:00:00,0.5674,0.56944,0.5659,0.5667,5947,2,0
2025-02-07 16:00:00,0.5667,0.56829,0.56639,0.56756,4399,2,0
2025-02-07 17:00:00,0.56783,0.56791,0.56451,0.56601,6837,1,0
2025-02-07 18:00:00,0.56603,0.56636,0.56465,0.56495,7706,1,0
2025-02-07 19:00:00,0.56495,0.5663,0.56402,0.56525,6447,1,0
2025-02-07 20:00:00,0.56525,0.56622,0.5652,0.56545,2074,1,0
2025-02-07 21:00:00,0.56545,0.5661,0.56539,0.56587,1826,1,0
2025-02-07 22:00:00,0.56587,0.56612,0.56542,0.56582,1458,1,0
2025-02-07 23:00:00,0.56582,0.56599,0.56505,0.56524,1369,1,0
2025-02-10 00:00:00,0.55999,0.56443,0.55999,0.56408,903,32,0
2025-02-10 01:00:00,0.56408,0.56514,0.56408,0.5645,2262,1,0
2025-02-10 02:00:00,0.5645,0.56524,0.56449,0.565,2874,1,0
2025-02-10 03:00:00,0.565,0.56523,0.56385,0.56407,3467,1,0
2025-02-10 04:00:00,0.56407,0.56447,0.5639,0.56426,2453,1,0
2025-02-10 05:00:00,0.56426,0.56528,0.56421,0.56524,2057,1,0
2025-02-10 06:00:00,0.56524,0.56567,0.56522,0.56558,1712,1,0
2025-02-10 07:00:00,0.56558,0.56617,0.56549,0.56573,2082,1,0
2025-02-10 08:00:00,0.56573,0.5663,0.56559,0.56623,2296,1,0
2025-02-10 09:00:00,0.56623,0.56638,0.56536,0.56553,2746,1,0
2025-02-10 10:00:00,0.56553,0.56559,0.56488,0.56522,2940,1,0
2025-02-10 11:00:00,0.56522,0.56628,0.56518,0.56577,2603,1,0
2025-02-10 12:00:00,0.56577,0.56609,0.56552,0.56579,2120,1,0
2025-02-10 13:00:00,0.56579,0.56617,0.56523,0.5653,1924,1,0
2025-02-10 14:00:00,0.5653,0.56536,0.56475,0.56493,1844,1,0
2025-02-10 15:00:00,0.56493,0.56595,0.56488,0.56576,2322,1,0
2025-02-10 16:00:00,0.56576,0.56585,0.56513,0.56549,2849,1,0
2025-02-10 17:00:00,0.56549,0.56591,0.56547,0.56562,2856,1,0
2025-02-10 18:00:00,0.56562,0.56575,0.56458,0.565,2184,1,0
2025-02-10 19:00:00,0.565,0.56513,0.56428,0.56477,1675,1,0
2025-02-10 20:00:00,0.56477,0.56479,0.56415,0.56419,1269,1,0
2025-02-10 21:00:00,0.56419,0.56449,0.56405,0.56422,1063,1,0
2025-02-10 22:00:00,0.56422,0.56435,0.56408,0.56422,866,1,0
2025-02-10 23:00:00,0.56422,0.56435,0.56399,0.56405,432,1,0
2025-02-11 00:00:00,0.56402,0.56442,0.56301,0.564,585,11,0
2025-02-11 01:00:00,0.564,0.56423,0.56286,0.56337,1870,1,0
2025-02-11 02:00:00,0.56337,0.56367,0.56292,0.56361,1567,1,0
2025-02-11 03:00:00,0.56361,0.56395,0.56346,0.56375,2384,1,0
2025-02-11 04:00:00,0.56375,0.56392,0.56306,0.56312,2437,1,0
2025-02-11 05:00:00,0.56312,0.56391,0.56301,0.56389,1702,1,0
2025-02-11 06:00:00,0.56389,0.56438,0.56381,0.56432,1291,1,0
2025-02-11 07:00:00,0.56432,0.56464,0.56428,0.56453,1375,1,0
2025-02-11 08:00:00,0.56453,0.56506,0.56445,0.56474,1743,1,0
2025-02-11 09:00:00,0.56474,0.56516,0.56438,0.5648,2539,1,0
2025-02-11 10:00:00,0.5648,0.56546,0.56477,0.56505,2427,1,0
2025-02-11 11:00:00,0.56505,0.56523,0.56454,0.56463,2126,1,0
2025-02-11 12:00:00,0.56463,0.56497,0.56402,0.5641,1979,1,0
2025-02-11 13:00:00,0.56411,0.5644,0.56407,0.56433,1734,1,0
2025-02-11 14:00:00,0.56433,0.565,0.56413,0.56472,1722,1,0
2025-02-11 15:00:00,0.56472,0.56484,0.56421,0.5646,2185,1,0
2025-02-11 16:00:00,0.56462,0.56544,0.56458,0.56512,2304,1,0
2025-02-11 17:00:00,0.56512,0.5653,0.56463,0.56501,3158,1,0
2025-02-11 18:00:00,0.565,0.56587,0.565,0.5655,2498,1,0
2025-02-11 19:00:00,0.5655,0.5656,0.56519,0.56523,1403,1,0
2025-02-11 20:00:00,0.56522,0.5655,0.56478,0.56483,1259,1,0
2025-02-11 21:00:00,0.56483,0.56608,0.56465,0.56517,1827,1,0
2025-02-11 22:00:00,0.56518,0.56591,0.56518,0.56571,1427,1,0
2025-02-11 23:00:00,0.56571,0.56574,0.56521,0.56542,602,1,0
2025-02-12 00:00:00,0.56535,0.56535,0.56452,0.56527,321,11,0
2025-02-12 01:00:00,0.56527,0.56592,0.56525,0.56579,1082,1,0
2025-02-12 02:00:00,0.56579,0.56594,0.5653,0.56586,1986,1,0
2025-02-12 03:00:00,0.56586,0.56651,0.56537,0.56648,3273,1,0
2025-02-12 04:00:00,0.56648,0.56717,0.56645,0.56687,2108,1,0
2025-02-12 05:00:00,0.56686,0.56698,0.56594,0.5663,1947,1,0
2025-02-12 06:00:00,0.5663,0.56649,0.56529,0.56537,1584,1,0
2025-02-12 07:00:00,0.56537,0.56553,0.56515,0.56545,1786,1,0
2025-02-12 08:00:00,0.56545,0.56556,0.56487,0.56493,2028,1,0
2025-02-12 09:00:00,0.56493,0.5654,0.56482,0.56518,2333,1,0
2025-02-12 10:00:00,0.56518,0.56542,0.56423,0.56433,2554,1,0
2025-02-12 11:00:00,0.56433,0.56459,0.56392,0.56407,2578,1,0
2025-02-12 12:00:00,0.56407,0.56414,0.56346,0.56379,2054,1,0
2025-02-12 13:00:00,0.56379,0.56441,0.56372,0.5641,1879,1,0
2025-02-12 14:00:00,0.5641,0.56431,0.56386,0.56416,1556,1,0
2025-02-12 15:00:00,0.56417,0.56429,0.56037,0.56069,5912,1,0
2025-02-12 16:00:00,0.56068,0.56199,0.56004,0.56191,4963,2,0
2025-02-12 17:00:00,0.56191,0.56357,0.5614,0.56317,6169,1,0
2025-02-12 18:00:00,0.56316,0.56413,0.56206,0.56395,4034,1,0
2025-02-12 19:00:00,0.56395,0.5662,0.56393,0.56588,4768,1,0
2025-02-12 20:00:00,0.56589,0.56624,0.56437,0.56444,2873,1,0
2025-02-12 21:00:00,0.56444,0.56464,0.56421,0.56456,1333,1,0
2025-02-12 22:00:00,0.56456,0.56482,0.56439,0.56453,1405,1,0
2025-02-12 23:00:00,0.56453,0.56458,0.56393,0.56409,1286,1,0
2025-02-13 00:00:00,0.56417,0.56418,0.56297,0.56413,716,12,0
2025-02-13 01:00:00,0.56412,0.56421,0.56386,0.56408,891,1,0
2025-02-13 02:00:00,0.56408,0.56468,0.56385,0.56394,1901,1,0
2025-02-13 03:00:00,0.56394,0.56442,0.56357,0.56442,3478,1,0
2025-02-13 04:00:00,0.56442,0.56444,0.56387,0.56391,2442,1,0
2025-02-13 05:00:00,0.56391,0.56511,0.56379,0.56499,2623,1,0
2025-02-13 06:00:00,0.56499,0.5659,0.56498,0.56566,2583,1,0
2025-02-13 07:00:00,0.56566,0.56618,0.5656,0.56594,2474,1,0
2025-02-13 08:00:00,0.56594,0.56598,0.5653,0.56534,2664,1,0
2025-02-13 09:00:00,0.56534,0.56566,0.56469,0.56493,2963,1,0
2025-02-13 10:00:00,0.56493,0.56499,0.56359,0.56386,3114,1,0
2025-02-13 11:00:00,0.56386,0.56402,0.56335,0.56371,2523,1,0
2025-02-13 12:00:00,0.56371,0.56411,0.56356,0.5637,2245,1,0
2025-02-13 13:00:00,0.56371,0.56399,0.56296,0.56338,2791,1,0
2025-02-13 14:00:00,0.56338,0.5634,0.56269,0.56313,2459,1,0
2025-02-13 15:00:00,0.56313,0.56387,0.56239,0.56309,4531,1,0
2025-02-13 16:00:00,0.5631,0.56358,0.56228,0.56358,3898,2,0
2025-02-13 17:00:00,0.56358,0.56561,0.56356,0.56541,5571,1,0
2025-02-13 18:00:00,0.56541,0.56588,0.56484,0.56505,2999,1,0
2025-02-13 19:00:00,0.56504,0.56566,0.56488,0.56506,2001,1,0
2025-02-13 20:00:00,0.56508,0.56537,0.56331,0.56482,4964,1,0
2025-02-13 21:00:00,0.56482,0.5668,0.56479,0.56619,3015,1,0
2025-02-13 22:00:00,0.56619,0.56793,0.56605,0.56764,1785,2,0
2025-02-13 23:00:00,0.56764,0.56781,0.5673,0.56779,813,1,0
2025-02-14 00:00:00,0.56765,0.5678,0.5664,0.56778,270,26,0
2025-02-14 01:00:00,0.56778,0.56805,0.56758,0.56788,1420,1,0
2025-02-14 02:00:00,0.56788,0.56825,0.56755,0.56803,2504,1,0
2025-02-14 03:00:00,0.56803,0.5688,0.56801,0.56857,3245,1,0
2025-02-14 04:00:00,0.56857,0.56941,0.56812,0.56919,2450,1,0
2025-02-14 05:00:00,0.56918,0.56933,0.56876,0.56903,2122,1,0
2025-02-14 06:00:00,0.56903,0.56917,0.56843,0.56866,1456,1,0
2025-02-14 07:00:00,0.56866,0.56885,0.56825,0.56846,2296,1,0
2025-02-14 08:00:00,0.56846,0.56902,0.56835,0.56873,2661,1,0
2025-02-14 09:00:00,0.56873,0.56952,0.56857,0.56915,3026,1,0
2025-02-14 10:00:00,0.56914,0.57044,0.56912,0.56989,3417,1,0
2025-02-14 11:00:00,0.56989,0.57104,0.56981,0.5708,2656,1,0
2025-02-14 12:00:00,0.5708,0.57092,0.56997,0.57005,2172,1,0
2025-02-14 13:00:00,0.57005,0.57042,0.56988,0.57033,2069,1,0
2025-02-14 14:00:00,0.57033,0.5708,0.56988,0.57069,1837,1,0
2025-02-14 15:00:00,0.5707,0.57204,0.5706,0.57178,3960,1,0
2025-02-14 16:00:00,0.57178,0.57302,0.5717,0.57294,4160,1,0
2025-02-14 17:00:00,0.57294,0.57314,0.57215,0.57276,3947,1,0
2025-02-14 18:00:00,0.57277,0.57349,0.5727,0.57331,2587,1,0
2025-02-14 19:00:00,0.57331,0.57374,0.57289,0.57359,1596,1,0
2025-02-14 20:00:00,0.5736,0.57365,0.5731,0.57329,1036,1,0
2025-02-14 21:00:00,0.57329,0.57378,0.57322,0.57374,1323,1,0
2025-02-14 22:00:00,0.57373,0.5738,0.57331,0.57346,955,1,0
2025-02-14 23:00:00,0.57346,0.57379,0.57238,0.57271,1258,1,0
2025-02-17 00:00:00,0.57071,0.57238,0.57067,0.57209,598,26,0
2025-02-17 01:00:00,0.57209,0.57331,0.57209,0.57325,2006,1,0
2025-02-17 02:00:00,0.57325,0.57366,0.57288,0.57348,2318,1,0
2025-02-17 03:00:00,0.57348,0.57501,0.57327,0.57449,3117,1,0
2025-02-17 04:00:00,0.57449,0.57449,0.57355,0.57387,2837,1,0
2025-02-17 05:00:00,0.57387,0.57405,0.57333,0.57369,2545,1,0
2025-02-17 06:00:00,0.57368,0.57414,0.57323,0.57396,1823,1,0
2025-02-17 07:00:00,0.57396,0.57432,0.57334,0.57356,2781,1,0
2025-02-17 08:00:00,0.57356,0.57419,0.57344,0.57381,2540,1,0
2025-02-17 09:00:00,0.57381,0.57407,0.57316,0.57339,2716,1,0
2025-02-17 10:00:00,0.5734,0.57352,0.57276,0.57306,2757,1,0
2025-02-17 11:00:00,0.57306,0.57361,0.57301,0.57344,2192,1,0
2025-02-17 12:00:00,0.57344,0.57347,0.57308,0.57343,2121,1,0
2025-02-17 13:00:00,0.57343,0.57375,0.57315,0.57375,1807,1,0
2025-02-17 14:00:00,0.57375,0.57379,0.57324,0.57334,1751,1,0
2025-02-17 15:00:00,0.57334,0.57367,0.57325,0.57352,1922,1,0
2025-02-17 16:00:00,0.57352,0.57375,0.57334,0.57363,1881,1,0
2025-02-17 17:00:00,0.57363,0.57393,0.57345,0.57355,1759,1,0
2025-02-17 18:00:00,0.57355,0.57394,0.57335,0.57362,1505,1,0
2025-02-17 19:00:00,0.57362,0.57398,0.57361,0.57389,873,1,0
2025-02-17 20:00:00,0.57389,0.57401,0.57376,0.57381,867,1,0
2025-02-17 21:00:00,0.57381,0.57382,0.57347,0.57349,786,1,0
2025-02-17 22:00:00,0.57349,0.57394,0.57349,0.57386,523,1,0
2025-02-17 23:00:00,0.57386,0.5739,0.57355,0.57357,486,1,0
2025-02-18 00:00:00,0.57354,0.5736,0.57301,0.5732,298,12,0
2025-02-18 01:00:00,0.5732,0.57349,0.57275,0.57309,1088,1,0
2025-02-18 02:00:00,0.57309,0.57321,0.57221,0.57231,2066,1,0
2025-02-18 03:00:00,0.57231,0.57234,0.57091,0.57133,3262,1,0
2025-02-18 04:00:00,0.57133,0.57164,0.57116,0.57124,2561,1,0
2025-02-18 05:00:00,0.57124,0.57199,0.57066,0.57089,3472,1,0
2025-02-18 06:00:00,0.57089,0.57098,0.57032,0.57069,2799,1,0
2025-02-18 07:00:00,0.57069,0.57087,0.57029,0.57086,2815,1,0
2025-02-18 08:00:00,0.57086,0.57115,0.57036,0.57111,2682,1,0
2025-02-18 09:00:00,0.57111,0.57193,0.57079,0.57107,2624,1,0
2025-02-18 10:00:00,0.57107,0.57143,0.57062,0.57077,2846,1,0
2025-02-18 11:00:00,0.57077,0.57112,0.57067,0.57098,2406,1,0
2025-02-18 12:00:00,0.57098,0.57115,0.57047,0.57061,2319,1,0
2025-02-18 13:00:00,0.57061,0.57099,0.57047,0.5708,1865,1,0
2025-02-18 14:00:00,0.5708,0.57094,0.56998,0.57006,1885,1,0
2025-02-18 15:00:00,0.57006,0.57016,0.56939,0.56979,2857,1,0
2025-02-18 16:00:00,0.56979,0.5703,0.56954,0.57007,2731,1,0
2025-02-18 17:00:00,0.57007,0.57064,0.56998,0.5702,2801,1,0
2025-02-18 18:00:00,0.5702,0.57062,0.57015,0.57045,2179,1,0
2025-02-18 19:00:00,0.57045,0.57046,0.56961,0.56992,1568,1,0
2025-02-18 20:00:00,0.56991,0.57013,0.56965,0.56995,1382,1,0
2025-02-18 21:00:00,0.56995,0.57036,0.56977,0.57013,1186,1,0
2025-02-18 22:00:00,0.57013,0.57031,0.56998,0.57027,998,1,0
2025-02-18 23:00:00,0.57026,0.57057,0.57021,0.57037,1061,1,0
2025-02-19 00:00:00,0.56981,0.57056,0.56925,0.57028,798,26,0
2025-02-19 01:00:00,0.57028,0.57072,0.57026,0.57036,1064,1,0
2025-02-19 02:00:00,0.57036,0.57085,0.56977,0.56985,2237,1,0
2025-02-19 03:00:00,0.56985,0.5708,0.56777,0.56939,4660,1,0
2025-02-19 04:00:00,0.56937,0.57235,0.56834,0.57199,4511,1,0
2025-02-19 05:00:00,0.57199,0.57236,0.57139,0.57185,2392,1,0
2025-02-19 06:00:00,0.57185,0.57197,0.57143,0.57195,1769,1,0
2025-02-19 07:00:00,0.57195,0.57247,0.57182,0.57242,2442,1,0
2025-02-19 08:00:00,0.57242,0.57295,0.57229,0.57262,2185,1,0
2025-02-19 09:00:00,0.57262,0.57319,0.57231,0.57266,2280,1,0
2025-02-19 10:00:00,0.57266,0.57306,0.57218,0.57255,2254,1,0
2025-02-19 11:00:00,0.57255,0.57297,0.57225,0.57243,1998,1,0
2025-02-19 12:00:00,0.57243,0.57246,0.57154,0.57166,2047,1,0
2025-02-19 13:00:00,0.57166,0.57191,0.57093,0.57125,2317,1,0
2025-02-19 14:00:00,0.57125,0.57146,0.57093,0.57133,1742,1,0
2025-02-19 15:00:00,0.57134,0.57175,0.57108,0.57143,2162,1,0
2025-02-19 16:00:00,0.57143,0.57153,0.57082,0.57117,2650,1,0
2025-02-19 17:00:00,0.57118,0.57248,0.57096,0.571,3819,1,0
2025-02-19 18:00:00,0.571,0.57102,0.56986,0.56992,2507,1,0
2025-02-19 19:00:00,0.56992,0.57032,0.56963,0.56998,1644,1,0
2025-02-19 20:00:00,0.56998,0.57027,0.56957,0.57005,1218,1,0
2025-02-19 21:00:00,0.57006,0.5709,0.56986,0.57039,1798,1,0
2025-02-19 22:00:00,0.57039,0.57048,0.5702,0.57033,1074,1,0
2025-02-19 23:00:00,0.57033,0.57069,0.57013,0.57045,861,1,0
2025-02-20 00:00:00,0.57039,0.57063,0.56923,0.57022,490,18,0
2025-02-20 01:00:00,0.57022,0.57063,0.5699,0.57006,1199,1,0
2025-02-20 02:00:00,0.57006,0.57088,0.56996,0.57074,2906,1,0
2025-02-20 03:00:00,0.57074,0.57144,0.56933,0.56963,4073,1,0
2025-02-20 04:00:00,0.56963,0.57101,0.56936,0.57095,4639,1,0
2025-02-20 05:00:00,0.57095,0.57164,0.57041,0.57142,3113,1,0
2025-02-20 06:00:00,0.57142,0.57186,0.57128,0.5718,2050,1,0
2025-02-20 07:00:00,0.5718,0.57217,0.57176,0.57201,2025,1,0
2025-02-20 08:00:00,0.57201,0.57271,0.57186,0.57197,2968,1,0
2025-02-20 09:00:00,0.57197,0.57234,0.57184,0.57204,2512,1,0
2025-02-20 10:00:00,0.57204,0.57306,0.572,0.57293,2697,1,0
2025-02-20 11:00:00,0.57293,0.5731,0.57252,0.57288,2368,1,0
2025-02-20 12:00:00,0.57288,0.57318,0.57264,0.57301,2573,1,0
2025-02-20 13:00:00,0.57301,0.57325,0.57209,0.57231,2235,1,0
2025-02-20 14:00:00,0.57231,0.57295,0.57228,0.57247,3300,1,0
2025-02-20 15:00:00,0.57245,0.57394,0.5724,0.57326,3992,1,0
2025-02-20 16:00:00,0.57326,0.57513,0.57296,0.57443,4125,1,0
2025-02-20 17:00:00,0.57443,0.57563,0.57396,0.57553,4597,1,0
2025-02-20 18:00:00,0.57553,0.57587,0.57522,0.57543,2953,1,0
2025-02-20 19:00:00,0.57543,0.57673,0.57533,0.57618,2182,1,0
2025-02-20 20:00:00,0.57617,0.57663,0.57599,0.57656,1792,1,0
2025-02-20 21:00:00,0.57656,0.57664,0.57591,0.57631,1729,1,0
2025-02-20 22:00:00,0.57631,0.57649,0.57607,0.57644,953,1,0
2025-02-20 23:00:00,0.57644,0.57656,0.57615,0.57619,848,1,0
2025-02-21 00:00:00,0.57624,0.57624,0.57558,0.57593,541,17,0
2025-02-21 01:00:00,0.57593,0.57728,0.57593,0.57645,1742,1,0
2025-02-21 02:00:00,0.57645,0.57666,0.57585,0.57648,2517,1,0
2025-02-21 03:00:00,0.57648,0.57665,0.57572,0.57586,3244,1,0
2025-02-21 04:00:00,0.57586,0.57719,0.57586,0.57696,4271,1,0
2025-02-21 05:00:00,0.57696,0.57702,0.57655,0.57684,2750,1,0
2025-02-21 06:00:00,0.57684,0.57689,0.57631,0.57649,1814,1,0
2025-02-21 07:00:00,0.57649,0.57666,0.57588,0.57598,3489,1,0
2025-02-21 08:00:00,0.57598,0.57624,0.57554,0.57556,2674,1,0
2025-02-21 09:00:00,0.57556,0.57632,0.57556,0.57619,2687,1,0
2025-02-21 10:00:00,0.57619,0.57645,0.57569,0.57582,3789,1,0
2025-02-21 11:00:00,0.57582,0.57601,0.57535,0.57567,2263,1,0
2025-02-21 12:00:00,0.57567,0.57598,0.57552,0.57578,2228,1,0
2025-02-21 13:00:00,0.57578,0.57605,0.57564,0.57572,1979,1,0
2025-02-21 14:00:00,0.57572,0.57587,0.57533,0.57539,2136,1,0
2025-02-21 15:00:00,0.57539,0.57571,0.57518,0.57559,2459,1,0
2025-02-21 16:00:00,0.57559,0.57665,0.57532,0.57613,3993,1,0
2025-02-21 17:00:00,0.57613,0.57636,0.57462,0.57498,4864,1,0
2025-02-21 18:00:00,0.57498,0.57526,0.57472,0.57502,2628,1,0
2025-02-21 19:00:00,0.57501,0.57525,0.57467,0.57479,2068,1,0
2025-02-21 20:00:00,0.57479,0.57483,0.57383,0.574,2376,1,0
2025-02-21 21:00:00,0.574,0.57425,0.5735,0.57368,1868,1,0
2025-02-21 22:00:00,0.57366,0.57422,0.57361,0.57421,1571,1,0
2025-02-21 23:00:00,0.57421,0.57429,0.57387,0.57401,1685,1,0
2025-02-24 00:00:00,0.57355,0.5752,0.57329,0.57464,1284,27,0
2025-02-24 01:00:00,0.57464,0.57563,0.57451,0.57491,2400,1,0
2025-02-24 02:00:00,0.57491,0.57564,0.57477,0.57529,3552,1,0
2025-02-24 03:00:00,0.57528,0.57544,0.57419,0.57513,5153,1,0
2025-02-24 04:00:00,0.57512,0.57689,0.57504,0.57654,5051,1,0
2025-02-24 05:00:00,0.57654,0.57701,0.57605,0.57621,3155,1,0
2025-02-24 06:00:00,0.57621,0.57629,0.57576,0.57598,2131,1,0
2025-02-24 07:00:00,0.57598,0.57601,0.57558,0.57565,2730,1,0
2025-02-24 08:00:00,0.57565,0.57601,0.57541,0.57596,2766,1,0
2025-02-24 09:00:00,0.57596,0.57611,0.57468,0.57508,3060,1,0
2025-02-24 10:00:00,0.57509,0.57519,0.57438,0.5749,4226,1,0
2025-02-24 11:00:00,0.5749,0.57526,0.57437,0.57455,3273,1,0
2025-02-24 12:00:00,0.57455,0.57466,0.57387,0.57456,2519,1,0
2025-02-24 13:00:00,0.57456,0.57471,0.57418,0.57445,2762,1,0
2025-02-24 14:00:00,0.57445,0.57475,0.57418,0.57462,2464,1,0
2025-02-24 15:00:00,0.57462,0.57508,0.57458,0.57474,2966,1,0
2025-02-24 16:00:00,0.57474,0.57496,0.57316,0.57346,4093,1,0
2025-02-24 17:00:00,0.57346,0.5742,0.57336,0.57412,5079,1,0
2025-02-24 18:00:00,0.57411,0.57462,0.57394,0.57437,3172,1,0
2025-02-24 19:00:00,0.57437,0.57467,0.57386,0.57426,2085,1,0
2025-02-24 20:00:00,0.57426,0.57492,0.5742,0.57456,1733,1,0
2025-02-24 21:00:00,0.57455,0.57475,0.5741,0.57419,1612,1,0
2025-02-24 22:00:00,0.57419,0.57431,0.57309,0.5732,2462,1,0
2025-02-24 23:00:00,0.5732,0.57331,0.57293,0.57327,1038,1,0
2025-02-25 00:00:00,0.57324,0.57324,0.57271,0.57295,258,13,0
2025-02-25 01:00:00,0.57295,0.57311,0.57248,0.57258,1468,1,0
2025-02-25 02:00:00,0.57258,0.57304,0.57218,0.57244,3156,1,0
2025-02-25 03:00:00,0.57244,0.57278,0.57221,0.57272,3256,1,0
2025-02-25 04:00:00,0.57272,0.5734,0.57244,0.57328,3580,1,0
2025-02-25 05:00:00,0.57328,0.57351,0.57322,0.57325,2530,1,0
2025-02-25 06:00:00,0.57325,0.57375,0.57324,0.57336,1851,1,0
2025-02-25 07:00:00,0.57335,0.57386,0.57333,0.57377,2201,1,0
2025-02-25 08:00:00,0.57377,0.57385,0.57311,0.57336,2461,1,0
2025-02-25 09:00:00,0.57336,0.57339,0.57242,0.5725,3121,1,0
2025-02-25 10:00:00,0.5725,0.57284,0.57197,0.57242,4085,1,0
2025-02-25 11:00:00,0.57242,0.57271,0.57138,0.57146,3035,1,0
2025-02-25 12:00:00,0.57146,0.57149,0.5708,0.57086,2542,1,0
2025-02-25 13:00:00,0.57086,0.57217,0.57081,0.57216,2160,1,0
2025-02-25 14:00:00,0.57216,0.57257,0.5718,0.57218,3106,1,0
2025-02-25 15:00:00,0.57218,0.57305,0.57207,0.57263,3629,1,0
2025-02-25 16:00:00,0.57263,0.57279,0.57209,0.57217,3899,1,0
2025-02-25 17:00:00,0.57216,0.57233,0.57144,0.57151,6476,1,0
2025-02-25 18:00:00,0.57151,0.57181,0.57119,0.57147,4432,1,0
2025-02-25 19:00:00,0.57147,0.57159,0.57062,0.57159,2286,1,0
2025-02-25 20:00:00,0.57159,0.57226,0.57156,0.57187,2028,1,0
2025-02-25 21:00:00,0.57187,0.5722,0.57177,0.57202,1853,1,0
2025-02-25 22:00:00,0.57202,0.57247,0.57192,0.57222,1743,1,0
2025-02-25 23:00:00,0.57222,0.57263,0.57218,0.57248,916,1,0
2025-02-26 00:00:00,0.57212,0.5725,0.57155,0.57242,539,26,0
2025-02-26 01:00:00,0.57244,0.57324,0.57241,0.57301,1433,1,0
2025-02-26 02:00:00,0.57301,0.57328,0.57246,0.57252,3047,1,0
2025-02-26 03:00:00,0.57252,0.5726,0.57146,0.57175,3698,1,0
2025-02-26 04:00:00,0.57175,0.57217,0.57101,0.57143,3175,1,0
2025-02-26 05:00:00,0.57144,0.57171,0.57105,0.57114,2854,1,0
2025-02-26 06:00:00,0.57114,0.57159,0.57099,0.57109,2766,1,0
2025-02-26 07:00:00,0.57109,0.5712,0.5706,0.57072,2815,1,0
2025-02-26 08:00:00,0.57072,0.57114,0.57052,0.57106,2381,1,0
2025-02-26 09:00:00,0.57106,0.57189,0.57084,0.57085,3031,1,0
2025-02-26 10:00:00,0.57086,0.57137,0.57075,0.57119,3008,1,0
2025-02-26 11:00:00,0.57119,0.57127,0.57048,0.57056,2286,1,0
2025-02-26 12:00:00,0.57056,0.57072,0.57,0.57005,2408,1,0
2025-02-26 13:00:00,0.57005,0.57005,0.56941,0.56964,2525,1,0
2025-02-26 14:00:00,0.56964,0.56977,0.56883,0.56893,2197,1,0
2025-02-26 15:00:00,0.56893,0.56991,0.56883,0.5692,3066,1,0
2025-02-26 16:00:00,0.5692,0.56966,0.56893,0.56951,3888,1,0
2025-02-26 17:00:00,0.56952,0.57055,0.56908,0.57039,4606,1,0
2025-02-26 18:00:00,0.57038,0.57101,0.57036,0.5709,3695,1,0
2025-02-26 19:00:00,0.5709,0.57212,0.57026,0.57036,5224,1,0
2025-02-26 20:00:00,0.57037,0.57105,0.5698,0.56996,2839,1,0
2025-02-26 21:00:00,0.56996,0.57028,0.56942,0.56995,2556,1,0
2025-02-26 22:00:00,0.56995,0.56996,0.56925,0.56945,1980,1,0
2025-02-26 23:00:00,0.56945,0.56955,0.56889,0.56951,1654,1,0
2025-02-27 00:00:00,0.56934,0.56969,0.56873,0.56932,469,33,0
2025-02-27 01:00:00,0.56932,0.57014,0.56928,0.56981,1371,1,0
2025-02-27 02:00:00,0.56981,0.56982,0.5693,0.5694,3690,1,0
2025-02-27 03:00:00,0.5694,0.56984,0.56907,0.56946,3869,1,0
2025-02-27 04:00:00,0.56946,0.56961,0.56877,0.56885,4785,1,0
2025-02-27 05:00:00,0.56885,0.56927,0.56829,0.56847,3538,1,0
2025-02-27 06:00:00,0.56847,0.56851,0.56747,0.56763,2383,1,0
2025-02-27 07:00:00,0.56762,0.56795,0.56729,0.56784,2106,1,0
2025-02-27 08:00:00,0.56785,0.56835,0.56783,0.56829,3289,1,0
2025-02-27 09:00:00,0.56829,0.56898,0.56798,0.5684,2105,1,0
2025-02-27 10:00:00,0.5684,0.56876,0.56797,0.56838,2500,1,0
2025-02-27 11:00:00,0.56838,0.56866,0.56808,0.56863,2920,1,0
2025-02-27 12:00:00,0.56863,0.56867,0.56795,0.56827,2098,1,0
2025-02-27 13:00:00,0.56827,0.56878,0.56807,0.56816,2199,1,0
2025-02-27 14:00:00,0.56817,0.56875,0.56797,0.56828,2565,1,0
2025-02-27 15:00:00,0.56828,0.56861,0.56589,0.56597,6617,1,0
2025-02-27 16:00:00,0.56596,0.56648,0.56451,0.56492,6734,1,0
2025-02-27 17:00:00,0.56492,0.5651,0.5642,0.56461,6175,1,0
2025-02-27 18:00:00,0.56461,0.56491,0.5638,0.56449,3558,1,0
2025-02-27 19:00:00,0.56449,0.56471,0.56378,0.56388,2478,1,0
2025-02-27 20:00:00,0.56388,0.56471,0.56388,0.56465,1809,1,0
2025-02-27 21:00:00,0.56465,0.56471,0.56359,0.5637,1755,1,0
2025-02-27 22:00:00,0.5637,0.56383,0.56315,0.56338,1732,1,0
2025-02-27 23:00:00,0.56337,0.5634,0.56292,0.56311,903,1,0
2025-02-28 00:00:00,0.56311,0.56311,0.5621,0.56253,1064,12,0
2025-02-28 01:00:00,0.56255,0.56335,0.56247,0.56259,1435,1,0
2025-02-28 02:00:00,0.56259,0.56286,0.56216,0.56241,3051,1,0
2025-02-28 03:00:00,0.56241,0.56276,0.56129,0.56131,4686,1,0
2025-02-28 04:00:00,0.56131,0.56164,0.56056,0.56062,4099,1,0
2025-02-28 05:00:00,0.56062,0.56068,0.56011,0.56023,3013,1,0
2025-02-28 06:00:00,0.56023,0.56053,0.55988,0.56002,2091,1,0
2025-02-28 07:00:00,0.56002,0.56037,0.55982,0.56007,2390,1,0
2025-02-28 08:00:00,0.56007,0.56024,0.55967,0.55998,3145,1,0
2025-02-28 09:00:00,0.55998,0.56033,0.5597,0.5601,2706,1,0
2025-02-28 10:00:00,0.5601,0.56046,0.55989,0.56024,2985,1,0
2025-02-28 11:00:00,0.56024,0.56084,0.56,0.56009,1801,1,0
2025-02-28 12:00:00,0.56009,0.56023,0.55969,0.55989,2254,1,0
2025-02-28 13:00:00,0.55989,0.56031,0.55978,0.56027,1638,1,0
2025-02-28 14:00:00,0.56027,0.5606,0.56001,0.56025,2288,1,0
2025-02-28 15:00:00,0.56025,0.56071,0.56007,0.56022,3429,1,0
2025-02-28 16:00:00,0.56022,0.56039,0.5597,0.56001,3856,1,0
2025-02-28 17:00:00,0.56001,0.56102,0.55993,0.56038,4857,1,0
2025-02-28 18:00:00,0.56038,0.56049,0.55958,0.55997,4621,1,0
2025-02-28 19:00:00,0.55997,0.5605,0.55965,0.55977,3089,1,0
2025-02-28 20:00:00,0.55977,0.5599,0.55869,0.55877,3769,1,0
2025-02-28 21:00:00,0.55877,0.5592,0.55852,0.55884,2378,1,0
2025-02-28 22:00:00,0.55885,0.55961,0.55875,0.55956,2106,1,0
2025-02-28 23:00:00,0.55958,0.55969,0.55936,0.55958,972,1,0
2025-03-03 00:00:00,0.55674,0.56014,0.55674,0.55994,283,26,0
2025-03-03 01:00:00,0.55994,0.56084,0.5599,0.56039,2285,1,0
2025-03-03 02:00:00,0.56039,0.56088,0.5598,0.56053,4145,1,0
2025-03-03 03:00:00,0.56053,0.56136,0.56043,0.56106,4033,1,0
2025-03-03 04:00:00,0.56106,0.5612,0.56066,0.56088,2659,1,0
2025-03-03 05:00:00,0.56087,0.56088,0.5599,0.56018,2948,1,0
2025-03-03 06:00:00,0.56018,0.56055,0.56014,0.56026,2228,1,0
2025-03-03 07:00:00,0.56026,0.56036,0.55995,0.56024,1802,1,0
2025-03-03 08:00:00,0.56024,0.5603,0.55932,0.5598,2465,1,0
2025-03-03 09:00:00,0.5598,0.56045,0.55963,0.56011,2324,1,0
2025-03-03 10:00:00,0.56011,0.56038,0.55973,0.56033,2431,1,0
2025-03-03 11:00:00,0.56033,0.56096,0.56031,0.56081,2399,1,0
2025-03-03 12:00:00,0.56081,0.56108,0.56025,0.56048,3087,1,0
2025-03-03 13:00:00,0.56048,0.56082,0.56027,0.56047,2032,1,0
2025-03-03 14:00:00,0.56047,0.56111,0.56045,0.56085,3456,1,0
2025-03-03 15:00:00,0.56085,0.56142,0.56046,0.56137,3269,1,0
2025-03-03 16:00:00,0.56137,0.56276,0.56132,0.56247,3648,1,0
2025-03-03 17:00:00,0.56244,0.56353,0.56195,0.5626,6132,1,0
2025-03-03 18:00:00,0.5626,0.5635,0.56243,0.56337,4105,1,0
2025-03-03 19:00:00,0.56337,0.56364,0.56309,0.56351,2378,1,0
2025-03-03 20:00:00,0.56351,0.56402,0.56249,0.56264,2937,1,0
2025-03-03 21:00:00,0.56264,0.56292,0.56142,0.56166,3472,1,0
2025-03-03 22:00:00,0.56166,0.56213,0.56024,0.56152,4898,1,0
2025-03-03 23:00:00,0.56152,0.56196,0.56148,0.56164,1661,1,0
2025-03-04 00:00:00,0.56161,0.56161,0.55995,0.56137,648,15,0
2025-03-04 01:00:00,0.56138,0.56192,0.56087,0.56122,1925,1,0
2025-03-04 02:00:00,0.56122,0.56134,0.56042,0.56108,3642,1,0
2025-03-04 03:00:00,0.56108,0.5621,0.56082,0.56116,4592,1,0
2025-03-04 04:00:00,0.56115,0.56134,0.56024,0.56025,3137,1,0
2025-03-04 05:00:00,0.56025,0.5609,0.56008,0.56028,3237,1,0
2025-03-04 06:00:00,0.56028,0.56062,0.55973,0.56021,2975,1,0
2025-03-04 07:00:00,0.5602,0.56072,0.55952,0.5607,4729,1,0
2025-03-04 08:00:00,0.5607,0.56097,0.56047,0.56086,3152,1,0
2025-03-04 09:00:00,0.56086,0.56148,0.56077,0.56107,3040,1,0
2025-03-04 10:00:00,0.56107,0.562,0.56069,0.56189,4174,1,0
2025-03-04 11:00:00,0.56189,0.56322,0.56181,0.56249,2659,1,0
2025-03-04 12:00:00,0.56249,0.56278,0.5621,0.56264,3060,1,0
2025-03-04 13:00:00,0.56264,0.56371,0.56245,0.56358,2913,1,0
2025-03-04 14:00:00,0.56358,0.56435,0.5633,0.56386,4222,1,0
2025-03-04 15:00:00,0.56386,0.56408,0.56247,0.56306,4833,1,0
2025-03-04 16:00:00,0.56306,0.56341,0.56144,0.56147,5914,1,0
2025-03-04 17:00:00,0.56147,0.56206,0.56089,0.56185,6545,1,0
2025-03-04 18:00:00,0.56185,0.56211,0.56113,0.56189,6065,1,0
2025-03-04 19:00:00,0.5619,0.56245,0.56166,0.56208,4572,1,0
2025-03-04 20:00:00,0.56208,0.56316,0.56194,0.56312,4809,1,0
2025-03-04 21:00:00,0.56312,0.56444,0.56311,0.56439,3636,1,0
2025-03-04 22:00:00,0.56439,0.56572,0.56439,0.56486,4134,1,0
2025-03-04 23:00:00,0.56486,0.56653,0.5648,0.56642,4060,1,0
2025-03-05 00:00:00,0.5665,0.5665,0.56318,0.56584,340,15,0
2025-03-05 01:00:00,0.56584,0.56692,0.56584,0.56603,2049,1,0
2025-03-05 02:00:00,0.56603,0.56619,0.56447,0.56527,3616,1,0
2025-03-05 03:00:00,0.56527,0.56637,0.56509,0.56525,5152,1,0
2025-03-05 04:00:00,0.56526,0.56541,0.56401,0.56406,3862,1,0
2025-03-05 05:00:00,0.56405,0.56485,0.56373,0.56484,3377,1,0
2025-03-05 06:00:00,0.56484,0.56536,0.56462,0.56465,2824,1,0
2025-03-05 07:00:00,0.56465,0.56517,0.56446,0.56504,2952,1,0
2025-03-05 08:00:00,0.56504,0.5661,0.56495,0.56575,2881,1,0
2025-03-05 09:00:00,0.56575,0.56713,0.56575,0.56671,4103,1,0
2025-03-05 10:00:00,0.56671,0.56788,0.56648,0.56787,3504,1,0
2025-03-05 11:00:00,0.56787,0.56845,0.56784,0.56795,2980,1,0
2025-03-05 12:00:00,0.56795,0.56814,0.56742,0.56813,2354,1,0
2025-03-05 13:00:00,0.56813,0.56828,0.56771,0.56805,2007,1,0
2025-03-05 14:00:00,0.56805,0.56893,0.56782,0.5679,3373,1,0
2025-03-05 15:00:00,0.56791,0.56954,0.56716,0.56942,6163,1,0
2025-03-05 16:00:00,0.56942,0.57154,0.56911,0.57124,6618,1,0
2025-03-05 17:00:00,0.57117,0.57155,0.56992,0.57013,8692,1,0
2025-03-05 18:00:00,0.57013,0.57149,0.56989,0.57042,6430,1,0
2025-03-05 19:00:00,0.57042,0.57148,0.57016,0.57125,5845,1,0
2025-03-05 20:00:00,0.57125,0.57176,0.57052,0.57124,5102,1,0
2025-03-05 21:00:00,0.57124,0.57299,0.5712,0.57278,2908,1,0
2025-03-05 22:00:00,0.57278,0.57317,0.57258,0.573,2259,1,0
2025-03-05 23:00:00,0.573,0.57308,0.57259,0.57263,1450,1,0
2025-03-06 00:00:00,0.57259,0.57259,0.57229,0.5724,472,16,0
2025-03-06 01:00:00,0.5724,0.57324,0.57239,0.57277,1644,1,0
2025-03-06 02:00:00,0.57277,0.57293,0.57199,0.57202,3101,1,0
2025-03-06 03:00:00,0.57202,0.57429,0.57201,0.57407,3950,1,0
2025-03-06 04:00:00,0.57407,0.57458,0.57307,0.57353,3961,1,0
2025-03-06 05:00:00,0.57353,0.57354,0.57289,0.57298,2576,1,0
2025-03-06 06:00:00,0.57298,0.57392,0.57291,0.57382,2059,1,0
2025-03-06 07:00:00,0.57383,0.57391,0.57311,0.57347,3127,1,0
2025-03-06 08:00:00,0.57347,0.57413,0.57326,0.57354,3648,1,0
2025-03-06 09:00:00,0.57354,0.57425,0.573,0.57306,4214,1,0
2025-03-06 10:00:00,0.57306,0.57444,0.5727,0.5737,4959,1,0
2025-03-06 11:00:00,0.5737,0.57391,0.57266,0.57342,4619,1,0
2025-03-06 12:00:00,0.57342,0.57373,0.57316,0.57338,3490,1,0
2025-03-06 13:00:00,0.57338,0.57383,0.57295,0.57366,3098,1,0
2025-03-06 14:00:00,0.57366,0.57398,0.57327,0.57364,3417,1,0
2025-03-06 15:00:00,0.57364,0.57464,0.57316,0.57372,5890,1,0
2025-03-06 16:00:00,0.57371,0.57439,0.57342,0.57414,7325,1,0
2025-03-06 17:00:00,0.57414,0.57529,0.57407,0.57468,7344,1,0
2025-03-06 18:00:00,0.57468,0.57595,0.57463,0.57483,6194,1,0
2025-03-06 19:00:00,0.57483,0.57507,0.57392,0.57427,5348,1,0
2025-03-06 20:00:00,0.57428,0.57464,0.57357,0.57386,3866,1,0
2025-03-06 21:00:00,0.57386,0.57448,0.5736,0.57399,3406,1,0
2025-03-06 22:00:00,0.57399,0.57427,0.57334,0.57338,3681,1,0
2025-03-06 23:00:00,0.5734,0.57357,0.57312,0.57347,1753,1,0
2025-03-07 00:00:00,0.57306,0.57334,0.5727,0.57322,338,38,0
2025-03-07 01:00:00,0.57322,0.57407,0.5732,0.57358,1798,1,0
2025-03-07 02:00:00,0.57357,0.57411,0.57332,0.57343,3449,1,0
2025-03-07 03:00:00,0.57343,0.57388,0.57268,0.57306,4334,1,0
2025-03-07 04:00:00,0.57306,0.57314,0.57213,0.57213,3306,1,0
2025-03-07 05:00:00,0.57213,0.5726,0.57158,0.57168,2900,1,0
2025-03-07 06:00:00,0.57168,0.57188,0.57138,0.57165,2270,1,0
2025-03-07 07:00:00,0.57165,0.57167,0.57112,0.57129,2644,1,0
2025-03-07 08:00:00,0.57129,0.57157,0.57059,0.57149,3179,1,0
2025-03-07 09:00:00,0.57149,0.57251,0.57133,0.57207,2854,1,0
2025-03-07 10:00:00,0.57206,0.57313,0.57183,0.57278,3351,1,0
2025-03-07 11:00:00,0.57278,0.57316,0.57267,0.57272,2696,1,0
2025-03-07 12:00:00,0.57272,0.57276,0.57221,0.57235,3336,1,0
2025-03-07 13:00:00,0.57235,0.57238,0.57109,0.57122,2259,1,0
2025-03-07 14:00:00,0.57122,0.57171,0.57077,0.57107,3524,1,0
2025-03-07 15:00:00,0.57107,0.57269,0.56984,0.57063,7539,1,0
2025-03-07 16:00:00,0.57063,0.57165,0.56951,0.57135,7562,1,0
2025-03-07 17:00:00,0.57135,0.57228,0.57073,0.57163,6779,1,0
2025-03-07 18:00:00,0.57164,0.57174,0.57041,0.57079,5476,1,0
2025-03-07 19:00:00,0.5708,0.57115,0.56952,0.56978,6076,1,0
2025-03-07 20:00:00,0.56978,0.57023,0.56976,0.57011,735,1,0
2025-03-07 21:00:00,0.57012,0.5711,0.57002,0.57091,3161,1,0
2025-03-07 22:00:00,0.57091,0.57142,0.57081,0.57125,2526,1,0
2025-03-07 23:00:00,0.57125,0.57157,0.5707,0.57081,2082,1,0
2025-03-10 00:00:00,0.57083,0.57173,0.56945,0.57094,507,34,0
2025-03-10 01:00:00,0.57094,0.57149,0.56988,0.57084,3082,1,0
2025-03-10 02:00:00,0.57084,0.57136,0.57046,0.57085,3063,1,0
2025-03-10 03:00:00,0.57085,0.57185,0.57056,0.57161,3983,1,0
2025-03-10 04:00:00,0.57161,0.57232,0.57158,0.57203,3703,1,0
2025-03-10 05:00:00,0.57203,0.57226,0.57086,0.57096,3354,1,0
2025-03-10 06:00:00,0.57096,0.57151,0.5704,0.57119,2963,1,0
2025-03-10 07:00:00,0.57119,0.57158,0.57114,0.57133,2192,1,0
2025-03-10 08:00:00,0.57133,0.57198,0.57117,0.57188,2888,1,0
2025-03-10 09:00:00,0.57188,0.57275,0.57183,0.57242,2466,1,0
2025-03-10 10:00:00,0.57242,0.57313,0.5723,0.57307,3301,1,0
2025-03-10 11:00:00,0.57309,0.57319,0.57245,0.57274,4306,1,0
2025-03-10 12:00:00,0.57274,0.57422,0.57263,0.57399,3359,1,0
2025-03-10 13:00:00,0.57399,0.57423,0.57348,0.5735,2853,1,0
2025-03-10 14:00:00,0.5735,0.57374,0.5727,0.57347,4252,1,0
2025-03-10 15:00:00,0.57347,0.57423,0.57341,0.57374,3770,1,0
2025-03-10 16:00:00,0.57375,0.57411,0.57327,0.57328,4516,1,0
2025-03-10 17:00:00,0.57327,0.57349,0.57232,0.57296,5279,1,0
2025-03-10 18:00:00,0.57296,0.57327,0.57225,0.57233,4756,1,0
2025-03-10 19:00:00,0.57233,0.57271,0.57191,0.57198,3954,1,0
2025-03-10 20:00:00,0.57197,0.57215,0.571,0.57101,3581,1,0
2025-03-10 21:00:00,0.57102,0.57102,0.56938,0.56948,3776,1,0
2025-03-10 22:00:00,0.56948,0.57042,0.56903,0.56984,3855,1,0
2025-03-10 23:00:00,0.56984,0.57013,0.56922,0.56979,1981,1,0
2025-03-11 00:00:00,0.56976,0.56986,0.56957,0.56964,409,17,0
2025-03-11 01:00:00,0.56965,0.57,0.56878,0.56878,1789,1,0
2025-03-11 02:00:00,0.56878,0.56951,0.56861,0.5695,2429,1,0
2025-03-11 03:00:00,0.5695,0.57024,0.56899,0.56914,3513,1,0
2025-03-11 04:00:00,0.56914,0.56918,0.56797,0.56883,4893,1,0
2025-03-11 05:00:00,0.56883,0.56994,0.56871,0.56935,4757,1,0
2025-03-11 06:00:00,0.56935,0.5697,0.56871,0.56922,3596,1,0
2025-03-11 07:00:00,0.56922,0.5696,0.56889,0.5695,2499,1,0
2025-03-11 08:00:00,0.5695,0.56955,0.56798,0.5681,3651,1,0
2025-03-11 09:00:00,0.5681,0.56878,0.56774,0.56844,3638,1,0
2025-03-11 10:00:00,0.56844,0.57049,0.56835,0.57017,3794,1,0
2025-03-11 11:00:00,0.57018,0.57062,0.56988,0.57044,3721,1,0
2025-03-11 12:00:00,0.57044,0.5712,0.57038,0.57085,3043,1,0
2025-03-11 13:00:00,0.57085,0.57085,0.56982,0.57006,2308,1,0
2025-03-11 14:00:00,0.57006,0.57046,0.56971,0.57046,2274,1,0
2025-03-11 15:00:00,0.57046,0.57122,0.57036,0.57061,3296,1,0
2025-03-11 16:00:00,0.57061,0.57137,0.5703,0.57108,4006,1,0
2025-03-11 17:00:00,0.57103,0.57112,0.5693,0.56968,7865,1,0
2025-03-11 18:00:00,0.5697,0.5712,0.56958,0.57093,5432,1,0
2025-03-11 19:00:00,0.57092,0.57122,0.57057,0.5708,3718,0,0
2025-03-11 20:00:00,0.5708,0.57107,0.57033,0.57099,3666,0,0
2025-03-11 21:00:00,0.57099,0.57265,0.57091,0.57215,4803,0,0
2025-03-11 22:00:00,0.57215,0.57245,0.57162,0.57164,3109,0,0
2025-03-11 23:00:00,0.57164,0.57164,0.5711,0.57157,1026,0,0
2025-03-12 00:00:00,0.5715,0.57156,0.57084,0.57109,648,18,0
2025-03-12 01:00:00,0.57109,0.57173,0.57085,0.57147,1416,0,0
2025-03-12 02:00:00,0.57147,0.57158,0.57111,0.57115,1464,0,0
2025-03-12 03:00:00,0.57115,0.57146,0.57052,0.57087,2596,0,0
2025-03-12 04:00:00,0.57087,0.57131,0.57076,0.57086,3086,0,0
2025-03-12 05:00:00,0.57086,0.57112,0.57025,0.5704,2322,0,0
2025-03-12 06:00:00,0.5704,0.57068,0.57,0.5701,2324,0,0
2025-03-12 07:00:00,0.5701,0.57071,0.56987,0.57046,1679,0,0
2025-03-12 08:00:00,0.57047,0.57071,0.57013,0.57069,2363,0,0
2025-03-12 09:00:00,0.57069,0.57083,0.56998,0.57003,2182,0,0
2025-03-12 10:00:00,0.57003,0.57102,0.56978,0.57077,2391,0,0
2025-03-12 11:00:00,0.57078,0.57182,0.57044,0.57182,3344,0,0
2025-03-12 12:00:00,0.57182,0.57205,0.57092,0.57093,2456,0,0
2025-03-12 13:00:00,0.57093,0.5712,0.57067,0.57108,1422,0,0
2025-03-12 14:00:00,0.57107,0.57154,0.57051,0.5706,2184,0,0
2025-03-12 15:00:00,0.5706,0.57379,0.56984,0.57071,7446,0,0
2025-03-12 16:00:00,0.5707,0.57176,0.57013,0.57045,6510,0,0
2025-03-12 17:00:00,0.57045,0.57143,0.56993,0.57131,4854,0,0
2025-03-12 18:00:00,0.57131,0.57236,0.57119,0.57222,3580,0,0
2025-03-12 19:00:00,0.57222,0.57305,0.57212,0.57256,3843,0,0
2025-03-12 20:00:00,0.57256,0.57331,0.57235,0.57238,3352,0,0
2025-03-12 21:00:00,0.57238,0.57298,0.57238,0.57276,2897,0,0
2025-03-12 22:00:00,0.57276,0.57319,0.57255,0.57283,3159,0,0
2025-03-12 23:00:00,0.57284,0.57317,0.5728,0.57294,1634,0,0
2025-03-13 00:00:00,0.57281,0.57298,0.57165,0.57294,561,37,0
2025-03-13 01:00:00,0.57294,0.57347,0.57276,0.57339,1048,0,0
2025-03-13 02:00:00,0.57339,0.57373,0.57326,0.57372,1236,0,0
2025-03-13 03:00:00,0.57372,0.5742,0.57356,0.57379,2200,0,0
2025-03-13 04:00:00,0.57379,0.57411,0.5732,0.57344,2930,0,0
2025-03-13 05:00:00,0.57344,0.57387,0.57334,0.57359,2370,0,0
2025-03-13 06:00:00,0.57359,0.57371,0.57307,0.57309,1984,0,0
2025-03-13 07:00:00,0.57309,0.57325,0.57271,0.57286,1547,0,0
2025-03-13 08:00:00,0.57286,0.57286,0.57209,0.57232,2674,0,0
2025-03-13 09:00:00,0.57232,0.57233,0.57089,0.57103,2725,0,0
2025-03-13 10:00:00,0.57103,0.57128,0.57025,0.57072,3066,0,0
2025-03-13 11:00:00,0.57071,0.57143,0.57052,0.57054,2954,0,0
2025-03-13 12:00:00,0.57054,0.57071,0.56966,0.57025,2276,0,0
2025-03-13 13:00:00,0.57025,0.57028,0.56974,0.56999,2542,0,0
2025-03-13 14:00:00,0.56999,0.5701,0.56947,0.56971,2654,0,0
2025-03-13 15:00:00,0.56971,0.57136,0.56843,0.56875,5342,0,0
2025-03-13 16:00:00,0.56875,0.56937,0.56824,0.56902,3905,0,0
2025-03-13 17:00:00,0.56903,0.57084,0.56892,0.57076,4143,0,0
2025-03-13 18:00:00,0.57076,0.57137,0.57036,0.57078,3953,0,0
2025-03-13 19:00:00,0.57078,0.57144,0.57055,0.57085,4039,0,0
2025-03-13 20:00:00,0.57086,0.57092,0.56959,0.56961,3154,0,0
2025-03-13 21:00:00,0.56961,0.57062,0.5696,0.57038,2636,0,0
2025-03-13 22:00:00,0.57038,0.57052,0.5701,0.57021,2551,0,0
2025-03-13 23:00:00,0.57021,0.57049,0.56952,0.56952,1443,0,0
2025-03-14 00:00:00,0.56977,0.56987,0.56911,0.56966,705,19,0
2025-03-14 01:00:00,0.56962,0.57025,0.56958,0.57008,798,0,0
2025-03-14 02:00:00,0.57008,0.57032,0.56985,0.57023,1341,0,0
2025-03-14 03:00:00,0.57023,0.57045,0.56958,0.57012,2242,0,0
2025-03-14 04:00:00,0.57012,0.57122,0.57011,0.57094,2587,0,0
2025-03-14 05:00:00,0.57094,0.57107,0.57012,0.57046,2601,0,0
2025-03-14 06:00:00,0.57046,0.57096,0.57035,0.57093,1863,0,0
2025-03-14 07:00:00,0.57093,0.57119,0.57065,0.57093,1600,0,0
2025-03-14 08:00:00,0.57093,0.57144,0.57064,0.57136,1800,0,0
2025-03-14 09:00:00,0.57136,0.57171,0.57116,0.5713,1737,0,0
2025-03-14 10:00:00,0.5713,0.57235,0.57114,0.57227,2869,0,0
2025-03-14 11:00:00,0.57227,0.57293,0.57209,0.57284,2095,0,0
2025-03-14 12:00:00,0.57284,0.57285,0.57187,0.5719,2328,0,0
2025-03-14 13:00:00,0.57191,0.57253,0.57179,0.57222,3811,0,0
2025-03-14 14:00:00,0.57223,0.57292,0.57201,0.57267,3348,0,0
2025-03-14 15:00:00,0.57267,0.57424,0.57266,0.57388,2948,0,0
2025-03-14 16:00:00,0.57388,0.57412,0.57345,0.57394,3328,0,0
2025-03-14 17:00:00,0.5738,0.5743,0.57332,0.57422,4287,0,0
2025-03-14 18:00:00,0.57422,0.57485,0.57394,0.57399,2910,0,0
2025-03-14 19:00:00,0.57399,0.57471,0.57386,0.5746,2865,0,0
2025-03-14 20:00:00,0.5746,0.57495,0.57443,0.57459,2052,0,0
2025-03-14 21:00:00,0.57459,0.57485,0.57454,0.57465,1783,0,0
2025-03-14 22:00:00,0.57465,0.57511,0.57462,0.575,1211,0,0
2025-03-14 23:00:00,0.57499,0.57555,0.57468,0.57468,1173,0,0
2025-03-17 00:00:00,0.57407,0.5747,0.57404,0.57451,480,34,0
2025-03-17 01:00:00,0.57451,0.57628,0.5744,0.57537,2137,0,0
2025-03-17 02:00:00,0.57537,0.57565,0.5751,0.57515,1361,0,0
2025-03-17 03:00:00,0.57515,0.57545,0.57461,0.57515,2306,0,0
2025-03-17 04:00:00,0.57515,0.57628,0.57505,0.57591,3050,0,0
2025-03-17 05:00:00,0.57591,0.57611,0.57571,0.57584,1919,0,0
2025-03-17 06:00:00,0.57583,0.57594,0.57552,0.57592,1618,0,0
2025-03-17 07:00:00,0.57592,0.57629,0.57557,0.57587,2411,0,0
2025-03-17 08:00:00,0.57587,0.57589,0.57534,0.57566,1852,0,0
2025-03-17 09:00:00,0.57566,0.57623,0.57566,0.57619,1771,0,0
2025-03-17 10:00:00,0.57619,0.57697,0.57616,0.57686,2172,0,0
2025-03-17 11:00:00,0.57686,0.57769,0.57677,0.57739,2217,0,0
2025-03-17 12:00:00,0.57739,0.57801,0.57713,0.57797,2202,0,0
2025-03-17 13:00:00,0.57797,0.57885,0.5779,0.5785,1774,0,0
2025-03-17 14:00:00,0.5785,0.57895,0.57837,0.57884,1465,0,0
2025-03-17 15:00:00,0.57884,0.57928,0.57822,0.57871,3696,0,0
2025-03-17 16:00:00,0.57871,0.57998,0.57869,0.57971,3411,0,0
2025-03-17 17:00:00,0.57971,0.58034,0.57961,0.58009,3000,0,0
2025-03-17 18:00:00,0.58009,0.58129,0.58008,0.58093,2700,0,0
2025-03-17 19:00:00,0.58093,0.58174,0.58091,0.58156,2293,0,0
2025-03-17 20:00:00,0.58156,0.58217,0.58143,0.58198,1974,0,0
2025-03-17 21:00:00,0.58198,0.5826,0.58187,0.5825,1832,0,0
2025-03-17 22:00:00,0.5825,0.5826,0.58201,0.58223,1436,0,0
2025-03-17 23:00:00,0.58223,0.58252,0.58194,0.58201,1259,0,0
2025-03-18 00:00:00,0.58195,0.58195,0.57953,0.58154,428,17,0
2025-03-18 01:00:00,0.58154,0.58266,0.58154,0.58261,910,0,0
2025-03-18 02:00:00,0.58261,0.58278,0.58219,0.58228,1029,0,0
2025-03-18 03:00:00,0.58228,0.58255,0.58203,0.58237,2106,0,0
2025-03-18 04:00:00,0.58237,0.58302,0.58224,0.58233,2075,0,0
2025-03-18 05:00:00,0.58233,0.58242,0.58189,0.58198,1836,0,0
2025-03-18 06:00:00,0.58198,0.58201,0.58118,0.58134,1594,0,0
2025-03-18 07:00:00,0.58134,0.58185,0.58125,0.58185,1238,0,0
2025-03-18 08:00:00,0.58185,0.5821,0.5816,0.58174,1198,0,0
2025-03-18 09:00:00,0.58174,0.58213,0.5812,0.58211,1376,0,0
2025-03-18 10:00:00,0.58211,0.58274,0.58202,0.58229,1685,0,0
2025-03-18 11:00:00,0.58229,0.58313,0.58227,0.58292,2013,0,0
2025-03-18 12:00:00,0.58293,0.58296,0.58237,0.58251,1645,0,0
2025-03-18 13:00:00,0.58251,0.58267,0.58176,0.58178,2211,0,0
2025-03-18 14:00:00,0.58178,0.58202,0.58121,0.5814,1561,0,0
2025-03-18 15:00:00,0.5814,0.58173,0.58092,0.58123,2322,0,0
2025-03-18 16:00:00,0.58123,0.58164,0.58054,0.58115,2767,0,0
2025-03-18 17:00:00,0.58115,0.58118,0.58012,0.58017,2845,0,0
2025-03-18 18:00:00,0.58018,0.58129,0.57978,0.58097,2876,0,0
2025-03-18 19:00:00,0.58097,0.58159,0.58078,0.58143,2681,0,0
2025-03-18 20:00:00,0.58143,0.58199,0.58136,0.58177,2727,0,0
2025-03-18 21:00:00,0.58177,0.58194,0.58137,0.58181,2162,0,0
2025-03-18 22:00:00,0.58181,0.58203,0.5816,0.5819,1562,0,0
2025-03-18 23:00:00,0.58191,0.58208,0.58185,0.58194,862,0,0
2025-03-19 00:00:00,0.5819,0.58191,0.58122,0.58156,494,15,0
2025-03-19 01:00:00,0.58155,0.58197,0.58154,0.58189,903,0,0
2025-03-19 02:00:00,0.58189,0.58203,0.5817,0.5818,896,0,0
2025-03-19 03:00:00,0.5818,0.58195,0.58152,0.5816,1738,0,0
2025-03-19 04:00:00,0.5816,0.58167,0.58124,0.58138,1757,0,0
2025-03-19 05:00:00,0.58138,0.58187,0.58126,0.58159,1810,0,0
2025-03-19 06:00:00,0.58159,0.5817,0.58096,0.58119,1616,0,0
2025-03-19 07:00:00,0.58119,0.5813,0.58086,0.58093,1515,0,0
2025-03-19 08:00:00,0.58093,0.58137,0.5809,0.58127,1591,0,0
2025-03-19 09:00:00,0.58127,0.58144,0.58066,0.58072,1786,0,0
2025-03-19 10:00:00,0.58072,0.58081,0.57869,0.57891,4085,0,0
2025-03-19 11:00:00,0.57891,0.57965,0.57839,0.57863,2988,0,0
2025-03-19 12:00:00,0.57863,0.57899,0.57788,0.57885,2197,0,0
2025-03-19 13:00:00,0.57885,0.57887,0.57819,0.57855,2420,0,0
2025-03-19 14:00:00,0.57855,0.57941,0.57831,0.57913,1939,0,0
2025-03-19 15:00:00,0.57913,0.57937,0.57876,0.57887,2382,0,0
2025-03-19 16:00:00,0.57887,0.57892,0.57762,0.57789,3084,0,0
2025-03-19 17:00:00,0.5779,0.57898,0.5778,0.57838,2288,0,0
2025-03-19 18:00:00,0.57838,0.57858,0.57815,0.57822,2155,0,0
2025-03-19 19:00:00,0.57822,0.57875,0.57821,0.57847,2016,0,0
2025-03-19 20:00:00,0.57847,0.57847,0.57754,0.57773,2147,0,0
2025-03-19 21:00:00,0.57759,0.5809,0.57709,0.58076,7010,0,0
2025-03-19 22:00:00,0.58073,0.58167,0.57999,0.58064,4365,0,0
2025-03-19 23:00:00,0.58064,0.58163,0.58061,0.58152,1621,0,0
2025-03-20 00:00:00,0.5815,0.58226,0.58021,0.58173,610,14,0
2025-03-20 01:00:00,0.58173,0.58259,0.58137,0.58165,1380,0,0
2025-03-20 02:00:00,0.58165,0.58211,0.58134,0.58192,1709,0,0
2025-03-20 03:00:00,0.58192,0.58207,0.57972,0.58034,3341,0,0
2025-03-20 04:00:00,0.58034,0.5805,0.57896,0.57925,3178,0,0
2025-03-20 05:00:00,0.57925,0.58013,0.57867,0.57904,2663,0,0
2025-03-20 06:00:00,0.57904,0.57988,0.57886,0.57962,2216,0,0
2025-03-20 07:00:00,0.57962,0.57968,0.57911,0.57924,1652,0,0
2025-03-20 08:00:00,0.57924,0.57924,0.57838,0.57864,1837,0,0
2025-03-20 09:00:00,0.57864,0.57888,0.57773,0.57791,1665,0,0
2025-03-20 10:00:00,0.57791,0.57791,0.57653,0.57713,2915,0,0
2025-03-20 11:00:00,0.57713,0.57745,0.57551,0.57601,2999,0,0
2025-03-20 12:00:00,0.57601,0.57621,0.57441,0.57465,3264,0,0
2025-03-20 13:00:00,0.57465,0.57479,0.57346,0.57393,3349,0,0
2025-03-20 14:00:00,0.57393,0.57408,0.57353,0.57367,2373,0,0
2025-03-20 15:00:00,0.57367,0.57401,0.57338,0.57364,3218,0,0
2025-03-20 16:00:00,0.57364,0.57377,0.57231,0.57316,3117,0,0
2025-03-20 17:00:00,0.57317,0.57424,0.57306,0.57411,3092,0,0
2025-03-20 18:00:00,0.57411,0.57497,0.57393,0.57493,2547,0,0
2025-03-20 19:00:00,0.57493,0.57512,0.5744,0.57447,2239,0,0
2025-03-20 20:00:00,0.57447,0.57496,0.57418,0.5749,1554,0,0
2025-03-20 21:00:00,0.5749,0.57575,0.57483,0.57565,1277,0,0
2025-03-20 22:00:00,0.57565,0.57623,0.57561,0.57606,1224,0,0
2025-03-20 23:00:00,0.57605,0.57609,0.57558,0.57579,658,0,0
2025-03-21 00:00:00,0.57571,0.57571,0.57501,0.57541,358,15,0
2025-03-21 01:00:00,0.57541,0.57602,0.57519,0.5757,1485,0,0
2025-03-21 02:00:00,0.5757,0.57624,0.5757,0.57608,1342,0,0
2025-03-21 03:00:00,0.57608,0.57663,0.57572,0.57628,2182,0,0
2025-03-21 04:00:00,0.57628,0.57632,0.57559,0.57596,2504,0,0
2025-03-21 05:00:00,0.57595,0.57609,0.57534,0.57552,2227,0,0
2025-03-21 06:00:00,0.57552,0.57575,0.57475,0.5751,1679,0,0
2025-03-21 07:00:00,0.5751,0.57533,0.57467,0.5749,1457,0,0
2025-03-21 08:00:00,0.5749,0.57521,0.5747,0.57504,2062,0,0
2025-03-21 09:00:00,0.57504,0.57592,0.57494,0.57567,1740,0,0
2025-03-21 10:00:00,0.57567,0.57611,0.57535,0.57582,1896,0,0
2025-03-21 11:00:00,0.57582,0.57611,0.57534,0.57594,2473,0,0
2025-03-21 12:00:00,0.57594,0.57618,0.57532,0.57539,1883,0,0
2025-03-21 13:00:00,0.57539,0.57581,0.57538,0.57576,1647,0,0
2025-03-21 14:00:00,0.57576,0.5762,0.57567,0.5761,1678,0,0
2025-03-21 15:00:00,0.5761,0.57674,0.57557,0.5756,2650,0,0
2025-03-21 16:00:00,0.5756,0.57561,0.57432,0.57481,3649,0,0
2025-03-21 17:00:00,0.57481,0.57507,0.57448,0.57466,3084,0,0
2025-03-21 18:00:00,0.57466,0.57477,0.57245,0.57296,2811,0,0
2025-03-21 19:00:00,0.57296,0.57369,0.57268,0.57363,3436,0,0
2025-03-21 20:00:00,0.57363,0.57393,0.57318,0.5736,2144,0,0
2025-03-21 21:00:00,0.57359,0.57377,0.57334,0.57344,2031,0,0
2025-03-21 22:00:00,0.57344,0.57356,0.57313,0.57347,1504,0,0
2025-03-21 23:00:00,0.57347,0.57347,0.57301,0.57317,1402,0,0
2025-03-24 00:00:00,0.57275,0.57363,0.5725,0.57341,336,40,0
2025-03-24 01:00:00,0.57341,0.57431,0.5734,0.57391,1888,0,0
2025-03-24 02:00:00,0.57391,0.57454,0.57374,0.57446,1943,0,0
2025-03-24 03:00:00,0.57446,0.57497,0.57426,0.57469,2243,0,0
2025-03-24 04:00:00,0.57469,0.5747,0.5731,0.57328,3192,0,0
2025-03-24 05:00:00,0.57328,0.5735,0.5727,0.57278,2627,0,0
2025-03-24 06:00:00,0.57278,0.57319,0.57211,0.57217,2134,0,0
2025-03-24 07:00:00,0.57217,0.57247,0.57186,0.57227,1660,0,0
2025-03-24 08:00:00,0.57227,0.57228,0.57182,0.57202,2199,0,0
2025-03-24 09:00:00,0.57202,0.57309,0.57198,0.57294,1833,0,0
2025-03-24 10:00:00,0.57294,0.57366,0.57289,0.57331,2076,0,0
2025-03-24 11:00:00,0.57332,0.574,0.57323,0.57332,2895,0,0
2025-03-24 12:00:00,0.57332,0.57433,0.57322,0.57417,2059,0,0
2025-03-24 13:00:00,0.57417,0.5748,0.57401,0.57423,1802,0,0
2025-03-24 14:00:00,0.57423,0.57427,0.57334,0.57334,1592,0,0
2025-03-24 15:00:00,0.57334,0.57349,0.57235,0.57258,2062,0,0
2025-03-24 16:00:00,0.57258,0.57308,0.57191,0.57191,3029,0,0
2025-03-24 17:00:00,0.57191,0.57363,0.57182,0.5725,3503,0,0
2025-03-24 18:00:00,0.5725,0.57255,0.57178,0.57188,2610,0,0
2025-03-24 19:00:00,0.57188,0.57218,0.57106,0.57132,3323,0,0
2025-03-24 20:00:00,0.57132,0.57165,0.57096,0.57135,2343,0,0
2025-03-24 21:00:00,0.57135,0.57275,0.57103,0.57239,3012,0,0
2025-03-24 22:00:00,0.57238,0.57275,0.57226,0.57246,1737,0,0
2025-03-24 23:00:00,0.57246,0.57298,0.57239,0.57277,1141,0,0
2025-03-25 00:00:00,0.57277,0.57294,0.57131,0.57247,561,16,0
2025-03-25 01:00:00,0.57247,0.5728,0.57237,0.57246,1035,0,0
2025-03-25 02:00:00,0.57246,0.57273,0.5724,0.57266,1090,0,0
2025-03-25 03:00:00,0.57266,0.57266,0.5719,0.57215,2223,0,0
2025-03-25 04:00:00,0.57215,0.57285,0.57203,0.5725,2879,0,0
2025-03-25 05:00:00,0.5725,0.57272,0.57199,0.57217,2443,0,0
2025-03-25 06:00:00,0.57217,0.57237,0.57182,0.57223,2012,0,0
2025-03-25 07:00:00,0.57224,0.57245,0.57213,0.57224,1771,0,0
2025-03-25 08:00:00,0.57224,0.57289,0.57219,0.57258,1785,0,0
2025-03-25 09:00:00,0.57258,0.57265,0.57223,0.57223,1283,0,0
2025-03-25 10:00:00,0.57223,0.57243,0.57129,0.57181,1800,0,0
2025-03-25 11:00:00,0.57181,0.57191,0.57111,0.57152,2635,0,0
2025-03-25 12:00:00,0.57152,0.57265,0.57137,0.57246,2224,0,0
2025-03-25 13:00:00,0.57247,0.57436,0.57236,0.57433,2198,0,0
2025-03-25 14:00:00,0.57433,0.57498,0.57416,0.57441,2532,0,0
2025-03-25 15:00:00,0.57443,0.57506,0.57439,0.57466,2869,0,0
2025-03-25 16:00:00,0.57466,0.57491,0.57415,0.57426,3025,0,0
2025-03-25 17:00:00,0.57426,0.57458,0.57318,0.57393,4060,0,0
2025-03-25 18:00:00,0.57394,0.5741,0.57348,0.57359,3080,0,0
2025-03-25 19:00:00,0.57359,0.57398,0.57348,0.57374,2553,0,0
2025-03-25 20:00:00,0.57374,0.57424,0.5736,0.57378,2044,0,0
2025-03-25 21:00:00,0.57378,0.57378,0.57307,0.57315,1157,0,0
2025-03-25 22:00:00,0.57315,0.57338,0.57275,0.57331,1331,0,0
2025-03-25 23:00:00,0.57331,0.57338,0.57295,0.57327,490,0,0
2025-03-26 00:00:00,0.57326,0.57336,0.57288,0.57329,140,4,0
2025-03-26 01:00:00,0.57329,0.5735,0.57307,0.57316,802,0,0
2025-03-26 02:00:00,0.57316,0.57327,0.57299,0.57326,605,0,0
2025-03-26 03:00:00,0.57326,0.5735,0.57216,0.5722,1824,0,0
2025-03-26 04:00:00,0.5722,0.57377,0.57144,0.57359,2595,0,0
2025-03-26 05:00:00,0.57359,0.57467,0.57327,0.57461,1386,0,0
2025-03-26 06:00:00,0.57461,0.57501,0.57437,0.57457,1683,0,0
2025-03-26 07:00:00,0.57457,0.57486,0.57429,0.57467,1373,0,0
2025-03-26 08:00:00,0.57467,0.5751,0.57432,0.5749,1698,0,0
2025-03-26 09:00:00,0.5749,0.5755,0.57489,0.57523,1756,0,0
2025-03-26 10:00:00,0.57523,0.57554,0.5749,0.57532,2244,0,0
2025-03-26 11:00:00,0.57532,0.57555,0.57487,0.57546,2274,0,0
2025-03-26 12:00:00,0.57546,0.57625,0.57531,0.5757,1423,0,0
2025-03-26 13:00:00,0.5757,0.57626,0.57564,0.57596,2104,0,0
2025-03-26 14:00:00,0.57596,0.57615,0.57537,0.57539,2031,0,0
2025-03-26 15:00:00,0.57539,0.57563,0.57457,0.575,2957,0,0
2025-03-26 16:00:00,0.57502,0.57552,0.57416,0.57422,4360,0,0
2025-03-26 17:00:00,0.57422,0.5749,0.57415,0.57474,3372,0,0
2025-03-26 18:00:00,0.57474,0.57507,0.57356,0.57414,3809,0,0
2025-03-26 19:00:00,0.57414,0.57438,0.57365,0.574,2217,0,0
2025-03-26 20:00:00,0.574,0.57407,0.57263,0.57283,3121,0,0
2025-03-26 21:00:00,0.57283,0.57317,0.57242,0.57242,1888,0,0
2025-03-26 22:00:00,0.57242,0.57269,0.57209,0.57253,1332,0,0
2025-03-26 23:00:00,0.57254,0.5729,0.57242,0.57278,629,0,0
2025-03-27 00:00:00,0.57291,0.57292,0.57118,0.57229,357,3,0
2025-03-27 01:00:00,0.57235,0.57281,0.57136,0.57143,1965,0,0
2025-03-27 02:00:00,0.57143,0.57198,0.57119,0.57176,1905,0,0
2025-03-27 03:00:00,0.57176,0.57275,0.57171,0.57254,2087,0,0
2025-03-27 04:00:00,0.57254,0.57346,0.57254,0.57299,2706,0,0
2025-03-27 05:00:00,0.57299,0.57446,0.57293,0.57396,2600,0,0
2025-03-27 06:00:00,0.57396,0.57424,0.5735,0.57353,1606,0,0
2025-03-27 07:00:00,0.57353,0.57453,0.57348,0.5742,1385,0,0
2025-03-27 08:00:00,0.5742,0.57455,0.57328,0.57368,1881,0,0
2025-03-27 09:00:00,0.57368,0.57502,0.57363,0.57463,2460,0,0
2025-03-27 10:00:00,0.57464,0.57464,0.57373,0.57373,3328,0,0
2025-03-27 11:00:00,0.57373,0.57476,0.57363,0.57474,3644,0,0
2025-03-27 12:00:00,0.57474,0.57517,0.5739,0.57407,2964,0,0
2025-03-27 13:00:00,0.57407,0.57438,0.5737,0.57435,2798,0,0
2025-03-27 14:00:00,0.57435,0.57498,0.57424,0.57468,2231,0,0
2025-03-27 15:00:00,0.57468,0.57509,0.57431,0.57451,3132,0,0
2025-03-27 16:00:00,0.57451,0.57475,0.5734,0.57372,3526,0,0
2025-03-27 17:00:00,0.57372,0.57456,0.57338,0.57436,3332,0,0
2025-03-27 18:00:00,0.57436,0.57556,0.57408,0.57464,4784,0,0
2025-03-27 19:00:00,0.57464,0.57512,0.574,0.57412,3295,0,0
2025-03-27 20:00:00,0.57412,0.57475,0.57386,0.57389,2352,0,0
2025-03-27 21:00:00,0.57387,0.57432,0.57362,0.57363,1326,0,0
2025-03-27 22:00:00,0.57364,0.5741,0.57353,0.57368,968,0,0
2025-03-27 23:00:00,0.57368,0.574,0.57358,0.57399,598,0,0
2025-03-28 00:00:00,0.57395,0.57429,0.57333,0.57375,234,9,0
2025-03-28 01:00:00,0.57375,0.57385,0.57344,0.57344,3982,0,0
2025-03-28 02:00:00,0.57346,0.5738,0.57333,0.57351,1018,0,0
2025-03-28 03:00:00,0.57351,0.57352,0.57256,0.57287,1604,0,0
2025-03-28 04:00:00,0.57287,0.57289,0.57209,0.57218,1590,0,0
2025-03-28 05:00:00,0.57218,0.57252,0.57189,0.57206,1292,0,0
2025-03-28 06:00:00,0.57206,0.57228,0.57113,0.57149,1390,0,0
2025-03-28 07:00:00,0.57149,0.57165,0.57126,0.57136,930,0,0
2025-03-28 08:00:00,0.57137,0.57172,0.57128,0.57162,1164,0,0
2025-03-28 09:00:00,0.57162,0.57175,0.57117,0.57128,1286,0,0
2025-03-28 10:00:00,0.57128,0.57237,0.57114,0.572,1789,0,0
2025-03-28 11:00:00,0.572,0.57249,0.57172,0.57189,2489,0,0
2025-03-28 12:00:00,0.57189,0.5722,0.57136,0.57183,2090,0,0
2025-03-28 13:00:00,0.57183,0.57215,0.57148,0.57158,2159,0,0
2025-03-28 14:00:00,0.57158,0.57185,0.5713,0.57158,1639,0,0
2025-03-28 15:00:00,0.57158,0.57273,0.57116,0.57256,3216,0,0
2025-03-28 16:00:00,0.57256,0.57353,0.57237,0.57326,4269,0,0
2025-03-28 17:00:00,0.57326,0.57362,0.57216,0.57231,5715,0,0
2025-03-28 18:00:00,0.57231,0.57332,0.5723,0.5728,3604,0,0
2025-03-28 19:00:00,0.5728,0.57297,0.57208,0.57224,2388,0,0
2025-03-28 20:00:00,0.57224,0.57225,0.57153,0.57181,1890,0,0
2025-03-28 21:00:00,0.57181,0.57203,0.57135,0.5714,1625,0,0
2025-03-28 22:00:00,0.5714,0.5717,0.57113,0.57141,1395,0,0
2025-03-28 23:00:00,0.57142,0.57183,0.57115,0.57157,1577,0,0
2025-03-31 00:00:00,0.57063,0.57171,0.57033,0.5705,434,2,0
2025-03-31 01:00:00,0.57049,0.57077,0.56979,0.57028,1985,0,0
2025-03-31 02:00:00,0.57028,0.57072,0.5694,0.57064,2390,0,0
2025-03-31 03:00:00,0.57064,0.57069,0.56971,0.5705,3192,0,0
2025-03-31 04:00:00,0.5705,0.57162,0.5705,0.57097,2992,0,0
2025-03-31 05:00:00,0.57097,0.57145,0.57061,0.57099,1984,0,0
2025-03-31 06:00:00,0.57099,0.57109,0.57064,0.57078,1806,0,0
2025-03-31 07:00:00,0.57078,0.57088,0.57047,0.57063,1750,0,0
2025-03-31 08:00:00,0.57063,0.57138,0.57055,0.57097,2245,0,0
2025-03-31 09:00:00,0.57097,0.57186,0.57065,0.57163,3467,0,0
2025-03-31 10:00:00,0.57163,0.57225,0.56983,0.56993,4149,0,0
2025-03-31 11:00:00,0.56993,0.56999,0.5687,0.56888,2912,0,0
2025-03-31 12:00:00,0.56888,0.5692,0.56832,0.5685,2193,0,0
2025-03-31 13:00:00,0.5685,0.56883,0.56807,0.5687,3141,0,0
2025-03-31 14:00:00,0.5687,0.56918,0.5686,0.56865,2482,0,0
2025-03-31 15:00:00,0.56865,0.56865,0.567,0.567,2616,0,0
2025-03-31 16:00:00,0.567,0.56751,0.56618,0.56655,3742,0,0
2025-03-31 17:00:00,0.56654,0.56661,0.56486,0.56637,4677,0,0
2025-03-31 18:00:00,0.56637,0.56704,0.56627,0.56637,4887,0,0
2025-03-31 19:00:00,0.56637,0.56743,0.56632,0.567,3425,0,0
2025-03-31 20:00:00,0.56698,0.5675,0.56692,0.56694,2740,0,0
2025-03-31 21:00:00,0.56694,0.56777,0.56692,0.56762,2430,0,0
2025-03-31 22:00:00,0.56763,0.568,0.56747,0.56774,1576,0,0
2025-03-31 23:00:00,0.56774,0.56796,0.56747,0.56779,794,0,0
2025-04-01 00:00:00,0.56776,0.56799,0.56726,0.56779,314,13,0
2025-04-01 01:00:00,0.56782,0.56785,0.5672,0.56721,621,0,0
2025-04-01 02:00:00,0.56721,0.56743,0.56685,0.56688,1141,0,0
2025-04-01 03:00:00,0.56688,0.56735,0.56669,0.56714,2082,0,0
2025-04-01 04:00:00,0.56714,0.56717,0.56629,0.56706,2360,0,0
2025-04-01 05:00:00,0.56706,0.56793,0.56701,0.56767,2578,0,0
2025-04-01 06:00:00,0.56767,0.56827,0.56706,0.56731,2530,0,0
2025-04-01 07:00:00,0.56731,0.56887,0.56726,0.56876,1872,0,0
2025-04-01 08:00:00,0.56876,0.56878,0.56728,0.56732,2499,0,0
2025-04-01 09:00:00,0.56732,0.56778,0.56675,0.56741,2749,0,0
2025-04-01 10:00:00,0.56741,0.56741,0.56647,0.5673,3317,0,0
2025-04-01 11:00:00,0.5673,0.56796,0.56713,0.5679,2562,0,0
2025-04-01 12:00:00,0.5679,0.56859,0.56787,0.56818,2785,0,0
2025-04-01 13:00:00,0.56818,0.5683,0.56726,0.56747,3966,0,0
2025-04-01 14:00:00,0.56747,0.56777,0.56713,0.56744,3433,0,0
2025-04-01 15:00:00,0.56744,0.56837,0.5674,0.56779,2989,0,0
2025-04-01 16:00:00,0.56779,0.56813,0.56757,0.56766,3746,0,0
2025-04-01 17:00:00,0.56761,0.57039,0.56761,0.57005,5971,0,0
2025-04-01 18:00:00,0.57005,0.57046,0.56984,0.57019,4287,0,0
2025-04-01 19:00:00,0.57019,0.57034,0.56921,0.5697,3401,0,0
2025-04-01 20:00:00,0.5697,0.56996,0.56941,0.56946,2068,0,0
2025-04-01 21:00:00,0.56946,0.56947,0.56887,0.56894,1852,0,0
2025-04-01 22:00:00,0.56894,0.56994,0.56894,0.56994,1535,0,0
2025-04-01 23:00:00,0.56994,0.5703,0.56967,0.57001,907,0,0
2025-04-02 00:00:00,0.57007,0.57007,0.56878,0.56992,705,9,0
2025-04-02 01:00:00,0.56993,0.57118,0.56984,0.57079,1301,0,0
2025-04-02 02:00:00,0.57079,0.57144,0.57039,0.57117,1093,0,0
2025-04-02 03:00:00,0.57117,0.5712,0.57035,0.57053,1942,0,0
2025-04-02 04:00:00,0.57053,0.57173,0.57023,0.5716,2092,0,0
2025-04-02 05:00:00,0.5716,0.57233,0.5715,0.57195,1942,0,0
2025-04-02 06:00:00,0.57195,0.57243,0.57192,0.57207,1432,0,0
2025-04-02 07:00:00,0.57206,0.57247,0.57193,0.57216,1020,0,0
2025-04-02 08:00:00,0.57216,0.57225,0.57172,0.57217,1115,0,0
2025-04-02 09:00:00,0.57218,0.57327,0.57209,0.57261,2186,0,0
2025-04-02 10:00:00,0.57261,0.57373,0.57241,0.57366,2413,0,0
2025-04-02 11:00:00,0.57366,0.57404,0.57349,0.574,1855,0,0
2025-04-02 12:00:00,0.574,0.5747,0.57394,0.57463,1564,0,0
2025-04-02 13:00:00,0.57463,0.57466,0.57358,0.57395,2532,0,0
2025-04-02 14:00:00,0.57395,0.5746,0.57381,0.57452,1875,0,0
2025-04-02 15:00:00,0.57452,0.57464,0.57369,0.57459,2798,0,0
2025-04-02 16:00:00,0.57459,0.57461,0.57392,0.57424,3746,0,0
2025-04-02 17:00:00,0.57424,0.57459,0.57337,0.57409,4216,0,0
2025-04-02 18:00:00,0.57409,0.5743,0.5735,0.5739,3356,0,0
2025-04-02 19:00:00,0.5739,0.57395,0.57309,0.57347,2530,0,0
2025-04-02 20:00:00,0.57347,0.5742,0.57334,0.57346,1839,0,0
2025-04-02 21:00:00,0.57346,0.5739,0.57312,0.57353,1843,0,0
2025-04-02 22:00:00,0.57353,0.57412,0.57353,0.57385,1331,0,0
2025-04-02 23:00:00,0.57385,0.5779,0.57087,0.57437,9037,0,0
2025-04-03 00:00:00,0.57387,0.57504,0.56936,0.57155,466,0,0
2025-04-03 01:00:00,0.57155,0.57197,0.56816,0.57049,4891,0,0
2025-04-03 02:00:00,0.57049,0.57322,0.57004,0.57267,6582,0,0
2025-04-03 03:00:00,0.57267,0.57408,0.57194,0.57333,7624,0,0
2025-04-03 04:00:00,0.57333,0.57451,0.57304,0.57314,5625,0,0
2025-04-03 05:00:00,0.57314,0.57423,0.57271,0.57418,3506,0,0
2025-04-03 06:00:00,0.57418,0.57444,0.57347,0.57362,3411,0,0
2025-04-03 07:00:00,0.57362,0.57369,0.57288,0.57313,2763,0,0
2025-04-03 08:00:00,0.57313,0.57669,0.57312,0.57575,4012,0,0
2025-04-03 09:00:00,0.57573,0.57772,0.57481,0.57763,5504,0,0
2025-04-03 10:00:00,0.57764,0.578,0.57642,0.57688,5594,0,0
2025-04-03 11:00:00,0.57686,0.57995,0.5768,0.57963,4803,0,0
2025-04-03 12:00:00,0.57962,0.58075,0.57927,0.58046,5393,0,0
2025-04-03 13:00:00,0.58046,0.58249,0.58023,0.58052,7262,0,0
2025-04-03 14:00:00,0.58052,0.58299,0.58019,0.58249,5431,0,0
2025-04-03 15:00:00,0.58249,0.58339,0.58163,0.58303,7249,0,0
2025-04-03 16:00:00,0.58303,0.58533,0.58237,0.58323,8350,0,0
2025-04-03 17:00:00,0.58286,0.58505,0.58262,0.58408,7567,0,0
2025-04-03 18:00:00,0.58409,0.58413,0.58089,0.58129,7212,0,0
2025-04-03 19:00:00,0.5813,0.58195,0.58093,0.58107,5391,0,0
2025-04-03 20:00:00,0.58105,0.58106,0.58001,0.58024,3933,0,0
2025-04-03 21:00:00,0.58024,0.58031,0.57937,0.58015,2604,0,0
2025-04-03 22:00:00,0.58015,0.58018,0.57833,0.57844,3648,0,0
2025-04-03 23:00:00,0.57844,0.5794,0.57828,0.5794,1103,0,0
2025-04-04 00:00:00,0.57937,0.57963,0.57778,0.57893,122,2,0
2025-04-04 01:00:00,0.57893,0.57972,0.57871,0.57938,1777,0,0
2025-04-04 02:00:00,0.57938,0.5794,0.57812,0.57876,2339,0,0
2025-04-04 03:00:00,0.57876,0.57969,0.57824,0.57912,4154,0,0
2025-04-04 04:00:00,0.57912,0.57924,0.5776,0.57774,3180,0,0
2025-04-04 05:00:00,0.57774,0.57781,0.57399,0.57425,3579,0,0
2025-04-04 06:00:00,0.57425,0.57438,0.57256,0.57335,3753,0,0
2025-04-04 07:00:00,0.57335,0.57344,0.57142,0.57161,3894,0,0
2025-04-04 08:00:00,0.57161,0.57295,0.57147,0.5727,3488,0,0
2025-04-04 09:00:00,0.5727,0.57313,0.5714,0.5717,5249,0,0
2025-04-04 10:00:00,0.5717,0.57246,0.56874,0.56892,6284,0,0
2025-04-04 11:00:00,0.5689,0.56983,0.56811,0.56901,5892,0,0
2025-04-04 12:00:00,0.56901,0.56952,0.5681,0.56897,5200,0,0
2025-04-04 13:00:00,0.56897,0.56928,0.56611,0.56627,9536,0,0
2025-04-04 14:00:00,0.56624,0.56736,0.56136,0.56423,11490,0,0
2025-04-04 15:00:00,0.56423,0.56553,0.56245,0.56423,11827,0,0
2025-04-04 16:00:00,0.56423,0.56584,0.56189,0.56283,10666,0,0
2025-04-04 17:00:00,0.5628,0.56387,0.5589,0.56133,11206,0,0
2025-04-04 18:00:00,0.56133,0.56326,0.55722,0.55926,11543,0,0
2025-04-04 19:00:00,0.55926,0.55973,0.55638,0.55691,8328,0,0
2025-04-04 20:00:00,0.55692,0.5587,0.55516,0.5583,8603,0,0
2025-04-04 21:00:00,0.55829,0.55916,0.55713,0.55768,5136,0,0
2025-04-04 22:00:00,0.55768,0.56091,0.55722,0.55868,5662,0,0
2025-04-04 23:00:00,0.55871,0.5597,0.55805,0.55924,3454,0,0
2025-04-07 00:00:00,0.55526,0.55797,0.55518,0.55771,908,10,0
2025-04-07 01:00:00,0.55768,0.55773,0.55366,0.55501,8022,0,0
2025-04-07 02:00:00,0.55501,0.55731,0.55387,0.55401,8145,0,0
2025-04-07 03:00:00,0.55405,0.55573,0.55199,0.55535,9649,0,0
2025-04-07 04:00:00,0.55535,0.55845,0.55477,0.55748,8280,0,0
2025-04-07 05:00:00,0.55748,0.55801,0.5558,0.55628,6368,0,0
2025-04-07 06:00:00,0.55628,0.55831,0.5558,0.55814,4522,0,0
2025-04-07 07:00:00,0.55814,0.55829,0.55645,0.55694,4342,0,0
2025-04-07 08:00:00,0.55694,0.56019,0.55598,0.55648,7075,0,0
2025-04-07 09:00:00,0.55648,0.55715,0.5552,0.55686,8587,0,0
2025-04-07 10:00:00,0.55686,0.55898,0.55673,0.55823,10261,0,0
2025-04-07 11:00:00,0.55822,0.55914,0.55621,0.55637,8636,0,0
2025-04-07 12:00:00,0.55637,0.55781,0.55529,0.55738,8166,0,0
2025-04-07 13:00:00,0.55737,0.55988,0.55714,0.55848,8570,0,0
2025-04-07 14:00:00,0.55846,0.55937,0.55744,0.55819,7997,0,0
2025-04-07 15:00:00,0.55821,0.56171,0.55772,0.56104,9559,0,0
2025-04-07 16:00:00,0.56104,0.56107,0.55827,0.55926,9721,0,0
2025-04-07 17:00:00,0.55926,0.56444,0.55411,0.55475,15072,0,0
2025-04-07 18:00:00,0.55475,0.5563,0.55268,0.55341,12181,0,0
2025-04-07 19:00:00,0.55343,0.55346,0.55065,0.55097,8576,0,0
2025-04-07 20:00:00,0.55097,0.55534,0.55096,0.55489,9007,0,0
2025-04-07 21:00:00,0.55491,0.5553,0.55282,0.55283,7142,0,0
2025-04-07 22:00:00,0.55283,0.55432,0.55258,0.55308,5451,0,0
2025-04-07 23:00:00,0.5531,0.5542,0.55301,0.5536,2445,1,0
2025-04-08 00:00:00,0.55338,0.55432,0.55142,0.55424,107,34,0
2025-04-08 01:00:00,0.55424,0.55487,0.55354,0.55371,3322,0,0
2025-04-08 02:00:00,0.5537,0.55417,0.55298,0.5536,2621,0,0
2025-04-08 03:00:00,0.55359,0.55588,0.55345,0.5543,4398,0,0
2025-04-08 04:00:00,0.55425,0.55722,0.55337,0.55693,6183,0,0
2025-04-08 05:00:00,0.55693,0.5585,0.55659,0.55768,3964,0,0
2025-04-08 06:00:00,0.55768,0.55792,0.55688,0.55712,3229,0,0
2025-04-08 07:00:00,0.55712,0.56084,0.55704,0.56067,3557,0,0
2025-04-08 08:00:00,0.56067,0.56092,0.55883,0.56077,3818,0,0
2025-04-08 09:00:00,0.56077,0.56138,0.55968,0.56101,5298,0,0
2025-04-08 10:00:00,0.56101,0.56237,0.55962,0.55964,7409,0,0
2025-04-08 11:00:00,0.55962,0.56066,0.55917,0.56015,5058,0,0
2025-04-08 12:00:00,0.56015,0.56015,0.55817,0.55887,6227,0,0
2025-04-08 13:00:00,0.55887,0.55995,0.55861,0.55903,4902,0,0
2025-04-08 14:00:00,0.55903,0.55999,0.55861,0.55999,6988,0,0
2025-04-08 15:00:00,0.55999,0.56216,0.55993,0.56122,6719,0,0
2025-04-08 16:00:00,0.56122,0.56262,0.56042,0.56149,8892,0,0
2025-04-08 17:00:00,0.56153,0.56201,0.55808,0.55818,8891,0,0
2025-04-08 18:00:00,0.55816,0.55891,0.55673,0.55745,6159,0,0
2025-04-08 19:00:00,0.55745,0.55797,0.55554,0.55573,7650,0,0
2025-04-08 20:00:00,0.55573,0.55634,0.55463,0.55565,7354,0,0
2025-04-08 21:00:00,0.55565,0.55636,0.55447,0.55484,6870,0,0
2025-04-08 22:00:00,0.55484,0.55514,0.55304,0.55389,3911,0,0
2025-04-08 23:00:00,0.55388,0.55432,0.55203,0.55334,2559,0,0
2025-04-09 00:00:00,0.55249,0.55809,0.55182,0.55264,241,35,0
2025-04-09 01:00:00,0.55264,0.55319,0.55163,0.55213,3256,0,0
2025-04-09 02:00:00,0.55213,0.55245,0.55073,0.55142,4035,0,0
2025-04-09 03:00:00,0.55142,0.5527,0.54852,0.55258,7118,0,0
2025-04-09 04:00:00,0.55258,0.5542,0.55256,0.55353,7915,0,0
2025-04-09 05:00:00,0.553,0.55607,0.55298,0.55333,5912,0,0
2025-04-09 06:00:00,0.55333,0.5548,0.55234,0.55286,4765,0,0
2025-04-09 07:00:00,0.55286,0.55503,0.55139,0.5545,5139,0,0
2025-04-09 08:00:00,0.55448,0.55459,0.55245,0.55378,6745,0,0
2025-04-09 09:00:00,0.55379,0.5565,0.5537,0.55547,8764,0,0
2025-04-09 10:00:00,0.55546,0.55638,0.55349,0.55631,9957,0,0
2025-04-09 11:00:00,0.55633,0.55645,0.55476,0.55613,7085,0,0
2025-04-09 12:00:00,0.55613,0.55633,0.55509,0.55527,6524,0,0
2025-04-09 13:00:00,0.55527,0.55776,0.55493,0.55694,6114,0,0
2025-04-09 14:00:00,0.55699,0.55723,0.55413,0.55526,10168,0,0
2025-04-09 15:00:00,0.55526,0.55821,0.55489,0.55806,9224,0,0
2025-04-09 16:00:00,0.55806,0.55934,0.55737,0.55915,8199,0,0
2025-04-09 17:00:00,0.55912,0.55925,0.55487,0.55514,8575,0,0
2025-04-09 18:00:00,0.55514,0.5567,0.55482,0.55588,6148,0,0
2025-04-09 19:00:00,0.55588,0.55748,0.55558,0.55711,4801,0,0
2025-04-09 20:00:00,0.55711,0.56562,0.55662,0.56398,12252,0,0
2025-04-09 21:00:00,0.56398,0.56682,0.56277,0.56465,11341,0,0
2025-04-09 22:00:00,0.56465,0.5666,0.56361,0.5639,8095,0,0
2025-04-09 23:00:00,0.56391,0.56464,0.5628,0.56437,5886,0,0
2025-04-10 00:00:00,0.56401,0.56436,0.56309,0.56429,690,12,0
2025-04-10 01:00:00,0.56429,0.56635,0.56418,0.56466,7342,0,0
2025-04-10 02:00:00,0.56466,0.56488,0.56348,0.5636,3917,1,0
2025-04-10 03:00:00,0.5636,0.56551,0.56355,0.56445,6521,0,0
2025-04-10 04:00:00,0.56447,0.56512,0.5628,0.56318,6617,0,0
2025-04-10 05:00:00,0.56318,0.56624,0.56313,0.56609,4618,0,0
2025-04-10 06:00:00,0.56609,0.5689,0.56583,0.56857,4593,0,0
2025-04-10 07:00:00,0.56857,0.56968,0.56786,0.5695,3894,0,0
2025-04-10 08:00:00,0.5695,0.57042,0.56906,0.56987,4169,0,0
2025-04-10 09:00:00,0.56987,0.57099,0.56842,0.56961,5222,0,0
2025-04-10 10:00:00,0.56961,0.56986,0.56639,0.56812,8795,0,0
2025-04-10 11:00:00,0.56812,0.5683,0.5661,0.56734,6857,0,0
2025-04-10 12:00:00,0.56733,0.56876,0.56666,0.56787,5957,0,0
2025-04-10 13:00:00,0.56787,0.56989,0.56786,0.56901,5708,0,0
2025-04-10 14:00:00,0.56902,0.57053,0.56881,0.57037,5294,0,0
2025-04-10 15:00:00,0.57036,0.57341,0.56972,0.5704,8013,0,0
2025-04-10 16:00:00,0.57041,0.57209,0.5699,0.57064,9073,0,0
2025-04-10 17:00:00,0.57063,0.57408,0.56934,0.574,7705,0,0
2025-04-10 18:00:00,0.57399,0.57514,0.57182,0.57204,9134,0,0
2025-04-10 19:00:00,0.57207,0.57289,0.57059,0.57254,8957,0,0
2025-04-10 20:00:00,0.57254,0.57484,0.57165,0.57478,9288,0,0
2025-04-10 21:00:00,0.57477,0.57657,0.57451,0.57527,8178,0,0
2025-04-10 22:00:00,0.57527,0.57585,0.5724,0.57407,8384,0,0
2025-04-10 23:00:00,0.574,0.57527,0.57326,0.57389,3145,0,0
2025-04-11 00:00:00,0.57371,0.57401,0.57255,0.57357,832,10,0
2025-04-11 01:00:00,0.57357,0.57528,0.57354,0.57497,3668,0,0
2025-04-11 02:00:00,0.57497,0.57503,0.5738,0.57466,5384,0,0
2025-04-11 03:00:00,0.57467,0.5775,0.57424,0.57551,9493,0,0
2025-04-11 04:00:00,0.57553,0.57868,0.57507,0.5778,9120,0,0
2025-04-11 05:00:00,0.5778,0.57965,0.57684,0.57883,7187,0,0
2025-04-11 06:00:00,0.57885,0.57996,0.57825,0.57949,5351,0,0
2025-04-11 07:00:00,0.57952,0.5799,0.57662,0.57671,5173,0,0
2025-04-11 08:00:00,0.57671,0.578,0.57586,0.57731,6094,0,0
2025-04-11 09:00:00,0.57734,0.57774,0.57533,0.57622,7745,0,0
2025-04-11 10:00:00,0.57619,0.57981,0.57612,0.57958,7671,0,0
2025-04-11 11:00:00,0.57958,0.58122,0.57857,0.58105,8048,0,0
2025-04-11 12:00:00,0.58105,0.58231,0.58038,0.58152,6403,0,0
2025-04-11 13:00:00,0.58152,0.58152,0.57805,0.57974,6598,0,0
2025-04-11 14:00:00,0.57974,0.58142,0.57964,0.58,5008,0,0
2025-04-11 15:00:00,0.58,0.58262,0.57949,0.58207,6569,0,0
2025-04-11 16:00:00,0.58207,0.58397,0.5796,0.57997,8760,0,0
2025-04-11 17:00:00,0.58001,0.58063,0.57848,0.57931,9316,0,0
2025-04-11 18:00:00,0.57931,0.57983,0.57766,0.57945,7841,0,0
2025-04-11 19:00:00,0.5794,0.58036,0.57795,0.57999,6359,0,0
2025-04-11 20:00:00,0.58,0.58144,0.57942,0.58064,6592,0,0
2025-04-11 21:00:00,0.58065,0.58238,0.58054,0.58195,5272,0,0
2025-04-11 22:00:00,0.58195,0.58326,0.58188,0.58288,3408,0,0
2025-04-11 23:00:00,0.58288,0.58335,0.58134,0.58144,1872,0,0
2025-04-14 00:00:00,0.57956,0.5833,0.57956,0.58302,453,0,0
2025-04-14 01:00:00,0.58302,0.58376,0.58236,0.58295,3624,0,0
2025-04-14 02:00:00,0.58294,0.58437,0.58259,0.58346,3567,0,0
2025-04-14 03:00:00,0.58346,0.58533,0.58338,0.58434,4955,0,0
2025-04-14 04:00:00,0.58434,0.58599,0.58379,0.58393,5107,0,0
2025-04-14 05:00:00,0.58393,0.58501,0.5832,0.58467,3387,0,0
2025-04-14 06:00:00,0.58465,0.5849,0.58311,0.58432,3273,0,0
2025-04-14 07:00:00,0.58432,0.58546,0.58415,0.5854,1922,0,0
2025-04-14 08:00:00,0.5854,0.58599,0.585,0.58544,2276,0,0
2025-04-14 09:00:00,0.58544,0.58884,0.58508,0.58852,4855,0,0
2025-04-14 10:00:00,0.58851,0.58889,0.58704,0.58741,5390,0,0
2025-04-14 11:00:00,0.58742,0.58915,0.58723,0.5884,4646,0,0
2025-04-14 12:00:00,0.58839,0.58897,0.58699,0.58713,3541,0,0
2025-04-14 13:00:00,0.58713,0.58767,0.58646,0.58712,2797,0,0
2025-04-14 14:00:00,0.58713,0.58775,0.58591,0.58628,2649,0,0
2025-04-14 15:00:00,0.58628,0.58644,0.58431,0.58455,4634,0,0
2025-04-14 16:00:00,0.58456,0.58586,0.58306,0.58568,7364,0,0
2025-04-14 17:00:00,0.58568,0.58842,0.58561,0.58818,5949,0,0
2025-04-14 18:00:00,0.58818,0.58864,0.58653,0.58655,5459,0,0
2025-04-14 19:00:00,0.58655,0.58757,0.58631,0.5864,4985,0,0
2025-04-14 20:00:00,0.5864,0.58817,0.58636,0.58769,4441,0,0
2025-04-14 21:00:00,0.58769,0.58871,0.58769,0.58867,2846,0,0
2025-04-14 22:00:00,0.58864,0.58905,0.58817,0.58841,1816,0,0
2025-04-14 23:00:00,0.58841,0.58848,0.58733,0.5877,1608,0,0
2025-04-15 00:00:00,0.58762,0.58762,0.58448,0.58676,238,15,0
2025-04-15 01:00:00,0.58676,0.58782,0.58671,0.58744,2182,0,0
2025-04-15 02:00:00,0.58744,0.58781,0.5861,0.58647,2191,0,0
2025-04-15 03:00:00,0.58647,0.58842,0.58647,0.58841,2897,0,0
2025-04-15 04:00:00,0.58841,0.59001,0.58833,0.58906,2632,0,0
2025-04-15 05:00:00,0.58906,0.59149,0.58906,0.59094,2666,0,0
2025-04-15 06:00:00,0.59094,0.59135,0.5902,0.59108,2195,0,0
2025-04-15 07:00:00,0.59108,0.59284,0.59103,0.59225,1979,0,0
2025-04-15 08:00:00,0.59225,0.5928,0.59051,0.59062,2498,0,0
2025-04-15 09:00:00,0.59063,0.59128,0.59031,0.5911,3278,0,0
2025-04-15 10:00:00,0.5911,0.59206,0.59079,0.59165,3315,0,0
2025-04-15 11:00:00,0.59159,0.59167,0.59026,0.59063,3211,0,0
2025-04-15 12:00:00,0.59063,0.59186,0.59032,0.59105,2179,0,0
2025-04-15 13:00:00,0.59105,0.59251,0.59095,0.59235,2052,0,0
2025-04-15 14:00:00,0.59235,0.59251,0.59139,0.5923,3255,0,0
2025-04-15 15:00:00,0.5923,0.59388,0.5922,0.59329,4587,0,0
2025-04-15 16:00:00,0.59329,0.59438,0.59322,0.59355,4889,0,0
2025-04-15 17:00:00,0.59354,0.5938,0.59176,0.59302,7104,0,0
2025-04-15 18:00:00,0.59302,0.59323,0.5912,0.5915,4868,0,0
2025-04-15 19:00:00,0.5915,0.59203,0.59037,0.59068,4078,0,0
2025-04-15 20:00:00,0.59067,0.59106,0.58996,0.59043,3159,0,0
2025-04-15 21:00:00,0.59043,0.59043,0.58917,0.58972,2805,0,0
2025-04-15 22:00:00,0.58972,0.59047,0.58963,0.58986,1949,0,0
2025-04-15 23:00:00,0.58985,0.59035,0.58953,0.58996,1743,0,0
2025-04-16 00:00:00,0.58989,0.58989,0.58868,0.58899,687,8,0
2025-04-16 01:00:00,0.58899,0.59021,0.58897,0.59018,1096,0,0
2025-04-16 02:00:00,0.59018,0.59024,0.58865,0.58942,2471,0,0
2025-04-16 03:00:00,0.58942,0.59098,0.58896,0.58951,3741,0,0
2025-04-16 04:00:00,0.58951,0.59081,0.58951,0.59007,2723,0,0
2025-04-16 05:00:00,0.59007,0.5909,0.58934,0.58997,2727,0,0
2025-04-16 06:00:00,0.58997,0.59122,0.58987,0.5912,2075,0,0
2025-04-16 07:00:00,0.5912,0.59217,0.59102,0.59206,1766,0,0
2025-04-16 08:00:00,0.59206,0.59281,0.59135,0.59251,3404,0,0
2025-04-16 09:00:00,0.59251,0.59256,0.59097,0.59178,3886,0,0
2025-04-16 10:00:00,0.59178,0.59264,0.5912,0.59184,3934,0,0
2025-04-16 11:00:00,0.59184,0.59307,0.59109,0.59208,5973,0,0
2025-04-16 12:00:00,0.59208,0.59239,0.591,0.59123,4272,0,0
2025-04-16 13:00:00,0.59123,0.59184,0.59078,0.59132,3294,0,0
2025-04-16 14:00:00,0.59132,0.59175,0.59106,0.5914,2834,0,0
2025-04-16 15:00:00,0.5914,0.59198,0.58996,0.59043,4387,0,0
2025-04-16 16:00:00,0.59043,0.59119,0.59003,0.5911,4865,0,0
2025-04-16 17:00:00,0.59111,0.59193,0.59013,0.5919,5376,0,0
2025-04-16 18:00:00,0.5919,0.59307,0.59182,0.59275,3654,0,0
2025-04-16 19:00:00,0.59274,0.59302,0.5924,0.59266,2641,0,0
2025-04-16 20:00:00,0.59266,0.59286,0.59102,0.59112,4991,0,0
2025-04-16 21:00:00,0.59113,0.59279,0.59109,0.59254,3629,0,0
2025-04-16 22:00:00,0.59254,0.5933,0.59236,0.59304,2470,0,0
2025-04-16 23:00:00,0.59302,0.5937,0.59284,0.59338,1552,0,0
2025-04-17 00:00:00,0.59335,0.59337,0.59163,0.59319,578,8,0
2025-04-17 01:00:00,0.59319,0.59432,0.59305,0.59385,1704,0,0
2025-04-17 02:00:00,0.59385,0.59433,0.59339,0.59357,1935,0,0
2025-04-17 03:00:00,0.59357,0.59369,0.59196,0.59213,3599,0,0
2025-04-17 04:00:00,0.59213,0.59213,0.59089,0.59125,3693,0,0
2025-04-17 05:00:00,0.59125,0.59256,0.59123,0.59206,2454,0,0
2025-04-17 06:00:00,0.59206,0.5925,0.59132,0.59136,1920,0,0
2025-04-17 07:00:00,0.59136,0.59156,0.59071,0.59099,1814,0,0
2025-04-17 08:00:00,0.59099,0.59163,0.59022,0.59085,2359,0,0
2025-04-17 09:00:00,0.59085,0.5909,0.58997,0.59011,3394,0,0
2025-04-17 10:00:00,0.59012,0.592,0.59009,0.59173,3711,0,0
2025-04-17 11:00:00,0.59173,0.59264,0.59145,0.59258,2793,0,0
2025-04-17 12:00:00,0.59258,0.59324,0.59243,0.59277,2765,0,0
2025-04-17 13:00:00,0.59275,0.59348,0.59262,0.59325,3294,0,0
2025-04-17 14:00:00,0.59325,0.59408,0.59319,0.59374,2439,0,0
2025-04-17 15:00:00,0.59375,0.59612,0.59373,0.59606,4708,0,0
2025-04-17 16:00:00,0.59606,0.597,0.59513,0.5969,4856,0,0
2025-04-17 17:00:00,0.59686,0.59729,0.59569,0.59578,4612,0,0
2025-04-17 18:00:00,0.59578,0.59722,0.59572,0.59678,3595,0,0
2025-04-17 19:00:00,0.59678,0.59756,0.59633,0.59701,4429,0,0
2025-04-17 20:00:00,0.59698,0.59727,0.59656,0.59708,2327,0,0
2025-04-17 21:00:00,0.59709,0.59779,0.59675,0.59749,2344,0,0
2025-04-17 22:00:00,0.59749,0.59764,0.59711,0.59719,1888,0,0
2025-04-17 23:00:00,0.59718,0.59747,0.59692,0.59715,956,0,0
2025-04-18 00:00:00,0.59716,0.59716,0.59327,0.59643,404,11,0
2025-04-18 01:00:00,0.59643,0.59681,0.59631,0.59671,399,11,0
2025-04-18 02:00:00,0.59672,0.5973,0.59657,0.59693,1312,0,0
2025-04-18 03:00:00,0.59692,0.59729,0.59651,0.59714,9616,0,0
2025-04-18 04:00:00,0.59714,0.59718,0.59628,0.59638,8767,0,0
2025-04-18 05:00:00,0.59638,0.59665,0.59316,0.5935,9421,0,0
2025-04-18 06:00:00,0.5935,0.59389,0.59261,0.59338,11405,0,0
2025-04-18 07:00:00,0.59338,0.59381,0.59322,0.59365,9813,0,0
2025-04-18 08:00:00,0.59366,0.59371,0.59262,0.59322,9421,0,0
2025-04-18 09:00:00,0.59322,0.59372,0.59269,0.59367,10013,0,0
2025-04-18 10:00:00,0.59366,0.59433,0.59253,0.5927,12069,0,0
2025-04-18 11:00:00,0.5927,0.59291,0.59245,0.59251,11979,0,0
2025-04-18 12:00:00,0.59252,0.59345,0.59241,0.59313,15359,0,0
2025-04-18 13:00:00,0.59313,0.59366,0.59291,0.59306,13490,0,0
2025-04-18 14:00:00,0.59306,0.59319,0.59303,0.59319,5446,0,0
2025-04-18 15:00:00,0.59319,0.5932,0.59291,0.59312,2783,0,0
2025-04-18 16:00:00,0.59312,0.59319,0.59293,0.59317,2604,2,0
2025-04-18 17:00:00,0.59317,0.59324,0.59303,0.59314,5129,0,0
2025-04-18 18:00:00,0.59314,0.59325,0.59293,0.59318,4778,0,0
2025-04-18 19:00:00,0.59318,0.59325,0.59308,0.59322,3178,0,0
2025-04-18 20:00:00,0.59322,0.59396,0.59311,0.59381,3536,0,0
2025-04-18 21:00:00,0.59381,0.59393,0.5934,0.59351,8993,1,0
2025-04-18 22:00:00,0.59351,0.59374,0.59307,0.59316,11478,14,0
2025-04-18 23:00:00,0.59314,0.59399,0.59302,0.59302,11400,17,0
2025-04-21 00:00:00,0.59178,0.59267,0.59126,0.59257,88,131,0
2025-04-21 01:00:00,0.59257,0.59517,0.59147,0.59507,3213,0,0
2025-04-21 02:00:00,0.59507,0.59601,0.59499,0.59594,2795,0,0
2025-04-21 03:00:00,0.59594,0.59705,0.59588,0.59605,3534,0,0
2025-04-21 04:00:00,0.59606,0.59669,0.59587,0.59666,2882,0,0
2025-04-21 05:00:00,0.59666,0.59823,0.59644,0.5979,3068,0,0
2025-04-21 06:00:00,0.5979,0.60045,0.59786,0.60021,2407,0,0
2025-04-21 07:00:00,0.60021,0.60021,0.59875,0.59977,1904,0,0
2025-04-21 08:00:00,0.59977,0.6014,0.59954,0.60114,2031,0,0
2025-04-21 09:00:00,0.60114,0.60139,0.5995,0.60005,2842,0,0
2025-04-21 10:00:00,0.60004,0.60175,0.59981,0.60147,3554,0,0
2025-04-21 11:00:00,0.60147,0.6017,0.60088,0.60154,3605,0,0
2025-04-21 12:00:00,0.60154,0.60192,0.601,0.60108,2931,0,0
2025-04-21 13:00:00,0.60108,0.60126,0.60024,0.60076,2707,0,0
2025-04-21 14:00:00,0.60076,0.60167,0.6003,0.60099,2739,0,0
2025-04-21 15:00:00,0.60099,0.60182,0.60025,0.60171,3348,0,0
2025-04-21 16:00:00,0.60171,0.60187,0.6004,0.60075,4417,0,0
2025-04-21 17:00:00,0.60074,0.6013,0.60042,0.6005,4353,0,0
2025-04-21 18:00:00,0.6005,0.60052,0.5996,0.59992,3630,0,0
2025-04-21 19:00:00,0.59992,0.60028,0.5998,0.6001,2050,0,0
2025-04-21 20:00:00,0.6001,0.60013,0.59929,0.59981,2735,0,0
2025-04-21 21:00:00,0.59981,0.60057,0.59957,0.60042,2078,0,0
2025-04-21 22:00:00,0.6004,0.60137,0.60002,0.60013,1829,0,0
2025-04-21 23:00:00,0.60013,0.60031,0.5998,0.60002,745,0,0
2025-04-22 00:00:00,0.6,0.60005,0.59843,0.59917,310,13,0
2025-04-22 01:00:00,0.59917,0.60014,0.59912,0.59976,1610,0,0
2025-04-22 02:00:00,0.59976,0.60018,0.59946,0.60002,1821,0,0
2025-04-22 03:00:00,0.60002,0.60031,0.59806,0.59876,3803,0,0
2025-04-22 04:00:00,0.59876,0.60029,0.59876,0.5996,3570,0,0
2025-04-22 05:00:00,0.5996,0.60087,0.59929,0.60082,2574,0,0
2025-04-22 06:00:00,0.60077,0.60205,0.60072,0.60172,3408,0,0
2025-04-22 07:00:00,0.60172,0.60234,0.60165,0.60206,2157,0,0
2025-04-22 08:00:00,0.60206,0.60292,0.60103,0.60248,3793,0,0
2025-04-22 09:00:00,0.60248,0.60278,0.59998,0.6001,4836,0,0
2025-04-22 10:00:00,0.6001,0.6014,0.6,0.60064,4494,0,0
2025-04-22 11:00:00,0.60064,0.60115,0.60029,0.60048,3833,0,0
2025-04-22 12:00:00,0.60048,0.60096,0.60016,0.60049,3495,0,0
2025-04-22 13:00:00,0.60049,0.60098,0.60005,0.60007,3052,0,0
2025-04-22 14:00:00,0.60007,0.60011,0.59931,0.59955,2879,0,0
2025-04-22 15:00:00,0.59953,0.5999,0.59856,0.5992,3982,0,0
2025-04-22 16:00:00,0.5992,0.59951,0.59848,0.59929,4602,0,0
2025-04-22 17:00:00,0.59928,0.60018,0.59863,0.59967,3714,0,0
2025-04-22 18:00:00,0.59967,0.60008,0.59898,0.59924,3200,0,0
2025-04-22 19:00:00,0.59924,0.59995,0.59876,0.59884,4785,0,0
2025-04-22 20:00:00,0.59884,0.59929,0.59797,0.59852,4664,0,0
2025-04-22 21:00:00,0.59852,0.59875,0.5977,0.59781,2599,0,0
2025-04-22 22:00:00,0.5978,0.59806,0.59654,0.5968,2175,0,0
2025-04-22 23:00:00,0.5968,0.59713,0.59634,0.59639,923,0,0
2025-04-23 00:00:00,0.59633,0.59705,0.59563,0.59571,747,0,0
2025-04-23 01:00:00,0.5957,0.59571,0.59369,0.59515,5953,0,0
2025-04-23 02:00:00,0.5951,0.59658,0.59504,0.59593,4289,0,0
2025-04-23 03:00:00,0.59593,0.59831,0.5959,0.59829,4057,0,0
2025-04-23 04:00:00,0.59829,0.59875,0.59748,0.59783,3950,0,0
2025-04-23 05:00:00,0.59783,0.59805,0.59667,0.59715,3205,0,0
2025-04-23 06:00:00,0.59716,0.59748,0.59611,0.59715,3128,0,0
2025-04-23 07:00:00,0.59715,0.59841,0.59658,0.59807,2658,0,0
2025-04-23 08:00:00,0.59807,0.59868,0.59739,0.59837,3160,0,0
2025-04-23 09:00:00,0.59837,0.59976,0.59818,0.59951,4332,0,0
2025-04-23 10:00:00,0.59951,0.59978,0.59814,0.59849,4368,0,0
2025-04-23 11:00:00,0.5985,0.59898,0.5977,0.59871,3894,0,0
2025-04-23 12:00:00,0.59871,0.59975,0.5987,0.5995,3063,0,0
2025-04-23 13:00:00,0.59949,0.59957,0.59817,0.59872,2720,0,0
2025-04-23 14:00:00,0.59871,0.59938,0.598,0.59887,3106,0,0
2025-04-23 15:00:00,0.59887,0.59991,0.59858,0.59972,3383,0,0
2025-04-23 16:00:00,0.59972,0.60134,0.59741,0.59822,6524,0,0
2025-04-23 17:00:00,0.59822,0.5997,0.59754,0.59835,8268,0,0
2025-04-23 18:00:00,0.59835,0.59867,0.59627,0.59631,6707,0,0
2025-04-23 19:00:00,0.59631,0.59633,0.59522,0.59595,4859,0,0
2025-04-23 20:00:00,0.59595,0.5964,0.59559,0.59606,3894,0,0
2025-04-23 21:00:00,0.59604,0.59631,0.59512,0.59551,3069,0,0
2025-04-23 22:00:00,0.59551,0.59573,0.59472,0.59508,2457,0,0
2025-04-23 23:00:00,0.59507,0.59514,0.59443,0.59451,1439,0,0
2025-04-24 00:00:00,0.59445,0.59461,0.59365,0.59453,247,10,0
2025-04-24 01:00:00,0.59453,0.5957,0.59443,0.59503,2097,0,0
2025-04-24 02:00:00,0.59502,0.59566,0.59493,0.59504,2058,0,0
2025-04-24 03:00:00,0.59505,0.59554,0.59441,0.59499,2847,0,0
2025-04-24 04:00:00,0.59499,0.59545,0.59437,0.59477,3429,0,0
2025-04-24 05:00:00,0.59477,0.59625,0.59439,0.59624,2581,0,0
2025-04-24 06:00:00,0.59624,0.5963,0.5949,0.59527,2127,0,0
2025-04-24 07:00:00,0.59527,0.59582,0.59495,0.59543,1889,0,0
2025-04-24 08:00:00,0.59543,0.59554,0.59414,0.59432,2947,0,0
2025-04-24 09:00:00,0.59432,0.59638,0.59429,0.59619,2837,0,0
2025-04-24 10:00:00,0.5962,0.59727,0.59617,0.59727,3392,0,0
2025-04-24 11:00:00,0.59727,0.59809,0.5971,0.59747,3021,0,0
2025-04-24 12:00:00,0.59746,0.59828,0.59724,0.59761,2400,0,0
2025-04-24 13:00:00,0.59761,0.59826,0.59757,0.5977,1703,0,0
2025-04-24 14:00:00,0.5977,0.59825,0.59732,0.59741,2730,0,0
2025-04-24 15:00:00,0.59741,0.5982,0.59726,0.59739,3297,0,0
2025-04-24 16:00:00,0.59739,0.5981,0.5973,0.59793,3562,0,0
2025-04-24 17:00:00,0.59793,0.59923,0.59791,0.5987,4164,0,0
2025-04-24 18:00:00,0.59869,0.59915,0.59769,0.59837,3820,0,0
2025-04-24 19:00:00,0.59837,0.59944,0.59826,0.59937,3617,0,0
2025-04-24 20:00:00,0.59937,0.59962,0.5985,0.59872,2361,0,0
2025-04-24 21:00:00,0.59872,0.59919,0.59855,0.59909,1677,0,0
2025-04-24 22:00:00,0.59906,0.5999,0.59898,0.59962,1420,0,0
2025-04-24 23:00:00,0.59962,0.60006,0.59942,0.59969,805,0,0
2025-04-25 00:00:00,0.59953,0.59953,0.59818,0.59905,755,21,0
2025-04-25 01:00:00,0.59903,0.6001,0.59865,0.59945,2541,1,0
2025-04-25 02:00:00,0.59945,0.5995,0.59867,0.59876,1469,0,0
2025-04-25 03:00:00,0.59876,0.59906,0.59835,0.59854,2707,0,0
2025-04-25 04:00:00,0.59854,0.5991,0.59805,0.59822,2842,0,0
2025-04-25 05:00:00,0.59823,0.59874,0.5981,0.59857,1989,0,0
2025-04-25 06:00:00,0.59857,0.59993,0.59829,0.59861,3346,0,0
2025-04-25 07:00:00,0.59861,0.59872,0.59775,0.59784,2259,0,0
2025-04-25 08:00:00,0.59783,0.59801,0.5964,0.59673,2284,0,0
2025-04-25 09:00:00,0.59673,0.59734,0.59601,0.59727,2704,0,0
2025-04-25 10:00:00,0.59727,0.59834,0.59705,0.59737,3594,0,0
2025-04-25 11:00:00,0.59736,0.59778,0.59614,0.59636,2816,0,0
2025-04-25 12:00:00,0.59636,0.59651,0.59507,0.59509,2668,0,0
2025-04-25 13:00:00,0.59509,0.59574,0.59486,0.59554,3416,0,0
2025-04-25 14:00:00,0.59555,0.59606,0.5951,0.5956,2390,0,0
2025-04-25 15:00:00,0.59559,0.59609,0.5954,0.59565,2515,0,0
2025-04-25 16:00:00,0.59565,0.59592,0.59508,0.59561,3397,0,0
2025-04-25 17:00:00,0.59567,0.59689,0.59558,0.59621,3567,0,0
2025-04-25 18:00:00,0.59621,0.59681,0.59585,0.5967,2500,0,0
2025-04-25 19:00:00,0.5967,0.5969,0.59643,0.59656,1793,0,0
2025-04-25 20:00:00,0.59655,0.59698,0.59615,0.59642,2283,0,0
2025-04-25 21:00:00,0.59642,0.59702,0.59638,0.59698,1380,0,0
2025-04-25 22:00:00,0.59698,0.59701,0.59643,0.59646,1061,0,0
2025-04-25 23:00:00,0.59647,0.59659,0.59535,0.59604,1030,0,0
2025-04-28 00:00:00,0.59473,0.5965,0.59412,0.59623,272,54,0
2025-04-28 01:00:00,0.59623,0.59651,0.59523,0.59542,1851,0,0
2025-04-28 02:00:00,0.59544,0.59557,0.59478,0.59487,1581,0,0
2025-04-28 03:00:00,0.59487,0.59557,0.59485,0.59538,2250,0,0
2025-04-28 04:00:00,0.59539,0.59604,0.59463,0.59468,2265,0,0
2025-04-28 05:00:00,0.5947,0.59528,0.59441,0.5948,2172,0,0
2025-04-28 06:00:00,0.5948,0.59586,0.59431,0.59546,1501,0,0
2025-04-28 07:00:00,0.59546,0.59676,0.59541,0.59675,1465,0,0
2025-04-28 08:00:00,0.59675,0.597,0.59644,0.59675,2229,0,0
2025-04-28 09:00:00,0.59675,0.59678,0.59421,0.59449,2948,0,0
2025-04-28 10:00:00,0.59449,0.59486,0.59353,0.59363,3004,0,0
2025-04-28 11:00:00,0.59359,0.59399,0.59282,0.59384,2670,0,0
2025-04-28 12:00:00,0.59384,0.59586,0.59374,0.59518,2192,0,0
2025-04-28 13:00:00,0.59518,0.59563,0.59475,0.59489,1953,0,0
2025-04-28 14:00:00,0.59489,0.59515,0.59443,0.59467,1936,0,0
2025-04-28 15:00:00,0.59467,0.59587,0.59461,0.59479,2671,0,0
2025-04-28 16:00:00,0.59479,0.59652,0.59467,0.59595,3346,0,0
2025-04-28 17:00:00,0.59595,0.59823,0.59572,0.59776,4712,0,0
2025-04-28 18:00:00,0.59776,0.59794,0.59613,0.59631,3852,0,0
2025-04-28 19:00:00,0.59631,0.59712,0.59623,0.59688,3059,0,0
2025-04-28 20:00:00,0.59688,0.59689,0.5962,0.59626,2169,0,0
2025-04-28 21:00:00,0.59626,0.59702,0.59622,0.59675,1704,0,0
2025-04-28 22:00:00,0.59672,0.59804,0.59668,0.59783,1483,0,0
2025-04-28 23:00:00,0.59783,0.59795,0.59757,0.59788,824,0,0
2025-04-29 00:00:00,0.59787,0.59787,0.5972,0.59768,449,10,0
2025-04-29 01:00:00,0.59768,0.59803,0.59719,0.59743,941,0,0
2025-04-29 02:00:00,0.59741,0.5977,0.59693,0.59705,1838,0,0
2025-04-29 03:00:00,0.59705,0.59707,0.59593,0.5962,1956,0,0
2025-04-29 04:00:00,0.5962,0.59669,0.59604,0.59652,2063,0,0
2025-04-29 05:00:00,0.59653,0.59868,0.59614,0.5962,3516,0,0
2025-04-29 06:00:00,0.5962,0.59623,0.59505,0.59539,2453,0,0
2025-04-29 07:00:00,0.59539,0.59568,0.59466,0.59504,1714,0,0
2025-04-29 08:00:00,0.59504,0.59547,0.59478,0.59547,1809,0,0
2025-04-29 09:00:00,0.59546,0.59694,0.5954,0.59629,2570,0,0
2025-04-29 10:00:00,0.59629,0.59776,0.596,0.59767,3777,0,0
2025-04-29 11:00:00,0.59767,0.59788,0.59652,0.59665,2803,0,0
2025-04-29 12:00:00,0.59665,0.59687,0.59567,0.59569,2241,0,0
2025-04-29 13:00:00,0.59569,0.59612,0.59487,0.59488,2148,0,0
2025-04-29 14:00:00,0.59488,0.59549,0.5948,0.595,2099,0,0
2025-04-29 15:00:00,0.595,0.59603,0.595,0.59563,2965,0,0
2025-04-29 16:00:00,0.59564,0.59573,0.5935,0.59398,3955,0,0
2025-04-29 17:00:00,0.59388,0.59433,0.59267,0.59321,4303,0,0
2025-04-29 18:00:00,0.59321,0.59449,0.59313,0.59385,2826,0,0
2025-04-29 19:00:00,0.59385,0.59501,0.59382,0.59425,2175,0,0
2025-04-29 20:00:00,0.59424,0.5947,0.59383,0.59435,1476,0,0
2025-04-29 21:00:00,0.59435,0.59445,0.59358,0.59395,1492,0,0
2025-04-29 22:00:00,0.59395,0.59437,0.59343,0.59375,1175,0,0
2025-04-29 23:00:00,0.59375,0.59403,0.59272,0.59296,592,0,0
2025-04-30 00:00:00,0.59304,0.59348,0.5925,0.59302,454,13,0
2025-04-30 01:00:00,0.59301,0.59357,0.59296,0.59323,775,0,0
2025-04-30 02:00:00,0.59323,0.59395,0.59311,0.59385,1022,0,0
2025-04-30 03:00:00,0.59385,0.59394,0.59273,0.59292,2159,0,0
2025-04-30 04:00:00,0.59292,0.59431,0.5927,0.59297,3040,0,0
2025-04-30 05:00:00,0.59297,0.59364,0.5924,0.59278,2334,0,0
2025-04-30 06:00:00,0.59278,0.59322,0.59238,0.59305,2070,0,0
2025-04-30 07:00:00,0.59305,0.59368,0.59289,0.59341,1573,0,0
2025-04-30 08:00:00,0.59341,0.59449,0.59325,0.5944,1415,0,0
2025-04-30 09:00:00,0.5944,0.59498,0.59361,0.59387,2341,0,0
2025-04-30 10:00:00,0.59387,0.59389,0.59183,0.59247,2805,0,0
2025-04-30 11:00:00,0.59247,0.59284,0.59167,0.59192,2651,0,0
2025-04-30 12:00:00,0.59192,0.59291,0.59192,0.59257,2291,0,0
2025-04-30 13:00:00,0.59257,0.59271,0.59169,0.59205,2070,0,0
2025-04-30 14:00:00,0.59205,0.59248,0.59161,0.59215,2004,0,0
2025-04-30 15:00:00,0.59216,0.59242,0.59026,0.59107,4507,0,0
2025-04-30 16:00:00,0.59107,0.5917,0.59023,0.59055,4455,0,0
2025-04-30 17:00:00,0.59055,0.59382,0.58984,0.59342,5363,0,0
2025-04-30 18:00:00,0.59342,0.59371,0.59237,0.59316,4115,0,0
2025-04-30 19:00:00,0.59316,0.59342,0.59275,0.59313,2338,0,0
2025-04-30 20:00:00,0.59313,0.59402,0.59306,0.59335,1870,0,0
2025-04-30 21:00:00,0.59335,0.59462,0.59321,0.59382,2439,0,0
2025-04-30 22:00:00,0.59382,0.59465,0.59375,0.59394,1765,0,0
2025-04-30 23:00:00,0.59394,0.59415,0.59331,0.59336,1470,0,0
2025-05-01 00:00:00,0.59335,0.5934,0.59148,0.59338,679,14,0
2025-05-01 01:00:00,0.59355,0.59409,0.59341,0.59377,874,0,0
2025-05-01 02:00:00,0.59377,0.59411,0.59313,0.59357,1127,0,0
2025-05-01 03:00:00,0.59357,0.59449,0.59354,0.59446,2225,0,0
2025-05-01 04:00:00,0.59446,0.59449,0.59332,0.59354,1927,0,0
2025-05-01 05:00:00,0.59354,0.59514,0.59348,0.5947,1581,0,0
2025-05-01 06:00:00,0.59469,0.59478,0.59343,0.59425,2773,0,0
2025-05-01 07:00:00,0.59425,0.59451,0.59369,0.59412,1781,0,0
2025-05-01 08:00:00,0.59412,0.59423,0.5924,0.5928,2075,0,0
2025-05-01 09:00:00,0.5928,0.59379,0.59264,0.59335,2727,0,0
2025-05-01 10:00:00,0.59335,0.59335,0.59228,0.59247,2756,0,0
2025-05-01 11:00:00,0.59247,0.59342,0.59233,0.59281,2042,0,0
2025-05-01 12:00:00,0.59281,0.59331,0.59156,0.59165,1499,0,0
2025-05-01 13:00:00,0.59165,0.59304,0.59129,0.59301,2290,0,0
2025-05-01 14:00:00,0.59301,0.59333,0.59226,0.59247,2012,0,0
2025-05-01 15:00:00,0.59247,0.59279,0.59165,0.59173,3600,0,0
2025-05-01 16:00:00,0.59173,0.59253,0.59138,0.59138,3218,0,0
2025-05-01 17:00:00,0.59133,0.59223,0.59043,0.59085,4866,0,0
2025-05-01 18:00:00,0.59085,0.59161,0.58947,0.58995,2886,0,0
2025-05-01 19:00:00,0.58994,0.59035,0.58936,0.59028,1748,0,0
2025-05-01 20:00:00,0.59028,0.59065,0.58974,0.58996,1357,0,0
2025-05-01 21:00:00,0.58996,0.59139,0.58961,0.59074,2036,0,0
2025-05-01 22:00:00,0.59074,0.59122,0.59056,0.59076,1355,0,0
2025-05-01 23:00:00,0.59076,0.59097,0.59036,0.59062,905,0,0
2025-05-02 00:00:00,0.59059,0.5906,0.58898,0.5906,226,23,0
2025-05-02 01:00:00,0.59085,0.59094,0.59042,0.59058,1024,0,0
2025-05-02 02:00:00,0.59058,0.5915,0.59034,0.59121,992,0,0
2025-05-02 03:00:00,0.59121,0.59249,0.59074,0.59242,3729,0,0
2025-05-02 04:00:00,0.59242,0.5927,0.59162,0.59229,3488,0,0
2025-05-02 05:00:00,0.59229,0.59315,0.59229,0.59258,2283,0,0
2025-05-02 06:00:00,0.59258,0.59358,0.5923,0.5932,2260,0,0
2025-05-02 07:00:00,0.5932,0.59372,0.59219,0.59321,2447,0,0
2025-05-02 08:00:00,0.5932,0.59364,0.59285,0.59319,1818,0,0
2025-05-02 09:00:00,0.59319,0.59384,0.59229,0.59335,2977,0,0
2025-05-02 10:00:00,0.59335,0.59416,0.59208,0.59208,2598,0,0
2025-05-02 11:00:00,0.59208,0.59256,0.59139,0.59252,2107,0,0
2025-05-02 12:00:00,0.59251,0.59491,0.59213,0.59438,3139,0,0
2025-05-02 13:00:00,0.59438,0.59446,0.59343,0.5939,2476,0,0
2025-05-02 14:00:00,0.5939,0.59466,0.59381,0.59413,1909,0,0
2025-05-02 15:00:00,0.59413,0.59572,0.59287,0.59504,4856,0,0
2025-05-02 16:00:00,0.59503,0.59747,0.59486,0.59681,5369,0,0
2025-05-02 17:00:00,0.59682,0.59775,0.59657,0.59728,4950,0,0
2025-05-02 18:00:00,0.59728,0.59735,0.59517,0.59535,4194,0,0
2025-05-02 19:00:00,0.59535,0.59613,0.59506,0.59516,3856,0,0
2025-05-02 20:00:00,0.59516,0.59535,0.59446,0.59477,2756,0,0
2025-05-02 21:00:00,0.59477,0.59509,0.59401,0.59429,2318,0,0
2025-05-02 22:00:00,0.59429,0.59485,0.59425,0.59453,1402,0,0
2025-05-02 23:00:00,0.59453,0.59486,0.59437,0.59447,845,0,0
2025-05-05 00:00:00,0.59395,0.59536,0.59345,0.59411,1789,30,0
2025-05-05 01:00:00,0.59411,0.59603,0.59397,0.59571,1562,0,0
2025-05-05 02:00:00,0.59571,0.59577,0.59492,0.59492,1209,0,0
2025-05-05 03:00:00,0.59492,0.59507,0.59412,0.59486,2038,0,0
2025-05-05 04:00:00,0.59486,0.59839,0.59486,0.59759,3854,0,0
2025-05-05 05:00:00,0.59759,0.59849,0.59705,0.59811,2597,0,0
2025-05-05 06:00:00,0.59811,0.59817,0.59683,0.59691,1582,0,0
2025-05-05 07:00:00,0.59691,0.59753,0.59684,0.59745,1703,0,0
2025-05-05 08:00:00,0.59745,0.59938,0.59737,0.59858,2727,0,0
2025-05-05 09:00:00,0.59859,0.59867,0.59674,0.59716,2772,0,0
2025-05-05 10:00:00,0.59716,0.59749,0.59621,0.59629,2639,0,0
2025-05-05 11:00:00,0.59629,0.59804,0.59619,0.59701,2556,0,0
2025-05-05 12:00:00,0.59701,0.59856,0.59701,0.59847,2473,0,0
2025-05-05 13:00:00,0.59847,0.5987,0.59781,0.59801,2172,0,0
2025-05-05 14:00:00,0.59801,0.59903,0.59796,0.59854,2251,0,0
2025-05-05 15:00:00,0.59854,0.59959,0.59842,0.59915,2932,0,0
2025-05-05 16:00:00,0.59915,0.59949,0.5978,0.5978,3157,0,0
2025-05-05 17:00:00,0.5978,0.59855,0.59732,0.59844,4454,0,0
2025-05-05 18:00:00,0.59841,0.59841,0.59688,0.5972,2698,0,0
2025-05-05 19:00:00,0.5972,0.59739,0.59628,0.5964,1943,0,0
2025-05-05 20:00:00,0.5964,0.59663,0.59615,0.59627,1304,0,0
2025-05-05 21:00:00,0.59626,0.59656,0.59596,0.59652,1202,0,0
2025-05-05 22:00:00,0.59652,0.59723,0.59636,0.59657,1301,0,0
2025-05-05 23:00:00,0.59657,0.59696,0.59621,0.59669,699,0,0
2025-05-06 00:00:00,0.59665,0.59718,0.59585,0.59646,174,15,0
2025-05-06 01:00:00,0.59646,0.59674,0.59599,0.59609,605,0,0
2025-05-06 02:00:00,0.59609,0.59634,0.59597,0.5961,799,0,0
2025-05-06 03:00:00,0.5961,0.59633,0.59442,0.59484,2357,0,0
2025-05-06 04:00:00,0.59484,0.59561,0.59439,0.59515,3224,0,0
2025-05-06 05:00:00,0.59515,0.59668,0.59509,0.59646,2269,0,0
2025-05-06 06:00:00,0.59646,0.59709,0.59593,0.59701,2186,0,0
2025-05-06 07:00:00,0.59701,0.59836,0.59701,0.59818,1674,0,0
2025-05-06 08:00:00,0.59818,0.59839,0.59692,0.59718,2101,0,0
2025-05-06 09:00:00,0.59718,0.59814,0.5966,0.59812,2445,0,0
2025-05-06 10:00:00,0.59812,0.59908,0.59797,0.59862,3098,0,0
2025-05-06 11:00:00,0.59862,0.5991,0.59784,0.59787,3030,0,0
2025-05-06 12:00:00,0.59787,0.59789,0.59639,0.59684,2751,0,0
2025-05-06 13:00:00,0.59684,0.59794,0.59677,0.59792,1826,0,0
2025-05-06 14:00:00,0.59792,0.59844,0.59762,0.59842,2199,0,0
2025-05-06 15:00:00,0.59842,0.59896,0.59792,0.59886,2586,0,0
2025-05-06 16:00:00,0.59886,0.59923,0.59795,0.59918,3108,0,0
2025-05-06 17:00:00,0.59918,0.60015,0.59895,0.5995,3663,0,0
2025-05-06 18:00:00,0.5995,0.60047,0.59927,0.60022,2694,0,0
2025-05-06 19:00:00,0.60022,0.60088,0.59955,0.60001,3088,0,0
2025-05-06 20:00:00,0.60001,0.60092,0.59975,0.60002,2041,0,0
2025-05-06 21:00:00,0.60002,0.60083,0.59984,0.60075,2046,0,0
2025-05-06 22:00:00,0.60075,0.60133,0.60048,0.60107,1430,0,0
2025-05-06 23:00:00,0.60107,0.60132,0.60041,0.60072,1042,0,0
2025-05-07 00:00:00,0.60078,0.60093,0.5996,0.60058,256,13,0
2025-05-07 01:00:00,0.60058,0.60218,0.60019,0.60111,3646,0,0
2025-05-07 02:00:00,0.60111,0.60186,0.60077,0.60122,2255,0,0
2025-05-07 03:00:00,0.60122,0.60198,0.60025,0.60157,3440,0,0
2025-05-07 04:00:00,0.60157,0.6023,0.59966,0.60055,4467,0,0
2025-05-07 05:00:00,0.60054,0.60054,0.59888,0.59973,3194,0,0
2025-05-07 06:00:00,0.59973,0.6005,0.59961,0.60037,2134,0,0
2025-05-07 07:00:00,0.60037,0.60106,0.5999,0.6,1801,0,0
2025-05-07 08:00:00,0.6,0.60078,0.59962,0.6007,2225,0,0
2025-05-07 09:00:00,0.6007,0.60127,0.60021,0.60046,2478,0,0
2025-05-07 10:00:00,0.60046,0.60053,0.59941,0.60036,3139,0,0
2025-05-07 11:00:00,0.60036,0.60048,0.59933,0.59933,2504,0,0
2025-05-07 12:00:00,0.59933,0.59955,0.59805,0.59845,2059,0,0
2025-05-07 13:00:00,0.59845,0.59924,0.59832,0.59919,2110,0,0
2025-05-07 14:00:00,0.59919,0.59944,0.59835,0.59863,1826,0,0
2025-05-07 15:00:00,0.59863,0.59878,0.59802,0.59832,2392,0,0
2025-05-07 16:00:00,0.59832,0.59904,0.59784,0.59902,3037,0,0
2025-05-07 17:00:00,0.59902,0.59913,0.59797,0.59838,3021,0,0
2025-05-07 18:00:00,0.59838,0.59845,0.59725,0.59753,3052,0,0
2025-05-07 19:00:00,0.59753,0.59766,0.59669,0.5975,2257,0,0
2025-05-07 20:00:00,0.5975,0.59756,0.59659,0.59679,1824,0,0
2025-05-07 21:00:00,0.5968,0.59811,0.59566,0.59617,5778,0,0
2025-05-07 22:00:00,0.59617,0.59628,0.5938,0.5945,4971,0,0
2025-05-07 23:00:00,0.5945,0.59461,0.59347,0.59401,1325,0,0
2025-05-08 00:00:00,0.594,0.59446,0.59328,0.59404,327,10,0
2025-05-08 01:00:00,0.59417,0.59435,0.59373,0.59385,1213,0,0
2025-05-08 02:00:00,0.59385,0.59427,0.59373,0.5939,1011,0,0
2025-05-08 03:00:00,0.5939,0.59527,0.59383,0.59487,1936,0,0
2025-05-08 04:00:00,0.59488,0.59675,0.59477,0.59617,3161,0,0
2025-05-08 05:00:00,0.59617,0.59734,0.59617,0.59657,2185,0,0
2025-05-08 06:00:00,0.59657,0.59747,0.59657,0.59674,1630,0,0
2025-05-08 07:00:00,0.59674,0.59739,0.59668,0.59673,1346,0,0
2025-05-08 08:00:00,0.59673,0.59683,0.59524,0.59572,2699,0,0
2025-05-08 09:00:00,0.59572,0.59597,0.59252,0.59255,3840,0,0
2025-05-08 10:00:00,0.59255,0.59295,0.59175,0.59264,2981,0,0
2025-05-08 11:00:00,0.59264,0.59307,0.59181,0.59202,3028,0,0
2025-05-08 12:00:00,0.59202,0.59275,0.59146,0.59209,2788,0,0
2025-05-08 13:00:00,0.5921,0.59364,0.59172,0.59278,2386,0,0
2025-05-08 14:00:00,0.59278,0.5931,0.59202,0.5925,2901,0,0
2025-05-08 15:00:00,0.5925,0.59355,0.59235,0.59303,3575,0,0
2025-05-08 16:00:00,0.59303,0.59386,0.59289,0.59383,3769,0,0
2025-05-08 17:00:00,0.59383,0.59436,0.59234,0.59245,3991,0,0
2025-05-08 18:00:00,0.59245,0.59314,0.59194,0.59213,5201,0,0
2025-05-08 19:00:00,0.59212,0.59212,0.59079,0.5914,3590,0,0
2025-05-08 20:00:00,0.5914,0.5915,0.59029,0.59087,2507,0,0
2025-05-08 21:00:00,0.59087,0.59099,0.5901,0.59019,1847,0,0
2025-05-08 22:00:00,0.59019,0.59065,0.59009,0.59035,1978,0,0
2025-05-08 23:00:00,0.59035,0.59074,0.5902,0.59055,1072,0,0
2025-05-09 00:00:00,0.59048,0.59048,0.58997,0.59003,549,17,0
2025-05-09 01:00:00,0.59003,0.59079,0.59003,0.59074,828,0,0
2025-05-09 02:00:00,0.59074,0.59074,0.58972,0.58997,1084,0,0
2025-05-09 03:00:00,0.58997,0.59037,0.58893,0.58925,2829,0,0
2025-05-09 04:00:00,0.58925,0.58956,0.58837,0.58877,3049,0,0
2025-05-09 05:00:00,0.58877,0.58893,0.58708,0.58879,3134,0,0
2025-05-09 06:00:00,0.58879,0.58963,0.58878,0.58943,2306,0,0
2025-05-09 07:00:00,0.58943,0.58989,0.58904,0.58979,1545,0,0
2025-05-09 08:00:00,0.58979,0.58991,0.58909,0.58981,1547,0,0
2025-05-09 09:00:00,0.58981,0.58988,0.58905,0.58925,2520,0,0
2025-05-09 10:00:00,0.58925,0.59058,0.58896,0.59027,2708,0,0
2025-05-09 11:00:00,0.59028,0.59044,0.58917,0.59,2135,0,0
2025-05-09 12:00:00,0.59,0.59003,0.58884,0.58896,1656,0,0
2025-05-09 13:00:00,0.58896,0.58906,0.58848,0.58879,1767,0,0
2025-05-09 14:00:00,0.58878,0.58969,0.58865,0.58938,2167,0,0
2025-05-09 15:00:00,0.58938,0.59,0.58908,0.58985,2358,0,0
2025-05-09 16:00:00,0.58985,0.59122,0.58985,0.59104,2862,0,0
2025-05-09 17:00:00,0.59104,0.59207,0.59055,0.59101,3341,0,0
2025-05-09 18:00:00,0.591,0.59185,0.59041,0.59184,2820,0,0
2025-05-09 19:00:00,0.59184,0.59201,0.59114,0.59125,2177,0,0
2025-05-09 20:00:00,0.59125,0.5918,0.59109,0.59158,1591,0,0
2025-05-09 21:00:00,0.59158,0.59177,0.59128,0.59146,1506,0,0
2025-05-09 22:00:00,0.59146,0.59157,0.59109,0.5914,1062,0,0
2025-05-09 23:00:00,0.5914,0.59149,0.58967,0.59089,773,0,0
2025-05-12 00:00:00,0.59176,0.59205,0.59095,0.59181,267,27,0
2025-05-12 01:00:00,0.59181,0.59245,0.59141,0.59184,2183,0,0
2025-05-12 02:00:00,0.59185,0.59262,0.59151,0.59183,1573,0,0
2025-05-12 03:00:00,0.59183,0.59239,0.59101,0.59219,3175,0,0
2025-05-12 04:00:00,0.5922,0.59313,0.5921,0.59235,3822,0,0
2025-05-12 05:00:00,0.59235,0.59264,0.59185,0.59263,2884,0,0
2025-05-12 06:00:00,0.59263,0.59341,0.59257,0.59331,2112,0,0
2025-05-12 07:00:00,0.59332,0.59346,0.59225,0.59264,1503,0,0
2025-05-12 08:00:00,0.59264,0.59329,0.59225,0.5931,1822,0,0
2025-05-12 09:00:00,0.5931,0.59348,0.59209,0.5921,2912,0,0
2025-05-12 10:00:00,0.5921,0.59408,0.58758,0.58823,8043,0,0
2025-05-12 11:00:00,0.58823,0.58945,0.58752,0.58896,5038,0,0
2025-05-12 12:00:00,0.58896,0.58948,0.58833,0.5889,3025,0,0
2025-05-12 13:00:00,0.5889,0.5889,0.58623,0.58643,3840,0,0
2025-05-12 14:00:00,0.58643,0.58821,0.58622,0.58811,3186,0,0
2025-05-12 15:00:00,0.58811,0.58814,0.58725,0.58773,2794,0,0
2025-05-12 16:00:00,0.58773,0.58913,0.5876,0.58802,3381,0,0
2025-05-12 17:00:00,0.58802,0.58811,0.58639,0.58671,4295,0,0
2025-05-12 18:00:00,0.58673,0.587,0.58601,0.58623,3241,0,0
2025-05-12 19:00:00,0.58622,0.58639,0.58537,0.58547,2445,0,0
2025-05-12 20:00:00,0.58547,0.58557,0.58485,0.58508,2176,0,0
2025-05-12 21:00:00,0.58508,0.58569,0.58466,0.58558,1770,0,0
2025-05-12 22:00:00,0.58558,0.58622,0.58536,0.58581,1553,0,0
2025-05-12 23:00:00,0.58581,0.58604,0.58547,0.58548,836,0,0
2025-05-13 00:00:00,0.58549,0.58554,0.58481,0.58554,303,1,0
2025-05-13 01:00:00,0.58554,0.58586,0.58527,0.58578,752,0,0
2025-05-13 02:00:00,0.58578,0.58648,0.58542,0.58611,943,0,0
2025-05-13 03:00:00,0.58611,0.58653,0.58516,0.5853,2455,0,0
2025-05-13 04:00:00,0.5853,0.58603,0.5847,0.58552,3378,0,0
2025-05-13 05:00:00,0.58552,0.58703,0.58551,0.58692,2499,0,0
2025-05-13 06:00:00,0.58692,0.58811,0.58662,0.58794,2038,0,0
2025-05-13 07:00:00,0.58794,0.58892,0.58779,0.58892,1845,0,0
2025-05-13 08:00:00,0.58892,0.58937,0.58833,0.58883,2045,0,0
2025-05-13 09:00:00,0.58883,0.58992,0.58834,0.58954,3113,0,0
2025-05-13 10:00:00,0.58954,0.58992,0.58882,0.58908,3189,0,0
2025-05-13 11:00:00,0.58908,0.58928,0.5884,0.58904,2386,0,0
2025-05-13 12:00:00,0.58905,0.58975,0.5887,0.58944,2196,0,0
2025-05-13 13:00:00,0.58944,0.58989,0.58875,0.58959,1979,0,0
2025-05-13 14:00:00,0.58959,0.58977,0.58912,0.58913,1444,0,0
2025-05-13 15:00:00,0.58913,0.5913,0.58895,0.5913,3858,0,0
2025-05-13 16:00:00,0.5913,0.5917,0.59013,0.59043,4659,0,0
2025-05-13 17:00:00,0.59044,0.59327,0.59032,0.59292,4594,0,0
2025-05-13 18:00:00,0.59292,0.59375,0.5924,0.5936,3705,0,0
2025-05-13 19:00:00,0.5936,0.594,0.59306,0.59361,2133,0,0
2025-05-13 20:00:00,0.59361,0.59404,0.59342,0.59386,1389,0,0
2025-05-13 21:00:00,0.59386,0.59414,0.59362,0.59404,1510,0,0
2025-05-13 22:00:00,0.59404,0.59423,0.59372,0.5938,1035,0,0
2025-05-13 23:00:00,0.5938,0.5942,0.59362,0.59374,724,0,0
2025-05-14 00:00:00,0.59369,0.59372,0.59258,0.59331,422,25,0
2025-05-14 01:00:00,0.59331,0.59409,0.59329,0.59392,889,0,0
2025-05-14 02:00:00,0.59392,0.59416,0.59348,0.59359,1145,0,0
2025-05-14 03:00:00,0.5936,0.59455,0.59345,0.59438,2375,0,0
2025-05-14 04:00:00,0.59438,0.59495,0.59375,0.59447,3476,0,0
2025-05-14 05:00:00,0.59446,0.59478,0.59393,0.59462,2472,0,0
2025-05-14 06:00:00,0.59462,0.59471,0.59418,0.59457,1841,0,0
2025-05-14 07:00:00,0.59457,0.59478,0.59403,0.5941,1520,0,0
2025-05-14 08:00:00,0.5941,0.59464,0.59384,0.59385,1702,0,0
2025-05-14 09:00:00,0.59385,0.59425,0.5932,0.5936,2618,0,0
2025-05-14 10:00:00,0.59361,0.59508,0.59351,0.595,3047,0,0
2025-05-14 11:00:00,0.595,0.59691,0.59489,0.59596,4479,0,0
2025-05-14 12:00:00,0.59597,0.59689,0.59555,0.59617,4006,0,0
2025-05-14 13:00:00,0.59617,0.5962,0.59494,0.59519,2530,0,0
2025-05-14 14:00:00,0.59519,0.5952,0.59415,0.59469,2403,0,0
2025-05-14 15:00:00,0.59469,0.595,0.59388,0.59428,3528,0,0
2025-05-14 16:00:00,0.59428,0.5943,0.59337,0.59368,4160,0,0
2025-05-14 17:00:00,0.59367,0.59367,0.59224,0.5927,4312,0,0
2025-05-14 18:00:00,0.59269,0.5927,0.59104,0.59159,3617,0,0
2025-05-14 19:00:00,0.59159,0.59199,0.58983,0.59062,3251,0,0
2025-05-14 20:00:00,0.59062,0.59105,0.59037,0.59091,2240,0,0
2025-05-14 21:00:00,0.59091,0.59099,0.58964,0.58981,2212,0,0
2025-05-14 22:00:00,0.58981,0.58988,0.58932,0.58971,1796,0,0
2025-05-14 23:00:00,0.58971,0.59,0.58946,0.58982,850,0,0
2025-05-15 00:00:00,0.58986,0.59043,0.58762,0.58988,1193,0,0
2025-05-15 01:00:00,0.58988,0.59022,0.58964,0.58984,524,0,0
2025-05-15 02:00:00,0.58984,0.58989,0.58917,0.58964,949,0,0
2025-05-15 03:00:00,0.58964,0.59025,0.58925,0.58992,2421,0,0
2025-05-15 04:00:00,0.58992,0.5916,0.58989,0.59056,3319,0,0
2025-05-15 05:00:00,0.59054,0.59086,0.59003,0.59066,2426,0,0
2025-05-15 06:00:00,0.59065,0.59101,0.59042,0.59054,2114,0,0
2025-05-15 07:00:00,0.59054,0.59077,0.5892,0.58926,1732,0,0
2025-05-15 08:00:00,0.58926,0.58983,0.58825,0.58948,2232,0,0
2025-05-15 09:00:00,0.58948,0.59102,0.58933,0.59099,2964,0,0
2025-05-15 10:00:00,0.59099,0.59107,0.58861,0.58879,3023,0,0
2025-05-15 11:00:00,0.58879,0.58953,0.58854,0.58915,2464,0,0
2025-05-15 12:00:00,0.58915,0.5892,0.58849,0.58853,1950,0,0
2025-05-15 13:00:00,0.58853,0.58864,0.58767,0.58784,1889,0,0
2025-05-15 14:00:00,0.58786,0.58819,0.58708,0.58746,2094,0,0
2025-05-15 15:00:00,0.58746,0.5886,0.58663,0.58826,3591,0,0
2025-05-15 16:00:00,0.58827,0.58873,0.58688,0.58725,3881,0,0
2025-05-15 17:00:00,0.58725,0.5879,0.58612,0.58671,3882,0,0
2025-05-15 18:00:00,0.58671,0.58734,0.58606,0.58726,3219,0,0
2025-05-15 19:00:00,0.58726,0.58752,0.58674,0.58722,1916,0,0
2025-05-15 20:00:00,0.58722,0.58769,0.58682,0.58687,1604,0,0
2025-05-15 21:00:00,0.58688,0.58748,0.58673,0.58732,1388,0,0
2025-05-15 22:00:00,0.58732,0.5876,0.58707,0.58756,1087,0,0
2025-05-15 23:00:00,0.58756,0.58786,0.58731,0.58773,922,0,0
2025-05-16 00:00:00,0.58766,0.58766,0.58637,0.58746,445,9,0
2025-05-16 01:00:00,0.58746,0.58767,0.58719,0.58762,638,0,0
2025-05-16 02:00:00,0.58762,0.58776,0.58716,0.58725,930,0,0
2025-05-16 03:00:00,0.58725,0.58784,0.58651,0.58677,2279,0,0
2025-05-16 04:00:00,0.58677,0.58748,0.5866,0.58725,1904,0,0
2025-05-16 05:00:00,0.58725,0.5891,0.58686,0.58901,2191,0,0
2025-05-16 06:00:00,0.58901,0.59055,0.58867,0.59006,2058,0,0
2025-05-16 07:00:00,0.59006,0.59078,0.58975,0.59046,1418,0,0
2025-05-16 08:00:00,0.59046,0.59146,0.59032,0.59124,1443,0,0
2025-05-16 09:00:00,0.59124,0.59131,0.59058,0.59087,2031,0,0
2025-05-16 10:00:00,0.59087,0.59183,0.59062,0.59141,2189,0,0
2025-05-16 11:00:00,0.59141,0.59161,0.59063,0.59084,2224,0,0
2025-05-16 12:00:00,0.59084,0.59107,0.59016,0.59042,1860,0,0
2025-05-16 13:00:00,0.59042,0.5906,0.58998,0.59042,1854,0,0
2025-05-16 14:00:00,0.59042,0.59064,0.58983,0.58999,1917,0,0
2025-05-16 15:00:00,0.58998,0.59001,0.58902,0.58965,2526,0,0
2025-05-16 16:00:00,0.58965,0.58998,0.58906,0.58981,2448,0,0
2025-05-16 17:00:00,0.5896,0.58987,0.58755,0.58769,4291,0,0
2025-05-16 18:00:00,0.58769,0.58773,0.58678,0.58704,2532,0,0
2025-05-16 19:00:00,0.58704,0.58757,0.58666,0.58747,1776,0,0
2025-05-16 20:00:00,0.58747,0.58778,0.58734,0.58749,1375,0,0
2025-05-16 21:00:00,0.58749,0.58797,0.58731,0.58794,1249,0,0
2025-05-16 22:00:00,0.58794,0.58814,0.58758,0.58772,813,0,0
2025-05-16 23:00:00,0.58772,0.58814,0.58763,0.58811,821,0,0
2025-05-19 00:00:00,0.58739,0.58849,0.58726,0.58768,367,19,0
2025-05-19 01:00:00,0.58768,0.5892,0.58763,0.58892,1018,0,0
2025-05-19 02:00:00,0.58892,0.58908,0.58844,0.58863,935,0,0
2025-05-19 03:00:00,0.58863,0.58945,0.58827,0.58925,2662,0,0
2025-05-19 04:00:00,0.58925,0.58957,0.58856,0.58901,2210,0,0
2025-05-19 05:00:00,0.58901,0.58991,0.58884,0.5894,2072,0,0
2025-05-19 06:00:00,0.5894,0.58954,0.58888,0.58897,1671,0,0
2025-05-19 07:00:00,0.58897,0.58917,0.58837,0.58855,1337,0,0
2025-05-19 08:00:00,0.58855,0.5888,0.58801,0.58831,1583,0,0
2025-05-19 09:00:00,0.58831,0.58972,0.58812,0.58953,2878,0,0
2025-05-19 10:00:00,0.58953,0.59036,0.58901,0.5897,3781,0,0
2025-05-19 11:00:00,0.5897,0.59011,0.58892,0.58996,2260,0,0
2025-05-19 12:00:00,0.58996,0.59138,0.5898,0.59132,2765,0,0
2025-05-19 13:00:00,0.59132,0.59184,0.59092,0.59138,2649,0,0
2025-05-19 14:00:00,0.59138,0.59179,0.59108,0.59154,2417,0,0
2025-05-19 15:00:00,0.59154,0.59166,0.59054,0.5906,2612,0,0
2025-05-19 16:00:00,0.5906,0.59166,0.59029,0.59128,3993,0,0
2025-05-19 17:00:00,0.59128,0.59258,0.59098,0.59242,3573,0,0
2025-05-19 18:00:00,0.59243,0.59327,0.59229,0.59247,2496,0,0
2025-05-19 19:00:00,0.59247,0.59271,0.59217,0.59239,2515,0,0
2025-05-19 20:00:00,0.59239,0.59266,0.59199,0.59203,1971,0,0
2025-05-19 21:00:00,0.59203,0.59222,0.5917,0.59209,1447,0,0
2025-05-19 22:00:00,0.59209,0.59298,0.59204,0.5929,1021,0,0
2025-05-19 23:00:00,0.5929,0.59313,0.59285,0.59308,639,0,0
2025-05-20 00:00:00,0.59299,0.59299,0.59231,0.59248,456,24,0
2025-05-20 01:00:00,0.59248,0.5932,0.59238,0.59277,492,0,0
2025-05-20 02:00:00,0.59277,0.59309,0.59268,0.59284,618,0,0
2025-05-20 03:00:00,0.59284,0.59291,0.59213,0.59227,2035,0,0
2025-05-20 04:00:00,0.59227,0.59286,0.59186,0.59207,2936,0,0
2025-05-20 05:00:00,0.59207,0.59222,0.59131,0.5918,1957,0,0
2025-05-20 06:00:00,0.5918,0.59242,0.59175,0.59225,1693,0,0
2025-05-20 07:00:00,0.59225,0.59228,0.59123,0.59196,2358,0,0
2025-05-20 08:00:00,0.59196,0.59319,0.59109,0.59166,3366,0,0
2025-05-20 09:00:00,0.59167,0.59246,0.59142,0.59186,2744,0,0
2025-05-20 10:00:00,0.59186,0.59314,0.59184,0.59263,2914,0,0
2025-05-20 11:00:00,0.59264,0.59268,0.59182,0.5919,2410,0,0
2025-05-20 12:00:00,0.59191,0.59224,0.59143,0.59167,2171,0,0
2025-05-20 13:00:00,0.59167,0.59176,0.59068,0.59084,2213,0,0
2025-05-20 14:00:00,0.59084,0.5913,0.5908,0.59083,1827,0,0
2025-05-20 15:00:00,0.59083,0.59092,0.58942,0.59012,2712,0,0
2025-05-20 16:00:00,0.59012,0.59094,0.5898,0.59071,3817,0,0
2025-05-20 17:00:00,0.59071,0.59136,0.59041,0.59117,4084,0,0
2025-05-20 18:00:00,0.59117,0.59118,0.59026,0.59079,2675,0,0
2025-05-20 19:00:00,0.59079,0.59187,0.59054,0.59175,2018,0,0
2025-05-20 20:00:00,0.59175,0.59214,0.59169,0.59198,1688,0,0
2025-05-20 21:00:00,0.59198,0.59216,0.59128,0.59144,1887,0,0
2025-05-20 22:00:00,0.59144,0.59208,0.59125,0.59205,1657,0,0
2025-05-20 23:00:00,0.59205,0.59257,0.59196,0.59255,970,0,0
2025-05-21 00:00:00,0.5925,0.5925,0.59133,0.59208,477,14,0
2025-05-21 01:00:00,0.59208,0.59272,0.59202,0.59256,815,0,0
2025-05-21 02:00:00,0.59256,0.59287,0.59248,0.59274,787,0,0
2025-05-21 03:00:00,0.59274,0.59403,0.59263,0.59388,1945,0,0
2025-05-21 04:00:00,0.59388,0.59422,0.59322,0.59354,2397,0,0
2025-05-21 05:00:00,0.59354,0.59468,0.59351,0.59389,2749,0,0
2025-05-21 06:00:00,0.59389,0.59494,0.59373,0.59473,2344,0,0
2025-05-21 07:00:00,0.59473,0.5952,0.59413,0.59494,1513,0,0
2025-05-21 08:00:00,0.59494,0.5954,0.59454,0.59463,2213,0,0
2025-05-21 09:00:00,0.59463,0.59549,0.59439,0.59463,3512,0,0
2025-05-21 10:00:00,0.59463,0.59467,0.59307,0.59364,3347,0,0
2025-05-21 11:00:00,0.59364,0.59398,0.59238,0.59284,2289,0,0
2025-05-21 12:00:00,0.59283,0.59317,0.59254,0.59293,1719,0,0
2025-05-21 13:00:00,0.59293,0.59519,0.59274,0.59395,2982,0,0
2025-05-21 14:00:00,0.59396,0.59447,0.5934,0.5936,2559,0,0
2025-05-21 15:00:00,0.5936,0.59454,0.59334,0.59415,3518,0,0
2025-05-21 16:00:00,0.59417,0.59474,0.59376,0.59461,3787,0,0
2025-05-21 17:00:00,0.59462,0.59602,0.59453,0.5957,3973,0,0
2025-05-21 18:00:00,0.5957,0.59645,0.59532,0.59641,3388,0,0
2025-05-21 19:00:00,0.59641,0.5968,0.59613,0.59634,1892,0,0
2025-05-21 20:00:00,0.59634,0.59666,0.59482,0.5952,3796,0,0
2025-05-21 21:00:00,0.59519,0.59536,0.59435,0.59441,2163,0,0
2025-05-21 22:00:00,0.5944,0.59492,0.59372,0.59373,2657,0,0
2025-05-21 23:00:00,0.59373,0.59398,0.59346,0.59396,1163,0,0
2025-05-22 00:00:00,0.59388,0.59388,0.59219,0.59337,327,6,0
2025-05-22 01:00:00,0.59337,0.59367,0.59295,0.59307,1001,0,0
2025-05-22 02:00:00,0.59309,0.5935,0.59299,0.59332,1112,0,0
2025-05-22 03:00:00,0.59331,0.59417,0.59284,0.5934,2837,0,0
2025-05-22 04:00:00,0.59339,0.59401,0.59227,0.59253,3257,0,0
2025-05-22 05:00:00,0.59253,0.59337,0.59207,0.59288,2163,0,0
2025-05-22 06:00:00,0.59288,0.59307,0.59212,0.59258,1647,0,0
2025-05-22 07:00:00,0.59258,0.59343,0.59254,0.59322,1514,0,0
2025-05-22 08:00:00,0.59322,0.59329,0.59227,0.59262,1861,0,0
2025-05-22 09:00:00,0.59263,0.59293,0.59208,0.59236,2739,0,0
2025-05-22 10:00:00,0.59236,0.59302,0.59191,0.59296,3264,0,0
2025-05-22 11:00:00,0.59296,0.59384,0.59192,0.59193,3307,0,0
2025-05-22 12:00:00,0.59193,0.59197,0.59029,0.59046,2674,0,0
2025-05-22 13:00:00,0.59046,0.59047,0.58943,0.58993,2207,0,0
2025-05-22 14:00:00,0.58993,0.59106,0.58984,0.59062,2351,0,0
2025-05-22 15:00:00,0.59062,0.59092,0.59006,0.59087,3325,0,0
2025-05-22 16:00:00,0.59087,0.5915,0.58983,0.58993,3808,0,0
2025-05-22 17:00:00,0.58994,0.5909,0.58989,0.5904,4192,0,0
2025-05-22 18:00:00,0.5904,0.59085,0.58961,0.59056,3473,0,0
2025-05-22 19:00:00,0.59055,0.59105,0.59018,0.59025,2008,0,0
2025-05-22 20:00:00,0.59025,0.59032,0.5897,0.59016,2521,0,0
2025-05-22 21:00:00,0.59016,0.59047,0.59001,0.59015,1742,0,0
2025-05-22 22:00:00,0.59015,0.5904,0.5898,0.58994,1362,0,0
2025-05-22 23:00:00,0.58994,0.58999,0.58954,0.58984,1086,0,0
2025-05-23 00:00:00,0.58984,0.58989,0.58896,0.58939,708,2,0
2025-05-23 01:00:00,0.58939,0.59006,0.58939,0.58996,777,0,0
2025-05-23 02:00:00,0.58996,0.59002,0.58957,0.58974,587,0,0
2025-05-23 03:00:00,0.58972,0.59047,0.58958,0.59047,1715,0,0
2025-05-23 04:00:00,0.59047,0.59138,0.59021,0.59118,1946,0,0
2025-05-23 05:00:00,0.59119,0.5914,0.59067,0.59122,1575,0,0
2025-05-23 06:00:00,0.59122,0.59185,0.59122,0.59157,1378,0,0
2025-05-23 07:00:00,0.59157,0.59221,0.59149,0.59163,1142,0,0
2025-05-23 08:00:00,0.59163,0.59205,0.59132,0.59191,1097,0,0
2025-05-23 09:00:00,0.59191,0.59204,0.59129,0.59174,2206,0,0
2025-05-23 10:00:00,0.59174,0.59475,0.59158,0.59435,2984,0,0
2025-05-23 11:00:00,0.59435,0.59458,0.59375,0.59434,2015,0,0
2025-05-23 12:00:00,0.59434,0.59579,0.59429,0.59559,2021,0,0
2025-05-23 13:00:00,0.59559,0.59593,0.59538,0.59563,1652,0,0
2025-05-23 14:00:00,0.59563,0.59691,0.59501,0.59532,4561,0,0
2025-05-23 15:00:00,0.59532,0.59656,0.59413,0.59612,5339,0,0
2025-05-23 16:00:00,0.59612,0.59649,0.59485,0.59516,4373,0,0
2025-05-23 17:00:00,0.59517,0.59741,0.59497,0.59732,4048,0,0
2025-05-23 18:00:00,0.59732,0.59779,0.59686,0.59744,3219,0,0
2025-05-23 19:00:00,0.59745,0.59856,0.59724,0.5982,2292,0,0
2025-05-23 20:00:00,0.5982,0.59892,0.59806,0.59853,2145,0,0
2025-05-23 21:00:00,0.59853,0.59891,0.5985,0.59863,1730,0,0
2025-05-23 22:00:00,0.59863,0.59895,0.59839,0.59882,1510,0,0
2025-05-23 23:00:00,0.59882,0.59897,0.59836,0.59856,1352,0,0
2025-05-26 00:00:00,0.5982,0.59838,0.59759,0.59829,157,27,0
2025-05-26 01:00:00,0.59829,0.59957,0.59822,0.59921,2386,0,0
2025-05-26 02:00:00,0.59922,0.59969,0.59903,0.59918,1387,0,0
2025-05-26 03:00:00,0.59918,0.59971,0.599,0.59956,2843,0,0
2025-05-26 04:00:00,0.59956,0.60264,0.59946,0.60257,3236,0,0
2025-05-26 05:00:00,0.60257,0.60318,0.60216,0.60243,2648,0,0
2025-05-26 06:00:00,0.60243,0.60246,0.60165,0.60219,1870,0,0
2025-05-26 07:00:00,0.60219,0.60264,0.60162,0.60228,1449,0,0
2025-05-26 08:00:00,0.60228,0.60298,0.60155,0.60287,1803,0,0
2025-05-26 09:00:00,0.60287,0.60293,0.60223,0.60248,2685,0,0
2025-05-26 10:00:00,0.60247,0.60264,0.6015,0.60167,2932,0,0
2025-05-26 11:00:00,0.60167,0.60223,0.60137,0.60181,2532,0,0
2025-05-26 12:00:00,0.60181,0.60187,0.60107,0.60125,1574,0,0
2025-05-26 13:00:00,0.60125,0.60172,0.6012,0.60152,1658,0,0
2025-05-26 14:00:00,0.60152,0.60172,0.60103,0.60131,1816,0,0
2025-05-26 15:00:00,0.60131,0.60151,0.60086,0.60107,1478,0,0
2025-05-26 16:00:00,0.60107,0.6017,0.60081,0.60134,1262,0,0
2025-05-26 17:00:00,0.60134,0.60135,0.60088,0.60112,1648,0,0
2025-05-26 18:00:00,0.60112,0.6012,0.60052,0.60062,1664,0,0
2025-05-26 19:00:00,0.60062,0.60064,0.60031,0.60038,1242,0,0
2025-05-26 20:00:00,0.60038,0.60044,0.60004,0.60011,742,0,0
2025-05-26 21:00:00,0.60011,0.60024,0.59995,0.60001,550,0,0
2025-05-26 22:00:00,0.60001,0.60019,0.6,0.60014,592,0,0
2025-05-26 23:00:00,0.60014,0.60025,0.59988,0.60001,595,0,0
2025-05-27 00:00:00,0.59987,0.59991,0.59916,0.59941,616,18,0
2025-05-27 01:00:00,0.59941,0.60031,0.59931,0.59977,971,0,0
2025-05-27 02:00:00,0.59977,0.59987,0.59933,0.5994,997,0,0
2025-05-27 03:00:00,0.5994,0.60056,0.5994,0.60038,2309,0,0
2025-05-27 04:00:00,0.60038,0.60068,0.59942,0.59956,1865,0,0
2025-05-27 05:00:00,0.59956,0.59965,0.59856,0.59877,1527,0,0
2025-05-27 06:00:00,0.59877,0.59919,0.59854,0.59884,1485,0,0
2025-05-27 07:00:00,0.59884,0.59967,0.59787,0.5979,1743,0,0
2025-05-27 08:00:00,0.5979,0.59826,0.59704,0.59826,2924,0,0
2025-05-27 09:00:00,0.59826,0.59957,0.59775,0.59779,3160,0,0
2025-05-27 10:00:00,0.59779,0.59827,0.59595,0.59615,3571,0,0
2025-05-27 11:00:00,0.59615,0.59679,0.59567,0.5959,2536,0,0
2025-05-27 12:00:00,0.59589,0.59668,0.5956,0.5959,2256,0,0
2025-05-27 13:00:00,0.5959,0.59591,0.59496,0.5951,2237,0,0
2025-05-27 14:00:00,0.5951,0.59588,0.59506,0.59556,1723,0,0
2025-05-27 15:00:00,0.59557,0.59682,0.59509,0.59682,2477,0,0
2025-05-27 16:00:00,0.59682,0.59719,0.59546,0.59552,2816,0,0
2025-05-27 17:00:00,0.59552,0.59569,0.59411,0.59461,3950,0,0
2025-05-27 18:00:00,0.59461,0.59479,0.59411,0.59422,2897,0,0
2025-05-27 19:00:00,0.59422,0.59492,0.59401,0.59478,2198,0,0
2025-05-27 20:00:00,0.59478,0.59497,0.59448,0.59481,1497,0,0
2025-05-27 21:00:00,0.59481,0.59498,0.59447,0.59486,1657,0,0
2025-05-27 22:00:00,0.59484,0.59505,0.59465,0.59475,1377,0,0
2025-05-27 23:00:00,0.59475,0.59508,0.59452,0.59473,899,0,0
2025-05-28 00:00:00,0.59476,0.59476,0.59304,0.59448,222,17,0
2025-05-28 01:00:00,0.59448,0.5952,0.59444,0.59488,648,0,0
2025-05-28 02:00:00,0.59488,0.59508,0.59463,0.5948,581,0,0
2025-05-28 03:00:00,0.5948,0.59505,0.59445,0.59455,1703,0,0
2025-05-28 04:00:00,0.59455,0.59491,0.59239,0.59298,3191,0,0
2025-05-28 05:00:00,0.59296,0.59679,0.59243,0.59512,3847,0,0
2025-05-28 06:00:00,0.59513,0.59797,0.59512,0.59759,2646,0,0
2025-05-28 07:00:00,0.59759,0.59781,0.59475,0.59481,2401,0,0
2025-05-28 08:00:00,0.59481,0.59619,0.59428,0.59613,2620,0,0
2025-05-28 09:00:00,0.59613,0.59664,0.59509,0.59602,2723,0,0
2025-05-28 10:00:00,0.59602,0.59777,0.59595,0.59692,2569,0,0
2025-05-28 11:00:00,0.59692,0.5978,0.59646,0.5975,2308,0,0
2025-05-28 12:00:00,0.59751,0.59762,0.59695,0.597,1960,0,0
2025-05-28 13:00:00,0.597,0.59776,0.59667,0.5968,1771,0,0
2025-05-28 14:00:00,0.5968,0.5969,0.59621,0.59631,1840,0,0
2025-05-28 15:00:00,0.59631,0.59667,0.59546,0.59558,2294,0,0
2025-05-28 16:00:00,0.59558,0.5957,0.59441,0.59486,3789,0,0
2025-05-28 17:00:00,0.59486,0.59666,0.59481,0.5958,4294,0,0
2025-05-28 18:00:00,0.59581,0.596,0.59482,0.59505,3075,0,0
2025-05-28 19:00:00,0.59505,0.5958,0.59502,0.59566,2177,0,0
2025-05-28 20:00:00,0.59566,0.59646,0.59561,0.59612,1658,0,0
2025-05-28 21:00:00,0.5961,0.59652,0.59575,0.59611,1747,0,0
2025-05-28 22:00:00,0.59609,0.59631,0.59579,0.59587,1568,0,0
2025-05-28 23:00:00,0.59587,0.59681,0.59581,0.59667,1459,0,0
2025-05-29 00:00:00,0.59667,0.59667,0.59552,0.59617,259,12,0
2025-05-29 01:00:00,0.59617,0.59738,0.59617,0.59737,963,0,0
2025-05-29 02:00:00,0.59737,0.59768,0.59461,0.59561,4022,0,0
2025-05-29 03:00:00,0.59561,0.59632,0.59477,0.59539,4830,0,0
2025-05-29 04:00:00,0.59538,0.59545,0.59309,0.59405,4032,0,0
2025-05-29 05:00:00,0.59404,0.59438,0.59253,0.59337,3185,0,0
2025-05-29 06:00:00,0.59337,0.59423,0.59285,0.59389,2494,0,0
2025-05-29 07:00:00,0.59389,0.59439,0.59341,0.59423,1556,0,0
2025-05-29 08:00:00,0.59423,0.59437,0.5931,0.59359,1746,0,0
2025-05-29 09:00:00,0.59359,0.59605,0.59324,0.59524,3494,0,0
2025-05-29 10:00:00,0.59525,0.59673,0.59521,0.59671,2742,0,0
2025-05-29 11:00:00,0.59671,0.59711,0.59582,0.59602,2068,0,0
2025-05-29 12:00:00,0.59602,0.59726,0.59598,0.59675,2044,0,0
2025-05-29 13:00:00,0.59675,0.59745,0.59665,0.59695,2248,0,0
2025-05-29 14:00:00,0.59695,0.59707,0.59581,0.59601,2209,0,0
2025-05-29 15:00:00,0.59601,0.59897,0.596,0.59882,4232,0,0
2025-05-29 16:00:00,0.59882,0.59923,0.59687,0.59715,4482,0,0
2025-05-29 17:00:00,0.59716,0.5982,0.59655,0.59772,4065,0,0
2025-05-29 18:00:00,0.59771,0.59832,0.59764,0.59783,3325,0,0
2025-05-29 19:00:00,0.59783,0.59848,0.59757,0.59816,2249,0,0
2025-05-29 20:00:00,0.59816,0.59862,0.5976,0.59816,2030,0,0
2025-05-29 21:00:00,0.59815,0.59861,0.59809,0.59842,1946,0,0
2025-05-29 22:00:00,0.59842,0.59846,0.59777,0.59786,1523,0,0
2025-05-29 23:00:00,0.59785,0.59792,0.59657,0.59683,1329,0,0
2025-05-30 00:00:00,0.59632,0.59706,0.59389,0.59632,1627,55,0
2025-05-30 01:00:00,0.59637,0.59788,0.59622,0.59746,709,0,0
2025-05-30 02:00:00,0.59746,0.59809,0.59746,0.59766,1046,0,0
2025-05-30 03:00:00,0.59764,0.59847,0.59733,0.59828,2960,0,0
2025-05-30 04:00:00,0.59828,0.59898,0.59636,0.59647,3731,0,0
2025-05-30 05:00:00,0.59647,0.59676,0.596,0.59632,2311,0,0
2025-05-30 06:00:00,0.59632,0.59677,0.59618,0.59652,1605,0,0
2025-05-30 07:00:00,0.59652,0.59717,0.5965,0.59705,1641,0,0
2025-05-30 08:00:00,0.59705,0.59813,0.59688,0.5979,1697,0,0
2025-05-30 09:00:00,0.5979,0.59791,0.59674,0.59676,2502,0,0
2025-05-30 10:00:00,0.59676,0.59677,0.59518,0.59583,3188,0,0
2025-05-30 11:00:00,0.59583,0.59615,0.59509,0.59513,2496,0,0
2025-05-30 12:00:00,0.59513,0.59576,0.59471,0.59549,2136,0,0
2025-05-30 13:00:00,0.59549,0.59618,0.59541,0.59561,2024,0,0
2025-05-30 14:00:00,0.59561,0.59591,0.59534,0.59573,1959,0,0
2025-05-30 15:00:00,0.59573,0.59688,0.59547,0.59602,4741,0,0
2025-05-30 16:00:00,0.59602,0.59615,0.59478,0.59514,3733,0,0
2025-05-30 17:00:00,0.59516,0.59722,0.5948,0.59705,5172,0,0
2025-05-30 18:00:00,0.59705,0.5974,0.59656,0.59702,4063,0,0
2025-05-30 19:00:00,0.59702,0.59747,0.59595,0.59623,3230,0,0
2025-05-30 20:00:00,0.59622,0.59769,0.59622,0.59715,2453,0,0
2025-05-30 21:00:00,0.59715,0.5977,0.59705,0.59732,2400,0,0
2025-05-30 22:00:00,0.59732,0.59761,0.59704,0.59744,1894,0,0
2025-05-30 23:00:00,0.59744,0.59768,0.59562,0.59639,1489,0,0
2025-06-02 00:00:00,0.59528,0.59648,0.59528,0.59646,423,100,0
2025-06-02 01:00:00,0.59646,0.59752,0.59633,0.59748,1443,0,0
2025-06-02 02:00:00,0.59748,0.59796,0.59721,0.59734,875,0,0
2025-06-02 03:00:00,0.59734,0.59962,0.5973,0.59934,2391,0,0
2025-06-02 04:00:00,0.59933,0.60097,0.59925,0.59961,3215,0,0
2025-06-02 05:00:00,0.59961,0.60079,0.59955,0.60014,2156,0,0
2025-06-02 06:00:00,0.60011,0.60023,0.599,0.59937,2104,0,0
2025-06-02 07:00:00,0.59937,0.59964,0.59908,0.59952,2068,0,0
2025-06-02 08:00:00,0.59952,0.60046,0.59931,0.59978,1676,0,0
2025-06-02 09:00:00,0.59978,0.60085,0.59915,0.60042,2717,0,0
2025-06-02 10:00:00,0.60043,0.60275,0.60039,0.60206,3418,0,0
2025-06-02 11:00:00,0.60206,0.60233,0.60143,0.60148,3282,0,0
2025-06-02 12:00:00,0.60148,0.60228,0.60139,0.60192,2640,0,0
2025-06-02 13:00:00,0.60192,0.60252,0.60165,0.60183,2425,0,0
2025-06-02 14:00:00,0.60183,0.60218,0.60102,0.60136,2562,0,0
2025-06-02 15:00:00,0.60136,0.60224,0.60119,0.6019,3113,0,0
2025-06-02 16:00:00,0.6019,0.60192,0.60055,0.60135,3543,0,0
2025-06-02 17:00:00,0.60135,0.60385,0.60135,0.60349,4848,0,0
2025-06-02 18:00:00,0.60348,0.6039,0.60287,0.60329,3532,0,0
2025-06-02 19:00:00,0.60329,0.60335,0.60202,0.60237,2771,0,0
2025-06-02 20:00:00,0.60236,0.60252,0.60203,0.6023,1987,0,0
2025-06-02 21:00:00,0.6023,0.60349,0.602,0.60348,1702,0,0
2025-06-02 22:00:00,0.60348,0.60433,0.60328,0.60429,1447,0,0
2025-06-02 23:00:00,0.60429,0.6044,0.60358,0.6036,921,0,0
2025-06-03 00:00:00,0.60342,0.60342,0.60212,0.60306,221,15,0
2025-06-03 01:00:00,0.60306,0.60376,0.60293,0.60362,695,0,0
2025-06-03 02:00:00,0.60362,0.60486,0.60361,0.60482,901,0,0
2025-06-03 03:00:00,0.60482,0.60547,0.60424,0.60518,1769,0,0
2025-06-03 04:00:00,0.60519,0.6054,0.60379,0.60393,3078,0,0
2025-06-03 05:00:00,0.60393,0.604,0.60113,0.60135,2411,0,0
2025-06-03 06:00:00,0.60135,0.60206,0.60106,0.60143,1968,0,0
2025-06-03 07:00:00,0.60143,0.60147,0.60096,0.60143,1506,0,0
2025-06-03 08:00:00,0.60143,0.60155,0.60001,0.60093,1912,0,0
2025-06-03 09:00:00,0.60093,0.60097,0.59908,0.60026,2741,0,0
2025-06-03 10:00:00,0.60024,0.60057,0.59957,0.59988,3049,0,0
2025-06-03 11:00:00,0.59988,0.60035,0.59926,0.59988,2663,0,0
2025-06-03 12:00:00,0.59988,0.60107,0.59962,0.60056,2135,0,0
2025-06-03 13:00:00,0.60056,0.60058,0.59958,0.59972,2060,0,0
2025-06-03 14:00:00,0.59973,0.60015,0.59935,0.59979,1824,0,0
2025-06-03 15:00:00,0.59979,0.59993,0.59875,0.59942,2326,0,0
2025-06-03 16:00:00,0.59943,0.6005,0.59941,0.59978,3277,0,0
2025-06-03 17:00:00,0.59976,0.60116,0.59885,0.60045,4792,0,0
2025-06-03 18:00:00,0.60046,0.60069,0.59949,0.59976,2994,0,0
2025-06-03 19:00:00,0.59976,0.60021,0.59936,0.59992,2087,0,0
2025-06-03 20:00:00,0.59992,0.60073,0.59991,0.60047,1622,0,0
2025-06-03 21:00:00,0.60047,0.60052,0.59991,0.60048,1379,0,0
2025-06-03 22:00:00,0.60044,0.60057,0.59976,0.59987,948,0,0
2025-06-03 23:00:00,0.59987,0.60033,0.59971,0.59973,603,0,0
2025-06-04 00:00:00,0.59949,0.59949,0.59825,0.59941,253,46,0
2025-06-04 01:00:00,0.59941,0.60037,0.59934,0.60024,537,0,0
2025-06-04 02:00:00,0.60024,0.60061,0.60007,0.60051,704,0,0
2025-06-04 03:00:00,0.60051,0.60075,0.59984,0.60022,2146,0,0
2025-06-04 04:00:00,0.60022,0.60144,0.59956,0.60055,3254,0,0
2025-06-04 05:00:00,0.60055,0.60141,0.6,0.60023,1908,0,0
2025-06-04 06:00:00,0.60023,0.6007,0.59977,0.60018,1664,0,0
2025-06-04 07:00:00,0.60018,0.60053,0.59959,0.59965,1603,0,0
2025-06-04 08:00:00,0.59965,0.59999,0.59917,0.59965,2042,0,0
2025-06-04 09:00:00,0.59965,0.60051,0.59938,0.60029,3001,0,0
2025-06-04 10:00:00,0.6003,0.60147,0.60015,0.6002,2499,0,0
2025-06-04 11:00:00,0.60021,0.60165,0.59978,0.60133,2255,0,0
2025-06-04 12:00:00,0.60133,0.60166,0.60104,0.60111,2025,0,0
2025-06-04 13:00:00,0.60111,0.60167,0.601,0.6012,1993,0,0
2025-06-04 14:00:00,0.6012,0.60173,0.60102,0.60135,2075,0,0
2025-06-04 15:00:00,0.60135,0.60239,0.60127,0.60228,3836,0,0
2025-06-04 16:00:00,0.60229,0.60246,0.60161,0.60181,3243,0,0
2025-06-04 17:00:00,0.60158,0.60342,0.60158,0.60314,4232,0,0
2025-06-04 18:00:00,0.60314,0.60325,0.60237,0.60304,2946,0,0
2025-06-04 19:00:00,0.60304,0.6038,0.60291,0.6037,2047,0,0
2025-06-04 20:00:00,0.6037,0.60394,0.60345,0.60359,1266,0,0
2025-06-04 21:00:00,0.60359,0.60373,0.60313,0.60316,1482,0,0
2025-06-04 22:00:00,0.60316,0.60338,0.6028,0.6028,1159,0,0
2025-06-04 23:00:00,0.6028,0.60305,0.60259,0.60259,850,0,0
2025-06-05 00:00:00,0.60263,0.60263,0.60211,0.60236,314,15,0
2025-06-05 01:00:00,0.60236,0.60329,0.60228,0.603,428,0,0
2025-06-05 02:00:00,0.603,0.60328,0.60254,0.60256,769,0,0
2025-06-05 03:00:00,0.60256,0.60379,0.60253,0.60358,2216,0,0
2025-06-05 04:00:00,0.60358,0.60429,0.60299,0.60329,2638,0,0
2025-06-05 05:00:00,0.60327,0.60375,0.60278,0.60362,1908,0,0
2025-06-05 06:00:00,0.60362,0.60438,0.60298,0.60304,2249,0,0
2025-06-05 07:00:00,0.60304,0.60329,0.60264,0.60321,1602,0,0
2025-06-05 08:00:00,0.60321,0.60329,0.60263,0.60272,1737,0,0
2025-06-05 09:00:00,0.60272,0.60365,0.60263,0.60316,2286,0,0
2025-06-05 10:00:00,0.60317,0.60451,0.60302,0.60342,2459,0,0
2025-06-05 11:00:00,0.60342,0.6042,0.60316,0.60404,1866,0,0
2025-06-05 12:00:00,0.60404,0.60515,0.60397,0.60465,2337,0,0
2025-06-05 13:00:00,0.60465,0.60555,0.60456,0.60476,1986,0,0
2025-06-05 14:00:00,0.60476,0.60512,0.60437,0.6046,2182,0,0
2025-06-05 15:00:00,0.60459,0.60623,0.60439,0.60548,4593,0,0
2025-06-05 16:00:00,0.60548,0.60804,0.60513,0.60667,5752,0,0
2025-06-05 17:00:00,0.60667,0.6067,0.60546,0.6057,5025,0,0
2025-06-05 18:00:00,0.60569,0.60571,0.60397,0.60432,3827,0,0
2025-06-05 19:00:00,0.60432,0.60449,0.60395,0.60435,2628,0,0
2025-06-05 20:00:00,0.60435,0.60471,0.60411,0.6046,1523,0,0
2025-06-05 21:00:00,0.6046,0.60461,0.60376,0.60402,1897,0,0
2025-06-05 22:00:00,0.60403,0.60425,0.6035,0.60375,2154,0,0
2025-06-05 23:00:00,0.60375,0.60394,0.6035,0.60353,990,0,0
2025-06-06 00:00:00,0.60342,0.60342,0.60309,0.60309,166,25,0
2025-06-06 01:00:00,0.60309,0.60392,0.60309,0.60386,701,0,0
2025-06-06 02:00:00,0.60386,0.60436,0.60378,0.60414,895,0,0
2025-06-06 03:00:00,0.60414,0.6049,0.60412,0.60437,1765,0,0
2025-06-06 04:00:00,0.60437,0.60503,0.6041,0.60419,1811,0,0
2025-06-06 05:00:00,0.60419,0.60422,0.60263,0.60342,1722,0,0
2025-06-06 06:00:00,0.60342,0.60433,0.60331,0.60419,1334,0,0
2025-06-06 07:00:00,0.60419,0.605,0.60415,0.60482,1243,0,0
2025-06-06 08:00:00,0.60482,0.60483,0.60392,0.60426,1484,0,0
2025-06-06 09:00:00,0.60426,0.60432,0.60357,0.60371,2095,0,0
2025-06-06 10:00:00,0.60371,0.60457,0.60362,0.60406,2206,0,0
2025-06-06 11:00:00,0.60405,0.60405,0.60236,0.60259,2185,0,0
2025-06-06 12:00:00,0.60259,0.60314,0.60216,0.60275,1760,0,0
2025-06-06 13:00:00,0.60275,0.60353,0.60267,0.60343,1631,0,0
2025-06-06 14:00:00,0.60343,0.60378,0.60306,0.60308,1595,0,0
2025-06-06 15:00:00,0.60308,0.6044,0.60179,0.60248,6114,0,0
2025-06-06 16:00:00,0.60248,0.60272,0.60087,0.60153,5779,0,0
2025-06-06 17:00:00,0.60156,0.6029,0.60101,0.6013,5201,0,0
2025-06-06 18:00:00,0.6013,0.60194,0.60065,0.60181,3817,0,0
2025-06-06 19:00:00,0.60181,0.60193,0.60089,0.60101,2404,0,0
2025-06-06 20:00:00,0.60101,0.60187,0.60097,0.60178,1825,0,0
2025-06-06 21:00:00,0.60178,0.60239,0.60175,0.60216,1839,0,0
2025-06-06 22:00:00,0.60216,0.60232,0.60179,0.60192,1467,0,0
2025-06-06 23:00:00,0.60192,0.60223,0.60095,0.6013,724,0,0
2025-06-09 00:00:00,0.60083,0.60199,0.60012,0.60167,594,76,0
2025-06-09 01:00:00,0.60167,0.60246,0.60158,0.60243,913,0,0
2025-06-09 02:00:00,0.60243,0.60278,0.60212,0.60221,774,0,0
2025-06-09 03:00:00,0.60221,0.60253,0.60138,0.60176,1890,0,0
2025-06-09 04:00:00,0.60176,0.6036,0.60176,0.60332,2214,0,0
2025-06-09 05:00:00,0.60332,0.60418,0.60321,0.60331,2699,0,0
2025-06-09 06:00:00,0.60332,0.60384,0.60327,0.60357,1496,0,0
2025-06-09 07:00:00,0.60357,0.60378,0.60314,0.60367,1162,0,0
2025-06-09 08:00:00,0.60367,0.60388,0.60318,0.60368,1688,0,0
2025-06-09 09:00:00,0.60368,0.60484,0.60348,0.60457,2067,0,0
2025-06-09 10:00:00,0.60457,0.60502,0.60451,0.60485,2277,0,0
2025-06-09 11:00:00,0.60485,0.60654,0.60485,0.60583,2390,0,0
2025-06-09 12:00:00,0.60584,0.60651,0.60582,0.60606,2163,0,0
2025-06-09 13:00:00,0.60606,0.60627,0.60537,0.60548,2194,0,0
2025-06-09 14:00:00,0.60548,0.60568,0.60468,0.605,2817,0,0
2025-06-09 15:00:00,0.605,0.60504,0.60375,0.60408,2586,0,0
2025-06-09 16:00:00,0.60408,0.60418,0.60357,0.60391,2964,0,0
2025-06-09 17:00:00,0.60391,0.60477,0.6039,0.60439,3054,0,0
2025-06-09 18:00:00,0.60439,0.6057,0.60436,0.60551,2114,0,0
2025-06-09 19:00:00,0.60551,0.60553,0.60506,0.60524,1756,0,0
2025-06-09 20:00:00,0.60524,0.60541,0.6049,0.60517,1428,0,0
2025-06-09 21:00:00,0.60517,0.60575,0.60511,0.60552,1174,0,0
2025-06-09 22:00:00,0.60553,0.60561,0.60507,0.6052,947,0,0
2025-06-09 23:00:00,0.6052,0.6052,0.60463,0.60469,677,0,0
2025-06-10 00:00:00,0.60444,0.60444,0.60347,0.60417,295,40,0
2025-06-10 01:00:00,0.60417,0.60502,0.60417,0.60488,666,0,0
2025-06-10 02:00:00,0.60488,0.60521,0.60459,0.60492,878,0,0
2025-06-10 03:00:00,0.60492,0.60586,0.60486,0.60537,1764,0,0
2025-06-10 04:00:00,0.60537,0.60586,0.6035,0.60366,2827,0,0
2025-06-10 05:00:00,0.60366,0.60421,0.60279,0.60398,3287,0,0
2025-06-10 06:00:00,0.60398,0.60552,0.60368,0.6055,2138,0,0
2025-06-10 07:00:00,0.6055,0.60566,0.60474,0.60495,1396,0,0
2025-06-10 08:00:00,0.60495,0.60532,0.60356,0.60434,3687,0,0
2025-06-10 09:00:00,0.60434,0.6049,0.6034,0.60341,3790,0,0
2025-06-10 10:00:00,0.60341,0.60403,0.60295,0.60331,3487,0,0
2025-06-10 11:00:00,0.60331,0.60452,0.60328,0.60445,2311,0,0
2025-06-10 12:00:00,0.60445,0.60482,0.60383,0.60473,2092,0,0
2025-06-10 13:00:00,0.60473,0.60522,0.60461,0.60482,1803,0,0
2025-06-10 14:00:00,0.60482,0.6055,0.60464,0.60516,2190,0,0
2025-06-10 15:00:00,0.60516,0.60561,0.60471,0.60471,2585,0,0
2025-06-10 16:00:00,0.60472,0.60574,0.6046,0.60563,3046,0,0
2025-06-10 17:00:00,0.60563,0.60574,0.60454,0.60469,2753,0,0
2025-06-10 18:00:00,0.60469,0.60471,0.60381,0.6043,2412,0,0
2025-06-10 19:00:00,0.6043,0.60447,0.60391,0.6043,1638,0,0
2025-06-10 20:00:00,0.6043,0.60441,0.60386,0.60415,1271,0,0
2025-06-10 21:00:00,0.60416,0.60426,0.60379,0.60422,1480,0,0
2025-06-10 22:00:00,0.60422,0.60515,0.60409,0.60499,1225,0,0
2025-06-10 23:00:00,0.60499,0.60525,0.60477,0.60514,900,0,0
2025-06-11 00:00:00,0.60513,0.60513,0.60424,0.60488,284,13,0
2025-06-11 01:00:00,0.60488,0.60566,0.60484,0.60549,607,0,0
2025-06-11 02:00:00,0.60549,0.6062,0.60528,0.60594,1286,0,0
2025-06-11 03:00:00,0.60595,0.60618,0.60462,0.60476,2898,0,0
2025-06-11 04:00:00,0.60476,0.60518,0.60334,0.60346,2476,0,0
2025-06-11 05:00:00,0.60346,0.60381,0.60294,0.603,1771,0,0
2025-06-11 06:00:00,0.603,0.60355,0.60249,0.60354,1484,0,0
2025-06-11 07:00:00,0.60354,0.60392,0.60322,0.60336,1233,0,0
2025-06-11 08:00:00,0.60336,0.60403,0.60321,0.60357,1377,0,0
2025-06-11 09:00:00,0.60357,0.60367,0.60245,0.60309,1984,0,0
2025-06-11 10:00:00,0.60309,0.6037,0.6025,0.60322,2189,0,0
2025-06-11 11:00:00,0.60322,0.60354,0.6029,0.60327,2157,0,0
2025-06-11 12:00:00,0.60327,0.60422,0.60315,0.60369,2220,0,0
2025-06-11 13:00:00,0.60369,0.60392,0.60305,0.6032,1735,0,0
2025-06-11 14:00:00,0.6032,0.60323,0.60254,0.60285,1774,0,0
2025-06-11 15:00:00,0.60285,0.60661,0.60235,0.60521,5350,0,0
2025-06-11 16:00:00,0.60521,0.60535,0.60352,0.60412,4910,0,0
2025-06-11 17:00:00,0.60413,0.60484,0.60403,0.60406,3430,0,0
2025-06-11 18:00:00,0.60406,0.60456,0.60361,0.60454,2701,0,0
2025-06-11 19:00:00,0.60454,0.60468,0.60376,0.60426,2057,0,0
2025-06-11 20:00:00,0.60426,0.60497,0.60417,0.60424,1606,0,0
2025-06-11 21:00:00,0.60424,0.60437,0.60302,0.60343,2595,0,0
2025-06-11 22:00:00,0.60343,0.60351,0.6024,0.60278,1666,0,0
2025-06-11 23:00:00,0.60279,0.60304,0.60262,0.60287,862,0,0
2025-06-12 00:00:00,0.60276,0.60276,0.60226,0.60242,294,46,0
2025-06-12 01:00:00,0.60242,0.60358,0.60242,0.60346,697,0,0
2025-06-12 02:00:00,0.60346,0.60384,0.60319,0.60358,1030,0,0
2025-06-12 03:00:00,0.60358,0.60383,0.60293,0.60325,2417,0,0
2025-06-12 04:00:00,0.60325,0.60372,0.60175,0.60221,3023,0,0
2025-06-12 05:00:00,0.60221,0.60255,0.60162,0.60216,2374,0,0
2025-06-12 06:00:00,0.60216,0.60417,0.60198,0.6039,2226,0,0
2025-06-12 07:00:00,0.6039,0.60408,0.60314,0.60333,1665,0,0
2025-06-12 08:00:00,0.60333,0.60428,0.60313,0.6041,2443,0,0
2025-06-12 09:00:00,0.6041,0.60431,0.60278,0.60282,3366,0,0
2025-06-12 10:00:00,0.60282,0.60283,0.60057,0.60139,3550,0,0
2025-06-12 11:00:00,0.60139,0.60354,0.6013,0.60341,2880,0,0
2025-06-12 12:00:00,0.60341,0.60421,0.60308,0.60344,2920,0,0
2025-06-12 13:00:00,0.60344,0.6052,0.60318,0.60501,3522,0,0
2025-06-12 14:00:00,0.60501,0.60591,0.60484,0.6053,2801,0,0
2025-06-12 15:00:00,0.6053,0.60715,0.60507,0.60635,4216,0,0
2025-06-12 16:00:00,0.60635,0.60666,0.60516,0.60562,4052,0,0
2025-06-12 17:00:00,0.60562,0.60646,0.60554,0.60634,3562,0,0
2025-06-12 18:00:00,0.60634,0.60667,0.60579,0.60611,3141,0,0
2025-06-12 19:00:00,0.60612,0.60644,0.60581,0.6062,2500,0,0
2025-06-12 20:00:00,0.60617,0.60642,0.6056,0.60612,1773,0,0
2025-06-12 21:00:00,0.60612,0.60643,0.60596,0.60641,1168,0,0
2025-06-12 22:00:00,0.60641,0.60654,0.60618,0.60645,1135,0,0
2025-06-12 23:00:00,0.60645,0.60687,0.60635,0.60684,826,0,0
2025-06-13 00:00:00,0.60686,0.60686,0.60644,0.60648,151,14,0
2025-06-13 01:00:00,0.60648,0.60694,0.60648,0.60666,918,0,0
2025-06-13 02:00:00,0.60666,0.60686,0.6064,0.60651,1274,0,0
2025-06-13 03:00:00,0.60651,0.6066,0.60094,0.60143,7897,0,0
2025-06-13 04:00:00,0.60143,0.60335,0.60041,0.60293,5633,0,0
2025-06-13 05:00:00,0.60293,0.60445,0.60221,0.60242,4253,0,0
2025-06-13 06:00:00,0.60242,0.60302,0.60141,0.60252,3499,0,0
2025-06-13 07:00:00,0.60252,0.60269,0.60066,0.60081,3237,0,0
2025-06-13 08:00:00,0.60081,0.60205,0.60051,0.60113,3469,0,0
2025-06-13 09:00:00,0.60113,0.60223,0.60058,0.6014,4233,0,0
2025-06-13 10:00:00,0.6014,0.6022,0.60067,0.60142,4415,0,0
2025-06-13 11:00:00,0.60142,0.60264,0.60119,0.60192,3295,0,0
2025-06-13 12:00:00,0.60192,0.60219,0.60075,0.60103,3178,0,0
2025-06-13 13:00:00,0.60103,0.60123,0.59952,0.59989,3117,0,0
2025-06-13 14:00:00,0.59989,0.60122,0.5996,0.60064,2799,0,0
2025-06-13 15:00:00,0.60064,0.60107,0.60036,0.60082,2495,0,0
2025-06-13 16:00:00,0.6008,0.60197,0.5999,0.60177,3441,0,0
2025-06-13 17:00:00,0.60177,0.60327,0.60176,0.60291,4193,0,0
2025-06-13 18:00:00,0.60291,0.60389,0.60263,0.60345,3043,0,0
2025-06-13 19:00:00,0.60345,0.60416,0.60344,0.60375,2135,0,0
2025-06-13 20:00:00,0.60376,0.60376,0.6023,0.60267,2242,0,0
2025-06-13 21:00:00,0.60267,0.60292,0.60119,0.60184,2360,0,0
2025-06-13 22:00:00,0.60181,0.60219,0.60157,0.60216,1802,0,0
2025-06-13 23:00:00,0.60216,0.60221,0.60126,0.6016,1352,0,0
2025-06-16 00:00:00,0.59983,0.60123,0.59931,0.60053,1607,52,0
2025-06-16 01:00:00,0.60053,0.6017,0.60046,0.6012,3900,0,0
2025-06-16 02:00:00,0.6012,0.60181,0.6006,0.60172,1778,0,0
2025-06-16 03:00:00,0.60172,0.6026,0.60149,0.60227,2505,0,0
2025-06-16 04:00:00,0.60224,0.60246,0.60134,0.60194,3666,0,0
2025-06-16 05:00:00,0.60194,0.6024,0.60127,0.60175,3620,0,0
2025-06-16 06:00:00,0.60175,0.60215,0.60039,0.60097,3552,0,0
2025-06-16 07:00:00,0.60098,0.60162,0.60096,0.60153,2654,0,0
2025-06-16 08:00:00,0.60153,0.60312,0.60153,0.60271,3654,0,0
2025-06-16 09:00:00,0.60271,0.60316,0.60176,0.60298,3668,0,0
2025-06-16 10:00:00,0.60296,0.60347,0.60249,0.60292,3007,0,0
2025-06-16 11:00:00,0.60292,0.6041,0.6027,0.60387,2808,0,0
2025-06-16 12:00:00,0.60387,0.60432,0.60368,0.6043,2437,0,0
2025-06-16 13:00:00,0.6043,0.60481,0.60395,0.60437,1795,0,0
2025-06-16 14:00:00,0.60437,0.60543,0.60431,0.60534,1877,0,0
2025-06-16 15:00:00,0.60534,0.60596,0.6051,0.60585,3071,0,0
2025-06-16 16:00:00,0.60585,0.60756,0.60569,0.60737,4247,0,0
2025-06-16 17:00:00,0.60739,0.60878,0.60719,0.6074,4679,0,0
2025-06-16 18:00:00,0.6074,0.60782,0.60699,0.60712,3479,0,0
2025-06-16 19:00:00,0.60712,0.60811,0.60712,0.60787,2617,0,0
2025-06-16 20:00:00,0.60787,0.60792,0.60708,0.60712,2297,0,0
2025-06-16 21:00:00,0.60711,0.60737,0.60694,0.60694,1746,0,0
2025-06-16 22:00:00,0.60695,0.60709,0.60584,0.6059,1961,0,0
2025-06-16 23:00:00,0.6059,0.60638,0.60575,0.60604,1015,0,0
2025-06-17 00:00:00,0.60593,0.60593,0.60469,0.60518,369,23,0
2025-06-17 01:00:00,0.60518,0.606,0.60491,0.60551,1567,0,0
2025-06-17 02:00:00,0.60551,0.60621,0.60474,0.60518,1730,0,0
2025-06-17 03:00:00,0.60519,0.60535,0.6045,0.60526,3499,0,0
2025-06-17 04:00:00,0.60526,0.60628,0.60493,0.6059,2934,0,0
2025-06-17 05:00:00,0.6059,0.60654,0.60542,0.60647,2902,0,0
2025-06-17 06:00:00,0.60647,0.60692,0.60605,0.60682,2667,0,0
2025-06-17 07:00:00,0.60682,0.60722,0.60659,0.60678,1951,0,0
2025-06-17 08:00:00,0.60678,0.60699,0.60614,0.60635,2315,0,0
2025-06-17 09:00:00,0.60635,0.6072,0.60588,0.60671,2704,0,0
2025-06-17 10:00:00,0.60671,0.60748,0.6064,0.607,3370,0,0
2025-06-17 11:00:00,0.607,0.60748,0.60672,0.60676,2394,0,0
2025-06-17 12:00:00,0.60676,0.6074,0.60621,0.60624,2596,0,0
2025-06-17 13:00:00,0.60625,0.60731,0.60624,0.6072,1866,0,0
2025-06-17 14:00:00,0.6072,0.60799,0.60699,0.60738,2096,0,0
2025-06-17 15:00:00,0.60738,0.60776,0.60599,0.60607,3231,0,0
2025-06-17 16:00:00,0.60607,0.60751,0.60603,0.60713,3361,0,0
2025-06-17 17:00:00,0.60714,0.60725,0.60441,0.60471,4396,0,0
2025-06-17 18:00:00,0.6047,0.60545,0.60444,0.60542,3305,0,0
2025-06-17 19:00:00,0.60541,0.60595,0.60349,0.60362,3219,0,0
2025-06-17 20:00:00,0.60362,0.60385,0.60157,0.60199,3809,0,0
2025-06-17 21:00:00,0.60199,0.60232,0.60101,0.60137,3140,0,0
2025-06-17 22:00:00,0.60137,0.60167,0.6011,0.60152,2356,0,0
2025-06-17 23:00:00,0.60152,0.60165,0.60099,0.60147,1475,0,0
2025-06-18 00:00:00,0.6012,0.60232,0.59938,0.6018,374,37,0
2025-06-18 01:00:00,0.6018,0.60181,0.60094,0.60101,1278,0,0
2025-06-18 02:00:00,0.60101,0.60193,0.60096,0.60184,1956,0,0
2025-06-18 03:00:00,0.60183,0.6026,0.60164,0.60205,4353,0,0
2025-06-18 04:00:00,0.60205,0.60304,0.60197,0.60245,3754,0,0
2025-06-18 05:00:00,0.60245,0.60289,0.602,0.60267,2861,0,0
2025-06-18 06:00:00,0.60264,0.60293,0.60235,0.60264,2130,0,0
2025-06-18 07:00:00,0.60264,0.60356,0.60233,0.60341,2421,0,0
2025-06-18 08:00:00,0.60341,0.60373,0.603,0.60312,2262,0,0
2025-06-18 09:00:00,0.60312,0.60393,0.60301,0.60342,3381,0,0
2025-06-18 10:00:00,0.60342,0.60395,0.6027,0.60277,2517,0,0
2025-06-18 11:00:00,0.60277,0.60317,0.60235,0.60268,2024,0,0
2025-06-18 12:00:00,0.60268,0.60319,0.60247,0.60295,2108,0,0
2025-06-18 13:00:00,0.60295,0.60306,0.60178,0.60191,2274,0,0
2025-06-18 14:00:00,0.60191,0.60276,0.60183,0.60262,1612,0,0
2025-06-18 15:00:00,0.60262,0.60331,0.60236,0.60272,2547,0,0
2025-06-18 16:00:00,0.60272,0.60317,0.60206,0.60268,3284,0,0
2025-06-18 17:00:00,0.60267,0.60459,0.60249,0.60395,5294,0,0
2025-06-18 18:00:00,0.60396,0.60496,0.60384,0.60442,3352,0,0
2025-06-18 19:00:00,0.60442,0.60484,0.60383,0.60385,2901,0,0
2025-06-18 20:00:00,0.60385,0.60411,0.60303,0.60343,2114,0,0
2025-06-18 21:00:00,0.60333,0.60571,0.60223,0.60229,7967,0,0
2025-06-18 22:00:00,0.6023,0.60322,0.60167,0.60253,4929,0,0
2025-06-18 23:00:00,0.60253,0.6031,0.60235,0.60285,1265,0,0
2025-06-19 00:00:00,0.60257,0.6028,0.60084,0.60248,113,49,0
2025-06-19 01:00:00,0.60248,0.6032,0.60248,0.60297,1095,0,0
2025-06-19 02:00:00,0.60297,0.60324,0.60274,0.60282,1643,0,0
2025-06-19 03:00:00,0.60282,0.60304,0.60186,0.6019,2712,0,0
2025-06-19 04:00:00,0.6019,0.60195,0.59944,0.59949,4395,0,0
2025-06-19 05:00:00,0.59949,0.60015,0.59827,0.59937,3648,0,0
2025-06-19 06:00:00,0.59937,0.60013,0.5993,0.59962,2725,0,0
2025-06-19 07:00:00,0.59962,0.60006,0.59922,0.59963,2493,0,0
2025-06-19 08:00:00,0.59963,0.59963,0.59696,0.59741,2383,0,0
2025-06-19 09:00:00,0.59741,0.59759,0.59643,0.59728,3516,0,0
2025-06-19 10:00:00,0.59728,0.59811,0.59666,0.59699,3027,0,0
2025-06-19 11:00:00,0.59699,0.59877,0.59687,0.59846,2437,0,0
2025-06-19 12:00:00,0.59846,0.59887,0.59749,0.59753,2186,0,0
2025-06-19 13:00:00,0.59753,0.59804,0.59718,0.59732,2004,0,0
2025-06-19 14:00:00,0.59731,0.5984,0.59684,0.59808,2339,0,0
2025-06-19 15:00:00,0.59808,0.5984,0.59708,0.59725,2553,0,0
2025-06-19 16:00:00,0.59726,0.59811,0.59699,0.59729,2644,0,0
2025-06-19 17:00:00,0.59729,0.59765,0.5959,0.59658,3194,0,0
2025-06-19 18:00:00,0.59658,0.59721,0.59646,0.59684,2107,0,0
2025-06-19 19:00:00,0.59683,0.59701,0.59653,0.5966,1048,0,0
2025-06-19 20:00:00,0.5966,0.59842,0.59654,0.59833,1089,0,0
2025-06-19 21:00:00,0.59833,0.59865,0.5982,0.59857,1183,0,0
2025-06-19 22:00:00,0.59857,0.59929,0.59853,0.59918,1157,0,0
2025-06-19 23:00:00,0.59918,0.59924,0.59881,0.59919,766,0,0
2025-06-20 00:00:00,0.59891,0.59891,0.5966,0.59858,225,58,0
2025-06-20 01:00:00,0.59858,0.59955,0.59845,0.59943,1258,0,0
2025-06-20 02:00:00,0.59943,0.60007,0.59932,0.6,1700,0,0
2025-06-20 03:00:00,0.6,0.60064,0.5999,0.60029,2816,0,0
2025-06-20 04:00:00,0.60029,0.60049,0.59901,0.59902,3258,0,0
2025-06-20 05:00:00,0.59902,0.5995,0.59868,0.59927,2392,0,0
2025-06-20 06:00:00,0.59927,0.60059,0.59916,0.60045,2253,0,0
2025-06-20 07:00:00,0.60045,0.60078,0.6002,0.60053,2129,0,0
2025-06-20 08:00:00,0.60053,0.60076,0.59986,0.60076,2708,0,0
2025-06-20 09:00:00,0.60076,0.60092,0.59928,0.59946,3377,0,0
2025-06-20 10:00:00,0.59946,0.59993,0.59909,0.59959,2748,0,0
2025-06-20 11:00:00,0.59959,0.5999,0.59923,0.59953,2451,0,0
2025-06-20 12:00:00,0.59953,0.60014,0.59942,0.5999,1723,0,0
2025-06-20 13:00:00,0.5999,0.60003,0.59911,0.59918,1631,0,0
2025-06-20 14:00:00,0.59918,0.59978,0.59865,0.59916,2245,0,0
2025-06-20 15:00:00,0.59916,0.59986,0.59873,0.59923,3631,0,0
2025-06-20 16:00:00,0.59924,0.59936,0.59797,0.59805,3301,0,0
2025-06-20 17:00:00,0.59805,0.59817,0.59639,0.59716,3875,0,0
2025-06-20 18:00:00,0.59715,0.59786,0.59646,0.59672,3453,0,0
2025-06-20 19:00:00,0.59672,0.59769,0.59668,0.59742,2657,0,0
2025-06-20 20:00:00,0.59742,0.59768,0.59685,0.59724,1905,0,0
2025-06-20 21:00:00,0.59724,0.59751,0.59693,0.59694,1763,0,0
2025-06-20 22:00:00,0.59694,0.59713,0.59642,0.59651,1852,0,0
2025-06-20 23:00:00,0.59651,0.59677,0.59575,0.59606,1445,0,0
2025-06-23 00:00:00,0.5943,0.59554,0.59354,0.59389,258,40,0
2025-06-23 01:00:00,0.59389,0.59597,0.59216,0.59573,3262,0,0
2025-06-23 02:00:00,0.59572,0.59665,0.59572,0.59614,2485,0,0
2025-06-23 03:00:00,0.59614,0.59652,0.59454,0.59533,4223,0,0
2025-06-23 04:00:00,0.59533,0.59583,0.59375,0.59455,4358,0,0
2025-06-23 05:00:00,0.59455,0.59533,0.59363,0.59376,3673,0,0
2025-06-23 06:00:00,0.59377,0.59398,0.59181,0.59233,3465,0,0
2025-06-23 07:00:00,0.59233,0.59277,0.59159,0.59219,2760,0,0
2025-06-23 08:00:00,0.59219,0.59249,0.59153,0.59242,3521,0,0
2025-06-23 09:00:00,0.59242,0.5933,0.59203,0.59306,3804,0,0
2025-06-23 10:00:00,0.59306,0.59353,0.59268,0.59285,3530,0,0
2025-06-23 11:00:00,0.59285,0.59291,0.5912,0.59135,2958,0,0
2025-06-23 12:00:00,0.59135,0.59137,0.58876,0.58909,4063,0,0
2025-06-23 13:00:00,0.58909,0.58947,0.58873,0.58884,2921,0,0
2025-06-23 14:00:00,0.58884,0.58984,0.5883,0.58982,2839,0,0
2025-06-23 15:00:00,0.58982,0.59008,0.58889,0.58972,3729,0,0
2025-06-23 16:00:00,0.58972,0.59163,0.58921,0.59138,4136,0,0
2025-06-23 17:00:00,0.59139,0.59498,0.59137,0.59451,6768,0,0
2025-06-23 18:00:00,0.59451,0.5955,0.59377,0.59388,4469,0,0
2025-06-23 19:00:00,0.59387,0.59524,0.59267,0.59403,5156,0,0
2025-06-23 20:00:00,0.59405,0.59678,0.59383,0.59659,5098,0,0
2025-06-23 21:00:00,0.59659,0.59748,0.5965,0.59742,3409,0,0
2025-06-23 22:00:00,0.59742,0.59779,0.59711,0.59756,2129,0,0
2025-06-23 23:00:00,0.59756,0.59806,0.59737,0.59767,1202,0,0
2025-06-24 00:00:00,0.59737,0.59747,0.59305,0.59714,369,39,0
2025-06-24 01:00:00,0.59714,0.59916,0.59714,0.59863,1741,0,0
2025-06-24 02:00:00,0.59863,0.60018,0.59833,0.59934,2520,0,0
2025-06-24 03:00:00,0.59934,0.59999,0.59879,0.59969,3689,0,0
2025-06-24 04:00:00,0.59969,0.60021,0.59919,0.59947,3041,0,0
2025-06-24 05:00:00,0.59948,0.601,0.59893,0.60095,2370,0,0
2025-06-24 06:00:00,0.60095,0.60138,0.60047,0.60063,2039,0,0
2025-06-24 07:00:00,0.60063,0.60172,0.60021,0.60153,2002,0,0
2025-06-24 08:00:00,0.60153,0.60153,0.60078,0.60141,2188,0,0
2025-06-24 09:00:00,0.60141,0.60341,0.60126,0.60305,3765,0,0
2025-06-24 10:00:00,0.60305,0.60313,0.6009,0.60138,4305,0,0
2025-06-24 11:00:00,0.60137,0.60251,0.60125,0.60226,3456,0,0
2025-06-24 12:00:00,0.60227,0.6039,0.60223,0.60324,2352,0,0
2025-06-24 13:00:00,0.60324,0.6034,0.60294,0.60304,1775,0,0
2025-06-24 14:00:00,0.60304,0.60396,0.60298,0.60315,2390,0,0
2025-06-24 15:00:00,0.60315,0.60342,0.60221,0.60239,3187,0,0
2025-06-24 16:00:00,0.60239,0.60269,0.60092,0.60115,3830,0,0
2025-06-24 17:00:00,0.60114,0.6041,0.60114,0.60231,5173,0,0
2025-06-24 18:00:00,0.60231,0.60343,0.60134,0.60138,3887,0,0
2025-06-24 19:00:00,0.60139,0.60209,0.601,0.60206,2176,0,0
2025-06-24 20:00:00,0.60206,0.60246,0.60177,0.60213,1979,0,0
2025-06-24 21:00:00,0.60213,0.60229,0.60171,0.60183,1846,0,0
2025-06-24 22:00:00,0.60183,0.60207,0.60112,0.60116,1751,0,0
2025-06-24 23:00:00,0.60117,0.60137,0.60057,0.60061,1312,0,0
2025-06-25 00:00:00,0.60051,0.60052,0.60004,0.60027,452,16,0
2025-06-25 01:00:00,0.60027,0.60081,0.60018,0.60063,607,0,0
2025-06-25 02:00:00,0.60063,0.60111,0.60063,0.6011,771,0,0
2025-06-25 03:00:00,0.6011,0.6021,0.60098,0.60192,1982,0,0
2025-06-25 04:00:00,0.60192,0.60301,0.60137,0.60274,3110,0,0
2025-06-25 05:00:00,0.60275,0.60333,0.60239,0.60326,2093,0,0
2025-06-25 06:00:00,0.60326,0.60399,0.6029,0.60292,1670,0,0
2025-06-25 07:00:00,0.60292,0.60311,0.60264,0.60291,1655,0,0
2025-06-25 08:00:00,0.6029,0.60297,0.60227,0.6026,1728,0,0
2025-06-25 09:00:00,0.6026,0.60283,0.60214,0.60226,2507,0,0
2025-06-25 10:00:00,0.60226,0.60318,0.60195,0.6023,2594,0,0
2025-06-25 11:00:00,0.6023,0.60266,0.60187,0.60243,2344,0,0
2025-06-25 12:00:00,0.60243,0.60243,0.60141,0.60195,2014,0,0
2025-06-25 13:00:00,0.60195,0.60225,0.60167,0.60199,1249,0,0
2025-06-25 14:00:00,0.60199,0.60235,0.60174,0.6019,1993,0,0
2025-06-25 15:00:00,0.6019,0.60201,0.60118,0.60138,2587,0,0
2025-06-25 16:00:00,0.60138,0.60196,0.60099,0.60153,2797,0,0
2025-06-25 17:00:00,0.60152,0.60281,0.60143,0.60205,3755,0,0
2025-06-25 18:00:00,0.60205,0.60228,0.60169,0.60185,2607,0,0
2025-06-25 19:00:00,0.60185,0.60295,0.60184,0.60276,2009,0,0
2025-06-25 20:00:00,0.60276,0.60322,0.60235,0.60299,1994,0,0
2025-06-25 21:00:00,0.60299,0.60386,0.60288,0.60372,2150,0,0
2025-06-25 22:00:00,0.60372,0.60427,0.60369,0.60382,1731,0,0
2025-06-25 23:00:00,0.60382,0.60397,0.60341,0.60387,1031,0,0
2025-06-26 00:00:00,0.60364,0.60364,0.60143,0.60322,149,42,0
2025-06-26 01:00:00,0.60322,0.6042,0.60319,0.60415,885,0,0
2025-06-26 02:00:00,0.60415,0.6056,0.60413,0.60535,2075,0,0
2025-06-26 03:00:00,0.60535,0.60577,0.60483,0.60485,2575,0,0
2025-06-26 04:00:00,0.60485,0.60487,0.60293,0.60425,2844,0,0
2025-06-26 05:00:00,0.60425,0.60602,0.60389,0.60576,2696,0,0
2025-06-26 06:00:00,0.60576,0.60659,0.60555,0.6061,2974,0,0
2025-06-26 07:00:00,0.6061,0.60615,0.60477,0.60493,2062,0,0
2025-06-26 08:00:00,0.60493,0.60515,0.60422,0.60505,2219,0,0
2025-06-26 09:00:00,0.60505,0.60536,0.60425,0.6052,3484,0,0
2025-06-26 10:00:00,0.6052,0.60593,0.6046,0.60544,3528,0,0
2025-06-26 11:00:00,0.60544,0.60737,0.60522,0.60685,3461,0,0
2025-06-26 12:00:00,0.60685,0.60689,0.60558,0.60616,3071,0,0
2025-06-26 13:00:00,0.60616,0.60676,0.6057,0.60594,2210,0,0
2025-06-26 14:00:00,0.60593,0.606,0.60479,0.60501,2414,0,0
2025-06-26 15:00:00,0.60501,0.60617,0.60482,0.60561,3838,0,0
2025-06-26 16:00:00,0.60562,0.6067,0.60483,0.60663,4899,0,0
2025-06-26 17:00:00,0.60662,0.60737,0.60602,0.60639,5332,0,0
2025-06-26 18:00:00,0.60639,0.60675,0.6059,0.6067,3597,0,0
2025-06-26 19:00:00,0.60669,0.60748,0.6062,0.60682,2633,0,0
2025-06-26 20:00:00,0.60682,0.60735,0.60677,0.60714,2426,0,0
2025-06-26 21:00:00,0.60714,0.60746,0.60676,0.60723,1720,0,0
2025-06-26 22:00:00,0.60723,0.6073,0.60609,0.60625,2173,0,0
2025-06-26 23:00:00,0.60625,0.60639,0.6056,0.60568,1245,0,0
2025-06-27 00:00:00,0.60537,0.60542,0.6038,0.6054,216,63,0
2025-06-27 01:00:00,0.6054,0.60586,0.60531,0.60561,769,0,0
2025-06-27 02:00:00,0.60561,0.60633,0.60557,0.60591,1320,0,0
2025-06-27 03:00:00,0.60592,0.60683,0.60591,0.60669,2238,0,0
2025-06-27 04:00:00,0.60669,0.60716,0.60596,0.607,3178,0,0
2025-06-27 05:00:00,0.607,0.60736,0.60651,0.60721,2301,0,0
2025-06-27 06:00:00,0.60721,0.60766,0.60665,0.60668,1742,0,0
2025-06-27 07:00:00,0.6067,0.60683,0.60586,0.60591,1437,0,0
2025-06-27 08:00:00,0.60591,0.60644,0.6057,0.60641,1645,0,0
2025-06-27 09:00:00,0.60641,0.60737,0.60603,0.60735,2921,0,0
2025-06-27 10:00:00,0.60735,0.60783,0.6067,0.60691,2892,0,0
2025-06-27 11:00:00,0.60691,0.60767,0.60675,0.60715,2227,0,0
2025-06-27 12:00:00,0.60717,0.60728,0.60622,0.6067,2055,0,0
2025-06-27 13:00:00,0.6067,0.60681,0.60544,0.60582,2416,0,0
2025-06-27 14:00:00,0.60582,0.6064,0.60579,0.60635,2143,0,0
2025-06-27 15:00:00,0.60635,0.60735,0.6057,0.60696,4085,0,0
2025-06-27 16:00:00,0.60697,0.60727,0.6052,0.60545,4127,0,0
2025-06-27 17:00:00,0.60536,0.60623,0.60523,0.60571,3965,0,0
2025-06-27 18:00:00,0.60571,0.60653,0.6052,0.60602,3340,0,0
2025-06-27 19:00:00,0.60601,0.60658,0.6058,0.60624,2790,0,0
2025-06-27 20:00:00,0.60624,0.60634,0.60416,0.60481,3093,0,0
2025-06-27 21:00:00,0.60481,0.60508,0.60372,0.60451,3505,0,0
2025-06-27 22:00:00,0.60451,0.60537,0.6045,0.60523,2068,0,0
2025-06-27 23:00:00,0.60523,0.60572,0.60477,0.60536,1273,0,0
2025-06-30 00:00:00,0.60381,0.60561,0.60381,0.60549,274,68,0
2025-06-30 01:00:00,0.60549,0.60659,0.60536,0.60635,1669,0,0
2025-06-30 02:00:00,0.60635,0.60677,0.60619,0.60624,952,0,0
2025-06-30 03:00:00,0.60624,0.60708,0.60589,0.60638,2415,0,0
2025-06-30 04:00:00,0.60638,0.60778,0.60608,0.60677,2390,0,0
2025-06-30 05:00:00,0.60677,0.60742,0.60632,0.60633,2800,0,0
2025-06-30 06:00:00,0.60633,0.60696,0.60623,0.60653,1953,0,0
2025-06-30 07:00:00,0.60653,0.60745,0.60643,0.60741,1406,0,0
2025-06-30 08:00:00,0.60741,0.60856,0.60736,0.60833,1877,0,0
2025-06-30 09:00:00,0.60833,0.6085,0.60758,0.60822,3248,0,0
2025-06-30 10:00:00,0.60822,0.60822,0.60625,0.60651,3473,0,0
2025-06-30 11:00:00,0.60651,0.60696,0.60639,0.6069,2190,0,0
2025-06-30 12:00:00,0.6069,0.6072,0.6059,0.60599,2554,0,0
2025-06-30 13:00:00,0.60599,0.60639,0.60568,0.60622,2080,0,0
2025-06-30 14:00:00,0.60622,0.6066,0.60608,0.6062,1935,0,0
2025-06-30 15:00:00,0.6062,0.60635,0.60576,0.60597,2440,0,0
2025-06-30 16:00:00,0.60597,0.60669,0.60571,0.60669,3044,0,0
2025-06-30 17:00:00,0.60669,0.6081,0.60614,0.60709,4984,0,0
2025-06-30 18:00:00,0.60708,0.60906,0.60674,0.60903,4168,0,0
2025-06-30 19:00:00,0.60903,0.60905,0.60813,0.60901,2947,0,0
2025-06-30 20:00:00,0.609,0.6094,0.60838,0.60862,2383,0,0
2025-06-30 21:00:00,0.60862,0.6095,0.60858,0.60936,2438,0,0
2025-06-30 22:00:00,0.60936,0.60963,0.60925,0.60952,1569,0,0
2025-06-30 23:00:00,0.60952,0.60988,0.60945,0.60966,841,0,0
2025-07-01 00:00:00,0.6095,0.6095,0.60749,0.60891,780,26,0
2025-07-01 01:00:00,0.60891,0.60975,0.60889,0.60955,592,0,0
2025-07-01 02:00:00,0.60956,0.60965,0.60908,0.60911,611,0,0
2025-07-01 03:00:00,0.60911,0.60966,0.60897,0.60933,1561,0,0
2025-07-01 04:00:00,0.60933,0.60948,0.60793,0.6081,1982,0,0
2025-07-01 05:00:00,0.6081,0.60875,0.60755,0.6087,1699,0,0
2025-07-01 06:00:00,0.6087,0.60909,0.60842,0.60865,1726,0,0
2025-07-01 07:00:00,0.60865,0.60956,0.6084,0.6093,1658,0,0
2025-07-01 08:00:00,0.6093,0.61015,0.60922,0.60991,1987,0,0
2025-07-01 09:00:00,0.60991,0.6101,0.60916,0.60992,2457,0,0
2025-07-01 10:00:00,0.60992,0.61136,0.60972,0.61131,2699,0,0
2025-07-01 11:00:00,0.61131,0.61196,0.61038,0.61153,2372,0,0
2025-07-01 12:00:00,0.61153,0.61201,0.61087,0.61138,2915,0,0
2025-07-01 13:00:00,0.61138,0.61205,0.6113,0.61147,1761,0,0
2025-07-01 14:00:00,0.61147,0.61166,0.61091,0.61129,2034,0,0
2025-07-01 15:00:00,0.61129,0.61145,0.60999,0.61005,2806,0,0
2025-07-01 16:00:00,0.61005,0.61052,0.60949,0.60969,3469,0,0
2025-07-01 17:00:00,0.60965,0.61008,0.60831,0.60925,5510,0,0
2025-07-01 18:00:00,0.60925,0.6093,0.6081,0.60867,4046,0,0
2025-07-01 19:00:00,0.60867,0.60871,0.6081,0.6083,2581,0,0
2025-07-01 20:00:00,0.6083,0.6092,0.60818,0.60912,1965,0,0
2025-07-01 21:00:00,0.60912,0.60921,0.6087,0.60896,1652,0,0
2025-07-01 22:00:00,0.60896,0.60941,0.6087,0.60935,1604,0,0
2025-07-01 23:00:00,0.60935,0.60989,0.60935,0.6098,1011,0,0
2025-07-02 00:00:00,0.60983,0.60983,0.60778,0.60938,325,11,0
2025-07-02 01:00:00,0.60938,0.61016,0.60938,0.61003,766,0,0
2025-07-02 02:00:00,0.61003,0.61011,0.60979,0.60994,1021,0,0
2025-07-02 03:00:00,0.60994,0.61054,0.60981,0.6105,2225,0,0
2025-07-02 04:00:00,0.6105,0.61063,0.60911,0.60943,2679,0,0
2025-07-02 05:00:00,0.60943,0.61,0.60903,0.60983,1877,0,0
2025-07-02 06:00:00,0.60983,0.61027,0.60961,0.61025,1768,0,0
2025-07-02 07:00:00,0.61025,0.6105,0.61,0.61027,1760,0,0
2025-07-02 08:00:00,0.61026,0.61027,0.60936,0.60939,2041,0,0
2025-07-02 09:00:00,0.60939,0.60951,0.60846,0.60862,2280,0,0
2025-07-02 10:00:00,0.60862,0.60867,0.60786,0.60791,2822,0,0
2025-07-02 11:00:00,0.60791,0.60816,0.60744,0.60756,2049,0,0
2025-07-02 12:00:00,0.60756,0.60775,0.60713,0.60727,1844,0,0
2025-07-02 13:00:00,0.60727,0.60778,0.60719,0.60728,1630,0,0
2025-07-02 14:00:00,0.60728,0.6076,0.60595,0.606,2176,0,0
2025-07-02 15:00:00,0.606,0.60761,0.605,0.60549,5871,0,0
2025-07-02 16:00:00,0.60549,0.6069,0.60516,0.60543,4466,0,0
2025-07-02 17:00:00,0.60543,0.60695,0.60529,0.60681,4205,0,0
2025-07-02 18:00:00,0.60681,0.60765,0.60659,0.60758,3101,0,0
2025-07-02 19:00:00,0.60758,0.60806,0.60727,0.60784,2593,0,0
2025-07-02 20:00:00,0.60784,0.60854,0.60776,0.6081,2355,0,0
2025-07-02 21:00:00,0.6081,0.60923,0.60798,0.60875,1880,0,0
2025-07-02 22:00:00,0.60875,0.60927,0.60865,0.60924,1404,0,0
2025-07-02 23:00:00,0.60923,0.60924,0.60859,0.60883,1004,0,0
2025-07-03 00:00:00,0.60868,0.60887,0.60693,0.6081,87,41,0
2025-07-03 01:00:00,0.6081,0.60926,0.6081,0.6092,933,0,0
2025-07-03 02:00:00,0.60918,0.60924,0.60862,0.60886,959,0,0
2025-07-03 03:00:00,0.60886,0.6093,0.60857,0.60888,2355,0,0
2025-07-03 04:00:00,0.60888,0.60894,0.60815,0.60834,2318,0,0
2025-07-03 05:00:00,0.60834,0.60834,0.60716,0.60745,1997,0,0
2025-07-03 06:00:00,0.60745,0.60753,0.60652,0.60669,1672,0,0
2025-07-03 07:00:00,0.60669,0.60705,0.60655,0.60698,1298,0,0
2025-07-03 08:00:00,0.60698,0.60723,0.60648,0.60712,1707,0,0
2025-07-03 09:00:00,0.60712,0.60761,0.60697,0.60759,2075,0,0
2025-07-03 10:00:00,0.60758,0.60818,0.60725,0.60747,2272,0,0
2025-07-03 11:00:00,0.60747,0.60824,0.60743,0.60771,2093,0,0
2025-07-03 12:00:00,0.60771,0.60784,0.60697,0.60718,1907,0,0
2025-07-03 13:00:00,0.60718,0.60767,0.60704,0.60715,1627,0,0
2025-07-03 14:00:00,0.60715,0.60756,0.60667,0.60677,1991,0,0
2025-07-03 15:00:00,0.60677,0.60701,0.603,0.60413,6178,0,0
2025-07-03 16:00:00,0.60413,0.60725,0.6037,0.60688,5839,0,0
2025-07-03 17:00:00,0.60676,0.60771,0.60551,0.60576,5431,0,0
2025-07-03 18:00:00,0.60576,0.60691,0.60562,0.60668,3630,0,0
2025-07-03 19:00:00,0.60668,0.60679,0.60599,0.60677,2496,0,0
2025-07-03 20:00:00,0.60676,0.60695,0.60647,0.60657,900,0,0
2025-07-03 21:00:00,0.60657,0.60668,0.60643,0.60653,737,0,0
2025-07-03 22:00:00,0.60653,0.60671,0.60626,0.60651,1005,0,0
2025-07-03 23:00:00,0.60651,0.60712,0.60636,0.60698,975,0,0
2025-07-04 00:00:00,0.60643,0.60696,0.60531,0.60634,508,26,0
2025-07-04 01:00:00,0.60634,0.60713,0.60634,0.60701,915,0,0
2025-07-04 02:00:00,0.60701,0.60798,0.60698,0.60785,1032,0,0
2025-07-04 03:00:00,0.60785,0.60821,0.60761,0.60792,2054,0,0
2025-07-04 04:00:00,0.60794,0.60813,0.60651,0.60664,2703,0,0
2025-07-04 05:00:00,0.60664,0.60727,0.6066,0.6068,1956,0,0
2025-07-04 06:00:00,0.6068,0.60727,0.60667,0.60698,1665,0,0
2025-07-04 07:00:00,0.60698,0.60727,0.60634,0.60723,1737,0,0
2025-07-04 08:00:00,0.60723,0.60781,0.60703,0.60706,1518,0,0
2025-07-04 09:00:00,0.60706,0.60792,0.60645,0.60751,2319,0,0
2025-07-04 10:00:00,0.60751,0.60773,0.6057,0.60608,3037,0,0
2025-07-04 11:00:00,0.60608,0.60676,0.60605,0.60648,2296,0,0
2025-07-04 12:00:00,0.60648,0.60672,0.60623,0.60643,2228,0,0
2025-07-04 13:00:00,0.60643,0.60677,0.60611,0.60626,2435,0,0
2025-07-04 14:00:00,0.60626,0.60665,0.6062,0.60632,2100,0,0
2025-07-04 15:00:00,0.60632,0.60645,0.6057,0.60577,1892,0,0
2025-07-04 16:00:00,0.60577,0.60609,0.60541,0.60576,1927,0,0
2025-07-04 17:00:00,0.60576,0.60616,0.60504,0.60526,2395,0,0
2025-07-04 18:00:00,0.60525,0.60563,0.60501,0.60545,1841,0,0
2025-07-04 19:00:00,0.60545,0.60571,0.60528,0.60542,1165,0,0
2025-07-04 20:00:00,0.60542,0.60553,0.60536,0.60546,1195,0,0
2025-07-04 21:00:00,0.60546,0.60556,0.60542,0.60552,3839,0,0
2025-07-04 22:00:00,0.60552,0.60573,0.60518,0.60526,3050,0,0
2025-07-04 23:00:00,0.60524,0.60582,0.60477,0.60521,10263,0,0
2025-07-07 00:00:00,0.60499,0.60572,0.60499,0.60538,387,84,0
2025-07-07 01:00:00,0.60538,0.60589,0.60521,0.60552,1113,0,0
2025-07-07 02:00:00,0.60552,0.60566,0.60471,0.60498,1162,0,0
2025-07-07 03:00:00,0.60498,0.60526,0.60396,0.60408,2890,0,0
2025-07-07 04:00:00,0.60408,0.60444,0.60304,0.60329,3134,0,0
2025-07-07 05:00:00,0.60329,0.60364,0.60201,0.60227,2695,0,0
2025-07-07 06:00:00,0.60227,0.60287,0.60194,0.60196,1931,0,0
2025-07-07 07:00:00,0.60196,0.60229,0.60093,0.60101,1949,0,0
2025-07-07 08:00:00,0.60101,0.60171,0.60059,0.60146,2028,0,0
2025-07-07 09:00:00,0.60146,0.60149,0.60038,0.60115,3053,0,0
2025-07-07 10:00:00,0.60115,0.60169,0.60053,0.60053,3210,0,0
2025-07-07 11:00:00,0.60053,0.60084,0.59916,0.59922,2720,0,0
2025-07-07 12:00:00,0.59922,0.59985,0.59884,0.59982,2334,0,0
2025-07-07 13:00:00,0.59982,0.59997,0.59949,0.59978,1994,0,0
2025-07-07 14:00:00,0.59978,0.60043,0.59958,0.60001,2088,0,0
2025-07-07 15:00:00,0.60001,0.60032,0.59927,0.5997,2526,0,0
2025-07-07 16:00:00,0.5997,0.60139,0.59948,0.60132,2907,0,0
2025-07-07 17:00:00,0.60132,0.60169,0.60094,0.60149,2992,0,0
2025-07-07 18:00:00,0.60148,0.60163,0.60095,0.60119,2431,0,0
2025-07-07 19:00:00,0.6012,0.60158,0.5992,0.59943,4413,0,0
2025-07-07 20:00:00,0.59943,0.60051,0.59921,0.59987,3643,0,0
2025-07-07 21:00:00,0.59987,0.60042,0.59899,0.60021,3029,0,0
2025-07-07 22:00:00,0.60021,0.60055,0.59991,0.60013,1996,0,0
2025-07-07 23:00:00,0.60013,0.60015,0.59919,0.59938,860,0,0
2025-07-08 00:00:00,0.59933,0.59948,0.59861,0.59948,326,20,0
2025-07-08 01:00:00,0.59948,0.6004,0.59948,0.6003,624,0,0
2025-07-08 02:00:00,0.6003,0.6008,0.60007,0.60075,915,0,0
2025-07-08 03:00:00,0.60075,0.60166,0.60073,0.60099,2233,0,0
2025-07-08 04:00:00,0.60099,0.6014,0.60039,0.60085,2000,0,0
2025-07-08 05:00:00,0.60085,0.60208,0.60068,0.60158,1809,0,0
2025-07-08 06:00:00,0.60158,0.60206,0.60134,0.60137,1407,0,0
2025-07-08 07:00:00,0.60137,0.60343,0.6012,0.60166,2969,0,0
2025-07-08 08:00:00,0.60165,0.60196,0.60088,0.60159,2494,0,0
2025-07-08 09:00:00,0.60159,0.60218,0.60119,0.6013,3274,0,0
2025-07-08 10:00:00,0.6013,0.60287,0.60124,0.60265,2991,0,0
2025-07-08 11:00:00,0.60267,0.60267,0.6017,0.60196,2671,0,0
2025-07-08 12:00:00,0.60196,0.60234,0.60127,0.60136,2011,0,0
2025-07-08 13:00:00,0.60136,0.60162,0.60106,0.60124,2324,0,0
2025-07-08 14:00:00,0.60124,0.60198,0.60118,0.60122,1970,0,0
2025-07-08 15:00:00,0.60122,0.60136,0.60057,0.60109,2814,0,0
2025-07-08 16:00:00,0.60109,0.60112,0.59924,0.59957,3856,0,0
2025-07-08 17:00:00,0.59956,0.59962,0.59793,0.59842,3920,0,0
2025-07-08 18:00:00,0.59842,0.59963,0.59833,0.59921,3061,0,0
2025-07-08 19:00:00,0.59921,0.59981,0.59845,0.59952,3831,0,0
2025-07-08 20:00:00,0.59952,0.60039,0.59944,0.60025,3564,0,0
2025-07-08 21:00:00,0.60025,0.60046,0.59967,0.59992,2330,0,0
2025-07-08 22:00:00,0.59992,0.60001,0.59935,0.59954,1502,0,0
2025-07-08 23:00:00,0.59954,0.59995,0.59947,0.59976,1064,0,0
2025-07-09 00:00:00,0.59972,0.59974,0.59873,0.59939,290,13,0
2025-07-09 01:00:00,0.59939,0.60011,0.59939,0.59985,558,0,0
2025-07-09 02:00:00,0.59983,0.5999,0.59917,0.59927,636,0,0
2025-07-09 03:00:00,0.59929,0.59946,0.59868,0.59917,2201,0,0
2025-07-09 04:00:00,0.59917,0.60022,0.59869,0.59895,2405,0,0
2025-07-09 05:00:00,0.59903,0.60145,0.59785,0.59878,2832,0,0
2025-07-09 06:00:00,0.59878,0.5988,0.59759,0.59853,1899,0,0
2025-07-09 07:00:00,0.59853,0.60038,0.59843,0.60015,1480,0,0
2025-07-09 08:00:00,0.60015,0.60079,0.59987,0.60012,1860,0,0
2025-07-09 09:00:00,0.60012,0.60092,0.59933,0.6008,2911,0,0
2025-07-09 10:00:00,0.6008,0.60106,0.59905,0.59937,3013,0,0
2025-07-09 11:00:00,0.59937,0.6004,0.59892,0.6,2748,0,0
2025-07-09 12:00:00,0.6,0.60031,0.59965,0.60003,2124,0,0
2025-07-09 13:00:00,0.60003,0.60035,0.59902,0.59909,1775,0,0
2025-07-09 14:00:00,0.59909,0.59926,0.59816,0.59821,1884,0,0
2025-07-09 15:00:00,0.59821,0.59975,0.59813,0.59956,3032,0,0
2025-07-09 16:00:00,0.59956,0.60036,0.59918,0.59993,3899,0,0
2025-07-09 17:00:00,0.59993,0.60086,0.59907,0.59924,3941,0,0
2025-07-09 18:00:00,0.59924,0.59958,0.5988,0.59908,2630,0,0
2025-07-09 19:00:00,0.59908,0.59957,0.59899,0.59929,2024,0,0
2025-07-09 20:00:00,0.59929,0.60019,0.59917,0.59949,2293,0,0
2025-07-09 21:00:00,0.59948,0.60042,0.59918,0.5998,2563,0,0
2025-07-09 22:00:00,0.5998,0.60072,0.59977,0.60049,1487,0,0
2025-07-09 23:00:00,0.60049,0.60053,0.59956,0.59987,1168,0,0
2025-07-10 00:00:00,0.59964,0.60013,0.59849,0.5998,814,26,0
2025-07-10 01:00:00,0.5998,0.60039,0.59925,0.60003,738,0,0
2025-07-10 02:00:00,0.60003,0.60008,0.59968,0.59988,621,0,0
2025-07-10 03:00:00,0.59988,0.60114,0.5997,0.6006,2368,0,0
2025-07-10 04:00:00,0.6006,0.60098,0.60015,0.60066,1710,0,0
2025-07-10 05:00:00,0.60066,0.60105,0.60051,0.60088,1478,0,0
2025-07-10 06:00:00,0.60088,0.6011,0.60048,0.60048,1203,0,0
2025-07-10 07:00:00,0.60048,0.60076,0.60006,0.6007,992,0,0
2025-07-10 08:00:00,0.6007,0.60094,0.60042,0.60071,1072,0,0
2025-07-10 09:00:00,0.60071,0.6015,0.60068,0.60142,2014,0,0
2025-07-10 10:00:00,0.60144,0.60205,0.60122,0.60143,2431,0,0
2025-07-10 11:00:00,0.60143,0.60157,0.60101,0.60129,1797,0,0
2025-07-10 12:00:00,0.60129,0.60219,0.60125,0.60193,1440,0,0
2025-07-10 13:00:00,0.60193,0.60251,0.60179,0.60232,1442,0,0
2025-07-10 14:00:00,0.60232,0.60251,0.60092,0.60127,1824,0,0
2025-07-10 15:00:00,0.60127,0.6015,0.60027,0.60076,2680,0,0
2025-07-10 16:00:00,0.60076,0.60124,0.59965,0.60003,2803,0,0
2025-07-10 17:00:00,0.60003,0.60085,0.59964,0.60054,4372,0,0
2025-07-10 18:00:00,0.60054,0.60199,0.60048,0.60188,2985,0,0
2025-07-10 19:00:00,0.60188,0.60251,0.60179,0.60215,2462,0,0
2025-07-10 20:00:00,0.60215,0.60251,0.60204,0.60233,2055,0,0
2025-07-10 21:00:00,0.60233,0.60307,0.60227,0.60286,1749,0,0
2025-07-10 22:00:00,0.60285,0.60336,0.60274,0.60329,1229,0,0
2025-07-10 23:00:00,0.60329,0.60359,0.60312,0.60345,824,0,0
2025-07-11 00:00:00,0.60334,0.60337,0.60242,0.60286,439,26,0
2025-07-11 01:00:00,0.60286,0.6041,0.60286,0.60399,387,0,0
2025-07-11 02:00:00,0.60399,0.60433,0.60398,0.60405,572,0,0
2025-07-11 03:00:00,0.60405,0.60416,0.60075,0.60166,5019,0,0
2025-07-11 04:00:00,0.60165,0.60356,0.6009,0.60298,3634,0,0
2025-07-11 05:00:00,0.60298,0.60325,0.60177,0.60178,2549,0,0
2025-07-11 06:00:00,0.60178,0.60253,0.60169,0.6022,1586,0,0
2025-07-11 07:00:00,0.6022,0.60227,0.60111,0.60152,1980,0,0
2025-07-11 08:00:00,0.60152,0.60203,0.60137,0.60141,2080,0,0
2025-07-11 09:00:00,0.60141,0.60204,0.60093,0.60155,3089,0,0
2025-07-11 10:00:00,0.60155,0.60269,0.60155,0.60241,2668,0,0
2025-07-11 11:00:00,0.60241,0.60246,0.60101,0.60116,2246,0,0
2025-07-11 12:00:00,0.60116,0.60178,0.60099,0.60156,2022,0,0
2025-07-11 13:00:00,0.60156,0.60239,0.6015,0.60206,2009,0,0
2025-07-11 14:00:00,0.60206,0.6024,0.60129,0.60138,2201,0,0
2025-07-11 15:00:00,0.60138,0.60205,0.6005,0.60129,3254,0,0
2025-07-11 16:00:00,0.6013,0.60207,0.60051,0.60051,3845,0,0
2025-07-11 17:00:00,0.60051,0.6011,0.60008,0.60042,3996,0,0
2025-07-11 18:00:00,0.60042,0.60115,0.60039,0.60092,2712,0,0
2025-07-11 19:00:00,0.60092,0.60106,0.60029,0.60072,2516,0,0
2025-07-11 20:00:00,0.60072,0.60107,0.60062,0.60088,2008,0,0
2025-07-11 21:00:00,0.60088,0.60123,0.60073,0.60091,1928,0,0
2025-07-11 22:00:00,0.60091,0.60096,0.60037,0.60052,1588,0,0
2025-07-11 23:00:00,0.60052,0.6008,0.59993,0.6003,1411,0,0
2025-07-14 00:00:00,0.59893,0.60017,0.59893,0.59897,329,66,0
2025-07-14 01:00:00,0.59897,0.60064,0.59897,0.59975,1137,0,0
2025-07-14 02:00:00,0.59975,0.6007,0.59961,0.60058,1405,0,0
2025-07-14 03:00:00,0.60058,0.60148,0.60031,0.60069,2241,0,0
2025-07-14 04:00:00,0.60069,0.60091,0.59841,0.59877,3169,0,0
2025-07-14 05:00:00,0.59877,0.59887,0.59819,0.59852,1837,0,0
2025-07-14 06:00:00,0.59853,0.59906,0.59825,0.59875,1822,0,0
2025-07-14 07:00:00,0.59875,0.59875,0.59804,0.59812,1673,0,0
2025-07-14 08:00:00,0.59812,0.59879,0.59792,0.59815,1788,0,0
2025-07-14 09:00:00,0.59815,0.59857,0.59786,0.59813,2740,0,0
2025-07-14 10:00:00,0.59813,0.59927,0.59752,0.59905,3019,0,0
2025-07-14 11:00:00,0.59905,0.59935,0.59872,0.59883,1895,0,0
2025-07-14 12:00:00,0.59883,0.59941,0.59852,0.59907,1902,0,0
2025-07-14 13:00:00,0.59905,0.59964,0.5988,0.59932,1857,0,0
2025-07-14 14:00:00,0.59932,0.59953,0.59883,0.59893,1554,0,0
2025-07-14 15:00:00,0.59893,0.59927,0.59809,0.59843,2219,0,0
2025-07-14 16:00:00,0.59843,0.59875,0.59795,0.59863,2597,0,0
2025-07-14 17:00:00,0.59863,0.59866,0.59752,0.5978,2553,0,0
2025-07-14 18:00:00,0.5978,0.59891,0.5971,0.5971,2908,0,0
2025-07-14 19:00:00,0.5971,0.59751,0.59686,0.59732,3008,0,0
2025-07-14 20:00:00,0.59732,0.59767,0.59716,0.59734,1802,0,0
2025-07-14 21:00:00,0.59734,0.59779,0.59728,0.59762,1292,0,0
2025-07-14 22:00:00,0.59762,0.59781,0.59722,0.5975,1284,0,0
2025-07-14 23:00:00,0.5975,0.59755,0.59711,0.59721,642,0,0
2025-07-15 00:00:00,0.59705,0.59729,0.59662,0.597,395,28,0
2025-07-15 01:00:00,0.597,0.59738,0.59698,0.59726,926,0,0
2025-07-15 02:00:00,0.59726,0.59729,0.59684,0.59704,464,0,0
2025-07-15 03:00:00,0.59704,0.59817,0.59697,0.59782,1655,0,0
2025-07-15 04:00:00,0.59782,0.59853,0.59732,0.59817,1969,0,0
2025-07-15 05:00:00,0.59817,0.59827,0.59755,0.59777,1706,0,0
2025-07-15 06:00:00,0.59777,0.59792,0.59757,0.59773,1196,0,0
2025-07-15 07:00:00,0.59773,0.59797,0.59747,0.59765,1102,0,0
2025-07-15 08:00:00,0.59765,0.59849,0.59752,0.59827,1376,0,0
2025-07-15 09:00:00,0.59827,0.59853,0.5981,0.5983,2201,0,0
2025-07-15 10:00:00,0.5983,0.5995,0.59788,0.5994,2273,0,0
2025-07-15 11:00:00,0.5994,0.59998,0.59925,0.59959,1867,0,0
2025-07-15 12:00:00,0.59959,0.60001,0.59933,0.59969,1962,0,0
2025-07-15 13:00:00,0.59969,0.60018,0.59967,0.60006,1776,0,0
2025-07-15 14:00:00,0.60006,0.60017,0.59905,0.59923,1599,0,0
2025-07-15 15:00:00,0.59923,0.60059,0.59873,0.59992,4185,0,0
2025-07-15 16:00:00,0.59992,0.59998,0.59674,0.59689,4951,0,0
2025-07-15 17:00:00,0.5969,0.59691,0.59465,0.59505,5221,0,0
2025-07-15 18:00:00,0.59505,0.59512,0.5939,0.59492,3340,0,0
2025-07-15 19:00:00,0.59491,0.59512,0.59383,0.59415,3143,0,0
2025-07-15 20:00:00,0.59415,0.59452,0.5941,0.59444,2498,0,0
2025-07-15 21:00:00,0.59444,0.59511,0.59429,0.59473,1725,0,0
2025-07-15 22:00:00,0.59473,0.59479,0.59424,0.59434,1391,0,0
2025-07-15 23:00:00,0.59433,0.5945,0.5941,0.59446,989,0,0
2025-07-16 00:00:00,0.59441,0.59468,0.59416,0.5945,313,26,0
2025-07-16 01:00:00,0.5945,0.59468,0.59437,0.59465,534,0,0
2025-07-16 02:00:00,0.59465,0.59556,0.5945,0.59543,580,0,0
2025-07-16 03:00:00,0.59543,0.59662,0.59529,0.59614,1820,0,0
2025-07-16 04:00:00,0.59614,0.59638,0.5953,0.59539,2135,0,0
2025-07-16 05:00:00,0.59539,0.59541,0.59447,0.59462,1367,0,0
2025-07-16 06:00:00,0.59462,0.59524,0.59445,0.59457,1278,0,0
2025-07-16 07:00:00,0.59457,0.59505,0.59444,0.59499,1029,0,0
2025-07-16 08:00:00,0.59499,0.59518,0.59482,0.59498,1101,0,0
2025-07-16 09:00:00,0.59498,0.59553,0.59477,0.59509,2225,0,0
2025-07-16 10:00:00,0.59509,0.59531,0.59418,0.59464,2151,0,0
2025-07-16 11:00:00,0.59464,0.59487,0.59397,0.59426,2270,0,0
2025-07-16 12:00:00,0.59426,0.59426,0.59372,0.59417,1937,0,0
2025-07-16 13:00:00,0.59417,0.5945,0.5938,0.59435,1825,0,0
2025-07-16 14:00:00,0.59434,0.59452,0.59386,0.59416,1509,0,0
2025-07-16 15:00:00,0.59415,0.59483,0.59355,0.59393,3228,0,0
2025-07-16 16:00:00,0.59393,0.59421,0.59186,0.59221,3459,0,0
2025-07-16 17:00:00,0.59221,0.5929,0.59125,0.59232,3969,0,0
2025-07-16 18:00:00,0.59232,0.59698,0.59226,0.59391,11121,0,0
2025-07-16 19:00:00,0.59389,0.59498,0.59314,0.59439,6466,0,0
2025-07-16 20:00:00,0.59438,0.59554,0.59431,0.59452,3331,0,0
2025-07-16 21:00:00,0.59452,0.59467,0.59369,0.59379,2277,0,0
2025-07-16 22:00:00,0.59379,0.59472,0.59374,0.59456,1591,0,0
2025-07-16 23:00:00,0.59456,0.59476,0.59438,0.59471,1107,0,0
2025-07-17 00:00:00,0.59464,0.59473,0.59292,0.59433,235,16,0
2025-07-17 01:00:00,0.59433,0.5948,0.59427,0.59441,637,0,0
2025-07-17 02:00:00,0.59441,0.5947,0.59424,0.59439,760,0,0
2025-07-17 03:00:00,0.59439,0.5945,0.59298,0.59342,2236,0,0
2025-07-17 04:00:00,0.59342,0.59418,0.59277,0.59347,3111,0,0
2025-07-17 05:00:00,0.59347,0.59347,0.59143,0.59159,2405,0,0
2025-07-17 06:00:00,0.59159,0.59253,0.59119,0.59247,1783,0,0
2025-07-17 07:00:00,0.59247,0.59287,0.59205,0.5928,1318,0,0
2025-07-17 08:00:00,0.5928,0.59337,0.59265,0.59266,1581,0,0
2025-07-17 09:00:00,0.59266,0.59289,0.59108,0.59161,3622,0,0
2025-07-17 10:00:00,0.59161,0.59164,0.59095,0.59148,3172,0,0
2025-07-17 11:00:00,0.59148,0.59265,0.59126,0.59249,2606,0,0
2025-07-17 12:00:00,0.59249,0.59272,0.59182,0.59195,1908,0,0
2025-07-17 13:00:00,0.59195,0.59212,0.59143,0.5916,1803,0,0
2025-07-17 14:00:00,0.5916,0.59168,0.59071,0.59087,1871,0,0
2025-07-17 15:00:00,0.59087,0.59218,0.59045,0.59173,3146,0,0
2025-07-17 16:00:00,0.59173,0.59243,0.59111,0.59236,3432,0,0
2025-07-17 17:00:00,0.59236,0.59253,0.59171,0.59206,3059,0,0
2025-07-17 18:00:00,0.59206,0.59324,0.59203,0.59284,2096,0,0
2025-07-17 19:00:00,0.59284,0.59318,0.59206,0.59236,2335,0,0
2025-07-17 20:00:00,0.59236,0.59275,0.59231,0.59246,2062,0,0
2025-07-17 21:00:00,0.59246,0.59275,0.5923,0.59249,1880,0,0
2025-07-17 22:00:00,0.59249,0.59318,0.59247,0.59307,1315,0,0
2025-07-17 23:00:00,0.59307,0.59318,0.59293,0.5931,934,0,0
2025-07-18 00:00:00,0.59309,0.59325,0.59242,0.59299,481,18,0
2025-07-18 01:00:00,0.59299,0.59421,0.59293,0.59408,931,0,0
2025-07-18 02:00:00,0.59408,0.59444,0.59405,0.59432,541,0,0
2025-07-18 03:00:00,0.59432,0.5956,0.59421,0.59529,1702,0,0
2025-07-18 04:00:00,0.59529,0.59609,0.59517,0.59559,2077,0,0
2025-07-18 05:00:00,0.59559,0.59635,0.59502,0.5962,1986,0,0
2025-07-18 06:00:00,0.5962,0.59636,0.59544,0.59549,1501,0,0
2025-07-18 07:00:00,0.59549,0.59555,0.59508,0.59536,1409,0,0
2025-07-18 08:00:00,0.59536,0.59536,0.59479,0.59517,1318,0,0
2025-07-18 09:00:00,0.59517,0.59577,0.59477,0.59557,2149,0,0
2025-07-18 10:00:00,0.59557,0.59592,0.59526,0.59588,2108,0,0
2025-07-18 11:00:00,0.59588,0.59671,0.59588,0.59653,2468,0,0
2025-07-18 12:00:00,0.59653,0.59696,0.59643,0.59666,1551,0,0
2025-07-18 13:00:00,0.59666,0.59755,0.59645,0.5975,1683,0,0
2025-07-18 14:00:00,0.5975,0.59779,0.59712,0.59745,2111,0,0
2025-07-18 15:00:00,0.59745,0.59822,0.59735,0.59796,2787,0,0
2025-07-18 16:00:00,0.59796,0.59911,0.59783,0.59852,3492,0,0
2025-07-18 17:00:00,0.5985,0.59904,0.59747,0.59752,3921,0,0
2025-07-18 18:00:00,0.59751,0.59803,0.59736,0.59763,2884,0,0
2025-07-18 19:00:00,0.59763,0.59776,0.59646,0.59658,3056,0,0
2025-07-18 20:00:00,0.59658,0.59665,0.59601,0.59639,2262,0,0
2025-07-18 21:00:00,0.59639,0.59649,0.59605,0.59613,1578,0,0
2025-07-18 22:00:00,0.59614,0.59622,0.59585,0.59612,1185,0,0
2025-07-18 23:00:00,0.59612,0.59623,0.59555,0.59588,752,0,0
2025-07-21 00:00:00,0.59678,0.59678,0.59532,0.5963,751,72,0
2025-07-21 01:00:00,0.5963,0.59653,0.59415,0.59475,1797,0,0
2025-07-21 02:00:00,0.59475,0.59523,0.59451,0.59519,897,0,0
2025-07-21 03:00:00,0.59519,0.59546,0.59396,0.59432,1859,0,0
2025-07-21 04:00:00,0.59432,0.59491,0.59384,0.59439,2131,0,0
2025-07-21 05:00:00,0.59439,0.59481,0.594,0.59467,1945,0,0
2025-07-21 06:00:00,0.59467,0.59516,0.59465,0.59495,2164,0,0
2025-07-21 07:00:00,0.59495,0.59522,0.59485,0.59516,1699,0,0
2025-07-21 08:00:00,0.59516,0.59586,0.59502,0.59561,2246,0,0
2025-07-21 09:00:00,0.59561,0.5967,0.59558,0.59633,2513,0,0
2025-07-21 10:00:00,0.59633,0.59673,0.59522,0.59561,2739,0,0
2025-07-21 11:00:00,0.59561,0.59665,0.59539,0.59635,2637,0,0
2025-07-21 12:00:00,0.59635,0.59642,0.59556,0.59557,2066,0,0
2025-07-21 13:00:00,0.59558,0.59626,0.59524,0.59619,1819,0,0
2025-07-21 14:00:00,0.59619,0.59718,0.59605,0.59713,2779,0,0
2025-07-21 15:00:00,0.59713,0.59764,0.59687,0.59706,2651,0,0
2025-07-21 16:00:00,0.59706,0.59707,0.59628,0.5965,2654,0,0
2025-07-21 17:00:00,0.5965,0.59796,0.59648,0.59746,3177,0,0
2025-07-21 18:00:00,0.59745,0.59851,0.59737,0.59772,2914,0,0
2025-07-21 19:00:00,0.59772,0.59799,0.59748,0.59789,2462,0,0
2025-07-21 20:00:00,0.59789,0.59798,0.59724,0.59743,2117,0,0
2025-07-21 21:00:00,0.59743,0.59776,0.59726,0.59752,1303,0,0
2025-07-21 22:00:00,0.59752,0.5976,0.59697,0.597,1441,0,0
2025-07-21 23:00:00,0.597,0.59713,0.59668,0.5968,971,0,0
2025-07-22 00:00:00,0.59677,0.59677,0.59557,0.59649,569,13,0
2025-07-22 01:00:00,0.59649,0.5968,0.59649,0.5968,573,0,0
2025-07-22 02:00:00,0.5968,0.59717,0.59659,0.59689,1065,0,0
2025-07-22 03:00:00,0.59689,0.59696,0.59573,0.59603,2404,0,0
2025-07-22 04:00:00,0.59603,0.59654,0.59558,0.59588,2433,0,0
2025-07-22 05:00:00,0.59588,0.5967,0.59588,0.59624,1613,0,0
2025-07-22 06:00:00,0.59624,0.59626,0.59579,0.59596,1307,0,0
2025-07-22 07:00:00,0.59596,0.59639,0.59578,0.59586,1170,0,0
2025-07-22 08:00:00,0.59586,0.59598,0.59503,0.59507,1540,0,0
2025-07-22 09:00:00,0.59507,0.59527,0.59435,0.59449,2504,0,0
2025-07-22 10:00:00,0.59449,0.59492,0.59403,0.59417,2445,0,0
2025-07-22 11:00:00,0.59416,0.59492,0.5941,0.59453,2395,0,0
2025-07-22 12:00:00,0.59453,0.5953,0.59453,0.59529,1689,0,0
2025-07-22 13:00:00,0.59529,0.59566,0.59481,0.59491,1827,0,0
2025-07-22 14:00:00,0.59491,0.59588,0.59475,0.59582,2114,0,0
2025-07-22 15:00:00,0.59582,0.59669,0.59578,0.59647,2647,0,0
2025-07-22 16:00:00,0.59647,0.59736,0.59647,0.59709,3715,0,0
2025-07-22 17:00:00,0.59709,0.59921,0.59652,0.59891,4363,0,0
2025-07-22 18:00:00,0.59891,0.60006,0.59868,0.59996,3724,0,0
2025-07-22 19:00:00,0.59996,0.60043,0.59975,0.60014,2985,0,0
2025-07-22 20:00:00,0.60013,0.60018,0.59963,0.59982,2020,0,0
2025-07-22 21:00:00,0.59982,0.6,0.59952,0.59991,1793,0,0
2025-07-22 22:00:00,0.59991,0.6003,0.59968,0.60022,1438,0,0
2025-07-22 23:00:00,0.60022,0.60029,0.60003,0.60013,989,0,0
2025-07-23 00:00:00,0.60004,0.60004,0.59684,0.59913,910,29,0
2025-07-23 01:00:00,0.59912,0.6,0.59906,0.59991,477,0,0
2025-07-23 02:00:00,0.59991,0.60081,0.59977,0.59981,960,0,0
2025-07-23 03:00:00,0.59981,0.60073,0.59943,0.6006,2420,0,0
2025-07-23 04:00:00,0.6006,0.60082,0.59991,0.60055,2364,0,0
2025-07-23 05:00:00,0.60055,0.60082,0.59974,0.59996,2546,0,0
2025-07-23 06:00:00,0.59997,0.60142,0.59993,0.60063,2450,0,0
2025-07-23 07:00:00,0.60063,0.60183,0.60063,0.60158,1899,0,0
2025-07-23 08:00:00,0.60158,0.60195,0.60136,0.60153,2353,0,0
2025-07-23 09:00:00,0.60153,0.6023,0.60136,0.60225,2843,0,0
2025-07-23 10:00:00,0.60225,0.60338,0.60223,0.60313,2584,0,0
2025-07-23 11:00:00,0.60313,0.60347,0.60292,0.6032,2372,0,0
2025-07-23 12:00:00,0.6032,0.60392,0.60296,0.60383,2007,0,0
2025-07-23 13:00:00,0.60383,0.60461,0.60372,0.60411,2082,0,0
2025-07-23 14:00:00,0.60411,0.60471,0.60387,0.60439,2058,0,0
2025-07-23 15:00:00,0.60439,0.6046,0.60326,0.60344,2221,0,0
2025-07-23 16:00:00,0.60344,0.60403,0.60305,0.60369,3120,0,0
2025-07-23 17:00:00,0.60369,0.60432,0.60318,0.60389,3082,0,0
2025-07-23 18:00:00,0.60388,0.60408,0.60303,0.60374,2809,0,0
2025-07-23 19:00:00,0.60375,0.60416,0.60267,0.60288,4592,0,0
2025-07-23 20:00:00,0.60288,0.60374,0.60288,0.60365,2792,0,0
2025-07-23 21:00:00,0.60365,0.6045,0.60365,0.60418,2289,0,0
2025-07-23 22:00:00,0.60418,0.60468,0.60417,0.6044,1861,0,0
2025-07-23 23:00:00,0.6044,0.60476,0.60439,0.60456,1358,0,0
2025-07-24 00:00:00,0.60449,0.60449,0.60353,0.60386,190,21,0
2025-07-24 01:00:00,0.60386,0.60475,0.60386,0.60457,901,0,0
2025-07-24 02:00:00,0.60457,0.60516,0.60453,0.60471,854,0,0
2025-07-24 03:00:00,0.60471,0.60481,0.60414,0.60449,2678,0,0
2025-07-24 04:00:00,0.60449,0.60591,0.60446,0.60509,3457,0,0
2025-07-24 05:00:00,0.60509,0.60551,0.60457,0.6055,2396,0,0
2025-07-24 06:00:00,0.6055,0.60594,0.60519,0.6052,1836,0,0
2025-07-24 07:00:00,0.6052,0.6055,0.60481,0.60543,1845,0,0
2025-07-24 08:00:00,0.60543,0.6059,0.60507,0.6056,1656,0,0
2025-07-24 09:00:00,0.6056,0.60579,0.60446,0.60462,2961,0,0
2025-07-24 10:00:00,0.60462,0.60523,0.60441,0.60485,2777,0,0
2025-07-24 11:00:00,0.60485,0.60577,0.60456,0.60557,2576,0,0
2025-07-24 12:00:00,0.60556,0.60559,0.60476,0.60517,2156,0,0
2025-07-24 13:00:00,0.60517,0.60523,0.60417,0.6043,2043,0,0
2025-07-24 14:00:00,0.6043,0.60513,0.60415,0.60512,1679,0,0
2025-07-24 15:00:00,0.60512,0.60543,0.60425,0.60432,2891,0,0
2025-07-24 16:00:00,0.60432,0.60498,0.60398,0.60455,4460,0,0
2025-07-24 17:00:00,0.60455,0.60562,0.60412,0.60452,3493,0,0
2025-07-24 18:00:00,0.60452,0.60458,0.60357,0.60398,3104,0,0
2025-07-24 19:00:00,0.60398,0.60419,0.6034,0.60391,2610,0,0
2025-07-24 20:00:00,0.60391,0.60441,0.60381,0.60415,2303,0,0
2025-07-24 21:00:00,0.60415,0.60423,0.60386,0.60405,1808,0,0
2025-07-24 22:00:00,0.60405,0.60419,0.60349,0.6035,1961,0,0
2025-07-24 23:00:00,0.6035,0.60365,0.60261,0.60287,1395,0,0
2025-07-25 00:00:00,0.60273,0.60318,0.60184,0.60277,674,26,0
2025-07-25 01:00:00,0.60277,0.60318,0.6025,0.60313,302,0,0
2025-07-25 02:00:00,0.60313,0.60373,0.60313,0.60354,688,0,0
2025-07-25 03:00:00,0.60354,0.6039,0.60315,0.60348,1809,0,0
2025-07-25 04:00:00,0.60348,0.6036,0.60252,0.60264,2246,0,0
2025-07-25 05:00:00,0.60264,0.60273,0.60203,0.60235,1963,0,0
2025-07-25 06:00:00,0.60234,0.60288,0.60214,0.60279,1470,0,0
2025-07-25 07:00:00,0.60279,0.60305,0.60147,0.60203,1959,0,0
2025-07-25 08:00:00,0.60203,0.60309,0.60194,0.60264,1962,0,0
2025-07-25 09:00:00,0.60264,0.60291,0.60194,0.60246,2662,0,0
2025-07-25 10:00:00,0.60246,0.60255,0.6011,0.60118,3108,0,0
2025-07-25 11:00:00,0.60118,0.60152,0.60061,0.60103,3015,0,0
2025-07-25 12:00:00,0.60103,0.60111,0.60038,0.601,1920,0,0
2025-07-25 13:00:00,0.601,0.60139,0.60077,0.6013,1663,0,0
2025-07-25 14:00:00,0.6013,0.6016,0.60052,0.60151,1978,0,0
2025-07-25 15:00:00,0.60148,0.60151,0.60026,0.60044,2130,0,0
2025-07-25 16:00:00,0.60044,0.60114,0.59979,0.60087,4589,0,0
2025-07-25 17:00:00,0.60087,0.6015,0.60061,0.60078,3372,0,0
2025-07-25 18:00:00,0.60078,0.60096,0.60025,0.60059,2809,0,0
2025-07-25 19:00:00,0.60059,0.60108,0.60021,0.60101,2349,0,0
2025-07-25 20:00:00,0.60101,0.60138,0.60087,0.60116,1815,0,0
2025-07-25 21:00:00,0.60116,0.60157,0.60109,0.60144,1687,0,0
2025-07-25 22:00:00,0.60144,0.60163,0.60128,0.6015,839,0,0
2025-07-25 23:00:00,0.6015,0.60161,0.60098,0.6014,817,0,0
2025-07-28 00:00:00,0.6009,0.60145,0.60056,0.60144,285,42,0
2025-07-28 01:00:00,0.60144,0.60225,0.60141,0.60194,1050,0,0
2025-07-28 02:00:00,0.60194,0.60229,0.60183,0.60186,828,0,0
2025-07-28 03:00:00,0.60186,0.6027,0.60186,0.6027,3103,0,0
2025-07-28 04:00:00,0.6027,0.60327,0.60125,0.60136,2699,0,0
2025-07-28 05:00:00,0.60136,0.60216,0.6011,0.60202,2042,0,0
2025-07-28 06:00:00,0.60201,0.60218,0.6011,0.60142,1785,0,0
2025-07-28 07:00:00,0.60142,0.60151,0.6008,0.60109,1791,0,0
2025-07-28 08:00:00,0.60109,0.60127,0.60065,0.60085,1663,0,0
2025-07-28 09:00:00,0.60085,0.60097,0.59944,0.59999,3285,0,0
2025-07-28 10:00:00,0.59999,0.60041,0.59719,0.59735,4205,0,0
2025-07-28 11:00:00,0.59735,0.59812,0.59684,0.59759,3393,0,0
2025-07-28 12:00:00,0.59759,0.59802,0.59716,0.59762,2991,0,0
2025-07-28 13:00:00,0.59762,0.59832,0.59739,0.59773,3008,0,0
2025-07-28 14:00:00,0.59773,0.59842,0.59729,0.59812,3223,0,0
2025-07-28 15:00:00,0.59812,0.59853,0.59787,0.59848,3884,0,0
2025-07-28 16:00:00,0.59848,0.59887,0.59709,0.59732,4074,0,0
2025-07-28 17:00:00,0.59732,0.59871,0.59723,0.59801,4326,0,0
2025-07-28 18:00:00,0.59801,0.59831,0.59707,0.59722,3661,0,0
2025-07-28 19:00:00,0.59722,0.59733,0.59681,0.59717,2610,0,0
2025-07-28 20:00:00,0.59717,0.59733,0.59663,0.59683,2539,0,0
2025-07-28 21:00:00,0.59683,0.5971,0.59663,0.59694,2154,0,0
2025-07-28 22:00:00,0.59694,0.59722,0.59667,0.59717,1356,0,0
2025-07-28 23:00:00,0.59718,0.59734,0.59686,0.59695,1026,0,0
2025-07-29 00:00:00,0.59689,0.59695,0.59549,0.59679,576,20,0
2025-07-29 01:00:00,0.59679,0.5974,0.59677,0.59735,429,0,0
2025-07-29 02:00:00,0.59735,0.59739,0.59702,0.59717,497,0,0
2025-07-29 03:00:00,0.59717,0.59722,0.59613,0.59629,1963,0,0
2025-07-29 04:00:00,0.59629,0.59725,0.59628,0.59688,2083,0,0
2025-07-29 05:00:00,0.59688,0.59766,0.59686,0.59751,1844,0,0
2025-07-29 06:00:00,0.59751,0.5976,0.59649,0.59675,1635,0,0
2025-07-29 07:00:00,0.59675,0.59695,0.59629,0.59691,1481,0,0
2025-07-29 08:00:00,0.59691,0.59717,0.59666,0.597,1378,0,0
2025-07-29 09:00:00,0.597,0.59713,0.59506,0.59515,3680,0,0
2025-07-29 10:00:00,0.59514,0.59542,0.59455,0.59487,3523,0,0
2025-07-29 11:00:00,0.59487,0.59611,0.59457,0.59595,2603,0,0
2025-07-29 12:00:00,0.59595,0.5964,0.59572,0.59585,2594,0,0
2025-07-29 13:00:00,0.59585,0.59636,0.59556,0.59565,2341,0,0
2025-07-29 14:00:00,0.59565,0.59573,0.59463,0.59477,2711,0,0
2025-07-29 15:00:00,0.59477,0.59504,0.5945,0.59454,2860,0,0
2025-07-29 16:00:00,0.59454,0.5953,0.59428,0.59512,3305,0,0
2025-07-29 17:00:00,0.59512,0.59585,0.59425,0.59511,4938,0,0
2025-07-29 18:00:00,0.59511,0.59575,0.59489,0.59532,3936,0,0
2025-07-29 19:00:00,0.59532,0.59565,0.59502,0.59522,2510,0,0
2025-07-29 20:00:00,0.59522,0.59615,0.59516,0.59537,3114,0,0
2025-07-29 21:00:00,0.59537,0.59581,0.59519,0.5958,2008,0,0
2025-07-29 22:00:00,0.5958,0.59601,0.59559,0.59564,1778,0,0
2025-07-29 23:00:00,0.59564,0.59575,0.59536,0.59545,796,0,0
2025-07-30 00:00:00,0.59547,0.59547,0.59448,0.5952,569,19,0
2025-07-30 01:00:00,0.5952,0.59582,0.5952,0.59532,254,0,0
2025-07-30 02:00:00,0.59532,0.59552,0.59515,0.59541,441,0,0
2025-07-30 03:00:00,0.59541,0.59671,0.59541,0.59668,2092,0,0
2025-07-30 04:00:00,0.59668,0.5971,0.59583,0.59654,3338,0,0
2025-07-30 05:00:00,0.59654,0.59697,0.59635,0.59669,1975,0,0
2025-07-30 06:00:00,0.59669,0.59715,0.5964,0.59662,1519,0,0
2025-07-30 07:00:00,0.59662,0.59668,0.59604,0.59613,1243,0,0
2025-07-30 08:00:00,0.59613,0.59666,0.59589,0.59621,1572,0,0
2025-07-30 09:00:00,0.59621,0.59658,0.59564,0.59626,2723,0,0
2025-07-30 10:00:00,0.59626,0.59662,0.59561,0.59571,2908,0,0
2025-07-30 11:00:00,0.59571,0.59597,0.59513,0.59579,2386,0,0
2025-07-30 12:00:00,0.59579,0.59606,0.5953,0.59564,2424,0,0
2025-07-30 13:00:00,0.59564,0.59574,0.59458,0.59483,2195,0,0
2025-07-30 14:00:00,0.59483,0.59504,0.59424,0.59461,2300,0,0
2025-07-30 15:00:00,0.59461,0.59471,0.59244,0.59262,4397,0,0
2025-07-30 16:00:00,0.59262,0.59266,0.59103,0.59141,4602,0,0
2025-07-30 17:00:00,0.59141,0.59202,0.59131,0.59191,3914,0,0
2025-07-30 18:00:00,0.59191,0.59199,0.59087,0.59109,2766,0,0
2025-07-30 19:00:00,0.59109,0.59159,0.59096,0.59155,2153,0,0
2025-07-30 20:00:00,0.59155,0.59233,0.59155,0.59158,1938,0,0
2025-07-30 21:00:00,0.59135,0.59294,0.58919,0.5892,8027,0,0
2025-07-30 22:00:00,0.5892,0.58969,0.58887,0.58924,4772,0,0
2025-07-30 23:00:00,0.58925,0.59003,0.58922,0.58945,2007,0,0
2025-07-31 00:00:00,0.58943,0.58959,0.58912,0.58929,554,14,0
2025-07-31 01:00:00,0.58929,0.5906,0.58927,0.59053,582,0,0
2025-07-31 02:00:00,0.59053,0.59091,0.59022,0.5907,823,0,0
2025-07-31 03:00:00,0.5907,0.59105,0.59031,0.59056,2321,0,0
2025-07-31 04:00:00,0.59056,0.59075,0.58976,0.59069,3275,0,0
2025-07-31 05:00:00,0.59069,0.59145,0.59058,0.59133,2236,0,0
2025-07-31 06:00:00,0.59134,0.59159,0.59071,0.59157,1708,0,0
2025-07-31 07:00:00,0.59157,0.59263,0.59125,0.59259,1500,0,0
2025-07-31 08:00:00,0.59258,0.59301,0.5921,0.59285,1903,0,0
2025-07-31 09:00:00,0.59285,0.59371,0.59263,0.59312,3402,0,0
2025-07-31 10:00:00,0.59313,0.59314,0.59158,0.59208,3485,0,0
2025-07-31 11:00:00,0.59208,0.5921,0.59098,0.59135,2992,0,0
2025-07-31 12:00:00,0.59135,0.5914,0.59048,0.59052,2167,0,0
2025-07-31 13:00:00,0.59053,0.5907,0.58955,0.59009,2612,0,0
2025-07-31 14:00:00,0.59009,0.59104,0.58985,0.59085,2327,0,0
2025-07-31 15:00:00,0.59085,0.59101,0.58973,0.59006,3604,0,0
2025-07-31 16:00:00,0.59006,0.59044,0.58897,0.58918,3984,0,0
2025-07-31 17:00:00,0.58917,0.59037,0.589,0.59014,4369,0,0
2025-07-31 18:00:00,0.59014,0.59042,0.58923,0.5893,3762,0,0
2025-07-31 19:00:00,0.5893,0.58981,0.58907,0.5896,3006,0,0
2025-07-31 20:00:00,0.5896,0.58976,0.58888,0.58896,2469,0,0
2025-07-31 21:00:00,0.58896,0.58966,0.5888,0.58941,2124,0,0
2025-07-31 22:00:00,0.58941,0.58981,0.58901,0.58901,2136,0,0
2025-07-31 23:00:00,0.58901,0.5893,0.5888,0.58885,1513,0,0
2025-08-01 00:00:00,0.58879,0.58907,0.5878,0.58893,872,26,0
2025-08-01 01:00:00,0.58884,0.5893,0.58843,0.58891,1009,0,0
2025-08-01 02:00:00,0.58891,0.58942,0.58852,0.58871,1449,0,0
2025-08-01 03:00:00,0.58871,0.58929,0.58824,0.58902,2268,0,0
2025-08-01 04:00:00,0.58902,0.58928,0.58757,0.58768,3276,0,0
2025-08-01 05:00:00,0.58768,0.58821,0.58742,0.58766,2285,0,0
2025-08-01 06:00:00,0.58766,0.58854,0.58766,0.58817,1774,0,0
2025-08-01 07:00:00,0.58817,0.58838,0.58794,0.58814,1247,0,0
2025-08-01 08:00:00,0.58814,0.58824,0.58779,0.58813,1726,0,0
2025-08-01 09:00:00,0.58813,0.58842,0.58724,0.5874,2700,0,0
2025-08-01 10:00:00,0.5874,0.58764,0.58664,0.5868,2847,0,0
2025-08-01 11:00:00,0.58679,0.58701,0.5864,0.58645,2369,0,0
2025-08-01 12:00:00,0.58645,0.5869,0.58587,0.58624,2330,0,0
2025-08-01 13:00:00,0.58624,0.58673,0.58611,0.58646,2314,0,0
2025-08-01 14:00:00,0.58646,0.58723,0.58634,0.58638,2435,0,0
2025-08-01 15:00:00,0.58638,0.59229,0.58564,0.59213,8226,0,0
2025-08-01 16:00:00,0.5921,0.59291,0.59035,0.59067,9862,0,0
2025-08-01 17:00:00,0.59067,0.59186,0.58975,0.59031,8972,0,0
2025-08-01 18:00:00,0.59031,0.59131,0.58959,0.591,5284,0,0
2025-08-01 19:00:00,0.591,0.59133,0.59024,0.59042,3996,0,0
2025-08-01 20:00:00,0.59042,0.59046,0.58893,0.58943,4471,0,0
2025-08-01 21:00:00,0.58943,0.59065,0.58906,0.58929,3347,0,0
2025-08-01 22:00:00,0.58929,0.59154,0.58917,0.59096,4102,0,0
2025-08-01 23:00:00,0.59096,0.59222,0.59095,0.59105,2417,0,0
2025-08-04 00:00:00,0.58969,0.59063,0.58969,0.59053,311,80,0
2025-08-04 01:00:00,0.59053,0.59184,0.5904,0.59089,1893,0,0
2025-08-04 02:00:00,0.59089,0.59174,0.59083,0.59143,1513,0,0
2025-08-04 03:00:00,0.59143,0.59152,0.59028,0.59109,3434,0,0
2025-08-04 04:00:00,0.59109,0.59225,0.59037,0.59212,3627,0,0
2025-08-04 05:00:00,0.59212,0.59223,0.59129,0.59138,2553,0,0
2025-08-04 06:00:00,0.59137,0.59211,0.59136,0.59182,2446,0,0
2025-08-04 07:00:00,0.59182,0.59211,0.5914,0.59147,1887,0,0
2025-08-04 08:00:00,0.59147,0.59155,0.5907,0.59118,2368,0,0
2025-08-04 09:00:00,0.59118,0.59177,0.59071,0.59134,3613,0,0
2025-08-04 10:00:00,0.59135,0.59161,0.59043,0.59069,3978,0,0
2025-08-04 11:00:00,0.59069,0.59122,0.59037,0.59114,3540,0,0
2025-08-04 12:00:00,0.59114,0.59197,0.59084,0.59125,3120,0,0
2025-08-04 13:00:00,0.59125,0.59181,0.59064,0.59177,2558,0,0
2025-08-04 14:00:00,0.59177,0.59216,0.59143,0.59205,3253,0,0
2025-08-04 15:00:00,0.59205,0.5925,0.59157,0.59186,3719,0,0
2025-08-04 16:00:00,0.59186,0.59305,0.59176,0.59231,4113,0,0
2025-08-04 17:00:00,0.59233,0.59266,0.59106,0.59123,4926,0,0
2025-08-04 18:00:00,0.59122,0.59146,0.59031,0.59057,4191,0,0
2025-08-04 19:00:00,0.59057,0.59078,0.59022,0.59052,3087,0,0
2025-08-04 20:00:00,0.59052,0.59055,0.59002,0.59038,2398,0,0
2025-08-04 21:00:00,0.59038,0.59062,0.58988,0.58994,2552,0,0
2025-08-04 22:00:00,0.58994,0.59051,0.58994,0.59033,1947,0,0
2025-08-04 23:00:00,0.59033,0.59083,0.5902,0.59067,1332,0,0
2025-08-05 00:00:00,0.59068,0.59068,0.58871,0.59046,890,21,0
2025-08-05 01:00:00,0.59046,0.59124,0.59041,0.59113,833,0,0
2025-08-05 02:00:00,0.59113,0.5917,0.59104,0.5916,1021,0,0
2025-08-05 03:00:00,0.5916,0.59226,0.59108,0.59136,2751,0,0
2025-08-05 04:00:00,0.59136,0.59157,0.59042,0.59062,2762,0,0
2025-08-05 05:00:00,0.59062,0.59063,0.58964,0.58992,2189,0,0
2025-08-05 06:00:00,0.58992,0.59015,0.58936,0.58947,1830,0,0
2025-08-05 07:00:00,0.58947,0.59007,0.58912,0.58992,1814,0,0
2025-08-05 08:00:00,0.58992,0.58993,0.58916,0.58945,2285,0,0
2025-08-05 09:00:00,0.58945,0.59031,0.58875,0.58907,2918,0,0
2025-08-05 10:00:00,0.58907,0.59023,0.58866,0.58928,3258,0,0
2025-08-05 11:00:00,0.58928,0.58936,0.58839,0.58869,3433,0,0
2025-08-05 12:00:00,0.58869,0.58952,0.58856,0.58923,2609,0,0
2025-08-05 13:00:00,0.58923,0.5896,0.58897,0.58919,2282,0,0
2025-08-05 14:00:00,0.5892,0.58921,0.58811,0.58905,2588,0,0
2025-08-05 15:00:00,0.58905,0.58964,0.58883,0.5892,3869,0,0
2025-08-05 16:00:00,0.5892,0.59008,0.58891,0.58917,4054,0,0
2025-08-05 17:00:00,0.58914,0.59031,0.5886,0.58909,6771,0,0
2025-08-05 18:00:00,0.58909,0.59004,0.58904,0.58989,4173,0,0
2025-08-05 19:00:00,0.58989,0.59047,0.58977,0.58998,2957,0,0
2025-08-05 20:00:00,0.58997,0.59025,0.58974,0.58986,2280,0,0
2025-08-05 21:00:00,0.58986,0.58992,0.58913,0.58935,2445,0,0
2025-08-05 22:00:00,0.58935,0.58958,0.58909,0.58945,1829,0,0
2025-08-05 23:00:00,0.58945,0.5902,0.58932,0.59013,1305,0,0
2025-08-06 00:00:00,0.58998,0.59002,0.58922,0.58961,735,33,0
2025-08-06 01:00:00,0.58961,0.59071,0.58903,0.59018,1110,0,0
2025-08-06 02:00:00,0.59018,0.59118,0.59005,0.59078,1076,0,0
2025-08-06 03:00:00,0.59078,0.59155,0.59067,0.59108,2653,0,0
2025-08-06 04:00:00,0.59108,0.59128,0.59047,0.59117,2447,0,0
2025-08-06 05:00:00,0.59117,0.59196,0.59101,0.59181,2195,0,0
2025-08-06 06:00:00,0.59181,0.59237,0.59181,0.59219,1613,0,0
2025-08-06 07:00:00,0.59219,0.59267,0.5921,0.59249,1677,0,0
2025-08-06 08:00:00,0.59249,0.59252,0.59153,0.59174,1666,0,0
2025-08-06 09:00:00,0.59175,0.59227,0.59167,0.5919,2609,0,0
2025-08-06 10:00:00,0.5919,0.59255,0.59158,0.59243,2642,0,0
2025-08-06 11:00:00,0.59243,0.59249,0.59154,0.59192,2381,0,0
2025-08-06 12:00:00,0.59192,0.59237,0.59176,0.59219,2223,0,0
2025-08-06 13:00:00,0.59217,0.59345,0.59205,0.59333,2774,0,0
2025-08-06 14:00:00,0.59332,0.59356,0.59287,0.59322,2468,0,0
2025-08-06 15:00:00,0.59322,0.59345,0.59252,0.59332,2730,0,0
2025-08-06 16:00:00,0.59333,0.59379,0.59286,0.5931,3686,0,0
2025-08-06 17:00:00,0.5931,0.5931,0.59211,0.59257,3977,0,0
2025-08-06 18:00:00,0.59257,0.59382,0.59226,0.59373,4293,0,0
2025-08-06 19:00:00,0.59372,0.59377,0.59283,0.59308,3062,0,0
2025-08-06 20:00:00,0.59308,0.59381,0.59295,0.59358,2690,0,0
2025-08-06 21:00:00,0.5936,0.59413,0.59349,0.59363,2274,0,0
2025-08-06 22:00:00,0.59363,0.59383,0.59321,0.59336,1629,0,0
2025-08-06 23:00:00,0.59336,0.59349,0.59279,0.5929,1548,0,0
2025-08-07 00:00:00,0.59278,0.59288,0.59211,0.59262,541,35,0
2025-08-07 01:00:00,0.59262,0.5934,0.59258,0.59328,1270,0,0
2025-08-07 02:00:00,0.59328,0.59348,0.59268,0.59275,1328,0,0
2025-08-07 03:00:00,0.59273,0.59306,0.5923,0.59277,2120,0,0
2025-08-07 04:00:00,0.59277,0.59444,0.59273,0.59399,2395,0,0
2025-08-07 05:00:00,0.59399,0.5944,0.5935,0.59392,1973,0,0
2025-08-07 06:00:00,0.59392,0.5945,0.5936,0.59444,2033,0,0
2025-08-07 07:00:00,0.59444,0.59514,0.59438,0.59494,1787,0,0
2025-08-07 08:00:00,0.59494,0.59504,0.59428,0.59503,1683,0,0
2025-08-07 09:00:00,0.59502,0.59593,0.59481,0.5955,3090,0,0
2025-08-07 10:00:00,0.5955,0.5964,0.59531,0.5964,2814,0,0
2025-08-07 11:00:00,0.5964,0.59675,0.5952,0.59573,3464,0,0
2025-08-07 12:00:00,0.59573,0.59587,0.59508,0.5951,2609,0,0
2025-08-07 13:00:00,0.5951,0.59562,0.59495,0.59552,2125,0,0
2025-08-07 14:00:00,0.59552,0.59608,0.59454,0.59509,3504,0,0
2025-08-07 15:00:00,0.59509,0.59592,0.59494,0.59545,3887,0,0
2025-08-07 16:00:00,0.59545,0.59613,0.59504,0.59519,4385,0,0
2025-08-07 17:00:00,0.59519,0.59527,0.59347,0.59364,5691,0,0
2025-08-07 18:00:00,0.59364,0.59449,0.59317,0.59432,3671,0,0
2025-08-07 19:00:00,0.59431,0.59477,0.59403,0.59448,2571,0,0
2025-08-07 20:00:00,0.59448,0.5948,0.59419,0.59462,2865,0,0
2025-08-07 21:00:00,0.59462,0.59478,0.59383,0.59407,2416,0,0
2025-08-07 22:00:00,0.59408,0.59571,0.59389,0.59567,3387,0,0
2025-08-07 23:00:00,0.59568,0.59642,0.59568,0.59605,1832,0,0
2025-08-08 00:00:00,0.5957,0.59586,0.59389,0.59569,802,41,0
2025-08-08 01:00:00,0.59569,0.59658,0.59569,0.59642,1881,0,0
2025-08-08 02:00:00,0.59642,0.59719,0.59636,0.59685,1337,0,0
2025-08-08 03:00:00,0.59685,0.59706,0.59605,0.59629,2420,0,0
2025-08-08 04:00:00,0.59629,0.59662,0.59537,0.59597,2440,0,0
2025-08-08 05:00:00,0.59597,0.59682,0.59589,0.59653,1792,0,0
2025-08-08 06:00:00,0.59653,0.59654,0.59578,0.59605,1793,0,0
2025-08-08 07:00:00,0.59605,0.5965,0.59578,0.59581,1540,0,0
2025-08-08 08:00:00,0.59581,0.59597,0.59532,0.59559,1694,0,0
2025-08-08 09:00:00,0.59559,0.59615,0.59559,0.59593,2382,0,0
2025-08-08 10:00:00,0.59593,0.5967,0.5959,0.59629,3079,0,0
2025-08-08 11:00:00,0.59628,0.59684,0.59497,0.59524,2755,0,0
2025-08-08 12:00:00,0.59524,0.59581,0.59513,0.59559,2843,0,0
2025-08-08 13:00:00,0.59559,0.59593,0.59536,0.59578,2378,0,0
2025-08-08 14:00:00,0.59579,0.59585,0.59531,0.59542,2355,0,0
2025-08-08 15:00:00,0.59542,0.5956,0.59481,0.59523,3144,0,0
2025-08-08 16:00:00,0.59523,0.5963,0.59522,0.59563,3308,0,0
2025-08-08 17:00:00,0.59562,0.59611,0.59503,0.59516,3912,0,0
2025-08-08 18:00:00,0.59516,0.59581,0.59512,0.59539,2818,0,0
2025-08-08 19:00:00,0.59539,0.5956,0.59501,0.59516,2284,0,0
2025-08-08 20:00:00,0.59516,0.59596,0.59502,0.59545,1916,0,0
2025-08-08 21:00:00,0.59548,0.59591,0.59526,0.5956,2446,0,0
2025-08-08 22:00:00,0.5956,0.5956,0.59471,0.59499,1644,0,0
2025-08-08 23:00:00,0.59499,0.59539,0.59466,0.59514,1145,0,0
2025-08-11 00:00:00,0.59389,0.59538,0.59389,0.59461,581,87,0
2025-08-11 01:00:00,0.59461,0.59529,0.59461,0.59524,817,0,0
2025-08-11 02:00:00,0.59524,0.59531,0.59467,0.5947,720,0,0
2025-08-11 03:00:00,0.5947,0.595,0.59443,0.59467,1978,0,0
2025-08-11 04:00:00,0.59467,0.59547,0.59457,0.59536,2182,0,0
2025-08-11 05:00:00,0.59536,0.59563,0.59504,0.59511,1984,0,0
2025-08-11 06:00:00,0.59511,0.59575,0.59482,0.59569,1930,0,0
2025-08-11 07:00:00,0.59569,0.5959,0.59512,0.59517,1461,0,0
2025-08-11 08:00:00,0.59517,0.5953,0.59494,0.59528,1751,0,0
2025-08-11 09:00:00,0.59528,0.59568,0.59471,0.59476,2340,0,0
2025-08-11 10:00:00,0.59476,0.59477,0.59393,0.59409,3097,0,0
2025-08-11 11:00:00,0.59409,0.59468,0.59406,0.59457,2821,0,0
2025-08-11 12:00:00,0.59457,0.59469,0.59381,0.59409,2699,0,0
2025-08-11 13:00:00,0.59409,0.59439,0.59401,0.5942,2379,0,0
2025-08-11 14:00:00,0.5942,0.59422,0.59281,0.59325,2723,0,0
2025-08-11 15:00:00,0.59325,0.59341,0.59249,0.59302,3205,0,0
2025-08-11 16:00:00,0.59302,0.59353,0.59281,0.59343,3611,0,0
2025-08-11 17:00:00,0.59343,0.59347,0.59257,0.59297,3857,0,0
2025-08-11 18:00:00,0.59297,0.59354,0.59265,0.59336,2901,0,0
2025-08-11 19:00:00,0.59336,0.59388,0.59329,0.59343,2460,0,0
2025-08-11 20:00:00,0.59343,0.5937,0.59291,0.59361,2438,0,0
2025-08-11 21:00:00,0.59361,0.59392,0.59345,0.59387,1932,0,0
2025-08-11 22:00:00,0.59387,0.59389,0.59325,0.59359,1693,0,0
2025-08-11 23:00:00,0.59359,0.59399,0.59351,0.59385,1051,0,0
2025-08-12 00:00:00,0.59365,0.59365,0.59296,0.59324,237,38,0
2025-08-12 01:00:00,0.59324,0.59385,0.59324,0.59381,688,0,0
2025-08-12 02:00:00,0.59381,0.59409,0.59381,0.59389,951,0,0
2025-08-12 03:00:00,0.59389,0.59442,0.59379,0.59421,2400,0,0
2025-08-12 04:00:00,0.59421,0.59461,0.59366,0.59418,2358,0,0
2025-08-12 05:00:00,0.59419,0.59456,0.59383,0.59416,1617,0,0
2025-08-12 06:00:00,0.59416,0.59444,0.59365,0.59365,1515,0,0
2025-08-12 07:00:00,0.59365,0.5939,0.59287,0.59386,2058,0,0
2025-08-12 08:00:00,0.59386,0.59397,0.59259,0.59295,2842,0,0
2025-08-12 09:00:00,0.59295,0.5933,0.59269,0.59274,3235,0,0
2025-08-12 10:00:00,0.59275,0.59365,0.59266,0.59337,3046,0,0
2025-08-12 11:00:00,0.59338,0.59344,0.59217,0.59225,2589,0,0
2025-08-12 12:00:00,0.59225,0.59237,0.59179,0.59207,2408,0,0
2025-08-12 13:00:00,0.59206,0.59266,0.5919,0.59191,2225,0,0
2025-08-12 14:00:00,0.5919,0.59197,0.59129,0.59182,2340,0,0
2025-08-12 15:00:00,0.59181,0.59445,0.59179,0.59372,6722,0,0
2025-08-12 16:00:00,0.59372,0.59441,0.59219,0.59321,7831,0,0
2025-08-12 17:00:00,0.59322,0.59442,0.59309,0.59423,5988,0,0
2025-08-12 18:00:00,0.59423,0.59659,0.59415,0.59559,4788,0,0
2025-08-12 19:00:00,0.59559,0.59602,0.59519,0.5956,3760,0,0
2025-08-12 20:00:00,0.5956,0.59565,0.59519,0.59553,2750,0,0
2025-08-12 21:00:00,0.59553,0.59587,0.59521,0.59541,2009,0,0
2025-08-12 22:00:00,0.59541,0.59552,0.59514,0.59538,1822,0,0
2025-08-12 23:00:00,0.59538,0.59555,0.59524,0.59545,1086,0,0
2025-08-13 00:00:00,0.59474,0.59583,0.59404,0.59525,438,26,0
2025-08-13 01:00:00,0.59525,0.59561,0.5952,0.59551,672,0,0
2025-08-13 02:00:00,0.59551,0.5958,0.59541,0.59572,773,0,0
2025-08-13 03:00:00,0.59572,0.59581,0.59506,0.59523,1803,0,0
2025-08-13 04:00:00,0.59523,0.59545,0.59452,0.59465,2200,0,0
2025-08-13 05:00:00,0.59465,0.59613,0.59455,0.59589,1896,0,0
2025-08-13 06:00:00,0.59589,0.59604,0.59559,0.59583,1405,0,0
2025-08-13 07:00:00,0.59583,0.59607,0.59567,0.59578,1372,0,0
2025-08-13 08:00:00,0.59578,0.59583,0.5953,0.59566,1539,0,0
2025-08-13 09:00:00,0.59566,0.59768,0.59558,0.59745,2394,0,0
2025-08-13 10:00:00,0.59745,0.59864,0.59741,0.5983,2605,0,0
2025-08-13 11:00:00,0.5983,0.59884,0.59823,0.59843,2602,0,0
2025-08-13 12:00:00,0.59843,0.59957,0.59837,0.59946,2195,0,0
2025-08-13 13:00:00,0.59946,0.59949,0.59871,0.59875,1831,0,0
2025-08-13 14:00:00,0.59875,0.59891,0.59828,0.59876,2212,0,0
2025-08-13 15:00:00,0.59876,0.59889,0.59749,0.59773,2866,0,0
2025-08-13 16:00:00,0.59773,0.59825,0.59753,0.59802,3137,0,0
2025-08-13 17:00:00,0.59802,0.59888,0.59776,0.59819,3665,0,0
2025-08-13 18:00:00,0.59819,0.5982,0.59741,0.5976,3176,0,0
2025-08-13 19:00:00,0.5976,0.598,0.5975,0.59756,2263,0,0
2025-08-13 20:00:00,0.59756,0.59765,0.5971,0.59715,2133,0,0
2025-08-13 21:00:00,0.59715,0.59725,0.59698,0.59714,2154,0,0
2025-08-13 22:00:00,0.59715,0.59748,0.5971,0.59734,1741,0,0
2025-08-13 23:00:00,0.59735,0.59781,0.59734,0.59753,1115,0,0
2025-08-14 00:00:00,0.59713,0.59752,0.59616,0.59726,446,26,0
2025-08-14 01:00:00,0.59727,0.59762,0.59724,0.59759,636,0,0
2025-08-14 02:00:00,0.59759,0.59805,0.59754,0.59798,731,0,0
2025-08-14 03:00:00,0.59798,0.59862,0.59797,0.59836,2338,0,0
2025-08-14 04:00:00,0.59836,0.59912,0.59836,0.59878,2985,0,0
2025-08-14 05:00:00,0.59878,0.59878,0.59754,0.59795,2375,0,0
2025-08-14 06:00:00,0.59795,0.59797,0.59734,0.5974,2023,0,0
2025-08-14 07:00:00,0.5974,0.59796,0.59718,0.59774,1600,0,0
2025-08-14 08:00:00,0.59774,0.59775,0.59667,0.59678,2077,0,0
2025-08-14 09:00:00,0.59678,0.59725,0.5957,0.59575,3221,0,0
2025-08-14 10:00:00,0.59575,0.59622,0.59499,0.59537,2991,0,0
2025-08-14 11:00:00,0.59537,0.59592,0.5948,0.59482,2546,0,0
2025-08-14 12:00:00,0.59483,0.59557,0.59482,0.59502,2321,0,0
2025-08-14 13:00:00,0.59502,0.59554,0.59478,0.59504,2041,0,0
2025-08-14 14:00:00,0.59503,0.5953,0.59467,0.59488,2343,0,0
2025-08-14 15:00:00,0.5949,0.59523,0.59292,0.59311,5460,0,0
2025-08-14 16:00:00,0.59311,0.59311,0.59176,0.59196,5317,0,0
2025-08-14 17:00:00,0.59195,0.59318,0.59156,0.59282,4456,0,0
2025-08-14 18:00:00,0.59282,0.5929,0.59117,0.59149,3859,0,0
2025-08-14 19:00:00,0.59149,0.59161,0.59084,0.59131,3135,0,0
2025-08-14 20:00:00,0.59131,0.59189,0.59126,0.59158,2428,0,0
2025-08-14 21:00:00,0.59158,0.59168,0.59115,0.59144,2309,0,0
2025-08-14 22:00:00,0.59144,0.59211,0.59138,0.592,1736,0,0
2025-08-14 23:00:00,0.592,0.59202,0.59162,0.59178,1237,0,0
2025-08-15 00:00:00,0.59152,0.59206,0.59049,0.59148,686,26,0
2025-08-15 01:00:00,0.59154,0.59221,0.59137,0.59194,772,0,0
2025-08-15 02:00:00,0.59194,0.59225,0.59187,0.59205,832,0,0
2025-08-15 03:00:00,0.59205,0.59222,0.5917,0.5921,1855,0,0
2025-08-15 04:00:00,0.5921,0.5925,0.59175,0.59213,2078,0,0
2025-08-15 05:00:00,0.59213,0.59214,0.59073,0.59168,2181,0,0
2025-08-15 06:00:00,0.59168,0.59251,0.59168,0.59239,1750,0,0
2025-08-15 07:00:00,0.59239,0.59249,0.59194,0.59209,1334,0,0
2025-08-15 08:00:00,0.59209,0.59225,0.59181,0.59218,1601,0,0
2025-08-15 09:00:00,0.59218,0.5926,0.59161,0.59229,1980,0,0
2025-08-15 10:00:00,0.59229,0.59289,0.59223,0.59285,2092,0,0
2025-08-15 11:00:00,0.59285,0.59299,0.59254,0.59272,1693,0,0
2025-08-15 12:00:00,0.59272,0.59297,0.59229,0.59239,1623,0,0
2025-08-15 13:00:00,0.59239,0.59288,0.5922,0.59276,1568,0,0
2025-08-15 14:00:00,0.59276,0.59311,0.59245,0.59274,1758,0,0
2025-08-15 15:00:00,0.59274,0.59335,0.59177,0.59299,3644,0,0
2025-08-15 16:00:00,0.59299,0.59349,0.59259,0.59296,4095,0,0
2025-08-15 17:00:00,0.59296,0.59391,0.59274,0.59327,4017,0,0
2025-08-15 18:00:00,0.59327,0.59366,0.5928,0.59285,3243,0,0
2025-08-15 19:00:00,0.59285,0.59304,0.59241,0.5927,2296,0,0
2025-08-15 20:00:00,0.5927,0.59271,0.59223,0.59249,2009,0,0
2025-08-15 21:00:00,0.59249,0.59254,0.59208,0.59237,2055,0,0
2025-08-15 22:00:00,0.59237,0.59255,0.5922,0.59241,1429,0,0
2025-08-15 23:00:00,0.59241,0.59271,0.59198,0.59203,1136,0,0
2025-08-18 00:00:00,0.59145,0.59188,0.59099,0.59187,276,68,0
2025-08-18 01:00:00,0.59187,0.59291,0.59177,0.59289,747,0,0
2025-08-18 02:00:00,0.5929,0.59301,0.59252,0.59284,792,0,0
2025-08-18 03:00:00,0.59284,0.59363,0.59278,0.59318,1959,0,0
2025-08-18 04:00:00,0.59317,0.59379,0.59298,0.59369,2169,0,0
2025-08-18 05:00:00,0.59369,0.59369,0.59284,0.59298,1671,0,0
2025-08-18 06:00:00,0.59298,0.59345,0.59297,0.59332,1777,0,0
2025-08-18 07:00:00,0.59332,0.59411,0.5931,0.59393,1386,0,0
2025-08-18 08:00:00,0.59393,0.59426,0.59368,0.59375,1666,0,0
2025-08-18 09:00:00,0.59375,0.59408,0.59329,0.59351,2563,0,0
2025-08-18 10:00:00,0.59352,0.59399,0.5933,0.59336,2874,0,0
2025-08-18 11:00:00,0.59336,0.59427,0.59294,0.59403,2892,0,0
2025-08-18 12:00:00,0.59404,0.59412,0.59351,0.59375,2844,0,0
2025-08-18 13:00:00,0.59374,0.59411,0.59364,0.59367,2066,0,0
2025-08-18 14:00:00,0.59368,0.59395,0.59326,0.59338,2121,0,0
2025-08-18 15:00:00,0.59339,0.59376,0.59295,0.59317,2876,0,0
2025-08-18 16:00:00,0.59318,0.59322,0.59261,0.59266,2917,0,0
2025-08-18 17:00:00,0.59266,0.59294,0.59113,0.59134,3454,0,0
2025-08-18 18:00:00,0.59133,0.59238,0.59097,0.59232,2880,0,0
2025-08-18 19:00:00,0.59231,0.5925,0.59188,0.592,2553,0,0
2025-08-18 20:00:00,0.592,0.59243,0.59194,0.592,1975,0,0
2025-08-18 21:00:00,0.592,0.59231,0.5918,0.592,1493,0,0
2025-08-18 22:00:00,0.59203,0.5925,0.59201,0.59244,1257,0,0
2025-08-18 23:00:00,0.59244,0.59259,0.59212,0.59217,932,0,0
2025-08-19 00:00:00,0.59216,0.59216,0.59014,0.59178,681,11,0
2025-08-19 01:00:00,0.5918,0.59275,0.59176,0.59227,743,0,0
2025-08-19 02:00:00,0.59227,0.59253,0.59162,0.59228,898,0,0
2025-08-19 03:00:00,0.59229,0.59286,0.59222,0.59272,2015,0,0
2025-08-19 04:00:00,0.59272,0.5929,0.59161,0.59225,2901,0,0
2025-08-19 05:00:00,0.59224,0.59259,0.59197,0.59259,2080,0,0
2025-08-19 06:00:00,0.59259,0.59291,0.59223,0.59224,1963,0,0
2025-08-19 07:00:00,0.59224,0.59278,0.59205,0.59254,1569,0,0
2025-08-19 08:00:00,0.59254,0.59277,0.59168,0.59172,2083,0,0
2025-08-19 09:00:00,0.59172,0.59275,0.59153,0.59263,2482,0,0
2025-08-19 10:00:00,0.59264,0.59306,0.59187,0.59215,2656,0,0
2025-08-19 11:00:00,0.59215,0.59225,0.59143,0.59181,2654,0,0
2025-08-19 12:00:00,0.59182,0.59244,0.59181,0.5924,2558,0,0
2025-08-19 13:00:00,0.5924,0.59294,0.59216,0.59233,2191,0,0
2025-08-19 14:00:00,0.59233,0.59271,0.592,0.59256,1826,0,0
2025-08-19 15:00:00,0.59256,0.59291,0.59194,0.59219,2741,0,0
2025-08-19 16:00:00,0.59217,0.59226,0.59135,0.59199,3012,0,0
2025-08-19 17:00:00,0.59198,0.59209,0.59081,0.59099,3036,0,0
2025-08-19 18:00:00,0.591,0.59101,0.58993,0.59001,2602,0,0
2025-08-19 19:00:00,0.59001,0.59049,0.58981,0.58998,2264,0,0
2025-08-19 20:00:00,0.58998,0.59037,0.58978,0.5902,2024,0,0
2025-08-19 21:00:00,0.5902,0.59021,0.5893,0.58942,1538,0,0
2025-08-19 22:00:00,0.58942,0.58971,0.58924,0.58957,1473,0,0
2025-08-19 23:00:00,0.58957,0.58967,0.58911,0.58931,1184,0,0
2025-08-20 00:00:00,0.58922,0.58931,0.58838,0.58896,955,24,0
2025-08-20 01:00:00,0.58899,0.58962,0.58889,0.5896,637,0,0
2025-08-20 02:00:00,0.5896,0.5897,0.58921,0.5897,826,0,0
2025-08-20 03:00:00,0.58967,0.58979,0.58899,0.58924,2271,0,0
2025-08-20 04:00:00,0.58924,0.58953,0.58839,0.58884,2647,0,0
2025-08-20 05:00:00,0.58864,0.58864,0.58232,0.58323,5075,0,0
2025-08-20 06:00:00,0.58323,0.58382,0.582,0.58279,3415,0,0
2025-08-20 07:00:00,0.58279,0.58374,0.58268,0.58274,1874,0,0
2025-08-20 08:00:00,0.58277,0.58355,0.58219,0.58352,2122,0,0
2025-08-20 09:00:00,0.58352,0.58355,0.58236,0.58282,3176,0,0
2025-08-20 10:00:00,0.5828,0.58321,0.58175,0.58235,2788,0,0
2025-08-20 11:00:00,0.58235,0.58304,0.5815,0.58295,2561,0,0
2025-08-20 12:00:00,0.58295,0.58319,0.58237,0.58313,2333,0,0
2025-08-20 13:00:00,0.58313,0.58316,0.58248,0.58267,2057,0,0
2025-08-20 14:00:00,0.58267,0.58296,0.5822,0.58222,1700,0,0
2025-08-20 15:00:00,0.58222,0.58406,0.58222,0.58366,2936,0,0
2025-08-20 16:00:00,0.58366,0.58369,0.58194,0.58206,3023,0,0
2025-08-20 17:00:00,0.58206,0.58288,0.58184,0.58284,3849,0,0
2025-08-20 18:00:00,0.58284,0.58338,0.58192,0.58211,2882,0,0
2025-08-20 19:00:00,0.58211,0.58301,0.58208,0.58285,2138,0,0
2025-08-20 20:00:00,0.58286,0.58342,0.58281,0.58334,2046,0,0
2025-08-20 21:00:00,0.58334,0.58339,0.58248,0.5825,2169,0,0
2025-08-20 22:00:00,0.58248,0.58312,0.58248,0.58262,1610,0,0
2025-08-20 23:00:00,0.58263,0.58266,0.58209,0.58238,1170,0,0
2025-08-21 00:00:00,0.58219,0.58246,0.5816,0.58171,547,20,0
2025-08-21 01:00:00,0.58173,0.58251,0.58167,0.58243,810,0,0
2025-08-21 02:00:00,0.58243,0.5828,0.58203,0.58274,912,0,0
2025-08-21 03:00:00,0.58273,0.58283,0.58162,0.58212,2205,0,0
2025-08-21 04:00:00,0.58212,0.58328,0.58184,0.58308,2754,0,0
2025-08-21 05:00:00,0.58307,0.5831,0.58185,0.5819,2026,0,0
2025-08-21 06:00:00,0.5819,0.58225,0.58148,0.58172,1401,0,0
2025-08-21 07:00:00,0.58172,0.58206,0.58163,0.58174,1192,0,0
2025-08-21 08:00:00,0.58174,0.58238,0.5813,0.58237,1704,0,0
2025-08-21 09:00:00,0.58237,0.58253,0.58181,0.58204,2147,0,0
2025-08-21 10:00:00,0.58204,0.58227,0.58135,0.58202,2530,0,0
2025-08-21 11:00:00,0.58202,0.58255,0.58172,0.58242,2224,0,0
2025-08-21 12:00:00,0.58242,0.583,0.58229,0.58268,1867,0,0
2025-08-21 13:00:00,0.58268,0.58289,0.58243,0.58274,1701,0,0
2025-08-21 14:00:00,0.58274,0.58308,0.58205,0.58207,2097,0,0
2025-08-21 15:00:00,0.58207,0.58317,0.58169,0.58202,3006,0,0
2025-08-21 16:00:00,0.58204,0.58268,0.58161,0.58209,3710,0,0
2025-08-21 17:00:00,0.58211,0.58283,0.58156,0.58198,4126,0,0
2025-08-21 18:00:00,0.58198,0.58248,0.58108,0.58159,4099,0,0
2025-08-21 19:00:00,0.58158,0.58175,0.58117,0.58169,2304,0,0
2025-08-21 20:00:00,0.58169,0.58242,0.58169,0.58208,2190,0,0
2025-08-21 21:00:00,0.58208,0.58238,0.58181,0.58184,1755,0,0
2025-08-21 22:00:00,0.58183,0.58197,0.58143,0.58161,1408,0,0
2025-08-21 23:00:00,0.58161,0.58189,0.58141,0.58184,953,0,0
2025-08-22 00:00:00,0.58152,0.58196,0.58087,0.58146,951,26,0
2025-08-22 01:00:00,0.58146,0.58227,0.58136,0.58202,715,0,0
2025-08-22 02:00:00,0.58202,0.58224,0.58189,0.58212,813,0,0
2025-08-22 03:00:00,0.58211,0.5822,0.5813,0.58149,2076,0,0
2025-08-22 04:00:00,0.58148,0.582,0.58096,0.58155,2388,0,0
2025-08-22 05:00:00,0.58155,0.58209,0.58132,0.58178,1947,0,0
2025-08-22 06:00:00,0.58178,0.58204,0.58123,0.58128,1973,0,0
2025-08-22 07:00:00,0.58128,0.58144,0.58056,0.58064,1444,0,0
2025-08-22 08:00:00,0.58064,0.58081,0.58013,0.58013,1488,0,0
2025-08-22 09:00:00,0.58012,0.58082,0.57998,0.58047,1793,0,0
2025-08-22 10:00:00,0.58047,0.58136,0.58041,0.58095,1836,0,0
2025-08-22 11:00:00,0.58095,0.58142,0.58064,0.58132,2121,0,0
2025-08-22 12:00:00,0.58134,0.58138,0.58034,0.58044,1947,0,0
2025-08-22 13:00:00,0.58044,0.58057,0.58014,0.58047,1702,0,0
2025-08-22 14:00:00,0.58047,0.58081,0.58029,0.58074,1803,0,0
2025-08-22 15:00:00,0.58075,0.58115,0.58075,0.58093,2019,0,0
2025-08-22 16:00:00,0.58093,0.58184,0.58085,0.58099,2696,0,0
2025-08-22 17:00:00,0.58106,0.587,0.58106,0.58683,10142,0,0
2025-08-22 18:00:00,0.58683,0.58763,0.58593,0.58603,4555,0,0
2025-08-22 19:00:00,0.58601,0.587,0.58599,0.58668,3189,0,0
2025-08-22 20:00:00,0.58666,0.58744,0.58666,0.58698,2427,0,0
2025-08-22 21:00:00,0.58699,0.58721,0.58656,0.58662,1769,0,0
2025-08-22 22:00:00,0.58663,0.58673,0.58633,0.58652,1592,0,0
2025-08-22 23:00:00,0.58652,0.58693,0.58602,0.58643,1075,0,0
2025-08-25 00:00:00,0.58542,0.58659,0.58523,0.58649,531,79,0
2025-08-25 01:00:00,0.58664,0.58696,0.58576,0.58645,1069,0,0
2025-08-25 02:00:00,0.58645,0.58667,0.58634,0.58645,892,0,0
2025-08-25 03:00:00,0.58645,0.58652,0.58584,0.58644,1984,0,0
2025-08-25 04:00:00,0.58644,0.58664,0.58522,0.58536,2278,0,0
2025-08-25 05:00:00,0.58536,0.58602,0.5852,0.58593,1636,0,0
2025-08-25 06:00:00,0.58593,0.58649,0.58593,0.58627,1729,0,0
2025-08-25 07:00:00,0.58627,0.58673,0.58626,0.5865,1103,0,0
2025-08-25 08:00:00,0.5865,0.58689,0.58644,0.58669,1435,0,0
2025-08-25 09:00:00,0.58669,0.58804,0.58666,0.58749,2405,0,0
2025-08-25 10:00:00,0.58749,0.58753,0.58636,0.58641,2330,0,0
2025-08-25 11:00:00,0.58641,0.58732,0.5864,0.5867,2078,0,0
2025-08-25 12:00:00,0.5867,0.58677,0.58577,0.58599,1706,0,0
2025-08-25 13:00:00,0.58599,0.58619,0.58565,0.58596,1938,0,0
2025-08-25 14:00:00,0.58596,0.58731,0.58591,0.58727,1510,0,0
2025-08-25 15:00:00,0.58727,0.58732,0.58643,0.58646,1628,0,0
2025-08-25 16:00:00,0.58645,0.58737,0.58621,0.5872,2029,0,0
2025-08-25 17:00:00,0.5872,0.58774,0.58696,0.58732,2622,0,0
2025-08-25 18:00:00,0.58732,0.58753,0.58644,0.58664,2689,0,0
2025-08-25 19:00:00,0.58664,0.58677,0.58613,0.58634,2341,0,0
2025-08-25 20:00:00,0.58634,0.58636,0.58566,0.58576,2132,0,0
2025-08-25 21:00:00,0.58576,0.58586,0.58487,0.585,2324,0,0
2025-08-25 22:00:00,0.58499,0.58512,0.58454,0.58463,2210,0,0
2025-08-25 23:00:00,0.5846,0.58516,0.58459,0.58491,2057,0,0
2025-08-26 00:00:00,0.58466,0.58492,0.58371,0.58474,840,26,0
2025-08-26 01:00:00,0.58475,0.58516,0.58456,0.58506,659,0,0
2025-08-26 02:00:00,0.58506,0.58518,0.58473,0.58487,864,0,0
2025-08-26 03:00:00,0.58487,0.58611,0.5846,0.58554,5127,0,0
2025-08-26 04:00:00,0.58554,0.58577,0.58386,0.58393,2823,0,0
2025-08-26 05:00:00,0.58394,0.58461,0.58388,0.58426,2322,0,0
2025-08-26 06:00:00,0.58426,0.58429,0.58289,0.58298,2293,0,0
2025-08-26 07:00:00,0.58298,0.5841,0.58293,0.5841,1698,0,0
2025-08-26 08:00:00,0.5841,0.58433,0.5839,0.58416,1880,0,0
2025-08-26 09:00:00,0.58414,0.58459,0.58331,0.58414,2545,0,0
2025-08-26 10:00:00,0.58414,0.58457,0.58348,0.58427,2954,0,0
2025-08-26 11:00:00,0.58428,0.58458,0.58381,0.58397,3012,0,0
2025-08-26 12:00:00,0.58395,0.58485,0.58391,0.58477,2613,0,0
2025-08-26 13:00:00,0.58477,0.58514,0.58459,0.58503,2225,0,0
2025-08-26 14:00:00,0.58503,0.58573,0.58497,0.58557,1807,0,0
2025-08-26 15:00:00,0.58557,0.58587,0.58504,0.58547,2326,0,0
2025-08-26 16:00:00,0.58548,0.58563,0.58474,0.58559,2694,0,0
2025-08-26 17:00:00,0.58561,0.58635,0.58531,0.58589,2972,0,0
2025-08-26 18:00:00,0.58589,0.58642,0.58587,0.58637,2068,0,0
2025-08-26 19:00:00,0.58637,0.5868,0.58618,0.58629,1987,0,0
2025-08-26 20:00:00,0.58629,0.58654,0.5861,0.58613,1695,0,0
2025-08-26 21:00:00,0.58614,0.58634,0.58582,0.58602,1579,0,0
2025-08-26 22:00:00,0.58601,0.58629,0.58589,0.58594,1603,0,0
2025-08-26 23:00:00,0.58593,0.58609,0.58579,0.58604,1105,0,0
2025-08-27 00:00:00,0.58602,0.5861,0.58312,0.58535,745,26,0
2025-08-27 01:00:00,0.58535,0.5864,0.58535,0.58619,744,0,0
2025-08-27 02:00:00,0.58619,0.5862,0.58566,0.58569,583,0,0
2025-08-27 03:00:00,0.58569,0.58604,0.58528,0.58544,1381,0,0
2025-08-27 04:00:00,0.58545,0.58584,0.5849,0.58558,2487,0,0
2025-08-27 05:00:00,0.58558,0.58565,0.58494,0.58529,1856,0,0
2025-08-27 06:00:00,0.58529,0.58542,0.58466,0.58474,1379,0,0
2025-08-27 07:00:00,0.58475,0.58478,0.58425,0.58439,1374,0,0
2025-08-27 08:00:00,0.58439,0.5847,0.58432,0.58448,1430,0,0
2025-08-27 09:00:00,0.58448,0.58486,0.58424,0.58444,1879,0,0
2025-08-27 10:00:00,0.58445,0.58454,0.58313,0.58339,2313,0,0
2025-08-27 11:00:00,0.58339,0.58343,0.58251,0.58289,2746,0,0
2025-08-27 12:00:00,0.58289,0.58325,0.58248,0.58288,2026,0,0
2025-08-27 13:00:00,0.58288,0.58289,0.58203,0.5821,2058,0,0
2025-08-27 14:00:00,0.58211,0.58255,0.58181,0.58219,1616,0,0
2025-08-27 15:00:00,0.58219,0.58303,0.58219,0.58257,2198,0,0
2025-08-27 16:00:00,0.58257,0.58325,0.58233,0.58296,2420,0,0
2025-08-27 17:00:00,0.58296,0.58385,0.58255,0.5838,2777,0,0
2025-08-27 18:00:00,0.5838,0.58471,0.5838,0.58467,2580,0,0
2025-08-27 19:00:00,0.58467,0.58624,0.58458,0.58614,2374,0,0
2025-08-27 20:00:00,0.58614,0.58652,0.58592,0.58637,2096,0,0
2025-08-27 21:00:00,0.58637,0.58639,0.58573,0.5861,1798,0,0
2025-08-27 22:00:00,0.58612,0.58625,0.58573,0.58611,1754,0,0
2025-08-27 23:00:00,0.5861,0.58618,0.58565,0.58581,1282,0,0
2025-08-28 00:00:00,0.58585,0.58585,0.5828,0.58537,469,16,0
2025-08-28 01:00:00,0.58537,0.5859,0.58529,0.58587,642,0,0
2025-08-28 02:00:00,0.58587,0.58611,0.58582,0.58606,843,0,0
2025-08-28 03:00:00,0.58606,0.58634,0.58575,0.58596,2083,0,0
2025-08-28 04:00:00,0.58596,0.58633,0.58551,0.58564,2280,0,0
2025-08-28 05:00:00,0.58565,0.58645,0.58559,0.58644,1809,0,0
2025-08-28 06:00:00,0.58644,0.58681,0.58623,0.58644,1523,0,0
2025-08-28 07:00:00,0.58644,0.58645,0.58584,0.58599,1751,0,0
2025-08-28 08:00:00,0.58599,0.58603,0.58534,0.58586,1531,0,0
2025-08-28 09:00:00,0.58585,0.58639,0.58574,0.58599,2253,0,0
2025-08-28 10:00:00,0.58599,0.58625,0.58553,0.58619,2393,0,0
2025-08-28 11:00:00,0.58619,0.58674,0.58548,0.58665,2457,0,0
2025-08-28 12:00:00,0.58666,0.58693,0.58633,0.58648,2149,0,0
2025-08-28 13:00:00,0.58648,0.58749,0.58633,0.58735,2363,0,0
2025-08-28 14:00:00,0.58734,0.5876,0.587,0.58734,1655,0,0
2025-08-28 15:00:00,0.58734,0.58782,0.58676,0.58736,3164,0,0
2025-08-28 16:00:00,0.58736,0.58757,0.58656,0.5869,3384,0,0
2025-08-28 17:00:00,0.5869,0.58854,0.58674,0.58786,3232,0,0
2025-08-28 18:00:00,0.58786,0.58851,0.58765,0.58831,2356,0,0
2025-08-28 19:00:00,0.58831,0.589,0.5882,0.58881,2033,0,0
2025-08-28 20:00:00,0.58881,0.58919,0.58866,0.58888,2046,0,0
2025-08-28 21:00:00,0.58888,0.58895,0.58864,0.58872,1441,0,0
2025-08-28 22:00:00,0.58872,0.58882,0.58841,0.58849,1317,0,0
2025-08-28 23:00:00,0.58849,0.58857,0.58825,0.58839,957,0,0
2025-08-29 00:00:00,0.58837,0.58837,0.58773,0.58809,254,17,0
2025-08-29 01:00:00,0.58809,0.58834,0.58799,0.58809,845,0,0
2025-08-29 02:00:00,0.58809,0.58841,0.58806,0.58828,620,0,0
2025-08-29 03:00:00,0.58828,0.58877,0.58822,0.58876,1729,0,0
2025-08-29 04:00:00,0.58876,0.58921,0.58817,0.58909,2394,0,0
2025-08-29 05:00:00,0.58909,0.58949,0.58896,0.58896,1580,0,0
2025-08-29 06:00:00,0.58897,0.58913,0.58837,0.58899,1382,0,0
2025-08-29 07:00:00,0.58899,0.58926,0.58881,0.58926,1276,0,0
2025-08-29 08:00:00,0.58926,0.58929,0.58872,0.58913,1207,0,0
2025-08-29 09:00:00,0.58913,0.58945,0.58852,0.58873,2050,0,0
2025-08-29 10:00:00,0.58873,0.58976,0.58855,0.58967,2343,0,0
2025-08-29 11:00:00,0.58968,0.58978,0.589,0.58939,2377,0,0
2025-08-29 12:00:00,0.58939,0.58953,0.58847,0.58859,2398,0,0
2025-08-29 13:00:00,0.5886,0.589,0.58848,0.58856,1890,0,0
2025-08-29 14:00:00,0.58856,0.58875,0.58842,0.58853,1408,0,0
2025-08-29 15:00:00,0.58853,0.58879,0.58808,0.58877,2879,0,0
2025-08-29 16:00:00,0.58877,0.58934,0.58834,0.58915,2949,0,0
2025-08-29 17:00:00,0.5892,0.59058,0.58903,0.59009,4185,0,0
2025-08-29 18:00:00,0.59009,0.59017,0.58943,0.58995,2773,0,0
2025-08-29 19:00:00,0.58996,0.59025,0.58984,0.59015,2400,0,0
2025-08-29 20:00:00,0.59015,0.59015,0.58976,0.5899,1714,0,0
2025-08-29 21:00:00,0.58992,0.5901,0.58973,0.59006,1395,0,0
2025-08-29 22:00:00,0.59004,0.59011,0.58977,0.5899,1456,0,0
2025-08-29 23:00:00,0.58992,0.59007,0.58915,0.58933,1663,0,0
2025-09-01 00:00:00,0.58771,0.58931,0.58771,0.5893,453,58,0
2025-09-01 01:00:00,0.5893,0.58998,0.58917,0.58949,814,0,0
2025-09-01 02:00:00,0.5895,0.58969,0.58928,0.58959,718,0,0
2025-09-01 03:00:00,0.58959,0.59068,0.58958,0.59065,1788,0,0
2025-09-01 04:00:00,0.59067,0.59068,0.58959,0.59052,2529,0,0
2025-09-01 05:00:00,0.59051,0.59137,0.59035,0.59081,2404,0,0
2025-09-01 06:00:00,0.59082,0.59085,0.5904,0.59061,1587,0,0
2025-09-01 07:00:00,0.59061,0.59064,0.58995,0.59004,1478,0,0
2025-09-01 08:00:00,0.59006,0.59039,0.58998,0.59012,1626,0,0
2025-09-01 09:00:00,0.59011,0.59029,0.58948,0.58971,2360,0,0
2025-09-01 10:00:00,0.58971,0.59022,0.58898,0.59012,2314,0,0
2025-09-01 11:00:00,0.59013,0.59147,0.59011,0.59137,2348,0,0
2025-09-01 12:00:00,0.59137,0.59144,0.59068,0.59105,2265,0,0
2025-09-01 13:00:00,0.59105,0.59122,0.59056,0.59068,1796,0,0
2025-09-01 14:00:00,0.59069,0.59088,0.59031,0.59052,1538,0,0
2025-09-01 15:00:00,0.59051,0.59054,0.58985,0.59008,1839,0,0
2025-09-01 16:00:00,0.59008,0.59024,0.58966,0.58991,1939,0,0
2025-09-01 17:00:00,0.5899,0.59046,0.58976,0.59044,1851,0,0
2025-09-01 18:00:00,0.59043,0.59043,0.59,0.59006,1442,0,0
2025-09-01 19:00:00,0.59006,0.59028,0.58967,0.59011,1301,0,0
2025-09-01 20:00:00,0.59011,0.59014,0.58978,0.58997,1090,0,0
2025-09-01 21:00:00,0.58997,0.5901,0.58988,0.59008,921,0,0
2025-09-01 22:00:00,0.59007,0.59044,0.59004,0.59042,795,0,0
2025-09-01 23:00:00,0.59041,0.59044,0.59021,0.5903,863,0,0
2025-09-02 00:00:00,0.5891,0.59019,0.58796,0.58989,465,26,0
2025-09-02 01:00:00,0.58989,0.59038,0.58983,0.59033,535,0,0
2025-09-02 02:00:00,0.59034,0.59068,0.59018,0.59042,694,0,0
2025-09-02 03:00:00,0.59042,0.59076,0.59009,0.59033,1996,0,0
2025-09-02 04:00:00,0.59033,0.59033,0.58933,0.58948,2337,0,0
2025-09-02 05:00:00,0.58948,0.5895,0.58886,0.5893,1820,0,0
2025-09-02 06:00:00,0.5893,0.58939,0.58854,0.58875,1416,0,0
2025-09-02 07:00:00,0.58875,0.58882,0.58812,0.58845,1415,0,0
2025-09-02 08:00:00,0.58845,0.58874,0.58822,0.58829,1603,0,0
2025-09-02 09:00:00,0.58832,0.58888,0.58826,0.58865,2083,0,0
2025-09-02 10:00:00,0.58862,0.58888,0.5849,0.5852,4749,0,0
2025-09-02 11:00:00,0.58522,0.5865,0.58491,0.58576,4708,0,0
2025-09-02 12:00:00,0.58575,0.58588,0.58484,0.58568,3572,0,0
2025-09-02 13:00:00,0.58569,0.58592,0.58522,0.58555,3085,0,0
2025-09-02 14:00:00,0.58556,0.58588,0.58487,0.58546,2642,0,0
2025-09-02 15:00:00,0.58546,0.58592,0.58378,0.58406,3933,0,0
2025-09-02 16:00:00,0.58408,0.58592,0.58387,0.58568,4050,0,0
2025-09-02 17:00:00,0.58568,0.58703,0.58568,0.58676,4793,0,0
2025-09-02 18:00:00,0.58675,0.58684,0.58569,0.58623,3447,0,0
2025-09-02 19:00:00,0.58623,0.58667,0.58596,0.58654,2837,0,0
2025-09-02 20:00:00,0.58652,0.58675,0.58609,0.58612,2159,0,0
2025-09-02 21:00:00,0.58613,0.58627,0.58565,0.58586,2099,0,0
2025-09-02 22:00:00,0.58585,0.58647,0.58585,0.58643,1981,0,0
2025-09-02 23:00:00,0.58643,0.58668,0.58633,0.5865,1115,0,0
2025-09-03 00:00:00,0.58647,0.58647,0.58428,0.58609,310,36,0
2025-09-03 01:00:00,0.5861,0.58667,0.58609,0.58629,541,0,0
2025-09-03 02:00:00,0.5863,0.5865,0.58604,0.58609,675,0,0
2025-09-03 03:00:00,0.58609,0.58618,0.58537,0.5857,1960,0,0
2025-09-03 04:00:00,0.5857,0.58619,0.5855,0.58587,2258,0,0
2025-09-03 05:00:00,0.58587,0.58636,0.58543,0.58565,2046,0,0
2025-09-03 06:00:00,0.58565,0.58611,0.58565,0.58584,1879,0,0
2025-09-03 07:00:00,0.58584,0.58628,0.58577,0.58615,1572,0,0
2025-09-03 08:00:00,0.58614,0.58621,0.58492,0.58529,1744,0,0
2025-09-03 09:00:00,0.58529,0.58576,0.58516,0.58533,2149,0,0
2025-09-03 10:00:00,0.58532,0.58589,0.58413,0.58577,3166,0,0
2025-09-03 11:00:00,0.58575,0.58673,0.58572,0.58626,3124,0,0
2025-09-03 12:00:00,0.58626,0.58659,0.58583,0.58638,2456,0,0
2025-09-03 13:00:00,0.58638,0.58666,0.58562,0.58605,2101,0,0
2025-09-03 14:00:00,0.58605,0.58662,0.58595,0.58654,2001,0,0
2025-09-03 15:00:00,0.58653,0.58697,0.58594,0.58677,2661,0,0
2025-09-03 16:00:00,0.58677,0.58703,0.58616,0.58645,3650,0,0
2025-09-03 17:00:00,0.58654,0.58814,0.58619,0.58753,4637,0,0
2025-09-03 18:00:00,0.58753,0.58822,0.58738,0.58795,3082,0,0
2025-09-03 19:00:00,0.58795,0.58808,0.58761,0.588,2487,0,0
2025-09-03 20:00:00,0.58801,0.58836,0.58748,0.58765,2407,0,0
2025-09-03 21:00:00,0.58765,0.58802,0.58747,0.58758,2653,0,0
2025-09-03 22:00:00,0.58757,0.58761,0.58735,0.58744,1498,0,0
2025-09-03 23:00:00,0.58744,0.5881,0.58741,0.58789,1150,0,0
2025-09-04 00:00:00,0.58781,0.58781,0.58386,0.58762,483,15,0
2025-09-04 01:00:00,0.58762,0.58788,0.58752,0.58772,491,0,0
2025-09-04 02:00:00,0.58772,0.58807,0.58763,0.58807,655,0,0
2025-09-04 03:00:00,0.58808,0.58843,0.58791,0.58833,1992,0,0
2025-09-04 04:00:00,0.58833,0.58896,0.5879,0.58813,2776,0,0
2025-09-04 05:00:00,0.58814,0.58816,0.58749,0.58766,2271,0,0
2025-09-04 06:00:00,0.58763,0.58773,0.58724,0.58733,1551,0,0
2025-09-04 07:00:00,0.58733,0.58753,0.58685,0.58688,1156,0,0
2025-09-04 08:00:00,0.58688,0.58688,0.58644,0.58667,1662,0,0
2025-09-04 09:00:00,0.58669,0.58695,0.58658,0.58669,2048,0,0
2025-09-04 10:00:00,0.58669,0.58686,0.58618,0.58645,2281,0,0
2025-09-04 11:00:00,0.58643,0.5869,0.58637,0.58688,1953,0,0
2025-09-04 12:00:00,0.58688,0.58698,0.58574,0.58592,1881,0,0
2025-09-04 13:00:00,0.58591,0.58635,0.58582,0.58596,1745,0,0
2025-09-04 14:00:00,0.58595,0.58595,0.5854,0.58561,1717,0,0
2025-09-04 15:00:00,0.5856,0.58632,0.58457,0.5856,3700,0,0
2025-09-04 16:00:00,0.5856,0.58592,0.58514,0.58535,3876,0,0
2025-09-04 17:00:00,0.58537,0.58537,0.58331,0.58361,4420,0,0
2025-09-04 18:00:00,0.58361,0.58383,0.58331,0.58366,2209,0,0
2025-09-04 19:00:00,0.58367,0.58396,0.58327,0.58361,2433,0,0
2025-09-04 20:00:00,0.58361,0.58392,0.58357,0.58363,1909,0,0
2025-09-04 21:00:00,0.58363,0.58421,0.58358,0.58394,1970,0,0
2025-09-04 22:00:00,0.58393,0.5846,0.58393,0.58453,1387,0,0
2025-09-04 23:00:00,0.58454,0.58471,0.58441,0.58462,1007,0,0
2025-09-05 00:00:00,0.5843,0.58451,0.58372,0.58446,347,34,0
2025-09-05 01:00:00,0.58446,0.58486,0.58446,0.58473,508,0,0
2025-09-05 02:00:00,0.58474,0.58509,0.58462,0.58504,772,0,0
2025-09-05 03:00:00,0.58504,0.58568,0.585,0.58565,1815,0,0
2025-09-05 04:00:00,0.58567,0.58642,0.58557,0.58634,1519,0,0
2025-09-05 05:00:00,0.58634,0.58647,0.58603,0.58617,1414,0,0
2025-09-05 06:00:00,0.58618,0.58646,0.58593,0.58643,1178,0,0
2025-09-05 07:00:00,0.58643,0.58646,0.58586,0.58594,1054,0,0
2025-09-05 08:00:00,0.58594,0.58675,0.58588,0.58654,1258,0,0
2025-09-05 09:00:00,0.58655,0.587,0.58627,0.58662,2009,0,0
2025-09-05 10:00:00,0.58662,0.5877,0.58654,0.58766,1978,0,0
2025-09-05 11:00:00,0.58766,0.58794,0.58752,0.58772,1531,0,0
2025-09-05 12:00:00,0.58772,0.58788,0.58743,0.58767,1465,0,0
2025-09-05 13:00:00,0.58767,0.58781,0.5875,0.5875,1433,0,0
2025-09-05 14:00:00,0.5875,0.58769,0.58719,0.58729,1541,0,0
2025-09-05 15:00:00,0.5873,0.59071,0.58719,0.59013,6728,0,0
2025-09-05 16:00:00,0.59015,0.59179,0.58979,0.59167,6209,0,0
2025-09-05 17:00:00,0.59168,0.59169,0.58916,0.58949,5571,0,0
2025-09-05 18:00:00,0.58949,0.59092,0.58939,0.5908,3522,0,0
2025-09-05 19:00:00,0.59078,0.59094,0.58996,0.59006,3537,0,0
2025-09-05 20:00:00,0.59007,0.59007,0.58916,0.58924,2748,0,0
2025-09-05 21:00:00,0.58925,0.58933,0.58874,0.58893,2122,0,0
2025-09-05 22:00:00,0.58892,0.58917,0.5887,0.58894,1740,0,0
2025-09-05 23:00:00,0.58894,0.58941,0.58882,0.58893,1335,0,0
2025-09-08 00:00:00,0.58798,0.58892,0.58718,0.58882,763,66,0
2025-09-08 01:00:00,0.58882,0.5891,0.58828,0.58833,1508,0,0
2025-09-08 02:00:00,0.58833,0.58894,0.5883,0.58881,1163,0,0
2025-09-08 03:00:00,0.58881,0.58917,0.58822,0.58909,2612,0,0
2025-09-08 04:00:00,0.58909,0.59004,0.58872,0.58988,3010,0,0
2025-09-08 05:00:00,0.58989,0.59016,0.58948,0.58985,2483,0,0
2025-09-08 06:00:00,0.58984,0.59042,0.58971,0.58994,1956,0,0
2025-09-08 07:00:00,0.58994,0.59017,0.58951,0.59014,1904,0,0
2025-09-08 08:00:00,0.59015,0.59054,0.59004,0.5903,1907,0,0
2025-09-08 09:00:00,0.59033,0.59159,0.59033,0.59157,2594,0,0
2025-09-08 10:00:00,0.59157,0.59277,0.59151,0.59259,2438,0,0
2025-09-08 11:00:00,0.59258,0.59308,0.59224,0.59238,2127,0,0
2025-09-08 12:00:00,0.59238,0.5926,0.59186,0.59229,1929,0,0
2025-09-08 13:00:00,0.59229,0.5932,0.59211,0.59308,1799,0,0
2025-09-08 14:00:00,0.59309,0.59383,0.59298,0.59373,1636,0,0
2025-09-08 15:00:00,0.59372,0.59414,0.59315,0.59402,2257,0,0
2025-09-08 16:00:00,0.59403,0.59457,0.59386,0.59392,2944,0,0
2025-09-08 17:00:00,0.59392,0.59413,0.59324,0.59351,3132,0,0
2025-09-08 18:00:00,0.59351,0.59403,0.59347,0.59393,2431,0,0
2025-09-08 19:00:00,0.59393,0.59399,0.593,0.59327,2832,0,0
2025-09-08 20:00:00,0.59327,0.59328,0.59289,0.59309,2317,0,0
2025-09-08 21:00:00,0.59307,0.59418,0.59307,0.59409,1969,0,0
2025-09-08 22:00:00,0.59408,0.59428,0.59395,0.59413,1391,0,0
2025-09-08 23:00:00,0.59413,0.59417,0.59387,0.594,1000,0,0
2025-09-09 00:00:00,0.59394,0.59394,0.59294,0.59359,315,14,0
2025-09-09 01:00:00,0.59359,0.59418,0.5934,0.59406,764,0,0
2025-09-09 02:00:00,0.59408,0.59451,0.59404,0.5945,819,0,0
2025-09-09 03:00:00,0.5945,0.59492,0.59426,0.59448,1950,0,0
2025-09-09 04:00:00,0.59448,0.59463,0.59374,0.59459,2134,0,0
2025-09-09 05:00:00,0.5946,0.59491,0.59437,0.5946,2002,0,0
2025-09-09 06:00:00,0.5946,0.59461,0.59402,0.59436,1666,0,0
2025-09-09 07:00:00,0.59436,0.59507,0.59423,0.59491,1601,0,0
2025-09-09 08:00:00,0.59492,0.59563,0.59486,0.59551,2149,0,0
2025-09-09 09:00:00,0.59552,0.59565,0.59447,0.59467,2196,0,0
2025-09-09 10:00:00,0.59467,0.59516,0.59399,0.5945,2244,0,0
2025-09-09 11:00:00,0.5945,0.59512,0.5942,0.59508,3322,0,0
2025-09-09 12:00:00,0.59509,0.59587,0.59508,0.59572,2357,0,0
2025-09-09 13:00:00,0.59572,0.59599,0.59541,0.59551,1744,0,0
2025-09-09 14:00:00,0.59551,0.59552,0.59489,0.59495,1368,0,0
2025-09-09 15:00:00,0.59495,0.59505,0.59396,0.5942,2235,0,0
2025-09-09 16:00:00,0.5942,0.59513,0.59384,0.59457,2959,0,0
2025-09-09 17:00:00,0.59464,0.59575,0.59337,0.59343,5957,0,0
2025-09-09 18:00:00,0.59343,0.59344,0.59257,0.59297,3132,0,0
2025-09-09 19:00:00,0.59298,0.59346,0.59268,0.59301,2275,0,0
2025-09-09 20:00:00,0.59301,0.59313,0.59249,0.59256,2379,0,0
2025-09-09 21:00:00,0.59256,0.59275,0.59226,0.59241,1787,0,0
2025-09-09 22:00:00,0.59243,0.59258,0.59227,0.59242,1641,0,0
2025-09-09 23:00:00,0.59239,0.59263,0.59232,0.59252,1154,0,0
2025-09-10 00:00:00,0.59251,0.59287,0.59209,0.5923,420,26,0
2025-09-10 01:00:00,0.5923,0.59295,0.59226,0.59277,1108,0,0
2025-09-10 02:00:00,0.59277,0.5928,0.59218,0.59265,1233,0,0
2025-09-10 03:00:00,0.59264,0.59295,0.59234,0.59271,2302,0,0
2025-09-10 04:00:00,0.59271,0.59291,0.5921,0.59271,2989,0,0
2025-09-10 05:00:00,0.59272,0.59358,0.59252,0.59358,2286,0,0
2025-09-10 06:00:00,0.59358,0.59429,0.59351,0.59416,1570,0,0
2025-09-10 07:00:00,0.59415,0.59492,0.59407,0.59489,1822,0,0
2025-09-10 08:00:00,0.59488,0.59501,0.59429,0.59449,1840,0,0
2025-09-10 09:00:00,0.59449,0.59518,0.59381,0.59396,2414,0,0
2025-09-10 10:00:00,0.59397,0.59468,0.59341,0.59427,2566,0,0
2025-09-10 11:00:00,0.59427,0.59432,0.59333,0.59389,2427,0,0
2025-09-10 12:00:00,0.59387,0.59504,0.59385,0.59478,2453,0,0
2025-09-10 13:00:00,0.59479,0.59482,0.59377,0.59392,1866,0,0
2025-09-10 14:00:00,0.59392,0.59426,0.59357,0.59415,1806,0,0
2025-09-10 15:00:00,0.59415,0.59573,0.59373,0.59441,4887,0,0
2025-09-10 16:00:00,0.59442,0.59567,0.59401,0.59556,4586,0,0
2025-09-10 17:00:00,0.59557,0.59639,0.59557,0.59594,3953,0,0
2025-09-10 18:00:00,0.59594,0.59609,0.59518,0.59539,2623,0,0
2025-09-10 19:00:00,0.59538,0.59543,0.59455,0.59468,2027,0,0
2025-09-10 20:00:00,0.59468,0.5951,0.59458,0.59493,1887,0,0
2025-09-10 21:00:00,0.59493,0.59521,0.59452,0.59466,1883,0,0
2025-09-10 22:00:00,0.59467,0.59474,0.59402,0.59441,1658,0,0
2025-09-10 23:00:00,0.59441,0.59451,0.59389,0.59395,1059,0,0
2025-09-11 00:00:00,0.59354,0.59393,0.59292,0.59342,1036,39,0
2025-09-11 01:00:00,0.59342,0.59451,0.59342,0.59448,992,0,0
2025-09-11 02:00:00,0.59448,0.59474,0.59401,0.59429,942,0,0
2025-09-11 03:00:00,0.59429,0.59437,0.59356,0.59358,2023,0,0
2025-09-11 04:00:00,0.59358,0.59463,0.59338,0.59436,2132,0,0
2025-09-11 05:00:00,0.59436,0.59445,0.59344,0.59353,1750,0,0
2025-09-11 06:00:00,0.59353,0.59396,0.59345,0.59389,1688,0,0
2025-09-11 07:00:00,0.59389,0.5939,0.59344,0.59374,1528,0,0
2025-09-11 08:00:00,0.59373,0.59376,0.59315,0.59324,1909,0,0
2025-09-11 09:00:00,0.59324,0.59359,0.59292,0.59336,2875,0,0
2025-09-11 10:00:00,0.59335,0.59359,0.59284,0.59318,3063,0,0
2025-09-11 11:00:00,0.59319,0.59341,0.59266,0.59282,2711,0,0
2025-09-11 12:00:00,0.59282,0.59294,0.59221,0.59286,2823,0,0
2025-09-11 13:00:00,0.59286,0.59312,0.59266,0.59274,2251,0,0
2025-09-11 14:00:00,0.59274,0.59322,0.5924,0.59258,2048,0,0
2025-09-11 15:00:00,0.59258,0.59458,0.59144,0.59438,6296,0,0
2025-09-11 16:00:00,0.59441,0.59545,0.59389,0.59534,6223,0,0
2025-09-11 17:00:00,0.59534,0.5964,0.59514,0.59622,4623,0,0
2025-09-11 18:00:00,0.59622,0.59721,0.59592,0.59713,2853,0,0
2025-09-11 19:00:00,0.59713,0.59756,0.59703,0.59722,2339,0,0
2025-09-11 20:00:00,0.59724,0.59742,0.59698,0.59717,2229,0,0
2025-09-11 21:00:00,0.59717,0.59754,0.59711,0.59736,1839,0,0
2025-09-11 22:00:00,0.59737,0.59778,0.59728,0.59761,1725,0,0
2025-09-11 23:00:00,0.59761,0.59798,0.59758,0.59771,1351,0,0
2025-09-12 00:00:00,0.59749,0.59749,0.59457,0.59708,554,24,0
2025-09-12 01:00:00,0.59708,0.59775,0.59706,0.59768,1046,0,0
2025-09-12 02:00:00,0.59768,0.59789,0.5976,0.59771,1059,0,0
2025-09-12 03:00:00,0.59771,0.5978,0.59694,0.59767,2580,0,0
2025-09-12 04:00:00,0.59766,0.59777,0.59692,0.59702,2704,0,0
2025-09-12 05:00:00,0.59702,0.59726,0.59692,0.59717,2002,0,0
2025-09-12 06:00:00,0.59718,0.59734,0.59688,0.59704,1938,0,0
2025-09-12 07:00:00,0.59705,0.59719,0.59661,0.59686,1783,0,0
2025-09-12 08:00:00,0.59685,0.59705,0.59668,0.59682,1783,0,0
2025-09-12 09:00:00,0.59683,0.59685,0.59615,0.59672,1722,0,0
2025-09-12 10:00:00,0.59672,0.59741,0.59667,0.59692,2239,0,0
2025-09-12 11:00:00,0.59691,0.59691,0.59502,0.59519,2520,0,0
2025-09-12 12:00:00,0.59518,0.59565,0.59502,0.59551,1956,0,0
2025-09-12 13:00:00,0.59551,0.59592,0.59546,0.59547,1610,0,0
2025-09-12 14:00:00,0.59547,0.59566,0.59492,0.5951,1675,0,0
2025-09-12 15:00:00,0.5951,0.59518,0.59398,0.5946,2580,0,0
2025-09-12 16:00:00,0.59457,0.59532,0.59443,0.59519,2426,0,0
2025-09-12 17:00:00,0.59512,0.59588,0.59484,0.59532,3094,0,0
2025-09-12 18:00:00,0.59532,0.5954,0.59456,0.59464,2078,0,0
2025-09-12 19:00:00,0.59464,0.5955,0.5944,0.59523,1948,0,0
2025-09-12 20:00:00,0.59523,0.59586,0.59518,0.59561,1678,0,0
2025-09-12 21:00:00,0.59561,0.59611,0.59552,0.59606,1312,0,0
2025-09-12 22:00:00,0.59607,0.59614,0.59556,0.59573,1201,0,0
2025-09-12 23:00:00,0.59572,0.59572,0.59524,0.59527,1131,0,0
2025-09-15 00:00:00,0.59358,0.59537,0.59358,0.59517,1053,48,0
2025-09-15 01:00:00,0.59517,0.59563,0.59509,0.59534,866,0,0
2025-09-15 02:00:00,0.59534,0.59541,0.59512,0.59537,914,0,0
2025-09-15 03:00:00,0.59537,0.59571,0.59499,0.59543,1862,0,0
2025-09-15 04:00:00,0.59542,0.59621,0.59527,0.59612,2145,0,0
2025-09-15 05:00:00,0.59612,0.59619,0.59565,0.59572,1870,0,0
2025-09-15 06:00:00,0.59574,0.59661,0.59569,0.59629,1838,0,0
2025-09-15 07:00:00,0.59626,0.59664,0.59607,0.59631,1579,0,0
2025-09-15 08:00:00,0.59632,0.59639,0.59573,0.59585,1759,0,0
2025-09-15 09:00:00,0.59587,0.59607,0.59504,0.59565,2132,0,0
2025-09-15 10:00:00,0.59565,0.59648,0.59544,0.59627,2360,0,0
2025-09-15 11:00:00,0.59627,0.59642,0.59578,0.59597,1947,0,0
2025-09-15 12:00:00,0.59597,0.59638,0.59553,0.59557,1701,0,0
2025-09-15 13:00:00,0.59556,0.5962,0.59547,0.59575,1533,0,0
2025-09-15 14:00:00,0.59575,0.59623,0.59574,0.59615,1447,0,0
2025-09-15 15:00:00,0.59616,0.59682,0.59616,0.59659,2496,0,0
2025-09-15 16:00:00,0.59659,0.59669,0.5959,0.59602,2428,0,0
2025-09-15 17:00:00,0.59602,0.59626,0.59565,0.59608,2718,0,0
2025-09-15 18:00:00,0.59608,0.59717,0.59599,0.59703,1952,0,0
2025-09-15 19:00:00,0.59703,0.59718,0.59637,0.59649,2118,0,0
2025-09-15 20:00:00,0.59649,0.59746,0.59637,0.5974,1731,0,0
2025-09-15 21:00:00,0.5974,0.5975,0.59712,0.59714,1640,0,0
2025-09-15 22:00:00,0.59715,0.59725,0.59691,0.59703,1434,0,0
2025-09-15 23:00:00,0.59703,0.59716,0.59681,0.59705,845,0,0
2025-09-16 00:00:00,0.59701,0.59709,0.59386,0.59669,683,14,0
2025-09-16 01:00:00,0.59669,0.59708,0.59669,0.59685,955,0,0
2025-09-16 02:00:00,0.59686,0.59695,0.59667,0.59677,1031,0,0
2025-09-16 03:00:00,0.59677,0.59718,0.59598,0.59625,1878,0,0
2025-09-16 04:00:00,0.59625,0.59646,0.5959,0.59632,2262,0,0
2025-09-16 05:00:00,0.59632,0.59655,0.59554,0.59611,2274,0,0
2025-09-16 06:00:00,0.59611,0.59706,0.59592,0.59669,1845,0,0
2025-09-16 07:00:00,0.59669,0.59673,0.59598,0.59624,1815,0,0
2025-09-16 08:00:00,0.59624,0.59704,0.59606,0.59692,1939,0,0
2025-09-16 09:00:00,0.59695,0.59754,0.59684,0.59712,1980,0,0
2025-09-16 10:00:00,0.59712,0.59806,0.59708,0.59716,2270,0,0
2025-09-16 11:00:00,0.59716,0.5975,0.59659,0.59672,1994,0,0
2025-09-16 12:00:00,0.59672,0.59759,0.59671,0.59726,2094,0,0
2025-09-16 13:00:00,0.59727,0.59746,0.59682,0.59718,1764,0,0
2025-09-16 14:00:00,0.59718,0.59804,0.59694,0.5977,1487,0,0
2025-09-16 15:00:00,0.5977,0.59787,0.59649,0.59712,2709,0,0
2025-09-16 16:00:00,0.59713,0.59824,0.59708,0.59757,2592,0,0
2025-09-16 17:00:00,0.59757,0.59834,0.59718,0.59804,3296,0,0
2025-09-16 18:00:00,0.59804,0.59806,0.59713,0.59787,2128,0,0
2025-09-16 19:00:00,0.59787,0.59873,0.59778,0.59856,1976,0,0
2025-09-16 20:00:00,0.59856,0.59899,0.59839,0.59882,1809,0,0
2025-09-16 21:00:00,0.59883,0.59908,0.59864,0.59883,1413,0,0
2025-09-16 22:00:00,0.59882,0.59894,0.59849,0.59854,1334,0,0
2025-09-16 23:00:00,0.59855,0.59907,0.5985,0.59877,763,0,0
2025-09-17 00:00:00,0.59857,0.59857,0.59695,0.5981,155,39,0
2025-09-17 01:00:00,0.5981,0.59896,0.5981,0.59884,880,0,0
2025-09-17 02:00:00,0.59884,0.59905,0.59871,0.59885,661,0,0
2025-09-17 03:00:00,0.59885,0.59899,0.59807,0.59821,1459,0,0
2025-09-17 04:00:00,0.59821,0.5983,0.59757,0.5979,1694,0,0
2025-09-17 05:00:00,0.5979,0.59803,0.59747,0.59796,1208,0,0
2025-09-17 06:00:00,0.59796,0.5981,0.59762,0.59774,1057,0,0
2025-09-17 07:00:00,0.59774,0.59795,0.59762,0.5978,807,0,0
2025-09-17 08:00:00,0.59781,0.59813,0.59756,0.5977,1016,0,0
2025-09-17 09:00:00,0.59771,0.59771,0.59681,0.59712,1462,0,0
2025-09-17 10:00:00,0.59712,0.59725,0.5967,0.59708,1433,0,0
2025-09-17 11:00:00,0.59707,0.59757,0.59676,0.59729,1181,0,0
2025-09-17 12:00:00,0.59729,0.59781,0.59707,0.59758,1053,0,0
2025-09-17 13:00:00,0.59758,0.59781,0.59704,0.5974,1038,0,0
2025-09-17 14:00:00,0.5974,0.5984,0.59737,0.59803,1133,0,0
2025-09-17 15:00:00,0.59803,0.59866,0.59794,0.59858,1348,0,0
2025-09-17 16:00:00,0.59858,0.59866,0.59808,0.59837,1760,0,0
2025-09-17 17:00:00,0.59837,0.59857,0.59729,0.59734,1944,0,0
2025-09-17 18:00:00,0.59734,0.59739,0.59687,0.59703,1389,0,0
2025-09-17 19:00:00,0.59701,0.59737,0.59678,0.59689,1624,0,0
2025-09-17 20:00:00,0.59689,0.59753,0.59676,0.59718,1473,0,0
2025-09-17 21:00:00,0.59699,0.60073,0.59481,0.59597,11419,0,0
2025-09-17 22:00:00,0.59598,0.59807,0.59583,0.59687,6558,0,0
2025-09-17 23:00:00,0.59687,0.59696,0.59606,0.59616,1567,0,0
2025-09-18 00:00:00,0.59558,0.59633,0.59543,0.59627,582,26,0
2025-09-18 01:00:00,0.59627,0.59654,0.594,0.59494,1806,0,0
2025-09-18 02:00:00,0.59495,0.59497,0.5932,0.5934,1787,0,0
2025-09-18 03:00:00,0.5934,0.59355,0.5921,0.59215,2910,0,0
2025-09-18 04:00:00,0.59214,0.59288,0.5911,0.59202,3836,0,0
2025-09-18 05:00:00,0.59202,0.59341,0.59197,0.59302,1768,0,0
2025-09-18 06:00:00,0.59303,0.59333,0.59253,0.59259,1391,0,0
2025-09-18 07:00:00,0.59259,0.59271,0.5911,0.59122,1440,0,0
2025-09-18 08:00:00,0.59122,0.59147,0.59053,0.59075,1913,0,0
2025-09-18 09:00:00,0.59075,0.59082,0.58954,0.58957,2441,0,0
2025-09-18 10:00:00,0.58957,0.59165,0.5894,0.59111,2646,0,0
2025-09-18 11:00:00,0.59111,0.59111,0.58929,0.5893,2149,0,0
2025-09-18 12:00:00,0.5893,0.5911,0.58916,0.59068,2228,0,0
2025-09-18 13:00:00,0.59068,0.59072,0.58992,0.59053,2430,0,0
2025-09-18 14:00:00,0.59052,0.59095,0.59009,0.59057,2541,0,0
2025-09-18 15:00:00,0.59057,0.59059,0.5892,0.58921,3170,0,0
2025-09-18 16:00:00,0.5892,0.58924,0.58722,0.5882,4258,0,0
2025-09-18 17:00:00,0.58821,0.58885,0.58745,0.58823,4742,0,0
2025-09-18 18:00:00,0.58824,0.58869,0.58737,0.58765,3362,0,0
2025-09-18 19:00:00,0.58765,0.58822,0.58749,0.58818,2664,0,0
2025-09-18 20:00:00,0.58819,0.58865,0.58807,0.58822,2169,0,0
2025-09-18 21:00:00,0.58822,0.58839,0.58794,0.58826,1668,0,0
2025-09-18 22:00:00,0.58826,0.58847,0.58808,0.58817,1456,0,0
2025-09-18 23:00:00,0.58817,0.58843,0.58797,0.58823,922,0,0
2025-09-19 00:00:00,0.58813,0.58828,0.58775,0.58826,548,23,0
2025-09-19 01:00:00,0.58826,0.58853,0.58822,0.58836,1076,0,0
2025-09-19 02:00:00,0.58836,0.58915,0.5883,0.58895,1086,0,0
2025-09-19 03:00:00,0.58897,0.58919,0.58797,0.58846,2062,0,0
2025-09-19 04:00:00,0.58847,0.58859,0.58743,0.58762,2376,0,0
2025-09-19 05:00:00,0.58762,0.58846,0.58746,0.58813,2131,0,0
2025-09-19 06:00:00,0.58811,0.58866,0.58773,0.58801,2775,0,0
2025-09-19 07:00:00,0.58803,0.58834,0.58679,0.5871,2781,0,0
2025-09-19 08:00:00,0.5871,0.58738,0.58667,0.58693,2346,0,0
2025-09-19 09:00:00,0.58689,0.58689,0.58546,0.58622,3314,0,0
2025-09-19 10:00:00,0.58624,0.588,0.58614,0.58716,3072,0,0
2025-09-19 11:00:00,0.58717,0.5877,0.5866,0.58767,2461,0,0
2025-09-19 12:00:00,0.58767,0.588,0.58743,0.58755,2124,0,0
2025-09-19 13:00:00,0.58755,0.58802,0.58736,0.58746,1483,0,0
2025-09-19 14:00:00,0.58747,0.58753,0.58605,0.58613,1829,0,0
2025-09-19 15:00:00,0.58613,0.58638,0.58553,0.58583,2706,0,0
2025-09-19 16:00:00,0.58583,0.58674,0.5858,0.58606,3039,0,0
2025-09-19 17:00:00,0.58605,0.58636,0.58564,0.58616,3328,0,0
2025-09-19 18:00:00,0.58616,0.58619,0.5854,0.58574,2638,0,0
2025-09-19 19:00:00,0.58573,0.58591,0.58549,0.58591,1872,0,0
2025-09-19 20:00:00,0.58591,0.58602,0.58566,0.58576,1310,0,0
2025-09-19 21:00:00,0.58577,0.58582,0.58555,0.58576,1279,0,0
2025-09-19 22:00:00,0.58576,0.58596,0.58566,0.58578,1158,0,0
2025-09-19 23:00:00,0.58578,0.58578,0.58535,0.5855,1012,0,0
2025-09-22 00:00:00,0.58525,0.58601,0.58525,0.58561,782,52,0
2025-09-22 01:00:00,0.58561,0.58606,0.58526,0.58571,966,0,0
2025-09-22 02:00:00,0.58571,0.58573,0.58499,0.58503,1039,0,0
2025-09-22 03:00:00,0.585,0.58582,0.58469,0.58498,2571,0,0
2025-09-22 04:00:00,0.58498,0.58543,0.5847,0.58525,3508,0,0
2025-09-22 05:00:00,0.58526,0.58575,0.58479,0.58562,2546,0,0
2025-09-22 06:00:00,0.58563,0.58626,0.5856,0.58603,1804,0,0
2025-09-22 07:00:00,0.58603,0.58612,0.58563,0.58595,1676,0,0
2025-09-22 08:00:00,0.58595,0.58599,0.58554,0.58566,1557,0,0
2025-09-22 09:00:00,0.58563,0.58591,0.58516,0.5852,2144,0,0
2025-09-22 10:00:00,0.5852,0.58528,0.58424,0.5845,2715,0,0
2025-09-22 11:00:00,0.58449,0.58593,0.58444,0.5859,2630,0,0
2025-09-22 12:00:00,0.58591,0.58621,0.58573,0.58608,2020,0,0
2025-09-22 13:00:00,0.58607,0.58635,0.58578,0.58583,1580,0,0
2025-09-22 14:00:00,0.58582,0.58624,0.58577,0.58618,1403,0,0
2025-09-22 15:00:00,0.58618,0.58657,0.58562,0.58625,2241,0,0
2025-09-22 16:00:00,0.58626,0.58651,0.58521,0.58604,3047,0,0
2025-09-22 17:00:00,0.58603,0.58603,0.58512,0.58593,2851,0,0
2025-09-22 18:00:00,0.58593,0.58633,0.58563,0.58613,2049,0,0
2025-09-22 19:00:00,0.58613,0.58666,0.58599,0.58634,2122,0,0
2025-09-22 20:00:00,0.58634,0.58687,0.58633,0.58684,1680,0,0
2025-09-22 21:00:00,0.58684,0.58699,0.58675,0.58693,1443,0,0
2025-09-22 22:00:00,0.58693,0.58715,0.58689,0.58697,1244,0,0
2025-09-22 23:00:00,0.58697,0.58702,0.58671,0.58681,1024,0,0
2025-09-23 00:00:00,0.58632,0.58655,0.58514,0.58653,524,30,0
2025-09-23 01:00:00,0.58653,0.58698,0.58653,0.58687,963,0,0
2025-09-23 02:00:00,0.58688,0.58691,0.58669,0.58686,914,0,0
2025-09-23 03:00:00,0.58686,0.58692,0.58621,0.58642,1764,0,0
2025-09-23 04:00:00,0.58642,0.58648,0.58561,0.58618,2293,0,0
2025-09-23 05:00:00,0.58617,0.58627,0.5849,0.58564,2256,0,0
2025-09-23 06:00:00,0.58564,0.58572,0.58514,0.58551,1983,0,0
2025-09-23 07:00:00,0.58551,0.58558,0.58476,0.58477,1658,0,0
2025-09-23 08:00:00,0.58475,0.58534,0.58451,0.58515,2065,0,0
2025-09-23 09:00:00,0.58514,0.586,0.58484,0.58562,2141,0,0
2025-09-23 10:00:00,0.58562,0.58566,0.58453,0.58506,2867,0,0
2025-09-23 11:00:00,0.58507,0.58634,0.585,0.58623,2284,0,0
2025-09-23 12:00:00,0.58624,0.58684,0.58605,0.58642,1972,0,0
2025-09-23 13:00:00,0.58642,0.58695,0.58624,0.58669,1788,0,0
2025-09-23 14:00:00,0.58669,0.5868,0.58625,0.58635,1269,0,0
2025-09-23 15:00:00,0.58635,0.58656,0.58601,0.5863,2099,0,0
2025-09-23 16:00:00,0.5863,0.58687,0.58516,0.58566,3185,0,0
2025-09-23 17:00:00,0.58566,0.586,0.58525,0.58591,3498,0,0
2025-09-23 18:00:00,0.5859,0.58597,0.58537,0.58563,1975,0,0
2025-09-23 19:00:00,0.58563,0.58626,0.58519,0.58586,2823,0,0
2025-09-23 20:00:00,0.58586,0.58627,0.58555,0.58564,3022,0,0
2025-09-23 21:00:00,0.58565,0.58596,0.58535,0.58546,1906,0,0
2025-09-23 22:00:00,0.58545,0.58603,0.58537,0.58586,1486,0,0
2025-09-23 23:00:00,0.58587,0.58601,0.58536,0.58584,881,0,0
2025-09-24 00:00:00,0.58571,0.58573,0.58353,0.58573,525,22,0
2025-09-24 01:00:00,0.58573,0.58607,0.58556,0.58585,1101,0,0
2025-09-24 02:00:00,0.58585,0.58597,0.58555,0.58567,1109,0,0
2025-09-24 03:00:00,0.58568,0.58571,0.5852,0.58555,1885,0,0
2025-09-24 04:00:00,0.58555,0.58626,0.58494,0.58597,2708,0,0
2025-09-24 05:00:00,0.58597,0.5866,0.58589,0.5861,2312,0,0
2025-09-24 06:00:00,0.5861,0.58632,0.58562,0.58571,1660,0,0
2025-09-24 07:00:00,0.58571,0.58614,0.58546,0.58598,1427,0,0
2025-09-24 08:00:00,0.58599,0.58619,0.58512,0.5857,1738,0,0
2025-09-24 09:00:00,0.58572,0.58598,0.58496,0.58501,1882,0,0
2025-09-24 10:00:00,0.58501,0.58579,0.58489,0.58541,1942,0,0
2025-09-24 11:00:00,0.5854,0.58554,0.58419,0.58469,2075,0,0
2025-09-24 12:00:00,0.58468,0.5849,0.58411,0.58438,1443,0,0
2025-09-24 13:00:00,0.58437,0.58438,0.58372,0.58389,1367,0,0
2025-09-24 14:00:00,0.58389,0.5839,0.58331,0.58336,1504,0,0
2025-09-24 15:00:00,0.58336,0.58416,0.58244,0.58285,2473,0,0
2025-09-24 16:00:00,0.58284,0.58286,0.58159,0.58193,2911,0,0
2025-09-24 17:00:00,0.58195,0.58195,0.5809,0.58174,3159,0,0
2025-09-24 18:00:00,0.58174,0.58187,0.58122,0.58132,2342,0,0
2025-09-24 19:00:00,0.58131,0.58139,0.58082,0.58104,2503,0,0
2025-09-24 20:00:00,0.58105,0.58155,0.58099,0.58129,1802,0,0
2025-09-24 21:00:00,0.58129,0.58133,0.58093,0.58103,1912,0,0
2025-09-24 22:00:00,0.58104,0.58141,0.58095,0.58131,1263,0,0
2025-09-24 23:00:00,0.58131,0.58145,0.58118,0.58135,920,0,0
2025-09-25 00:00:00,0.58133,0.58152,0.57939,0.58131,484,26,0
2025-09-25 01:00:00,0.58131,0.58167,0.5813,0.58158,939,0,0
2025-09-25 02:00:00,0.58158,0.58174,0.58148,0.58153,1078,0,0
2025-09-25 03:00:00,0.58152,0.58195,0.58122,0.5815,2046,0,0
2025-09-25 04:00:00,0.5815,0.58176,0.58074,0.58137,2021,0,0
2025-09-25 05:00:00,0.58138,0.58222,0.58135,0.5822,1858,0,0
2025-09-25 06:00:00,0.5822,0.5828,0.58199,0.58273,1581,0,0
2025-09-25 07:00:00,0.58273,0.58287,0.58229,0.58243,1296,0,0
2025-09-25 08:00:00,0.58243,0.58245,0.58178,0.58196,1631,0,0
2025-09-25 09:00:00,0.58197,0.58228,0.58161,0.58205,1903,0,0
2025-09-25 10:00:00,0.58205,0.58221,0.58162,0.58162,2318,0,0
2025-09-25 11:00:00,0.58163,0.58283,0.58151,0.5828,2291,0,0
2025-09-25 12:00:00,0.58281,0.58313,0.58226,0.58247,1721,0,0
2025-09-25 13:00:00,0.58248,0.58269,0.58169,0.58179,1466,0,0
2025-09-25 14:00:00,0.58179,0.58181,0.58105,0.58113,1810,0,0
2025-09-25 15:00:00,0.58112,0.58129,0.57907,0.57949,4228,0,0
2025-09-25 16:00:00,0.57949,0.57965,0.57718,0.57734,4264,0,0
2025-09-25 17:00:00,0.57733,0.57785,0.57697,0.57778,3998,0,0
2025-09-25 18:00:00,0.57778,0.5778,0.57703,0.57757,2551,0,0
2025-09-25 19:00:00,0.57757,0.57783,0.57702,0.57714,2357,0,0
2025-09-25 20:00:00,0.57714,0.57717,0.57624,0.57642,2393,0,0
2025-09-25 21:00:00,0.57644,0.57653,0.57585,0.57628,2311,0,0
2025-09-25 22:00:00,0.57629,0.57659,0.57624,0.57639,1593,0,0
2025-09-25 23:00:00,0.57639,0.57682,0.57633,0.57671,1174,0,0
2025-09-26 00:00:00,0.57667,0.57683,0.57606,0.57627,644,11,0
2025-09-26 01:00:00,0.57627,0.57698,0.57619,0.57664,1075,0,0
2025-09-26 02:00:00,0.57664,0.57667,0.57611,0.57625,1251,0,0
2025-09-26 03:00:00,0.57626,0.5766,0.57556,0.57652,2177,0,0
2025-09-26 04:00:00,0.57654,0.5768,0.57601,0.5762,2234,0,0
2025-09-26 05:00:00,0.5762,0.57691,0.57615,0.57669,1576,0,0
2025-09-26 06:00:00,0.5767,0.57692,0.57664,0.57675,1431,0,0
2025-09-26 07:00:00,0.57674,0.57708,0.57641,0.5769,1417,0,0
2025-09-26 08:00:00,0.57691,0.5771,0.57666,0.57682,1457,0,0
2025-09-26 09:00:00,0.57682,0.57709,0.57644,0.57693,1905,0,0
2025-09-26 10:00:00,0.57693,0.57702,0.5757,0.57615,2211,0,0
2025-09-26 11:00:00,0.57615,0.57681,0.57609,0.57649,1918,0,0
2025-09-26 12:00:00,0.57649,0.57655,0.57594,0.57604,1767,0,0
2025-09-26 13:00:00,0.57604,0.57613,0.57542,0.57577,1583,0,0
2025-09-26 14:00:00,0.57576,0.5763,0.57562,0.57594,1902,0,0
2025-09-26 15:00:00,0.57594,0.57697,0.57582,0.57663,3516,0,0
2025-09-26 16:00:00,0.57663,0.57726,0.57613,0.57656,4146,0,0
2025-09-26 17:00:00,0.57655,0.57719,0.57636,0.57681,4558,0,0
2025-09-26 18:00:00,0.57682,0.57729,0.57655,0.57677,2793,0,0
2025-09-26 19:00:00,0.57677,0.57738,0.57653,0.57716,2245,0,0
2025-09-26 20:00:00,0.57716,0.57739,0.57704,0.57722,1595,0,0
2025-09-26 21:00:00,0.57723,0.57756,0.57701,0.5774,1543,0,0
2025-09-26 22:00:00,0.5774,0.57754,0.57718,0.57753,1137,0,0
2025-09-26 23:00:00,0.57753,0.5776,0.57715,0.57717,1009,0,0
2025-09-29 00:00:00,0.57712,0.5779,0.57652,0.57751,398,33,0
2025-09-29 01:00:00,0.57751,0.57751,0.57726,0.57741,856,0,0
2025-09-29 02:00:00,0.57738,0.57777,0.57735,0.5777,1112,0,0
2025-09-29 03:00:00,0.57771,0.5781,0.57757,0.57784,2010,0,0
2025-09-29 04:00:00,0.57784,0.57796,0.57703,0.57757,2506,0,0
2025-09-29 05:00:00,0.57758,0.57863,0.57736,0.57853,2334,0,0
2025-09-29 06:00:00,0.57853,0.5786,0.57805,0.57843,1679,0,0
2025-09-29 07:00:00,0.57843,0.5792,0.57822,0.57906,1472,0,0
2025-09-29 08:00:00,0.57907,0.57924,0.57882,0.57906,2057,0,0
2025-09-29 09:00:00,0.57905,0.57917,0.57858,0.57867,2218,0,0
2025-09-29 10:00:00,0.57866,0.57948,0.57848,0.57936,2235,0,0
2025-09-29 11:00:00,0.57937,0.57959,0.57881,0.5791,1832,0,0
2025-09-29 12:00:00,0.57911,0.57925,0.57855,0.57867,1707,0,0
2025-09-29 13:00:00,0.57867,0.57882,0.57827,0.57841,1344,0,0
2025-09-29 14:00:00,0.57842,0.57866,0.57799,0.57858,1921,0,0
2025-09-29 15:00:00,0.5786,0.57904,0.57807,0.57879,2969,0,0
2025-09-29 16:00:00,0.5788,0.579,0.57802,0.57817,3274,0,0
2025-09-29 17:00:00,0.57816,0.57892,0.57795,0.57854,3153,0,0
2025-09-29 18:00:00,0.57854,0.57887,0.57829,0.5785,2643,0,0
2025-09-29 19:00:00,0.57851,0.57864,0.57802,0.5782,1768,0,0
2025-09-29 20:00:00,0.5782,0.57831,0.57783,0.57784,1365,0,0
2025-09-29 21:00:00,0.57789,0.57835,0.57784,0.57828,1144,0,0
2025-09-29 22:00:00,0.57829,0.57831,0.57776,0.57788,1046,0,0
2025-09-29 23:00:00,0.57789,0.57801,0.57758,0.57768,808,0,0
2025-09-30 00:00:00,0.57745,0.57769,0.57692,0.57749,543,26,0
2025-09-30 01:00:00,0.57744,0.57795,0.57713,0.57776,965,0,0
2025-09-30 02:00:00,0.57776,0.57807,0.57772,0.57798,1025,0,0
2025-09-30 03:00:00,0.57799,0.57802,0.57737,0.5779,2292,0,0
2025-09-30 04:00:00,0.5779,0.5787,0.57787,0.57794,2777,0,0
2025-09-30 05:00:00,0.57794,0.57902,0.57762,0.579,2118,0,0
2025-09-30 06:00:00,0.57901,0.57943,0.57856,0.57891,1636,0,0
2025-09-30 07:00:00,0.57891,0.57933,0.57845,0.57914,2296,0,0
2025-09-30 08:00:00,0.57914,0.5793,0.57845,0.5786,2344,0,0
2025-09-30 09:00:00,0.57861,0.58021,0.57861,0.57966,2651,0,0
2025-09-30 10:00:00,0.57963,0.58033,0.57883,0.58,3087,0,0
2025-09-30 11:00:00,0.58001,0.58072,0.57993,0.58005,2987,0,0
2025-09-30 12:00:00,0.58005,0.58009,0.57927,0.5796,2022,0,0
2025-09-30 13:00:00,0.5796,0.57978,0.57929,0.57938,1615,0,0
2025-09-30 14:00:00,0.57938,0.57952,0.57893,0.57948,1892,0,0
2025-09-30 15:00:00,0.57947,0.58003,0.57938,0.57962,2339,0,0
2025-09-30 16:00:00,0.57962,0.58042,0.57879,0.58025,3196,0,0
2025-09-30 17:00:00,0.58024,0.58078,0.57996,0.58067,3920,0,0
2025-09-30 18:00:00,0.58067,0.58068,0.57953,0.5798,3134,0,0
2025-09-30 19:00:00,0.57979,0.58027,0.57951,0.58012,2218,0,0
2025-09-30 20:00:00,0.58009,0.58022,0.57978,0.57982,1963,0,0
2025-09-30 21:00:00,0.57982,0.57996,0.57934,0.57976,1527,0,0
2025-09-30 22:00:00,0.57976,0.57989,0.57959,0.57977,1564,0,0
2025-09-30 23:00:00,0.57979,0.5798,0.57921,0.57935,988,0,0
2025-10-01 00:00:00,0.57928,0.57948,0.5787,0.57929,971,22,0
2025-10-01 01:00:00,0.57929,0.57978,0.57918,0.57956,1157,0,0
2025-10-01 02:00:00,0.57956,0.57991,0.57945,0.57952,1301,0,0
2025-10-01 03:00:00,0.57951,0.57955,0.579,0.5791,2191,0,0
2025-10-01 04:00:00,0.5791,0.57928,0.5786,0.57912,2058,0,0
2025-10-01 05:00:00,0.57912,0.57924,0.57861,0.57913,1801,0,0
2025-10-01 06:00:00,0.57913,0.57917,0.57863,0.57908,1634,0,0
2025-10-01 07:00:00,0.57909,0.58025,0.57906,0.58025,1806,0,0
2025-10-01 08:00:00,0.58025,0.58081,0.57988,0.58003,2389,0,0
2025-10-01 09:00:00,0.58003,0.58093,0.57996,0.58083,2494,0,0
2025-10-01 10:00:00,0.58081,0.58146,0.58046,0.58106,3330,0,0
2025-10-01 11:00:00,0.58106,0.58208,0.58106,0.58154,2573,0,0
2025-10-01 12:00:00,0.58154,0.58179,0.581,0.5811,1993,0,0
2025-10-01 13:00:00,0.5811,0.58119,0.58032,0.58079,2035,0,0
2025-10-01 14:00:00,0.58079,0.58178,0.58075,0.58138,2028,0,0
2025-10-01 15:00:00,0.58138,0.58284,0.58062,0.58253,6051,0,0
2025-10-01 16:00:00,0.58253,0.58312,0.58199,0.58261,4318,0,0
2025-10-01 17:00:00,0.58245,0.58301,0.58136,0.58182,5197,0,0
2025-10-01 18:00:00,0.58182,0.58197,0.5808,0.58097,3711,0,0
2025-10-01 19:00:00,0.58097,0.58142,0.58082,0.58138,2311,0,0
2025-10-01 20:00:00,0.58139,0.58169,0.58113,0.58118,1539,0,0
2025-10-01 21:00:00,0.5812,0.58203,0.58114,0.58179,1956,0,0
2025-10-01 22:00:00,0.5818,0.58193,0.58145,0.58165,1381,0,0
2025-10-01 23:00:00,0.58165,0.58167,0.58127,0.58166,961,0,0
2025-10-02 00:00:00,0.5816,0.5816,0.57971,0.58136,1249,19,0
2025-10-02 01:00:00,0.58136,0.58193,0.58136,0.58179,682,0,0
2025-10-02 02:00:00,0.5818,0.58215,0.58175,0.58211,978,0,0
2025-10-02 03:00:00,0.58211,0.58211,0.58118,0.58153,2017,0,0
2025-10-02 04:00:00,0.58153,0.58344,0.58128,0.58343,2164,0,0
2025-10-02 05:00:00,0.58343,0.58358,0.58277,0.58293,1541,0,0
2025-10-02 06:00:00,0.58294,0.58298,0.5824,0.58275,1444,0,0
2025-10-02 07:00:00,0.58275,0.58301,0.58242,0.58297,1279,0,0
2025-10-02 08:00:00,0.58297,0.58346,0.58297,0.58326,1833,0,0
2025-10-02 09:00:00,0.58329,0.5839,0.58322,0.58368,2379,0,0
2025-10-02 10:00:00,0.58369,0.5843,0.5836,0.58399,2161,0,0
2025-10-02 11:00:00,0.58399,0.58415,0.5836,0.58393,2159,0,0
2025-10-02 12:00:00,0.58394,0.58404,0.58347,0.58365,2007,0,0
2025-10-02 13:00:00,0.58365,0.58365,0.58296,0.5832,1695,0,0
2025-10-02 14:00:00,0.58318,0.58321,0.58252,0.58263,2111,0,0
2025-10-02 15:00:00,0.58263,0.58294,0.58194,0.5822,2453,0,0
2025-10-02 16:00:00,0.5822,0.58264,0.58084,0.58114,3511,0,0
2025-10-02 17:00:00,0.58114,0.5815,0.58064,0.58088,3640,0,0
2025-10-02 18:00:00,0.58088,0.58116,0.58029,0.58114,3161,0,0
2025-10-02 19:00:00,0.58113,0.58192,0.58097,0.58189,2250,0,0
2025-10-02 20:00:00,0.58185,0.58202,0.58158,0.58175,1868,0,0
2025-10-02 21:00:00,0.58174,0.58208,0.5817,0.58204,1366,0,0
2025-10-02 22:00:00,0.58204,0.58217,0.58166,0.58175,1172,0,0
2025-10-02 23:00:00,0.58175,0.582,0.58154,0.58167,923,0,0
2025-10-03 00:00:00,0.58131,0.58165,0.58048,0.58164,364,26,0
2025-10-03 01:00:00,0.58164,0.58182,0.58154,0.58167,834,0,0
2025-10-03 02:00:00,0.58166,0.58191,0.58163,0.58191,850,0,0
2025-10-03 03:00:00,0.5819,0.58223,0.58164,0.58204,1713,0,0
2025-10-03 04:00:00,0.58204,0.58252,0.58156,0.58242,2320,0,0
2025-10-03 05:00:00,0.58243,0.58247,0.58172,0.58185,1654,0,0
2025-10-03 06:00:00,0.58185,0.58215,0.58178,0.58193,1677,0,0
2025-10-03 07:00:00,0.58194,0.58226,0.58136,0.58146,1297,0,0
2025-10-03 08:00:00,0.58146,0.58213,0.58137,0.58183,2082,0,0
2025-10-03 09:00:00,0.58183,0.58274,0.5818,0.58191,1859,0,0
2025-10-03 10:00:00,0.58191,0.58315,0.58191,0.58305,1832,0,0
2025-10-03 11:00:00,0.58306,0.58338,0.58295,0.58319,1972,0,0
2025-10-03 12:00:00,0.58318,0.58345,0.58253,0.5834,1578,0,0
2025-10-03 13:00:00,0.5834,0.58349,0.5831,0.58326,1298,0,0
2025-10-03 14:00:00,0.58326,0.58364,0.58294,0.58339,1862,0,0
2025-10-03 15:00:00,0.5834,0.58361,0.58292,0.58339,2460,0,0
2025-10-03 16:00:00,0.58339,0.58345,0.5825,0.58264,3187,0,0
2025-10-03 17:00:00,0.58271,0.58338,0.58245,0.58282,4671,0,0
2025-10-03 18:00:00,0.58282,0.58383,0.58261,0.58368,2508,0,0
2025-10-03 19:00:00,0.58367,0.58376,0.58324,0.58334,1810,0,0
2025-10-03 20:00:00,0.58334,0.58354,0.58266,0.58297,1862,0,0
2025-10-03 21:00:00,0.58297,0.5833,0.58257,0.58324,1562,0,0
2025-10-03 22:00:00,0.58324,0.58351,0.5832,0.58335,1230,0,0
2025-10-03 23:00:00,0.58335,0.5835,0.5827,0.58273,848,0,0
2025-10-06 00:00:00,0.58106,0.58183,0.57978,0.58167,637,80,0
2025-10-06 01:00:00,0.58167,0.58199,0.58146,0.58177,2006,0,0
2025-10-06 02:00:00,0.58177,0.58254,0.58157,0.58235,1985,0,0
2025-10-06 03:00:00,0.5824,0.58285,0.5821,0.58283,2626,0,0
2025-10-06 04:00:00,0.58286,0.58339,0.58237,0.58335,2341,0,0
2025-10-06 05:00:00,0.58335,0.58389,0.58316,0.58369,1869,0,0
2025-10-06 06:00:00,0.58369,0.58403,0.58342,0.58352,1756,0,0
2025-10-06 07:00:00,0.58352,0.58372,0.58302,0.58307,2043,0,0
2025-10-06 08:00:00,0.58307,0.58327,0.58287,0.5831,1937,0,0
2025-10-06 09:00:00,0.58311,0.58349,0.58265,0.58344,2542,0,0
2025-10-06 10:00:00,0.58344,0.58398,0.58258,0.58275,4047,0,0
2025-10-06 11:00:00,0.58275,0.58296,0.58167,0.58205,3338,0,0
2025-10-06 12:00:00,0.58205,0.5821,0.58114,0.58158,2207,0,0
2025-10-06 13:00:00,0.58158,0.58175,0.58104,0.58158,1999,0,0
2025-10-06 14:00:00,0.58158,0.58216,0.58122,0.582,2410,0,0
2025-10-06 15:00:00,0.582,0.58315,0.58184,0.58315,3396,0,0
2025-10-06 16:00:00,0.58316,0.58398,0.58279,0.58371,3171,0,0
2025-10-06 17:00:00,0.58371,0.58419,0.5836,0.58383,2922,0,0
2025-10-06 18:00:00,0.58382,0.58408,0.58351,0.58371,2317,0,0
2025-10-06 19:00:00,0.58372,0.58395,0.58341,0.58395,1768,0,0
2025-10-06 20:00:00,0.58395,0.58421,0.58387,0.58399,1440,0,0
2025-10-06 21:00:00,0.58398,0.58428,0.58394,0.58409,1304,0,0
2025-10-06 22:00:00,0.58408,0.58452,0.58403,0.58417,1091,0,0
2025-10-06 23:00:00,0.58417,0.58438,0.58403,0.58418,757,0,0
2025-10-07 00:00:00,0.58412,0.58412,0.58074,0.58376,628,37,0
2025-10-07 01:00:00,0.58376,0.58408,0.58371,0.58391,1662,0,0
2025-10-07 02:00:00,0.58391,0.58424,0.58372,0.58403,1247,0,0
2025-10-07 03:00:00,0.58406,0.58415,0.58287,0.58298,1991,0,0
2025-10-07 04:00:00,0.58294,0.58353,0.58237,0.58321,1877,0,0
2025-10-07 05:00:00,0.5832,0.58382,0.58317,0.58333,1561,0,0
2025-10-07 06:00:00,0.58333,0.58369,0.58297,0.5831,1566,0,0
2025-10-07 07:00:00,0.5831,0.58322,0.5825,0.58266,1431,0,0
2025-10-07 08:00:00,0.58266,0.58271,0.58192,0.58206,1912,0,0
2025-10-07 09:00:00,0.58206,0.58208,0.58123,0.58171,2129,0,0
2025-10-07 10:00:00,0.5817,0.58171,0.58049,0.58068,2443,0,0
2025-10-07 11:00:00,0.58068,0.58105,0.58055,0.58077,1994,0,0
2025-10-07 12:00:00,0.58077,0.58134,0.58063,0.58132,1596,0,0
2025-10-07 13:00:00,0.58133,0.58134,0.581,0.58102,1355,0,0
2025-10-07 14:00:00,0.58102,0.5811,0.58029,0.58053,2044,0,0
2025-10-07 15:00:00,0.58053,0.58087,0.58012,0.58079,2590,0,0
2025-10-07 16:00:00,0.58079,0.58166,0.5806,0.58108,3335,0,0
2025-10-07 17:00:00,0.58108,0.5812,0.58048,0.58071,3139,0,0
2025-10-07 18:00:00,0.58071,0.58107,0.58041,0.58048,3733,0,0
2025-10-07 19:00:00,0.58049,0.58092,0.58028,0.58046,2913,0,0
2025-10-07 20:00:00,0.58046,0.58092,0.58035,0.58042,2245,0,0
2025-10-07 21:00:00,0.58042,0.58046,0.5798,0.57995,1917,0,0
2025-10-07 22:00:00,0.57995,0.57997,0.57937,0.57967,1516,0,0
2025-10-07 23:00:00,0.57967,0.57993,0.57963,0.5799,949,0,0
2025-10-08 00:00:00,0.57988,0.57988,0.57916,0.57983,401,11,0
2025-10-08 01:00:00,0.57983,0.58019,0.57981,0.58008,948,0,0
2025-10-08 02:00:00,0.58008,0.58013,0.57966,0.57973,1280,0,0
2025-10-08 03:00:00,0.57973,0.57992,0.57917,0.57942,2351,0,0
2025-10-08 04:00:00,0.5794,0.5794,0.57386,0.57511,5823,0,0
2025-10-08 05:00:00,0.57513,0.57514,0.57412,0.57477,2932,0,0
2025-10-08 06:00:00,0.57478,0.57496,0.57394,0.57492,2040,0,0
2025-10-08 07:00:00,0.57493,0.57506,0.57407,0.5744,1922,0,0
2025-10-08 08:00:00,0.5744,0.5746,0.57385,0.57406,1881,0,0
2025-10-08 09:00:00,0.57407,0.57469,0.57368,0.57413,2696,0,0
2025-10-08 10:00:00,0.57413,0.57578,0.57404,0.57513,2977,0,0
2025-10-08 11:00:00,0.57513,0.57664,0.57504,0.5757,2530,0,0
2025-10-08 12:00:00,0.57572,0.57687,0.57568,0.57614,2473,0,0
2025-10-08 13:00:00,0.57614,0.57756,0.57604,0.57737,2178,0,0
2025-10-08 14:00:00,0.57738,0.5778,0.57715,0.57774,2101,0,0
2025-10-08 15:00:00,0.57771,0.57814,0.57745,0.5779,2563,0,0
2025-10-08 16:00:00,0.5779,0.57873,0.57749,0.57754,3359,0,0
2025-10-08 17:00:00,0.57755,0.57831,0.57735,0.57824,3519,0,0
2025-10-08 18:00:00,0.57824,0.57837,0.5776,0.5777,2826,0,0
2025-10-08 19:00:00,0.57769,0.57774,0.57725,0.57773,2124,0,0
2025-10-08 20:00:00,0.57772,0.57794,0.57742,0.5776,1615,0,0
2025-10-08 21:00:00,0.57759,0.57829,0.57743,0.57819,2724,0,0
2025-10-08 22:00:00,0.5782,0.57857,0.5782,0.57849,1340,0,0
2025-10-08 23:00:00,0.5785,0.57872,0.57838,0.57869,782,0,0
2025-10-09 00:00:00,0.57867,0.57867,0.57757,0.57818,545,11,0
2025-10-09 01:00:00,0.57818,0.57891,0.57815,0.57881,747,0,0
2025-10-09 02:00:00,0.57881,0.57881,0.57818,0.57836,996,0,0
2025-10-09 03:00:00,0.57835,0.57935,0.57832,0.57914,1549,0,0
2025-10-09 04:00:00,0.57914,0.58003,0.57913,0.57928,2380,0,0
2025-10-09 05:00:00,0.57928,0.58055,0.57894,0.58046,1392,0,0
2025-10-09 06:00:00,0.58046,0.58051,0.57976,0.58001,1158,0,0
2025-10-09 07:00:00,0.58001,0.58064,0.57996,0.58037,897,0,0
2025-10-09 08:00:00,0.58037,0.58063,0.57952,0.57953,1241,0,0
2025-10-09 09:00:00,0.57952,0.57969,0.5764,0.57691,3262,0,0
2025-10-09 10:00:00,0.57691,0.5777,0.57647,0.57705,3092,0,0
2025-10-09 11:00:00,0.57705,0.57707,0.57603,0.5768,2848,0,0
2025-10-09 12:00:00,0.57681,0.57802,0.5768,0.57791,2643,0,0
2025-10-09 13:00:00,0.57791,0.57824,0.57754,0.57797,1494,0,0
2025-10-09 14:00:00,0.57797,0.57829,0.57722,0.57796,2035,0,0
2025-10-09 15:00:00,0.57795,0.57866,0.57763,0.57815,3050,0,0
2025-10-09 16:00:00,0.57815,0.57871,0.57618,0.57665,5323,0,0
2025-10-09 17:00:00,0.57666,0.57666,0.57473,0.57509,5259,0,0
2025-10-09 18:00:00,0.57508,0.57518,0.57378,0.57439,4565,0,0
2025-10-09 19:00:00,0.5744,0.57482,0.57385,0.57409,3226,0,0
2025-10-09 20:00:00,0.57405,0.57454,0.57387,0.57448,2992,0,0
2025-10-09 21:00:00,0.57448,0.57453,0.57338,0.57376,1546,0,0
2025-10-09 22:00:00,0.57378,0.57441,0.57376,0.57433,1282,0,0
2025-10-09 23:00:00,0.57432,0.57477,0.57431,0.57444,892,0,0
2025-10-10 00:00:00,0.57446,0.57454,0.57386,0.57442,446,19,0
2025-10-10 01:00:00,0.57411,0.57491,0.57409,0.57474,714,0,0
2025-10-10 02:00:00,0.57474,0.57524,0.57425,0.5752,1270,0,0
2025-10-10 03:00:00,0.5752,0.57534,0.57456,0.57531,1767,0,0
2025-10-10 04:00:00,0.57532,0.57573,0.57514,0.57515,2142,0,0
2025-10-10 05:00:00,0.57515,0.57565,0.575,0.57541,1432,0,0
2025-10-10 06:00:00,0.57541,0.57572,0.5753,0.57568,1293,0,0
2025-10-10 07:00:00,0.57568,0.57582,0.57518,0.57553,1060,0,0
2025-10-10 08:00:00,0.57553,0.57584,0.57535,0.57536,1273,0,0
2025-10-10 09:00:00,0.57534,0.57556,0.57412,0.57484,2997,0,0
2025-10-10 10:00:00,0.57483,0.57519,0.57399,0.57506,3158,0,0
2025-10-10 11:00:00,0.57506,0.57584,0.57486,0.57561,2880,0,0
2025-10-10 12:00:00,0.57561,0.5757,0.57488,0.57498,2235,0,0
2025-10-10 13:00:00,0.57499,0.57546,0.57473,0.57485,2177,0,0
2025-10-10 14:00:00,0.57485,0.57513,0.57473,0.57494,2147,0,0
2025-10-10 15:00:00,0.57494,0.57561,0.57485,0.57521,2817,0,0
2025-10-10 16:00:00,0.57521,0.57527,0.57453,0.57494,3512,0,0
2025-10-10 17:00:00,0.57482,0.57515,0.5738,0.57394,4245,0,0
2025-10-10 18:00:00,0.57394,0.57412,0.57231,0.57318,9157,0,0
2025-10-10 19:00:00,0.57318,0.5733,0.572,0.5722,4586,0,0
2025-10-10 20:00:00,0.5722,0.57245,0.57169,0.57224,2631,0,0
2025-10-10 21:00:00,0.57224,0.57279,0.57205,0.57226,1699,0,0
2025-10-10 22:00:00,0.57226,0.57281,0.57216,0.5724,1575,0,0
2025-10-10 23:00:00,0.5724,0.57269,0.57149,0.57168,1805,0,0
2025-10-13 00:00:00,0.57325,0.57386,0.57187,0.57303,1270,40,0
2025-10-13 01:00:00,0.57303,0.57445,0.57288,0.57332,2647,0,0
2025-10-13 02:00:00,0.57333,0.57344,0.57254,0.57258,2103,0,0
2025-10-13 03:00:00,0.57258,0.57372,0.5722,0.57349,3191,0,0
2025-10-13 04:00:00,0.57351,0.5745,0.57338,0.57408,3178,0,0
2025-10-13 05:00:00,0.57408,0.57452,0.5738,0.57389,1880,0,0
2025-10-13 06:00:00,0.57388,0.57429,0.57316,0.5735,1391,0,0
2025-10-13 07:00:00,0.5735,0.57399,0.57339,0.57386,1276,0,0
2025-10-13 08:00:00,0.57386,0.57401,0.57357,0.57367,1892,0,0
2025-10-13 09:00:00,0.57367,0.57416,0.57324,0.57334,3100,0,0
2025-10-13 10:00:00,0.57334,0.57407,0.57293,0.57359,4045,0,0
2025-10-13 11:00:00,0.57359,0.57385,0.57244,0.57311,3222,0,0
2025-10-13 12:00:00,0.57311,0.57365,0.5731,0.57338,2019,0,0
2025-10-13 13:00:00,0.57337,0.5734,0.57283,0.57307,1921,0,0
2025-10-13 14:00:00,0.57307,0.57343,0.57192,0.57206,3408,0,0
2025-10-13 15:00:00,0.57207,0.57257,0.57187,0.57215,2975,0,0
2025-10-13 16:00:00,0.57215,0.57318,0.5721,0.57314,3735,0,0
2025-10-13 17:00:00,0.57313,0.57317,0.57191,0.57254,3974,0,0
2025-10-13 18:00:00,0.57253,0.57337,0.57245,0.57316,2624,0,0
2025-10-13 19:00:00,0.57316,0.57361,0.57288,0.57345,1723,0,0
2025-10-13 20:00:00,0.57345,0.57354,0.57304,0.5732,1159,0,0
2025-10-13 21:00:00,0.5732,0.57355,0.57272,0.5729,1019,0,0
2025-10-13 22:00:00,0.5729,0.57309,0.57269,0.57269,720,0,0
2025-10-13 23:00:00,0.57269,0.5728,0.57251,0.57254,418,0,0
2025-10-14 00:00:00,0.57247,0.57266,0.57211,0.57224,421,13,0
2025-10-14 01:00:00,0.57224,0.57287,0.57224,0.57261,662,0,0
2025-10-14 02:00:00,0.57261,0.57268,0.57159,0.57172,1123,0,0
2025-10-14 03:00:00,0.57169,0.57247,0.57143,0.57225,2127,0,0
2025-10-14 04:00:00,0.57226,0.57266,0.572,0.57224,2203,0,0
2025-10-14 05:00:00,0.57224,0.5725,0.57175,0.57176,1143,0,0
2025-10-14 06:00:00,0.57176,0.57191,0.57069,0.57111,1681,0,0
2025-10-14 07:00:00,0.57111,0.57125,0.57031,0.57073,2690,0,0
2025-10-14 08:00:00,0.57074,0.57074,0.56955,0.56998,2566,0,0
2025-10-14 09:00:00,0.56996,0.57004,0.56884,0.56946,3550,0,0
2025-10-14 10:00:00,0.56946,0.56959,0.5685,0.56896,4271,0,0
2025-10-14 11:00:00,0.56895,0.56961,0.56886,0.56909,2772,0,0
2025-10-14 12:00:00,0.56908,0.56925,0.56851,0.5686,2423,0,0
2025-10-14 13:00:00,0.56858,0.56872,0.56827,0.56871,2370,0,0
2025-10-14 14:00:00,0.56871,0.56914,0.56844,0.56883,2154,0,0
2025-10-14 15:00:00,0.56883,0.56939,0.56873,0.56918,3125,0,0
2025-10-14 16:00:00,0.56918,0.57005,0.56911,0.5698,4453,0,0
2025-10-14 17:00:00,0.56979,0.57135,0.56979,0.57121,4229,0,0
2025-10-14 18:00:00,0.57121,0.57195,0.57085,0.57174,3585,0,0
2025-10-14 19:00:00,0.57174,0.5724,0.57126,0.57192,3356,0,0
2025-10-14 20:00:00,0.57191,0.57199,0.57147,0.57185,2269,0,0
2025-10-14 21:00:00,0.57185,0.57195,0.57159,0.57169,1377,0,0
2025-10-14 22:00:00,0.57169,0.57187,0.57102,0.57122,2279,0,0
2025-10-14 23:00:00,0.57122,0.5715,0.57081,0.57149,574,0,0
2025-10-15 00:00:00,0.57128,0.5716,0.57055,0.57132,271,26,0
2025-10-15 01:00:00,0.57132,0.5718,0.57132,0.57145,873,0,0
2025-10-15 02:00:00,0.57145,0.57166,0.57121,0.57122,978,0,0
2025-10-15 03:00:00,0.5712,0.57136,0.57056,0.57116,1825,0,0
2025-10-15 04:00:00,0.57116,0.57218,0.57105,0.57195,2380,0,0
2025-10-15 05:00:00,0.57196,0.57276,0.5719,0.57194,1729,0,0
2025-10-15 06:00:00,0.57194,0.57247,0.57184,0.5722,1312,0,0
2025-10-15 07:00:00,0.5722,0.57229,0.57182,0.57205,1006,0,0
2025-10-15 08:00:00,0.57208,0.57224,0.57171,0.57172,1116,0,0
2025-10-15 09:00:00,0.57173,0.573,0.57151,0.57276,2502,0,0
2025-10-15 10:00:00,0.57276,0.57319,0.57222,0.57225,2657,0,0
2025-10-15 11:00:00,0.57225,0.57289,0.57223,0.57266,2593,0,0
2025-10-15 12:00:00,0.57264,0.57291,0.57214,0.57289,2299,0,0
2025-10-15 13:00:00,0.57289,0.57297,0.57238,0.57286,1871,0,0
2025-10-15 14:00:00,0.57286,0.57303,0.57227,0.57235,1712,0,0
2025-10-15 15:00:00,0.57235,0.57264,0.5716,0.57172,3218,0,0
2025-10-15 16:00:00,0.57172,0.57231,0.57139,0.57214,4029,0,0
2025-10-15 17:00:00,0.57214,0.57241,0.57162,0.57234,3032,0,0
2025-10-15 18:00:00,0.57233,0.57305,0.57203,0.57227,3387,0,0
2025-10-15 19:00:00,0.57227,0.57231,0.57184,0.57211,2459,0,0
2025-10-15 20:00:00,0.57211,0.57211,0.57057,0.5712,3568,0,0
2025-10-15 21:00:00,0.57119,0.5719,0.57119,0.57185,1298,0,0
2025-10-15 22:00:00,0.57185,0.57215,0.57184,0.57215,862,0,0
2025-10-15 23:00:00,0.57214,0.57242,0.5721,0.5724,698,0,0
2025-10-16 00:00:00,0.57234,0.57235,0.57042,0.57169,567,13,0
2025-10-16 01:00:00,0.57169,0.57228,0.57169,0.5721,964,0,0
2025-10-16 02:00:00,0.5721,0.57218,0.57116,0.57154,998,0,0
2025-10-16 03:00:00,0.57154,0.57338,0.57132,0.57295,3300,0,0
2025-10-16 04:00:00,0.57295,0.57557,0.57289,0.57495,3026,0,0
2025-10-16 05:00:00,0.57495,0.57546,0.57451,0.5747,1927,0,0
2025-10-16 06:00:00,0.5747,0.57481,0.57398,0.57408,1411,0,0
2025-10-16 07:00:00,0.57408,0.57451,0.57398,0.57439,943,0,0
2025-10-16 08:00:00,0.57439,0.57466,0.57403,0.57419,1429,0,0
2025-10-16 09:00:00,0.57418,0.57496,0.57403,0.57421,2251,0,0
2025-10-16 10:00:00,0.57421,0.5744,0.5734,0.57383,2974,0,0
2025-10-16 11:00:00,0.57383,0.57456,0.57367,0.57376,2354,0,0
2025-10-16 12:00:00,0.57376,0.57383,0.57314,0.57375,1667,0,0
2025-10-16 13:00:00,0.57376,0.57402,0.57361,0.57374,1528,0,0
2025-10-16 14:00:00,0.57374,0.57402,0.57345,0.57395,2103,0,0
2025-10-16 15:00:00,0.57396,0.5741,0.57341,0.57379,3131,0,0
2025-10-16 16:00:00,0.57382,0.57387,0.57233,0.57234,3743,0,0
2025-10-16 17:00:00,0.57234,0.57406,0.57231,0.57397,3839,0,0
2025-10-16 18:00:00,0.57397,0.57398,0.57298,0.57305,3421,0,0
2025-10-16 19:00:00,0.57305,0.57364,0.57236,0.57314,4285,0,0
2025-10-16 20:00:00,0.57314,0.5737,0.57273,0.57297,3120,0,0
2025-10-16 21:00:00,0.57297,0.5731,0.57183,0.57259,2791,0,0
2025-10-16 22:00:00,0.5726,0.57263,0.57217,0.57246,2108,0,0
2025-10-16 23:00:00,0.57246,0.57258,0.57225,0.57246,816,0,0
2025-10-17 00:00:00,0.57242,0.57266,0.57186,0.57235,275,0,0
2025-10-17 01:00:00,0.57231,0.57291,0.57215,0.57265,790,0,0
2025-10-17 02:00:00,0.57265,0.57275,0.57224,0.57263,794,0,0
2025-10-17 03:00:00,0.57263,0.57307,0.57227,0.57279,1771,0,0
2025-10-17 04:00:00,0.57279,0.57351,0.57192,0.572,2084,0,0
2025-10-17 05:00:00,0.572,0.57265,0.57159,0.5722,1890,0,0
2025-10-17 06:00:00,0.57221,0.57292,0.57211,0.5727,1367,0,0
2025-10-17 07:00:00,0.57271,0.57359,0.57271,0.57329,1296,0,0
2025-10-17 08:00:00,0.57329,0.5736,0.57303,0.57352,1623,0,0
2025-10-17 09:00:00,0.57352,0.57372,0.57308,0.57331,2707,0,0
2025-10-17 10:00:00,0.57329,0.57329,0.5713,0.57205,4721,0,0
2025-10-17 11:00:00,0.57207,0.57231,0.57142,0.57201,3276,0,0
2025-10-17 12:00:00,0.57201,0.57277,0.57195,0.57275,2502,0,0
2025-10-17 13:00:00,0.57275,0.57329,0.57233,0.57319,2403,0,0
2025-10-17 14:00:00,0.57319,0.57432,0.57272,0.57294,4140,0,0
2025-10-17 15:00:00,0.57294,0.57327,0.57117,0.57169,3977,0,0
2025-10-17 16:00:00,0.57169,0.57198,0.57124,0.57156,4171,0,0
2025-10-17 17:00:00,0.57155,0.57192,0.57121,0.57178,4520,0,0
2025-10-17 18:00:00,0.57178,0.57221,0.57134,0.57209,3889,0,0
2025-10-17 19:00:00,0.57209,0.57267,0.57203,0.57231,2623,0,0
2025-10-17 20:00:00,0.57231,0.57286,0.57208,0.57259,2280,0,0
2025-10-17 21:00:00,0.5726,0.57347,0.57253,0.57332,1559,0,0
2025-10-17 22:00:00,0.57332,0.57386,0.57332,0.57382,1287,0,0
2025-10-17 23:00:00,0.57383,0.57385,0.57232,0.5724,912,0,0
2025-10-20 00:00:00,0.57205,0.57309,0.5717,0.57195,899,30,0
2025-10-20 01:00:00,0.57195,0.57346,0.5719,0.57344,954,0,0
2025-10-20 02:00:00,0.57344,0.57344,0.57294,0.57309,744,0,0
2025-10-20 03:00:00,0.57309,0.5737,0.57283,0.57365,1968,0,0
2025-10-20 04:00:00,0.57365,0.57434,0.57327,0.5735,1916,0,0
2025-10-20 05:00:00,0.57351,0.57431,0.57345,0.57366,1325,0,0
2025-10-20 06:00:00,0.57366,0.57397,0.57349,0.57367,1056,0,0
2025-10-20 07:00:00,0.57368,0.57382,0.57337,0.57359,1148,0,0
2025-10-20 08:00:00,0.57359,0.57428,0.57349,0.57399,1235,0,0
2025-10-20 09:00:00,0.57398,0.57398,0.57306,0.57337,2305,0,0
2025-10-20 10:00:00,0.57337,0.57377,0.57292,0.57331,2337,0,0
2025-10-20 11:00:00,0.57332,0.574,0.57313,0.57387,2252,0,0
2025-10-20 12:00:00,0.57387,0.57396,0.573,0.57311,2223,0,0
2025-10-20 13:00:00,0.5731,0.57321,0.5727,0.57284,2105,0,0
2025-10-20 14:00:00,0.57284,0.57307,0.57254,0.57294,1930,0,0
2025-10-20 15:00:00,0.57294,0.57342,0.5727,0.57328,2441,0,0
2025-10-20 16:00:00,0.5733,0.57404,0.57304,0.57368,2946,0,0
2025-10-20 17:00:00,0.57369,0.57475,0.57363,0.5743,2804,0,0
2025-10-20 18:00:00,0.5743,0.57532,0.57419,0.57498,2326,0,0
2025-10-20 19:00:00,0.57498,0.5752,0.57475,0.57485,1703,0,0
2025-10-20 20:00:00,0.57484,0.57507,0.57461,0.57466,1041,0,0
2025-10-20 21:00:00,0.57468,0.57478,0.5745,0.57462,835,0,0
2025-10-20 22:00:00,0.57462,0.57486,0.57447,0.57449,627,0,0
2025-10-20 23:00:00,0.57449,0.5745,0.57431,0.57438,519,0,0
2025-10-21 00:00:00,0.57435,0.57469,0.57338,0.574,410,17,0
2025-10-21 01:00:00,0.574,0.57474,0.574,0.57461,557,0,0
2025-10-21 02:00:00,0.57461,0.57467,0.57419,0.57434,667,0,0
2025-10-21 03:00:00,0.57434,0.57522,0.57423,0.57506,1574,0,0
2025-10-21 04:00:00,0.57506,0.57507,0.57399,0.57411,1791,0,0
2025-10-21 05:00:00,0.57413,0.57426,0.57321,0.5733,1661,0,0
2025-10-21 06:00:00,0.5733,0.57355,0.57293,0.57309,1299,0,0
2025-10-21 07:00:00,0.57309,0.57309,0.57257,0.57297,1538,0,0
2025-10-21 08:00:00,0.57297,0.57306,0.57178,0.57195,2088,0,0
2025-10-21 09:00:00,0.57195,0.57244,0.57154,0.57227,2584,0,0
2025-10-21 10:00:00,0.57227,0.57252,0.57158,0.57169,3046,0,0
2025-10-21 11:00:00,0.57169,0.57176,0.57098,0.57157,3307,0,0
2025-10-21 12:00:00,0.57156,0.57207,0.57132,0.57153,2442,0,0
2025-10-21 13:00:00,0.57154,0.57177,0.57112,0.57166,2467,0,0
2025-10-21 14:00:00,0.57166,0.57257,0.57164,0.57229,2254,0,0
2025-10-21 15:00:00,0.5723,0.57297,0.57209,0.57295,3098,0,0
2025-10-21 16:00:00,0.57295,0.57306,0.57194,0.57224,3745,0,0
2025-10-21 17:00:00,0.57224,0.57372,0.57205,0.5736,3999,0,0
2025-10-21 18:00:00,0.5736,0.57466,0.57359,0.57454,2725,0,0
2025-10-21 19:00:00,0.57454,0.57499,0.57403,0.57425,2367,0,0
2025-10-21 20:00:00,0.57425,0.57442,0.57388,0.57435,1676,0,0
2025-10-21 21:00:00,0.57435,0.57454,0.57417,0.57438,883,0,0
2025-10-21 22:00:00,0.57438,0.5747,0.57421,0.57449,714,0,0
2025-10-21 23:00:00,0.57449,0.57449,0.57402,0.57407,536,0,0
2025-10-22 00:00:00,0.57408,0.57408,0.57196,0.57351,272,12,0
2025-10-22 01:00:00,0.57344,0.57433,0.57327,0.57414,554,0,0
2025-10-22 02:00:00,0.57414,0.57436,0.57394,0.57418,682,0,0
2025-10-22 03:00:00,0.57418,0.57471,0.57408,0.57413,2440,0,0
2025-10-22 04:00:00,0.57411,0.5745,0.57386,0.57421,1829,0,0
2025-10-22 05:00:00,0.57422,0.575,0.57422,0.5747,1253,0,0
2025-10-22 06:00:00,0.57471,0.575,0.57448,0.57476,1247,0,0
2025-10-22 07:00:00,0.57476,0.57519,0.57475,0.57518,1078,0,0
2025-10-22 08:00:00,0.57518,0.57573,0.57518,0.57559,1170,0,0
2025-10-22 09:00:00,0.57559,0.5761,0.57521,0.57579,2927,0,0
2025-10-22 10:00:00,0.57579,0.57592,0.57497,0.57519,2673,0,0
2025-10-22 11:00:00,0.57519,0.5752,0.57443,0.57476,2817,0,0
2025-10-22 12:00:00,0.57476,0.575,0.57448,0.57461,2048,0,0
2025-10-22 13:00:00,0.57461,0.57476,0.57394,0.57399,1834,0,0
2025-10-22 14:00:00,0.57398,0.57417,0.57379,0.57385,2476,0,0
2025-10-22 15:00:00,0.57385,0.57445,0.57384,0.57423,2848,0,0
2025-10-22 16:00:00,0.57423,0.57463,0.57403,0.57438,2980,0,0
2025-10-22 17:00:00,0.57438,0.57479,0.57378,0.57425,3476,0,0
2025-10-22 18:00:00,0.57425,0.57521,0.57423,0.57509,3128,0,0
2025-10-22 19:00:00,0.57509,0.57509,0.57404,0.57481,3703,0,0
2025-10-22 20:00:00,0.57481,0.57485,0.57354,0.57369,2394,0,0
2025-10-22 21:00:00,0.57369,0.57411,0.57349,0.57379,1771,0,0
2025-10-22 22:00:00,0.57379,0.5741,0.57364,0.57405,1345,0,0
2025-10-22 23:00:00,0.57404,0.57411,0.57382,0.57384,486,0,0
2025-10-23 00:00:00,0.57378,0.57402,0.57311,0.57371,438,26,0
2025-10-23 01:00:00,0.57371,0.57422,0.57363,0.57384,646,0,0
2025-10-23 02:00:00,0.57384,0.57386,0.57356,0.57362,773,0,0
2025-10-23 03:00:00,0.57362,0.57408,0.57335,0.57407,1690,0,0
2025-10-23 04:00:00,0.57407,0.57426,0.57343,0.57343,1862,0,0
2025-10-23 05:00:00,0.57343,0.5735,0.57298,0.57316,1400,0,0
2025-10-23 06:00:00,0.57316,0.57351,0.57245,0.57253,1165,0,0
2025-10-23 07:00:00,0.57253,0.57312,0.57253,0.57306,909,0,0
2025-10-23 08:00:00,0.57306,0.57353,0.57285,0.57338,1061,0,0
2025-10-23 09:00:00,0.57339,0.57423,0.57339,0.57403,2256,0,0
2025-10-23 10:00:00,0.57403,0.57476,0.57403,0.57466,2207,0,0
2025-10-23 11:00:00,0.57466,0.57515,0.5745,0.57451,1989,0,0
2025-10-23 12:00:00,0.57451,0.57503,0.5745,0.57484,1795,0,0
2025-10-23 13:00:00,0.57484,0.57495,0.57417,0.57427,1796,0,0
2025-10-23 14:00:00,0.57427,0.57439,0.57404,0.57415,1664,0,0
2025-10-23 15:00:00,0.57415,0.57487,0.57388,0.57446,2136,0,0
2025-10-23 16:00:00,0.57445,0.57499,0.57441,0.57468,2708,0,0
2025-10-23 17:00:00,0.57468,0.5754,0.57456,0.5751,2759,0,0
2025-10-23 18:00:00,0.57511,0.57526,0.57451,0.57496,2220,0,0
2025-10-23 19:00:00,0.57497,0.57516,0.57474,0.57476,1272,0,0
2025-10-23 20:00:00,0.57476,0.57545,0.57442,0.57541,1384,0,0
2025-10-23 21:00:00,0.57543,0.57545,0.57518,0.57542,517,0,0
2025-10-23 22:00:00,0.57542,0.57553,0.57524,0.57525,513,0,0
2025-10-23 23:00:00,0.57525,0.57531,0.57509,0.57522,452,0,0
2025-10-24 00:00:00,0.57489,0.57511,0.57449,0.575,484,27,0
2025-10-24 01:00:00,0.57489,0.5756,0.57489,0.57525,692,0,0
2025-10-24 02:00:00,0.57525,0.57566,0.57525,0.57549,504,0,0
2025-10-24 03:00:00,0.5755,0.5759,0.57533,0.57563,1390,0,0
2025-10-24 04:00:00,0.57563,0.57577,0.57473,0.57503,1675,0,0
2025-10-24 05:00:00,0.57503,0.57549,0.57451,0.57454,1630,0,0
2025-10-24 06:00:00,0.57454,0.57532,0.57453,0.57519,1256,0,0
2025-10-24 07:00:00,0.57519,0.57524,0.57473,0.5748,855,0,0
2025-10-24 08:00:00,0.5748,0.57482,0.57435,0.57446,1145,0,0
2025-10-24 09:00:00,0.57446,0.57548,0.57432,0.57548,2050,0,0
2025-10-24 10:00:00,0.57548,0.57569,0.57498,0.57506,2478,0,0
2025-10-24 11:00:00,0.57507,0.57516,0.57415,0.57437,2475,0,0
2025-10-24 12:00:00,0.57434,0.57443,0.57397,0.57411,1672,0,0
2025-10-24 13:00:00,0.5741,0.5745,0.57409,0.57421,1327,0,0
2025-10-24 14:00:00,0.57421,0.57428,0.57388,0.57425,1572,0,0
2025-10-24 15:00:00,0.57426,0.57723,0.57419,0.57584,4932,0,0
2025-10-24 16:00:00,0.57584,0.57624,0.57468,0.57545,4535,0,0
2025-10-24 17:00:00,0.57547,0.57555,0.57383,0.57391,4048,0,0
2025-10-24 18:00:00,0.57391,0.57482,0.57389,0.57461,2900,0,0
2025-10-24 19:00:00,0.57461,0.5748,0.57428,0.57464,1185,0,0
2025-10-24 20:00:00,0.57464,0.57499,0.57463,0.57469,893,0,0
2025-10-24 21:00:00,0.57469,0.57482,0.57463,0.57468,594,0,0
2025-10-24 22:00:00,0.57468,0.57491,0.57468,0.57484,489,0,0
2025-10-24 23:00:00,0.57484,0.57509,0.57441,0.57461,626,0,0
2025-10-27 00:00:00,0.57728,0.57741,0.57504,0.57707,1071,46,0
2025-10-27 01:00:00,0.57704,0.57712,0.57629,0.57631,1550,0,0
2025-10-27 02:00:00,0.5763,0.57635,0.57588,0.57595,917,0,0
2025-10-27 03:00:00,0.57595,0.57657,0.57584,0.57615,1804,0,0
2025-10-27 04:00:00,0.57615,0.57702,0.576,0.57609,2395,0,0
2025-10-27 05:00:00,0.57609,0.57621,0.57581,0.57611,1420,0,0
2025-10-27 06:00:00,0.57612,0.57636,0.57559,0.57563,1425,0,0
2025-10-27 07:00:00,0.57563,0.57571,0.57534,0.57567,1265,0,0
2025-10-27 08:00:00,0.57568,0.57613,0.57561,0.57608,1267,0,0
2025-10-27 09:00:00,0.57608,0.57709,0.57608,0.57634,2056,0,0
2025-10-27 10:00:00,0.57634,0.57635,0.57518,0.57524,2457,0,0
2025-10-27 11:00:00,0.57523,0.57655,0.57518,0.57592,2812,0,0
2025-10-27 12:00:00,0.57592,0.57671,0.57563,0.57633,2805,0,0
2025-10-27 13:00:00,0.57632,0.57637,0.57599,0.57621,2113,0,0
2025-10-27 14:00:00,0.57621,0.57676,0.57602,0.57662,2050,0,0
2025-10-27 15:00:00,0.57662,0.57682,0.57612,0.5764,2337,0,0
2025-10-27 16:00:00,0.5764,0.57686,0.57556,0.5758,2614,0,0
2025-10-27 17:00:00,0.5758,0.57623,0.5756,0.57597,2384,0,0
2025-10-27 18:00:00,0.57596,0.57645,0.57552,0.57612,2345,0,0
2025-10-27 19:00:00,0.57612,0.57663,0.57604,0.57655,1448,0,0
2025-10-27 20:00:00,0.57655,0.57667,0.5763,0.57641,1200,0,0
2025-10-27 21:00:00,0.57639,0.5771,0.57635,0.57705,878,0,0
2025-10-27 22:00:00,0.57705,0.57712,0.57673,0.57691,688,0,0
2025-10-27 23:00:00,0.57689,0.57741,0.57685,0.57687,566,0,0
2025-10-28 00:00:00,0.57684,0.57701,0.57649,0.57693,624,15,0
2025-10-28 01:00:00,0.57624,0.57746,0.57545,0.57744,618,0,0
2025-10-28 02:00:00,0.57744,0.57782,0.5773,0.57746,728,0,0
2025-10-28 03:00:00,0.57746,0.57803,0.57715,0.57763,1549,0,0
2025-10-28 04:00:00,0.57762,0.57804,0.5772,0.57756,1673,0,0
2025-10-28 05:00:00,0.57757,0.57797,0.57734,0.5774,1430,0,0
2025-10-28 06:00:00,0.57739,0.5778,0.57709,0.57775,1286,0,0
2025-10-28 07:00:00,0.57775,0.57843,0.57775,0.5783,1330,0,0
2025-10-28 08:00:00,0.57828,0.57838,0.57761,0.57781,1377,0,0
2025-10-28 09:00:00,0.57781,0.57783,0.57686,0.57687,1325,0,0
2025-10-28 10:00:00,0.57688,0.57707,0.57655,0.57684,1650,0,0
2025-10-28 11:00:00,0.57684,0.57707,0.57624,0.57632,2553,0,0
2025-10-28 12:00:00,0.57633,0.57726,0.57622,0.57723,1531,0,0
2025-10-28 13:00:00,0.57723,0.57758,0.57716,0.57748,1368,0,0
2025-10-28 14:00:00,0.57748,0.5776,0.57713,0.57716,1734,0,0
2025-10-28 15:00:00,0.57716,0.57727,0.57653,0.57665,2444,0,0
2025-10-28 16:00:00,0.57665,0.57674,0.5759,0.57667,2780,0,0
2025-10-28 17:00:00,0.57667,0.57838,0.57658,0.57826,3137,0,0
2025-10-28 18:00:00,0.57827,0.57873,0.57767,0.57792,2720,0,0
2025-10-28 19:00:00,0.57792,0.57885,0.57783,0.57884,2389,0,0
2025-10-28 20:00:00,0.57883,0.57894,0.57844,0.57866,1201,0,0
2025-10-28 21:00:00,0.57865,0.57867,0.57825,0.57853,1012,0,0
2025-10-28 22:00:00,0.57853,0.57859,0.57811,0.57814,822,0,0
2025-10-28 23:00:00,0.57813,0.57817,0.57793,0.57807,528,0,0
2025-10-29 00:00:00,0.5781,0.5781,0.57721,0.57741,304,15,0
2025-10-29 01:00:00,0.57741,0.57817,0.5771,0.57798,802,0,0
2025-10-29 02:00:00,0.57797,0.57829,0.57785,0.57826,837,0,0
2025-10-29 03:00:00,0.57826,0.57895,0.57765,0.57799,3196,0,0
2025-10-29 04:00:00,0.57799,0.57836,0.57757,0.5776,2329,0,0
2025-10-29 05:00:00,0.57758,0.57816,0.57719,0.57816,1443,0,0
2025-10-29 06:00:00,0.57818,0.57864,0.57818,0.57844,1191,0,0
2025-10-29 07:00:00,0.57844,0.57857,0.5779,0.57804,1090,0,0
2025-10-29 08:00:00,0.57804,0.57845,0.57773,0.57831,1312,0,0
2025-10-29 09:00:00,0.57832,0.57915,0.57809,0.57894,1998,0,0
2025-10-29 10:00:00,0.57896,0.57962,0.57855,0.57872,2678,0,0
2025-10-29 11:00:00,0.57872,0.5788,0.5775,0.57751,2808,0,0
2025-10-29 12:00:00,0.5775,0.57846,0.57733,0.57835,2149,0,0
2025-10-29 13:00:00,0.57835,0.57869,0.57816,0.57858,2103,0,0
2025-10-29 14:00:00,0.57858,0.57861,0.57774,0.57808,1930,0,0
2025-10-29 15:00:00,0.57808,0.57819,0.57742,0.57801,2546,0,0
2025-10-29 16:00:00,0.57801,0.57932,0.57794,0.57869,2812,0,0
2025-10-29 17:00:00,0.57869,0.57922,0.57819,0.57922,2548,0,0
2025-10-29 18:00:00,0.57923,0.58016,0.5792,0.57973,2767,0,0
2025-10-29 19:00:00,0.57973,0.58001,0.57952,0.57968,1805,0,0
2025-10-29 20:00:00,0.57968,0.57986,0.57886,0.57886,1615,0,0
2025-10-29 21:00:00,0.57724,0.57949,0.57516,0.57664,8580,0,0
2025-10-29 22:00:00,0.57664,0.5768,0.5749,0.57637,5572,0,0
2025-10-29 23:00:00,0.57637,0.57676,0.57569,0.57632,1592,0,0
2025-10-30 00:00:00,0.5763,0.5763,0.57569,0.57593,334,16,0
2025-10-30 01:00:00,0.57593,0.5764,0.57579,0.57599,669,0,0
2025-10-30 02:00:00,0.57599,0.57638,0.57599,0.57635,745,0,0
2025-10-30 03:00:00,0.57634,0.57761,0.57633,0.5775,2139,0,0
2025-10-30 04:00:00,0.5775,0.57765,0.57676,0.5773,2497,0,0
2025-10-30 05:00:00,0.5773,0.578,0.57694,0.57774,1897,0,0
2025-10-30 06:00:00,0.57774,0.57812,0.57724,0.57774,2039,0,0
2025-10-30 07:00:00,0.57774,0.57885,0.57694,0.57864,4247,0,0
2025-10-30 08:00:00,0.57864,0.57872,0.57789,0.57824,2301,0,0
2025-10-30 09:00:00,0.57824,0.57841,0.57726,0.57729,2688,0,0
2025-10-30 10:00:00,0.5773,0.5777,0.5767,0.57755,3460,0,0
2025-10-30 11:00:00,0.57756,0.57759,0.57693,0.5773,2860,0,0
2025-10-30 12:00:00,0.5773,0.57739,0.57663,0.57668,2491,0,0
2025-10-30 13:00:00,0.5767,0.57701,0.57629,0.57633,2278,0,0
2025-10-30 14:00:00,0.57634,0.57652,0.57508,0.5751,2180,0,0
2025-10-30 15:00:00,0.5751,0.57531,0.57302,0.57306,3184,0,0
2025-10-30 16:00:00,0.57306,0.57423,0.5726,0.57415,3928,0,0
2025-10-30 17:00:00,0.57417,0.57486,0.57359,0.57387,4204,0,0
2025-10-30 18:00:00,0.57387,0.57466,0.57364,0.57453,2722,0,0
2025-10-30 19:00:00,0.57453,0.57471,0.57409,0.57452,1859,0,0
2025-10-30 20:00:00,0.57452,0.57468,0.57416,0.57456,1409,0,0
2025-10-30 21:00:00,0.57457,0.57461,0.57409,0.57421,1185,0,0
2025-10-30 22:00:00,0.57421,0.57431,0.57368,0.57374,1138,0,0
2025-10-30 23:00:00,0.57374,0.57433,0.57368,0.5742,567,0,0
2025-10-31 00:00:00,0.5741,0.57412,0.57381,0.57382,297,25,0
2025-10-31 01:00:00,0.57382,0.57421,0.57361,0.57406,534,0,0
2025-10-31 02:00:00,0.57407,0.5745,0.57384,0.57441,607,0,0
2025-10-31 03:00:00,0.5744,0.57448,0.57392,0.57411,1751,0,0
2025-10-31 04:00:00,0.57411,0.5743,0.57328,0.57348,2346,0,0
2025-10-31 05:00:00,0.57348,0.57385,0.57287,0.57312,1918,0,0
2025-10-31 06:00:00,0.57313,0.5732,0.57276,0.57311,1451,0,0
2025-10-31 07:00:00,0.57311,0.57347,0.57306,0.57332,1234,0,0
2025-10-31 08:00:00,0.57332,0.57332,0.57224,0.57239,1591,0,0
2025-10-31 09:00:00,0.57239,0.57255,0.5719,0.57193,1811,0,0
2025-10-31 10:00:00,0.57193,0.57214,0.57141,0.57204,2081,0,0
2025-10-31 11:00:00,0.57204,0.57223,0.57154,0.57219,2325,0,0
2025-10-31 12:00:00,0.57219,0.57242,0.57176,0.57236,1973,0,0
2025-10-31 13:00:00,0.57236,0.57269,0.57224,0.57241,1703,0,0
2025-10-31 14:00:00,0.57242,0.57272,0.57193,0.57241,2107,0,0
2025-10-31 15:00:00,0.57241,0.57242,0.57147,0.57158,2649,0,0
2025-10-31 16:00:00,0.57158,0.57257,0.57139,0.57252,3313,0,0
2025-10-31 17:00:00,0.57252,0.57317,0.57179,0.57314,3201,0,0
2025-10-31 18:00:00,0.57314,0.57325,0.57222,0.5726,3266,0,0
2025-10-31 19:00:00,0.5726,0.57264,0.5717,0.57203,2454,0,0
2025-10-31 20:00:00,0.57203,0.57203,0.57155,0.57187,1278,0,0
2025-10-31 21:00:00,0.57187,0.57236,0.57181,0.57227,756,0,0
2025-10-31 22:00:00,0.57227,0.5725,0.57216,0.5722,665,0,0
2025-10-31 23:00:00,0.5722,0.57265,0.57198,0.572,635,0,0
2025-11-03 00:00:00,0.57192,0.57202,0.57125,0.57164,422,26,0
2025-11-03 01:00:00,0.57164,0.57251,0.57156,0.57219,1436,0,0
2025-11-03 02:00:00,0.57219,0.57229,0.57184,0.57185,1411,0,0
2025-11-03 03:00:00,0.57185,0.57221,0.57129,0.57149,1744,0,0
2025-11-03 04:00:00,0.57149,0.57222,0.5714,0.57217,1590,0,0
2025-11-03 05:00:00,0.57217,0.57238,0.5718,0.57235,1241,0,0
2025-11-03 06:00:00,0.57235,0.57277,0.57223,0.57256,950,0,0
2025-11-03 07:00:00,0.57256,0.57301,0.5724,0.57281,1190,0,0
2025-11-03 08:00:00,0.57281,0.57303,0.57245,0.57266,1318,0,0
2025-11-03 09:00:00,0.57266,0.57277,0.57215,0.57237,2136,0,0
2025-11-03 10:00:00,0.57238,0.57239,0.57158,0.5719,2381,0,0
2025-11-03 11:00:00,0.5719,0.57232,0.57162,0.57165,1917,0,0
2025-11-03 12:00:00,0.57164,0.57199,0.57129,0.57161,1803,0,0
2025-11-03 13:00:00,0.57161,0.57197,0.57155,0.57174,1602,0,0
2025-11-03 14:00:00,0.57174,0.57203,0.57166,0.57172,1516,0,0
2025-11-03 15:00:00,0.57171,0.57176,0.57079,0.57093,2262,0,0
2025-11-03 16:00:00,0.57093,0.57109,0.5697,0.57017,2727,0,0
2025-11-03 17:00:00,0.57026,0.57063,0.56924,0.57014,3609,0,0
2025-11-03 18:00:00,0.57016,0.57076,0.57008,0.57073,2573,0,0
2025-11-03 19:00:00,0.57073,0.57124,0.57056,0.57079,1551,0,0
2025-11-03 20:00:00,0.5708,0.57102,0.57059,0.57095,804,0,0
2025-11-03 21:00:00,0.57094,0.57106,0.57072,0.57093,1007,0,0
2025-11-03 22:00:00,0.57093,0.57101,0.57068,0.57078,628,0,0
2025-11-03 23:00:00,0.57078,0.57079,0.57045,0.57068,478,0,0
2025-11-04 00:00:00,0.57051,0.57092,0.56946,0.57054,279,26,0
2025-11-04 01:00:00,0.57054,0.57086,0.57043,0.57063,921,0,0
2025-11-04 02:00:00,0.57063,0.57063,0.56927,0.56952,1851,0,0
2025-11-04 03:00:00,0.56952,0.56975,0.56857,0.56934,2308,0,0
2025-11-04 04:00:00,0.56933,0.56935,0.56868,0.56899,1661,0,0
2025-11-04 05:00:00,0.569,0.56996,0.56893,0.56951,2101,0,0
2025-11-04 06:00:00,0.56951,0.56965,0.56882,0.56886,1855,0,0
2025-11-04 07:00:00,0.56886,0.56899,0.56794,0.56806,2386,0,0
2025-11-04 08:00:00,0.56806,0.56861,0.56727,0.56846,2614,0,0
2025-11-04 09:00:00,0.56848,0.56886,0.56809,0.56855,2675,0,0
2025-11-04 10:00:00,0.56856,0.56893,0.56747,0.56756,3058,0,0
2025-11-04 11:00:00,0.56756,0.56781,0.56609,0.56617,2964,0,0
2025-11-04 12:00:00,0.56617,0.56705,0.56602,0.56662,2291,0,0
2025-11-04 13:00:00,0.56661,0.5669,0.56613,0.56615,1883,0,0
2025-11-04 14:00:00,0.56616,0.56626,0.56577,0.5661,2161,0,0
2025-11-04 15:00:00,0.56609,0.56632,0.56584,0.5661,2414,0,0
2025-11-04 16:00:00,0.5661,0.56647,0.5655,0.56632,2941,0,0
2025-11-04 17:00:00,0.56632,0.56675,0.56605,0.56669,2893,0,0
2025-11-04 18:00:00,0.5667,0.56677,0.56625,0.56642,2329,0,0
2025-11-04 19:00:00,0.56642,0.56643,0.56551,0.56566,1555,0,0
2025-11-04 20:00:00,0.56566,0.56576,0.56541,0.56543,1123,0,0
2025-11-04 21:00:00,0.56543,0.56565,0.56475,0.56498,987,0,0
2025-11-04 22:00:00,0.56498,0.56525,0.56473,0.56495,1035,0,0
2025-11-04 23:00:00,0.56494,0.5652,0.56347,0.56427,1172,0,0
2025-11-05 00:00:00,0.56429,0.5665,0.56278,0.56414,1204,26,0
2025-11-05 01:00:00,0.56414,0.56445,0.56402,0.56418,882,0,0
2025-11-05 02:00:00,0.56418,0.56442,0.56351,0.56405,1896,0,0
2025-11-05 03:00:00,0.56405,0.56405,0.56305,0.5636,3642,0,0
2025-11-05 04:00:00,0.5636,0.56478,0.5636,0.56478,2040,0,0
2025-11-05 05:00:00,0.56478,0.56554,0.56467,0.56542,2062,0,0
2025-11-05 06:00:00,0.56542,0.56584,0.56521,0.56556,1408,0,0
2025-11-05 07:00:00,0.56556,0.56609,0.56527,0.56527,1582,0,0
2025-11-05 08:00:00,0.56527,0.56574,0.56517,0.56546,1572,0,0
2025-11-05 09:00:00,0.56546,0.56546,0.56491,0.56512,1501,0,0
2025-11-05 10:00:00,0.56514,0.56589,0.565,0.56542,2011,0,0
2025-11-05 11:00:00,0.56541,0.56564,0.56469,0.56476,2049,0,0
2025-11-05 12:00:00,0.56476,0.56483,0.5643,0.56439,1682,0,0
2025-11-05 13:00:00,0.56441,0.56446,0.56387,0.56409,1595,0,0
2025-11-05 14:00:00,0.56409,0.56475,0.56395,0.5647,2070,0,0
2025-11-05 15:00:00,0.5647,0.56498,0.56414,0.56436,2464,0,0
2025-11-05 16:00:00,0.56436,0.56532,0.56396,0.565,2962,0,0
2025-11-05 17:00:00,0.56492,0.5657,0.56398,0.56546,4594,0,0
2025-11-05 18:00:00,0.56546,0.56628,0.56487,0.56619,2749,0,0
2025-11-05 19:00:00,0.56619,0.56638,0.56586,0.56598,2060,0,0
2025-11-05 20:00:00,0.56599,0.56646,0.56592,0.56625,1297,0,0
2025-11-05 21:00:00,0.56625,0.56647,0.56606,0.56607,1382,0,0
2025-11-05 22:00:00,0.56608,0.56656,0.56608,0.56623,979,0,0
2025-11-05 23:00:00,0.56622,0.56644,0.56593,0.56622,922,0,0
2025-11-06 00:00:00,0.56616,0.56636,0.56517,0.56606,419,11,0
2025-11-06 01:00:00,0.56606,0.5667,0.56597,0.56664,601,0,0
2025-11-06 02:00:00,0.56664,0.56664,0.56602,0.56632,1446,0,0
2025-11-06 03:00:00,0.56631,0.56656,0.56563,0.56655,1929,0,0
2025-11-06 04:00:00,0.56655,0.56678,0.56631,0.56644,1503,0,0
2025-11-06 05:00:00,0.56644,0.56651,0.56614,0.56629,1237,0,0
2025-11-06 06:00:00,0.56629,0.5669,0.56623,0.56657,1132,0,0
2025-11-06 07:00:00,0.56657,0.56668,0.56588,0.56595,1274,0,0
2025-11-06 08:00:00,0.56595,0.56637,0.56559,0.56566,1600,0,0
2025-11-06 09:00:00,0.56566,0.56614,0.5656,0.56586,1968,0,0
2025-11-06 10:00:00,0.56586,0.5666,0.56509,0.56652,2331,0,0
2025-11-06 11:00:00,0.56653,0.56665,0.56582,0.56603,2367,0,0
2025-11-06 12:00:00,0.56603,0.5663,0.56565,0.56575,2066,0,0
2025-11-06 13:00:00,0.56575,0.56595,0.56568,0.56588,1845,0,0
2025-11-06 14:00:00,0.56588,0.56644,0.56567,0.56638,2344,0,0
2025-11-06 15:00:00,0.56639,0.56703,0.56614,0.56614,2641,0,0
2025-11-06 16:00:00,0.56615,0.56615,0.56351,0.56351,3713,0,0
2025-11-06 17:00:00,0.56352,0.56417,0.5626,0.56307,4529,0,0
2025-11-06 18:00:00,0.56307,0.56315,0.5626,0.56294,3842,0,0
2025-11-06 19:00:00,0.56295,0.56359,0.5626,0.56346,3203,0,0
2025-11-06 20:00:00,0.56345,0.56409,0.56296,0.5638,2533,0,0
2025-11-06 21:00:00,0.5638,0.56437,0.56363,0.56378,2095,0,0
2025-11-06 22:00:00,0.56378,0.56403,0.56338,0.56349,2121,0,0
2025-11-06 23:00:00,0.56349,0.56363,0.56326,0.5635,1032,0,0
2025-11-07 00:00:00,0.56316,0.5635,0.56218,0.56334,402,26,0
2025-11-07 01:00:00,0.5633,0.56408,0.5633,0.56381,590,0,0
2025-11-07 02:00:00,0.56382,0.56391,0.56321,0.56324,1551,0,0
2025-11-07 03:00:00,0.56324,0.56342,0.56255,0.5629,2308,0,0
2025-11-07 04:00:00,0.56291,0.56318,0.56229,0.56235,1692,0,0
2025-11-07 05:00:00,0.56235,0.56244,0.56187,0.56203,1821,0,0
2025-11-07 06:00:00,0.56204,0.56204,0.5615,0.56181,1733,0,0
2025-11-07 07:00:00,0.56181,0.56238,0.5618,0.56188,1508,0,0
2025-11-07 08:00:00,0.56188,0.56192,0.56101,0.56107,1778,0,0
2025-11-07 09:00:00,0.56107,0.56148,0.56062,0.56066,1794,0,0
2025-11-07 10:00:00,0.56066,0.5622,0.56066,0.56204,2004,0,0
2025-11-07 11:00:00,0.56202,0.56215,0.5614,0.56164,1734,0,0
2025-11-07 12:00:00,0.56164,0.56207,0.5615,0.56185,1354,0,0
2025-11-07 13:00:00,0.56185,0.56225,0.56124,0.5621,1970,0,0
2025-11-07 14:00:00,0.5621,0.56251,0.56163,0.56186,2221,0,0
2025-11-07 15:00:00,0.56187,0.56285,0.56183,0.56219,3151,0,0
2025-11-07 16:00:00,0.56218,0.56245,0.56168,0.56226,3579,0,0
2025-11-07 17:00:00,0.56221,0.56246,0.5609,0.56129,4522,0,0
2025-11-07 18:00:00,0.56129,0.56205,0.56125,0.56159,2752,0,0
2025-11-07 19:00:00,0.56159,0.56232,0.56119,0.56225,2726,0,0
2025-11-07 20:00:00,0.56225,0.5625,0.5621,0.56223,2063,0,0
2025-11-07 21:00:00,0.56223,0.56313,0.56217,0.56263,2151,0,0
2025-11-07 22:00:00,0.56263,0.56322,0.56249,0.56319,1583,0,0
2025-11-07 23:00:00,0.56319,0.56329,0.56218,0.56238,808,0,0
2025-11-10 00:00:00,0.56201,0.56273,0.56194,0.56211,757,26,0
2025-11-10 01:00:00,0.56211,0.56307,0.5621,0.56265,1592,0,0
2025-11-10 02:00:00,0.56264,0.56327,0.56204,0.56234,2285,0,0
2025-11-10 03:00:00,0.56234,0.56322,0.56213,0.56292,2561,0,0
2025-11-10 04:00:00,0.56292,0.56337,0.56248,0.56321,1922,0,0
2025-11-10 05:00:00,0.56321,0.56329,0.56255,0.56265,1608,0,0
2025-11-10 06:00:00,0.56264,0.5637,0.56264,0.56356,1623,0,0
2025-11-10 07:00:00,0.56358,0.56387,0.56335,0.56364,1770,0,0
2025-11-10 08:00:00,0.56364,0.56376,0.56297,0.56314,1861,0,0
2025-11-10 09:00:00,0.56317,0.56393,0.56311,0.56346,1905,0,0
2025-11-10 10:00:00,0.56347,0.56475,0.56347,0.56449,1908,0,0
2025-11-10 11:00:00,0.5645,0.56505,0.56433,0.565,1926,0,0
2025-11-10 12:00:00,0.565,0.565,0.56434,0.56437,1530,0,0
2025-11-10 13:00:00,0.56437,0.56441,0.56379,0.56418,1618,0,0
2025-11-10 14:00:00,0.56418,0.56455,0.56389,0.56427,1666,0,0
2025-11-10 15:00:00,0.56427,0.5647,0.56395,0.56404,1823,0,0
