time,open,high,low,close,tick_volume,spread,real_volume
2024-11-11 01:00:00,2504.85,2506.78,2503.64,2506.7,4467,25,0
2024-11-11 02:00:00,2506.7,2507.31,2503.27,2504.4,5699,23,0
2024-11-11 03:00:00,2504.19,2505.15,2492.35,2493.17,13913,23,0
2024-11-11 04:00:00,2493.23,2494.33,2486.92,2491.8,10223,23,0
2024-11-11 05:00:00,2491.78,2492.85,2488.14,2491.57,6352,23,0
2024-11-11 06:00:00,2491.5,2494.29,2490.84,2493.98,6203,23,0
2024-11-11 07:00:00,2493.97,2495.59,2489.37,2490.47,7527,23,0
2024-11-11 08:00:00,2490.48,2495.7,2490.29,2493.42,7936,23,0
2024-11-11 09:00:00,2493.42,2498.45,2490.54,2497.18,12170,23,0
2024-11-11 10:00:00,2497.03,2499.61,2495.66,2497.81,11046,23,0
2024-11-11 11:00:00,2497.78,2499.68,2493.33,2496.63,10893,23,0
2024-11-11 12:00:00,2496.65,2504.08,2493.36,2494.2,10203,23,0
2024-11-11 13:00:00,2494.19,2502.39,2492.43,2497.07,10677,23,0
2024-11-11 14:00:00,2497.07,2497.53,2493.71,2494.54,10566,23,0
2024-11-11 15:00:00,2494.47,2496.58,2473.87,2475.05,19609,25,0
2024-11-11 16:00:00,2475.08,2475.09,2459.44,2464.1,21383,23,0
2024-11-11 17:00:00,2464.3,2466.41,2454.44,2455.55,17985,23,0
2024-11-11 18:00:00,2455.69,2457.96,2453.48,2455.02,13796,23,0
2024-11-11 19:00:00,2455.03,2456.29,2452.18,2453.25,9868,23,0
2024-11-11 20:00:00,2453.26,2459.65,2451.43,2458.96,9308,23,0
2024-11-11 21:00:00,2458.97,2460.16,2457.31,2459.06,6206,23,0
2024-11-11 22:00:00,2459.1,2465.23,2458.69,2460.63,6169,23,0
2024-11-11 23:00:00,2460.58,2461.56,2457.78,2457.91,2612,23,0
2024-11-12 01:00:00,2458.81,2461.16,2458.73,2460.65,2456,23,0
2024-11-12 02:00:00,2460.65,2463.24,2459.52,2461.89,5179,23,0
2024-11-12 03:00:00,2461.9,2465.16,2458.42,2464.32,13396,23,0
2024-11-12 04:00:00,2464.2,2465.34,2462.14,2463.37,11194,23,0
2024-11-12 05:00:00,2463.38,2463.89,2461.49,2461.67,7681,23,0
2024-11-12 06:00:00,2461.58,2461.71,2457.5,2459.19,6742,23,0
2024-11-12 07:00:00,2459.24,2459.51,2448.57,2449.96,11977,23,0
2024-11-12 08:00:00,2449.97,2453.64,2447.49,2452.13,13684,23,0
2024-11-12 09:00:00,2452.13,2453.47,2441.56,2443.61,14312,23,0
2024-11-12 10:00:00,2443.72,2451.25,2443.72,2445.95,12926,23,0
2024-11-12 11:00:00,2445.93,2446.58,2437.8,2440.43,12279,23,0
2024-11-12 12:00:00,2440.39,2447.42,2439.57,2445.53,11612,23,0
2024-11-12 13:00:00,2445.47,2446.97,2439.73,2446.38,11142,23,0
2024-11-12 14:00:00,2446.38,2455.54,2446.34,2453.17,14978,24,0
2024-11-12 15:00:00,2453.17,2462.73,2452.82,2458.41,18062,23,0
2024-11-12 16:00:00,2458.39,2463.82,2456.18,2458.51,17981,23,0
2024-11-12 17:00:00,2458.48,2460.29,2448.6,2449.26,19085,23,0
2024-11-12 18:00:00,2449.28,2454.75,2448.55,2453.99,15115,23,0
2024-11-12 19:00:00,2453.99,2454.12,2446.09,2448.79,13825,23,0
2024-11-12 20:00:00,2448.77,2452.11,2446.16,2448.26,10295,23,0
2024-11-12 21:00:00,2448.27,2449.98,2447.47,2448.15,7390,23,0
2024-11-12 22:00:00,2448.16,2449.72,2445.72,2447.46,7433,23,0
2024-11-12 23:00:00,2447.43,2447.86,2444.27,2445.25,3232,23,0
2024-11-13 01:00:00,2446.71,2448.31,2446.1,2447.87,2610,23,0
2024-11-13 02:00:00,2447.87,2449.41,2447.3,2449.27,4416,23,0
2024-11-13 03:00:00,2449.27,2456.79,2449.25,2453.93,14575,23,0
2024-11-13 04:00:00,2453.94,2458.52,2452.19,2458.12,10517,23,0
2024-11-13 05:00:00,2458.18,2460.21,2453.41,2459.22,8845,23,0
2024-11-13 06:00:00,2459.2,2459.95,2454.31,2454.48,6053,23,0
2024-11-13 07:00:00,2454.53,2457.22,2453.25,2455.18,8085,23,0
2024-11-13 08:00:00,2455.13,2456.9,2454.36,2454.78,9449,23,0
2024-11-13 09:00:00,2454.78,2458.38,2454.09,2457.88,8026,23,0
2024-11-13 10:00:00,2457.89,2461.6,2454.5,2457.13,11349,23,0
2024-11-13 11:00:00,2457.14,2460.29,2454.08,2454.61,9641,23,0
2024-11-13 12:00:00,2454.65,2458.99,2453.11,2457.86,7850,23,0
2024-11-13 13:00:00,2457.87,2460.56,2454.01,2454.25,8183,23,0
2024-11-13 14:00:00,2454.25,2457.34,2453.32,2454.67,10220,23,0
2024-11-13 15:00:00,2454.68,2459.71,2452.71,2455.96,21263,23,0
2024-11-13 16:00:00,2455.91,2463.8,2455.27,2458.07,23070,23,0
2024-11-13 17:00:00,2458.05,2461.37,2454.64,2460.43,23582,23,0
2024-11-13 18:00:00,2460.47,2462.67,2446.31,2447.19,18241,23,0
2024-11-13 19:00:00,2447.19,2447.93,2439.33,2444.23,16005,23,0
2024-11-13 20:00:00,2444.24,2447.03,2442.59,2445.97,11357,23,0
2024-11-13 21:00:00,2445.97,2446.14,2441.93,2442.77,8864,23,0
2024-11-13 22:00:00,2442.6,2442.74,2436.22,2436.81,9932,23,0
2024-11-13 23:00:00,2436.8,2439.34,2434.97,2435.08,4042,23,0
2024-11-14 01:00:00,2434.21,2443.43,2430.84,2433.22,5914,23,0
2024-11-14 02:00:00,2433.22,2436.87,2431.99,2434.79,6092,23,0
2024-11-14 03:00:00,2434.78,2435.31,2426.42,2427.53,14606,23,0
2024-11-14 04:00:00,2427.52,2429.54,2424.68,2427.17,11754,23,0
2024-11-14 05:00:00,2427.15,2430.41,2425.94,2427.63,8411,23,0
2024-11-14 06:00:00,2427.62,2431.79,2426.08,2431.67,5823,23,0
2024-11-14 07:00:00,2431.69,2431.85,2423.34,2425.8,10356,23,0
2024-11-14 08:00:00,2425.85,2426.86,2419.03,2422.88,12290,23,0
2024-11-14 09:00:00,2422.88,2425.53,2418.71,2423.29,12915,23,0
2024-11-14 10:00:00,2423.29,2426.64,2420.69,2426.01,13006,23,0
2024-11-14 11:00:00,2426.05,2427.93,2411.41,2417.66,15301,23,0
2024-11-14 12:00:00,2417.64,2425.04,2414.25,2423.11,12572,23,0
2024-11-14 13:00:00,2423.12,2428.0,2421.72,2425.32,12973,23,0
2024-11-14 14:00:00,2425.32,2427.81,2419.56,2422.35,11618,23,0
2024-11-14 15:00:00,2422.35,2432.41,2421.65,2428.25,20187,23,0
2024-11-14 16:00:00,2428.24,2430.62,2423.85,2425.57,19902,23,0
2024-11-14 17:00:00,2425.55,2435.16,2423.9,2430.48,19317,23,0
2024-11-14 18:00:00,2430.48,2437.97,2430.48,2436.98,13839,23,0
2024-11-14 19:00:00,2436.98,2438.7,2431.64,2436.63,11357,23,0
2024-11-14 20:00:00,2436.64,2437.21,2433.51,2436.47,9952,23,0
2024-11-14 21:00:00,2436.47,2442.57,2436.47,2442.15,7839,23,0
2024-11-14 22:00:00,2442.21,2444.51,2438.18,2440.2,17812,24,0
2024-11-14 23:00:00,2440.2,2441.68,2435.22,2435.26,4710,23,0
2024-11-15 01:00:00,2436.44,2438.43,2436.38,2437.72,2825,27,0
2024-11-15 02:00:00,2437.72,2438.73,2436.63,2437.46,5826,24,0
2024-11-15 03:00:00,2437.5,2441.38,2433.45,2435.43,11230,24,0
2024-11-15 04:00:00,2435.42,2438.83,2435.07,2438.15,8502,23,0
2024-11-15 05:00:00,2438.17,2438.39,2435.17,2436.06,5759,23,0
2024-11-15 06:00:00,2436.06,2437.26,2434.69,2434.89,3383,24,0
2024-11-15 07:00:00,2434.9,2435.56,2428.33,2428.6,7159,27,0
2024-11-15 08:00:00,2428.6,2430.37,2424.5,2426.77,10047,23,0
2024-11-15 09:00:00,2426.77,2429.1,2425.25,2428.54,9402,23,0
2024-11-15 10:00:00,2428.54,2431.88,2425.81,2428.37,10904,23,0
2024-11-15 11:00:00,2428.37,2429.4,2425.8,2427.43,9649,23,0
2024-11-15 12:00:00,2427.42,2431.81,2425.94,2428.3,10839,23,0
2024-11-15 13:00:00,2428.28,2432.26,2427.53,2430.37,9643,23,0
2024-11-15 14:00:00,2430.37,2430.6,2426.82,2429.2,9267,23,0
2024-11-15 15:00:00,2429.19,2432.64,2424.07,2429.51,20707,24,0
2024-11-15 16:00:00,2429.51,2445.8,2428.77,2442.83,20263,23,0
2024-11-15 17:00:00,2442.82,2444.68,2436.05,2440.13,20750,23,0
2024-11-15 18:00:00,2440.13,2441.4,2428.23,2428.23,16862,23,0
2024-11-15 19:00:00,2428.23,2430.04,2424.85,2429.61,12010,23,0
2024-11-15 20:00:00,2429.63,2434.22,2426.48,2433.31,11595,23,0
2024-11-15 21:00:00,2433.27,2434.81,2431.05,2433.01,8476,23,0
2024-11-15 22:00:00,2433.05,2435.99,2431.82,2433.68,10119,23,0
2024-11-15 23:00:00,2433.67,2434.88,2431.19,2431.37,3158,23,0
2024-11-18 01:00:00,2437.29,2444.66,2435.57,2440.39,5563,25,0
2024-11-18 02:00:00,2440.39,2443.13,2438.33,2442.39,7638,24,0
2024-11-18 03:00:00,2442.38,2463.68,2442.37,2453.94,17578,25,0
2024-11-18 04:00:00,2453.88,2461.8,2453.77,2457.93,11022,24,0
2024-11-18 05:00:00,2457.87,2459.52,2455.38,2458.51,6836,23,0
2024-11-18 06:00:00,2458.51,2460.13,2457.81,2459.16,4591,23,0
2024-11-18 07:00:00,2459.09,2459.31,2452.14,2453.47,7893,24,0
2024-11-18 08:00:00,2453.44,2453.9,2448.43,2452.78,10944,24,0
2024-11-18 09:00:00,2452.78,2453.51,2447.73,2448.81,9773,23,0
2024-11-18 10:00:00,2448.81,2455.74,2447.86,2451.44,12715,23,0
2024-11-18 11:00:00,2451.46,2458.0,2449.65,2456.51,13016,23,0
2024-11-18 12:00:00,2456.58,2459.45,2454.38,2459.17,10249,23,0
2024-11-18 13:00:00,2459.17,2463.17,2457.46,2460.8,9723,23,0
2024-11-18 14:00:00,2460.81,2463.12,2457.67,2460.43,10612,23,0
2024-11-18 15:00:00,2460.43,2466.23,2457.69,2463.92,15308,23,0
2024-11-18 16:00:00,2463.98,2469.46,2463.01,2467.7,16289,23,0
2024-11-18 17:00:00,2467.74,2473.15,2465.2,2471.18,14347,23,0
2024-11-18 18:00:00,2471.23,2474.16,2466.96,2466.96,12483,23,0
2024-11-18 19:00:00,2466.96,2467.1,2463.09,2464.65,9576,23,0
2024-11-18 20:00:00,2464.65,2465.76,2461.62,2463.87,7604,23,0
2024-11-18 21:00:00,2463.87,2464.74,2461.88,2464.13,6954,23,0
2024-11-18 22:00:00,2464.08,2465.43,2462.91,2464.15,5797,23,0
2024-11-18 23:00:00,2464.19,2464.88,2463.32,2464.1,2908,23,0
2024-11-19 01:00:00,2463.62,2466.03,2463.61,2465.91,1983,25,0
2024-11-19 02:00:00,2465.91,2467.89,2464.79,2467.67,5094,24,0
2024-11-19 03:00:00,2467.75,2470.97,2465.32,2469.16,11941,23,0
2024-11-19 04:00:00,2469.13,2477.88,2469.06,2475.9,11180,24,0
2024-11-19 05:00:00,2475.89,2478.19,2473.97,2476.61,9528,25,0
2024-11-19 06:00:00,2476.59,2478.63,2474.92,2477.43,6574,23,0
2024-11-19 07:00:00,2477.32,2478.68,2475.46,2477.94,8962,23,0
2024-11-19 08:00:00,2477.95,2479.22,2475.34,2478.11,10328,23,0
2024-11-19 09:00:00,2478.11,2478.32,2473.63,2476.05,10641,23,0
2024-11-19 10:00:00,2476.01,2484.74,2474.49,2484.21,15686,23,0
2024-11-19 11:00:00,2484.12,2499.12,2482.88,2493.15,18746,23,0
2024-11-19 12:00:00,2493.21,2496.84,2492.14,2495.11,12710,23,0
2024-11-19 13:00:00,2495.12,2497.86,2488.98,2489.57,10801,23,0
2024-11-19 14:00:00,2489.57,2496.61,2488.56,2496.31,12794,23,0
2024-11-19 15:00:00,2496.29,2496.36,2484.51,2491.48,18313,23,0
2024-11-19 16:00:00,2491.4,2493.99,2478.09,2481.28,21539,23,0
2024-11-19 17:00:00,2481.28,2485.9,2475.76,2478.95,17772,23,0
2024-11-19 18:00:00,2478.96,2483.23,2477.73,2483.0,14162,23,0
2024-11-19 19:00:00,2483.0,2487.05,2481.27,2483.87,10255,23,0
2024-11-19 20:00:00,2483.89,2486.94,2482.67,2483.62,9223,23,0
2024-11-19 21:00:00,2483.65,2485.06,2483.1,2483.19,8046,23,0
2024-11-19 22:00:00,2483.2,2486.39,2482.77,2486.07,6097,23,0
2024-11-19 23:00:00,2486.07,2486.28,2482.94,2483.82,3393,23,0
2024-11-20 01:00:00,2483.16,2485.42,2483.15,2484.23,3291,23,0
2024-11-20 02:00:00,2484.23,2489.16,2483.27,2488.6,5323,23,0
2024-11-20 03:00:00,2488.64,2491.77,2487.14,2490.1,11747,23,0
2024-11-20 04:00:00,2490.07,2492.64,2488.88,2491.69,8760,23,0
2024-11-20 05:00:00,2491.7,2492.78,2490.78,2490.97,6401,23,0
2024-11-20 06:00:00,2490.96,2491.89,2488.47,2488.96,3795,23,0
2024-11-20 07:00:00,2488.89,2491.77,2487.32,2490.57,6648,23,0
2024-11-20 08:00:00,2490.5,2490.86,2481.55,2483.42,10793,23,0
2024-11-20 09:00:00,2483.42,2483.57,2477.64,2478.17,11353,23,0
2024-11-20 10:00:00,2478.05,2484.44,2476.66,2483.94,11314,23,0
2024-11-20 11:00:00,2484.0,2486.21,2482.39,2483.82,10541,23,0
2024-11-20 12:00:00,2483.76,2489.03,2482.51,2488.48,9552,23,0
2024-11-20 13:00:00,2488.49,2489.98,2485.16,2489.94,8888,23,0
2024-11-20 14:00:00,2489.94,2492.58,2487.66,2492.5,10409,23,0
2024-11-20 15:00:00,2492.5,2501.04,2491.62,2496.98,13598,23,0
2024-11-20 16:00:00,2496.97,2511.64,2495.72,2511.29,15901,23,0
2024-11-20 17:00:00,2511.28,2517.62,2507.67,2517.46,16359,23,0
2024-11-20 18:00:00,2517.46,2521.65,2515.42,2519.47,12982,23,0
2024-11-20 19:00:00,2519.47,2522.98,2515.05,2517.77,10539,23,0
2024-11-20 20:00:00,2517.83,2518.05,2512.8,2513.79,9820,23,0
2024-11-20 21:00:00,2513.8,2517.17,2513.36,2515.1,7894,23,0
2024-11-20 22:00:00,2515.08,2515.71,2511.7,2513.3,6529,23,0
2024-11-20 23:00:00,2513.38,2514.56,2512.34,2513.26,3858,23,0
2024-11-21 01:00:00,2514.2,2515.6,2512.21,2514.87,2523,27,0
2024-11-21 02:00:00,2514.87,2521.25,2514.66,2520.85,5964,23,0
2024-11-21 03:00:00,2520.86,2522.31,2514.62,2516.0,11925,23,0
2024-11-21 04:00:00,2515.99,2520.01,2514.98,2515.42,7539,23,0
2024-11-21 05:00:00,2515.35,2517.91,2512.19,2517.57,6095,23,0
2024-11-21 06:00:00,2517.59,2519.97,2517.5,2518.05,3982,23,0
2024-11-21 07:00:00,2518.08,2519.63,2516.53,2519.16,6742,24,0
2024-11-21 08:00:00,2519.09,2523.95,2518.67,2523.68,9409,23,0
2024-11-21 09:00:00,2523.68,2529.82,2522.72,2527.35,9839,23,0
2024-11-21 10:00:00,2527.22,2536.74,2526.21,2531.84,11955,23,0
2024-11-21 11:00:00,2531.9,2537.75,2531.34,2537.62,12556,23,0
2024-11-21 12:00:00,2537.62,2538.28,2533.96,2537.65,8518,23,0
2024-11-21 13:00:00,2537.63,2540.79,2536.57,2539.32,8726,23,0
2024-11-21 14:00:00,2539.32,2539.41,2529.55,2529.74,9845,23,0
2024-11-21 15:00:00,2529.74,2533.89,2527.89,2530.5,17814,23,0
2024-11-21 16:00:00,2530.55,2538.06,2527.42,2529.51,18343,23,0
2024-11-21 17:00:00,2529.44,2538.78,2528.27,2538.12,17223,23,0
2024-11-21 18:00:00,2538.09,2545.12,2536.57,2543.99,17112,23,0
2024-11-21 19:00:00,2544.0,2548.63,2542.46,2547.56,11940,23,0
2024-11-21 20:00:00,2547.61,2549.4,2546.18,2548.47,8906,23,0
2024-11-21 21:00:00,2548.46,2551.18,2544.8,2546.22,7260,23,0
2024-11-21 22:00:00,2546.24,2549.8,2545.68,2549.28,5975,23,0
2024-11-21 23:00:00,2549.26,2549.98,2547.62,2548.45,3187,23,0
2024-11-22 01:00:00,2548.08,2550.11,2547.56,2549.49,3092,23,0
2024-11-22 02:00:00,2549.49,2553.88,2548.99,2551.67,6158,23,0
2024-11-22 03:00:00,2551.64,2557.89,2551.58,2557.1,11956,25,0
2024-11-22 04:00:00,2557.08,2565.79,2556.69,2564.7,11030,23,0
2024-11-22 05:00:00,2564.69,2568.51,2559.98,2564.32,10129,23,0
2024-11-22 06:00:00,2564.38,2570.24,2561.98,2566.77,6185,23,0
2024-11-22 07:00:00,2566.83,2569.05,2564.47,2567.28,10018,23,0
2024-11-22 08:00:00,2567.28,2572.59,2566.49,2572.04,10814,23,0
2024-11-22 09:00:00,2572.04,2573.76,2568.39,2571.36,11990,23,0
2024-11-22 10:00:00,2571.36,2583.12,2568.07,2582.61,16266,23,0
2024-11-22 11:00:00,2582.59,2607.22,2581.64,2598.82,19646,23,0
2024-11-22 12:00:00,2598.83,2604.89,2593.48,2596.07,13739,23,0
2024-11-22 13:00:00,2596.09,2600.81,2588.39,2590.8,12823,23,0
2024-11-22 14:00:00,2590.8,2598.41,2590.2,2597.04,12074,23,0
2024-11-22 15:00:00,2597.08,2597.67,2577.68,2581.96,18893,23,0
2024-11-22 16:00:00,2581.92,2591.14,2577.97,2589.86,19555,23,0
2024-11-22 17:00:00,2589.92,2599.61,2587.48,2596.93,20337,23,0
2024-11-22 18:00:00,2596.93,2603.02,2594.33,2601.46,14083,23,0
2024-11-22 19:00:00,2601.46,2602.23,2596.22,2597.88,9505,23,0
2024-11-22 20:00:00,2597.88,2602.61,2597.52,2602.37,9236,23,0
2024-11-22 21:00:00,2602.46,2603.95,2599.92,2601.24,6742,23,0
2024-11-22 22:00:00,2601.15,2601.39,2597.61,2598.05,7191,23,0
2024-11-22 23:00:00,2598.05,2606.65,2598.0,2605.37,4293,23,0
2024-11-25 01:00:00,2584.18,2595.97,2582.73,2595.31,9792,27,0
2024-11-25 02:00:00,2595.31,2595.91,2584.52,2586.02,10430,27,0
2024-11-25 03:00:00,2586.38,2586.69,2569.91,2577.96,17381,23,0
2024-11-25 04:00:00,2577.96,2580.23,2567.67,2570.06,12285,23,0
2024-11-25 05:00:00,2570.06,2573.05,2536.51,2550.33,13561,23,0
2024-11-25 06:00:00,2550.29,2553.94,2543.02,2550.17,8420,23,0
2024-11-25 07:00:00,2550.18,2551.06,2536.79,2542.81,12207,23,0
2024-11-25 08:00:00,2542.77,2547.3,2540.06,2543.85,13252,23,0
2024-11-25 09:00:00,2543.85,2552.82,2543.06,2552.74,14333,23,0
2024-11-25 10:00:00,2552.72,2558.42,2550.93,2553.12,14797,23,0
2024-11-25 11:00:00,2553.19,2553.5,2547.6,2549.06,13177,23,0
2024-11-25 12:00:00,2549.1,2553.91,2543.71,2553.6,10472,23,0
2024-11-25 13:00:00,2553.5,2566.03,2553.4,2563.83,9950,23,0
2024-11-25 14:00:00,2563.85,2563.89,2555.01,2556.01,11156,24,0
2024-11-25 15:00:00,2555.95,2558.73,2542.55,2543.75,19152,23,0
2024-11-25 16:00:00,2543.81,2544.07,2506.42,2513.55,24998,24,0
2024-11-25 17:00:00,2513.58,2515.47,2503.06,2505.79,19911,23,0
2024-11-25 18:00:00,2505.82,2517.09,2505.4,2511.99,15291,23,0
2024-11-25 19:00:00,2511.99,2514.36,2504.23,2505.96,10895,23,0
2024-11-25 20:00:00,2505.99,2506.06,2491.82,2492.3,11806,23,0
2024-11-25 21:00:00,2492.29,2500.53,2491.8,2499.29,7755,23,0
2024-11-25 22:00:00,2499.29,2504.24,2496.39,2502.75,7593,23,0
2024-11-25 23:00:00,2502.76,2504.02,2500.73,2501.08,3614,23,0
2024-11-26 01:00:00,2501.89,2503.77,2487.64,2499.52,8890,25,0
2024-11-26 02:00:00,2499.52,2511.18,2496.2,2510.56,14749,23,0
2024-11-26 03:00:00,2510.54,2517.76,2508.49,2513.91,16718,23,0
2024-11-26 04:00:00,2513.86,2514.89,2509.31,2509.65,11291,23,0
2024-11-26 05:00:00,2509.65,2512.73,2507.59,2510.33,9453,23,0
2024-11-26 06:00:00,2510.29,2510.32,2505.34,2506.1,5992,23,0
2024-11-26 07:00:00,2506.04,2506.23,2498.07,2505.16,9075,23,0
2024-11-26 08:00:00,2505.2,2505.55,2501.53,2502.83,10321,23,0
2024-11-26 09:00:00,2502.83,2503.31,2490.33,2496.13,12732,23,0
2024-11-26 10:00:00,2496.13,2499.85,2490.45,2490.91,14263,23,0
2024-11-26 11:00:00,2490.91,2502.86,2487.65,2499.13,14085,23,0
2024-11-26 12:00:00,2499.13,2503.61,2498.08,2501.9,11286,23,0
2024-11-26 13:00:00,2501.91,2504.69,2498.56,2504.62,10022,23,0
2024-11-26 14:00:00,2504.62,2505.22,2495.59,2500.0,13702,23,0
2024-11-26 15:00:00,2499.98,2511.35,2496.66,2503.75,19345,24,0
2024-11-26 16:00:00,2503.74,2508.83,2492.62,2496.96,18510,23,0
2024-11-26 17:00:00,2496.93,2509.56,2494.9,2509.09,18857,23,0
2024-11-26 18:00:00,2509.05,2513.21,2507.18,2508.2,12965,24,0
2024-11-26 19:00:00,2508.2,2510.68,2506.59,2506.92,10330,23,0
2024-11-26 20:00:00,2506.91,2508.2,2502.5,2506.76,10233,23,0
2024-11-26 21:00:00,2506.64,2511.66,2506.26,2509.35,10212,23,0
2024-11-26 22:00:00,2509.33,2512.34,2508.6,2510.78,7812,23,0
2024-11-26 23:00:00,2510.8,2511.25,2509.1,2510.01,3636,23,0
2024-11-27 01:00:00,2506.23,2511.11,2506.23,2508.77,2472,27,0
2024-11-27 02:00:00,2508.77,2509.29,2503.82,2504.98,4752,26,0
2024-11-27 03:00:00,2504.99,2510.3,2504.35,2509.09,12220,24,0
2024-11-27 04:00:00,2509.1,2518.52,2508.87,2515.35,10313,23,0
2024-11-27 05:00:00,2515.37,2518.5,2514.98,2516.23,7408,23,0
2024-11-27 06:00:00,2516.24,2519.85,2515.19,2518.3,4992,23,0
2024-11-27 07:00:00,2518.31,2524.61,2517.66,2521.64,8132,23,0
2024-11-27 08:00:00,2521.71,2526.62,2518.25,2526.46,10199,23,0
2024-11-27 09:00:00,2526.44,2526.81,2519.48,2520.93,10122,23,0
2024-11-27 10:00:00,2520.66,2524.68,2511.96,2523.59,16433,23,0
2024-11-27 11:00:00,2523.68,2524.7,2517.84,2518.3,10007,23,0
2024-11-27 12:00:00,2518.29,2520.11,2514.84,2515.75,9800,23,0
2024-11-27 13:00:00,2515.74,2519.63,2512.35,2518.47,9870,23,0
2024-11-27 14:00:00,2518.47,2522.31,2516.1,2518.27,11130,23,0
2024-11-27 15:00:00,2518.29,2520.25,2511.08,2512.31,18941,23,0
2024-11-27 16:00:00,2512.29,2515.69,2506.58,2511.63,17089,23,0
2024-11-27 17:00:00,2511.41,2512.89,2499.08,2500.0,20135,23,0
2024-11-27 18:00:00,2500.0,2502.3,2495.26,2495.63,14696,23,0
2024-11-27 19:00:00,2495.63,2496.43,2492.37,2493.44,10169,23,0
2024-11-27 20:00:00,2493.4,2497.48,2492.78,2497.36,6645,23,0
2024-11-27 21:00:00,2497.4,2497.87,2492.64,2494.28,5930,23,0
2024-11-27 22:00:00,2494.27,2498.64,2493.88,2495.82,5958,23,0
2024-11-27 23:00:00,2495.83,2496.29,2493.44,2494.28,2775,23,0
2024-11-28 01:00:00,2494.18,2497.08,2494.05,2496.7,1964,26,0
2024-11-28 02:00:00,2496.7,2498.8,2495.57,2497.74,4781,24,0
2024-11-28 03:00:00,2497.75,2498.46,2482.86,2490.0,16628,23,0
2024-11-28 04:00:00,2489.99,2491.13,2487.47,2489.43,8476,23,0
2024-11-28 05:00:00,2489.42,2494.03,2487.38,2492.53,6179,23,0
2024-11-28 06:00:00,2492.38,2495.42,2491.91,2492.89,4441,23,0
2024-11-28 07:00:00,2492.9,2496.21,2491.66,2496.09,6785,23,0
2024-11-28 08:00:00,2496.09,2501.46,2495.87,2499.63,8674,23,0
2024-11-28 09:00:00,2499.63,2503.94,2498.7,2501.72,7976,24,0
2024-11-28 10:00:00,2501.71,2509.37,2501.45,2507.49,11263,23,0
2024-11-28 11:00:00,2507.53,2513.14,2504.57,2512.44,11517,23,0
2024-11-28 12:00:00,2512.58,2513.33,2509.15,2509.21,7545,23,0
2024-11-28 13:00:00,2509.19,2510.37,2506.43,2508.8,6160,23,0
2024-11-28 14:00:00,2508.8,2509.88,2505.55,2509.21,6729,23,0
2024-11-28 15:00:00,2509.26,2513.27,2506.55,2512.76,13136,23,0
2024-11-28 16:00:00,2512.78,2513.94,2503.3,2503.67,9718,23,0
2024-11-28 17:00:00,2503.68,2505.02,2498.81,2499.95,10453,23,0
2024-11-28 18:00:00,2499.96,2504.66,2499.15,2503.29,5574,23,0
2024-11-28 19:00:00,2503.29,2503.8,2501.02,2502.35,2980,36,0
2024-11-28 20:00:00,2502.33,2502.51,2500.52,2500.83,1522,46,0
2024-11-28 21:00:00,2500.84,2500.93,2498.67,2499.08,1196,46,0
2024-11-29 01:00:00,2499.85,2500.43,2497.72,2498.71,2524,25,0
2024-11-29 02:00:00,2498.71,2498.76,2494.99,2495.59,5962,23,0
2024-11-29 03:00:00,2495.57,2506.39,2493.78,2504.58,14841,23,0
2024-11-29 04:00:00,2504.59,2519.16,2504.44,2513.79,12815,23,0
2024-11-29 05:00:00,2513.79,2517.27,2511.98,2515.53,8162,23,0
2024-11-29 06:00:00,2515.54,2520.75,2514.58,2516.41,6736,23,0
2024-11-29 07:00:00,2516.39,2520.23,2515.76,2519.22,8429,23,0
2024-11-29 08:00:00,2519.27,2523.42,2518.28,2519.03,10241,23,0
2024-11-29 09:00:00,2519.03,2519.6,2511.48,2514.79,12150,23,0
2024-11-29 10:00:00,2514.73,2517.27,2511.34,2513.88,11462,23,0
2024-11-29 11:00:00,2513.85,2524.09,2511.4,2523.27,11415,23,0
2024-11-29 12:00:00,2523.27,2524.48,2519.14,2520.35,10538,23,0
2024-11-29 13:00:00,2520.38,2523.88,2517.82,2517.85,9313,23,0
2024-11-29 14:00:00,2517.85,2525.38,2517.18,2517.73,11307,23,0
2024-11-29 15:00:00,2517.73,2520.83,2514.48,2516.32,15176,23,0
2024-11-29 16:00:00,2516.33,2522.63,2512.9,2514.3,15762,23,0
2024-11-29 17:00:00,2514.28,2517.63,2511.24,2517.58,16777,23,0
2024-11-29 18:00:00,2517.54,2524.6,2517.44,2524.18,14567,23,0
2024-11-29 19:00:00,2524.15,2524.26,2517.29,2517.48,11467,24,0
2024-11-29 20:00:00,2517.51,2517.53,2508.0,2508.22,9077,46,0
2024-11-29 21:00:00,2508.14,2509.04,2503.39,2505.23,5365,49,0
2024-12-02 01:00:00,2509.46,2512.49,2507.26,2509.13,6921,23,0
2024-12-02 02:00:00,2509.13,2512.16,2496.99,2503.19,9523,23,0
2024-12-02 03:00:00,2503.2,2504.9,2490.91,2503.04,16854,23,0
2024-12-02 04:00:00,2503.05,2505.05,2494.52,2495.5,12728,23,0
2024-12-02 05:00:00,2495.48,2499.94,2492.9,2498.5,9598,23,0
2024-12-02 06:00:00,2498.48,2498.81,2495.81,2497.81,6629,23,0
2024-12-02 07:00:00,2497.81,2497.88,2492.36,2493.01,10659,23,0
2024-12-02 08:00:00,2493.0,2494.9,2491.03,2492.99,11425,23,0
2024-12-02 09:00:00,2492.99,2505.97,2491.66,2503.91,13706,23,0
2024-12-02 10:00:00,2503.61,2505.68,2501.37,2503.68,13829,23,0
2024-12-02 11:00:00,2503.6,2507.98,2500.9,2504.92,11153,23,0
2024-12-02 12:00:00,2504.9,2509.29,2503.88,2505.06,10375,23,0
2024-12-02 13:00:00,2505.05,2514.15,2504.97,2510.5,11872,23,0
2024-12-02 14:00:00,2510.5,2518.86,2508.35,2514.95,12519,23,0
2024-12-02 15:00:00,2514.94,2521.66,2510.18,2519.49,17717,23,0
2024-12-02 16:00:00,2519.48,2526.12,2515.75,2525.85,18529,23,0
2024-12-02 17:00:00,2525.91,2529.29,2521.8,2523.85,20504,23,0
2024-12-02 18:00:00,2523.86,2524.9,2517.16,2519.43,16033,23,0
2024-12-02 19:00:00,2519.42,2519.42,2514.51,2516.06,9804,23,0
2024-12-02 20:00:00,2516.05,2516.09,2510.26,2513.82,8543,23,0
2024-12-02 21:00:00,2513.84,2516.14,2513.37,2514.21,6837,23,0
2024-12-02 22:00:00,2514.21,2516.07,2511.1,2511.43,9830,23,0
2024-12-02 23:00:00,2511.44,2513.39,2511.26,2513.39,2776,23,0
2024-12-03 01:00:00,2513.34,2517.11,2512.97,2516.15,2596,23,0
2024-12-03 02:00:00,2516.15,2520.47,2515.54,2517.37,5612,23,0
2024-12-03 03:00:00,2517.36,2520.08,2511.96,2513.73,15223,26,0
2024-12-03 04:00:00,2513.74,2516.28,2512.24,2514.0,11439,23,0
2024-12-03 05:00:00,2513.94,2517.11,2513.26,2517.02,8136,23,0
2024-12-03 06:00:00,2516.99,2519.79,2516.05,2517.55,5736,23,0
2024-12-03 07:00:00,2517.55,2517.95,2515.04,2517.37,7893,23,0
2024-12-03 08:00:00,2517.4,2526.63,2517.4,2523.66,12532,23,0
2024-12-03 09:00:00,2523.66,2523.91,2516.55,2519.14,9576,23,0
2024-12-03 10:00:00,2519.06,2519.16,2507.95,2513.01,13709,23,0
2024-12-03 11:00:00,2513.02,2516.92,2512.31,2513.18,12139,23,0
2024-12-03 12:00:00,2513.18,2514.82,2509.86,2513.36,8718,23,0
2024-12-03 13:00:00,2513.41,2514.32,2511.38,2512.26,8084,23,0
2024-12-03 14:00:00,2512.26,2512.82,2509.22,2512.28,9676,23,0
2024-12-03 15:00:00,2512.36,2521.3,2509.81,2520.71,16437,23,0
2024-12-03 16:00:00,2520.72,2522.94,2514.69,2515.79,18686,23,0
2024-12-03 17:00:00,2515.82,2516.34,2509.19,2510.67,19418,23,0
2024-12-03 18:00:00,2510.62,2518.49,2510.05,2517.95,12981,23,0
2024-12-03 19:00:00,2517.95,2518.27,2513.51,2514.06,9686,23,0
2024-12-03 20:00:00,2514.13,2514.91,2510.31,2513.03,8447,23,0
2024-12-03 21:00:00,2513.1,2514.01,2511.57,2514.01,7188,23,0
2024-12-03 22:00:00,2514.01,2515.49,2513.58,2514.1,5418,23,0
2024-12-03 23:00:00,2514.16,2515.52,2514.16,2515.02,2622,23,0
2024-12-04 01:00:00,2514.65,2514.98,2513.45,2514.47,2739,24,0
2024-12-04 02:00:00,2514.47,2516.67,2513.78,2514.86,5384,25,0
2024-12-04 03:00:00,2514.87,2515.88,2511.24,2514.82,12598,24,0
2024-12-04 04:00:00,2514.69,2520.46,2514.54,2519.69,10592,23,0
2024-12-04 05:00:00,2519.67,2522.29,2518.78,2519.95,8512,23,0
2024-12-04 06:00:00,2519.95,2520.83,2517.85,2519.61,5886,23,0
2024-12-04 07:00:00,2519.62,2520.92,2517.33,2519.86,7786,24,0
2024-12-04 08:00:00,2519.85,2521.22,2516.93,2517.55,9401,23,0
2024-12-04 09:00:00,2517.55,2517.84,2511.73,2513.44,10001,23,0
2024-12-04 10:00:00,2513.48,2518.24,2510.76,2517.56,11802,23,0
2024-12-04 11:00:00,2517.57,2520.27,2512.93,2514.45,11426,23,0
2024-12-04 12:00:00,2514.45,2519.46,2512.91,2518.54,9811,23,0
2024-12-04 13:00:00,2518.54,2520.33,2516.09,2518.89,9523,23,0
2024-12-04 14:00:00,2518.89,2520.6,2511.34,2513.49,10927,23,0
2024-12-04 15:00:00,2513.49,2526.84,2509.89,2526.18,17341,23,0
2024-12-04 16:00:00,2526.16,2529.87,2523.42,2523.98,16797,23,0
2024-12-04 17:00:00,2522.07,2524.21,2515.56,2521.53,20627,23,0
2024-12-04 18:00:00,2521.49,2522.6,2515.53,2517.06,13305,23,0
2024-12-04 19:00:00,2517.06,2517.92,2513.84,2516.16,8751,23,0
2024-12-04 20:00:00,2516.19,2520.01,2515.23,2518.87,8312,23,0
2024-12-04 21:00:00,2518.88,2523.23,2517.11,2522.03,11000,23,0
2024-12-04 22:00:00,2522.01,2522.32,2518.55,2520.66,8057,23,0
2024-12-04 23:00:00,2520.7,2521.66,2519.97,2520.98,2624,23,0
2024-12-05 01:00:00,2520.65,2521.8,2518.78,2521.06,2366,23,0
2024-12-05 02:00:00,2521.06,2521.18,2518.2,2518.76,4612,23,0
2024-12-05 03:00:00,2518.72,2521.3,2517.08,2517.98,9446,23,0
2024-12-05 04:00:00,2517.97,2518.5,2515.39,2515.71,7264,23,0
2024-12-05 05:00:00,2515.67,2517.62,2513.77,2517.12,5188,23,0
2024-12-05 06:00:00,2517.11,2517.69,2515.15,2515.77,3574,23,0
2024-12-05 07:00:00,2515.76,2522.37,2515.19,2520.32,7751,23,0
2024-12-05 08:00:00,2520.27,2520.89,2514.16,2514.69,8388,23,0
2024-12-05 09:00:00,2514.69,2518.09,2512.2,2514.14,9153,23,0
2024-12-05 10:00:00,2514.04,2515.09,2507.4,2510.01,10681,23,0
2024-12-05 11:00:00,2509.99,2513.44,2509.05,2511.91,8856,23,0
2024-12-05 12:00:00,2511.98,2517.87,2511.78,2516.4,9274,23,0
2024-12-05 13:00:00,2516.4,2517.8,2514.41,2516.32,6816,23,0
2024-12-05 14:00:00,2516.32,2518.49,2513.54,2518.04,8857,23,0
2024-12-05 15:00:00,2518.01,2519.91,2505.32,2506.74,17809,23,0
2024-12-05 16:00:00,2506.65,2506.96,2495.54,2496.53,17587,23,0
2024-12-05 17:00:00,2496.6,2498.73,2493.43,2497.23,17775,23,0
2024-12-05 18:00:00,2497.24,2500.9,2491.57,2492.85,13235,23,0
2024-12-05 19:00:00,2492.87,2492.87,2484.2,2486.8,11919,23,0
2024-12-05 20:00:00,2486.8,2489.58,2484.48,2488.18,8426,23,0
2024-12-05 21:00:00,2488.19,2488.6,2483.83,2483.84,7486,23,0
2024-12-05 22:00:00,2483.84,2486.76,2482.17,2485.95,5906,23,0
2024-12-05 23:00:00,2486.03,2487.27,2484.92,2485.43,2387,23,0
2024-12-06 01:00:00,2485.8,2488.11,2485.66,2487.81,2711,23,0
2024-12-06 02:00:00,2487.81,2488.15,2484.78,2484.92,4536,23,0
2024-12-06 03:00:00,2484.93,2486.95,2470.59,2476.63,14213,23,0
2024-12-06 04:00:00,2476.63,2482.24,2475.98,2482.06,9132,23,0
2024-12-06 05:00:00,2482.06,2498.58,2481.66,2496.92,9871,23,0
2024-12-06 06:00:00,2496.89,2500.67,2496.33,2498.45,5331,23,0
2024-12-06 07:00:00,2498.44,2499.71,2492.66,2495.04,7207,23,0
2024-12-06 08:00:00,2495.05,2498.4,2493.2,2495.97,8236,23,0
2024-12-06 09:00:00,2495.97,2497.26,2492.67,2494.03,8826,24,0
2024-12-06 10:00:00,2494.0,2499.82,2492.07,2498.65,10310,23,0
2024-12-06 11:00:00,2498.63,2501.76,2495.34,2496.56,9696,23,0
2024-12-06 12:00:00,2496.57,2497.18,2488.84,2489.02,9028,23,0
2024-12-06 13:00:00,2489.01,2493.92,2486.96,2492.09,7098,23,0
2024-12-06 14:00:00,2492.09,2495.77,2490.16,2493.51,10746,23,0
2024-12-06 15:00:00,2493.53,2494.42,2481.48,2485.44,20390,23,0
2024-12-06 16:00:00,2485.43,2491.66,2481.08,2491.22,23586,23,0
2024-12-06 17:00:00,2491.27,2500.73,2490.17,2496.85,18902,23,0
2024-12-06 18:00:00,2496.87,2499.98,2495.74,2499.78,12289,23,0
2024-12-06 19:00:00,2499.74,2500.87,2495.79,2497.22,10122,23,0
2024-12-06 20:00:00,2497.19,2500.25,2495.85,2499.79,7588,23,0
2024-12-06 21:00:00,2499.87,2500.0,2495.06,2496.36,6599,23,0
2024-12-06 22:00:00,2496.33,2496.72,2490.96,2491.45,5783,23,0
2024-12-06 23:00:00,2491.42,2492.91,2490.2,2490.94,2540,23,0
2024-12-09 01:00:00,2501.21,2506.62,2495.82,2498.69,5948,25,0
2024-12-09 02:00:00,2498.69,2498.69,2488.68,2491.52,7940,23,0
2024-12-09 03:00:00,2491.55,2510.89,2491.26,2508.18,13713,23,0
2024-12-09 04:00:00,2508.19,2509.73,2502.87,2506.95,9196,23,0
2024-12-09 05:00:00,2506.94,2507.25,2502.98,2504.14,8497,23,0
2024-12-09 06:00:00,2504.12,2505.05,2501.03,2502.15,6938,23,0
2024-12-09 07:00:00,2502.17,2505.94,2501.7,2503.69,6828,23,0
2024-12-09 08:00:00,2503.68,2508.25,2503.59,2507.33,9252,23,0
2024-12-09 09:00:00,2507.33,2511.41,2505.94,2508.87,12499,23,0
2024-12-09 10:00:00,2508.89,2510.27,2504.42,2507.01,12755,23,0
2024-12-09 11:00:00,2507.02,2514.82,2505.97,2513.24,11034,23,0
2024-12-09 12:00:00,2513.32,2514.08,2507.33,2511.63,9847,23,0
2024-12-09 13:00:00,2511.72,2514.42,2508.32,2513.22,9455,23,0
2024-12-09 14:00:00,2513.22,2515.65,2511.75,2513.92,9339,23,0
2024-12-09 15:00:00,2513.95,2520.63,2512.07,2520.2,16869,23,0
2024-12-09 16:00:00,2520.37,2528.6,2517.63,2527.86,17744,23,0
2024-12-09 17:00:00,2527.89,2531.32,2517.73,2519.35,17443,23,0
2024-12-09 18:00:00,2519.35,2524.41,2517.81,2523.62,12553,23,0
2024-12-09 19:00:00,2523.62,2524.94,2519.66,2521.47,8115,23,0
2024-12-09 20:00:00,2521.56,2522.59,2519.68,2520.88,7956,23,0
2024-12-09 21:00:00,2520.83,2521.21,2519.08,2520.13,6913,23,0
2024-12-09 22:00:00,2520.17,2520.62,2517.62,2519.23,6131,23,0
2024-12-09 23:00:00,2519.24,2521.36,2518.72,2520.27,3379,23,0
2024-12-10 01:00:00,2521.01,2521.88,2519.38,2520.73,2459,23,0
2024-12-10 02:00:00,2520.73,2525.69,2519.22,2525.24,5088,23,0
2024-12-10 03:00:00,2525.23,2528.75,2522.85,2527.52,11879,23,0
2024-12-10 04:00:00,2527.52,2530.8,2525.66,2529.0,10548,23,0
2024-12-10 05:00:00,2529.0,2530.93,2526.1,2529.08,9494,23,0
2024-12-10 06:00:00,2529.12,2532.33,2528.65,2529.29,6127,23,0
2024-12-10 07:00:00,2529.3,2529.98,2526.24,2526.68,8741,23,0
2024-12-10 08:00:00,2526.68,2527.79,2523.19,2526.71,8579,23,0
2024-12-10 09:00:00,2526.71,2529.33,2524.86,2526.02,8200,23,0
2024-12-10 10:00:00,2525.99,2527.77,2523.66,2527.22,10403,23,0
2024-12-10 11:00:00,2527.23,2533.6,2526.19,2530.55,10639,23,0
2024-12-10 12:00:00,2530.61,2542.57,2529.16,2541.31,10824,23,0
2024-12-10 13:00:00,2541.32,2541.64,2534.7,2539.5,10254,23,0
2024-12-10 14:00:00,2539.51,2545.23,2537.65,2542.72,11846,23,0
2024-12-10 15:00:00,2542.73,2548.35,2539.74,2547.1,14647,23,0
2024-12-10 16:00:00,2547.01,2557.75,2545.56,2555.92,16113,23,0
2024-12-10 17:00:00,2555.86,2560.69,2554.4,2558.34,16263,23,0
2024-12-10 18:00:00,2558.32,2563.29,2555.43,2561.16,12405,23,0
2024-12-10 19:00:00,2561.16,2564.7,2559.66,2563.57,7870,23,0
2024-12-10 20:00:00,2563.57,2563.91,2557.44,2557.84,7250,23,0
2024-12-10 21:00:00,2557.83,2558.85,2556.4,2557.12,5340,23,0
2024-12-10 22:00:00,2557.11,2557.75,2556.09,2557.0,5680,23,0
2024-12-10 23:00:00,2556.98,2559.3,2556.92,2558.63,2824,23,0
2024-12-11 01:00:00,2558.36,2562.12,2557.93,2560.0,3239,23,0
2024-12-11 02:00:00,2560.0,2565.37,2558.18,2565.19,6289,23,0
2024-12-11 03:00:00,2565.16,2566.75,2560.66,2562.7,12212,23,0
2024-12-11 04:00:00,2562.69,2566.19,2560.62,2561.49,8757,23,0
2024-12-11 05:00:00,2561.48,2564.96,2556.3,2560.13,9042,23,0
2024-12-11 06:00:00,2560.14,2560.98,2546.8,2550.92,7011,23,0
2024-12-11 07:00:00,2550.9,2558.48,2541.63,2552.42,9728,23,0
2024-12-11 08:00:00,2552.47,2562.49,2552.33,2561.62,7741,23,0
2024-12-11 09:00:00,2561.63,2566.99,2557.65,2564.52,13511,23,0
2024-12-11 10:00:00,2564.06,2566.64,2559.53,2561.73,12745,24,0
2024-12-11 11:00:00,2561.76,2567.35,2557.4,2567.18,13744,23,0
2024-12-11 12:00:00,2567.23,2572.6,2564.21,2567.11,10354,29,0
2024-12-11 13:00:00,2567.13,2568.93,2565.36,2567.14,8798,29,0
2024-12-11 14:00:00,2567.14,2567.47,2562.94,2566.55,10208,29,0
2024-12-11 15:00:00,2566.63,2568.69,2559.1,2566.35,17688,29,0
2024-12-11 16:00:00,2566.46,2577.81,2565.23,2577.06,19162,29,0
2024-12-11 17:00:00,2577.11,2590.61,2576.54,2586.22,19907,28,0
2024-12-11 18:00:00,2586.19,2591.46,2580.71,2584.03,13571,28,0
2024-12-11 19:00:00,2584.03,2592.33,2583.73,2591.56,9490,29,0
2024-12-11 20:00:00,2591.58,2592.04,2588.38,2588.69,10304,29,0
2024-12-11 21:00:00,2588.74,2592.79,2588.23,2590.68,10544,29,0
2024-12-11 22:00:00,2590.69,2591.96,2588.54,2589.53,6767,29,0
2024-12-11 23:00:00,2589.52,2590.31,2587.9,2589.0,2993,29,0
2024-12-12 01:00:00,2588.3,2589.75,2587.52,2589.08,2470,33,0
2024-12-12 02:00:00,2589.08,2593.43,2587.82,2593.15,5480,33,0
2024-12-12 03:00:00,2593.07,2594.7,2568.46,2580.33,11014,33,0
2024-12-12 04:00:00,2580.32,2580.71,2574.13,2576.12,7136,33,0
2024-12-12 05:00:00,2576.18,2580.55,2575.67,2579.94,6211,33,0
2024-12-12 06:00:00,2579.94,2583.94,2579.01,2581.1,5446,33,0
2024-12-12 07:00:00,2581.09,2585.22,2580.6,2582.6,6508,33,0
2024-12-12 08:00:00,2582.61,2585.63,2579.37,2585.34,6706,33,0
2024-12-12 09:00:00,2585.34,2586.2,2580.56,2582.8,9129,29,0
2024-12-12 10:00:00,2582.81,2587.03,2581.33,2586.28,10891,29,0
2024-12-12 11:00:00,2586.3,2586.98,2581.1,2582.83,11233,29,0
2024-12-12 12:00:00,2582.82,2585.45,2577.68,2583.14,9730,29,0
2024-12-12 13:00:00,2583.12,2583.18,2578.59,2581.01,10724,28,0
2024-12-12 14:00:00,2581.01,2584.42,2578.24,2580.41,9728,29,0
2024-12-12 15:00:00,2580.41,2585.06,2572.63,2572.81,19681,29,0
2024-12-12 16:00:00,2572.8,2574.53,2552.44,2553.87,24423,29,0
2024-12-12 17:00:00,2553.79,2562.78,2552.4,2558.52,22386,29,0
2024-12-12 18:00:00,2558.57,2560.48,2550.38,2552.39,14698,29,0
2024-12-12 19:00:00,2552.41,2558.55,2551.92,2558.22,11544,29,0
2024-12-12 20:00:00,2558.17,2562.21,2556.69,2560.61,10939,29,0
2024-12-12 21:00:00,2560.6,2563.11,2560.56,2561.85,7762,29,0
2024-12-12 22:00:00,2561.85,2563.51,2559.7,2560.0,7702,29,0
2024-12-12 23:00:00,2559.97,2563.63,2559.31,2560.92,3548,28,0
2024-12-13 01:00:00,2561.25,2561.26,2559.23,2559.37,2085,33,0
2024-12-13 02:00:00,2559.37,2562.49,2557.83,2562.47,5519,34,0
2024-12-13 03:00:00,2562.48,2572.47,2562.48,2569.89,12629,34,0
2024-12-13 04:00:00,2569.82,2571.67,2565.39,2568.25,11413,33,0
2024-12-13 05:00:00,2568.25,2572.07,2567.5,2569.8,7536,33,0
2024-12-13 06:00:00,2569.78,2570.13,2567.29,2568.18,5585,33,0
2024-12-13 07:00:00,2568.23,2570.16,2566.73,2568.69,7190,33,0
2024-12-13 08:00:00,2568.72,2570.93,2565.24,2569.79,9281,34,0
2024-12-13 09:00:00,2569.79,2571.33,2563.32,2565.32,10949,29,0
2024-12-13 10:00:00,2565.32,2565.43,2552.65,2555.12,11662,29,0
2024-12-13 11:00:00,2554.94,2556.98,2542.88,2544.96,12492,29,0
2024-12-13 12:00:00,2544.94,2546.4,2541.12,2542.7,11334,29,0
2024-12-13 13:00:00,2542.71,2544.58,2539.0,2540.71,9626,29,0
2024-12-13 14:00:00,2540.73,2545.68,2538.07,2541.32,12083,29,0
2024-12-13 15:00:00,2541.31,2542.01,2528.58,2532.88,16756,29,0
2024-12-13 16:00:00,2532.92,2536.95,2532.04,2535.76,16074,29,0
2024-12-13 17:00:00,2535.73,2538.57,2531.32,2535.82,16232,28,0
2024-12-13 18:00:00,2535.75,2539.25,2532.77,2535.82,12760,28,0
2024-12-13 19:00:00,2535.88,2536.16,2529.88,2530.57,10632,30,0
2024-12-13 20:00:00,2530.62,2532.29,2526.49,2528.74,9670,31,0
2024-12-13 21:00:00,2528.88,2529.56,2526.3,2527.73,7376,31,0
2024-12-13 22:00:00,2527.7,2527.91,2521.18,2522.34,8646,32,0
2024-12-13 23:00:00,2522.31,2524.19,2520.69,2521.7,4345,31,0
2024-12-16 01:00:00,2522.24,2524.12,2520.84,2522.81,3655,35,0
2024-12-16 02:00:00,2522.81,2522.94,2513.43,2517.48,5982,33,0
2024-12-16 03:00:00,2517.48,2524.37,2517.08,2522.43,10457,33,0
2024-12-16 04:00:00,2522.4,2525.29,2520.5,2522.53,8381,33,0
2024-12-16 05:00:00,2522.52,2526.27,2522.05,2524.51,6616,32,0
2024-12-16 06:00:00,2524.51,2524.51,2522.44,2522.55,4276,33,0
2024-12-16 07:00:00,2522.54,2522.92,2519.07,2521.74,7103,33,0
2024-12-16 08:00:00,2521.73,2524.35,2521.53,2523.92,6331,32,0
2024-12-16 09:00:00,2523.92,2526.32,2521.62,2526.06,7938,29,0
2024-12-16 10:00:00,2526.11,2530.96,2524.08,2529.24,12042,29,0
2024-12-16 11:00:00,2528.83,2530.76,2526.3,2530.28,9774,29,0
2024-12-16 12:00:00,2530.21,2536.14,2530.12,2534.79,7999,29,0
2024-12-16 13:00:00,2534.84,2539.86,2533.46,2538.88,8237,29,0
2024-12-16 14:00:00,2538.89,2539.03,2531.03,2535.51,8553,29,0
2024-12-16 15:00:00,2535.51,2537.79,2532.35,2533.24,12515,30,0
2024-12-16 16:00:00,2533.4,2536.83,2531.54,2532.56,15252,30,0
2024-12-16 17:00:00,2532.56,2532.91,2525.03,2526.35,15124,30,0
2024-12-16 18:00:00,2526.36,2528.93,2522.53,2523.04,12170,30,0
2024-12-16 19:00:00,2523.04,2526.08,2522.51,2523.07,9023,32,0
2024-12-16 20:00:00,2523.03,2526.93,2522.13,2523.89,7253,31,0
2024-12-16 21:00:00,2523.92,2526.28,2522.31,2524.39,6034,31,0
2024-12-16 22:00:00,2524.37,2525.13,2523.2,2524.35,5809,31,0
2024-12-16 23:00:00,2524.35,2524.6,2522.39,2523.31,2452,32,0
2024-12-17 01:00:00,2523.54,2523.57,2521.05,2521.24,2065,35,0
2024-12-17 02:00:00,2521.24,2522.26,2519.02,2521.73,4748,33,0
2024-12-17 03:00:00,2521.74,2526.97,2521.3,2526.25,8626,33,0
2024-12-17 04:00:00,2526.1,2526.6,2522.59,2524.25,7181,33,0
2024-12-17 05:00:00,2524.25,2525.78,2520.75,2524.19,5878,32,0
2024-12-17 06:00:00,2524.13,2526.24,2522.16,2523.35,4183,33,0
2024-12-17 07:00:00,2523.35,2526.51,2520.96,2526.04,7607,33,0
2024-12-17 08:00:00,2526.06,2526.44,2520.54,2521.87,8805,33,0
2024-12-17 09:00:00,2521.87,2529.79,2521.33,2527.87,9883,29,0
2024-12-17 10:00:00,2527.86,2527.86,2517.89,2520.83,12256,29,0
2024-12-17 11:00:00,2520.83,2524.28,2515.66,2517.52,12426,29,0
2024-12-17 12:00:00,2517.05,2521.31,2515.17,2515.2,10396,29,0
2024-12-17 13:00:00,2515.18,2518.58,2512.77,2518.3,8948,29,0
2024-12-17 14:00:00,2518.3,2521.05,2516.53,2516.62,10218,30,0
2024-12-17 15:00:00,2516.59,2521.45,2508.76,2510.21,16480,30,0
2024-12-17 16:00:00,2510.21,2514.98,2505.72,2509.83,16890,30,0
2024-12-17 17:00:00,2509.85,2516.16,2508.98,2514.58,15391,30,0
2024-12-17 18:00:00,2514.59,2515.34,2511.07,2511.85,11791,29,0
2024-12-17 19:00:00,2511.85,2520.5,2510.26,2519.88,9985,32,0
2024-12-17 20:00:00,2520.0,2523.44,2519.17,2522.64,8124,31,0
2024-12-17 21:00:00,2522.65,2524.23,2521.25,2522.01,5873,32,0
2024-12-17 22:00:00,2522.07,2523.35,2519.53,2520.39,6210,31,0
2024-12-17 23:00:00,2520.43,2522.09,2520.12,2522.09,2731,32,0
2024-12-18 01:00:00,2521.87,2522.96,2520.17,2522.58,2090,34,0
2024-12-18 02:00:00,2522.58,2524.36,2520.38,2523.88,4769,33,0
2024-12-18 03:00:00,2523.89,2525.75,2522.06,2524.03,9061,33,0
2024-12-18 04:00:00,2523.96,2524.24,2520.69,2521.02,7524,33,0
2024-12-18 05:00:00,2520.98,2522.44,2518.95,2519.85,6904,33,0
2024-12-18 06:00:00,2519.85,2519.85,2516.15,2518.31,5965,33,0
2024-12-18 07:00:00,2518.21,2522.35,2517.64,2520.75,7049,32,0
2024-12-18 08:00:00,2520.73,2521.08,2516.18,2517.83,7962,33,0
2024-12-18 09:00:00,2517.83,2519.89,2516.37,2519.35,8585,29,0
2024-12-18 10:00:00,2519.27,2525.28,2516.67,2523.36,11127,29,0
2024-12-18 11:00:00,2523.33,2524.58,2521.01,2522.03,8539,29,0
2024-12-18 12:00:00,2522.02,2524.91,2521.02,2522.67,6929,29,0
2024-12-18 13:00:00,2522.68,2523.4,2519.9,2521.03,6996,29,0
2024-12-18 14:00:00,2521.03,2522.82,2519.56,2520.37,7643,29,0
2024-12-18 15:00:00,2520.36,2525.21,2515.77,2519.97,14295,30,0
2024-12-18 16:00:00,2519.97,2520.6,2511.89,2513.08,16073,30,0
2024-12-18 17:00:00,2513.1,2519.42,2510.46,2518.79,13860,30,0
2024-12-18 18:00:00,2518.77,2519.51,2515.01,2516.66,11476,30,0
2024-12-18 19:00:00,2516.66,2520.28,2515.67,2516.27,9804,31,0
2024-12-18 20:00:00,2516.28,2517.97,2512.35,2512.7,8207,32,0
2024-12-18 21:00:00,2512.69,2522.46,2507.04,2509.75,25803,34,0
2024-12-18 22:00:00,2509.78,2517.98,2497.92,2501.07,23588,32,0
2024-12-18 23:00:00,2501.07,2502.73,2495.52,2497.49,10372,24,0
2024-12-19 01:00:00,2497.29,2502.29,2496.75,2500.21,5821,34,0
2024-12-19 02:00:00,2500.25,2503.59,2497.7,2501.6,9499,33,0
2024-12-19 03:00:00,2501.81,2523.0,2500.08,2516.64,14584,33,0
2024-12-19 04:00:00,2516.6,2518.34,2511.93,2513.83,10464,33,0
2024-12-19 05:00:00,2513.8,2516.87,2511.76,2515.07,7682,33,0
2024-12-19 06:00:00,2515.11,2515.86,2511.53,2513.93,5482,33,0
2024-12-19 07:00:00,2513.86,2514.64,2510.61,2511.2,6422,33,0
2024-12-19 08:00:00,2511.17,2517.74,2507.83,2515.94,9992,33,0
2024-12-19 09:00:00,2515.94,2523.11,2511.71,2517.06,14107,29,0
2024-12-19 10:00:00,2517.05,2518.52,2511.81,2515.6,13459,29,0
2024-12-19 11:00:00,2515.66,2517.4,2514.02,2516.52,14001,29,0
2024-12-19 12:00:00,2516.52,2522.91,2514.6,2517.45,12024,29,0
2024-12-19 13:00:00,2517.38,2518.72,2513.55,2515.16,10181,29,0
2024-12-19 14:00:00,2515.16,2515.74,2503.78,2507.42,14495,30,0
2024-12-19 15:00:00,2507.46,2507.46,2495.53,2496.7,20456,30,0
2024-12-19 16:00:00,2496.72,2499.85,2492.78,2493.7,19429,30,0
2024-12-19 17:00:00,2493.62,2496.48,2489.13,2493.61,20027,30,0
2024-12-19 18:00:00,2493.53,2502.8,2493.02,2502.39,16130,30,0
2024-12-19 19:00:00,2502.39,2502.85,2498.01,2502.1,12289,32,0
2024-12-19 20:00:00,2502.08,2507.18,2500.4,2505.88,12014,32,0
2024-12-19 21:00:00,2505.91,2508.7,2504.5,2506.12,8973,32,0
2024-12-19 22:00:00,2506.07,2508.07,2504.22,2504.45,9883,32,0
2024-12-19 23:00:00,2504.54,2505.37,2502.41,2503.39,3255,30,0
2024-12-20 01:00:00,2503.38,2504.55,2501.21,2502.22,2743,35,0
2024-12-20 02:00:00,2502.22,2503.61,2499.1,2499.42,5557,34,0
2024-12-20 03:00:00,2499.42,2512.35,2498.43,2512.29,13063,35,0
2024-12-20 04:00:00,2512.29,2512.54,2504.41,2505.92,10533,33,0
2024-12-20 05:00:00,2505.9,2508.25,2504.83,2507.63,6494,33,0
2024-12-20 06:00:00,2507.61,2510.23,2506.75,2507.95,4818,33,0
2024-12-20 07:00:00,2507.96,2510.4,2506.43,2508.43,5853,33,0
2024-12-20 08:00:00,2508.44,2515.46,2507.01,2510.5,9730,33,0
2024-12-20 09:00:00,2510.5,2513.0,2507.71,2510.19,10328,29,0
2024-12-20 10:00:00,2510.19,2511.65,2505.54,2507.03,11724,29,0
2024-12-20 11:00:00,2507.05,2511.06,2506.93,2508.89,10744,29,0
2024-12-20 12:00:00,2508.91,2510.57,2505.75,2505.97,8517,29,0
2024-12-20 13:00:00,2505.96,2507.96,2502.08,2505.51,9916,29,0
2024-12-20 14:00:00,2505.51,2506.29,2503.25,2505.89,9806,30,0
2024-12-20 15:00:00,2505.9,2511.94,2499.95,2507.32,16571,30,0
2024-12-20 16:00:00,2507.33,2520.47,2506.05,2517.97,18379,30,0
2024-12-20 17:00:00,2517.9,2530.92,2515.97,2529.9,20162,30,0
2024-12-20 18:00:00,2529.9,2531.44,2515.65,2517.24,15909,30,0
2024-12-20 19:00:00,2517.24,2518.34,2513.15,2517.66,12991,31,0
2024-12-20 20:00:00,2517.67,2518.99,2514.11,2516.15,10760,32,0
2024-12-20 21:00:00,2516.2,2517.67,2514.48,2515.84,8511,32,0
2024-12-20 22:00:00,2515.83,2516.75,2512.62,2514.79,9314,32,0
2024-12-20 23:00:00,2514.83,2516.58,2512.18,2514.71,4057,32,0
2024-12-23 01:00:00,2512.46,2515.84,2510.36,2515.11,3970,35,0
2024-12-23 02:00:00,2515.13,2515.77,2508.65,2513.03,5451,35,0
2024-12-23 03:00:00,2513.0,2515.46,2510.28,2511.18,9638,33,0
2024-12-23 04:00:00,2511.18,2516.47,2510.97,2514.93,7114,33,0
2024-12-23 05:00:00,2514.92,2515.96,2511.5,2513.53,5642,33,0
2024-12-23 06:00:00,2513.52,2515.2,2512.93,2513.95,3690,33,0
2024-12-23 07:00:00,2514.15,2517.89,2513.62,2515.96,5122,33,0
2024-12-23 08:00:00,2515.99,2522.81,2514.49,2522.07,7172,33,0
2024-12-23 09:00:00,2522.07,2526.69,2520.69,2525.99,7819,29,0
2024-12-23 10:00:00,2525.97,2527.99,2521.31,2524.34,9112,29,0
2024-12-23 11:00:00,2524.33,2525.9,2522.09,2523.31,7408,29,0
2024-12-23 12:00:00,2523.3,2524.35,2519.56,2521.04,9242,29,0
2024-12-23 13:00:00,2521.02,2521.03,2514.3,2515.54,8064,29,0
2024-12-23 14:00:00,2515.54,2519.93,2514.94,2515.49,8971,30,0
2024-12-23 15:00:00,2515.49,2520.86,2514.17,2516.82,11904,30,0
2024-12-23 16:00:00,2516.77,2518.24,2514.48,2516.36,12875,30,0
2024-12-23 17:00:00,2516.32,2518.25,2511.24,2511.55,15483,30,0
2024-12-23 18:00:00,2511.56,2513.76,2508.05,2513.27,11526,30,0
2024-12-23 19:00:00,2513.27,2513.69,2508.38,2511.26,9221,32,0
2024-12-23 20:00:00,2511.26,2512.04,2507.58,2507.85,7154,32,0
2024-12-23 21:00:00,2507.86,2511.62,2507.06,2507.93,5476,32,0
2024-12-23 22:00:00,2507.92,2510.3,2507.17,2509.01,5685,32,0
2024-12-23 23:00:00,2509.09,2511.3,2508.46,2510.41,2162,32,0
2024-12-24 01:00:00,2512.35,2514.75,2511.57,2513.8,2197,42,0
2024-12-24 02:00:00,2513.8,2516.73,2513.24,2515.84,3069,37,0
2024-12-24 03:00:00,2515.87,2516.9,2513.29,2516.11,7336,33,0
2024-12-24 04:00:00,2516.1,2519.37,2515.31,2516.21,6020,33,0
2024-12-24 05:00:00,2516.18,2520.1,2515.43,2520.1,5269,33,0
2024-12-24 06:00:00,2520.11,2520.58,2518.71,2520.18,3525,33,0
2024-12-24 07:00:00,2520.18,2521.97,2518.56,2519.2,5102,33,0
2024-12-24 08:00:00,2519.2,2520.26,2516.98,2519.06,5825,33,0
2024-12-24 09:00:00,2519.06,2521.04,2519.01,2519.82,5551,29,0
2024-12-24 10:00:00,2519.86,2520.14,2516.28,2517.66,6089,29,0
2024-12-24 11:00:00,2517.67,2518.55,2513.7,2514.95,6117,29,0
2024-12-24 12:00:00,2514.98,2518.54,2514.64,2515.71,5423,29,0
2024-12-24 13:00:00,2515.7,2517.03,2512.1,2515.68,5341,29,0
2024-12-24 14:00:00,2515.68,2516.06,2512.4,2515.22,6619,30,0
2024-12-24 15:00:00,2515.24,2515.66,2510.85,2512.93,9348,30,0
2024-12-24 16:00:00,2512.94,2515.29,2508.2,2509.33,10159,30,0
2024-12-24 17:00:00,2509.36,2513.87,2508.14,2513.19,10199,30,0
2024-12-24 18:00:00,2513.2,2519.36,2512.66,2518.26,7697,30,0
2024-12-24 19:00:00,2518.26,2520.9,2516.1,2518.97,8712,31,0
2024-12-24 20:00:00,2518.98,2519.62,2516.87,2518.05,3085,32,0
2024-12-26 01:00:00,2513.8,2519.13,2513.73,2517.97,2602,49,0
2024-12-26 02:00:00,2517.97,2523.32,2517.97,2521.38,3927,37,0
2024-12-26 03:00:00,2521.37,2526.92,2520.78,2526.26,8106,33,0
2024-12-26 04:00:00,2526.26,2526.76,2524.98,2526.71,4636,33,0
2024-12-26 05:00:00,2526.74,2528.06,2524.01,2525.64,4596,33,0
2024-12-26 06:00:00,2525.63,2527.88,2525.48,2526.61,3567,33,0
2024-12-26 07:00:00,2526.6,2526.77,2524.85,2525.77,4837,33,0
2024-12-26 08:00:00,2525.79,2526.37,2523.81,2525.31,4451,33,0
2024-12-26 09:00:00,2525.31,2528.59,2523.78,2524.91,5064,29,0
2024-12-26 10:00:00,2524.97,2529.25,2524.93,2527.53,5171,29,0
2024-12-26 11:00:00,2527.51,2528.02,2525.22,2526.35,4276,29,0
2024-12-26 12:00:00,2526.35,2528.08,2525.29,2527.09,3987,29,0
2024-12-26 13:00:00,2527.08,2528.54,2526.3,2526.32,4018,29,0
2024-12-26 14:00:00,2526.32,2527.36,2524.97,2525.55,5330,30,0
2024-12-26 15:00:00,2525.54,2529.17,2520.33,2521.45,10770,30,0
2024-12-26 16:00:00,2521.44,2528.29,2521.16,2528.11,10336,30,0
2024-12-26 17:00:00,2528.12,2534.97,2527.72,2532.63,11989,30,0
2024-12-26 18:00:00,2532.77,2532.96,2525.18,2525.35,8729,30,0
2024-12-26 19:00:00,2525.35,2527.29,2523.77,2525.23,8057,32,0
2024-12-26 20:00:00,2525.24,2528.69,2524.58,2528.14,8302,32,0
2024-12-26 21:00:00,2528.06,2529.3,2526.87,2529.17,6990,32,0
2024-12-26 22:00:00,2529.18,2529.98,2527.43,2527.91,6896,32,0
2024-12-26 23:00:00,2527.9,2528.32,2525.95,2526.25,2632,32,0
2024-12-27 01:00:00,2524.77,2527.32,2523.76,2525.89,2510,38,0
2024-12-27 02:00:00,2525.89,2527.07,2525.04,2525.58,3466,39,0
2024-12-27 03:00:00,2525.59,2528.51,2525.2,2527.68,7126,33,0
2024-12-27 04:00:00,2527.66,2529.76,2525.16,2529.22,6300,33,0
2024-12-27 05:00:00,2529.23,2531.56,2528.05,2529.36,5004,33,0
2024-12-27 06:00:00,2529.36,2530.34,2527.98,2530.02,3246,33,0
2024-12-27 07:00:00,2530.02,2530.68,2527.87,2527.87,4660,33,0
2024-12-27 08:00:00,2527.88,2532.67,2527.8,2530.16,5797,33,0
2024-12-27 09:00:00,2530.16,2533.95,2526.38,2526.83,6715,29,0
2024-12-27 10:00:00,2526.72,2527.16,2520.88,2522.05,8086,29,0
2024-12-27 11:00:00,2522.07,2523.39,2518.88,2518.95,5632,29,0
2024-12-27 12:00:00,2518.97,2522.6,2518.39,2520.97,5315,29,0
2024-12-27 13:00:00,2520.99,2521.11,2517.23,2518.12,6441,29,0
2024-12-27 14:00:00,2518.12,2520.82,2516.81,2517.28,7006,30,0
2024-12-27 15:00:00,2517.33,2518.53,2508.58,2508.63,12513,31,0
2024-12-27 16:00:00,2508.45,2510.11,2503.6,2508.71,14511,30,0
2024-12-27 17:00:00,2508.7,2513.44,2506.58,2512.07,14972,30,0
2024-12-27 18:00:00,2512.05,2512.55,2507.87,2511.73,9833,30,0
2024-12-27 19:00:00,2511.73,2512.21,2509.27,2510.04,9334,32,0
2024-12-27 20:00:00,2510.03,2512.72,2508.9,2511.29,7186,32,0
2024-12-27 21:00:00,2511.34,2513.58,2509.98,2512.85,6046,32,0
2024-12-27 22:00:00,2512.83,2512.96,2505.86,2508.41,6485,33,0
2024-12-27 23:00:00,2508.47,2514.39,2508.41,2513.27,2798,32,0
2024-12-30 01:00:00,2512.35,2517.45,2511.25,2515.83,3039,35,0
2024-12-30 02:00:00,2515.83,2517.31,2513.83,2514.84,2809,33,0
2024-12-30 03:00:00,2514.78,2518.54,2514.3,2516.99,6954,33,0
2024-12-30 04:00:00,2517.02,2517.77,2515.31,2516.68,4850,33,0
2024-12-30 05:00:00,2516.68,2521.14,2516.12,2519.38,4367,33,0
2024-12-30 06:00:00,2519.35,2519.38,2514.41,2515.15,3781,33,0
2024-12-30 07:00:00,2515.16,2516.95,2513.37,2516.6,4787,33,0
2024-12-30 08:00:00,2516.59,2517.04,2510.54,2511.28,6240,33,0
2024-12-30 09:00:00,2511.28,2512.96,2508.81,2509.76,6876,29,0
2024-12-30 10:00:00,2509.89,2510.49,2504.49,2508.35,8959,29,0
2024-12-30 11:00:00,2508.34,2512.21,2503.74,2504.0,7705,29,0
2024-12-30 12:00:00,2503.97,2505.34,2500.67,2500.99,7875,29,0
2024-12-30 13:00:00,2500.91,2506.56,2499.54,2504.05,8452,29,0
2024-12-30 14:00:00,2504.05,2509.61,2502.14,2508.62,7726,30,0
2024-12-30 15:00:00,2508.56,2512.52,2503.92,2509.2,15692,30,0
2024-12-30 16:00:00,2509.19,2511.94,2506.96,2509.63,15844,30,0
2024-12-30 17:00:00,2509.61,2510.25,2501.3,2506.17,17334,30,0
2024-12-30 18:00:00,2506.15,2506.82,2500.55,2503.09,12601,30,0
2024-12-30 19:00:00,2503.09,2506.7,2502.9,2506.27,9655,32,0
2024-12-30 20:00:00,2506.3,2506.77,2502.74,2504.68,8030,32,0
2024-12-30 21:00:00,2504.72,2508.24,2502.84,2507.53,6604,32,0
2024-12-30 22:00:00,2507.57,2508.48,2506.46,2507.62,8406,32,0
2024-12-30 23:00:00,2507.62,2507.92,2503.73,2503.93,2480,27,0
2024-12-31 01:00:00,2505.46,2505.77,2503.07,2504.85,1898,42,0
2024-12-31 02:00:00,2504.85,2507.49,2503.84,2506.41,2709,37,0
2024-12-31 03:00:00,2506.39,2508.51,2504.7,2505.47,8082,33,0
2024-12-31 04:00:00,2505.41,2506.89,2503.43,2503.71,5046,33,0
2024-12-31 05:00:00,2503.66,2504.59,2501.25,2502.28,4734,33,0
2024-12-31 06:00:00,2502.28,2505.32,2502.03,2505.08,2822,33,0
2024-12-31 07:00:00,2505.06,2506.0,2501.32,2503.16,4179,33,0
2024-12-31 08:00:00,2503.14,2507.46,2502.18,2506.48,6770,33,0
2024-12-31 09:00:00,2506.48,2511.18,2505.03,2510.32,6795,29,0
2024-12-31 10:00:00,2510.33,2513.47,2509.49,2511.39,8117,29,0
2024-12-31 11:00:00,2511.39,2512.41,2508.36,2510.1,7346,29,0
2024-12-31 12:00:00,2510.25,2512.48,2506.04,2508.13,8016,29,0
2024-12-31 13:00:00,2508.13,2509.82,2505.92,2508.04,5953,29,0
2024-12-31 14:00:00,2508.04,2513.03,2506.55,2512.34,7710,29,0
2024-12-31 15:00:00,2512.4,2516.49,2508.53,2514.29,11795,30,0
2024-12-31 16:00:00,2514.26,2520.58,2513.13,2519.04,13340,30,0
2024-12-31 17:00:00,2519.03,2536.71,2517.51,2535.62,17008,30,0
2024-12-31 18:00:00,2535.61,2538.37,2533.1,2536.35,11996,30,0
2024-12-31 19:00:00,2536.37,2537.69,2534.99,2535.67,9836,31,0
2024-12-31 20:00:00,2535.63,2537.55,2534.08,2535.36,9284,32,0
2024-12-31 21:00:00,2535.43,2536.01,2532.54,2533.63,6656,34,0
2024-12-31 22:00:00,2533.62,2534.24,2530.96,2532.16,5954,32,0
2024-12-31 23:00:00,2532.17,2534.54,2531.41,2534.45,2093,32,0
2025-01-02 01:00:00,2534.93,2535.55,2533.11,2534.64,3203,43,0
2025-01-02 02:00:00,2534.64,2538.32,2533.66,2535.91,4597,41,0
2025-01-02 03:00:00,2535.9,2545.02,2534.71,2541.9,11875,35,0
2025-01-02 04:00:00,2541.89,2544.57,2538.64,2540.41,7373,33,0
2025-01-02 05:00:00,2540.38,2540.99,2537.83,2539.11,5094,34,0
2025-01-02 06:00:00,2539.09,2540.22,2537.07,2540.06,4092,33,0
2025-01-02 07:00:00,2540.08,2543.81,2539.04,2541.42,5909,33,0
2025-01-02 08:00:00,2541.38,2542.64,2539.35,2541.65,7342,33,0
2025-01-02 09:00:00,2541.65,2543.7,2538.76,2543.6,7697,29,0
2025-01-02 10:00:00,2543.59,2546.02,2541.56,2544.04,11466,29,0
2025-01-02 11:00:00,2544.02,2547.9,2543.58,2546.4,9594,29,0
2025-01-02 12:00:00,2546.41,2562.1,2542.99,2561.5,13014,29,0
2025-01-02 13:00:00,2561.52,2561.67,2556.91,2556.97,9330,29,0
2025-01-02 14:00:00,2556.97,2563.49,2555.77,2561.77,10286,30,0
2025-01-02 15:00:00,2561.73,2566.46,2554.46,2562.48,17318,30,0
2025-01-02 16:00:00,2562.47,2571.22,2560.77,2569.4,17577,30,0
2025-01-02 17:00:00,2569.29,2583.19,2567.6,2583.14,19561,30,0
2025-01-02 18:00:00,2583.14,2595.91,2580.45,2591.43,18397,30,0
2025-01-02 19:00:00,2591.43,2593.43,2584.76,2587.88,11498,32,0
2025-01-02 20:00:00,2587.82,2590.41,2586.0,2588.95,9972,32,0
2025-01-02 21:00:00,2588.96,2590.69,2587.98,2589.5,8392,32,0
2025-01-02 22:00:00,2589.52,2592.36,2588.42,2591.8,7518,32,0
2025-01-02 23:00:00,2591.75,2591.9,2587.6,2588.57,2755,32,0
2025-01-03 01:00:00,2589.24,2590.55,2588.39,2588.94,2505,36,0
2025-01-03 02:00:00,2588.94,2591.8,2588.91,2589.96,4417,33,0
2025-01-03 03:00:00,2589.98,2591.79,2587.18,2590.08,7214,33,0
2025-01-03 04:00:00,2590.04,2594.15,2585.93,2591.83,8220,33,0
2025-01-03 05:00:00,2591.83,2594.42,2590.56,2592.08,6387,33,0
2025-01-03 06:00:00,2592.04,2594.75,2591.73,2592.85,3106,33,0
2025-01-03 07:00:00,2592.85,2592.91,2585.88,2588.15,5446,33,0
2025-01-03 08:00:00,2588.16,2589.21,2585.82,2587.25,5649,33,0
2025-01-03 09:00:00,2587.25,2587.42,2579.65,2581.7,10141,29,0
2025-01-03 10:00:00,2581.6,2582.23,2577.71,2580.57,10669,29,0
2025-01-03 11:00:00,2580.55,2582.18,2576.79,2578.77,8767,29,0
2025-01-03 12:00:00,2578.76,2585.34,2578.4,2584.99,7446,29,0
2025-01-03 13:00:00,2584.95,2585.55,2578.78,2580.8,7473,29,0
2025-01-03 14:00:00,2580.8,2581.48,2578.0,2578.92,7544,30,0
2025-01-03 15:00:00,2578.87,2579.66,2567.13,2574.34,13470,30,0
2025-01-03 16:00:00,2574.3,2576.4,2569.4,2570.5,14672,30,0
2025-01-03 17:00:00,2568.46,2573.81,2566.37,2569.57,18217,30,0
2025-01-03 18:00:00,2569.5,2571.71,2564.43,2565.28,12090,30,0
2025-01-03 19:00:00,2565.28,2565.77,2561.64,2565.27,8454,30,0
2025-01-03 20:00:00,2565.27,2565.97,2562.47,2565.51,8258,32,0
2025-01-03 21:00:00,2565.55,2567.23,2562.17,2562.19,6009,32,0
2025-01-03 22:00:00,2562.18,2562.75,2558.8,2559.89,5608,32,0
2025-01-03 23:00:00,2559.92,2561.95,2558.22,2560.13,2755,32,0
2025-01-06 01:00:00,2562.92,2563.94,2561.23,2562.71,3114,35,0
2025-01-06 02:00:00,2562.71,2565.39,2562.18,2565.33,5433,33,0
2025-01-06 03:00:00,2565.33,2567.67,2561.18,2561.29,10429,33,0
2025-01-06 04:00:00,2561.3,2564.49,2559.66,2563.39,7403,33,0
2025-01-06 05:00:00,2563.39,2563.97,2558.41,2559.11,5887,33,0
2025-01-06 06:00:00,2559.09,2560.17,2553.84,2554.8,4944,33,0
2025-01-06 07:00:00,2554.82,2555.62,2551.22,2554.88,7199,33,0
2025-01-06 08:00:00,2554.93,2556.04,2550.27,2551.61,8034,33,0
2025-01-06 09:00:00,2551.61,2554.02,2542.42,2543.54,8913,29,0
2025-01-06 10:00:00,2543.54,2544.46,2540.51,2542.32,10357,29,0
2025-01-06 11:00:00,2542.31,2546.51,2540.19,2542.31,11593,29,0
2025-01-06 12:00:00,2542.31,2548.98,2541.93,2548.12,7880,29,0
2025-01-06 13:00:00,2548.23,2550.18,2535.77,2538.43,20935,29,0
2025-01-06 14:00:00,2538.43,2544.26,2536.91,2540.78,14879,30,0
2025-01-06 15:00:00,2540.64,2541.62,2518.0,2519.1,20903,31,0
2025-01-06 16:00:00,2519.09,2534.81,2517.81,2531.99,24158,30,0
2025-01-06 17:00:00,2531.87,2542.93,2530.31,2534.53,20941,30,0
2025-01-06 18:00:00,2534.48,2540.87,2533.02,2539.82,14570,30,0
2025-01-06 19:00:00,2539.82,2542.57,2536.43,2538.27,9699,32,0
2025-01-06 20:00:00,2538.28,2540.27,2537.09,2537.58,9651,32,0
2025-01-06 21:00:00,2537.57,2537.57,2534.21,2535.71,8636,32,0
2025-01-06 22:00:00,2535.69,2536.52,2534.0,2536.09,6867,32,0
2025-01-06 23:00:00,2536.08,2538.01,2536.07,2536.56,2993,32,0
2025-01-07 01:00:00,2537.56,2537.98,2536.26,2537.26,2052,33,0
2025-01-07 02:00:00,2537.26,2538.14,2536.21,2537.36,4468,34,0
2025-01-07 03:00:00,2537.36,2544.25,2537.22,2541.97,10101,33,0
2025-01-07 04:00:00,2542.02,2542.96,2539.66,2541.28,6416,33,0
2025-01-07 05:00:00,2541.3,2541.84,2538.75,2539.68,3908,33,0
2025-01-07 06:00:00,2539.7,2540.34,2537.94,2538.69,3774,33,0
2025-01-07 07:00:00,2538.66,2543.79,2537.65,2543.4,7391,33,0
2025-01-07 08:00:00,2543.3,2544.33,2538.89,2539.17,8268,33,0
2025-01-07 09:00:00,2539.17,2540.32,2531.39,2535.32,10145,28,0
2025-01-07 10:00:00,2535.32,2541.67,2533.83,2534.83,11190,26,0
2025-01-07 11:00:00,2534.74,2536.15,2531.25,2532.97,9030,26,0
2025-01-07 12:00:00,2532.96,2537.26,2532.91,2535.35,8821,26,0
2025-01-07 13:00:00,2535.44,2543.57,2535.34,2543.21,8554,26,0
2025-01-07 14:00:00,2543.16,2552.78,2542.21,2552.22,11038,25,0
2025-01-07 15:00:00,2552.18,2563.81,2549.85,2560.7,17907,25,0
2025-01-07 16:00:00,2560.7,2562.15,2555.54,2557.85,16554,25,0
2025-01-07 17:00:00,2557.36,2558.69,2549.79,2552.45,23901,25,0
2025-01-07 18:00:00,2552.37,2559.67,2551.36,2557.54,16995,25,0
2025-01-07 19:00:00,2557.5,2561.47,2556.9,2558.57,12267,26,0
2025-01-07 20:00:00,2558.57,2559.39,2556.49,2558.42,10970,28,0
2025-01-07 21:00:00,2558.42,2558.64,2555.83,2558.42,7955,28,0
2025-01-07 22:00:00,2558.43,2562.77,2557.48,2562.14,7559,28,0
2025-01-07 23:00:00,2562.14,2562.62,2560.12,2560.76,2391,28,0
2025-01-08 01:00:00,2561.12,2562.45,2560.48,2562.05,2279,28,0
2025-01-08 02:00:00,2562.05,2562.49,2560.64,2561.62,3949,28,0
2025-01-08 03:00:00,2561.63,2561.93,2557.33,2558.4,8230,28,0
2025-01-08 04:00:00,2558.4,2559.65,2555.81,2558.13,5254,28,0
2025-01-08 05:00:00,2557.94,2558.3,2556.34,2557.84,4369,28,0
2025-01-08 06:00:00,2557.82,2558.87,2555.89,2557.06,3406,28,0
2025-01-08 07:00:00,2557.02,2559.9,2556.9,2559.03,5410,28,0
2025-01-08 08:00:00,2558.98,2563.21,2557.5,2562.06,7187,28,0
2025-01-08 09:00:00,2562.06,2567.94,2561.93,2567.18,8921,26,0
2025-01-08 10:00:00,2567.16,2569.99,2564.54,2569.96,10960,26,0
2025-01-08 11:00:00,2570.01,2571.94,2569.28,2571.37,9311,26,0
2025-01-08 12:00:00,2571.44,2574.81,2571.02,2571.02,8473,26,0
2025-01-08 13:00:00,2570.96,2578.54,2569.36,2574.07,14335,26,0
2025-01-08 14:00:00,2574.07,2579.36,2572.0,2579.03,12372,25,0
2025-01-08 15:00:00,2579.03,2583.77,2574.63,2581.77,19827,26,0
2025-01-08 16:00:00,2581.76,2591.25,2580.75,2585.94,19235,25,0
2025-01-08 17:00:00,2585.86,2589.9,2583.0,2587.6,17695,25,0
2025-01-08 18:00:00,2587.59,2589.47,2585.58,2588.56,13001,25,0
2025-01-08 19:00:00,2588.56,2591.18,2571.4,2576.8,14152,25,0
2025-01-08 20:00:00,2576.8,2579.5,2571.63,2572.61,10457,28,0
2025-01-08 21:00:00,2572.66,2578.8,2571.51,2578.46,10727,28,0
2025-01-08 22:00:00,2578.43,2582.51,2578.24,2581.63,8223,28,0
2025-01-08 23:00:00,2581.64,2582.27,2578.2,2578.77,3122,24,0
2025-01-09 01:00:00,2579.54,2581.72,2579.48,2581.57,1905,29,0
2025-01-09 02:00:00,2581.57,2581.6,2578.92,2579.13,4498,29,0
2025-01-09 03:00:00,2579.11,2580.59,2575.97,2577.4,7258,28,0
2025-01-09 04:00:00,2577.39,2578.9,2574.57,2577.16,5449,28,0
2025-01-09 05:00:00,2577.19,2579.71,2577.01,2579.12,4952,28,0
2025-01-09 06:00:00,2579.11,2579.71,2576.21,2579.23,4002,28,0
2025-01-09 07:00:00,2579.24,2580.68,2577.74,2579.18,5600,28,0
2025-01-09 08:00:00,2579.18,2589.42,2579.14,2588.9,7983,28,0
2025-01-09 09:00:00,2588.9,2589.58,2585.86,2586.99,9755,26,0
2025-01-09 10:00:00,2586.98,2588.49,2583.74,2584.83,12919,26,0
2025-01-09 11:00:00,2584.84,2586.96,2581.92,2585.7,9544,26,0
2025-01-09 12:00:00,2585.69,2590.04,2584.98,2588.92,9005,26,0
2025-01-09 13:00:00,2588.93,2595.01,2587.33,2592.09,10340,26,0
2025-01-09 14:00:00,2592.09,2597.01,2591.25,2595.26,8597,25,0
2025-01-09 15:00:00,2595.19,2596.66,2591.29,2592.83,14221,25,0
2025-01-09 16:00:00,2592.74,2595.62,2586.54,2592.56,12447,25,0
2025-01-09 17:00:00,2592.6,2597.05,2590.49,2590.66,10957,25,0
2025-01-09 18:00:00,2590.66,2593.87,2589.08,2590.53,8906,25,0
2025-01-09 19:00:00,2590.53,2590.77,2585.48,2588.84,8556,28,0
2025-01-09 20:00:00,2588.89,2594.4,2588.2,2593.42,7273,28,0
2025-01-09 21:00:00,2593.42,2593.72,2590.63,2592.77,5405,28,0
2025-01-09 22:00:00,2592.67,2593.31,2590.5,2591.36,3697,28,0
2025-01-09 23:00:00,2591.41,2593.29,2591.01,2592.11,1751,28,0
2025-01-10 01:00:00,2592.42,2593.35,2591.26,2593.04,2359,29,0
2025-01-10 02:00:00,2593.04,2594.92,2591.77,2593.71,5015,28,0
2025-01-10 03:00:00,2593.72,2594.5,2591.01,2592.7,7589,28,0
2025-01-10 04:00:00,2592.7,2596.38,2592.33,2595.02,5617,28,0
2025-01-10 05:00:00,2595.02,2597.09,2594.24,2596.12,3805,28,0
2025-01-10 06:00:00,2596.14,2596.56,2595.03,2595.06,3614,28,0
2025-01-10 07:00:00,2595.06,2601.13,2594.79,2600.59,5930,28,0
2025-01-10 08:00:00,2600.54,2604.97,2599.71,2604.68,7517,29,0
2025-01-10 09:00:00,2604.68,2604.71,2597.1,2598.91,8331,26,0
2025-01-10 10:00:00,2598.88,2601.92,2597.81,2601.25,11972,26,0
2025-01-10 11:00:00,2601.28,2603.59,2599.3,2600.48,10928,26,0
2025-01-10 12:00:00,2600.59,2603.92,2599.82,2602.27,9772,27,0
2025-01-10 13:00:00,2602.26,2604.27,2601.53,2602.64,8622,27,0
2025-01-10 14:00:00,2602.64,2602.78,2595.07,2598.76,10877,26,0
2025-01-10 15:00:00,2598.76,2617.05,2593.68,2615.43,21420,27,0
2025-01-10 16:00:00,2615.34,2625.82,2613.7,2621.66,26042,26,0
2025-01-10 17:00:00,2621.72,2630.1,2617.94,2626.81,24137,26,0
2025-01-10 18:00:00,2626.79,2634.34,2623.58,2633.75,20539,26,0
2025-01-10 19:00:00,2633.75,2634.04,2629.95,2631.58,14649,28,0
2025-01-10 20:00:00,2631.63,2632.42,2622.19,2623.79,13678,29,0
2025-01-10 21:00:00,2623.76,2624.52,2620.55,2621.61,11132,29,0
2025-01-10 22:00:00,2621.53,2627.08,2620.56,2626.32,10015,29,0
2025-01-10 23:00:00,2626.36,2628.59,2623.72,2624.21,4258,29,0
2025-01-13 01:00:00,2620.76,2628.2,2619.43,2627.13,4230,30,0
2025-01-13 02:00:00,2627.13,2630.0,2625.11,2625.88,5005,30,0
2025-01-13 03:00:00,2625.98,2626.1,2614.08,2622.23,15048,29,0
2025-01-13 04:00:00,2622.22,2627.28,2621.54,2625.5,9127,29,0
2025-01-13 05:00:00,2625.5,2631.65,2623.55,2631.24,7838,29,0
2025-01-13 06:00:00,2631.15,2633.09,2628.83,2630.24,7379,29,0
2025-01-13 07:00:00,2630.23,2630.97,2626.56,2629.13,8071,29,0
2025-01-13 08:00:00,2629.2,2633.52,2628.41,2632.53,8530,29,0
2025-01-13 09:00:00,2632.53,2633.63,2626.98,2628.49,11997,27,0
2025-01-13 10:00:00,2628.5,2631.99,2624.04,2628.9,14499,27,0
2025-01-13 11:00:00,2628.9,2637.54,2627.41,2633.79,15671,27,0
2025-01-13 12:00:00,2633.77,2633.77,2624.04,2626.29,12748,27,0
2025-01-13 13:00:00,2626.3,2631.0,2623.17,2624.46,11436,27,0
2025-01-13 14:00:00,2624.46,2625.45,2614.36,2617.94,16102,26,0
2025-01-13 15:00:00,2618.07,2619.43,2607.22,2614.67,19832,26,0
2025-01-13 16:00:00,2614.62,2621.01,2611.17,2617.25,18453,26,0
2025-01-13 17:00:00,2617.09,2618.84,2609.48,2610.38,17267,26,0
2025-01-13 18:00:00,2610.33,2616.15,2606.65,2607.02,13028,26,0
2025-01-13 19:00:00,2607.02,2607.99,2602.73,2604.01,10761,29,0
2025-01-13 20:00:00,2603.99,2606.68,2601.6,2602.93,8076,29,0
2025-01-13 21:00:00,2602.94,2605.98,2600.97,2604.81,6742,29,0
2025-01-13 22:00:00,2604.79,2606.04,2603.21,2605.68,5558,29,0
2025-01-13 23:00:00,2605.64,2605.72,2598.04,2598.42,3469,29,0
2025-01-14 01:00:00,2595.79,2600.1,2594.66,2599.2,5206,30,0
2025-01-14 02:00:00,2599.22,2606.61,2599.22,2605.67,5542,29,0
2025-01-14 03:00:00,2605.68,2607.97,2604.07,2605.7,11288,29,0
2025-01-14 04:00:00,2605.73,2608.55,2604.7,2606.5,8614,29,0
2025-01-14 05:00:00,2606.49,2606.72,2603.5,2604.95,7373,29,0
2025-01-14 06:00:00,2604.96,2608.55,2602.74,2608.19,4836,29,0
2025-01-14 07:00:00,2608.19,2609.79,2602.93,2604.72,7443,29,0
2025-01-14 08:00:00,2604.82,2604.85,2602.7,2603.29,7307,29,0
2025-01-14 09:00:00,2603.29,2604.3,2599.5,2602.96,11304,27,0
2025-01-14 10:00:00,2603.2,2605.14,2599.88,2602.89,13836,27,0
2025-01-14 11:00:00,2602.87,2604.29,2596.63,2599.64,11764,27,0
2025-01-14 12:00:00,2599.69,2601.38,2597.52,2598.97,9479,27,0
2025-01-14 13:00:00,2598.95,2603.52,2597.23,2603.07,8765,27,0
2025-01-14 14:00:00,2603.07,2607.48,2600.81,2603.71,10124,26,0
2025-01-14 15:00:00,2603.69,2606.43,2595.41,2597.1,19603,26,0
2025-01-14 16:00:00,2597.03,2599.22,2590.12,2595.62,19189,25,0
2025-01-14 17:00:00,2595.64,2602.94,2593.97,2595.12,18304,25,0
2025-01-14 18:00:00,2595.18,2598.54,2592.97,2595.78,15177,25,0
2025-01-14 19:00:00,2595.78,2597.59,2593.62,2594.18,9991,26,0
2025-01-14 20:00:00,2594.11,2594.96,2591.56,2594.63,7914,28,0
2025-01-14 21:00:00,2594.62,2597.22,2594.17,2596.71,7050,28,0
2025-01-14 22:00:00,2596.71,2597.93,2592.48,2597.93,6933,28,0
2025-01-14 23:00:00,2597.82,2598.4,2596.48,2596.94,2785,28,0
2025-01-15 01:00:00,2597.13,2597.72,2595.02,2596.01,2024,30,0
2025-01-15 02:00:00,2596.01,2597.6,2594.18,2594.43,3525,31,0
2025-01-15 03:00:00,2594.44,2596.02,2591.88,2591.98,5994,28,0
2025-01-15 04:00:00,2591.98,2597.86,2591.45,2596.18,6388,28,0
2025-01-15 05:00:00,2596.18,2598.1,2594.23,2597.63,4512,28,0
2025-01-15 06:00:00,2597.64,2598.89,2596.16,2596.98,4039,28,0
2025-01-15 07:00:00,2596.97,2602.95,2595.59,2602.94,7655,28,0
2025-01-15 08:00:00,2602.95,2605.96,2601.67,2603.74,7405,28,0
2025-01-15 09:00:00,2603.74,2607.09,2600.04,2601.65,10560,26,0
2025-01-15 10:00:00,2601.69,2607.06,2601.09,2606.49,11015,26,0
2025-01-15 11:00:00,2606.62,2607.22,2604.41,2605.07,9694,26,0
2025-01-15 12:00:00,2605.09,2609.3,2603.62,2608.07,9471,26,0
2025-01-15 13:00:00,2608.25,2609.38,2604.87,2608.12,10253,26,0
2025-01-15 14:00:00,2608.12,2608.97,2605.07,2606.42,10336,25,0
2025-01-15 15:00:00,2606.6,2609.09,2591.61,2603.98,21408,25,0
2025-01-15 16:00:00,2604.03,2606.63,2591.56,2597.0,22521,25,0
2025-01-15 17:00:00,2597.07,2601.69,2593.09,2598.85,19818,25,0
2025-01-15 18:00:00,2598.94,2617.42,2598.05,2615.71,16488,25,0
2025-01-15 19:00:00,2615.71,2618.8,2613.46,2617.9,10613,28,0
2025-01-15 20:00:00,2617.83,2619.19,2614.56,2617.48,9398,28,0
2025-01-15 21:00:00,2617.45,2618.75,2616.48,2617.16,5874,28,0
2025-01-15 22:00:00,2617.14,2619.03,2616.33,2618.79,5948,28,0
2025-01-15 23:00:00,2618.69,2620.46,2617.8,2619.69,3169,28,0
2025-01-16 01:00:00,2617.16,2620.45,2616.96,2617.54,2497,28,0
2025-01-16 02:00:00,2617.54,2621.52,2616.09,2616.84,7746,28,0
2025-01-16 03:00:00,2616.84,2624.4,2616.11,2620.32,13409,28,0
2025-01-16 04:00:00,2620.22,2622.3,2619.66,2622.16,9201,28,0
2025-01-16 05:00:00,2622.14,2623.27,2620.41,2621.36,6401,28,0
2025-01-16 06:00:00,2621.29,2622.52,2619.57,2621.86,4487,28,0
2025-01-16 07:00:00,2621.81,2622.36,2618.92,2620.76,7261,28,0
2025-01-16 08:00:00,2620.77,2621.37,2614.63,2618.18,8801,28,0
2025-01-16 09:00:00,2618.18,2621.78,2617.65,2620.15,11098,26,0
2025-01-16 10:00:00,2620.22,2625.8,2618.91,2621.24,11931,26,0
2025-01-16 11:00:00,2621.25,2631.33,2620.93,2630.11,12199,25,0
2025-01-16 12:00:00,2630.12,2633.18,2628.44,2632.44,8744,25,0
2025-01-16 13:00:00,2632.48,2634.97,2629.7,2629.96,8466,25,0
2025-01-16 14:00:00,2629.96,2634.1,2628.38,2632.01,13355,24,0
2025-01-16 15:00:00,2632.0,2643.68,2629.41,2640.99,19228,24,0
2025-01-16 16:00:00,2641.05,2645.74,2641.05,2644.41,18194,24,0
2025-01-16 17:00:00,2644.61,2645.47,2633.35,2637.43,21127,24,0
2025-01-16 18:00:00,2637.47,2643.63,2635.63,2640.45,17217,24,0
2025-01-16 19:00:00,2640.45,2644.15,2639.14,2643.25,12152,27,0
2025-01-16 20:00:00,2643.33,2644.12,2635.85,2636.0,10593,27,0
2025-01-16 21:00:00,2636.03,2637.47,2634.51,2635.63,8482,27,0
2025-01-16 22:00:00,2635.62,2637.96,2635.05,2636.46,6173,27,0
2025-01-16 23:00:00,2636.46,2636.78,2632.9,2634.14,4131,27,0
2025-01-17 01:00:00,2633.77,2635.62,2632.63,2635.01,2392,27,0
2025-01-17 02:00:00,2635.01,2636.08,2633.86,2634.34,5111,27,0
2025-01-17 03:00:00,2634.33,2634.44,2629.52,2634.26,10611,27,0
2025-01-17 04:00:00,2634.29,2636.26,2633.07,2635.88,7630,27,0
2025-01-17 05:00:00,2635.81,2637.09,2634.96,2636.04,5694,27,0
2025-01-17 06:00:00,2636.03,2638.32,2635.43,2637.24,4356,27,0
2025-01-17 07:00:00,2637.21,2638.15,2633.8,2634.2,7211,27,0
2025-01-17 08:00:00,2634.21,2637.02,2633.82,2635.98,7918,27,0
2025-01-17 09:00:00,2635.99,2639.59,2633.47,2635.42,10009,25,0
2025-01-17 10:00:00,2635.44,2635.49,2631.52,2633.41,10017,25,0
2025-01-17 11:00:00,2633.37,2633.38,2625.92,2627.01,11432,25,0
2025-01-17 12:00:00,2626.91,2627.0,2623.29,2624.19,9063,25,0
2025-01-17 13:00:00,2624.22,2628.46,2624.08,2627.93,8795,25,0
2025-01-17 14:00:00,2627.93,2634.34,2627.29,2633.61,12241,24,0
2025-01-17 15:00:00,2633.52,2635.49,2628.03,2628.58,18530,24,0
2025-01-17 16:00:00,2628.58,2636.38,2627.85,2633.1,20142,24,0
2025-01-17 17:00:00,2633.11,2635.99,2626.54,2635.4,17363,24,0
2025-01-17 18:00:00,2635.4,2641.16,2634.88,2640.4,13429,24,0
2025-01-17 19:00:00,2640.4,2640.51,2634.22,2638.38,10068,27,0
2025-01-17 20:00:00,2638.39,2638.9,2630.36,2631.53,9395,27,0
2025-01-17 21:00:00,2631.54,2634.58,2629.89,2630.29,8081,27,0
2025-01-17 22:00:00,2630.3,2631.64,2627.5,2628.4,9359,27,0
2025-01-17 23:00:00,2628.41,2631.43,2628.12,2630.7,3160,27,0
2025-01-20 01:00:00,2628.86,2631.8,2620.65,2622.74,5609,27,0
2025-01-20 02:00:00,2622.74,2622.74,2617.76,2619.47,5534,27,0
2025-01-20 03:00:00,2619.47,2622.2,2614.74,2617.62,13022,27,0
2025-01-20 04:00:00,2617.65,2621.91,2617.43,2621.06,9220,27,0
2025-01-20 05:00:00,2621.08,2625.51,2620.67,2623.01,7645,27,0
2025-01-20 06:00:00,2623.02,2626.81,2621.92,2625.97,6178,27,0
2025-01-20 07:00:00,2625.93,2627.68,2623.32,2627.66,8138,27,0
2025-01-20 08:00:00,2627.69,2633.28,2627.19,2630.01,9787,27,0
2025-01-20 09:00:00,2630.01,2630.35,2620.09,2620.51,9156,25,0
2025-01-20 10:00:00,2620.42,2626.86,2620.11,2625.56,10647,25,0
2025-01-20 11:00:00,2625.57,2627.14,2620.86,2625.5,10938,25,0
2025-01-20 12:00:00,2625.43,2626.85,2622.38,2625.73,9142,25,0
2025-01-20 13:00:00,2625.65,2627.89,2620.84,2622.92,10133,25,0
2025-01-20 14:00:00,2622.92,2625.74,2622.06,2624.15,10079,24,0
2025-01-20 15:00:00,2624.24,2627.72,2600.0,2601.58,20489,24,0
2025-01-20 16:00:00,2601.45,2610.78,2596.18,2602.4,22148,24,0
2025-01-20 17:00:00,2602.41,2608.01,2596.56,2602.68,16096,24,0
2025-01-20 18:00:00,2602.66,2605.1,2599.76,2603.78,11343,24,0
2025-01-20 19:00:00,2603.78,2614.93,2603.65,2606.81,11464,27,0
2025-01-20 20:00:00,2606.81,2609.98,2602.82,2607.11,5372,27,0
2025-01-20 21:00:00,2607.15,2608.32,2601.84,2603.4,2659,28,0
2025-01-21 01:00:00,2599.66,2601.72,2596.53,2600.78,5592,27,0
2025-01-21 02:00:00,2600.78,2611.5,2597.5,2610.89,13000,27,0
2025-01-21 03:00:00,2610.9,2621.61,2608.14,2620.84,19483,27,0
2025-01-21 04:00:00,2620.81,2624.18,2618.92,2622.82,13741,27,0
2025-01-21 05:00:00,2622.77,2624.37,2618.29,2622.44,11339,27,0
2025-01-21 06:00:00,2622.48,2625.19,2620.89,2624.94,7642,27,0
2025-01-21 07:00:00,2625.03,2626.94,2624.61,2626.59,8525,27,0
2025-01-21 08:00:00,2626.54,2630.06,2625.46,2627.1,10593,27,0
2025-01-21 09:00:00,2627.1,2632.74,2625.26,2631.46,12195,25,0
2025-01-21 10:00:00,2631.43,2631.8,2626.36,2628.4,14592,25,0
2025-01-21 11:00:00,2628.4,2633.22,2624.31,2628.19,15665,25,0
2025-01-21 12:00:00,2628.21,2631.44,2625.17,2627.15,12888,25,0
2025-01-21 13:00:00,2627.16,2631.81,2625.11,2630.94,11147,25,0
2025-01-21 14:00:00,2630.94,2634.96,2629.07,2633.5,14136,24,0
2025-01-21 15:00:00,2633.53,2635.0,2625.67,2626.95,17479,24,0
2025-01-21 16:00:00,2626.92,2636.78,2626.11,2635.73,18891,24,0
2025-01-21 17:00:00,2636.04,2638.12,2628.49,2633.23,19303,24,0
2025-01-21 18:00:00,2633.23,2637.95,2629.43,2631.98,14670,24,0
2025-01-21 19:00:00,2631.98,2633.09,2628.01,2629.44,10439,27,0
2025-01-21 20:00:00,2629.4,2633.17,2629.13,2631.58,8054,27,0
2025-01-21 21:00:00,2631.6,2633.26,2629.77,2632.6,7494,27,0
2025-01-21 22:00:00,2632.6,2633.27,2629.9,2631.86,5846,27,0
2025-01-21 23:00:00,2631.85,2632.87,2630.16,2630.52,2637,27,0
2025-01-22 01:00:00,2632.76,2638.88,2632.15,2637.19,6990,27,0
2025-01-22 02:00:00,2637.16,2637.49,2631.26,2636.71,6143,27,0
2025-01-22 03:00:00,2636.7,2640.07,2636.31,2639.76,11056,27,0
2025-01-22 04:00:00,2639.75,2641.29,2637.25,2639.68,8967,27,0
2025-01-22 05:00:00,2639.7,2641.52,2638.89,2641.43,6872,27,0
2025-01-22 06:00:00,2641.43,2642.22,2639.85,2641.8,4780,27,0
2025-01-22 07:00:00,2641.81,2648.43,2640.5,2647.92,8726,27,0
2025-01-22 08:00:00,2647.94,2648.21,2637.18,2640.3,13688,27,0
2025-01-22 09:00:00,2640.3,2644.34,2638.71,2639.91,10235,25,0
2025-01-22 10:00:00,2639.95,2642.79,2638.09,2641.42,13432,25,0
2025-01-22 11:00:00,2641.42,2648.43,2640.14,2640.34,13032,25,0
2025-01-22 12:00:00,2640.33,2643.51,2639.06,2640.99,9995,25,0
2025-01-22 13:00:00,2641.16,2641.76,2637.02,2639.4,8534,25,0
2025-01-22 14:00:00,2639.4,2642.71,2636.47,2642.55,10026,24,0
2025-01-22 15:00:00,2642.55,2645.77,2635.68,2643.59,16843,24,0
2025-01-22 16:00:00,2643.68,2646.21,2638.82,2641.77,18503,24,0
2025-01-22 17:00:00,2641.76,2649.55,2639.14,2647.99,16236,24,0
2025-01-22 18:00:00,2648.03,2649.57,2644.78,2647.18,11622,24,0
2025-01-22 19:00:00,2647.18,2648.74,2645.47,2646.09,8331,25,0
2025-01-22 20:00:00,2646.09,2648.15,2645.11,2647.6,8167,27,0
2025-01-22 21:00:00,2647.61,2647.62,2643.61,2644.15,6325,27,0
2025-01-22 22:00:00,2644.17,2647.92,2643.7,2647.52,6090,27,0
2025-01-22 23:00:00,2647.47,2647.91,2646.19,2647.38,2741,27,0
2025-01-23 01:00:00,2647.89,2648.7,2646.07,2647.27,2722,28,0
2025-01-23 02:00:00,2647.19,2647.87,2644.75,2646.65,4165,28,0
2025-01-23 03:00:00,2646.66,2647.21,2642.96,2645.76,11999,27,0
2025-01-23 04:00:00,2645.76,2648.18,2645.35,2645.73,8914,27,0
2025-01-23 05:00:00,2645.75,2645.94,2641.63,2641.95,6897,27,0
2025-01-23 06:00:00,2641.96,2644.91,2641.76,2643.07,4448,27,0
2025-01-23 07:00:00,2643.14,2645.78,2642.9,2644.7,7172,27,0
2025-01-23 08:00:00,2644.71,2647.09,2643.54,2646.34,8370,27,0
2025-01-23 09:00:00,2646.35,2649.62,2645.77,2646.8,9617,25,0
2025-01-23 10:00:00,2646.81,2649.89,2646.39,2648.25,10087,25,0
2025-01-23 11:00:00,2648.25,2648.31,2633.34,2637.29,12923,25,0
2025-01-23 12:00:00,2637.23,2643.38,2636.16,2642.48,9936,25,0
2025-01-23 13:00:00,2642.51,2646.67,2642.05,2645.07,9772,25,0
2025-01-23 14:00:00,2645.07,2647.07,2636.19,2638.21,14204,24,0
2025-01-23 15:00:00,2638.21,2639.31,2627.43,2633.37,19076,24,0
2025-01-23 16:00:00,2633.33,2639.31,2631.52,2638.13,17797,24,0
2025-01-23 17:00:00,2638.2,2645.09,2636.33,2641.44,14638,24,0
2025-01-23 18:00:00,2641.36,2646.03,2640.23,2643.01,18052,24,0
2025-01-23 19:00:00,2643.01,2645.69,2641.81,2642.54,12578,25,0
2025-01-23 20:00:00,2642.55,2645.8,2640.19,2643.63,9294,27,0
2025-01-23 21:00:00,2643.63,2645.71,2641.89,2642.24,8460,27,0
2025-01-23 22:00:00,2642.24,2643.71,2639.92,2643.4,11265,27,0
2025-01-23 23:00:00,2643.4,2644.37,2642.19,2644.29,3019,27,0
2025-01-24 01:00:00,2644.08,2645.61,2643.0,2644.5,2009,27,0
2025-01-24 02:00:00,2644.5,2650.0,2644.07,2648.45,5398,27,0
2025-01-24 03:00:00,2648.45,2652.22,2647.88,2651.89,9991,27,0
2025-01-24 04:00:00,2651.89,2656.69,2651.82,2655.02,15166,27,0
2025-01-24 05:00:00,2654.99,2658.32,2653.32,2653.99,12488,27,0
2025-01-24 06:00:00,2653.99,2655.67,2652.08,2653.36,8466,27,0
2025-01-24 07:00:00,2653.36,2657.92,2652.83,2655.23,9583,27,0
2025-01-24 08:00:00,2655.26,2657.9,2650.43,2652.46,12802,27,0
2025-01-24 09:00:00,2652.46,2654.87,2649.54,2650.26,11393,26,0
2025-01-24 10:00:00,2650.3,2650.78,2640.05,2642.97,12921,25,0
2025-01-24 11:00:00,2642.98,2645.19,2638.64,2642.11,11734,25,0
2025-01-24 12:00:00,2642.11,2647.14,2641.39,2646.15,9578,25,0
2025-01-24 13:00:00,2646.16,2652.13,2644.04,2648.0,9648,25,0
2025-01-24 14:00:00,2648.0,2653.22,2647.59,2652.81,8515,24,0
2025-01-24 15:00:00,2652.8,2659.85,2651.91,2657.78,15505,24,0
2025-01-24 16:00:00,2657.78,2659.63,2646.63,2648.14,19162,24,0
2025-01-24 17:00:00,2648.14,2652.63,2638.65,2639.41,17633,24,0
2025-01-24 18:00:00,2639.38,2641.83,2634.99,2636.16,15513,24,0
2025-01-24 19:00:00,2636.2,2640.21,2634.67,2638.31,9130,25,0
2025-01-24 20:00:00,2638.31,2643.14,2637.38,2642.45,7745,27,0
2025-01-24 21:00:00,2642.45,2644.81,2640.67,2643.6,6313,27,0
2025-01-24 22:00:00,2643.6,2644.38,2639.86,2640.24,6562,27,0
2025-01-24 23:00:00,2640.27,2641.15,2639.51,2640.45,3054,27,0
2025-01-27 01:00:00,2642.24,2645.08,2636.86,2643.85,5331,27,0
2025-01-27 02:00:00,2643.85,2645.65,2641.51,2644.53,6521,28,0
2025-01-27 03:00:00,2644.53,2646.6,2640.11,2640.7,12265,27,0
2025-01-27 04:00:00,2640.7,2641.25,2631.9,2633.46,11968,27,0
2025-01-27 05:00:00,2633.46,2638.94,2632.7,2637.5,9482,27,0
2025-01-27 06:00:00,2637.47,2637.47,2633.84,2635.93,7413,27,0
2025-01-27 07:00:00,2635.93,2636.57,2630.91,2631.31,8696,27,0
2025-01-27 08:00:00,2631.31,2633.99,2628.96,2633.6,9972,27,0
2025-01-27 09:00:00,2633.6,2634.06,2626.19,2629.08,13195,25,0
2025-01-27 10:00:00,2629.09,2634.2,2627.82,2628.84,15108,25,0
2025-01-27 11:00:00,2628.85,2636.95,2627.47,2634.55,15149,25,0
2025-01-27 12:00:00,2634.55,2637.12,2632.39,2634.74,14854,25,0
2025-01-27 13:00:00,2634.72,2636.85,2630.92,2636.03,13616,25,0
2025-01-27 14:00:00,2636.03,2636.18,2623.49,2624.46,13117,24,0
2025-01-27 15:00:00,2624.46,2626.08,2615.39,2620.89,16132,24,0
2025-01-27 16:00:00,2620.89,2621.06,2609.62,2618.0,17538,24,0
2025-01-27 17:00:00,2618.0,2618.01,2608.95,2611.75,16545,24,0
2025-01-27 18:00:00,2611.73,2612.87,2604.62,2606.44,15113,24,0
2025-01-27 19:00:00,2606.44,2609.87,2603.98,2606.29,11866,26,0
2025-01-27 20:00:00,2606.26,2611.44,2605.92,2610.31,9858,27,0
2025-01-27 21:00:00,2610.31,2613.77,2609.33,2610.57,8350,27,0
2025-01-27 22:00:00,2610.57,2613.78,2609.92,2613.72,6731,27,0
2025-01-27 23:00:00,2613.73,2615.59,2611.29,2611.76,2866,27,0
2025-01-28 01:00:00,2614.43,2628.68,2614.18,2626.95,8633,27,0
2025-01-28 02:00:00,2626.95,2627.46,2623.36,2623.72,7147,27,0
2025-01-28 03:00:00,2623.72,2627.26,2623.48,2626.4,7023,27,0
2025-01-28 04:00:00,2626.4,2628.1,2623.69,2625.47,9467,27,0
2025-01-28 05:00:00,2625.46,2627.53,2623.71,2625.98,6815,27,0
2025-01-28 06:00:00,2625.98,2628.66,2625.64,2628.22,5336,27,0
2025-01-28 07:00:00,2628.19,2630.24,2626.39,2627.01,5699,27,0
2025-01-28 08:00:00,2626.98,2626.98,2623.39,2624.57,5307,27,0
2025-01-28 09:00:00,2624.57,2628.19,2624.16,2624.57,9043,26,0
2025-01-28 10:00:00,2624.87,2630.46,2621.5,2629.29,11825,25,0
2025-01-28 11:00:00,2629.29,2631.74,2626.02,2628.91,11372,25,0
2025-01-28 12:00:00,2628.94,2631.58,2627.73,2631.38,8781,25,0
2025-01-28 13:00:00,2631.38,2632.42,2629.59,2631.25,7521,25,0
2025-01-28 14:00:00,2631.25,2634.78,2630.99,2634.69,9294,24,0
2025-01-28 15:00:00,2634.69,2637.38,2632.81,2636.75,12532,24,0
2025-01-28 16:00:00,2636.8,2641.54,2636.36,2639.37,15230,24,0
2025-01-28 17:00:00,2639.37,2644.37,2635.99,2643.07,15538,24,0
2025-01-28 18:00:00,2643.03,2647.19,2642.57,2645.84,13092,24,0
2025-01-28 19:00:00,2645.86,2646.48,2642.85,2646.42,10122,27,0
2025-01-28 20:00:00,2646.42,2650.51,2644.27,2649.06,9612,27,0
2025-01-28 21:00:00,2649.06,2651.37,2647.8,2649.52,6259,27,0
2025-01-28 22:00:00,2649.51,2650.8,2647.22,2649.57,7449,27,0
2025-01-28 23:00:00,2649.59,2649.84,2647.99,2648.61,2806,27,0
2025-01-29 01:00:00,2649.12,2650.86,2648.72,2649.34,2133,27,0
2025-01-29 02:00:00,2649.34,2650.36,2647.17,2649.77,4136,27,0
2025-01-29 03:00:00,2649.77,2651.6,2649.54,2650.39,6195,27,0
2025-01-29 04:00:00,2650.39,2651.41,2648.89,2649.24,5794,27,0
2025-01-29 05:00:00,2649.25,2649.39,2646.54,2646.82,6287,27,0
2025-01-29 06:00:00,2646.82,2647.81,2644.64,2646.28,5793,27,0
2025-01-29 07:00:00,2646.28,2646.5,2644.06,2644.09,5004,27,0
2025-01-29 08:00:00,2644.09,2645.47,2642.45,2643.5,6938,27,0
2025-01-29 09:00:00,2643.49,2649.41,2643.08,2648.71,9010,26,0
2025-01-29 10:00:00,2648.69,2652.66,2648.2,2651.48,11428,25,0
2025-01-29 11:00:00,2651.48,2656.04,2650.7,2655.43,10732,25,0
2025-01-29 12:00:00,2655.43,2656.48,2650.55,2651.07,12062,25,0
2025-01-29 13:00:00,2651.07,2653.78,2649.89,2652.45,8968,26,0
2025-01-29 14:00:00,2652.45,2652.68,2648.58,2649.34,12062,25,0
2025-01-29 15:00:00,2649.34,2656.56,2649.26,2655.52,17147,25,0
2025-01-29 16:00:00,2655.47,2655.85,2651.33,2652.75,16999,25,0
2025-01-29 17:00:00,2652.74,2653.37,2639.57,2643.21,17557,25,0
2025-01-29 18:00:00,2643.21,2645.34,2638.19,2641.67,15016,25,0
2025-01-29 19:00:00,2641.68,2643.08,2638.45,2641.46,9449,26,0
2025-01-29 20:00:00,2641.47,2642.97,2637.56,2638.12,9506,27,0
2025-01-29 21:00:00,2638.12,2646.49,2636.83,2645.0,20766,28,0
2025-01-29 22:00:00,2645.08,2648.2,2642.53,2646.26,12877,27,0
2025-01-29 23:00:00,2646.26,2648.09,2644.54,2647.9,5219,29,0
2025-01-30 01:00:00,2647.1,2648.94,2646.0,2647.71,3364,27,0
2025-01-30 02:00:00,2647.7,2649.54,2645.72,2649.1,3817,27,0
2025-01-30 03:00:00,2649.1,2649.53,2647.53,2648.74,6088,27,0
2025-01-30 04:00:00,2648.74,2648.99,2647.15,2648.33,5972,27,0
2025-01-30 05:00:00,2648.33,2649.59,2647.06,2649.11,4903,27,0
2025-01-30 06:00:00,2649.11,2650.39,2648.63,2649.29,4956,27,0
2025-01-30 07:00:00,2649.29,2649.99,2647.61,2648.76,4697,27,0
2025-01-30 08:00:00,2648.76,2656.35,2648.65,2655.52,6357,27,0
2025-01-30 09:00:00,2655.52,2658.71,2655.12,2656.44,9167,26,0
2025-01-30 10:00:00,2656.44,2664.45,2654.52,2663.65,10615,26,0
2025-01-30 11:00:00,2663.65,2667.93,2662.72,2665.53,11587,26,0
2025-01-30 12:00:00,2665.51,2671.5,2665.39,2671.17,9612,26,0
2025-01-30 13:00:00,2671.17,2674.29,2670.98,2672.77,7557,26,0
2025-01-30 14:00:00,2672.77,2674.36,2670.88,2672.4,9488,25,0
2025-01-30 15:00:00,2672.35,2675.45,2662.88,2664.1,17608,25,0
2025-01-30 16:00:00,2664.11,2674.41,2660.89,2673.12,21599,25,0
2025-01-30 17:00:00,2673.09,2681.41,2670.62,2679.68,19674,25,0
2025-01-30 18:00:00,2679.67,2682.9,2676.54,2678.01,18361,25,0
2025-01-30 19:00:00,2678.0,2683.95,2676.28,2683.56,13564,27,0
2025-01-30 20:00:00,2683.53,2684.14,2678.57,2681.03,10208,27,0
2025-01-30 21:00:00,2681.0,2681.15,2676.67,2678.67,7305,27,0
2025-01-30 22:00:00,2678.65,2691.91,2677.64,2685.84,12952,27,0
2025-01-30 23:00:00,2685.89,2691.34,2679.76,2688.02,8033,28,0
2025-01-31 01:00:00,2689.06,2691.49,2686.9,2689.31,4699,27,0
2025-01-31 02:00:00,2689.31,2693.0,2688.26,2691.62,5734,27,0
2025-01-31 03:00:00,2691.62,2693.64,2689.56,2691.65,7613,27,0
2025-01-31 04:00:00,2691.65,2692.46,2689.34,2691.1,6640,27,0
2025-01-31 05:00:00,2691.1,2693.99,2690.55,2692.54,6393,27,0
2025-01-31 06:00:00,2692.53,2692.64,2689.72,2691.38,5377,27,0
2025-01-31 07:00:00,2691.39,2691.9,2689.59,2690.82,6354,27,0
2025-01-31 08:00:00,2690.82,2691.12,2686.28,2686.62,5793,27,0
2025-01-31 09:00:00,2686.62,2691.71,2685.91,2689.6,10240,26,0
2025-01-31 10:00:00,2689.6,2692.23,2687.36,2689.74,11150,26,0
2025-01-31 11:00:00,2689.76,2696.29,2689.76,2690.43,11680,26,0
2025-01-31 12:00:00,2690.41,2693.18,2688.38,2692.84,10486,26,0
2025-01-31 13:00:00,2692.84,2699.48,2690.84,2698.78,10824,26,0
2025-01-31 14:00:00,2698.78,2704.54,2698.21,2701.96,10751,25,0
2025-01-31 15:00:00,2701.96,2705.04,2697.64,2702.97,15182,25,0
2025-01-31 16:00:00,2702.96,2712.48,2702.5,2712.24,16461,25,0
2025-01-31 17:00:00,2712.24,2717.1,2700.76,2702.06,17354,25,0
2025-01-31 18:00:00,2702.04,2705.04,2697.27,2699.51,13107,25,0
2025-01-31 19:00:00,2699.51,2703.11,2687.39,2695.32,20610,27,0
2025-01-31 20:00:00,2695.32,2701.48,2689.82,2698.99,20190,27,0
2025-01-31 21:00:00,2698.95,2702.05,2693.94,2694.65,14952,27,0
2025-01-31 22:00:00,2694.64,2701.59,2694.07,2699.88,13986,27,0
2025-01-31 23:00:00,2699.75,2706.52,2697.42,2700.0,8853,27,0
2025-02-03 01:00:00,2730.76,2735.09,2717.25,2725.34,13657,30,0
2025-02-03 02:00:00,2725.34,2733.92,2720.24,2728.96,15236,28,0
2025-02-03 03:00:00,2728.96,2729.25,2712.81,2717.48,16087,27,0
2025-02-03 04:00:00,2717.48,2718.87,2712.27,2717.27,17052,27,0
2025-02-03 05:00:00,2717.27,2717.84,2712.81,2714.25,11358,27,0
2025-02-03 06:00:00,2714.25,2720.48,2711.81,2719.1,12276,27,0
2025-02-03 07:00:00,2719.1,2720.2,2716.81,2717.71,10550,27,0
2025-02-03 08:00:00,2717.71,2721.14,2716.4,2720.54,10524,27,0
2025-02-03 09:00:00,2720.54,2728.8,2718.73,2727.92,13953,26,0
2025-02-03 10:00:00,2727.92,2734.54,2726.14,2730.11,15929,26,0
2025-02-03 11:00:00,2730.14,2735.12,2727.02,2733.31,13863,26,0
2025-02-03 12:00:00,2733.3,2733.5,2727.52,2731.45,12991,26,0
2025-02-03 13:00:00,2731.45,2736.0,2730.35,2732.27,11814,26,0
2025-02-03 14:00:00,2732.17,2740.77,2727.08,2739.63,13558,25,0
2025-02-03 15:00:00,2739.68,2739.97,2731.6,2738.72,15884,25,0
2025-02-03 16:00:00,2738.7,2761.31,2738.7,2761.04,19827,25,0
2025-02-03 17:00:00,2761.03,2762.04,2727.15,2731.07,26451,25,0
2025-02-03 18:00:00,2731.06,2742.39,2729.02,2738.44,19687,25,0
2025-02-03 19:00:00,2738.49,2745.2,2734.88,2740.33,15594,27,0
2025-02-03 20:00:00,2740.33,2744.69,2739.71,2744.5,13744,27,0
2025-02-03 21:00:00,2744.5,2744.52,2738.8,2740.2,12055,27,0
2025-02-03 22:00:00,2740.2,2740.51,2734.52,2735.68,11360,27,0
2025-02-03 23:00:00,2735.62,2736.91,2717.24,2720.91,10539,27,0
2025-02-04 01:00:00,2720.01,2725.29,2717.14,2724.45,5705,27,0
2025-02-04 02:00:00,2724.45,2730.78,2723.62,2730.44,5147,27,0
2025-02-04 03:00:00,2730.44,2737.08,2729.42,2735.23,9859,27,0
2025-02-04 04:00:00,2735.26,2736.36,2729.82,2733.09,9679,27,0
2025-02-04 05:00:00,2733.09,2736.14,2731.62,2735.22,8150,27,0
2025-02-04 06:00:00,2735.21,2735.97,2732.87,2735.27,6801,27,0
2025-02-04 07:00:00,2735.27,2741.0,2734.17,2735.52,15371,28,0
2025-02-04 08:00:00,2735.52,2735.59,2729.24,2729.57,10478,27,0
2025-02-04 09:00:00,2729.55,2731.87,2723.6,2727.58,12570,26,0
2025-02-04 10:00:00,2727.58,2730.94,2722.19,2723.92,16406,26,0
2025-02-04 11:00:00,2723.92,2728.9,2720.75,2728.02,13489,26,0
2025-02-04 12:00:00,2728.02,2728.19,2722.23,2723.53,12196,26,0
2025-02-04 13:00:00,2723.53,2728.01,2723.13,2727.43,10509,26,0
2025-02-04 14:00:00,2727.43,2733.52,2726.62,2732.85,11871,25,0
2025-02-04 15:00:00,2732.88,2746.14,2730.63,2738.41,16033,25,0
2025-02-04 16:00:00,2738.33,2745.31,2733.96,2738.96,19893,25,0
2025-02-04 17:00:00,2738.93,2745.17,2730.1,2731.99,21082,25,0
2025-02-04 18:00:00,2731.98,2739.61,2728.82,2736.83,15515,25,0
2025-02-04 19:00:00,2736.83,2742.85,2735.85,2740.66,13299,25,0
2025-02-04 20:00:00,2740.66,2740.84,2737.16,2738.21,10302,27,0
2025-02-04 21:00:00,2738.21,2740.03,2736.74,2738.4,9274,27,0
2025-02-04 22:00:00,2738.42,2739.63,2736.31,2738.6,7680,27,0
2025-02-04 23:00:00,2738.63,2739.17,2736.53,2737.79,4817,27,0
2025-02-05 01:00:00,2738.4,2740.15,2736.39,2739.57,3043,27,0
2025-02-05 02:00:00,2739.57,2744.31,2738.93,2741.3,6355,27,0
2025-02-05 03:00:00,2741.31,2744.67,2736.22,2742.1,15748,27,0
2025-02-05 04:00:00,2742.1,2749.01,2741.64,2745.55,10909,27,0
2025-02-05 05:00:00,2745.55,2749.2,2744.73,2747.99,7223,27,0
2025-02-05 06:00:00,2747.99,2754.11,2747.46,2750.98,5438,27,0
2025-02-05 07:00:00,2750.98,2756.68,2750.18,2755.08,6590,27,0
2025-02-05 08:00:00,2755.08,2755.74,2751.8,2753.28,7305,27,0
2025-02-05 09:00:00,2753.27,2753.35,2744.99,2753.2,11443,26,0
2025-02-05 10:00:00,2753.2,2759.57,2752.49,2756.19,12467,26,0
2025-02-05 11:00:00,2756.16,2759.36,2751.46,2758.77,10678,26,0
2025-02-05 12:00:00,2758.77,2759.58,2749.23,2750.75,11051,26,0
2025-02-05 13:00:00,2750.75,2756.79,2749.58,2754.38,10609,26,0
2025-02-05 14:00:00,2754.38,2756.28,2751.94,2754.69,9454,25,0
2025-02-05 15:00:00,2754.69,2755.12,2746.6,2749.64,18386,25,0
2025-02-05 16:00:00,2749.61,2756.88,2746.87,2753.54,18129,25,0
2025-02-05 17:00:00,2753.54,2764.98,2751.14,2763.34,20491,25,0
2025-02-05 18:00:00,2763.34,2764.4,2748.11,2759.55,17432,25,0
2025-02-05 19:00:00,2759.56,2760.69,2755.57,2757.2,10504,26,0
2025-02-05 20:00:00,2757.2,2758.13,2749.25,2751.31,10308,27,0
2025-02-05 21:00:00,2751.31,2756.17,2748.91,2751.46,9782,27,0
2025-02-05 22:00:00,2751.46,2754.74,2748.75,2751.08,9859,27,0
2025-02-05 23:00:00,2751.11,2756.53,2749.7,2755.67,3912,27,0
2025-02-06 01:00:00,2756.11,2759.59,2754.79,2759.05,3283,30,0
2025-02-06 02:00:00,2759.05,2760.06,2756.92,2759.99,4429,27,0
2025-02-06 03:00:00,2759.99,2760.81,2753.69,2760.38,10100,27,0
2025-02-06 04:00:00,2760.42,2763.73,2758.78,2761.36,8974,27,0
2025-02-06 05:00:00,2761.36,2761.9,2755.99,2761.0,8251,27,0
2025-02-06 06:00:00,2761.0,2763.97,2760.82,2761.49,4659,27,0
2025-02-06 07:00:00,2761.49,2762.88,2758.34,2761.56,7075,27,0
2025-02-06 08:00:00,2761.56,2764.06,2751.27,2751.83,9900,27,0
2025-02-06 09:00:00,2751.84,2755.2,2749.65,2751.07,11563,26,0
2025-02-06 10:00:00,2751.07,2758.24,2746.46,2755.47,13291,26,0
2025-02-06 11:00:00,2755.47,2760.53,2755.04,2760.08,10471,26,0
2025-02-06 12:00:00,2760.08,2762.35,2756.47,2759.16,9731,26,0
2025-02-06 13:00:00,2759.14,2767.29,2756.94,2765.57,10422,26,0
2025-02-06 14:00:00,2765.63,2770.78,2763.87,2764.31,12757,25,0
2025-02-06 15:00:00,2764.31,2765.48,2757.08,2757.31,16996,25,0
2025-02-06 16:00:00,2757.34,2759.07,2741.88,2742.5,18658,25,0
2025-02-06 17:00:00,2742.5,2752.1,2732.44,2748.99,19093,25,0
2025-02-06 18:00:00,2748.99,2752.16,2747.04,2747.82,12088,25,0
2025-02-06 19:00:00,2747.82,2749.24,2745.54,2748.02,8825,27,0
2025-02-06 20:00:00,2747.99,2748.34,2743.26,2745.64,10303,27,0
2025-02-06 21:00:00,2745.64,2748.63,2744.4,2748.09,8260,27,0
2025-02-06 22:00:00,2748.09,2750.13,2747.94,2749.39,8901,27,0
2025-02-06 23:00:00,2749.52,2750.77,2748.48,2749.9,3524,27,0
2025-02-07 01:00:00,2750.24,2752.56,2749.89,2751.99,3212,28,0
2025-02-07 02:00:00,2751.99,2755.62,2751.17,2754.26,4292,27,0
2025-02-07 03:00:00,2754.26,2761.95,2753.65,2760.13,9722,27,0
2025-02-07 04:00:00,2760.13,2762.72,2759.03,2762.51,7674,27,0
2025-02-07 05:00:00,2762.51,2764.42,2761.2,2762.24,6993,27,0
2025-02-07 06:00:00,2762.24,2764.62,2760.84,2761.2,5364,27,0
2025-02-07 07:00:00,2761.18,2762.3,2757.97,2758.64,7616,27,0
2025-02-07 08:00:00,2758.64,2762.53,2755.46,2757.05,9250,27,0
2025-02-07 09:00:00,2757.05,2761.44,2755.97,2756.68,8214,26,0
2025-02-07 10:00:00,2756.68,2757.9,2753.58,2756.72,9188,26,0
2025-02-07 11:00:00,2756.72,2761.7,2755.95,2760.81,10456,26,0
2025-02-07 12:00:00,2760.81,2762.34,2756.44,2762.1,9774,25,0
2025-02-07 13:00:00,2762.1,2762.68,2759.87,2762.0,8888,25,0
2025-02-07 14:00:00,2762.0,2764.72,2760.01,2760.15,9778,25,0
2025-02-07 15:00:00,2760.15,2765.71,2752.55,2761.98,20086,26,0
2025-02-07 16:00:00,2761.98,2772.43,2755.74,2768.39,21283,25,0
2025-02-07 17:00:00,2768.37,2789.39,2767.66,2781.49,19518,25,0
2025-02-07 18:00:00,2781.53,2783.84,2768.73,2769.68,19569,25,0
2025-02-07 19:00:00,2769.69,2773.16,2761.3,2770.73,17021,27,0
2025-02-07 20:00:00,2770.73,2772.76,2769.59,2770.96,8617,27,0
2025-02-07 21:00:00,2770.96,2772.56,2766.77,2768.18,6694,27,0
2025-02-07 22:00:00,2768.18,2771.62,2767.04,2769.78,8863,27,0
2025-02-07 23:00:00,2769.78,2772.04,2768.35,2769.35,5032,27,0
2025-02-10 01:00:00,2776.89,2783.8,2773.42,2781.31,5732,29,0
2025-02-10 02:00:00,2781.31,2781.72,2778.19,2781.53,6301,27,0
2025-02-10 03:00:00,2781.53,2789.81,2781.13,2787.33,12760,27,0
2025-02-10 04:00:00,2787.33,2790.83,2786.28,2790.14,8984,27,0
2025-02-10 05:00:00,2790.14,2790.46,2785.84,2788.61,6414,27,0
2025-02-10 06:00:00,2788.61,2792.0,2787.02,2791.69,5942,27,0
2025-02-10 07:00:00,2791.7,2791.81,2787.77,2790.9,7468,27,0
2025-02-10 08:00:00,2790.9,2802.87,2790.87,2799.05,9783,27,0
2025-02-10 09:00:00,2799.01,2808.44,2796.07,2807.67,11654,25,0
2025-02-10 10:00:00,2807.64,2809.17,2804.53,2806.08,13043,25,0
2025-02-10 11:00:00,2806.08,2811.91,2805.34,2811.01,11435,25,0
2025-02-10 12:00:00,2811.01,2814.28,2806.82,2809.54,11058,25,0
2025-02-10 13:00:00,2809.57,2814.88,2804.81,2814.32,10254,25,0
2025-02-10 14:00:00,2814.34,2819.6,2813.83,2814.57,12258,25,0
2025-02-10 15:00:00,2814.56,2819.39,2808.77,2810.62,17727,25,0
2025-02-10 16:00:00,2810.61,2821.65,2806.17,2820.77,17943,25,0
2025-02-10 17:00:00,2820.76,2823.29,2815.88,2819.98,14251,25,0
2025-02-10 18:00:00,2819.98,2821.12,2813.07,2813.32,11800,25,0
2025-02-10 19:00:00,2813.32,2816.38,2809.05,2815.13,10664,27,0
2025-02-10 20:00:00,2815.13,2819.32,2812.77,2818.4,9548,27,0
2025-02-10 21:00:00,2818.4,2819.69,2816.03,2817.74,7714,27,0
2025-02-10 22:00:00,2817.74,2821.01,2816.47,2820.71,7073,27,0
2025-02-10 23:00:00,2820.68,2821.53,2818.76,2820.63,4135,27,0
2025-02-11 01:00:00,2821.19,2836.37,2821.19,2832.49,5831,27,0
2025-02-11 02:00:00,2832.49,2838.63,2831.2,2835.88,5391,27,0
2025-02-11 03:00:00,2835.88,2849.68,2833.59,2847.78,13183,28,0
2025-02-11 04:00:00,2847.78,2856.79,2822.3,2835.7,16496,27,0
2025-02-11 05:00:00,2835.67,2840.44,2828.4,2835.09,12180,27,0
2025-02-11 06:00:00,2835.12,2835.43,2828.91,2830.32,8349,27,0
2025-02-11 07:00:00,2830.11,2837.57,2829.19,2836.4,9180,27,0
2025-02-11 08:00:00,2836.4,2842.27,2828.1,2831.3,12502,27,0
2025-02-11 09:00:00,2831.3,2832.7,2821.69,2827.44,13178,25,0
2025-02-11 10:00:00,2827.57,2829.68,2817.22,2817.63,11595,25,0
2025-02-11 11:00:00,2817.63,2822.02,2813.42,2813.58,13477,25,0
2025-02-11 12:00:00,2813.57,2817.31,2812.48,2813.65,11732,25,0
2025-02-11 13:00:00,2813.65,2817.04,2813.05,2813.22,10654,25,0
2025-02-11 14:00:00,2813.22,2813.56,2797.07,2799.13,15819,26,0
2025-02-11 15:00:00,2799.12,2808.76,2792.18,2805.99,20495,25,0
2025-02-11 16:00:00,2805.98,2811.26,2802.38,2803.46,19423,25,0
2025-02-11 17:00:00,2803.43,2810.45,2798.28,2809.14,17930,26,0
2025-02-11 18:00:00,2809.14,2811.44,2804.0,2805.32,14283,25,0
2025-02-11 19:00:00,2805.32,2809.84,2802.85,2808.51,11295,27,0
2025-02-11 20:00:00,2808.51,2809.56,2805.75,2808.8,9834,27,0
2025-02-11 21:00:00,2808.8,2809.33,2796.21,2799.74,10101,27,0
2025-02-11 22:00:00,2799.74,2799.99,2791.94,2796.03,11455,27,0
2025-02-11 23:00:00,2796.03,2798.28,2795.81,2795.93,4387,27,0
2025-02-12 01:00:00,2796.57,2798.35,2795.22,2796.91,2799,27,0
2025-02-12 02:00:00,2796.91,2797.71,2789.31,2792.28,5294,27,0
2025-02-12 03:00:00,2792.28,2797.97,2783.95,2792.45,12843,27,0
2025-02-12 04:00:00,2792.45,2795.49,2789.83,2791.15,9558,27,0
2025-02-12 05:00:00,2791.15,2791.81,2785.58,2787.89,9319,27,0
2025-02-12 06:00:00,2787.89,2789.44,2784.18,2786.01,6590,27,0
2025-02-12 07:00:00,2786.01,2787.83,2784.21,2786.4,7733,27,0
2025-02-12 08:00:00,2786.4,2794.34,2785.74,2792.25,9429,27,0
2025-02-12 09:00:00,2792.25,2794.1,2787.29,2788.1,10679,25,0
2025-02-12 10:00:00,2788.04,2789.8,2783.28,2788.14,11475,25,0
2025-02-12 11:00:00,2788.13,2790.11,2782.32,2782.76,10244,25,0
2025-02-12 12:00:00,2782.76,2786.06,2775.16,2778.37,10465,25,0
2025-02-12 13:00:00,2778.34,2779.62,2773.62,2775.4,9055,25,0
2025-02-12 14:00:00,2775.4,2781.41,2774.87,2781.41,10328,25,0
2025-02-12 15:00:00,2781.42,2792.13,2770.14,2791.7,22373,26,0
2025-02-12 16:00:00,2791.69,2800.11,2789.68,2796.59,20911,25,0
2025-02-12 17:00:00,2796.59,2797.34,2787.99,2790.12,18965,25,0
2025-02-12 18:00:00,2790.12,2796.54,2789.87,2793.07,15549,25,0
2025-02-12 19:00:00,2793.05,2794.54,2782.97,2784.07,15517,27,0
2025-02-12 20:00:00,2784.07,2793.37,2783.23,2792.16,12105,27,0
2025-02-12 21:00:00,2792.16,2792.59,2785.38,2788.75,9662,27,0
2025-02-12 22:00:00,2788.75,2791.71,2786.9,2791.57,7844,27,0
2025-02-12 23:00:00,2791.57,2797.18,2789.79,2796.5,6983,27,0
2025-02-13 01:00:00,2796.83,2796.96,2792.45,2795.97,3257,27,0
2025-02-13 02:00:00,2795.97,2798.89,2793.47,2797.17,5091,27,0
2025-02-13 03:00:00,2797.17,2797.86,2791.23,2794.13,9222,27,0
2025-02-13 04:00:00,2794.13,2796.01,2793.71,2795.87,8189,27,0
2025-02-13 05:00:00,2795.87,2801.44,2793.9,2799.14,7710,27,0
2025-02-13 06:00:00,2799.14,2799.39,2795.22,2796.93,6792,27,0
2025-02-13 07:00:00,2796.93,2800.77,2794.89,2796.41,7310,27,0
2025-02-13 08:00:00,2796.41,2797.04,2790.66,2795.6,10243,27,0
2025-02-13 09:00:00,2795.58,2800.3,2792.22,2795.51,11495,25,0
2025-02-13 10:00:00,2795.59,2799.19,2793.23,2795.95,11879,25,0
2025-02-13 11:00:00,2795.95,2799.82,2794.17,2796.83,9303,25,0
2025-02-13 12:00:00,2796.83,2802.55,2795.15,2801.48,7093,25,0
2025-02-13 13:00:00,2801.48,2806.64,2797.54,2804.85,10050,25,0
2025-02-13 14:00:00,2804.85,2810.75,2804.13,2808.12,9592,25,0
2025-02-13 15:00:00,2808.11,2808.33,2796.98,2798.49,18212,25,0
2025-02-13 16:00:00,2798.46,2807.2,2797.5,2803.04,17019,25,0
2025-02-13 17:00:00,2803.01,2805.37,2795.71,2798.9,17437,25,0
2025-02-13 18:00:00,2798.88,2799.35,2792.78,2794.25,11754,25,0
2025-02-13 19:00:00,2794.34,2799.76,2792.27,2799.74,9896,25,0
2025-02-13 20:00:00,2799.71,2811.57,2796.06,2808.93,14581,27,0
2025-02-13 21:00:00,2808.92,2809.5,2801.96,2804.11,9943,27,0
2025-02-13 22:00:00,2804.11,2804.33,2796.74,2799.17,9386,28,0
2025-02-13 23:00:00,2799.19,2800.71,2797.3,2797.78,4246,27,0
2025-02-14 01:00:00,2797.59,2803.75,2796.69,2801.74,4059,27,0
2025-02-14 02:00:00,2801.74,2802.0,2797.54,2798.76,5253,27,0
2025-02-14 03:00:00,2798.76,2803.99,2798.76,2801.22,9765,27,0
2025-02-14 04:00:00,2801.22,2801.81,2797.62,2799.41,7036,27,0
2025-02-14 05:00:00,2799.4,2802.44,2794.89,2796.05,6462,27,0
2025-02-14 06:00:00,2796.05,2801.44,2794.94,2800.99,5009,27,0
2025-02-14 07:00:00,2800.99,2805.55,2800.67,2803.91,6958,27,0
2025-02-14 08:00:00,2803.87,2807.63,2802.59,2805.58,10132,27,0
2025-02-14 09:00:00,2805.6,2805.6,2799.26,2801.46,9810,25,0
2025-02-14 10:00:00,2801.46,2804.74,2797.73,2801.68,11105,25,0
2025-02-14 11:00:00,2801.68,2803.08,2799.3,2800.36,9408,25,0
2025-02-14 12:00:00,2800.36,2807.54,2800.26,2804.81,9916,25,0
2025-02-14 13:00:00,2804.84,2807.37,2798.48,2800.03,8407,25,0
2025-02-14 14:00:00,2800.03,2802.88,2796.19,2798.67,10233,25,0
2025-02-14 15:00:00,2798.72,2799.37,2780.71,2784.59,19972,25,0
2025-02-14 16:00:00,2784.53,2788.87,2776.42,2779.51,20143,25,0
2025-02-14 17:00:00,2779.57,2781.34,2755.72,2761.45,23059,25,0
2025-02-14 18:00:00,2761.45,2763.09,2751.3,2758.7,18346,25,0
2025-02-14 19:00:00,2758.74,2760.51,2746.19,2747.55,14117,27,0
2025-02-14 20:00:00,2747.55,2749.04,2744.02,2745.3,11043,27,0
2025-02-14 21:00:00,2745.3,2748.25,2742.29,2743.66,8336,27,0
2025-02-14 22:00:00,2743.65,2750.73,2740.54,2749.86,10267,27,0
2025-02-14 23:00:00,2749.92,2750.37,2746.4,2747.24,5183,27,0
2025-02-17 01:00:00,2752.63,2758.26,2743.27,2744.93,8066,30,0
2025-02-17 02:00:00,2744.93,2753.92,2744.93,2748.31,5957,29,0
2025-02-17 03:00:00,2748.31,2758.18,2747.76,2756.36,11893,27,0
2025-02-17 04:00:00,2756.36,2761.46,2755.21,2760.71,8742,27,0
2025-02-17 05:00:00,2760.74,2767.57,2759.54,2766.66,7351,27,0
2025-02-17 06:00:00,2766.66,2768.75,2761.42,2762.35,6182,27,0
2025-02-17 07:00:00,2762.35,2768.63,2760.5,2760.89,8570,27,0
2025-02-17 08:00:00,2760.89,2761.99,2753.17,2760.73,9994,27,0
2025-02-17 09:00:00,2760.75,2769.87,2760.66,2768.76,8970,25,0
2025-02-17 10:00:00,2768.76,2770.13,2763.85,2768.97,9897,25,0
2025-02-17 11:00:00,2768.97,2773.77,2768.97,2771.06,9255,25,0
2025-02-17 12:00:00,2771.06,2771.52,2761.68,2767.4,9098,25,0
2025-02-17 13:00:00,2767.4,2768.89,2763.59,2767.6,8120,25,0
2025-02-17 14:00:00,2767.59,2770.3,2762.53,2767.03,9779,25,0
2025-02-17 15:00:00,2767.04,2769.64,2764.1,2765.48,11391,25,0
2025-02-17 16:00:00,2765.53,2771.06,2765.09,2770.31,10874,25,0
2025-02-17 17:00:00,2770.31,2771.49,2765.71,2766.42,9605,25,0
2025-02-17 18:00:00,2766.45,2768.3,2764.06,2766.75,6893,25,0
2025-02-17 19:00:00,2766.75,2767.31,2764.55,2764.9,5055,27,0
2025-02-17 20:00:00,2764.9,2765.87,2764.12,2764.91,3540,27,0
2025-02-17 21:00:00,2764.91,2765.5,2763.18,2765.44,1874,27,0
2025-02-18 01:00:00,2765.96,2766.07,2764.02,2764.94,1700,27,0
2025-02-18 02:00:00,2764.94,2768.31,2764.74,2767.67,3335,27,0
2025-02-18 03:00:00,2767.67,2768.67,2763.19,2766.72,8219,27,0
2025-02-18 04:00:00,2766.72,2774.8,2766.13,2773.33,7827,27,0
2025-02-18 05:00:00,2773.37,2780.37,2772.89,2780.2,8356,27,0
2025-02-18 06:00:00,2780.2,2783.97,2778.8,2783.53,4471,27,0
2025-02-18 07:00:00,2783.54,2788.79,2782.63,2783.96,8133,27,0
2025-02-18 08:00:00,2783.96,2787.01,2783.21,2784.94,6737,27,0
2025-02-18 09:00:00,2784.94,2786.02,2779.01,2782.55,8167,25,0
2025-02-18 10:00:00,2782.55,2785.8,2779.31,2785.1,9565,25,0
2025-02-18 11:00:00,2785.1,2786.03,2782.14,2783.49,8089,25,0
2025-02-18 12:00:00,2783.49,2783.95,2779.22,2782.51,7803,25,0
2025-02-18 13:00:00,2782.54,2786.12,2780.96,2785.19,7685,25,0
2025-02-18 14:00:00,2785.19,2791.24,2783.05,2791.06,9888,25,0
2025-02-18 15:00:00,2791.06,2795.47,2788.08,2794.41,14175,25,0
2025-02-18 16:00:00,2794.41,2802.27,2792.68,2801.24,15477,25,0
2025-02-18 17:00:00,2801.19,2801.49,2796.26,2796.6,14962,25,0
2025-02-18 18:00:00,2796.58,2805.92,2793.73,2804.76,13073,25,0
2025-02-18 19:00:00,2804.68,2807.66,2804.55,2805.96,9817,25,0
2025-02-18 20:00:00,2805.96,2810.5,2804.59,2808.51,8644,27,0
2025-02-18 21:00:00,2808.51,2811.46,2806.81,2810.48,7213,27,0
2025-02-18 22:00:00,2810.48,2811.95,2807.02,2807.66,5941,27,0
2025-02-18 23:00:00,2807.66,2810.71,2807.39,2809.5,4338,27,0
2025-02-19 01:00:00,2809.13,2809.79,2807.37,2808.09,1839,28,0
2025-02-19 02:00:00,2808.09,2808.95,2803.1,2804.27,4047,27,0
2025-02-19 03:00:00,2804.27,2814.36,2803.13,2812.89,9154,27,0
2025-02-19 04:00:00,2812.89,2814.01,2797.99,2802.46,9393,27,0
2025-02-19 05:00:00,2802.53,2804.44,2798.91,2802.29,7190,27,0
2025-02-19 06:00:00,2802.29,2802.84,2800.37,2802.32,4707,27,0
2025-02-19 07:00:00,2802.32,2806.4,2801.31,2804.79,6058,27,0
2025-02-19 08:00:00,2804.79,2807.08,2802.72,2804.01,7246,27,0
2025-02-19 09:00:00,2803.95,2808.35,2802.16,2807.36,8560,25,0
2025-02-19 10:00:00,2807.36,2814.92,2807.1,2814.64,10719,25,0
2025-02-19 11:00:00,2814.64,2825.05,2814.47,2824.29,10293,25,0
2025-02-19 12:00:00,2824.29,2826.53,2821.85,2825.03,9372,25,0
2025-02-19 13:00:00,2825.03,2825.7,2814.51,2815.42,10544,25,0
2025-02-19 14:00:00,2815.42,2817.01,2812.31,2812.96,11469,25,0
2025-02-19 15:00:00,2812.94,2820.58,2810.84,2814.1,14471,25,0
2025-02-19 16:00:00,2814.08,2817.89,2809.13,2815.79,17592,25,0
2025-02-19 17:00:00,2815.77,2816.71,2806.33,2806.53,16293,25,0
2025-02-19 18:00:00,2806.53,2814.45,2804.3,2814.08,14292,25,0
2025-02-19 19:00:00,2814.08,2815.54,2807.09,2808.6,9983,27,0
2025-02-19 20:00:00,2808.57,2808.78,2802.87,2807.03,11823,27,0
2025-02-19 21:00:00,2807.03,2812.92,2805.13,2811.88,10833,27,0
2025-02-19 22:00:00,2811.88,2817.32,2811.65,2815.96,10053,27,0
2025-02-19 23:00:00,2815.94,2817.43,2812.77,2813.63,4148,27,0
2025-02-20 01:00:00,2813.94,2817.48,2813.73,2816.95,2004,27,0
2025-02-20 02:00:00,2816.95,2822.07,2816.95,2819.86,4711,27,0
2025-02-20 03:00:00,2819.86,2820.8,2815.52,2818.16,10301,27,0
2025-02-20 04:00:00,2818.16,2819.08,2813.9,2818.08,9543,27,0
2025-02-20 05:00:00,2818.09,2822.53,2817.85,2820.19,5889,27,0
2025-02-20 06:00:00,2820.19,2821.35,2818.26,2818.61,4629,27,0
2025-02-20 07:00:00,2818.62,2826.15,2817.94,2825.91,6019,27,0
2025-02-20 08:00:00,2825.91,2828.35,2822.02,2827.58,6818,27,0
2025-02-20 09:00:00,2827.58,2832.01,2825.63,2826.86,8750,26,0
2025-02-20 10:00:00,2826.89,2832.37,2826.53,2831.72,9391,26,0
2025-02-20 11:00:00,2831.72,2832.38,2827.44,2827.91,8583,25,0
2025-02-20 12:00:00,2827.91,2830.18,2824.38,2827.08,10140,25,0
2025-02-20 13:00:00,2827.11,2828.34,2823.98,2824.8,8377,25,0
2025-02-20 14:00:00,2824.79,2826.54,2814.84,2822.38,11816,25,0
2025-02-20 15:00:00,2822.39,2823.98,2808.0,2808.0,16235,25,0
2025-02-20 16:00:00,2807.99,2812.3,2798.48,2809.54,19952,25,0
2025-02-20 17:00:00,2809.57,2811.06,2802.43,2805.38,16601,25,0
2025-02-20 18:00:00,2805.38,2814.12,2803.63,2809.51,12593,25,0
2025-02-20 19:00:00,2809.51,2811.82,2802.63,2803.22,10545,26,0
2025-02-20 20:00:00,2803.21,2804.17,2799.1,2802.1,10077,27,0
2025-02-20 21:00:00,2802.09,2802.54,2795.06,2797.55,9015,27,0
2025-02-20 22:00:00,2797.55,2798.94,2795.78,2797.07,7663,27,0
2025-02-20 23:00:00,2797.07,2799.64,2796.66,2798.04,3968,27,0
2025-02-21 01:00:00,2798.23,2802.33,2797.46,2801.37,2568,27,0
2025-02-21 02:00:00,2801.37,2803.1,2799.21,2802.47,4489,27,0
2025-02-21 03:00:00,2802.47,2811.33,2790.51,2792.75,12392,28,0
2025-02-21 04:00:00,2792.75,2802.19,2790.26,2798.44,10716,27,0
2025-02-21 05:00:00,2798.44,2799.38,2786.87,2790.76,9595,27,0
2025-02-21 06:00:00,2790.76,2791.39,2787.04,2789.15,5896,27,0
2025-02-21 07:00:00,2789.15,2795.81,2786.02,2792.48,9076,27,0
2025-02-21 08:00:00,2792.48,2794.33,2788.38,2793.07,8860,27,0
2025-02-21 09:00:00,2793.05,2794.37,2791.09,2792.42,7135,27,0
2025-02-21 10:00:00,2792.4,2793.73,2783.85,2790.16,12966,25,0
2025-02-21 11:00:00,2790.16,2798.68,2789.65,2797.94,8799,25,0
2025-02-21 12:00:00,2797.94,2800.29,2797.26,2800.14,6590,25,0
2025-02-21 13:00:00,2800.14,2804.35,2796.6,2797.04,7039,25,0
2025-02-21 14:00:00,2797.04,2804.2,2795.91,2800.59,8743,25,0
2025-02-21 15:00:00,2800.59,2803.73,2794.85,2797.93,12770,25,0
2025-02-21 16:00:00,2797.93,2802.96,2793.64,2798.66,15735,25,0
2025-02-21 17:00:00,2798.67,2803.06,2793.65,2801.38,18093,25,0
2025-02-21 18:00:00,2801.34,2811.48,2799.76,2808.91,11575,25,0
2025-02-21 19:00:00,2808.91,2812.39,2807.88,2809.54,9460,25,0
2025-02-21 20:00:00,2809.54,2814.32,2807.98,2812.35,11634,27,0
2025-02-21 21:00:00,2812.39,2813.18,2803.55,2803.67,9727,27,0
2025-02-21 22:00:00,2803.71,2807.27,2802.81,2805.33,10035,27,0
2025-02-21 23:00:00,2805.32,2808.38,2802.82,2805.73,5577,27,0
2025-02-24 01:00:00,2805.31,2806.6,2802.44,2803.78,6340,29,0
2025-02-24 02:00:00,2803.79,2804.52,2789.19,2789.37,8168,27,0
2025-02-24 03:00:00,2789.35,2789.41,2779.97,2783.77,16305,27,0
2025-02-24 04:00:00,2783.83,2794.76,2780.22,2794.64,13493,27,0
2025-02-24 05:00:00,2794.64,2799.0,2794.17,2795.91,11919,27,0
2025-02-24 06:00:00,2795.89,2799.24,2792.9,2796.69,8258,27,0
2025-02-24 07:00:00,2796.68,2798.72,2791.34,2791.98,9223,27,0
2025-02-24 08:00:00,2791.96,2799.13,2791.14,2796.14,7942,27,0
2025-02-24 09:00:00,2796.15,2807.42,2795.38,2806.06,9254,25,0
2025-02-24 10:00:00,2806.05,2812.66,2804.21,2811.3,11829,25,0
2025-02-24 11:00:00,2811.33,2813.38,2807.42,2811.46,10717,25,0
2025-02-24 12:00:00,2811.46,2812.8,2801.01,2803.51,8803,25,0
2025-02-24 13:00:00,2803.51,2816.05,2803.08,2815.69,8522,25,0
2025-02-24 14:00:00,2815.69,2818.67,2813.27,2814.44,9086,26,0
2025-02-24 15:00:00,2814.44,2822.55,2813.82,2822.53,12902,25,0
2025-02-24 16:00:00,2822.54,2824.31,2805.17,2809.11,18322,25,0
2025-02-24 17:00:00,2809.11,2809.11,2799.65,2804.85,18767,25,0
2025-02-24 18:00:00,2804.83,2811.68,2804.78,2809.09,13486,25,0
2025-02-24 19:00:00,2809.11,2810.84,2807.6,2810.43,12493,26,0
2025-02-24 20:00:00,2810.5,2813.18,2809.05,2812.19,10128,27,0
2025-02-24 21:00:00,2812.18,2815.92,2811.43,2815.3,9191,27,0
2025-02-24 22:00:00,2815.3,2820.25,2813.89,2819.28,8276,27,0
2025-02-24 23:00:00,2819.28,2821.77,2818.8,2820.06,4133,27,0
2025-02-25 01:00:00,2821.51,2822.5,2817.8,2820.04,4551,27,0
2025-02-25 02:00:00,2819.99,2822.1,2818.35,2818.84,4956,27,0
2025-02-25 03:00:00,2818.84,2821.53,2814.69,2818.39,11358,27,0
2025-02-25 04:00:00,2818.39,2819.47,2813.97,2814.93,9052,27,0
2025-02-25 05:00:00,2814.93,2815.59,2804.62,2806.6,10509,27,0
2025-02-25 06:00:00,2806.6,2806.62,2801.49,2804.11,6411,27,0
2025-02-25 07:00:00,2804.11,2807.35,2802.98,2804.14,7597,27,0
2025-02-25 08:00:00,2804.14,2804.48,2799.84,2802.09,7896,27,0
2025-02-25 09:00:00,2802.1,2808.31,2798.31,2801.5,12960,26,0
2025-02-25 10:00:00,2801.48,2810.74,2797.98,2809.4,14061,25,0
2025-02-25 11:00:00,2809.4,2809.8,2805.12,2805.99,11092,25,0
2025-02-25 12:00:00,2805.99,2809.63,2804.64,2804.79,10139,25,0
2025-02-25 13:00:00,2804.79,2807.18,2800.91,2801.45,9807,25,0
2025-02-25 14:00:00,2801.46,2802.34,2786.3,2790.74,16958,25,0
2025-02-25 15:00:00,2790.76,2797.66,2787.5,2797.49,18556,25,0
2025-02-25 16:00:00,2797.48,2804.22,2785.43,2785.43,19240,25,0
2025-02-25 17:00:00,2785.49,2793.39,2758.36,2767.83,25205,25,0
2025-02-25 18:00:00,2767.88,2768.85,2751.58,2759.02,20358,25,0
2025-02-25 19:00:00,2759.03,2769.9,2757.5,2768.51,14427,27,0
2025-02-25 20:00:00,2768.5,2772.17,2765.53,2768.53,11380,27,0
2025-02-25 21:00:00,2768.53,2772.52,2765.5,2770.52,9191,27,0
2025-02-25 22:00:00,2770.52,2771.03,2768.29,2769.64,10014,27,0
2025-02-25 23:00:00,2769.64,2774.18,2769.64,2771.59,6497,27,0
2025-02-26 01:00:00,2771.43,2774.46,2769.51,2774.06,4679,27,0
2025-02-26 02:00:00,2774.06,2780.28,2774.06,2778.09,7078,27,0
2025-02-26 03:00:00,2778.09,2784.51,2772.35,2774.78,12200,27,0
2025-02-26 04:00:00,2774.83,2782.44,2771.97,2780.28,10222,27,0
2025-02-26 05:00:00,2780.28,2780.88,2776.07,2776.78,5077,27,0
2025-02-26 06:00:00,2776.88,2778.97,2773.66,2776.69,4963,27,0
2025-02-26 07:00:00,2776.69,2782.75,2776.65,2778.8,6627,27,0
2025-02-26 08:00:00,2778.8,2779.02,2769.49,2769.75,8191,27,0
2025-02-26 09:00:00,2769.78,2779.27,2768.77,2778.12,10891,25,0
2025-02-26 10:00:00,2778.12,2779.45,2768.52,2778.19,10947,25,0
2025-02-26 11:00:00,2778.19,2779.28,2774.28,2775.05,8969,25,0
2025-02-26 12:00:00,2775.05,2778.64,2772.27,2774.56,8301,25,0
2025-02-26 13:00:00,2774.56,2779.44,2773.51,2777.12,7040,25,0
2025-02-26 14:00:00,2777.12,2782.85,2774.29,2781.17,8303,25,0
2025-02-26 15:00:00,2781.17,2781.97,2771.44,2771.68,13633,25,0
2025-02-26 16:00:00,2771.68,2771.97,2755.89,2766.18,21534,25,0
2025-02-26 17:00:00,2766.2,2775.59,2764.29,2772.9,18008,25,0
2025-02-26 18:00:00,2772.9,2776.0,2768.67,2770.68,13914,25,0
2025-02-26 19:00:00,2770.63,2779.79,2768.49,2777.03,14464,27,0
2025-02-26 20:00:00,2777.03,2779.15,2775.44,2779.14,10554,27,0
2025-02-26 21:00:00,2779.14,2781.29,2777.08,2777.36,8146,27,0
2025-02-26 22:00:00,2777.36,2781.29,2777.36,2781.07,7539,27,0
2025-02-26 23:00:00,2780.99,2784.8,2780.58,2780.85,6081,27,0
2025-02-27 01:00:00,2781.11,2784.01,2779.46,2783.36,2949,27,0
2025-02-27 02:00:00,2783.36,2784.67,2781.76,2784.1,4749,27,0
2025-02-27 03:00:00,2784.1,2785.56,2778.12,2779.56,11231,27,0
2025-02-27 04:00:00,2779.56,2782.53,2773.68,2775.8,9653,27,0
2025-02-27 05:00:00,2775.8,2777.6,2774.87,2776.25,6429,27,0
2025-02-27 06:00:00,2776.38,2776.9,2768.83,2769.1,8542,27,0
2025-02-27 07:00:00,2769.1,2770.33,2760.6,2762.33,11921,27,0
2025-02-27 08:00:00,2762.33,2767.93,2761.91,2763.77,10272,27,0
2025-02-27 09:00:00,2763.77,2766.28,2756.65,2760.65,11315,25,0
2025-02-27 10:00:00,2760.65,2760.86,2749.28,2749.75,15695,25,0
2025-02-27 11:00:00,2749.72,2761.71,2745.55,2753.94,12803,25,0
2025-02-27 12:00:00,2753.91,2762.62,2753.57,2759.27,9303,25,0
2025-02-27 13:00:00,2759.27,2760.7,2751.05,2752.95,10395,25,0
2025-02-27 14:00:00,2752.98,2756.19,2751.72,2753.74,10063,25,0
2025-02-27 15:00:00,2753.74,2772.32,2750.5,2771.53,20665,25,0
2025-02-27 16:00:00,2771.52,2771.99,2751.38,2756.47,22323,25,0
2025-02-27 17:00:00,2756.44,2764.9,2753.69,2757.71,21979,25,0
2025-02-27 18:00:00,2757.73,2764.8,2757.13,2762.99,15462,25,0
2025-02-27 19:00:00,2763.12,2771.77,2761.71,2770.29,12551,26,0
2025-02-27 20:00:00,2770.29,2773.44,2768.01,2771.6,9430,27,0
2025-02-27 21:00:00,2771.6,2772.36,2764.77,2767.2,10784,27,0
2025-02-27 22:00:00,2767.2,2767.37,2760.63,2761.82,12832,27,0
2025-02-27 23:00:00,2761.82,2767.5,2760.2,2766.36,5095,27,0
2025-02-28 01:00:00,2766.89,2767.68,2764.51,2766.72,2975,27,0
2025-02-28 02:00:00,2766.72,2768.91,2765.34,2765.55,6348,27,0
2025-02-28 03:00:00,2765.55,2774.02,2765.54,2768.16,14648,27,0
2025-02-28 04:00:00,2768.16,2770.08,2762.61,2767.41,13177,27,0
2025-02-28 05:00:00,2767.41,2769.5,2756.6,2758.53,11433,27,0
2025-02-28 06:00:00,2758.53,2758.74,2750.0,2756.9,10765,27,0
2025-02-28 07:00:00,2756.81,2759.37,2754.69,2756.78,9724,27,0
2025-02-28 08:00:00,2756.78,2760.49,2755.63,2756.65,10279,27,0
2025-02-28 09:00:00,2756.65,2757.91,2749.48,2749.53,11805,25,0
2025-02-28 10:00:00,2749.53,2750.78,2740.99,2745.76,13264,25,0
2025-02-28 11:00:00,2745.73,2754.03,2744.24,2753.44,11799,25,0
2025-02-28 12:00:00,2753.44,2755.28,2751.98,2752.87,8693,25,0
2025-02-28 13:00:00,2752.87,2753.94,2750.18,2752.52,8161,25,0
2025-02-28 14:00:00,2752.48,2754.6,2743.09,2744.52,11714,25,0
2025-02-28 15:00:00,2744.53,2749.35,2736.71,2737.04,18220,25,0
2025-02-28 16:00:00,2737.04,2739.18,2721.82,2722.27,22092,25,0
2025-02-28 17:00:00,2722.31,2741.16,2720.34,2740.39,22417,25,0
2025-02-28 18:00:00,2740.44,2743.13,2735.23,2738.53,17734,25,0
2025-02-28 19:00:00,2738.53,2740.31,2734.56,2736.52,13491,26,0
2025-02-28 20:00:00,2736.52,2745.83,2733.99,2745.29,16437,27,0
2025-02-28 21:00:00,2745.31,2749.09,2743.38,2748.48,10999,27,0
2025-02-28 22:00:00,2748.42,2752.56,2747.55,2751.44,10546,27,0
2025-02-28 23:00:00,2751.44,2755.85,2751.33,2755.53,5148,27,0
2025-03-03 01:00:00,2754.97,2763.79,2750.19,2757.29,8020,27,0
2025-03-03 02:00:00,2757.29,2758.62,2752.14,2753.11,10044,27,0
2025-03-03 03:00:00,2753.11,2756.16,2750.64,2755.08,12588,27,0
2025-03-03 04:00:00,2755.08,2756.25,2752.12,2752.52,7122,27,0
2025-03-03 05:00:00,2752.52,2752.52,2746.19,2750.02,11048,27,0
2025-03-03 06:00:00,2750.02,2752.73,2747.95,2752.14,5412,27,0
2025-03-03 07:00:00,2752.14,2752.62,2747.08,2749.82,7375,27,0
2025-03-03 08:00:00,2749.82,2752.99,2748.46,2752.98,8069,27,0
2025-03-03 09:00:00,2752.98,2754.25,2747.97,2751.62,9936,25,0
2025-03-03 10:00:00,2751.62,2759.78,2750.48,2757.91,13302,25,0
2025-03-03 11:00:00,2757.9,2758.6,2749.52,2749.88,12276,25,0
2025-03-03 12:00:00,2749.83,2752.28,2746.48,2750.2,10859,25,0
2025-03-03 13:00:00,2750.21,2751.95,2747.15,2749.81,8852,25,0
2025-03-03 14:00:00,2749.81,2750.83,2745.35,2746.31,10529,25,0
2025-03-03 15:00:00,2746.31,2747.47,2740.58,2743.05,13521,25,0
2025-03-03 16:00:00,2743.04,2749.75,2740.26,2744.32,16055,25,0
2025-03-03 17:00:00,2744.35,2754.79,2740.42,2754.29,20977,25,0
2025-03-03 18:00:00,2754.29,2755.83,2750.25,2754.89,12397,25,0
2025-03-03 19:00:00,2754.89,2757.83,2751.86,2755.6,9982,27,0
2025-03-03 20:00:00,2755.59,2757.12,2751.17,2755.64,11361,27,0
2025-03-03 21:00:00,2755.64,2756.98,2749.37,2751.34,10684,27,0
2025-03-03 22:00:00,2751.34,2758.68,2748.87,2757.37,15234,27,0
2025-03-03 23:00:00,2757.38,2759.86,2756.41,2757.55,6450,27,0
2025-03-04 01:00:00,2757.06,2760.6,2756.02,2757.01,3394,27,0
2025-03-04 02:00:00,2757.01,2759.71,2756.16,2757.18,6633,27,0
2025-03-04 03:00:00,2757.18,2758.64,2746.7,2753.65,13019,27,0
2025-03-04 04:00:00,2753.65,2755.28,2751.63,2753.0,8754,27,0
2025-03-04 05:00:00,2753.0,2760.83,2752.8,2756.94,8419,27,0
2025-03-04 06:00:00,2756.96,2760.21,2755.96,2759.32,6733,27,0
2025-03-04 07:00:00,2759.32,2761.15,2754.75,2756.37,8728,27,0
2025-03-04 08:00:00,2756.37,2757.41,2750.78,2753.46,8482,27,0
2025-03-04 09:00:00,2753.46,2767.36,2752.19,2763.6,12067,25,0
2025-03-04 10:00:00,2763.6,2774.74,2761.02,2770.19,16936,25,0
2025-03-04 11:00:00,2770.19,2777.52,2768.29,2775.73,9507,26,0
2025-03-04 12:00:00,2775.76,2775.92,2770.88,2772.77,11137,25,0
2025-03-04 13:00:00,2772.77,2775.6,2768.36,2769.03,10254,25,0
2025-03-04 14:00:00,2769.05,2772.76,2767.47,2771.48,13008,25,0
2025-03-04 15:00:00,2771.48,2778.15,2770.13,2772.97,19041,25,0
2025-03-04 16:00:00,2772.94,2773.59,2759.47,2759.6,20921,25,0
2025-03-04 17:00:00,2759.62,2768.65,2756.69,2760.7,21411,25,0
2025-03-04 18:00:00,2760.7,2768.42,2759.98,2767.33,16881,25,0
2025-03-04 19:00:00,2767.33,2768.32,2761.23,2761.87,12802,26,0
2025-03-04 20:00:00,2761.87,2763.08,2748.14,2748.87,12435,27,0
2025-03-04 21:00:00,2748.87,2751.74,2748.33,2750.74,10260,27,0
2025-03-04 22:00:00,2750.74,2751.15,2746.26,2749.82,12899,27,0
2025-03-04 23:00:00,2749.82,2750.39,2742.22,2745.25,8372,27,0
2025-03-05 01:00:00,2744.98,2745.59,2741.81,2743.39,3745,27,0
2025-03-05 02:00:00,2743.39,2748.14,2742.39,2743.66,7487,27,0
2025-03-05 03:00:00,2743.66,2745.32,2733.1,2739.25,14567,27,0
2025-03-05 04:00:00,2739.25,2746.78,2736.19,2738.73,12977,27,0
2025-03-05 05:00:00,2738.73,2745.07,2738.28,2739.25,11759,27,0
2025-03-05 06:00:00,2739.25,2743.28,2738.56,2740.72,5787,27,0
2025-03-05 07:00:00,2740.74,2745.35,2739.63,2745.29,7348,27,0
2025-03-05 08:00:00,2745.29,2746.93,2740.29,2743.37,10303,27,0
2025-03-05 09:00:00,2743.37,2745.08,2731.53,2733.61,14300,25,0
2025-03-05 10:00:00,2733.61,2739.24,2728.77,2729.34,17274,25,0
2025-03-05 11:00:00,2729.34,2730.04,2718.88,2724.86,15426,25,0
2025-03-05 12:00:00,2724.86,2730.57,2720.03,2723.24,13673,25,0
2025-03-05 13:00:00,2723.26,2731.28,2722.93,2727.98,12398,25,0
2025-03-05 14:00:00,2727.98,2729.31,2720.32,2726.32,14055,25,0
2025-03-05 15:00:00,2726.34,2726.5,2700.08,2706.17,21863,25,0
2025-03-05 16:00:00,2706.17,2710.26,2701.51,2702.64,23555,25,0
2025-03-05 17:00:00,2702.61,2718.27,2698.44,2709.68,24448,25,0
2025-03-05 18:00:00,2709.71,2721.45,2708.07,2715.48,19388,25,0
2025-03-05 19:00:00,2715.5,2716.8,2702.26,2703.63,15902,27,0
2025-03-05 20:00:00,2703.58,2710.36,2703.24,2707.88,14302,27,0
2025-03-05 21:00:00,2707.88,2708.99,2705.52,2706.52,10351,27,0
2025-03-05 22:00:00,2706.52,2708.57,2705.06,2707.34,9685,27,0
2025-03-05 23:00:00,2707.43,2707.84,2703.58,2704.76,4812,27,0
2025-03-06 01:00:00,2703.75,2705.15,2702.52,2703.36,2882,27,0
2025-03-06 02:00:00,2703.36,2704.85,2700.68,2701.92,5700,27,0
2025-03-06 03:00:00,2701.92,2704.52,2701.44,2704.13,11053,27,0
2025-03-06 04:00:00,2704.13,2707.74,2702.93,2707.47,9679,27,0
2025-03-06 05:00:00,2707.47,2708.84,2705.19,2707.38,6992,27,0
2025-03-06 06:00:00,2707.38,2707.64,2700.03,2700.28,5902,27,0
2025-03-06 07:00:00,2700.28,2702.67,2698.07,2700.89,8737,27,0
2025-03-06 08:00:00,2700.89,2705.52,2699.25,2703.32,8899,27,0
2025-03-06 09:00:00,2703.32,2704.82,2693.56,2694.54,15801,25,0
2025-03-06 10:00:00,2694.63,2695.63,2684.26,2689.21,18474,25,0
2025-03-06 11:00:00,2689.21,2691.42,2675.63,2679.74,17734,25,0
2025-03-06 12:00:00,2679.74,2691.14,2677.66,2686.37,16662,25,0
2025-03-06 13:00:00,2686.37,2694.19,2685.21,2690.69,13590,25,0
2025-03-06 14:00:00,2690.69,2691.04,2683.68,2688.01,13735,25,0
2025-03-06 15:00:00,2688.01,2693.44,2680.4,2682.79,20648,25,0
2025-03-06 16:00:00,2682.78,2692.49,2681.58,2689.92,22582,25,0
2025-03-06 17:00:00,2689.92,2696.07,2687.23,2694.21,22739,25,0
2025-03-06 18:00:00,2694.21,2697.56,2690.09,2696.64,16932,25,0
2025-03-06 19:00:00,2696.62,2703.96,2694.93,2700.07,14420,25,0
2025-03-06 20:00:00,2700.05,2707.16,2699.97,2704.16,13181,27,0
2025-03-06 21:00:00,2704.16,2705.09,2696.56,2697.64,11842,27,0
2025-03-06 22:00:00,2697.63,2701.36,2696.01,2696.56,10745,27,0
2025-03-06 23:00:00,2696.52,2699.99,2696.49,2698.2,4740,27,0
2025-03-07 01:00:00,2698.5,2699.29,2696.19,2697.91,3565,27,0
2025-03-07 02:00:00,2697.91,2697.91,2684.38,2692.39,9665,29,0
2025-03-07 03:00:00,2692.39,2697.63,2690.08,2693.99,12597,27,0
2025-03-07 04:00:00,2693.99,2694.38,2688.72,2692.72,11543,27,0
2025-03-07 05:00:00,2692.75,2693.71,2686.86,2688.61,8171,27,0
2025-03-07 06:00:00,2688.61,2690.32,2687.6,2687.98,6896,27,0
2025-03-07 07:00:00,2687.98,2693.82,2687.66,2690.65,8790,27,0
2025-03-07 08:00:00,2690.65,2694.27,2689.26,2691.69,8875,27,0
2025-03-07 09:00:00,2691.71,2693.66,2688.07,2693.46,11333,25,0
2025-03-07 10:00:00,2693.47,2695.22,2689.55,2693.2,13983,25,0
2025-03-07 11:00:00,2693.16,2694.35,2687.94,2689.82,12336,25,0
2025-03-07 12:00:00,2689.82,2690.12,2685.06,2686.68,12671,25,0
2025-03-07 13:00:00,2686.68,2693.38,2686.68,2690.19,11943,25,0
2025-03-07 14:00:00,2690.16,2695.32,2688.32,2688.77,13809,25,0
2025-03-07 15:00:00,2688.77,2690.61,2678.02,2686.66,22975,26,0
2025-03-07 16:00:00,2686.66,2698.66,2676.94,2696.56,23220,25,0
2025-03-07 17:00:00,2696.53,2701.12,2671.9,2682.39,21707,25,0
2025-03-07 18:00:00,2682.37,2690.68,2681.32,2683.53,16746,25,0
2025-03-07 19:00:00,2683.53,2687.49,2678.15,2681.89,16891,26,0
2025-03-07 20:00:00,2681.89,2684.77,2678.5,2681.24,14416,27,0
2025-03-07 21:00:00,2681.27,2684.33,2679.18,2679.34,11557,27,0
2025-03-07 22:00:00,2679.35,2683.82,2678.44,2682.27,9135,27,0
2025-03-07 23:00:00,2682.26,2687.5,2681.21,2686.99,3392,27,0
2025-03-10 01:00:00,2685.23,2687.23,2680.24,2683.83,5444,29,0
2025-03-10 02:00:00,2683.83,2686.19,2682.29,2685.22,5759,27,0
2025-03-10 03:00:00,2685.22,2687.98,2681.26,2682.04,7428,27,0
2025-03-10 04:00:00,2682.04,2685.67,2681.57,2683.12,9826,27,0
2025-03-10 05:00:00,2683.09,2687.02,2682.12,2686.47,7869,27,0
2025-03-10 06:00:00,2686.47,2688.92,2684.31,2687.36,6674,27,0
2025-03-10 07:00:00,2687.36,2688.28,2685.94,2687.6,4476,27,0
2025-03-10 08:00:00,2687.61,2688.46,2684.02,2685.53,6810,27,0
2025-03-10 09:00:00,2685.53,2689.65,2683.27,2689.11,8431,25,0
2025-03-10 10:00:00,2689.14,2691.08,2684.55,2687.23,11973,25,0
2025-03-10 11:00:00,2687.23,2690.98,2678.5,2680.63,14976,25,0
2025-03-10 12:00:00,2680.62,2690.22,2679.54,2682.86,14087,25,0
2025-03-10 13:00:00,2682.86,2683.0,2667.37,2672.79,13219,25,0
2025-03-10 14:00:00,2672.87,2681.93,2668.27,2676.36,14518,25,0
2025-03-10 15:00:00,2676.36,2681.63,2672.92,2680.32,15459,25,0
2025-03-10 16:00:00,2680.32,2682.26,2673.27,2679.87,18689,25,0
2025-03-10 17:00:00,2679.86,2683.63,2677.72,2681.32,19756,25,0
2025-03-10 18:00:00,2681.32,2685.31,2678.34,2679.97,15120,25,0
2025-03-10 19:00:00,2680.02,2682.69,2673.62,2673.8,12705,25,0
2025-03-10 20:00:00,2673.8,2674.44,2658.34,2664.82,14894,27,0
2025-03-10 21:00:00,2664.9,2668.66,2660.7,2664.42,11824,27,0
2025-03-10 22:00:00,2664.42,2670.44,2662.2,2663.8,11819,27,0
2025-03-10 23:00:00,2663.84,2668.05,2662.36,2666.02,4658,27,0
2025-03-11 01:00:00,2666.02,2666.93,2661.14,2662.29,2956,27,0
2025-03-11 02:00:00,2662.29,2662.29,2658.4,2661.24,4108,27,0
2025-03-11 03:00:00,2661.24,2663.79,2659.19,2660.49,7367,27,0
2025-03-11 04:00:00,2660.49,2664.83,2655.55,2662.07,11624,27,0
2025-03-11 05:00:00,2662.07,2671.58,2661.32,2670.32,9795,27,0
2025-03-11 06:00:00,2670.32,2670.57,2667.86,2668.71,6943,27,0
2025-03-11 07:00:00,2668.71,2670.37,2667.67,2669.53,3920,27,0
2025-03-11 08:00:00,2669.53,2673.69,2668.99,2671.77,6439,27,0
2025-03-11 09:00:00,2671.77,2673.77,2663.18,2673.29,9963,26,0
2025-03-11 10:00:00,2673.29,2673.38,2660.1,2663.68,11510,25,0
2025-03-11 11:00:00,2663.68,2670.08,2662.95,2665.36,12593,25,0
2025-03-11 12:00:00,2665.36,2670.44,2664.1,2669.19,10809,25,0
2025-03-11 13:00:00,2669.17,2676.6,2669.17,2673.78,8777,25,0
2025-03-11 14:00:00,2673.78,2676.16,2671.61,2671.78,8662,25,0
2025-03-11 15:00:00,2671.79,2672.13,2666.1,2668.04,12593,25,0
2025-03-11 16:00:00,2667.98,2673.61,2663.15,2671.68,17629,25,0
2025-03-11 17:00:00,2671.65,2678.33,2668.38,2668.82,18716,25,0
2025-03-11 18:00:00,2668.76,2674.81,2668.61,2669.16,14799,25,0
2025-03-11 19:00:00,2669.17,2671.05,2668.24,2670.07,9972,27,0
2025-03-11 20:00:00,2670.07,2672.06,2666.22,2668.33,10550,26,0
2025-03-11 21:00:00,2668.33,2671.81,2663.91,2669.56,10441,27,0
2025-03-11 22:00:00,2669.56,2673.1,2669.06,2672.43,9536,27,0
2025-03-11 23:00:00,2672.45,2673.27,2669.46,2669.76,4180,27,0
2025-03-12 01:00:00,2671.5,2673.16,2670.17,2672.78,3222,28,0
2025-03-12 02:00:00,2672.78,2674.54,2670.86,2671.26,2721,27,0
2025-03-12 03:00:00,2671.26,2671.49,2669.29,2671.28,4692,27,0
2025-03-12 04:00:00,2671.23,2673.82,2668.62,2672.53,8032,27,0
2025-03-12 05:00:00,2672.53,2675.42,2671.21,2674.44,7040,27,0
2025-03-12 06:00:00,2674.44,2678.82,2674.39,2674.72,5181,27,0
2025-03-12 07:00:00,2674.72,2675.03,2672.65,2674.45,4638,27,0
2025-03-12 08:00:00,2674.44,2674.93,2672.05,2674.29,7188,27,0
2025-03-12 09:00:00,2674.29,2678.22,2671.57,2673.38,9886,26,0
2025-03-12 10:00:00,2673.38,2675.39,2670.29,2673.42,10930,25,0
2025-03-12 11:00:00,2673.42,2677.32,2672.61,2675.46,12226,25,0
2025-03-12 12:00:00,2675.46,2678.81,2668.65,2670.38,11446,25,0
2025-03-12 13:00:00,2670.38,2673.04,2668.65,2672.08,8152,25,0
2025-03-12 14:00:00,2672.08,2675.65,2669.08,2674.18,8956,25,0
2025-03-12 15:00:00,2674.18,2682.98,2665.29,2682.0,17470,25,0
2025-03-12 16:00:00,2681.98,2681.98,2667.35,2679.26,20969,25,0
2025-03-12 17:00:00,2679.26,2680.27,2675.54,2677.48,16753,25,0
2025-03-12 18:00:00,2677.48,2683.5,2676.91,2680.59,15574,25,0
2025-03-12 19:00:00,2680.59,2692.65,2680.39,2692.24,15122,25,0
2025-03-12 20:00:00,2692.23,2695.47,2691.56,2691.98,10946,27,0
2025-03-12 21:00:00,2691.98,2697.56,2690.97,2696.46,8571,27,0
2025-03-12 22:00:00,2696.46,2696.97,2691.05,2691.91,8270,27,0
2025-03-12 23:00:00,2691.91,2694.45,2691.02,2693.85,3588,27,0
2025-03-13 01:00:00,2694.27,2698.97,2694.19,2698.27,2807,27,0
2025-03-13 02:00:00,2698.27,2700.03,2695.67,2699.07,2976,27,0
2025-03-13 03:00:00,2699.07,2700.06,2697.88,2698.08,4117,27,0
2025-03-13 04:00:00,2698.03,2701.11,2696.83,2698.0,7781,27,0
2025-03-13 05:00:00,2698.0,2703.69,2697.38,2702.11,6753,27,0
2025-03-13 06:00:00,2702.11,2706.98,2701.45,2706.02,4776,27,0
2025-03-13 07:00:00,2706.02,2706.72,2703.04,2703.12,4131,27,0
2025-03-13 08:00:00,2703.12,2704.81,2699.94,2700.84,6705,27,0
2025-03-13 09:00:00,2700.84,2702.95,2698.17,2700.67,7973,25,0
2025-03-13 10:00:00,2700.67,2702.28,2696.71,2701.31,9320,25,0
2025-03-13 11:00:00,2701.3,2708.63,2700.1,2705.17,11844,25,0
2025-03-13 12:00:00,2705.17,2712.62,2704.49,2709.31,9693,25,0
2025-03-13 13:00:00,2709.31,2710.04,2706.34,2708.35,8575,25,0
2025-03-13 14:00:00,2708.35,2716.31,2708.35,2713.76,10414,25,0
2025-03-13 15:00:00,2713.76,2720.84,2706.62,2715.71,17469,25,0
2025-03-13 16:00:00,2715.67,2723.16,2712.16,2719.94,17433,25,0
2025-03-13 17:00:00,2719.94,2735.35,2717.25,2733.34,19276,25,0
2025-03-13 18:00:00,2733.37,2742.49,2730.67,2742.33,20383,25,0
2025-03-13 19:00:00,2742.33,2745.53,2738.7,2740.82,15937,27,0
2025-03-13 20:00:00,2740.82,2745.5,2739.09,2744.69,12336,27,0
2025-03-13 21:00:00,2744.69,2748.78,2744.18,2748.45,9554,27,0
2025-03-13 22:00:00,2748.45,2751.85,2746.63,2749.41,8391,27,0
2025-03-13 23:00:00,2749.45,2753.8,2747.33,2753.65,4117,27,0
2025-03-14 01:00:00,2752.68,2755.18,2747.91,2752.42,3154,27,0
2025-03-14 02:00:00,2752.42,2754.36,2750.35,2751.09,3137,27,0
2025-03-14 03:00:00,2751.09,2753.52,2749.41,2752.82,5988,27,0
2025-03-14 04:00:00,2752.82,2757.2,2750.06,2755.97,12028,27,0
2025-03-14 05:00:00,2755.97,2757.58,2752.46,2752.74,7359,27,0
2025-03-14 06:00:00,2752.75,2759.67,2752.37,2759.28,6781,27,0
2025-03-14 07:00:00,2759.27,2760.85,2752.89,2753.76,6354,27,0
2025-03-14 08:00:00,2753.76,2753.98,2749.3,2752.14,7661,27,0
2025-03-14 09:00:00,2752.14,2756.29,2748.98,2754.62,8826,25,0
2025-03-14 10:00:00,2754.62,2756.06,2749.42,2755.59,10689,25,0
2025-03-14 11:00:00,2755.59,2757.86,2753.23,2757.41,10491,25,0
2025-03-14 12:00:00,2757.41,2763.91,2756.97,2763.13,10657,25,0
2025-03-14 13:00:00,2763.13,2765.87,2740.83,2747.45,15518,26,0
2025-03-14 14:00:00,2747.46,2753.14,2745.77,2747.07,14251,25,0
2025-03-14 15:00:00,2747.07,2751.27,2745.6,2747.91,12840,25,0
2025-03-14 16:00:00,2747.92,2750.47,2738.5,2745.1,17542,25,0
2025-03-14 17:00:00,2745.0,2750.59,2740.87,2744.4,18296,25,0
2025-03-14 18:00:00,2744.4,2745.91,2736.37,2745.24,15606,25,0
2025-03-14 19:00:00,2745.25,2748.01,2743.09,2747.05,10485,27,0
2025-03-14 20:00:00,2747.05,2748.1,2744.25,2744.37,7963,27,0
2025-03-14 21:00:00,2744.37,2745.19,2741.57,2741.9,6395,27,0
2025-03-14 22:00:00,2741.9,2744.22,2740.14,2741.77,5672,26,0
2025-03-14 23:00:00,2741.75,2745.88,2739.9,2744.02,3224,27,0
2025-03-17 01:00:00,2742.61,2749.04,2742.22,2746.81,4342,29,0
2025-03-17 02:00:00,2746.81,2751.09,2745.65,2748.22,3229,27,0
2025-03-17 03:00:00,2748.22,2749.08,2745.73,2748.91,4275,27,0
2025-03-17 04:00:00,2748.91,2751.0,2747.17,2748.11,8490,27,0
2025-03-17 05:00:00,2748.11,2748.64,2745.05,2745.95,5355,27,0
2025-03-17 06:00:00,2745.94,2746.52,2742.55,2744.49,4725,27,0
2025-03-17 07:00:00,2744.49,2744.93,2740.63,2740.74,4464,27,0
2025-03-17 08:00:00,2740.74,2745.44,2740.74,2745.14,5012,27,0
2025-03-17 09:00:00,2745.14,2749.41,2744.12,2748.53,6329,25,0
2025-03-17 10:00:00,2748.53,2748.7,2743.55,2744.91,7615,25,0
2025-03-17 11:00:00,2744.9,2746.9,2740.64,2745.66,8487,25,0
2025-03-17 12:00:00,2745.66,2750.71,2744.95,2748.29,8465,25,0
2025-03-17 13:00:00,2748.29,2750.29,2745.23,2749.36,6775,25,0
2025-03-17 14:00:00,2749.36,2752.7,2748.43,2749.3,7457,25,0
2025-03-17 15:00:00,2749.3,2749.63,2738.65,2739.95,15172,25,0
2025-03-17 16:00:00,2739.95,2743.2,2738.75,2740.26,15398,25,0
2025-03-17 17:00:00,2740.26,2749.77,2738.77,2746.9,15715,25,0
2025-03-17 18:00:00,2746.89,2747.06,2740.4,2744.16,11658,25,0
2025-03-17 19:00:00,2744.16,2746.43,2740.31,2741.82,9483,26,0
2025-03-17 20:00:00,2741.82,2748.75,2741.74,2746.6,8571,27,0
2025-03-17 21:00:00,2746.61,2747.79,2744.61,2745.2,7692,27,0
2025-03-17 22:00:00,2745.2,2747.6,2744.5,2747.14,6031,27,0
2025-03-17 23:00:00,2747.04,2748.32,2746.08,2747.26,3949,27,0
2025-03-18 01:00:00,2748.09,2748.31,2746.6,2746.98,1416,27,0
2025-03-18 02:00:00,2746.98,2749.75,2746.84,2747.41,2114,27,0
2025-03-18 03:00:00,2747.41,2750.62,2746.75,2749.53,4991,27,0
2025-03-18 04:00:00,2749.51,2756.29,2747.4,2753.99,8562,27,0
2025-03-18 05:00:00,2753.99,2760.66,2751.26,2759.97,7067,27,0
2025-03-18 06:00:00,2759.97,2763.61,2758.6,2760.51,5692,27,0
2025-03-18 07:00:00,2760.51,2765.22,2760.17,2762.53,3903,27,0
2025-03-18 08:00:00,2762.53,2762.87,2755.21,2761.13,6226,27,0
2025-03-18 09:00:00,2761.13,2765.34,2760.38,2761.41,7160,25,0
2025-03-18 10:00:00,2761.41,2764.54,2758.21,2758.42,8596,25,0
2025-03-18 11:00:00,2758.42,2764.61,2756.43,2763.44,11069,25,0
2025-03-18 12:00:00,2763.52,2766.24,2756.63,2758.04,10183,25,0
2025-03-18 13:00:00,2758.02,2766.86,2757.23,2765.69,10691,25,0
2025-03-18 14:00:00,2765.69,2772.65,2763.49,2772.65,8439,25,0
2025-03-18 15:00:00,2772.65,2783.7,2772.08,2780.68,12941,25,0
2025-03-18 16:00:00,2780.68,2783.66,2773.54,2779.51,17387,25,0
2025-03-18 17:00:00,2779.51,2779.58,2771.08,2773.63,17383,25,0
2025-03-18 18:00:00,2773.62,2779.95,2771.53,2774.52,14070,25,0
2025-03-18 19:00:00,2774.52,2777.38,2772.7,2775.35,10430,27,0
2025-03-18 20:00:00,2775.35,2775.46,2767.19,2769.44,9547,27,0
2025-03-18 21:00:00,2769.44,2774.82,2769.31,2773.92,5697,27,0
2025-03-18 22:00:00,2773.87,2775.88,2772.6,2773.06,6186,27,0
2025-03-18 23:00:00,2773.0,2773.43,2771.17,2771.48,3100,27,0
2025-03-19 01:00:00,2771.64,2773.3,2770.61,2772.98,1934,27,0
2025-03-19 02:00:00,2772.98,2773.43,2770.7,2771.34,2145,27,0
2025-03-19 03:00:00,2771.37,2774.43,2770.62,2772.23,3432,27,0
2025-03-19 04:00:00,2772.23,2773.33,2768.27,2769.93,5274,27,0
2025-03-19 05:00:00,2769.93,2772.53,2769.47,2772.49,5336,27,0
2025-03-19 06:00:00,2772.47,2778.22,2770.88,2775.63,4729,27,0
2025-03-19 07:00:00,2775.59,2778.51,2774.79,2778.0,3606,27,0
2025-03-19 08:00:00,2778.0,2785.85,2777.41,2785.04,6105,27,0
2025-03-19 09:00:00,2785.04,2786.38,2777.46,2785.7,9541,25,0
2025-03-19 10:00:00,2785.7,2795.11,2784.61,2787.02,11265,25,0
2025-03-19 11:00:00,2787.02,2787.17,2772.91,2773.33,10826,25,0
2025-03-19 12:00:00,2773.34,2779.76,2772.74,2779.4,8372,25,0
2025-03-19 13:00:00,2779.4,2788.71,2777.93,2783.99,7965,25,0
2025-03-19 14:00:00,2783.99,2788.67,2783.23,2785.91,6892,25,0
2025-03-19 15:00:00,2785.91,2787.29,2782.68,2785.89,10121,25,0
2025-03-19 16:00:00,2785.89,2786.88,2777.6,2784.16,14562,25,0
2025-03-19 17:00:00,2784.15,2784.15,2776.77,2781.67,12946,25,0
2025-03-19 18:00:00,2781.67,2787.35,2780.43,2787.02,9250,25,0
2025-03-19 19:00:00,2787.02,2791.14,2785.6,2786.41,7879,25,0
2025-03-19 20:00:00,2786.41,2791.92,2785.07,2786.1,8785,27,0
2025-03-19 21:00:00,2785.84,2794.62,2785.08,2793.12,17436,27,0
2025-03-19 22:00:00,2793.24,2798.2,2792.52,2796.36,13954,27,0
2025-03-19 23:00:00,2796.36,2796.76,2791.75,2794.59,3909,28,0
2025-03-20 01:00:00,2795.07,2796.15,2792.54,2796.08,2298,27,0
2025-03-20 02:00:00,2796.08,2796.85,2795.05,2795.12,2096,27,0
2025-03-20 03:00:00,2795.12,2800.24,2795.12,2797.81,6330,27,0
2025-03-20 04:00:00,2797.81,2802.02,2795.77,2796.05,9481,27,0
2025-03-20 05:00:00,2796.05,2796.74,2790.92,2791.95,7518,27,0
2025-03-20 06:00:00,2791.95,2796.12,2791.62,2795.55,5522,27,0
2025-03-20 07:00:00,2795.55,2803.63,2794.16,2799.3,5266,27,0
2025-03-20 08:00:00,2799.3,2801.81,2795.28,2796.42,7433,27,0
2025-03-20 09:00:00,2796.42,2801.14,2795.48,2798.73,6975,25,0
2025-03-20 10:00:00,2798.72,2803.19,2795.46,2796.26,9537,25,0
2025-03-20 11:00:00,2796.26,2801.26,2793.84,2799.54,10847,25,0
2025-03-20 12:00:00,2799.55,2809.59,2798.97,2802.48,10917,25,0
2025-03-20 13:00:00,2802.48,2802.87,2789.93,2797.64,14191,25,0
2025-03-20 14:00:00,2797.65,2798.22,2793.25,2796.65,9675,25,0
2025-03-20 15:00:00,2796.65,2807.58,2794.93,2806.83,13176,25,0
2025-03-20 16:00:00,2806.85,2806.98,2797.82,2801.38,16119,25,0
2025-03-20 17:00:00,2801.43,2808.58,2797.13,2807.26,14571,25,0
2025-03-20 18:00:00,2807.26,2809.43,2801.92,2803.06,11212,25,0
2025-03-20 19:00:00,2803.07,2804.92,2796.45,2800.39,9996,26,0
2025-03-20 20:00:00,2800.38,2804.98,2798.51,2804.75,6739,27,0
2025-03-20 21:00:00,2804.75,2807.41,2803.69,2805.17,6795,27,0
2025-03-20 22:00:00,2805.17,2806.72,2804.99,2805.33,5430,27,0
2025-03-20 23:00:00,2805.33,2806.41,2803.89,2804.71,2974,27,0
2025-03-21 01:00:00,2804.52,2805.66,2802.91,2805.41,1498,27,0
2025-03-21 02:00:00,2805.41,2806.83,2804.07,2806.83,2169,27,0
2025-03-21 03:00:00,2806.83,2807.14,2803.06,2803.51,3891,27,0
2025-03-21 04:00:00,2803.51,2805.79,2797.21,2797.23,7872,27,0
2025-03-21 05:00:00,2797.23,2799.27,2795.82,2798.27,6980,27,0
2025-03-21 06:00:00,2798.24,2798.75,2794.8,2796.98,6072,27,0
2025-03-21 07:00:00,2796.98,2799.45,2795.49,2797.49,4709,27,0
2025-03-21 08:00:00,2797.49,2798.42,2792.6,2796.28,7082,27,0
2025-03-21 09:00:00,2796.28,2801.38,2795.08,2796.36,7491,25,0
2025-03-21 10:00:00,2796.36,2799.48,2794.94,2797.29,7502,25,0
2025-03-21 11:00:00,2797.29,2802.25,2794.08,2798.74,9051,25,0
2025-03-21 12:00:00,2798.74,2799.44,2794.54,2798.43,7427,25,0
2025-03-21 13:00:00,2798.43,2800.71,2796.51,2796.51,6787,25,0
2025-03-21 14:00:00,2796.51,2800.97,2794.32,2796.25,8101,25,0
2025-03-21 15:00:00,2796.19,2803.45,2795.04,2800.9,10596,25,0
2025-03-21 16:00:00,2800.86,2803.87,2773.43,2775.65,17955,25,0
2025-03-21 17:00:00,2775.65,2786.85,2769.46,2786.12,18567,25,0
2025-03-21 18:00:00,2786.12,2788.93,2780.25,2786.29,12917,25,0
2025-03-21 19:00:00,2786.29,2789.8,2784.32,2786.97,10453,27,0
2025-03-21 20:00:00,2786.98,2791.96,2783.74,2784.62,7706,27,0
2025-03-21 21:00:00,2784.62,2790.99,2784.61,2788.48,6604,27,0
2025-03-21 22:00:00,2788.48,2793.53,2786.49,2791.43,6432,27,0
2025-03-21 23:00:00,2791.43,2796.54,2791.43,2794.81,3472,27,0
2025-03-24 01:00:00,2792.02,2796.87,2791.44,2796.14,3791,27,0
2025-03-24 02:00:00,2796.14,2796.14,2791.26,2791.26,3349,27,0
2025-03-24 03:00:00,2791.26,2791.95,2784.29,2785.14,6484,27,0
2025-03-24 04:00:00,2785.14,2794.36,2784.85,2790.23,10090,27,0
2025-03-24 05:00:00,2790.26,2792.58,2783.58,2786.44,7829,27,0
2025-03-24 06:00:00,2786.44,2788.62,2785.07,2788.07,6001,27,0
2025-03-24 07:00:00,2788.07,2790.75,2787.52,2789.59,4133,27,0
2025-03-24 08:00:00,2789.59,2793.91,2789.45,2790.52,5769,27,0
2025-03-24 09:00:00,2790.52,2791.23,2784.55,2790.59,6854,25,0
2025-03-24 10:00:00,2790.59,2792.57,2786.59,2788.56,9221,25,0
2025-03-24 11:00:00,2788.59,2794.12,2783.72,2793.38,12205,25,0
2025-03-24 12:00:00,2793.36,2797.47,2787.4,2789.35,10528,25,0
2025-03-24 13:00:00,2789.35,2795.23,2789.29,2791.48,10297,25,0
2025-03-24 14:00:00,2791.48,2792.76,2789.52,2792.22,7831,25,0
2025-03-24 15:00:00,2792.22,2798.37,2791.4,2792.45,10591,25,0
2025-03-24 16:00:00,2792.43,2802.44,2790.55,2800.25,15646,25,0
2025-03-24 17:00:00,2800.28,2800.67,2784.84,2789.04,16507,25,0
2025-03-24 18:00:00,2789.04,2793.22,2783.3,2792.41,13361,25,0
2025-03-24 19:00:00,2792.36,2792.98,2785.73,2788.92,10060,27,0
2025-03-24 20:00:00,2788.93,2789.23,2785.72,2787.42,8618,27,0
2025-03-24 21:00:00,2787.44,2788.73,2780.8,2782.6,8609,27,0
2025-03-24 22:00:00,2782.6,2784.46,2781.5,2782.75,4701,27,0
2025-03-24 23:00:00,2782.78,2790.01,2782.57,2788.24,3386,27,0
2025-03-25 01:00:00,2788.29,2789.64,2785.75,2787.67,2380,27,0
2025-03-25 02:00:00,2787.67,2788.7,2785.91,2786.3,2254,27,0
2025-03-25 03:00:00,2786.3,2791.37,2786.25,2790.61,3796,27,0
2025-03-25 04:00:00,2790.61,2790.83,2785.97,2788.05,6544,27,0
2025-03-25 05:00:00,2788.05,2788.72,2785.15,2787.02,6148,27,0
2025-03-25 06:00:00,2787.02,2792.47,2786.39,2790.92,5775,27,0
2025-03-25 07:00:00,2790.88,2791.75,2789.58,2790.87,3903,27,0
2025-03-25 08:00:00,2790.87,2795.61,2789.99,2793.83,5372,27,0
2025-03-25 09:00:00,2793.83,2796.13,2791.77,2795.56,5892,25,0
2025-03-25 10:00:00,2795.56,2796.01,2790.35,2791.4,8032,25,0
2025-03-25 11:00:00,2791.4,2800.73,2791.4,2799.78,9383,25,0
2025-03-25 12:00:00,2799.78,2800.0,2796.29,2799.12,7784,25,0
2025-03-25 13:00:00,2799.12,2799.28,2791.84,2794.32,7864,25,0
2025-03-25 14:00:00,2794.32,2797.4,2791.55,2792.24,7854,25,0
2025-03-25 15:00:00,2792.24,2793.08,2786.3,2791.17,11570,25,0
2025-03-25 16:00:00,2791.15,2801.54,2790.0,2799.72,14115,25,0
2025-03-25 17:00:00,2799.73,2808.77,2797.0,2797.65,15855,25,0
2025-03-25 18:00:00,2797.6,2800.1,2790.26,2796.81,12711,25,0
2025-03-25 19:00:00,2796.81,2799.6,2795.7,2797.41,8549,27,0
2025-03-25 20:00:00,2797.43,2797.43,2793.49,2796.06,7102,27,0
2025-03-25 21:00:00,2796.11,2796.78,2793.47,2795.31,5801,27,0
2025-03-25 22:00:00,2795.31,2797.84,2794.68,2796.94,5525,27,0
2025-03-25 23:00:00,2796.99,2798.98,2796.78,2797.81,2787,27,0
2025-03-26 01:00:00,2798.97,2800.66,2798.66,2800.41,1888,27,0
2025-03-26 02:00:00,2800.44,2801.23,2799.97,2799.97,1875,27,0
2025-03-26 03:00:00,2799.97,2801.08,2797.37,2798.63,4340,27,0
2025-03-26 04:00:00,2798.63,2802.81,2797.31,2802.35,9063,27,0
2025-03-26 05:00:00,2802.35,2804.23,2799.81,2801.33,6646,27,0
2025-03-26 06:00:00,2801.33,2801.33,2795.67,2797.58,6274,27,0
2025-03-26 07:00:00,2797.58,2798.1,2795.19,2795.87,4115,27,0
2025-03-26 08:00:00,2795.87,2803.48,2794.63,2802.4,6443,27,0
2025-03-26 09:00:00,2802.38,2805.87,2802.01,2805.03,8308,25,0
2025-03-26 10:00:00,2805.03,2809.65,2803.95,2809.43,9068,25,0
2025-03-26 11:00:00,2809.43,2810.23,2800.03,2800.08,9268,25,0
2025-03-26 12:00:00,2800.08,2800.76,2793.5,2796.03,8637,25,0
2025-03-26 13:00:00,2796.03,2803.09,2793.88,2801.23,8822,25,0
2025-03-26 14:00:00,2801.23,2806.83,2801.23,2805.27,8360,25,0
2025-03-26 15:00:00,2805.27,2809.05,2803.82,2806.76,11875,25,0
2025-03-26 16:00:00,2806.8,2809.49,2798.71,2799.69,14013,27,0
2025-03-26 17:00:00,2799.69,2801.38,2793.32,2796.23,13828,27,0
2025-03-26 18:00:00,2796.23,2800.35,2791.14,2797.35,11088,31,0
2025-03-26 19:00:00,2797.35,2799.84,2794.64,2795.43,9023,27,0
2025-03-26 20:00:00,2795.42,2807.27,2794.92,2806.21,9719,27,0
2025-03-26 21:00:00,2806.18,2808.66,2805.89,2806.26,6850,27,0
2025-03-26 22:00:00,2806.26,2808.34,2805.14,2806.3,5681,27,0
2025-03-26 23:00:00,2806.32,2809.52,2806.18,2807.5,3750,27,0
2025-03-27 01:00:00,2812.1,2814.27,2810.51,2811.91,4281,27,0
2025-03-27 02:00:00,2811.96,2813.25,2809.9,2813.08,3916,27,0
2025-03-27 03:00:00,2813.08,2814.42,2810.18,2812.72,5594,27,0
2025-03-27 04:00:00,2812.72,2813.74,2807.46,2808.61,9099,27,0
2025-03-27 05:00:00,2808.61,2814.35,2808.08,2813.34,8071,27,0
2025-03-27 06:00:00,2813.34,2815.29,2811.79,2814.52,5356,27,0
2025-03-27 07:00:00,2814.52,2816.82,2812.03,2814.36,6219,27,0
2025-03-27 08:00:00,2814.36,2816.34,2812.63,2813.13,7318,27,0
2025-03-27 09:00:00,2813.13,2815.75,2807.41,2812.57,8307,25,0
2025-03-27 10:00:00,2812.54,2820.65,2811.9,2820.09,12352,25,0
2025-03-27 11:00:00,2820.09,2823.1,2815.8,2817.4,12492,25,0
2025-03-27 12:00:00,2817.4,2823.67,2816.04,2822.3,9557,25,0
2025-03-27 13:00:00,2822.34,2836.27,2822.16,2830.0,13359,25,0
2025-03-27 14:00:00,2830.02,2833.18,2826.06,2831.73,11069,25,0
2025-03-27 15:00:00,2831.73,2832.7,2822.48,2827.36,13911,25,0
2025-03-27 16:00:00,2827.36,2829.79,2810.89,2820.55,20823,25,0
2025-03-27 17:00:00,2820.55,2836.14,2820.21,2833.85,18400,25,0
2025-03-27 18:00:00,2833.86,2834.38,2824.78,2826.06,17698,25,0
2025-03-27 19:00:00,2826.06,2829.41,2822.74,2822.77,14177,27,0
2025-03-27 20:00:00,2822.74,2829.45,2822.56,2829.3,11554,27,0
2025-03-27 21:00:00,2829.3,2832.35,2828.66,2831.68,9806,27,0
2025-03-27 22:00:00,2831.68,2832.72,2830.24,2832.21,7698,27,0
2025-03-27 23:00:00,2832.24,2832.29,2829.07,2829.26,3331,27,0
2025-03-28 01:00:00,2830.15,2831.47,2828.88,2829.67,2498,27,0
2025-03-28 02:00:00,2829.67,2829.81,2827.91,2829.04,2646,27,0
2025-03-28 03:00:00,2829.04,2838.1,2828.52,2836.22,6587,27,0
2025-03-28 04:00:00,2836.23,2847.95,2836.1,2847.73,9660,27,0
2025-03-28 05:00:00,2847.73,2850.93,2844.86,2845.68,8832,27,0
2025-03-28 06:00:00,2845.68,2850.89,2843.65,2849.42,6610,27,0
2025-03-28 07:00:00,2849.42,2850.19,2847.81,2849.12,4159,28,0
2025-03-28 08:00:00,2849.12,2856.01,2847.88,2852.07,6621,28,0
2025-03-28 09:00:00,2852.07,2860.11,2851.31,2859.95,8517,25,0
2025-03-28 10:00:00,2859.95,2861.03,2852.55,2854.69,10835,25,0
2025-03-28 11:00:00,2854.69,2855.77,2843.59,2850.94,12330,25,0
2025-03-28 12:00:00,2850.93,2854.1,2848.15,2852.17,9097,25,0
2025-03-28 13:00:00,2852.2,2854.8,2847.28,2854.79,8699,25,0
2025-03-28 14:00:00,2854.79,2859.48,2854.32,2855.71,8826,25,0
2025-03-28 15:00:00,2855.71,2858.63,2852.14,2852.28,13276,25,0
2025-03-28 16:00:00,2852.28,2854.43,2841.78,2851.61,18907,25,0
2025-03-28 17:00:00,2851.58,2853.46,2834.64,2836.44,21306,25,0
2025-03-28 18:00:00,2836.43,2851.03,2833.84,2848.56,16276,25,0
2025-03-28 19:00:00,2848.56,2849.97,2843.91,2849.54,11300,26,0
2025-03-28 20:00:00,2849.54,2852.99,2840.99,2844.2,9902,28,0
2025-03-28 21:00:00,2844.2,2848.18,2839.46,2844.96,8800,28,0
2025-03-28 22:00:00,2844.96,2846.85,2844.38,2845.64,7735,28,0
2025-03-28 23:00:00,2845.59,2848.67,2844.41,2847.12,4249,28,0
2025-03-31 01:00:00,2856.74,2865.27,2854.54,2855.63,6393,28,0
2025-03-31 02:00:00,2855.63,2857.64,2851.54,2853.96,5371,28,0
2025-03-31 03:00:00,2853.96,2854.46,2839.61,2839.95,8020,28,0
2025-03-31 04:00:00,2839.95,2856.95,2837.55,2856.77,11957,28,0
2025-03-31 05:00:00,2856.76,2866.31,2856.17,2865.75,11800,28,0
2025-03-31 06:00:00,2865.75,2870.96,2865.14,2868.13,7710,28,0
2025-03-31 07:00:00,2868.13,2875.81,2866.63,2873.43,5112,28,0
2025-03-31 08:00:00,2873.43,2879.33,2868.04,2876.45,7750,28,0
2025-03-31 09:00:00,2876.45,2887.74,2871.85,2878.25,13661,25,0
2025-03-31 10:00:00,2878.25,2886.42,2877.5,2884.39,14450,25,0
2025-03-31 11:00:00,2884.37,2889.69,2882.77,2883.53,11687,25,0
2025-03-31 12:00:00,2883.54,2884.99,2876.42,2879.82,10620,25,0
2025-03-31 13:00:00,2879.86,2888.68,2877.57,2882.43,11180,25,0
2025-03-31 14:00:00,2882.42,2884.16,2876.85,2882.97,9870,25,0
2025-03-31 15:00:00,2882.97,2893.2,2881.97,2891.97,13937,25,0
2025-03-31 16:00:00,2891.97,2891.98,2867.28,2880.48,21200,25,0
2025-03-31 17:00:00,2880.61,2894.4,2879.01,2891.19,20279,25,0
2025-03-31 18:00:00,2891.19,2894.69,2881.68,2884.58,16618,25,0
2025-03-31 19:00:00,2884.56,2888.38,2881.26,2883.4,12388,27,0
2025-03-31 20:00:00,2883.4,2885.84,2880.83,2882.86,10152,28,0
2025-03-31 21:00:00,2882.86,2888.82,2882.2,2886.18,8712,28,0
2025-03-31 22:00:00,2886.18,2889.28,2885.11,2889.06,6260,28,0
2025-03-31 23:00:00,2889.06,2890.08,2886.86,2888.13,3533,28,0
2025-04-01 01:00:00,2889.36,2889.37,2885.79,2886.45,2136,28,0
2025-04-01 02:00:00,2886.45,2890.54,2884.16,2884.45,3773,29,0
2025-04-01 03:00:00,2884.45,2890.2,2884.09,2888.68,5972,28,0
2025-04-01 04:00:00,2888.68,2900.23,2888.37,2897.48,12419,28,0
2025-04-01 05:00:00,2897.49,2906.21,2894.79,2905.5,10393,28,0
2025-04-01 06:00:00,2905.52,2907.32,2903.5,2905.64,7319,28,0
2025-04-01 07:00:00,2905.64,2907.03,2902.58,2904.99,5665,28,0
2025-04-01 08:00:00,2904.99,2911.1,2895.22,2898.06,10182,29,0
2025-04-01 09:00:00,2898.06,2905.47,2893.61,2899.28,16824,25,0
2025-04-01 10:00:00,2899.28,2902.52,2892.13,2895.35,14727,25,0
2025-04-01 11:00:00,2895.35,2901.56,2893.45,2894.11,10947,25,0
2025-04-01 12:00:00,2894.11,2896.6,2891.69,2895.57,9185,25,0
2025-04-01 13:00:00,2895.55,2905.36,2894.78,2900.74,13306,25,0
2025-04-01 14:00:00,2900.74,2906.37,2900.01,2903.48,12767,25,0
2025-04-01 15:00:00,2903.48,2905.96,2899.84,2904.56,12681,25,0
2025-04-01 16:00:00,2904.56,2910.05,2898.46,2904.85,16231,25,0
2025-04-01 17:00:00,2904.87,2905.7,2890.02,2894.78,19731,25,0
2025-04-01 18:00:00,2894.8,2899.82,2882.81,2883.15,17219,25,0
2025-04-01 19:00:00,2883.15,2885.46,2872.51,2876.49,17295,28,0
2025-04-01 20:00:00,2876.51,2885.64,2874.47,2884.91,10342,28,0
2025-04-01 21:00:00,2884.91,2889.89,2884.11,2886.87,9032,28,0
2025-04-01 22:00:00,2886.87,2890.7,2885.82,2890.25,6291,28,0
2025-04-01 23:00:00,2890.25,2892.33,2884.02,2885.02,3564,28,0
2025-04-02 01:00:00,2884.38,2885.15,2876.51,2881.03,3950,28,0
2025-04-02 02:00:00,2881.03,2886.05,2880.94,2885.87,3689,28,0
2025-04-02 03:00:00,2885.87,2894.5,2884.93,2894.12,7021,28,0
2025-04-02 04:00:00,2894.12,2906.15,2892.77,2902.23,10625,28,0
2025-04-02 05:00:00,2902.26,2903.93,2898.07,2898.19,7762,28,0
2025-04-02 06:00:00,2898.23,2900.39,2894.1,2895.03,5396,28,0
2025-04-02 07:00:00,2895.03,2896.07,2886.26,2887.12,4870,28,0
2025-04-02 08:00:00,2887.15,2890.95,2880.36,2889.74,8710,28,0
2025-04-02 09:00:00,2889.74,2890.6,2885.56,2887.52,9797,25,0
2025-04-02 10:00:00,2887.52,2896.64,2883.84,2895.69,10652,25,0
2025-04-02 11:00:00,2895.7,2902.07,2893.46,2899.92,10616,25,0
2025-04-02 12:00:00,2899.92,2900.19,2894.62,2897.43,8129,25,0
2025-04-02 13:00:00,2897.43,2899.03,2881.08,2885.12,9550,25,0
2025-04-02 14:00:00,2885.12,2892.51,2885.03,2889.32,9453,25,0
2025-04-02 15:00:00,2889.32,2892.97,2885.77,2885.93,12159,25,0
2025-04-02 16:00:00,2885.92,2894.93,2879.85,2883.56,18211,25,0
2025-04-02 17:00:00,2883.68,2891.21,2877.57,2877.89,15119,25,0
2025-04-02 18:00:00,2877.89,2882.03,2874.31,2876.26,12206,25,0
2025-04-02 19:00:00,2876.32,2888.21,2876.32,2885.47,12503,27,0
2025-04-02 20:00:00,2885.47,2885.63,2873.92,2878.31,11423,28,0
2025-04-02 21:00:00,2878.29,2880.87,2872.63,2876.14,10304,28,0
2025-04-02 22:00:00,2876.14,2882.29,2875.64,2879.2,6882,28,0
2025-04-02 23:00:00,2879.25,2898.82,2844.31,2881.37,20183,29,0
2025-04-03 01:00:00,2886.04,2910.88,2870.18,2902.21,16857,34,0
2025-04-03 02:00:00,2902.21,2909.99,2896.09,2900.21,17436,28,0
2025-04-03 03:00:00,2900.21,2903.05,2885.21,2893.53,19559,28,0
2025-04-03 04:00:00,2893.53,2898.31,2885.49,2889.41,19375,28,0
2025-04-03 05:00:00,2889.41,2890.63,2878.77,2882.12,12501,28,0
2025-04-03 06:00:00,2882.12,2888.96,2881.72,2884.06,11517,28,0
2025-04-03 07:00:00,2884.06,2886.81,2876.89,2879.16,8340,28,0
2025-04-03 08:00:00,2879.14,2879.22,2853.25,2861.63,14759,28,0
2025-04-03 09:00:00,2861.6,2863.56,2842.29,2845.79,18864,26,0
2025-04-03 10:00:00,2845.79,2854.79,2841.55,2852.15,16378,25,0
2025-04-03 11:00:00,2852.15,2853.28,2837.46,2842.09,14622,25,0
2025-04-03 12:00:00,2842.09,2842.77,2829.82,2829.85,16745,25,0
2025-04-03 13:00:00,2829.85,2831.21,2796.63,2800.8,23714,27,0
2025-04-03 14:00:00,2800.67,2806.19,2785.75,2789.55,20512,25,0
2025-04-03 15:00:00,2789.55,2789.96,2761.85,2775.87,24293,25,0
2025-04-03 16:00:00,2775.83,2787.14,2747.53,2782.81,27367,25,0
2025-04-03 17:00:00,2782.95,2820.75,2781.86,2814.03,26411,25,0
2025-04-03 18:00:00,2814.04,2819.23,2802.15,2814.8,21980,25,0
2025-04-03 19:00:00,2814.8,2819.0,2809.9,2814.95,16049,28,0
2025-04-03 20:00:00,2815.03,2820.81,2809.7,2820.45,13232,28,0
2025-04-03 21:00:00,2820.45,2821.32,2811.01,2819.04,10040,28,0
2025-04-03 22:00:00,2819.04,2822.23,2815.43,2817.96,9442,28,0
2025-04-03 23:00:00,2817.96,2824.34,2816.08,2817.31,5561,28,0
2025-04-04 01:00:00,2818.06,2818.63,2813.17,2815.62,4452,28,0
2025-04-04 02:00:00,2815.62,2821.28,2813.94,2818.31,6338,28,0
2025-04-04 03:00:00,2818.31,2820.91,2811.01,2812.18,9734,28,0
2025-04-04 04:00:00,2812.18,2817.29,2809.45,2809.65,9620,28,0
2025-04-04 05:00:00,2809.66,2811.53,2793.34,2799.06,11775,28,0
2025-04-04 06:00:00,2799.06,2801.79,2787.18,2792.82,12381,28,0
2025-04-04 07:00:00,2792.83,2799.81,2791.47,2795.98,9771,28,0
2025-04-04 08:00:00,2795.98,2804.59,2793.55,2804.59,9710,28,0
2025-04-04 09:00:00,2804.59,2807.59,2801.47,2806.18,13594,25,0
2025-04-04 10:00:00,2806.17,2811.49,2797.95,2810.43,18637,25,0
2025-04-04 11:00:00,2810.41,2816.33,2799.65,2804.72,19758,25,0
2025-04-04 12:00:00,2804.72,2818.92,2804.47,2813.62,15538,25,0
2025-04-04 13:00:00,2813.62,2826.36,2805.07,2819.56,23599,25,0
2025-04-04 14:00:00,2819.62,2840.13,2797.4,2812.15,26423,25,0
2025-04-04 15:00:00,2812.1,2813.59,2782.46,2786.85,27715,25,0
2025-04-04 16:00:00,2786.85,2798.51,2774.22,2781.88,26639,25,0
2025-04-04 17:00:00,2782.04,2783.5,2759.44,2765.66,27638,25,0
2025-04-04 18:00:00,2765.71,2775.15,2741.83,2743.66,27378,25,0
2025-04-04 19:00:00,2743.66,2765.24,2742.8,2762.54,21158,28,0
2025-04-04 20:00:00,2762.53,2769.83,2758.6,2763.84,20534,28,0
2025-04-04 21:00:00,2763.84,2766.25,2754.6,2764.32,16321,28,0
2025-04-04 22:00:00,2764.32,2775.02,2763.13,2774.69,17271,28,0
2025-04-04 23:00:00,2774.59,2779.29,2767.53,2768.47,7976,28,0
2025-04-07 01:00:00,2762.56,2775.11,2720.53,2740.42,17155,33,0
2025-04-07 02:00:00,2740.4,2745.76,2709.02,2731.04,17520,28,0
2025-04-07 03:00:00,2731.01,2742.15,2709.5,2716.19,20244,28,0
2025-04-07 04:00:00,2716.17,2783.87,2710.67,2770.09,26582,28,0
2025-04-07 05:00:00,2770.13,2788.87,2765.47,2766.98,17704,27,0
2025-04-07 06:00:00,2766.98,2772.12,2755.37,2756.86,13180,27,0
2025-04-07 07:00:00,2756.86,2767.39,2755.12,2763.36,9719,27,0
2025-04-07 08:00:00,2763.36,2768.68,2751.02,2751.37,15268,27,0
2025-04-07 09:00:00,2751.39,2755.0,2741.54,2753.16,22114,25,0
2025-04-07 10:00:00,2753.37,2753.94,2728.29,2743.91,25436,25,0
2025-04-07 11:00:00,2743.94,2758.33,2740.29,2757.53,21597,25,0
2025-04-07 12:00:00,2757.5,2767.05,2751.36,2759.28,19530,25,0
2025-04-07 13:00:00,2759.3,2769.1,2757.1,2766.04,19448,25,0
2025-04-07 14:00:00,2766.02,2783.5,2762.41,2763.16,20164,25,0
2025-04-07 15:00:00,2763.14,2768.35,2747.89,2762.18,24482,25,0
2025-04-07 16:00:00,2762.18,2765.9,2737.11,2755.87,25203,25,0
2025-04-07 17:00:00,2755.96,2772.16,2740.29,2746.03,30402,25,0
2025-04-07 18:00:00,2746.05,2751.62,2729.24,2737.93,27003,25,0
2025-04-07 19:00:00,2737.9,2737.9,2716.99,2717.28,21826,27,0
2025-04-07 20:00:00,2717.3,2721.38,2701.94,2715.22,22507,27,0
2025-04-07 21:00:00,2715.18,2721.01,2711.65,2712.44,16374,27,0
2025-04-07 22:00:00,2712.49,2727.24,2712.43,2726.73,15204,27,0
2025-04-07 23:00:00,2726.75,2738.0,2721.08,2733.19,8528,27,0
2025-04-08 01:00:00,2733.29,2737.88,2730.28,2735.75,5023,29,0
2025-04-08 02:00:00,2735.75,2736.56,2728.25,2731.32,6422,27,0
2025-04-08 03:00:00,2731.35,2735.69,2725.43,2728.81,12739,27,0
2025-04-08 04:00:00,2728.84,2741.76,2725.94,2737.06,17193,27,0
2025-04-08 05:00:00,2737.06,2739.88,2733.74,2735.26,10987,27,0
2025-04-08 06:00:00,2735.28,2736.16,2728.99,2731.44,8808,27,0
2025-04-08 07:00:00,2731.44,2736.93,2724.91,2735.22,8509,27,0
2025-04-08 08:00:00,2735.22,2743.73,2733.8,2740.25,11325,27,0
2025-04-08 09:00:00,2740.25,2746.38,2734.09,2745.13,16960,25,0
2025-04-08 10:00:00,2745.13,2751.16,2740.3,2749.64,20216,25,0
2025-04-08 11:00:00,2749.6,2751.08,2745.05,2749.81,13351,25,0
2025-04-08 12:00:00,2749.79,2753.77,2743.74,2753.51,14867,25,0
2025-04-08 13:00:00,2753.51,2756.04,2747.95,2753.45,12619,25,0
2025-04-08 14:00:00,2753.45,2761.02,2751.65,2759.57,15379,25,0
2025-04-08 15:00:00,2759.57,2759.57,2741.05,2742.42,19892,25,0
2025-04-08 16:00:00,2742.42,2761.08,2742.36,2752.82,25118,25,0
2025-04-08 17:00:00,2752.6,2770.0,2751.78,2755.28,24626,25,0
2025-04-08 18:00:00,2755.29,2760.25,2750.39,2750.55,19545,25,0
2025-04-08 19:00:00,2750.55,2751.34,2730.91,2731.91,20441,27,0
2025-04-08 20:00:00,2731.89,2732.82,2717.97,2730.17,22499,27,0
2025-04-08 21:00:00,2730.16,2731.05,2721.52,2724.2,17962,27,0
2025-04-08 22:00:00,2724.17,2727.03,2713.72,2724.84,16649,27,0
2025-04-08 23:00:00,2724.84,2725.79,2718.74,2720.83,7159,28,0
2025-04-09 01:00:00,2721.71,2722.46,2716.24,2718.59,6184,27,0
2025-04-09 02:00:00,2718.59,2724.85,2704.57,2712.97,9867,27,0
2025-04-09 03:00:00,2713.12,2719.44,2701.8,2705.65,18829,27,0
2025-04-09 04:00:00,2705.65,2731.51,2696.83,2729.93,22720,28,0
2025-04-09 05:00:00,2729.95,2731.88,2720.99,2725.09,16001,27,0
2025-04-09 06:00:00,2725.09,2731.37,2722.36,2726.38,14340,27,0
2025-04-09 07:00:00,2726.38,2726.98,2718.19,2721.36,16967,27,0
2025-04-09 08:00:00,2721.41,2734.88,2718.0,2725.95,18734,27,0
2025-04-09 09:00:00,2725.95,2745.1,2725.35,2744.18,23800,26,0
2025-04-09 10:00:00,2744.2,2765.05,2740.3,2760.48,24983,26,0
2025-04-09 11:00:00,2760.38,2770.92,2757.33,2760.33,20112,26,0
2025-04-09 12:00:00,2760.33,2765.89,2755.89,2757.04,16983,25,0
2025-04-09 13:00:00,2757.04,2761.05,2751.35,2757.67,18075,25,0
2025-04-09 14:00:00,2757.75,2780.14,2750.78,2778.63,25479,26,0
2025-04-09 15:00:00,2778.63,2782.61,2746.07,2751.42,24713,25,0
2025-04-09 16:00:00,2751.42,2787.8,2750.55,2784.03,27032,25,0
2025-04-09 17:00:00,2784.03,2793.65,2779.1,2781.02,23727,25,0
2025-04-09 18:00:00,2781.03,2795.98,2775.61,2795.93,19669,25,0
2025-04-09 19:00:00,2795.92,2809.23,2793.3,2806.01,15156,26,0
2025-04-09 20:00:00,2806.04,2810.0,2776.26,2786.66,28000,27,0
2025-04-09 21:00:00,2786.66,2805.08,2783.31,2797.42,25313,28,0
2025-04-09 22:00:00,2797.47,2832.17,2796.24,2828.96,22016,28,0
2025-04-09 23:00:00,2828.94,2830.76,2809.6,2815.59,11399,29,0
2025-04-10 01:00:00,2810.02,2819.39,2803.27,2810.0,8027,27,0
2025-04-10 02:00:00,2810.0,2822.04,2810.0,2818.62,9289,27,0
2025-04-10 03:00:00,2818.62,2826.57,2812.46,2819.08,16485,27,0
2025-04-10 04:00:00,2819.08,2822.44,2803.92,2819.98,18229,27,0
2025-04-10 05:00:00,2819.98,2845.17,2819.1,2842.91,16426,27,0
2025-04-10 06:00:00,2842.91,2851.42,2837.23,2845.98,13186,27,0
2025-04-10 07:00:00,2846.0,2849.02,2842.16,2845.58,9577,27,0
2025-04-10 08:00:00,2845.59,2852.46,2834.03,2842.29,11620,27,0
2025-04-10 09:00:00,2842.29,2849.52,2841.62,2842.62,16803,26,0
2025-04-10 10:00:00,2842.62,2845.89,2819.07,2819.27,20714,26,0
2025-04-10 11:00:00,2819.27,2826.71,2811.96,2812.99,17894,26,0
2025-04-10 12:00:00,2812.99,2821.07,2810.68,2817.97,15482,26,0
2025-04-10 13:00:00,2817.99,2822.7,2812.52,2815.65,16513,25,0
2025-04-10 14:00:00,2816.09,2822.79,2808.1,2822.51,17063,25,0
2025-04-10 15:00:00,2822.51,2823.66,2801.27,2814.23,21775,25,0
2025-04-10 16:00:00,2814.23,2821.3,2799.96,2801.23,22912,25,0
2025-04-10 17:00:00,2801.14,2829.47,2801.06,2820.15,23931,26,0
2025-04-10 18:00:00,2820.13,2836.63,2818.23,2822.11,23761,25,0
2025-04-10 19:00:00,2822.09,2832.18,2818.47,2820.78,21479,27,0
2025-04-10 20:00:00,2820.72,2829.49,2819.52,2821.3,17859,27,0
2025-04-10 21:00:00,2821.3,2830.58,2814.79,2829.24,17474,27,0
2025-04-10 22:00:00,2829.23,2843.43,2828.62,2829.15,15785,27,0
2025-04-10 23:00:00,2829.13,2836.61,2829.13,2833.89,6556,28,0
2025-04-11 01:00:00,2835.58,2843.06,2832.33,2838.56,9012,28,0
2025-04-11 02:00:00,2838.56,2844.0,2831.93,2832.59,12617,27,0
2025-04-11 03:00:00,2832.64,2841.05,2809.69,2834.27,22844,27,0
2025-04-11 04:00:00,2834.26,2850.49,2833.66,2836.69,24077,29,0
2025-04-11 05:00:00,2836.69,2849.77,2835.13,2846.52,17198,27,0
2025-04-11 06:00:00,2846.52,2847.96,2833.01,2837.22,13395,27,0
2025-04-11 07:00:00,2837.22,2843.79,2833.33,2833.62,10631,26,0
2025-04-11 08:00:00,2833.62,2848.77,2826.36,2831.83,17942,28,0
2025-04-11 09:00:00,2831.7,2851.8,2830.29,2832.37,21032,26,0
2025-04-11 10:00:00,2832.32,2837.04,2821.22,2826.59,20996,26,0
2025-04-11 11:00:00,2826.59,2838.88,2807.38,2814.23,23504,26,0
2025-04-11 12:00:00,2814.23,2836.1,2814.23,2834.86,18698,26,0
2025-04-11 13:00:00,2834.86,2847.65,2831.72,2833.74,19200,26,0
2025-04-11 14:00:00,2833.77,2842.32,2829.38,2836.67,17567,26,0
2025-04-11 15:00:00,2836.67,2845.78,2828.57,2837.5,21376,26,0
2025-04-11 16:00:00,2837.53,2854.98,2829.3,2837.1,26139,26,0
2025-04-11 17:00:00,2837.11,2850.59,2834.6,2848.41,26202,26,0
2025-04-11 18:00:00,2848.38,2862.92,2847.37,2861.16,19725,26,0
2025-04-11 19:00:00,2861.26,2875.21,2848.11,2850.83,18940,30,0
2025-04-11 20:00:00,2850.83,2866.16,2849.48,2865.46,17585,28,0
2025-04-11 21:00:00,2865.48,2865.88,2858.8,2860.21,13227,28,0
2025-04-11 22:00:00,2860.2,2860.22,2846.7,2848.62,11995,27,0
2025-04-11 23:00:00,2848.62,2853.42,2847.61,2850.18,5095,28,0
2025-04-14 01:00:00,2833.19,2846.85,2833.02,2841.72,11911,30,0
2025-04-14 02:00:00,2841.7,2842.74,2836.46,2842.18,9119,27,0
2025-04-14 03:00:00,2842.16,2842.91,2832.94,2833.83,12354,27,0
2025-04-14 04:00:00,2833.85,2848.32,2827.28,2845.31,19386,27,0
2025-04-14 05:00:00,2845.34,2847.78,2837.38,2841.97,13821,27,0
2025-04-14 06:00:00,2841.93,2847.15,2836.84,2842.39,10030,27,0
2025-04-14 07:00:00,2842.39,2845.71,2837.9,2838.96,7916,27,0
2025-04-14 08:00:00,2838.96,2842.19,2832.84,2840.79,11223,27,0
2025-04-14 09:00:00,2840.75,2841.72,2827.26,2829.95,16275,26,0
2025-04-14 10:00:00,2829.95,2838.57,2827.14,2833.97,15777,26,0
2025-04-14 11:00:00,2834.0,2836.55,2820.11,2833.64,16045,26,0
2025-04-14 12:00:00,2833.64,2835.38,2825.72,2831.22,13989,26,0
2025-04-14 13:00:00,2831.22,2833.11,2815.48,2823.51,15799,26,0
2025-04-14 14:00:00,2823.51,2833.36,2822.81,2831.4,12758,25,0
2025-04-14 15:00:00,2831.4,2838.9,2815.58,2827.91,19413,25,0
2025-04-14 16:00:00,2828.13,2836.05,2820.83,2829.04,24646,26,0
2025-04-14 17:00:00,2829.04,2831.52,2820.99,2824.7,18014,25,0
2025-04-14 18:00:00,2824.73,2826.64,2809.99,2815.83,18126,25,0
2025-04-14 19:00:00,2815.8,2831.23,2814.25,2830.74,14605,26,0
2025-04-14 20:00:00,2830.76,2837.35,2827.3,2834.55,12835,27,0
2025-04-14 21:00:00,2834.55,2834.85,2821.18,2825.26,10804,27,0
2025-04-14 22:00:00,2825.26,2829.66,2823.22,2829.26,8263,27,0
2025-04-14 23:00:00,2829.29,2830.71,2825.9,2828.36,4833,27,0
2025-04-15 01:00:00,2828.06,2831.88,2827.34,2829.11,3464,27,0
2025-04-15 02:00:00,2829.11,2835.57,2828.62,2833.8,4425,26,0
2025-04-15 03:00:00,2833.8,2838.62,2832.16,2835.09,7814,27,0
2025-04-15 04:00:00,2835.09,2849.57,2833.24,2846.6,12091,27,0
2025-04-15 05:00:00,2846.53,2846.84,2838.85,2840.92,8244,27,0
2025-04-15 06:00:00,2840.82,2845.6,2839.09,2844.99,7892,27,0
2025-04-15 07:00:00,2845.0,2846.52,2841.73,2845.65,6549,27,0
2025-04-15 08:00:00,2845.62,2846.03,2836.25,2840.79,9656,27,0
2025-04-15 09:00:00,2840.79,2848.94,2838.86,2845.97,11851,25,0
2025-04-15 10:00:00,2845.97,2849.57,2835.05,2839.99,13716,25,0
2025-04-15 11:00:00,2840.01,2845.62,2834.9,2844.48,14126,25,0
2025-04-15 12:00:00,2844.5,2848.22,2839.64,2841.93,10384,25,0
2025-04-15 13:00:00,2841.93,2845.73,2838.19,2838.45,9273,25,0
2025-04-15 14:00:00,2838.45,2846.12,2838.45,2842.77,10761,25,0
2025-04-15 15:00:00,2842.81,2848.25,2836.24,2847.51,16139,25,0
2025-04-15 16:00:00,2847.51,2851.03,2837.18,2838.83,18137,25,0
2025-04-15 17:00:00,2838.83,2855.12,2838.8,2844.52,19107,25,0
2025-04-15 18:00:00,2844.52,2855.12,2841.72,2853.47,13813,25,0
2025-04-15 19:00:00,2853.47,2860.29,2852.87,2857.17,10044,26,0
2025-04-15 20:00:00,2857.17,2864.59,2854.8,2863.47,9522,26,0
2025-04-15 21:00:00,2863.41,2865.12,2861.5,2864.27,8480,27,0
2025-04-15 22:00:00,2864.27,2865.06,2858.96,2862.59,6627,27,0
2025-04-15 23:00:00,2862.62,2865.54,2859.11,2862.24,4556,27,0
2025-04-16 01:00:00,2862.56,2870.86,2860.18,2869.53,4892,29,0
2025-04-16 02:00:00,2869.53,2879.39,2868.69,2879.24,7777,27,0
2025-04-16 03:00:00,2879.24,2888.77,2877.16,2884.57,14281,27,0
2025-04-16 04:00:00,2884.57,2892.24,2875.81,2887.75,16878,27,0
2025-04-16 05:00:00,2887.75,2892.02,2883.98,2884.64,10621,27,0
2025-04-16 06:00:00,2884.64,2893.45,2882.95,2892.83,9707,27,0
2025-04-16 07:00:00,2892.82,2897.4,2883.32,2894.05,10623,27,0
2025-04-16 08:00:00,2894.05,2899.93,2889.59,2890.55,12201,26,0
2025-04-16 09:00:00,2890.55,2897.47,2889.41,2897.43,14711,25,0
2025-04-16 10:00:00,2897.43,2902.08,2891.29,2898.32,16261,25,0
2025-04-16 11:00:00,2898.27,2916.94,2893.92,2908.59,22460,26,0
2025-04-16 12:00:00,2908.59,2912.62,2902.64,2907.91,14721,26,0
2025-04-16 13:00:00,2907.91,2911.1,2902.93,2908.92,12106,25,0
2025-04-16 14:00:00,2909.01,2916.35,2895.9,2910.03,14735,26,0
2025-04-16 15:00:00,2910.03,2919.19,2908.53,2913.34,17261,25,0
2025-04-16 16:00:00,2913.34,2919.24,2901.2,2913.21,21310,25,0
2025-04-16 17:00:00,2913.21,2919.03,2904.38,2906.27,20273,25,0
2025-04-16 18:00:00,2906.27,2924.66,2904.4,2921.64,17611,25,0
2025-04-16 19:00:00,2921.64,2930.45,2919.6,2924.97,15318,27,0
2025-04-16 20:00:00,2924.97,2929.59,2922.03,2925.21,15666,27,0
2025-04-16 21:00:00,2925.69,2936.01,2924.34,2931.69,15358,27,0
2025-04-16 22:00:00,2931.69,2932.81,2926.93,2930.18,12751,27,0
2025-04-16 23:00:00,2930.22,2933.73,2928.0,2932.38,7156,26,0
2025-04-17 01:00:00,2937.25,2945.82,2936.58,2939.48,5786,30,0
2025-04-17 02:00:00,2939.5,2941.52,2935.76,2939.75,6914,26,0
2025-04-17 03:00:00,2939.7,2945.21,2936.78,2942.65,13178,27,0
2025-04-17 04:00:00,2942.62,2953.3,2921.5,2924.54,20492,27,0
2025-04-17 05:00:00,2924.54,2937.12,2921.56,2935.63,14501,27,0
2025-04-17 06:00:00,2935.62,2943.0,2933.37,2942.93,9543,27,0
2025-04-17 07:00:00,2942.93,2942.96,2936.28,2940.89,7426,27,0
2025-04-17 08:00:00,2940.89,2943.6,2931.85,2932.64,10902,28,0
2025-04-17 09:00:00,2932.64,2936.46,2927.62,2930.65,15167,25,0
2025-04-17 10:00:00,2930.65,2931.03,2917.56,2921.19,16093,25,0
2025-04-17 11:00:00,2921.19,2922.94,2911.18,2921.39,12271,25,0
2025-04-17 12:00:00,2921.39,2924.6,2918.45,2920.64,10465,25,0
2025-04-17 13:00:00,2920.64,2932.54,2919.82,2929.28,11902,25,0
2025-04-17 14:00:00,2929.28,2931.72,2923.02,2929.82,11123,25,0
2025-04-17 15:00:00,2929.81,2943.52,2926.36,2930.56,19099,25,0
2025-04-17 16:00:00,2930.53,2932.5,2914.44,2917.92,23368,25,0
2025-04-17 17:00:00,2917.94,2917.94,2887.98,2899.91,25611,25,0
2025-04-17 18:00:00,2899.92,2908.61,2896.31,2900.8,18006,25,0
2025-04-17 19:00:00,2900.82,2923.82,2898.85,2921.49,17389,25,0
2025-04-17 20:00:00,2921.49,2928.44,2920.74,2923.78,12783,24,0
2025-04-17 21:00:00,2923.78,2927.51,2914.74,2915.75,9189,25,0
2025-04-17 22:00:00,2915.73,2921.0,2910.79,2919.6,7575,24,0
2025-04-17 23:00:00,2919.63,2928.15,2917.47,2926.44,4622,24,0
2025-04-21 01:00:00,2923.56,2933.76,2914.55,2926.26,10137,30,0
2025-04-21 02:00:00,2926.26,2930.19,2920.66,2924.28,8822,25,0
2025-04-21 03:00:00,2924.25,2939.98,2921.48,2937.84,15368,24,0
2025-04-21 04:00:00,2937.82,2945.26,2934.26,2942.83,16344,25,0
2025-04-21 05:00:00,2942.83,2947.75,2932.01,2942.06,13820,24,0
2025-04-21 06:00:00,2942.06,2942.09,2934.41,2937.23,9414,25,0
2025-04-21 07:00:00,2937.23,2937.93,2927.98,2931.54,8940,25,0
2025-04-21 08:00:00,2931.53,2939.16,2929.33,2935.77,10141,25,0
2025-04-21 09:00:00,2935.8,2948.47,2933.38,2945.59,14050,27,0
2025-04-21 10:00:00,2945.63,2948.73,2927.04,2929.15,14870,25,0
2025-04-21 11:00:00,2929.15,2937.64,2928.12,2935.26,12888,26,0
2025-04-21 12:00:00,2935.26,2940.24,2932.52,2939.93,12140,25,0
2025-04-21 13:00:00,2939.9,2947.78,2938.79,2946.02,11549,26,0
2025-04-21 14:00:00,2946.01,2950.44,2937.98,2949.3,14437,26,0
2025-04-21 15:00:00,2949.3,2959.6,2945.21,2958.41,16855,25,0
2025-04-21 16:00:00,2958.36,2973.52,2958.36,2969.28,22333,25,0
2025-04-21 17:00:00,2969.28,2980.26,2965.32,2971.64,19815,24,0
2025-04-21 18:00:00,2971.64,2979.1,2967.31,2974.57,16315,24,0
2025-04-21 19:00:00,2974.57,2976.65,2963.86,2966.6,12930,24,0
2025-04-21 20:00:00,2966.6,2974.27,2960.05,2972.39,14260,24,0
2025-04-21 21:00:00,2972.39,2975.25,2967.06,2973.6,12203,25,0
2025-04-21 22:00:00,2973.6,2976.85,2966.53,2973.54,10512,30,0
2025-04-21 23:00:00,2973.55,2976.77,2970.33,2973.44,5329,25,0
2025-04-22 01:00:00,2976.6,2982.55,2974.86,2977.36,6328,25,0
2025-04-22 02:00:00,2977.36,2989.85,2976.35,2982.84,9333,25,0
2025-04-22 03:00:00,2982.82,2984.42,2965.9,2981.09,15339,24,0
2025-04-22 04:00:00,2981.09,3006.76,2977.81,3003.94,17831,24,0
2025-04-22 05:00:00,3003.94,3018.23,2993.62,3014.55,15660,24,0
2025-04-22 06:00:00,3014.49,3028.69,3009.53,3023.68,14341,24,0
2025-04-22 07:00:00,3023.68,3024.21,3016.02,3021.85,9650,25,0
2025-04-22 08:00:00,3021.85,3029.01,3010.99,3027.24,14764,25,0
2025-04-22 09:00:00,3027.24,3035.9,3016.32,3025.57,22213,25,0
2025-04-22 10:00:00,3025.57,3026.79,3009.91,3014.59,20731,25,0
2025-04-22 11:00:00,3014.59,3019.97,2994.11,2994.71,18909,25,0
2025-04-22 12:00:00,2994.69,3007.64,2994.64,3006.28,16490,25,0
2025-04-22 13:00:00,3006.28,3017.51,3003.15,3005.01,15298,25,0
2025-04-22 14:00:00,3005.06,3011.52,3001.2,3009.4,13159,25,0
2025-04-22 15:00:00,3009.48,3018.89,2984.75,2991.69,20917,25,0
2025-04-22 16:00:00,2991.66,3009.07,2972.76,2979.25,25694,25,0
2025-04-22 17:00:00,2979.33,2998.04,2978.9,2988.23,20473,25,0
2025-04-22 18:00:00,2988.26,2990.8,2970.92,2980.79,18622,25,0
2025-04-22 19:00:00,2980.83,2984.85,2945.35,2967.43,25569,27,0
2025-04-22 20:00:00,2967.45,2979.57,2961.21,2970.85,20042,26,0
2025-04-22 21:00:00,2970.85,2972.72,2952.45,2958.99,14900,27,0
2025-04-22 22:00:00,2958.99,2962.78,2944.7,2954.88,14435,27,0
2025-04-22 23:00:00,2954.88,2962.12,2953.48,2959.9,6109,27,0
2025-04-23 01:00:00,2942.27,2946.0,2922.89,2935.17,16182,30,0
2025-04-23 02:00:00,2935.27,2949.72,2934.41,2939.52,13088,27,0
2025-04-23 03:00:00,2939.52,2959.85,2935.48,2954.79,16127,27,0
2025-04-23 04:00:00,2954.79,2968.34,2948.22,2962.25,21479,27,0
2025-04-23 05:00:00,2962.25,2965.25,2936.22,2940.92,15771,27,0
2025-04-23 06:00:00,2940.93,2942.35,2921.15,2934.15,15806,27,0
2025-04-23 07:00:00,2934.15,2939.08,2929.97,2938.23,8061,27,0
2025-04-23 08:00:00,2938.26,2939.67,2914.78,2917.5,15898,27,0
2025-04-23 09:00:00,2917.5,2920.03,2892.34,2899.3,23029,25,0
2025-04-23 10:00:00,2899.35,2917.19,2898.83,2915.2,17473,25,0
2025-04-23 11:00:00,2915.21,2915.29,2903.72,2910.27,14239,25,0
2025-04-23 12:00:00,2910.24,2920.75,2904.89,2905.55,14768,25,0
2025-04-23 13:00:00,2905.55,2927.18,2904.82,2920.38,12402,25,0
2025-04-23 14:00:00,2920.49,2931.44,2911.77,2913.43,13545,25,0
2025-04-23 15:00:00,2913.43,2922.15,2902.5,2902.66,18536,25,0
2025-04-23 16:00:00,2902.68,2905.48,2880.34,2891.56,26147,25,0
2025-04-23 17:00:00,2891.5,2900.01,2870.63,2895.45,28144,25,0
2025-04-23 18:00:00,2895.48,2901.01,2876.28,2890.39,23068,25,0
2025-04-23 19:00:00,2890.39,2912.42,2888.78,2905.66,18375,27,0
2025-04-23 20:00:00,2905.65,2911.66,2892.32,2896.16,15222,27,0
2025-04-23 21:00:00,2896.16,2901.98,2894.8,2898.89,10254,27,0
2025-04-23 22:00:00,2898.91,2911.18,2898.91,2907.86,9943,27,0
2025-04-23 23:00:00,2907.91,2911.96,2902.6,2905.7,5808,27,0
2025-04-24 01:00:00,2912.28,2924.1,2910.31,2920.06,7530,27,0
2025-04-24 02:00:00,2920.06,2927.23,2919.13,2927.09,5682,27,0
2025-04-24 03:00:00,2927.09,2945.18,2925.78,2936.97,13929,28,0
2025-04-24 04:00:00,2936.96,2966.5,2936.27,2957.98,21215,27,0
2025-04-24 05:00:00,2957.98,2963.21,2939.31,2943.13,14748,27,0
2025-04-24 06:00:00,2943.15,2944.47,2927.11,2934.19,11172,27,0
2025-04-24 07:00:00,2934.19,2938.78,2932.58,2933.23,6347,27,0
2025-04-24 08:00:00,2933.23,2941.57,2927.91,2931.89,10189,27,0
2025-04-24 09:00:00,2931.89,2933.14,2920.07,2928.57,18050,25,0
2025-04-24 10:00:00,2928.57,2939.87,2922.1,2929.54,14653,25,0
2025-04-24 11:00:00,2929.49,2937.33,2923.21,2931.36,13056,25,0
2025-04-24 12:00:00,2931.36,2935.37,2923.27,2929.98,11305,25,0
2025-04-24 13:00:00,2929.98,2930.94,2920.69,2926.19,9591,25,0
2025-04-24 14:00:00,2926.19,2937.06,2925.29,2934.09,10591,25,0
2025-04-24 15:00:00,2934.06,2942.16,2932.02,2932.23,14682,25,0
2025-04-24 16:00:00,2932.21,2932.34,2913.77,2914.33,19974,25,0
2025-04-24 17:00:00,2914.34,2928.13,2906.1,2925.8,21210,25,0
2025-04-24 18:00:00,2925.8,2932.32,2922.38,2930.51,15926,25,0
2025-04-24 19:00:00,2930.51,2934.63,2923.44,2927.48,12270,27,0
2025-04-24 20:00:00,2927.48,2935.5,2925.54,2934.84,11058,27,0
2025-04-24 21:00:00,2934.84,2938.42,2929.84,2930.77,8034,27,0
2025-04-24 22:00:00,2930.76,2939.45,2928.31,2935.75,7963,27,0
2025-04-24 23:00:00,2935.75,2940.55,2931.32,2939.75,4729,27,0
2025-04-25 01:00:00,2945.28,2960.37,2919.82,2956.9,6874,28,0
2025-04-25 02:00:00,2956.9,2957.82,2942.15,2944.44,7430,27,0
2025-04-25 03:00:00,2944.44,2959.57,2943.17,2959.06,12002,27,0
2025-04-25 04:00:00,2959.02,2963.56,2945.91,2949.22,14386,28,0
2025-04-25 05:00:00,2949.2,2954.55,2947.49,2950.92,10557,27,0
2025-04-25 06:00:00,2950.93,2955.09,2933.59,2934.46,12176,27,0
2025-04-25 07:00:00,2934.49,2939.29,2926.99,2933.14,12048,28,0
2025-04-25 08:00:00,2933.14,2934.93,2900.43,2907.28,15306,28,0
2025-04-25 09:00:00,2907.06,2913.74,2901.76,2913.5,19009,25,0
2025-04-25 10:00:00,2913.46,2916.73,2907.23,2911.42,13268,25,0
2025-04-25 11:00:00,2911.41,2912.99,2900.2,2910.52,13200,25,0
2025-04-25 12:00:00,2910.74,2915.2,2900.23,2901.37,12635,25,0
2025-04-25 13:00:00,2901.35,2913.57,2900.88,2904.16,13230,25,0
2025-04-25 14:00:00,2904.16,2906.31,2892.2,2901.81,11390,25,0
2025-04-25 15:00:00,2901.81,2908.86,2898.0,2900.33,13690,25,0
2025-04-25 16:00:00,2900.33,2900.52,2879.83,2889.56,23308,25,0
2025-04-25 17:00:00,2889.58,2892.4,2879.23,2883.36,20723,25,0
2025-04-25 18:00:00,2883.37,2887.14,2877.24,2884.66,14472,25,0
2025-04-25 19:00:00,2884.66,2891.14,2881.98,2889.68,10194,27,0
2025-04-25 20:00:00,2889.8,2896.4,2886.42,2894.65,12345,27,0
2025-04-25 21:00:00,2894.64,2898.65,2889.32,2889.58,7225,26,0
2025-04-25 22:00:00,2889.58,2913.16,2889.37,2909.23,8116,26,0
2025-04-25 23:00:00,2909.23,2921.52,2908.18,2921.16,4471,27,0
2025-04-28 01:00:00,2930.74,2931.37,2915.43,2916.75,5617,31,0
2025-04-28 02:00:00,2916.75,2923.33,2907.19,2910.98,7555,27,0
2025-04-28 03:00:00,2910.98,2918.83,2909.41,2916.27,9666,27,0
2025-04-28 04:00:00,2916.27,2917.04,2887.82,2890.25,15293,27,0
2025-04-28 05:00:00,2890.22,2894.46,2880.67,2889.66,11252,26,0
2025-04-28 06:00:00,2889.53,2901.34,2889.12,2897.75,6818,27,0
2025-04-28 07:00:00,2897.75,2901.48,2894.51,2900.67,5879,26,0
2025-04-28 08:00:00,2900.67,2901.16,2890.27,2896.7,8165,27,0
2025-04-28 09:00:00,2896.7,2899.1,2891.54,2897.22,15001,25,0
2025-04-28 10:00:00,2897.24,2900.01,2888.45,2896.68,15005,25,0
2025-04-28 11:00:00,2896.69,2898.12,2890.1,2893.76,11273,25,0
2025-04-28 12:00:00,2893.76,2896.41,2884.53,2884.95,10998,25,0
2025-04-28 13:00:00,2884.95,2898.94,2883.26,2898.07,10983,25,0
2025-04-28 14:00:00,2898.07,2905.07,2895.82,2901.87,10933,25,0
2025-04-28 15:00:00,2901.86,2906.07,2897.85,2903.65,14291,25,0
2025-04-28 16:00:00,2903.75,2909.27,2892.04,2897.65,19613,25,0
2025-04-28 17:00:00,2897.64,2926.98,2897.61,2925.18,21605,25,0
2025-04-28 18:00:00,2925.18,2931.6,2914.6,2920.15,16168,25,0
2025-04-28 19:00:00,2920.15,2930.72,2919.31,2923.85,13471,26,0
2025-04-28 20:00:00,2923.85,2927.46,2920.13,2925.45,10845,26,0
2025-04-28 21:00:00,2925.45,2936.19,2923.46,2934.12,10614,26,0
2025-04-28 22:00:00,2934.12,2935.62,2930.2,2934.75,8336,27,0
2025-04-28 23:00:00,2934.71,2934.81,2925.43,2926.7,4050,27,0
2025-04-29 01:00:00,2931.46,2932.1,2919.85,2924.98,4553,30,0
2025-04-29 02:00:00,2924.99,2928.41,2922.73,2926.03,6236,31,0
2025-04-29 03:00:00,2926.03,2926.45,2918.67,2921.27,8768,30,0
2025-04-29 04:00:00,2921.28,2929.85,2915.74,2920.15,12269,30,0
2025-04-29 05:00:00,2920.15,2922.29,2911.41,2913.57,10889,29,0
2025-04-29 06:00:00,2913.57,2914.41,2904.16,2911.34,10770,30,0
2025-04-29 07:00:00,2911.34,2913.95,2906.36,2908.66,6730,31,0
2025-04-29 08:00:00,2908.66,2912.77,2904.08,2907.32,8836,30,0
2025-04-29 09:00:00,2907.32,2917.54,2906.1,2913.99,12609,28,0
2025-04-29 10:00:00,2913.99,2915.83,2907.15,2914.24,11705,28,0
2025-04-29 11:00:00,2914.3,2916.87,2908.68,2909.11,10858,28,0
2025-04-29 12:00:00,2909.14,2911.5,2904.97,2907.98,10628,28,0
2025-04-29 13:00:00,2907.96,2914.47,2905.87,2911.9,10321,28,0
2025-04-29 14:00:00,2911.9,2914.15,2907.48,2909.68,9998,27,0
2025-04-29 15:00:00,2909.68,2910.52,2901.23,2903.58,15727,28,0
2025-04-29 16:00:00,2903.58,2910.96,2896.71,2900.47,20846,28,0
2025-04-29 17:00:00,2901.08,2914.67,2895.21,2912.07,18820,27,0
2025-04-29 18:00:00,2912.06,2912.62,2899.14,2906.93,13616,28,0
2025-04-29 19:00:00,2906.93,2920.66,2904.89,2919.38,11931,30,0
2025-04-29 20:00:00,2919.42,2920.86,2911.08,2911.18,10456,30,0
2025-04-29 21:00:00,2911.18,2917.3,2909.24,2916.95,9012,30,0
2025-04-29 22:00:00,2916.95,2921.04,2916.28,2917.73,7401,29,0
2025-04-29 23:00:00,2917.66,2919.8,2911.94,2912.35,4105,29,0
2025-04-30 01:00:00,2913.6,2918.57,2912.0,2914.84,3073,43,0
2025-04-30 02:00:00,2914.84,2914.86,2908.25,2913.39,3779,42,0
2025-04-30 03:00:00,2913.39,2921.96,2909.99,2911.98,8768,38,0
2025-04-30 04:00:00,2911.99,2920.18,2907.75,2913.57,11578,41,0
2025-04-30 05:00:00,2913.56,2916.55,2907.74,2909.25,9148,41,0
2025-04-30 06:00:00,2909.26,2911.96,2906.34,2907.9,7114,41,0
2025-04-30 07:00:00,2907.9,2910.76,2903.4,2909.66,6891,41,0
2025-04-30 08:00:00,2909.63,2914.58,2906.71,2908.69,7911,41,0
2025-04-30 09:00:00,2908.69,2911.29,2903.14,2903.61,11434,38,0
2025-04-30 10:00:00,2903.59,2914.96,2902.71,2907.76,11757,38,0
2025-04-30 11:00:00,2907.69,2909.63,2887.16,2889.47,14763,38,0
2025-04-30 12:00:00,2889.39,2891.31,2883.05,2884.36,11432,38,0
2025-04-30 13:00:00,2884.32,2887.91,2879.76,2881.44,9730,38,0
2025-04-30 14:00:00,2881.44,2887.71,2875.23,2878.24,11080,39,0
2025-04-30 15:00:00,2878.24,2906.93,2873.82,2901.3,20566,39,0
2025-04-30 16:00:00,2901.38,2919.91,2900.01,2911.95,20207,39,0
2025-04-30 17:00:00,2912.06,2917.84,2899.45,2913.06,22843,39,0
2025-04-30 18:00:00,2913.05,2921.5,2906.89,2916.18,18728,39,0
2025-04-30 19:00:00,2916.18,2920.12,2915.02,2916.81,12086,41,0
2025-04-30 20:00:00,2916.79,2918.18,2910.75,2914.34,9800,41,0
2025-04-30 21:00:00,2914.32,2914.76,2909.5,2910.44,9941,41,0
2025-04-30 22:00:00,2910.44,2914.08,2904.84,2910.18,8410,39,0
2025-04-30 23:00:00,2910.18,2911.96,2900.39,2903.12,7455,39,0
2025-05-01 01:00:00,2902.59,2903.69,2887.27,2890.5,6935,28,0
2025-05-01 02:00:00,2890.5,2901.08,2887.07,2890.23,6829,28,0
2025-05-01 03:00:00,2890.23,2892.23,2862.35,2867.17,12555,28,0
2025-05-01 04:00:00,2867.17,2873.62,2858.54,2863.91,9919,27,0
2025-05-01 05:00:00,2863.91,2874.0,2860.81,2864.45,7545,28,0
2025-05-01 06:00:00,2864.45,2866.88,2854.22,2854.54,10342,28,0
2025-05-01 07:00:00,2854.59,2857.64,2848.84,2854.47,8363,27,0
2025-05-01 08:00:00,2854.47,2866.26,2852.92,2863.94,10208,28,0
2025-05-01 09:00:00,2863.94,2868.44,2860.12,2862.55,12453,25,0
2025-05-01 10:00:00,2862.53,2863.33,2854.91,2855.67,11620,25,0
2025-05-01 11:00:00,2855.67,2857.8,2853.21,2857.77,8605,25,0
2025-05-01 12:00:00,2857.77,2858.17,2842.0,2844.33,10309,25,0
2025-05-01 13:00:00,2844.31,2846.96,2837.24,2843.79,10765,25,0
2025-05-01 14:00:00,2843.78,2847.32,2829.97,2831.36,12229,26,0
2025-05-01 15:00:00,2831.36,2855.27,2828.8,2851.58,18411,26,0
2025-05-01 16:00:00,2851.48,2856.01,2842.95,2847.88,17767,25,0
2025-05-01 17:00:00,2847.88,2861.94,2842.65,2853.16,20769,25,0
2025-05-01 18:00:00,2853.16,2855.81,2843.81,2851.36,15252,25,0
2025-05-01 19:00:00,2851.36,2852.45,2844.15,2851.25,12125,27,0
2025-05-01 20:00:00,2851.25,2853.01,2844.73,2848.83,9611,27,0
2025-05-01 21:00:00,2848.73,2858.4,2848.28,2856.34,9166,27,0
2025-05-01 22:00:00,2856.34,2860.75,2855.88,2859.42,7743,27,0
2025-05-01 23:00:00,2859.42,2868.37,2859.12,2866.26,5942,28,0
2025-05-02 01:00:00,2869.56,2872.09,2861.66,2866.23,4358,30,0
2025-05-02 02:00:00,2866.23,2870.04,2863.35,2865.68,4519,29,0
2025-05-02 03:00:00,2865.68,2875.01,2860.75,2863.78,11460,28,0
2025-05-02 04:00:00,2863.76,2868.38,2863.76,2864.84,10376,28,0
2025-05-02 05:00:00,2864.84,2876.3,2864.06,2875.71,9011,28,0
2025-05-02 06:00:00,2875.71,2881.16,2873.12,2876.96,8441,28,0
2025-05-02 07:00:00,2876.96,2879.63,2875.39,2876.36,7681,28,0
2025-05-02 08:00:00,2876.36,2879.23,2874.41,2875.43,7437,28,0
2025-05-02 09:00:00,2875.43,2879.64,2866.53,2871.83,11699,26,0
2025-05-02 10:00:00,2871.83,2881.3,2870.03,2876.58,11059,25,0
2025-05-02 11:00:00,2876.58,2880.17,2874.3,2874.81,9920,25,0
2025-05-02 12:00:00,2874.73,2879.93,2872.47,2876.55,11251,25,0
2025-05-02 13:00:00,2876.55,2877.43,2872.14,2876.3,9921,25,0
2025-05-02 14:00:00,2876.3,2882.26,2875.11,2875.23,10621,25,0
2025-05-02 15:00:00,2875.23,2880.17,2867.25,2871.35,19587,25,0
2025-05-02 16:00:00,2871.3,2871.9,2852.06,2857.83,23714,25,0
2025-05-02 17:00:00,2857.82,2870.73,2850.8,2869.82,20958,25,0
2025-05-02 18:00:00,2869.82,2873.36,2851.37,2852.22,18117,25,0
2025-05-02 19:00:00,2852.22,2855.94,2845.81,2848.63,17989,26,0
2025-05-02 20:00:00,2848.63,2862.84,2847.17,2858.31,13746,27,0
2025-05-02 21:00:00,2858.31,2858.66,2851.8,2854.97,10162,28,0
2025-05-02 22:00:00,2854.97,2860.74,2854.5,2860.12,8268,28,0
2025-05-02 23:00:00,2860.28,2868.38,2859.29,2866.81,4434,28,0
2025-05-05 01:00:00,2866.4,2868.33,2862.93,2865.2,6333,29,0
2025-05-05 02:00:00,2865.2,2871.98,2865.12,2868.96,6895,28,0
2025-05-05 03:00:00,2868.96,2869.47,2863.74,2867.38,7740,27,0
2025-05-05 04:00:00,2867.35,2886.16,2866.67,2880.15,12393,27,0
2025-05-05 05:00:00,2880.15,2885.43,2876.0,2883.1,10249,27,0
2025-05-05 06:00:00,2883.1,2884.98,2871.13,2871.87,8298,27,0
2025-05-05 07:00:00,2871.87,2875.36,2870.16,2872.32,6085,27,0
2025-05-05 08:00:00,2872.32,2876.14,2871.04,2876.05,8020,27,0
2025-05-05 09:00:00,2876.05,2883.01,2873.87,2880.04,11319,26,0
2025-05-05 10:00:00,2880.0,2886.77,2877.24,2885.73,10950,26,0
2025-05-05 11:00:00,2885.74,2899.55,2881.31,2898.27,12939,25,0
2025-05-05 12:00:00,2898.23,2917.89,2897.47,2917.32,15830,25,0
2025-05-05 13:00:00,2917.32,2926.65,2916.96,2920.42,13933,25,0
2025-05-05 14:00:00,2920.42,2923.25,2917.18,2920.72,11435,25,0
2025-05-05 15:00:00,2920.72,2926.21,2920.16,2922.17,15073,25,0
2025-05-05 16:00:00,2922.18,2923.67,2916.03,2919.28,14294,25,0
2025-05-05 17:00:00,2919.07,2932.46,2918.91,2921.48,18593,25,0
2025-05-05 18:00:00,2921.56,2931.54,2919.91,2927.28,13694,25,0
2025-05-05 19:00:00,2927.23,2931.43,2924.68,2928.32,11972,26,0
2025-05-05 20:00:00,2928.31,2935.86,2927.6,2935.37,9606,27,0
2025-05-05 21:00:00,2935.37,2939.4,2932.33,2937.36,8729,27,0
2025-05-05 22:00:00,2937.36,2949.36,2937.19,2941.88,10980,27,0
2025-05-05 23:00:00,2941.86,2946.82,2941.86,2946.03,4882,27,0
2025-05-06 01:00:00,2948.55,2949.56,2939.57,2943.66,4241,28,0
2025-05-06 02:00:00,2943.66,2947.98,2942.66,2947.22,4434,28,0
2025-05-06 03:00:00,2947.22,2950.41,2943.47,2950.1,10293,28,0
2025-05-06 04:00:00,2950.1,2994.91,2950.1,2992.4,20465,27,0
2025-05-06 05:00:00,2992.4,2995.0,2968.38,2970.05,15984,27,0
2025-05-06 06:00:00,2970.06,2981.21,2965.73,2969.68,12111,27,0
2025-05-06 07:00:00,2969.68,2972.32,2964.76,2969.63,8205,27,0
2025-05-06 08:00:00,2969.63,2970.83,2960.18,2970.36,10206,28,0
2025-05-06 09:00:00,2970.36,2975.26,2966.95,2970.63,12838,25,0
2025-05-06 10:00:00,2970.69,2979.92,2969.99,2972.97,14494,25,0
2025-05-06 11:00:00,2973.0,2981.87,2971.02,2981.35,13339,25,0
2025-05-06 12:00:00,2981.34,2991.02,2977.15,2990.8,11733,25,0
2025-05-06 13:00:00,2990.79,2990.81,2983.32,2987.44,11029,25,0
2025-05-06 14:00:00,2987.44,2988.66,2977.12,2983.11,12149,25,0
2025-05-06 15:00:00,2983.17,2990.91,2977.46,2990.14,15292,25,0
2025-05-06 16:00:00,2990.14,2998.43,2986.73,2987.4,19725,25,0
2025-05-06 17:00:00,2987.35,2994.37,2976.01,2985.78,19732,25,0
2025-05-06 18:00:00,2985.81,2996.95,2985.26,2992.89,13306,25,0
2025-05-06 19:00:00,2992.89,3005.32,2992.44,3003.66,14719,27,0
2025-05-06 20:00:00,3003.67,3007.15,3000.2,3004.05,13057,27,0
2025-05-06 21:00:00,3004.05,3008.14,3002.57,3003.51,9342,27,0
2025-05-06 22:00:00,3003.51,3010.49,3001.4,3009.84,9176,27,0
2025-05-06 23:00:00,3009.87,3019.87,3004.88,3016.3,8398,27,0
2025-05-07 01:00:00,3014.13,3015.29,2980.42,2981.47,15624,28,0
2025-05-07 02:00:00,2981.47,3001.61,2977.44,2998.83,11176,28,0
2025-05-07 03:00:00,2998.85,2999.37,2964.8,2979.98,18790,28,0
2025-05-07 04:00:00,2979.98,2985.33,2966.19,2974.58,18079,28,0
2025-05-07 05:00:00,2974.58,2990.97,2973.7,2989.55,13310,28,0
2025-05-07 06:00:00,2989.55,2990.59,2972.15,2975.01,8989,28,0
2025-05-07 07:00:00,2975.01,2984.38,2974.61,2981.36,7463,27,0
2025-05-07 08:00:00,2981.36,2983.99,2976.83,2980.78,9287,27,0
2025-05-07 09:00:00,2980.78,2988.32,2978.98,2982.6,10935,25,0
2025-05-07 10:00:00,2982.59,2988.67,2977.7,2981.52,11809,25,0
2025-05-07 11:00:00,2981.52,2981.99,2972.65,2978.18,11567,25,0
2025-05-07 12:00:00,2978.18,2981.43,2967.2,2967.32,10730,25,0
2025-05-07 13:00:00,2967.32,2986.56,2966.35,2983.82,12240,25,0
2025-05-07 14:00:00,2983.82,2983.88,2976.75,2982.11,10128,25,0
2025-05-07 15:00:00,2982.11,2986.89,2978.52,2985.07,13888,25,0
2025-05-07 16:00:00,2985.07,2991.44,2975.92,2986.15,17902,25,0
2025-05-07 17:00:00,2986.12,2986.94,2972.04,2978.56,17176,25,0
2025-05-07 18:00:00,2978.56,2986.11,2977.25,2983.2,13237,25,0
2025-05-07 19:00:00,2983.19,2986.74,2978.75,2984.25,9828,27,0
2025-05-07 20:00:00,2984.25,2987.57,2980.62,2980.62,8814,27,0
2025-05-07 21:00:00,2980.53,2991.9,2978.54,2986.18,19856,28,0
2025-05-07 22:00:00,2986.18,2988.89,2973.41,2982.14,17662,27,0
2025-05-07 23:00:00,2982.14,2986.55,2975.36,2975.61,6864,27,0
2025-05-08 01:00:00,2978.79,2984.08,2977.53,2981.91,5299,28,0
2025-05-08 02:00:00,2981.91,2987.13,2980.81,2987.13,4035,28,0
2025-05-08 03:00:00,2987.13,2992.93,2983.46,2988.71,9519,28,0
2025-05-08 04:00:00,2988.76,3008.92,2987.62,3007.94,15846,27,0
2025-05-08 05:00:00,3007.98,3013.33,3003.52,3004.54,12905,27,0
2025-05-08 06:00:00,3004.53,3006.82,2997.38,2998.68,9901,27,0
2025-05-08 07:00:00,2998.63,3000.17,2987.79,2988.1,8698,27,0
2025-05-08 08:00:00,2988.1,2990.23,2967.69,2968.07,14612,27,0
2025-05-08 09:00:00,2968.07,2974.03,2942.25,2951.35,20160,25,0
2025-05-08 10:00:00,2951.35,2966.52,2950.34,2959.0,15576,25,0
2025-05-08 11:00:00,2959.0,2961.05,2954.89,2958.19,11805,25,0
2025-05-08 12:00:00,2958.19,2961.26,2952.22,2952.5,12047,25,0
2025-05-08 13:00:00,2952.5,2964.11,2951.17,2960.97,12270,25,0
2025-05-08 14:00:00,2960.97,2963.13,2956.48,2960.59,10709,25,0
2025-05-08 15:00:00,2960.59,2970.61,2959.25,2969.98,15929,25,0
2025-05-08 16:00:00,2970.0,2980.26,2967.51,2968.24,18204,25,0
2025-05-08 17:00:00,2968.16,2977.97,2964.79,2975.97,18572,25,0
2025-05-08 18:00:00,2975.96,2977.06,2957.68,2960.91,20409,25,0
2025-05-08 19:00:00,2960.8,2961.47,2943.03,2948.71,18892,27,0
2025-05-08 20:00:00,2948.71,2949.19,2939.53,2946.72,14695,27,0
2025-05-08 21:00:00,2946.72,2948.82,2945.12,2947.34,9094,27,0
2025-05-08 22:00:00,2947.34,2948.4,2931.56,2945.12,11822,27,0
2025-05-08 23:00:00,2945.11,2948.74,2942.05,2943.57,6039,27,0
2025-05-09 01:00:00,2944.63,2959.36,2944.62,2959.12,6308,28,0
2025-05-09 02:00:00,2959.12,2959.12,2950.81,2953.85,5734,28,0
2025-05-09 03:00:00,2953.85,2960.3,2950.18,2959.02,10449,28,0
2025-05-09 04:00:00,2959.02,2959.19,2930.46,2935.35,16612,28,0
2025-05-09 05:00:00,2935.35,2949.18,2923.99,2948.96,16183,27,0
2025-05-09 06:00:00,2948.96,2951.06,2940.59,2947.63,11668,27,0
2025-05-09 07:00:00,2947.63,2962.86,2947.55,2960.94,8511,27,0
2025-05-09 08:00:00,2960.94,2966.01,2951.45,2956.09,11096,27,0
2025-05-09 09:00:00,2956.09,2958.96,2950.83,2958.38,12687,25,0
2025-05-09 10:00:00,2958.38,2963.32,2954.54,2957.14,13826,25,0
2025-05-09 11:00:00,2957.18,2957.78,2950.14,2956.88,11954,25,0
2025-05-09 12:00:00,2956.88,2958.41,2953.64,2956.64,9361,25,0
2025-05-09 13:00:00,2956.52,2959.69,2953.97,2955.12,8432,25,0
2025-05-09 14:00:00,2955.14,2966.08,2954.9,2961.46,12107,25,0
2025-05-09 15:00:00,2961.46,2963.83,2958.27,2962.0,12642,25,0
2025-05-09 16:00:00,2962.0,2965.69,2955.01,2958.36,17344,25,0
2025-05-09 17:00:00,2958.36,2962.54,2945.77,2961.56,18621,25,0
2025-05-09 18:00:00,2961.56,2969.39,2960.37,2968.05,13903,25,0
2025-05-09 19:00:00,2968.05,2970.51,2963.46,2963.69,11508,27,0
2025-05-09 20:00:00,2963.69,2968.08,2963.69,2966.43,8472,27,0
2025-05-09 21:00:00,2966.43,2967.65,2962.55,2965.2,7040,27,0
2025-05-09 22:00:00,2965.2,2966.37,2955.19,2957.06,8000,27,0
2025-05-09 23:00:00,2957.05,2960.12,2955.38,2956.39,4024,28,0
2025-05-12 01:00:00,2924.7,2933.06,2910.46,2915.25,10042,29,0
2025-05-12 02:00:00,2915.25,2928.11,2909.01,2927.96,10599,28,0
2025-05-12 03:00:00,2927.96,2929.16,2912.32,2917.55,12216,27,0
2025-05-12 04:00:00,2917.62,2919.96,2901.43,2914.5,17830,28,0
2025-05-12 05:00:00,2914.5,2920.17,2910.15,2914.03,12146,27,0
2025-05-12 06:00:00,2914.03,2925.35,2911.98,2922.84,9611,27,0
2025-05-12 07:00:00,2922.84,2923.23,2917.66,2920.19,6778,27,0
2025-05-12 08:00:00,2920.19,2920.64,2912.9,2919.17,9721,27,0
2025-05-12 09:00:00,2919.17,2922.74,2915.03,2921.66,14052,26,0
2025-05-12 10:00:00,2921.67,2921.96,2893.84,2901.95,26898,25,0
2025-05-12 11:00:00,2901.97,2908.07,2898.98,2901.26,20103,25,0
2025-05-12 12:00:00,2901.33,2902.16,2889.98,2891.59,14469,25,0
2025-05-12 13:00:00,2891.58,2902.61,2891.01,2895.45,15719,25,0
2025-05-12 14:00:00,2895.43,2907.35,2895.4,2902.17,16193,25,0
2025-05-12 15:00:00,2902.16,2911.45,2899.78,2909.57,16644,25,0
2025-05-12 16:00:00,2909.48,2921.29,2904.34,2914.58,22906,25,0
2025-05-12 17:00:00,2914.36,2919.77,2907.27,2913.57,21941,25,0
2025-05-12 18:00:00,2913.66,2920.9,2906.92,2916.83,15285,25,0
2025-05-12 19:00:00,2916.79,2916.81,2905.49,2908.61,13415,27,0
2025-05-12 20:00:00,2908.61,2914.14,2905.99,2909.19,10993,27,0
2025-05-12 21:00:00,2909.19,2913.21,2908.54,2912.22,9402,27,0
2025-05-12 22:00:00,2912.22,2919.84,2911.97,2916.69,10046,27,0
2025-05-12 23:00:00,2916.69,2919.01,2914.67,2916.8,4271,27,0
2025-05-13 01:00:00,2920.17,2922.12,2911.96,2914.96,4839,29,0
2025-05-13 02:00:00,2914.96,2919.85,2914.71,2917.04,5325,28,0
2025-05-13 03:00:00,2917.04,2920.48,2912.71,2917.45,9604,27,0
2025-05-13 04:00:00,2917.45,2920.58,2895.75,2903.68,15018,27,0
2025-05-13 05:00:00,2903.73,2918.53,2901.88,2908.04,11393,28,0
2025-05-13 06:00:00,2908.05,2913.63,2907.6,2911.55,8464,27,0
2025-05-13 07:00:00,2911.55,2928.37,2910.46,2925.81,7558,27,0
2025-05-13 08:00:00,2925.78,2932.51,2924.86,2930.92,10133,27,0
2025-05-13 09:00:00,2930.92,2938.27,2923.38,2935.6,13531,25,0
2025-05-13 10:00:00,2935.79,2937.9,2926.68,2931.71,12800,25,0
2025-05-13 11:00:00,2931.8,2934.58,2924.35,2929.69,11436,25,0
2025-05-13 12:00:00,2929.69,2931.15,2925.22,2928.99,9869,25,0
2025-05-13 13:00:00,2928.99,2933.33,2928.14,2929.18,8633,25,0
2025-05-13 14:00:00,2929.18,2933.28,2925.04,2925.26,10136,25,0
2025-05-13 15:00:00,2925.26,2925.42,2910.37,2912.38,17967,25,0
2025-05-13 16:00:00,2912.38,2915.71,2898.23,2898.28,19833,25,0
2025-05-13 17:00:00,2898.31,2913.31,2897.14,2905.2,18717,25,0
2025-05-13 18:00:00,2905.22,2913.3,2904.58,2911.27,14503,25,0
2025-05-13 19:00:00,2911.27,2916.4,2906.25,2908.89,10497,27,0
2025-05-13 20:00:00,2908.89,2910.02,2902.58,2905.0,9002,27,0
2025-05-13 21:00:00,2904.99,2907.28,2903.34,2904.42,7178,27,0
2025-05-13 22:00:00,2904.42,2905.49,2902.1,2903.79,6244,27,0
2025-05-13 23:00:00,2903.79,2907.48,2902.66,2905.27,3454,27,0
2025-05-14 01:00:00,2905.57,2907.34,2903.95,2906.49,3097,29,0
2025-05-14 02:00:00,2906.49,2910.5,2906.23,2909.17,3952,28,0
2025-05-14 03:00:00,2909.17,2909.27,2896.38,2898.24,9789,28,0
2025-05-14 04:00:00,2898.24,2904.01,2893.68,2894.85,14533,28,0
2025-05-14 05:00:00,2894.85,2897.16,2887.32,2889.14,11916,28,0
2025-05-14 06:00:00,2889.14,2890.19,2882.69,2883.66,10383,28,0
2025-05-14 07:00:00,2883.66,2885.25,2879.3,2881.34,9244,28,0
2025-05-14 08:00:00,2881.34,2891.14,2879.45,2890.7,9203,28,0
2025-05-14 09:00:00,2890.7,2894.45,2884.43,2885.74,12224,25,0
2025-05-14 10:00:00,2885.76,2890.75,2881.67,2887.15,14211,25,0
2025-05-14 11:00:00,2887.15,2888.08,2874.02,2876.18,16296,25,0
2025-05-14 12:00:00,2876.18,2878.07,2868.46,2872.59,14438,25,0
2025-05-14 13:00:00,2872.59,2881.52,2870.45,2880.87,11089,25,0
2025-05-14 14:00:00,2880.87,2886.3,2870.38,2870.49,12037,25,0
2025-05-14 15:00:00,2870.52,2872.93,2836.03,2837.14,20896,25,0
2025-05-14 16:00:00,2837.14,2847.14,2831.2,2844.29,23305,25,0
2025-05-14 17:00:00,2844.3,2848.32,2836.94,2837.73,19937,25,0
2025-05-14 18:00:00,2837.81,2843.88,2836.66,2840.18,15791,25,0
2025-05-14 19:00:00,2840.18,2850.83,2836.77,2849.6,14527,26,0
2025-05-14 20:00:00,2849.6,2850.39,2842.84,2843.58,11446,27,0
2025-05-14 21:00:00,2843.58,2844.69,2837.11,2837.4,10094,27,0
2025-05-14 22:00:00,2837.38,2848.91,2835.4,2847.99,11377,27,0
2025-05-14 23:00:00,2847.98,2849.19,2842.37,2842.57,5278,27,0
2025-05-15 01:00:00,2843.14,2847.33,2843.13,2845.96,3602,28,0
2025-05-15 02:00:00,2845.96,2849.82,2844.61,2849.29,4199,28,0
2025-05-15 03:00:00,2849.27,2849.33,2842.47,2848.29,8658,27,0
2025-05-15 04:00:00,2848.26,2851.46,2832.75,2834.03,12821,27,0
2025-05-15 05:00:00,2834.03,2837.25,2814.93,2817.55,13265,27,0
2025-05-15 06:00:00,2817.55,2820.11,2811.68,2813.76,9505,27,0
2025-05-15 07:00:00,2813.76,2814.81,2801.17,2803.92,8657,28,0
2025-05-15 08:00:00,2803.92,2807.72,2790.45,2795.28,11979,27,0
2025-05-15 09:00:00,2795.28,2810.62,2788.55,2805.41,18134,25,0
2025-05-15 10:00:00,2805.44,2809.17,2795.27,2806.22,16473,25,0
2025-05-15 11:00:00,2806.22,2822.78,2803.94,2820.92,13993,25,0
2025-05-15 12:00:00,2820.92,2829.92,2819.04,2825.44,12630,25,0
2025-05-15 13:00:00,2825.44,2838.24,2824.96,2837.66,11373,25,0
2025-05-15 14:00:00,2837.59,2843.04,2835.21,2842.72,11241,25,0
2025-05-15 15:00:00,2842.71,2848.04,2838.16,2844.38,16760,25,0
2025-05-15 16:00:00,2844.48,2853.01,2840.96,2849.87,20994,25,0
2025-05-15 17:00:00,2849.84,2865.57,2848.71,2865.28,19973,25,0
2025-05-15 18:00:00,2865.28,2878.17,2864.76,2877.88,14854,25,0
2025-05-15 19:00:00,2877.85,2883.4,2875.77,2881.99,9944,26,0
2025-05-15 20:00:00,2881.99,2886.28,2879.01,2883.35,10342,27,0
2025-05-15 21:00:00,2883.35,2886.77,2881.84,2883.72,8124,27,0
2025-05-15 22:00:00,2883.72,2890.12,2883.72,2889.79,8699,27,0
2025-05-15 23:00:00,2889.79,2896.66,2888.22,2894.93,4964,27,0
2025-05-16 01:00:00,2894.26,2905.54,2894.11,2904.75,5845,27,0
2025-05-16 02:00:00,2904.75,2904.75,2891.73,2892.28,7393,27,0
2025-05-16 03:00:00,2892.28,2894.69,2885.84,2894.32,11440,27,0
2025-05-16 04:00:00,2894.32,2895.66,2869.25,2876.04,14043,27,0
2025-05-16 05:00:00,2876.07,2880.8,2867.99,2870.29,10622,27,0
2025-05-16 06:00:00,2870.3,2871.54,2862.96,2867.56,10633,27,0
2025-05-16 07:00:00,2867.54,2876.71,2867.41,2873.73,7769,27,0
2025-05-16 08:00:00,2873.73,2874.63,2865.79,2869.62,9435,27,0
2025-05-16 09:00:00,2869.62,2880.82,2864.95,2867.15,13260,25,0
2025-05-16 10:00:00,2867.15,2869.81,2858.74,2861.58,13670,25,0
2025-05-16 11:00:00,2861.58,2864.42,2852.65,2863.9,12363,25,0
2025-05-16 12:00:00,2863.9,2867.57,2860.44,2866.7,10705,25,0
2025-05-16 13:00:00,2866.7,2868.34,2830.17,2835.55,14304,25,0
2025-05-16 14:00:00,2835.72,2838.4,2818.41,2825.55,14639,25,0
2025-05-16 15:00:00,2825.55,2842.21,2818.37,2837.67,16759,25,0
2025-05-16 16:00:00,2837.67,2846.41,2830.23,2839.93,18609,25,0
2025-05-16 17:00:00,2839.94,2848.54,2836.96,2844.68,18914,25,0
2025-05-16 18:00:00,2844.71,2857.96,2844.21,2857.6,12585,25,0
2025-05-16 19:00:00,2857.6,2862.01,2855.59,2861.54,10225,26,0
2025-05-16 20:00:00,2861.54,2864.01,2856.91,2861.68,8497,27,0
2025-05-16 21:00:00,2861.68,2863.33,2856.0,2857.96,6614,27,0
2025-05-16 22:00:00,2857.97,2865.06,2857.88,2863.39,7435,27,0
2025-05-16 23:00:00,2863.37,2871.58,2862.91,2865.86,6044,27,0
2025-05-19 01:00:00,2873.45,2895.48,2870.32,2894.38,9414,30,0
2025-05-19 02:00:00,2894.38,2899.5,2885.28,2891.06,7877,27,0
2025-05-19 03:00:00,2891.06,2904.96,2889.89,2899.23,11307,27,0
2025-05-19 04:00:00,2899.23,2899.33,2876.11,2879.61,15188,27,0
2025-05-19 05:00:00,2879.61,2888.56,2878.08,2887.11,10605,27,0
2025-05-19 06:00:00,2887.18,2888.9,2869.01,2872.76,8237,28,0
2025-05-19 07:00:00,2872.76,2876.88,2868.57,2875.36,6281,27,0
2025-05-19 08:00:00,2875.39,2882.59,2875.19,2882.3,7850,28,0
2025-05-19 09:00:00,2882.4,2885.79,2872.94,2876.31,13261,25,0
2025-05-19 10:00:00,2876.32,2880.48,2871.39,2876.16,14333,25,0
2025-05-19 11:00:00,2876.16,2882.37,2872.9,2881.95,12235,25,0
2025-05-19 12:00:00,2881.95,2884.23,2869.26,2874.02,12528,25,0
2025-05-19 13:00:00,2874.03,2876.02,2867.42,2874.26,9678,25,0
2025-05-19 14:00:00,2874.26,2882.65,2872.96,2877.32,9618,25,0
2025-05-19 15:00:00,2877.32,2879.5,2867.61,2868.75,13013,25,0
2025-05-19 16:00:00,2868.62,2878.18,2865.14,2870.67,18220,25,0
2025-05-19 17:00:00,2870.67,2877.4,2861.06,2873.51,16904,25,0
2025-05-19 18:00:00,2873.51,2879.87,2870.88,2875.99,12350,25,0
2025-05-19 19:00:00,2875.99,2878.59,2872.74,2876.34,9116,27,0
2025-05-19 20:00:00,2876.36,2878.75,2872.51,2872.85,8736,27,0
2025-05-19 21:00:00,2872.85,2880.77,2872.18,2877.92,6970,27,0
2025-05-19 22:00:00,2877.92,2879.69,2875.43,2876.25,5090,27,0
2025-05-19 23:00:00,2876.24,2876.74,2871.06,2872.53,3837,27,0
2025-05-20 01:00:00,2871.43,2873.39,2869.08,2871.99,3243,27,0
2025-05-20 02:00:00,2871.99,2872.47,2865.67,2868.87,4204,27,0
2025-05-20 03:00:00,2868.87,2871.5,2864.58,2870.21,8706,27,0
2025-05-20 04:00:00,2870.21,2875.53,2865.78,2866.13,12981,27,0
2025-05-20 05:00:00,2866.13,2867.4,2852.62,2854.86,11073,27,0
2025-05-20 06:00:00,2854.89,2858.7,2852.29,2855.77,8931,27,0
2025-05-20 07:00:00,2855.77,2862.65,2854.98,2861.62,7001,27,0
2025-05-20 08:00:00,2861.62,2862.76,2852.67,2855.46,9664,27,0
2025-05-20 09:00:00,2855.46,2858.99,2849.94,2851.2,12007,25,0
2025-05-20 10:00:00,2851.2,2860.46,2847.57,2857.96,12324,25,0
2025-05-20 11:00:00,2857.97,2874.38,2857.33,2873.97,12066,25,0
2025-05-20 12:00:00,2873.96,2877.07,2869.02,2875.33,12150,25,0
2025-05-20 13:00:00,2875.31,2879.4,2872.6,2877.09,8103,25,0
2025-05-20 14:00:00,2877.09,2882.35,2876.57,2882.11,8856,25,0
2025-05-20 15:00:00,2882.11,2893.27,2879.4,2886.43,13810,25,0
2025-05-20 16:00:00,2886.41,2900.49,2877.6,2899.8,18761,25,0
2025-05-20 17:00:00,2899.8,2918.82,2897.61,2912.9,23208,25,0
2025-05-20 18:00:00,2912.88,2915.62,2906.49,2912.24,14556,25,0
2025-05-20 19:00:00,2912.24,2917.12,2911.89,2912.69,9736,27,0
2025-05-20 20:00:00,2912.68,2916.69,2911.56,2914.98,9627,27,0
2025-05-20 21:00:00,2914.98,2917.5,2912.47,2916.49,9386,27,0
2025-05-20 22:00:00,2916.52,2921.09,2915.56,2920.07,7720,27,0
2025-05-20 23:00:00,2920.06,2921.54,2914.25,2914.54,4480,27,0
2025-05-21 01:00:00,2916.15,2927.7,2916.15,2922.35,7048,28,0
2025-05-21 02:00:00,2922.35,2922.4,2914.09,2915.03,5582,27,0
2025-05-21 03:00:00,2915.0,2925.45,2913.21,2924.46,9026,27,0
2025-05-21 04:00:00,2924.46,2933.39,2909.86,2915.88,15332,27,0
2025-05-21 05:00:00,2915.88,2919.27,2908.88,2916.19,12333,27,0
2025-05-21 06:00:00,2916.17,2921.52,2913.64,2918.12,9005,27,0
2025-05-21 07:00:00,2918.12,2919.23,2913.79,2914.62,7207,27,0
2025-05-21 08:00:00,2914.62,2929.73,2911.38,2926.44,10330,27,0
2025-05-21 09:00:00,2926.44,2929.56,2919.24,2929.47,14179,25,0
2025-05-21 10:00:00,2929.46,2929.76,2920.66,2922.84,13195,25,0
2025-05-21 11:00:00,2922.84,2925.77,2917.61,2921.88,10854,25,0
2025-05-21 12:00:00,2921.9,2926.26,2918.11,2923.24,9600,25,0
2025-05-21 13:00:00,2923.24,2924.23,2915.95,2920.66,11628,25,0
2025-05-21 14:00:00,2920.66,2924.6,2917.93,2924.08,10712,25,0
2025-05-21 15:00:00,2923.99,2925.15,2905.13,2913.66,17383,25,0
2025-05-21 16:00:00,2913.64,2919.93,2909.42,2913.94,18669,25,0
2025-05-21 17:00:00,2913.91,2917.35,2904.16,2913.64,17541,25,0
2025-05-21 18:00:00,2913.63,2923.83,2913.03,2919.8,13956,25,0
2025-05-21 19:00:00,2919.77,2921.3,2912.27,2912.58,10382,27,0
2025-05-21 20:00:00,2912.59,2922.56,2912.38,2922.2,14911,27,0
2025-05-21 21:00:00,2922.22,2924.88,2919.31,2924.37,9658,27,0
2025-05-21 22:00:00,2924.37,2934.69,2924.37,2931.51,10815,28,0
2025-05-21 23:00:00,2931.51,2932.86,2923.89,2925.12,4860,27,0
2025-05-22 01:00:00,2929.44,2933.45,2927.84,2932.23,5508,28,0
2025-05-22 02:00:00,2932.23,2935.37,2927.89,2929.68,6145,27,0
2025-05-22 03:00:00,2929.68,2935.41,2928.33,2934.22,10113,27,0
2025-05-22 04:00:00,2934.22,2950.09,2932.03,2944.13,15657,27,0
2025-05-22 05:00:00,2944.09,2948.89,2942.52,2946.48,11146,27,0
2025-05-22 06:00:00,2946.5,2950.42,2942.23,2942.97,8973,27,0
2025-05-22 07:00:00,2942.97,2946.72,2941.53,2945.75,6790,27,0
2025-05-22 08:00:00,2945.7,2947.66,2935.16,2940.18,8452,27,0
2025-05-22 09:00:00,2940.17,2942.45,2935.4,2937.74,13468,25,0
2025-05-22 10:00:00,2937.79,2947.84,2935.77,2938.84,14511,25,0
2025-05-22 11:00:00,2938.76,2941.2,2925.92,2929.69,16543,25,0
2025-05-22 12:00:00,2929.7,2934.03,2924.28,2925.98,13918,25,0
2025-05-22 13:00:00,2925.98,2928.68,2911.45,2913.14,14251,25,0
2025-05-22 14:00:00,2913.14,2931.01,2906.99,2930.84,16920,25,0
2025-05-22 15:00:00,2930.75,2930.79,2922.32,2925.17,18731,25,0
2025-05-22 16:00:00,2925.17,2934.04,2913.09,2913.7,21630,25,0
2025-05-22 17:00:00,2913.7,2928.49,2905.92,2923.52,20420,25,0
2025-05-22 18:00:00,2923.53,2924.67,2912.01,2920.59,16696,25,0
2025-05-22 19:00:00,2920.67,2929.93,2917.05,2929.53,11974,26,0
2025-05-22 20:00:00,2929.53,2930.64,2922.26,2925.53,12373,27,0
2025-05-22 21:00:00,2925.54,2926.72,2920.01,2920.47,8489,27,0
2025-05-22 22:00:00,2920.47,2922.27,2915.84,2917.11,8656,27,0
2025-05-22 23:00:00,2917.11,2921.12,2915.74,2920.54,4459,27,0
2025-05-23 01:00:00,2921.11,2923.61,2919.32,2921.55,3541,28,0
2025-05-23 02:00:00,2921.55,2926.11,2921.32,2924.7,3899,28,0
2025-05-23 03:00:00,2924.7,2929.48,2909.59,2921.77,12013,28,0
2025-05-23 04:00:00,2921.77,2925.32,2915.6,2921.02,12857,27,0
2025-05-23 05:00:00,2921.02,2921.46,2908.67,2913.46,8917,27,0
2025-05-23 06:00:00,2913.45,2919.9,2912.8,2918.96,6390,28,0
2025-05-23 07:00:00,2918.96,2929.08,2918.67,2927.51,7407,27,0
2025-05-23 08:00:00,2927.51,2937.34,2926.26,2935.23,9782,27,0
2025-05-23 09:00:00,2935.23,2944.52,2934.66,2944.39,13423,25,0
2025-05-23 10:00:00,2944.39,2945.84,2935.6,2935.61,11783,25,0
2025-05-23 11:00:00,2935.61,2936.12,2930.74,2932.53,10376,25,0
2025-05-23 12:00:00,2932.51,2938.44,2930.82,2932.75,10869,25,0
2025-05-23 13:00:00,2932.75,2935.48,2928.31,2932.72,9545,25,0
2025-05-23 14:00:00,2932.71,2958.83,2923.08,2956.93,18098,26,0
2025-05-23 15:00:00,2956.95,2966.64,2954.24,2961.77,24294,26,0
2025-05-23 16:00:00,2961.71,2967.94,2947.27,2951.62,22892,25,0
2025-05-23 17:00:00,2951.61,2962.79,2948.94,2960.74,19917,25,0
2025-05-23 18:00:00,2960.76,2963.17,2957.07,2961.73,15135,25,0
2025-05-23 19:00:00,2961.68,2963.42,2955.71,2957.02,12405,27,0
2025-05-23 20:00:00,2957.01,2963.76,2956.38,2959.66,10102,27,0
2025-05-23 21:00:00,2959.66,2962.48,2958.43,2959.37,9103,27,0
2025-05-23 22:00:00,2959.33,2961.8,2956.3,2957.2,8885,27,0
2025-05-23 23:00:00,2957.2,2958.46,2952.96,2953.9,4836,27,0
2025-05-26 01:00:00,2949.68,2952.13,2938.15,2940.13,8879,28,0
2025-05-26 02:00:00,2940.13,2946.15,2938.15,2938.51,5257,28,0
2025-05-26 03:00:00,2938.51,2939.84,2924.32,2932.1,9905,27,0
2025-05-26 04:00:00,2932.24,2935.89,2927.94,2930.93,12170,27,0
2025-05-26 05:00:00,2930.93,2940.93,2930.05,2934.32,10120,27,0
2025-05-26 06:00:00,2934.31,2935.98,2931.69,2933.44,7094,27,0
2025-05-26 07:00:00,2933.44,2937.44,2933.35,2935.91,5661,27,0
2025-05-26 08:00:00,2935.91,2938.18,2931.65,2931.82,7526,27,0
2025-05-26 09:00:00,2931.82,2933.39,2924.67,2925.02,10687,25,0
2025-05-26 10:00:00,2925.04,2930.45,2922.39,2930.2,11132,25,0
2025-05-26 11:00:00,2930.27,2931.59,2924.65,2928.88,9742,25,0
2025-05-26 12:00:00,2928.99,2930.68,2920.39,2925.23,9488,25,0
2025-05-26 13:00:00,2925.23,2928.93,2924.31,2926.35,5964,25,0
2025-05-26 14:00:00,2926.35,2930.26,2925.63,2929.62,4950,25,0
2025-05-26 15:00:00,2929.62,2931.86,2925.51,2931.13,7862,25,0
2025-05-26 16:00:00,2931.13,2934.09,2928.15,2933.0,9571,25,0
2025-05-26 17:00:00,2933.0,2936.43,2930.26,2931.38,9644,25,0
2025-05-26 18:00:00,2931.38,2934.77,2931.33,2932.69,5709,25,0
2025-05-26 19:00:00,2932.69,2938.05,2932.67,2935.82,4473,25,0
2025-05-26 20:00:00,2935.82,2937.02,2934.62,2935.78,3268,25,0
2025-05-26 21:00:00,2935.78,2936.96,2935.18,2936.13,1630,25,0
2025-05-27 01:00:00,2936.23,2939.35,2934.12,2938.99,4157,25,0
2025-05-27 02:00:00,2938.99,2940.07,2936.67,2938.07,4031,25,0
2025-05-27 03:00:00,2938.07,2938.76,2931.57,2934.21,7359,25,0
2025-05-27 04:00:00,2934.21,2935.62,2923.58,2927.39,11186,25,0
2025-05-27 05:00:00,2927.39,2935.66,2926.85,2934.26,8855,25,0
2025-05-27 06:00:00,2934.26,2937.22,2932.1,2932.46,6864,25,0
2025-05-27 07:00:00,2932.46,2932.66,2924.56,2927.26,7927,25,0
2025-05-27 08:00:00,2927.26,2929.21,2914.41,2920.27,14024,25,0
2025-05-27 09:00:00,2920.32,2922.92,2905.08,2911.16,16441,25,0
2025-05-27 10:00:00,2911.11,2917.79,2902.9,2906.58,16361,25,0
2025-05-27 11:00:00,2906.45,2917.08,2903.08,2906.38,14587,25,0
2025-05-27 12:00:00,2906.38,2914.68,2902.64,2904.69,13790,25,0
2025-05-27 13:00:00,2904.49,2907.36,2900.93,2902.98,12149,25,0
2025-05-27 14:00:00,2902.98,2906.74,2896.03,2896.82,11383,25,0
2025-05-27 15:00:00,2896.82,2902.75,2896.23,2897.56,13763,25,0
2025-05-27 16:00:00,2897.57,2906.78,2896.45,2901.18,17658,25,0
2025-05-27 17:00:00,2901.13,2911.63,2895.04,2909.57,18175,25,0
2025-05-27 18:00:00,2909.59,2912.86,2903.36,2908.02,13404,25,0
2025-05-27 19:00:00,2908.02,2911.02,2907.19,2910.06,8627,25,0
2025-05-27 20:00:00,2910.06,2915.2,2908.78,2912.97,7819,25,0
2025-05-27 21:00:00,2912.96,2914.88,2910.7,2913.44,6186,25,0
2025-05-27 22:00:00,2913.44,2917.71,2913.42,2916.13,5885,25,0
2025-05-27 23:00:00,2916.13,2917.39,2912.24,2913.04,3524,25,0
2025-05-28 01:00:00,2914.15,2916.13,2913.1,2913.65,3772,25,0
2025-05-28 02:00:00,2913.73,2920.7,2908.61,2918.99,5321,25,0
2025-05-28 03:00:00,2918.99,2923.0,2918.61,2919.02,6731,25,0
2025-05-28 04:00:00,2919.02,2920.72,2914.24,2917.17,11741,25,0
2025-05-28 05:00:00,2917.17,2927.21,2916.12,2921.09,11843,25,0
2025-05-28 06:00:00,2921.07,2922.25,2912.53,2916.39,10720,25,0
2025-05-28 07:00:00,2916.39,2917.77,2913.86,2915.46,6608,25,0
2025-05-28 08:00:00,2915.46,2929.5,2915.14,2922.9,9946,25,0
2025-05-28 09:00:00,2922.86,2926.41,2916.96,2926.41,11078,25,0
2025-05-28 10:00:00,2926.41,2932.22,2922.37,2930.28,14021,25,0
2025-05-28 11:00:00,2930.3,2935.44,2927.41,2931.08,12654,25,0
2025-05-28 12:00:00,2931.08,2934.3,2928.32,2932.91,8528,25,0
2025-05-28 13:00:00,2932.91,2933.65,2923.53,2925.38,9548,25,0
2025-05-28 14:00:00,2925.38,2927.47,2921.24,2925.5,10207,25,0
2025-05-28 15:00:00,2925.44,2929.76,2921.43,2928.24,13074,25,0
2025-05-28 16:00:00,2928.24,2931.54,2918.19,2922.65,18804,25,0
2025-05-28 17:00:00,2922.68,2924.25,2916.5,2922.03,17212,24,0
2025-05-28 18:00:00,2922.06,2922.49,2914.34,2920.74,14580,24,0
2025-05-28 19:00:00,2920.76,2920.98,2912.05,2916.01,9911,25,0
2025-05-28 20:00:00,2916.01,2920.05,2914.07,2919.41,8844,25,0
2025-05-28 21:00:00,2919.38,2926.27,2918.98,2923.69,9434,25,0
2025-05-28 22:00:00,2923.64,2924.47,2916.95,2920.31,8926,25,0
2025-05-28 23:00:00,2920.28,2920.55,2901.1,2911.41,5741,25,0
2025-05-29 01:00:00,2911.97,2917.0,2904.0,2910.55,5483,25,0
2025-05-29 02:00:00,2910.58,2911.88,2893.7,2902.58,17728,25,0
2025-05-29 03:00:00,2902.58,2909.45,2896.26,2906.05,17161,26,0
2025-05-29 04:00:00,2906.07,2907.42,2889.57,2900.42,17054,25,0
2025-05-29 05:00:00,2900.42,2909.69,2899.61,2907.73,12460,25,0
2025-05-29 06:00:00,2907.73,2914.85,2906.16,2911.07,10191,25,0
2025-05-29 07:00:00,2911.02,2912.71,2906.2,2906.36,7850,25,0
2025-05-29 08:00:00,2906.36,2910.82,2905.1,2910.4,9744,25,0
2025-05-29 09:00:00,2910.4,2913.29,2901.71,2902.63,12791,25,0
2025-05-29 10:00:00,2902.62,2915.54,2900.38,2914.62,12585,25,0
2025-05-29 11:00:00,2914.51,2916.69,2908.73,2911.33,10205,25,0
2025-05-29 12:00:00,2911.33,2911.72,2905.75,2910.1,8491,25,0
2025-05-29 13:00:00,2910.1,2923.92,2909.8,2920.85,11514,25,0
2025-05-29 14:00:00,2920.85,2931.33,2919.97,2927.56,10874,25,0
2025-05-29 15:00:00,2927.58,2931.56,2920.35,2922.14,18671,25,0
2025-05-29 16:00:00,2922.14,2926.01,2914.75,2918.2,20397,25,0
2025-05-29 17:00:00,2918.15,2923.32,2913.0,2916.45,17013,25,0
2025-05-29 18:00:00,2916.45,2922.09,2915.76,2920.72,11989,25,0
2025-05-29 19:00:00,2920.8,2928.05,2920.26,2921.46,11362,25,0
2025-05-29 20:00:00,2921.46,2923.44,2917.56,2921.74,9517,25,0
2025-05-29 21:00:00,2921.74,2922.11,2915.45,2919.68,8283,25,0
2025-05-29 22:00:00,2919.68,2919.87,2915.84,2917.72,7427,25,0
2025-05-29 23:00:00,2917.71,2919.77,2916.76,2917.61,3447,25,0
2025-05-30 01:00:00,2919.83,2919.83,2913.48,2914.54,4495,26,0
2025-05-30 02:00:00,2914.54,2915.99,2911.8,2914.16,4993,26,0
2025-05-30 03:00:00,2914.16,2916.3,2910.2,2912.65,8835,24,0
2025-05-30 04:00:00,2912.65,2917.28,2910.42,2914.86,12983,24,0
2025-05-30 05:00:00,2914.86,2916.16,2903.0,2904.96,11540,24,0
2025-05-30 06:00:00,2905.1,2907.98,2900.33,2902.63,8415,24,0
2025-05-30 07:00:00,2902.63,2905.26,2899.7,2905.07,6379,24,0
2025-05-30 08:00:00,2905.07,2910.98,2900.0,2910.46,8886,24,0
2025-05-30 09:00:00,2910.46,2911.24,2901.08,2909.89,11785,24,0
2025-05-30 10:00:00,2909.89,2910.09,2901.19,2906.18,12851,24,0
2025-05-30 11:00:00,2906.14,2910.58,2904.35,2910.32,11004,25,0
2025-05-30 12:00:00,2910.33,2912.75,2907.42,2909.75,9280,25,0
2025-05-30 13:00:00,2909.77,2913.14,2906.66,2908.97,8339,25,0
2025-05-30 14:00:00,2908.97,2909.58,2902.99,2905.17,9741,25,0
2025-05-30 15:00:00,2905.17,2913.8,2893.46,2911.91,19368,25,0
2025-05-30 16:00:00,2911.91,2915.84,2893.77,2894.78,19111,25,0
2025-05-30 17:00:00,2894.78,2900.18,2888.96,2891.62,20916,24,0
2025-05-30 18:00:00,2891.61,2900.38,2885.41,2898.31,16230,25,0
2025-05-30 19:00:00,2898.29,2904.39,2894.14,2901.48,12685,25,0
2025-05-30 20:00:00,2901.48,2901.79,2895.28,2897.61,8825,25,0
2025-05-30 21:00:00,2897.61,2901.16,2897.46,2899.74,7142,25,0
2025-05-30 22:00:00,2899.75,2901.99,2898.54,2901.2,6151,25,0
2025-05-30 23:00:00,2901.23,2902.41,2897.47,2897.53,3574,25,0
2025-06-02 01:00:00,2910.51,2919.19,2906.69,2917.63,7836,26,0
2025-06-02 02:00:00,2917.63,2920.09,2913.87,2915.59,5675,25,0
2025-06-02 03:00:00,2915.59,2916.35,2906.16,2912.59,10096,25,0
2025-06-02 04:00:00,2912.59,2914.19,2903.07,2905.48,10905,25,0
2025-06-02 05:00:00,2905.48,2912.28,2905.29,2910.11,7891,25,0
2025-06-02 06:00:00,2910.14,2912.36,2908.93,2911.82,6720,25,0
2025-06-02 07:00:00,2911.82,2919.06,2911.55,2915.6,7006,25,0
2025-06-02 08:00:00,2915.6,2922.3,2915.47,2920.69,8200,25,0
2025-06-02 09:00:00,2920.69,2933.28,2920.69,2933.28,13429,25,0
2025-06-02 10:00:00,2933.25,2942.14,2931.83,2934.65,16218,25,0
2025-06-02 11:00:00,2934.65,2938.17,2933.2,2935.08,10802,25,0
2025-06-02 12:00:00,2935.08,2935.2,2925.22,2931.05,11433,25,0
2025-06-02 13:00:00,2931.05,2935.94,2929.17,2933.37,10650,25,0
2025-06-02 14:00:00,2933.39,2943.31,2931.1,2940.39,11349,25,0
2025-06-02 15:00:00,2940.35,2945.5,2937.82,2938.52,13657,25,0
2025-06-02 16:00:00,2938.52,2955.93,2936.55,2951.72,18021,25,0
2025-06-02 17:00:00,2951.74,2954.18,2944.26,2952.43,19944,25,0
2025-06-02 18:00:00,2952.3,2954.97,2946.94,2951.91,13826,25,0
2025-06-02 19:00:00,2951.88,2957.48,2949.09,2952.86,11442,25,0
2025-06-02 20:00:00,2952.82,2955.23,2951.98,2954.06,9381,25,0
2025-06-02 21:00:00,2954.06,2954.61,2949.5,2953.42,8709,25,0
2025-06-02 22:00:00,2953.42,2955.97,2953.1,2954.44,7464,25,0
2025-06-02 23:00:00,2954.44,2956.58,2952.23,2954.64,4286,25,0
2025-06-03 01:00:00,2958.71,2963.1,2957.48,2961.78,4919,25,0
2025-06-03 02:00:00,2961.78,2962.31,2954.42,2957.53,4818,25,0
2025-06-03 03:00:00,2957.53,2958.25,2948.56,2949.96,9957,25,0
2025-06-03 04:00:00,2949.96,2953.3,2941.73,2951.11,15990,25,0
2025-06-03 05:00:00,2951.11,2955.59,2945.64,2948.41,11697,25,0
2025-06-03 06:00:00,2948.41,2949.4,2942.68,2943.1,9192,25,0
2025-06-03 07:00:00,2943.1,2946.69,2941.21,2943.01,7211,25,0
2025-06-03 08:00:00,2943.01,2948.61,2939.72,2946.07,9567,26,0
2025-06-03 09:00:00,2946.07,2947.61,2932.78,2938.83,13046,25,0
2025-06-03 10:00:00,2938.81,2942.9,2933.97,2942.89,13174,25,0
2025-06-03 11:00:00,2942.87,2949.13,2942.87,2945.36,10560,25,0
2025-06-03 12:00:00,2945.38,2948.16,2939.18,2941.45,9655,25,0
2025-06-03 13:00:00,2941.45,2946.08,2941.11,2943.85,8543,25,0
2025-06-03 14:00:00,2943.85,2949.72,2943.53,2949.04,8606,25,0
2025-06-03 15:00:00,2949.04,2954.52,2941.63,2951.37,13717,25,0
2025-06-03 16:00:00,2951.38,2953.85,2935.22,2937.17,17169,25,0
2025-06-03 17:00:00,2936.01,2941.29,2928.59,2937.51,17758,25,0
2025-06-03 18:00:00,2937.49,2946.13,2936.19,2945.95,12191,25,0
2025-06-03 19:00:00,2945.96,2946.07,2941.08,2944.01,9145,25,0
2025-06-03 20:00:00,2944.01,2947.81,2942.82,2946.95,7099,25,0
2025-06-03 21:00:00,2946.94,2948.12,2945.58,2948.12,5073,25,0
2025-06-03 22:00:00,2948.11,2950.51,2947.53,2948.77,5058,25,0
2025-06-03 23:00:00,2948.77,2950.44,2947.77,2948.59,2536,25,0
2025-06-04 01:00:00,2950.04,2953.0,2949.97,2951.46,2645,25,0
2025-06-04 02:00:00,2951.46,2954.66,2948.66,2951.31,4036,25,0
2025-06-04 03:00:00,2951.31,2951.42,2942.77,2943.15,10288,25,0
2025-06-04 04:00:00,2943.13,2961.46,2941.25,2960.44,13965,25,0
2025-06-04 05:00:00,2960.54,2961.8,2956.33,2958.34,8920,25,0
2025-06-04 06:00:00,2958.33,2959.33,2953.72,2954.85,7403,25,0
2025-06-04 07:00:00,2954.85,2954.96,2948.77,2951.27,7818,25,0
2025-06-04 08:00:00,2951.27,2952.55,2946.49,2949.11,9896,25,0
2025-06-04 09:00:00,2949.11,2952.63,2948.05,2949.14,11974,25,0
2025-06-04 10:00:00,2949.13,2954.11,2944.67,2945.96,11330,25,0
2025-06-04 11:00:00,2945.96,2950.46,2943.84,2949.88,10565,25,0
2025-06-04 12:00:00,2949.88,2955.14,2949.57,2954.28,9358,25,0
2025-06-04 13:00:00,2954.28,2954.97,2941.13,2943.86,10321,25,0
2025-06-04 14:00:00,2943.86,2944.48,2936.97,2940.79,10389,25,0
2025-06-04 15:00:00,2940.83,2945.56,2933.6,2943.65,17804,25,0
2025-06-04 16:00:00,2943.6,2948.19,2939.77,2939.85,16163,25,0
2025-06-04 17:00:00,2939.9,2960.67,2935.07,2954.12,19801,25,0
2025-06-04 18:00:00,2954.17,2956.41,2950.79,2951.48,13407,25,0
2025-06-04 19:00:00,2951.48,2954.22,2950.3,2951.93,8556,25,0
2025-06-04 20:00:00,2951.93,2957.97,2950.93,2957.63,7123,25,0
2025-06-04 21:00:00,2957.63,2959.79,2954.7,2956.17,6196,25,0
2025-06-04 22:00:00,2956.12,2956.16,2953.54,2956.02,5801,25,0
2025-06-04 23:00:00,2956.02,2956.24,2951.97,2952.66,3701,25,0
2025-06-05 01:00:00,2954.61,2956.03,2953.12,2954.05,2877,25,0
2025-06-05 02:00:00,2954.05,2958.11,2952.67,2957.73,4101,25,0
2025-06-05 03:00:00,2957.73,2960.12,2951.84,2957.46,9416,25,0
2025-06-05 04:00:00,2957.45,2959.57,2952.27,2955.03,11809,25,0
2025-06-05 05:00:00,2955.05,2956.48,2950.95,2952.2,8164,25,0
2025-06-05 06:00:00,2952.2,2957.46,2951.73,2953.11,7604,25,0
2025-06-05 07:00:00,2953.11,2954.82,2948.05,2951.91,7686,25,0
2025-06-05 08:00:00,2951.91,2952.81,2946.17,2949.43,8570,25,0
2025-06-05 09:00:00,2949.44,2952.4,2948.64,2950.21,10361,25,0
2025-06-05 10:00:00,2950.2,2954.31,2949.7,2954.03,9936,25,0
2025-06-05 11:00:00,2954.03,2958.34,2951.38,2957.23,8895,25,0
2025-06-05 12:00:00,2957.23,2969.9,2955.63,2968.33,14882,25,0
2025-06-05 13:00:00,2968.26,2976.46,2966.38,2976.01,12774,25,0
2025-06-05 14:00:00,2976.01,2978.58,2968.49,2968.84,13083,25,0
2025-06-05 15:00:00,2968.84,2973.54,2954.92,2959.79,19293,25,0
2025-06-05 16:00:00,2959.77,2960.48,2940.0,2942.42,25376,25,0
2025-06-05 17:00:00,2942.42,2948.25,2935.86,2939.02,22728,25,0
2025-06-05 18:00:00,2939.03,2944.41,2918.54,2923.84,21289,25,0
2025-06-05 19:00:00,2923.79,2931.97,2920.71,2929.72,15188,26,0
2025-06-05 20:00:00,2929.72,2932.43,2926.42,2930.88,9802,25,0
2025-06-05 21:00:00,2930.88,2933.61,2929.35,2930.75,8599,25,0
2025-06-05 22:00:00,2930.75,2936.89,2930.66,2934.77,11466,25,0
2025-06-05 23:00:00,2934.59,2935.51,2928.79,2929.1,4475,25,0
2025-06-06 01:00:00,2930.88,2937.82,2930.06,2933.12,5799,25,0
2025-06-06 02:00:00,2933.12,2935.92,2931.71,2935.11,4309,26,0
2025-06-06 03:00:00,2935.11,2937.45,2931.79,2933.86,7687,25,0
2025-06-06 04:00:00,2933.86,2941.4,2931.64,2939.74,11600,25,0
2025-06-06 05:00:00,2939.74,2942.93,2938.74,2940.98,8645,25,0
2025-06-06 06:00:00,2940.98,2946.94,2937.27,2945.43,7863,25,0
2025-06-06 07:00:00,2945.45,2949.5,2945.0,2948.88,6346,25,0
2025-06-06 08:00:00,2948.88,2950.71,2940.26,2943.35,9915,25,0
2025-06-06 09:00:00,2943.33,2945.68,2934.54,2938.8,14178,25,0
2025-06-06 10:00:00,2938.8,2942.29,2933.55,2939.79,12421,25,0
2025-06-06 11:00:00,2939.79,2950.13,2939.55,2948.2,10452,25,0
2025-06-06 12:00:00,2948.17,2948.6,2935.83,2939.43,10247,25,0
2025-06-06 13:00:00,2939.43,2942.56,2938.53,2941.85,8324,25,0
2025-06-06 14:00:00,2941.91,2945.53,2940.67,2941.21,9357,25,0
2025-06-06 15:00:00,2941.21,2945.47,2932.79,2942.14,19949,25,0
2025-06-06 16:00:00,2942.11,2948.92,2934.06,2935.11,23984,25,0
2025-06-06 17:00:00,2935.08,2935.08,2906.51,2920.25,23647,25,0
2025-06-06 18:00:00,2920.28,2926.9,2918.06,2923.72,16155,25,0
2025-06-06 19:00:00,2923.77,2923.98,2915.21,2917.81,12581,25,0
2025-06-06 20:00:00,2917.86,2920.38,2915.48,2917.08,9189,25,0
2025-06-06 21:00:00,2917.08,2917.42,2907.95,2910.6,9006,25,0
2025-06-06 22:00:00,2910.7,2911.56,2905.48,2906.46,7472,25,0
2025-06-06 23:00:00,2906.46,2907.45,2901.7,2906.57,4147,25,0
2025-06-09 01:00:00,2911.76,2913.48,2901.87,2905.94,5549,25,0
2025-06-09 02:00:00,2905.94,2909.12,2904.49,2908.81,4869,25,0
2025-06-09 03:00:00,2908.81,2909.15,2893.48,2900.99,11411,25,0
2025-06-09 04:00:00,2900.99,2902.94,2886.06,2887.13,12510,25,0
2025-06-09 05:00:00,2887.2,2896.14,2885.12,2895.18,9913,25,0
2025-06-09 06:00:00,2895.2,2901.6,2894.56,2901.1,8287,25,0
2025-06-09 07:00:00,2901.1,2902.29,2899.26,2900.22,5524,25,0
2025-06-09 08:00:00,2900.22,2904.29,2898.06,2901.88,7227,25,0
2025-06-09 09:00:00,2901.88,2909.43,2900.53,2909.02,10840,25,0
2025-06-09 10:00:00,2909.02,2912.78,2906.85,2910.07,10915,25,0
2025-06-09 11:00:00,2910.06,2910.82,2904.72,2904.72,9941,25,0
2025-06-09 12:00:00,2904.73,2906.49,2900.16,2904.38,8751,25,0
2025-06-09 13:00:00,2904.38,2905.2,2900.62,2902.51,7832,25,0
2025-06-09 14:00:00,2902.51,2910.56,2902.13,2905.47,9786,25,0
2025-06-09 15:00:00,2905.47,2912.65,2903.59,2912.13,12040,25,0
2025-06-09 16:00:00,2912.13,2913.15,2904.84,2911.11,16913,25,0
2025-06-09 17:00:00,2911.11,2916.3,2909.09,2910.89,15787,25,0
2025-06-09 18:00:00,2910.89,2917.13,2910.06,2913.59,10527,25,0
2025-06-09 19:00:00,2913.59,2921.89,2912.83,2921.44,9760,25,0
2025-06-09 20:00:00,2921.44,2922.03,2917.23,2918.49,7719,25,0
2025-06-09 21:00:00,2918.49,2920.39,2915.7,2916.6,6989,25,0
2025-06-09 22:00:00,2916.6,2918.96,2911.08,2912.68,7339,25,0
2025-06-09 23:00:00,2912.68,2913.87,2911.23,2911.36,3601,25,0
2025-06-10 01:00:00,2911.79,2912.62,2908.17,2909.44,3943,25,0
2025-06-10 02:00:00,2909.44,2912.0,2909.44,2911.37,3184,25,0
2025-06-10 03:00:00,2911.38,2911.47,2901.43,2903.03,9850,25,0
2025-06-10 04:00:00,2903.03,2905.37,2896.72,2900.94,14413,25,0
2025-06-10 05:00:00,2900.94,2904.06,2897.38,2903.12,10871,25,0
2025-06-10 06:00:00,2903.12,2904.46,2898.86,2900.43,7450,25,0
2025-06-10 07:00:00,2900.43,2902.13,2898.97,2901.08,6149,25,0
2025-06-10 08:00:00,2901.08,2909.71,2900.66,2908.69,11957,25,0
2025-06-10 09:00:00,2908.83,2921.97,2907.72,2918.33,14539,25,0
2025-06-10 10:00:00,2918.33,2926.94,2917.78,2923.09,13298,25,0
2025-06-10 11:00:00,2923.09,2924.94,2916.44,2918.28,10671,25,0
2025-06-10 12:00:00,2918.28,2919.95,2913.98,2916.46,7870,25,0
2025-06-10 13:00:00,2916.46,2920.41,2915.45,2919.63,8358,25,0
2025-06-10 14:00:00,2919.63,2925.0,2915.1,2916.82,11086,25,0
2025-06-10 15:00:00,2916.82,2922.43,2912.4,2918.99,12585,25,0
2025-06-10 16:00:00,2918.99,2926.25,2915.08,2921.91,16372,25,0
2025-06-10 17:00:00,2921.94,2922.1,2911.02,2913.12,16669,25,0
2025-06-10 18:00:00,2913.07,2915.93,2909.59,2912.23,12873,25,0
2025-06-10 19:00:00,2912.23,2913.1,2906.31,2907.36,9562,25,0
2025-06-10 20:00:00,2907.36,2910.84,2906.97,2910.54,7749,25,0
2025-06-10 21:00:00,2910.54,2911.39,2906.44,2908.45,7586,25,0
2025-06-10 22:00:00,2908.45,2917.54,2908.41,2913.15,8138,25,0
2025-06-10 23:00:00,2913.15,2913.33,2907.21,2907.21,5085,25,0
2025-06-11 01:00:00,2906.8,2911.49,2904.62,2908.74,4325,25,0
2025-06-11 02:00:00,2908.74,2910.39,2901.92,2909.62,7271,25,0
2025-06-11 03:00:00,2909.62,2918.27,2908.51,2917.7,9947,25,0
2025-06-11 04:00:00,2917.7,2921.5,2916.25,2917.36,10065,25,0
2025-06-11 05:00:00,2917.35,2925.22,2916.35,2924.24,8448,25,0
2025-06-11 06:00:00,2924.24,2927.36,2923.04,2925.09,6022,25,0
2025-06-11 07:00:00,2925.09,2928.21,2923.66,2927.32,5814,25,0
2025-06-11 08:00:00,2927.31,2928.3,2920.61,2923.68,8066,25,0
2025-06-11 09:00:00,2923.68,2925.24,2920.08,2924.6,10612,25,0
2025-06-11 10:00:00,2924.76,2931.19,2923.09,2929.75,10857,25,0
2025-06-11 11:00:00,2929.75,2929.75,2924.37,2925.8,8766,25,0
2025-06-11 12:00:00,2925.8,2925.82,2912.49,2915.05,12358,25,0
2025-06-11 13:00:00,2915.06,2917.42,2909.8,2911.08,8545,25,0
2025-06-11 14:00:00,2911.08,2918.48,2907.89,2915.32,9992,25,0
2025-06-11 15:00:00,2915.32,2928.51,2907.64,2911.31,20986,25,0
2025-06-11 16:00:00,2911.32,2916.38,2902.16,2903.03,21596,25,0
2025-06-11 17:00:00,2903.01,2910.65,2901.26,2906.78,16183,25,0
2025-06-11 18:00:00,2906.78,2910.61,2898.93,2900.86,13087,25,0
2025-06-11 19:00:00,2900.86,2902.11,2894.97,2898.39,9574,25,0
2025-06-11 20:00:00,2898.39,2899.02,2888.54,2891.26,10843,25,0
2025-06-11 21:00:00,2891.26,2913.84,2890.63,2911.02,14939,25,0
2025-06-11 22:00:00,2911.02,2916.18,2909.78,2914.56,9051,25,0
2025-06-11 23:00:00,2914.47,2920.94,2914.03,2919.67,5214,25,0
2025-06-12 01:00:00,2922.68,2929.42,2920.66,2927.97,5951,25,0
2025-06-12 02:00:00,2927.97,2930.54,2917.66,2923.8,8443,25,0
2025-06-12 03:00:00,2923.8,2927.14,2920.69,2921.28,12508,25,0
2025-06-12 04:00:00,2921.3,2929.4,2918.9,2926.53,13935,25,0
2025-06-12 05:00:00,2926.53,2933.44,2925.17,2931.49,10832,25,0
2025-06-12 06:00:00,2931.49,2932.57,2926.71,2928.26,8435,25,0
2025-06-12 07:00:00,2928.26,2929.1,2926.37,2926.93,5659,25,0
2025-06-12 08:00:00,2926.93,2929.69,2924.8,2927.1,7744,26,0
2025-06-12 09:00:00,2927.18,2931.26,2922.84,2929.04,12202,25,0
2025-06-12 10:00:00,2929.05,2930.89,2900.08,2902.95,16210,25,0
2025-06-12 11:00:00,2902.94,2914.07,2902.94,2907.71,15963,25,0
2025-06-12 12:00:00,2907.69,2912.21,2905.06,2908.15,12449,25,0
2025-06-12 13:00:00,2908.15,2922.14,2904.88,2917.81,15912,25,0
2025-06-12 14:00:00,2917.81,2921.53,2910.15,2915.7,14690,25,0
2025-06-12 15:00:00,2915.7,2919.24,2909.67,2918.21,17369,25,0
2025-06-12 16:00:00,2918.21,2929.33,2914.36,2927.89,21556,25,0
2025-06-12 17:00:00,2927.89,2928.94,2920.61,2921.53,20112,25,0
2025-06-12 18:00:00,2921.53,2928.53,2918.39,2924.51,17009,25,0
2025-06-12 19:00:00,2924.51,2929.39,2921.59,2923.01,12030,25,0
2025-06-12 20:00:00,2923.01,2924.75,2919.87,2922.22,9620,25,0
2025-06-12 21:00:00,2922.22,2924.73,2921.37,2924.47,7554,25,0
2025-06-12 22:00:00,2924.47,2927.43,2923.65,2926.78,6728,25,0
2025-06-12 23:00:00,2926.75,2927.16,2921.71,2922.93,3643,25,0
2025-06-13 01:00:00,2921.51,2921.6,2916.36,2919.24,3545,25,0
2025-06-13 02:00:00,2919.24,2925.84,2917.66,2925.04,5167,25,0
2025-06-13 03:00:00,2925.08,2959.73,2922.49,2955.63,24170,26,0
2025-06-13 04:00:00,2955.63,2972.5,2954.11,2968.08,19435,25,0
2025-06-13 05:00:00,2968.11,2984.84,2965.32,2980.55,16010,25,0
2025-06-13 06:00:00,2980.55,2985.01,2968.72,2968.95,14859,26,0
2025-06-13 07:00:00,2968.95,2978.49,2966.88,2971.9,9036,26,0
2025-06-13 08:00:00,2971.9,2972.5,2967.4,2971.6,11344,26,0
2025-06-13 09:00:00,2971.6,2972.25,2955.12,2959.64,16359,25,0
2025-06-13 10:00:00,2959.68,2961.93,2949.89,2960.24,15234,25,0
2025-06-13 11:00:00,2960.24,2971.48,2959.69,2970.19,11702,25,0
2025-06-13 12:00:00,2970.19,2972.5,2966.52,2971.49,12637,25,0
2025-06-13 13:00:00,2971.49,2973.81,2964.39,2968.96,14666,25,0
2025-06-13 14:00:00,2968.96,2975.73,2966.44,2973.12,12374,25,0
2025-06-13 15:00:00,2973.12,2985.62,2971.63,2984.2,14183,25,0
2025-06-13 16:00:00,2984.02,2995.22,2980.62,2982.53,20554,25,0
2025-06-13 17:00:00,2982.5,2983.29,2965.63,2969.16,19159,25,0
2025-06-13 18:00:00,2969.15,2971.57,2957.54,2964.63,15054,25,0
2025-06-13 19:00:00,2964.66,2968.61,2958.83,2968.5,10795,25,0
2025-06-13 20:00:00,2968.49,2973.7,2966.53,2970.12,9398,25,0
2025-06-13 21:00:00,2970.12,2978.75,2969.05,2977.3,11293,25,0
2025-06-13 22:00:00,2977.4,2979.11,2971.45,2971.63,9505,25,0
2025-06-13 23:00:00,2971.63,2975.67,2970.5,2971.88,6084,25,0
2025-06-16 01:00:00,2984.66,2993.48,2978.57,2987.79,13579,28,0
2025-06-16 02:00:00,2987.79,2990.65,2981.13,2984.95,8790,25,0
2025-06-16 03:00:00,2984.95,2990.08,2977.58,2979.02,12288,25,0
2025-06-16 04:00:00,2979.14,2984.76,2976.26,2983.87,13040,25,0
2025-06-16 05:00:00,2983.87,2988.03,2981.38,2982.0,10209,25,0
2025-06-16 06:00:00,2982.0,2983.04,2974.97,2976.79,8773,25,0
2025-06-16 07:00:00,2976.79,2977.69,2970.53,2970.97,6809,25,0
2025-06-16 08:00:00,2970.97,2971.69,2957.16,2960.5,12614,25,0
2025-06-16 09:00:00,2960.5,2960.66,2951.25,2953.46,14658,25,0
2025-06-16 10:00:00,2953.39,2955.36,2944.6,2947.1,13266,25,0
2025-06-16 11:00:00,2947.1,2951.57,2945.35,2948.45,10986,25,0
2025-06-16 12:00:00,2948.45,2953.48,2945.23,2945.3,9701,25,0
2025-06-16 13:00:00,2945.3,2955.59,2945.3,2955.31,9691,25,0
2025-06-16 14:00:00,2955.31,2956.19,2947.83,2950.71,9679,25,0
2025-06-16 15:00:00,2950.71,2952.4,2945.98,2948.33,11965,25,0
2025-06-16 16:00:00,2948.33,2949.21,2914.74,2919.95,19355,25,0
2025-06-16 17:00:00,2920.5,2930.91,2919.39,2930.5,18888,24,0
2025-06-16 18:00:00,2930.5,2940.74,2930.5,2939.93,12956,25,0
2025-06-16 19:00:00,2939.93,2940.05,2932.53,2934.51,8890,25,0
2025-06-16 20:00:00,2934.54,2936.45,2929.18,2930.16,7981,25,0
2025-06-16 21:00:00,2930.19,2931.39,2922.1,2923.24,7839,25,0
2025-06-16 22:00:00,2923.24,2931.55,2922.23,2928.43,8306,25,0
2025-06-16 23:00:00,2928.44,2928.85,2925.95,2927.62,3514,25,0
2025-06-17 01:00:00,2929.35,2940.98,2928.81,2938.45,6275,25,0
2025-06-17 02:00:00,2938.44,2945.15,2935.6,2944.91,7707,25,0
2025-06-17 03:00:00,2944.99,2947.31,2936.21,2938.79,10318,25,0
2025-06-17 04:00:00,2938.79,2945.11,2935.82,2937.97,9669,25,0
2025-06-17 05:00:00,2937.92,2944.31,2931.38,2932.78,9641,25,0
2025-06-17 06:00:00,2932.78,2935.07,2918.62,2929.88,11452,25,0
2025-06-17 07:00:00,2929.88,2936.89,2929.19,2935.79,6475,25,0
2025-06-17 08:00:00,2935.79,2938.17,2932.78,2935.46,7317,25,0
2025-06-17 09:00:00,2935.48,2935.54,2922.27,2928.12,11638,25,0
2025-06-17 10:00:00,2928.15,2935.22,2926.51,2930.99,11340,25,0
2025-06-17 11:00:00,2930.97,2931.85,2923.59,2925.06,10353,25,0
2025-06-17 12:00:00,2924.89,2930.09,2921.56,2929.46,11949,25,0
2025-06-17 13:00:00,2929.46,2938.82,2929.19,2937.4,11747,25,0
2025-06-17 14:00:00,2937.4,2938.32,2930.49,2930.75,11565,25,0
2025-06-17 15:00:00,2930.75,2933.79,2924.28,2932.1,15578,24,0
2025-06-17 16:00:00,2932.1,2938.39,2929.71,2933.26,17814,25,0
2025-06-17 17:00:00,2933.3,2938.19,2923.52,2936.64,20423,25,0
2025-06-17 18:00:00,2936.6,2938.61,2923.58,2929.74,14383,25,0
2025-06-17 19:00:00,2929.74,2942.86,2926.51,2940.89,11917,25,0
2025-06-17 20:00:00,2940.86,2953.39,2939.39,2951.5,12787,25,0
2025-06-17 21:00:00,2951.5,2954.31,2946.57,2946.63,10697,25,0
2025-06-17 22:00:00,2946.66,2949.44,2945.38,2947.94,7482,25,0
2025-06-17 23:00:00,2947.93,2952.24,2947.58,2951.11,4400,25,0
2025-06-18 01:00:00,2955.01,2957.75,2952.68,2953.1,4636,25,0
2025-06-18 02:00:00,2953.1,2954.17,2948.93,2950.05,4298,25,0
2025-06-18 03:00:00,2950.08,2950.08,2944.54,2946.07,9156,25,0
2025-06-18 04:00:00,2946.06,2947.27,2938.7,2938.95,9551,25,0
2025-06-18 05:00:00,2938.95,2939.28,2931.76,2939.01,8905,25,0
2025-06-18 06:00:00,2939.02,2948.92,2938.88,2948.58,8824,25,0
2025-06-18 07:00:00,2948.58,2955.09,2947.77,2950.78,7348,25,0
2025-06-18 08:00:00,2950.78,2951.23,2941.35,2943.45,9845,25,0
2025-06-18 09:00:00,2943.51,2943.64,2936.47,2938.49,11794,25,0
2025-06-18 10:00:00,2938.5,2940.81,2931.6,2940.81,10546,25,0
2025-06-18 11:00:00,2940.81,2945.33,2940.1,2941.55,8617,25,0
2025-06-18 12:00:00,2941.55,2943.06,2934.96,2936.49,8547,25,0
2025-06-18 13:00:00,2936.49,2941.81,2933.93,2940.88,9449,25,0
2025-06-18 14:00:00,2940.92,2946.13,2936.31,2938.84,10658,25,0
2025-06-18 15:00:00,2938.84,2945.57,2938.33,2943.2,11984,25,0
2025-06-18 16:00:00,2943.2,2954.68,2942.67,2952.62,14518,25,0
2025-06-18 17:00:00,2952.61,2953.24,2931.19,2943.12,20372,25,0
2025-06-18 18:00:00,2943.12,2945.02,2937.01,2944.89,11563,25,0
2025-06-18 19:00:00,2944.89,2949.05,2941.86,2947.75,9142,25,0
2025-06-18 20:00:00,2947.75,2947.86,2942.97,2944.16,8314,25,0
2025-06-18 21:00:00,2944.19,2948.38,2941.93,2944.77,20277,26,0
2025-06-18 22:00:00,2944.65,2947.39,2932.71,2934.11,17133,25,0
2025-06-18 23:00:00,2934.11,2935.09,2930.03,2933.47,6647,25,0
2025-06-19 01:00:00,2938.02,2942.02,2935.1,2939.82,5382,25,0
2025-06-19 02:00:00,2939.82,2941.67,2937.1,2940.88,5555,25,0
2025-06-19 03:00:00,2940.88,2947.48,2940.78,2943.42,8234,25,0
2025-06-19 04:00:00,2943.42,2953.4,2942.07,2946.57,11630,25,0
2025-06-19 05:00:00,2946.57,2950.51,2945.73,2947.68,7588,25,0
2025-06-19 06:00:00,2947.68,2947.93,2940.15,2942.21,6846,25,0
2025-06-19 07:00:00,2942.21,2943.09,2940.85,2942.12,4871,25,0
2025-06-19 08:00:00,2942.12,2943.7,2934.19,2936.68,9096,25,0
2025-06-19 09:00:00,2936.71,2936.85,2921.97,2927.83,17547,25,0
2025-06-19 10:00:00,2927.77,2937.96,2919.96,2936.53,14846,25,0
2025-06-19 11:00:00,2936.53,2939.98,2932.06,2935.17,12730,25,0
2025-06-19 12:00:00,2935.17,2940.15,2930.78,2936.81,10460,25,0
2025-06-19 13:00:00,2936.86,2944.48,2935.66,2941.33,9424,25,0
2025-06-19 14:00:00,2941.33,2942.05,2935.87,2936.93,8790,25,0
2025-06-19 15:00:00,2936.93,2937.82,2932.26,2934.33,10756,25,0
2025-06-19 16:00:00,2934.3,2938.46,2928.2,2936.85,13035,25,0
2025-06-19 17:00:00,2936.85,2937.39,2930.46,2933.08,12254,25,0
2025-06-19 18:00:00,2933.11,2941.17,2929.45,2939.85,10630,25,0
2025-06-19 19:00:00,2939.9,2943.03,2937.35,2942.27,6959,25,0
2025-06-19 20:00:00,2942.27,2944.53,2933.1,2934.24,7106,25,0
2025-06-19 21:00:00,2934.24,2936.38,2931.85,2934.65,3034,25,0
2025-06-20 01:00:00,2929.73,2931.71,2924.24,2927.2,5079,25,0
2025-06-20 02:00:00,2927.2,2928.5,2924.52,2926.24,5262,25,0
2025-06-20 03:00:00,2926.24,2926.65,2920.44,2922.79,7746,25,0
2025-06-20 04:00:00,2922.79,2923.28,2914.3,2915.24,10578,25,0
2025-06-20 05:00:00,2915.24,2917.91,2909.79,2910.49,10050,25,0
2025-06-20 06:00:00,2910.49,2911.82,2902.38,2910.26,10657,25,0
2025-06-20 07:00:00,2910.26,2912.95,2908.38,2909.83,6198,25,0
2025-06-20 08:00:00,2909.83,2910.37,2899.29,2901.42,9075,25,0
2025-06-20 09:00:00,2901.42,2906.24,2900.42,2904.6,12599,25,0
2025-06-20 10:00:00,2904.6,2913.43,2903.4,2906.76,10851,25,0
2025-06-20 11:00:00,2906.76,2910.72,2906.45,2908.2,9224,25,0
2025-06-20 12:00:00,2908.2,2914.27,2906.89,2910.75,9656,25,0
2025-06-20 13:00:00,2910.75,2913.37,2909.6,2911.52,6718,25,0
2025-06-20 14:00:00,2911.52,2913.59,2904.3,2905.05,9798,25,0
2025-06-20 15:00:00,2905.05,2909.34,2902.22,2904.89,13249,24,0
2025-06-20 16:00:00,2904.87,2928.98,2903.41,2925.96,17097,24,0
2025-06-20 17:00:00,2925.95,2930.4,2922.34,2926.3,16338,24,0
2025-06-20 18:00:00,2926.3,2928.45,2920.86,2925.18,11241,25,0
2025-06-20 19:00:00,2925.18,2925.6,2920.83,2922.48,8639,27,0
2025-06-20 20:00:00,2922.48,2922.82,2918.31,2919.8,7633,25,0
2025-06-20 21:00:00,2919.8,2920.73,2916.7,2920.03,6117,25,0
2025-06-20 22:00:00,2920.03,2923.3,2919.9,2922.35,6045,25,0
2025-06-20 23:00:00,2922.35,2925.29,2920.32,2922.99,4507,25,0
2025-06-23 01:00:00,2943.23,2948.46,2935.09,2941.15,11850,25,0
2025-06-23 02:00:00,2941.12,2942.12,2931.58,2932.86,7502,25,0
2025-06-23 03:00:00,2932.86,2933.38,2923.71,2929.32,11794,25,0
2025-06-23 04:00:00,2929.27,2932.64,2918.87,2919.42,12938,25,0
2025-06-23 05:00:00,2919.42,2925.04,2918.84,2922.95,9765,25,0
2025-06-23 06:00:00,2923.04,2927.77,2922.39,2926.13,8457,25,0
2025-06-23 07:00:00,2926.13,2927.3,2922.03,2922.74,6308,25,0
2025-06-23 08:00:00,2922.74,2923.67,2909.44,2915.53,10279,25,0
2025-06-23 09:00:00,2915.53,2918.98,2913.04,2917.75,11574,25,0
2025-06-23 10:00:00,2917.77,2920.69,2913.32,2919.93,11266,25,0
2025-06-23 11:00:00,2919.96,2927.96,2919.96,2927.89,10438,25,0
2025-06-23 12:00:00,2927.89,2940.08,2927.74,2934.53,12255,25,0
2025-06-23 13:00:00,2934.53,2938.37,2931.5,2938.02,8795,25,0
2025-06-23 14:00:00,2938.02,2948.75,2938.02,2946.67,12930,25,0
2025-06-23 15:00:00,2946.67,2946.76,2927.99,2930.26,13740,25,0
2025-06-23 16:00:00,2930.26,2948.53,2929.69,2942.35,17955,25,0
2025-06-23 17:00:00,2942.34,2943.13,2926.31,2936.7,19591,25,0
2025-06-23 18:00:00,2936.7,2937.98,2932.56,2935.78,14089,25,0
2025-06-23 19:00:00,2935.78,2944.74,2928.21,2936.16,15459,25,0
2025-06-23 20:00:00,2936.14,2937.96,2920.14,2923.59,15098,25,0
2025-06-23 21:00:00,2923.59,2927.96,2918.61,2918.95,10880,25,0
2025-06-23 22:00:00,2918.94,2922.27,2915.62,2915.99,8238,25,0
2025-06-23 23:00:00,2915.99,2917.49,2907.85,2909.26,5325,25,0
2025-06-24 01:00:00,2907.97,2907.98,2888.49,2894.35,8896,25,0
2025-06-24 02:00:00,2894.35,2896.38,2880.84,2883.31,10090,25,0
2025-06-24 03:00:00,2883.4,2892.1,2874.54,2888.99,13461,25,0
2025-06-24 04:00:00,2888.99,2892.28,2882.57,2888.18,13496,25,0
2025-06-24 05:00:00,2888.18,2892.89,2886.06,2889.42,9183,25,0
2025-06-24 06:00:00,2889.42,2893.29,2887.48,2888.61,7895,25,0
2025-06-24 07:00:00,2888.61,2889.51,2883.18,2885.05,5794,25,0
2025-06-24 08:00:00,2885.05,2885.67,2865.7,2869.7,11364,25,0
2025-06-24 09:00:00,2869.7,2870.39,2855.49,2863.09,17493,25,0
2025-06-24 10:00:00,2863.09,2874.52,2857.17,2872.26,15744,24,0
2025-06-24 11:00:00,2872.34,2874.99,2867.45,2870.06,12585,25,0
2025-06-24 12:00:00,2870.06,2871.34,2857.03,2858.28,11400,25,0
2025-06-24 13:00:00,2858.31,2869.6,2858.31,2867.53,8199,24,0
2025-06-24 14:00:00,2867.53,2868.83,2858.64,2860.91,9972,24,0
2025-06-24 15:00:00,2860.9,2861.55,2846.52,2857.34,16340,24,0
2025-06-24 16:00:00,2857.34,2862.32,2843.87,2848.51,19145,24,0
2025-06-24 17:00:00,2848.51,2851.75,2838.56,2844.57,19615,24,0
2025-06-24 18:00:00,2844.58,2854.95,2838.53,2854.42,15031,24,0
2025-06-24 19:00:00,2854.43,2856.48,2850.35,2854.67,9899,25,0
2025-06-24 20:00:00,2854.67,2856.55,2853.41,2853.84,8494,25,0
2025-06-24 21:00:00,2853.84,2855.39,2851.41,2853.69,7386,25,0
2025-06-24 22:00:00,2853.7,2862.23,2853.3,2861.97,6943,25,0
2025-06-24 23:00:00,2861.94,2863.05,2860.49,2862.09,4064,25,0
2025-06-25 01:00:00,2862.86,2863.2,2861.0,2861.29,3084,25,0
2025-06-25 02:00:00,2861.29,2863.09,2860.89,2862.53,3213,25,0
2025-06-25 03:00:00,2862.53,2865.27,2860.5,2861.77,7755,26,0
2025-06-25 04:00:00,2861.77,2867.78,2861.19,2867.49,10335,25,0
2025-06-25 05:00:00,2867.49,2868.5,2863.66,2864.94,7693,25,0
2025-06-25 06:00:00,2864.94,2867.51,2863.88,2866.23,5911,25,0
2025-06-25 07:00:00,2866.23,2866.26,2863.68,2864.94,4508,25,0
2025-06-25 08:00:00,2864.96,2870.1,2864.59,2867.19,6383,25,0
2025-06-25 09:00:00,2867.19,2871.28,2865.49,2870.08,8513,25,0
2025-06-25 10:00:00,2870.34,2875.06,2866.34,2871.46,11122,25,0
2025-06-25 11:00:00,2871.44,2873.22,2865.39,2865.73,9657,25,0
2025-06-25 12:00:00,2865.73,2867.26,2862.81,2866.41,9267,24,0
2025-06-25 13:00:00,2866.41,2869.3,2863.82,2864.94,7873,25,0
2025-06-25 14:00:00,2864.94,2868.53,2863.83,2864.44,9487,24,0
2025-06-25 15:00:00,2864.44,2870.6,2861.03,2864.3,10803,24,0
2025-06-25 16:00:00,2864.3,2865.63,2853.87,2857.07,14381,24,0
2025-06-25 17:00:00,2857.07,2863.5,2854.6,2859.76,14830,24,0
2025-06-25 18:00:00,2859.76,2863.42,2857.15,2861.88,10145,24,0
2025-06-25 19:00:00,2861.91,2867.35,2858.58,2867.1,9589,25,0
2025-06-25 20:00:00,2867.1,2867.99,2857.23,2858.39,10240,24,0
2025-06-25 21:00:00,2858.39,2859.62,2855.93,2856.94,7402,25,0
2025-06-25 22:00:00,2856.94,2860.71,2855.59,2859.4,7312,25,0
2025-06-25 23:00:00,2859.38,2861.01,2857.19,2857.38,4517,25,0
2025-06-26 01:00:00,2860.92,2861.46,2857.42,2858.71,3328,25,0
2025-06-26 02:00:00,2858.71,2859.8,2856.86,2857.82,5936,25,0
2025-06-26 03:00:00,2857.82,2858.03,2851.42,2853.81,7017,25,0
2025-06-26 04:00:00,2853.81,2856.86,2848.93,2849.65,9596,25,0
2025-06-26 05:00:00,2849.58,2857.99,2848.65,2856.45,8458,25,0
2025-06-26 06:00:00,2856.45,2857.65,2851.74,2854.21,7797,25,0
2025-06-26 07:00:00,2854.22,2856.55,2853.4,2854.26,5196,25,0
2025-06-26 08:00:00,2854.26,2857.47,2852.02,2853.13,7370,25,0
2025-06-26 09:00:00,2853.16,2858.15,2852.51,2854.55,11125,24,0
2025-06-26 10:00:00,2854.58,2862.17,2854.43,2857.3,11355,24,0
2025-06-26 11:00:00,2857.3,2858.89,2848.74,2854.88,11867,25,0
2025-06-26 12:00:00,2854.84,2855.74,2847.21,2848.99,11646,24,0
2025-06-26 13:00:00,2848.99,2854.02,2846.29,2853.76,7980,25,0
2025-06-26 14:00:00,2853.76,2856.11,2847.18,2849.88,10391,24,0
2025-06-26 15:00:00,2849.88,2856.22,2837.3,2837.56,15538,24,0
2025-06-26 16:00:00,2837.56,2841.8,2825.79,2832.98,20755,25,0
2025-06-26 17:00:00,2832.98,2837.67,2827.3,2834.05,17896,24,0
2025-06-26 18:00:00,2834.06,2841.02,2833.93,2837.62,11534,24,0
2025-06-26 19:00:00,2837.62,2842.15,2836.61,2840.05,10489,25,0
2025-06-26 20:00:00,2840.05,2844.99,2839.99,2842.3,9134,25,0
2025-06-26 21:00:00,2842.3,2845.1,2841.1,2844.56,7083,25,0
2025-06-26 22:00:00,2844.56,2846.34,2842.69,2846.11,6579,25,0
2025-06-26 23:00:00,2846.08,2848.11,2843.43,2843.57,3806,25,0
2025-06-27 01:00:00,2843.7,2844.76,2838.84,2842.84,4501,25,0
2025-06-27 02:00:00,2842.84,2844.02,2836.75,2838.15,4821,25,0
2025-06-27 03:00:00,2838.15,2838.91,2833.28,2838.43,8355,25,0
2025-06-27 04:00:00,2838.46,2841.57,2833.84,2834.13,9688,25,0
2025-06-27 05:00:00,2834.13,2837.59,2826.77,2827.5,9690,25,0
2025-06-27 06:00:00,2827.5,2829.6,2814.85,2816.62,11091,25,0
2025-06-27 07:00:00,2816.62,2820.52,2813.67,2818.82,7784,25,0
2025-06-27 08:00:00,2818.82,2823.69,2814.75,2820.7,9699,25,0
2025-06-27 09:00:00,2820.8,2822.74,2806.93,2811.56,13058,25,0
2025-06-27 10:00:00,2811.6,2811.88,2803.45,2803.65,13348,25,0
2025-06-27 11:00:00,2803.67,2810.37,2799.96,2809.0,11519,24,0
2025-06-27 12:00:00,2809.0,2810.33,2802.71,2803.43,10267,25,0
2025-06-27 13:00:00,2803.43,2811.42,2800.93,2804.81,9692,24,0
2025-06-27 14:00:00,2804.81,2806.45,2796.2,2801.19,10852,24,0
2025-06-27 15:00:00,2801.11,2802.45,2783.36,2783.66,17506,25,0
2025-06-27 16:00:00,2783.7,2792.31,2775.74,2791.69,21514,24,0
2025-06-27 17:00:00,2791.73,2796.76,2784.43,2792.47,18872,24,0
2025-06-27 18:00:00,2792.47,2795.7,2791.78,2793.04,12681,24,0
2025-06-27 19:00:00,2793.04,2796.71,2792.26,2795.98,10469,25,0
2025-06-27 20:00:00,2795.98,2805.59,2793.38,2800.64,11499,24,0
2025-06-27 21:00:00,2800.64,2801.38,2797.04,2799.85,10748,25,0
2025-06-27 22:00:00,2799.85,2800.41,2792.33,2793.68,8742,24,0
2025-06-27 23:00:00,2793.68,2796.02,2793.04,2793.8,4327,25,0
2025-06-30 01:00:00,2783.59,2797.68,2759.53,2782.27,10102,25,0
2025-06-30 02:00:00,2782.27,2787.44,2782.13,2783.1,6289,25,0
2025-06-30 03:00:00,2783.08,2788.29,2782.54,2785.79,7446,25,0
2025-06-30 04:00:00,2785.77,2793.53,2781.97,2793.25,11616,25,0
2025-06-30 05:00:00,2793.25,2800.29,2792.83,2799.04,8869,25,0
2025-06-30 06:00:00,2799.04,2800.67,2797.08,2799.53,6452,25,0
2025-06-30 07:00:00,2799.53,2801.73,2796.99,2800.87,5717,25,0
2025-06-30 08:00:00,2800.87,2806.54,2799.85,2804.6,8336,25,0
2025-06-30 09:00:00,2804.6,2808.63,2801.68,2803.3,10954,25,0
2025-06-30 10:00:00,2803.3,2809.97,2803.08,2808.43,10243,24,0
2025-06-30 11:00:00,2808.43,2812.31,2803.97,2804.12,10178,24,0
2025-06-30 12:00:00,2804.13,2805.49,2794.43,2805.39,11176,25,0
2025-06-30 13:00:00,2805.39,2806.55,2800.18,2800.42,6911,25,0
2025-06-30 14:00:00,2800.42,2800.42,2791.54,2796.05,9651,24,0
2025-06-30 15:00:00,2796.04,2808.63,2796.04,2801.9,10908,24,0
2025-06-30 16:00:00,2801.91,2805.62,2797.28,2802.34,13846,24,0
2025-06-30 17:00:00,2802.27,2806.7,2795.94,2800.67,15257,24,0
2025-06-30 18:00:00,2800.67,2802.79,2793.27,2794.81,12725,24,0
2025-06-30 19:00:00,2794.81,2804.09,2794.66,2803.05,10359,25,0
2025-06-30 20:00:00,2803.05,2803.99,2798.4,2799.52,8968,25,0
2025-06-30 21:00:00,2799.52,2802.36,2798.32,2800.91,7509,25,0
2025-06-30 22:00:00,2800.91,2809.65,2800.89,2808.68,7946,25,0
2025-06-30 23:00:00,2808.71,2809.38,2801.36,2801.47,4594,24,0
2025-07-01 01:00:00,2797.93,2811.78,2797.93,2809.62,5789,25,0
2025-07-01 02:00:00,2809.62,2810.35,2807.48,2810.33,4692,25,0
2025-07-01 03:00:00,2810.33,2810.88,2807.15,2809.58,6709,25,0
2025-07-01 04:00:00,2809.58,2817.69,2808.87,2816.38,10850,25,0
2025-07-01 05:00:00,2816.34,2816.51,2812.9,2813.02,7836,25,0
2025-07-01 06:00:00,2813.03,2817.41,2812.19,2816.95,6321,25,0
2025-07-01 07:00:00,2816.95,2819.57,2815.22,2819.22,4877,25,0
2025-07-01 08:00:00,2819.22,2827.19,2819.16,2824.12,8115,25,0
2025-07-01 09:00:00,2824.11,2830.04,2823.25,2828.08,10718,25,0
2025-07-01 10:00:00,2828.09,2834.58,2827.73,2833.32,12806,24,0
2025-07-01 11:00:00,2833.32,2836.76,2826.12,2828.92,11224,24,0
2025-07-01 12:00:00,2828.94,2833.4,2825.97,2831.98,12434,25,0
2025-07-01 13:00:00,2831.98,2835.42,2830.16,2834.94,9145,24,0
2025-07-01 14:00:00,2834.94,2839.26,2833.02,2834.73,10420,24,0
2025-07-01 15:00:00,2834.75,2844.53,2833.6,2841.72,13895,24,0
2025-07-01 16:00:00,2841.82,2843.05,2833.7,2839.82,16730,24,0
2025-07-01 17:00:00,2839.8,2845.18,2837.17,2840.17,17990,24,0
2025-07-01 18:00:00,2840.17,2841.91,2834.02,2836.43,14674,24,0
2025-07-01 19:00:00,2836.43,2842.35,2836.05,2840.19,10713,25,0
2025-07-01 20:00:00,2840.17,2840.25,2832.43,2834.33,9278,25,0
2025-07-01 21:00:00,2834.33,2834.89,2832.85,2833.25,6496,25,0
2025-07-01 22:00:00,2833.25,2833.58,2830.7,2830.89,6970,24,0
2025-07-01 23:00:00,2830.89,2830.89,2827.64,2827.78,3746,25,0
2025-07-02 01:00:00,2826.95,2832.43,2825.81,2831.05,4462,25,0
2025-07-02 02:00:00,2831.05,2831.27,2826.63,2827.49,4091,25,0
2025-07-02 03:00:00,2827.49,2834.53,2825.18,2827.64,8768,25,0
2025-07-02 04:00:00,2827.64,2831.19,2820.59,2825.34,10231,25,0
2025-07-02 05:00:00,2825.33,2828.79,2822.48,2827.53,8075,25,0
2025-07-02 06:00:00,2827.53,2832.46,2826.49,2830.28,6138,25,0
2025-07-02 07:00:00,2830.31,2832.33,2829.99,2831.31,4450,25,0
2025-07-02 08:00:00,2831.31,2835.4,2829.19,2832.38,7234,25,0
2025-07-02 09:00:00,2832.41,2832.52,2827.23,2829.31,9188,25,0
2025-07-02 10:00:00,2829.23,2833.03,2824.79,2832.18,10591,24,0
2025-07-02 11:00:00,2832.18,2834.65,2830.11,2830.81,8572,24,0
2025-07-02 12:00:00,2830.8,2839.73,2830.23,2838.98,8786,24,0
2025-07-02 13:00:00,2838.98,2843.22,2836.07,2841.99,7037,24,0
2025-07-02 14:00:00,2841.99,2844.84,2839.14,2844.46,9479,24,0
2025-07-02 15:00:00,2844.47,2849.05,2838.12,2846.53,16561,24,0
2025-07-02 16:00:00,2846.53,2846.56,2834.89,2837.83,16473,24,0
2025-07-02 17:00:00,2837.83,2842.79,2834.96,2840.78,13380,24,0
2025-07-02 18:00:00,2840.78,2841.35,2833.28,2833.8,10989,25,0
2025-07-02 19:00:00,2833.83,2840.78,2833.78,2840.52,9024,25,0
2025-07-02 20:00:00,2840.48,2841.28,2837.58,2839.72,6201,25,0
2025-07-02 21:00:00,2839.72,2843.4,2838.59,2843.14,5481,25,0
2025-07-02 22:00:00,2843.14,2846.27,2843.14,2845.27,6518,24,0
2025-07-02 23:00:00,2845.27,2848.09,2844.1,2844.97,3140,25,0
2025-07-03 01:00:00,2844.59,2852.36,2844.46,2849.39,4011,25,0
2025-07-03 02:00:00,2849.39,2849.62,2837.95,2838.63,6062,25,0
2025-07-03 03:00:00,2838.63,2839.11,2831.9,2832.85,7348,25,0
2025-07-03 04:00:00,2832.85,2835.75,2829.71,2834.43,7408,25,0
2025-07-03 05:00:00,2834.46,2840.6,2834.3,2840.31,6487,25,0
2025-07-03 06:00:00,2840.31,2840.66,2836.35,2838.75,5168,25,0
2025-07-03 07:00:00,2838.75,2843.14,2838.68,2842.09,4130,25,0
2025-07-03 08:00:00,2842.09,2849.02,2841.51,2847.76,7273,25,0
2025-07-03 09:00:00,2847.76,2850.88,2845.16,2848.35,9093,25,0
2025-07-03 10:00:00,2848.35,2849.65,2840.22,2841.19,8663,24,0
2025-07-03 11:00:00,2841.19,2846.52,2839.02,2844.63,7305,24,0
2025-07-03 12:00:00,2844.61,2844.94,2836.05,2837.08,8621,24,0
2025-07-03 13:00:00,2837.08,2844.37,2836.29,2843.12,7176,24,0
2025-07-03 14:00:00,2843.19,2843.22,2835.36,2839.17,8286,25,0
2025-07-03 15:00:00,2839.2,2845.92,2822.31,2832.11,19460,25,0
2025-07-03 16:00:00,2832.05,2837.12,2828.11,2830.03,19377,24,0
2025-07-03 17:00:00,2830.05,2833.58,2824.76,2828.58,16001,24,0
2025-07-03 18:00:00,2828.6,2832.16,2827.67,2830.57,11467,25,0
2025-07-03 19:00:00,2830.57,2839.85,2829.05,2836.73,8832,25,0
2025-07-03 20:00:00,2836.73,2837.14,2831.88,2832.23,4897,25,0
2025-07-03 21:00:00,2832.23,2834.17,2830.86,2833.43,2915,25,0
2025-07-03 22:00:00,2833.43,2833.95,2832.22,2833.44,2854,25,0
2025-07-03 23:00:00,2833.43,2833.66,2827.95,2828.47,2190,25,0
2025-07-04 01:00:00,2828.33,2831.6,2827.23,2830.91,2445,26,0
2025-07-04 02:00:00,2830.91,2832.22,2829.1,2830.05,3894,25,0
2025-07-04 03:00:00,2830.05,2830.58,2825.78,2828.95,5708,25,0
2025-07-04 04:00:00,2828.91,2833.87,2827.17,2831.7,7590,25,0
2025-07-04 05:00:00,2831.7,2832.29,2827.63,2828.01,6011,25,0
2025-07-04 06:00:00,2828.01,2836.24,2826.93,2836.1,6428,25,0
2025-07-04 07:00:00,2836.1,2837.91,2835.2,2835.89,5433,25,0
2025-07-04 08:00:00,2835.89,2836.7,2832.89,2833.87,5620,25,0
2025-07-04 09:00:00,2833.82,2839.96,2833.78,2837.0,9299,25,0
2025-07-04 10:00:00,2837.16,2840.34,2832.7,2840.18,9610,25,0
2025-07-04 11:00:00,2840.18,2841.24,2837.04,2838.93,7485,25,0
2025-07-04 12:00:00,2838.93,2839.16,2829.47,2831.0,7569,25,0
2025-07-04 13:00:00,2831.0,2834.44,2828.79,2833.1,6971,25,0
2025-07-04 14:00:00,2833.1,2834.48,2830.76,2833.36,5896,25,0
2025-07-04 15:00:00,2833.36,2836.91,2831.25,2833.29,7516,25,0
2025-07-04 16:00:00,2833.29,2834.93,2829.15,2829.85,8314,25,0
2025-07-04 17:00:00,2829.8,2830.65,2827.31,2829.87,7221,25,0
2025-07-04 18:00:00,2829.9,2830.58,2826.81,2829.14,4542,25,0
2025-07-04 19:00:00,2829.14,2834.36,2828.76,2834.05,4023,25,0
2025-07-07 01:00:00,2829.14,2838.04,2828.57,2829.67,5214,25,0
2025-07-07 02:00:00,2829.67,2830.22,2823.91,2825.69,4950,25,0
2025-07-07 03:00:00,2825.69,2826.28,2818.55,2823.82,8497,25,0
2025-07-07 04:00:00,2823.82,2824.94,2807.52,2817.28,12981,25,0
2025-07-07 05:00:00,2817.28,2817.98,2808.57,2811.79,8917,25,0
2025-07-07 06:00:00,2811.79,2815.83,2810.02,2813.14,7905,25,0
2025-07-07 07:00:00,2813.12,2814.78,2808.32,2811.2,7746,25,0
2025-07-07 08:00:00,2811.2,2815.92,2810.74,2814.63,9139,25,0
2025-07-07 09:00:00,2814.63,2818.22,2813.08,2815.48,10289,25,0
2025-07-07 10:00:00,2815.48,2819.24,2809.4,2811.37,10296,25,0
2025-07-07 11:00:00,2811.36,2823.56,2810.42,2823.3,10457,25,0
2025-07-07 12:00:00,2823.3,2824.9,2818.55,2819.89,9413,24,0
2025-07-07 13:00:00,2819.89,2821.99,2811.09,2815.54,10271,24,0
2025-07-07 14:00:00,2815.54,2820.11,2813.52,2814.89,11434,24,0
2025-07-07 15:00:00,2814.85,2825.76,2814.29,2823.19,14089,24,0
2025-07-07 16:00:00,2823.19,2826.49,2816.73,2826.0,14382,24,0
2025-07-07 17:00:00,2826.08,2829.7,2822.82,2826.4,12449,24,0
2025-07-07 18:00:00,2826.42,2831.48,2825.85,2830.32,8559,25,0
2025-07-07 19:00:00,2830.25,2846.23,2829.22,2845.31,12456,24,0
2025-07-07 20:00:00,2845.31,2850.87,2845.29,2846.11,11432,24,0
2025-07-07 21:00:00,2846.11,2847.35,2842.16,2845.18,7711,25,0
2025-07-07 22:00:00,2845.18,2849.87,2845.17,2847.3,6573,25,0
2025-07-07 23:00:00,2847.38,2850.4,2846.76,2849.09,3354,24,0
2025-07-08 01:00:00,2850.53,2855.36,2845.19,2845.86,4335,25,0
2025-07-08 02:00:00,2845.86,2846.16,2840.46,2841.03,4415,25,0
2025-07-08 03:00:00,2841.03,2841.77,2836.25,2839.17,8480,25,0
2025-07-08 04:00:00,2839.17,2842.01,2835.64,2840.85,9715,25,0
2025-07-08 05:00:00,2840.85,2842.42,2838.02,2840.48,7250,25,0
2025-07-08 06:00:00,2840.51,2840.97,2835.2,2835.99,5253,25,0
2025-07-08 07:00:00,2835.99,2836.53,2833.48,2835.71,5179,25,0
2025-07-08 08:00:00,2835.68,2842.57,2835.43,2841.15,7233,25,0
2025-07-08 09:00:00,2841.15,2842.53,2838.01,2840.85,8091,25,0
2025-07-08 10:00:00,2840.85,2842.56,2832.18,2834.92,9097,25,0
2025-07-08 11:00:00,2834.92,2834.92,2828.17,2828.85,10659,25,0
2025-07-08 12:00:00,2828.89,2832.22,2827.73,2829.14,7895,24,0
2025-07-08 13:00:00,2829.14,2837.08,2828.99,2834.65,6739,24,0
2025-07-08 14:00:00,2834.67,2836.61,2829.89,2836.55,8171,25,0
2025-07-08 15:00:00,2836.55,2841.98,2836.21,2839.41,9743,24,0
2025-07-08 16:00:00,2839.41,2844.31,2830.47,2832.23,15685,25,0
2025-07-08 17:00:00,2832.21,2833.47,2816.98,2819.4,19773,24,0
2025-07-08 18:00:00,2819.4,2820.37,2809.99,2817.23,15197,25,0
2025-07-08 19:00:00,2817.25,2819.97,2815.04,2818.6,11927,24,0
2025-07-08 20:00:00,2818.58,2825.22,2817.68,2820.02,13555,24,0
2025-07-08 21:00:00,2820.02,2821.38,2816.1,2818.98,8430,25,0
2025-07-08 22:00:00,2818.98,2820.04,2816.47,2817.03,6631,25,0
2025-07-08 23:00:00,2817.02,2817.42,2812.88,2815.11,3774,24,0
2025-07-09 01:00:00,2816.21,2817.79,2813.82,2814.86,3333,25,0
2025-07-09 02:00:00,2814.86,2817.38,2811.72,2816.74,4690,25,0
2025-07-09 03:00:00,2816.74,2821.25,2816.43,2820.49,6412,25,0
2025-07-09 04:00:00,2820.49,2821.45,2814.64,2816.93,9187,25,0
2025-07-09 05:00:00,2816.93,2818.3,2807.02,2807.86,9673,25,0
2025-07-09 06:00:00,2807.86,2814.72,2805.56,2813.8,7747,25,0
2025-07-09 07:00:00,2813.8,2815.99,2812.1,2812.22,5146,25,0
2025-07-09 08:00:00,2812.22,2815.28,2807.1,2807.33,7528,25,0
2025-07-09 09:00:00,2807.33,2809.37,2804.12,2807.66,9244,25,0
2025-07-09 10:00:00,2807.66,2815.75,2805.24,2811.62,9988,24,0
2025-07-09 11:00:00,2811.62,2811.97,2801.32,2804.46,10154,24,0
2025-07-09 12:00:00,2804.46,2810.09,2803.65,2807.98,7124,24,0
2025-07-09 13:00:00,2807.98,2816.15,2806.98,2816.1,6712,24,0
2025-07-09 14:00:00,2816.1,2816.47,2806.38,2809.66,7853,25,0
2025-07-09 15:00:00,2809.66,2815.66,2808.68,2813.64,11442,25,0
2025-07-09 16:00:00,2813.67,2824.14,2810.93,2819.81,15157,25,0
2025-07-09 17:00:00,2819.75,2827.82,2818.91,2827.4,14321,24,0
2025-07-09 18:00:00,2827.4,2827.91,2824.0,2827.23,9476,25,0
2025-07-09 19:00:00,2827.18,2830.51,2825.4,2829.33,6539,25,0
2025-07-09 20:00:00,2829.33,2830.8,2825.56,2826.2,7860,24,0
2025-07-09 21:00:00,2826.21,2828.68,2824.36,2826.9,7344,25,0
2025-07-09 22:00:00,2826.92,2830.43,2826.54,2829.21,6745,25,0
2025-07-09 23:00:00,2829.22,2829.41,2826.06,2826.33,3898,25,0
2025-07-10 01:00:00,2826.15,2832.53,2824.92,2831.18,3623,25,0
2025-07-10 02:00:00,2831.18,2831.23,2825.65,2826.27,4162,25,0
2025-07-10 03:00:00,2826.3,2827.87,2824.1,2825.01,7714,25,0
2025-07-10 04:00:00,2825.01,2832.9,2823.97,2829.54,8240,25,0
2025-07-10 05:00:00,2829.49,2830.72,2826.59,2827.35,5525,25,0
2025-07-10 06:00:00,2827.35,2829.28,2825.33,2825.7,4977,25,0
2025-07-10 07:00:00,2825.63,2831.06,2825.02,2830.87,4062,25,0
2025-07-10 08:00:00,2830.86,2832.81,2828.34,2828.99,5624,25,0
2025-07-10 09:00:00,2829.04,2834.72,2828.77,2834.12,7831,25,0
2025-07-10 10:00:00,2834.09,2836.98,2829.51,2830.44,8046,25,0
2025-07-10 11:00:00,2830.44,2839.25,2829.63,2838.12,6443,25,0
2025-07-10 12:00:00,2838.12,2839.26,2832.68,2835.54,6643,25,0
2025-07-10 13:00:00,2835.59,2837.56,2832.34,2835.11,6892,25,0
2025-07-10 14:00:00,2835.11,2841.31,2833.93,2835.06,9830,25,0
2025-07-10 15:00:00,2835.06,2841.1,2832.79,2838.41,11698,25,0
2025-07-10 16:00:00,2838.43,2843.87,2832.4,2833.19,16202,25,0
2025-07-10 17:00:00,2833.19,2842.51,2832.2,2838.03,16560,24,0
2025-07-10 18:00:00,2838.03,2844.15,2837.37,2840.27,10185,25,0
2025-07-10 19:00:00,2840.27,2840.62,2834.32,2836.87,8469,25,0
2025-07-10 20:00:00,2836.85,2839.57,2836.61,2837.84,6742,25,0
2025-07-10 21:00:00,2837.84,2841.23,2836.18,2840.66,6365,25,0
2025-07-10 22:00:00,2840.66,2844.35,2840.56,2842.75,7450,25,0
2025-07-10 23:00:00,2842.74,2842.96,2840.46,2840.5,3016,24,0
2025-07-11 01:00:00,2837.05,2842.29,2837.05,2838.93,3878,25,0
2025-07-11 02:00:00,2838.93,2842.55,2838.62,2840.27,2759,25,0
2025-07-11 03:00:00,2840.27,2858.67,2840.09,2852.74,11624,25,0
2025-07-11 04:00:00,2852.73,2852.91,2847.85,2851.75,11322,25,0
2025-07-11 05:00:00,2851.76,2856.96,2849.54,2855.21,7589,25,0
2025-07-11 06:00:00,2855.22,2857.16,2852.33,2853.67,5670,25,0
2025-07-11 07:00:00,2853.67,2855.96,2852.55,2853.52,5488,25,0
2025-07-11 08:00:00,2853.52,2860.65,2853.27,2854.95,9553,25,0
2025-07-11 09:00:00,2854.95,2863.07,2853.13,2854.33,11167,25,0
2025-07-11 10:00:00,2854.33,2859.17,2849.62,2859.0,10400,25,0
2025-07-11 11:00:00,2859.0,2861.27,2852.78,2853.02,10468,25,0
2025-07-11 12:00:00,2853.04,2856.7,2852.35,2855.31,8249,25,0
2025-07-11 13:00:00,2855.31,2864.02,2855.31,2860.7,8982,25,0
2025-07-11 14:00:00,2860.7,2865.46,2858.25,2863.96,10002,25,0
2025-07-11 15:00:00,2863.96,2872.98,2861.7,2870.42,13617,25,0
2025-07-11 16:00:00,2870.42,2873.16,2862.19,2867.53,17465,25,0
2025-07-11 17:00:00,2867.53,2876.92,2867.27,2874.74,16215,25,0
2025-07-11 18:00:00,2874.72,2880.69,2869.18,2871.73,13632,25,0
2025-07-11 19:00:00,2871.73,2872.45,2866.35,2868.55,10103,25,0
2025-07-11 20:00:00,2868.55,2868.94,2864.77,2867.7,8227,25,0
2025-07-11 21:00:00,2867.7,2872.42,2867.11,2871.2,7625,25,0
2025-07-11 22:00:00,2871.2,2874.54,2870.69,2871.48,7118,25,0
2025-07-11 23:00:00,2871.48,2872.75,2868.78,2868.82,3667,25,0
2025-07-14 01:00:00,2874.14,2889.2,2873.05,2888.58,8717,26,0
2025-07-14 02:00:00,2888.59,2890.93,2882.12,2882.62,5960,25,0
2025-07-14 03:00:00,2882.62,2886.36,2878.76,2879.81,8275,25,0
2025-07-14 04:00:00,2879.81,2881.73,2871.36,2874.39,10832,25,0
2025-07-14 05:00:00,2874.33,2876.06,2870.02,2875.77,8194,25,0
2025-07-14 06:00:00,2875.85,2876.61,2872.47,2873.75,5948,25,0
2025-07-14 07:00:00,2873.75,2878.31,2871.98,2877.71,6875,25,0
2025-07-14 08:00:00,2877.71,2879.13,2872.83,2877.11,7693,25,0
2025-07-14 09:00:00,2877.11,2888.5,2876.36,2888.29,9792,25,0
2025-07-14 10:00:00,2888.29,2890.05,2883.37,2885.5,10482,25,0
2025-07-14 11:00:00,2885.5,2886.73,2880.07,2881.06,7756,25,0
2025-07-14 12:00:00,2881.06,2883.44,2877.6,2882.55,6322,25,0
2025-07-14 13:00:00,2882.6,2886.02,2881.71,2883.3,7233,25,0
2025-07-14 14:00:00,2883.3,2883.99,2877.88,2878.09,7911,25,0
2025-07-14 15:00:00,2878.09,2879.79,2866.48,2866.69,13164,25,0
2025-07-14 16:00:00,2866.69,2875.48,2864.43,2872.06,14202,25,0
2025-07-14 17:00:00,2872.06,2873.24,2858.13,2861.28,15274,24,0
2025-07-14 18:00:00,2861.28,2867.61,2861.01,2865.92,12205,25,0
2025-07-14 19:00:00,2865.95,2871.69,2864.38,2870.48,9581,25,0
2025-07-14 20:00:00,2870.48,2874.07,2869.55,2873.18,7117,25,0
2025-07-14 21:00:00,2873.18,2873.24,2869.1,2869.53,5903,25,0
2025-07-14 22:00:00,2869.53,2871.74,2865.12,2865.9,7459,25,0
2025-07-14 23:00:00,2865.9,2867.33,2863.79,2865.51,3312,25,0
2025-07-15 01:00:00,2866.64,2867.74,2864.09,2867.74,2324,26,0
2025-07-15 02:00:00,2867.74,2868.79,2866.95,2867.63,2820,25,0
2025-07-15 03:00:00,2867.63,2868.73,2865.98,2868.0,5519,25,0
2025-07-15 04:00:00,2868.0,2871.23,2866.38,2867.75,6362,25,0
2025-07-15 05:00:00,2867.75,2871.87,2867.48,2870.2,6493,25,0
2025-07-15 06:00:00,2870.2,2876.15,2870.06,2875.86,5707,25,0
2025-07-15 07:00:00,2875.86,2878.87,2875.1,2877.8,4835,25,0
2025-07-15 08:00:00,2877.8,2880.29,2876.73,2877.01,5610,25,0
2025-07-15 09:00:00,2877.01,2878.5,2874.19,2875.62,8332,25,0
2025-07-15 10:00:00,2875.59,2879.25,2875.12,2877.72,7651,25,0
2025-07-15 11:00:00,2877.72,2879.12,2871.7,2875.81,8967,24,0
2025-07-15 12:00:00,2875.81,2879.27,2874.35,2878.33,7473,24,0
2025-07-15 13:00:00,2878.33,2882.09,2876.59,2876.84,6069,25,0
2025-07-15 14:00:00,2876.84,2878.47,2874.25,2874.78,7791,24,0
2025-07-15 15:00:00,2874.78,2876.26,2866.23,2867.62,15236,25,0
2025-07-15 16:00:00,2867.6,2875.73,2860.15,2874.17,20429,25,0
2025-07-15 17:00:00,2874.15,2884.86,2873.47,2881.45,16595,24,0
2025-07-15 18:00:00,2881.45,2883.82,2864.92,2865.24,16175,24,0
2025-07-15 19:00:00,2865.21,2871.72,2859.67,2870.95,11998,25,0
2025-07-15 20:00:00,2870.96,2872.76,2868.02,2869.82,8158,25,0
2025-07-15 21:00:00,2869.82,2871.28,2867.13,2868.81,6587,25,0
2025-07-15 22:00:00,2868.81,2871.55,2867.63,2870.68,5586,25,0
2025-07-15 23:00:00,2870.69,2871.08,2865.19,2865.19,3280,25,0
2025-07-16 01:00:00,2865.51,2868.2,2864.96,2866.59,2300,25,0
2025-07-16 02:00:00,2866.59,2870.46,2866.46,2869.73,2661,25,0
2025-07-16 03:00:00,2869.73,2871.22,2868.1,2868.99,6275,25,0
2025-07-16 04:00:00,2869.02,2871.36,2867.53,2867.99,8125,25,0
2025-07-16 05:00:00,2867.99,2868.74,2864.04,2864.73,6040,25,0
2025-07-16 06:00:00,2864.76,2872.8,2864.42,2871.62,6074,25,0
2025-07-16 07:00:00,2871.62,2873.72,2870.0,2872.91,5166,25,0
2025-07-16 08:00:00,2872.91,2874.68,2871.02,2872.53,5915,25,0
2025-07-16 09:00:00,2872.53,2875.69,2871.53,2871.7,7772,25,0
2025-07-16 10:00:00,2871.7,2873.91,2870.35,2872.71,7060,25,0
2025-07-16 11:00:00,2872.71,2876.03,2872.61,2874.68,7149,24,0
2025-07-16 12:00:00,2874.68,2876.97,2873.81,2875.31,6902,25,0
2025-07-16 13:00:00,2875.31,2875.9,2869.73,2870.57,6345,25,0
2025-07-16 14:00:00,2870.57,2878.29,2869.44,2877.74,8082,25,0
2025-07-16 15:00:00,2877.72,2879.23,2869.66,2874.46,14386,25,0
2025-07-16 16:00:00,2874.46,2882.0,2870.9,2874.71,16883,25,0
2025-07-16 17:00:00,2874.69,2882.07,2869.91,2879.35,17786,25,0
2025-07-16 18:00:00,2879.35,2889.37,2870.03,2875.07,29248,19,0
2025-07-16 19:00:00,2875.08,2883.08,2872.61,2877.39,19144,25,0
2025-07-16 20:00:00,2877.41,2882.59,2875.42,2881.72,11496,25,0
2025-07-16 21:00:00,2881.72,2884.86,2880.07,2881.1,8126,25,0
2025-07-16 22:00:00,2881.1,2881.58,2876.34,2876.47,8713,25,0
2025-07-16 23:00:00,2876.48,2877.68,2874.04,2874.81,4305,25,0
2025-07-17 01:00:00,2875.74,2879.91,2874.86,2878.52,3347,26,0
2025-07-17 02:00:00,2878.52,2878.87,2875.17,2875.97,2884,26,0
2025-07-17 03:00:00,2875.97,2878.06,2873.67,2873.94,6918,25,0
2025-07-17 04:00:00,2873.94,2876.75,2872.05,2875.8,9039,25,0
2025-07-17 05:00:00,2875.8,2876.63,2871.99,2875.85,7032,25,0
2025-07-17 06:00:00,2875.85,2877.22,2871.88,2875.79,5764,25,0
2025-07-17 07:00:00,2875.79,2878.1,2873.62,2875.48,4193,25,0
2025-07-17 08:00:00,2875.48,2875.61,2869.93,2874.5,5863,25,0
2025-07-17 09:00:00,2874.53,2880.4,2869.38,2879.44,12248,25,0
2025-07-17 10:00:00,2879.45,2881.16,2868.04,2869.27,10060,25,0
2025-07-17 11:00:00,2869.27,2872.38,2868.95,2869.13,7762,25,0
2025-07-17 12:00:00,2869.13,2873.25,2867.93,2869.1,7043,25,0
2025-07-17 13:00:00,2869.1,2874.96,2869.1,2870.47,6936,25,0
2025-07-17 14:00:00,2870.47,2873.44,2867.87,2871.95,7658,25,0
2025-07-17 15:00:00,2871.95,2874.35,2855.77,2859.18,15984,25,0
2025-07-17 16:00:00,2859.14,2866.49,2856.91,2864.57,17507,25,0
2025-07-17 17:00:00,2864.57,2877.87,2864.05,2877.21,14903,25,0
2025-07-17 18:00:00,2877.19,2879.08,2875.1,2877.28,12254,25,0
2025-07-17 19:00:00,2877.26,2882.74,2875.89,2881.65,8812,25,0
2025-07-17 20:00:00,2881.65,2883.33,2879.8,2880.71,7467,25,0
2025-07-17 21:00:00,2880.71,2882.17,2879.53,2881.88,5659,25,0
2025-07-17 22:00:00,2881.88,2882.17,2878.11,2879.56,6124,25,0
2025-07-17 23:00:00,2879.63,2879.87,2877.06,2878.59,3407,25,0
2025-07-18 01:00:00,2878.73,2880.74,2876.12,2877.89,4816,25,0
2025-07-18 02:00:00,2877.86,2878.13,2875.07,2875.76,3111,25,0
2025-07-18 03:00:00,2875.76,2875.76,2871.64,2873.02,5233,25,0
2025-07-18 04:00:00,2873.02,2875.24,2868.39,2870.04,7829,25,0
2025-07-18 05:00:00,2870.04,2875.99,2869.34,2870.05,7211,25,0
2025-07-18 06:00:00,2870.05,2870.8,2867.27,2868.74,5401,25,0
2025-07-18 07:00:00,2868.74,2871.97,2868.55,2871.97,4559,25,0
2025-07-18 08:00:00,2871.97,2875.25,2869.3,2869.35,6423,25,0
2025-07-18 09:00:00,2869.36,2876.57,2868.66,2875.91,9196,25,0
2025-07-18 10:00:00,2875.91,2881.67,2874.03,2880.57,8465,25,0
2025-07-18 11:00:00,2880.57,2880.57,2875.1,2876.88,7709,24,0
2025-07-18 12:00:00,2876.88,2882.57,2876.77,2881.6,7422,25,0
2025-07-18 13:00:00,2881.6,2881.94,2877.25,2879.14,7321,25,0
2025-07-18 14:00:00,2879.14,2883.32,2877.79,2880.64,7652,24,0
2025-07-18 15:00:00,2880.64,2884.99,2880.34,2882.44,10710,25,0
2025-07-18 16:00:00,2882.44,2884.26,2874.76,2876.07,14175,25,0
2025-07-18 17:00:00,2876.08,2880.86,2875.31,2880.01,14875,25,0
2025-07-18 18:00:00,2879.98,2880.6,2875.86,2879.93,10467,24,0
2025-07-18 19:00:00,2879.92,2885.15,2878.32,2883.87,9603,25,0
2025-07-18 20:00:00,2883.87,2884.95,2882.39,2883.04,6515,25,0
2025-07-18 21:00:00,2883.04,2884.69,2882.42,2883.62,5569,24,0
2025-07-18 22:00:00,2883.62,2885.38,2880.21,2880.76,6178,24,0
2025-07-18 23:00:00,2880.76,2884.04,2879.83,2882.05,3161,25,0
2025-07-21 01:00:00,2869.57,2881.08,2869.57,2879.37,5953,25,0
2025-07-21 02:00:00,2879.38,2879.92,2876.6,2879.76,3254,26,0
2025-07-21 03:00:00,2879.76,2885.63,2878.56,2885.02,5960,25,0
2025-07-21 04:00:00,2885.02,2890.19,2884.94,2889.04,7766,25,0
2025-07-21 05:00:00,2889.04,2889.51,2885.1,2885.95,4957,25,0
2025-07-21 06:00:00,2885.95,2888.35,2882.67,2882.67,4218,25,0
2025-07-21 07:00:00,2882.67,2888.03,2881.88,2887.22,3609,25,0
2025-07-21 08:00:00,2887.22,2896.12,2887.06,2893.78,8645,25,0
2025-07-21 09:00:00,2893.78,2896.36,2892.8,2893.31,8847,25,0
2025-07-21 10:00:00,2893.31,2894.12,2889.08,2889.67,8268,25,0
2025-07-21 11:00:00,2889.67,2891.96,2887.83,2891.03,7692,25,0
2025-07-21 12:00:00,2891.03,2891.64,2888.07,2890.66,5891,24,0
2025-07-21 13:00:00,2890.61,2894.17,2888.98,2890.41,5894,24,0
2025-07-21 14:00:00,2890.41,2893.11,2889.3,2892.88,8983,25,0
2025-07-21 15:00:00,2892.9,2905.28,2891.38,2903.61,13066,25,0
2025-07-21 16:00:00,2903.61,2910.84,2901.68,2904.79,15688,25,0
2025-07-21 17:00:00,2904.82,2910.1,2900.23,2907.08,18130,24,0
2025-07-21 18:00:00,2907.08,2907.32,2899.98,2902.98,14262,24,0
2025-07-21 19:00:00,2902.98,2905.69,2899.77,2902.16,9184,24,0
2025-07-21 20:00:00,2902.16,2903.27,2900.61,2902.44,7335,24,0
2025-07-21 21:00:00,2902.44,2904.27,2902.09,2903.44,6489,24,0
2025-07-21 22:00:00,2903.44,2907.74,2903.28,2907.48,8387,24,0
2025-07-21 23:00:00,2907.48,2907.94,2903.67,2903.76,3905,25,0
2025-07-22 01:00:00,2903.58,2908.16,2903.24,2906.65,2285,25,0
2025-07-22 02:00:00,2906.65,2910.28,2902.08,2904.25,3508,25,0
2025-07-22 03:00:00,2904.25,2906.39,2900.7,2903.91,6423,25,0
2025-07-22 04:00:00,2903.91,2905.05,2896.72,2896.82,8386,25,0
2025-07-22 05:00:00,2896.82,2901.12,2895.78,2900.98,6084,25,0
2025-07-22 06:00:00,2900.98,2903.57,2899.65,2902.79,4450,25,0
2025-07-22 07:00:00,2902.79,2902.79,2897.36,2901.12,3948,25,0
2025-07-22 08:00:00,2901.12,2901.85,2896.12,2896.68,6676,25,0
2025-07-22 09:00:00,2896.68,2898.5,2894.93,2895.13,7499,25,0
2025-07-22 10:00:00,2895.13,2898.71,2894.45,2898.71,6945,24,0
2025-07-22 11:00:00,2898.71,2899.51,2895.59,2896.59,8552,25,0
2025-07-22 12:00:00,2896.59,2898.33,2892.47,2892.7,7575,24,0
2025-07-22 13:00:00,2892.7,2895.37,2891.8,2894.43,5574,25,0
2025-07-22 14:00:00,2894.36,2898.91,2893.89,2898.13,7467,25,0
2025-07-22 15:00:00,2898.13,2915.04,2897.71,2914.73,12598,25,0
2025-07-22 16:00:00,2914.73,2924.28,2913.39,2915.32,18602,25,0
2025-07-22 17:00:00,2915.41,2928.9,2910.08,2922.12,20520,25,0
2025-07-22 18:00:00,2922.11,2928.19,2915.83,2916.55,14956,25,0
2025-07-22 19:00:00,2916.56,2920.62,2914.15,2919.69,10794,25,0
2025-07-22 20:00:00,2919.7,2921.27,2915.67,2919.54,10658,24,0
2025-07-22 21:00:00,2919.54,2921.55,2918.33,2919.29,7782,25,0
2025-07-22 22:00:00,2919.29,2921.37,2918.93,2920.01,7415,25,0
2025-07-22 23:00:00,2919.95,2921.77,2916.11,2918.94,5674,25,0
2025-07-23 01:00:00,2919.23,2921.04,2917.31,2917.78,2673,27,0
2025-07-23 02:00:00,2917.78,2921.34,2917.47,2919.88,5645,25,0
2025-07-23 03:00:00,2919.88,2929.05,2918.59,2918.68,10166,25,0
2025-07-23 04:00:00,2918.68,2920.22,2914.53,2914.73,11964,25,0
2025-07-23 05:00:00,2914.73,2917.95,2913.25,2916.97,9268,25,0
2025-07-23 06:00:00,2916.96,2919.32,2915.6,2915.78,8033,25,0
2025-07-23 07:00:00,2915.78,2918.56,2915.08,2917.35,5828,25,0
2025-07-23 08:00:00,2917.35,2917.47,2912.97,2915.74,8968,25,0
2025-07-23 09:00:00,2915.74,2919.0,2914.23,2916.75,10121,25,0
2025-07-23 10:00:00,2916.73,2919.5,2912.91,2913.08,9903,25,0
2025-07-23 11:00:00,2913.08,2922.23,2913.08,2922.0,8829,25,0
2025-07-23 12:00:00,2922.0,2926.92,2921.73,2923.53,7818,25,0
2025-07-23 13:00:00,2923.53,2923.9,2915.95,2918.86,9015,25,0
2025-07-23 14:00:00,2918.86,2924.29,2916.59,2923.6,8997,24,0
2025-07-23 15:00:00,2923.6,2924.57,2916.67,2916.73,11495,25,0
2025-07-23 16:00:00,2916.73,2916.98,2906.43,2910.87,18246,25,0
2025-07-23 17:00:00,2910.84,2914.61,2907.51,2909.07,14474,25,0
2025-07-23 18:00:00,2909.07,2910.62,2891.56,2892.84,12606,16,0
2025-07-23 19:00:00,2892.84,2892.84,2877.71,2882.58,20216,24,0
2025-07-23 20:00:00,2882.53,2889.44,2878.63,2885.39,12350,24,0
2025-07-23 21:00:00,2885.39,2885.94,2882.04,2882.83,7956,25,0
2025-07-23 22:00:00,2882.83,2884.23,2878.38,2879.35,7354,25,0
2025-07-23 23:00:00,2879.35,2879.73,2875.43,2876.5,5027,25,0
2025-07-24 01:00:00,2877.29,2881.37,2875.26,2876.52,3198,25,0
2025-07-24 02:00:00,2876.52,2880.11,2876.16,2879.33,3239,25,0
2025-07-24 03:00:00,2879.33,2883.76,2878.78,2882.09,5583,25,0
2025-07-24 04:00:00,2882.09,2882.98,2874.23,2876.86,11272,25,0
2025-07-24 05:00:00,2876.86,2877.95,2871.52,2873.2,9769,25,0
2025-07-24 06:00:00,2873.2,2874.67,2864.87,2873.54,8443,25,0
2025-07-24 07:00:00,2873.53,2874.89,2871.19,2872.86,4753,25,0
2025-07-24 08:00:00,2872.86,2873.09,2865.4,2870.73,7733,25,0
2025-07-24 09:00:00,2870.73,2871.36,2864.14,2871.34,10918,25,0
2025-07-24 10:00:00,2871.31,2871.88,2861.71,2863.17,10589,25,0
2025-07-24 11:00:00,2863.2,2868.09,2861.28,2865.76,10201,25,0
2025-07-24 12:00:00,2865.76,2866.14,2860.45,2862.02,8521,25,0
2025-07-24 13:00:00,2862.02,2866.25,2861.11,2863.45,6732,25,0
2025-07-24 14:00:00,2863.46,2865.21,2859.71,2859.88,7697,24,0
2025-07-24 15:00:00,2859.87,2866.22,2855.9,2857.32,14148,25,0
2025-07-24 16:00:00,2857.37,2865.3,2852.41,2860.09,19168,25,0
2025-07-24 17:00:00,2860.08,2869.57,2856.57,2867.05,16807,25,0
2025-07-24 18:00:00,2867.08,2868.27,2864.23,2866.56,12518,25,0
2025-07-24 19:00:00,2866.58,2867.74,2861.06,2862.36,9567,25,0
2025-07-24 20:00:00,2862.4,2864.88,2861.13,2863.17,7266,25,0
2025-07-24 21:00:00,2863.17,2867.04,2861.83,2865.84,6617,25,0
2025-07-24 22:00:00,2865.84,2867.05,2865.24,2866.4,7048,24,0
2025-07-24 23:00:00,2866.4,2867.7,2865.29,2866.63,4763,25,0
2025-07-25 01:00:00,2867.15,2868.64,2864.2,2866.46,3892,25,0
2025-07-25 02:00:00,2866.46,2868.1,2864.39,2866.4,3363,25,0
2025-07-25 03:00:00,2866.4,2869.74,2865.84,2868.79,5398,25,0
2025-07-25 04:00:00,2868.79,2871.1,2866.01,2870.18,7798,25,0
2025-07-25 05:00:00,2870.09,2870.16,2864.38,2864.67,5904,25,0
2025-07-25 06:00:00,2864.67,2865.2,2860.04,2860.52,5103,25,0
2025-07-25 07:00:00,2860.52,2863.55,2860.45,2862.72,5093,25,0
2025-07-25 08:00:00,2862.72,2863.51,2856.71,2859.16,5787,25,0
2025-07-25 09:00:00,2859.16,2859.83,2853.0,2859.46,8403,25,0
2025-07-25 10:00:00,2859.46,2859.46,2851.75,2853.67,8354,24,0
2025-07-25 11:00:00,2853.62,2856.2,2847.05,2848.77,9104,25,0
2025-07-25 12:00:00,2848.77,2853.13,2848.3,2851.06,7169,24,0
2025-07-25 13:00:00,2851.05,2852.98,2848.04,2850.14,6234,25,0
2025-07-25 14:00:00,2850.14,2852.93,2849.16,2850.46,8452,25,0
2025-07-25 15:00:00,2850.4,2852.05,2847.44,2850.82,10426,25,0
2025-07-25 16:00:00,2850.82,2856.85,2845.76,2852.59,17296,25,0
2025-07-25 17:00:00,2852.63,2853.12,2839.19,2840.57,17297,24,0
2025-07-25 18:00:00,2840.54,2843.43,2835.07,2837.18,14970,24,0
2025-07-25 19:00:00,2837.19,2841.52,2836.13,2838.74,9478,25,0
2025-07-25 20:00:00,2838.74,2842.82,2838.46,2842.29,7717,25,0
2025-07-25 21:00:00,2842.29,2844.6,2841.97,2842.49,6747,25,0
2025-07-25 22:00:00,2842.49,2844.64,2841.73,2841.94,6184,25,0
2025-07-25 23:00:00,2841.96,2843.73,2840.08,2841.67,3911,24,0
2025-07-28 01:00:00,2820.33,2837.04,2819.58,2832.47,7984,25,0
2025-07-28 02:00:00,2832.47,2838.97,2831.37,2835.78,5766,25,0
2025-07-28 03:00:00,2835.78,2836.28,2830.15,2833.49,7998,25,0
2025-07-28 04:00:00,2833.43,2840.73,2829.89,2835.06,10818,25,0
2025-07-28 05:00:00,2835.06,2839.38,2833.99,2837.54,6913,25,0
2025-07-28 06:00:00,2837.54,2843.59,2836.82,2843.58,5737,25,0
2025-07-28 07:00:00,2843.58,2844.42,2841.74,2842.79,5045,25,0
2025-07-28 08:00:00,2842.79,2848.04,2842.13,2847.52,6195,25,0
2025-07-28 09:00:00,2847.52,2852.18,2845.95,2849.59,10226,25,0
2025-07-28 10:00:00,2849.57,2856.99,2848.87,2856.41,10629,25,0
2025-07-28 11:00:00,2856.41,2859.24,2853.45,2856.4,9736,25,0
2025-07-28 12:00:00,2856.4,2862.03,2856.33,2860.81,8884,25,0
2025-07-28 13:00:00,2860.81,2863.8,2857.97,2861.34,8640,25,0
2025-07-28 14:00:00,2861.34,2866.11,2861.05,2863.6,8432,25,0
2025-07-28 15:00:00,2863.6,2863.84,2852.14,2855.01,13974,25,0
2025-07-28 16:00:00,2854.98,2860.8,2837.79,2838.23,17131,25,0
2025-07-28 17:00:00,2838.49,2846.6,2838.09,2842.48,17719,25,0
2025-07-28 18:00:00,2842.47,2855.78,2841.21,2855.28,12527,25,0
2025-07-28 19:00:00,2855.28,2856.71,2853.26,2855.47,8352,25,0
2025-07-28 20:00:00,2855.47,2857.51,2852.91,2855.97,7566,25,0
2025-07-28 21:00:00,2855.97,2859.63,2855.64,2857.78,6367,25,0
2025-07-28 22:00:00,2857.78,2862.98,2857.74,2861.57,7230,25,0
2025-07-28 23:00:00,2861.58,2862.81,2857.87,2859.68,3805,25,0
2025-07-29 01:00:00,2858.34,2860.45,2855.26,2858.96,4500,25,0
2025-07-29 02:00:00,2858.96,2858.96,2856.14,2856.48,3209,25,0
2025-07-29 03:00:00,2856.48,2859.31,2853.39,2858.48,7469,25,0
2025-07-29 04:00:00,2858.48,2863.46,2855.3,2863.28,9246,25,0
2025-07-29 05:00:00,2863.28,2863.56,2860.64,2861.74,6664,25,0
2025-07-29 06:00:00,2861.74,2861.74,2858.39,2859.82,6142,25,0
2025-07-29 07:00:00,2859.82,2862.97,2858.0,2861.75,5788,25,0
2025-07-29 08:00:00,2861.75,2867.35,2860.96,2867.13,6825,25,0
2025-07-29 09:00:00,2867.13,2877.81,2864.35,2875.78,13211,25,0
2025-07-29 10:00:00,2875.85,2875.9,2870.6,2870.62,12539,25,0
2025-07-29 11:00:00,2870.62,2878.89,2870.44,2875.15,10770,25,0
2025-07-29 12:00:00,2875.11,2875.35,2868.67,2871.69,10776,25,0
2025-07-29 13:00:00,2871.66,2872.7,2868.99,2870.26,7857,25,0
2025-07-29 14:00:00,2870.28,2874.51,2868.45,2872.63,10945,25,0
2025-07-29 15:00:00,2872.68,2883.69,2872.68,2883.52,12241,25,0
2025-07-29 16:00:00,2883.52,2884.76,2872.1,2873.62,16500,25,0
2025-07-29 17:00:00,2873.66,2888.88,2871.15,2888.88,17849,25,0
2025-07-29 18:00:00,2888.88,2892.01,2878.17,2879.15,13846,25,0
2025-07-29 19:00:00,2879.15,2879.63,2876.37,2879.29,8642,25,0
2025-07-29 20:00:00,2879.29,2883.87,2876.31,2883.66,9085,25,0
2025-07-29 21:00:00,2883.64,2885.16,2879.3,2879.32,6613,25,0
2025-07-29 22:00:00,2879.32,2880.36,2875.92,2878.72,7708,25,0
2025-07-29 23:00:00,2878.74,2881.02,2878.15,2880.74,3848,25,0
2025-07-30 01:00:00,2879.48,2882.49,2879.48,2881.11,1926,25,0
2025-07-30 02:00:00,2881.11,2881.53,2879.67,2880.74,2073,25,0
2025-07-30 03:00:00,2880.74,2882.43,2878.34,2878.95,5789,26,0
2025-07-30 04:00:00,2878.95,2881.65,2872.3,2873.7,8764,25,0
2025-07-30 05:00:00,2873.7,2881.26,2873.66,2879.06,7130,25,0
2025-07-30 06:00:00,2879.06,2879.53,2875.03,2878.69,5070,25,0
2025-07-30 07:00:00,2878.69,2881.63,2878.46,2880.32,4020,25,0
2025-07-30 08:00:00,2880.32,2882.59,2877.3,2878.61,6280,25,0
2025-07-30 09:00:00,2878.64,2881.49,2876.14,2879.02,8422,25,0
2025-07-30 10:00:00,2879.02,2882.8,2876.27,2880.21,8410,25,0
2025-07-30 11:00:00,2880.21,2885.1,2879.84,2883.23,7273,25,0
2025-07-30 12:00:00,2883.23,2886.92,2882.14,2883.43,7020,25,0
2025-07-30 13:00:00,2883.45,2886.54,2881.12,2884.36,8614,25,0
2025-07-30 14:00:00,2884.36,2889.84,2882.21,2888.41,8841,25,0
2025-07-30 15:00:00,2888.41,2895.51,2883.94,2887.76,15749,25,0
2025-07-30 16:00:00,2887.83,2889.91,2877.78,2879.85,19283,25,0
2025-07-30 17:00:00,2879.85,2883.31,2875.79,2876.27,13283,25,0
2025-07-30 18:00:00,2876.27,2877.39,2865.72,2868.91,13101,17,0
2025-07-30 19:00:00,2868.92,2875.14,2868.25,2874.35,8763,25,0
2025-07-30 20:00:00,2874.35,2876.17,2872.75,2875.66,7718,25,0
2025-07-30 21:00:00,2875.66,2876.62,2865.14,2871.11,21471,25,0
2025-07-30 22:00:00,2871.13,2872.99,2861.37,2861.64,19151,25,0
2025-07-30 23:00:00,2861.67,2872.51,2861.22,2871.5,7827,25,0
2025-07-31 01:00:00,2869.91,2872.82,2868.03,2870.38,4723,26,0
2025-07-31 02:00:00,2870.38,2874.92,2869.63,2874.63,4037,25,0
2025-07-31 03:00:00,2874.63,2876.07,2871.3,2873.98,7970,25,0
2025-07-31 04:00:00,2874.19,2882.05,2873.03,2881.39,10364,25,0
2025-07-31 05:00:00,2881.39,2884.99,2880.24,2884.81,7882,25,0
2025-07-31 06:00:00,2884.81,2889.82,2882.48,2884.34,7401,25,0
2025-07-31 07:00:00,2884.34,2885.69,2883.01,2883.95,5316,25,0
2025-07-31 08:00:00,2883.99,2886.71,2880.17,2884.99,6006,25,0
2025-07-31 09:00:00,2885.02,2887.83,2878.06,2879.11,10613,25,0
2025-07-31 10:00:00,2879.11,2893.63,2879.07,2886.28,10402,25,0
2025-07-31 11:00:00,2886.28,2896.06,2885.28,2890.62,9390,25,0
2025-07-31 12:00:00,2890.62,2895.14,2889.3,2892.0,8193,25,0
2025-07-31 13:00:00,2892.02,2892.92,2879.08,2881.31,9387,25,0
2025-07-31 14:00:00,2881.31,2890.8,2880.41,2887.65,11054,25,0
2025-07-31 15:00:00,2887.65,2897.22,2886.02,2894.08,13156,25,0
2025-07-31 16:00:00,2894.08,2901.25,2891.9,2892.96,16975,25,0
2025-07-31 17:00:00,2892.96,2894.21,2876.8,2880.05,17031,25,0
2025-07-31 18:00:00,2880.02,2883.55,2875.82,2883.1,13576,25,0
2025-07-31 19:00:00,2883.09,2886.46,2878.79,2884.57,11911,25,0
2025-07-31 20:00:00,2884.56,2888.26,2883.96,2885.26,9594,25,0
2025-07-31 21:00:00,2885.26,2885.91,2881.8,2884.2,6282,25,0
2025-07-31 22:00:00,2884.2,2884.4,2879.02,2883.59,8187,25,0
2025-07-31 23:00:00,2883.57,2885.13,2881.34,2881.82,5049,25,0
2025-08-01 01:00:00,2881.79,2885.93,2879.9,2885.65,3471,26,0
2025-08-01 02:00:00,2885.65,2886.15,2878.77,2879.17,5794,25,0
2025-08-01 03:00:00,2879.08,2882.2,2877.24,2880.08,8332,25,0
2025-08-01 04:00:00,2880.08,2882.42,2876.85,2878.55,10136,25,0
2025-08-01 05:00:00,2878.55,2885.35,2878.22,2884.55,9758,25,0
2025-08-01 06:00:00,2884.55,2886.93,2881.8,2882.51,6776,25,0
2025-08-01 07:00:00,2882.51,2885.71,2880.99,2882.92,5775,25,0
2025-08-01 08:00:00,2882.92,2887.01,2882.02,2883.91,6954,25,0
2025-08-01 09:00:00,2883.91,2884.84,2877.45,2880.48,9161,25,0
2025-08-01 10:00:00,2880.49,2882.17,2876.31,2878.29,9777,25,0
2025-08-01 11:00:00,2878.29,2888.04,2877.31,2887.97,8342,25,0
2025-08-01 12:00:00,2887.97,2892.4,2886.52,2889.56,8317,25,0
2025-08-01 13:00:00,2889.56,2893.95,2886.07,2890.13,8130,25,0
2025-08-01 14:00:00,2890.13,2893.83,2889.15,2893.81,8608,25,0
2025-08-01 15:00:00,2893.81,2900.34,2886.66,2893.88,21364,22,0
2025-08-01 16:00:00,2893.88,2904.08,2886.52,2890.47,26262,25,0
2025-08-01 17:00:00,2890.47,2901.08,2888.54,2895.23,23864,24,0
2025-08-01 18:00:00,2895.23,2903.35,2892.99,2897.94,16845,25,0
2025-08-01 19:00:00,2897.94,2901.61,2890.62,2900.68,12796,25,0
2025-08-01 20:00:00,2900.7,2907.22,2900.62,2904.71,11353,25,0
2025-08-01 21:00:00,2904.64,2905.88,2900.08,2904.35,9826,25,0
2025-08-01 22:00:00,2904.35,2905.59,2899.96,2901.81,12829,25,0
2025-08-01 23:00:00,2901.76,2902.96,2898.6,2901.54,6745,25,0
2025-08-04 01:00:00,2902.48,2905.57,2898.73,2899.76,7283,26,0
2025-08-04 02:00:00,2899.76,2901.53,2896.14,2901.31,5369,25,0
2025-08-04 03:00:00,2901.31,2902.62,2898.16,2900.19,10153,25,0
2025-08-04 04:00:00,2900.24,2901.37,2895.53,2896.93,11795,25,0
2025-08-04 05:00:00,2896.93,2898.61,2894.95,2897.59,7766,25,0
2025-08-04 06:00:00,2897.59,2902.18,2896.08,2901.92,7776,25,0
2025-08-04 07:00:00,2901.92,2903.47,2900.21,2901.95,5886,25,0
2025-08-04 08:00:00,2901.95,2903.5,2899.7,2901.72,7191,25,0
2025-08-04 09:00:00,2901.72,2905.95,2898.97,2905.93,10853,25,0
2025-08-04 10:00:00,2905.75,2906.25,2900.27,2901.84,11590,25,0
2025-08-04 11:00:00,2901.99,2908.18,2901.01,2905.65,10159,25,0
2025-08-04 12:00:00,2905.65,2906.78,2900.47,2903.62,9066,25,0
2025-08-04 13:00:00,2903.62,2905.62,2899.98,2901.17,8831,25,0
2025-08-04 14:00:00,2901.17,2914.05,2900.71,2913.69,11120,25,0
2025-08-04 15:00:00,2913.69,2915.83,2901.08,2909.41,13231,25,0
2025-08-04 16:00:00,2909.39,2924.7,2909.23,2922.8,17627,25,0
2025-08-04 17:00:00,2922.67,2923.42,2913.69,2917.61,16969,25,0
2025-08-04 18:00:00,2917.61,2919.11,2913.85,2917.11,13071,25,0
2025-08-04 19:00:00,2917.11,2921.85,2912.26,2912.97,9789,25,0
2025-08-04 20:00:00,2912.97,2917.03,2912.9,2915.38,7843,25,0
2025-08-04 21:00:00,2915.4,2919.18,2914.19,2918.83,6922,25,0
2025-08-04 22:00:00,2918.83,2919.52,2917.23,2918.31,6636,25,0
2025-08-04 23:00:00,2918.31,2918.43,2914.27,2914.59,3686,25,0
2025-08-05 01:00:00,2915.72,2917.3,2913.63,2914.39,2801,26,0
2025-08-05 02:00:00,2914.39,2917.13,2914.17,2915.47,4138,25,0
2025-08-05 03:00:00,2915.47,2921.44,2913.77,2920.65,6864,25,0
2025-08-05 04:00:00,2920.63,2924.75,2920.58,2921.96,8625,25,0
2025-08-05 05:00:00,2921.96,2924.77,2918.21,2918.21,7245,25,0
2025-08-05 06:00:00,2918.21,2920.52,2916.7,2918.12,5352,25,0
2025-08-05 07:00:00,2918.12,2919.14,2916.37,2916.56,4577,25,0
2025-08-05 08:00:00,2916.56,2921.69,2914.85,2921.61,7365,25,0
2025-08-05 09:00:00,2921.64,2922.28,2913.81,2914.22,8360,25,0
2025-08-05 10:00:00,2914.24,2923.38,2914.19,2921.84,11028,25,0
2025-08-05 11:00:00,2921.84,2923.28,2917.62,2917.67,10145,25,0
2025-08-05 12:00:00,2917.62,2918.65,2909.83,2910.64,9137,25,0
2025-08-05 13:00:00,2910.65,2912.03,2903.98,2904.45,9273,25,0
2025-08-05 14:00:00,2904.45,2907.95,2902.38,2904.18,9560,25,0
2025-08-05 15:00:00,2904.18,2918.97,2903.32,2917.53,13809,25,0
2025-08-05 16:00:00,2917.64,2927.49,2916.58,2924.41,15681,25,0
2025-08-05 17:00:00,2924.37,2931.23,2920.68,2927.04,20333,24,0
2025-08-05 18:00:00,2927.04,2928.32,2921.21,2927.12,12967,24,0
2025-08-05 19:00:00,2927.12,2927.51,2915.42,2919.82,9961,25,0
2025-08-05 20:00:00,2919.84,2921.23,2917.86,2919.31,7261,25,0
2025-08-05 21:00:00,2919.31,2921.46,2918.11,2920.38,7223,25,0
2025-08-05 22:00:00,2920.38,2922.46,2919.29,2919.73,6135,25,0
2025-08-05 23:00:00,2919.73,2920.75,2918.36,2920.1,3502,25,0
2025-08-06 01:00:00,2920.16,2921.41,2919.02,2919.49,2700,26,0
2025-08-06 02:00:00,2919.49,2922.65,2918.71,2921.87,3506,25,0
2025-08-06 03:00:00,2921.87,2924.49,2919.91,2923.35,6705,25,0
2025-08-06 04:00:00,2923.35,2923.71,2915.86,2918.64,8943,25,0
2025-08-06 05:00:00,2918.64,2920.3,2916.2,2918.26,6477,25,0
2025-08-06 06:00:00,2918.26,2918.81,2913.76,2913.96,5413,25,0
2025-08-06 07:00:00,2913.96,2915.82,2910.85,2911.52,4362,25,0
2025-08-06 08:00:00,2911.52,2914.37,2910.93,2914.1,6377,25,0
2025-08-06 09:00:00,2914.12,2916.56,2913.17,2914.93,7448,25,0
2025-08-06 10:00:00,2914.93,2916.61,2910.67,2912.84,9082,25,0
2025-08-06 11:00:00,2912.84,2914.61,2906.04,2907.16,9324,25,0
2025-08-06 12:00:00,2907.16,2908.76,2898.61,2899.18,8945,25,0
2025-08-06 13:00:00,2899.18,2901.55,2896.13,2897.86,9860,25,0
2025-08-06 14:00:00,2897.86,2900.68,2896.96,2899.85,7699,25,0
2025-08-06 15:00:00,2899.85,2899.91,2894.58,2897.03,12065,25,0
2025-08-06 16:00:00,2897.03,2901.14,2895.1,2897.62,15948,25,0
2025-08-06 17:00:00,2897.61,2906.84,2897.45,2906.29,13979,24,0
2025-08-06 18:00:00,2906.29,2907.11,2898.01,2899.98,13964,25,0
2025-08-06 19:00:00,2900.01,2902.72,2896.64,2901.66,10284,25,0
2025-08-06 20:00:00,2901.66,2902.46,2894.29,2896.76,9822,25,0
2025-08-06 21:00:00,2896.73,2896.73,2888.86,2890.85,8320,25,0
2025-08-06 22:00:00,2890.85,2892.66,2889.81,2892.44,7317,25,0
2025-08-06 23:00:00,2892.44,2892.54,2888.39,2889.21,5318,25,0
2025-08-07 01:00:00,2888.74,2893.48,2888.57,2890.92,4767,26,0
2025-08-07 02:00:00,2890.92,2891.1,2887.58,2889.45,4652,25,0
2025-08-07 03:00:00,2889.48,2895.94,2886.56,2893.87,10228,25,0
2025-08-07 04:00:00,2893.87,2901.6,2892.11,2901.29,11624,25,0
2025-08-07 05:00:00,2901.29,2901.68,2897.72,2899.0,7976,25,0
2025-08-07 06:00:00,2899.0,2899.35,2896.36,2897.33,6439,25,0
2025-08-07 07:00:00,2897.33,2897.84,2893.18,2893.87,5614,25,0
2025-08-07 08:00:00,2893.87,2896.31,2887.9,2891.1,9254,25,0
2025-08-07 09:00:00,2891.11,2901.52,2890.87,2901.29,11792,26,0
2025-08-07 10:00:00,2901.34,2907.71,2900.17,2905.05,13020,26,0
2025-08-07 11:00:00,2905.05,2905.78,2887.97,2891.5,16902,25,0
2025-08-07 12:00:00,2891.57,2895.41,2888.79,2893.24,12292,25,0
2025-08-07 13:00:00,2893.24,2896.65,2889.15,2890.08,10616,25,0
2025-08-07 14:00:00,2890.08,2904.66,2889.01,2901.05,15221,25,0
2025-08-07 15:00:00,2901.02,2907.44,2899.02,2901.63,15426,15,0
2025-08-07 16:00:00,2901.58,2913.21,2900.96,2907.31,19916,25,0
2025-08-07 17:00:00,2907.31,2916.98,2902.51,2914.33,22886,25,0
2025-08-07 18:00:00,2914.34,2918.65,2908.92,2912.41,13211,25,0
2025-08-07 19:00:00,2912.41,2914.96,2909.45,2911.71,9090,25,0
2025-08-07 20:00:00,2911.71,2916.48,2908.3,2915.97,10914,25,0
2025-08-07 21:00:00,2915.97,2916.86,2913.03,2915.25,7827,25,0
2025-08-07 22:00:00,2915.25,2918.55,2914.31,2917.07,11986,25,0
2025-08-07 23:00:00,2917.09,2917.21,2907.04,2910.44,10228,25,0
2025-08-08 01:00:00,2915.51,2919.42,2902.85,2916.58,10241,19,0
2025-08-08 02:00:00,2916.0,2917.88,2906.8,2911.82,5784,20,0
2025-08-08 03:00:00,2911.81,2914.2,2900.98,2903.83,17808,17,0
2025-08-08 04:00:00,2903.83,2905.67,2898.45,2902.33,17223,18,0
2025-08-08 05:00:00,2902.4,2906.61,2901.42,2905.65,11293,25,0
2025-08-08 06:00:00,2905.65,2914.44,2900.86,2912.43,13321,19,0
2025-08-08 07:00:00,2912.43,2915.64,2910.33,2911.46,10629,16,0
2025-08-08 08:00:00,2911.46,2915.45,2909.63,2913.96,10644,25,0
2025-08-08 09:00:00,2913.96,2916.93,2909.17,2912.75,13252,25,0
2025-08-08 10:00:00,2912.73,2920.28,2907.13,2917.89,16761,16,0
2025-08-08 11:00:00,2917.89,2920.5,2915.81,2916.69,15047,25,0
2025-08-08 12:00:00,2916.7,2923.89,2915.98,2921.1,14528,25,0
2025-08-08 13:00:00,2921.1,2921.36,2908.54,2909.16,14762,15,0
2025-08-08 14:00:00,2909.15,2911.63,2903.74,2907.94,16414,25,0
2025-08-08 15:00:00,2907.93,2920.73,2906.29,2913.07,21870,16,0
2025-08-08 16:00:00,2913.07,2920.16,2907.54,2918.87,22537,25,0
2025-08-08 17:00:00,2918.87,2919.38,2900.62,2908.81,20185,25,0
2025-08-08 18:00:00,2908.82,2911.9,2906.37,2911.84,15598,25,0
2025-08-08 19:00:00,2911.82,2918.31,2910.82,2914.69,13413,25,0
2025-08-08 20:00:00,2914.69,2915.42,2902.37,2902.59,11841,19,0
2025-08-08 21:00:00,2902.86,2918.53,2900.82,2913.04,18540,13,0
2025-08-08 22:00:00,2913.04,2919.97,2912.11,2919.13,14940,25,0
2025-08-08 23:00:00,2919.13,2919.23,2912.63,2915.9,6348,25,0
2025-08-11 01:00:00,2915.32,2923.54,2909.39,2915.13,5405,26,0
2025-08-11 02:00:00,2915.13,2916.53,2910.41,2911.55,3936,25,0
2025-08-11 03:00:00,2911.55,2912.46,2903.1,2903.23,9252,25,0
2025-08-11 04:00:00,2903.09,2905.37,2891.53,2896.96,13198,25,0
2025-08-11 05:00:00,2896.96,2896.96,2889.01,2894.77,9911,25,0
2025-08-11 06:00:00,2894.77,2896.03,2890.68,2894.48,6963,25,0
2025-08-11 07:00:00,2894.48,2895.04,2891.64,2892.26,5281,25,0
2025-08-11 08:00:00,2892.26,2896.24,2891.08,2893.96,7631,25,0
2025-08-11 09:00:00,2893.92,2893.99,2882.98,2885.37,11674,25,0
2025-08-11 10:00:00,2885.37,2888.11,2881.58,2884.9,13326,25,0
2025-08-11 11:00:00,2884.9,2888.14,2882.6,2884.39,10821,25,0
2025-08-11 12:00:00,2884.49,2889.16,2880.12,2880.47,11301,25,0
2025-08-11 13:00:00,2880.45,2888.73,2880.28,2883.55,9249,25,0
2025-08-11 14:00:00,2883.55,2885.99,2878.68,2885.31,12164,25,0
2025-08-11 15:00:00,2885.31,2889.42,2877.25,2888.66,14752,25,0
2025-08-11 16:00:00,2888.66,2894.33,2881.36,2890.46,17019,25,0
2025-08-11 17:00:00,2890.46,2893.92,2881.84,2885.63,16048,25,0
2025-08-11 18:00:00,2885.63,2888.73,2884.24,2885.75,11969,25,0
2025-08-11 19:00:00,2885.75,2886.38,2880.02,2880.92,9578,25,0
2025-08-11 20:00:00,2880.96,2893.29,2877.69,2891.69,13017,25,0
2025-08-11 21:00:00,2891.69,2892.5,2887.6,2890.1,8540,25,0
2025-08-11 22:00:00,2890.1,2890.98,2886.88,2887.9,6219,25,0
2025-08-11 23:00:00,2887.9,2888.05,2875.85,2877.16,5721,24,0
2025-08-12 01:00:00,2876.12,2882.24,2875.87,2882.09,4206,26,0
2025-08-12 02:00:00,2882.09,2883.67,2880.93,2882.9,3507,25,0
2025-08-12 03:00:00,2882.9,2888.63,2881.32,2887.89,8056,25,0
2025-08-12 04:00:00,2887.89,2889.77,2879.76,2882.91,10323,25,0
2025-08-12 05:00:00,2882.91,2885.79,2882.51,2884.8,6489,25,0
2025-08-12 06:00:00,2884.8,2886.63,2881.25,2882.13,6144,25,0
2025-08-12 07:00:00,2882.15,2886.16,2881.87,2884.85,5863,25,0
2025-08-12 08:00:00,2884.85,2889.13,2884.11,2888.34,7618,25,0
2025-08-12 09:00:00,2888.34,2888.59,2878.1,2881.62,11016,25,0
2025-08-12 10:00:00,2881.62,2890.07,2879.71,2887.67,9992,25,0
2025-08-12 11:00:00,2887.67,2888.04,2880.3,2882.38,8271,25,0
2025-08-12 12:00:00,2882.41,2886.15,2881.21,2882.33,7477,25,0
2025-08-12 13:00:00,2882.27,2886.18,2880.2,2880.64,8508,25,0
2025-08-12 14:00:00,2880.64,2886.25,2874.5,2884.35,10996,25,0
2025-08-12 15:00:00,2884.36,2885.2,2871.81,2877.24,19696,25,0
2025-08-12 16:00:00,2877.24,2883.2,2870.15,2871.02,22874,25,0
2025-08-12 17:00:00,2871.02,2871.19,2857.88,2862.73,20052,25,0
2025-08-12 18:00:00,2862.73,2873.79,2862.29,2869.87,18397,25,0
2025-08-12 19:00:00,2869.83,2871.59,2865.34,2867.63,12753,25,0
2025-08-12 20:00:00,2867.63,2869.95,2865.79,2868.9,9076,25,0
2025-08-12 21:00:00,2868.9,2871.05,2868.08,2869.97,7684,25,0
2025-08-12 22:00:00,2869.97,2870.49,2866.56,2867.31,6960,25,0
2025-08-12 23:00:00,2867.32,2868.91,2866.1,2867.83,4420,25,0
2025-08-13 01:00:00,2868.01,2872.12,2867.99,2869.34,3392,26,0
2025-08-13 02:00:00,2869.34,2870.77,2868.55,2869.12,3150,25,0
2025-08-13 03:00:00,2869.12,2869.43,2862.34,2862.64,7509,25,0
2025-08-13 04:00:00,2862.64,2870.14,2862.05,2869.56,10434,25,0
2025-08-13 05:00:00,2869.56,2871.42,2866.58,2869.07,8340,25,0
2025-08-13 06:00:00,2869.07,2870.1,2865.94,2866.82,6152,25,0
2025-08-13 07:00:00,2866.81,2868.7,2866.02,2868.53,4580,25,0
2025-08-13 08:00:00,2868.53,2868.99,2864.58,2867.65,6356,25,0
2025-08-13 09:00:00,2867.65,2872.42,2866.65,2871.18,10391,25,0
2025-08-13 10:00:00,2871.18,2871.28,2864.73,2865.22,10242,25,0
2025-08-13 11:00:00,2865.26,2870.59,2860.97,2868.5,10527,25,0
2025-08-13 12:00:00,2868.5,2870.33,2865.71,2868.53,8913,25,0
2025-08-13 13:00:00,2868.53,2873.17,2867.7,2872.93,7160,25,0
2025-08-13 14:00:00,2872.93,2874.09,2867.13,2868.98,9455,25,0
2025-08-13 15:00:00,2868.98,2872.46,2864.47,2870.3,12179,25,0
2025-08-13 16:00:00,2870.3,2876.08,2867.41,2874.91,14636,25,0
2025-08-13 17:00:00,2874.96,2879.43,2867.8,2869.49,14824,25,0
2025-08-13 18:00:00,2869.49,2870.18,2861.95,2866.39,11512,25,0
2025-08-13 19:00:00,2866.41,2869.5,2865.8,2868.31,7630,25,0
2025-08-13 20:00:00,2868.31,2869.41,2863.67,2865.27,6631,25,0
2025-08-13 21:00:00,2865.27,2867.0,2863.74,2866.23,5824,25,0
2025-08-13 22:00:00,2866.23,2870.74,2865.73,2869.87,5413,25,0
2025-08-13 23:00:00,2869.87,2870.14,2866.16,2866.89,3236,25,0
2025-08-14 01:00:00,2867.49,2869.41,2866.93,2867.68,2986,25,0
2025-08-14 02:00:00,2867.7,2872.11,2867.61,2871.07,4045,25,0
2025-08-14 03:00:00,2871.07,2880.95,2871.04,2877.05,9442,25,0
2025-08-14 04:00:00,2877.05,2877.87,2872.84,2874.83,10723,25,0
2025-08-14 05:00:00,2874.83,2878.0,2872.87,2872.96,7970,25,0
2025-08-14 06:00:00,2872.96,2873.91,2866.76,2871.18,8904,25,0
2025-08-14 07:00:00,2871.16,2872.19,2869.61,2871.14,4882,25,0
2025-08-14 08:00:00,2871.14,2872.58,2868.97,2870.36,6925,25,0
2025-08-14 09:00:00,2870.36,2877.19,2868.27,2877.09,11283,25,0
2025-08-14 10:00:00,2877.09,2880.01,2862.51,2864.69,13484,25,0
2025-08-14 11:00:00,2864.69,2868.79,2860.94,2867.65,11602,25,0
2025-08-14 12:00:00,2867.65,2874.51,2866.4,2873.16,11063,25,0
2025-08-14 13:00:00,2873.16,2874.38,2866.99,2868.55,8291,25,0
2025-08-14 14:00:00,2868.55,2871.9,2867.66,2870.81,8150,25,0
2025-08-14 15:00:00,2870.79,2873.86,2867.5,2872.56,17445,25,0
2025-08-14 16:00:00,2872.56,2877.8,2868.82,2870.33,19689,25,0
2025-08-14 17:00:00,2870.36,2872.37,2862.85,2864.71,18746,25,0
2025-08-14 18:00:00,2864.71,2870.83,2861.91,2870.11,12887,25,0
2025-08-14 19:00:00,2870.11,2870.28,2861.46,2865.89,12654,25,0
2025-08-14 20:00:00,2865.89,2868.97,2862.68,2868.24,8965,25,0
2025-08-14 21:00:00,2868.24,2869.17,2866.27,2867.45,6793,25,0
2025-08-14 22:00:00,2867.45,2868.81,2865.48,2865.56,5719,25,0
2025-08-14 23:00:00,2865.56,2866.02,2862.32,2862.97,3837,25,0
2025-08-15 01:00:00,2862.39,2864.78,2860.29,2861.14,3535,26,0
2025-08-15 02:00:00,2861.14,2863.47,2860.15,2863.01,2932,25,0
2025-08-15 03:00:00,2863.01,2865.33,2860.71,2863.76,5991,25,0
2025-08-15 04:00:00,2863.76,2866.19,2861.31,2865.76,8237,25,0
2025-08-15 05:00:00,2865.76,2866.21,2863.7,2865.6,6549,25,0
2025-08-15 06:00:00,2865.6,2868.35,2864.58,2867.32,5488,25,0
2025-08-15 07:00:00,2867.32,2870.26,2867.07,2868.33,5617,25,0
2025-08-15 08:00:00,2868.34,2871.37,2864.6,2864.97,6401,25,0
2025-08-15 09:00:00,2864.97,2865.76,2861.38,2861.82,7405,25,0
2025-08-15 10:00:00,2861.82,2865.31,2859.85,2864.14,9138,25,0
2025-08-15 11:00:00,2864.14,2866.01,2858.63,2860.01,9117,25,0
2025-08-15 12:00:00,2860.01,2862.21,2856.74,2859.98,8267,25,0
2025-08-15 13:00:00,2859.98,2860.07,2854.62,2856.1,7093,25,0
2025-08-15 14:00:00,2856.17,2861.95,2854.54,2859.62,7904,25,0
2025-08-15 15:00:00,2859.62,2860.04,2854.56,2858.37,14312,25,0
2025-08-15 16:00:00,2858.37,2859.92,2847.58,2849.71,16122,25,0
2025-08-15 17:00:00,2849.72,2855.04,2848.32,2853.28,14522,25,0
2025-08-15 18:00:00,2853.25,2856.23,2853.25,2854.94,9868,25,0
2025-08-15 19:00:00,2854.94,2855.5,2850.27,2852.12,7608,25,0
2025-08-15 20:00:00,2852.12,2853.53,2849.44,2850.15,6377,25,0
2025-08-15 21:00:00,2850.15,2851.91,2849.05,2850.56,5693,25,0
2025-08-15 22:00:00,2850.56,2853.92,2849.23,2853.65,5785,25,0
2025-08-15 23:00:00,2853.65,2853.72,2847.23,2849.42,3542,25,0
2025-08-18 01:00:00,2847.6,2850.13,2844.97,2846.45,4208,26,0
2025-08-18 02:00:00,2846.45,2847.06,2837.92,2842.03,6038,25,0
2025-08-18 03:00:00,2842.01,2856.17,2841.76,2854.69,10424,25,0
2025-08-18 04:00:00,2854.74,2860.31,2854.26,2859.67,10179,25,0
2025-08-18 05:00:00,2859.66,2860.12,2856.75,2857.17,6635,25,0
2025-08-18 06:00:00,2857.17,2863.95,2857.14,2859.72,6967,25,0
2025-08-18 07:00:00,2859.68,2868.12,2859.51,2867.41,7605,25,0
2025-08-18 08:00:00,2867.41,2868.19,2859.05,2861.27,9053,25,0
2025-08-18 09:00:00,2861.27,2864.63,2859.43,2863.6,8798,25,0
2025-08-18 10:00:00,2863.6,2867.99,2862.54,2866.86,10199,25,0
2025-08-18 11:00:00,2866.86,2868.71,2863.07,2866.44,8970,25,0
2025-08-18 12:00:00,2866.44,2870.25,2865.72,2866.32,7321,25,0
2025-08-18 13:00:00,2866.32,2868.77,2864.95,2865.07,6324,5,0
2025-08-18 14:00:00,2865.07,2866.25,2863.4,2865.45,6082,5,0
2025-08-18 15:00:00,2865.33,2869.46,2864.16,2864.56,8913,5,0
2025-08-18 16:00:00,2864.46,2865.86,2857.01,2857.24,12269,5,0
2025-08-18 17:00:00,2857.22,2860.44,2854.25,2858.61,12742,5,0
2025-08-18 18:00:00,2858.61,2859.39,2856.34,2859.0,9110,5,0
2025-08-18 19:00:00,2859.0,2860.34,2856.13,2860.1,7235,5,0
2025-08-18 20:00:00,2860.1,2860.17,2856.44,2858.38,5983,5,0
2025-08-18 21:00:00,2858.36,2858.69,2856.14,2857.57,3789,5,0
2025-08-18 22:00:00,2857.57,2857.9,2854.7,2857.24,4556,5,0
2025-08-18 23:00:00,2857.24,2857.97,2856.49,2857.81,2948,5,0
2025-08-19 01:00:00,2858.33,2859.11,2854.99,2857.37,2758,6,0
2025-08-19 02:00:00,2857.37,2858.52,2854.3,2854.72,3220,5,0
2025-08-19 03:00:00,2854.72,2861.62,2851.01,2860.77,7892,5,0
2025-08-19 04:00:00,2860.77,2863.46,2856.19,2861.0,9873,5,0
2025-08-19 05:00:00,2861.0,2864.95,2858.52,2864.5,7016,5,0
2025-08-19 06:00:00,2864.47,2867.15,2862.64,2863.82,6949,5,0
2025-08-19 07:00:00,2863.82,2864.21,2860.2,2862.31,4896,5,0
2025-08-19 08:00:00,2862.31,2864.18,2860.64,2862.36,6375,5,0
2025-08-19 09:00:00,2862.37,2864.61,2857.5,2857.57,7132,5,0
2025-08-19 10:00:00,2857.56,2861.65,2855.53,2859.4,8376,5,0
2025-08-19 11:00:00,2859.4,2860.58,2857.71,2859.04,6557,5,0
2025-08-19 12:00:00,2859.04,2860.24,2857.82,2858.95,5936,5,0
2025-08-19 13:00:00,2858.97,2862.8,2858.9,2860.49,6538,5,0
2025-08-19 14:00:00,2860.51,2861.28,2857.96,2857.98,6239,5,0
2025-08-19 15:00:00,2857.98,2858.88,2854.44,2856.22,9677,5,0
2025-08-19 16:00:00,2856.22,2860.36,2848.39,2855.28,14985,5,0
2025-08-19 17:00:00,2855.34,2860.03,2845.12,2848.93,13965,5,0
2025-08-19 18:00:00,2848.96,2852.34,2845.81,2849.95,10964,5,0
2025-08-19 19:00:00,2849.95,2851.46,2845.23,2846.04,8696,5,0
2025-08-19 20:00:00,2846.06,2848.16,2843.11,2846.47,8216,5,0
2025-08-19 21:00:00,2846.45,2851.7,2846.26,2849.05,5827,5,0
2025-08-19 22:00:00,2849.05,2849.85,2846.67,2847.12,6769,5,0
2025-08-19 23:00:00,2847.12,2848.72,2846.03,2846.5,3568,5,0
2025-08-20 01:00:00,2846.11,2848.32,2846.08,2847.41,2826,5,0
2025-08-20 02:00:00,2847.41,2848.87,2845.46,2846.95,3664,5,0
2025-08-20 03:00:00,2846.95,2850.57,2846.58,2849.12,6807,5,0
2025-08-20 04:00:00,2849.12,2852.95,2845.91,2851.3,10239,5,0
2025-08-20 05:00:00,2851.3,2852.91,2849.0,2850.39,8314,5,0
2025-08-20 06:00:00,2850.39,2852.61,2849.61,2851.85,6190,5,0
2025-08-20 07:00:00,2851.85,2854.26,2850.96,2852.48,4501,5,0
2025-08-20 08:00:00,2852.48,2855.53,2851.19,2855.31,5610,5,0
2025-08-20 09:00:00,2855.33,2861.25,2854.46,2856.43,8806,6,0
2025-08-20 10:00:00,2856.39,2858.48,2854.24,2855.18,7853,5,0
2025-08-20 11:00:00,2855.18,2857.69,2853.18,2857.09,7183,5,0
2025-08-20 12:00:00,2857.09,2859.09,2855.69,2856.29,6317,5,0
2025-08-20 13:00:00,2856.27,2857.11,2852.69,2856.08,6594,5,0
2025-08-20 14:00:00,2856.07,2863.01,2855.05,2862.35,8597,5,0
2025-08-20 15:00:00,2862.35,2865.97,2860.85,2864.27,13405,5,0
2025-08-20 16:00:00,2864.27,2869.69,2862.38,2868.93,14170,5,0
2025-08-20 17:00:00,2868.98,2871.89,2864.94,2869.67,14170,5,0
2025-08-20 18:00:00,2869.67,2869.86,2863.94,2868.03,9788,5,0
2025-08-20 19:00:00,2868.0,2869.88,2866.92,2869.03,7027,5,0
2025-08-20 20:00:00,2869.03,2869.66,2867.18,2867.41,7081,5,0
2025-08-20 21:00:00,2867.41,2870.76,2866.86,2870.64,7426,5,0
2025-08-20 22:00:00,2870.64,2874.08,2870.39,2873.81,6571,5,0
2025-08-20 23:00:00,2873.81,2875.44,2872.63,2873.6,3541,5,0
2025-08-21 01:00:00,2872.53,2876.16,2871.31,2874.39,3632,7,0
2025-08-21 02:00:00,2874.39,2874.47,2872.09,2872.5,3382,5,0
2025-08-21 03:00:00,2872.5,2872.57,2869.27,2869.52,6422,5,0
2025-08-21 04:00:00,2869.52,2872.67,2868.14,2870.24,7576,5,0
2025-08-21 05:00:00,2870.15,2872.09,2868.03,2871.5,6318,5,0
2025-08-21 06:00:00,2871.5,2871.93,2867.34,2867.66,4856,5,0
2025-08-21 07:00:00,2867.66,2868.79,2865.99,2866.43,3650,5,0
2025-08-21 08:00:00,2866.41,2868.16,2865.49,2865.89,5354,5,0
2025-08-21 09:00:00,2865.89,2869.54,2865.1,2868.82,8471,5,0
2025-08-21 10:00:00,2868.84,2869.53,2863.7,2864.36,7815,5,0
2025-08-21 11:00:00,2864.36,2866.73,2863.78,2865.26,7142,5,0
2025-08-21 12:00:00,2865.2,2866.78,2863.06,2866.17,6583,5,0
2025-08-21 13:00:00,2866.28,2867.16,2855.86,2857.01,8107,5,0
2025-08-21 14:00:00,2857.01,2863.88,2853.42,2863.62,9720,5,0
2025-08-21 15:00:00,2863.57,2871.63,2863.36,2869.22,13402,5,0
2025-08-21 16:00:00,2869.19,2875.57,2866.46,2873.3,15475,5,0
2025-08-21 17:00:00,2873.34,2881.77,2871.86,2878.84,15880,5,0
2025-08-21 18:00:00,2878.84,2881.3,2874.92,2881.18,13135,5,0
2025-08-21 19:00:00,2881.18,2881.73,2875.02,2876.14,7516,5,0
2025-08-21 20:00:00,2876.11,2877.11,2872.24,2872.86,6201,5,0
2025-08-21 21:00:00,2872.86,2876.31,2872.63,2876.16,5290,5,0
2025-08-21 22:00:00,2876.16,2879.64,2875.84,2876.81,4738,5,0
2025-08-21 23:00:00,2876.77,2877.39,2874.99,2876.24,2628,5,0
2025-08-22 01:00:00,2875.05,2877.02,2874.83,2874.94,2771,7,0
2025-08-22 02:00:00,2874.94,2875.62,2873.74,2874.7,2205,5,0
2025-08-22 03:00:00,2874.7,2875.61,2871.78,2875.09,5402,5,0
2025-08-22 04:00:00,2875.09,2876.11,2871.59,2872.05,6648,5,0
2025-08-22 05:00:00,2872.05,2873.38,2870.2,2871.86,6212,5,0
2025-08-22 06:00:00,2871.84,2876.91,2870.68,2874.72,5663,5,0
2025-08-22 07:00:00,2874.72,2875.1,2872.45,2872.92,4602,5,0
2025-08-22 08:00:00,2872.92,2874.54,2871.64,2873.8,5685,5,0
2025-08-22 09:00:00,2873.95,2873.95,2868.36,2872.86,7608,6,0
2025-08-22 10:00:00,2872.86,2875.35,2868.19,2869.62,8648,5,0
2025-08-22 11:00:00,2869.62,2872.5,2868.09,2869.63,7542,5,0
2025-08-22 12:00:00,2869.63,2872.05,2869.33,2871.51,5664,5,0
2025-08-22 13:00:00,2871.51,2872.86,2870.71,2872.35,4797,5,0
2025-08-22 14:00:00,2872.33,2872.34,2867.46,2868.84,6613,5,0
2025-08-22 15:00:00,2868.82,2868.82,2860.71,2862.71,11434,5,0
2025-08-22 16:00:00,2862.73,2875.27,2861.43,2873.79,13220,5,0
2025-08-22 17:00:00,2873.36,2884.14,2867.36,2878.91,26858,5,0
2025-08-22 18:00:00,2878.93,2882.48,2873.65,2875.37,16947,5,0
2025-08-22 19:00:00,2875.25,2878.22,2873.8,2875.26,10342,5,0
2025-08-22 20:00:00,2875.26,2876.26,2873.13,2874.65,8200,5,0
2025-08-22 21:00:00,2874.67,2877.62,2873.71,2877.25,6372,5,0
2025-08-22 22:00:00,2877.21,2878.36,2873.56,2877.96,7089,5,0
2025-08-22 23:00:00,2877.98,2878.34,2873.7,2875.29,3311,5,0
2025-08-25 01:00:00,2875.01,2876.27,2873.01,2874.9,3833,5,0
2025-08-25 02:00:00,2874.9,2879.0,2874.14,2877.61,3559,5,0
2025-08-25 03:00:00,2877.61,2878.35,2875.13,2876.49,5508,5,0
2025-08-25 04:00:00,2876.49,2878.83,2873.37,2875.22,7659,5,0
2025-08-25 05:00:00,2875.22,2876.51,2872.6,2876.36,5419,5,0
2025-08-25 06:00:00,2876.36,2877.15,2875.46,2876.34,4502,5,0
2025-08-25 07:00:00,2876.34,2876.41,2873.71,2875.49,3497,5,0
2025-08-25 08:00:00,2875.49,2876.29,2874.37,2875.6,3577,5,0
2025-08-25 09:00:00,2875.61,2876.3,2873.15,2875.81,6754,5,0
2025-08-25 10:00:00,2875.81,2878.95,2873.8,2877.66,6073,5,0
2025-08-25 11:00:00,2877.66,2877.85,2873.09,2874.12,5586,5,0
2025-08-25 12:00:00,2874.12,2880.59,2873.38,2879.72,5631,4,0
2025-08-25 13:00:00,2879.72,2881.62,2879.13,2879.94,5590,5,0
2025-08-25 14:00:00,2879.94,2883.14,2878.8,2880.16,6488,5,0
2025-08-25 15:00:00,2880.14,2881.8,2874.72,2875.68,7310,5,0
2025-08-25 16:00:00,2875.68,2880.73,2874.47,2880.27,11064,5,0
2025-08-25 17:00:00,2880.27,2886.86,2879.0,2886.53,13097,5,0
2025-08-25 18:00:00,2886.53,2892.37,2886.37,2891.44,10067,5,0
2025-08-25 19:00:00,2891.43,2895.09,2890.71,2894.79,7138,5,0
2025-08-25 20:00:00,2894.79,2897.16,2894.08,2894.44,6879,5,0
2025-08-25 21:00:00,2894.44,2901.23,2893.86,2900.51,6369,5,0
2025-08-25 22:00:00,2900.51,2903.2,2898.54,2898.88,6894,5,0
2025-08-25 23:00:00,2898.84,2899.03,2893.72,2895.91,3614,5,0
2025-08-26 01:00:00,2895.95,2897.87,2894.8,2895.15,3331,6,0
2025-08-26 02:00:00,2895.13,2895.13,2885.54,2888.63,6177,5,0
2025-08-26 03:00:00,2888.63,2907.04,2884.05,2904.49,19071,5,0
2025-08-26 04:00:00,2904.49,2906.05,2897.12,2900.63,12995,5,0
2025-08-26 05:00:00,2900.63,2902.85,2898.43,2900.68,8416,5,0
2025-08-26 06:00:00,2900.68,2902.0,2897.75,2900.64,6605,5,0
2025-08-26 07:00:00,2900.64,2905.64,2900.6,2903.46,5681,5,0
2025-08-26 08:00:00,2903.48,2904.99,2898.71,2900.6,7317,5,0
2025-08-26 09:00:00,2900.61,2905.35,2900.27,2904.96,9628,5,0
2025-08-26 10:00:00,2904.94,2907.79,2900.66,2905.53,12366,6,0
2025-08-26 11:00:00,2905.53,2909.32,2905.08,2906.5,9111,5,0
2025-08-26 12:00:00,2906.49,2906.54,2895.58,2896.29,9321,5,0
2025-08-26 13:00:00,2896.29,2898.22,2893.25,2895.7,7137,5,0
2025-08-26 14:00:00,2895.7,2901.96,2894.19,2898.2,10248,5,0
2025-08-26 15:00:00,2898.2,2901.05,2894.5,2895.39,11224,5,0
2025-08-26 16:00:00,2895.38,2899.54,2894.21,2897.24,15810,5,0
2025-08-26 17:00:00,2897.24,2900.06,2892.02,2899.53,15143,5,0
2025-08-26 18:00:00,2899.53,2908.05,2898.19,2905.59,12773,5,0
2025-08-26 19:00:00,2905.59,2906.97,2901.75,2904.19,8875,5,0
2025-08-26 20:00:00,2904.17,2906.38,2903.25,2905.79,6826,5,0
2025-08-26 21:00:00,2905.83,2908.67,2904.68,2907.69,6432,5,0
2025-08-26 22:00:00,2907.69,2912.9,2907.1,2911.92,7334,5,0
2025-08-26 23:00:00,2911.94,2915.08,2911.64,2914.85,3734,5,0
2025-08-27 01:00:00,2913.54,2914.82,2909.56,2912.43,3813,5,0
2025-08-27 02:00:00,2912.5,2914.24,2911.85,2913.85,2902,5,0
2025-08-27 03:00:00,2913.86,2915.33,2911.98,2912.8,6169,5,0
2025-08-27 04:00:00,2912.8,2912.96,2908.22,2910.71,8326,5,0
2025-08-27 05:00:00,2910.71,2912.67,2908.48,2909.49,5826,5,0
2025-08-27 06:00:00,2909.49,2910.12,2907.99,2908.0,4813,5,0
2025-08-27 07:00:00,2908.0,2908.85,2905.23,2905.96,5859,5,0
2025-08-27 08:00:00,2905.96,2908.22,2904.44,2906.28,6868,5,0
2025-08-27 09:00:00,2906.28,2910.97,2906.0,2906.37,8140,5,0
2025-08-27 10:00:00,2906.27,2914.59,2905.14,2914.22,8650,5,0
2025-08-27 11:00:00,2914.22,2921.69,2914.01,2920.52,9092,5,0
2025-08-27 12:00:00,2920.52,2921.17,2914.0,2914.69,7767,5,0
2025-08-27 13:00:00,2914.69,2916.39,2913.3,2915.16,9337,5,0
2025-08-27 14:00:00,2915.18,2916.94,2911.92,2914.5,8335,5,0
2025-08-27 15:00:00,2914.5,2919.49,2911.47,2918.2,11224,5,0
2025-08-27 16:00:00,2918.22,2919.2,2910.81,2912.47,13959,5,0
2025-08-27 17:00:00,2912.44,2921.61,2910.79,2921.13,13737,5,0
2025-08-27 18:00:00,2921.14,2921.82,2916.9,2918.08,12317,5,0
2025-08-27 19:00:00,2918.08,2921.45,2916.72,2917.57,11670,5,0
2025-08-27 20:00:00,2917.55,2919.8,2917.1,2917.38,8769,5,0
2025-08-27 21:00:00,2917.38,2919.36,2916.77,2918.66,6817,5,0
2025-08-27 22:00:00,2918.66,2919.85,2918.0,2919.34,6935,5,0
2025-08-27 23:00:00,2919.34,2919.42,2917.74,2918.72,4642,5,0
2025-08-28 01:00:00,2918.25,2920.38,2916.38,2916.49,3739,6,0
2025-08-28 02:00:00,2916.49,2919.24,2914.97,2915.41,3564,5,0
2025-08-28 03:00:00,2915.41,2918.21,2912.33,2912.69,6107,5,0
2025-08-28 04:00:00,2912.69,2912.76,2907.53,2907.53,9531,5,0
2025-08-28 05:00:00,2907.54,2910.46,2904.88,2910.46,7364,5,0
2025-08-28 06:00:00,2910.46,2912.48,2910.0,2911.78,5538,5,0
2025-08-28 07:00:00,2911.78,2913.73,2911.01,2912.69,4136,5,0
2025-08-28 08:00:00,2912.69,2913.4,2910.97,2912.25,5792,5,0
2025-08-28 09:00:00,2912.27,2917.44,2910.57,2916.22,8959,5,0
2025-08-28 10:00:00,2916.22,2919.15,2913.96,2916.43,8409,5,0
2025-08-28 11:00:00,2916.39,2921.62,2915.39,2920.92,8917,5,0
2025-08-28 12:00:00,2920.92,2921.26,2917.13,2918.07,6590,5,0
2025-08-28 13:00:00,2918.07,2918.15,2909.19,2910.62,8192,5,0
2025-08-28 14:00:00,2910.62,2921.26,2910.11,2917.77,9266,5,0
2025-08-28 15:00:00,2917.68,2920.61,2909.62,2911.2,14933,5,0
2025-08-28 16:00:00,2911.22,2922.0,2909.54,2919.22,17373,5,0
2025-08-28 17:00:00,2919.22,2924.07,2916.69,2923.88,15091,5,0
2025-08-28 18:00:00,2923.92,2925.39,2917.54,2922.38,11877,5,0
2025-08-28 19:00:00,2922.38,2925.04,2920.23,2921.94,10531,5,0
2025-08-28 20:00:00,2921.94,2924.52,2919.98,2924.4,9289,5,0
2025-08-28 21:00:00,2924.4,2926.58,2923.72,2925.9,7377,5,0
2025-08-28 22:00:00,2925.9,2930.06,2925.28,2929.18,8254,5,0
2025-08-28 23:00:00,2929.18,2929.47,2924.21,2924.6,4269,5,0
2025-08-29 01:00:00,2924.59,2926.94,2924.22,2926.85,2859,5,0
2025-08-29 02:00:00,2926.85,2926.86,2923.47,2923.98,2365,5,0
2025-08-29 03:00:00,2923.95,2926.57,2923.11,2923.84,6516,5,0
2025-08-29 04:00:00,2923.83,2925.63,2922.0,2924.78,9427,5,0
2025-08-29 05:00:00,2924.78,2927.7,2924.65,2925.14,6643,5,0
2025-08-29 06:00:00,2925.16,2927.06,2924.29,2924.55,4825,5,0
2025-08-29 07:00:00,2924.55,2925.04,2922.01,2922.44,4983,5,0
2025-08-29 08:00:00,2922.45,2923.85,2921.44,2922.39,5443,5,0
2025-08-29 09:00:00,2922.38,2925.44,2921.5,2923.0,6968,5,0
2025-08-29 10:00:00,2923.0,2924.85,2919.62,2922.28,9119,5,0
2025-08-29 11:00:00,2922.28,2925.66,2919.44,2920.88,8712,5,0
2025-08-29 12:00:00,2920.88,2921.23,2918.1,2919.12,8752,5,0
2025-08-29 13:00:00,2919.12,2920.69,2917.89,2918.68,7155,5,0
2025-08-29 14:00:00,2918.7,2924.88,2918.22,2924.37,7475,5,0
2025-08-29 15:00:00,2924.43,2934.82,2922.14,2930.44,13330,5,0
2025-08-29 16:00:00,2930.44,2938.69,2928.95,2937.99,16341,5,0
2025-08-29 17:00:00,2938.1,2942.82,2936.17,2940.0,21234,5,0
2025-08-29 18:00:00,2939.99,2948.04,2937.9,2946.43,17192,5,0
2025-08-29 19:00:00,2946.39,2947.98,2941.24,2947.64,13304,5,0
2025-08-29 20:00:00,2947.64,2948.91,2941.41,2944.27,10598,5,0
2025-08-29 21:00:00,2944.26,2946.5,2941.68,2943.03,8307,5,0
2025-08-29 22:00:00,2943.03,2952.64,2941.85,2951.33,10157,5,0
2025-08-29 23:00:00,2951.34,2951.36,2945.42,2950.28,6015,5,0
2025-09-01 01:00:00,2947.8,2953.41,2934.98,2951.79,5619,6,0
2025-09-01 02:00:00,2951.77,2952.6,2946.94,2949.52,3466,5,0
2025-09-01 03:00:00,2949.52,2949.52,2943.05,2944.39,5946,5,0
2025-09-01 04:00:00,2944.38,2958.06,2939.84,2956.13,11933,5,0
2025-09-01 05:00:00,2956.13,2975.29,2953.14,2974.52,20591,5,0
2025-09-01 06:00:00,2974.58,2976.12,2962.87,2967.68,12753,5,0
2025-09-01 07:00:00,2967.71,2972.13,2966.34,2968.03,7859,5,0
2025-09-01 08:00:00,2968.03,2973.1,2966.42,2968.36,11757,5,0
2025-09-01 09:00:00,2968.3,2974.59,2966.49,2967.26,14270,5,0
2025-09-01 10:00:00,2967.26,2968.58,2959.74,2966.0,13232,5,0
2025-09-01 11:00:00,2966.03,2969.65,2962.63,2962.8,10153,5,0
2025-09-01 12:00:00,2962.8,2963.49,2958.23,2960.43,10057,5,0
2025-09-01 13:00:00,2960.43,2963.9,2956.88,2961.37,9500,5,0
2025-09-01 14:00:00,2961.38,2963.11,2958.61,2962.26,9449,5,0
2025-09-01 15:00:00,2962.22,2964.47,2959.58,2963.28,9686,5,0
2025-09-01 16:00:00,2963.3,2971.3,2962.79,2968.36,11316,5,0
2025-09-01 17:00:00,2968.36,2973.12,2966.25,2967.9,10237,5,0
2025-09-01 18:00:00,2967.83,2972.82,2967.5,2969.47,7233,5,0
2025-09-01 19:00:00,2969.48,2971.3,2968.05,2970.81,4720,5,0
2025-09-01 20:00:00,2970.81,2972.67,2970.09,2971.5,3295,5,0
2025-09-01 21:00:00,2971.5,2971.56,2969.4,2969.44,1690,5,0
2025-09-02 01:00:00,2967.03,2970.87,2966.2,2967.59,4467,6,0
2025-09-02 02:00:00,2967.59,2971.9,2966.82,2970.04,4171,5,0
2025-09-02 03:00:00,2969.97,2976.34,2969.12,2972.56,10505,5,0
2025-09-02 04:00:00,2972.56,2998.51,2971.14,2988.61,18728,5,0
2025-09-02 05:00:00,2988.61,2992.6,2985.44,2988.64,13684,5,0
2025-09-02 06:00:00,2988.6,2989.29,2984.5,2988.5,8833,5,0
2025-09-02 07:00:00,2988.5,2991.48,2987.64,2990.37,6982,5,0
2025-09-02 08:00:00,2990.37,2990.94,2986.15,2986.94,8861,5,0
2025-09-02 09:00:00,2986.94,2988.52,2976.19,2978.33,13860,5,0
2025-09-02 10:00:00,2978.38,2986.57,2977.58,2985.53,17519,5,0
2025-09-02 11:00:00,2985.53,2988.19,2980.05,2986.35,16242,5,0
2025-09-02 12:00:00,2986.28,2993.31,2985.88,2987.54,12557,5,0
2025-09-02 13:00:00,2987.49,2996.76,2986.47,2996.58,12637,5,0
2025-09-02 14:00:00,2996.55,2997.14,2990.75,2996.43,13236,5,0
2025-09-02 15:00:00,2996.43,3001.43,2990.86,2997.28,19876,5,0
2025-09-02 16:00:00,2997.41,2999.83,2989.4,2995.28,21809,5,0
2025-09-02 17:00:00,2995.01,3011.43,2991.13,3010.74,24411,4,0
2025-09-02 18:00:00,3010.74,3021.21,3009.83,3021.19,18107,5,0
2025-09-02 19:00:00,3021.19,3030.56,3020.1,3029.71,15018,5,0
2025-09-02 20:00:00,3029.77,3031.67,3025.11,3031.5,11551,5,0
2025-09-02 21:00:00,3031.51,3036.15,3030.24,3033.0,10405,5,0
2025-09-02 22:00:00,3033.0,3041.49,3032.98,3038.43,12227,5,0
2025-09-02 23:00:00,3038.5,3038.94,3034.66,3034.86,5056,5,0
2025-09-03 01:00:00,3033.92,3036.78,3031.88,3032.9,3764,6,0
2025-09-03 02:00:00,3032.82,3036.63,3031.14,3034.63,4884,5,0
2025-09-03 03:00:00,3034.59,3049.14,3032.62,3039.69,12207,5,0
2025-09-03 04:00:00,3039.7,3044.51,3037.64,3042.69,13501,5,0
2025-09-03 05:00:00,3042.63,3048.0,3037.07,3037.5,11456,5,0
2025-09-03 06:00:00,3037.49,3039.23,3035.58,3037.67,8955,5,0
2025-09-03 07:00:00,3037.67,3042.67,3037.38,3040.71,8196,4,0
2025-09-03 08:00:00,3040.71,3041.9,3033.02,3035.15,9098,5,0
2025-09-03 09:00:00,3035.16,3039.4,3035.04,3039.02,10681,5,0
2025-09-03 10:00:00,3039.03,3042.76,3037.05,3037.1,12644,5,0
2025-09-03 11:00:00,3037.1,3040.25,3034.45,3037.01,11733,5,0
2025-09-03 12:00:00,3037.01,3038.57,3031.59,3032.0,10268,5,0
2025-09-03 13:00:00,3032.06,3041.59,3031.18,3040.39,9455,5,0
2025-09-03 14:00:00,3040.42,3048.13,3039.95,3044.73,12012,5,0
2025-09-03 15:00:00,3044.79,3049.25,3038.0,3048.1,15507,5,0
2025-09-03 16:00:00,3048.23,3057.46,3047.34,3050.11,20561,5,0
2025-09-03 17:00:00,3050.25,3054.33,3043.42,3050.88,22885,5,0
2025-09-03 18:00:00,3050.88,3054.47,3048.76,3052.65,15105,5,0
2025-09-03 19:00:00,3052.65,3060.1,3051.6,3059.87,11712,5,0
2025-09-03 20:00:00,3059.87,3065.9,3058.28,3065.28,10376,5,0
2025-09-03 21:00:00,3065.28,3067.48,3057.67,3061.65,14331,5,0
2025-09-03 22:00:00,3061.65,3063.59,3054.33,3056.82,12610,5,0
2025-09-03 23:00:00,3056.83,3058.34,3051.69,3051.77,5908,5,0
2025-09-04 01:00:00,3050.78,3056.49,3049.83,3054.68,6389,8,0
2025-09-04 02:00:00,3054.64,3054.77,3048.14,3053.21,7265,5,0
2025-09-04 03:00:00,3053.21,3055.63,3046.9,3054.78,10115,5,0
2025-09-04 04:00:00,3054.77,3056.23,3038.65,3041.89,14915,5,0
2025-09-04 05:00:00,3041.89,3045.7,3026.4,3030.03,15758,5,0
2025-09-04 06:00:00,3030.03,3030.6,3013.8,3028.45,13646,5,0
2025-09-04 07:00:00,3028.45,3032.6,3028.24,3032.2,6343,5,0
2025-09-04 08:00:00,3032.2,3032.46,3025.29,3026.31,10063,5,0
2025-09-04 09:00:00,3026.31,3038.5,3023.6,3034.78,12728,5,0
2025-09-04 10:00:00,3034.81,3039.64,3031.15,3039.41,10448,5,0
2025-09-04 11:00:00,3039.4,3042.61,3035.91,3037.7,10526,5,0
2025-09-04 12:00:00,3037.7,3042.52,3037.37,3039.26,9483,5,0
2025-09-04 13:00:00,3039.26,3045.17,3036.2,3038.71,9439,5,0
2025-09-04 14:00:00,3038.71,3048.47,3036.37,3045.21,10646,5,0
2025-09-04 15:00:00,3045.21,3050.15,3042.84,3046.88,15763,5,0
2025-09-04 16:00:00,3046.85,3053.92,3040.82,3044.24,19598,5,0
2025-09-04 17:00:00,3043.49,3048.06,3035.96,3047.69,20665,4,0
2025-09-04 18:00:00,3047.67,3050.97,3043.12,3050.26,13054,5,0
2025-09-04 19:00:00,3050.25,3054.85,3049.3,3052.09,10566,5,0
2025-09-04 20:00:00,3052.07,3055.59,3044.22,3044.34,9670,5,0
2025-09-04 21:00:00,3044.35,3046.71,3042.76,3045.67,7539,5,0
2025-09-04 22:00:00,3045.67,3048.38,3043.7,3046.86,7076,5,0
2025-09-04 23:00:00,3046.88,3047.81,3041.61,3042.99,3391,5,0
2025-09-05 01:00:00,3043.9,3043.95,3038.64,3039.84,3708,6,0
2025-09-05 02:00:00,3039.83,3049.36,3039.54,3047.7,5794,5,0
2025-09-05 03:00:00,3047.7,3050.71,3044.68,3046.62,10277,5,0
2025-09-05 04:00:00,3046.62,3049.22,3042.44,3044.0,11296,5,0
2025-09-05 05:00:00,3044.0,3046.04,3038.06,3043.07,9446,5,0
2025-09-05 06:00:00,3043.07,3049.27,3041.61,3048.8,7677,5,0
2025-09-05 07:00:00,3048.8,3050.86,3047.21,3050.05,5578,5,0
2025-09-05 08:00:00,3050.08,3051.97,3045.85,3046.88,7465,5,0
2025-09-05 09:00:00,3046.88,3047.33,3040.67,3044.37,11560,5,0
2025-09-05 10:00:00,3044.4,3044.77,3037.14,3038.43,10435,5,0
2025-09-05 11:00:00,3038.43,3039.64,3034.54,3035.09,9026,5,0
2025-09-05 12:00:00,3035.09,3040.9,3034.88,3039.37,7906,5,0
2025-09-05 13:00:00,3039.38,3039.81,3035.53,3038.03,7198,5,0
2025-09-05 14:00:00,3038.03,3041.09,3037.05,3040.26,9179,5,0
2025-09-05 15:00:00,3040.39,3058.13,3033.76,3051.12,23201,6,0
2025-09-05 16:00:00,3051.14,3059.95,3045.91,3059.33,25284,5,0
2025-09-05 17:00:00,3059.39,3063.54,3047.07,3059.03,24575,5,0
2025-09-05 18:00:00,3058.94,3060.27,3049.96,3054.73,18534,5,0
2025-09-05 19:00:00,3054.77,3064.59,3054.19,3062.69,15173,5,0
2025-09-05 20:00:00,3062.72,3067.38,3061.32,3067.11,13085,5,0
2025-09-05 21:00:00,3067.11,3069.72,3064.73,3068.66,10328,5,0
2025-09-05 22:00:00,3068.66,3069.68,3065.47,3067.69,10536,5,0
2025-09-05 23:00:00,3067.66,3068.26,3058.84,3060.15,5855,5,0
2025-09-08 01:00:00,3053.03,3070.87,3048.62,3068.7,13366,6,0
2025-09-08 02:00:00,3068.81,3069.42,3064.0,3066.17,7170,5,0
2025-09-08 03:00:00,3066.17,3068.73,3063.89,3068.66,10341,5,0
2025-09-08 04:00:00,3068.66,3070.31,3060.83,3064.68,15465,5,0
2025-09-08 05:00:00,3064.68,3068.46,3061.84,3065.01,12035,5,0
2025-09-08 06:00:00,3065.04,3066.36,3059.9,3060.44,8381,5,0
2025-09-08 07:00:00,3060.44,3060.86,3057.09,3057.76,5567,5,0
2025-09-08 08:00:00,3057.76,3065.91,3056.15,3065.46,7716,5,0
2025-09-08 09:00:00,3065.45,3071.06,3063.53,3068.25,11050,5,0
2025-09-08 10:00:00,3068.23,3080.11,3067.03,3076.48,12403,5,0
2025-09-08 11:00:00,3076.4,3082.8,3072.31,3078.24,10483,5,0
2025-09-08 12:00:00,3078.23,3083.28,3076.82,3082.49,8993,5,0
2025-09-08 13:00:00,3082.53,3090.65,3080.97,3084.65,8987,5,0
2025-09-08 14:00:00,3084.65,3086.28,3079.88,3086.21,8339,5,0
2025-09-08 15:00:00,3086.19,3088.87,3082.0,3087.69,12151,5,0
2025-09-08 16:00:00,3087.69,3094.69,3081.0,3091.92,20394,5,0
2025-09-08 17:00:00,3091.98,3100.34,3089.11,3099.68,18834,5,0
2025-09-08 18:00:00,3099.68,3103.34,3092.7,3097.2,15954,5,0
2025-09-08 19:00:00,3097.17,3101.61,3094.55,3100.9,10778,5,0
2025-09-08 20:00:00,3100.9,3101.56,3094.23,3094.91,10085,4,0
2025-09-08 21:00:00,3094.9,3095.21,3091.17,3091.6,9370,5,0
2025-09-08 22:00:00,3091.6,3092.2,3087.79,3091.63,9038,5,0
2025-09-08 23:00:00,3091.63,3092.79,3090.16,3090.58,3837,5,0
2025-09-09 01:00:00,3089.93,3091.73,3084.82,3085.74,3971,5,0
2025-09-09 02:00:00,3085.76,3089.6,3083.2,3088.6,4671,5,0
2025-09-09 03:00:00,3088.58,3092.99,3087.58,3090.96,8509,5,0
2025-09-09 04:00:00,3090.96,3098.21,3089.03,3096.33,12710,5,0
2025-09-09 05:00:00,3096.32,3104.31,3095.32,3099.38,13301,5,0
2025-09-09 06:00:00,3099.36,3102.79,3096.06,3099.26,9200,5,0
2025-09-09 07:00:00,3099.26,3106.41,3098.98,3104.57,6273,5,0
2025-09-09 08:00:00,3104.51,3107.27,3102.56,3103.25,8575,5,0
2025-09-09 09:00:00,3103.23,3104.11,3090.06,3100.44,15700,6,0
2025-09-09 10:00:00,3100.52,3103.69,3096.87,3100.79,10681,6,0
2025-09-09 11:00:00,3100.77,3105.3,3099.33,3102.3,12754,5,0
2025-09-09 12:00:00,3102.3,3107.62,3101.46,3104.82,9249,5,0
2025-09-09 13:00:00,3104.82,3107.66,3103.85,3106.93,7837,5,0
2025-09-09 14:00:00,3106.97,3110.38,3105.78,3106.78,7982,5,0
2025-09-09 15:00:00,3106.78,3112.55,3106.62,3107.58,14808,4,0
2025-09-09 16:00:00,3107.57,3124.66,3106.79,3122.03,20129,5,0
2025-09-09 17:00:00,3121.99,3127.02,3101.03,3107.27,26725,5,0
2025-09-09 18:00:00,3107.33,3110.16,3094.65,3110.01,19494,5,0
2025-09-09 19:00:00,3110.01,3112.45,3108.54,3110.5,12506,4,0
2025-09-09 20:00:00,3110.45,3111.32,3107.86,3111.1,10088,5,0
2025-09-09 21:00:00,3111.06,3113.72,3109.13,3109.75,8398,5,0
2025-09-09 22:00:00,3109.75,3110.71,3099.56,3100.28,10764,5,0
2025-09-09 23:00:00,3100.22,3103.53,3096.32,3096.32,4922,5,0
2025-09-10 01:00:00,3085.67,3104.4,3084.72,3104.02,6367,8,0
2025-09-10 02:00:00,3104.06,3110.97,3103.76,3104.9,5628,5,0
2025-09-10 03:00:00,3104.9,3105.88,3095.39,3098.19,9284,5,0
2025-09-10 04:00:00,3098.19,3104.55,3096.72,3103.38,13413,5,0
2025-09-10 05:00:00,3103.38,3107.78,3102.21,3105.97,9254,5,0
2025-09-10 06:00:00,3105.97,3106.38,3103.2,3106.06,5996,5,0
2025-09-10 07:00:00,3106.03,3110.71,3105.9,3109.62,5443,5,0
2025-09-10 08:00:00,3109.62,3112.18,3107.43,3111.39,6736,5,0
2025-09-10 09:00:00,3111.39,3116.04,3109.44,3114.92,10693,5,0
2025-09-10 10:00:00,3114.88,3118.89,3112.49,3113.8,11097,5,0
2025-09-10 11:00:00,3113.8,3118.83,3113.61,3116.08,9712,5,0
2025-09-10 12:00:00,3116.08,3120.86,3113.67,3120.53,8590,5,0
2025-09-10 13:00:00,3120.53,3126.23,3119.45,3124.12,9146,4,0
2025-09-10 14:00:00,3124.12,3124.96,3116.85,3117.86,9886,5,0
2025-09-10 15:00:00,3117.83,3122.09,3110.55,3114.58,17752,5,0
2025-09-10 16:00:00,3114.55,3117.92,3111.57,3115.36,19195,5,0
2025-09-10 17:00:00,3115.36,3118.22,3107.51,3110.31,17730,5,0
2025-09-10 18:00:00,3110.32,3113.57,3104.51,3110.95,13988,5,0
2025-09-10 19:00:00,3110.96,3113.43,3108.74,3112.05,10380,4,0
2025-09-10 20:00:00,3112.08,3116.18,3110.75,3115.9,8767,5,0
2025-09-10 21:00:00,3115.93,3116.64,3112.84,3114.52,8035,5,0
2025-09-10 22:00:00,3114.52,3115.26,3108.3,3112.73,9368,5,0
2025-09-10 23:00:00,3112.76,3113.32,3110.42,3112.79,3884,5,0
2025-09-11 01:00:00,3111.5,3114.72,3109.27,3110.03,3394,5,0
2025-09-11 02:00:00,3110.03,3115.04,3109.22,3114.61,3320,5,0
2025-09-11 03:00:00,3114.61,3117.02,3113.92,3116.08,7283,5,0
2025-09-11 04:00:00,3116.08,3118.33,3111.78,3112.76,8544,5,0
2025-09-11 05:00:00,3112.77,3114.6,3106.92,3109.75,7338,5,0
2025-09-11 06:00:00,3109.76,3109.83,3103.36,3105.3,7016,5,0
2025-09-11 07:00:00,3105.3,3107.25,3103.09,3103.29,4170,5,0
2025-09-11 08:00:00,3103.3,3106.13,3099.61,3101.02,10180,5,0
2025-09-11 09:00:00,3101.02,3111.34,3099.69,3107.84,10990,5,0
2025-09-11 10:00:00,3107.84,3107.84,3100.09,3104.36,11074,5,0
2025-09-11 11:00:00,3104.36,3106.22,3100.59,3101.43,7879,5,0
2025-09-11 12:00:00,3101.43,3101.45,3092.64,3099.42,10793,5,0
2025-09-11 13:00:00,3099.42,3102.37,3097.59,3100.15,7545,5,0
2025-09-11 14:00:00,3100.15,3100.22,3093.4,3095.63,8982,5,0
2025-09-11 15:00:00,3095.68,3110.66,3094.73,3097.72,20433,5,0
2025-09-11 16:00:00,3097.72,3100.5,3086.44,3092.38,23706,5,0
2025-09-11 17:00:00,3092.25,3101.04,3088.76,3094.8,18425,5,0
2025-09-11 18:00:00,3094.8,3099.74,3094.72,3096.91,13081,5,0
2025-09-11 19:00:00,3096.89,3102.45,3096.59,3098.2,12097,4,0
2025-09-11 20:00:00,3098.2,3100.0,3095.01,3098.48,9535,5,0
2025-09-11 21:00:00,3098.48,3099.68,3094.09,3095.14,8009,5,0
2025-09-11 22:00:00,3095.12,3099.51,3095.12,3098.78,7703,5,0
2025-09-11 23:00:00,3098.74,3099.12,3094.9,3096.16,3246,5,0
2025-09-12 01:00:00,3095.01,3099.73,3094.93,3096.38,2406,7,0
2025-09-12 02:00:00,3096.4,3097.61,3094.96,3095.35,3048,5,0
2025-09-12 03:00:00,3095.4,3101.01,3095.31,3099.38,7429,6,0
2025-09-12 04:00:00,3099.38,3110.65,3099.27,3109.71,12987,5,0
2025-09-12 05:00:00,3109.71,3113.62,3108.54,3111.65,8971,5,0
2025-09-12 06:00:00,3111.65,3115.69,3110.01,3115.46,6873,5,0
2025-09-12 07:00:00,3115.46,3118.16,3114.69,3117.06,5488,5,0
2025-09-12 08:00:00,3117.04,3118.38,3112.91,3114.25,7035,5,0
2025-09-12 09:00:00,3114.26,3116.12,3109.0,3109.63,8792,5,0
2025-09-12 10:00:00,3109.59,3111.6,3106.99,3107.47,9023,5,0
2025-09-12 11:00:00,3107.5,3110.96,3104.81,3107.39,11653,5,0
2025-09-12 12:00:00,3107.38,3111.9,3104.6,3110.79,9975,5,0
2025-09-12 13:00:00,3110.8,3113.53,3109.73,3111.67,7445,5,0
2025-09-12 14:00:00,3111.67,3113.56,3110.07,3111.5,7992,4,0
2025-09-12 15:00:00,3111.49,3113.28,3107.37,3112.45,14356,5,0
2025-09-12 16:00:00,3112.45,3119.95,3111.04,3116.53,15470,4,0
2025-09-12 17:00:00,3116.52,3118.3,3110.82,3111.3,14310,4,0
2025-09-12 18:00:00,3111.37,3112.58,3106.57,3111.17,10920,4,0
2025-09-12 19:00:00,3111.17,3112.42,3108.99,3111.81,7176,4,0
2025-09-12 20:00:00,3111.82,3112.16,3108.46,3110.06,6540,4,0
2025-09-12 21:00:00,3110.09,3110.12,3107.37,3107.37,5495,5,0
2025-09-12 22:00:00,3107.36,3107.68,3104.62,3105.04,6178,4,0
2025-09-12 23:00:00,3105.09,3106.28,3103.97,3104.35,4669,5,0
2025-09-15 01:00:00,3103.18,3107.79,3102.29,3105.43,4666,7,0
2025-09-15 02:00:00,3105.43,3105.46,3101.24,3102.78,3912,5,0
2025-09-15 03:00:00,3102.78,3106.72,3097.95,3098.39,7802,5,0
2025-09-15 04:00:00,3098.39,3099.21,3092.7,3099.06,11675,5,0
2025-09-15 05:00:00,3099.08,3108.68,3098.87,3104.66,8794,5,0
2025-09-15 06:00:00,3104.66,3108.29,3103.81,3107.95,6071,5,0
2025-09-15 07:00:00,3107.95,3108.42,3105.57,3106.99,3856,5,0
2025-09-15 08:00:00,3106.99,3108.55,3104.67,3106.83,5325,5,0
2025-09-15 09:00:00,3106.83,3109.96,3100.9,3101.62,9491,5,0
2025-09-15 10:00:00,3101.51,3106.2,3095.92,3105.52,10430,5,0
2025-09-15 11:00:00,3105.42,3106.9,3101.36,3105.89,8365,5,0
2025-09-15 12:00:00,3105.9,3106.12,3095.11,3099.94,8726,5,0
2025-09-15 13:00:00,3099.94,3102.36,3096.26,3097.13,9099,5,0
2025-09-15 14:00:00,3097.13,3101.97,3095.97,3097.19,9099,5,0
2025-09-15 15:00:00,3097.19,3102.3,3090.07,3101.51,13517,5,0
2025-09-15 16:00:00,3101.5,3114.68,3099.54,3110.09,16064,5,0
2025-09-15 17:00:00,3110.09,3116.48,3107.94,3115.78,13834,5,0
2025-09-15 18:00:00,3115.78,3128.0,3115.19,3126.58,12861,5,0
2025-09-15 19:00:00,3126.58,3133.58,3123.51,3129.0,12413,5,0
2025-09-15 20:00:00,3129.0,3130.45,3126.45,3127.77,8642,5,0
2025-09-15 21:00:00,3127.77,3127.99,3123.16,3124.15,7539,5,0
2025-09-15 22:00:00,3124.13,3129.79,3123.75,3128.58,8010,5,0
2025-09-15 23:00:00,3128.56,3129.85,3127.16,3127.69,4568,5,0
2025-09-16 01:00:00,3126.76,3128.86,3125.35,3127.53,3928,7,0
2025-09-16 02:00:00,3127.45,3128.7,3124.88,3125.84,3172,5,0
2025-09-16 03:00:00,3125.84,3134.76,3125.17,3134.13,7989,5,0
2025-09-16 04:00:00,3134.11,3136.7,3125.19,3126.76,11587,5,0
2025-09-16 05:00:00,3126.76,3128.64,3121.28,3122.89,10372,5,0
2025-09-16 06:00:00,3122.89,3126.72,3122.14,3124.8,7012,5,0
2025-09-16 07:00:00,3124.8,3129.54,3124.69,3128.4,4926,5,0
2025-09-16 08:00:00,3128.4,3128.54,3125.05,3126.7,6434,5,0
2025-09-16 09:00:00,3126.72,3134.41,3124.77,3133.36,10724,6,0
2025-09-16 10:00:00,3133.36,3133.36,3124.25,3125.69,10597,5,0
2025-09-16 11:00:00,3125.69,3134.39,3125.52,3132.12,9701,5,0
2025-09-16 12:00:00,3132.14,3132.28,3127.88,3130.45,9203,5,0
2025-09-16 13:00:00,3130.4,3131.89,3126.82,3127.64,7847,5,0
2025-09-16 14:00:00,3127.64,3131.7,3126.29,3129.41,10264,5,0
2025-09-16 15:00:00,3129.41,3131.08,3123.36,3125.27,15013,5,0
2025-09-16 16:00:00,3125.19,3128.15,3120.57,3125.6,17777,4,0
2025-09-16 17:00:00,3125.62,3126.9,3109.82,3110.4,20910,4,0
2025-09-16 18:00:00,3110.4,3116.01,3107.67,3111.53,17293,4,0
2025-09-16 19:00:00,3111.55,3112.67,3105.45,3109.87,12312,4,0
2025-09-16 20:00:00,3109.82,3110.44,3104.92,3107.78,10984,4,0
2025-09-16 21:00:00,3107.78,3111.23,3106.81,3110.09,8252,4,0
2025-09-16 22:00:00,3110.07,3112.32,3108.75,3110.88,6592,4,0
2025-09-16 23:00:00,3110.9,3113.13,3108.3,3109.0,3817,5,0
2025-09-17 01:00:00,3108.21,3111.98,3107.96,3111.33,2399,6,0
2025-09-17 02:00:00,3111.33,3113.14,3110.73,3111.96,3328,5,0
2025-09-17 03:00:00,3111.95,3114.28,3111.26,3112.8,5353,5,0
2025-09-17 04:00:00,3112.75,3113.65,3100.41,3103.5,13564,5,0
2025-09-17 05:00:00,3103.5,3107.26,3100.12,3105.86,11345,5,0
2025-09-17 06:00:00,3105.88,3106.86,3103.89,3106.4,5068,5,0
2025-09-17 07:00:00,3106.4,3107.0,3104.56,3105.01,3128,5,0
2025-09-17 08:00:00,3105.01,3108.14,3100.24,3102.67,8319,5,0
2025-09-17 09:00:00,3102.67,3103.62,3096.58,3099.76,10491,0,0
2025-09-17 10:00:00,3099.76,3102.15,3096.4,3097.11,10459,4,0
2025-09-17 11:00:00,3097.07,3097.24,3092.36,3093.15,10128,4,0
2025-09-17 12:00:00,3093.15,3099.04,3092.26,3096.41,8699,4,0
2025-09-17 13:00:00,3096.41,3098.96,3091.22,3093.41,10763,5,0
2025-09-17 14:00:00,3093.41,3099.42,3091.81,3096.47,11633,5,0
2025-09-17 15:00:00,3096.47,3107.28,3096.36,3106.09,12084,4,0
2025-09-17 16:00:00,3106.11,3107.44,3100.75,3104.5,16297,4,0
2025-09-17 17:00:00,3104.5,3110.75,3103.37,3109.18,14123,4,0
2025-09-17 18:00:00,3109.18,3112.4,3108.74,3110.47,10326,4,0
2025-09-17 19:00:00,3110.47,3113.37,3108.08,3108.62,7960,4,0
2025-09-17 20:00:00,3108.64,3111.94,3104.75,3110.41,9478,4,0
2025-09-17 21:00:00,3110.37,3112.39,3075.33,3084.52,31550,5,0
2025-09-17 22:00:00,3084.75,3097.22,3081.42,3096.91,24904,4,0
2025-09-17 23:00:00,3096.87,3099.43,3093.76,3097.66,6674,5,0
2025-09-18 01:00:00,3093.94,3102.03,3091.32,3099.13,5357,6,0
2025-09-18 02:00:00,3099.15,3105.94,3098.73,3102.88,5367,5,0
2025-09-18 03:00:00,3102.95,3103.38,3095.06,3099.48,9335,5,0
2025-09-18 04:00:00,3099.48,3102.05,3091.61,3095.63,16008,5,0
2025-09-18 05:00:00,3095.63,3101.53,3093.96,3100.65,8502,5,0
2025-09-18 06:00:00,3100.65,3101.15,3096.46,3097.18,5664,5,0
2025-09-18 07:00:00,3097.18,3099.19,3096.0,3097.63,5734,5,0
2025-09-18 08:00:00,3097.63,3101.54,3096.22,3096.91,9996,5,0
2025-09-18 09:00:00,3096.9,3097.17,3082.83,3084.09,16296,5,0
2025-09-18 10:00:00,3084.09,3092.66,3082.31,3092.42,13377,6,0
2025-09-18 11:00:00,3092.42,3099.59,3089.4,3099.08,10401,5,0
2025-09-18 12:00:00,3099.06,3102.22,3097.2,3101.69,10884,5,0
2025-09-18 13:00:00,3101.69,3102.49,3097.15,3098.09,8638,5,0
2025-09-18 14:00:00,3098.09,3103.17,3097.63,3101.14,9863,5,0
2025-09-18 15:00:00,3101.11,3108.86,3101.11,3105.68,14012,5,0
2025-09-18 16:00:00,3105.64,3107.48,3087.34,3095.24,22048,4,0
2025-09-18 17:00:00,3095.24,3098.91,3086.58,3089.86,20102,4,0
2025-09-18 18:00:00,3089.86,3092.73,3086.86,3091.27,12320,4,0
2025-09-18 19:00:00,3091.27,3096.11,3089.58,3093.38,9781,4,0
2025-09-18 20:00:00,3093.41,3093.55,3089.74,3090.96,8463,5,0
2025-09-18 21:00:00,3090.96,3091.43,3088.73,3089.17,6806,5,0
2025-09-18 22:00:00,3089.13,3094.9,3088.66,3094.38,7214,5,0
2025-09-18 23:00:00,3094.47,3094.88,3091.47,3091.58,3319,5,0
2025-09-19 01:00:00,3089.94,3091.65,3087.69,3088.3,3637,6,0
2025-09-19 02:00:00,3088.3,3089.5,3085.66,3087.78,3300,6,0
2025-09-19 03:00:00,3087.78,3090.56,3086.96,3088.33,6986,5,0
2025-09-19 04:00:00,3088.33,3099.24,3084.64,3091.02,12512,5,0
2025-09-19 05:00:00,3091.04,3098.79,3090.51,3096.23,10369,5,0
2025-09-19 06:00:00,3096.26,3101.81,3093.48,3101.18,9572,5,0
2025-09-19 07:00:00,3101.14,3108.75,3101.09,3107.56,8123,5,0
2025-09-19 08:00:00,3107.56,3108.89,3102.03,3102.43,8799,5,0
2025-09-19 09:00:00,3102.43,3103.97,3096.43,3099.5,13055,5,0
2025-09-19 10:00:00,3099.53,3106.28,3098.86,3104.46,11185,5,0
2025-09-19 11:00:00,3104.44,3109.81,3104.16,3108.39,9343,4,0
2025-09-19 12:00:00,3108.39,3111.19,3107.28,3111.04,7088,5,0
2025-09-19 13:00:00,3111.05,3111.24,3107.62,3108.48,6056,5,0
2025-09-19 14:00:00,3108.48,3109.64,3103.73,3108.57,9764,4,0
2025-09-19 15:00:00,3108.57,3111.08,3106.57,3109.43,11780,5,0
2025-09-19 16:00:00,3109.43,3116.21,3102.97,3115.56,16602,5,0
2025-09-19 17:00:00,3115.59,3120.76,3109.13,3118.9,17074,4,0
2025-09-19 18:00:00,3118.9,3129.36,3117.97,3123.38,14444,5,0
2025-09-19 19:00:00,3123.38,3127.25,3120.74,3121.05,9046,4,0
2025-09-19 20:00:00,3121.05,3130.8,3120.87,3130.5,9010,5,0
2025-09-19 21:00:00,3130.52,3136.07,3130.41,3135.46,8499,5,0
2025-09-19 22:00:00,3135.48,3137.21,3133.78,3136.27,7816,5,0
2025-09-19 23:00:00,3136.27,3138.41,3134.26,3137.44,4134,5,0
2025-09-22 01:00:00,3138.61,3144.51,3136.01,3141.46,6065,7,0
2025-09-22 02:00:00,3141.42,3143.34,3140.18,3140.82,4787,5,0
2025-09-22 03:00:00,3140.77,3145.78,3140.64,3145.24,7262,5,0
2025-09-22 04:00:00,3145.24,3149.2,3141.58,3144.65,13573,5,0
2025-09-22 05:00:00,3144.55,3148.78,3141.98,3143.31,8805,5,0
2025-09-22 06:00:00,3143.31,3150.97,3142.84,3149.78,8089,5,0
2025-09-22 07:00:00,3149.78,3150.53,3146.43,3147.48,5017,5,0
2025-09-22 08:00:00,3147.48,3152.84,3147.32,3149.49,7847,5,0
2025-09-22 09:00:00,3149.49,3167.02,3148.01,3163.07,14514,5,0
2025-09-22 10:00:00,3163.0,3163.09,3156.89,3160.6,11689,5,0
2025-09-22 11:00:00,3160.62,3164.06,3158.47,3162.87,9924,5,0
2025-09-22 12:00:00,3162.87,3167.83,3161.56,3161.73,8726,4,0
2025-09-22 13:00:00,3161.73,3165.97,3159.44,3165.82,8243,4,0
2025-09-22 14:00:00,3165.82,3167.24,3159.81,3162.3,8617,5,0
2025-09-22 15:00:00,3162.29,3162.64,3152.17,3158.46,13708,5,0
2025-09-22 16:00:00,3158.46,3162.02,3155.17,3160.75,18662,4,0
2025-09-22 17:00:00,3160.8,3165.76,3157.66,3165.64,16439,4,0
2025-09-22 18:00:00,3165.64,3174.12,3163.48,3173.63,13455,4,0
2025-09-22 19:00:00,3173.62,3174.89,3168.86,3170.22,10943,4,0
2025-09-22 20:00:00,3170.22,3177.04,3170.22,3175.97,9979,4,0
2025-09-22 21:00:00,3175.97,3177.57,3174.8,3176.94,7256,4,0
2025-09-22 22:00:00,3176.94,3177.88,3171.71,3176.0,8046,5,0
2025-09-22 23:00:00,3175.97,3176.75,3173.59,3174.36,3839,5,0
2025-09-23 01:00:00,3173.92,3175.16,3167.83,3169.18,3979,6,0
2025-09-23 02:00:00,3169.16,3176.92,3168.31,3175.98,5310,5,0
2025-09-23 03:00:00,3176.04,3177.41,3173.13,3173.91,7460,5,0
2025-09-23 04:00:00,3173.91,3182.98,3172.69,3177.88,14127,5,0
2025-09-23 05:00:00,3177.86,3178.21,3165.58,3170.02,13761,5,0
2025-09-23 06:00:00,3170.02,3174.31,3168.25,3173.59,8730,5,0
2025-09-23 07:00:00,3173.59,3175.59,3171.5,3174.13,5459,5,0
2025-09-23 08:00:00,3174.13,3185.12,3173.45,3181.06,9314,5,0
2025-09-23 09:00:00,3181.04,3186.01,3179.88,3182.65,11741,6,0
2025-09-23 10:00:00,3182.62,3186.06,3180.13,3183.37,12940,5,0
2025-09-23 11:00:00,3183.37,3198.94,3183.37,3197.88,13674,5,0
2025-09-23 12:00:00,3197.88,3210.32,3197.67,3206.9,14245,5,0
2025-09-23 13:00:00,3206.9,3209.64,3205.33,3206.98,9523,5,0
2025-09-23 14:00:00,3206.98,3212.48,3203.99,3208.68,11715,5,0
2025-09-23 15:00:00,3208.71,3210.24,3203.32,3207.84,13481,4,0
2025-09-23 16:00:00,3207.91,3212.11,3202.04,3206.79,19035,5,0
2025-09-23 17:00:00,3206.82,3207.08,3193.43,3199.63,19241,4,0
2025-09-23 18:00:00,3199.68,3208.08,3198.11,3203.24,12461,4,0
2025-09-23 19:00:00,3203.24,3204.31,3191.43,3201.5,15012,5,0
2025-09-23 20:00:00,3201.5,3205.34,3196.97,3198.06,13480,4,0
2025-09-23 21:00:00,3198.06,3200.65,3180.24,3180.72,12016,4,0
2025-09-23 22:00:00,3180.72,3188.72,3177.16,3185.78,16077,5,0
2025-09-23 23:00:00,3185.8,3188.31,3184.64,3185.81,4971,5,0
2025-09-24 01:00:00,3186.63,3188.22,3184.05,3187.11,4013,6,0
2025-09-24 02:00:00,3187.02,3190.98,3184.16,3185.51,4859,5,0
2025-09-24 03:00:00,3185.5,3190.14,3183.2,3189.76,8466,5,0
2025-09-24 04:00:00,3189.79,3195.16,3182.29,3183.4,13753,5,0
2025-09-24 05:00:00,3183.43,3186.17,3179.05,3184.65,10044,5,0
2025-09-24 06:00:00,3184.65,3192.64,3180.26,3191.68,8697,5,0
2025-09-24 07:00:00,3191.66,3193.87,3189.03,3192.57,5699,5,0
2025-09-24 08:00:00,3192.57,3201.44,3192.48,3199.6,8615,5,0
2025-09-24 09:00:00,3199.6,3202.46,3196.55,3199.35,10334,4,0
2025-09-24 10:00:00,3199.35,3204.71,3197.83,3204.29,9978,4,0
2025-09-24 11:00:00,3204.26,3205.51,3201.2,3202.6,9452,4,0
2025-09-24 12:00:00,3202.54,3203.6,3198.57,3202.37,8328,4,0
2025-09-24 13:00:00,3202.39,3202.81,3198.16,3201.35,8356,4,0
2025-09-24 14:00:00,3201.35,3208.69,3199.87,3207.89,9110,5,0
2025-09-24 15:00:00,3207.95,3210.94,3202.93,3208.84,14405,4,0
2025-09-24 16:00:00,3208.84,3214.21,3203.14,3204.38,17587,4,0
2025-09-24 17:00:00,3204.37,3208.61,3194.04,3195.74,19390,4,0
2025-09-24 18:00:00,3195.8,3199.94,3184.85,3186.15,15533,4,0
2025-09-24 19:00:00,3186.13,3190.25,3181.44,3184.09,14083,4,0
2025-09-24 20:00:00,3184.04,3184.94,3179.88,3180.55,9183,4,0
2025-09-24 21:00:00,3180.53,3181.24,3172.46,3173.15,10506,5,0
2025-09-24 22:00:00,3173.15,3179.34,3168.18,3177.81,11224,5,0
2025-09-24 23:00:00,3177.81,3183.92,3177.66,3182.66,4708,5,0
2025-09-25 01:00:00,3182.33,3189.36,3182.32,3185.39,4357,5,0
2025-09-25 02:00:00,3185.39,3188.69,3183.89,3187.66,3762,5,0
2025-09-25 03:00:00,3187.66,3194.83,3186.49,3191.31,9201,5,0
2025-09-25 04:00:00,3191.33,3192.27,3178.51,3181.12,12601,5,0
2025-09-25 05:00:00,3181.12,3184.82,3175.68,3182.8,10437,5,0
2025-09-25 06:00:00,3182.79,3183.13,3177.82,3179.47,7096,5,0
2025-09-25 07:00:00,3179.47,3182.85,3176.13,3180.9,5593,5,0
2025-09-25 08:00:00,3180.9,3185.96,3179.09,3183.87,7478,5,0
2025-09-25 09:00:00,3183.87,3191.94,3183.53,3184.99,10056,5,0
2025-09-25 10:00:00,3184.99,3199.98,3184.28,3198.01,11888,5,0
2025-09-25 11:00:00,3198.01,3204.37,3196.37,3198.99,12999,5,0
2025-09-25 12:00:00,3198.97,3202.02,3194.03,3198.81,10201,4,0
2025-09-25 13:00:00,3198.76,3200.69,3195.9,3198.41,8438,4,0
2025-09-25 14:00:00,3198.41,3198.8,3186.17,3196.76,12736,5,0
2025-09-25 15:00:00,3196.7,3201.37,3190.95,3196.03,19158,4,0
2025-09-25 16:00:00,3196.03,3199.66,3183.8,3195.11,23105,5,0
2025-09-25 17:00:00,3195.07,3197.74,3185.9,3195.79,20647,4,0
2025-09-25 18:00:00,3195.79,3201.52,3193.13,3200.68,15619,4,0
2025-09-25 19:00:00,3200.68,3204.54,3197.52,3199.2,11584,4,0
2025-09-25 20:00:00,3199.2,3211.67,3198.39,3209.72,11191,4,0
2025-09-25 21:00:00,3209.73,3224.79,3208.38,3222.74,13665,4,0
2025-09-25 22:00:00,3222.74,3223.44,3212.15,3213.13,10773,5,0
2025-09-25 23:00:00,3213.11,3215.84,3212.69,3213.55,4914,4,0
2025-09-26 01:00:00,3214.25,3215.56,3210.71,3212.82,3513,7,0
2025-09-26 02:00:00,3212.81,3214.28,3205.35,3211.17,5556,5,0
2025-09-26 03:00:00,3211.17,3215.1,3206.45,3212.66,8852,5,0
2025-09-26 04:00:00,3212.64,3215.7,3203.19,3204.77,13062,5,0
2025-09-26 05:00:00,3204.77,3205.81,3200.86,3201.58,8306,5,0
2025-09-26 06:00:00,3201.63,3207.89,3198.64,3207.31,7048,5,0
2025-09-26 07:00:00,3207.35,3208.95,3206.19,3208.66,4956,5,0
2025-09-26 08:00:00,3208.66,3210.15,3204.33,3204.49,5960,5,0
2025-09-26 09:00:00,3204.49,3214.65,3203.96,3205.16,13073,5,0
2025-09-26 10:00:00,3205.15,3212.64,3201.31,3210.85,10857,5,0
2025-09-26 11:00:00,3210.85,3214.12,3208.8,3212.98,8794,5,0
2025-09-26 12:00:00,3212.96,3214.96,3207.63,3212.35,7741,4,0
2025-09-26 13:00:00,3212.35,3215.28,3208.3,3210.66,8090,5,0
2025-09-26 14:00:00,3210.66,3216.19,3209.9,3212.9,8827,5,0
2025-09-26 15:00:00,3212.89,3218.74,3209.05,3211.51,14715,5,0
2025-09-26 16:00:00,3211.56,3221.54,3210.16,3219.65,22306,4,0
2025-09-26 17:00:00,3219.64,3237.31,3218.57,3232.26,21719,4,0
2025-09-26 18:00:00,3232.26,3234.32,3227.51,3233.5,14792,4,0
2025-09-26 19:00:00,3233.49,3234.49,3225.32,3227.79,12766,5,0
2025-09-26 20:00:00,3227.82,3233.48,3227.78,3233.29,9546,4,0
2025-09-26 21:00:00,3233.33,3233.54,3226.29,3228.44,7595,4,0
2025-09-26 22:00:00,3228.44,3228.45,3216.51,3217.86,9838,5,0
2025-09-26 23:00:00,3217.88,3220.44,3212.91,3213.1,5753,5,0
2025-09-29 01:00:00,3208.15,3221.61,3208.15,3221.39,6154,5,0
2025-09-29 02:00:00,3221.35,3222.12,3217.71,3218.23,5280,5,0
2025-09-29 03:00:00,3218.23,3231.23,3214.42,3230.87,11293,5,0
2025-09-29 04:00:00,3230.87,3232.95,3215.81,3223.19,20151,5,0
2025-09-29 05:00:00,3223.19,3239.48,3222.04,3234.55,15375,5,0
2025-09-29 06:00:00,3234.55,3239.61,3233.76,3236.22,11762,5,0
2025-09-29 07:00:00,3236.13,3246.97,3234.65,3244.76,10402,5,0
2025-09-29 08:00:00,3244.76,3252.42,3241.61,3251.6,13845,5,0
2025-09-29 09:00:00,3251.6,3258.1,3250.6,3257.22,15549,5,0
2025-09-29 10:00:00,3257.25,3257.77,3243.93,3245.72,13809,4,0
2025-09-29 11:00:00,3245.72,3258.7,3245.72,3257.22,12291,4,0
2025-09-29 12:00:00,3257.27,3258.09,3248.47,3249.46,10090,5,0
2025-09-29 13:00:00,3249.46,3258.86,3248.65,3257.67,10752,4,0
2025-09-29 14:00:00,3257.68,3268.31,3256.68,3264.49,12455,4,0
2025-09-29 15:00:00,3264.49,3265.39,3244.32,3245.67,18257,4,0
2025-09-29 16:00:00,3245.7,3258.46,3244.07,3254.75,20265,4,0
2025-09-29 17:00:00,3254.75,3263.68,3252.36,3263.53,18716,4,0
2025-09-29 18:00:00,3263.53,3268.07,3258.03,3265.72,15151,4,0
2025-09-29 19:00:00,3265.72,3268.54,3264.0,3265.59,9802,4,0
2025-09-29 20:00:00,3265.59,3267.53,3262.0,3266.57,10856,4,0
2025-09-29 21:00:00,3266.57,3267.59,3259.8,3260.08,8370,4,0
2025-09-29 22:00:00,3260.08,3265.32,3259.56,3264.66,9945,4,0
2025-09-29 23:00:00,3264.73,3269.15,3263.97,3268.96,5192,4,0
2025-09-30 01:00:00,3267.86,3268.93,3262.32,3266.46,3433,6,0
2025-09-30 02:00:00,3266.32,3267.69,3263.38,3267.4,3588,5,0
2025-09-30 03:00:00,3267.37,3276.1,3266.46,3275.41,11031,5,0
2025-09-30 04:00:00,3275.41,3285.15,3274.24,3285.07,14154,5,0
2025-09-30 05:00:00,3285.07,3288.83,3278.59,3282.64,11410,5,0
2025-09-30 06:00:00,3282.64,3298.42,3281.29,3296.55,11255,5,0
2025-09-30 07:00:00,3296.55,3298.85,3294.86,3297.11,7144,5,0
2025-09-30 08:00:00,3297.11,3299.35,3292.83,3298.04,10887,5,0
2025-09-30 09:00:00,3298.04,3299.76,3283.95,3284.99,14394,5,0
2025-09-30 10:00:00,3285.11,3287.71,3270.31,3273.58,15582,4,0
2025-09-30 11:00:00,3272.61,3275.31,3239.81,3246.45,20375,4,0
2025-09-30 12:00:00,3246.45,3250.71,3228.06,3233.45,16599,4,0
2025-09-30 13:00:00,3233.45,3248.72,3232.97,3245.57,11921,4,0
2025-09-30 14:00:00,3245.57,3251.97,3241.31,3249.21,11653,4,0
2025-09-30 15:00:00,3249.16,3256.52,3245.48,3254.11,14623,4,0
2025-09-30 16:00:00,3254.11,3263.26,3251.04,3259.79,17806,4,0
2025-09-30 17:00:00,3259.43,3282.3,3258.56,3280.11,20857,4,0
2025-09-30 18:00:00,3280.11,3280.13,3264.98,3271.73,18355,4,0
2025-09-30 19:00:00,3271.58,3275.46,3270.52,3271.33,11785,4,0
2025-09-30 20:00:00,3271.33,3274.38,3269.67,3271.67,10035,4,0
2025-09-30 21:00:00,3271.67,3277.89,3268.88,3277.43,8228,5,0
2025-09-30 22:00:00,3277.41,3288.48,3277.17,3287.1,9927,5,0
2025-09-30 23:00:00,3287.06,3289.35,3280.96,3287.95,6173,5,0
2025-10-01 01:00:00,3287.41,3290.42,3284.51,3289.44,5104,5,0
2025-10-01 02:00:00,3289.44,3292.06,3288.31,3292.01,3915,5,0
2025-10-01 03:00:00,3292.01,3294.75,3288.3,3289.79,7704,5,0
2025-10-01 04:00:00,3289.49,3295.99,3288.77,3295.73,8220,5,0
2025-10-01 05:00:00,3295.7,3302.39,3287.22,3291.45,11929,5,0
2025-10-01 06:00:00,3291.46,3294.03,3285.51,3290.25,9880,5,0
2025-10-01 07:00:00,3290.24,3291.93,3283.76,3286.97,7383,5,0
2025-10-01 08:00:00,3286.97,3289.83,3284.73,3287.38,8843,5,0
2025-10-01 09:00:00,3287.38,3287.56,3277.93,3279.46,12616,4,0
2025-10-01 10:00:00,3279.52,3301.6,3277.69,3301.45,15789,4,0
2025-10-01 11:00:00,3301.45,3313.95,3300.92,3313.2,15229,5,0
2025-10-01 12:00:00,3313.18,3316.72,3307.56,3314.51,11979,4,0
2025-10-01 13:00:00,3314.61,3318.07,3312.75,3315.62,10324,4,0
2025-10-01 14:00:00,3315.59,3315.72,3305.21,3309.63,10409,4,0
2025-10-01 15:00:00,3309.64,3314.13,3289.94,3294.19,20488,5,0
2025-10-01 16:00:00,3294.19,3297.35,3287.75,3294.87,19310,5,0
2025-10-01 17:00:00,3294.92,3300.35,3286.74,3297.17,21690,5,0
2025-10-01 18:00:00,3297.18,3302.06,3290.0,3299.93,19987,4,0
2025-10-01 19:00:00,3299.91,3304.0,3295.05,3301.99,12513,5,0
2025-10-01 20:00:00,3301.95,3302.18,3292.67,3293.18,10523,4,0
2025-10-01 21:00:00,3293.19,3293.27,3286.65,3291.25,12911,4,0
2025-10-01 22:00:00,3291.25,3298.58,3290.51,3297.15,9813,5,0
2025-10-01 23:00:00,3297.15,3297.25,3291.51,3294.98,5932,5,0
2025-10-02 01:00:00,3294.43,3298.26,3288.09,3291.35,4580,5,0
2025-10-02 02:00:00,3291.35,3294.87,3287.34,3292.82,5677,5,0
2025-10-02 03:00:00,3292.82,3293.12,3287.31,3287.43,8542,5,0
2025-10-02 04:00:00,3287.43,3293.78,3284.99,3292.56,9373,5,0
2025-10-02 05:00:00,3292.56,3295.83,3289.54,3293.94,7309,5,0
2025-10-02 06:00:00,3293.94,3296.73,3292.71,3295.03,5425,5,0
2025-10-02 07:00:00,3295.03,3295.85,3291.8,3293.16,4049,5,0
2025-10-02 08:00:00,3293.16,3299.89,3293.16,3295.78,6324,5,0
2025-10-02 09:00:00,3295.89,3300.23,3289.36,3290.62,9620,5,0
2025-10-02 10:00:00,3290.62,3297.38,3286.84,3292.37,13198,5,0
2025-10-02 11:00:00,3292.38,3299.16,3288.36,3296.4,10042,5,0
2025-10-02 12:00:00,3296.38,3300.53,3295.15,3299.98,9690,5,0
2025-10-02 13:00:00,3300.02,3305.87,3298.9,3303.05,8925,5,0
2025-10-02 14:00:00,3303.05,3307.66,3301.46,3307.36,9618,5,0
2025-10-02 15:00:00,3307.36,3311.02,3301.16,3309.49,14371,5,0
2025-10-02 16:00:00,3309.46,3318.12,3305.12,3305.63,19602,5,0
2025-10-02 17:00:00,3305.66,3309.59,3266.55,3278.23,25347,4,0
2025-10-02 18:00:00,3278.28,3283.13,3266.92,3273.08,21459,4,0
2025-10-02 19:00:00,3273.11,3284.97,3271.97,3282.14,15276,5,0
2025-10-02 20:00:00,3282.14,3283.56,3277.72,3281.93,10931,5,0
2025-10-02 21:00:00,3281.95,3286.32,3281.21,3285.49,7904,5,0
2025-10-02 22:00:00,3285.52,3291.58,3285.0,3290.07,9218,5,0
2025-10-02 23:00:00,3290.07,3292.39,3288.68,3290.55,4011,5,0
2025-10-03 01:00:00,3288.99,3292.39,3287.13,3291.35,3757,6,0
2025-10-03 02:00:00,3291.35,3295.24,3290.11,3294.21,4395,5,0
2025-10-03 03:00:00,3294.13,3294.55,3289.59,3289.75,7291,5,0
2025-10-03 04:00:00,3289.68,3293.36,3283.27,3290.3,11405,5,0
2025-10-03 05:00:00,3290.24,3290.75,3281.79,3282.11,7526,5,0
2025-10-03 06:00:00,3282.11,3284.48,3273.88,3277.18,9307,5,0
2025-10-03 07:00:00,3277.18,3282.34,3276.26,3280.42,6237,5,0
2025-10-03 08:00:00,3280.42,3292.55,3280.42,3290.22,8866,5,0
2025-10-03 09:00:00,3290.22,3293.78,3286.52,3292.81,8704,5,0
2025-10-03 10:00:00,3292.77,3294.95,3289.96,3293.72,8597,5,0
2025-10-03 11:00:00,3293.71,3294.07,3289.12,3291.93,7764,5,0
2025-10-03 12:00:00,3291.99,3292.72,3287.26,3292.39,6707,5,0
2025-10-03 13:00:00,3292.39,3295.91,3291.02,3293.84,8145,5,0
2025-10-03 14:00:00,3293.84,3294.76,3284.43,3291.42,10477,5,0
2025-10-03 15:00:00,3291.42,3300.48,3289.67,3299.85,12684,5,0
2025-10-03 16:00:00,3299.85,3312.78,3297.56,3307.35,19341,5,0
2025-10-03 17:00:00,3307.41,3309.01,3291.95,3304.41,22095,4,0
2025-10-03 18:00:00,3304.41,3312.81,3300.35,3311.26,15901,5,0
2025-10-03 19:00:00,3311.3,3311.43,3305.54,3308.22,11931,5,0
2025-10-03 20:00:00,3308.23,3310.24,3304.29,3308.2,13073,5,0
2025-10-03 21:00:00,3308.32,3313.95,3308.05,3310.22,10306,5,0
2025-10-03 22:00:00,3310.3,3312.56,3308.35,3309.47,8485,5,0
2025-10-03 23:00:00,3309.47,3310.75,3306.99,3309.21,4513,5,0
2025-10-06 01:00:00,3315.21,3328.76,3311.64,3328.02,10465,6,0
2025-10-06 02:00:00,3328.18,3348.36,3327.09,3338.13,15157,6,0
2025-10-06 03:00:00,3338.13,3338.31,3327.67,3329.19,15652,5,0
2025-10-06 04:00:00,3329.19,3342.24,3328.64,3341.84,11385,5,0
2025-10-06 05:00:00,3341.87,3346.96,3341.02,3343.63,9676,5,0
2025-10-06 06:00:00,3343.58,3353.02,3342.75,3351.54,10000,5,0
2025-10-06 07:00:00,3351.54,3361.27,3351.09,3360.62,10842,5,0
2025-10-06 08:00:00,3360.62,3365.26,3352.64,3356.24,12274,5,0
2025-10-06 09:00:00,3356.25,3364.95,3348.19,3364.55,13858,5,0
2025-10-06 10:00:00,3364.42,3380.91,3356.85,3379.62,16391,5,0
2025-10-06 11:00:00,3379.7,3387.98,3370.94,3379.02,15635,5,0
2025-10-06 12:00:00,3379.22,3382.03,3376.56,3379.37,10527,5,0
2025-10-06 13:00:00,3379.37,3384.34,3374.4,3379.97,11074,5,0
2025-10-06 14:00:00,3379.97,3380.42,3367.5,3373.19,13606,4,0
2025-10-06 15:00:00,3373.12,3374.51,3361.01,3365.6,19029,5,0
2025-10-06 16:00:00,3365.65,3373.93,3360.94,3371.76,19090,5,0
2025-10-06 17:00:00,3371.7,3381.85,3368.04,3375.63,20288,4,0
2025-10-06 18:00:00,3375.66,3386.59,3371.04,3384.87,17427,5,0
2025-10-06 19:00:00,3384.91,3390.46,3371.21,3376.04,16999,5,0
2025-10-06 20:00:00,3376.12,3380.43,3373.64,3379.83,12027,5,0
2025-10-06 21:00:00,3379.86,3381.96,3377.58,3379.63,8751,5,0
2025-10-06 22:00:00,3379.66,3385.24,3379.51,3381.03,8236,5,0
2025-10-06 23:00:00,3380.98,3383.09,3378.96,3381.49,4368,5,0
2025-10-07 01:00:00,3379.52,3394.34,3379.16,3384.7,11832,6,0
2025-10-07 02:00:00,3384.7,3391.61,3383.29,3390.03,7876,5,0
2025-10-07 03:00:00,3390.03,3397.12,3383.98,3384.38,13580,5,0
2025-10-07 04:00:00,3384.36,3385.59,3379.83,3384.01,11561,5,0
2025-10-07 05:00:00,3384.01,3389.43,3382.57,3388.42,7696,5,0
2025-10-07 06:00:00,3388.42,3395.98,3384.04,3395.03,8839,5,0
2025-10-07 07:00:00,3395.14,3400.34,3393.62,3398.76,7724,5,0
2025-10-07 08:00:00,3398.72,3399.65,3387.19,3391.09,12201,5,0
2025-10-07 09:00:00,3391.09,3393.72,3383.25,3384.13,12395,5,0
2025-10-07 10:00:00,3384.17,3387.19,3376.4,3379.4,18567,5,0
2025-10-07 11:00:00,3379.35,3388.38,3373.98,3387.07,13670,5,0
2025-10-07 12:00:00,3387.07,3398.25,3386.82,3390.17,11796,5,0
2025-10-07 13:00:00,3390.17,3394.07,3389.38,3392.15,9356,5,0
2025-10-07 14:00:00,3392.27,3403.74,3391.7,3401.43,10601,5,0
2025-10-07 15:00:00,3401.43,3411.95,3400.19,3410.91,15919,4,0
2025-10-07 16:00:00,3410.81,3416.57,3404.23,3412.68,20507,5,0
2025-10-07 17:00:00,3412.66,3419.96,3403.48,3417.25,21712,4,0
2025-10-07 18:00:00,3417.24,3419.1,3392.38,3397.66,23383,4,0
2025-10-07 19:00:00,3397.67,3408.63,3393.67,3407.6,20625,4,0
2025-10-07 20:00:00,3407.63,3416.0,3407.01,3411.93,15799,5,0
2025-10-07 21:00:00,3411.93,3416.53,3407.1,3414.95,14486,5,0
2025-10-07 22:00:00,3414.95,3418.3,3413.46,3416.32,11719,5,0
2025-10-07 23:00:00,3416.31,3419.25,3415.64,3417.56,5175,5,0
2025-10-08 01:00:00,3416.89,3422.8,3416.19,3421.85,4803,6,0
2025-10-08 02:00:00,3421.85,3428.46,3421.71,3427.78,6541,5,0
2025-10-08 03:00:00,3427.78,3433.5,3425.63,3427.64,11579,5,0
2025-10-08 04:00:00,3427.64,3440.93,3422.87,3440.85,14710,5,0
2025-10-08 05:00:00,3440.79,3451.53,3437.61,3451.37,11788,5,0
2025-10-08 06:00:00,3451.37,3455.49,3449.78,3453.84,9723,5,0
2025-10-08 07:00:00,3453.84,3466.25,3453.62,3465.53,10812,5,0
2025-10-08 08:00:00,3465.53,3475.34,3464.4,3468.2,13230,5,0
2025-10-08 09:00:00,3468.22,3472.98,3463.79,3470.65,14786,5,0
2025-10-08 10:00:00,3470.65,3476.64,3465.83,3468.54,15102,5,0
2025-10-08 11:00:00,3468.48,3477.67,3467.81,3475.19,12250,5,0
2025-10-08 12:00:00,3475.19,3487.66,3471.14,3487.37,13170,5,0
2025-10-08 13:00:00,3487.35,3487.81,3469.4,3470.18,13343,5,0
2025-10-08 14:00:00,3470.21,3473.57,3466.78,3473.3,12248,5,0
2025-10-08 15:00:00,3473.29,3480.21,3465.67,3472.98,16793,5,0
2025-10-08 16:00:00,3472.99,3478.79,3460.59,3471.68,21733,5,0
2025-10-08 17:00:00,3471.52,3483.97,3469.17,3483.27,19120,4,0
2025-10-08 18:00:00,3483.29,3488.98,3475.92,3485.9,17892,4,0
2025-10-08 19:00:00,3485.88,3499.6,3485.06,3495.47,15731,5,0
2025-10-08 20:00:00,3495.44,3496.61,3484.01,3490.07,13527,5,0
2025-10-08 21:00:00,3490.08,3493.01,3478.16,3485.35,16082,5,0
2025-10-08 22:00:00,3485.29,3488.05,3469.2,3478.71,18443,5,0
2025-10-08 23:00:00,3478.65,3478.96,3472.58,3474.72,7214,5,0
2025-10-09 01:00:00,3472.36,3474.09,3450.3,3456.62,8402,6,0
2025-10-09 02:00:00,3456.62,3457.36,3440.37,3449.73,13367,5,0
2025-10-09 03:00:00,3449.73,3461.41,3447.54,3456.98,13745,5,0
2025-10-09 04:00:00,3456.98,3467.06,3442.65,3453.34,20818,5,0
2025-10-09 05:00:00,3453.34,3454.47,3438.68,3451.3,14611,5,0
2025-10-09 06:00:00,3451.3,3460.29,3450.11,3458.15,9245,5,0
2025-10-09 07:00:00,3458.15,3470.4,3458.15,3468.24,7862,5,0
2025-10-09 08:00:00,3468.24,3472.75,3463.76,3471.03,10885,5,0
2025-10-09 09:00:00,3471.03,3473.68,3463.28,3465.99,15226,5,0
2025-10-09 10:00:00,3466.01,3472.64,3464.54,3472.1,14534,5,0
2025-10-09 11:00:00,3472.1,3481.62,3471.21,3477.47,11970,5,0
2025-10-09 12:00:00,3477.41,3479.82,3470.49,3472.91,11575,5,0
2025-10-09 13:00:00,3472.87,3480.86,3471.92,3480.81,8227,5,0
2025-10-09 14:00:00,3480.81,3483.4,3473.24,3482.86,12262,4,0
2025-10-09 15:00:00,3482.89,3489.99,3478.27,3489.76,15663,5,0
2025-10-09 16:00:00,3489.8,3495.25,3462.68,3462.7,26183,5,0
2025-10-09 17:00:00,3462.39,3477.25,3457.46,3474.63,27474,5,0
2025-10-09 18:00:00,3474.7,3481.55,3467.38,3473.09,23622,5,0
2025-10-09 19:00:00,3473.02,3480.18,3431.06,3433.79,22728,6,0
2025-10-09 20:00:00,3433.97,3438.09,3411.94,3417.46,25360,5,0
2025-10-09 21:00:00,3417.43,3432.98,3416.87,3427.47,17911,5,0
2025-10-09 22:00:00,3427.47,3444.99,3424.71,3437.06,16330,5,0
2025-10-09 23:00:00,3437.05,3441.09,3435.0,3437.77,6511,5,0
2025-10-10 01:00:00,3435.79,3442.64,3423.19,3437.46,7022,5,0
2025-10-10 02:00:00,3437.51,3450.69,3437.5,3449.7,8499,5,0
2025-10-10 03:00:00,3449.7,3453.53,3446.99,3450.12,10969,5,0
2025-10-10 04:00:00,3450.14,3451.45,3432.37,3436.25,17660,5,0
2025-10-10 05:00:00,3436.22,3445.8,3436.14,3438.82,12037,5,0
2025-10-10 06:00:00,3438.82,3439.42,3422.59,3423.43,13433,5,0
2025-10-10 07:00:00,3423.43,3427.57,3411.34,3427.0,12631,5,0
2025-10-10 08:00:00,3427.0,3436.05,3426.88,3435.47,13309,5,0
2025-10-10 09:00:00,3435.47,3436.88,3426.18,3429.63,16366,5,0
2025-10-10 10:00:00,3429.63,3433.88,3415.36,3430.73,17347,5,0
2025-10-10 11:00:00,3430.76,3448.92,3429.15,3447.68,15177,5,0
2025-10-10 12:00:00,3447.66,3461.68,3446.69,3452.26,15553,5,0
2025-10-10 13:00:00,3452.23,3456.45,3446.59,3451.38,13195,5,0
2025-10-10 14:00:00,3451.38,3456.57,3443.32,3448.81,14365,5,0
2025-10-10 15:00:00,3448.81,3450.47,3439.74,3444.34,16530,5,0
2025-10-10 16:00:00,3444.34,3456.62,3436.3,3440.67,22807,5,0
2025-10-10 17:00:00,3440.64,3449.96,3431.73,3446.06,22705,5,0
2025-10-10 18:00:00,3446.04,3459.69,3439.27,3442.9,30492,5,0
2025-10-10 19:00:00,3442.9,3443.43,3425.94,3432.26,25344,5,0
2025-10-10 20:00:00,3432.26,3440.0,3425.75,3439.28,20268,5,0
2025-10-10 21:00:00,3439.25,3454.67,3434.58,3444.92,17362,5,0
2025-10-10 22:00:00,3444.9,3462.52,3442.34,3454.19,18074,5,0
2025-10-10 23:00:00,3454.06,3458.86,3447.44,3450.23,10590,5,0
2025-10-13 01:00:00,3442.51,3488.99,3432.62,3483.93,13344,7,0
2025-10-13 02:00:00,3483.93,3497.09,3475.52,3478.14,14263,5,0
2025-10-13 03:00:00,3478.11,3496.06,3467.65,3481.38,19136,5,0
2025-10-13 04:00:00,3481.38,3490.1,3473.88,3488.02,17979,5,0
2025-10-13 05:00:00,3488.02,3489.35,3477.74,3483.82,12110,5,0
2025-10-13 06:00:00,3483.82,3491.04,3482.52,3486.91,10427,5,0
2025-10-13 07:00:00,3486.91,3492.67,3486.14,3490.64,7578,5,0
2025-10-13 08:00:00,3490.64,3509.86,3489.48,3498.32,14994,5,0
2025-10-13 09:00:00,3498.32,3504.79,3494.98,3503.92,16548,6,0
2025-10-13 10:00:00,3503.92,3513.75,3501.95,3509.74,14372,5,0
2025-10-13 11:00:00,3509.77,3520.92,3507.47,3519.69,13059,5,0
2025-10-13 12:00:00,3519.69,3520.22,3510.87,3516.67,10683,5,0
2025-10-13 13:00:00,3516.71,3525.72,3511.89,3523.06,11250,5,0
2025-10-13 14:00:00,3523.06,3524.29,3518.13,3521.63,12717,5,0
2025-10-13 15:00:00,3521.63,3533.02,3520.07,3526.45,15588,5,0
2025-10-13 16:00:00,3526.43,3538.89,3525.13,3536.97,19887,5,0
2025-10-13 17:00:00,3536.93,3549.24,3535.51,3544.04,19143,4,0
2025-10-13 18:00:00,3544.01,3548.46,3538.1,3546.67,15482,5,0
2025-10-13 19:00:00,3546.67,3556.39,3545.56,3546.84,15246,5,0
2025-10-13 20:00:00,3546.84,3554.98,3542.29,3545.86,15022,5,0
2025-10-13 21:00:00,3545.86,3548.62,3540.95,3545.57,11660,5,0
2025-10-13 22:00:00,3545.57,3553.86,3535.49,3552.27,12880,5,0
2025-10-13 23:00:00,3552.27,3554.81,3549.96,3552.28,5204,5,0
2025-10-14 01:00:00,3550.73,3557.74,3549.11,3557.17,6019,5,0
2025-10-14 02:00:00,3557.03,3571.94,3555.48,3569.12,10904,2,0
2025-10-14 03:00:00,3569.12,3572.76,3563.94,3567.65,13561,5,0
2025-10-14 04:00:00,3567.58,3586.39,3566.64,3575.5,21058,5,0
2025-10-14 05:00:00,3575.5,3585.98,3575.25,3582.22,14325,5,0
2025-10-14 06:00:00,3582.22,3597.58,3581.58,3595.65,15281,5,0
2025-10-14 07:00:00,3595.65,3599.56,3587.46,3595.68,13971,5,0
2025-10-14 08:00:00,3595.64,3608.09,3548.41,3557.56,22596,5,0
2025-10-14 09:00:00,3557.59,3568.73,3533.17,3554.25,26072,5,0
2025-10-14 10:00:00,3554.22,3573.21,3545.66,3573.07,19845,5,0
2025-10-14 11:00:00,3572.94,3587.06,3570.4,3584.98,17188,5,0
2025-10-14 12:00:00,3585.08,3586.32,3566.4,3571.88,15364,5,0
2025-10-14 13:00:00,3571.93,3586.07,3569.07,3576.32,15325,5,0
2025-10-14 14:00:00,3576.4,3580.69,3570.95,3575.49,13858,5,0
2025-10-14 15:00:00,3575.49,3579.25,3551.08,3553.69,18879,5,0
2025-10-14 16:00:00,3553.82,3566.7,3546.15,3563.26,26339,5,0
2025-10-14 17:00:00,3563.26,3573.85,3559.78,3561.46,23585,4,0
2025-10-14 18:00:00,3561.46,3573.5,3558.66,3564.93,19972,5,0
2025-10-14 19:00:00,3564.94,3578.16,3556.17,3566.42,21138,5,0
2025-10-14 20:00:00,3566.44,3578.12,3563.68,3573.03,18516,4,0
2025-10-14 21:00:00,3573.08,3577.07,3569.91,3574.53,13683,4,0
2025-10-14 22:00:00,3574.53,3575.92,3561.08,3568.71,15409,5,0
2025-10-14 23:00:00,3568.82,3573.56,3566.79,3568.23,6124,5,0
2025-10-15 01:00:00,3567.44,3586.99,3566.78,3583.69,8131,6,0
2025-10-15 02:00:00,3583.79,3591.49,3582.91,3586.58,7052,5,0
2025-10-15 03:00:00,3586.59,3592.72,3578.4,3585.07,12139,5,0
2025-10-15 04:00:00,3585.07,3603.99,3584.65,3598.9,18978,5,0
2025-10-15 05:00:00,3598.9,3601.71,3585.65,3593.39,14396,5,0
2025-10-15 06:00:00,3593.39,3605.56,3593.24,3602.63,10539,5,0
2025-10-15 07:00:00,3602.63,3602.86,3591.99,3597.63,8108,5,0
2025-10-15 08:00:00,3597.63,3607.37,3594.63,3602.5,12397,5,0
2025-10-15 09:00:00,3602.45,3610.81,3600.82,3609.53,13989,5,0
2025-10-15 10:00:00,3609.47,3617.16,3605.66,3616.24,12567,5,0
2025-10-15 11:00:00,3616.26,3624.76,3615.72,3617.37,12951,5,0
2025-10-15 12:00:00,3617.37,3621.11,3579.62,3603.48,16989,7,0
2025-10-15 13:00:00,3603.48,3617.84,3603.33,3615.47,12119,5,0
2025-10-15 14:00:00,3615.5,3616.41,3608.09,3613.42,10538,5,0
2025-10-15 15:00:00,3613.42,3615.38,3593.18,3607.22,16525,5,0
2025-10-15 16:00:00,3607.22,3614.58,3598.95,3605.41,20929,5,0
2025-10-15 17:00:00,3605.41,3623.76,3604.9,3612.97,19089,4,0
2025-10-15 18:00:00,3612.99,3614.93,3592.4,3601.08,20305,4,0
2025-10-15 19:00:00,3601.08,3609.7,3599.28,3607.28,14768,5,0
2025-10-15 20:00:00,3607.25,3609.51,3595.28,3609.51,17704,5,0
2025-10-15 21:00:00,3609.46,3615.27,3606.35,3611.09,14329,4,0
2025-10-15 22:00:00,3611.09,3619.68,3610.59,3615.75,13102,5,0
2025-10-15 23:00:00,3615.74,3617.58,3611.81,3612.62,6855,5,0
2025-10-16 01:00:00,3611.84,3618.81,3605.84,3617.74,7405,6,0
2025-10-16 02:00:00,3617.63,3619.74,3611.87,3614.56,7311,5,0
2025-10-16 03:00:00,3614.6,3625.56,3609.84,3610.16,13795,5,0
2025-10-16 04:00:00,3610.11,3627.5,3610.0,3624.88,16568,5,0
2025-10-16 05:00:00,3624.85,3634.12,3622.56,3634.07,11216,5,0
2025-10-16 06:00:00,3634.07,3636.73,3626.07,3630.42,11243,5,0
2025-10-16 07:00:00,3630.4,3636.62,3627.12,3632.07,8725,5,0
2025-10-16 08:00:00,3632.07,3633.18,3604.93,3606.16,17134,5,0
2025-10-16 09:00:00,3606.16,3624.85,3605.09,3623.51,16545,5,0
2025-10-16 10:00:00,3623.5,3635.07,3622.9,3630.8,12981,5,0
2025-10-16 11:00:00,3630.87,3635.64,3627.68,3630.59,10383,5,0
2025-10-16 12:00:00,3630.61,3638.06,3622.82,3636.54,11204,5,0
2025-10-16 13:00:00,3636.39,3643.51,3631.03,3640.09,10819,5,0
2025-10-16 14:00:00,3640.09,3645.65,3637.81,3638.73,10843,5,0
2025-10-16 15:00:00,3638.77,3646.97,3627.79,3632.88,16146,5,0
2025-10-16 16:00:00,3632.88,3653.07,3631.8,3642.57,20186,5,0
2025-10-16 17:00:00,3641.95,3657.7,3641.78,3651.02,19701,4,0
2025-10-16 18:00:00,3651.02,3665.8,3649.49,3663.76,15676,4,0
2025-10-16 19:00:00,3663.76,3676.5,3651.06,3667.6,23325,5,0
2025-10-16 20:00:00,3667.6,3678.91,3662.72,3673.71,19559,5,0
2025-10-16 21:00:00,3673.76,3674.93,3656.36,3670.89,18352,5,0
2025-10-16 22:00:00,3670.86,3689.25,3667.56,3685.09,17032,5,0
2025-10-16 23:00:00,3685.13,3704.95,3685.13,3701.05,9275,5,0
2025-10-17 01:00:00,3705.74,3743.95,3700.35,3717.03,15890,6,0
2025-10-17 02:00:00,3717.03,3743.4,3712.7,3731.69,13399,5,0
2025-10-17 03:00:00,3731.49,3734.84,3720.32,3722.82,15509,5,0
2025-10-17 04:00:00,3722.64,3725.41,3655.92,3686.84,25464,5,0
2025-10-17 05:00:00,3686.84,3714.78,3684.62,3709.89,20110,5,0
2025-10-17 06:00:00,3709.89,3729.29,3706.64,3729.29,15270,5,0
2025-10-17 07:00:00,3729.29,3737.97,3720.03,3737.41,13107,5,0
2025-10-17 08:00:00,3737.41,3738.78,3706.23,3724.12,16996,5,0
2025-10-17 09:00:00,3724.14,3729.23,3710.45,3723.23,20176,5,0
2025-10-17 10:00:00,3723.18,3725.29,3684.05,3707.75,22716,5,0
2025-10-17 11:00:00,3707.7,3717.78,3691.91,3716.87,19795,5,0
2025-10-17 12:00:00,3716.85,3717.5,3702.49,3709.14,14687,5,0
2025-10-17 13:00:00,3709.24,3712.8,3693.42,3702.11,15939,6,0
2025-10-17 14:00:00,3702.11,3708.17,3668.59,3669.13,21536,5,0
2025-10-17 15:00:00,3669.1,3700.34,3666.39,3695.25,22947,5,0
2025-10-17 16:00:00,3695.28,3697.5,3647.45,3662.09,26281,5,0
2025-10-17 17:00:00,3662.08,3662.65,3615.32,3641.91,30399,4,0
2025-10-17 18:00:00,3641.79,3651.57,3627.33,3629.92,24126,5,0
2025-10-17 19:00:00,3629.92,3636.54,3598.14,3602.9,25759,5,0
2025-10-17 20:00:00,3602.94,3622.1,3586.84,3617.74,23708,5,0
2025-10-17 21:00:00,3617.73,3636.63,3616.29,3630.02,17525,5,0
2025-10-17 22:00:00,3630.02,3631.35,3609.89,3620.9,17309,5,0
2025-10-17 23:00:00,3620.04,3648.91,3616.32,3648.91,9156,5,0
2025-10-20 01:00:00,3640.79,3665.37,3633.71,3650.93,11858,7,0
2025-10-20 02:00:00,3650.97,3651.58,3631.18,3635.18,12946,6,0
2025-10-20 03:00:00,3635.15,3644.52,3618.18,3642.75,19216,5,0
2025-10-20 04:00:00,3642.76,3660.6,3625.67,3655.65,20168,5,0
2025-10-20 05:00:00,3655.71,3659.78,3646.22,3647.97,15320,5,0
2025-10-20 06:00:00,3647.97,3655.78,3641.42,3654.97,12909,5,0
2025-10-20 07:00:00,3654.97,3657.51,3651.25,3655.3,7929,5,0
2025-10-20 08:00:00,3655.3,3656.06,3631.93,3631.96,16147,6,0
2025-10-20 09:00:00,3631.96,3640.35,3619.69,3633.68,19037,5,0
2025-10-20 10:00:00,3633.69,3652.84,3632.28,3648.66,15270,5,0
2025-10-20 11:00:00,3648.68,3657.69,3645.87,3651.34,13360,5,0
2025-10-20 12:00:00,3651.34,3655.63,3644.77,3653.52,12784,5,0
2025-10-20 13:00:00,3653.53,3655.35,3642.22,3651.07,13727,5,0
2025-10-20 14:00:00,3651.07,3671.42,3648.01,3671.09,13171,5,0
2025-10-20 15:00:00,3670.95,3713.41,3665.65,3710.03,23699,5,0
2025-10-20 16:00:00,3709.97,3712.53,3690.68,3692.04,25123,5,0
2025-10-20 17:00:00,3691.76,3719.39,3684.43,3717.58,23992,5,0
2025-10-20 18:00:00,3717.56,3735.33,3717.56,3731.56,21055,4,0
2025-10-20 19:00:00,3731.54,3733.39,3725.89,3732.12,15109,5,0
2025-10-20 20:00:00,3732.12,3735.31,3724.33,3733.92,14743,4,0
2025-10-20 21:00:00,3733.92,3747.79,3731.77,3743.2,13226,5,0
2025-10-20 22:00:00,3743.2,3764.01,3742.57,3760.87,15225,5,0
2025-10-20 23:00:00,3760.84,3762.57,3733.26,3741.63,12600,5,0
2025-10-21 01:00:00,3738.62,3757.59,3736.66,3751.22,10087,6,0
2025-10-21 02:00:00,3751.22,3754.46,3741.82,3744.66,7625,6,0
2025-10-21 03:00:00,3744.66,3751.83,3739.03,3748.97,12614,5,0
2025-10-21 04:00:00,3748.95,3752.41,3720.73,3736.4,20610,5,0
2025-10-21 05:00:00,3736.3,3740.84,3725.87,3729.43,16594,5,0
2025-10-21 06:00:00,3729.29,3739.64,3728.88,3735.85,10023,5,0
2025-10-21 07:00:00,3735.85,3736.27,3728.08,3731.49,8538,5,0
2025-10-21 08:00:00,3731.47,3733.43,3712.5,3718.82,16113,5,0
2025-10-21 09:00:00,3718.82,3734.88,3714.05,3733.82,16267,5,0
2025-10-21 10:00:00,3733.81,3733.81,3693.05,3697.33,20557,5,0
2025-10-21 11:00:00,3697.3,3700.63,3650.85,3677.68,23686,5,0
2025-10-21 12:00:00,3677.74,3681.52,3662.5,3670.34,17105,5,0
2025-10-21 13:00:00,3670.46,3673.57,3659.7,3661.22,16821,4,0
2025-10-21 14:00:00,3661.22,3674.99,3655.81,3662.57,16025,5,0
2025-10-21 15:00:00,3662.56,3666.37,3623.9,3626.78,24171,5,0
2025-10-21 16:00:00,3626.78,3638.07,3590.45,3594.29,29310,5,0
2025-10-21 17:00:00,3594.27,3608.13,3518.14,3566.57,31158,5,0
2025-10-21 18:00:00,3566.57,3575.03,3548.22,3563.28,26582,5,0
2025-10-21 19:00:00,3563.34,3565.76,3532.62,3543.41,24235,5,0
2025-10-21 20:00:00,3543.41,3550.72,3528.02,3542.94,23131,5,0
2025-10-21 21:00:00,3542.94,3554.78,3537.91,3545.74,17110,5,0
2025-10-21 22:00:00,3545.74,3551.27,3533.63,3541.98,17440,5,0
2025-10-21 23:00:00,3542.13,3560.98,3539.69,3555.87,9727,5,0
2025-10-22 01:00:00,3554.06,3561.69,3544.8,3554.48,7505,6,0
2025-10-22 02:00:00,3554.29,3558.66,3526.23,3528.8,9965,6,0
2025-10-22 03:00:00,3528.91,3529.36,3450.74,3511.48,24027,5,0
2025-10-22 04:00:00,3511.48,3550.33,3502.27,3521.93,20941,5,0
2025-10-22 05:00:00,3522.05,3547.14,3522.03,3544.93,13270,5,0
2025-10-22 06:00:00,3544.93,3569.02,3538.28,3557.18,11821,5,0
2025-10-22 07:00:00,3557.18,3560.89,3538.93,3556.12,12077,5,0
2025-10-22 08:00:00,3556.12,3570.63,3554.29,3560.5,13497,5,0
2025-10-22 09:00:00,3560.5,3583.85,3556.49,3579.67,17179,5,0
2025-10-22 10:00:00,3579.67,3580.07,3556.09,3562.72,19576,5,0
2025-10-22 11:00:00,3562.72,3565.24,3504.54,3509.86,25263,5,0
2025-10-22 12:00:00,3509.87,3535.48,3502.66,3509.9,20598,5,0
2025-10-22 13:00:00,3509.79,3531.12,3473.39,3482.9,19638,5,0
2025-10-22 14:00:00,3482.87,3491.1,3465.45,3477.52,22769,5,0
2025-10-22 15:00:00,3477.68,3500.99,3472.55,3482.63,22255,5,0
2025-10-22 16:00:00,3482.63,3522.78,3482.59,3515.23,26680,5,0
2025-10-22 17:00:00,3515.05,3516.74,3454.96,3457.99,26768,4,0
2025-10-22 18:00:00,3457.84,3484.84,3457.71,3476.98,24334,4,0
2025-10-22 19:00:00,3476.85,3497.6,3464.94,3493.45,21768,5,0
2025-10-22 20:00:00,3493.45,3505.33,3481.9,3504.36,19515,5,0
2025-10-22 21:00:00,3504.36,3514.39,3501.75,3511.77,14158,5,0
2025-10-22 22:00:00,3511.93,3543.94,3511.75,3534.74,17631,5,0
2025-10-22 23:00:00,3534.45,3537.57,3521.7,3529.88,8938,5,0
2025-10-23 01:00:00,3524.34,3544.64,3523.38,3532.64,9448,5,0
2025-10-23 02:00:00,3532.64,3535.15,3515.28,3521.68,11053,6,0
2025-10-23 03:00:00,3521.68,3530.3,3504.79,3517.61,16959,5,0
2025-10-23 04:00:00,3517.74,3527.89,3508.75,3512.1,18407,5,0
2025-10-23 05:00:00,3512.1,3522.83,3511.17,3520.42,12986,5,0
2025-10-23 06:00:00,3520.57,3535.89,3516.53,3529.04,11032,5,0
2025-10-23 07:00:00,3529.04,3530.11,3518.67,3525.65,9232,5,0
2025-10-23 08:00:00,3525.64,3543.01,3520.97,3542.86,11609,5,0
2025-10-23 09:00:00,3542.86,3566.86,3542.85,3547.89,21139,5,0
2025-10-23 10:00:00,3547.89,3554.07,3529.06,3529.55,16960,5,0
2025-10-23 11:00:00,3529.55,3551.12,3529.55,3549.74,14648,5,0
2025-10-23 12:00:00,3549.74,3557.86,3545.78,3557.44,12717,5,0
2025-10-23 13:00:00,3557.44,3558.33,3538.51,3546.01,13938,5,0
2025-10-23 14:00:00,3546.0,3556.21,3544.91,3546.68,14633,5,0
2025-10-23 15:00:00,3546.65,3558.45,3537.98,3557.82,17333,5,0
2025-10-23 16:00:00,3557.63,3576.55,3556.53,3571.11,24226,5,0
2025-10-23 17:00:00,3571.12,3577.83,3561.99,3572.07,21779,4,0
2025-10-23 18:00:00,3572.23,3574.52,3564.01,3566.99,16523,4,0
2025-10-23 19:00:00,3566.99,3571.89,3553.95,3560.81,14466,5,0
2025-10-23 20:00:00,3560.83,3566.47,3554.08,3563.37,12898,5,0
2025-10-23 21:00:00,3563.37,3567.78,3558.47,3560.09,10005,5,0
2025-10-23 22:00:00,3560.3,3561.84,3543.89,3545.15,11685,5,0
2025-10-23 23:00:00,3545.15,3551.1,3536.41,3551.04,8137,5,0
2025-10-24 01:00:00,3552.0,3556.41,3538.37,3542.78,5268,6,0
2025-10-24 02:00:00,3542.78,3548.55,3534.77,3547.93,6034,5,0
2025-10-24 03:00:00,3547.93,3557.28,3544.77,3557.12,9133,5,0
2025-10-24 04:00:00,3557.12,3568.12,3541.6,3547.79,14834,5,0
2025-10-24 05:00:00,3547.77,3547.79,3539.35,3540.36,11614,5,0
2025-10-24 06:00:00,3540.36,3551.64,3538.54,3550.92,8777,5,0
2025-10-24 07:00:00,3550.92,3551.82,3534.85,3542.18,9537,5,0
2025-10-24 08:00:00,3542.18,3547.74,3535.37,3536.75,8218,5,0
2025-10-24 09:00:00,3536.76,3537.35,3516.98,3523.55,15742,5,0
2025-10-24 10:00:00,3523.55,3527.96,3503.02,3506.88,15469,5,0
2025-10-24 11:00:00,3506.88,3509.31,3485.81,3501.36,18038,5,0
2025-10-24 12:00:00,3501.36,3509.41,3491.8,3497.15,12965,5,0
2025-10-24 13:00:00,3497.23,3504.94,3490.17,3491.51,10887,5,0
2025-10-24 14:00:00,3491.52,3501.93,3483.92,3496.68,14525,5,0
2025-10-24 15:00:00,3496.61,3516.31,3494.58,3508.7,20543,5,0
2025-10-24 16:00:00,3508.7,3544.38,3507.09,3531.69,25351,5,0
2025-10-24 17:00:00,3531.98,3554.56,3528.03,3541.65,23201,4,0
2025-10-24 18:00:00,3541.64,3554.79,3536.77,3553.02,17419,4,0
2025-10-24 19:00:00,3553.02,3560.18,3546.54,3551.94,14169,5,0
2025-10-24 20:00:00,3551.94,3555.66,3530.87,3532.67,13867,5,0
2025-10-24 21:00:00,3532.67,3538.4,3528.0,3535.38,13386,5,0
2025-10-24 22:00:00,3535.38,3541.35,3526.77,3528.51,11525,5,0
2025-10-24 23:00:00,3528.5,3537.33,3521.58,3535.11,5870,5,0
2025-10-27 01:00:00,3494.24,3533.47,3491.47,3510.26,14226,6,0
2025-10-27 02:00:00,3510.37,3516.07,3492.32,3494.49,11144,5,0
2025-10-27 03:00:00,3494.49,3510.01,3488.71,3507.9,12353,5,0
2025-10-27 04:00:00,3507.95,3518.87,3502.81,3507.09,17344,5,0
2025-10-27 05:00:00,3507.08,3508.44,3499.6,3500.76,12270,5,0
2025-10-27 06:00:00,3500.76,3509.62,3495.15,3499.8,10084,5,0
2025-10-27 07:00:00,3499.82,3503.3,3487.53,3500.18,12619,5,0
2025-10-27 08:00:00,3500.18,3514.46,3500.08,3508.97,10460,5,0
2025-10-27 09:00:00,3508.94,3512.0,3504.25,3507.8,12956,5,0
2025-10-27 10:00:00,3507.8,3508.95,3496.85,3501.57,11978,5,0
2025-10-27 11:00:00,3501.58,3501.58,3460.06,3477.05,17042,5,0
2025-10-27 12:00:00,3477.04,3483.19,3466.04,3471.24,17703,5,0
2025-10-27 13:00:00,3471.24,3476.97,3462.02,3467.97,13699,5,0
2025-10-27 14:00:00,3467.97,3471.46,3450.65,3455.26,16719,5,0
2025-10-27 15:00:00,3455.26,3475.94,3453.77,3475.28,16765,5,0
2025-10-27 16:00:00,3475.34,3479.41,3449.66,3456.71,22818,5,0
2025-10-27 17:00:00,3456.71,3457.52,3422.93,3425.77,26649,4,0
2025-10-27 18:00:00,3425.81,3430.61,3413.38,3429.18,22405,5,0
2025-10-27 19:00:00,3429.16,3437.26,3423.46,3436.19,15715,5,0
2025-10-27 20:00:00,3436.19,3444.8,3429.76,3442.6,14141,5,0
2025-10-27 21:00:00,3442.59,3446.59,3431.52,3432.7,12805,5,0
2025-10-27 22:00:00,3432.78,3438.86,3422.3,3425.66,15402,5,0
2025-10-27 23:00:00,3425.47,3434.12,3416.54,3418.48,8289,5,0
2025-10-28 01:00:00,3417.41,3431.37,3414.2,3425.01,6678,6,0
2025-10-28 02:00:00,3425.05,3436.64,3418.8,3431.85,8927,5,0
2025-10-28 03:00:00,3431.85,3439.82,3409.17,3437.68,12701,5,0
2025-10-28 04:00:00,3437.67,3447.49,3435.29,3440.73,16099,5,0
2025-10-28 05:00:00,3440.72,3442.54,3415.25,3418.37,14259,5,0
2025-10-28 06:00:00,3418.3,3426.35,3417.42,3424.41,9309,5,0
2025-10-28 07:00:00,3424.41,3425.51,3398.97,3405.98,13138,5,0
2025-10-28 08:00:00,3405.98,3411.55,3394.13,3400.79,14246,5,0
2025-10-28 09:00:00,3400.8,3402.6,3379.07,3382.4,15929,5,0
2025-10-28 10:00:00,3382.41,3387.67,3365.26,3374.08,16075,5,0
2025-10-28 11:00:00,3374.07,3377.04,3343.46,3344.78,20922,5,0
2025-10-28 12:00:00,3344.83,3355.05,3336.65,3349.79,17640,5,0
2025-10-28 13:00:00,3349.76,3370.01,3342.62,3366.33,15164,5,0
2025-10-28 14:00:00,3366.33,3371.02,3355.23,3365.0,14833,5,0
2025-10-28 15:00:00,3365.0,3372.75,3354.28,3361.45,17479,5,0
2025-10-28 16:00:00,3361.45,3385.23,3361.1,3384.08,23180,5,0
2025-10-28 17:00:00,3384.21,3391.45,3377.85,3387.32,21016,4,0
2025-10-28 18:00:00,3387.15,3405.09,3383.93,3400.55,18311,5,0
2025-10-28 19:00:00,3400.51,3401.31,3389.06,3392.69,17391,5,0
2025-10-28 20:00:00,3392.69,3404.44,3391.24,3397.41,14694,5,0
2025-10-28 21:00:00,3397.39,3398.7,3384.3,3392.56,12299,4,0
2025-10-28 22:00:00,3392.62,3399.94,3387.25,3398.42,12658,5,0
2025-10-28 23:00:00,3398.78,3399.06,3388.94,3391.63,5446,5,0
2025-10-29 01:00:00,3388.64,3399.27,3355.36,3376.56,9621,6,0
2025-10-29 02:00:00,3376.56,3404.59,3376.56,3401.32,8350,5,0
2025-10-29 03:00:00,3401.07,3416.21,3396.44,3411.29,14285,5,0
2025-10-29 04:00:00,3410.91,3415.16,3404.64,3411.66,16350,5,0
2025-10-29 05:00:00,3411.63,3412.17,3387.21,3401.01,14074,5,0
2025-10-29 06:00:00,3401.11,3412.35,3399.32,3405.88,11740,5,0
2025-10-29 07:00:00,3405.9,3407.46,3395.6,3396.8,11247,5,0
2025-10-29 08:00:00,3397.0,3410.54,3396.19,3406.64,12443,5,0
2025-10-29 09:00:00,3406.61,3426.1,3405.49,3420.76,13895,5,0
2025-10-29 10:00:00,3420.76,3439.76,3418.12,3439.69,16129,5,0
2025-10-29 11:00:00,3439.79,3456.53,3439.03,3455.81,15201,5,0
2025-10-29 12:00:00,3455.81,3460.73,3450.6,3456.73,14985,5,0
2025-10-29 13:00:00,3456.73,3460.52,3451.56,3454.42,14320,5,0
2025-10-29 14:00:00,3454.42,3459.57,3447.61,3450.77,14185,5,0
2025-10-29 15:00:00,3450.79,3463.07,3447.61,3460.26,17273,5,0
2025-10-29 16:00:00,3460.16,3460.22,3438.52,3448.06,21878,5,0
2025-10-29 17:00:00,3448.06,3457.48,3439.84,3440.54,19570,4,0
2025-10-29 18:00:00,3440.54,3444.31,3420.76,3423.48,20067,5,0
2025-10-29 19:00:00,3423.48,3431.17,3422.05,3425.15,13586,5,0
2025-10-29 20:00:00,3425.15,3430.68,3421.26,3429.7,12513,5,0
2025-10-29 21:00:00,3429.65,3439.55,3402.77,3423.46,29041,5,0
2025-10-29 22:00:00,3423.37,3431.2,3389.26,3401.51,26359,5,0
2025-10-29 23:00:00,3401.52,3408.98,3384.95,3387.35,10916,5,0
2025-10-30 01:00:00,3386.73,3402.65,3370.49,3396.69,10882,5,0
2025-10-30 02:00:00,3396.71,3407.74,3395.17,3406.67,6754,5,0
2025-10-30 03:00:00,3406.59,3416.52,3391.01,3401.84,12740,5,0
2025-10-30 04:00:00,3401.84,3415.7,3396.74,3399.24,17126,5,0
2025-10-30 05:00:00,3399.28,3399.5,3376.08,3376.17,16845,5,0
2025-10-30 06:00:00,3376.17,3391.51,3369.96,3390.26,13512,5,0
2025-10-30 07:00:00,3390.24,3424.4,3387.79,3415.19,19949,5,0
2025-10-30 08:00:00,3415.23,3420.28,3395.31,3409.86,20061,5,0
2025-10-30 09:00:00,3409.86,3422.88,3402.61,3422.67,17659,5,0
2025-10-30 10:00:00,3422.66,3422.88,3405.08,3409.54,16638,5,0
2025-10-30 11:00:00,3409.55,3423.01,3408.63,3422.87,16009,5,0
2025-10-30 12:00:00,3422.88,3452.33,3422.56,3442.5,20165,5,0
2025-10-30 13:00:00,3442.55,3443.63,3420.63,3432.51,16432,5,0
2025-10-30 14:00:00,3432.49,3433.8,3415.31,3426.83,14548,5,0
2025-10-30 15:00:00,3426.83,3439.78,3426.12,3428.23,19786,5,0
2025-10-30 16:00:00,3428.17,3450.76,3425.28,3450.42,21991,5,0
2025-10-30 17:00:00,3450.39,3466.33,3445.21,3453.19,23742,5,0
2025-10-30 18:00:00,3453.19,3466.29,3447.03,3460.82,18293,5,0
2025-10-30 19:00:00,3460.81,3462.51,3452.16,3458.77,15269,5,0
2025-10-30 20:00:00,3458.78,3473.35,3455.22,3462.22,13890,5,0
2025-10-30 21:00:00,3462.23,3472.99,3458.83,3471.83,13051,5,0
2025-10-30 22:00:00,3471.81,3481.44,3470.23,3479.23,15782,5,0
2025-10-30 23:00:00,3479.21,3482.03,3471.58,3479.3,6818,5,0
2025-10-31 01:00:00,3476.15,3497.59,3464.06,3490.45,8492,6,0
2025-10-31 02:00:00,3490.45,3493.95,3474.14,3488.19,12333,5,0
2025-10-31 03:00:00,3488.21,3488.45,3476.48,3477.9,14356,5,0
2025-10-31 04:00:00,3477.9,3489.25,3467.88,3474.18,17714,5,0
2025-10-31 05:00:00,3473.86,3474.94,3458.5,3467.37,18248,5,0
2025-10-31 06:00:00,3467.33,3469.72,3449.97,3454.88,15326,5,0
2025-10-31 07:00:00,3454.88,3465.96,3447.87,3461.67,10440,5,0
2025-10-31 08:00:00,3461.46,3467.16,3452.53,3462.13,14120,5,0
2025-10-31 09:00:00,3462.15,3472.21,3459.58,3471.19,14286,5,0
2025-10-31 10:00:00,3471.23,3481.47,3467.44,3476.79,14471,5,0
2025-10-31 11:00:00,3476.77,3483.06,3463.23,3466.03,12935,5,0
2025-10-31 12:00:00,3465.88,3469.18,3455.62,3462.62,12818,5,0
2025-10-31 13:00:00,3462.87,3471.29,3460.2,3463.32,11002,5,0
2025-10-31 14:00:00,3463.32,3468.65,3458.49,3467.24,9749,5,0
2025-10-31 15:00:00,3467.3,3492.61,3466.37,3481.38,15456,5,0
2025-10-31 16:00:00,3481.43,3492.43,3475.94,3480.86,21221,5,0
2025-10-31 17:00:00,3480.94,3492.84,3478.5,3485.95,20444,5,0
2025-10-31 18:00:00,3485.93,3490.04,3475.69,3477.14,20322,4,0
2025-10-31 19:00:00,3477.07,3478.93,3443.68,3452.48,22842,4,0
2025-10-31 20:00:00,3452.5,3473.28,3452.36,3469.02,17871,5,0
2025-10-31 21:00:00,3469.02,3479.49,3467.29,3470.83,12429,5,0
2025-10-31 22:00:00,3470.74,3475.16,3462.44,3471.46,12773,5,0
2025-10-31 23:00:00,3471.45,3473.93,3466.03,3467.64,4454,5,0
2025-11-03 01:00:00,3444.44,3466.5,3444.44,3452.54,12158,6,0
2025-11-03 02:00:00,3452.24,3458.46,3437.61,3445.14,12889,5,0
2025-11-03 03:00:00,3445.14,3471.59,3440.61,3466.6,18103,5,0
2025-11-03 04:00:00,3466.6,3473.94,3460.7,3472.1,12281,5,0
2025-11-03 05:00:00,3472.1,3481.32,3470.51,3478.0,11236,5,0
2025-11-03 06:00:00,3478.0,3479.67,3469.16,3471.3,9566,5,0
2025-11-03 07:00:00,3471.3,3483.74,3466.09,3479.8,10271,5,0
2025-11-03 08:00:00,3479.8,3483.44,3476.11,3482.08,10010,5,0
2025-11-03 09:00:00,3482.08,3489.25,3478.94,3488.31,11948,5,0
2025-11-03 10:00:00,3488.4,3493.32,3479.59,3491.07,13469,5,0
2025-11-03 11:00:00,3491.07,3496.05,3468.04,3474.4,15772,5,0
2025-11-03 12:00:00,3474.47,3477.61,3468.36,3472.58,11888,5,0
2025-11-03 13:00:00,3472.58,3481.05,3469.38,3480.2,11098,5,0
2025-11-03 14:00:00,3480.2,3484.78,3473.97,3484.65,10628,5,0
2025-11-03 15:00:00,3484.73,3492.01,3483.64,3488.89,17210,5,0
2025-11-03 16:00:00,3488.89,3498.03,3477.32,3494.87,20307,5,0
2025-11-03 17:00:00,3494.9,3499.49,3474.09,3478.07,23659,5,0
2025-11-03 18:00:00,3477.93,3482.31,3465.99,3476.07,17916,4,0
2025-11-03 19:00:00,3476.07,3477.68,3471.41,3475.43,12428,5,0
2025-11-03 20:00:00,3475.45,3479.67,3469.99,3476.81,10926,4,0
2025-11-03 21:00:00,3476.77,3478.88,3467.81,3476.42,11665,5,0
2025-11-03 22:00:00,3476.42,3484.7,3476.42,3481.26,10225,5,0
2025-11-03 23:00:00,3481.13,3481.56,3471.36,3473.33,4005,5,0
2025-11-04 01:00:00,3473.94,3477.42,3452.8,3470.37,7826,5,0
2025-11-04 02:00:00,3470.37,3474.83,3456.91,3464.04,12501,5,0
2025-11-04 03:00:00,3464.04,3471.94,3460.01,3464.15,15048,5,0
2025-11-04 04:00:00,3464.11,3464.2,3454.83,3463.44,14303,5,0
2025-11-04 05:00:00,3463.44,3473.37,3458.88,3469.53,11000,5,0
2025-11-04 06:00:00,3469.49,3470.04,3460.45,3462.86,8838,5,0
2025-11-04 07:00:00,3462.83,3464.07,3450.65,3451.1,13692,6,0
2025-11-04 08:00:00,3451.1,3460.94,3443.62,3458.23,14967,5,0
2025-11-04 09:00:00,3458.23,3466.06,3455.64,3464.85,12221,5,0
2025-11-04 10:00:00,3464.88,3472.34,3462.44,3470.66,14057,5,0
2025-11-04 11:00:00,3470.66,3474.3,3465.65,3470.22,12564,5,0
2025-11-04 12:00:00,3470.22,3473.59,3463.87,3471.74,10778,5,0
2025-11-04 13:00:00,3471.75,3479.49,3470.21,3476.94,8070,5,0
2025-11-04 14:00:00,3476.94,3479.51,3467.62,3468.23,11856,5,0
2025-11-04 15:00:00,3468.02,3477.35,3455.38,3459.49,17556,5,0
2025-11-04 16:00:00,3459.42,3464.03,3423.97,3446.91,23280,5,0
2025-11-04 17:00:00,3446.93,3454.26,3432.68,3443.32,20069,4,0
2025-11-04 18:00:00,3443.29,3459.04,3443.12,3454.44,16443,4,0
2025-11-04 19:00:00,3454.4,3456.35,3441.56,3443.99,14020,5,0
2025-11-04 20:00:00,3443.99,3445.87,3424.0,3429.06,15420,4,0
2025-11-04 21:00:00,3429.06,3434.69,3426.2,3430.05,12382,5,0
2025-11-04 22:00:00,3430.17,3433.11,3425.37,3431.0,11625,4,0
2025-11-04 23:00:00,3431.0,3431.24,3422.69,3424.03,5004,5,0
2025-11-05 01:00:00,3425.65,3431.57,3422.79,3426.0,6602,5,0
2025-11-05 02:00:00,3426.0,3433.69,3421.64,3430.83,11613,5,0
2025-11-05 03:00:00,3430.83,3436.93,3423.4,3426.71,15312,5,0
2025-11-05 04:00:00,3426.71,3438.85,3425.3,3436.89,13166,5,0
2025-11-05 05:00:00,3436.8,3451.58,3436.1,3447.53,9345,5,0
2025-11-05 06:00:00,3447.53,3457.96,3446.41,3455.21,9205,5,0
2025-11-05 07:00:00,3455.21,3461.73,3447.65,3450.12,10484,5,0
2025-11-05 08:00:00,3450.12,3458.92,3447.67,3452.73,10412,5,0
2025-11-05 09:00:00,3452.73,3460.01,3449.93,3458.48,10147,5,0
2025-11-05 10:00:00,3458.45,3468.65,3457.67,3464.19,12362,5,0
2025-11-05 11:00:00,3464.16,3465.65,3450.02,3458.49,10109,5,0
2025-11-05 12:00:00,3458.48,3458.48,3445.83,3452.38,10352,5,0
2025-11-05 13:00:00,3452.38,3456.04,3445.09,3453.06,9167,5,0
2025-11-05 14:00:00,3453.06,3455.11,3448.65,3454.59,8736,5,0
2025-11-05 15:00:00,3454.62,3467.22,3451.82,3465.34,14752,5,0
2025-11-05 16:00:00,3465.34,3470.94,3455.36,3458.9,17668,5,0
2025-11-05 17:00:00,3458.98,3471.64,3453.86,3465.81,20982,5,0
2025-11-05 18:00:00,3465.85,3475.4,3463.73,3471.72,14910,4,0
2025-11-05 19:00:00,3471.65,3473.92,3465.17,3468.59,10086,5,0
2025-11-05 20:00:00,3468.59,3471.67,3466.11,3468.62,8247,5,0
2025-11-05 21:00:00,3468.62,3473.13,3465.96,3471.85,7897,4,0
2025-11-05 22:00:00,3471.96,3472.91,3465.63,3468.2,8778,4,0
2025-11-05 23:00:00,3468.2,3468.8,3461.02,3461.63,4264,5,0
2025-11-06 01:00:00,3460.56,3462.9,3445.95,3456.59,7463,7,0
2025-11-06 02:00:00,3456.59,3457.99,3452.41,3457.27,7001,8,0
2025-11-06 03:00:00,3457.27,3457.69,3445.81,3455.8,10178,5,0
2025-11-06 04:00:00,3455.8,3464.16,3453.75,3462.22,8920,5,0
2025-11-06 05:00:00,3462.22,3467.8,3458.86,3465.31,7638,5,0
2025-11-06 06:00:00,3465.24,3467.3,3462.83,3466.37,4983,5,0
2025-11-06 07:00:00,3466.37,3468.66,3463.39,3464.5,7675,5,0
2025-11-06 08:00:00,3464.57,3470.29,3460.62,3468.72,8971,5,0
2025-11-06 09:00:00,3468.68,3483.21,3468.33,3480.85,12156,5,0
2025-11-06 10:00:00,3480.82,3489.38,3478.83,3484.79,12757,5,0
2025-11-06 11:00:00,3484.79,3487.14,3481.44,3483.63,9811,4,0
2025-11-06 12:00:00,3483.63,3484.24,3477.25,3482.42,9398,5,0
2025-11-06 13:00:00,3482.45,3489.96,3480.36,3487.94,9597,5,0
2025-11-06 14:00:00,3487.94,3489.82,3471.52,3473.53,10790,5,0
2025-11-06 15:00:00,3473.53,3482.79,3471.87,3478.02,12687,5,0
2025-11-06 16:00:00,3478.02,3479.47,3460.19,3466.29,19437,8,0
2025-11-06 17:00:00,3466.06,3466.06,3448.84,3449.2,22598,4,0
2025-11-06 18:00:00,3449.25,3456.47,3445.94,3450.25,18673,4,0
2025-11-06 19:00:00,3450.25,3456.17,3437.52,3454.02,17347,5,0
2025-11-06 20:00:00,3454.04,3455.98,3448.25,3453.54,12817,5,0
2025-11-06 21:00:00,3453.54,3459.48,3450.96,3452.22,10639,4,0
2025-11-06 22:00:00,3452.19,3453.92,3446.12,3447.16,12305,5,0
2025-11-06 23:00:00,3447.29,3448.52,3442.17,3443.5,4190,5,0
2025-11-07 01:00:00,3438.2,3454.73,3437.32,3454.24,4600,5,0
2025-11-07 02:00:00,3454.24,3461.34,3451.15,3456.47,6143,5,0
2025-11-07 03:00:00,3456.48,3469.49,3455.47,3468.32,10612,5,0
2025-11-07 04:00:00,3468.32,3469.17,3458.69,3462.26,8948,5,0
2025-11-07 05:00:00,3462.18,3463.29,3456.89,3458.48,6603,5,0
2025-11-07 06:00:00,3458.48,3466.33,3454.69,3465.9,5798,5,0
2025-11-07 07:00:00,3465.9,3466.81,3460.23,3463.71,6754,5,0
2025-11-07 08:00:00,3463.71,3475.65,3461.09,3474.79,8690,5,0
2025-11-07 09:00:00,3474.79,3477.11,3469.2,3475.11,8720,5,0
2025-11-07 10:00:00,3475.11,3476.68,3470.19,3476.25,8663,5,0
2025-11-07 11:00:00,3476.26,3479.53,3470.64,3472.52,9222,5,0
2025-11-07 12:00:00,3472.59,3473.61,3466.64,3470.0,7514,5,0
2025-11-07 13:00:00,3470.0,3473.05,3455.69,3463.31,11729,5,0
2025-11-07 14:00:00,3463.31,3468.05,3453.93,3457.96,11747,5,0
2025-11-07 15:00:00,3457.93,3460.73,3451.54,3455.93,13475,5,0
2025-11-07 16:00:00,3455.93,3463.05,3443.1,3450.31,17911,5,0
2025-11-07 17:00:00,3450.46,3452.82,3440.49,3448.78,18586,5,0
2025-11-07 18:00:00,3448.81,3479.04,3447.59,3461.61,18242,5,0
2025-11-07 19:00:00,3461.61,3463.77,3449.32,3458.78,16319,5,0
2025-11-07 20:00:00,3458.78,3463.75,3456.19,3462.47,12556,5,0
2025-11-07 21:00:00,3462.44,3467.02,3460.55,3466.22,11107,5,0
2025-11-07 22:00:00,3466.28,3466.81,3454.27,3462.37,14637,5,0
2025-11-07 23:00:00,3462.24,3463.4,3457.35,3458.39,3138,5,0
2025-11-10 01:00:00,3456.31,3475.74,3455.94,3475.48,8716,6,0
2025-11-10 02:00:00,3475.48,3481.96,3471.77,3479.55,9443,5,0
2025-11-10 03:00:00,3479.55,3506.77,3479.13,3499.03,17723,5,0
2025-11-10 04:00:00,3499.03,3503.51,3494.24,3502.62,11956,5,0
2025-11-10 05:00:00,3502.62,3508.1,3500.16,3505.35,7981,5,0
2025-11-10 06:00:00,3505.22,3510.29,3503.81,3506.75,7477,5,0
2025-11-10 07:00:00,3506.84,3520.1,3503.79,3519.63,9330,5,0
2025-11-10 08:00:00,3519.61,3528.48,3517.05,3527.01,11287,5,0
2025-11-10 09:00:00,3527.01,3528.78,3521.1,3522.98,10269,5,0
2025-11-10 10:00:00,3522.96,3528.83,3520.53,3527.52,12547,5,0
2025-11-10 11:00:00,3527.54,3533.25,3519.63,3523.99,11996,5,0
2025-11-10 12:00:00,3523.99,3531.49,3523.94,3529.4,8237,5,0
2025-11-10 13:00:00,3529.4,3533.15,3527.13,3533.01,7990,5,0
2025-11-10 14:00:00,3533.08,3543.98,3532.22,3542.22,11812,5,0
2025-11-10 15:00:00,3542.25,3549.3,3535.34,3537.15,18000,5,0
