time,open,high,low,close,tick_volume,spread,real_volume
2024-11-11 10:00:00,1330.72,1332.21,1328.25,1329.62,364,68,0
2024-11-11 10:30:00,1329.74,1331.04,1328.34,1329.7,299,68,0
2024-11-11 11:00:00,1329.82,1331.46,1328.35,1330.0,216,68,0
2024-11-11 11:30:00,1330.12,1331.6,1329.85,1330.23,184,68,0
2024-11-11 12:00:00,1330.22,1331.89,1329.82,1331.58,131,68,0
2024-11-11 12:30:00,1331.33,1332.47,1330.47,1331.03,148,68,0
2024-11-11 13:00:00,1330.9,1331.52,1329.16,1329.31,144,68,0
2024-11-11 13:30:00,1329.44,1329.72,1328.44,1329.46,117,68,0
2024-11-11 14:00:00,1329.34,1329.46,1328.1,1328.23,92,68,0
2024-11-11 14:30:00,1328.1,1329.56,1328.1,1328.59,134,68,0
2024-11-11 15:00:00,1328.72,1330.21,1327.76,1329.05,156,68,0
2024-11-11 15:30:00,1328.92,1329.28,1326.77,1327.35,154,68,0
2024-11-11 16:00:00,1327.1,1327.23,1325.31,1327.09,165,68,0
2024-11-11 16:30:00,1327.21,1329.08,1324.37,1327.6,281,68,0
2024-11-11 17:00:00,1327.48,1328.9,1326.87,1327.37,160,68,0
2024-11-12 10:00:00,1316.59,1322.74,1316.34,1319.83,427,68,0
2024-11-12 10:30:00,1320.08,1322.12,1318.7,1321.77,247,68,0
2024-11-12 11:00:00,1321.65,1322.85,1320.68,1321.87,229,68,0
2024-11-12 11:30:00,1321.75,1322.73,1321.38,1322.15,232,68,0
2024-11-12 12:00:00,1322.16,1322.41,1320.28,1321.16,166,68,0
2024-11-12 12:30:00,1321.41,1321.53,1319.71,1320.96,129,68,0
2024-11-12 13:00:00,1320.84,1322.4,1320.22,1321.87,128,68,0
2024-11-12 13:30:00,1321.74,1322.26,1320.38,1320.51,147,68,0
2024-11-12 14:00:00,1320.64,1320.97,1319.38,1320.38,149,68,0
2024-11-12 14:30:00,1320.26,1320.65,1318.73,1319.61,147,68,0
2024-11-12 15:00:00,1319.74,1319.9,1318.74,1318.74,106,68,0
2024-11-12 15:30:00,1318.87,1320.87,1318.74,1320.86,152,68,0
2024-11-12 16:00:00,1320.86,1321.36,1320.12,1320.41,123,68,0
2024-11-12 16:30:00,1320.66,1320.67,1317.88,1317.88,259,68,0
2024-11-12 17:00:00,1318.13,1318.5,1313.96,1314.33,218,68,0
2024-11-13 10:00:00,1319.43,1319.43,1313.84,1316.57,385,68,0
2024-11-13 10:30:00,1316.57,1317.75,1315.22,1316.8,292,68,0
2024-11-13 11:00:00,1316.8,1318.31,1315.99,1318.31,207,68,0
2024-11-13 11:30:00,1318.43,1318.83,1317.12,1317.24,185,68,0
2024-11-13 12:00:00,1317.12,1317.12,1313.43,1313.68,189,68,0
2024-11-13 12:30:00,1313.81,1314.57,1312.76,1314.57,151,68,0
2024-11-13 13:00:00,1314.44,1315.64,1313.89,1315.04,139,68,0
2024-11-13 13:30:00,1315.04,1315.18,1313.12,1313.48,137,68,0
2024-11-13 14:00:00,1313.61,1313.61,1312.13,1313.31,148,68,0
2024-11-13 14:30:00,1313.55,1314.03,1310.86,1311.97,123,68,0
2024-11-13 15:00:00,1311.85,1312.61,1311.6,1311.97,100,68,0
2024-11-13 15:30:00,1311.96,1314.14,1311.96,1312.53,208,68,0
2024-11-13 16:00:00,1312.54,1312.54,1310.37,1312.13,170,68,0
2024-11-13 16:30:00,1311.88,1313.62,1310.04,1311.89,386,68,0
2024-11-13 17:00:00,1311.89,1312.29,1310.04,1310.94,244,68,0
2024-11-14 10:00:00,1320.22,1323.33,1319.72,1321.08,209,68,0
2024-11-14 10:30:00,1321.08,1323.7,1320.63,1322.92,129,68,0
2024-11-14 11:00:00,1322.93,1324.71,1322.93,1324.33,101,68,0
2024-11-14 11:30:00,1324.32,1327.28,1324.32,1326.98,98,68,0
2024-11-14 12:00:00,1326.99,1327.49,1326.13,1327.15,85,68,0
2024-11-14 12:30:00,1327.15,1329.28,1326.66,1329.15,92,68,0
2024-11-14 13:00:00,1329.16,1330.53,1329.16,1329.98,76,68,0
2024-11-14 13:30:00,1329.85,1330.56,1329.37,1329.37,71,68,0
2024-11-14 14:00:00,1329.37,1329.37,1327.77,1328.05,64,68,0
2024-11-14 14:30:00,1328.05,1329.13,1328.05,1329.12,58,68,0
2024-11-14 15:00:00,1329.24,1330.12,1328.95,1329.22,76,68,0
2024-11-14 15:30:00,1329.1,1331.3,1327.71,1331.18,106,68,0
2024-11-14 16:00:00,1331.18,1333.82,1331.05,1333.12,99,68,0
2024-11-14 16:30:00,1333.12,1335.65,1332.62,1333.28,154,68,0
2024-11-14 17:00:00,1333.41,1334.88,1333.24,1333.36,106,68,0
2024-11-15 10:00:00,1326.91,1329.84,1326.66,1328.65,146,68,0
2024-11-15 10:30:00,1328.65,1333.86,1328.53,1333.74,121,68,0
2024-11-15 11:00:00,1333.87,1337.0,1333.87,1337.0,115,68,0
2024-11-15 11:30:00,1336.75,1338.45,1336.22,1338.21,136,68,0
2024-11-15 12:00:00,1337.96,1339.11,1336.98,1338.59,131,68,0
2024-11-15 12:30:00,1338.59,1341.56,1338.59,1341.32,124,68,0
2024-11-15 13:00:00,1341.44,1344.03,1340.71,1343.53,103,68,0
2024-11-15 13:30:00,1343.53,1346.85,1343.51,1346.73,119,68,0
2024-11-15 14:00:00,1346.73,1347.96,1346.04,1347.03,143,68,0
2024-11-15 14:30:00,1347.15,1349.05,1346.54,1346.6,149,68,0
2024-11-15 15:00:00,1346.6,1346.73,1344.54,1345.88,122,68,0
2024-11-15 15:30:00,1345.75,1347.05,1344.21,1344.57,113,68,0
2024-11-15 16:00:00,1344.57,1345.11,1343.74,1344.66,107,68,0
2024-11-15 16:30:00,1344.66,1355.32,1344.28,1351.95,263,68,0
2024-11-15 17:00:00,1352.46,1354.07,1350.75,1353.25,208,68,0
2024-11-18 10:00:00,1350.51,1350.89,1346.28,1348.0,332,68,0
2024-11-18 10:30:00,1347.87,1347.87,1345.99,1346.59,220,68,0
2024-11-18 11:00:00,1346.47,1346.47,1341.21,1344.57,213,68,0
2024-11-18 11:30:00,1344.7,1345.66,1343.57,1343.92,179,68,0
2024-11-18 12:00:00,1344.04,1346.36,1343.11,1346.11,143,68,0
2024-11-18 12:30:00,1346.11,1347.06,1345.78,1346.93,99,68,0
2024-11-18 13:00:00,1346.93,1348.02,1346.41,1347.39,105,68,0
2024-11-18 13:30:00,1347.38,1347.38,1345.18,1345.48,94,68,0
2024-11-18 14:00:00,1345.48,1347.63,1345.48,1347.62,76,68,0
2024-11-18 14:30:00,1347.62,1349.07,1346.92,1346.92,84,68,0
2024-11-18 15:00:00,1346.92,1347.87,1346.36,1347.37,110,68,0
2024-11-18 15:30:00,1347.37,1348.84,1347.04,1347.04,110,68,0
2024-11-18 16:00:00,1347.04,1351.73,1346.55,1350.72,177,68,0
2024-11-18 16:30:00,1350.72,1354.71,1350.02,1350.4,281,68,0
2024-11-18 17:00:00,1350.4,1351.61,1349.89,1351.24,185,68,0
2024-11-19 10:00:00,1354.05,1356.04,1352.92,1353.19,186,68,0
2024-11-19 10:30:00,1353.2,1353.61,1350.48,1351.46,212,68,0
2024-11-19 11:00:00,1351.46,1352.62,1346.29,1346.67,211,68,0
2024-11-19 11:30:00,1346.67,1348.15,1345.06,1347.37,199,68,0
2024-11-19 12:00:00,1347.37,1349.38,1346.5,1347.85,176,68,0
2024-11-19 12:30:00,1347.85,1350.41,1347.36,1350.28,138,68,0
2024-11-19 13:00:00,1350.16,1351.42,1349.12,1349.64,168,68,0
2024-11-19 13:30:00,1349.64,1349.65,1348.15,1349.19,99,68,0
2024-11-19 14:00:00,1349.19,1352.57,1349.17,1352.57,121,68,0
2024-11-19 14:30:00,1352.57,1352.98,1351.42,1351.65,100,68,0
2024-11-19 15:00:00,1351.65,1351.65,1349.93,1350.9,127,68,0
2024-11-19 15:30:00,1350.9,1351.28,1346.83,1346.83,171,68,0
2024-11-19 16:00:00,1346.71,1349.77,1345.59,1347.56,239,68,0
2024-11-19 16:30:00,1347.68,1354.42,1345.08,1352.61,297,68,0
2024-11-19 17:00:00,1352.74,1356.96,1352.74,1356.84,164,68,0
2024-11-20 10:00:00,1363.46,1368.49,1363.46,1367.99,252,68,0
2024-11-20 10:30:00,1367.99,1368.18,1366.57,1367.13,212,68,0
2024-11-20 11:00:00,1367.13,1369.67,1366.02,1368.87,244,68,0
2024-11-20 11:30:00,1369.0,1369.0,1364.53,1364.78,165,68,0
2024-11-20 12:00:00,1364.91,1366.39,1364.03,1365.15,184,68,0
2024-11-20 12:30:00,1365.15,1366.59,1364.73,1365.46,153,68,0
2024-11-20 13:00:00,1365.58,1367.2,1364.58,1366.23,134,68,0
2024-11-20 13:30:00,1366.23,1366.86,1365.15,1366.83,125,68,0
2024-11-20 14:00:00,1366.83,1367.62,1365.71,1367.61,77,68,0
2024-11-20 14:30:00,1367.74,1370.06,1367.72,1369.22,86,68,0
2024-11-20 15:00:00,1369.22,1371.57,1369.22,1371.33,89,68,0
2024-11-20 15:30:00,1371.2,1371.69,1370.18,1370.48,119,68,0
2024-11-20 16:00:00,1370.6,1370.7,1368.84,1370.19,204,68,0
2024-11-20 16:30:00,1370.19,1371.81,1368.36,1369.36,232,68,0
2024-11-20 17:00:00,1369.36,1370.68,1367.98,1368.71,172,68,0
2024-11-21 10:00:00,1369.19,1376.26,1369.06,1373.91,215,68,0
2024-11-21 10:30:00,1373.91,1373.91,1369.18,1369.3,175,68,0
2024-11-21 11:00:00,1369.43,1369.7,1364.97,1365.1,232,68,0
2024-11-21 11:30:00,1364.97,1370.42,1364.97,1370.29,227,68,0
2024-11-21 12:00:00,1370.42,1371.8,1369.45,1370.54,234,68,0
2024-11-21 12:30:00,1370.67,1372.65,1368.97,1370.09,169,68,0
2024-11-21 13:00:00,1370.09,1373.26,1369.95,1372.67,178,68,0
2024-11-21 13:30:00,1372.79,1375.34,1372.67,1374.98,149,68,0
2024-11-21 14:00:00,1374.73,1379.2,1374.73,1378.83,153,68,0
2024-11-21 14:30:00,1378.96,1380.22,1378.27,1379.0,167,68,0
2024-11-21 15:00:00,1379.0,1379.91,1377.93,1378.07,161,68,0
2024-11-21 15:30:00,1378.43,1378.81,1376.31,1376.67,156,68,0
2024-11-21 16:00:00,1376.8,1378.89,1376.08,1377.79,190,68,0
2024-11-21 16:30:00,1377.79,1377.87,1373.37,1375.93,317,68,0
2024-11-21 17:00:00,1375.81,1379.89,1374.94,1379.89,176,68,0
2024-11-22 10:00:00,1382.24,1384.78,1381.57,1381.68,130,68,0
2024-11-22 10:30:00,1381.67,1382.26,1380.03,1381.05,125,68,0
2024-11-22 11:00:00,1381.05,1381.55,1376.13,1376.9,148,68,0
2024-11-22 11:30:00,1376.9,1379.75,1376.61,1379.4,116,68,0
2024-11-22 12:00:00,1379.4,1382.19,1379.35,1382.06,134,68,0
2024-11-22 12:30:00,1382.06,1383.44,1382.06,1382.85,109,68,0
2024-11-22 13:00:00,1382.85,1383.91,1382.04,1382.13,103,68,0
2024-11-22 13:30:00,1382.13,1382.13,1379.44,1379.55,107,68,0
2024-11-22 14:00:00,1379.55,1380.34,1378.56,1380.14,127,68,0
2024-11-22 14:30:00,1380.15,1381.08,1379.32,1380.22,114,68,0
2024-11-22 15:00:00,1380.22,1380.22,1378.8,1379.6,118,68,0
2024-11-22 15:30:00,1379.61,1380.76,1379.1,1380.15,115,68,0
2024-11-22 16:00:00,1380.28,1380.76,1377.89,1377.89,134,68,0
2024-11-22 16:30:00,1377.89,1381.5,1377.13,1381.23,130,68,0
2024-11-22 17:00:00,1381.23,1382.5,1380.72,1381.11,93,68,0
2024-11-25 10:00:00,1390.5,1393.53,1389.05,1390.88,184,68,0
2024-11-25 10:30:00,1390.88,1392.71,1390.15,1390.51,136,68,0
2024-11-25 11:00:00,1390.51,1393.75,1390.51,1393.24,114,68,0
2024-11-25 11:30:00,1393.24,1393.73,1391.67,1391.8,103,68,0
2024-11-25 12:00:00,1391.8,1392.83,1391.42,1391.89,88,68,0
2024-11-25 12:30:00,1391.89,1392.65,1391.41,1391.76,75,68,0
2024-11-25 13:00:00,1391.76,1393.66,1391.76,1393.65,72,68,0
2024-11-25 13:30:00,1393.65,1394.64,1393.53,1394.3,69,68,0
2024-11-25 14:00:00,1394.3,1394.3,1392.39,1393.28,71,68,0
2024-11-25 14:30:00,1393.27,1393.81,1393.19,1393.67,66,68,0
2024-11-25 15:00:00,1393.67,1394.77,1393.67,1394.66,62,68,0
2024-11-25 15:30:00,1394.66,1394.91,1393.53,1393.67,81,68,0
2024-11-25 16:00:00,1393.67,1393.69,1386.71,1387.66,214,68,0
2024-11-25 16:30:00,1387.66,1389.13,1386.13,1386.34,219,68,0
2024-11-25 17:00:00,1386.34,1387.44,1383.73,1385.23,141,68,0
2024-11-26 10:00:00,1380.17,1382.77,1377.9,1382.77,200,68,0
2024-11-26 10:30:00,1382.77,1382.77,1375.55,1375.64,157,68,0
2024-11-26 11:00:00,1375.39,1376.32,1374.61,1375.85,139,68,0
2024-11-26 11:30:00,1375.85,1377.62,1375.85,1376.12,97,68,0
2024-11-26 12:00:00,1376.12,1377.13,1375.17,1375.42,100,68,0
2024-11-26 12:30:00,1375.42,1376.16,1374.63,1374.63,83,68,0
2024-11-26 13:00:00,1374.75,1375.43,1374.35,1375.2,78,68,0
2024-11-26 13:30:00,1375.2,1376.28,1374.43,1374.68,79,68,0
2024-11-26 14:00:00,1374.68,1375.83,1374.5,1374.62,90,68,0
2024-11-26 14:30:00,1374.62,1376.23,1374.37,1375.44,93,68,0
2024-11-26 15:00:00,1375.44,1376.37,1375.15,1375.15,80,68,0
2024-11-26 15:30:00,1375.15,1375.36,1374.24,1374.58,84,68,0
2024-11-26 16:00:00,1374.46,1374.46,1372.62,1373.04,120,68,0
2024-11-26 16:30:00,1373.04,1373.39,1370.4,1371.53,278,68,0
2024-11-26 17:00:00,1371.53,1371.8,1367.33,1367.58,128,68,0
2024-11-27 10:00:00,1366.36,1367.36,1362.64,1364.35,198,68,0
2024-11-27 10:30:00,1364.35,1365.86,1364.23,1365.11,109,68,0
2024-11-27 11:00:00,1365.11,1366.86,1363.5,1366.86,122,68,0
2024-11-27 11:30:00,1366.86,1366.99,1364.59,1366.05,136,68,0
2024-11-27 12:00:00,1366.06,1366.3,1363.76,1365.15,132,68,0
2024-11-27 12:30:00,1365.14,1365.58,1363.85,1364.53,138,68,0
2024-11-27 13:00:00,1364.41,1365.83,1363.9,1364.87,115,68,0
2024-11-27 13:30:00,1364.87,1365.0,1364.18,1364.94,72,68,0
2024-11-27 14:00:00,1364.81,1365.0,1363.57,1364.53,117,68,0
2024-11-27 14:30:00,1364.53,1367.34,1364.53,1366.31,81,68,0
2024-11-27 15:00:00,1366.31,1366.42,1363.88,1364.44,109,68,0
2024-11-27 15:30:00,1364.44,1365.74,1363.77,1363.78,96,68,0
2024-11-27 16:00:00,1363.78,1364.9,1362.83,1364.79,105,68,0
2024-11-27 16:30:00,1364.67,1369.77,1363.67,1369.05,256,68,0
2024-11-27 17:00:00,1369.29,1369.31,1363.73,1364.87,151,68,0
2024-11-28 10:00:00,1369.5,1370.83,1367.22,1370.01,178,68,0
2024-11-28 10:30:00,1369.89,1370.67,1368.56,1369.96,126,68,0
2024-11-28 11:00:00,1369.96,1370.64,1368.63,1370.3,130,68,0
2024-11-28 11:30:00,1370.3,1370.42,1368.69,1368.89,117,68,0
2024-11-28 12:00:00,1368.89,1368.89,1367.11,1367.11,118,68,0
2024-11-28 12:30:00,1366.98,1367.11,1364.95,1365.19,88,68,0
2024-11-28 13:00:00,1365.19,1365.44,1363.42,1364.0,95,68,0
2024-11-28 13:30:00,1364.0,1364.59,1363.74,1364.46,62,68,0
2024-11-28 14:00:00,1364.46,1364.94,1363.65,1364.7,100,68,0
2024-11-28 14:30:00,1364.83,1365.7,1364.48,1365.57,68,68,0
2024-11-28 15:00:00,1365.56,1365.56,1364.45,1364.45,68,68,0
2024-11-28 15:30:00,1364.45,1366.33,1363.54,1366.06,99,68,0
2024-11-28 16:00:00,1366.06,1366.57,1365.07,1366.51,144,68,0
2024-11-28 16:30:00,1366.51,1367.49,1366.01,1366.55,169,68,0
2024-11-28 17:00:00,1366.55,1366.95,1365.25,1366.86,102,68,0
2024-11-29 10:00:00,1361.54,1364.24,1361.42,1363.64,143,68,0
2024-11-29 10:30:00,1363.64,1363.64,1359.45,1359.81,131,68,0
2024-11-29 11:00:00,1359.81,1361.52,1358.98,1359.1,136,68,0
2024-11-29 11:30:00,1358.98,1361.17,1358.97,1361.15,107,68,0
2024-11-29 12:00:00,1361.02,1361.76,1360.93,1361.22,107,68,0
2024-11-29 12:30:00,1361.22,1362.24,1361.22,1361.28,100,68,0
2024-11-29 13:00:00,1361.16,1361.5,1360.82,1361.27,81,68,0
2024-11-29 13:30:00,1361.27,1362.76,1361.15,1362.63,78,68,0
2024-11-29 14:00:00,1362.62,1364.22,1362.25,1363.96,92,68,0
2024-11-29 14:30:00,1363.96,1364.19,1362.34,1362.94,121,68,0
2024-11-29 15:00:00,1362.94,1363.14,1362.11,1362.23,96,68,0
2024-11-29 15:30:00,1362.21,1362.21,1360.26,1360.58,86,68,0
2024-11-29 16:00:00,1360.58,1361.68,1360.1,1360.48,107,68,0
2024-11-29 16:30:00,1360.61,1363.05,1359.27,1360.11,241,68,0
2024-11-29 17:00:00,1359.98,1362.69,1359.74,1360.12,159,68,0
2024-12-02 10:00:00,1358.97,1363.21,1358.97,1359.57,159,68,0
2024-12-02 10:30:00,1359.56,1361.98,1359.55,1361.86,116,68,0
2024-12-02 11:00:00,1361.86,1362.92,1360.58,1361.86,119,68,0
2024-12-02 11:30:00,1361.86,1362.21,1358.96,1358.97,116,68,0
2024-12-02 12:00:00,1358.84,1361.22,1358.72,1361.1,117,68,0
2024-12-02 12:30:00,1361.1,1361.82,1359.67,1359.68,102,68,0
2024-12-02 13:00:00,1359.8,1361.63,1359.8,1360.91,79,68,0
2024-12-02 13:30:00,1360.91,1361.69,1360.23,1361.38,90,68,0
2024-12-02 14:00:00,1361.5,1363.68,1361.37,1362.54,116,68,0
2024-12-02 14:30:00,1362.54,1362.66,1360.68,1362.09,121,68,0
2024-12-02 15:00:00,1362.09,1362.71,1361.14,1361.86,112,68,0
2024-12-02 15:30:00,1361.86,1362.79,1360.92,1361.63,126,68,0
2024-12-02 16:00:00,1361.63,1362.7,1360.57,1362.7,162,68,0
2024-12-02 16:30:00,1362.7,1363.2,1356.72,1356.85,316,68,0
2024-12-02 17:00:00,1356.85,1359.54,1356.85,1358.79,202,68,0
2024-12-03 10:00:00,1364.45,1371.14,1364.45,1370.87,155,68,0
2024-12-03 10:30:00,1370.87,1372.81,1370.48,1372.81,168,68,0
2024-12-03 11:00:00,1372.81,1373.9,1371.87,1372.13,168,68,0
2024-12-03 11:30:00,1372.13,1373.72,1372.13,1373.31,135,68,0
2024-12-03 12:00:00,1373.31,1373.68,1372.1,1372.9,126,68,0
2024-12-03 12:30:00,1372.9,1372.9,1372.42,1372.64,102,68,0
2024-12-03 13:00:00,1372.64,1372.64,1371.53,1371.89,101,68,0
2024-12-03 13:30:00,1371.89,1372.76,1371.43,1372.76,87,68,0
2024-12-03 14:00:00,1372.76,1373.95,1372.76,1373.7,105,68,0
2024-12-03 14:30:00,1373.7,1375.58,1373.57,1375.15,91,68,0
2024-12-03 15:00:00,1375.15,1376.37,1374.61,1376.37,112,68,0
2024-12-03 15:30:00,1376.37,1376.85,1374.01,1374.51,111,68,0
2024-12-03 16:00:00,1374.51,1375.81,1374.38,1374.84,130,68,0
2024-12-03 16:30:00,1374.84,1375.47,1372.85,1373.09,214,68,0
2024-12-03 17:00:00,1373.08,1374.77,1372.7,1374.53,123,68,0
2024-12-04 10:00:00,1379.73,1383.34,1379.6,1382.95,186,68,0
2024-12-04 10:30:00,1382.95,1383.32,1380.4,1380.65,143,68,0
2024-12-04 11:00:00,1380.78,1382.16,1379.38,1380.33,120,68,0
2024-12-04 11:30:00,1380.33,1383.08,1379.83,1382.6,143,68,0
2024-12-04 12:00:00,1382.6,1383.12,1381.3,1381.3,107,68,0
2024-12-04 12:30:00,1381.29,1382.25,1380.72,1381.72,112,68,0
2024-12-04 13:00:00,1381.72,1383.18,1381.7,1383.1,87,68,0
2024-12-04 13:30:00,1383.1,1384.88,1382.58,1384.27,94,68,0
2024-12-04 14:00:00,1384.27,1384.97,1383.53,1384.21,102,68,0
2024-12-04 14:30:00,1383.96,1385.12,1383.47,1384.51,100,68,0
2024-12-04 15:00:00,1384.51,1385.42,1384.14,1385.08,92,68,0
2024-12-04 15:30:00,1385.21,1385.79,1384.2,1384.33,101,68,0
2024-12-04 16:00:00,1384.33,1385.17,1383.69,1384.34,120,68,0
2024-12-04 16:30:00,1384.09,1384.58,1382.0,1382.01,208,68,0
2024-12-04 17:00:00,1381.76,1382.03,1377.08,1377.57,142,68,0
2024-12-05 10:00:00,1378.1,1379.09,1375.89,1379.07,137,68,0
2024-12-05 10:30:00,1379.07,1380.58,1378.46,1379.1,121,68,0
2024-12-05 11:00:00,1379.1,1379.63,1377.95,1378.23,98,68,0
2024-12-05 11:30:00,1378.22,1378.22,1375.88,1375.99,94,68,0
2024-12-05 12:00:00,1375.99,1377.13,1375.75,1376.0,101,68,0
2024-12-05 12:30:00,1376.0,1377.02,1375.92,1375.92,97,68,0
2024-12-05 13:00:00,1375.79,1376.4,1374.95,1375.32,93,68,0
2024-12-05 13:30:00,1375.32,1375.32,1372.48,1372.74,116,68,0
2024-12-05 14:00:00,1372.62,1374.09,1372.62,1373.24,93,68,0
2024-12-05 14:30:00,1373.12,1374.0,1372.73,1373.35,69,68,0
2024-12-05 15:00:00,1373.35,1373.93,1372.85,1373.33,88,68,0
2024-12-05 15:30:00,1373.47,1375.07,1373.05,1375.06,120,68,0
2024-12-05 16:00:00,1375.06,1375.06,1373.43,1373.44,125,68,0
2024-12-05 16:30:00,1373.44,1376.48,1373.07,1376.48,165,68,0
2024-12-05 17:00:00,1376.48,1377.47,1374.87,1375.36,124,68,0
2024-12-06 10:00:00,1376.07,1378.1,1370.75,1371.61,172,68,0
2024-12-06 10:30:00,1371.61,1371.7,1369.54,1370.94,121,68,0
2024-12-06 11:00:00,1371.07,1371.62,1370.04,1371.49,109,68,0
2024-12-06 11:30:00,1371.49,1371.83,1371.39,1371.47,79,68,0
2024-12-06 12:00:00,1371.47,1371.65,1370.3,1370.42,77,68,0
2024-12-06 12:30:00,1370.42,1370.42,1367.14,1367.14,115,68,0
2024-12-06 13:00:00,1367.14,1368.1,1366.49,1367.99,79,68,0
2024-12-06 13:30:00,1367.99,1371.05,1366.28,1366.65,131,68,0
2024-12-06 14:00:00,1366.65,1366.77,1364.53,1365.12,93,68,0
2024-12-06 14:30:00,1364.99,1364.99,1363.48,1363.62,104,68,0
2024-12-06 15:00:00,1363.5,1365.44,1363.35,1365.31,110,68,0
2024-12-06 15:30:00,1365.31,1365.31,1363.37,1363.53,117,68,0
2024-12-06 16:00:00,1363.53,1364.51,1361.88,1362.14,131,68,0
2024-12-06 16:30:00,1362.14,1362.14,1355.32,1355.32,280,68,0
2024-12-06 17:00:00,1355.45,1355.7,1354.27,1354.93,108,68,0
2024-12-09 10:00:00,1361.51,1362.3,1358.06,1359.15,204,68,0
2024-12-09 10:30:00,1359.03,1361.22,1358.16,1360.95,231,68,0
2024-12-09 11:00:00,1360.95,1362.43,1360.08,1360.91,210,68,0
2024-12-09 11:30:00,1360.91,1361.67,1359.61,1360.21,128,68,0
2024-12-09 12:00:00,1360.09,1360.46,1358.51,1359.02,114,68,0
2024-12-09 12:30:00,1359.02,1359.98,1357.61,1357.99,110,68,0
2024-12-09 13:00:00,1357.99,1360.74,1357.99,1359.91,127,68,0
2024-12-09 13:30:00,1360.03,1360.53,1358.94,1358.94,109,68,0
2024-12-09 14:00:00,1359.06,1359.96,1358.82,1359.68,116,68,0
2024-12-09 14:30:00,1359.68,1360.18,1358.79,1358.8,114,68,0
2024-12-09 15:00:00,1358.81,1360.22,1358.59,1359.7,117,68,0
2024-12-09 15:30:00,1359.58,1360.21,1358.14,1358.63,104,68,0
2024-12-09 16:00:00,1358.63,1358.76,1356.43,1357.91,129,68,0
2024-12-09 16:30:00,1358.03,1361.49,1356.24,1360.01,280,68,0
2024-12-09 17:00:00,1360.01,1361.03,1357.53,1357.65,195,68,0
2024-12-10 10:00:00,1355.47,1356.63,1348.35,1348.35,111,68,0
2024-12-10 10:30:00,1348.35,1350.23,1348.24,1349.38,126,68,0
2024-12-10 11:00:00,1349.38,1351.99,1349.38,1351.59,108,68,0
2024-12-10 11:30:00,1351.59,1351.59,1350.42,1350.55,94,68,0
2024-12-10 12:00:00,1350.55,1351.05,1350.35,1350.93,75,68,0
2024-12-10 12:30:00,1350.93,1351.32,1349.1,1349.99,132,68,0
2024-12-10 13:00:00,1350.11,1352.24,1350.11,1351.58,130,68,0
2024-12-10 13:30:00,1351.7,1352.18,1351.17,1351.83,117,68,0
2024-12-10 14:00:00,1352.07,1352.44,1350.25,1350.34,131,68,0
2024-12-10 14:30:00,1350.4,1351.71,1350.38,1351.7,103,68,0
2024-12-10 15:00:00,1351.82,1352.54,1351.65,1352.3,120,68,0
2024-12-10 15:30:00,1352.17,1354.28,1351.8,1353.91,109,68,0
2024-12-10 16:00:00,1354.03,1354.54,1351.59,1353.03,178,68,0
2024-12-10 16:30:00,1352.91,1352.91,1350.57,1351.68,258,68,0
2024-12-10 17:00:00,1351.43,1353.19,1351.3,1352.96,174,68,0
2024-12-11 10:00:00,1347.42,1353.02,1347.42,1350.35,346,68,0
2024-12-11 10:30:00,1350.47,1352.0,1350.01,1352.0,238,68,0
2024-12-11 11:00:00,1351.76,1354.96,1350.43,1354.35,246,68,0
2024-12-11 11:30:00,1354.47,1357.37,1354.22,1356.87,171,68,0
2024-12-11 12:00:00,1356.99,1358.75,1356.63,1358.27,130,68,0
2024-12-11 12:30:00,1358.39,1359.58,1358.13,1359.57,144,68,0
2024-12-11 13:00:00,1359.45,1359.72,1358.5,1359.46,123,68,0
2024-12-11 13:30:00,1359.34,1360.31,1359.19,1359.6,96,68,0
2024-12-11 14:00:00,1359.48,1359.73,1358.67,1359.19,152,68,0
2024-12-11 14:30:00,1359.32,1359.57,1357.44,1357.73,122,68,0
2024-12-11 15:00:00,1357.98,1358.21,1356.41,1356.53,142,68,0
2024-12-11 15:30:00,1356.41,1358.35,1356.24,1358.1,187,68,0
2024-12-11 16:00:00,1357.97,1358.21,1355.05,1355.8,211,68,0
2024-12-11 16:30:00,1355.68,1355.68,1350.58,1350.95,345,68,0
2024-12-11 17:00:00,1350.95,1352.07,1350.2,1351.45,210,68,0
2024-12-12 10:00:00,1360.45,1360.7,1354.91,1354.93,382,68,0
2024-12-12 10:30:00,1355.18,1359.25,1354.93,1358.19,248,68,0
2024-12-12 11:00:00,1358.06,1358.19,1356.39,1356.64,159,68,0
2024-12-12 11:30:00,1356.89,1356.89,1355.49,1355.49,131,68,0
2024-12-12 12:00:00,1355.61,1357.43,1354.66,1356.8,122,68,0
2024-12-12 12:30:00,1356.66,1356.78,1353.47,1354.54,169,68,0
2024-12-12 13:00:00,1354.42,1355.64,1352.15,1353.02,173,68,0
2024-12-12 13:30:00,1353.14,1353.84,1352.61,1353.74,96,68,0
2024-12-12 14:00:00,1353.97,1354.1,1352.12,1352.47,132,68,0
2024-12-12 14:30:00,1352.35,1353.75,1352.35,1353.49,129,68,0
2024-12-12 15:00:00,1353.48,1353.48,1351.24,1351.24,180,68,0
2024-12-12 15:30:00,1350.99,1352.17,1349.55,1351.74,211,68,0
2024-12-12 16:00:00,1351.61,1352.68,1350.33,1350.33,192,68,0
2024-12-12 16:30:00,1349.96,1350.46,1347.01,1349.9,279,68,0
2024-12-12 17:00:00,1350.15,1350.87,1349.33,1349.89,251,68,0
2024-12-13 10:00:00,1351.44,1351.82,1349.46,1349.75,334,68,0
2024-12-13 10:30:00,1349.87,1351.21,1348.97,1348.98,219,68,0
2024-12-13 11:00:00,1349.11,1349.79,1347.87,1348.75,175,68,0
2024-12-13 11:30:00,1348.62,1348.62,1345.02,1345.02,138,68,0
2024-12-13 12:00:00,1345.14,1348.59,1345.13,1348.35,142,68,0
2024-12-13 12:30:00,1348.47,1351.57,1348.35,1351.57,104,68,0
2024-12-13 13:00:00,1351.69,1353.32,1351.69,1353.2,150,68,0
2024-12-13 13:30:00,1353.07,1353.58,1351.64,1351.9,105,68,0
2024-12-13 14:00:00,1351.78,1352.52,1351.16,1351.41,127,68,0
2024-12-13 14:30:00,1351.54,1352.57,1351.29,1351.82,103,68,0
2024-12-13 15:00:00,1352.07,1352.19,1350.42,1351.12,157,68,0
2024-12-13 15:30:00,1350.99,1351.87,1350.17,1350.3,130,68,0
2024-12-13 16:00:00,1350.55,1352.38,1350.29,1352.26,177,68,0
2024-12-13 16:30:00,1352.13,1352.13,1347.09,1347.21,323,68,0
2024-12-13 17:00:00,1347.34,1347.43,1346.33,1346.95,168,68,0
2024-12-16 10:00:00,1341.31,1341.44,1335.0,1335.54,270,68,0
2024-12-16 10:30:00,1335.41,1336.98,1333.16,1333.29,262,68,0
2024-12-16 11:00:00,1333.42,1336.11,1332.32,1335.75,198,68,0
2024-12-16 11:30:00,1335.87,1336.07,1334.55,1334.65,145,68,0
2024-12-16 12:00:00,1334.78,1334.9,1331.53,1332.54,149,68,0
2024-12-16 12:30:00,1332.66,1334.97,1332.54,1334.23,152,68,0
2024-12-16 13:00:00,1334.36,1334.98,1333.66,1334.84,117,68,0
2024-12-16 13:30:00,1334.96,1335.44,1334.04,1334.3,132,68,0
2024-12-16 14:00:00,1334.55,1335.17,1334.06,1334.88,105,68,0
2024-12-16 14:30:00,1335.0,1336.12,1333.8,1333.92,135,68,0
2024-12-16 15:00:00,1333.91,1334.58,1333.31,1334.34,117,68,0
2024-12-16 15:30:00,1334.21,1336.24,1334.08,1334.64,130,68,0
2024-12-16 16:00:00,1335.19,1336.74,1335.06,1335.28,130,68,0
2024-12-16 16:30:00,1335.53,1335.61,1333.49,1334.23,299,68,0
2024-12-16 17:00:00,1334.36,1337.97,1334.23,1336.03,190,68,0
2024-12-17 10:00:00,1324.96,1326.18,1322.72,1324.19,385,68,0
2024-12-17 10:30:00,1324.31,1324.93,1322.15,1322.99,276,68,0
2024-12-17 11:00:00,1323.12,1326.41,1322.79,1323.73,215,68,0
2024-12-17 11:30:00,1323.61,1325.42,1323.61,1325.23,162,68,0
2024-12-17 12:00:00,1325.1,1325.58,1323.29,1323.8,188,68,0
2024-12-17 12:30:00,1323.92,1324.17,1322.69,1322.94,132,68,0
2024-12-17 13:00:00,1322.81,1323.19,1321.58,1322.44,121,68,0
2024-12-17 13:30:00,1322.57,1323.67,1321.34,1321.85,111,68,0
2024-12-17 14:00:00,1321.98,1322.51,1321.3,1322.51,107,68,0
2024-12-17 14:30:00,1322.26,1322.51,1321.02,1321.66,123,68,0
2024-12-17 15:00:00,1321.67,1323.32,1321.44,1323.05,132,68,0
2024-12-17 15:30:00,1323.3,1325.08,1323.29,1323.84,146,68,0
2024-12-17 16:00:00,1323.72,1324.33,1322.49,1322.49,138,68,0
2024-12-17 16:30:00,1322.62,1322.63,1319.9,1322.06,337,68,0
2024-12-17 17:00:00,1322.18,1323.19,1321.93,1322.21,173,68,0
2024-12-18 10:00:00,1321.31,1324.9,1321.31,1324.29,342,68,0
2024-12-18 10:30:00,1324.16,1327.82,1323.92,1327.43,232,68,0
2024-12-18 11:00:00,1327.31,1327.7,1325.42,1325.67,147,68,0
2024-12-18 11:30:00,1325.8,1327.01,1324.67,1324.69,138,68,0
2024-12-18 12:00:00,1324.84,1324.85,1321.86,1322.6,156,68,0
2024-12-18 12:30:00,1322.47,1323.74,1321.57,1322.3,112,68,0
2024-12-18 13:00:00,1322.42,1323.38,1321.47,1321.84,115,68,0
2024-12-18 13:30:00,1321.96,1321.96,1320.96,1321.56,125,68,0
2024-12-18 14:00:00,1321.68,1322.28,1320.73,1320.98,114,68,0
2024-12-18 14:30:00,1320.73,1321.22,1320.01,1320.73,108,68,0
2024-12-18 15:00:00,1320.85,1321.01,1318.96,1318.96,107,68,0
2024-12-18 15:30:00,1319.08,1319.48,1317.09,1317.86,139,68,0
2024-12-18 16:00:00,1317.73,1317.98,1315.36,1316.11,164,68,0
2024-12-18 16:30:00,1315.86,1319.23,1315.48,1317.0,272,68,0
2024-12-18 17:00:00,1316.88,1317.71,1316.27,1317.59,157,68,0
2024-12-19 10:00:00,1304.12,1310.68,1304.0,1310.68,137,68,0
2024-12-19 10:30:00,1310.8,1313.62,1310.68,1312.05,115,68,0
2024-12-19 11:00:00,1311.92,1311.92,1308.71,1308.73,127,68,0
2024-12-19 11:30:00,1308.85,1311.94,1308.85,1311.43,90,68,0
2024-12-19 12:00:00,1311.43,1312.31,1310.53,1310.53,73,68,0
2024-12-19 12:30:00,1310.52,1310.52,1308.33,1308.33,72,68,0
2024-12-19 13:00:00,1308.45,1309.22,1308.4,1308.86,63,68,0
2024-12-19 13:30:00,1308.85,1308.85,1308.58,1308.7,50,68,0
2024-12-19 14:00:00,1308.82,1309.56,1308.39,1309.22,67,68,0
2024-12-19 14:30:00,1309.22,1311.05,1309.17,1311.05,65,68,0
2024-12-19 15:00:00,1311.05,1315.11,1310.82,1314.86,89,68,0
2024-12-19 15:30:00,1314.86,1316.89,1314.73,1315.92,96,68,0
2024-12-19 16:00:00,1315.9,1318.21,1315.29,1317.8,114,68,0
2024-12-19 16:30:00,1317.68,1317.87,1314.61,1315.21,139,68,0
2024-12-19 17:00:00,1315.21,1315.21,1311.49,1312.24,93,68,0
2024-12-20 10:00:00,1309.1,1311.09,1307.14,1308.58,326,68,0
2024-12-20 10:30:00,1308.46,1308.72,1303.98,1306.43,153,68,0
2024-12-20 11:00:00,1306.43,1306.74,1304.1,1306.32,131,68,0
2024-12-20 11:30:00,1306.32,1307.58,1305.59,1306.71,132,68,0
2024-12-20 12:00:00,1306.71,1309.22,1306.47,1306.65,173,68,0
2024-12-20 12:30:00,1306.77,1309.66,1301.69,1302.54,270,68,0
2024-12-20 13:00:00,1302.66,1305.11,1302.41,1305.11,155,68,0
2024-12-20 13:30:00,1305.11,1305.11,1302.25,1303.23,123,68,0
2024-12-20 14:00:00,1303.35,1303.35,1300.79,1301.07,153,68,0
2024-12-20 14:30:00,1301.19,1303.76,1301.07,1302.78,142,68,0
2024-12-20 15:00:00,1302.66,1302.66,1300.61,1300.74,107,68,0
2024-12-20 15:30:00,1300.87,1302.63,1300.33,1300.33,158,68,0
2024-12-20 16:00:00,1300.46,1303.25,1298.27,1300.05,160,68,0
2024-12-20 16:30:00,1297.03,1306.77,1296.78,1305.32,353,68,0
2024-12-20 17:00:00,1305.44,1307.36,1305.24,1307.36,283,68,0
2024-12-23 10:00:00,1314.98,1316.22,1312.21,1312.21,179,68,0
2024-12-23 10:30:00,1311.96,1311.96,1307.62,1308.15,229,68,0
2024-12-23 11:00:00,1308.15,1313.34,1308.15,1313.22,217,68,0
2024-12-23 11:30:00,1313.35,1314.83,1312.79,1313.32,171,68,0
2024-12-23 12:00:00,1313.32,1314.69,1311.02,1311.26,133,68,0
2024-12-23 12:30:00,1311.25,1312.33,1311.12,1311.97,75,68,0
2024-12-23 13:00:00,1311.97,1312.29,1311.58,1311.93,60,68,0
2024-12-23 13:30:00,1312.06,1312.18,1311.29,1311.3,90,68,0
2024-12-23 14:00:00,1311.42,1312.17,1310.96,1312.17,62,68,0
2024-12-23 14:30:00,1312.18,1315.23,1312.18,1314.99,106,68,0
2024-12-23 15:00:00,1315.11,1315.28,1313.74,1314.31,101,68,0
2024-12-23 15:30:00,1314.32,1315.53,1313.7,1313.83,108,68,0
2024-12-23 16:00:00,1313.82,1315.92,1313.69,1315.67,123,68,0
2024-12-23 16:30:00,1315.67,1317.49,1315.3,1317.49,273,68,0
2024-12-23 17:00:00,1317.36,1317.74,1314.01,1315.45,206,68,0
2024-12-27 10:00:00,1326.54,1328.79,1323.66,1328.29,271,68,0
2024-12-27 10:30:00,1328.41,1330.97,1327.93,1330.22,197,68,0
2024-12-27 11:00:00,1330.35,1330.6,1327.15,1328.84,109,68,0
2024-12-27 11:30:00,1328.59,1331.05,1328.47,1330.08,110,68,0
2024-12-27 12:00:00,1330.08,1331.07,1329.51,1329.51,84,68,0
2024-12-27 12:30:00,1329.51,1330.4,1328.71,1330.4,101,68,0
2024-12-27 13:00:00,1330.52,1331.84,1330.52,1331.47,77,68,0
2024-12-27 13:30:00,1331.47,1331.64,1330.8,1331.03,69,68,0
2024-12-27 14:00:00,1331.03,1332.26,1330.9,1331.9,65,68,0
2024-12-27 14:30:00,1331.78,1332.13,1330.79,1330.79,71,68,0
2024-12-27 15:00:00,1330.91,1330.91,1329.63,1330.9,98,68,0
2024-12-27 15:30:00,1330.9,1330.9,1328.72,1328.72,74,68,0
2024-12-27 16:00:00,1328.85,1328.97,1327.94,1328.56,94,68,0
2024-12-27 16:30:00,1328.56,1332.05,1327.56,1331.54,156,68,0
2024-12-27 17:00:00,1331.54,1331.79,1329.37,1329.5,139,68,0
2024-12-30 10:00:00,1331.83,1332.33,1328.66,1328.66,245,68,0
2024-12-30 10:30:00,1328.66,1328.66,1326.56,1328.23,111,68,0
2024-12-30 11:00:00,1328.11,1329.81,1328.11,1329.8,81,68,0
2024-12-30 11:30:00,1329.92,1330.05,1328.2,1328.56,82,68,0
2024-12-30 12:00:00,1328.56,1329.68,1328.18,1329.44,97,68,0
2024-12-30 12:30:00,1329.32,1330.08,1328.83,1329.6,76,68,0
2024-12-30 13:00:00,1329.6,1330.24,1329.09,1330.11,84,68,0
2024-12-30 13:30:00,1330.24,1331.33,1330.11,1331.21,64,68,0
2024-12-30 14:00:00,1331.21,1332.39,1331.21,1332.29,82,68,0
2024-12-30 14:30:00,1332.29,1332.29,1329.42,1329.81,80,68,0
2024-12-30 15:00:00,1329.81,1329.91,1328.35,1328.54,101,68,0
2024-12-30 15:30:00,1328.66,1328.91,1328.01,1328.76,104,68,0
2024-12-30 16:00:00,1328.89,1331.34,1328.89,1331.34,145,68,0
2024-12-30 16:30:00,1331.21,1331.86,1329.15,1330.23,260,68,0
2024-12-30 17:00:00,1329.98,1330.13,1327.97,1328.71,175,68,0
2025-01-02 10:00:00,1346.43,1356.61,1346.43,1353.9,577,68,0
2025-01-02 10:30:00,1354.03,1355.89,1352.55,1355.05,324,68,0
2025-01-02 11:00:00,1355.06,1357.33,1354.56,1357.22,230,68,0
2025-01-02 11:30:00,1357.22,1359.19,1357.22,1358.4,147,68,0
2025-01-02 12:00:00,1358.4,1358.42,1356.31,1356.44,146,68,0
2025-01-02 12:30:00,1356.44,1357.03,1355.14,1355.17,125,68,0
2025-01-02 13:00:00,1355.17,1356.81,1354.81,1356.81,106,68,0
2025-01-02 13:30:00,1356.81,1357.84,1356.14,1357.72,129,68,0
2025-01-02 14:00:00,1357.72,1358.52,1356.09,1358.4,114,68,0
2025-01-02 14:30:00,1358.52,1359.42,1357.87,1359.42,95,68,0
2025-01-02 15:00:00,1359.42,1362.61,1359.18,1361.28,167,68,0
2025-01-02 15:30:00,1361.4,1361.4,1360.37,1360.71,123,68,0
2025-01-02 16:00:00,1360.84,1361.32,1359.44,1359.66,148,68,0
2025-01-02 16:30:00,1359.66,1365.2,1359.29,1364.77,242,68,0
2025-01-02 17:00:00,1364.77,1366.22,1364.13,1365.85,169,68,0
2025-01-03 10:00:00,1365.83,1365.83,1361.62,1361.62,188,68,0
2025-01-03 10:30:00,1361.62,1361.62,1357.5,1357.66,122,68,0
2025-01-03 11:00:00,1357.78,1360.24,1357.78,1359.38,154,68,0
2025-01-03 11:30:00,1359.38,1359.83,1357.69,1359.82,86,68,0
2025-01-03 12:00:00,1359.82,1360.96,1359.29,1360.96,81,68,0
2025-01-03 12:30:00,1360.96,1361.87,1360.96,1361.87,68,68,0
2025-01-03 13:00:00,1361.88,1364.55,1361.88,1364.55,73,68,0
2025-01-03 13:30:00,1364.55,1365.42,1364.0,1364.32,64,68,0
2025-01-03 14:00:00,1364.33,1365.27,1364.17,1364.85,108,68,0
2025-01-03 14:30:00,1364.88,1365.65,1364.43,1364.49,94,68,0
2025-01-03 15:00:00,1364.49,1366.5,1364.43,1366.48,151,68,0
2025-01-03 15:30:00,1366.48,1368.44,1366.04,1368.22,123,68,0
2025-01-03 16:00:00,1368.22,1370.05,1367.67,1370.05,139,68,0
2025-01-03 16:30:00,1370.05,1370.05,1366.68,1368.18,208,68,0
2025-01-03 17:00:00,1368.3,1368.54,1365.96,1365.96,145,68,0
2025-01-06 10:00:00,1369.37,1369.5,1356.77,1357.14,209,68,0
2025-01-06 10:30:00,1357.14,1359.97,1356.97,1359.85,162,68,0
2025-01-06 11:00:00,1359.85,1361.29,1359.85,1360.3,98,68,0
2025-01-06 11:30:00,1360.3,1362.36,1360.17,1362.36,91,68,0
2025-01-06 12:00:00,1362.36,1362.36,1360.04,1360.77,79,68,0
2025-01-06 12:30:00,1360.78,1362.68,1360.77,1362.09,73,68,0
2025-01-06 13:00:00,1362.09,1366.6,1361.96,1366.6,107,68,0
2025-01-06 13:30:00,1366.6,1367.88,1366.24,1367.22,88,68,0
2025-01-06 14:00:00,1367.22,1368.36,1367.09,1368.08,85,68,0
2025-01-06 14:30:00,1368.08,1368.09,1366.34,1366.36,72,68,0
2025-01-06 15:00:00,1366.36,1366.88,1365.82,1365.95,80,68,0
2025-01-06 15:30:00,1365.95,1366.29,1364.77,1364.92,74,68,0
2025-01-06 16:00:00,1365.04,1365.08,1361.28,1361.69,108,68,0
2025-01-06 16:30:00,1361.81,1366.53,1361.69,1366.27,137,68,0
2025-01-06 17:00:00,1366.28,1366.69,1364.89,1366.31,95,68,0
2025-01-07 10:00:00,1363.71,1363.71,1358.48,1359.65,168,68,0
2025-01-07 10:30:00,1359.65,1363.98,1359.65,1360.72,175,68,0
2025-01-07 11:00:00,1360.72,1361.1,1360.11,1360.11,85,68,0
2025-01-07 11:30:00,1360.1,1363.08,1360.1,1363.08,93,68,0
2025-01-07 12:00:00,1363.08,1363.91,1361.47,1362.26,103,68,0
2025-01-07 12:30:00,1362.26,1362.29,1360.58,1360.96,140,68,0
2025-01-07 13:00:00,1361.08,1364.09,1361.08,1364.09,153,68,0
2025-01-07 13:30:00,1364.34,1364.42,1362.42,1363.69,193,68,0
2025-01-07 14:00:00,1363.56,1364.79,1362.96,1363.91,146,68,0
2025-01-07 14:30:00,1364.03,1367.09,1363.67,1366.96,159,68,0
2025-01-07 15:00:00,1366.84,1370.56,1366.84,1369.71,188,68,0
2025-01-07 15:30:00,1369.84,1369.84,1367.99,1368.59,208,68,0
2025-01-07 16:00:00,1368.35,1368.72,1367.15,1368.62,164,68,0
2025-01-07 16:30:00,1368.49,1370.34,1366.91,1368.87,391,68,0
2025-01-07 17:00:00,1368.74,1371.57,1368.23,1371.31,282,68,0
2025-01-08 10:00:00,1380.82,1381.45,1376.05,1377.54,463,68,0
2025-01-08 10:30:00,1377.66,1379.72,1377.06,1378.71,299,68,0
2025-01-08 11:00:00,1378.84,1383.17,1378.47,1382.32,264,68,0
2025-01-08 11:30:00,1382.44,1382.57,1379.89,1380.25,229,68,0
2025-01-08 12:00:00,1380.12,1380.49,1378.93,1379.19,160,68,0
2025-01-08 12:30:00,1379.32,1379.33,1376.91,1377.28,181,68,0
2025-01-08 13:00:00,1377.15,1377.52,1374.98,1375.52,182,68,0
2025-01-08 13:30:00,1375.65,1375.89,1370.82,1371.75,281,68,0
2025-01-08 14:00:00,1371.88,1372.12,1368.91,1370.45,222,68,0
2025-01-08 14:30:00,1370.32,1370.74,1369.25,1369.75,197,68,0
2025-01-08 15:00:00,1369.5,1370.98,1369.38,1370.47,177,68,0
2025-01-08 15:30:00,1370.48,1372.87,1370.48,1372.87,161,68,0
2025-01-08 16:00:00,1372.74,1372.88,1370.15,1372.76,192,68,0
2025-01-08 16:30:00,1372.63,1374.03,1370.7,1371.55,355,68,0
2025-01-08 17:00:00,1371.42,1372.73,1370.36,1370.73,243,68,0
2025-01-09 10:00:00,1373.39,1379.13,1373.27,1378.63,334,68,0
2025-01-09 10:30:00,1378.75,1382.69,1378.15,1382.57,299,68,0
2025-01-09 11:00:00,1382.69,1383.44,1379.78,1379.91,209,68,0
2025-01-09 11:30:00,1380.04,1380.7,1379.54,1380.28,200,68,0
2025-01-09 12:00:00,1380.4,1380.77,1379.36,1379.5,153,68,0
2025-01-09 12:30:00,1379.38,1380.43,1379.0,1379.46,156,68,0
2025-01-09 13:00:00,1379.47,1379.47,1376.69,1376.69,137,68,0
2025-01-09 13:30:00,1376.82,1376.99,1375.57,1376.77,122,68,0
2025-01-09 14:00:00,1376.65,1378.02,1376.41,1377.89,125,68,0
2025-01-09 14:30:00,1377.77,1378.21,1376.42,1376.95,156,68,0
2025-01-09 15:00:00,1376.7,1377.86,1376.45,1377.62,153,68,0
2025-01-09 15:30:00,1377.74,1379.09,1377.5,1378.56,166,68,0
2025-01-09 16:00:00,1378.55,1379.51,1377.53,1379.25,169,68,0
2025-01-09 16:30:00,1379.0,1381.54,1378.75,1381.05,170,68,0
2025-01-09 17:00:00,1380.92,1381.54,1380.28,1380.93,169,68,0
2025-01-10 10:00:00,1384.2,1384.44,1378.85,1381.49,381,68,0
2025-01-10 10:30:00,1381.37,1385.29,1380.75,1384.61,292,68,0
2025-01-10 11:00:00,1384.48,1386.23,1383.71,1384.64,202,68,0
2025-01-10 11:30:00,1384.51,1386.39,1384.17,1386.26,147,68,0
2025-01-10 12:00:00,1386.39,1387.49,1386.03,1387.25,155,68,0
2025-01-10 12:30:00,1387.38,1388.57,1387.1,1387.28,180,68,0
2025-01-10 13:00:00,1387.27,1389.67,1387.15,1389.29,185,68,0
2025-01-10 13:30:00,1389.41,1390.21,1388.75,1388.75,181,68,0
2025-01-10 14:00:00,1388.87,1389.22,1387.67,1388.3,162,68,0
2025-01-10 14:30:00,1388.17,1389.24,1387.75,1389.11,162,68,0
2025-01-10 15:00:00,1388.98,1389.26,1387.78,1387.9,137,68,0
2025-01-10 15:30:00,1387.66,1390.03,1386.66,1390.01,248,68,0
2025-01-10 16:00:00,1389.88,1391.27,1389.41,1390.16,203,68,0
2025-01-10 16:30:00,1390.4,1392.37,1388.91,1389.51,429,68,0
2025-01-10 17:00:00,1389.38,1389.51,1386.16,1386.63,266,68,0
2025-01-13 10:00:00,1391.25,1391.37,1384.84,1385.87,591,68,0
2025-01-13 10:30:00,1385.75,1386.59,1384.76,1385.52,350,68,0
2025-01-13 11:00:00,1385.4,1385.53,1380.42,1380.89,322,68,0
2025-01-13 11:30:00,1381.14,1381.51,1377.07,1377.41,281,68,0
2025-01-13 12:00:00,1377.28,1381.28,1377.16,1381.26,223,68,0
2025-01-13 12:30:00,1381.25,1383.37,1381.25,1383.25,192,68,0
2025-01-13 13:00:00,1383.37,1384.26,1382.14,1382.52,173,68,0
2025-01-13 13:30:00,1382.39,1383.11,1381.76,1383.0,167,68,0
2025-01-13 14:00:00,1383.12,1383.37,1381.86,1382.94,176,68,0
2025-01-13 14:30:00,1383.07,1383.43,1382.55,1382.92,163,68,0
2025-01-13 15:00:00,1383.05,1383.89,1382.31,1383.89,157,68,0
2025-01-13 15:30:00,1383.76,1384.67,1383.02,1383.51,183,68,0
2025-01-13 16:00:00,1383.38,1383.76,1382.05,1383.16,241,68,0
2025-01-13 16:30:00,1383.03,1387.95,1382.66,1387.71,331,68,0
2025-01-13 17:00:00,1387.82,1389.85,1387.59,1389.73,166,68,0
2025-01-14 10:00:00,1392.21,1394.88,1389.6,1394.17,571,68,0
2025-01-14 10:30:00,1394.3,1398.76,1394.3,1398.64,383,68,0
2025-01-14 11:00:00,1398.76,1400.63,1398.41,1399.75,253,68,0
2025-01-14 11:30:00,1399.63,1400.02,1398.26,1398.38,218,68,0
2025-01-14 12:00:00,1398.5,1399.16,1398.12,1398.51,217,68,0
2025-01-14 12:30:00,1398.64,1398.64,1397.0,1398.15,172,68,0
2025-01-14 13:00:00,1398.02,1398.61,1397.49,1398.22,189,68,0
2025-01-14 13:30:00,1398.35,1399.56,1398.09,1398.39,160,68,0
2025-01-14 14:00:00,1398.26,1398.39,1395.92,1396.05,145,68,0
2025-01-14 14:30:00,1396.06,1397.52,1396.06,1397.28,113,68,0
2025-01-14 15:00:00,1397.41,1397.41,1396.03,1396.03,112,68,0
2025-01-14 15:30:00,1396.15,1397.03,1394.01,1396.55,236,68,0
2025-01-14 16:00:00,1396.67,1396.75,1394.73,1394.75,197,68,0
2025-01-14 16:30:00,1394.5,1395.97,1391.4,1391.77,420,68,0
2025-01-14 17:00:00,1391.65,1392.13,1390.39,1391.88,267,68,0
2025-01-15 10:00:00,1400.53,1401.28,1396.55,1399.75,458,68,0
2025-01-15 10:30:00,1399.87,1400.26,1396.43,1396.56,279,68,0
2025-01-15 11:00:00,1396.81,1397.55,1395.45,1396.18,208,68,0
2025-01-15 11:30:00,1396.3,1398.07,1395.93,1397.83,212,68,0
2025-01-15 12:00:00,1397.59,1399.7,1397.59,1399.55,162,68,0
2025-01-15 12:30:00,1399.43,1399.93,1398.09,1398.33,134,68,0
2025-01-15 13:00:00,1398.45,1398.77,1397.91,1398.52,131,68,0
2025-01-15 13:30:00,1398.64,1399.57,1398.08,1398.53,117,68,0
2025-01-15 14:00:00,1398.76,1399.54,1398.38,1399.29,106,68,0
2025-01-15 14:30:00,1399.16,1399.77,1397.35,1397.35,121,68,0
2025-01-15 15:00:00,1397.1,1398.67,1396.86,1398.56,142,68,0
2025-01-15 15:30:00,1398.68,1401.44,1398.56,1401.32,341,68,0
2025-01-15 16:00:00,1401.57,1402.46,1400.97,1401.71,231,68,0
2025-01-15 16:30:00,1401.59,1403.25,1399.11,1403.0,326,68,0
2025-01-15 17:00:00,1402.88,1405.76,1402.01,1404.52,261,68,0
2025-01-16 10:00:00,1410.66,1414.4,1406.46,1406.46,199,68,0
2025-01-16 10:30:00,1406.33,1406.46,1404.21,1405.06,133,68,0
2025-01-16 11:00:00,1405.06,1406.7,1404.9,1406.59,99,68,0
2025-01-16 11:30:00,1406.71,1407.32,1406.57,1406.64,83,68,0
2025-01-16 12:00:00,1406.64,1408.5,1406.07,1408.5,81,68,0
2025-01-16 12:30:00,1408.5,1408.5,1407.55,1407.68,58,68,0
2025-01-16 13:00:00,1407.68,1408.18,1406.52,1406.52,62,68,0
2025-01-16 13:30:00,1406.52,1406.65,1404.15,1404.53,77,68,0
2025-01-16 14:00:00,1404.65,1404.65,1402.09,1402.49,74,68,0
2025-01-16 14:30:00,1402.49,1404.4,1402.49,1404.4,71,68,0
2025-01-16 15:00:00,1404.28,1404.28,1402.08,1402.21,84,68,0
2025-01-16 15:30:00,1402.33,1403.47,1402.08,1403.47,65,68,0
2025-01-16 16:00:00,1403.47,1403.72,1400.85,1401.48,90,68,0
2025-01-16 16:30:00,1401.48,1404.01,1400.98,1403.01,108,68,0
2025-01-16 17:00:00,1403.01,1403.01,1400.88,1401.0,76,68,0
2025-01-17 10:00:00,1405.91,1408.39,1405.91,1407.66,104,68,0
2025-01-17 10:30:00,1407.66,1408.54,1406.94,1407.22,76,68,0
2025-01-17 11:00:00,1407.23,1408.51,1405.47,1405.47,91,68,0
2025-01-17 11:30:00,1405.6,1407.2,1405.32,1406.57,94,68,0
2025-01-17 12:00:00,1406.57,1409.67,1406.57,1409.28,98,68,0
2025-01-17 12:30:00,1409.28,1409.4,1408.67,1408.88,69,68,0
2025-01-17 13:00:00,1408.88,1410.45,1408.88,1410.44,92,68,0
2025-01-17 13:30:00,1410.43,1411.7,1410.42,1411.42,73,68,0
2025-01-17 14:00:00,1411.41,1411.41,1408.59,1408.96,77,68,0
2025-01-17 14:30:00,1408.96,1410.02,1408.11,1409.56,75,68,0
2025-01-17 15:00:00,1409.4,1409.53,1405.76,1406.01,124,68,0
2025-01-17 15:30:00,1405.89,1406.99,1404.94,1406.64,102,68,0
2025-01-17 16:00:00,1406.64,1408.21,1406.64,1407.57,103,68,0
2025-01-17 16:30:00,1407.57,1410.06,1406.19,1410.06,132,68,0
2025-01-17 17:00:00,1409.93,1411.08,1409.89,1409.89,70,68,0
2025-01-20 10:00:00,1411.18,1411.76,1409.61,1409.86,150,68,0
2025-01-20 10:30:00,1409.86,1412.61,1409.86,1411.46,136,68,0
2025-01-20 11:00:00,1411.59,1413.07,1411.34,1411.84,99,68,0
2025-01-20 11:30:00,1411.83,1411.96,1409.55,1409.55,104,68,0
2025-01-20 12:00:00,1409.55,1409.67,1408.53,1409.13,94,68,0
2025-01-20 12:30:00,1409.13,1409.26,1408.38,1408.86,66,68,0
2025-01-20 13:00:00,1408.86,1410.08,1408.86,1409.73,63,68,0
2025-01-20 13:30:00,1409.74,1410.22,1409.64,1410.02,56,68,0
2025-01-20 14:00:00,1410.02,1410.4,1409.86,1409.99,54,68,0
2025-01-20 14:30:00,1409.99,1410.36,1409.96,1410.19,59,68,0
2025-01-20 15:00:00,1410.19,1410.32,1410.01,1410.03,53,68,0
2025-01-20 15:30:00,1410.03,1411.35,1409.91,1410.14,129,68,0
2025-01-20 16:00:00,1410.14,1410.23,1408.12,1408.53,90,68,0
2025-01-20 16:30:00,1408.54,1410.09,1408.43,1409.71,98,68,0
2025-01-20 17:00:00,1409.71,1410.59,1409.09,1410.59,72,68,0
2025-01-21 10:00:00,1405.14,1406.76,1402.15,1404.37,173,68,0
2025-01-21 10:30:00,1404.37,1406.43,1404.37,1405.68,98,68,0
2025-01-21 11:00:00,1405.68,1407.08,1404.04,1404.33,99,68,0
2025-01-21 11:30:00,1404.33,1404.53,1403.68,1403.95,82,68,0
2025-01-21 12:00:00,1403.95,1404.08,1402.93,1403.15,78,68,0
2025-01-21 12:30:00,1403.15,1403.52,1401.08,1401.32,85,68,0
2025-01-21 13:00:00,1401.07,1401.59,1398.1,1398.49,129,68,0
2025-01-21 13:30:00,1398.49,1398.76,1397.48,1398.26,125,68,0
2025-01-21 14:00:00,1398.26,1399.34,1398.11,1398.15,92,68,0
2025-01-21 14:30:00,1398.15,1398.95,1397.75,1398.95,90,68,0
2025-01-21 15:00:00,1398.95,1399.08,1397.67,1397.9,83,68,0
2025-01-21 15:30:00,1397.9,1398.47,1396.85,1396.85,119,68,0
2025-01-21 16:00:00,1396.85,1398.57,1396.43,1398.17,111,68,0
2025-01-21 16:30:00,1398.17,1398.5,1395.08,1396.55,207,68,0
2025-01-21 17:00:00,1396.42,1397.84,1395.19,1397.71,123,68,0
2025-01-22 10:00:00,1402.23,1410.85,1401.73,1410.85,154,68,0
2025-01-22 10:30:00,1410.85,1411.22,1407.2,1409.93,110,68,0
2025-01-22 11:00:00,1409.93,1412.66,1409.81,1411.29,75,68,0
2025-01-22 11:30:00,1411.29,1411.41,1409.66,1410.04,66,68,0
2025-01-22 12:00:00,1410.04,1411.04,1410.04,1410.16,55,68,0
2025-01-22 12:30:00,1410.16,1411.16,1409.91,1409.91,54,68,0
2025-01-22 13:00:00,1409.91,1411.04,1409.41,1410.29,55,68,0
2025-01-22 13:30:00,1410.29,1410.29,1409.04,1409.04,56,68,0
2025-01-22 14:00:00,1409.04,1409.54,1408.41,1408.41,54,68,0
2025-01-22 14:30:00,1408.41,1408.91,1408.16,1408.54,53,68,0
2025-01-22 15:00:00,1408.54,1408.91,1406.41,1406.41,62,68,0
2025-01-22 15:30:00,1406.41,1408.16,1406.29,1406.91,75,68,0
2025-01-22 16:00:00,1406.91,1407.04,1404.91,1406.16,76,68,0
2025-01-22 16:30:00,1406.16,1406.16,1402.16,1402.16,149,68,0
2025-01-22 17:00:00,1402.16,1403.79,1401.91,1403.29,79,68,0
2025-01-23 10:00:00,1405.04,1407.79,1404.29,1407.66,148,68,0
2025-01-23 10:30:00,1407.66,1410.14,1407.66,1409.39,84,68,0
2025-01-23 11:00:00,1409.39,1410.25,1409.14,1409.58,79,68,0
2025-01-23 11:30:00,1409.45,1410.4,1408.69,1409.91,80,68,0
2025-01-23 12:00:00,1409.91,1412.02,1409.27,1412.02,79,68,0
2025-01-23 12:30:00,1412.02,1414.37,1412.02,1414.24,82,68,0
2025-01-23 13:00:00,1414.24,1415.65,1413.86,1415.65,81,68,0
2025-01-23 13:30:00,1415.65,1416.95,1415.02,1415.02,93,68,0
2025-01-23 14:00:00,1415.02,1415.02,1413.72,1413.85,82,68,0
2025-01-23 14:30:00,1413.85,1414.46,1413.6,1413.73,83,68,0
2025-01-23 15:00:00,1413.72,1414.02,1412.91,1414.01,83,68,0
2025-01-23 15:30:00,1414.0,1414.98,1414.0,1414.86,70,68,0
2025-01-23 16:00:00,1414.98,1415.11,1412.65,1414.41,102,68,0
2025-01-23 16:30:00,1414.41,1415.51,1412.33,1413.76,170,68,0
2025-01-23 17:00:00,1413.89,1415.77,1413.51,1415.65,79,68,0
2025-01-24 10:00:00,1421.21,1425.82,1418.46,1418.46,202,68,0
2025-01-24 10:30:00,1418.34,1421.03,1415.92,1416.3,152,68,0
2025-01-24 11:00:00,1416.43,1417.04,1416.09,1416.82,90,68,0
2025-01-24 11:30:00,1416.82,1417.38,1415.24,1417.38,98,68,0
2025-01-24 12:00:00,1417.38,1417.5,1416.37,1416.37,74,68,0
2025-01-24 12:30:00,1416.37,1417.39,1416.12,1417.39,74,68,0
2025-01-24 13:00:00,1417.39,1419.3,1417.39,1419.3,74,68,0
2025-01-24 13:30:00,1419.3,1419.93,1417.31,1417.31,67,68,0
2025-01-24 14:00:00,1417.31,1419.21,1416.92,1418.56,82,68,0
2025-01-24 14:30:00,1418.56,1418.58,1416.61,1416.88,65,68,0
2025-01-24 15:00:00,1416.88,1416.88,1415.27,1415.27,99,68,0
2025-01-24 15:30:00,1415.27,1415.37,1413.46,1413.59,77,68,0
2025-01-24 16:00:00,1413.47,1413.6,1411.2,1412.77,86,68,0
2025-01-24 16:30:00,1412.77,1413.51,1407.94,1408.59,164,68,0
2025-01-24 17:00:00,1408.46,1408.71,1404.8,1405.31,105,68,0
2025-01-27 10:00:00,1409.32,1409.32,1395.91,1397.51,155,68,0
2025-01-27 10:30:00,1397.51,1399.56,1397.02,1399.55,95,68,0
2025-01-27 11:00:00,1399.55,1400.93,1398.52,1398.9,102,68,0
2025-01-27 11:30:00,1398.9,1401.39,1398.9,1401.28,103,68,0
2025-01-27 12:00:00,1401.29,1402.26,1401.29,1402.05,85,68,0
2025-01-27 12:30:00,1402.02,1402.02,1397.33,1397.33,99,68,0
2025-01-27 13:00:00,1397.33,1397.36,1395.74,1395.94,88,68,0
2025-01-27 13:30:00,1395.94,1396.86,1395.29,1396.86,76,68,0
2025-01-27 14:00:00,1396.86,1398.63,1396.86,1398.63,78,68,0
2025-01-27 14:30:00,1398.64,1399.74,1398.15,1398.26,93,68,0
2025-01-27 15:00:00,1398.26,1398.66,1398.1,1398.46,59,68,0
2025-01-27 15:30:00,1398.58,1399.88,1398.33,1398.96,91,68,0
2025-01-27 16:00:00,1398.96,1398.97,1397.66,1398.12,83,68,0
2025-01-27 16:30:00,1398.24,1401.89,1398.24,1401.76,184,68,0
2025-01-27 17:00:00,1401.76,1405.1,1401.76,1404.57,87,68,0
2025-01-28 10:00:00,1402.05,1406.2,1401.92,1402.93,152,68,0
2025-01-28 10:30:00,1402.93,1407.76,1402.93,1407.76,135,68,0
2025-01-28 11:00:00,1407.89,1410.27,1407.65,1409.74,178,68,0
2025-01-28 11:30:00,1409.74,1410.33,1409.07,1409.19,135,68,0
2025-01-28 12:00:00,1409.07,1410.54,1408.18,1410.08,134,68,0
2025-01-28 12:30:00,1410.08,1411.2,1409.71,1411.0,119,68,0
2025-01-28 13:00:00,1411.0,1412.22,1411.0,1411.87,87,68,0
2025-01-28 13:30:00,1411.86,1412.52,1411.71,1412.5,74,68,0
2025-01-28 14:00:00,1412.37,1412.64,1412.0,1412.09,99,68,0
2025-01-28 14:30:00,1412.08,1413.57,1411.76,1413.57,103,68,0
2025-01-28 15:00:00,1413.57,1415.54,1413.33,1415.54,126,68,0
2025-01-28 15:30:00,1415.54,1417.53,1415.54,1416.35,107,68,0
2025-01-28 16:00:00,1416.35,1417.75,1416.35,1417.64,130,68,0
2025-01-28 16:30:00,1417.64,1419.0,1414.74,1414.74,215,68,0
2025-01-28 17:00:00,1414.74,1414.74,1413.1,1413.46,98,68,0
2025-01-29 10:00:00,1416.57,1416.67,1413.31,1415.5,282,68,0
2025-01-29 10:30:00,1415.25,1417.23,1414.47,1414.47,161,68,0
2025-01-29 11:00:00,1414.47,1415.41,1413.71,1415.28,155,68,0
2025-01-29 11:30:00,1415.28,1415.53,1412.56,1412.62,154,68,0
2025-01-29 12:00:00,1412.74,1414.62,1412.74,1414.62,139,68,0
2025-01-29 12:30:00,1414.62,1416.24,1414.28,1416.08,96,68,0
2025-01-29 13:00:00,1416.08,1416.49,1415.83,1416.18,99,68,0
2025-01-29 13:30:00,1416.05,1417.35,1416.05,1417.17,108,68,0
2025-01-29 14:00:00,1417.17,1417.45,1416.69,1417.37,115,68,0
2025-01-29 14:30:00,1417.25,1418.35,1417.25,1417.99,104,68,0
2025-01-29 15:00:00,1417.99,1420.57,1417.98,1420.4,132,68,0
2025-01-29 15:30:00,1420.27,1420.4,1417.69,1417.99,135,68,0
2025-01-29 16:00:00,1417.99,1417.99,1417.1,1417.45,73,68,0
2025-01-29 16:30:00,1417.44,1420.06,1417.32,1420.06,163,68,0
2025-01-29 17:00:00,1420.06,1422.0,1420.06,1420.84,120,68,0
2025-01-30 10:00:00,1424.55,1427.65,1423.37,1426.04,232,68,0
2025-01-30 10:30:00,1426.05,1427.09,1425.04,1426.42,116,68,0
2025-01-30 11:00:00,1426.55,1426.67,1425.22,1425.84,105,68,0
2025-01-30 11:30:00,1425.84,1426.73,1425.32,1426.19,81,68,0
2025-01-30 12:00:00,1426.18,1430.35,1425.8,1430.23,105,68,0
2025-01-30 12:30:00,1430.23,1431.2,1429.69,1431.09,97,68,0
2025-01-30 13:00:00,1431.09,1431.09,1429.67,1430.44,71,68,0
2025-01-30 13:30:00,1430.44,1430.46,1428.46,1428.47,66,68,0
2025-01-30 14:00:00,1428.47,1428.59,1426.93,1427.08,65,68,0
2025-01-30 14:30:00,1427.08,1427.29,1426.34,1427.17,63,68,0
2025-01-30 15:00:00,1427.17,1427.7,1426.07,1426.44,82,68,0
2025-01-30 15:30:00,1426.31,1427.89,1426.31,1427.75,80,68,0
2025-01-30 16:00:00,1427.75,1429.47,1427.75,1429.47,74,68,0
2025-01-30 16:30:00,1429.47,1429.97,1426.3,1426.44,123,68,0
2025-01-30 17:00:00,1426.44,1431.59,1426.44,1431.45,88,68,0
2025-01-31 10:00:00,1429.19,1432.86,1427.56,1427.56,139,68,0
2025-01-31 10:30:00,1427.56,1429.02,1426.68,1428.24,110,68,0
2025-01-31 11:00:00,1428.36,1429.05,1427.25,1428.88,107,68,0
2025-01-31 11:30:00,1428.89,1431.08,1428.21,1428.94,92,68,0
2025-01-31 12:00:00,1428.94,1428.94,1426.59,1428.04,90,68,0
2025-01-31 12:30:00,1428.04,1428.04,1427.19,1427.3,59,68,0
2025-01-31 13:00:00,1427.3,1427.3,1427.06,1427.17,54,68,0
2025-01-31 13:30:00,1427.17,1427.26,1425.98,1427.26,70,68,0
2025-01-31 14:00:00,1427.27,1428.48,1427.27,1428.19,77,68,0
2025-01-31 14:30:00,1428.32,1431.69,1428.32,1431.67,89,68,0
2025-01-31 15:00:00,1431.67,1432.27,1431.6,1432.27,56,68,0
2025-01-31 15:30:00,1432.28,1432.65,1430.35,1430.86,92,68,0
2025-01-31 16:00:00,1430.86,1431.99,1430.73,1431.99,70,68,0
2025-01-31 16:30:00,1432.12,1432.12,1423.95,1424.21,146,68,0
2025-01-31 17:00:00,1424.21,1428.47,1424.21,1427.73,91,68,0
2025-02-03 10:00:00,1399.86,1412.46,1399.61,1412.3,232,68,0
2025-02-03 10:30:00,1412.3,1413.78,1411.6,1413.78,90,68,0
2025-02-03 11:00:00,1413.92,1414.71,1411.44,1411.44,113,68,0
2025-02-03 11:30:00,1411.44,1411.44,1409.86,1409.86,82,68,0
2025-02-03 12:00:00,1409.86,1411.45,1409.85,1410.92,78,68,0
2025-02-03 12:30:00,1410.92,1411.99,1410.91,1411.4,78,68,0
2025-02-03 13:00:00,1411.4,1413.53,1411.4,1413.52,54,68,0
2025-02-03 13:30:00,1413.52,1415.06,1411.43,1411.43,97,68,0
2025-02-03 14:00:00,1411.43,1412.31,1411.41,1412.31,67,68,0
2025-02-03 14:30:00,1412.31,1412.44,1410.88,1410.93,57,68,0
2025-02-03 15:00:00,1410.93,1411.33,1410.38,1410.99,75,68,0
2025-02-03 15:30:00,1410.99,1412.94,1410.68,1410.68,87,68,0
2025-02-03 16:00:00,1410.65,1410.65,1407.72,1407.9,90,68,0
2025-02-03 16:30:00,1407.91,1410.95,1407.04,1408.9,149,68,0
2025-02-03 17:00:00,1408.77,1410.01,1407.3,1408.39,122,68,0
2025-02-04 10:00:00,1410.75,1414.97,1410.44,1410.44,297,68,0
2025-02-04 10:30:00,1410.44,1410.56,1405.17,1406.04,185,68,0
2025-02-04 11:00:00,1406.05,1408.35,1406.05,1407.97,159,68,0
2025-02-04 11:30:00,1407.97,1409.75,1407.71,1409.46,121,68,0
2025-02-04 12:00:00,1409.46,1409.58,1408.6,1408.86,86,68,0
2025-02-04 12:30:00,1408.86,1408.86,1408.09,1408.61,85,68,0
2025-02-04 13:00:00,1408.61,1408.61,1407.83,1408.05,103,68,0
2025-02-04 13:30:00,1408.06,1409.39,1407.52,1409.28,95,68,0
2025-02-04 14:00:00,1409.28,1410.4,1409.17,1410.22,69,68,0
2025-02-04 14:30:00,1410.22,1412.01,1410.09,1411.77,120,68,0
2025-02-04 15:00:00,1411.77,1412.45,1410.72,1412.34,105,68,0
2025-02-04 15:30:00,1412.47,1413.49,1410.53,1410.88,122,68,0
2025-02-04 16:00:00,1410.88,1410.88,1408.48,1409.68,151,68,0
2025-02-04 16:30:00,1409.68,1419.21,1408.64,1419.21,318,68,0
2025-02-04 17:00:00,1419.21,1421.79,1418.85,1421.66,165,68,0
2025-02-05 10:00:00,1420.26,1429.28,1420.26,1427.14,347,68,0
2025-02-05 10:30:00,1426.89,1426.89,1423.22,1424.09,193,68,0
2025-02-05 11:00:00,1424.22,1430.15,1424.22,1429.89,192,68,0
2025-02-05 11:30:00,1429.89,1430.02,1421.9,1421.91,169,68,0
2025-02-05 12:00:00,1421.91,1421.91,1413.8,1415.5,233,68,0
2025-02-05 12:30:00,1415.5,1418.95,1415.31,1418.67,149,68,0
2025-02-05 13:00:00,1418.54,1418.68,1416.87,1417.32,126,68,0
2025-02-05 13:30:00,1417.32,1417.43,1415.49,1416.1,150,68,0
2025-02-05 14:00:00,1416.1,1416.24,1413.13,1413.96,139,68,0
2025-02-05 14:30:00,1414.09,1417.72,1413.85,1416.2,160,68,0
2025-02-05 15:00:00,1416.32,1419.97,1416.32,1419.64,180,68,0
2025-02-05 15:30:00,1419.51,1420.18,1416.85,1416.97,161,68,0
2025-02-05 16:00:00,1416.97,1417.22,1415.27,1416.53,123,68,0
2025-02-05 16:30:00,1416.53,1418.54,1414.91,1414.91,255,68,0
2025-02-05 17:00:00,1414.91,1415.3,1413.17,1413.94,169,68,0
2025-02-06 10:00:00,1427.84,1428.06,1424.6,1426.93,215,68,0
2025-02-06 10:30:00,1426.92,1427.81,1425.31,1425.9,174,68,0
2025-02-06 11:00:00,1425.9,1428.67,1425.9,1427.03,152,68,0
2025-02-06 11:30:00,1427.03,1427.13,1425.96,1426.39,124,68,0
2025-02-06 12:00:00,1426.39,1426.79,1424.36,1424.61,122,68,0
2025-02-06 12:30:00,1424.61,1424.86,1423.45,1424.31,115,68,0
2025-02-06 13:00:00,1424.44,1425.2,1419.33,1420.75,205,68,0
2025-02-06 13:30:00,1420.75,1422.36,1420.07,1420.17,136,68,0
2025-02-06 14:00:00,1420.17,1422.09,1420.08,1420.59,122,68,0
2025-02-06 14:30:00,1420.71,1420.71,1419.27,1419.87,91,68,0
2025-02-06 15:00:00,1419.75,1421.39,1419.75,1420.19,148,68,0
2025-02-06 15:30:00,1420.2,1421.32,1419.87,1420.22,166,68,0
2025-02-06 16:00:00,1420.22,1423.59,1420.22,1422.54,185,68,0
2025-02-06 16:30:00,1422.54,1423.23,1417.03,1417.27,241,68,0
2025-02-06 17:00:00,1417.27,1417.67,1412.92,1413.29,210,68,0
2025-02-07 10:00:00,1406.16,1407.38,1402.95,1403.44,325,68,0
2025-02-07 10:30:00,1403.44,1405.45,1402.43,1404.43,237,68,0
2025-02-07 11:00:00,1404.56,1404.71,1402.64,1402.76,157,68,0
2025-02-07 11:30:00,1402.89,1403.73,1401.68,1402.05,145,68,0
2025-02-07 12:00:00,1402.04,1403.94,1401.63,1402.0,173,68,0
2025-02-07 12:30:00,1402.0,1404.07,1401.86,1404.07,161,68,0
2025-02-07 13:00:00,1404.07,1405.25,1403.83,1405.12,131,68,0
2025-02-07 13:30:00,1405.24,1405.98,1403.95,1404.07,144,68,0
2025-02-07 14:00:00,1404.07,1404.28,1402.95,1402.95,137,68,0
2025-02-07 14:30:00,1402.95,1404.5,1402.95,1404.38,123,68,0
2025-02-07 15:00:00,1404.38,1404.7,1402.9,1403.24,128,68,0
2025-02-07 15:30:00,1404.11,1404.23,1402.3,1402.3,174,68,0
2025-02-07 16:00:00,1402.42,1402.42,1401.2,1401.72,182,68,0
2025-02-07 16:30:00,1401.72,1403.53,1398.29,1402.85,325,68,0
2025-02-07 17:00:00,1402.72,1402.72,1397.59,1398.93,166,68,0
2025-02-10 10:00:00,1400.19,1409.27,1400.19,1408.88,282,68,0
2025-02-10 10:30:00,1408.88,1408.88,1405.08,1406.48,221,68,0
2025-02-10 11:00:00,1406.48,1406.48,1403.99,1403.99,168,68,0
2025-02-10 11:30:00,1403.99,1403.99,1402.32,1403.41,130,68,0
2025-02-10 12:00:00,1403.42,1405.8,1403.42,1405.7,138,68,0
2025-02-10 12:30:00,1405.7,1406.57,1405.57,1406.31,133,68,0
2025-02-10 13:00:00,1406.31,1406.31,1404.68,1405.65,100,68,0
2025-02-10 13:30:00,1405.65,1406.66,1404.64,1405.1,142,68,0
2025-02-10 14:00:00,1405.11,1405.79,1404.86,1405.67,108,68,0
2025-02-10 14:30:00,1405.67,1406.09,1405.22,1405.6,93,68,0
2025-02-10 15:00:00,1405.6,1406.21,1405.31,1405.71,113,68,0
2025-02-10 15:30:00,1405.71,1405.71,1403.78,1404.14,123,68,0
2025-02-10 16:00:00,1404.02,1404.27,1402.84,1403.24,146,68,0
2025-02-10 16:30:00,1403.24,1404.62,1402.46,1402.68,214,68,0
2025-02-10 17:00:00,1402.68,1404.27,1402.17,1403.19,113,68,0
2025-02-11 10:00:00,1408.06,1411.99,1405.81,1411.35,321,68,0
2025-02-11 10:30:00,1411.35,1412.64,1410.16,1412.49,220,68,0
2025-02-11 11:00:00,1412.49,1412.5,1409.12,1411.62,224,68,0
2025-02-11 11:30:00,1411.62,1413.57,1411.62,1412.37,195,68,0
2025-02-11 12:00:00,1412.37,1414.24,1412.27,1414.24,144,68,0
2025-02-11 12:30:00,1414.25,1415.41,1414.02,1415.2,158,68,0
2025-02-11 13:00:00,1415.07,1416.36,1414.95,1415.82,161,68,0
2025-02-11 13:30:00,1415.94,1416.52,1413.26,1414.06,128,68,0
2025-02-11 14:00:00,1414.06,1414.8,1413.65,1413.93,158,68,0
2025-02-11 14:30:00,1414.05,1416.49,1413.67,1416.26,139,68,0
2025-02-11 15:00:00,1416.38,1417.48,1415.41,1417.19,168,68,0
2025-02-11 15:30:00,1417.07,1417.99,1415.99,1416.11,139,68,0
2025-02-11 16:00:00,1415.98,1418.12,1415.74,1417.21,190,68,0
2025-02-11 16:30:00,1417.09,1417.09,1414.0,1416.92,371,68,0
2025-02-11 17:00:00,1416.67,1418.92,1415.68,1418.43,218,68,0
2025-02-12 10:00:00,1404.73,1407.97,1398.69,1398.82,587,68,0
2025-02-12 10:30:00,1398.7,1402.02,1398.32,1401.69,388,68,0
2025-02-12 11:00:00,1401.81,1402.56,1399.83,1400.22,316,68,0
2025-02-12 11:30:00,1400.1,1402.8,1399.62,1402.8,266,68,0
2025-02-12 12:00:00,1402.79,1402.79,1399.11,1399.38,211,68,0
2025-02-12 12:30:00,1399.51,1401.49,1399.01,1399.01,192,68,0
2025-02-12 13:00:00,1398.88,1399.13,1397.38,1397.76,156,68,0
2025-02-12 13:30:00,1397.88,1398.94,1397.51,1398.35,163,68,0
2025-02-12 14:00:00,1398.48,1398.86,1395.66,1396.35,128,68,0
2025-02-12 14:30:00,1396.23,1396.23,1393.87,1395.72,254,68,0
2025-02-12 15:00:00,1395.6,1396.47,1395.36,1396.23,188,68,0
2025-02-12 15:30:00,1395.98,1395.98,1393.02,1394.0,340,68,0
2025-02-12 16:00:00,1393.88,1395.83,1393.14,1395.0,254,68,0
2025-02-12 16:30:00,1395.12,1398.49,1394.26,1397.51,364,68,0
2025-02-12 17:00:00,1397.26,1397.73,1392.94,1393.32,286,68,0
2025-02-13 10:00:00,1386.86,1389.56,1382.76,1388.03,679,68,0
2025-02-13 10:30:00,1387.91,1390.63,1387.33,1387.58,480,68,0
2025-02-13 11:00:00,1387.7,1393.7,1387.7,1393.22,288,68,0
2025-02-13 11:30:00,1393.34,1396.24,1392.36,1395.78,277,68,0
2025-02-13 12:00:00,1395.66,1396.44,1395.07,1396.06,248,68,0
2025-02-13 12:30:00,1396.18,1396.18,1394.17,1394.82,213,68,0
2025-02-13 13:00:00,1394.95,1395.68,1394.06,1394.58,206,68,0
2025-02-13 13:30:00,1394.71,1394.83,1389.86,1392.16,239,68,0
2025-02-13 14:00:00,1392.29,1394.12,1392.17,1393.68,224,68,0
2025-02-13 14:30:00,1393.93,1394.69,1392.83,1393.19,255,68,0
2025-02-13 15:00:00,1393.08,1393.92,1392.06,1392.06,176,68,0
2025-02-13 15:30:00,1392.31,1392.8,1390.24,1391.31,242,68,0
2025-02-13 16:00:00,1391.32,1392.93,1391.1,1392.57,241,68,0
2025-02-13 16:30:00,1392.32,1394.34,1389.83,1394.22,378,68,0
2025-02-13 17:00:00,1394.09,1395.6,1393.3,1393.93,253,68,0
2025-02-14 10:00:00,1391.33,1403.14,1391.08,1402.02,458,68,0
2025-02-14 10:30:00,1401.89,1403.87,1400.43,1403.39,419,68,0
2025-02-14 11:00:00,1403.14,1406.02,1403.02,1405.44,264,68,0
2025-02-14 11:30:00,1405.56,1406.59,1404.48,1405.11,254,68,0
2025-02-14 12:00:00,1405.36,1406.21,1403.52,1404.03,262,68,0
2025-02-14 12:30:00,1404.16,1404.16,1400.05,1401.76,209,68,0
2025-02-14 13:00:00,1401.51,1402.03,1400.55,1401.69,214,68,0
2025-02-14 13:30:00,1401.36,1405.77,1401.23,1405.52,246,68,0
2025-02-14 14:00:00,1405.65,1405.73,1403.54,1405.73,252,68,0
2025-02-14 14:30:00,1405.86,1407.24,1403.71,1404.09,214,68,0
2025-02-14 15:00:00,1403.96,1405.1,1402.92,1403.18,197,68,0
2025-02-14 15:30:00,1403.01,1404.69,1402.76,1403.58,198,68,0
2025-02-14 16:00:00,1403.71,1406.82,1401.71,1404.6,292,68,0
2025-02-14 16:30:00,1404.48,1407.88,1402.76,1406.63,444,68,0
2025-02-14 17:00:00,1406.51,1406.51,1400.32,1400.32,300,68,0
2025-02-17 10:00:00,1406.7,1406.95,1401.38,1404.92,621,68,0
2025-02-17 10:30:00,1405.04,1407.0,1404.54,1406.29,373,68,0
2025-02-17 11:00:00,1406.41,1410.25,1406.17,1410.13,279,68,0
2025-02-17 11:30:00,1410.26,1412.59,1410.01,1412.59,252,68,0
2025-02-17 12:00:00,1412.34,1414.14,1410.99,1413.62,270,68,0
2025-02-17 12:30:00,1413.74,1414.1,1411.6,1412.74,218,68,0
2025-02-17 13:00:00,1412.62,1413.58,1410.31,1413.03,191,68,0
2025-02-17 13:30:00,1413.16,1413.95,1412.51,1412.82,142,68,0
2025-02-17 14:00:00,1412.7,1413.22,1410.81,1410.94,144,68,0
2025-02-17 14:30:00,1410.81,1411.74,1409.77,1410.4,175,68,0
2025-02-17 15:00:00,1410.4,1411.88,1409.89,1411.75,152,68,0
2025-02-17 15:30:00,1412.0,1412.12,1410.33,1410.71,170,68,0
2025-02-17 16:00:00,1410.58,1411.23,1409.69,1410.68,228,68,0
2025-02-17 16:30:00,1410.81,1411.68,1409.58,1410.5,252,68,0
2025-02-17 17:00:00,1410.63,1410.99,1408.59,1408.96,197,68,0
2025-02-18 10:00:00,1412.69,1414.56,1409.78,1411.89,521,68,0
2025-02-18 10:30:00,1411.76,1412.99,1409.67,1411.72,347,68,0
2025-02-18 11:00:00,1411.97,1412.23,1408.8,1409.47,281,68,0
2025-02-18 11:30:00,1409.59,1409.84,1407.21,1407.36,245,68,0
2025-02-18 12:00:00,1407.49,1409.14,1406.74,1409.02,209,68,0
2025-02-18 12:30:00,1408.77,1411.22,1408.77,1409.33,208,68,0
2025-02-18 13:00:00,1409.45,1409.95,1407.86,1408.95,165,68,0
2025-02-18 13:30:00,1408.83,1409.1,1407.05,1407.43,171,68,0
2025-02-18 14:00:00,1407.55,1408.65,1407.02,1407.66,194,68,0
2025-02-18 14:30:00,1407.79,1408.86,1407.01,1408.0,143,68,0
2025-02-18 15:00:00,1408.12,1408.35,1406.02,1406.14,203,68,0
2025-02-18 15:30:00,1406.02,1406.27,1403.8,1404.61,220,68,0
2025-02-18 16:00:00,1404.73,1405.55,1403.84,1404.79,222,68,0
2025-02-18 16:30:00,1404.91,1405.69,1403.06,1405.35,390,68,0
2025-02-18 17:00:00,1405.48,1409.15,1405.48,1408.45,288,68,0
2025-02-19 10:00:00,1418.87,1421.99,1416.27,1417.25,571,68,0
2025-02-19 10:30:00,1417.5,1419.32,1416.87,1418.57,316,68,0
2025-02-19 11:00:00,1418.45,1420.8,1418.19,1420.07,296,68,0
2025-02-19 11:30:00,1419.94,1421.17,1418.69,1420.12,207,68,0
2025-02-19 12:00:00,1420.25,1420.74,1418.12,1418.36,160,68,0
2025-02-19 12:30:00,1418.23,1418.36,1416.6,1417.14,245,68,0
2025-02-19 13:00:00,1417.26,1417.39,1414.96,1415.22,194,68,0
2025-02-19 13:30:00,1415.35,1416.7,1415.22,1416.08,204,68,0
2025-02-19 14:00:00,1415.96,1417.2,1415.61,1416.37,181,68,0
2025-02-19 14:30:00,1416.25,1416.84,1415.23,1416.58,148,68,0
2025-02-19 15:00:00,1416.34,1416.58,1414.4,1414.9,172,68,0
2025-02-19 15:30:00,1414.78,1416.07,1414.47,1415.2,174,68,0
2025-02-19 16:00:00,1415.33,1416.36,1414.37,1415.62,187,68,0
2025-02-19 16:30:00,1415.87,1416.98,1411.9,1413.15,410,68,0
2025-02-19 17:00:00,1413.02,1416.59,1412.0,1415.61,326,68,0
2025-02-20 10:00:00,1413.71,1415.1,1411.44,1411.74,167,68,0
2025-02-20 10:30:00,1411.62,1413.34,1410.24,1413.34,138,68,0
2025-02-20 11:00:00,1413.59,1414.92,1413.59,1414.85,72,68,0
2025-02-20 11:30:00,1414.86,1416.34,1414.86,1415.82,71,68,0
2025-02-20 12:00:00,1415.7,1415.8,1415.11,1415.43,48,68,0
2025-02-20 12:30:00,1415.44,1415.87,1415.44,1415.7,49,68,0
2025-02-20 13:00:00,1415.69,1417.34,1415.57,1416.54,60,68,0
2025-02-20 13:30:00,1416.54,1416.54,1413.85,1414.11,65,68,0
2025-02-20 14:00:00,1414.1,1414.83,1413.6,1414.24,60,68,0
2025-02-20 14:30:00,1414.23,1414.23,1412.74,1412.74,61,68,0
2025-02-20 15:00:00,1412.74,1414.06,1412.74,1413.94,51,68,0
2025-02-20 15:30:00,1413.94,1414.33,1412.97,1413.06,80,68,0
2025-02-20 16:00:00,1413.07,1416.13,1413.07,1415.98,76,68,0
2025-02-20 16:30:00,1415.98,1416.88,1414.75,1415.52,134,68,0
2025-02-20 17:00:00,1415.51,1415.51,1410.31,1411.57,107,68,0
2025-02-21 10:00:00,1416.95,1422.5,1416.95,1420.84,166,68,0
2025-02-21 10:30:00,1420.84,1421.42,1420.24,1420.79,146,68,0
2025-02-21 11:00:00,1420.66,1423.07,1419.93,1422.94,166,68,0
2025-02-21 11:30:00,1423.07,1425.77,1423.07,1424.55,141,68,0
2025-02-21 12:00:00,1424.54,1425.14,1423.83,1425.14,88,68,0
2025-02-21 12:30:00,1425.14,1425.93,1424.59,1424.92,102,68,0
2025-02-21 13:00:00,1424.92,1426.04,1424.53,1425.6,112,68,0
2025-02-21 13:30:00,1425.6,1425.61,1422.69,1423.03,91,68,0
2025-02-21 14:00:00,1423.03,1425.81,1422.91,1425.68,76,68,0
2025-02-21 14:30:00,1425.67,1426.35,1424.67,1424.67,71,68,0
2025-02-21 15:00:00,1424.67,1426.88,1424.16,1426.87,87,68,0
2025-02-21 15:30:00,1426.86,1428.04,1426.27,1426.87,84,68,0
2025-02-21 16:00:00,1426.86,1426.86,1424.59,1424.59,91,68,0
2025-02-21 16:30:00,1424.72,1424.72,1417.09,1418.37,164,68,0
2025-02-21 17:00:00,1418.0,1419.15,1417.5,1418.78,107,68,0
2025-02-24 10:00:00,1424.13,1424.13,1419.88,1422.33,161,68,0
2025-02-24 10:30:00,1422.33,1422.33,1416.51,1419.33,144,68,0
2025-02-24 11:00:00,1419.33,1424.49,1419.18,1424.24,137,68,0
2025-02-24 11:30:00,1424.37,1425.23,1422.79,1423.8,109,68,0
2025-02-24 12:00:00,1423.8,1428.65,1423.8,1427.6,103,68,0
2025-02-24 12:30:00,1427.6,1427.72,1424.84,1424.84,98,68,0
2025-02-24 13:00:00,1424.84,1424.96,1422.89,1423.09,88,68,0
2025-02-24 13:30:00,1423.1,1423.86,1422.22,1422.54,89,68,0
2025-02-24 14:00:00,1422.54,1422.56,1420.82,1421.99,86,68,0
2025-02-24 14:30:00,1421.98,1422.36,1421.36,1421.63,71,68,0
2025-02-24 15:00:00,1421.63,1422.42,1421.41,1421.59,82,68,0
2025-02-24 15:30:00,1421.59,1422.7,1421.44,1421.45,81,68,0
2025-02-24 16:00:00,1421.45,1422.05,1419.97,1421.45,101,68,0
2025-02-24 16:30:00,1421.44,1421.44,1417.51,1417.99,151,68,0
2025-02-24 17:00:00,1417.99,1418.63,1416.5,1416.5,128,68,0
2025-02-25 10:00:00,1418.63,1426.23,1418.63,1420.37,182,68,0
2025-02-25 10:30:00,1420.37,1421.62,1414.94,1414.95,138,68,0
2025-02-25 11:00:00,1414.95,1418.23,1414.07,1417.34,115,68,0
2025-02-25 11:30:00,1417.34,1418.78,1416.14,1416.64,93,68,0
2025-02-25 12:00:00,1416.65,1419.04,1416.28,1418.75,83,68,0
2025-02-25 12:30:00,1418.75,1419.26,1418.37,1418.39,79,68,0
2025-02-25 13:00:00,1418.39,1418.44,1417.31,1418.44,87,68,0
2025-02-25 13:30:00,1418.47,1419.62,1418.47,1419.44,65,68,0
2025-02-25 14:00:00,1419.44,1419.9,1418.9,1419.54,63,68,0
2025-02-25 14:30:00,1419.66,1419.95,1417.65,1417.76,97,68,0
2025-02-25 15:00:00,1417.76,1419.97,1417.76,1419.97,112,68,0
2025-02-25 15:30:00,1420.09,1422.66,1420.09,1422.4,86,68,0
2025-02-25 16:00:00,1422.53,1423.96,1421.8,1423.01,84,68,0
2025-02-25 16:30:00,1423.01,1424.1,1422.86,1423.49,115,68,0
2025-02-25 17:00:00,1423.49,1423.49,1417.11,1417.25,106,68,0
2025-02-26 10:00:00,1419.0,1421.65,1419.0,1420.75,162,68,0
2025-02-26 10:30:00,1420.75,1421.0,1418.74,1419.48,122,68,0
2025-02-26 11:00:00,1419.48,1420.22,1418.77,1419.76,110,68,0
2025-02-26 11:30:00,1419.89,1421.82,1419.79,1421.2,106,68,0
2025-02-26 12:00:00,1421.33,1423.72,1420.69,1421.83,114,68,0
2025-02-26 12:30:00,1421.84,1423.19,1421.25,1423.06,91,68,0
2025-02-26 13:00:00,1423.06,1424.73,1422.94,1423.94,75,68,0
2025-02-26 13:30:00,1423.94,1424.61,1422.8,1422.8,77,68,0
2025-02-26 14:00:00,1422.67,1423.35,1422.49,1422.49,89,68,0
2025-02-26 14:30:00,1422.49,1424.04,1422.49,1423.95,84,68,0
2025-02-26 15:00:00,1423.95,1423.95,1422.61,1422.63,87,68,0
2025-02-26 15:30:00,1422.5,1422.5,1421.27,1421.39,67,68,0
2025-02-26 16:00:00,1421.39,1422.03,1420.74,1421.24,104,68,0
2025-02-26 16:30:00,1421.36,1422.87,1418.76,1421.74,140,68,0
2025-02-26 17:00:00,1421.87,1422.12,1420.61,1421.12,87,68,0
2025-02-27 10:00:00,1415.71,1415.84,1410.78,1411.43,176,68,0
2025-02-27 10:30:00,1411.43,1412.81,1408.12,1408.12,157,68,0
2025-02-27 11:00:00,1408.12,1413.94,1407.98,1413.71,172,68,0
2025-02-27 11:30:00,1413.71,1416.33,1413.71,1416.17,111,68,0
2025-02-27 12:00:00,1416.17,1416.31,1414.26,1416.19,104,68,0
2025-02-27 12:30:00,1416.19,1418.92,1415.56,1418.78,106,68,0
2025-02-27 13:00:00,1418.77,1420.48,1418.08,1420.48,83,68,0
2025-02-27 13:30:00,1420.48,1420.73,1417.48,1417.86,83,68,0
2025-02-27 14:00:00,1417.99,1418.53,1417.37,1417.61,76,68,0
2025-02-27 14:30:00,1417.61,1417.74,1415.43,1415.67,103,68,0
2025-02-27 15:00:00,1415.67,1416.69,1415.26,1415.26,93,68,0
2025-02-27 15:30:00,1415.26,1416.0,1413.0,1414.41,169,68,0
2025-02-27 16:00:00,1414.41,1415.7,1413.29,1414.89,130,68,0
2025-02-27 16:30:00,1414.89,1416.17,1413.81,1414.06,186,68,0
2025-02-27 17:00:00,1414.06,1414.06,1411.06,1413.2,149,68,0
2025-02-28 10:00:00,1410.09,1412.34,1406.97,1412.34,239,68,0
2025-02-28 10:30:00,1412.34,1412.34,1405.04,1406.06,157,68,0
2025-02-28 11:00:00,1406.06,1410.18,1405.06,1408.51,145,68,0
2025-02-28 11:30:00,1408.51,1409.57,1407.98,1409.57,90,68,0
2025-02-28 12:00:00,1409.57,1411.0,1409.57,1409.61,83,68,0
2025-02-28 12:30:00,1409.61,1410.27,1407.95,1408.2,78,68,0
2025-02-28 13:00:00,1408.2,1409.8,1408.2,1409.8,76,68,0
2025-02-28 13:30:00,1409.8,1410.06,1408.64,1409.98,73,68,0
2025-02-28 14:00:00,1409.98,1410.25,1409.06,1409.21,64,68,0
2025-02-28 14:30:00,1409.22,1409.54,1408.75,1409.42,66,68,0
2025-02-28 15:00:00,1409.42,1409.54,1406.95,1407.07,76,68,0
2025-02-28 15:30:00,1406.82,1408.86,1406.82,1407.19,97,68,0
2025-02-28 16:00:00,1407.19,1407.63,1406.11,1406.62,99,68,0
2025-02-28 16:30:00,1406.62,1407.86,1403.74,1407.2,185,68,0
2025-02-28 17:00:00,1407.33,1409.49,1407.2,1408.22,114,68,0
2025-03-03 10:00:00,1431.13,1433.38,1422.89,1423.25,330,68,0
2025-03-03 10:30:00,1423.25,1423.25,1418.58,1421.47,214,68,0
2025-03-03 11:00:00,1421.47,1425.31,1421.23,1425.31,139,68,0
2025-03-03 11:30:00,1425.31,1428.84,1423.66,1428.61,168,68,0
2025-03-03 12:00:00,1428.73,1430.1,1426.69,1428.78,182,68,0
2025-03-03 12:30:00,1428.78,1431.31,1428.53,1430.91,107,68,0
2025-03-03 13:00:00,1430.78,1434.18,1430.73,1434.18,101,68,0
2025-03-03 13:30:00,1434.18,1434.62,1433.08,1434.49,95,68,0
2025-03-03 14:00:00,1434.37,1437.77,1434.24,1436.78,106,68,0
2025-03-03 14:30:00,1436.78,1438.17,1436.51,1438.0,101,68,0
2025-03-03 15:00:00,1438.0,1438.25,1435.8,1436.71,89,68,0
2025-03-03 15:30:00,1436.71,1438.45,1436.46,1437.71,123,68,0
2025-03-03 16:00:00,1437.71,1440.14,1437.59,1438.18,131,68,0
2025-03-03 16:30:00,1438.18,1440.3,1436.76,1437.76,195,68,0
2025-03-03 17:00:00,1437.01,1437.01,1434.96,1435.85,130,68,0
2025-03-04 10:00:00,1421.64,1421.76,1410.7,1410.86,316,68,0
2025-03-04 10:30:00,1410.86,1414.47,1409.35,1411.99,206,68,0
2025-03-04 11:00:00,1411.99,1412.49,1409.49,1411.01,164,68,0
2025-03-04 11:30:00,1411.01,1414.36,1411.01,1412.24,126,68,0
2025-03-04 12:00:00,1412.24,1413.88,1410.55,1412.07,122,68,0
2025-03-04 12:30:00,1412.07,1413.56,1410.94,1413.5,112,68,0
2025-03-04 13:00:00,1413.62,1414.45,1413.22,1413.93,87,68,0
2025-03-04 13:30:00,1413.93,1414.32,1411.54,1411.82,103,68,0
2025-03-04 14:00:00,1411.81,1411.81,1408.8,1408.8,93,68,0
2025-03-04 14:30:00,1408.79,1408.79,1404.69,1404.94,116,68,0
2025-03-04 15:00:00,1404.94,1405.11,1396.12,1396.12,153,68,0
2025-03-04 15:30:00,1396.12,1401.07,1395.99,1398.78,164,68,0
2025-03-04 16:00:00,1398.78,1400.15,1398.6,1399.48,99,68,0
2025-03-04 16:30:00,1399.49,1399.49,1394.74,1395.64,188,68,0
2025-03-04 17:00:00,1395.64,1395.64,1393.64,1394.27,98,68,0
2025-03-05 10:00:00,1411.58,1415.24,1407.5,1412.86,310,68,0
2025-03-05 10:30:00,1412.86,1416.96,1412.48,1413.77,180,68,0
2025-03-05 11:00:00,1413.77,1415.27,1411.97,1413.61,161,68,0
2025-03-05 11:30:00,1413.61,1416.15,1413.54,1415.76,120,68,0
2025-03-05 12:00:00,1415.76,1417.15,1412.98,1413.1,113,68,0
2025-03-05 12:30:00,1413.1,1415.11,1410.34,1410.46,132,68,0
2025-03-05 13:00:00,1410.46,1412.05,1409.82,1412.05,102,68,0
2025-03-05 13:30:00,1412.17,1412.43,1410.91,1411.45,106,68,0
2025-03-05 14:00:00,1411.45,1412.44,1409.31,1409.43,90,68,0
2025-03-05 14:30:00,1409.31,1409.95,1407.43,1407.44,77,68,0
2025-03-05 15:00:00,1407.44,1409.97,1405.38,1405.51,130,68,0
2025-03-05 15:30:00,1405.52,1407.59,1405.34,1405.49,115,68,0
2025-03-05 16:00:00,1405.49,1405.49,1401.52,1402.03,104,68,0
2025-03-05 16:30:00,1402.16,1405.4,1399.79,1399.8,214,68,0
2025-03-05 17:00:00,1400.04,1405.16,1400.04,1405.16,166,68,0
2025-03-06 10:00:00,1414.38,1420.01,1412.53,1414.87,309,68,0
2025-03-06 10:30:00,1414.87,1414.89,1409.53,1409.66,178,68,0
2025-03-06 11:00:00,1409.66,1409.66,1403.95,1403.95,169,68,0
2025-03-06 11:30:00,1403.95,1406.35,1403.69,1405.65,134,68,0
2025-03-06 12:00:00,1405.65,1405.97,1402.4,1405.71,131,68,0
2025-03-06 12:30:00,1405.71,1405.71,1401.23,1401.23,106,68,0
2025-03-06 13:00:00,1401.11,1405.37,1400.2,1405.24,140,68,0
2025-03-06 13:30:00,1405.24,1408.46,1405.24,1407.34,143,68,0
2025-03-06 14:00:00,1407.34,1408.45,1406.68,1408.32,99,68,0
2025-03-06 14:30:00,1408.32,1409.44,1406.53,1407.27,113,68,0
2025-03-06 15:00:00,1407.27,1408.42,1404.4,1405.91,128,68,0
2025-03-06 15:30:00,1406.03,1408.31,1405.41,1406.94,127,68,0
2025-03-06 16:00:00,1406.94,1409.97,1406.92,1409.84,105,68,0
2025-03-06 16:30:00,1409.84,1413.31,1409.6,1410.46,214,68,0
2025-03-06 17:00:00,1410.34,1414.42,1410.33,1412.0,155,68,0
2025-03-07 10:00:00,1413.85,1414.85,1406.46,1406.97,240,68,0
2025-03-07 10:30:00,1406.97,1408.1,1405.21,1406.92,146,68,0
2025-03-07 11:00:00,1406.8,1408.61,1405.67,1408.09,141,68,0
2025-03-07 11:30:00,1408.09,1413.06,1408.09,1413.06,102,68,0
2025-03-07 12:00:00,1413.06,1413.06,1411.77,1411.94,107,68,0
2025-03-07 12:30:00,1412.07,1414.51,1411.94,1414.44,91,68,0
2025-03-07 13:00:00,1414.44,1416.71,1414.44,1416.18,95,68,0
2025-03-07 13:30:00,1416.18,1417.46,1416.17,1417.43,78,68,0
2025-03-07 14:00:00,1417.43,1417.56,1415.3,1415.3,86,68,0
2025-03-07 14:30:00,1415.3,1416.67,1414.31,1416.3,94,68,0
2025-03-07 15:00:00,1416.3,1416.73,1413.68,1414.31,105,68,0
2025-03-07 15:30:00,1414.18,1416.93,1413.23,1413.7,163,68,0
2025-03-07 16:00:00,1413.7,1417.52,1412.97,1417.14,164,68,0
2025-03-07 16:30:00,1417.01,1422.03,1416.51,1420.67,181,68,0
2025-03-07 17:00:00,1420.67,1423.25,1419.66,1423.01,127,68,0
2025-03-10 11:00:00,1424.75,1425.88,1420.87,1421.98,201,68,0
2025-03-10 11:30:00,1421.98,1421.98,1415.24,1415.73,173,68,0
2025-03-10 12:00:00,1415.73,1419.58,1414.23,1418.97,196,68,0
2025-03-10 12:30:00,1418.97,1421.44,1418.96,1419.43,113,68,0
2025-03-10 13:00:00,1419.43,1420.21,1416.05,1416.06,117,68,0
2025-03-10 13:30:00,1416.06,1417.29,1414.0,1417.18,122,68,0
2025-03-10 14:00:00,1417.18,1418.67,1415.56,1417.95,168,68,0
2025-03-10 14:30:00,1417.95,1419.78,1417.72,1419.65,91,68,0
2025-03-10 15:00:00,1419.65,1420.13,1416.51,1416.59,115,68,0
2025-03-10 15:30:00,1416.59,1420.54,1416.1,1420.52,108,68,0
2025-03-10 16:00:00,1420.52,1420.63,1417.91,1418.97,137,68,0
2025-03-10 16:30:00,1418.97,1422.23,1415.66,1416.61,256,68,0
2025-03-10 17:00:00,1416.61,1417.13,1413.69,1414.06,221,68,0
2025-03-10 17:30:00,1414.05,1415.44,1412.62,1415.24,160,68,0
2025-03-10 18:00:00,1415.24,1417.9,1415.24,1416.91,126,68,0
2025-03-11 11:00:00,1410.06,1417.67,1405.44,1417.55,325,68,0
2025-03-11 11:30:00,1417.43,1420.84,1417.43,1418.24,147,68,0
2025-03-11 12:00:00,1418.24,1420.38,1417.42,1420.24,122,68,0
2025-03-11 12:30:00,1420.24,1420.24,1417.95,1418.8,107,68,0
2025-03-11 13:00:00,1418.82,1423.2,1418.82,1422.77,99,68,0
2025-03-11 13:30:00,1422.77,1422.9,1421.37,1422.78,112,68,0
2025-03-11 14:00:00,1422.65,1422.65,1420.83,1422.18,100,68,0
2025-03-11 14:30:00,1422.18,1424.14,1422.06,1422.8,97,68,0
2025-03-11 15:00:00,1422.8,1422.8,1419.57,1422.14,110,68,0
2025-03-11 15:30:00,1422.14,1422.15,1421.14,1421.14,86,68,0
2025-03-11 16:00:00,1421.14,1421.2,1418.14,1418.18,83,68,0
2025-03-11 16:30:00,1418.19,1419.7,1415.58,1415.72,156,68,0
2025-03-11 17:00:00,1415.59,1416.99,1408.88,1409.01,186,68,0
2025-03-11 17:30:00,1409.01,1410.33,1404.89,1408.76,201,68,0
2025-03-11 18:00:00,1408.76,1409.97,1407.27,1409.55,95,68,0
2025-03-12 11:00:00,1414.39,1415.29,1408.58,1410.88,246,68,0
2025-03-12 11:30:00,1410.88,1411.0,1406.12,1407.68,263,68,0
2025-03-12 12:00:00,1407.68,1410.67,1407.53,1410.05,214,68,0
2025-03-12 12:30:00,1410.05,1412.65,1409.28,1409.39,249,68,0
2025-03-12 13:00:00,1409.51,1410.7,1409.2,1410.42,185,68,0
2025-03-12 13:30:00,1410.42,1410.84,1407.45,1408.21,227,68,0
2025-03-12 14:00:00,1408.09,1409.03,1407.51,1408.63,215,68,0
2025-03-12 14:30:00,1408.76,1410.13,1408.76,1410.13,201,68,0
2025-03-12 15:00:00,1410.0,1410.74,1408.9,1409.02,171,68,0
2025-03-12 15:30:00,1409.14,1411.02,1405.72,1409.14,355,68,0
2025-03-12 16:00:00,1409.02,1411.25,1407.92,1411.13,242,68,0
2025-03-12 16:30:00,1411.0,1411.0,1405.81,1408.63,424,68,0
2025-03-12 17:00:00,1408.75,1410.33,1405.93,1408.49,422,68,0
2025-03-12 17:30:00,1408.62,1409.24,1404.19,1405.18,410,68,0
2025-03-12 18:00:00,1405.43,1405.68,1403.13,1404.21,286,68,0
2025-03-13 11:00:00,1406.35,1416.14,1406.35,1415.28,728,68,0
2025-03-13 11:30:00,1415.03,1416.35,1412.65,1416.1,432,68,0
2025-03-13 12:00:00,1416.22,1421.29,1412.43,1420.2,352,68,0
2025-03-13 12:30:00,1420.08,1421.87,1419.1,1421.39,237,68,0
2025-03-13 13:00:00,1421.27,1422.25,1420.16,1421.53,214,68,0
2025-03-13 13:30:00,1421.65,1423.38,1420.94,1421.43,167,68,0
2025-03-13 14:00:00,1421.31,1422.92,1420.81,1421.07,198,68,0
2025-03-13 14:30:00,1420.94,1422.27,1419.17,1420.03,209,68,0
2025-03-13 15:00:00,1420.28,1421.1,1418.87,1420.98,221,68,0
2025-03-13 15:30:00,1421.11,1422.52,1419.46,1419.7,186,68,0
2025-03-13 16:00:00,1419.82,1420.8,1419.26,1419.99,186,68,0
2025-03-13 16:30:00,1419.74,1423.67,1418.99,1419.87,325,68,0
2025-03-13 17:00:00,1419.75,1421.01,1418.27,1419.78,309,68,0
2025-03-13 17:30:00,1419.79,1422.27,1419.79,1422.15,276,68,0
2025-03-13 18:00:00,1422.4,1423.4,1421.3,1423.28,202,68,0
2025-03-14 11:00:00,1423.04,1426.99,1421.8,1425.77,552,68,0
2025-03-14 11:30:00,1426.02,1430.85,1425.52,1429.18,340,68,0
2025-03-14 12:00:00,1429.43,1429.43,1424.45,1424.45,278,68,0
2025-03-14 12:30:00,1424.58,1427.04,1423.22,1426.79,220,68,0
2025-03-14 13:00:00,1426.92,1427.86,1426.3,1427.71,197,68,0
2025-03-14 13:30:00,1427.58,1428.09,1425.38,1427.49,261,68,0
2025-03-14 14:00:00,1426.73,1428.83,1426.09,1428.58,250,68,0
2025-03-14 14:30:00,1428.71,1431.47,1428.58,1430.52,203,68,0
2025-03-14 15:00:00,1430.65,1432.13,1430.52,1430.62,177,68,0
2025-03-14 15:30:00,1430.87,1431.68,1430.35,1431.21,151,68,0
2025-03-14 16:00:00,1431.09,1432.21,1429.9,1429.9,205,68,0
2025-03-14 16:30:00,1429.77,1433.2,1427.68,1432.73,329,68,0
2025-03-14 17:00:00,1431.74,1432.4,1430.38,1431.49,405,68,0
2025-03-14 17:30:00,1431.61,1434.07,1431.37,1433.5,332,68,0
2025-03-14 18:00:00,1433.63,1435.36,1433.0,1434.5,253,68,0
2025-03-17 11:00:00,1442.63,1448.6,1441.13,1447.84,645,68,0
2025-03-17 11:30:00,1447.72,1450.31,1447.08,1447.71,414,68,0
2025-03-17 12:00:00,1447.84,1447.87,1444.62,1447.62,359,68,0
2025-03-17 12:30:00,1447.49,1448.71,1446.87,1448.06,243,68,0
2025-03-17 13:00:00,1448.05,1449.54,1447.93,1448.76,186,68,0
2025-03-17 13:30:00,1448.63,1449.02,1447.43,1448.77,228,68,0
2025-03-17 14:00:00,1448.64,1449.72,1447.24,1448.21,201,68,0
2025-03-17 14:30:00,1448.33,1448.69,1447.1,1448.09,192,68,0
2025-03-17 15:00:00,1448.09,1449.21,1447.71,1448.36,159,68,0
2025-03-17 15:30:00,1448.11,1449.37,1447.79,1448.89,142,68,0
2025-03-17 16:00:00,1448.77,1448.77,1446.89,1447.27,187,68,0
2025-03-17 16:30:00,1447.4,1451.83,1447.15,1451.17,365,68,0
2025-03-17 17:00:00,1451.04,1452.29,1447.52,1447.77,362,68,0
2025-03-17 17:30:00,1447.76,1449.17,1446.42,1449.17,288,68,0
2025-03-17 18:00:00,1449.3,1451.48,1448.77,1450.86,252,68,0
2025-03-18 11:00:00,1457.4,1464.16,1457.27,1463.79,596,68,0
2025-03-18 11:30:00,1463.66,1463.91,1458.1,1462.01,397,68,0
2025-03-18 12:00:00,1462.14,1463.75,1460.49,1463.26,303,68,0
2025-03-18 12:30:00,1463.14,1465.87,1462.2,1462.45,281,68,0
2025-03-18 13:00:00,1462.33,1462.82,1459.95,1460.73,272,68,0
2025-03-18 13:30:00,1460.6,1460.97,1459.22,1459.56,168,68,0
2025-03-18 14:00:00,1459.43,1459.43,1457.48,1457.48,183,68,0
2025-03-18 14:30:00,1457.73,1459.34,1456.88,1458.73,198,68,0
2025-03-18 15:00:00,1458.86,1460.61,1458.0,1460.47,237,68,0
2025-03-18 15:30:00,1460.59,1460.95,1459.58,1460.68,174,68,0
2025-03-18 16:00:00,1460.68,1460.68,1457.58,1457.83,264,68,0
2025-03-18 16:30:00,1457.7,1458.33,1455.66,1456.09,356,68,0
2025-03-18 17:00:00,1455.96,1458.0,1452.85,1456.72,270,68,0
2025-03-18 17:30:00,1456.59,1457.39,1455.33,1456.26,247,68,0
2025-03-18 18:00:00,1456.14,1458.47,1455.38,1458.34,287,68,0
2025-03-19 11:00:00,1459.11,1467.19,1457.37,1465.59,543,68,0
2025-03-19 11:30:00,1465.72,1466.37,1463.22,1463.22,385,68,0
2025-03-19 12:00:00,1463.35,1466.04,1462.35,1465.3,241,68,0
2025-03-19 12:30:00,1465.18,1466.8,1464.21,1466.05,251,68,0
2025-03-19 13:00:00,1465.93,1468.14,1463.21,1464.48,321,68,0
2025-03-19 13:30:00,1464.6,1466.81,1463.7,1464.85,278,68,0
2025-03-19 14:00:00,1464.73,1465.86,1463.73,1465.48,205,68,0
2025-03-19 14:30:00,1465.23,1466.24,1464.74,1465.35,193,68,0
2025-03-19 15:00:00,1465.22,1465.73,1464.41,1465.58,158,68,0
2025-03-19 15:30:00,1465.57,1467.03,1465.14,1466.04,173,68,0
2025-03-19 16:00:00,1465.92,1466.31,1463.66,1463.67,187,68,0
2025-03-19 16:30:00,1463.55,1465.19,1462.18,1465.05,243,68,0
2025-03-19 17:00:00,1465.18,1466.08,1463.37,1466.08,153,68,0
2025-03-19 17:30:00,1465.83,1471.08,1465.83,1471.08,174,68,0
2025-03-19 18:00:00,1470.95,1472.55,1470.95,1472.02,147,68,0
2025-03-20 11:00:00,1474.51,1476.91,1472.65,1474.39,187,68,0
2025-03-20 11:30:00,1474.39,1475.01,1468.16,1468.16,164,68,0
2025-03-20 12:00:00,1468.16,1468.16,1461.01,1462.22,151,68,0
2025-03-20 12:30:00,1462.22,1465.76,1461.44,1462.25,137,68,0
2025-03-20 13:00:00,1462.25,1462.25,1455.81,1455.96,164,68,0
2025-03-20 13:30:00,1455.96,1460.45,1454.73,1460.45,151,68,0
2025-03-20 14:00:00,1460.32,1461.43,1460.08,1461.42,93,68,0
2025-03-20 14:30:00,1461.17,1461.17,1459.25,1459.75,117,68,0
2025-03-20 15:00:00,1459.75,1459.75,1457.12,1457.73,88,68,0
2025-03-20 15:30:00,1457.73,1457.73,1455.11,1456.11,129,68,0
2025-03-20 16:00:00,1456.11,1457.33,1454.64,1455.88,124,68,0
2025-03-20 16:30:00,1455.75,1459.59,1455.26,1459.07,149,68,0
2025-03-20 17:00:00,1458.95,1462.21,1458.95,1461.81,152,68,0
2025-03-20 17:30:00,1461.94,1463.55,1461.0,1463.55,128,68,0
2025-03-20 18:00:00,1463.68,1465.44,1463.68,1464.57,102,68,0
2025-03-21 11:00:00,1466.34,1469.58,1462.55,1463.07,521,68,0
2025-03-21 11:30:00,1462.83,1467.13,1460.88,1465.85,379,68,0
2025-03-21 12:00:00,1465.98,1466.35,1460.11,1461.0,346,68,0
2025-03-21 12:30:00,1460.75,1463.85,1458.79,1460.47,293,68,0
2025-03-21 13:00:00,1460.34,1461.92,1459.48,1461.92,247,68,0
2025-03-21 13:30:00,1462.04,1464.43,1461.41,1462.95,392,68,0
2025-03-21 14:00:00,1462.83,1463.2,1460.42,1460.55,218,68,0
2025-03-21 14:30:00,1460.42,1461.5,1459.01,1459.63,146,68,0
2025-03-21 15:00:00,1459.51,1462.05,1459.13,1461.93,182,68,0
2025-03-21 15:30:00,1462.05,1462.18,1460.32,1460.32,176,68,0
2025-03-21 16:00:00,1460.45,1461.53,1458.45,1458.56,195,68,0
2025-03-21 16:30:00,1458.31,1459.5,1456.7,1456.79,293,68,0
2025-03-21 17:00:00,1456.91,1456.91,1452.58,1453.68,225,68,0
2025-03-21 17:30:00,1453.8,1456.98,1453.33,1456.86,264,68,0
2025-03-21 18:00:00,1456.74,1458.11,1455.39,1458.11,251,68,0
2025-03-24 11:00:00,1466.68,1467.19,1462.45,1463.09,491,68,0
2025-03-24 11:30:00,1462.97,1463.09,1459.48,1459.78,106,68,0
2025-03-24 12:00:00,1459.79,1460.0,1457.92,1460.0,89,68,0
2025-03-24 12:30:00,1460.0,1461.52,1458.46,1458.46,105,68,0
2025-03-24 13:00:00,1458.45,1458.45,1457.66,1458.24,66,68,0
2025-03-24 13:30:00,1458.25,1459.81,1458.25,1459.55,75,68,0
2025-03-24 14:00:00,1459.53,1459.53,1457.76,1457.93,57,68,0
2025-03-24 14:30:00,1457.94,1457.94,1455.2,1455.94,83,68,0
2025-03-24 15:00:00,1455.94,1455.98,1455.58,1455.77,52,68,0
2025-03-24 15:30:00,1455.77,1456.74,1454.0,1454.0,91,68,0
2025-03-24 16:00:00,1454.13,1455.22,1453.77,1455.22,84,68,0
2025-03-24 16:30:00,1455.22,1458.23,1455.2,1456.52,127,68,0
2025-03-24 17:00:00,1456.52,1459.85,1456.52,1457.3,149,68,0
2025-03-24 17:30:00,1457.29,1457.67,1455.71,1457.52,104,68,0
2025-03-24 18:00:00,1457.52,1457.53,1456.08,1457.21,110,68,0
2025-03-25 11:00:00,1458.97,1460.62,1457.73,1458.64,156,68,0
2025-03-25 11:30:00,1458.64,1461.89,1458.63,1460.46,101,68,0
2025-03-25 12:00:00,1460.46,1462.42,1460.46,1460.65,112,68,0
2025-03-25 12:30:00,1460.65,1463.72,1460.47,1463.59,91,68,0
2025-03-25 13:00:00,1463.59,1464.22,1463.35,1463.82,69,68,0
2025-03-25 13:30:00,1463.82,1466.11,1463.82,1465.56,78,68,0
2025-03-25 14:00:00,1465.56,1466.87,1464.76,1466.75,75,68,0
2025-03-25 14:30:00,1466.76,1467.2,1466.33,1467.2,61,68,0
2025-03-25 15:00:00,1467.2,1469.4,1467.2,1468.5,63,68,0
2025-03-25 15:30:00,1468.5,1468.5,1467.23,1467.8,58,68,0
2025-03-25 16:00:00,1467.92,1467.92,1465.47,1465.59,76,68,0
2025-03-25 16:30:00,1465.59,1467.04,1464.61,1464.61,113,68,0
2025-03-25 17:00:00,1464.98,1465.8,1463.56,1465.2,109,68,0
2025-03-25 17:30:00,1465.2,1466.68,1462.3,1462.3,122,68,0
2025-03-25 18:00:00,1462.31,1462.31,1459.16,1459.27,106,68,0
2025-03-26 11:00:00,1461.49,1463.61,1458.53,1462.77,211,68,0
2025-03-26 11:30:00,1462.77,1465.8,1462.77,1463.13,133,68,0
2025-03-26 12:00:00,1463.01,1463.01,1460.88,1462.11,92,68,0
2025-03-26 12:30:00,1462.11,1463.1,1462.01,1462.26,91,68,0
2025-03-26 13:00:00,1462.25,1462.25,1460.62,1461.46,89,68,0
2025-03-26 13:30:00,1461.46,1463.11,1461.3,1463.11,82,68,0
2025-03-26 14:00:00,1463.11,1463.27,1461.23,1461.23,74,68,0
2025-03-26 14:30:00,1461.23,1461.59,1460.76,1461.57,66,68,0
2025-03-26 15:00:00,1461.57,1463.78,1461.51,1463.78,63,68,0
2025-03-26 15:30:00,1463.9,1467.0,1463.78,1466.18,87,68,0
2025-03-26 16:00:00,1466.18,1467.52,1465.83,1466.08,93,68,0
2025-03-26 16:30:00,1466.09,1467.02,1465.18,1465.66,127,68,0
2025-03-26 17:00:00,1465.67,1468.44,1465.67,1467.59,151,68,0
2025-03-26 17:30:00,1467.59,1467.74,1466.1,1467.74,96,68,0
2025-03-26 18:00:00,1467.74,1469.87,1466.97,1469.38,79,68,0
2025-03-27 11:00:00,1455.93,1456.05,1445.97,1448.24,255,68,0
2025-03-27 11:30:00,1448.24,1454.38,1448.24,1454.38,187,68,0
2025-03-27 12:00:00,1454.38,1455.51,1450.31,1451.35,121,68,0
2025-03-27 12:30:00,1451.47,1452.35,1449.4,1452.09,104,68,0
2025-03-27 13:00:00,1452.09,1453.62,1452.07,1452.25,91,68,0
2025-03-27 13:30:00,1452.25,1452.47,1449.38,1449.64,95,68,0
2025-03-27 14:00:00,1449.64,1450.44,1448.55,1448.55,76,68,0
2025-03-27 14:30:00,1448.54,1450.23,1448.53,1449.75,86,68,0
2025-03-27 15:00:00,1449.75,1450.01,1449.1,1449.2,78,68,0
2025-03-27 15:30:00,1449.08,1450.61,1449.08,1450.18,72,68,0
2025-03-27 16:00:00,1450.19,1450.72,1449.31,1449.31,86,68,0
2025-03-27 16:30:00,1449.31,1453.36,1448.08,1453.23,146,68,0
2025-03-27 17:00:00,1453.24,1454.56,1452.2,1454.56,110,68,0
2025-03-27 17:30:00,1454.44,1457.56,1454.31,1457.29,120,68,0
2025-03-27 18:00:00,1457.42,1459.89,1457.16,1459.88,64,68,0
2025-03-28 11:00:00,1452.49,1457.26,1451.75,1452.71,185,68,0
2025-03-28 11:30:00,1452.71,1457.85,1451.32,1457.71,125,68,0
2025-03-28 12:00:00,1457.71,1457.71,1451.77,1451.9,93,68,0
2025-03-28 12:30:00,1451.9,1452.28,1445.97,1447.41,118,68,0
2025-03-28 13:00:00,1447.41,1449.19,1447.23,1448.81,92,68,0
2025-03-28 13:30:00,1448.81,1449.24,1446.85,1446.87,83,68,0
2025-03-28 14:00:00,1446.88,1447.54,1444.01,1444.93,95,68,0
2025-03-28 14:30:00,1444.93,1446.74,1444.9,1444.9,75,68,0
2025-03-28 15:00:00,1444.9,1445.18,1443.61,1443.61,71,68,0
2025-03-28 15:30:00,1443.61,1443.74,1441.51,1442.73,102,68,0
2025-03-28 16:00:00,1442.73,1443.85,1440.71,1443.32,159,68,0
2025-03-28 16:30:00,1443.32,1443.67,1439.24,1439.24,223,68,0
2025-03-28 17:00:00,1439.24,1439.4,1436.84,1438.41,202,68,0
2025-03-28 17:30:00,1438.41,1438.54,1436.59,1437.08,219,68,0
2025-03-28 18:00:00,1437.08,1437.5,1433.75,1437.5,128,68,0
2025-03-31 10:00:00,1430.07,1430.62,1424.09,1429.22,241,68,0
2025-03-31 10:30:00,1429.22,1437.76,1425.97,1437.53,245,68,0
2025-03-31 11:00:00,1437.53,1438.61,1436.43,1438.5,158,68,0
2025-03-31 11:30:00,1438.5,1438.5,1433.89,1436.32,128,68,0
2025-03-31 12:00:00,1436.2,1436.45,1434.98,1436.19,83,68,0
2025-03-31 12:30:00,1436.19,1437.69,1434.47,1434.73,96,68,0
2025-03-31 13:00:00,1434.74,1435.65,1433.48,1435.65,92,68,0
2025-03-31 13:30:00,1435.65,1435.66,1433.44,1433.44,79,68,0
2025-03-31 14:00:00,1433.44,1435.75,1432.5,1435.06,97,68,0
2025-03-31 14:30:00,1434.93,1437.02,1434.56,1436.63,71,68,0
2025-03-31 15:00:00,1436.63,1439.07,1436.63,1439.07,91,68,0
2025-03-31 15:30:00,1439.07,1440.29,1438.59,1439.16,112,68,0
2025-03-31 16:00:00,1439.03,1440.62,1439.03,1439.94,94,68,0
2025-03-31 16:30:00,1439.94,1445.0,1436.92,1444.87,205,68,0
2025-03-31 17:00:00,1444.87,1446.13,1444.87,1446.0,86,68,0
2025-04-01 10:00:00,1450.75,1452.99,1446.89,1448.22,172,68,0
2025-04-01 10:30:00,1448.22,1449.09,1446.83,1448.15,122,68,0
2025-04-01 11:00:00,1448.4,1452.06,1447.73,1451.8,118,68,0
2025-04-01 11:30:00,1451.8,1455.47,1451.79,1454.68,100,68,0
2025-04-01 12:00:00,1454.68,1454.99,1452.8,1454.85,108,68,0
2025-04-01 12:30:00,1454.85,1454.85,1453.77,1453.77,87,68,0
2025-04-01 13:00:00,1453.77,1454.25,1452.06,1452.96,89,68,0
2025-04-01 13:30:00,1452.95,1452.95,1451.72,1452.79,77,68,0
2025-04-01 14:00:00,1452.79,1452.91,1450.68,1451.52,86,68,0
2025-04-01 14:30:00,1451.52,1451.52,1450.44,1451.35,86,68,0
2025-04-01 15:00:00,1451.35,1454.05,1450.82,1452.77,105,68,0
2025-04-01 15:30:00,1452.77,1452.92,1451.78,1451.9,70,68,0
2025-04-01 16:00:00,1451.9,1452.4,1450.82,1451.91,95,68,0
2025-04-01 16:30:00,1451.79,1451.91,1447.74,1450.52,172,68,0
2025-04-01 17:00:00,1450.27,1450.27,1444.42,1445.69,132,68,0
2025-04-02 10:00:00,1451.17,1451.55,1439.89,1440.16,259,68,0
2025-04-02 10:30:00,1440.16,1440.16,1434.11,1436.52,244,68,0
2025-04-02 11:00:00,1436.4,1437.68,1432.49,1437.55,241,68,0
2025-04-02 11:30:00,1437.55,1439.55,1437.43,1438.98,157,68,0
2025-04-02 12:00:00,1438.98,1439.75,1437.79,1438.13,153,68,0
2025-04-02 12:30:00,1438.13,1438.26,1436.39,1436.39,106,68,0
2025-04-02 13:00:00,1436.39,1436.51,1434.49,1434.61,111,68,0
2025-04-02 13:30:00,1434.61,1434.77,1433.14,1433.4,93,68,0
2025-04-02 14:00:00,1433.4,1433.63,1432.04,1433.31,113,68,0
2025-04-02 14:30:00,1433.31,1433.53,1431.75,1432.42,114,68,0
2025-04-02 15:00:00,1432.42,1433.08,1429.41,1429.41,148,68,0
2025-04-02 15:30:00,1429.41,1430.19,1429.05,1429.45,139,68,0
2025-04-02 16:00:00,1429.45,1430.01,1428.45,1428.46,77,68,0
2025-04-02 16:30:00,1428.46,1428.57,1424.1,1425.59,189,68,0
2025-04-02 17:00:00,1425.59,1428.04,1425.46,1428.04,113,68,0
2025-04-03 10:00:00,1390.73,1412.06,1390.23,1411.82,326,68,0
2025-04-03 10:30:00,1411.7,1413.86,1410.82,1413.72,167,68,0
2025-04-03 11:00:00,1413.72,1417.79,1413.08,1414.54,168,68,0
2025-04-03 11:30:00,1414.54,1414.91,1412.81,1413.7,143,68,0
2025-04-03 12:00:00,1413.7,1413.7,1409.41,1411.45,117,68,0
2025-04-03 12:30:00,1411.45,1412.58,1407.92,1407.93,124,68,0
2025-04-03 13:00:00,1407.93,1408.07,1405.44,1405.69,130,68,0
2025-04-03 13:30:00,1405.68,1406.07,1404.31,1404.95,100,68,0
2025-04-03 14:00:00,1404.95,1405.2,1400.38,1400.52,110,68,0
2025-04-03 14:30:00,1400.4,1400.52,1392.73,1395.54,219,68,0
2025-04-03 15:00:00,1395.54,1397.63,1393.98,1395.2,149,68,0
2025-04-03 15:30:00,1394.95,1397.3,1394.34,1395.85,153,68,0
2025-04-03 16:00:00,1395.85,1395.85,1389.61,1390.31,163,68,0
2025-04-03 16:30:00,1390.31,1394.79,1390.19,1394.52,180,68,0
2025-04-03 17:00:00,1394.4,1394.4,1392.1,1393.62,122,68,0
2025-04-04 10:00:00,1385.05,1391.08,1384.93,1387.84,264,68,0
2025-04-04 10:30:00,1387.71,1388.87,1381.71,1383.33,360,68,0
2025-04-04 11:00:00,1383.33,1383.45,1373.65,1373.77,414,68,0
2025-04-04 11:30:00,1373.76,1373.76,1366.94,1368.25,408,68,0
2025-04-04 12:00:00,1368.25,1370.79,1365.21,1369.37,258,68,0
2025-04-04 12:30:00,1369.5,1370.91,1368.56,1369.1,182,68,0
2025-04-04 13:00:00,1369.1,1369.85,1347.13,1349.93,431,68,0
2025-04-04 13:30:00,1347.86,1350.45,1338.48,1338.98,383,68,0
2025-04-04 14:00:00,1339.48,1344.11,1338.04,1338.3,292,68,0
2025-04-04 14:30:00,1338.18,1346.93,1336.81,1346.3,319,68,0
2025-04-04 15:00:00,1346.18,1346.55,1341.65,1344.04,296,68,0
2025-04-04 15:30:00,1344.16,1344.91,1338.81,1340.01,420,68,0
2025-04-04 16:00:00,1340.01,1347.65,1338.64,1340.62,394,68,0
2025-04-04 16:30:00,1340.74,1343.23,1329.46,1332.51,546,68,0
2025-04-04 17:00:00,1332.51,1332.52,1326.51,1327.25,272,68,0
2025-04-07 10:00:00,1265.28,1267.72,1261.49,1261.58,26,300,0
2025-04-07 10:30:00,1267.35,1267.35,1247.14,1262.19,771,68,0
2025-04-07 11:00:00,1262.19,1279.9,1261.7,1265.82,446,68,0
2025-04-07 11:30:00,1265.8,1272.51,1260.69,1268.61,393,68,0
2025-04-07 12:00:00,1268.37,1270.12,1262.97,1267.63,449,68,0
2025-04-07 12:30:00,1267.63,1282.53,1267.63,1277.78,634,68,0
2025-04-07 13:00:00,1277.9,1290.12,1277.67,1290.12,478,68,0
2025-04-07 13:30:00,1285.4,1293.63,1284.19,1286.58,552,68,0
2025-04-07 14:00:00,1288.06,1289.88,1286.61,1287.47,189,68,0
2025-04-07 14:30:00,1287.34,1287.34,1277.97,1279.46,533,68,0
2025-04-07 15:00:00,1279.71,1282.29,1274.55,1280.92,573,68,0
2025-04-07 15:30:00,1281.04,1286.68,1278.98,1286.44,468,68,0
2025-04-07 16:00:00,1285.62,1288.79,1283.32,1283.38,433,68,0
2025-04-07 16:30:00,1283.5,1307.57,1279.68,1306.53,621,68,0
2025-04-07 17:00:00,1306.4,1307.98,1305.78,1307.98,23,68,0
2025-04-08 10:00:00,1331.07,1333.66,1317.19,1319.02,996,68,0
2025-04-08 10:30:00,1319.15,1319.27,1305.83,1312.05,786,68,0
2025-04-08 11:00:00,1311.93,1311.93,1301.28,1302.71,556,68,0
2025-04-08 11:30:00,1302.59,1314.77,1302.46,1313.74,458,68,0
2025-04-08 12:00:00,1314.0,1317.51,1313.43,1314.73,441,68,0
2025-04-08 12:30:00,1314.85,1316.13,1310.68,1310.93,373,68,0
2025-04-08 13:00:00,1311.06,1315.79,1309.7,1314.93,331,68,0
2025-04-08 13:30:00,1314.8,1315.29,1311.67,1312.94,285,68,0
2025-04-08 14:00:00,1313.31,1317.88,1312.46,1317.75,371,68,0
2025-04-08 14:30:00,1317.87,1326.87,1317.61,1326.62,327,68,0
2025-04-08 15:00:00,1326.5,1326.87,1322.84,1325.29,345,68,0
2025-04-08 15:30:00,1325.41,1329.39,1324.56,1329.14,308,68,0
2025-04-08 16:00:00,1328.89,1337.78,1328.39,1335.67,477,68,0
2025-04-08 16:30:00,1335.8,1336.05,1323.65,1327.25,819,68,0
2025-04-08 17:00:00,1327.5,1333.51,1325.27,1333.27,470,68,0
2025-04-09 10:00:00,1297.88,1309.22,1296.02,1303.65,830,68,0
2025-04-09 10:30:00,1303.52,1311.36,1300.45,1303.81,632,68,0
2025-04-09 11:00:00,1303.93,1304.31,1289.26,1289.26,529,68,0
2025-04-09 11:30:00,1289.01,1293.55,1285.55,1293.55,418,68,0
2025-04-09 12:00:00,1293.68,1297.09,1293.06,1295.34,391,68,0
2025-04-09 12:30:00,1295.59,1295.99,1287.71,1287.84,265,68,0
2025-04-09 13:00:00,1287.71,1287.71,1281.44,1282.17,278,68,0
2025-04-09 13:30:00,1281.92,1287.46,1280.57,1285.49,288,68,0
2025-04-09 14:00:00,1275.69,1281.32,1272.51,1280.94,716,68,0
2025-04-09 14:30:00,1280.93,1281.54,1273.65,1276.73,522,68,0
2025-04-09 15:00:00,1276.86,1279.63,1273.62,1274.68,407,68,0
2025-04-09 15:30:00,1274.81,1284.83,1274.81,1283.87,435,68,0
2025-04-09 16:00:00,1283.74,1290.66,1283.62,1287.51,507,68,0
2025-04-09 16:30:00,1287.26,1293.17,1285.78,1291.71,753,68,0
2025-04-09 17:00:00,1291.46,1297.15,1289.98,1291.32,477,68,0
2025-04-10 10:00:00,1362.57,1363.98,1343.99,1345.13,747,68,0
2025-04-10 10:30:00,1345.26,1346.01,1335.22,1336.13,779,68,0
2025-04-10 11:00:00,1336.0,1339.05,1332.44,1333.06,579,68,0
2025-04-10 11:30:00,1332.94,1332.94,1328.38,1328.52,266,68,0
2025-04-10 12:00:00,1328.65,1329.14,1326.74,1326.74,370,68,0
2025-04-10 12:30:00,1332.03,1332.59,1329.68,1331.97,256,68,0
2025-04-10 13:00:00,1332.09,1337.11,1331.0,1336.63,349,68,0
2025-04-10 13:30:00,1336.51,1338.38,1335.51,1335.51,297,68,0
2025-04-10 14:00:00,1335.75,1339.68,1334.73,1337.62,284,68,0
2025-04-10 14:30:00,1337.75,1338.47,1334.71,1335.19,265,68,0
2025-04-10 15:00:00,1334.95,1334.95,1332.78,1332.9,279,68,0
2025-04-10 15:30:00,1333.29,1334.59,1330.83,1330.97,268,68,0
2025-04-10 16:00:00,1331.22,1338.01,1331.22,1335.65,344,68,0
2025-04-10 16:30:00,1335.77,1336.26,1327.26,1327.53,686,68,0
2025-04-10 17:00:00,1325.18,1329.14,1324.24,1328.41,361,68,0
2025-04-11 10:00:00,1332.89,1336.06,1327.17,1333.66,659,68,0
2025-04-11 10:30:00,1333.42,1337.4,1328.89,1328.89,445,68,0
2025-04-11 11:00:00,1328.77,1329.19,1321.33,1326.44,534,68,0
2025-04-11 11:30:00,1326.32,1326.57,1319.85,1322.44,408,68,0
2025-04-11 12:00:00,1322.32,1323.27,1317.61,1322.52,347,68,0
2025-04-11 12:30:00,1322.27,1328.31,1320.55,1328.3,305,68,0
2025-04-11 13:00:00,1328.43,1333.78,1327.97,1333.4,296,68,0
2025-04-11 13:30:00,1333.28,1335.44,1332.41,1334.38,254,68,0
2025-04-11 14:00:00,1334.26,1335.9,1331.49,1331.49,245,68,0
2025-04-11 14:30:00,1331.37,1331.56,1327.83,1329.87,241,68,0
2025-04-11 15:00:00,1329.99,1332.64,1329.38,1331.79,218,68,0
2025-04-11 15:30:00,1331.92,1335.18,1331.79,1333.61,283,68,0
2025-04-11 16:00:00,1333.74,1334.85,1331.56,1333.52,317,68,0
2025-04-11 16:30:00,1333.77,1345.18,1332.59,1343.7,592,68,0
2025-04-11 17:00:00,1343.46,1343.97,1340.15,1341.25,484,68,0
2025-04-14 10:00:00,1362.12,1365.05,1354.44,1363.32,663,68,0
2025-04-14 10:30:00,1363.08,1363.74,1358.28,1358.4,385,68,0
2025-04-14 11:00:00,1358.53,1361.33,1356.75,1361.07,358,68,0
2025-04-14 11:30:00,1361.19,1363.39,1360.94,1362.02,266,68,0
2025-04-14 12:00:00,1362.27,1366.09,1362.27,1362.69,228,68,0
2025-04-14 12:30:00,1362.81,1363.67,1360.48,1362.68,184,68,0
2025-04-14 13:00:00,1362.8,1363.77,1360.23,1360.24,195,68,0
2025-04-14 13:30:00,1360.37,1361.53,1359.93,1360.3,151,68,0
2025-04-14 14:00:00,1360.43,1361.27,1359.56,1359.9,162,68,0
2025-04-14 14:30:00,1360.03,1361.43,1359.77,1360.96,131,68,0
2025-04-14 15:00:00,1361.09,1363.17,1360.71,1362.41,161,68,0
2025-04-14 15:30:00,1362.54,1365.32,1361.92,1365.09,163,68,0
2025-04-14 16:00:00,1364.96,1364.96,1362.24,1362.24,215,68,0
2025-04-14 16:30:00,1362.0,1362.0,1356.89,1359.14,539,68,0
2025-04-14 17:00:00,1359.27,1362.86,1358.77,1360.58,312,68,0
2025-04-15 10:00:00,1368.75,1375.82,1367.75,1373.41,210,68,0
2025-04-15 10:30:00,1373.42,1377.26,1373.04,1375.46,131,68,0
2025-04-15 11:00:00,1375.46,1375.83,1370.57,1372.71,113,68,0
2025-04-15 11:30:00,1372.71,1373.22,1368.99,1372.0,171,68,0
2025-04-15 12:00:00,1371.75,1371.75,1369.93,1369.98,83,68,0
2025-04-15 12:30:00,1369.98,1370.2,1366.8,1368.47,91,68,0
2025-04-15 13:00:00,1368.47,1372.16,1368.47,1372.16,78,68,0
2025-04-15 13:30:00,1372.15,1372.15,1370.76,1370.86,62,68,0
2025-04-15 14:00:00,1370.86,1371.53,1370.59,1371.26,63,68,0
2025-04-15 14:30:00,1371.14,1371.93,1370.01,1370.04,60,68,0
2025-04-15 15:00:00,1370.04,1370.16,1367.53,1367.53,65,68,0
2025-04-15 15:30:00,1367.41,1370.63,1367.3,1370.52,83,68,0
2025-04-15 16:00:00,1370.52,1372.09,1370.52,1371.66,84,68,0
2025-04-15 16:30:00,1371.66,1375.05,1371.03,1374.44,150,68,0
2025-04-15 17:00:00,1374.19,1377.0,1372.52,1373.04,122,68,0
2025-04-16 10:00:00,1364.82,1366.06,1359.03,1359.43,169,68,0
2025-04-16 10:30:00,1359.45,1363.32,1358.33,1358.46,111,68,0
2025-04-16 11:00:00,1358.46,1365.33,1355.88,1361.59,181,68,0
2025-04-16 11:30:00,1361.6,1363.8,1358.16,1360.01,163,68,0
2025-04-16 12:00:00,1360.13,1362.95,1359.94,1362.54,94,68,0
2025-04-16 12:30:00,1362.16,1366.04,1361.24,1364.79,114,68,0
2025-04-16 13:00:00,1364.66,1366.78,1364.11,1366.78,115,68,0
2025-04-16 13:30:00,1366.78,1371.16,1366.53,1371.16,97,68,0
2025-04-22 10:00:00,1373.6,1374.1,1360.89,1363.87,300,68,0
2025-04-22 10:30:00,1363.87,1367.92,1363.66,1366.06,193,68,0
2025-04-22 11:00:00,1366.05,1368.29,1363.59,1365.17,195,68,0
2025-04-22 11:30:00,1365.16,1365.39,1363.51,1364.58,141,68,0
2025-04-22 12:00:00,1364.7,1365.57,1363.63,1365.09,161,68,0
2025-04-22 12:30:00,1365.09,1365.09,1362.8,1363.1,133,68,0
2025-04-22 13:00:00,1363.1,1363.26,1360.65,1360.65,121,68,0
2025-04-22 13:30:00,1360.65,1361.02,1357.69,1358.58,122,68,0
2025-04-22 14:00:00,1358.58,1361.6,1358.58,1361.37,86,68,0
2025-04-22 14:30:00,1361.37,1361.89,1361.36,1361.53,52,68,0
2025-04-22 15:00:00,1361.65,1363.03,1360.47,1363.03,96,68,0
2025-04-22 15:30:00,1363.03,1363.41,1360.99,1360.99,74,68,0
2025-04-22 16:00:00,1361.11,1363.98,1361.11,1363.85,98,68,0
2025-04-22 16:30:00,1363.85,1365.22,1363.47,1364.02,132,68,0
2025-04-22 17:00:00,1363.89,1366.57,1363.65,1365.96,106,68,0
2025-04-23 10:00:00,1384.74,1385.24,1377.46,1377.98,222,68,0
2025-04-23 10:30:00,1377.86,1385.32,1377.86,1385.2,247,68,0
2025-04-23 11:00:00,1385.08,1385.2,1381.89,1382.82,226,68,0
2025-04-23 11:30:00,1382.82,1387.22,1382.41,1386.29,192,68,0
2025-04-23 12:00:00,1386.28,1386.28,1382.86,1382.95,180,68,0
2025-04-23 12:30:00,1382.95,1383.6,1380.34,1381.22,106,68,0
2025-04-23 13:00:00,1381.22,1381.22,1381.22,1381.22,1,68,0
2025-04-23 13:30:00,1381.22,1381.22,1381.22,1381.22,1,68,0
2025-04-23 14:30:00,1383.89,1383.89,1381.45,1381.58,121,68,0
2025-04-23 15:00:00,1381.45,1381.57,1379.49,1380.4,153,68,0
2025-04-23 15:30:00,1380.4,1382.85,1379.89,1382.64,148,68,0
2025-04-23 16:00:00,1382.52,1383.27,1381.69,1381.69,128,68,0
2025-04-23 16:30:00,1381.45,1384.81,1375.94,1381.56,432,68,0
2025-04-23 17:00:00,1381.81,1383.69,1373.69,1376.38,302,68,0
2025-04-24 10:00:00,1379.03,1385.5,1378.03,1380.19,234,68,0
2025-04-24 10:30:00,1380.19,1380.26,1376.83,1377.08,155,68,0
2025-04-24 11:00:00,1377.08,1380.92,1376.91,1377.55,203,68,0
2025-04-24 11:30:00,1377.55,1377.89,1376.03,1377.08,121,68,0
2025-04-24 12:00:00,1377.08,1378.61,1375.55,1377.24,91,68,0
2025-04-24 12:30:00,1377.24,1380.29,1377.13,1378.61,95,68,0
2025-04-24 13:00:00,1378.61,1379.7,1378.61,1379.34,83,68,0
2025-04-24 13:30:00,1379.47,1381.84,1379.47,1381.45,75,68,0
2025-04-24 14:00:00,1381.45,1381.69,1380.32,1380.59,57,68,0
2025-04-24 14:30:00,1380.58,1381.29,1379.42,1380.08,88,68,0
2025-04-24 15:00:00,1380.08,1380.08,1378.41,1379.8,92,68,0
2025-04-24 15:30:00,1379.79,1382.67,1379.62,1381.03,117,68,0
2025-04-24 16:00:00,1381.03,1381.38,1379.06,1379.17,91,68,0
2025-04-24 16:30:00,1379.04,1379.04,1376.24,1378.65,181,68,0
2025-04-24 17:00:00,1378.53,1380.44,1377.11,1380.32,131,68,0
2025-04-25 10:00:00,1389.87,1392.86,1380.3,1384.98,371,68,0
2025-04-25 10:30:00,1384.85,1390.28,1384.85,1390.05,351,68,0
2025-04-25 11:00:00,1390.05,1392.9,1390.05,1392.55,204,68,0
2025-04-25 11:30:00,1392.67,1393.82,1391.98,1393.68,177,68,0
2025-04-25 12:00:00,1393.68,1394.95,1393.3,1393.99,179,68,0
2025-04-25 12:30:00,1393.87,1393.87,1390.89,1392.07,188,68,0
2025-04-25 13:00:00,1391.95,1392.47,1388.56,1389.84,175,68,0
2025-04-25 13:30:00,1389.84,1390.21,1385.4,1386.43,181,68,0
2025-04-25 14:00:00,1386.43,1388.05,1386.0,1386.79,218,68,0
2025-04-25 14:30:00,1386.79,1388.66,1385.98,1387.94,167,68,0
2025-04-25 15:00:00,1387.94,1388.69,1384.62,1385.94,246,68,0
2025-04-25 15:30:00,1385.81,1387.2,1385.41,1385.41,194,68,0
2025-04-25 16:00:00,1385.66,1387.57,1380.8,1380.8,304,68,0
2025-04-25 16:30:00,1381.05,1383.72,1379.07,1381.62,484,68,0
2025-04-25 17:00:00,1381.62,1384.97,1381.62,1381.9,299,68,0
2025-04-28 10:00:00,1385.2,1391.36,1385.2,1391.19,194,68,0
2025-04-28 10:30:00,1391.19,1391.19,1387.66,1387.94,141,68,0
2025-04-28 11:00:00,1387.94,1391.19,1387.69,1391.19,133,68,0
2025-04-28 11:30:00,1391.19,1392.7,1390.08,1390.4,107,68,0
2025-04-28 12:00:00,1390.4,1390.56,1389.21,1389.72,89,68,0
2025-04-28 12:30:00,1389.73,1390.54,1389.51,1389.56,84,68,0
2025-04-28 13:00:00,1389.44,1390.56,1388.95,1389.07,86,68,0
2025-04-28 13:30:00,1389.07,1390.03,1388.46,1388.59,85,68,0
2025-04-28 14:00:00,1388.59,1390.95,1388.47,1390.81,90,68,0
2025-04-28 14:30:00,1390.81,1392.14,1390.5,1392.02,80,68,0
2025-04-28 15:00:00,1392.02,1392.52,1390.8,1392.02,89,68,0
2025-04-28 15:30:00,1392.02,1393.61,1392.02,1393.47,82,68,0
2025-04-28 16:00:00,1393.47,1393.6,1392.28,1392.28,78,68,0
2025-04-28 16:30:00,1392.28,1393.65,1390.4,1390.52,188,68,0
2025-04-28 17:00:00,1390.52,1392.52,1390.52,1392.4,101,68,0
2025-04-29 10:00:00,1386.3,1389.43,1383.55,1388.31,191,68,0
2025-04-29 10:30:00,1388.31,1391.11,1388.31,1389.19,141,68,0
2025-04-29 11:00:00,1389.19,1389.19,1386.95,1388.64,111,68,0
2025-04-29 11:30:00,1388.64,1389.5,1385.37,1385.38,103,68,0
2025-04-29 12:00:00,1385.38,1388.38,1384.5,1388.38,111,68,0
2025-04-29 12:30:00,1388.5,1391.83,1388.5,1391.81,77,68,0
2025-04-29 13:00:00,1391.81,1392.85,1390.16,1392.82,80,68,0
2025-04-29 13:30:00,1392.83,1392.83,1388.45,1389.98,82,68,0
2025-04-29 14:00:00,1389.97,1391.24,1389.97,1391.21,73,68,0
2025-04-29 14:30:00,1391.09,1394.37,1391.06,1393.46,84,68,0
2025-04-29 15:00:00,1393.45,1393.45,1391.42,1391.56,76,68,0
2025-04-29 15:30:00,1391.44,1392.4,1391.24,1391.24,100,68,0
2025-04-29 16:00:00,1391.36,1391.91,1389.97,1391.91,94,68,0
2025-04-29 16:30:00,1391.91,1393.37,1390.84,1391.95,155,68,0
2025-04-29 17:00:00,1391.7,1394.26,1391.32,1393.76,118,68,0
2025-04-30 10:00:00,1396.99,1407.33,1396.62,1406.75,246,68,0
2025-04-30 10:30:00,1406.75,1406.76,1400.98,1404.63,153,68,0
2025-04-30 11:00:00,1404.76,1405.61,1401.9,1404.14,148,68,0
2025-04-30 11:30:00,1404.27,1405.75,1403.27,1403.27,92,68,0
2025-04-30 12:00:00,1403.27,1404.79,1400.7,1403.67,134,68,0
2025-04-30 12:30:00,1403.54,1407.19,1403.45,1407.18,99,68,0
2025-04-30 13:00:00,1407.18,1409.51,1407.18,1409.5,83,68,0
2025-04-30 13:30:00,1409.75,1409.75,1404.6,1404.6,118,68,0
2025-04-30 14:00:00,1404.6,1405.64,1403.38,1404.8,113,68,0
2025-04-30 14:30:00,1404.8,1405.61,1404.18,1405.38,81,68,0
2025-04-30 15:00:00,1405.88,1405.88,1403.48,1405.31,98,68,0
2025-04-30 15:30:00,1405.56,1405.56,1399.75,1400.21,181,68,0
2025-04-30 16:00:00,1400.18,1401.61,1400.05,1401.61,221,68,0
2025-04-30 16:30:00,1401.86,1404.08,1397.35,1397.99,376,68,0
2025-04-30 17:00:00,1398.11,1404.01,1398.11,1403.76,174,68,0
2025-05-02 10:00:00,1421.95,1421.95,1411.72,1415.27,321,68,0
2025-05-02 10:30:00,1415.27,1417.02,1414.81,1414.81,192,68,0
2025-05-02 11:00:00,1414.81,1416.12,1412.93,1414.5,189,68,0
2025-05-02 11:30:00,1414.5,1414.5,1413.44,1413.44,116,68,0
2025-05-02 12:00:00,1413.44,1414.0,1412.52,1413.22,119,68,0
2025-05-02 12:30:00,1413.22,1413.38,1412.24,1413.11,120,68,0
2025-05-02 13:00:00,1413.11,1416.29,1413.11,1415.56,143,68,0
2025-05-02 13:30:00,1415.56,1416.74,1414.17,1415.81,117,68,0
2025-05-02 14:00:00,1415.69,1417.79,1415.67,1417.78,108,68,0
2025-05-02 14:30:00,1417.78,1418.04,1416.38,1417.43,125,68,0
2025-05-02 15:00:00,1417.42,1417.42,1416.11,1417.16,92,68,0
2025-05-02 15:30:00,1417.15,1426.44,1417.15,1426.22,179,68,0
2025-05-02 16:00:00,1426.22,1426.74,1425.66,1426.7,114,68,0
2025-05-02 16:30:00,1426.7,1427.07,1417.54,1419.38,204,68,0
2025-05-02 17:00:00,1419.38,1424.35,1418.86,1424.35,141,68,0
2025-05-05 10:00:00,1422.05,1425.83,1420.58,1424.42,220,68,0
2025-05-05 10:30:00,1424.42,1427.03,1424.0,1426.11,124,68,0
2025-05-05 11:00:00,1425.86,1431.84,1425.12,1430.47,113,68,0
2025-05-05 11:30:00,1430.47,1431.32,1427.3,1427.3,102,68,0
2025-05-05 12:00:00,1427.17,1428.08,1427.15,1427.48,67,68,0
2025-05-05 12:30:00,1427.48,1429.93,1427.47,1429.93,77,68,0
2025-05-05 13:00:00,1430.06,1432.08,1430.06,1431.68,63,68,0
2025-05-05 13:30:00,1431.68,1431.93,1431.19,1431.51,67,68,0
2025-05-05 14:00:00,1431.51,1431.51,1430.4,1430.44,55,68,0
2025-05-05 14:30:00,1430.44,1430.49,1429.04,1429.04,62,68,0
2025-05-05 15:00:00,1429.04,1429.16,1428.14,1428.9,86,68,0
2025-05-05 15:30:00,1428.91,1431.89,1428.75,1431.87,89,68,0
2025-05-05 16:00:00,1431.87,1433.05,1431.87,1432.48,80,68,0
2025-05-05 16:30:00,1432.48,1432.68,1430.58,1431.8,115,68,0
2025-05-05 17:00:00,1431.81,1434.76,1431.81,1433.06,112,68,0
2025-05-06 10:00:00,1434.89,1437.54,1429.12,1430.81,253,68,0
2025-05-06 10:30:00,1430.81,1431.81,1427.19,1428.58,180,68,0
2025-05-06 11:00:00,1428.58,1429.62,1426.57,1428.49,179,68,0
2025-05-06 11:30:00,1428.49,1431.8,1425.74,1430.47,155,68,0
2025-05-06 12:00:00,1430.47,1430.47,1423.77,1423.79,132,68,0
2025-05-06 12:30:00,1423.79,1427.36,1423.79,1427.13,115,68,0
2025-05-06 13:00:00,1427.13,1427.32,1425.34,1426.15,93,68,0
2025-05-06 13:30:00,1426.15,1428.91,1426.14,1426.97,117,68,0
2025-05-06 14:00:00,1426.97,1427.49,1425.08,1426.59,111,68,0
2025-05-06 14:30:00,1426.72,1426.75,1425.26,1425.77,96,68,0
2025-05-06 15:00:00,1425.77,1427.34,1425.75,1426.14,106,68,0
2025-05-06 15:30:00,1426.02,1426.51,1424.92,1426.01,79,68,0
2025-05-06 16:00:00,1426.01,1429.74,1426.01,1428.81,104,68,0
2025-05-06 16:30:00,1428.81,1429.8,1422.73,1423.97,191,68,0
2025-05-06 17:00:00,1423.97,1430.41,1423.97,1429.63,110,68,0
2025-05-07 10:00:00,1425.62,1430.63,1424.5,1430.52,186,68,0
2025-05-07 10:30:00,1430.52,1432.74,1429.66,1429.96,160,68,0
2025-05-07 11:00:00,1429.96,1430.23,1427.24,1427.25,121,68,0
2025-05-07 11:30:00,1427.38,1429.2,1426.87,1428.57,108,68,0
2025-05-07 12:00:00,1428.57,1428.57,1422.86,1422.99,102,68,0
2025-05-07 12:30:00,1422.99,1423.94,1422.35,1423.88,92,68,0
2025-05-07 13:00:00,1423.88,1425.63,1423.46,1424.73,95,68,0
2025-05-07 13:30:00,1424.73,1427.05,1424.73,1426.02,78,68,0
2025-05-07 14:00:00,1426.14,1426.4,1425.34,1425.54,69,68,0
2025-05-07 14:30:00,1425.54,1429.93,1425.54,1429.93,94,68,0
2025-05-07 15:00:00,1429.92,1430.17,1427.6,1427.69,84,68,0
2025-05-07 15:30:00,1427.69,1428.04,1426.06,1426.21,96,68,0
2025-05-07 16:00:00,1426.21,1427.74,1425.31,1425.31,91,68,0
2025-05-07 16:30:00,1425.31,1428.69,1422.47,1428.69,172,68,0
2025-05-07 17:00:00,1428.69,1430.95,1428.56,1429.9,88,68,0
2025-05-08 10:00:00,1436.04,1439.25,1433.67,1435.75,356,68,0
2025-05-08 10:30:00,1435.75,1436.44,1431.18,1431.31,187,68,0
2025-05-08 11:00:00,1431.31,1433.71,1431.18,1432.56,140,68,0
2025-05-08 11:30:00,1432.44,1434.21,1431.21,1432.26,107,68,0
2025-05-08 12:00:00,1432.38,1434.27,1432.38,1432.54,89,68,0
2025-05-08 12:30:00,1432.63,1436.36,1431.12,1436.21,242,68,0
2025-05-08 13:00:00,1436.46,1438.51,1436.07,1436.63,196,68,0
2025-05-08 13:30:00,1436.5,1437.46,1435.69,1436.22,165,68,0
2025-05-08 14:00:00,1436.46,1436.7,1434.36,1434.87,155,68,0
2025-05-08 14:30:00,1434.75,1434.87,1432.45,1433.64,206,68,0
2025-05-08 15:00:00,1433.89,1435.1,1433.27,1434.28,149,68,0
2025-05-08 15:30:00,1434.53,1434.61,1432.16,1433.1,203,68,0
2025-05-08 16:00:00,1432.97,1435.51,1432.72,1434.37,264,68,0
2025-05-08 16:30:00,1434.25,1435.52,1432.01,1434.7,452,68,0
2025-05-08 17:00:00,1434.82,1435.9,1433.42,1435.02,322,68,0
2025-05-09 10:00:00,1432.95,1435.76,1428.2,1429.98,679,68,0
2025-05-09 10:30:00,1430.11,1432.6,1428.73,1432.23,467,68,0
2025-05-09 11:00:00,1432.1,1432.1,1425.71,1427.36,354,68,0
2025-05-09 11:30:00,1427.23,1428.54,1424.57,1427.2,247,68,0
2025-05-09 12:00:00,1427.07,1427.45,1424.7,1424.95,226,68,0
2025-05-09 12:30:00,1424.83,1425.92,1423.96,1425.41,219,68,0
2025-05-09 13:00:00,1425.53,1427.08,1425.39,1426.46,191,68,0
2025-05-09 13:30:00,1426.45,1428.67,1426.32,1428.42,174,68,0
2025-05-09 14:00:00,1428.3,1430.07,1425.08,1426.54,289,68,0
2025-05-09 14:30:00,1426.41,1428.41,1425.59,1428.41,183,68,0
2025-05-09 15:00:00,1428.53,1430.86,1427.66,1429.08,228,68,0
2025-05-09 15:30:00,1429.2,1430.5,1427.46,1427.46,204,68,0
2025-05-09 16:00:00,1427.34,1427.34,1425.5,1426.64,223,68,0
2025-05-09 16:30:00,1426.89,1430.35,1426.78,1430.23,373,68,0
2025-05-09 17:00:00,1430.11,1430.11,1423.19,1423.56,352,68,0
2025-05-12 10:00:00,1437.0,1441.92,1435.01,1440.21,624,68,0
2025-05-12 10:30:00,1440.33,1441.56,1426.83,1428.79,642,68,0
2025-05-12 11:00:00,1428.91,1432.11,1426.43,1432.11,494,68,0
2025-05-12 11:30:00,1432.24,1434.74,1431.92,1433.16,357,68,0
2025-05-12 12:00:00,1433.28,1437.22,1432.04,1436.86,302,68,0
2025-05-12 12:30:00,1436.99,1439.68,1436.86,1438.62,219,68,0
2025-05-12 13:00:00,1438.74,1438.74,1434.81,1435.28,204,68,0
2025-05-12 13:30:00,1435.15,1436.67,1434.12,1436.3,213,68,0
2025-05-12 14:00:00,1436.17,1436.78,1433.78,1434.14,200,68,0
2025-05-12 14:30:00,1434.01,1435.12,1433.04,1433.17,185,68,0
2025-05-12 15:00:00,1433.18,1435.77,1431.83,1435.77,183,68,0
2025-05-12 15:30:00,1435.64,1436.1,1432.67,1434.41,219,68,0
2025-05-12 16:00:00,1434.54,1435.67,1432.32,1433.38,256,68,0
2025-05-12 16:30:00,1433.25,1433.48,1429.88,1430.78,495,68,0
2025-05-12 17:00:00,1430.9,1434.97,1429.89,1433.6,314,68,0
2025-05-13 10:00:00,1437.05,1441.03,1432.83,1433.08,346,68,0
2025-05-13 10:30:00,1432.96,1433.78,1431.57,1432.35,296,68,0
2025-05-13 11:00:00,1432.48,1436.24,1432.48,1435.64,248,68,0
2025-05-13 11:30:00,1435.76,1437.72,1434.15,1437.11,197,68,0
2025-05-13 12:00:00,1437.1,1437.73,1436.0,1436.15,162,68,0
2025-05-13 12:30:00,1435.9,1436.15,1435.07,1435.79,132,68,0
2025-05-13 13:00:00,1435.67,1435.8,1435.11,1435.56,122,68,0
2025-05-13 13:30:00,1435.43,1436.7,1435.43,1436.6,88,68,0
2025-05-13 14:00:00,1436.73,1439.5,1436.61,1438.98,156,68,0
2025-05-13 14:30:00,1438.99,1440.2,1438.49,1439.45,123,68,0
2025-05-13 15:00:00,1439.32,1440.77,1438.47,1440.64,182,68,0
2025-05-13 15:30:00,1440.52,1442.91,1440.39,1441.76,187,68,0
2025-05-13 16:00:00,1441.63,1441.98,1439.05,1439.18,213,68,0
2025-05-13 16:30:00,1438.93,1443.15,1438.43,1441.8,394,68,0
2025-05-13 17:00:00,1441.92,1443.28,1441.29,1441.67,233,68,0
2025-05-14 10:00:00,1449.68,1450.8,1447.44,1449.56,540,68,0
2025-05-14 10:30:00,1449.44,1450.99,1449.36,1450.07,238,68,0
2025-05-14 11:00:00,1450.32,1453.01,1450.13,1451.99,270,68,0
2025-05-14 11:30:00,1451.87,1452.87,1448.88,1448.89,237,68,0
2025-05-14 12:00:00,1449.01,1449.97,1447.68,1449.06,205,68,0
2025-05-14 12:30:00,1449.07,1449.56,1448.49,1449.08,115,68,0
2025-05-14 13:00:00,1449.09,1449.88,1448.86,1449.13,102,68,0
2025-05-14 13:30:00,1449.26,1449.54,1448.99,1449.39,68,68,0
2025-05-14 14:00:00,1449.51,1450.89,1449.51,1450.14,103,68,0
2025-05-14 14:30:00,1450.13,1450.27,1447.86,1448.77,136,68,0
2025-05-14 15:00:00,1448.64,1449.92,1444.07,1444.94,259,68,0
2025-05-14 15:30:00,1444.93,1449.3,1444.93,1447.44,183,68,0
2025-05-14 16:00:00,1447.69,1447.93,1444.44,1445.69,258,68,0
2025-05-14 16:30:00,1445.57,1446.93,1444.25,1445.83,418,68,0
2025-05-14 17:00:00,1445.96,1448.06,1445.33,1447.71,235,68,0
2025-05-15 10:00:00,1440.56,1449.81,1440.06,1448.55,276,68,0
2025-05-15 10:30:00,1448.56,1450.22,1447.33,1447.64,194,68,0
2025-05-15 11:00:00,1447.64,1452.32,1447.26,1451.39,140,68,0
2025-05-15 11:30:00,1451.26,1451.42,1449.11,1449.32,113,68,0
2025-05-15 12:00:00,1449.32,1451.91,1449.17,1451.91,93,68,0
2025-05-15 12:30:00,1451.91,1452.61,1451.06,1452.5,96,68,0
2025-05-15 13:00:00,1452.37,1455.26,1452.05,1455.21,112,68,0
2025-05-15 13:30:00,1455.21,1456.46,1455.05,1455.15,92,68,0
2025-05-15 14:00:00,1455.15,1456.0,1455.15,1455.89,66,68,0
2025-05-15 14:30:00,1456.01,1458.78,1456.01,1457.97,102,68,0
2025-05-15 15:00:00,1457.97,1459.13,1457.26,1459.13,88,68,0
2025-05-15 15:30:00,1459.01,1460.6,1457.13,1457.98,104,68,0
2025-05-15 16:00:00,1457.98,1459.58,1457.07,1459.33,126,68,0
2025-05-15 16:30:00,1459.21,1461.73,1456.11,1461.5,211,68,0
2025-05-15 17:00:00,1461.5,1462.26,1461.04,1461.53,105,68,0
2025-05-16 10:00:00,1471.59,1476.66,1470.96,1474.82,182,68,0
2025-05-16 10:30:00,1474.82,1477.64,1474.67,1477.52,145,68,0
2025-05-16 11:00:00,1477.4,1478.78,1475.46,1478.42,154,68,0
2025-05-16 11:30:00,1478.42,1479.34,1478.05,1478.8,137,68,0
2025-05-16 12:00:00,1478.8,1480.73,1478.64,1479.37,130,68,0
2025-05-16 12:30:00,1479.5,1481.33,1479.23,1480.83,144,68,0
2025-05-16 13:00:00,1480.82,1481.85,1480.82,1481.85,115,68,0
2025-05-16 13:30:00,1481.85,1482.45,1480.7,1480.91,67,68,0
2025-05-16 14:00:00,1480.78,1482.11,1480.65,1482.11,112,68,0
2025-05-16 14:30:00,1482.23,1483.31,1482.11,1482.18,99,68,0
2025-05-16 15:00:00,1482.17,1482.3,1478.19,1479.56,118,68,0
2025-05-16 15:30:00,1480.17,1482.85,1480.01,1480.77,148,68,0
2025-05-16 16:00:00,1480.77,1482.02,1480.64,1481.7,142,68,0
2025-05-16 16:30:00,1481.7,1482.61,1480.04,1480.4,201,68,0
2025-05-16 17:00:00,1480.4,1480.93,1478.56,1479.34,174,68,0
2025-05-19 10:00:00,1475.13,1475.13,1466.75,1467.58,280,68,0
2025-05-19 10:30:00,1467.58,1467.82,1464.97,1465.61,110,68,0
2025-05-19 11:00:00,1465.74,1467.64,1464.88,1466.73,114,68,0
2025-05-19 11:30:00,1466.73,1467.16,1464.78,1467.16,83,68,0
2025-05-19 12:00:00,1467.16,1469.52,1466.66,1468.88,97,68,0
2025-05-19 12:30:00,1468.88,1470.21,1468.86,1470.04,72,68,0
2025-05-19 13:00:00,1470.04,1470.16,1467.48,1468.36,112,68,0
2025-05-19 13:30:00,1468.49,1469.08,1468.0,1468.08,90,68,0
2025-05-19 14:00:00,1468.08,1468.57,1467.69,1468.06,93,68,0
2025-05-19 14:30:00,1468.07,1468.73,1467.93,1468.06,100,68,0
2025-05-19 15:00:00,1468.06,1469.7,1468.06,1469.41,94,68,0
2025-05-19 15:30:00,1469.39,1471.45,1469.07,1470.2,110,68,0
2025-05-19 16:00:00,1470.2,1472.02,1469.13,1470.85,165,68,0
2025-05-19 16:30:00,1470.85,1472.08,1469.21,1471.59,282,68,0
2025-05-19 17:00:00,1471.59,1473.11,1471.32,1473.11,116,68,0
2025-05-20 10:00:00,1477.69,1479.61,1471.04,1471.18,231,68,0
2025-05-20 10:30:00,1471.18,1472.97,1469.31,1472.85,148,68,0
2025-05-20 11:00:00,1472.86,1479.01,1472.86,1477.32,214,68,0
2025-05-20 11:30:00,1477.32,1477.77,1475.06,1477.76,134,68,0
2025-05-20 12:00:00,1477.76,1477.76,1476.58,1477.26,93,68,0
2025-05-20 12:30:00,1477.26,1478.6,1477.18,1477.18,91,68,0
2025-05-20 13:00:00,1477.3,1479.33,1476.8,1479.21,96,68,0
2025-05-20 13:30:00,1479.21,1479.71,1475.56,1476.68,139,68,0
2025-05-20 14:00:00,1476.68,1477.64,1476.08,1476.88,131,68,0
2025-05-20 14:30:00,1476.88,1478.56,1476.88,1478.55,84,68,0
2025-05-20 15:00:00,1478.35,1478.88,1477.53,1478.3,88,68,0
2025-05-20 15:30:00,1478.3,1478.72,1477.52,1477.55,95,68,0
2025-05-20 16:00:00,1477.67,1480.93,1477.67,1480.73,87,68,0
2025-05-20 16:30:00,1480.73,1481.63,1477.87,1479.2,184,68,0
2025-05-20 17:00:00,1479.2,1479.97,1477.21,1478.86,116,68,0
2025-05-21 10:00:00,1481.5,1485.11,1481.25,1481.69,207,68,0
2025-05-21 10:30:00,1481.69,1482.96,1479.32,1482.84,122,68,0
2025-05-21 11:00:00,1482.97,1484.02,1481.33,1483.08,109,68,0
2025-05-21 11:30:00,1483.08,1483.46,1480.75,1481.12,88,68,0
2025-05-21 12:00:00,1480.99,1482.28,1480.99,1481.79,83,68,0
2025-05-21 12:30:00,1481.67,1481.67,1479.21,1480.1,90,68,0
2025-05-21 13:00:00,1480.11,1481.1,1479.78,1479.91,83,68,0
2025-05-21 13:30:00,1479.79,1480.91,1479.4,1480.91,81,68,0
2025-05-21 14:00:00,1480.91,1482.27,1480.5,1482.21,81,68,0
2025-05-21 14:30:00,1482.21,1483.5,1481.72,1483.13,76,68,0
2025-05-21 15:00:00,1483.13,1484.94,1483.13,1484.1,79,68,0
2025-05-21 15:30:00,1484.1,1484.13,1482.79,1482.79,81,68,0
2025-05-21 16:00:00,1482.78,1484.03,1481.9,1483.54,101,68,0
2025-05-21 16:30:00,1483.54,1485.38,1481.65,1485.02,182,68,0
2025-05-21 17:00:00,1485.02,1487.27,1484.71,1487.03,148,68,0
2025-05-22 10:00:00,1472.34,1473.89,1468.85,1471.91,200,68,0
2025-05-22 10:30:00,1471.91,1472.67,1470.43,1472.18,181,68,0
2025-05-22 11:00:00,1472.18,1473.42,1470.55,1473.12,189,68,0
2025-05-22 11:30:00,1473.25,1474.18,1471.54,1472.22,152,68,0
2025-05-22 12:00:00,1472.1,1473.15,1471.58,1473.15,127,68,0
2025-05-22 12:30:00,1473.03,1474.37,1473.03,1474.37,127,68,0
2025-05-22 13:00:00,1474.24,1474.36,1472.61,1472.96,103,68,0
2025-05-22 13:30:00,1472.95,1472.95,1472.01,1472.19,116,68,0
2025-05-22 14:00:00,1472.19,1472.66,1472.06,1472.64,88,68,0
2025-05-22 14:30:00,1472.64,1472.75,1470.72,1470.72,121,68,0
2025-05-22 15:00:00,1470.72,1470.98,1469.12,1469.12,96,68,0
2025-05-22 15:30:00,1468.99,1469.38,1468.09,1468.34,138,68,0
2025-05-22 16:00:00,1468.47,1468.92,1468.21,1468.29,137,68,0
2025-05-22 16:30:00,1468.16,1468.16,1461.32,1462.08,301,68,0
2025-05-22 17:00:00,1462.21,1466.14,1461.18,1465.65,185,68,0
2025-05-23 10:00:00,1475.03,1478.19,1474.91,1476.24,198,68,0
2025-05-23 10:30:00,1476.37,1480.05,1476.12,1479.56,173,68,0
2025-05-23 11:00:00,1479.56,1480.77,1477.39,1478.9,165,68,0
2025-05-23 11:30:00,1478.9,1478.91,1475.99,1476.26,127,68,0
2025-05-23 12:00:00,1476.26,1476.4,1474.35,1474.49,127,68,0
2025-05-23 12:30:00,1474.62,1476.56,1474.5,1476.02,144,68,0
2025-05-23 13:00:00,1476.02,1476.29,1473.45,1473.89,113,68,0
2025-05-23 13:30:00,1473.89,1477.7,1473.53,1477.7,116,68,0
2025-05-23 14:00:00,1477.57,1480.74,1477.45,1479.15,129,68,0
2025-05-23 14:30:00,1479.14,1479.5,1459.43,1459.43,575,68,0
2025-05-23 15:00:00,1459.43,1461.93,1450.06,1461.93,627,68,0
2025-05-23 15:30:00,1461.92,1464.65,1459.52,1461.88,233,68,0
2025-05-23 16:00:00,1461.88,1464.77,1457.86,1464.64,198,68,0
2025-05-23 16:30:00,1464.64,1469.51,1464.27,1468.26,192,68,0
2025-05-23 17:00:00,1468.26,1471.75,1466.07,1467.07,165,68,0
2025-05-26 10:00:00,1483.3,1486.37,1482.31,1482.83,170,68,0
2025-05-26 10:30:00,1482.83,1486.84,1482.83,1486.34,103,68,0
2025-05-26 11:00:00,1486.34,1487.06,1484.92,1485.66,110,68,0
2025-05-26 11:30:00,1485.66,1487.03,1485.28,1486.27,97,68,0
2025-05-26 12:00:00,1486.27,1486.46,1485.62,1485.85,97,68,0
2025-05-26 12:30:00,1485.85,1486.35,1483.98,1486.23,95,68,0
2025-05-26 13:00:00,1486.22,1486.22,1485.5,1485.5,73,68,0
2025-05-26 13:30:00,1485.49,1485.5,1483.45,1483.76,108,68,0
2025-05-26 14:00:00,1483.63,1484.07,1483.4,1483.87,62,68,0
2025-05-26 14:30:00,1483.86,1483.9,1482.87,1483.9,69,68,0
2025-05-26 15:00:00,1483.9,1484.05,1483.4,1483.53,65,68,0
2025-05-26 15:30:00,1483.52,1484.45,1482.29,1484.45,78,68,0
2025-05-26 16:00:00,1484.45,1486.02,1484.45,1485.65,67,68,0
2025-05-26 16:30:00,1485.53,1487.58,1485.53,1485.71,120,68,0
2025-05-26 17:00:00,1485.71,1486.78,1485.0,1486.39,87,68,0
2025-05-27 10:00:00,1485.17,1488.28,1484.78,1485.48,200,68,0
2025-05-27 10:30:00,1485.48,1491.71,1485.47,1489.62,126,68,0
2025-05-27 11:00:00,1489.62,1495.39,1489.6,1495.39,119,68,0
2025-05-27 11:30:00,1495.52,1495.77,1492.22,1493.79,99,68,0
2025-05-27 12:00:00,1493.8,1496.56,1493.44,1494.92,99,68,0
2025-05-27 12:30:00,1494.92,1496.45,1494.88,1496.18,86,68,0
2025-05-27 13:00:00,1496.17,1497.36,1495.67,1497.36,77,68,0
2025-05-27 13:30:00,1497.36,1498.7,1497.24,1497.62,82,68,0
2025-05-27 14:00:00,1497.62,1497.62,1496.3,1496.4,63,68,0
2025-05-27 14:30:00,1496.4,1497.61,1495.0,1497.49,92,68,0
2025-05-27 15:00:00,1497.49,1497.5,1495.61,1495.61,78,68,0
2025-05-27 15:30:00,1495.61,1496.89,1494.73,1496.65,116,68,0
2025-05-27 16:00:00,1496.77,1499.71,1495.64,1498.96,141,68,0
2025-05-27 16:30:00,1498.83,1498.96,1494.46,1494.96,194,68,0
2025-05-27 17:00:00,1495.21,1497.07,1493.01,1497.07,152,68,0
2025-05-28 10:00:00,1501.83,1505.44,1497.67,1497.8,199,68,0
2025-05-28 10:30:00,1497.8,1500.26,1497.8,1498.71,144,68,0
2025-05-28 11:00:00,1498.83,1498.97,1495.93,1496.3,131,68,0
2025-05-28 11:30:00,1496.3,1496.9,1493.28,1493.28,96,68,0
2025-05-28 12:00:00,1493.28,1493.28,1490.65,1490.65,115,68,0
2025-05-28 12:30:00,1490.77,1492.64,1490.64,1491.77,95,68,0
2025-05-28 13:00:00,1491.77,1492.4,1490.43,1491.7,81,68,0
2025-05-28 13:30:00,1491.71,1492.34,1488.97,1491.84,115,68,0
2025-05-28 14:00:00,1491.84,1491.96,1490.98,1490.99,59,68,0
2025-05-28 14:30:00,1490.99,1490.99,1489.27,1489.41,80,68,0
2025-05-28 15:00:00,1489.41,1491.58,1489.29,1491.22,75,68,0
2025-05-28 15:30:00,1491.22,1491.22,1488.38,1489.27,78,68,0
2025-05-28 16:00:00,1489.15,1492.82,1489.04,1492.82,90,68,0
2025-05-28 16:30:00,1492.82,1493.07,1487.05,1488.95,160,68,0
2025-05-28 17:00:00,1488.95,1489.9,1488.16,1489.25,97,68,0
2025-05-30 10:00:00,1485.83,1492.51,1485.08,1491.29,161,68,0
2025-05-30 10:30:00,1491.29,1494.84,1491.29,1494.84,143,68,0
2025-05-30 11:00:00,1494.84,1495.95,1494.11,1494.24,127,68,0
2025-05-30 11:30:00,1494.24,1494.24,1491.79,1492.42,114,68,0
2025-05-30 12:00:00,1492.42,1493.44,1491.47,1491.47,91,68,0
2025-05-30 12:30:00,1491.47,1491.91,1490.41,1491.55,89,68,0
2025-05-30 13:00:00,1491.56,1492.06,1490.82,1491.82,75,68,0
2025-05-30 13:30:00,1491.82,1492.32,1491.42,1491.67,69,68,0
2025-05-30 14:00:00,1491.79,1493.06,1491.66,1492.54,66,68,0
2025-05-30 14:30:00,1492.54,1492.54,1489.22,1490.48,105,68,0
2025-05-30 15:00:00,1490.48,1490.98,1484.64,1487.72,211,68,0
2025-05-30 15:30:00,1487.84,1490.04,1487.71,1489.78,104,68,0
2025-05-30 16:00:00,1489.77,1492.5,1489.14,1491.52,114,68,0
2025-05-30 16:30:00,1491.52,1492.02,1488.79,1489.9,204,68,0
2025-05-30 17:00:00,1490.02,1490.27,1487.65,1487.78,125,68,0
2025-06-02 10:00:00,1487.23,1490.1,1480.12,1480.74,533,68,0
2025-06-02 10:30:00,1480.73,1485.11,1480.24,1483.58,179,68,0
2025-06-02 11:00:00,1483.58,1488.57,1483.58,1486.21,163,68,0
2025-06-02 11:30:00,1486.21,1489.13,1485.96,1488.78,112,68,0
2025-06-02 12:00:00,1488.79,1488.79,1486.74,1488.15,103,68,0
2025-06-02 12:30:00,1488.15,1489.08,1486.31,1489.07,88,68,0
2025-06-02 13:00:00,1489.07,1490.36,1487.88,1487.88,87,68,0
2025-06-02 13:30:00,1487.88,1491.79,1487.88,1491.78,92,68,0
2025-06-02 14:00:00,1491.78,1494.59,1491.12,1494.36,99,68,0
2025-06-02 14:30:00,1494.36,1496.15,1494.26,1495.64,82,68,0
2025-06-02 15:00:00,1495.64,1497.14,1494.79,1495.69,93,68,0
2025-06-02 15:30:00,1495.68,1496.12,1494.89,1495.52,90,68,0
2025-06-02 16:00:00,1495.52,1497.52,1494.37,1494.37,118,68,0
2025-06-02 16:30:00,1494.37,1494.81,1486.84,1491.22,299,68,0
2025-06-02 17:00:00,1490.97,1493.1,1488.58,1491.43,137,68,0
2025-06-03 10:00:00,1495.43,1499.04,1493.02,1493.05,183,68,0
2025-06-03 10:30:00,1493.06,1498.51,1493.06,1494.34,176,68,0
2025-06-03 11:00:00,1494.34,1494.88,1491.14,1491.15,139,68,0
2025-06-03 11:30:00,1491.15,1492.07,1490.02,1491.96,127,68,0
2025-06-03 12:00:00,1491.96,1495.16,1491.68,1493.34,110,68,0
2025-06-03 12:30:00,1493.35,1494.29,1492.73,1492.82,89,68,0
2025-06-03 13:00:00,1492.82,1493.09,1491.6,1491.98,62,68,0
2025-06-03 13:30:00,1491.98,1493.61,1491.98,1493.22,73,68,0
2025-06-03 14:00:00,1493.22,1493.34,1492.74,1492.98,60,68,0
2025-06-03 14:30:00,1492.97,1493.51,1492.85,1493.47,61,68,0
2025-06-03 15:00:00,1493.47,1493.47,1490.34,1490.99,89,68,0
2025-06-03 15:30:00,1490.99,1492.36,1490.99,1491.57,81,68,0
2025-06-03 16:00:00,1491.69,1492.92,1489.89,1490.46,105,68,0
2025-06-03 16:30:00,1490.46,1491.5,1486.96,1490.06,173,68,0
2025-06-03 17:00:00,1490.06,1492.77,1490.06,1492.05,102,68,0
2025-06-04 10:00:00,1491.81,1496.31,1489.32,1496.31,204,68,0
2025-06-04 10:30:00,1496.31,1498.28,1496.31,1497.64,140,68,0
2025-06-04 11:00:00,1497.64,1501.7,1497.64,1501.57,130,68,0
2025-06-04 11:30:00,1501.57,1501.58,1498.95,1499.09,111,68,0
2025-06-04 12:00:00,1499.34,1502.12,1499.34,1501.25,103,68,0
2025-06-04 12:30:00,1501.25,1501.33,1497.96,1498.44,80,68,0
2025-06-04 13:00:00,1498.44,1498.44,1494.73,1496.38,97,68,0
2025-06-04 13:30:00,1496.39,1497.77,1496.13,1497.77,67,68,0
2025-06-04 14:00:00,1497.77,1498.83,1497.2,1498.83,70,68,0
2025-06-04 14:30:00,1498.83,1499.73,1497.81,1497.93,75,68,0
2025-06-04 15:00:00,1497.92,1499.75,1497.91,1498.31,85,68,0
2025-06-04 15:30:00,1498.31,1499.58,1497.21,1497.39,85,68,0
2025-06-04 16:00:00,1497.39,1497.88,1494.34,1494.47,99,68,0
2025-06-04 16:30:00,1494.47,1498.69,1494.22,1497.97,140,68,0
2025-06-04 17:00:00,1498.1,1499.62,1496.12,1498.62,130,68,0
2025-06-05 10:00:00,1496.75,1506.11,1496.5,1504.45,267,68,0
2025-06-05 10:30:00,1504.57,1505.71,1503.03,1505.71,134,68,0
2025-06-05 11:00:00,1505.71,1507.04,1504.99,1506.98,101,68,0
2025-06-05 11:30:00,1507.11,1509.17,1507.1,1509.17,91,68,0
2025-06-05 12:00:00,1509.05,1510.38,1508.92,1509.85,97,68,0
2025-06-05 12:30:00,1509.85,1511.01,1509.62,1510.71,87,68,0
2025-06-05 13:00:00,1510.71,1510.89,1510.17,1510.17,71,68,0
2025-06-05 13:30:00,1510.17,1510.66,1508.0,1508.75,81,68,0
2025-06-05 14:00:00,1508.75,1509.03,1507.16,1508.4,84,68,0
2025-06-05 14:30:00,1508.15,1508.51,1507.92,1507.92,74,68,0
2025-06-05 15:00:00,1507.92,1510.92,1507.55,1510.79,85,68,0
2025-06-05 15:30:00,1510.67,1513.47,1509.75,1511.84,124,68,0
2025-06-05 16:00:00,1511.84,1512.09,1506.03,1506.92,108,68,0
2025-06-05 16:30:00,1506.92,1508.59,1503.82,1505.92,195,68,0
2025-06-05 17:00:00,1505.92,1506.05,1503.24,1503.4,98,68,0
2025-06-06 10:00:00,1508.67,1511.17,1506.55,1509.62,202,68,0
2025-06-06 10:30:00,1509.63,1509.77,1505.17,1506.05,158,68,0
2025-06-06 11:00:00,1505.93,1506.18,1504.08,1506.18,144,68,0
2025-06-06 11:30:00,1506.18,1506.69,1505.54,1506.43,91,68,0
2025-06-06 12:00:00,1506.43,1508.23,1506.22,1507.84,102,68,0
2025-06-06 12:30:00,1507.84,1507.97,1507.09,1507.97,63,68,0
2025-06-06 13:00:00,1507.97,1508.62,1507.59,1507.59,84,68,0
2025-06-06 13:30:00,1507.59,1507.59,1506.07,1506.11,69,68,0
2025-06-06 14:00:00,1506.11,1507.13,1505.56,1506.75,62,68,0
2025-06-06 14:30:00,1506.75,1508.19,1505.49,1507.34,127,68,0
2025-06-06 15:00:00,1507.7,1507.88,1505.34,1505.34,109,68,0
2025-06-06 15:30:00,1505.47,1507.63,1504.55,1507.19,101,68,0
2025-06-06 16:00:00,1507.19,1507.68,1506.33,1506.74,76,68,0
2025-06-06 16:30:00,1506.74,1508.55,1506.15,1506.51,137,68,0
2025-06-06 17:00:00,1506.52,1506.52,1504.17,1504.31,91,68,0
2025-06-10 10:00:00,1511.58,1520.32,1509.17,1517.74,184,68,0
2025-06-10 10:30:00,1517.86,1518.36,1512.83,1515.38,220,68,0
2025-06-10 11:00:00,1515.51,1516.26,1510.4,1515.46,155,68,0
2025-06-10 11:30:00,1515.45,1516.68,1513.09,1514.84,119,68,0
2025-06-10 12:00:00,1514.84,1515.54,1514.12,1514.75,92,68,0
2025-06-10 12:30:00,1514.75,1514.75,1513.44,1513.6,82,68,0
2025-06-10 13:00:00,1513.73,1514.76,1512.59,1513.74,87,68,0
2025-06-10 13:30:00,1513.74,1516.83,1513.74,1516.83,87,68,0
2025-06-10 14:00:00,1516.83,1517.5,1516.05,1516.42,75,68,0
2025-06-10 14:30:00,1516.43,1517.83,1516.43,1516.77,94,68,0
2025-06-10 15:00:00,1516.77,1517.72,1516.57,1516.69,78,68,0
2025-06-10 15:30:00,1516.69,1517.82,1516.58,1516.98,106,68,0
2025-06-10 16:00:00,1517.11,1518.12,1516.8,1518.12,99,68,0
2025-06-10 16:30:00,1518.12,1520.18,1518.12,1519.93,172,68,0
2025-06-10 17:00:00,1519.93,1521.72,1517.85,1517.85,120,68,0
2025-06-11 10:00:00,1521.14,1525.6,1517.15,1524.83,251,68,0
2025-06-11 10:30:00,1524.83,1528.69,1524.7,1528.3,150,68,0
2025-06-11 11:00:00,1528.3,1530.21,1526.67,1529.3,139,68,0
2025-06-11 11:30:00,1529.3,1529.3,1525.86,1526.39,83,68,0
2025-06-11 12:00:00,1526.39,1526.39,1523.4,1525.75,131,68,0
2025-06-11 12:30:00,1525.75,1525.76,1524.34,1525.18,73,68,0
2025-06-11 13:00:00,1525.18,1526.28,1525.18,1525.9,84,68,0
2025-06-11 13:30:00,1525.9,1526.9,1524.77,1526.63,97,68,0
2025-06-11 14:00:00,1526.63,1527.11,1526.13,1527.11,82,68,0
2025-06-11 14:30:00,1527.11,1528.63,1527.11,1527.99,71,68,0
2025-06-11 15:00:00,1527.99,1529.73,1526.62,1528.95,135,68,0
2025-06-11 15:30:00,1528.83,1530.94,1528.83,1529.88,118,68,0
2025-06-11 16:00:00,1530.0,1530.63,1527.87,1527.87,92,68,0
2025-06-11 16:30:00,1527.87,1528.18,1525.36,1528.18,176,68,0
2025-06-11 17:00:00,1528.18,1530.15,1527.92,1529.51,101,68,0
2025-06-12 10:00:00,1533.31,1536.31,1532.35,1532.51,174,68,0
2025-06-12 10:30:00,1532.52,1533.43,1524.71,1525.35,171,68,0
2025-06-12 11:00:00,1525.35,1526.36,1523.74,1524.11,114,68,0
2025-06-12 11:30:00,1524.11,1526.13,1523.37,1525.87,96,68,0
2025-06-12 12:00:00,1525.87,1528.02,1525.85,1525.85,93,68,0
2025-06-12 12:30:00,1525.73,1525.92,1524.57,1525.18,204,68,0
2025-06-12 13:00:00,1525.06,1525.06,1522.6,1523.47,178,68,0
2025-06-12 13:30:00,1523.59,1525.85,1523.47,1525.12,153,68,0
2025-06-12 14:00:00,1524.99,1526.13,1524.54,1525.15,139,68,0
2025-06-12 14:30:00,1525.03,1527.09,1524.61,1526.74,156,68,0
2025-06-12 15:00:00,1526.72,1529.21,1526.6,1529.21,141,68,0
2025-06-12 15:30:00,1529.34,1531.25,1529.02,1531.13,154,68,0
2025-06-12 16:00:00,1531.0,1531.73,1530.15,1530.74,180,68,0
2025-06-12 16:30:00,1530.62,1530.62,1528.02,1530.22,237,68,0
2025-06-12 17:00:00,1530.47,1532.84,1530.46,1532.34,220,68,0
2025-06-13 10:00:00,1549.13,1550.02,1543.03,1548.87,732,68,0
2025-06-13 10:30:00,1548.99,1549.99,1542.62,1543.25,495,68,0
2025-06-13 11:00:00,1543.12,1544.92,1541.76,1542.52,397,68,0
2025-06-13 11:30:00,1542.77,1545.2,1541.09,1542.23,397,68,0
2025-06-13 12:00:00,1542.11,1544.61,1542.01,1542.5,345,68,0
2025-06-13 12:30:00,1542.62,1548.21,1542.62,1547.41,280,68,0
2025-06-13 13:00:00,1547.53,1548.35,1545.55,1547.64,279,68,0
2025-06-13 13:30:00,1547.39,1549.72,1546.9,1548.98,201,68,0
2025-06-13 14:00:00,1548.85,1549.71,1547.2,1547.21,177,68,0
2025-06-13 14:30:00,1547.34,1549.57,1546.71,1549.44,209,68,0
2025-06-13 15:00:00,1549.32,1550.82,1548.01,1550.56,201,68,0
2025-06-13 15:30:00,1550.44,1552.57,1549.95,1552.32,259,68,0
2025-06-13 16:00:00,1552.07,1552.71,1550.98,1551.7,235,68,0
2025-06-13 16:30:00,1551.46,1552.45,1545.34,1545.83,548,68,0
2025-06-13 17:00:00,1546.08,1551.11,1546.08,1548.1,329,68,0
2025-06-16 10:00:00,1557.06,1561.98,1556.07,1560.85,584,68,0
2025-06-16 10:30:00,1560.72,1561.22,1557.02,1559.0,317,68,0
2025-06-16 11:00:00,1558.87,1559.12,1554.12,1554.74,290,68,0
2025-06-16 11:30:00,1554.61,1556.69,1554.36,1556.31,200,68,0
2025-06-16 12:00:00,1556.44,1556.96,1555.94,1556.42,179,68,0
2025-06-16 12:30:00,1556.29,1558.68,1556.16,1557.1,167,68,0
2025-06-16 13:00:00,1557.09,1559.25,1556.58,1558.76,154,68,0
2025-06-16 13:30:00,1558.64,1560.14,1557.17,1558.17,158,68,0
2025-06-16 14:00:00,1558.42,1559.71,1557.44,1559.59,164,68,0
2025-06-16 14:30:00,1559.34,1561.27,1559.1,1559.74,151,68,0
2025-06-16 15:00:00,1559.86,1561.6,1559.6,1560.31,132,68,0
2025-06-16 15:30:00,1560.19,1560.36,1553.26,1556.88,280,68,0
2025-06-16 16:00:00,1557.0,1558.24,1555.53,1556.7,238,68,0
2025-06-16 16:30:00,1556.45,1562.91,1554.09,1555.56,616,68,0
2025-06-16 17:00:00,1555.69,1556.92,1551.18,1553.64,448,68,0
2025-06-17 10:00:00,1551.18,1553.59,1546.32,1551.61,591,68,0
2025-06-17 10:30:00,1551.74,1555.03,1551.32,1554.52,328,68,0
2025-06-17 11:00:00,1554.4,1556.48,1554.27,1555.27,241,68,0
2025-06-17 11:30:00,1555.15,1557.77,1554.83,1557.07,185,68,0
2025-06-17 12:00:00,1557.2,1557.27,1555.45,1556.11,180,68,0
2025-06-17 12:30:00,1556.24,1559.25,1555.99,1557.74,167,68,0
2025-06-17 13:00:00,1557.61,1558.39,1557.11,1557.66,167,68,0
2025-06-17 13:30:00,1557.54,1558.93,1556.79,1558.69,149,90,0
2025-06-17 14:00:00,1558.56,1559.51,1557.94,1558.9,123,90,0
2025-06-17 14:30:00,1558.65,1558.89,1557.73,1557.92,117,90,0
2025-06-17 15:00:00,1557.91,1558.27,1555.63,1557.0,133,90,0
2025-06-17 15:30:00,1556.88,1557.95,1555.76,1557.55,168,90,0
2025-06-17 16:00:00,1557.55,1558.55,1556.19,1558.48,188,90,0
2025-06-17 16:30:00,1558.23,1562.45,1556.01,1562.45,364,90,0
2025-06-17 17:00:00,1562.32,1562.7,1558.5,1559.52,253,90,0
2025-06-18 10:00:00,1559.52,1560.49,1557.04,1559.52,435,90,0
2025-06-18 10:30:00,1559.65,1563.27,1558.91,1562.68,233,90,0
2025-06-18 11:00:00,1562.66,1563.99,1559.56,1560.28,225,90,0
2025-06-18 11:30:00,1560.16,1561.97,1558.86,1561.95,216,90,0
2025-06-18 12:00:00,1561.83,1562.71,1560.57,1560.69,113,90,0
2025-06-18 12:30:00,1560.68,1561.93,1559.71,1560.18,183,90,0
2025-06-18 13:00:00,1560.3,1561.78,1558.81,1559.12,178,90,0
2025-06-18 13:30:00,1559.13,1561.18,1558.86,1559.99,234,90,0
2025-06-18 14:00:00,1559.87,1560.26,1559.02,1559.76,134,90,0
2025-06-18 14:30:00,1559.75,1561.15,1559.36,1560.92,148,90,0
2025-06-18 15:00:00,1560.8,1561.77,1560.67,1561.55,149,90,0
2025-06-18 15:30:00,1561.68,1561.82,1560.83,1561.18,116,90,0
2025-06-18 16:00:00,1561.06,1561.84,1560.27,1560.27,167,90,0
2025-06-18 16:30:00,1560.02,1562.72,1559.4,1562.48,298,90,0
2025-06-18 17:00:00,1562.6,1562.61,1556.88,1557.0,382,90,0
2025-06-19 10:00:00,1562.53,1565.89,1561.79,1565.52,160,90,0
2025-06-19 10:30:00,1565.4,1565.97,1563.56,1564.71,122,90,0
2025-06-19 11:00:00,1564.71,1565.07,1559.52,1562.19,185,90,0
2025-06-19 11:30:00,1562.19,1566.18,1562.18,1566.18,93,90,0
2025-06-19 12:00:00,1566.18,1567.13,1564.95,1567.13,86,90,0
2025-06-19 12:30:00,1567.13,1567.13,1564.39,1566.21,89,90,0
2025-06-19 13:00:00,1566.21,1568.3,1566.2,1568.06,95,90,0
2025-06-19 13:30:00,1568.05,1568.18,1567.01,1567.16,62,90,0
2025-06-19 14:00:00,1567.53,1567.77,1564.39,1564.39,90,90,0
2025-06-19 14:30:00,1564.39,1564.68,1563.08,1563.52,75,90,0
2025-06-19 15:00:00,1563.4,1564.05,1563.23,1563.35,64,90,0
2025-06-19 15:30:00,1563.35,1565.13,1562.97,1565.13,79,90,0
2025-06-19 16:00:00,1565.14,1566.07,1564.05,1564.09,100,90,0
2025-06-19 16:30:00,1564.09,1564.48,1563.53,1564.04,77,90,0
2025-06-19 17:00:00,1564.04,1567.77,1564.04,1567.77,63,90,0
2025-06-20 10:00:00,1562.41,1566.61,1558.43,1566.48,481,90,0
2025-06-20 10:30:00,1566.6,1568.7,1565.07,1568.45,245,90,0
2025-06-20 11:00:00,1568.2,1570.41,1567.24,1570.32,175,90,0
2025-06-20 11:30:00,1565.5,1566.53,1564.87,1564.87,144,90,0
2025-06-20 12:00:00,1564.75,1568.83,1564.63,1568.78,144,90,0
2025-06-20 12:30:00,1568.77,1574.15,1568.54,1573.42,341,90,0
2025-06-20 13:00:00,1573.17,1573.43,1570.51,1570.51,112,90,0
2025-06-20 13:30:00,1570.48,1570.48,1567.98,1568.89,117,90,0
2025-06-20 14:00:00,1568.89,1570.24,1568.1,1568.9,98,90,0
2025-06-20 14:30:00,1568.9,1570.73,1562.59,1563.54,371,90,0
2025-06-20 15:00:00,1563.54,1564.73,1562.92,1564.19,219,90,0
2025-06-20 15:30:00,1564.07,1564.2,1559.36,1561.1,238,90,0
2025-06-20 16:00:00,1561.23,1562.55,1560.5,1562.05,209,90,0
2025-06-20 16:30:00,1561.8,1564.16,1560.81,1563.64,338,90,0
2025-06-20 17:00:00,1563.64,1566.22,1563.51,1565.53,210,90,0
2025-06-23 10:00:00,1575.57,1575.57,1565.98,1568.85,573,90,0
2025-06-23 10:30:00,1568.98,1570.09,1565.88,1568.2,177,90,0
2025-06-23 11:00:00,1568.07,1568.42,1559.5,1563.41,204,90,0
2025-06-23 11:30:00,1563.29,1563.29,1561.3,1562.62,152,90,0
2025-06-23 12:00:00,1562.63,1562.7,1560.74,1560.79,176,90,0
2025-06-23 12:30:00,1560.79,1560.97,1556.85,1559.27,195,90,0
2025-06-23 13:00:00,1559.39,1562.21,1558.8,1561.38,216,90,0
2025-06-23 13:30:00,1561.38,1562.68,1561.14,1562.05,159,90,0
2025-06-23 14:00:00,1562.17,1563.02,1561.28,1562.39,130,90,0
2025-06-23 14:30:00,1562.39,1562.64,1557.72,1560.47,181,90,0
2025-06-23 15:00:00,1560.47,1560.66,1559.78,1560.34,130,90,0
2025-06-23 15:30:00,1560.35,1561.28,1559.97,1560.26,168,90,0
2025-06-23 16:00:00,1560.26,1561.1,1560.09,1560.57,205,90,0
2025-06-23 16:30:00,1560.7,1563.31,1559.97,1562.64,321,90,0
2025-06-23 17:00:00,1562.64,1562.64,1558.85,1560.02,168,90,0
2025-06-24 10:00:00,1519.2,1533.44,1518.2,1533.44,530,90,0
2025-06-24 10:30:00,1533.31,1535.2,1531.92,1533.22,463,90,0
2025-06-24 11:00:00,1533.22,1535.61,1532.93,1534.07,309,90,0
2025-06-24 11:30:00,1534.07,1535.52,1531.46,1534.72,218,90,0
2025-06-24 12:00:00,1534.6,1539.32,1534.45,1538.76,201,90,0
2025-06-24 12:30:00,1538.76,1539.67,1538.57,1539.4,126,90,0
2025-06-24 13:00:00,1539.4,1541.95,1539.29,1540.04,104,90,0
2025-06-24 13:30:00,1540.04,1542.07,1539.9,1540.57,147,90,0
2025-06-24 14:00:00,1540.7,1541.49,1538.04,1538.41,167,90,0
2025-06-24 14:30:00,1538.28,1538.52,1536.98,1537.53,150,90,0
2025-06-24 15:00:00,1537.53,1538.08,1534.93,1535.05,137,90,0
2025-06-24 15:30:00,1535.17,1535.17,1532.77,1532.77,118,90,0
2025-06-24 16:00:00,1532.77,1533.78,1526.95,1526.95,220,90,0
2025-06-24 16:30:00,1527.07,1530.84,1525.22,1527.45,404,90,0
2025-06-24 17:00:00,1527.33,1527.33,1524.31,1524.91,218,90,0
2025-06-25 10:00:00,1519.53,1523.07,1517.62,1520.26,401,90,0
2025-06-25 10:30:00,1520.26,1525.35,1520.01,1524.97,231,90,0
2025-06-25 11:00:00,1524.97,1525.1,1522.1,1524.78,227,90,0
2025-06-25 11:30:00,1524.77,1525.85,1524.21,1524.21,219,90,0
2025-06-25 12:00:00,1524.21,1524.34,1519.77,1520.96,149,90,0
2025-06-25 12:30:00,1520.95,1520.95,1517.79,1518.0,111,90,0
2025-06-25 13:00:00,1518.01,1518.01,1516.42,1516.55,195,90,0
2025-06-25 13:30:00,1516.43,1516.64,1515.26,1515.76,76,90,0
2025-06-25 14:00:00,1515.76,1516.01,1513.59,1514.73,131,90,0
2025-06-25 14:30:00,1514.74,1515.35,1514.54,1515.35,128,90,0
2025-06-25 15:00:00,1515.48,1516.08,1514.24,1515.57,144,90,0
2025-06-25 15:30:00,1515.69,1515.81,1513.49,1514.9,137,90,0
2025-06-25 16:00:00,1515.03,1515.03,1511.78,1511.78,151,90,0
2025-06-25 16:30:00,1511.65,1513.32,1509.67,1512.55,232,90,0
2025-06-25 17:00:00,1512.68,1515.48,1512.68,1514.69,131,90,0
2025-06-26 10:00:00,1514.26,1518.13,1514.01,1515.96,304,90,0
2025-06-26 10:30:00,1515.84,1517.36,1513.57,1516.67,203,90,0
2025-06-26 11:00:00,1516.67,1516.87,1515.28,1516.49,182,90,0
2025-06-26 11:30:00,1516.62,1516.95,1515.64,1515.78,136,90,0
2025-06-26 12:00:00,1515.9,1517.61,1515.83,1517.38,110,90,0
2025-06-26 12:30:00,1517.38,1518.52,1516.99,1518.0,112,90,0
2025-06-26 13:00:00,1518.0,1519.51,1517.99,1519.25,90,90,0
2025-06-26 13:30:00,1519.25,1521.01,1518.97,1520.58,96,90,0
2025-06-26 14:00:00,1520.58,1520.71,1518.95,1519.08,73,90,0
2025-06-26 14:30:00,1519.08,1519.17,1517.2,1517.43,83,90,0
2025-06-26 15:00:00,1517.43,1517.54,1515.05,1517.42,80,90,0
2025-06-26 15:30:00,1517.54,1517.82,1515.05,1515.32,81,90,0
2025-06-26 16:00:00,1515.33,1516.33,1514.43,1514.69,81,90,0
2025-06-26 16:30:00,1514.57,1515.85,1511.52,1511.65,205,90,0
2025-06-26 17:00:00,1511.53,1515.99,1511.4,1515.99,97,90,0
2025-06-27 10:00:00,1524.48,1524.61,1518.62,1522.99,193,90,0
2025-06-27 10:30:00,1522.99,1523.87,1521.45,1523.37,135,90,0
2025-06-27 11:00:00,1523.37,1529.48,1523.37,1528.55,153,90,0
2025-06-27 11:30:00,1528.55,1528.65,1526.48,1528.16,129,90,0
2025-06-27 12:00:00,1528.29,1528.8,1526.84,1526.98,106,90,0
2025-06-27 12:30:00,1526.98,1528.55,1526.98,1528.55,119,90,0
2025-06-27 13:00:00,1528.68,1529.57,1528.32,1528.92,105,90,0
2025-06-27 13:30:00,1528.93,1529.27,1528.87,1529.26,66,90,0
2025-06-27 14:00:00,1529.26,1530.55,1529.14,1529.14,99,90,0
2025-06-27 14:30:00,1529.14,1529.55,1528.76,1529.36,87,90,0
2025-06-27 15:00:00,1529.35,1529.97,1528.87,1529.48,105,90,0
2025-06-27 15:30:00,1529.49,1529.49,1527.13,1528.05,105,90,0
2025-06-27 16:00:00,1528.05,1528.49,1526.24,1526.24,77,90,0
2025-06-27 16:30:00,1526.12,1526.12,1522.14,1522.2,150,90,0
2025-06-27 17:00:00,1522.2,1524.97,1522.2,1524.97,72,90,0
2025-06-30 10:00:00,1532.42,1534.17,1530.99,1532.37,182,90,0
2025-06-30 10:30:00,1532.37,1532.7,1530.07,1531.44,112,90,0
2025-06-30 11:00:00,1531.69,1532.68,1531.13,1531.67,111,90,0
2025-06-30 11:30:00,1531.67,1532.06,1530.14,1530.14,96,90,0
2025-06-30 12:00:00,1530.02,1531.23,1529.27,1531.2,82,90,0
2025-06-30 12:30:00,1531.2,1531.2,1530.04,1530.25,76,90,0
2025-06-30 13:00:00,1530.24,1531.37,1530.22,1531.23,59,90,0
2025-06-30 13:30:00,1531.23,1532.73,1531.22,1532.68,76,90,0
2025-06-30 14:00:00,1532.8,1533.38,1532.39,1533.27,64,90,0
2025-06-30 14:30:00,1533.27,1534.12,1533.11,1533.75,56,90,0
2025-06-30 15:00:00,1533.76,1535.17,1533.73,1534.97,71,90,0
2025-06-30 15:30:00,1534.97,1536.65,1534.97,1535.31,79,90,0
2025-06-30 16:00:00,1535.31,1535.31,1533.1,1533.38,78,90,0
2025-06-30 16:30:00,1533.26,1533.26,1531.56,1531.56,119,90,0
2025-06-30 17:00:00,1531.56,1533.87,1530.69,1533.75,106,90,0
2025-07-01 10:00:00,1536.51,1537.26,1533.97,1534.47,197,90,0
2025-07-01 10:30:00,1534.47,1535.24,1532.27,1535.01,152,90,0
2025-07-01 11:00:00,1534.89,1535.28,1532.07,1533.24,124,90,0
2025-07-01 11:30:00,1533.24,1533.65,1532.63,1533.06,96,90,0
2025-07-01 12:00:00,1533.06,1533.95,1532.02,1532.02,97,90,0
2025-07-01 12:30:00,1532.01,1532.36,1529.02,1529.5,100,90,0
2025-07-01 13:00:00,1529.49,1531.43,1529.49,1530.82,94,90,0
2025-07-01 13:30:00,1530.82,1531.63,1529.64,1529.64,71,90,0
2025-07-01 14:00:00,1529.63,1529.84,1529.2,1529.67,76,90,0
2025-07-01 14:30:00,1529.79,1530.41,1528.69,1528.8,77,90,0
2025-07-01 15:00:00,1528.79,1530.09,1528.78,1529.8,74,90,0
2025-07-01 15:30:00,1529.8,1529.8,1527.56,1527.99,90,90,0
2025-07-01 16:00:00,1527.99,1528.51,1527.54,1527.68,100,90,0
2025-07-01 16:30:00,1527.68,1527.68,1525.94,1527.37,164,90,0
2025-07-01 17:00:00,1527.12,1527.51,1526.37,1526.68,99,90,0
2025-07-02 10:00:00,1524.15,1526.33,1520.08,1523.92,266,90,0
2025-07-02 10:30:00,1523.92,1529.52,1523.3,1529.52,177,90,0
2025-07-02 11:00:00,1529.52,1533.91,1529.39,1533.41,160,90,0
2025-07-02 11:30:00,1533.41,1535.65,1533.26,1535.12,120,90,0
2025-07-02 12:00:00,1535.0,1536.37,1533.93,1536.36,111,90,0
2025-07-02 12:30:00,1536.36,1537.53,1535.94,1536.66,120,90,0
2025-07-02 13:00:00,1536.66,1536.67,1535.52,1536.45,79,90,0
2025-07-02 13:30:00,1536.45,1537.94,1536.32,1537.06,85,90,0
2025-07-02 14:00:00,1537.06,1537.42,1536.74,1536.93,71,90,0
2025-07-02 14:30:00,1536.93,1537.12,1535.63,1535.77,77,90,0
2025-07-02 15:00:00,1535.64,1536.91,1534.5,1535.21,129,90,0
2025-07-02 15:30:00,1535.21,1535.33,1532.58,1533.02,107,90,0
2025-07-02 16:00:00,1532.9,1535.33,1532.6,1534.06,95,90,0
2025-07-02 16:30:00,1534.06,1534.44,1531.6,1532.37,161,90,0
2025-07-02 17:00:00,1532.37,1536.85,1531.49,1536.73,92,90,0
2025-07-03 10:00:00,1542.18,1542.81,1536.64,1537.36,169,90,0
2025-07-03 10:30:00,1537.36,1539.03,1537.02,1537.19,139,90,0
2025-07-03 11:00:00,1537.19,1540.12,1536.78,1539.83,119,90,0
2025-07-03 11:30:00,1539.84,1539.84,1537.82,1538.49,118,90,0
2025-07-03 12:00:00,1538.49,1540.38,1538.49,1539.71,79,90,0
2025-07-03 12:30:00,1539.71,1540.42,1538.31,1540.42,83,90,0
2025-07-03 13:00:00,1540.41,1542.2,1540.37,1542.08,93,90,0
2025-07-03 13:30:00,1542.08,1542.13,1541.05,1542.13,70,90,0
2025-07-03 14:00:00,1542.27,1544.76,1542.27,1544.03,75,90,0
2025-07-03 14:30:00,1544.03,1544.42,1542.21,1544.42,79,90,0
2025-07-03 15:00:00,1544.42,1544.69,1543.9,1544.27,78,90,0
2025-07-03 15:30:00,1544.27,1546.24,1544.27,1544.76,104,90,0
2025-07-03 16:00:00,1544.76,1544.76,1543.13,1543.66,81,90,0
2025-07-03 16:30:00,1543.53,1544.58,1542.78,1544.09,108,90,0
2025-07-03 17:00:00,1544.46,1544.46,1542.44,1543.1,105,90,0
2025-07-04 10:00:00,1534.96,1538.91,1534.88,1538.9,148,90,0
2025-07-04 10:30:00,1538.9,1541.84,1537.9,1540.43,125,90,0
2025-07-04 11:00:00,1540.43,1541.82,1539.06,1540.65,116,90,0
2025-07-04 11:30:00,1540.65,1540.65,1536.74,1537.69,94,90,0
2025-07-04 12:00:00,1537.69,1541.29,1537.69,1541.16,96,90,0
2025-07-04 12:30:00,1541.04,1542.03,1540.24,1541.36,87,90,0
2025-07-04 13:00:00,1541.36,1541.39,1540.36,1540.93,75,90,0
2025-07-04 13:30:00,1540.92,1540.92,1538.93,1538.95,67,90,0
2025-07-04 14:00:00,1538.95,1540.79,1538.95,1540.79,63,90,0
2025-07-04 14:30:00,1540.79,1542.3,1540.79,1542.17,67,90,0
2025-07-04 15:00:00,1542.17,1542.17,1539.51,1539.95,80,90,0
2025-07-04 15:30:00,1539.96,1541.04,1539.43,1539.56,62,90,0
2025-07-04 16:00:00,1539.56,1542.03,1539.56,1541.12,75,90,0
2025-07-04 16:30:00,1541.12,1544.03,1541.09,1544.03,85,90,0
2025-07-04 17:00:00,1544.03,1544.53,1542.71,1543.22,66,90,0
2025-07-07 10:00:00,1542.87,1545.12,1540.24,1541.9,174,90,0
2025-07-07 10:30:00,1541.9,1545.21,1541.9,1544.96,139,90,0
2025-07-07 11:00:00,1545.08,1546.32,1544.32,1544.32,101,90,0
2025-07-07 11:30:00,1544.32,1544.32,1542.07,1542.07,89,90,0
2025-07-07 12:00:00,1542.19,1543.18,1540.99,1541.53,95,90,0
2025-07-07 12:30:00,1541.53,1541.53,1540.33,1540.66,75,90,0
2025-07-07 13:00:00,1540.66,1541.62,1540.01,1541.62,79,90,0
2025-07-07 13:30:00,1541.62,1543.82,1541.24,1543.82,74,90,0
2025-07-07 14:00:00,1544.07,1544.69,1543.39,1543.65,62,90,0
2025-07-07 14:30:00,1543.65,1543.67,1543.06,1543.52,54,90,0
2025-07-07 15:00:00,1543.52,1545.25,1543.47,1545.0,67,90,0
2025-07-07 15:30:00,1545.0,1545.0,1542.73,1543.34,69,90,0
2025-07-07 16:00:00,1543.34,1544.5,1542.6,1542.82,88,90,0
2025-07-07 16:30:00,1542.57,1544.11,1541.54,1543.98,127,90,0
2025-07-07 17:00:00,1543.98,1545.51,1543.98,1545.11,74,90,0
2025-07-08 10:00:00,1542.19,1544.11,1539.86,1542.96,204,90,0
2025-07-08 10:30:00,1542.96,1544.32,1541.46,1541.46,102,90,0
2025-07-08 11:00:00,1541.46,1542.3,1539.61,1542.17,96,90,0
2025-07-08 11:30:00,1542.17,1542.31,1540.16,1540.9,86,90,0
2025-07-08 12:00:00,1540.89,1541.94,1539.96,1539.96,94,90,0
2025-07-08 12:30:00,1539.71,1539.76,1539.2,1539.37,73,90,0
2025-07-08 13:00:00,1539.36,1541.21,1539.35,1540.87,80,90,0
2025-07-08 13:30:00,1540.87,1541.8,1540.87,1541.34,56,90,0
2025-07-08 14:00:00,1541.33,1541.78,1541.04,1541.52,64,90,0
2025-07-08 14:30:00,1541.52,1541.72,1541.12,1541.5,67,90,0
2025-07-08 15:00:00,1541.5,1542.25,1540.74,1541.62,71,90,0
2025-07-08 15:30:00,1541.75,1541.77,1541.12,1541.3,61,90,0
2025-07-08 16:00:00,1541.3,1541.76,1540.14,1540.14,91,90,0
2025-07-08 16:30:00,1539.89,1544.13,1539.14,1543.84,124,90,0
2025-07-08 17:00:00,1543.84,1547.35,1543.11,1546.99,105,90,0
2025-07-09 10:00:00,1546.15,1546.53,1539.66,1543.06,232,90,0
2025-07-09 10:30:00,1543.19,1544.56,1540.75,1540.95,155,90,0
2025-07-09 11:00:00,1540.83,1544.49,1539.3,1544.49,123,90,0
2025-07-09 11:30:00,1544.49,1544.71,1541.99,1542.53,103,90,0
2025-07-09 12:00:00,1542.53,1543.05,1540.84,1540.97,116,90,0
2025-07-09 12:30:00,1540.97,1543.25,1540.71,1542.65,110,90,0
2025-07-09 13:00:00,1542.65,1542.65,1539.91,1541.38,82,90,0
2025-07-09 13:30:00,1541.38,1541.38,1538.65,1539.45,100,90,0
2025-07-09 14:00:00,1539.45,1542.77,1537.12,1537.49,98,90,0
2025-07-09 14:30:00,1537.62,1537.87,1535.87,1537.53,147,90,0
2025-07-09 15:00:00,1537.53,1537.53,1533.51,1534.52,125,90,0
2025-07-09 15:30:00,1534.52,1536.56,1534.52,1536.56,100,90,0
2025-07-09 16:00:00,1536.56,1537.45,1533.93,1534.89,116,90,0
2025-07-09 16:30:00,1534.89,1535.3,1533.23,1534.55,165,90,0
2025-07-09 17:00:00,1534.55,1534.55,1531.89,1532.65,99,90,0
2025-07-10 10:00:00,1536.68,1538.43,1531.2,1534.54,223,90,0
2025-07-10 10:30:00,1534.66,1535.79,1534.25,1535.19,117,90,0
2025-07-10 11:00:00,1535.07,1536.87,1533.94,1535.26,122,90,0
2025-07-10 11:30:00,1535.26,1537.51,1534.47,1537.07,100,90,0
2025-07-10 12:00:00,1537.07,1537.89,1536.76,1537.54,76,90,0
2025-07-10 12:30:00,1537.54,1538.63,1536.91,1538.45,77,90,0
2025-07-10 13:00:00,1538.45,1539.83,1538.45,1539.71,69,90,0
2025-07-10 13:30:00,1539.71,1540.36,1539.62,1540.18,67,90,0
2025-07-10 14:00:00,1540.18,1540.18,1538.1,1538.27,64,90,0
2025-07-10 14:30:00,1538.27,1538.27,1535.0,1535.81,98,90,0
2025-07-10 15:00:00,1535.81,1537.1,1535.81,1537.1,75,90,0
2025-07-10 15:30:00,1536.97,1537.1,1535.52,1536.18,76,90,0
2025-07-10 16:00:00,1536.18,1536.31,1532.21,1532.97,108,90,0
2025-07-10 16:30:00,1532.72,1535.8,1532.2,1535.8,137,90,0
2025-07-10 17:00:00,1535.93,1538.48,1535.79,1536.49,76,90,0
2025-07-11 10:00:00,1535.08,1543.0,1531.33,1540.68,349,90,0
2025-07-11 10:30:00,1540.68,1540.81,1535.14,1536.77,150,90,0
2025-07-11 11:00:00,1536.9,1539.93,1536.17,1539.79,149,90,0
2025-07-11 11:30:00,1539.79,1539.8,1536.59,1537.26,106,90,0
2025-07-11 12:00:00,1537.26,1538.51,1536.29,1537.92,114,90,0
2025-07-11 12:30:00,1537.92,1541.82,1537.72,1537.91,261,90,0
2025-07-11 13:00:00,1537.79,1541.64,1537.79,1540.89,212,90,0
2025-07-11 13:30:00,1541.02,1542.05,1539.71,1540.76,219,90,0
2025-07-11 14:00:00,1541.01,1541.48,1539.77,1541.48,184,90,0
2025-07-11 14:30:00,1541.6,1541.84,1540.22,1540.58,189,90,0
2025-07-11 15:00:00,1540.46,1541.1,1538.28,1538.77,186,90,0
2025-07-11 15:30:00,1538.52,1539.0,1536.71,1536.71,159,90,0
2025-07-11 16:00:00,1536.59,1537.95,1536.37,1536.38,230,90,0
2025-07-11 16:30:00,1536.26,1539.04,1535.87,1538.71,294,90,0
2025-07-11 17:00:00,1538.59,1542.27,1537.87,1541.53,257,90,0
2025-07-14 10:00:00,1532.63,1541.73,1531.88,1540.66,577,90,0
2025-07-14 10:30:00,1540.78,1547.68,1540.64,1546.98,380,90,0
2025-07-14 11:00:00,1546.85,1548.04,1545.75,1547.78,247,90,0
2025-07-14 11:30:00,1547.65,1548.28,1545.44,1546.01,233,90,0
2025-07-14 12:00:00,1545.91,1547.59,1545.52,1546.27,183,90,0
2025-07-14 12:30:00,1546.4,1547.42,1546.4,1546.89,153,90,0
2025-07-14 13:00:00,1546.77,1546.89,1544.68,1546.04,207,90,0
2025-07-14 13:30:00,1546.17,1547.59,1545.6,1546.21,133,90,0
2025-07-14 14:00:00,1545.96,1546.28,1545.29,1545.65,144,90,0
2025-07-14 14:30:00,1545.66,1547.95,1545.66,1547.7,148,90,0
2025-07-14 15:00:00,1547.83,1549.4,1547.83,1548.52,163,90,0
2025-07-14 15:30:00,1548.39,1548.82,1546.51,1546.96,145,90,0
2025-07-14 16:00:00,1547.08,1547.28,1545.44,1545.69,199,90,0
2025-07-14 16:30:00,1545.44,1545.52,1542.92,1543.18,303,90,0
2025-07-14 17:00:00,1543.3,1543.67,1538.93,1540.66,234,90,0
2025-07-15 10:00:00,1542.64,1543.02,1531.54,1534.35,725,90,0
2025-07-15 10:30:00,1534.59,1539.46,1534.07,1539.08,372,90,0
2025-07-15 11:00:00,1538.95,1539.08,1535.33,1535.69,315,90,0
2025-07-15 11:30:00,1535.44,1538.9,1535.04,1538.57,293,90,0
2025-07-15 12:00:00,1538.58,1538.58,1536.03,1537.86,254,90,0
2025-07-15 12:30:00,1537.98,1539.38,1537.61,1538.88,207,90,0
2025-07-15 13:00:00,1538.75,1539.01,1537.1,1537.26,174,90,0
2025-07-15 13:30:00,1537.27,1537.53,1535.52,1536.87,196,90,0
2025-07-15 14:00:00,1536.62,1539.08,1536.27,1538.97,163,90,0
2025-07-15 14:30:00,1538.98,1540.61,1538.79,1539.53,179,90,0
2025-07-15 15:00:00,1539.53,1542.32,1539.28,1541.7,185,90,0
2025-07-15 15:30:00,1541.83,1542.54,1539.71,1540.09,177,90,0
2025-07-15 16:00:00,1539.85,1541.7,1539.23,1539.69,158,90,0
2025-07-15 16:30:00,1539.44,1539.64,1535.96,1535.96,326,90,0
2025-07-15 17:00:00,1536.09,1537.08,1535.95,1536.67,227,90,0
2025-07-16 10:00:00,1536.66,1536.91,1526.96,1528.64,484,90,0
2025-07-16 10:30:00,1528.52,1531.45,1528.25,1530.83,242,90,0
2025-07-16 11:00:00,1531.22,1532.9,1531.05,1531.54,195,90,0
2025-07-16 11:30:00,1531.66,1533.91,1531.09,1532.58,178,90,0
2025-07-16 12:00:00,1532.71,1532.87,1531.28,1532.54,179,90,0
2025-07-16 12:30:00,1532.41,1532.76,1531.68,1532.51,126,90,0
2025-07-16 13:00:00,1532.39,1532.4,1531.85,1532.08,112,90,0
2025-07-16 13:30:00,1532.2,1532.48,1531.67,1532.04,88,90,0
2025-07-16 14:00:00,1531.91,1532.16,1531.75,1532.15,76,90,0
2025-07-16 14:30:00,1532.03,1532.15,1529.92,1531.1,114,90,0
2025-07-16 15:00:00,1530.98,1533.33,1530.76,1532.58,134,90,0
2025-07-16 15:30:00,1532.83,1533.34,1530.94,1531.04,144,90,0
2025-07-16 16:00:00,1531.16,1531.76,1530.18,1530.23,183,90,0
2025-07-16 16:30:00,1530.1,1533.0,1528.56,1528.81,282,90,0
2025-07-16 17:00:00,1528.56,1529.43,1528.56,1529.32,64,90,0
2025-07-17 10:00:00,1524.93,1527.01,1524.38,1526.41,62,90,0
2025-07-17 10:30:00,1526.55,1529.01,1525.64,1528.88,115,90,0
2025-07-17 11:00:00,1528.88,1530.57,1527.88,1528.0,117,90,0
2025-07-17 11:30:00,1528.0,1529.08,1527.75,1528.05,91,90,0
2025-07-17 12:00:00,1528.05,1528.71,1526.86,1528.71,73,90,0
2025-07-17 12:30:00,1528.72,1530.18,1528.66,1530.18,59,90,0
2025-07-17 13:00:00,1530.18,1531.63,1530.18,1531.63,70,90,0
2025-07-17 13:30:00,1531.75,1532.11,1530.92,1531.25,63,90,0
2025-07-17 14:00:00,1531.25,1531.34,1529.83,1529.96,63,90,0
2025-07-17 14:30:00,1529.96,1530.34,1529.29,1530.08,61,90,0
2025-07-17 15:00:00,1530.08,1533.23,1530.08,1533.23,80,90,0
2025-07-17 15:30:00,1533.1,1533.23,1531.44,1531.56,91,90,0
2025-07-17 16:00:00,1531.56,1532.57,1531.4,1531.4,90,90,0
2025-07-17 16:30:00,1531.28,1534.62,1530.89,1534.61,110,90,0
2025-07-17 17:00:00,1534.61,1536.57,1534.61,1536.45,71,90,0
2025-07-18 10:00:00,1538.91,1541.28,1537.79,1538.42,151,90,0
2025-07-18 10:30:00,1538.42,1538.43,1534.69,1535.22,140,90,0
2025-07-18 11:00:00,1535.22,1537.93,1535.22,1536.51,147,90,0
2025-07-18 11:30:00,1536.38,1536.38,1534.42,1534.44,107,90,0
2025-07-18 12:00:00,1534.45,1535.87,1534.44,1535.87,87,90,0
2025-07-18 12:30:00,1535.99,1537.24,1535.99,1536.69,87,90,0
2025-07-18 13:00:00,1536.69,1536.84,1533.33,1533.45,105,90,0
2025-07-18 13:30:00,1533.33,1535.09,1532.54,1535.09,84,90,0
2025-07-18 14:00:00,1535.11,1536.86,1535.11,1536.2,83,90,0
2025-07-18 14:30:00,1536.2,1537.13,1535.83,1537.1,84,90,0
2025-07-18 15:00:00,1537.09,1537.09,1536.3,1536.91,65,90,0
2025-07-18 15:30:00,1536.78,1537.45,1535.21,1535.36,84,90,0
2025-07-18 16:00:00,1535.23,1535.31,1534.24,1534.49,60,90,0
2025-07-18 16:30:00,1534.49,1537.85,1533.84,1537.85,128,90,0
2025-07-18 17:00:00,1537.72,1540.1,1537.67,1539.48,89,90,0
2025-07-21 10:00:00,1535.56,1538.17,1534.44,1535.93,117,90,0
2025-07-21 10:30:00,1535.93,1536.04,1532.94,1533.9,101,90,0
2025-07-21 11:00:00,1533.9,1534.29,1532.13,1532.25,75,90,0
2025-07-21 11:30:00,1532.25,1532.93,1530.82,1530.82,84,90,0
2025-07-21 12:00:00,1530.82,1530.82,1530.16,1530.28,71,90,0
2025-07-21 12:30:00,1530.28,1531.26,1529.79,1531.2,58,90,0
2025-07-21 13:00:00,1531.2,1531.2,1530.26,1530.71,58,90,0
2025-07-21 13:30:00,1530.71,1531.49,1530.27,1531.32,67,90,0
2025-07-21 14:00:00,1531.32,1531.71,1531.05,1531.18,61,90,0
2025-07-21 14:30:00,1531.18,1531.72,1530.9,1530.9,51,90,0
2025-07-21 15:00:00,1530.87,1530.87,1529.73,1530.32,56,90,0
2025-07-21 15:30:00,1530.32,1531.68,1530.0,1530.12,64,90,0
2025-07-21 16:00:00,1530.12,1530.37,1528.54,1529.54,81,90,0
2025-07-21 16:30:00,1529.54,1530.56,1528.43,1528.44,112,90,0
2025-07-21 17:00:00,1528.52,1529.06,1527.1,1527.47,68,90,0
2025-07-22 10:00:00,1529.52,1531.37,1528.77,1529.93,158,90,0
2025-07-22 10:30:00,1529.93,1533.5,1529.33,1530.78,118,90,0
2025-07-22 11:00:00,1530.78,1532.7,1529.4,1532.58,88,90,0
2025-07-22 11:30:00,1532.58,1534.86,1532.36,1534.72,98,90,0
2025-07-22 12:00:00,1534.72,1536.01,1534.1,1535.88,78,90,0
2025-07-22 12:30:00,1535.88,1535.9,1534.46,1534.82,71,90,0
2025-07-22 13:00:00,1534.83,1536.28,1534.6,1534.6,83,90,0
2025-07-22 13:30:00,1534.59,1534.59,1532.61,1533.76,77,90,0
2025-07-22 14:00:00,1533.77,1534.84,1533.32,1533.4,66,90,0
2025-07-22 14:30:00,1533.41,1533.72,1532.38,1533.55,72,90,0
2025-07-22 15:00:00,1533.55,1533.8,1531.77,1531.95,69,90,0
2025-07-22 15:30:00,1531.95,1532.34,1531.39,1531.82,71,90,0
2025-07-22 16:00:00,1531.82,1533.38,1531.82,1533.13,76,90,0
2025-07-22 16:30:00,1533.13,1534.3,1530.13,1530.82,170,90,0
2025-07-22 17:00:00,1531.44,1532.87,1530.72,1532.87,123,90,0
2025-07-23 10:00:00,1538.36,1539.85,1531.38,1539.85,325,90,0
2025-07-23 10:30:00,1539.85,1539.85,1536.74,1537.09,245,90,0
2025-07-23 11:00:00,1537.09,1537.09,1534.51,1534.78,116,90,0
2025-07-23 11:30:00,1534.78,1536.58,1534.42,1536.19,191,90,0
2025-07-23 12:00:00,1536.06,1536.79,1535.52,1535.73,135,90,0
2025-07-23 12:30:00,1535.73,1536.36,1535.18,1535.78,104,90,0
2025-07-23 13:00:00,1535.4,1535.53,1533.0,1533.31,94,90,0
2025-07-23 13:30:00,1533.3,1533.66,1531.33,1531.71,87,90,0
2025-07-23 14:00:00,1531.71,1531.78,1529.2,1529.68,90,90,0
2025-07-23 14:30:00,1529.68,1531.63,1529.45,1531.63,65,90,0
2025-07-23 15:00:00,1531.63,1531.63,1530.46,1531.31,85,90,0
2025-07-23 15:30:00,1531.31,1532.18,1530.76,1530.85,106,90,0
2025-07-23 16:00:00,1530.85,1531.7,1530.3,1530.55,91,90,0
2025-07-23 16:30:00,1530.55,1534.56,1529.05,1530.56,198,90,0
2025-07-23 17:00:00,1530.56,1532.84,1530.41,1530.78,100,90,0
2025-07-24 10:00:00,1541.38,1545.0,1539.86,1545.0,213,90,0
2025-07-24 10:30:00,1545.13,1545.7,1542.86,1542.91,124,90,0
2025-07-24 11:00:00,1542.91,1547.08,1542.91,1547.08,132,90,0
2025-07-24 11:30:00,1547.07,1549.18,1545.94,1549.18,107,90,0
2025-07-24 12:00:00,1549.18,1549.18,1546.38,1547.29,94,90,0
2025-07-24 12:30:00,1547.29,1548.86,1547.29,1547.97,81,90,0
2025-07-24 13:00:00,1547.97,1549.17,1547.42,1548.45,90,90,0
2025-07-24 13:30:00,1548.45,1548.8,1547.41,1548.14,73,90,0
2025-07-24 14:00:00,1548.14,1548.14,1545.48,1546.17,86,90,0
2025-07-24 14:30:00,1546.17,1546.54,1545.25,1546.04,75,90,0
2025-07-24 15:00:00,1546.04,1546.04,1544.56,1544.96,80,90,0
2025-07-24 15:30:00,1544.96,1544.97,1542.34,1544.76,83,90,0
2025-07-24 16:00:00,1544.76,1544.76,1540.86,1540.86,86,90,0
2025-07-24 16:30:00,1540.86,1543.74,1539.99,1542.36,144,90,0
2025-07-24 17:00:00,1542.36,1543.15,1541.84,1543.15,91,90,0
2025-07-25 10:00:00,1540.78,1542.7,1538.3,1538.42,133,90,0
2025-07-25 10:30:00,1538.42,1539.9,1537.82,1538.51,93,90,0
2025-07-25 11:00:00,1538.51,1539.04,1534.29,1535.2,155,90,0
2025-07-25 11:30:00,1535.2,1536.69,1534.34,1535.75,136,90,0
2025-07-25 12:00:00,1535.87,1540.65,1535.25,1540.65,93,90,0
2025-07-25 12:30:00,1540.52,1540.64,1538.26,1538.45,103,90,0
2025-07-25 13:00:00,1538.45,1538.45,1535.14,1535.14,91,90,0
2025-07-25 13:30:00,1535.14,1535.69,1534.7,1534.83,65,90,0
2025-07-25 14:00:00,1534.83,1535.01,1534.32,1534.33,54,90,0
2025-07-25 14:30:00,1534.46,1534.61,1532.35,1532.93,101,90,0
2025-07-25 15:00:00,1533.06,1533.71,1532.69,1533.39,93,90,0
2025-07-25 15:30:00,1533.27,1533.81,1532.73,1533.49,78,90,0
2025-07-25 16:00:00,1533.49,1533.49,1531.06,1532.52,112,90,0
2025-07-25 16:30:00,1532.52,1532.52,1529.28,1530.15,130,90,0
2025-07-25 17:00:00,1530.27,1530.92,1529.2,1529.2,104,90,0
2025-07-28 10:00:00,1537.68,1541.35,1536.44,1539.53,220,90,0
2025-07-28 10:30:00,1539.53,1540.53,1536.98,1540.53,162,90,0
2025-07-28 11:00:00,1540.53,1541.16,1539.1,1540.02,125,90,0
2025-07-28 11:30:00,1540.01,1541.1,1538.74,1538.88,110,90,0
2025-07-28 12:00:00,1538.88,1540.23,1538.88,1539.29,90,90,0
2025-07-28 12:30:00,1539.29,1539.92,1539.04,1539.92,91,90,0
2025-07-28 13:00:00,1539.79,1539.98,1539.21,1539.21,71,90,0
2025-07-28 13:30:00,1539.22,1539.42,1538.08,1539.19,77,90,0
2025-07-28 14:00:00,1539.19,1539.49,1538.69,1539.22,87,90,0
2025-07-28 14:30:00,1539.24,1539.24,1537.53,1538.26,69,90,0
2025-07-28 15:00:00,1538.26,1540.6,1538.26,1540.08,95,90,0
2025-07-28 15:30:00,1540.08,1540.09,1538.62,1538.82,87,90,0
2025-07-28 16:00:00,1538.81,1541.16,1538.68,1539.58,122,90,0
2025-07-28 16:30:00,1539.45,1540.76,1539.09,1539.97,189,90,0
2025-07-28 17:00:00,1539.85,1541.09,1539.35,1540.48,133,90,0
2025-07-29 10:00:00,1542.27,1546.05,1540.65,1546.05,164,90,0
2025-07-29 10:30:00,1546.05,1548.48,1545.92,1546.56,136,90,0
2025-07-29 11:00:00,1546.56,1548.29,1546.42,1546.9,104,90,0
2025-07-29 11:30:00,1546.9,1548.68,1546.77,1548.42,95,90,0
2025-07-29 12:00:00,1548.42,1549.36,1548.3,1548.44,83,90,0
2025-07-29 12:30:00,1548.44,1549.36,1547.86,1549.35,87,90,0
2025-07-29 13:00:00,1549.35,1549.84,1547.8,1548.73,107,90,0
2025-07-29 13:30:00,1548.73,1549.0,1547.33,1547.46,67,90,0
2025-07-29 14:00:00,1547.58,1547.83,1545.2,1546.01,84,90,0
2025-07-29 14:30:00,1546.01,1546.01,1543.07,1543.07,91,90,0
2025-07-29 15:00:00,1543.07,1544.5,1542.7,1543.19,94,90,0
2025-07-29 15:30:00,1543.19,1546.22,1542.69,1546.22,107,90,0
2025-07-29 16:00:00,1546.22,1547.55,1546.06,1546.84,97,90,0
2025-07-29 16:30:00,1546.72,1548.29,1546.32,1547.66,121,90,0
2025-07-29 17:00:00,1547.79,1549.6,1547.66,1549.14,85,90,0
2025-07-30 10:00:00,1553.0,1554.95,1551.0,1553.91,189,90,0
2025-07-30 10:30:00,1553.9,1554.15,1552.62,1553.45,109,90,0
2025-07-30 11:00:00,1553.45,1554.13,1547.8,1548.31,124,90,0
2025-07-30 11:30:00,1548.31,1548.31,1544.15,1544.43,105,90,0
2025-07-30 12:00:00,1544.44,1544.45,1539.36,1539.36,131,90,0
2025-07-30 12:30:00,1539.36,1540.31,1538.81,1538.95,138,90,0
2025-07-30 13:00:00,1538.95,1539.34,1536.68,1536.8,96,90,0
2025-07-30 13:30:00,1536.8,1537.28,1535.72,1535.96,71,90,0
2025-07-30 14:00:00,1536.09,1536.09,1535.34,1535.63,71,90,0
2025-07-30 14:30:00,1535.62,1536.76,1535.24,1535.48,73,90,0
2025-07-30 15:00:00,1535.48,1535.78,1534.3,1534.37,72,90,0
2025-07-30 15:30:00,1534.25,1536.81,1534.25,1536.15,82,90,0
2025-07-30 16:00:00,1536.15,1536.43,1533.85,1533.88,105,90,0
2025-07-30 16:30:00,1533.88,1536.38,1533.26,1534.81,213,90,0
2025-07-30 17:00:00,1534.81,1536.81,1534.61,1536.31,107,90,0
2025-07-31 10:00:00,1535.5,1541.52,1535.5,1541.28,238,90,0
2025-07-31 10:30:00,1541.28,1541.93,1536.68,1537.53,125,90,0
2025-07-31 11:00:00,1537.65,1539.55,1537.36,1539.55,99,90,0
2025-07-31 11:30:00,1539.55,1540.08,1538.16,1538.48,108,90,0
2025-07-31 12:00:00,1538.35,1538.36,1536.71,1537.69,97,90,0
2025-07-31 12:30:00,1537.69,1537.82,1536.31,1536.43,83,90,0
2025-07-31 13:00:00,1536.31,1539.15,1536.18,1538.66,82,90,0
2025-07-31 13:30:00,1538.66,1538.68,1536.32,1536.57,85,90,0
2025-07-31 14:00:00,1536.57,1538.16,1536.44,1538.12,72,90,0
2025-07-31 14:30:00,1538.12,1538.68,1537.85,1538.05,79,90,0
2025-07-31 15:00:00,1538.06,1540.23,1537.43,1539.59,100,90,0
2025-07-31 15:30:00,1539.46,1539.61,1537.34,1538.98,88,90,0
2025-07-31 16:00:00,1538.98,1538.99,1535.81,1535.81,99,90,0
2025-07-31 16:30:00,1535.56,1540.28,1535.19,1540.03,202,90,0
2025-07-31 17:00:00,1540.03,1542.17,1539.91,1541.79,95,90,0
2025-08-01 10:00:00,1532.99,1538.84,1530.17,1537.08,201,90,0
2025-08-01 10:30:00,1536.95,1537.4,1535.43,1535.73,172,90,0
2025-08-01 11:00:00,1535.73,1538.41,1535.35,1536.45,180,90,0
2025-08-01 11:30:00,1536.45,1536.72,1533.87,1536.48,158,90,0
2025-08-01 12:00:00,1536.48,1537.79,1534.68,1534.94,195,90,0
2025-08-01 12:30:00,1534.95,1536.44,1534.95,1535.51,142,90,0
2025-08-01 13:00:00,1535.51,1536.33,1534.7,1535.22,122,90,0
2025-08-01 13:30:00,1535.34,1536.05,1534.72,1535.18,126,90,0
2025-08-01 14:00:00,1535.31,1537.05,1535.31,1536.8,96,90,0
2025-08-01 14:30:00,1536.81,1536.81,1535.65,1535.93,81,90,0
2025-08-01 15:00:00,1535.92,1536.48,1535.52,1536.47,124,90,0
2025-08-01 15:30:00,1536.47,1536.47,1533.97,1534.01,172,90,0
2025-08-01 16:00:00,1534.13,1534.38,1530.95,1531.06,99,90,0
2025-08-01 16:30:00,1531.06,1531.31,1521.59,1521.72,188,90,0
2025-08-01 17:00:00,1521.85,1524.0,1518.97,1523.63,194,90,0
2025-08-04 10:00:00,1530.83,1535.37,1529.3,1532.95,205,90,0
2025-08-04 10:30:00,1532.95,1536.94,1532.2,1535.96,143,90,0
2025-08-04 11:00:00,1535.96,1536.45,1534.25,1534.25,137,90,0
2025-08-04 11:30:00,1534.25,1534.35,1532.34,1534.23,138,90,0
2025-08-04 12:00:00,1534.35,1534.72,1531.75,1531.75,103,90,0
2025-08-04 12:30:00,1531.74,1532.38,1531.62,1531.62,90,90,0
2025-08-04 13:00:00,1531.49,1531.87,1529.77,1530.01,98,90,0
2025-08-04 13:30:00,1530.13,1531.08,1530.13,1530.48,96,90,0
2025-08-04 14:00:00,1530.47,1530.76,1529.93,1530.37,84,90,0
2025-08-04 14:30:00,1530.37,1532.16,1530.26,1531.67,114,90,0
2025-08-04 15:00:00,1531.67,1531.78,1530.95,1531.01,93,90,0
2025-08-04 15:30:00,1531.01,1531.34,1530.8,1531.34,91,90,0
2025-08-04 16:00:00,1531.34,1531.67,1530.95,1531.51,99,90,0
2025-08-04 16:30:00,1531.64,1534.69,1531.27,1533.35,239,90,0
2025-08-04 17:00:00,1533.35,1533.82,1532.45,1533.76,160,90,0
2025-08-05 10:00:00,1537.68,1539.31,1533.79,1535.04,181,90,0
2025-08-05 10:30:00,1535.04,1536.93,1535.04,1535.8,138,90,0
2025-08-05 11:00:00,1535.8,1539.84,1535.17,1539.46,162,90,0
2025-08-05 11:30:00,1539.46,1542.07,1538.93,1541.74,135,90,0
2025-08-05 12:00:00,1541.87,1544.4,1541.61,1544.15,122,90,0
2025-08-05 12:30:00,1544.15,1544.94,1542.43,1542.43,88,90,0
2025-08-05 13:00:00,1542.43,1544.62,1542.43,1544.01,112,90,0
2025-08-05 13:30:00,1544.01,1545.24,1544.01,1545.13,94,90,0
2025-08-05 14:00:00,1545.01,1545.26,1543.55,1543.66,109,90,0
2025-08-05 14:30:00,1543.79,1545.03,1543.54,1544.9,104,90,0
2025-08-05 15:00:00,1545.03,1546.15,1543.11,1544.3,151,90,0
2025-08-05 15:30:00,1544.42,1544.42,1539.88,1541.01,135,90,0
2025-08-05 16:00:00,1541.14,1542.25,1540.76,1542.1,111,90,0
2025-08-05 16:30:00,1542.1,1542.85,1541.2,1541.92,179,90,0
2025-08-05 17:00:00,1541.92,1541.92,1539.69,1540.01,159,90,0
2025-08-06 10:00:00,1542.55,1547.34,1542.05,1545.6,147,90,0
2025-08-06 10:30:00,1545.6,1546.35,1543.59,1546.23,162,90,0
2025-08-06 11:00:00,1546.23,1546.72,1542.23,1542.54,143,90,0
2025-08-06 11:30:00,1542.54,1542.54,1541.27,1541.41,131,90,0
2025-08-06 12:00:00,1541.41,1543.07,1541.3,1542.44,109,90,0
2025-08-06 12:30:00,1542.44,1543.43,1542.05,1543.03,100,90,0
2025-08-06 13:00:00,1543.03,1543.28,1542.27,1542.56,88,90,0
2025-08-06 13:30:00,1542.68,1543.21,1541.24,1541.37,111,90,0
2025-08-06 14:00:00,1541.37,1542.07,1540.88,1540.89,102,90,0
2025-08-06 14:30:00,1540.89,1542.42,1540.78,1542.3,96,90,0
2025-08-06 15:00:00,1542.3,1543.2,1540.7,1541.0,143,90,0
2025-08-06 15:30:00,1541.0,1541.91,1540.21,1540.33,96,90,0
2025-08-06 16:00:00,1540.32,1541.58,1539.75,1540.14,134,90,0
2025-08-06 16:30:00,1540.01,1546.29,1539.89,1544.8,223,90,0
2025-08-06 17:00:00,1544.8,1545.05,1538.64,1541.43,207,90,0
2025-08-07 10:00:00,1527.85,1538.52,1527.23,1538.0,274,90,0
2025-08-07 10:30:00,1538.0,1540.45,1537.62,1540.45,157,90,0
2025-08-07 11:00:00,1540.58,1540.95,1533.98,1535.64,273,90,0
2025-08-07 11:30:00,1535.52,1535.52,1533.89,1533.89,165,90,0
2025-08-07 12:00:00,1533.89,1536.66,1532.35,1534.75,167,90,0
2025-08-07 12:30:00,1534.87,1536.45,1534.62,1536.32,139,90,0
2025-08-07 13:00:00,1536.32,1538.74,1536.32,1537.62,121,90,0
2025-08-07 13:30:00,1537.49,1539.4,1537.24,1538.13,105,90,0
2025-08-07 14:00:00,1538.26,1538.38,1535.8,1536.08,117,90,0
2025-08-07 14:30:00,1536.09,1536.3,1533.8,1533.8,96,90,0
2025-08-07 15:00:00,1533.93,1534.74,1533.76,1534.16,101,90,0
2025-08-07 15:30:00,1534.03,1535.08,1533.77,1534.3,106,90,0
2025-08-07 16:00:00,1534.3,1535.42,1533.93,1535.15,161,90,0
2025-08-07 16:30:00,1535.15,1539.5,1534.64,1536.11,157,90,0
2025-08-07 17:00:00,1535.99,1536.63,1534.99,1536.14,110,90,0
2025-08-08 10:00:00,1538.32,1543.32,1537.55,1540.64,272,90,0
2025-08-08 10:30:00,1540.64,1545.61,1540.15,1545.48,130,90,0
2025-08-08 11:00:00,1545.48,1546.01,1544.69,1545.76,103,90,0
2025-08-08 11:30:00,1545.76,1545.96,1544.86,1545.96,95,90,0
2025-08-08 12:00:00,1545.96,1546.48,1545.58,1545.88,84,90,0
2025-08-08 12:30:00,1545.88,1546.92,1545.38,1546.55,75,90,0
2025-08-08 13:00:00,1546.55,1547.56,1546.43,1546.43,68,90,0
2025-08-08 13:30:00,1546.43,1547.41,1546.14,1547.13,65,90,0
2025-08-08 14:00:00,1547.13,1547.14,1545.64,1545.64,61,90,0
2025-08-08 14:30:00,1545.76,1545.89,1544.87,1545.45,60,90,0
2025-08-08 15:00:00,1545.45,1545.46,1544.17,1544.92,65,90,0
2025-08-08 15:30:00,1544.92,1547.43,1544.92,1547.41,78,90,0
2025-08-08 16:00:00,1547.41,1547.74,1546.85,1547.46,67,90,0
2025-08-08 16:30:00,1547.46,1549.77,1545.84,1548.08,162,90,0
2025-08-08 17:00:00,1548.08,1548.34,1540.08,1541.68,245,90,0
2025-08-11 10:00:00,1531.21,1532.89,1529.14,1530.58,218,90,0
2025-08-11 10:30:00,1530.58,1530.72,1528.63,1528.86,119,90,0
2025-08-11 11:00:00,1528.86,1528.98,1526.59,1527.93,131,90,0
2025-08-11 11:30:00,1527.93,1528.8,1526.69,1526.7,102,90,0
2025-08-11 12:00:00,1526.7,1528.86,1526.7,1528.86,60,90,0
2025-08-11 12:30:00,1528.86,1530.04,1528.61,1529.79,133,90,0
2025-08-11 13:00:00,1529.79,1530.05,1528.33,1529.11,109,90,0
2025-08-11 13:30:00,1529.11,1529.11,1528.36,1528.79,85,90,0
2025-08-11 14:00:00,1528.79,1529.83,1528.52,1529.45,82,90,0
2025-08-11 14:30:00,1529.45,1532.11,1529.32,1531.27,136,90,0
2025-08-11 15:00:00,1531.26,1531.9,1529.74,1531.32,157,90,0
2025-08-11 15:30:00,1531.33,1531.97,1530.19,1531.34,139,90,0
2025-08-11 16:00:00,1531.34,1533.16,1531.09,1532.67,189,90,0
2025-08-11 16:30:00,1532.91,1534.78,1530.79,1531.15,310,90,0
2025-08-11 17:00:00,1531.15,1531.95,1530.4,1530.6,201,90,0
2025-08-12 10:00:00,1537.65,1540.95,1536.7,1540.95,378,90,0
2025-08-12 10:30:00,1540.95,1542.5,1540.09,1541.73,266,90,0
2025-08-12 11:00:00,1541.6,1541.93,1538.85,1539.47,202,90,0
2025-08-12 11:30:00,1539.59,1540.19,1537.7,1538.61,161,90,0
2025-08-12 12:00:00,1538.48,1539.3,1537.86,1538.79,138,90,0
2025-08-12 12:30:00,1538.66,1539.29,1537.82,1538.06,154,90,0
2025-08-12 13:00:00,1538.06,1538.82,1537.57,1538.03,137,90,0
2025-08-12 13:30:00,1538.03,1538.57,1537.92,1538.32,115,90,0
2025-08-12 14:00:00,1538.18,1538.33,1537.38,1537.47,134,90,0
2025-08-12 14:30:00,1537.44,1537.44,1536.32,1536.81,127,90,0
2025-08-12 15:00:00,1536.69,1537.65,1536.55,1537.26,118,90,0
2025-08-12 15:30:00,1537.51,1538.33,1536.64,1537.51,172,90,0
2025-08-12 16:00:00,1537.51,1538.05,1536.03,1536.99,160,90,0
2025-08-12 16:30:00,1537.12,1538.54,1535.37,1538.54,276,90,0
2025-08-12 17:00:00,1538.41,1539.79,1538.07,1538.78,234,90,0
2025-08-13 10:00:00,1546.88,1549.37,1546.52,1548.03,352,90,0
2025-08-13 10:30:00,1548.16,1548.16,1545.86,1546.04,241,90,0
2025-08-13 11:00:00,1546.04,1546.17,1544.19,1544.68,201,90,0
2025-08-13 11:30:00,1544.43,1546.77,1536.43,1544.41,173,90,0
2025-08-13 12:00:00,1545.29,1546.41,1542.99,1542.99,263,90,0
2025-08-13 12:30:00,1542.99,1543.04,1541.99,1542.78,146,90,0
2025-08-13 13:00:00,1542.78,1543.76,1542.41,1543.74,157,90,0
2025-08-13 13:30:00,1543.74,1544.24,1542.42,1542.42,127,90,0
2025-08-13 14:00:00,1542.42,1543.11,1542.02,1542.36,92,90,0
2025-08-13 14:30:00,1542.36,1542.97,1541.88,1542.33,162,90,0
2025-08-13 15:00:00,1542.21,1542.72,1541.36,1542.47,142,90,0
2025-08-13 15:30:00,1542.47,1543.06,1541.85,1543.04,141,90,0
2025-08-13 16:00:00,1542.92,1543.26,1540.87,1540.87,148,90,0
2025-08-13 16:30:00,1540.75,1543.46,1539.88,1543.1,258,90,0
2025-08-13 17:00:00,1543.1,1544.78,1543.1,1544.04,175,90,0
2025-08-14 10:00:00,1548.81,1551.95,1548.32,1551.83,109,90,0
2025-08-14 10:30:00,1551.83,1551.83,1550.01,1550.29,91,90,0
2025-08-14 11:00:00,1550.29,1550.54,1549.42,1549.62,84,90,0
2025-08-14 11:30:00,1549.62,1550.53,1549.49,1550.36,67,90,0
2025-08-14 12:00:00,1550.36,1550.36,1549.78,1549.94,61,90,0
2025-08-14 12:30:00,1549.95,1550.57,1549.93,1550.57,83,90,0
2025-08-14 13:00:00,1550.56,1550.57,1547.66,1547.66,72,90,0
2025-08-14 13:30:00,1547.66,1547.66,1546.71,1546.83,85,90,0
2025-08-14 14:00:00,1546.82,1546.88,1546.8,1546.82,62,90,0
2025-08-14 14:30:00,1546.82,1547.53,1546.82,1547.46,71,90,0
2025-08-14 15:00:00,1547.46,1548.24,1547.46,1548.02,71,90,0
2025-08-14 15:30:00,1548.02,1550.04,1547.55,1550.04,101,90,0
2025-08-14 16:00:00,1550.17,1551.13,1549.6,1549.6,88,90,0
2025-08-14 16:30:00,1549.6,1549.6,1547.85,1548.3,115,90,0
2025-08-14 17:00:00,1548.42,1548.83,1548.2,1548.82,78,90,0
2025-08-15 10:00:00,1557.15,1557.65,1552.41,1552.63,116,90,0
2025-08-15 10:30:00,1552.63,1552.87,1551.85,1552.15,84,90,0
2025-08-15 11:00:00,1552.15,1552.15,1550.19,1550.19,75,90,0
2025-08-15 11:30:00,1550.06,1550.06,1547.82,1548.22,72,90,0
2025-08-15 12:00:00,1548.22,1549.92,1547.82,1549.9,56,90,0
2025-08-15 12:30:00,1549.9,1549.9,1548.7,1548.89,63,90,0
2025-08-15 13:00:00,1548.89,1550.75,1548.64,1550.73,58,90,0
2025-08-15 13:30:00,1550.73,1550.93,1550.23,1550.79,51,90,0
2025-08-15 14:00:00,1550.79,1550.8,1549.81,1550.66,54,90,0
2025-08-15 14:30:00,1550.67,1551.02,1550.48,1550.84,60,90,0
2025-08-15 15:00:00,1550.83,1550.83,1548.81,1548.81,60,90,0
2025-08-15 15:30:00,1548.71,1549.83,1548.71,1549.57,63,90,0
2025-08-15 16:00:00,1549.57,1549.77,1548.31,1548.31,72,90,0
2025-08-15 16:30:00,1548.31,1548.31,1546.91,1547.29,96,90,0
2025-08-15 17:00:00,1547.17,1548.01,1546.39,1547.86,82,90,0
2025-08-18 10:00:00,1553.31,1553.31,1547.79,1547.79,247,90,0
2025-08-18 10:30:00,1547.79,1550.28,1546.83,1550.28,181,90,0
2025-08-18 11:00:00,1550.53,1551.81,1550.34,1550.73,140,90,0
2025-08-18 11:30:00,1550.6,1552.77,1550.59,1552.41,150,90,0
2025-08-18 12:00:00,1552.41,1553.23,1552.28,1552.38,124,90,0
2025-08-18 12:30:00,1552.33,1552.46,1551.36,1551.38,102,90,0
2025-08-18 13:00:00,1551.38,1551.38,1550.13,1550.13,108,90,0
2025-08-18 13:30:00,1550.13,1550.55,1550.1,1550.24,118,90,0
2025-08-18 14:00:00,1550.12,1551.46,1550.12,1551.24,112,90,0
2025-08-18 14:30:00,1551.25,1551.87,1551.11,1551.52,86,90,0
2025-08-18 15:00:00,1551.52,1552.64,1551.38,1551.78,96,90,0
2025-08-18 15:30:00,1551.78,1551.89,1550.9,1550.91,106,90,0
2025-08-18 16:00:00,1550.91,1551.11,1548.99,1549.11,126,90,0
2025-08-18 16:30:00,1549.11,1549.57,1547.45,1548.92,221,90,0
2025-08-18 17:00:00,1548.93,1549.58,1548.93,1549.45,108,90,0
2025-08-19 10:00:00,1550.07,1555.05,1549.57,1550.07,223,90,0
2025-08-19 10:30:00,1550.07,1551.19,1548.52,1550.95,165,90,0
2025-08-19 11:00:00,1550.95,1556.48,1550.54,1555.87,167,90,0
2025-08-19 11:30:00,1555.87,1556.24,1554.95,1555.07,163,90,0
2025-08-19 12:00:00,1554.94,1555.18,1553.07,1553.18,126,90,0
2025-08-19 12:30:00,1553.05,1554.27,1552.87,1553.92,108,90,0
2025-08-19 13:00:00,1554.04,1554.04,1552.49,1552.86,87,90,0
2025-08-19 13:30:00,1552.87,1553.19,1552.2,1552.38,101,90,0
2025-08-19 14:00:00,1552.38,1552.38,1550.7,1550.87,106,90,0
2025-08-19 14:30:00,1550.87,1551.34,1550.79,1551.11,109,90,0
2025-08-19 15:00:00,1551.11,1552.29,1550.65,1552.29,106,90,0
2025-08-19 15:30:00,1552.28,1552.28,1551.09,1551.48,90,90,0
2025-08-19 16:00:00,1551.48,1553.11,1551.2,1552.5,153,90,0
2025-08-19 16:30:00,1552.37,1554.19,1551.98,1551.98,194,90,0
2025-08-19 17:00:00,1551.98,1552.32,1550.73,1551.83,150,90,0
2025-08-20 10:00:00,1551.04,1552.91,1548.71,1549.16,422,90,0
2025-08-20 10:30:00,1549.16,1549.67,1545.7,1548.32,210,90,0
2025-08-20 11:00:00,1548.32,1549.28,1548.09,1549.28,138,90,0
2025-08-20 11:30:00,1549.28,1551.8,1548.88,1551.38,134,90,0
2025-08-20 12:00:00,1551.38,1553.11,1551.27,1552.98,124,90,0
2025-08-20 12:30:00,1553.11,1554.29,1553.11,1553.8,101,90,0
2025-08-20 13:00:00,1553.8,1554.51,1553.51,1553.89,103,90,0
2025-08-20 13:30:00,1553.89,1554.98,1553.89,1554.24,75,90,0
2025-08-20 14:00:00,1554.24,1555.18,1553.95,1554.22,93,90,0
2025-08-20 14:30:00,1554.23,1554.38,1553.86,1554.11,68,90,0
2025-08-20 15:00:00,1554.11,1556.35,1554.11,1556.23,95,90,0
2025-08-20 15:30:00,1556.24,1557.32,1556.02,1556.72,106,90,0
2025-08-20 16:00:00,1556.84,1559.7,1556.71,1559.69,126,90,0
2025-08-20 16:30:00,1559.81,1562.95,1559.44,1561.5,226,90,0
2025-08-20 17:00:00,1561.63,1563.14,1561.62,1562.2,184,90,0
2025-08-21 10:00:00,1578.02,1578.65,1568.94,1574.6,264,90,0
2025-08-21 10:30:00,1574.6,1574.91,1573.04,1573.4,169,90,0
2025-08-21 11:00:00,1573.27,1575.51,1573.12,1575.16,151,90,0
2025-08-21 11:30:00,1575.16,1575.38,1574.11,1574.42,123,90,0
2025-08-21 12:00:00,1574.41,1574.78,1573.59,1574.68,106,90,0
2025-08-21 12:30:00,1574.68,1574.95,1573.97,1574.26,77,90,0
2025-08-21 13:00:00,1574.27,1574.75,1573.93,1574.12,112,90,0
2025-08-21 13:30:00,1574.0,1574.12,1572.91,1573.47,103,90,0
2025-08-21 14:00:00,1573.46,1574.72,1573.21,1574.08,114,90,0
2025-08-21 14:30:00,1574.07,1574.07,1572.58,1572.83,109,90,0
2025-08-21 15:00:00,1572.83,1573.12,1572.4,1572.54,101,90,0
2025-08-21 15:30:00,1572.41,1572.73,1570.98,1571.58,122,90,0
2025-08-21 16:00:00,1571.58,1571.99,1570.27,1571.46,143,90,0
2025-08-21 16:30:00,1571.46,1572.95,1570.13,1571.3,191,90,0
2025-08-21 17:00:00,1571.05,1575.04,1571.05,1575.04,104,90,0
2025-08-22 10:00:00,1582.66,1582.79,1580.05,1580.12,155,90,0
2025-08-22 10:30:00,1580.12,1581.36,1579.86,1581.17,127,90,0
2025-08-22 11:00:00,1581.05,1581.05,1580.15,1580.15,87,90,0
2025-08-22 11:30:00,1580.15,1580.16,1578.52,1579.72,87,90,0
2025-08-22 12:00:00,1579.71,1579.71,1578.09,1578.72,74,90,0
2025-08-22 12:30:00,1578.72,1578.98,1578.48,1578.7,71,90,0
2025-08-22 13:00:00,1578.7,1579.1,1578.23,1579.09,55,90,0
2025-08-22 13:30:00,1579.09,1579.72,1578.95,1579.72,51,90,0
2025-08-22 14:00:00,1579.84,1580.38,1579.6,1579.67,61,90,0
2025-08-22 14:30:00,1579.67,1579.67,1577.43,1577.86,61,90,0
2025-08-22 15:00:00,1577.87,1577.87,1576.88,1577.2,58,90,0
2025-08-22 15:30:00,1577.2,1578.69,1577.18,1578.46,61,90,0
2025-08-22 16:00:00,1578.46,1579.31,1578.33,1579.31,71,90,0
2025-08-22 16:30:00,1579.44,1581.85,1579.43,1581.72,106,90,0
2025-08-22 17:00:00,1582.1,1582.41,1581.54,1582.16,87,90,0
2025-08-25 10:00:00,1578.65,1578.9,1575.48,1576.64,206,90,0
2025-08-25 10:30:00,1576.64,1576.76,1574.35,1575.66,89,90,0
2025-08-25 11:00:00,1575.79,1576.98,1575.28,1576.75,73,90,0
2025-08-25 11:30:00,1576.74,1578.43,1576.74,1577.08,81,90,0
2025-08-25 12:00:00,1577.08,1577.42,1576.7,1576.98,56,90,0
2025-08-25 12:30:00,1576.98,1577.11,1575.77,1575.95,58,90,0
2025-08-25 13:00:00,1575.94,1576.31,1575.73,1575.74,56,90,0
2025-08-25 13:30:00,1575.74,1576.61,1575.48,1576.38,59,90,0
2025-08-25 14:00:00,1576.38,1578.73,1576.37,1578.48,69,90,0
2025-08-25 14:30:00,1578.48,1579.03,1578.32,1579.03,47,90,0
2025-08-25 15:00:00,1579.03,1579.33,1577.87,1577.87,63,90,0
2025-08-25 15:30:00,1577.87,1578.77,1577.86,1578.4,57,90,0
2025-08-25 16:00:00,1578.4,1580.3,1578.39,1579.99,76,90,0
2025-08-25 16:30:00,1579.99,1581.38,1579.37,1580.76,110,90,0
2025-08-25 17:00:00,1580.88,1581.57,1580.08,1581.11,82,90,0
2025-08-26 10:00:00,1579.13,1580.13,1574.37,1574.37,252,90,0
2025-08-26 10:30:00,1574.37,1577.09,1574.37,1577.09,125,90,0
2025-08-26 11:00:00,1576.97,1579.72,1576.72,1578.69,102,90,0
2025-08-26 11:30:00,1578.8,1579.71,1578.64,1579.03,86,90,0
2025-08-26 12:00:00,1579.03,1582.08,1579.03,1581.73,103,90,0
2025-08-26 12:30:00,1581.73,1583.01,1580.8,1580.8,115,90,0
2025-08-26 13:00:00,1580.8,1581.39,1580.78,1581.01,62,90,0
2025-08-26 13:30:00,1581.01,1581.01,1577.02,1577.11,92,90,0
2025-08-26 14:00:00,1577.11,1577.94,1577.0,1577.68,72,90,0
2025-08-26 14:30:00,1577.68,1577.79,1576.12,1576.23,60,90,0
2025-08-26 15:00:00,1576.23,1576.23,1573.61,1573.61,79,90,0
2025-08-26 15:30:00,1573.62,1575.46,1573.6,1575.33,86,90,0
2025-08-26 16:00:00,1575.33,1577.49,1575.33,1577.1,93,90,0
2025-08-26 16:30:00,1577.1,1578.25,1576.65,1577.49,136,90,0
2025-08-26 17:00:00,1577.61,1578.69,1577.6,1578.45,93,90,0
2025-08-27 10:00:00,1576.1,1577.72,1573.86,1575.97,196,90,0
2025-08-27 10:30:00,1575.97,1576.5,1575.01,1576.12,101,90,0
2025-08-27 11:00:00,1576.12,1576.12,1573.32,1574.08,90,90,0
2025-08-27 11:30:00,1574.08,1574.45,1572.28,1572.55,89,90,0
2025-08-27 12:00:00,1572.55,1574.04,1572.55,1574.02,82,90,0
2025-08-27 12:30:00,1574.02,1574.67,1573.79,1573.94,68,90,0
2025-08-27 13:00:00,1573.94,1574.45,1573.78,1573.95,74,90,0
2025-08-27 13:30:00,1573.94,1573.95,1573.02,1573.48,71,90,0
2025-08-27 14:00:00,1573.48,1574.39,1573.48,1574.39,83,90,0
2025-08-27 14:30:00,1574.39,1574.39,1573.81,1574.09,61,90,0
2025-08-27 15:00:00,1574.09,1574.1,1573.3,1573.3,64,90,0
2025-08-27 15:30:00,1573.3,1573.32,1570.06,1570.06,77,90,0
2025-08-27 16:00:00,1570.18,1570.43,1567.81,1567.81,115,90,0
2025-08-27 16:30:00,1567.68,1570.8,1567.68,1569.07,114,90,0
2025-08-27 17:00:00,1569.07,1570.18,1568.41,1568.41,81,90,0
2025-08-28 10:00:00,1567.62,1571.23,1567.3,1570.63,187,90,0
2025-08-28 10:30:00,1570.64,1570.96,1568.27,1568.66,99,90,0
2025-08-28 11:00:00,1568.66,1569.19,1567.91,1568.04,79,90,0
2025-08-28 11:30:00,1568.04,1568.28,1565.93,1565.95,88,90,0
2025-08-28 12:00:00,1565.95,1566.09,1564.79,1565.05,79,90,0
2025-08-28 12:30:00,1565.05,1565.05,1561.7,1561.74,85,90,0
2025-08-28 13:00:00,1561.74,1562.14,1561.36,1561.91,66,90,0
2025-08-28 13:30:00,1561.91,1562.04,1561.59,1561.89,74,90,0
2025-08-28 14:00:00,1561.89,1561.99,1561.44,1561.44,58,90,0
2025-08-28 14:30:00,1561.44,1563.67,1561.43,1562.95,65,90,0
2025-08-28 15:00:00,1562.95,1563.36,1562.19,1562.19,63,90,0
2025-08-28 15:30:00,1562.31,1562.6,1562.15,1562.6,77,90,0
2025-08-28 16:00:00,1562.6,1562.64,1561.52,1562.02,83,90,0
2025-08-28 16:30:00,1562.02,1562.02,1558.44,1559.32,139,90,0
2025-08-28 17:00:00,1559.32,1559.72,1558.42,1559.06,71,90,0
2025-08-29 10:00:00,1564.34,1567.95,1562.1,1567.35,167,90,0
2025-08-29 10:30:00,1567.35,1568.54,1566.27,1567.02,118,90,0
2025-08-29 11:00:00,1567.15,1569.54,1567.15,1569.42,81,90,0
2025-08-29 11:30:00,1569.42,1569.56,1565.71,1565.83,79,90,0
2025-08-29 12:00:00,1565.83,1566.54,1565.69,1566.54,70,90,0
2025-08-29 12:30:00,1566.54,1568.68,1566.54,1568.36,65,90,0
2025-08-29 13:00:00,1568.35,1568.35,1566.7,1568.04,85,90,0
2025-08-29 13:30:00,1568.04,1568.04,1567.21,1567.21,63,90,0
2025-08-29 14:00:00,1567.34,1570.95,1567.33,1570.82,79,90,0
2025-08-29 14:30:00,1570.82,1571.32,1569.23,1569.35,84,90,0
2025-08-29 15:00:00,1569.35,1570.07,1568.4,1570.07,100,90,0
2025-08-29 15:30:00,1570.2,1572.68,1570.03,1572.52,108,90,0
2025-08-29 16:00:00,1572.53,1573.02,1572.38,1572.7,72,90,0
2025-08-29 16:30:00,1572.7,1575.08,1572.7,1573.26,120,90,0
2025-08-29 17:00:00,1573.39,1573.66,1569.67,1569.67,90,90,0
2025-09-01 10:00:00,1570.74,1571.58,1569.0,1569.97,185,90,0
2025-09-01 10:30:00,1570.09,1572.1,1569.32,1569.32,106,90,0
2025-09-01 11:00:00,1569.19,1571.26,1568.42,1570.54,92,90,0
2025-09-01 11:30:00,1570.54,1570.54,1569.0,1569.0,76,90,0
2025-09-01 12:00:00,1569.0,1570.89,1568.99,1570.56,76,90,0
2025-09-01 12:30:00,1570.55,1570.73,1569.92,1570.64,60,90,0
2025-09-01 13:00:00,1570.63,1570.81,1570.1,1570.12,69,90,0
2025-09-01 13:30:00,1570.12,1570.12,1567.18,1567.18,71,90,0
2025-09-01 14:00:00,1567.3,1568.05,1567.3,1567.77,62,90,0
2025-09-01 14:30:00,1567.77,1569.36,1567.64,1569.33,68,90,0
2025-09-01 15:00:00,1569.33,1569.69,1568.57,1569.03,65,90,0
2025-09-01 15:30:00,1569.03,1570.52,1569.03,1570.32,61,90,0
2025-09-01 16:00:00,1570.33,1570.87,1570.14,1570.14,62,90,0
2025-09-01 16:30:00,1570.14,1571.01,1569.64,1570.24,81,90,0
2025-09-01 17:00:00,1570.24,1571.67,1570.24,1571.04,46,90,0
2025-09-02 10:00:00,1568.49,1570.67,1566.12,1570.54,164,90,0
2025-09-02 10:30:00,1570.54,1573.77,1568.51,1568.51,132,90,0
2025-09-02 11:00:00,1568.39,1569.42,1566.98,1568.5,113,90,0
2025-09-02 11:30:00,1568.49,1570.16,1567.99,1570.06,92,90,0
2025-09-02 12:00:00,1570.06,1570.06,1568.12,1568.39,64,90,0
2025-09-02 12:30:00,1568.39,1568.39,1566.87,1566.87,82,90,0
2025-09-02 13:00:00,1566.74,1566.74,1564.3,1564.31,88,90,0
2025-09-02 13:30:00,1564.31,1564.36,1562.48,1562.63,78,90,0
2025-09-02 14:00:00,1562.63,1562.66,1560.64,1561.19,77,90,0
2025-09-02 14:30:00,1561.2,1561.54,1560.78,1560.78,73,90,0
2025-09-02 15:00:00,1560.77,1560.79,1558.49,1558.5,97,90,0
2025-09-02 15:30:00,1558.5,1558.66,1554.8,1554.94,95,90,0
2025-09-02 16:00:00,1554.94,1555.82,1554.65,1555.44,92,90,0
2025-09-02 16:30:00,1555.44,1557.34,1551.52,1556.94,161,90,0
2025-09-02 17:00:00,1556.94,1560.21,1556.81,1557.03,110,90,0
2025-09-03 10:00:00,1558.04,1559.28,1554.82,1555.09,191,90,0
2025-09-03 10:30:00,1555.09,1556.59,1553.85,1554.99,117,90,0
2025-09-03 11:00:00,1554.99,1559.2,1554.86,1558.35,119,90,0
2025-09-03 11:30:00,1558.36,1559.54,1557.11,1559.54,89,90,0
2025-09-03 12:00:00,1559.55,1561.08,1558.77,1558.97,102,90,0
2025-09-03 12:30:00,1558.97,1559.35,1551.73,1552.11,171,90,0
2025-09-03 13:00:00,1552.11,1553.91,1551.86,1553.34,101,90,0
2025-09-03 13:30:00,1553.34,1554.31,1553.13,1553.14,79,90,0
2025-09-03 14:00:00,1553.14,1553.26,1551.68,1552.2,72,90,0
2025-09-03 14:30:00,1552.2,1552.2,1549.03,1549.15,92,90,0
2025-09-03 15:00:00,1549.03,1549.81,1547.18,1547.19,97,90,0
2025-09-03 15:30:00,1547.19,1549.81,1546.69,1549.81,106,90,0
2025-09-03 16:00:00,1549.82,1551.93,1549.82,1551.34,93,90,0
2025-09-03 16:30:00,1551.34,1553.24,1545.26,1545.51,193,90,0
2025-09-03 17:00:00,1545.64,1546.33,1544.26,1544.95,102,90,0
2025-09-04 10:00:00,1544.86,1548.74,1540.74,1547.49,224,90,0
2025-09-04 10:30:00,1547.49,1552.32,1545.87,1552.3,172,90,0
2025-09-04 11:00:00,1552.29,1553.05,1550.64,1550.97,130,90,0
2025-09-04 11:30:00,1550.97,1553.18,1550.95,1552.17,88,90,0
2025-09-04 12:00:00,1552.17,1552.51,1549.86,1552.39,105,90,0
2025-09-04 12:30:00,1552.52,1553.44,1552.52,1552.99,72,90,0
2025-09-04 13:00:00,1552.99,1555.69,1552.99,1553.91,93,90,0
2025-09-04 13:30:00,1553.91,1553.91,1551.26,1551.94,89,90,0
2025-09-04 14:00:00,1551.94,1553.18,1551.94,1553.18,71,90,0
2025-09-04 14:30:00,1553.3,1554.24,1553.28,1553.52,71,90,0
2025-09-04 15:00:00,1553.52,1554.93,1553.52,1554.67,74,90,0
2025-09-04 15:30:00,1554.79,1555.59,1553.66,1555.44,88,90,0
2025-09-04 16:00:00,1555.43,1555.61,1553.05,1553.05,87,90,0
2025-09-04 16:30:00,1553.05,1557.09,1551.4,1555.93,152,90,0
2025-09-04 17:00:00,1555.8,1558.18,1555.54,1557.3,109,90,0
2025-09-05 10:00:00,1559.18,1559.3,1556.76,1556.76,144,90,0
2025-09-05 10:30:00,1556.76,1557.66,1555.0,1555.76,111,90,0
2025-09-05 11:00:00,1555.76,1555.98,1555.28,1555.73,66,90,0
2025-09-05 11:30:00,1555.72,1557.03,1555.71,1555.71,79,90,0
2025-09-05 12:00:00,1555.71,1557.43,1555.59,1557.3,72,90,0
2025-09-05 12:30:00,1557.43,1557.43,1555.17,1556.46,81,90,0
2025-09-05 13:00:00,1556.47,1556.88,1555.32,1555.32,68,90,0
2025-09-05 13:30:00,1555.3,1555.66,1554.03,1554.18,55,90,0
2025-09-05 14:00:00,1554.18,1555.73,1553.69,1555.44,70,90,0
2025-09-05 14:30:00,1555.44,1556.19,1555.3,1555.74,60,90,0
2025-09-05 15:00:00,1555.75,1555.75,1553.52,1553.65,82,90,0
2025-09-05 15:30:00,1553.9,1555.62,1551.75,1554.84,159,90,0
2025-09-05 16:00:00,1554.83,1555.35,1553.19,1553.72,92,90,0
2025-09-05 16:30:00,1553.72,1553.72,1549.79,1551.98,177,90,0
2025-09-05 17:00:00,1551.98,1551.99,1549.88,1551.23,105,90,0
2025-09-08 10:00:00,1557.42,1561.53,1554.27,1556.89,186,90,0
2025-09-08 10:30:00,1556.89,1558.65,1556.48,1557.47,116,90,0
2025-09-08 11:00:00,1557.34,1557.47,1555.34,1555.34,103,90,0
2025-09-08 11:30:00,1555.34,1557.54,1554.73,1557.38,97,90,0
2025-09-08 12:00:00,1557.38,1558.19,1556.79,1558.19,77,90,0
2025-09-08 12:30:00,1558.32,1558.33,1557.25,1557.45,73,90,0
2025-09-08 13:00:00,1557.45,1558.95,1557.42,1557.55,88,90,0
2025-09-08 13:30:00,1557.55,1557.8,1557.27,1557.51,75,90,0
2025-09-08 14:00:00,1557.51,1557.51,1555.48,1556.26,82,90,0
2025-09-08 14:30:00,1556.26,1557.56,1556.26,1556.86,78,90,0
2025-09-08 15:00:00,1556.86,1557.23,1555.84,1556.29,61,90,0
2025-09-08 15:30:00,1556.29,1558.16,1555.66,1557.8,82,90,0
2025-09-08 16:00:00,1557.8,1557.8,1556.09,1556.09,78,90,0
2025-09-08 16:30:00,1556.09,1557.22,1553.34,1553.34,137,90,0
2025-09-08 17:00:00,1553.34,1553.78,1551.73,1553.76,115,90,0
2025-09-09 10:00:00,1554.4,1557.95,1553.4,1557.82,185,90,0
2025-09-09 10:30:00,1557.82,1558.72,1555.19,1555.57,126,90,0
2025-09-09 11:00:00,1555.57,1557.07,1555.13,1556.44,91,90,0
2025-09-09 11:30:00,1556.44,1557.98,1554.65,1555.16,100,90,0
2025-09-09 12:00:00,1555.16,1555.16,1553.74,1554.1,83,90,0
2025-09-09 12:30:00,1554.12,1555.04,1553.86,1555.04,67,90,0
2025-09-09 13:00:00,1555.04,1557.6,1555.04,1557.58,68,90,0
2025-09-09 13:30:00,1557.58,1557.58,1556.12,1556.51,75,90,0
2025-09-09 14:00:00,1556.51,1557.09,1556.28,1556.47,70,90,0
2025-09-09 14:30:00,1556.35,1557.74,1556.34,1557.74,65,90,0
2025-09-09 15:00:00,1557.74,1560.26,1557.74,1559.76,73,90,0
2025-09-09 15:30:00,1559.63,1560.05,1559.17,1559.34,91,90,0
2025-09-09 16:00:00,1559.21,1562.0,1559.21,1560.12,147,90,0
2025-09-09 16:30:00,1559.99,1561.37,1559.74,1561.37,140,90,0
2025-09-09 17:00:00,1561.36,1561.42,1559.74,1560.79,123,90,0
2025-09-10 10:00:00,1562.21,1566.43,1561.33,1564.6,173,90,0
2025-09-10 10:30:00,1564.35,1564.59,1561.12,1564.31,160,90,0
2025-09-10 11:00:00,1564.31,1568.92,1564.31,1568.74,135,90,0
2025-09-10 11:30:00,1568.74,1568.86,1564.74,1565.47,119,90,0
2025-09-10 12:00:00,1565.47,1567.66,1565.34,1566.95,102,90,0
2025-09-10 12:30:00,1566.95,1570.21,1566.81,1570.07,64,90,0
2025-09-10 13:00:00,1570.06,1570.48,1569.12,1569.41,88,90,0
2025-09-10 13:30:00,1569.41,1572.37,1569.28,1572.24,97,90,0
2025-09-10 14:00:00,1572.24,1572.27,1570.79,1571.9,118,90,0
2025-09-10 14:30:00,1571.91,1572.74,1571.63,1572.74,81,90,0
2025-09-10 15:00:00,1572.74,1573.54,1572.6,1572.72,79,90,0
2025-09-10 15:30:00,1572.72,1575.17,1571.69,1575.17,101,90,0
2025-09-10 16:00:00,1575.17,1575.93,1572.24,1572.24,122,90,0
2025-09-10 16:30:00,1572.24,1574.83,1571.2,1573.81,140,90,0
2025-09-10 17:00:00,1573.69,1575.67,1573.69,1574.78,81,90,0
2025-09-11 10:00:00,1578.8,1583.18,1578.8,1581.51,184,90,0
2025-09-11 10:30:00,1581.51,1581.76,1578.93,1579.8,118,90,0
2025-09-11 11:00:00,1579.8,1580.9,1579.42,1580.16,92,90,0
2025-09-11 11:30:00,1580.04,1580.41,1579.28,1579.79,69,90,0
2025-09-11 12:00:00,1579.79,1581.1,1579.79,1581.03,84,90,0
2025-09-11 12:30:00,1581.03,1581.17,1579.46,1579.71,78,90,0
2025-09-11 13:00:00,1579.71,1579.81,1579.29,1579.81,60,90,0
2025-09-11 13:30:00,1579.81,1579.94,1578.75,1579.94,67,90,0
2025-09-11 14:00:00,1579.95,1581.02,1579.85,1580.62,75,90,0
2025-09-11 14:30:00,1580.62,1580.73,1578.74,1578.74,66,90,0
2025-09-11 15:00:00,1578.74,1578.76,1575.79,1575.92,80,90,0
2025-09-11 15:30:00,1576.17,1577.1,1574.04,1577.1,110,90,0
2025-09-11 16:00:00,1577.1,1577.23,1574.05,1574.05,98,90,0
2025-09-11 16:30:00,1573.93,1574.95,1572.29,1574.55,140,90,0
2025-09-11 17:00:00,1574.55,1575.37,1574.4,1574.78,54,90,0
2025-09-12 10:00:00,1573.29,1578.39,1573.29,1575.42,155,90,0
2025-09-12 10:30:00,1575.42,1575.42,1573.88,1574.32,106,90,0
2025-09-12 11:00:00,1574.32,1574.32,1571.31,1572.74,110,90,0
2025-09-12 11:30:00,1572.74,1573.32,1572.65,1572.95,79,90,0
2025-09-12 12:00:00,1572.96,1573.33,1570.86,1573.33,86,90,0
2025-09-12 12:30:00,1573.33,1574.27,1573.09,1573.33,149,90,0
2025-09-12 13:00:00,1573.45,1573.78,1572.56,1573.3,131,90,0
2025-09-12 13:30:00,1573.18,1575.74,1573.05,1575.5,164,90,0
2025-09-12 14:00:00,1575.39,1575.92,1574.83,1575.08,138,90,0
2025-09-12 14:30:00,1575.21,1577.4,1575.08,1577.4,98,90,0
2025-09-12 15:00:00,1577.39,1579.2,1576.32,1578.58,166,90,0
2025-09-12 15:30:00,1578.71,1581.0,1578.71,1580.12,217,90,0
2025-09-12 16:00:00,1579.87,1579.87,1576.3,1577.14,205,90,0
2025-09-12 16:30:00,1577.02,1580.42,1575.59,1576.36,324,90,0
2025-09-12 17:00:00,1576.11,1577.37,1575.24,1577.13,185,90,0
2025-09-15 10:00:00,1582.57,1582.7,1577.3,1579.37,412,90,0
2025-09-15 10:30:00,1579.25,1582.58,1579.25,1582.09,315,90,0
2025-09-15 11:00:00,1581.96,1585.15,1580.72,1585.15,206,90,0
2025-09-15 11:30:00,1584.9,1585.75,1583.48,1583.48,168,90,0
2025-09-15 12:00:00,1583.36,1584.02,1582.54,1583.11,162,90,0
2025-09-15 12:30:00,1583.0,1584.5,1582.52,1584.26,116,90,0
2025-09-15 13:00:00,1584.39,1586.29,1584.21,1586.29,133,90,0
2025-09-15 13:30:00,1586.28,1586.53,1584.71,1584.72,106,90,0
2025-09-15 14:00:00,1584.6,1586.57,1584.11,1586.21,129,90,0
2025-09-15 14:30:00,1586.17,1586.95,1585.91,1585.94,105,90,0
2025-09-15 15:00:00,1586.19,1586.33,1583.6,1584.9,140,90,0
2025-09-15 15:30:00,1585.02,1585.05,1583.45,1583.45,122,90,0
2025-09-15 16:00:00,1583.32,1583.89,1582.51,1582.51,153,90,0
2025-09-15 16:30:00,1582.63,1584.27,1581.27,1584.26,274,90,0
2025-09-15 17:00:00,1584.38,1586.07,1582.11,1585.43,220,90,0
2025-09-16 10:00:00,1585.75,1586.12,1577.14,1577.77,510,90,0
2025-09-16 10:30:00,1577.89,1581.14,1576.82,1576.95,318,90,0
2025-09-16 11:00:00,1577.19,1577.9,1575.66,1576.87,262,90,0
2025-09-16 11:30:00,1576.99,1577.86,1576.38,1576.88,176,90,0
2025-09-16 12:00:00,1576.77,1577.79,1575.79,1577.12,166,90,0
2025-09-16 12:30:00,1577.0,1577.87,1575.56,1575.79,146,90,0
2025-09-16 13:00:00,1575.67,1576.0,1574.35,1574.94,115,90,0
2025-09-16 13:30:00,1575.05,1576.38,1574.58,1574.95,87,90,0
2025-09-16 14:00:00,1575.07,1577.76,1574.82,1577.51,137,90,0
2025-09-16 14:30:00,1577.5,1579.2,1577.49,1578.31,122,90,0
2025-09-16 15:00:00,1578.19,1581.03,1578.19,1581.03,172,90,0
2025-09-16 15:30:00,1581.02,1581.52,1578.84,1579.09,170,90,0
2025-09-16 16:00:00,1578.97,1579.58,1577.55,1577.55,202,90,0
2025-09-16 16:30:00,1577.67,1579.61,1576.77,1578.0,352,90,0
2025-09-16 17:00:00,1577.87,1579.26,1576.75,1579.0,226,90,0
2025-09-17 10:00:00,1574.66,1575.14,1570.57,1572.42,397,90,0
2025-09-17 10:30:00,1572.3,1574.15,1570.68,1571.19,276,90,0
2025-09-17 11:00:00,1571.32,1572.27,1568.55,1568.93,211,90,0
2025-09-17 11:30:00,1569.05,1570.2,1567.93,1568.92,175,90,0
2025-09-17 12:00:00,1568.8,1569.14,1566.55,1568.13,200,90,0
2025-09-17 12:30:00,1568.0,1568.37,1566.8,1567.08,142,90,0
2025-09-17 13:00:00,1566.83,1568.97,1566.82,1568.36,95,90,0
2025-09-17 13:30:00,1568.12,1568.25,1567.24,1567.82,126,90,0
2025-09-17 14:00:00,1567.7,1568.33,1567.08,1568.33,102,90,0
2025-09-17 14:30:00,1568.58,1569.62,1568.44,1568.86,101,90,0
2025-09-17 15:00:00,1568.87,1572.83,1568.62,1572.71,132,90,0
2025-09-17 15:30:00,1572.57,1572.7,1571.03,1571.35,120,90,0
2025-09-17 16:00:00,1571.1,1572.24,1570.73,1571.26,123,90,0
2025-09-17 16:30:00,1571.51,1573.33,1570.77,1571.03,281,90,0
2025-09-17 17:00:00,1571.28,1571.53,1570.31,1571.14,122,90,0
2025-09-18 10:00:00,1572.28,1573.56,1571.05,1571.55,126,90,0
2025-09-18 10:30:00,1571.43,1574.58,1571.43,1574.58,90,90,0
2025-09-18 11:00:00,1574.58,1577.13,1572.95,1574.64,161,90,0
2025-09-18 11:30:00,1574.65,1576.2,1573.71,1576.08,87,90,0
2025-09-18 12:00:00,1576.08,1576.08,1573.16,1573.86,80,90,0
2025-09-18 12:30:00,1573.99,1574.43,1570.37,1570.62,82,90,0
2025-09-18 13:00:00,1570.62,1572.16,1570.61,1571.63,65,90,0
2025-09-18 13:30:00,1571.62,1571.74,1569.74,1570.19,86,90,0
2025-09-18 14:00:00,1570.44,1570.86,1569.26,1569.26,72,90,0
2025-09-18 14:30:00,1569.25,1569.77,1567.29,1567.29,77,90,0
2025-09-18 15:00:00,1567.29,1568.2,1566.2,1568.07,76,90,0
2025-09-18 15:30:00,1568.07,1568.95,1567.44,1567.44,69,90,0
2025-09-18 16:00:00,1567.44,1567.44,1565.81,1566.12,83,90,0
2025-09-18 16:30:00,1566.0,1566.75,1564.24,1566.52,146,90,0
2025-09-18 17:00:00,1566.52,1569.37,1565.94,1569.37,65,90,0
2025-09-19 10:00:00,1569.9,1572.24,1566.4,1571.75,388,90,0
2025-09-19 10:30:00,1571.88,1575.07,1571.63,1573.23,264,90,0
2025-09-19 11:00:00,1572.98,1573.49,1571.1,1571.22,204,90,0
2025-09-19 11:30:00,1571.22,1572.36,1570.56,1570.94,199,90,0
2025-09-19 12:00:00,1570.82,1571.1,1569.69,1570.42,186,90,0
2025-09-19 12:30:00,1570.16,1570.52,1566.51,1566.88,306,90,0
2025-09-19 13:00:00,1566.88,1568.17,1566.25,1567.26,179,90,0
2025-09-19 13:30:00,1567.39,1567.39,1565.01,1567.11,177,90,0
2025-09-19 14:00:00,1566.99,1567.22,1565.19,1565.21,141,90,0
2025-09-19 14:30:00,1565.21,1567.14,1564.72,1566.63,180,90,0
2025-09-19 15:00:00,1566.62,1567.12,1563.7,1563.96,206,90,0
2025-09-19 15:30:00,1563.96,1566.71,1563.96,1566.35,132,90,0
2025-09-19 16:00:00,1566.34,1566.51,1565.09,1565.99,152,90,0
2025-09-19 16:30:00,1565.99,1566.54,1563.03,1564.03,276,90,0
2025-09-19 17:00:00,1563.79,1564.04,1562.94,1563.93,183,90,0
2025-09-22 10:00:00,1562.24,1565.6,1560.43,1562.33,513,90,0
2025-09-22 10:30:00,1562.2,1564.35,1561.91,1563.95,313,90,0
2025-09-22 11:00:00,1563.83,1565.97,1563.58,1564.81,206,90,0
2025-09-22 11:30:00,1564.81,1566.62,1563.57,1566.38,121,90,0
2025-09-22 12:00:00,1566.37,1566.5,1562.63,1562.63,81,90,0
2025-09-22 12:30:00,1562.61,1562.61,1559.13,1559.29,97,90,0
2025-09-22 13:00:00,1559.3,1562.24,1558.8,1561.75,80,90,0
2025-09-22 13:30:00,1561.86,1562.24,1561.56,1561.91,76,90,0
2025-09-22 14:00:00,1561.91,1564.81,1561.9,1564.81,77,90,0
2025-09-22 14:30:00,1564.8,1565.54,1564.34,1564.54,71,90,0
2025-09-22 15:00:00,1564.54,1565.05,1563.91,1564.51,93,90,0
2025-09-22 15:30:00,1564.51,1564.63,1561.51,1561.88,74,90,0
2025-09-22 16:00:00,1561.75,1563.03,1560.91,1560.91,89,90,0
2025-09-22 16:30:00,1560.91,1562.21,1559.43,1562.08,151,90,0
2025-09-22 17:00:00,1561.95,1561.95,1560.12,1560.53,82,90,0
2025-09-23 10:00:00,1562.6,1570.18,1562.6,1569.47,210,90,0
2025-09-23 10:30:00,1569.22,1570.91,1569.05,1569.97,135,90,0
2025-09-23 11:00:00,1569.98,1570.75,1569.81,1569.81,104,90,0
2025-09-23 11:30:00,1569.81,1569.81,1567.76,1568.02,101,90,0
2025-09-23 12:00:00,1568.02,1571.68,1568.01,1571.6,111,90,0
2025-09-23 12:30:00,1571.6,1571.63,1570.86,1571.49,81,90,0
2025-09-23 13:00:00,1571.49,1573.62,1571.44,1573.01,89,90,0
2025-09-23 13:30:00,1572.89,1573.43,1571.7,1572.92,95,90,0
2025-09-23 14:00:00,1572.92,1572.92,1571.04,1571.29,83,90,0
2025-09-23 14:30:00,1571.28,1571.4,1570.41,1571.06,73,90,0
2025-09-23 15:00:00,1571.06,1572.99,1571.06,1572.99,82,90,0
2025-09-23 15:30:00,1572.99,1572.99,1571.3,1572.08,109,90,0
2025-09-23 16:00:00,1572.08,1572.98,1571.95,1572.46,90,90,0
2025-09-23 16:30:00,1572.46,1575.51,1572.33,1575.5,157,90,0
2025-09-23 17:00:00,1575.5,1577.19,1574.95,1577.19,105,90,0
2025-09-24 10:00:00,1575.06,1582.16,1573.76,1574.62,308,90,0
2025-09-24 10:30:00,1574.62,1578.19,1572.45,1577.94,243,90,0
2025-09-24 11:00:00,1577.95,1577.95,1575.19,1575.57,178,90,0
2025-09-24 11:30:00,1575.57,1577.0,1575.45,1576.48,173,90,0
2025-09-24 12:00:00,1576.34,1581.33,1576.06,1581.31,158,90,0
2025-09-24 12:30:00,1581.31,1581.31,1578.79,1578.79,120,90,0
2025-09-24 13:00:00,1578.92,1578.92,1577.87,1578.72,120,90,0
2025-09-24 13:30:00,1578.72,1580.87,1578.72,1580.31,105,90,0
2025-09-24 14:00:00,1580.31,1581.04,1578.84,1578.84,108,90,0
2025-09-24 14:30:00,1578.83,1578.95,1576.52,1577.41,116,90,0
2025-09-24 15:00:00,1577.41,1579.66,1577.41,1579.32,141,90,0
2025-09-24 15:30:00,1579.3,1580.15,1579.0,1579.51,157,90,0
2025-09-24 16:00:00,1579.51,1581.73,1579.39,1580.86,135,90,0
2025-09-24 16:30:00,1580.84,1586.7,1580.84,1586.09,273,90,0
2025-09-24 17:00:00,1586.09,1586.96,1585.48,1586.71,150,90,0
2025-09-25 10:00:00,1584.69,1585.04,1581.93,1584.99,309,90,0
2025-09-25 10:30:00,1584.99,1589.98,1584.99,1589.98,206,90,0
2025-09-25 11:00:00,1589.98,1593.81,1589.98,1593.55,212,90,0
2025-09-25 11:30:00,1593.43,1593.43,1590.75,1590.89,197,90,0
2025-09-25 12:00:00,1591.01,1592.39,1590.88,1590.93,158,90,0
2025-09-25 12:30:00,1590.93,1590.95,1588.1,1589.36,172,90,0
2025-09-25 13:00:00,1589.36,1591.29,1589.11,1590.93,145,90,0
2025-09-25 13:30:00,1590.93,1592.73,1590.36,1592.03,127,90,0
2025-09-25 14:00:00,1592.03,1592.03,1587.22,1587.53,131,90,0
2025-09-25 14:30:00,1587.54,1587.72,1583.78,1584.34,149,90,0
2025-09-25 15:00:00,1584.22,1585.17,1584.2,1584.44,137,90,0
2025-09-25 15:30:00,1584.32,1585.27,1583.87,1584.83,150,90,0
2025-09-25 16:00:00,1584.84,1585.95,1584.44,1585.6,150,90,0
2025-09-25 16:30:00,1585.48,1587.75,1584.88,1585.44,249,90,0
2025-09-25 17:00:00,1585.32,1585.91,1585.32,1585.6,111,90,0
2025-09-26 10:00:00,1583.92,1584.79,1577.01,1580.06,290,90,0
2025-09-26 10:30:00,1580.18,1584.94,1580.18,1581.33,238,90,0
2025-09-26 11:00:00,1581.33,1581.68,1580.68,1580.81,157,90,0
2025-09-26 11:30:00,1580.81,1581.23,1579.1,1579.24,115,90,0
2025-09-26 12:00:00,1579.24,1579.24,1577.64,1577.83,136,90,0
2025-09-26 12:30:00,1577.83,1582.54,1577.8,1582.42,100,90,0
2025-09-26 13:00:00,1582.42,1582.53,1581.02,1581.87,85,90,0
2025-09-26 13:30:00,1581.87,1582.3,1581.71,1581.91,77,90,0
2025-09-26 14:00:00,1581.91,1583.74,1581.9,1583.61,70,90,0
2025-09-26 14:30:00,1583.61,1585.94,1583.61,1585.32,76,90,0
2025-09-26 15:00:00,1585.32,1587.35,1584.92,1587.35,76,90,0
2025-09-26 15:30:00,1587.34,1587.34,1586.24,1586.24,74,90,0
2025-09-26 16:00:00,1586.24,1587.49,1586.24,1587.49,79,90,0
2025-09-26 16:30:00,1587.37,1590.96,1587.37,1589.57,155,90,0
2025-09-26 17:00:00,1589.57,1589.57,1588.07,1589.34,94,90,0
2025-09-29 10:00:00,1587.75,1589.25,1584.76,1587.82,173,90,0
2025-09-29 10:30:00,1587.82,1588.8,1587.13,1588.07,114,90,0
2025-09-29 11:00:00,1588.07,1588.07,1585.68,1586.46,106,90,0
2025-09-29 11:30:00,1586.46,1587.43,1584.93,1587.26,120,90,0
2025-09-29 12:00:00,1587.26,1591.83,1587.25,1591.57,139,90,0
2025-09-29 12:30:00,1591.58,1592.44,1591.4,1592.4,100,90,0
2025-09-29 13:00:00,1592.41,1593.01,1592.22,1592.89,80,90,0
2025-09-29 13:30:00,1592.89,1592.91,1591.51,1591.82,88,90,0
2025-09-29 14:00:00,1591.7,1592.92,1590.57,1592.92,85,90,0
2025-09-29 14:30:00,1592.92,1594.94,1592.92,1594.79,81,90,0
2025-09-29 15:00:00,1594.79,1594.79,1593.08,1593.47,100,90,0
2025-09-29 15:30:00,1593.48,1593.64,1592.82,1593.18,94,90,0
2025-09-29 16:00:00,1593.05,1593.19,1590.1,1590.75,128,90,0
2025-09-29 16:30:00,1590.63,1590.76,1583.09,1583.11,287,90,0
2025-09-29 17:00:00,1583.11,1584.68,1582.12,1584.68,191,90,0
2025-09-30 10:00:00,1578.79,1582.05,1577.11,1577.11,196,90,0
2025-09-30 10:30:00,1577.11,1577.11,1572.88,1575.05,145,90,0
2025-09-30 11:00:00,1575.17,1578.01,1574.57,1577.76,119,90,0
2025-09-30 11:30:00,1577.75,1578.54,1575.2,1577.62,104,90,0
2025-09-30 12:00:00,1577.61,1577.61,1575.72,1575.85,70,90,0
2025-09-30 12:30:00,1575.85,1577.2,1575.85,1577.2,58,90,0
2025-09-30 13:00:00,1577.2,1577.46,1575.99,1576.0,73,90,0
2025-09-30 13:30:00,1575.99,1576.96,1575.96,1576.26,69,90,0
2025-09-30 14:00:00,1576.26,1576.36,1574.33,1574.48,63,90,0
2025-09-30 14:30:00,1574.48,1574.55,1571.37,1571.37,79,90,0
2025-09-30 15:00:00,1571.37,1572.75,1569.79,1570.77,167,90,0
2025-09-30 15:30:00,1570.64,1572.21,1569.54,1572.2,97,90,0
2025-09-30 16:00:00,1572.2,1573.1,1571.72,1571.84,88,90,0
2025-09-30 16:30:00,1571.97,1573.44,1566.83,1567.37,184,90,0
2025-09-30 17:00:00,1567.5,1567.97,1566.55,1567.45,93,90,0
2025-10-01 10:00:00,1565.53,1575.69,1565.53,1573.29,200,90,0
2025-10-01 10:30:00,1573.29,1577.87,1573.29,1577.45,147,90,0
2025-10-01 11:00:00,1577.45,1578.36,1576.44,1576.51,96,90,0
2025-10-01 11:30:00,1576.51,1577.92,1575.73,1576.52,109,90,0
2025-10-01 12:00:00,1576.51,1576.51,1573.0,1573.0,109,90,0
2025-10-01 12:30:00,1573.0,1573.54,1572.27,1572.29,78,90,0
2025-10-01 13:00:00,1572.29,1575.73,1572.29,1575.73,94,90,0
2025-10-01 13:30:00,1575.73,1577.45,1575.67,1577.26,70,90,0
2025-10-01 14:00:00,1577.26,1580.8,1576.93,1580.67,91,90,0
2025-10-01 14:30:00,1580.67,1580.93,1579.63,1579.63,79,90,0
2025-10-01 15:00:00,1579.63,1579.72,1576.34,1576.34,78,90,0
2025-10-01 15:30:00,1576.34,1578.03,1576.34,1577.05,68,90,0
2025-10-01 16:00:00,1577.05,1577.05,1574.48,1574.61,78,90,0
2025-10-01 16:30:00,1574.61,1578.77,1574.37,1578.52,130,90,0
2025-10-01 17:00:00,1578.77,1579.71,1577.14,1579.65,83,90,0
2025-10-02 10:00:00,1583.48,1583.48,1575.93,1581.48,177,90,0
2025-10-02 10:30:00,1581.48,1582.13,1580.41,1581.95,106,90,0
2025-10-02 11:00:00,1581.95,1581.95,1580.57,1580.69,99,90,0
2025-10-02 11:30:00,1580.69,1583.22,1580.66,1582.26,90,90,0
2025-10-02 12:00:00,1582.27,1582.28,1578.08,1578.2,94,90,0
2025-10-02 12:30:00,1578.21,1579.0,1576.6,1576.75,85,90,0
2025-10-02 13:00:00,1576.75,1578.48,1576.75,1577.85,68,90,0
2025-10-02 13:30:00,1577.85,1578.55,1576.68,1576.68,71,90,0
2025-10-02 14:00:00,1576.69,1576.69,1575.82,1576.24,63,90,0
2025-10-02 14:30:00,1576.24,1577.96,1576.24,1577.32,74,90,0
2025-10-02 15:00:00,1577.33,1578.51,1577.32,1578.47,72,90,0
2025-10-02 15:30:00,1578.35,1579.15,1578.22,1578.87,89,90,0
2025-10-02 16:00:00,1578.87,1579.51,1577.28,1577.28,75,90,0
2025-10-02 16:30:00,1577.28,1579.11,1576.78,1577.34,140,90,0
2025-10-02 17:00:00,1577.47,1578.62,1576.76,1577.56,108,90,0
2025-10-03 10:00:00,1578.28,1585.09,1577.16,1585.09,180,90,0
2025-10-03 10:30:00,1585.21,1587.74,1585.04,1587.73,98,90,0
2025-10-03 11:00:00,1587.73,1588.88,1584.99,1584.99,97,90,0
2025-10-03 11:30:00,1584.99,1586.71,1584.98,1585.88,70,90,0
2025-10-03 12:00:00,1585.88,1585.92,1584.93,1585.36,85,90,0
2025-10-03 12:30:00,1585.36,1585.5,1585.02,1585.02,53,90,0
2025-10-03 13:00:00,1584.96,1587.6,1584.95,1587.21,64,90,0
2025-10-03 13:30:00,1587.21,1587.21,1585.99,1587.06,69,90,0
2025-10-03 14:00:00,1586.94,1586.94,1584.97,1584.98,77,90,0
2025-10-03 14:30:00,1584.98,1585.41,1583.79,1583.79,84,90,0
2025-10-03 15:00:00,1583.79,1584.13,1583.68,1583.93,77,90,0
2025-10-03 15:30:00,1583.92,1585.1,1583.02,1584.06,95,90,0
2025-10-03 16:00:00,1584.06,1584.2,1582.9,1583.02,76,90,0
2025-10-03 16:30:00,1583.02,1584.27,1582.9,1583.75,105,90,0
2025-10-03 17:00:00,1583.63,1584.5,1581.81,1584.5,100,90,0
2025-10-06 10:00:00,1590.29,1594.3,1588.68,1590.21,181,90,0
2025-10-06 10:30:00,1590.21,1590.32,1583.87,1586.59,154,90,0
2025-10-06 11:00:00,1586.59,1588.64,1585.33,1586.38,128,90,0
2025-10-06 11:30:00,1586.38,1591.61,1586.38,1590.46,99,90,0
2025-10-06 12:00:00,1590.46,1590.46,1589.33,1589.95,57,90,0
2025-10-06 12:30:00,1589.97,1592.38,1589.97,1592.13,92,90,0
2025-10-06 13:00:00,1592.13,1592.25,1591.46,1591.46,66,90,0
2025-10-06 13:30:00,1591.46,1594.57,1590.59,1594.57,89,90,0
2025-10-06 14:00:00,1594.58,1596.47,1594.58,1596.38,73,90,0
2025-10-06 14:30:00,1596.25,1596.39,1594.52,1595.03,82,90,0
2025-10-06 15:00:00,1595.15,1596.4,1595.12,1596.4,66,90,0
2025-10-06 15:30:00,1596.4,1596.64,1595.09,1595.24,75,90,0
2025-10-06 16:00:00,1595.12,1595.38,1592.95,1592.95,83,90,0
2025-10-06 16:30:00,1592.95,1596.0,1592.62,1596.0,131,90,0
2025-10-06 17:00:00,1596.0,1596.89,1594.19,1596.89,114,90,0
2025-10-07 10:00:00,1595.14,1595.76,1588.59,1588.59,186,90,0
2025-10-07 10:30:00,1588.59,1589.54,1587.67,1587.67,105,90,0
2025-10-07 11:00:00,1587.67,1587.67,1584.59,1586.72,114,90,0
2025-10-07 11:30:00,1586.72,1588.08,1586.71,1588.08,77,90,0
2025-10-07 12:00:00,1588.08,1588.09,1585.01,1586.02,82,90,0
2025-10-07 12:30:00,1586.02,1586.63,1585.84,1586.55,80,90,0
2025-10-07 13:00:00,1586.55,1587.33,1585.51,1585.51,69,90,0
2025-10-07 13:30:00,1585.5,1587.47,1585.12,1586.59,89,90,0
2025-10-07 14:00:00,1586.46,1586.46,1584.67,1584.79,69,90,0
2025-10-07 14:30:00,1584.79,1586.2,1584.79,1585.94,64,90,0
2025-10-07 15:00:00,1585.93,1586.06,1585.61,1585.68,65,90,0
2025-10-07 15:30:00,1585.68,1586.26,1585.0,1586.01,74,90,0
2025-10-07 16:00:00,1586.01,1586.01,1580.98,1581.75,111,90,0
2025-10-07 16:30:00,1581.75,1584.53,1581.2,1581.2,136,90,0
2025-10-07 17:00:00,1581.2,1581.2,1577.12,1577.74,93,90,0
2025-10-08 10:00:00,1580.43,1582.11,1576.51,1579.91,201,90,0
2025-10-08 10:30:00,1579.91,1580.75,1578.8,1578.98,110,90,0
2025-10-08 11:00:00,1579.11,1579.14,1575.56,1575.59,142,90,0
2025-10-08 11:30:00,1575.47,1575.63,1574.26,1575.0,104,90,0
2025-10-08 12:00:00,1575.01,1579.13,1575.01,1579.13,98,90,0
2025-10-08 12:30:00,1579.13,1579.74,1578.7,1579.44,63,90,0
2025-10-08 13:00:00,1579.44,1579.82,1577.36,1577.43,83,90,0
2025-10-08 13:30:00,1577.43,1580.03,1576.57,1579.91,83,90,0
2025-10-08 14:00:00,1579.91,1580.03,1577.4,1577.98,90,90,0
2025-10-08 14:30:00,1577.98,1580.03,1577.72,1579.87,71,90,0
2025-10-08 15:00:00,1579.87,1580.22,1579.74,1580.22,55,90,0
2025-10-08 15:30:00,1580.47,1580.75,1577.96,1578.34,77,90,0
2025-10-08 16:00:00,1578.35,1579.15,1577.27,1577.28,86,90,0
2025-10-08 16:30:00,1577.28,1577.78,1572.57,1572.57,149,90,0
2025-10-08 17:00:00,1572.57,1576.67,1572.3,1576.58,94,90,0
2025-10-09 10:00:00,1581.45,1586.08,1579.83,1585.05,188,90,0
2025-10-09 10:30:00,1585.05,1590.06,1585.05,1589.03,151,90,0
2025-10-09 11:00:00,1589.03,1589.39,1585.45,1585.53,127,90,0
2025-10-09 11:30:00,1585.66,1587.41,1584.29,1587.24,119,90,0
2025-10-09 12:00:00,1587.24,1587.39,1584.74,1585.11,96,90,0
2025-10-09 12:30:00,1585.11,1586.2,1584.2,1586.2,110,90,0
2025-10-09 13:00:00,1586.21,1586.3,1582.37,1582.37,130,90,0
2025-10-09 13:30:00,1582.37,1583.21,1580.8,1583.09,75,90,0
2025-10-09 14:00:00,1583.09,1583.6,1582.48,1582.99,87,90,0
2025-10-09 14:30:00,1582.99,1583.09,1579.9,1579.91,84,90,0
2025-10-09 15:00:00,1579.91,1583.06,1579.9,1583.04,85,90,0
2025-10-09 15:30:00,1583.04,1583.08,1580.94,1581.04,89,90,0
2025-10-09 16:00:00,1581.04,1582.19,1580.94,1582.17,86,90,0
2025-10-09 16:30:00,1582.42,1584.97,1577.59,1577.59,158,90,0
2025-10-09 17:00:00,1577.59,1581.1,1577.59,1580.04,109,90,0
2025-10-10 10:00:00,1576.02,1577.99,1572.12,1577.2,213,90,0
2025-10-10 10:30:00,1577.33,1579.68,1576.21,1576.64,131,90,0
2025-10-10 11:00:00,1576.64,1579.18,1575.82,1575.86,111,90,0
2025-10-10 11:30:00,1575.86,1576.0,1574.32,1574.97,105,90,0
2025-10-10 12:00:00,1574.97,1574.97,1573.21,1573.57,84,90,0
2025-10-10 12:30:00,1573.57,1575.21,1573.43,1573.55,82,90,0
2025-10-10 13:00:00,1573.42,1573.79,1571.41,1572.7,100,90,0
2025-10-10 13:30:00,1572.69,1576.54,1572.03,1576.4,95,90,0
2025-10-10 14:00:00,1576.27,1576.27,1574.99,1575.74,77,90,0
2025-10-10 14:30:00,1575.61,1576.67,1575.48,1576.65,55,90,0
2025-10-10 15:00:00,1576.65,1576.8,1575.24,1576.13,79,90,0
2025-10-10 15:30:00,1576.12,1576.12,1569.43,1569.93,103,90,0
2025-10-10 16:00:00,1569.93,1570.93,1569.53,1570.47,113,90,0
2025-10-10 16:30:00,1570.34,1573.49,1569.96,1571.33,139,90,0
2025-10-10 17:00:00,1571.46,1571.93,1570.5,1570.86,91,90,0
2025-10-13 10:00:00,1566.74,1572.07,1564.82,1570.69,222,90,0
2025-10-13 10:30:00,1570.56,1570.68,1567.58,1568.37,161,90,0
2025-10-13 11:00:00,1568.36,1568.39,1566.01,1566.5,161,90,0
2025-10-13 11:30:00,1566.5,1568.86,1566.36,1568.86,151,90,0
2025-10-13 12:00:00,1568.86,1569.88,1568.41,1568.8,123,90,0
2025-10-13 12:30:00,1568.8,1569.46,1565.23,1566.34,168,90,0
2025-10-13 13:00:00,1566.22,1566.45,1564.92,1565.8,123,90,0
2025-10-13 13:30:00,1566.04,1566.55,1563.6,1563.6,148,90,0
2025-10-13 14:00:00,1563.85,1564.2,1559.07,1559.95,192,90,0
2025-10-13 14:30:00,1559.93,1563.09,1559.55,1562.9,161,90,0
2025-10-13 15:00:00,1562.77,1562.77,1559.87,1560.25,157,90,0
2025-10-13 15:30:00,1560.26,1562.34,1559.75,1561.08,165,90,0
2025-10-13 16:00:00,1560.97,1563.53,1560.83,1562.06,231,90,0
2025-10-13 16:30:00,1562.18,1563.95,1559.95,1563.82,358,90,0
2025-10-13 17:00:00,1563.95,1565.75,1563.79,1565.02,182,90,0
2025-10-14 10:00:00,1557.13,1562.26,1555.15,1560.14,450,90,0
2025-10-14 10:30:00,1560.01,1560.73,1556.66,1560.61,343,90,0
2025-10-14 11:00:00,1560.74,1561.73,1557.94,1558.43,319,90,0
2025-10-14 11:30:00,1558.55,1558.56,1555.86,1556.44,205,90,0
2025-10-14 12:00:00,1556.57,1559.34,1556.43,1558.51,200,90,0
2025-10-14 12:30:00,1558.39,1558.49,1556.91,1556.94,151,90,0
2025-10-14 13:00:00,1557.19,1557.44,1555.37,1555.99,140,90,0
2025-10-14 13:30:00,1555.98,1555.98,1553.06,1553.28,144,90,0
2025-10-14 14:00:00,1553.16,1555.7,1553.16,1555.33,143,90,0
2025-10-14 14:30:00,1555.21,1556.13,1554.95,1556.05,146,90,0
2025-10-14 15:00:00,1556.06,1556.06,1554.71,1554.79,122,90,0
2025-10-14 15:30:00,1554.65,1554.65,1552.94,1553.25,155,90,0
2025-10-14 16:00:00,1553.37,1556.44,1553.37,1555.94,194,90,0
2025-10-14 16:30:00,1555.69,1558.67,1554.45,1557.04,462,90,0
2025-10-14 17:00:00,1556.79,1559.03,1555.88,1558.78,277,90,0
2025-10-15 10:00:00,1561.96,1563.01,1558.09,1561.57,429,90,0
2025-10-15 10:30:00,1561.7,1563.53,1561.02,1563.04,291,90,0
2025-10-15 11:00:00,1563.16,1566.99,1563.16,1566.15,236,90,0
2025-10-15 11:30:00,1566.03,1566.15,1560.92,1561.07,194,90,0
2025-10-15 12:00:00,1561.2,1564.32,1560.95,1563.49,171,90,0
2025-10-15 12:30:00,1563.62,1564.74,1563.5,1564.64,133,90,0
2025-10-15 13:00:00,1563.84,1566.03,1563.84,1565.91,96,90,0
2025-10-15 13:30:00,1565.9,1565.9,1563.32,1564.22,123,90,0
2025-10-15 14:00:00,1564.09,1565.17,1563.86,1564.84,81,90,0
2025-10-15 14:30:00,1564.96,1565.93,1564.58,1565.3,116,90,0
2025-10-15 15:00:00,1565.18,1566.87,1565.12,1565.52,136,90,0
2025-10-15 15:30:00,1565.65,1566.31,1564.19,1566.06,150,90,0
2025-10-15 16:00:00,1565.95,1566.06,1564.72,1565.71,163,90,0
2025-10-15 16:30:00,1565.84,1567.45,1563.85,1566.2,336,90,0
2025-10-15 17:00:00,1566.33,1567.97,1566.19,1567.58,177,90,0
2025-10-16 10:00:00,1564.06,1566.25,1562.42,1562.42,191,90,0
2025-10-16 10:30:00,1562.29,1565.4,1562.29,1565.4,117,90,0
2025-10-16 11:00:00,1565.28,1565.7,1563.28,1565.55,102,90,0
2025-10-16 11:30:00,1565.55,1568.02,1565.54,1568.02,92,90,0
2025-10-16 12:00:00,1568.13,1569.32,1568.01,1569.19,105,90,0
2025-10-16 12:30:00,1569.18,1569.39,1568.6,1569.25,103,90,0
2025-10-16 13:00:00,1569.11,1570.23,1568.73,1569.49,108,90,0
2025-10-16 13:30:00,1569.61,1569.74,1568.49,1568.82,92,90,0
2025-10-16 14:00:00,1568.82,1568.84,1567.43,1568.28,87,90,0
2025-10-16 14:30:00,1568.27,1568.31,1566.69,1566.69,78,90,0
2025-10-16 15:00:00,1566.69,1567.83,1565.92,1567.59,84,90,0
2025-10-16 15:30:00,1567.59,1568.28,1567.47,1567.47,92,90,0
2025-10-16 16:00:00,1567.47,1568.76,1567.45,1567.68,109,90,0
2025-10-16 16:30:00,1567.68,1569.69,1566.99,1567.47,166,90,0
2025-10-16 17:00:00,1567.47,1568.18,1566.09,1566.62,115,90,0
2025-10-17 10:00:00,1548.14,1548.52,1539.6,1539.84,250,90,0
2025-10-17 10:30:00,1539.96,1542.01,1536.38,1537.13,179,90,0
2025-10-17 11:00:00,1537.13,1537.14,1532.94,1534.05,178,90,0
2025-10-17 11:30:00,1534.05,1535.19,1533.51,1534.68,108,90,0
2025-10-17 12:00:00,1534.68,1534.92,1532.33,1534.73,144,90,0
2025-10-17 12:30:00,1534.73,1537.64,1534.06,1537.45,118,90,0
2025-10-17 13:00:00,1537.45,1538.99,1536.78,1537.6,113,90,0
2025-10-17 13:30:00,1537.6,1540.73,1537.48,1540.36,105,90,0
2025-10-17 14:00:00,1540.36,1544.69,1540.11,1544.16,126,90,0
2025-10-17 14:30:00,1544.16,1545.81,1543.51,1545.69,102,90,0
2025-10-17 15:00:00,1545.82,1549.83,1545.82,1548.78,112,90,0
2025-10-17 15:30:00,1548.78,1550.3,1547.18,1547.18,121,90,0
2025-10-17 16:00:00,1547.18,1547.19,1544.75,1544.75,105,90,0
2025-10-17 16:30:00,1544.62,1548.65,1542.88,1548.26,159,90,0
2025-10-17 17:00:00,1548.26,1548.95,1547.35,1548.82,103,90,0
2025-10-20 10:00:00,1552.8,1558.43,1552.26,1558.38,135,90,0
2025-10-20 10:30:00,1558.38,1559.51,1556.93,1558.05,117,90,0
2025-10-20 11:00:00,1558.06,1559.24,1556.35,1556.79,110,90,0
2025-10-20 11:30:00,1556.79,1556.8,1554.68,1555.47,70,90,0
2025-10-20 12:00:00,1555.47,1555.67,1553.1,1555.39,102,90,0
2025-10-20 12:30:00,1555.52,1556.15,1554.08,1554.11,87,90,0
2025-10-20 13:00:00,1554.11,1557.21,1553.82,1557.21,93,90,0
2025-10-20 13:30:00,1557.09,1558.09,1556.16,1556.16,70,90,0
2025-10-20 14:00:00,1556.15,1556.15,1554.38,1554.84,70,90,0
2025-10-20 14:30:00,1554.84,1556.04,1554.83,1555.92,69,90,0
2025-10-20 15:00:00,1556.04,1556.04,1554.62,1554.62,63,90,0
2025-10-20 15:30:00,1554.62,1554.62,1551.42,1551.44,78,90,0
2025-10-20 16:00:00,1551.44,1552.39,1549.94,1552.39,91,90,0
2025-10-20 16:30:00,1552.39,1555.54,1552.39,1555.07,118,90,0
2025-10-20 17:00:00,1555.07,1555.85,1554.52,1554.64,71,90,0
2025-10-21 10:00:00,1556.48,1561.13,1555.45,1558.18,163,90,0
2025-10-21 10:30:00,1558.18,1558.31,1553.24,1556.54,129,90,0
2025-10-21 11:00:00,1556.54,1557.04,1554.59,1554.59,88,90,0
2025-10-21 11:30:00,1554.58,1556.2,1554.4,1556.2,100,90,0
2025-10-21 12:00:00,1556.2,1556.22,1555.4,1555.58,64,90,0
2025-10-21 12:30:00,1555.59,1557.35,1555.58,1557.23,74,90,0
2025-10-21 13:00:00,1557.35,1557.95,1557.3,1557.37,80,90,0
2025-10-21 13:30:00,1557.49,1557.93,1556.51,1557.78,75,90,0
2025-10-21 14:00:00,1557.78,1557.97,1557.35,1557.96,75,90,0
2025-10-21 14:30:00,1557.96,1558.85,1556.21,1556.33,77,90,0
2025-10-21 15:00:00,1556.33,1557.57,1556.33,1557.56,68,90,0
2025-10-21 15:30:00,1557.56,1557.56,1555.62,1555.62,71,90,0
2025-10-21 16:00:00,1555.62,1555.64,1553.8,1553.82,106,90,0
2025-10-21 16:30:00,1553.82,1554.55,1548.67,1549.33,157,90,0
2025-10-21 17:00:00,1549.3,1554.1,1549.18,1553.85,100,90,0
2025-10-22 10:00:00,1556.96,1562.67,1556.96,1557.4,438,90,0
2025-10-22 10:30:00,1557.52,1563.19,1557.4,1561.31,383,90,0
2025-10-22 11:00:00,1561.31,1561.38,1555.14,1555.69,217,90,0
2025-10-22 11:30:00,1555.7,1555.95,1554.69,1555.41,85,90,0
2025-10-22 12:00:00,1555.41,1555.91,1552.97,1554.05,100,90,0
2025-10-22 12:30:00,1554.05,1556.36,1554.05,1555.5,93,90,0
2025-10-22 13:00:00,1555.5,1556.02,1553.95,1554.08,98,90,0
2025-10-22 13:30:00,1554.08,1554.09,1552.62,1553.25,87,90,0
2025-10-22 14:00:00,1553.25,1553.25,1550.65,1552.09,83,90,0
2025-10-22 14:30:00,1551.96,1551.97,1550.73,1550.85,71,90,0
2025-10-22 15:00:00,1550.85,1552.16,1550.74,1551.14,78,90,0
2025-10-22 15:30:00,1551.14,1552.04,1550.87,1551.19,93,90,0
2025-10-22 16:00:00,1551.19,1552.29,1550.93,1550.99,82,90,0
2025-10-22 16:30:00,1550.99,1555.96,1550.99,1555.68,128,90,0
2025-10-22 17:00:00,1555.68,1556.97,1554.51,1556.24,107,90,0
2025-10-23 10:00:00,1569.54,1571.09,1565.97,1567.18,256,90,0
2025-10-23 10:30:00,1567.18,1569.07,1566.73,1567.51,214,90,0
2025-10-23 11:00:00,1567.76,1570.58,1567.75,1570.58,203,90,0
2025-10-23 11:30:00,1570.45,1571.95,1569.93,1571.93,158,90,0
2025-10-23 12:00:00,1571.81,1572.45,1571.25,1572.22,140,90,0
2025-10-23 12:30:00,1572.22,1573.26,1571.45,1572.71,170,90,0
2025-10-23 13:00:00,1572.71,1573.0,1571.33,1571.4,135,90,0
2025-10-23 13:30:00,1571.4,1572.81,1571.36,1572.8,168,90,0
2025-10-23 14:00:00,1572.8,1574.28,1572.8,1573.65,147,90,0
2025-10-23 14:30:00,1573.7,1574.32,1571.84,1572.14,138,90,0
2025-10-23 15:00:00,1572.14,1572.54,1571.38,1571.82,137,90,0
2025-10-23 15:30:00,1571.69,1571.86,1569.48,1571.86,153,90,0
2025-10-23 16:00:00,1571.98,1574.22,1571.98,1573.51,181,90,0
2025-10-23 16:30:00,1573.51,1576.23,1573.51,1575.72,310,90,0
2025-10-23 17:00:00,1575.72,1575.95,1574.32,1574.44,133,90,0
2025-10-24 10:00:00,1572.57,1573.31,1568.89,1569.42,184,90,0
2025-10-24 10:30:00,1569.55,1570.05,1562.83,1563.61,156,90,0
2025-10-24 11:00:00,1563.61,1564.62,1560.52,1562.62,150,90,0
2025-10-24 11:30:00,1562.62,1562.62,1558.53,1558.66,131,90,0
2025-10-24 12:00:00,1558.66,1559.45,1558.11,1558.36,116,90,0
2025-10-24 12:30:00,1558.36,1559.23,1557.67,1558.05,90,90,0
2025-10-24 13:00:00,1558.05,1559.36,1557.54,1559.36,68,90,0
2025-10-24 13:30:00,1559.37,1561.17,1559.37,1559.66,90,90,0
2025-10-24 14:00:00,1559.66,1562.31,1559.66,1562.3,75,90,0
2025-10-24 14:30:00,1562.3,1563.24,1561.62,1562.84,79,90,0
2025-10-24 15:00:00,1562.84,1564.74,1562.14,1562.51,79,90,0
2025-10-24 15:30:00,1562.64,1563.38,1558.73,1559.13,114,90,0
2025-10-24 16:00:00,1559.13,1562.71,1559.13,1562.11,98,90,0
2025-10-24 16:30:00,1562.11,1565.13,1562.11,1563.25,139,90,0
2025-10-24 17:00:00,1563.26,1564.42,1562.65,1564.28,102,90,0
2025-10-27 11:00:00,1564.09,1566.38,1559.66,1560.03,178,90,0
2025-10-27 11:30:00,1560.03,1561.39,1558.67,1558.9,100,90,0
2025-10-27 12:00:00,1558.9,1560.55,1558.22,1558.23,112,90,0
2025-10-27 12:30:00,1558.23,1559.65,1558.23,1559.12,104,90,0
2025-10-27 13:00:00,1559.12,1560.13,1559.12,1559.57,80,90,0
2025-10-27 13:30:00,1559.57,1559.74,1558.8,1559.58,77,90,0
2025-10-27 14:00:00,1559.58,1559.97,1557.68,1557.82,94,90,0
2025-10-27 14:30:00,1557.82,1560.52,1557.79,1560.51,102,90,0
2025-10-27 15:00:00,1560.51,1561.12,1559.94,1560.57,88,90,0
2025-10-27 15:30:00,1560.56,1561.02,1559.74,1560.19,76,90,0
2025-10-27 16:00:00,1560.2,1560.76,1560.09,1560.36,66,90,0
2025-10-27 16:30:00,1560.37,1561.25,1559.83,1560.23,130,90,0
2025-10-27 17:00:00,1560.22,1561.93,1559.46,1561.93,101,90,0
2025-10-27 17:30:00,1561.93,1566.4,1561.56,1566.23,123,90,0
2025-10-27 18:00:00,1566.23,1566.23,1565.22,1565.61,63,90,0
2025-10-28 11:00:00,1560.82,1560.82,1554.58,1556.29,131,90,0
2025-10-28 11:30:00,1556.29,1556.98,1554.51,1554.9,117,90,0
2025-10-28 12:00:00,1554.9,1555.06,1552.07,1552.92,104,90,0
2025-10-28 12:30:00,1552.92,1553.95,1552.91,1553.38,76,90,0
2025-10-28 13:00:00,1553.38,1555.28,1553.08,1555.05,86,90,0
2025-10-28 13:30:00,1555.05,1555.83,1554.3,1554.42,80,90,0
2025-10-28 14:00:00,1554.42,1554.72,1554.15,1554.55,68,90,0
2025-10-28 14:30:00,1554.55,1555.56,1554.53,1555.08,66,90,0
2025-10-28 15:00:00,1555.08,1555.64,1554.62,1555.64,75,90,0
2025-10-28 15:30:00,1555.57,1557.12,1555.57,1556.99,88,90,0
2025-10-28 16:00:00,1556.99,1558.69,1556.98,1558.36,71,90,0
2025-10-28 16:30:00,1558.48,1559.83,1556.73,1556.87,121,90,0
2025-10-28 17:00:00,1556.87,1559.48,1556.87,1559.44,97,90,0
2025-10-28 17:30:00,1559.44,1560.45,1558.06,1558.32,120,90,0
2025-10-28 18:00:00,1558.32,1558.74,1557.97,1557.98,51,90,0
2025-10-29 11:00:00,1546.98,1551.18,1543.62,1550.65,207,90,0
2025-10-29 11:30:00,1550.65,1551.36,1549.23,1549.23,127,90,0
2025-10-29 12:00:00,1549.23,1552.55,1548.82,1552.13,112,90,0
2025-10-29 12:30:00,1552.13,1553.03,1551.75,1552.37,111,90,0
2025-10-29 13:00:00,1552.37,1553.65,1552.23,1553.52,94,90,0
2025-10-29 13:30:00,1553.53,1555.04,1553.26,1554.12,94,90,0
2025-10-29 14:00:00,1554.11,1561.23,1554.11,1559.74,160,90,0
2025-10-29 14:30:00,1559.61,1560.45,1558.74,1559.23,136,90,0
2025-10-29 15:00:00,1559.24,1559.69,1558.64,1558.64,102,90,0
2025-10-29 15:30:00,1558.64,1560.61,1558.51,1559.16,122,90,0
2025-10-29 16:00:00,1559.16,1559.41,1556.27,1556.41,132,90,0
2025-10-29 16:30:00,1556.41,1561.13,1555.89,1558.26,224,90,0
2025-10-29 17:00:00,1558.13,1558.26,1556.66,1557.04,130,90,0
2025-10-29 17:30:00,1557.04,1559.96,1557.04,1558.97,158,90,0
2025-10-29 18:00:00,1558.97,1559.09,1556.68,1557.7,100,90,0
2025-10-30 11:00:00,1529.87,1531.8,1521.69,1530.06,420,90,0
2025-10-30 11:30:00,1530.06,1533.26,1528.92,1531.11,372,90,0
2025-10-30 12:00:00,1531.24,1532.02,1526.97,1528.16,258,90,0
2025-10-30 12:30:00,1528.29,1528.3,1525.44,1526.55,194,90,0
2025-10-30 13:00:00,1526.55,1528.98,1526.42,1527.86,189,90,0
2025-10-30 13:30:00,1527.85,1528.1,1526.37,1526.62,135,90,0
2025-10-30 14:00:00,1526.62,1526.8,1525.23,1526.67,150,90,0
2025-10-30 14:30:00,1526.67,1527.6,1526.55,1527.35,136,90,0
2025-10-30 15:00:00,1527.35,1527.65,1526.14,1526.14,121,90,0
2025-10-30 15:30:00,1526.41,1526.64,1525.75,1526.17,142,90,0
2025-10-30 16:00:00,1526.17,1526.17,1521.51,1522.76,179,90,0
2025-10-30 16:30:00,1522.77,1523.15,1519.51,1520.18,223,90,0
2025-10-30 17:00:00,1520.18,1521.11,1518.92,1520.88,172,90,0
2025-10-30 17:30:00,1520.88,1522.65,1520.51,1521.79,202,90,0
2025-10-30 18:00:00,1521.79,1522.55,1521.36,1521.36,94,90,0
2025-10-31 11:00:00,1519.19,1522.67,1519.19,1522.12,205,90,0
2025-10-31 11:30:00,1522.12,1522.12,1520.38,1521.51,180,90,0
2025-10-31 12:00:00,1521.52,1521.67,1518.69,1518.81,181,90,0
2025-10-31 12:30:00,1518.81,1519.06,1517.48,1517.48,117,90,0
2025-10-31 13:00:00,1517.48,1517.69,1515.93,1516.83,122,90,0
2025-10-31 13:30:00,1516.84,1516.84,1515.23,1516.44,107,90,0
2025-10-31 14:00:00,1516.44,1516.68,1515.21,1515.6,114,90,0
2025-10-31 14:30:00,1515.72,1516.97,1515.35,1516.96,107,90,0
2025-10-31 15:00:00,1517.09,1518.35,1516.86,1518.22,113,90,0
2025-10-31 15:30:00,1518.35,1521.77,1518.33,1521.25,150,90,0
2025-10-31 16:00:00,1521.37,1522.02,1520.17,1520.3,142,90,0
2025-10-31 16:30:00,1520.05,1520.27,1518.31,1520.17,196,90,0
2025-10-31 17:00:00,1520.29,1522.83,1520.29,1521.27,192,90,0
2025-10-31 17:30:00,1521.27,1522.71,1521.27,1522.56,134,90,0
2025-10-31 18:00:00,1522.56,1524.25,1522.19,1524.25,89,90,0
2025-11-03 10:00:00,1527.64,1533.38,1526.02,1533.23,181,90,0
2025-11-03 10:30:00,1533.23,1533.78,1531.03,1531.07,131,90,0
2025-11-03 11:00:00,1531.07,1531.19,1529.14,1530.36,108,90,0
2025-11-03 11:30:00,1530.48,1531.25,1530.17,1530.27,97,90,0
2025-11-03 12:00:00,1530.15,1531.16,1529.53,1530.47,88,90,0
2025-11-03 12:30:00,1530.47,1531.37,1530.22,1531.18,83,90,0
2025-11-03 13:00:00,1531.18,1531.26,1530.62,1530.77,67,90,0
2025-11-03 13:30:00,1530.77,1531.03,1530.11,1530.25,67,90,0
2025-11-03 14:00:00,1530.25,1530.64,1529.88,1529.88,70,90,0
2025-11-03 14:30:00,1529.88,1530.02,1529.05,1529.32,60,90,0
2025-11-03 15:00:00,1529.44,1529.44,1527.48,1527.55,74,90,0
2025-11-03 15:30:00,1527.55,1527.9,1527.19,1527.62,67,90,0
2025-11-03 16:00:00,1527.62,1529.24,1527.62,1528.29,85,90,0
2025-11-03 16:30:00,1528.29,1529.67,1525.74,1529.2,137,90,0
2025-11-03 17:00:00,1529.32,1531.47,1529.2,1530.94,80,90,0
2025-11-04 10:00:00,1522.3,1522.3,1513.2,1517.5,190,90,0
2025-11-04 10:30:00,1517.5,1520.42,1517.5,1519.13,139,90,0
2025-11-04 11:00:00,1519.13,1519.48,1518.21,1519.03,99,90,0
2025-11-04 11:30:00,1519.03,1519.03,1516.15,1516.42,97,90,0
2025-11-04 12:00:00,1516.42,1516.42,1512.88,1513.5,92,90,0
2025-11-04 12:30:00,1513.5,1515.08,1513.49,1514.95,84,90,0
2025-11-04 13:00:00,1514.95,1516.49,1514.76,1516.48,80,90,0
2025-11-04 13:30:00,1516.48,1518.0,1516.48,1517.98,82,90,0
2025-11-04 14:00:00,1517.97,1517.99,1515.75,1516.73,67,90,0
2025-11-04 14:30:00,1516.73,1517.49,1516.73,1517.22,57,90,0
2025-11-04 15:00:00,1517.22,1519.47,1517.22,1519.09,75,90,0
2025-11-04 15:30:00,1519.22,1520.19,1519.09,1519.92,117,90,0
2025-11-04 16:00:00,1519.91,1520.04,1517.8,1518.18,105,90,0
2025-11-04 16:30:00,1518.3,1519.43,1515.83,1518.45,162,90,0
2025-11-04 17:00:00,1518.33,1520.66,1518.08,1520.54,85,90,0
2025-11-05 10:00:00,1518.95,1521.69,1517.4,1521.53,294,90,0
2025-11-05 10:30:00,1521.53,1525.74,1521.53,1523.73,161,90,0
2025-11-05 11:00:00,1523.61,1523.72,1521.61,1522.0,119,90,0
2025-11-05 11:30:00,1522.0,1523.25,1521.46,1522.86,115,90,0
2025-11-05 12:00:00,1522.86,1522.87,1521.5,1521.5,91,90,0
2025-11-05 12:30:00,1521.5,1522.15,1520.83,1522.11,82,90,0
2025-11-05 13:00:00,1522.1,1522.1,1519.65,1520.24,87,90,0
2025-11-05 13:30:00,1520.24,1521.95,1520.12,1521.83,59,90,0
2025-11-05 14:00:00,1521.83,1521.83,1519.28,1520.32,98,90,0
2025-11-05 14:30:00,1520.32,1522.53,1520.16,1522.41,62,90,0
2025-11-05 15:00:00,1522.41,1522.41,1521.42,1521.76,73,90,0
2025-11-05 15:30:00,1521.76,1522.4,1521.76,1522.15,82,90,0
2025-11-05 16:00:00,1522.15,1523.16,1521.92,1522.33,94,90,0
2025-11-05 16:30:00,1522.33,1526.83,1522.33,1525.9,169,90,0
2025-11-05 17:00:00,1525.9,1526.87,1525.9,1526.86,90,90,0
2025-11-06 10:00:00,1522.4,1525.3,1519.97,1520.82,242,90,0
2025-11-06 10:30:00,1520.95,1522.97,1519.41,1522.97,190,90,0
2025-11-06 11:00:00,1522.97,1525.09,1522.57,1524.37,123,90,0
2025-11-06 11:30:00,1524.3,1524.62,1523.32,1523.32,125,90,0
2025-11-06 12:00:00,1523.32,1523.52,1520.8,1520.8,122,90,0
2025-11-06 12:30:00,1520.93,1522.22,1520.61,1522.21,88,90,0
2025-11-06 13:00:00,1522.21,1523.99,1522.09,1523.3,86,90,0
2025-11-06 13:30:00,1523.3,1523.58,1522.56,1522.72,81,90,0
2025-11-06 14:00:00,1522.72,1523.89,1521.95,1522.16,87,90,0
2025-11-06 14:30:00,1522.03,1524.55,1521.88,1524.04,75,90,0
2025-11-06 15:00:00,1524.04,1524.04,1520.04,1520.05,97,90,0
2025-11-06 15:30:00,1520.05,1520.24,1516.37,1516.53,94,90,0
2025-11-06 16:00:00,1516.53,1516.66,1513.23,1513.48,105,90,0
2025-11-06 16:30:00,1513.6,1516.9,1513.35,1516.35,194,90,0
2025-11-06 17:00:00,1516.35,1516.49,1514.62,1516.0,116,90,0
2025-11-07 10:00:00,1519.26,1524.5,1518.71,1519.78,170,90,0
2025-11-07 10:30:00,1519.78,1520.03,1515.94,1516.46,115,90,0
2025-11-07 11:00:00,1516.59,1517.5,1515.16,1515.17,87,90,0
2025-11-07 11:30:00,1515.16,1515.39,1512.66,1513.01,84,90,0
2025-11-07 12:00:00,1513.01,1513.84,1512.88,1513.34,75,90,0
2025-11-07 12:30:00,1513.34,1513.74,1512.64,1513.16,71,90,0
2025-11-07 13:00:00,1512.91,1513.05,1510.2,1510.21,81,90,0
2025-11-07 13:30:00,1510.33,1510.33,1508.31,1509.9,82,90,0
2025-11-07 14:00:00,1509.9,1511.32,1509.78,1511.32,66,90,0
2025-11-07 14:30:00,1511.32,1511.97,1510.06,1510.86,84,90,0
2025-11-07 15:00:00,1510.86,1512.36,1510.23,1511.42,84,90,0
2025-11-07 15:30:00,1511.68,1512.58,1511.24,1511.33,84,90,0
2025-11-07 16:00:00,1511.32,1511.98,1511.07,1511.68,80,90,0
2025-11-07 16:30:00,1511.55,1516.85,1511.24,1516.85,165,90,0
2025-11-07 17:00:00,1516.85,1517.85,1515.83,1516.47,124,90,0
2025-11-10 10:00:00,1521.86,1527.73,1521.86,1522.38,155,90,0
2025-11-10 10:30:00,1522.38,1523.66,1521.74,1523.5,91,90,0
2025-11-10 11:00:00,1523.5,1524.46,1523.01,1523.44,85,90,0
2025-11-10 11:30:00,1523.44,1524.48,1522.92,1524.48,69,90,0
2025-11-10 12:00:00,1524.48,1524.9,1523.51,1523.52,72,90,0
2025-11-10 12:30:00,1523.52,1525.03,1523.01,1525.03,68,90,0
2025-11-10 13:00:00,1525.03,1526.98,1525.03,1525.76,68,90,0
2025-11-10 13:30:00,1525.76,1526.95,1525.76,1526.69,63,90,0
2025-11-10 14:00:00,1526.69,1527.66,1526.69,1527.53,51,90,0
2025-11-10 14:30:00,1527.53,1527.72,1526.62,1526.62,61,90,0
2025-11-10 15:00:00,1526.62,1527.32,1526.58,1527.3,53,90,0
2025-11-10 15:30:00,1527.3,1527.31,1525.72,1526.1,63,90,0
