time,open,high,low,close,tick_volume,spread,real_volume
2025-01-02 00:00:00,97.166,97.717,97.113,97.621,9564,1,0
2025-01-02 03:00:00,97.621,97.93,97.595,97.681,14385,1,0
2025-01-02 06:00:00,97.68,97.735,97.347,97.35,9366,1,0
2025-01-02 09:00:00,97.35,97.54,97.055,97.491,19147,1,0
2025-01-02 12:00:00,97.494,97.736,97.471,97.528,17570,1,0
2025-01-02 15:00:00,97.528,97.65,97.325,97.581,31629,1,0
2025-01-02 18:00:00,97.581,98.038,97.54,97.598,26725,1,0
2025-01-02 21:00:00,97.599,97.809,97.583,97.717,12102,1,0
2025-01-03 00:00:00,97.687,97.79,97.5,97.734,6196,1,0
2025-01-03 03:00:00,97.733,97.807,97.639,97.721,11417,1,0
2025-01-03 06:00:00,97.721,97.859,97.687,97.728,8549,1,0
2025-01-03 09:00:00,97.729,97.781,97.493,97.708,19582,1,0
2025-01-03 12:00:00,97.707,97.897,97.664,97.765,13154,0,0
2025-01-03 15:00:00,97.765,97.844,97.547,97.667,22974,1,0
2025-01-03 18:00:00,97.667,97.718,97.528,97.654,15179,1,0
2025-01-03 21:00:00,97.653,97.859,97.638,97.786,7515,1,0
2025-01-06 00:00:00,97.555,98.262,97.551,98.202,10206,0,0
2025-01-06 03:00:00,98.202,98.295,98.053,98.145,14888,1,0
2025-01-06 06:00:00,98.146,98.308,98.078,98.228,9459,1,0
2025-01-06 09:00:00,98.228,98.592,98.152,98.515,16358,1,0
2025-01-06 12:00:00,98.515,98.914,98.445,98.59,29645,1,0
2025-01-06 15:00:00,98.596,98.672,98.155,98.401,38920,1,0
2025-01-06 18:00:00,98.4,98.466,98.221,98.246,19010,0,0
2025-01-06 21:00:00,98.249,98.466,98.205,98.448,10188,0,0
2025-01-07 00:00:00,98.383,98.844,98.234,98.819,10668,1,0
2025-01-07 03:00:00,98.819,99.029,98.779,99.001,15917,0,0
2025-01-07 06:00:00,99.001,99.016,98.805,98.827,12413,1,0
2025-01-07 09:00:00,98.827,99.114,98.737,99.04,21620,1,0
2025-01-07 12:00:00,99.044,99.168,98.93,98.987,15151,1,0
2025-01-07 15:00:00,98.986,99.086,98.597,98.675,28038,1,0
2025-01-07 18:00:00,98.677,98.685,98.413,98.464,26084,1,0
2025-01-07 21:00:00,98.464,98.514,98.26,98.482,10422,1,0
2025-01-08 00:00:00,98.436,98.663,98.301,98.435,10419,1,0
2025-01-08 03:00:00,98.436,98.624,98.154,98.592,12487,1,0
2025-01-08 06:00:00,98.591,98.644,98.468,98.511,9409,1,0
2025-01-08 09:00:00,98.511,98.578,98.32,98.391,17913,1,0
2025-01-08 12:00:00,98.391,98.413,98.055,98.143,21631,0,0
2025-01-08 15:00:00,98.145,98.364,98.066,98.324,32538,1,0
2025-01-08 18:00:00,98.327,98.477,98.258,98.357,21834,1,0
2025-01-08 21:00:00,98.357,98.503,98.357,98.429,13452,1,0
2025-01-09 00:00:00,98.412,98.43,98.088,98.169,7481,1,0
2025-01-09 03:00:00,98.168,98.2,97.929,97.936,12113,1,0
2025-01-09 06:00:00,97.93,98.074,97.751,97.989,11579,1,0
2025-01-09 09:00:00,97.989,98.073,97.683,97.883,19856,1,0
2025-01-09 12:00:00,97.881,97.941,97.681,97.737,15257,1,0
2025-01-09 15:00:00,97.737,97.865,97.67,97.818,15845,1,0
2025-01-09 18:00:00,97.819,97.981,97.767,97.964,9400,1,0
2025-01-09 21:00:00,97.965,98.024,97.944,97.951,3936,1,0
2025-01-10 00:00:00,97.915,98.034,97.794,97.825,7923,1,0
2025-01-10 03:00:00,97.826,98.13,97.788,98.046,11204,1,0
2025-01-10 06:00:00,98.045,98.201,97.946,97.957,10010,1,0
2025-01-10 09:00:00,97.957,98.149,97.483,97.652,18632,1,0
2025-01-10 12:00:00,97.653,97.911,97.596,97.785,13650,1,0
2025-01-10 15:00:00,97.785,97.812,96.981,96.988,47132,1,0
2025-01-10 18:00:00,96.987,97.208,96.797,97.202,24667,1,0
2025-01-10 21:00:00,97.201,97.206,96.886,96.915,12214,1,0
2025-01-13 00:00:00,96.852,97.243,96.84,97.123,8167,1,0
2025-01-13 03:00:00,97.124,97.194,96.678,96.693,15717,1,0
2025-01-13 06:00:00,96.694,96.804,96.492,96.768,11502,1,0
2025-01-13 09:00:00,96.768,97.002,96.381,96.432,24709,1,0
2025-01-13 12:00:00,96.432,96.781,96.388,96.618,17980,1,0
2025-01-13 15:00:00,96.621,96.963,96.549,96.87,27937,1,0
2025-01-13 18:00:00,96.872,97.066,96.822,97.001,16705,0,0
2025-01-13 21:00:00,97.004,97.286,96.971,97.274,10462,0,0
2025-01-14 00:00:00,97.273,97.53,97.13,97.436,12697,1,0
2025-01-14 03:00:00,97.433,97.698,97.126,97.473,17856,0,0
2025-01-14 06:00:00,97.473,97.58,97.356,97.514,11694,1,0
2025-01-14 09:00:00,97.514,97.884,97.405,97.766,22235,1,0
2025-01-14 12:00:00,97.765,97.789,97.429,97.453,14033,1,0
2025-01-14 15:00:00,97.453,97.96,97.331,97.871,33173,1,0
2025-01-14 18:00:00,97.87,97.886,97.592,97.801,20017,1,0
2025-01-14 21:00:00,97.802,97.863,97.638,97.857,9912,0,0
2025-01-15 00:00:00,97.847,97.868,97.659,97.659,6603,1,0
2025-01-15 03:00:00,97.658,97.827,97.628,97.794,10446,1,0
2025-01-15 06:00:00,97.794,97.81,97.296,97.408,12587,1,0
2025-01-15 09:00:00,97.409,97.438,97.238,97.355,20493,1,0
2025-01-15 12:00:00,97.357,97.429,97.229,97.289,12764,1,0
2025-01-15 15:00:00,97.287,97.664,97.188,97.309,38261,1,0
2025-01-15 18:00:00,97.308,97.453,97.286,97.409,19396,1,0
2025-01-15 21:00:00,97.41,97.484,97.395,97.424,7883,1,0
2025-01-16 00:00:00,97.418,97.695,97.192,97.436,9218,1,0
2025-01-16 03:00:00,97.436,97.44,96.589,96.747,20633,1,0
2025-01-16 06:00:00,96.747,96.973,96.663,96.92,12994,1,0
2025-01-16 09:00:00,96.92,97.146,96.692,96.733,17568,1,0
2025-01-16 12:00:00,96.733,96.847,96.658,96.783,13653,1,0
2025-01-16 15:00:00,96.78,96.935,96.628,96.672,32553,1,0
2025-01-16 18:00:00,96.671,96.769,96.46,96.525,23903,1,0
2025-01-16 21:00:00,96.524,96.54,96.322,96.362,9290,1,0
2025-01-17 00:00:00,96.333,96.555,96.238,96.378,8134,1,0
2025-01-17 03:00:00,96.377,96.602,96.349,96.58,12902,1,0
2025-01-17 06:00:00,96.581,96.601,96.299,96.561,9918,0,0
2025-01-17 09:00:00,96.561,96.723,96.462,96.6,16384,1,0
2025-01-17 12:00:00,96.601,96.648,96.291,96.328,13147,1,0
2025-01-17 15:00:00,96.328,97.11,96.064,97.078,31923,1,0
2025-01-17 18:00:00,97.076,97.164,96.831,96.884,16300,0,0
2025-01-17 21:00:00,96.883,96.896,96.719,96.75,8811,0,0
2025-01-20 00:00:00,96.728,96.966,96.72,96.75,8108,1,0
2025-01-20 03:00:00,96.75,96.884,96.669,96.831,13484,1,0
2025-01-20 06:00:00,96.83,97.081,96.789,97.036,9569,1,0
2025-01-20 09:00:00,97.037,97.111,96.853,96.886,14250,0,0
2025-01-20 12:00:00,96.887,97.105,96.887,97.083,11286,1,0
2025-01-20 15:00:00,97.085,97.775,97.023,97.424,39347,0,0
2025-01-20 18:00:00,97.425,97.562,97.224,97.502,16804,1,0
2025-01-20 21:00:00,97.504,97.727,97.472,97.632,12876,1,0
2025-01-21 00:00:00,97.591,97.658,96.946,97.066,19039,1,0
2025-01-21 03:00:00,97.065,97.378,96.829,96.97,33418,0,0
2025-01-21 06:00:00,96.97,96.985,96.776,96.934,12952,0,0
2025-01-21 09:00:00,96.934,97.173,96.887,97.156,20137,1,0
2025-01-21 12:00:00,97.158,97.177,96.904,96.991,16593,1,0
2025-01-21 15:00:00,96.992,97.308,96.888,97.214,30166,1,0
2025-01-21 18:00:00,97.216,97.575,97.193,97.527,17557,1,0
2025-01-21 21:00:00,97.53,97.593,97.431,97.538,8447,1,0
2025-01-22 00:00:00,97.521,97.604,97.386,97.531,13616,1,0
2025-01-22 03:00:00,97.532,97.697,97.466,97.677,13515,1,0
2025-01-22 06:00:00,97.676,97.68,97.465,97.518,11022,1,0
2025-01-22 09:00:00,97.518,97.833,97.48,97.832,20134,1,0
2025-01-22 12:00:00,97.833,98.077,97.818,97.937,14753,1,0
2025-01-22 15:00:00,97.936,98.11,97.827,98.1,25255,1,0
2025-01-22 18:00:00,98.1,98.336,98.005,98.299,14825,1,0
2025-01-22 21:00:00,98.299,98.322,98.158,98.195,7714,0,0
2025-01-23 00:00:00,98.16,98.16,98.0,98.099,7084,1,0
2025-01-23 03:00:00,98.098,98.246,98.053,98.169,13218,1,0
2025-01-23 06:00:00,98.169,98.316,98.081,98.114,10464,1,0
2025-01-23 09:00:00,98.114,98.197,97.873,97.946,16529,1,0
2025-01-23 12:00:00,97.947,98.131,97.859,98.041,12414,1,0
2025-01-23 15:00:00,98.041,98.122,97.901,97.946,21736,1,0
2025-01-23 18:00:00,97.946,98.208,97.802,98.074,23467,1,0
2025-01-23 21:00:00,98.074,98.08,97.935,98.069,9433,1,0
2025-01-24 00:00:00,98.064,98.171,97.989,98.161,7081,1,0
2025-01-24 03:00:00,98.16,98.657,98.071,98.24,22826,1,0
2025-01-24 06:00:00,98.24,98.494,97.882,98.184,21354,1,0
2025-01-24 09:00:00,98.186,98.404,97.929,98.367,27339,1,0
2025-01-24 12:00:00,98.367,98.712,98.353,98.705,16501,1,0
2025-01-24 15:00:00,98.705,98.765,98.313,98.464,27270,1,0
2025-01-24 18:00:00,98.464,98.514,98.303,98.443,15386,1,0
2025-01-24 21:00:00,98.443,98.479,98.325,98.462,8015,1,0
2025-01-27 00:00:00,97.96,98.184,97.824,97.895,10224,1,0
2025-01-27 03:00:00,97.895,98.109,97.707,98.092,15772,1,0
2025-01-27 06:00:00,98.092,98.25,98.035,98.043,11434,1,0
2025-01-27 09:00:00,98.043,98.048,97.229,97.287,26076,1,0
2025-01-27 12:00:00,97.287,97.287,96.821,97.108,30253,1,0
2025-01-27 15:00:00,97.108,97.186,96.826,96.997,32074,1,0
2025-01-27 18:00:00,96.997,97.049,96.765,96.958,20448,1,0
2025-01-27 21:00:00,96.958,97.325,96.958,97.217,11768,1,0
2025-01-28 00:00:00,97.214,97.282,96.936,97.209,18544,1,0
2025-01-28 03:00:00,97.209,97.508,97.207,97.36,19982,1,0
2025-01-28 06:00:00,97.36,97.449,97.242,97.365,11646,0,0
2025-01-28 09:00:00,97.365,97.495,97.132,97.21,20046,0,0
2025-01-28 12:00:00,97.21,97.267,96.874,96.913,13064,1,0
2025-01-28 15:00:00,96.913,97.295,96.839,97.228,22955,0,0
2025-01-28 18:00:00,97.228,97.311,97.155,97.273,14868,1,0
2025-01-28 21:00:00,97.273,97.315,97.201,97.235,8163,1,0
2025-01-29 00:00:00,97.199,97.341,96.848,97.004,6982,1,0
2025-01-29 03:00:00,97.004,97.157,96.827,96.894,10501,1,0
2025-01-29 06:00:00,96.894,97.046,96.794,96.934,10564,1,0
2025-01-29 09:00:00,96.934,96.967,96.689,96.719,16316,1,0
2025-01-29 12:00:00,96.719,96.803,96.661,96.687,12460,1,0
2025-01-29 15:00:00,96.687,96.704,96.48,96.524,21745,1,0
2025-01-29 18:00:00,96.524,96.764,96.522,96.692,17474,1,0
2025-01-29 21:00:00,96.673,96.867,96.593,96.741,28866,1,0
2025-01-30 00:00:00,96.606,96.838,96.497,96.527,10647,1,0
2025-01-30 03:00:00,96.527,96.527,96.207,96.302,15350,1,0
2025-01-30 06:00:00,96.302,96.331,95.985,96.051,9754,1,0
2025-01-30 09:00:00,96.051,96.347,95.971,96.175,16975,1,0
2025-01-30 12:00:00,96.176,96.265,95.98,96.0,13357,1,0
2025-01-30 15:00:00,96.0,96.138,95.828,96.076,30588,1,0
2025-01-30 18:00:00,96.076,96.312,96.046,96.265,15644,1,0
2025-01-30 21:00:00,96.265,96.265,95.68,95.779,17788,1,0
2025-01-31 00:00:00,95.774,95.969,95.603,95.766,9405,1,0
2025-01-31 03:00:00,95.766,96.06,95.602,96.012,14426,0,0
2025-01-31 06:00:00,96.012,96.445,95.967,96.335,12491,1,0
2025-01-31 09:00:00,96.335,96.472,96.117,96.291,17863,1,0
2025-01-31 12:00:00,96.291,96.307,96.034,96.252,11423,1,0
2025-01-31 15:00:00,96.252,96.621,96.107,96.568,27077,1,0
2025-01-31 18:00:00,96.568,96.935,96.376,96.478,30190,0,0
2025-01-31 21:00:00,96.478,96.527,96.251,96.336,22733,1,0
2025-02-03 00:00:00,94.917,95.684,94.9,95.268,28051,1,0
2025-02-03 03:00:00,95.268,95.571,94.686,94.92,26409,0,0
2025-02-03 06:00:00,94.92,95.425,94.913,95.367,19251,1,0
2025-02-03 09:00:00,95.367,95.628,95.184,95.196,26108,1,0
2025-02-03 12:00:00,95.197,95.364,94.917,95.13,20130,1,0
2025-02-03 15:00:00,95.13,95.904,94.622,95.851,40951,0,0
2025-02-03 18:00:00,95.851,95.932,95.291,95.731,33205,1,0
2025-02-03 21:00:00,95.731,96.455,95.644,96.347,17746,1,0
2025-02-04 00:00:00,96.345,96.638,96.177,96.462,12342,1,0
2025-02-04 03:00:00,96.462,96.464,96.23,96.27,14048,1,0
2025-02-04 06:00:00,96.27,96.3,95.57,96.223,18768,0,0
2025-02-04 09:00:00,96.225,96.506,96.165,96.424,20406,1,0
2025-02-04 12:00:00,96.424,96.512,96.352,96.452,13494,0,0
2025-02-04 15:00:00,96.452,96.704,96.396,96.649,25641,0,0
2025-02-04 18:00:00,96.65,96.754,96.383,96.535,19329,0,0
2025-02-04 21:00:00,96.535,96.598,96.5,96.544,9821,1,0
2025-02-05 00:00:00,96.452,96.606,96.199,96.206,10142,0,0
2025-02-05 03:00:00,96.206,96.217,95.712,95.77,20390,0,0
2025-02-05 06:00:00,95.77,96.006,95.694,95.819,13140,0,0
2025-02-05 09:00:00,95.819,96.259,95.771,95.967,21276,1,0
2025-02-05 12:00:00,95.967,96.09,95.856,96.044,14465,1,0
2025-02-05 15:00:00,96.044,96.218,95.682,95.755,32281,1,0
2025-02-05 18:00:00,95.755,95.935,95.712,95.787,16603,1,0
2025-02-05 21:00:00,95.786,96.019,95.783,95.896,10175,1,0
2025-02-06 00:00:00,95.908,95.982,95.682,95.696,7896,1,0
2025-02-06 03:00:00,95.695,95.736,95.278,95.367,15203,0,0
2025-02-06 06:00:00,95.367,95.658,95.342,95.623,10048,1,0
2025-02-06 09:00:00,95.622,95.694,95.454,95.584,17725,1,0
2025-02-06 12:00:00,95.584,95.628,95.428,95.473,17169,1,0
2025-02-06 15:00:00,95.473,95.523,95.189,95.256,25742,0,0
2025-02-06 18:00:00,95.257,95.503,95.099,95.108,17367,1,0
2025-02-06 21:00:00,95.108,95.25,94.968,95.167,9468,1,0
2025-02-07 00:00:00,95.07,95.151,94.854,95.014,8688,1,0
2025-02-07 03:00:00,95.014,95.524,95.008,95.305,13741,1,0
2025-02-07 06:00:00,95.305,95.407,95.18,95.403,8925,1,0
2025-02-07 09:00:00,95.403,95.591,95.384,95.557,14390,1,0
2025-02-07 12:00:00,95.557,95.677,95.445,95.461,11941,1,0
2025-02-07 15:00:00,95.461,95.608,94.787,94.999,38012,0,0
2025-02-07 18:00:00,95.0,95.187,94.492,94.912,33078,1,0
2025-02-07 21:00:00,94.912,95.066,94.849,94.895,12628,1,0
2025-02-10 00:00:00,94.258,95.155,94.239,95.138,12048,1,0
2025-02-10 03:00:00,95.14,95.269,95.041,95.227,13847,1,0
2025-02-10 06:00:00,95.227,95.413,95.196,95.354,9319,1,0
2025-02-10 09:00:00,95.353,95.677,95.31,95.561,17846,0,0
2025-02-10 12:00:00,95.559,95.635,95.367,95.378,12915,1,0
2025-02-10 15:00:00,95.375,95.45,95.203,95.273,19322,1,0
2025-02-10 18:00:00,95.273,95.468,95.19,95.431,12484,1,0
2025-02-10 21:00:00,95.431,95.491,95.384,95.416,7692,1,0
2025-02-11 00:00:00,95.41,95.466,95.075,95.233,7198,1,0
2025-02-11 03:00:00,95.233,95.397,95.124,95.28,10384,1,0
2025-02-11 06:00:00,95.28,95.471,95.279,95.398,6511,0,0
2025-02-11 09:00:00,95.399,95.556,95.317,95.374,15906,1,0
2025-02-11 12:00:00,95.374,95.745,95.361,95.719,12920,1,0
2025-02-11 15:00:00,95.719,95.95,95.593,95.888,21846,0,0
2025-02-11 18:00:00,95.886,95.926,95.821,95.862,13520,1,0
2025-02-11 21:00:00,95.862,96.109,95.852,95.989,11064,1,0
2025-02-12 00:00:00,95.978,96.459,95.842,96.421,8555,1,0
2025-02-12 03:00:00,96.421,96.875,96.265,96.78,14695,1,0
2025-02-12 06:00:00,96.78,96.849,96.59,96.603,11956,0,0
2025-02-12 09:00:00,96.604,96.785,96.315,96.379,17206,0,0
2025-02-12 12:00:00,96.379,96.479,96.318,96.418,12258,1,0
2025-02-12 15:00:00,96.417,96.975,95.93,96.906,34524,0,0
2025-02-12 18:00:00,96.906,97.334,96.836,97.033,22975,0,0
2025-02-12 21:00:00,97.033,97.1,96.905,96.942,9894,1,0
2025-02-13 00:00:00,96.958,97.058,96.813,97.039,7530,1,0
2025-02-13 03:00:00,97.04,97.089,96.802,97.012,14503,1,0
2025-02-13 06:00:00,97.012,97.281,96.849,96.861,14812,1,0
2025-02-13 09:00:00,96.861,96.949,96.439,96.505,19025,0,0
2025-02-13 12:00:00,96.505,96.572,96.235,96.314,15320,1,0
2025-02-13 15:00:00,96.315,96.639,96.0,96.44,30096,0,0
2025-02-13 18:00:00,96.438,96.462,96.113,96.377,21803,0,0
2025-02-13 21:00:00,96.377,96.562,96.304,96.532,12693,1,0
2025-02-14 00:00:00,96.519,96.699,96.324,96.378,10508,0,0
2025-02-14 03:00:00,96.379,96.736,96.333,96.637,13729,1,0
2025-02-14 06:00:00,96.637,96.682,96.383,96.403,9761,1,0
2025-02-14 09:00:00,96.403,96.887,96.374,96.711,19732,0,0
2025-02-14 12:00:00,96.711,96.894,96.571,96.89,12706,1,0
2025-02-14 15:00:00,96.891,96.992,96.619,96.796,26631,1,0
2025-02-14 18:00:00,96.798,96.881,96.633,96.816,12529,1,0
2025-02-14 21:00:00,96.815,96.861,96.727,96.755,7787,1,0
2025-02-17 00:00:00,96.533,96.846,96.488,96.544,11272,1,0
2025-02-17 03:00:00,96.544,96.746,96.381,96.51,15888,0,0
2025-02-17 06:00:00,96.508,96.708,96.467,96.621,14242,1,0
2025-02-17 09:00:00,96.621,96.663,96.487,96.653,15804,1,0
2025-02-17 12:00:00,96.653,96.666,96.338,96.401,11781,0,0
2025-02-17 15:00:00,96.401,96.473,96.323,96.345,10099,1,0
2025-02-17 18:00:00,96.345,96.433,96.274,96.277,5633,1,0
2025-02-17 21:00:00,96.277,96.34,96.201,96.305,4606,1,0
2025-02-18 00:00:00,96.278,96.365,96.068,96.286,8317,1,0
2025-02-18 03:00:00,96.286,96.719,96.127,96.575,16883,0,0
2025-02-18 06:00:00,96.576,96.788,96.402,96.591,13965,1,0
2025-02-18 09:00:00,96.591,96.693,96.52,96.581,15725,0,0
2025-02-18 12:00:00,96.581,96.588,96.273,96.289,12699,1,0
2025-02-18 15:00:00,96.289,96.399,96.188,96.331,20459,1,0
2025-02-18 18:00:00,96.331,96.47,96.325,96.467,13708,1,0
2025-02-18 21:00:00,96.467,96.634,96.421,96.585,9158,1,0
2025-02-19 00:00:00,96.593,96.637,96.403,96.525,7881,1,0
2025-02-19 03:00:00,96.524,96.766,96.27,96.64,18058,1,0
2025-02-19 06:00:00,96.64,96.653,96.504,96.529,12657,1,0
2025-02-19 09:00:00,96.529,96.608,96.385,96.412,18722,1,0
2025-02-19 12:00:00,96.412,96.508,96.333,96.478,16536,1,0
2025-02-19 15:00:00,96.479,96.5,95.997,96.138,24263,0,0
2025-02-19 18:00:00,96.14,96.258,96.099,96.191,14261,1,0
2025-02-19 21:00:00,96.191,96.233,96.098,96.1,10196,1,0
2025-02-20 00:00:00,96.074,96.092,95.732,95.907,12160,1,0
2025-02-20 03:00:00,95.907,95.922,95.33,95.659,21938,1,0
2025-02-20 06:00:00,95.659,95.716,95.462,95.494,15599,1,0
2025-02-20 09:00:00,95.494,95.917,95.425,95.836,18673,1,0
2025-02-20 12:00:00,95.836,95.836,95.569,95.622,16415,1,0
2025-02-20 15:00:00,95.621,95.811,95.45,95.609,31461,1,0
2025-02-20 18:00:00,95.608,95.813,95.566,95.806,17558,1,0
2025-02-20 21:00:00,95.807,95.92,95.761,95.765,8578,1,0
2025-02-21 00:00:00,95.738,95.935,95.561,95.871,13270,1,0
2025-02-21 03:00:00,95.871,96.495,95.846,96.221,18498,1,0
2025-02-21 06:00:00,96.221,96.227,96.051,96.113,12454,1,0
2025-02-21 09:00:00,96.113,96.269,95.955,96.097,24946,1,0
2025-02-21 12:00:00,96.097,96.136,95.974,96.058,11383,1,0
2025-02-21 15:00:00,96.058,96.1,95.281,95.336,29235,1,0
2025-02-21 18:00:00,95.336,95.383,94.797,94.84,22333,1,0
2025-02-21 21:00:00,94.84,94.922,94.646,94.905,15280,1,0
2025-02-24 00:00:00,94.904,95.194,94.835,94.889,15880,1,0
2025-02-24 03:00:00,94.889,95.457,94.823,95.218,24179,1,0
2025-02-24 06:00:00,95.218,95.366,95.186,95.35,15963,0,0
2025-02-24 09:00:00,95.35,95.382,94.976,95.207,23218,0,0
2025-02-24 12:00:00,95.207,95.393,95.164,95.378,14602,1,0
2025-02-24 15:00:00,95.379,95.45,94.693,94.866,32988,1,0
2025-02-24 18:00:00,94.866,95.263,94.855,95.159,22639,0,0
2025-02-24 21:00:00,95.159,95.261,94.966,95.045,14242,1,0
2025-02-25 00:00:00,95.044,95.238,94.934,95.208,11578,1,0
2025-02-25 03:00:00,95.209,95.315,95.051,95.069,17599,0,0
2025-02-25 06:00:00,95.069,95.201,94.912,95.105,14939,1,0
2025-02-25 09:00:00,95.103,95.122,94.538,94.732,28168,0,0
2025-02-25 12:00:00,94.732,95.067,94.699,94.948,21597,1,0
2025-02-25 15:00:00,94.948,95.068,94.016,94.413,36081,0,0
2025-02-25 18:00:00,94.41,94.691,94.133,94.585,28358,1,0
2025-02-25 21:00:00,94.585,94.624,94.443,94.532,17198,1,0
2025-02-26 00:00:00,94.483,94.71,94.395,94.45,11541,1,0
2025-02-26 03:00:00,94.45,94.692,94.242,94.519,20119,1,0
2025-02-26 06:00:00,94.519,94.74,94.458,94.68,15083,1,0
2025-02-26 09:00:00,94.679,94.722,94.443,94.454,23619,1,0
2025-02-26 12:00:00,94.454,94.477,94.277,94.355,19871,0,0
2025-02-26 15:00:00,94.354,94.554,94.079,94.421,32742,1,0
2025-02-26 18:00:00,94.421,94.478,93.851,93.933,30066,0,0
2025-02-26 21:00:00,93.933,94.03,93.78,93.985,17612,1,0
2025-02-27 00:00:00,93.974,94.024,93.805,93.969,11900,1,0
2025-02-27 03:00:00,93.97,94.223,93.895,93.905,17636,1,0
2025-02-27 06:00:00,93.905,94.044,93.712,93.978,16239,1,0
2025-02-27 09:00:00,93.978,94.515,93.906,94.434,24599,1,0
2025-02-27 12:00:00,94.434,94.484,94.184,94.207,20043,1,0
2025-02-27 15:00:00,94.207,94.243,93.488,93.798,46610,1,0
2025-02-27 18:00:00,93.798,93.901,93.628,93.883,26957,0,0
2025-02-27 21:00:00,93.883,93.891,93.312,93.402,18407,0,0
2025-02-28 00:00:00,93.412,93.588,93.06,93.086,13520,0,0
2025-02-28 03:00:00,93.086,93.234,92.729,92.932,23326,1,0
2025-02-28 06:00:00,92.932,93.238,92.863,93.206,15800,1,0
2025-02-28 09:00:00,93.206,93.691,93.126,93.375,23451,0,0
2025-02-28 12:00:00,93.375,93.685,93.361,93.656,15228,1,0
2025-02-28 15:00:00,93.655,93.861,93.301,93.697,38835,1,0
2025-02-28 18:00:00,93.702,93.753,93.108,93.136,34692,1,0
2025-02-28 21:00:00,93.136,93.509,93.112,93.411,19322,1,0
2025-03-03 00:00:00,93.698,93.955,93.392,93.622,14919,1,0
2025-03-03 03:00:00,93.622,93.851,93.326,93.549,21576,1,0
2025-03-03 06:00:00,93.549,93.627,93.386,93.523,14213,1,0
2025-03-03 09:00:00,93.523,93.607,93.193,93.578,22715,0,0
2025-03-03 12:00:00,93.578,94.243,93.573,94.176,24590,0,0
2025-03-03 15:00:00,94.176,94.237,93.714,93.762,34533,0,0
2025-03-03 18:00:00,93.762,93.948,93.595,93.65,29495,1,0
2025-03-03 21:00:00,93.651,93.762,92.535,93.055,30124,1,0
2025-03-04 00:00:00,93.052,93.07,92.477,92.717,15725,1,0
2025-03-04 03:00:00,92.717,92.774,92.344,92.484,28076,0,0
2025-03-04 06:00:00,92.484,92.878,92.25,92.867,24755,0,0
2025-03-04 09:00:00,92.867,92.896,92.356,92.736,33900,1,0
2025-03-04 12:00:00,92.736,92.736,92.36,92.468,30410,0,0
2025-03-04 15:00:00,92.47,92.583,91.855,92.078,47311,1,0
2025-03-04 18:00:00,92.078,92.909,91.948,92.882,42101,0,0
2025-03-04 21:00:00,92.881,93.99,92.869,93.927,33389,0,0
2025-03-05 00:00:00,93.894,94.166,93.592,93.799,15040,1,0
2025-03-05 03:00:00,93.799,94.052,93.336,93.739,29220,0,0
2025-03-05 06:00:00,93.739,93.806,93.534,93.75,18363,0,0
2025-03-05 09:00:00,93.751,93.999,93.607,93.871,31832,1,0
2025-03-05 12:00:00,93.871,93.961,93.724,93.862,25688,0,0
2025-03-05 15:00:00,93.862,94.238,93.594,93.899,52186,1,0
2025-03-05 18:00:00,93.899,94.249,93.599,94.2,43013,1,0
2025-03-05 21:00:00,94.2,94.403,94.179,94.311,19430,0,0
2025-03-06 00:00:00,94.312,94.598,94.116,94.415,10511,0,0
2025-03-06 03:00:00,94.415,94.72,94.375,94.604,20024,1,0
2025-03-06 06:00:00,94.604,94.71,94.279,94.34,16761,1,0
2025-03-06 09:00:00,94.34,94.365,93.472,93.656,37264,1,0
2025-03-06 12:00:00,93.656,93.756,93.45,93.486,25886,1,0
2025-03-06 15:00:00,93.487,94.162,93.296,94.145,52529,1,0
2025-03-06 18:00:00,94.144,94.399,93.594,93.665,43417,0,0
2025-03-06 21:00:00,93.665,93.792,93.42,93.703,24876,1,0
2025-03-07 00:00:00,93.704,93.812,93.457,93.607,12288,1,0
2025-03-07 03:00:00,93.607,93.706,92.972,93.031,20552,1,0
2025-03-07 06:00:00,93.031,93.178,92.869,92.973,17559,0,0
2025-03-07 09:00:00,92.973,93.285,92.956,93.09,31886,1,0
2025-03-07 12:00:00,93.09,93.124,92.867,92.958,24790,0,0
2025-03-07 15:00:00,92.958,93.292,92.422,93.128,52753,0,0
2025-03-07 18:00:00,93.127,93.232,92.426,93.225,44673,0,0
2025-03-07 21:00:00,93.224,93.485,93.169,93.312,22042,0,0
2025-03-10 00:00:00,93.269,93.332,92.844,93.025,11621,1,0
2025-03-10 03:00:00,93.025,93.245,92.856,93.107,20172,1,0
2025-03-10 06:00:00,93.107,93.324,92.987,93.183,11818,1,0
2025-03-10 09:00:00,93.187,93.418,92.878,92.914,23337,1,0
2025-03-10 12:00:00,92.914,93.259,92.777,93.05,26582,1,0
2025-03-10 15:00:00,93.051,93.095,92.475,92.586,37536,0,0
2025-03-10 18:00:00,92.586,92.953,92.522,92.532,31909,0,0
2025-03-10 21:00:00,92.532,92.657,92.151,92.459,24208,1,0
2025-03-11 00:00:00,92.436,92.442,92.078,92.368,9369,1,0
2025-03-11 03:00:00,92.369,92.56,91.82,92.243,28125,0,0
2025-03-11 06:00:00,92.243,92.397,92.119,92.274,17055,1,0
2025-03-11 09:00:00,92.274,92.676,92.206,92.657,26948,0,0
2025-03-11 12:00:00,92.655,92.9,92.6,92.844,22234,1,0
2025-03-11 15:00:00,92.844,93.253,92.298,92.385,44876,0,0
2025-03-11 18:00:00,92.385,92.878,92.301,92.532,39677,0,0
2025-03-11 21:00:00,92.532,93.311,92.514,93.061,30213,1,0
2025-03-12 00:00:00,93.061,93.222,92.805,93.2,6361,1,0
2025-03-12 03:00:00,93.201,93.263,93.014,93.102,16973,1,0
2025-03-12 06:00:00,93.1,93.272,92.999,93.164,11633,1,0
2025-03-12 09:00:00,93.165,93.477,93.045,93.431,20995,1,0
2025-03-12 12:00:00,93.431,93.608,93.388,93.505,16010,0,0
2025-03-12 15:00:00,93.505,93.842,93.198,93.358,41243,0,0
2025-03-12 18:00:00,93.358,93.717,93.266,93.448,27798,0,0
2025-03-12 21:00:00,93.448,93.774,93.44,93.692,17406,1,0
2025-03-13 00:00:00,93.69,93.85,93.486,93.848,4945,1,0
2025-03-13 03:00:00,93.849,93.942,93.638,93.699,14785,1,0
2025-03-13 06:00:00,93.699,93.738,93.094,93.154,13183,1,0
2025-03-13 09:00:00,93.154,93.179,92.911,93.058,23642,1,0
2025-03-13 12:00:00,93.058,93.243,92.962,93.038,18716,1,0
2025-03-13 15:00:00,93.037,93.186,92.88,93.088,35137,0,0
2025-03-13 18:00:00,93.086,93.173,92.535,92.663,30259,1,0
2025-03-13 21:00:00,92.663,92.929,92.654,92.854,15886,1,0
2025-03-14 00:00:00,92.887,93.054,92.756,92.994,5277,1,0
2025-03-14 03:00:00,92.994,93.317,92.922,93.169,15955,1,0
2025-03-14 06:00:00,93.169,93.576,93.167,93.462,12207,1,0
2025-03-14 09:00:00,93.461,93.963,93.442,93.944,20850,1,0
2025-03-14 12:00:00,93.945,93.963,93.637,93.784,21423,1,0
2025-03-14 15:00:00,93.784,94.106,93.744,93.853,27924,1,0
2025-03-14 18:00:00,93.852,93.912,93.638,93.848,21215,0,0
2025-03-14 21:00:00,93.848,94.094,93.848,94.036,9448,1,0
2025-03-17 00:00:00,93.994,94.205,93.882,93.996,6623,0,0
2025-03-17 03:00:00,93.996,94.245,93.906,94.108,14072,1,0
2025-03-17 06:00:00,94.109,94.326,94.02,94.281,10770,1,0
2025-03-17 09:00:00,94.281,94.448,94.165,94.426,16705,1,0
2025-03-17 12:00:00,94.426,94.466,94.215,94.279,15340,0,0
2025-03-17 15:00:00,94.279,94.803,94.149,94.538,33045,1,0
2025-03-17 18:00:00,94.538,95.163,94.525,95.128,18676,0,0
2025-03-17 21:00:00,95.128,95.352,95.115,95.255,11062,1,0
2025-03-18 00:00:00,95.248,95.398,95.159,95.329,4225,1,0
2025-03-18 03:00:00,95.327,95.502,95.263,95.439,13028,1,0
2025-03-18 06:00:00,95.439,95.452,95.285,95.424,8309,1,0
2025-03-18 09:00:00,95.424,95.752,95.361,95.658,13700,1,0
2025-03-18 12:00:00,95.656,95.683,95.25,95.362,14084,1,0
2025-03-18 15:00:00,95.362,95.482,94.952,95.038,25604,1,0
2025-03-18 18:00:00,95.038,95.16,94.839,94.953,22220,1,0
2025-03-18 21:00:00,94.953,95.035,94.772,94.944,11457,1,0
2025-03-19 00:00:00,94.943,95.086,94.871,95.066,4325,1,0
2025-03-19 03:00:00,95.066,95.209,94.933,95.094,12171,1,0
2025-03-19 06:00:00,95.094,95.234,94.916,95.225,7883,1,0
2025-03-19 09:00:00,95.225,95.356,94.365,94.677,22137,1,0
2025-03-19 12:00:00,94.677,94.973,94.58,94.931,12971,1,0
2025-03-19 15:00:00,94.931,95.038,94.778,94.873,20123,0,0
2025-03-19 18:00:00,94.873,95.012,94.748,94.785,14569,1,0
2025-03-19 21:00:00,94.791,94.88,94.443,94.519,28810,0,0
2025-03-20 00:00:00,94.514,94.673,94.433,94.47,5996,1,0
2025-03-20 03:00:00,94.469,94.477,93.857,94.065,15690,1,0
2025-03-20 06:00:00,94.065,94.208,94.003,94.043,7926,1,0
2025-03-20 09:00:00,94.043,94.043,93.731,93.748,15809,1,0
2025-03-20 12:00:00,93.748,93.824,93.281,93.34,18895,1,0
2025-03-20 15:00:00,93.34,93.665,93.164,93.538,25965,0,0
2025-03-20 18:00:00,93.538,93.868,93.505,93.646,19836,1,0
2025-03-20 21:00:00,93.646,93.853,93.634,93.768,10591,0,0
2025-03-21 00:00:00,93.765,93.792,93.57,93.665,4361,1,0
2025-03-21 03:00:00,93.665,94.021,93.648,93.8,13069,1,0
2025-03-21 06:00:00,93.8,94.096,93.727,94.06,9390,1,0
2025-03-21 09:00:00,94.06,94.211,93.866,94.058,15259,1,0
2025-03-21 12:00:00,94.058,94.062,93.664,93.689,14074,1,0
2025-03-21 15:00:00,93.691,93.766,93.29,93.446,26555,0,0
2025-03-21 18:00:00,93.444,93.743,93.147,93.64,21190,1,0
2025-03-21 21:00:00,93.64,93.721,93.578,93.631,9332,1,0
2025-03-24 00:00:00,93.527,94.135,93.488,94.119,6896,1,0
2025-03-24 03:00:00,94.121,94.262,94.042,94.088,13622,1,0
2025-03-24 06:00:00,94.088,94.212,93.937,94.016,8459,1,0
2025-03-24 09:00:00,94.016,94.32,93.99,94.187,15114,1,0
2025-03-24 12:00:00,94.187,94.341,94.11,94.232,13019,1,0
2025-03-24 15:00:00,94.232,94.66,94.107,94.618,20278,1,0
2025-03-24 18:00:00,94.618,94.738,94.368,94.478,17596,1,0
2025-03-24 21:00:00,94.478,94.738,94.397,94.724,10874,1,0
2025-03-25 00:00:00,94.714,94.809,94.576,94.789,5155,1,0
2025-03-25 03:00:00,94.789,94.917,94.664,94.777,12815,1,0
2025-03-25 06:00:00,94.777,94.816,94.621,94.64,8157,1,0
2025-03-25 09:00:00,94.64,94.743,94.555,94.655,13876,1,0
2025-03-25 12:00:00,94.655,94.912,94.624,94.876,15296,1,0
2025-03-25 15:00:00,94.878,94.883,94.435,94.531,21795,0,0
2025-03-25 18:00:00,94.531,94.589,94.356,94.433,16104,1,0
2025-03-25 21:00:00,94.431,94.492,94.336,94.472,8589,0,0
2025-03-26 00:00:00,94.478,94.582,94.354,94.567,4184,0,0
2025-03-26 03:00:00,94.567,94.804,94.262,94.785,14880,0,0
2025-03-26 06:00:00,94.785,95.08,94.775,94.978,10032,1,0
2025-03-26 09:00:00,94.978,95.188,94.822,94.908,15691,1,0
2025-03-26 12:00:00,94.908,95.058,94.856,94.945,11844,1,0
2025-03-26 15:00:00,94.945,95.067,94.819,95.03,20735,0,0
2025-03-26 18:00:00,95.03,95.19,94.535,94.635,20209,0,0
2025-03-26 21:00:00,94.635,94.842,94.55,94.833,12306,0,0
2025-03-27 00:00:00,94.829,94.849,94.42,94.593,8515,0,0
2025-03-27 03:00:00,94.593,94.809,94.441,94.702,13721,0,0
2025-03-27 06:00:00,94.701,94.908,94.619,94.696,10839,0,0
2025-03-27 09:00:00,94.696,95.101,94.67,95.097,17601,0,0
2025-03-27 12:00:00,95.097,95.359,95.097,95.357,12669,0,0
2025-03-27 15:00:00,95.357,95.396,94.848,95.209,22238,0,0
2025-03-27 18:00:00,95.211,95.358,95.078,95.178,18062,0,0
2025-03-27 21:00:00,95.178,95.297,95.16,95.222,9099,0,0
2025-03-28 00:00:00,95.191,95.213,94.971,95.049,4018,0,0
2025-03-28 03:00:00,95.048,95.184,94.841,94.895,12399,0,0
2025-03-28 06:00:00,94.895,94.904,94.695,94.783,7659,0,0
2025-03-28 09:00:00,94.783,94.849,94.637,94.794,11316,0,0
2025-03-28 12:00:00,94.794,94.937,94.722,94.903,9759,0,0
2025-03-28 15:00:00,94.903,95.119,94.322,94.459,25317,0,0
2025-03-28 18:00:00,94.459,94.756,94.19,94.314,17005,0,0
2025-03-28 21:00:00,94.315,94.417,94.098,94.168,10255,0,0
2025-03-31 00:00:00,94.102,94.224,93.624,93.997,8758,0,0
2025-03-31 03:00:00,93.996,94.042,93.571,93.599,18214,0,0
2025-03-31 06:00:00,93.599,93.789,93.407,93.626,11231,0,0
2025-03-31 09:00:00,93.626,93.688,93.241,93.274,18913,0,0
2025-03-31 12:00:00,93.274,93.391,93.192,93.363,13618,0,0
2025-03-31 15:00:00,93.363,93.384,93.051,93.154,22568,0,0
2025-03-31 18:00:00,93.153,93.743,93.144,93.635,18365,0,0
2025-03-31 21:00:00,93.635,93.931,93.622,93.678,11327,0,0
2025-04-01 00:00:00,93.681,93.729,93.52,93.565,5855,0,0
2025-04-01 03:00:00,93.565,93.723,93.27,93.703,16701,0,0
2025-04-01 06:00:00,93.702,93.867,93.453,93.71,11256,0,0
2025-04-01 09:00:00,93.71,93.912,93.429,93.642,16423,0,0
2025-04-01 12:00:00,93.642,93.736,93.148,93.238,16025,0,0
2025-04-01 15:00:00,93.238,93.723,93.226,93.659,22437,0,0
2025-04-01 18:00:00,93.659,94.008,93.638,93.697,18709,0,0
2025-04-01 21:00:00,93.697,93.966,93.522,93.921,13228,0,0
2025-04-02 00:00:00,93.934,94.252,93.738,94.164,6432,0,0
2025-04-02 03:00:00,94.165,94.41,93.992,94.313,14218,0,0
2025-04-02 06:00:00,94.313,94.454,94.286,94.342,6367,0,0
2025-04-02 09:00:00,94.342,94.575,94.169,94.389,12182,0,0
2025-04-02 12:00:00,94.389,94.463,94.07,94.101,11861,0,0
2025-04-02 15:00:00,94.101,94.427,93.932,94.344,20563,0,0
2025-04-02 18:00:00,94.344,94.666,94.287,94.519,16550,0,0
2025-04-02 21:00:00,94.519,95.313,93.523,94.029,22847,0,0
2025-04-03 00:00:00,93.95,93.953,92.302,92.635,18153,0,0
2025-04-03 03:00:00,92.632,92.997,92.505,92.821,28080,0,0
2025-04-03 06:00:00,92.821,92.828,92.282,92.451,18391,0,0
2025-04-03 09:00:00,92.452,93.135,92.424,93.023,26539,0,0
2025-04-03 12:00:00,93.023,93.101,92.73,92.876,24363,0,0
2025-04-03 15:00:00,92.876,93.065,92.578,92.673,34303,0,0
2025-04-03 18:00:00,92.673,93.032,92.581,92.648,30213,0,0
2025-04-03 21:00:00,92.648,92.836,92.299,92.424,18973,0,0
2025-04-04 00:00:00,92.431,92.526,92.075,92.518,11214,0,0
2025-04-04 03:00:00,92.518,92.642,91.616,91.645,22023,0,0
2025-04-04 06:00:00,91.645,91.667,90.561,91.143,20787,0,0
2025-04-04 09:00:00,91.145,91.25,90.747,90.861,30955,0,0
2025-04-04 12:00:00,90.864,90.926,87.675,88.879,41233,0,0
2025-04-04 15:00:00,88.879,89.478,87.409,88.16,44574,0,0
2025-04-04 18:00:00,88.153,88.954,87.608,88.815,44792,0,0
2025-04-04 21:00:00,88.815,89.092,88.145,88.714,30871,0,0
2025-04-07 00:00:00,87.096,87.412,86.065,87.062,26973,0,0
2025-04-07 03:00:00,87.067,88.361,86.667,88.12,38785,0,0
2025-04-07 06:00:00,88.121,88.59,87.584,87.703,25359,0,0
2025-04-07 09:00:00,87.703,87.955,87.084,87.752,44369,0,0
2025-04-07 12:00:00,87.753,88.857,87.349,88.384,38057,0,0
2025-04-07 15:00:00,88.391,90.472,88.25,88.662,46890,0,0
2025-04-07 18:00:00,88.663,89.017,87.761,88.765,43866,0,0
2025-04-07 21:00:00,88.771,88.846,88.073,88.485,26889,0,0
2025-04-08 00:00:00,88.429,88.87,88.294,88.633,9955,0,0
2025-04-08 03:00:00,88.628,88.96,88.24,88.732,32158,0,0
2025-04-08 06:00:00,88.732,89.602,88.704,89.566,21287,0,0
2025-04-08 09:00:00,89.567,89.567,89.005,89.397,35230,0,0
2025-04-08 12:00:00,89.399,89.403,88.576,88.939,31664,0,0
2025-04-08 15:00:00,88.939,89.689,88.708,88.768,42679,0,0
2025-04-08 18:00:00,88.768,88.875,87.331,87.735,43168,0,0
2025-04-08 21:00:00,87.735,87.799,86.87,87.119,35619,0,0
2025-04-09 00:00:00,87.076,87.127,86.515,86.825,12410,0,0
2025-04-09 03:00:00,86.825,87.462,86.043,87.145,33285,0,0
2025-04-09 06:00:00,87.145,87.385,86.251,86.676,30779,0,0
2025-04-09 09:00:00,86.676,87.866,86.676,87.315,40547,0,0
2025-04-09 12:00:00,87.315,87.912,86.648,86.807,34448,0,0
2025-04-09 15:00:00,86.807,87.88,86.672,86.801,40887,0,0
2025-04-09 18:00:00,86.804,90.329,86.742,90.182,33948,0,0
2025-04-09 21:00:00,90.182,91.317,90.182,90.871,29579,0,0
2025-04-10 00:00:00,90.755,90.972,90.364,90.404,14314,0,0
2025-04-10 03:00:00,90.404,90.633,89.759,90.315,26931,0,0
2025-04-10 06:00:00,90.315,91.01,90.241,90.867,20806,0,0
2025-04-10 09:00:00,90.867,91.11,89.705,90.032,36017,0,0
2025-04-10 12:00:00,90.032,90.282,89.8,90.001,27659,0,0
2025-04-10 15:00:00,90.001,90.35,89.389,90.347,42064,0,0
2025-04-10 18:00:00,90.345,90.366,88.911,90.074,42450,0,0
2025-04-10 21:00:00,90.074,90.373,89.688,89.902,30491,0,0
2025-04-11 00:00:00,89.891,89.988,89.411,89.454,12549,0,0
2025-04-11 03:00:00,89.453,89.898,88.798,89.71,30828,0,0
2025-04-11 06:00:00,89.712,89.731,88.481,89.009,22813,0,0
2025-04-11 09:00:00,89.008,89.435,88.287,88.557,37659,0,0
2025-04-11 12:00:00,88.555,89.17,88.421,88.975,32137,0,0
2025-04-11 15:00:00,88.976,90.005,88.901,89.502,41402,0,0
2025-04-11 18:00:00,89.501,90.404,89.294,90.369,31616,0,0
2025-04-11 21:00:00,90.365,90.511,90.171,90.195,18004,0,0
2025-04-14 00:00:00,90.588,90.792,90.159,90.537,11950,0,0
2025-04-14 03:00:00,90.536,90.59,89.568,90.09,27093,0,0
2025-04-14 06:00:00,90.087,90.241,89.846,89.97,14376,0,0
2025-04-14 09:00:00,89.972,90.716,89.904,90.561,23053,0,0
2025-04-14 12:00:00,90.561,90.634,90.302,90.407,17172,0,0
2025-04-14 15:00:00,90.407,90.779,90.281,90.65,28512,0,0
2025-04-14 18:00:00,90.652,90.681,90.124,90.46,27544,0,0
2025-04-14 21:00:00,90.46,90.696,90.431,90.479,14060,0,0
2025-04-15 00:00:00,90.305,90.591,90.289,90.494,5796,0,0
2025-04-15 03:00:00,90.493,91.008,90.492,90.812,14713,0,0
2025-04-15 06:00:00,90.818,91.183,90.74,90.867,11979,0,0
2025-04-15 09:00:00,90.87,91.406,90.675,90.75,21947,0,0
2025-04-15 12:00:00,90.749,91.085,90.594,90.879,16185,0,0
2025-04-15 15:00:00,90.878,91.317,90.787,90.953,26963,0,0
2025-04-15 18:00:00,90.953,91.126,90.807,90.92,21000,0,0
2025-04-15 21:00:00,90.921,90.949,90.791,90.892,11534,0,0
2025-04-16 00:00:00,90.808,90.831,90.493,90.694,7336,0,0
2025-04-16 03:00:00,90.694,90.706,90.381,90.407,15937,0,0
2025-04-16 06:00:00,90.407,90.584,90.211,90.27,13140,0,0
2025-04-16 09:00:00,90.27,91.026,90.135,90.774,21237,0,0
2025-04-16 12:00:00,90.774,91.06,90.687,90.881,16801,0,0
2025-04-16 15:00:00,90.881,90.975,90.63,90.915,22899,0,0
2025-04-16 18:00:00,90.915,91.204,90.466,90.474,18390,0,0
2025-04-16 21:00:00,90.475,90.626,90.14,90.328,18055,0,0
2025-04-17 00:00:00,90.317,90.468,90.198,90.373,5274,0,0
2025-04-17 03:00:00,90.372,90.819,90.304,90.684,17436,0,0
2025-04-17 06:00:00,90.684,90.708,90.304,90.49,9536,0,0
2025-04-17 09:00:00,90.491,90.826,90.366,90.648,15822,0,0
2025-04-17 12:00:00,90.648,90.765,90.516,90.664,12833,0,0
2025-04-17 15:00:00,90.664,90.887,90.486,90.523,25314,0,0
2025-04-17 18:00:00,90.523,91.015,90.515,91.013,20058,0,0
2025-04-17 21:00:00,91.013,91.173,90.918,91.027,13159,0,0
2025-04-18 00:00:00,90.834,90.984,90.791,90.932,6104,33,0
2025-04-18 03:00:00,90.932,90.986,90.607,90.621,35247,0,0
2025-04-18 06:00:00,90.621,90.849,90.598,90.764,46989,0,0
2025-04-18 09:00:00,90.767,90.838,90.654,90.673,27334,0,0
2025-04-18 12:00:00,90.67,90.772,90.652,90.721,35988,2,0
2025-04-18 15:00:00,90.721,90.748,90.627,90.657,20876,0,0
2025-04-18 18:00:00,90.656,90.694,90.573,90.648,14822,0,0
2025-04-18 21:00:00,90.648,90.653,90.599,90.626,8430,2,0
2025-04-21 00:00:00,90.404,90.643,90.23,90.47,10238,0,0
2025-04-21 03:00:00,90.471,90.483,89.972,90.096,16938,0,0
2025-04-21 06:00:00,90.096,90.49,90.037,90.413,10677,0,0
2025-04-21 09:00:00,90.413,90.489,90.261,90.385,13697,0,0
2025-04-21 12:00:00,90.385,90.655,90.342,90.448,11719,0,0
2025-04-21 15:00:00,90.448,90.606,90.295,90.439,18892,0,0
2025-04-21 18:00:00,90.44,90.458,90.091,90.099,13824,0,0
2025-04-21 21:00:00,90.099,90.466,90.041,90.375,10670,0,0
2025-04-22 00:00:00,90.352,90.491,90.241,90.464,5448,0,0
2025-04-22 03:00:00,90.464,90.574,90.204,90.311,15992,0,0
2025-04-22 06:00:00,90.308,90.308,89.957,90.059,13435,0,0
2025-04-22 09:00:00,90.059,90.296,89.99,90.052,17519,0,0
2025-04-22 12:00:00,90.052,90.1,89.641,89.695,10370,0,0
2025-04-22 15:00:00,89.692,90.028,89.675,89.913,18115,0,0
2025-04-22 18:00:00,89.912,90.503,89.8,90.055,22111,0,0
2025-04-22 21:00:00,90.055,90.277,90.042,90.119,10316,0,0
2025-04-23 00:00:00,90.071,91.035,89.964,90.949,14698,0,0
2025-04-23 03:00:00,90.948,91.019,90.578,90.647,20827,0,0
2025-04-23 06:00:00,90.647,90.902,90.588,90.86,12129,0,0
2025-04-23 09:00:00,90.859,91.026,90.723,90.855,17782,0,0
2025-04-23 12:00:00,90.855,91.029,90.775,90.782,13096,0,0
2025-04-23 15:00:00,90.783,91.607,90.686,91.392,28390,0,0
2025-04-23 18:00:00,91.392,91.482,90.711,91.213,25519,0,0
2025-04-23 21:00:00,91.213,91.348,91.013,91.185,15232,0,0
2025-04-24 00:00:00,91.116,91.211,90.924,91.107,7804,0,0
2025-04-24 03:00:00,91.108,91.252,90.621,90.915,14903,0,0
2025-04-24 06:00:00,90.915,90.931,90.553,90.612,9936,0,0
2025-04-24 09:00:00,90.612,91.056,90.612,90.943,15553,0,0
2025-04-24 12:00:00,90.938,91.042,90.816,90.884,12295,0,0
2025-04-24 15:00:00,90.884,91.175,90.806,91.165,20808,0,0
2025-04-24 18:00:00,91.165,91.4,91.136,91.366,16231,0,0
2025-04-24 21:00:00,91.366,91.462,91.263,91.393,8360,0,0
2025-04-25 00:00:00,91.29,91.543,91.234,91.429,4659,0,0
2025-04-25 03:00:00,91.429,91.639,91.385,91.493,13728,0,0
2025-04-25 06:00:00,91.493,92.221,91.49,91.847,14723,0,0
2025-04-25 09:00:00,91.847,92.144,91.516,91.646,18368,0,0
2025-04-25 12:00:00,91.646,91.725,91.335,91.47,15022,0,0
2025-04-25 15:00:00,91.471,92.053,91.431,92.01,19955,0,0
2025-04-25 18:00:00,92.01,92.099,91.651,91.748,13662,0,0
2025-04-25 21:00:00,91.747,92.071,91.701,91.943,9238,0,0
2025-04-28 00:00:00,91.753,92.017,91.6,91.811,6668,0,0
2025-04-28 03:00:00,91.811,91.812,91.584,91.651,13592,0,0
2025-04-28 06:00:00,91.652,91.92,91.539,91.903,8984,0,0
2025-04-28 09:00:00,91.903,91.955,91.479,91.588,14261,0,0
2025-04-28 12:00:00,91.579,91.827,91.575,91.689,10539,0,0
2025-04-28 15:00:00,91.689,91.82,91.596,91.752,18662,0,0
2025-04-28 18:00:00,91.752,91.771,91.2,91.355,16236,0,0
2025-04-28 21:00:00,91.355,91.452,91.301,91.346,7766,0,0
2025-04-29 00:00:00,91.334,91.489,91.11,91.391,4725,0,0
2025-04-29 03:00:00,91.391,91.681,91.298,91.465,12401,0,0
2025-04-29 06:00:00,91.465,91.467,91.285,91.35,10163,0,0
2025-04-29 09:00:00,91.348,91.577,91.344,91.525,15252,0,0
2025-04-29 12:00:00,91.523,91.57,91.239,91.39,10915,0,0
2025-04-29 15:00:00,91.39,91.461,90.588,90.834,22292,0,0
2025-04-29 18:00:00,90.833,90.93,90.678,90.903,16194,0,0
2025-04-29 21:00:00,90.903,90.955,90.795,90.879,9654,0,0
2025-04-30 00:00:00,90.831,90.887,90.711,90.865,3861,0,0
2025-04-30 03:00:00,90.865,91.22,90.8,91.134,13827,0,0
2025-04-30 06:00:00,91.134,91.452,91.049,91.428,8183,0,0
2025-04-30 09:00:00,91.428,91.531,91.22,91.316,14084,0,0
2025-04-30 12:00:00,91.317,91.545,91.315,91.404,11783,0,0
2025-04-30 15:00:00,91.404,91.434,90.69,91.247,28854,0,0
2025-04-30 18:00:00,91.247,91.446,91.141,91.361,19213,0,0
2025-04-30 21:00:00,91.359,91.729,91.332,91.583,13996,0,0
2025-05-01 00:00:00,91.576,91.737,91.316,91.684,4684,0,0
2025-05-01 03:00:00,91.683,91.982,91.6,91.85,10494,0,0
2025-05-01 06:00:00,91.85,92.221,91.775,92.096,12739,0,0
2025-05-01 09:00:00,92.097,92.536,92.076,92.114,16633,0,0
2025-05-01 12:00:00,92.114,92.378,92.029,92.335,11611,0,0
2025-05-01 15:00:00,92.336,92.841,92.155,92.797,24302,0,0
2025-05-01 18:00:00,92.797,92.888,92.577,92.764,15010,0,0
2025-05-01 21:00:00,92.764,93.056,92.75,92.812,10699,0,0
2025-05-02 00:00:00,92.789,92.937,92.637,92.853,4521,0,0
2025-05-02 03:00:00,92.853,93.483,92.829,93.22,16417,0,0
2025-05-02 06:00:00,93.22,93.241,93.04,93.094,11412,0,0
2025-05-02 09:00:00,93.094,93.239,92.959,92.983,16360,0,0
2025-05-02 12:00:00,92.983,93.17,92.9,92.999,14914,0,0
2025-05-02 15:00:00,92.999,93.307,92.846,93.117,29014,0,0
2025-05-02 18:00:00,93.116,93.463,93.029,93.297,19745,0,0
2025-05-02 21:00:00,93.297,93.567,93.277,93.428,11191,0,0
2025-05-05 00:00:00,93.16,93.491,93.153,93.212,6544,0,0
2025-05-05 03:00:00,93.212,93.434,93.117,93.267,14616,0,0
2025-05-05 06:00:00,93.267,93.459,93.15,93.391,9614,0,0
2025-05-05 09:00:00,93.391,93.478,93.295,93.315,14202,0,0
2025-05-05 12:00:00,93.316,93.426,93.264,93.276,12799,0,0
2025-05-05 15:00:00,93.276,93.338,93.025,93.183,20736,0,0
2025-05-05 18:00:00,93.178,93.271,93.025,93.148,12714,0,0
2025-05-05 21:00:00,93.147,93.174,92.929,92.947,7533,0,0
2025-05-06 00:00:00,92.946,92.96,92.796,92.845,4055,0,0
2025-05-06 03:00:00,92.845,93.051,92.767,92.838,14605,0,0
2025-05-06 06:00:00,92.838,92.98,92.751,92.799,9800,0,0
2025-05-06 09:00:00,92.799,92.865,92.248,92.352,17216,0,0
2025-05-06 12:00:00,92.352,92.437,92.21,92.278,13315,0,0
2025-05-06 15:00:00,92.278,92.583,92.114,92.55,18366,0,0
2025-05-06 18:00:00,92.55,92.8,92.44,92.476,16245,0,0
2025-05-06 21:00:00,92.478,92.597,92.414,92.479,8741,0,0
2025-05-07 00:00:00,92.466,93.343,92.312,93.055,11211,0,0
2025-05-07 03:00:00,93.055,93.077,92.723,92.812,20914,0,0
2025-05-07 06:00:00,92.81,92.897,92.699,92.732,11535,0,0
2025-05-07 09:00:00,92.732,92.926,92.612,92.758,14790,0,0
2025-05-07 12:00:00,92.758,92.83,92.621,92.821,11718,0,0
2025-05-07 15:00:00,92.821,92.86,92.553,92.697,18402,0,0
2025-05-07 18:00:00,92.698,92.721,92.451,92.477,14892,0,0
2025-05-07 21:00:00,92.477,92.77,92.22,92.398,23337,0,0
2025-05-08 00:00:00,92.385,92.536,92.279,92.517,4174,0,0
2025-05-08 03:00:00,92.517,92.815,92.429,92.718,16731,0,0
2025-05-08 06:00:00,92.718,92.807,92.612,92.73,11581,0,0
2025-05-08 09:00:00,92.73,92.937,92.47,92.878,19043,0,0
2025-05-08 12:00:00,92.88,93.031,92.733,92.81,14968,0,0
2025-05-08 15:00:00,92.81,93.125,92.764,92.974,22253,0,0
2025-05-08 18:00:00,92.974,93.451,92.92,93.313,21148,0,0
2025-05-08 21:00:00,93.313,93.548,93.282,93.374,10163,0,0
2025-05-09 00:00:00,93.384,93.413,93.23,93.312,4720,0,0
2025-05-09 03:00:00,93.312,93.393,92.989,93.172,15759,0,0
2025-05-09 06:00:00,93.172,93.331,93.102,93.156,11023,0,0
2025-05-09 09:00:00,93.156,93.193,92.945,93.035,13484,0,0
2025-05-09 12:00:00,93.036,93.079,92.81,92.953,11740,0,0
2025-05-09 15:00:00,92.953,93.332,92.934,93.102,16854,0,0
2025-05-09 18:00:00,93.102,93.266,93.066,93.2,13400,0,0
2025-05-09 21:00:00,93.2,93.209,93.123,93.15,6726,0,0
2025-05-12 00:00:00,93.823,93.944,93.568,93.62,8373,0,0
2025-05-12 03:00:00,93.62,93.998,93.521,93.687,17272,0,0
2025-05-12 06:00:00,93.687,94.007,93.657,93.972,9378,0,0
2025-05-12 09:00:00,93.972,94.917,93.896,94.709,28087,0,0
2025-05-12 12:00:00,94.709,94.913,94.554,94.568,21260,0,0
2025-05-12 15:00:00,94.568,94.737,94.448,94.473,24375,0,0
2025-05-12 18:00:00,94.472,94.551,94.256,94.462,16117,0,0
2025-05-12 21:00:00,94.461,94.629,94.412,94.596,9728,0,0
2025-05-13 00:00:00,94.587,94.649,94.42,94.478,4139,0,0
2025-05-13 03:00:00,94.478,94.483,94.061,94.421,14725,0,0
2025-05-13 06:00:00,94.421,94.838,94.413,94.734,10405,0,0
2025-05-13 09:00:00,94.734,94.95,94.664,94.755,18001,0,0
2025-05-13 12:00:00,94.755,95.004,94.735,94.908,12080,0,0
2025-05-13 15:00:00,94.908,95.545,94.881,95.503,25847,0,0
2025-05-13 18:00:00,95.502,95.647,95.427,95.571,16047,0,0
2025-05-13 21:00:00,95.571,95.606,95.403,95.424,8349,0,0
2025-05-14 00:00:00,95.428,95.518,95.275,95.48,3293,0,0
2025-05-14 03:00:00,95.481,95.569,95.198,95.392,15625,0,0
2025-05-14 06:00:00,95.391,95.435,95.046,95.161,10411,0,0
2025-05-14 09:00:00,95.161,95.371,94.876,94.93,19843,0,0
2025-05-14 12:00:00,94.93,94.963,94.428,94.615,17675,0,0
2025-05-14 15:00:00,94.615,94.649,94.183,94.471,23141,0,0
2025-05-14 18:00:00,94.471,94.549,94.259,94.355,18186,0,0
2025-05-14 21:00:00,94.355,94.427,94.278,94.328,10686,0,0
2025-05-15 00:00:00,94.335,94.335,94.084,94.245,4062,0,0
2025-05-15 03:00:00,94.245,94.373,94.035,94.206,15292,0,0
2025-05-15 06:00:00,94.205,94.253,93.716,93.817,11003,0,0
2025-05-15 09:00:00,93.817,93.941,93.552,93.588,16182,0,0
2025-05-15 12:00:00,93.586,93.685,93.441,93.623,11919,0,0
2025-05-15 15:00:00,93.623,93.65,93.232,93.382,24175,0,0
2025-05-15 18:00:00,93.383,93.389,93.122,93.291,14234,0,0
2025-05-15 21:00:00,93.295,93.338,93.202,93.329,7733,0,0
2025-05-16 00:00:00,93.309,93.309,93.131,93.226,4199,0,0
2025-05-16 03:00:00,93.226,93.347,92.743,93.333,13696,0,0
2025-05-16 06:00:00,93.333,93.476,93.238,93.435,9886,0,0
2025-05-16 09:00:00,93.435,93.495,93.126,93.398,13731,0,0
2025-05-16 12:00:00,93.398,93.497,93.364,93.467,11361,0,0
2025-05-16 15:00:00,93.468,93.504,93.259,93.366,16099,0,0
2025-05-16 18:00:00,93.366,93.462,93.267,93.38,9977,0,0
2025-05-16 21:00:00,93.38,93.506,93.203,93.272,7257,0,0
2025-05-19 00:00:00,92.96,93.23,92.888,93.084,5977,0,0
2025-05-19 03:00:00,93.085,93.192,92.876,93.166,15276,0,0
2025-05-19 06:00:00,93.166,93.167,92.925,92.93,8398,0,0
2025-05-19 09:00:00,92.93,93.22,92.904,93.216,16090,0,0
2025-05-19 12:00:00,93.216,93.493,93.159,93.449,13431,0,0
2025-05-19 15:00:00,93.449,93.635,93.302,93.56,19427,0,0
2025-05-19 18:00:00,93.56,93.679,93.536,93.562,11946,0,0
2025-05-19 21:00:00,93.562,93.569,93.476,93.536,5779,0,0
2025-05-20 00:00:00,93.528,93.611,93.472,93.574,2837,0,0
2025-05-20 03:00:00,93.574,93.847,93.272,93.543,13126,0,0
2025-05-20 06:00:00,93.543,93.58,92.534,92.623,13225,0,0
2025-05-20 09:00:00,92.623,92.838,92.541,92.735,16620,0,0
2025-05-20 12:00:00,92.736,92.832,92.652,92.715,11503,0,0
2025-05-20 15:00:00,92.715,92.811,92.522,92.569,18978,0,0
2025-05-20 18:00:00,92.569,92.999,92.497,92.874,11503,0,0
2025-05-20 21:00:00,92.874,92.886,92.664,92.823,7872,0,0
2025-05-21 00:00:00,92.822,92.829,92.554,92.732,4656,0,0
2025-05-21 03:00:00,92.732,92.909,92.632,92.665,14458,0,0
2025-05-21 06:00:00,92.665,92.819,92.611,92.619,10465,0,0
2025-05-21 09:00:00,92.619,92.855,92.588,92.81,16511,0,0
2025-05-21 12:00:00,92.81,92.882,92.535,92.638,14351,0,0
2025-05-21 15:00:00,92.638,92.802,92.574,92.787,21127,0,0
2025-05-21 18:00:00,92.787,92.939,92.378,92.505,17297,0,0
2025-05-21 21:00:00,92.505,92.582,92.387,92.477,12386,0,0
2025-05-22 00:00:00,92.468,92.852,92.313,92.431,6672,0,0
2025-05-22 03:00:00,92.432,92.494,92.131,92.231,15597,0,0
2025-05-22 06:00:00,92.231,92.479,92.196,92.431,8817,0,0
2025-05-22 09:00:00,92.431,92.431,92.149,92.23,17386,0,0
2025-05-22 12:00:00,92.23,92.324,92.033,92.062,14547,0,0
2025-05-22 15:00:00,92.062,92.354,91.995,92.22,23468,0,0
2025-05-22 18:00:00,92.219,92.507,92.194,92.487,16383,0,0
2025-05-22 21:00:00,92.493,92.524,92.228,92.314,7821,0,0
2025-05-23 00:00:00,92.311,92.353,92.159,92.2,4290,0,0
2025-05-23 03:00:00,92.199,92.451,92.184,92.339,12489,0,0
2025-05-23 06:00:00,92.339,92.402,92.269,92.318,7274,0,0
2025-05-23 09:00:00,92.32,92.532,92.217,92.491,13751,0,0
2025-05-23 12:00:00,92.491,92.695,91.806,91.894,16938,0,0
2025-05-23 15:00:00,91.897,92.496,91.652,92.35,29321,0,0
2025-05-23 18:00:00,92.351,92.684,92.301,92.627,15711,0,0
2025-05-23 21:00:00,92.627,92.655,92.513,92.591,8875,0,0
2025-05-26 00:00:00,92.339,92.971,92.31,92.866,7548,0,0
2025-05-26 03:00:00,92.866,93.073,92.696,92.88,15096,0,0
2025-05-26 06:00:00,92.88,93.08,92.865,93.002,9145,0,0
2025-05-26 09:00:00,93.002,93.2,92.971,93.058,12436,0,0
2025-05-26 12:00:00,93.059,93.062,92.893,93.047,7376,0,0
2025-05-26 15:00:00,93.047,93.051,92.773,92.816,8040,0,0
2025-05-26 18:00:00,92.816,92.859,92.582,92.59,4263,0,0
2025-05-26 21:00:00,92.59,92.687,92.538,92.667,1885,0,0
2025-05-27 00:00:00,92.636,92.641,92.427,92.427,3642,0,0
2025-05-27 03:00:00,92.427,92.463,92.138,92.283,11546,0,0
2025-05-27 06:00:00,92.283,92.826,92.228,92.812,11693,0,0
2025-05-27 09:00:00,92.814,92.876,92.641,92.781,18164,0,0
2025-05-27 12:00:00,92.781,92.985,92.735,92.876,13172,0,0
2025-05-27 15:00:00,92.876,93.101,92.843,93.013,19569,0,0
2025-05-27 18:00:00,93.013,93.054,92.88,92.997,11435,0,0
2025-05-27 21:00:00,92.997,93.039,92.945,92.984,6412,0,0
2025-05-28 00:00:00,92.97,93.017,92.84,92.935,2904,0,0
2025-05-28 03:00:00,92.935,93.238,92.738,93.082,16016,0,0
2025-05-28 06:00:00,93.077,93.185,92.776,92.839,12319,0,0
2025-05-28 09:00:00,92.837,92.961,92.756,92.863,14865,0,0
2025-05-28 12:00:00,92.863,92.976,92.836,92.967,10627,0,0
2025-05-28 15:00:00,92.967,93.051,92.775,93.048,19873,0,0
2025-05-28 18:00:00,93.049,93.14,93.002,93.109,11564,0,0
2025-05-28 21:00:00,93.108,93.146,93.002,93.091,9432,0,0
2025-05-29 00:00:00,93.054,93.699,92.893,93.589,10247,0,0
2025-05-29 03:00:00,93.589,93.875,93.436,93.567,20870,0,0
2025-05-29 06:00:00,93.567,93.786,93.48,93.729,10353,0,0
2025-05-29 09:00:00,93.729,93.843,93.488,93.505,16680,0,0
2025-05-29 12:00:00,93.505,93.572,93.292,93.344,13252,0,0
2025-05-29 15:00:00,93.344,93.364,92.854,93.038,25294,0,0
2025-05-29 18:00:00,93.038,93.053,92.78,92.876,15777,0,0
2025-05-29 21:00:00,92.874,92.955,92.857,92.872,9180,0,0
2025-05-30 00:00:00,92.848,92.896,92.637,92.637,5104,0,0
2025-05-30 03:00:00,92.636,92.775,92.393,92.487,15540,0,0
2025-05-30 06:00:00,92.488,92.67,92.365,92.562,10013,0,0
2025-05-30 09:00:00,92.562,92.685,92.273,92.408,16444,0,0
2025-05-30 12:00:00,92.41,92.49,92.341,92.369,13212,0,0
2025-05-30 15:00:00,92.369,92.909,92.014,92.833,25835,0,0
2025-05-30 18:00:00,92.835,92.873,92.41,92.604,17811,0,0
2025-05-30 21:00:00,92.604,92.779,92.604,92.683,9728,0,0
2025-06-02 00:00:00,92.444,92.771,92.422,92.647,5669,0,0
2025-06-02 03:00:00,92.647,92.852,92.618,92.678,14087,0,0
2025-06-02 06:00:00,92.678,92.701,92.549,92.588,9461,0,0
2025-06-02 09:00:00,92.588,92.78,92.529,92.588,17698,0,0
2025-06-02 12:00:00,92.588,92.665,92.459,92.5,13022,0,0
2025-06-02 15:00:00,92.5,92.714,92.381,92.697,20190,0,0
2025-06-02 18:00:00,92.698,92.751,92.642,92.694,13778,0,0
2025-06-02 21:00:00,92.694,92.757,92.63,92.696,8415,0,0
2025-06-03 00:00:00,92.662,92.662,92.482,92.558,3822,0,0
2025-06-03 03:00:00,92.558,92.865,92.532,92.544,13317,0,0
2025-06-03 06:00:00,92.543,92.647,92.222,92.394,10108,0,0
2025-06-03 09:00:00,92.394,92.403,92.061,92.186,15526,0,0
2025-06-03 12:00:00,92.186,92.442,92.15,92.389,11673,0,0
2025-06-03 15:00:00,92.389,93.054,92.376,92.99,18997,0,0
2025-06-03 18:00:00,92.991,93.111,92.949,93.048,11706,0,0
2025-06-03 21:00:00,93.048,93.135,92.981,93.043,6792,0,0
2025-06-04 00:00:00,92.97,93.148,92.702,92.972,3373,0,0
2025-06-04 03:00:00,92.973,93.172,92.819,93.03,14556,0,0
2025-06-04 06:00:00,93.03,93.162,92.983,93.108,9805,0,0
2025-06-04 09:00:00,93.108,93.221,92.951,93.164,13832,0,0
2025-06-04 12:00:00,93.163,93.598,93.141,93.533,11553,0,0
2025-06-04 15:00:00,93.533,93.559,92.938,93.045,22304,0,0
2025-06-04 18:00:00,93.046,93.06,92.726,92.832,13670,0,0
2025-06-04 21:00:00,92.832,92.842,92.644,92.652,6543,0,0
2025-06-05 00:00:00,92.659,92.729,92.51,92.615,3607,0,0
2025-06-05 03:00:00,92.615,92.915,92.607,92.815,13004,0,0
2025-06-05 06:00:00,92.815,92.937,92.689,92.897,9563,0,0
2025-06-05 09:00:00,92.894,93.233,92.845,93.196,12924,0,0
2025-06-05 12:00:00,93.196,93.295,93.137,93.247,11424,0,0
2025-06-05 15:00:00,93.246,93.705,93.039,93.582,27768,0,0
2025-06-05 18:00:00,93.583,93.783,93.469,93.621,15764,0,0
2025-06-05 21:00:00,93.621,93.636,93.342,93.387,13524,0,0
2025-06-06 00:00:00,93.278,93.464,93.232,93.448,4057,0,0
2025-06-06 03:00:00,93.448,93.613,93.362,93.425,11997,0,0
2025-06-06 06:00:00,93.425,93.57,93.386,93.511,8044,0,0
2025-06-06 09:00:00,93.511,93.625,93.41,93.478,13361,0,0
2025-06-06 12:00:00,93.477,93.646,93.459,93.572,11444,0,0
2025-06-06 15:00:00,93.572,94.106,93.542,93.979,27829,0,0
2025-06-06 18:00:00,93.979,94.129,93.923,94.068,15061,0,0
2025-06-06 21:00:00,94.068,94.122,94.032,94.035,7432,0,0
2025-06-09 00:00:00,94.011,94.074,93.977,94.033,3380,0,0
2025-06-09 03:00:00,94.033,94.24,93.971,94.061,10853,0,0
2025-06-09 06:00:00,94.061,94.175,93.988,94.06,6663,0,0
2025-06-09 09:00:00,94.06,94.123,93.912,94.091,12525,0,0
2025-06-09 12:00:00,94.091,94.227,94.012,94.195,11028,0,0
2025-06-09 15:00:00,94.195,94.298,94.109,94.27,15563,0,0
2025-06-09 18:00:00,94.269,94.279,94.17,94.213,8604,0,0
2025-06-09 21:00:00,94.214,94.341,94.191,94.214,5410,0,0
2025-06-10 00:00:00,94.166,94.255,94.05,94.206,3353,0,0
2025-06-10 03:00:00,94.207,94.535,94.158,94.476,13915,0,0
2025-06-10 06:00:00,94.476,94.602,93.987,94.088,12354,0,0
2025-06-10 09:00:00,94.088,94.236,93.895,94.233,17233,0,0
2025-06-10 12:00:00,94.233,94.35,94.156,94.267,11858,0,0
2025-06-10 15:00:00,94.267,94.545,94.196,94.499,16095,0,0
2025-06-10 18:00:00,94.498,94.552,94.343,94.48,11164,0,0
2025-06-10 21:00:00,94.48,94.574,94.418,94.492,7277,0,0
2025-06-11 00:00:00,94.426,94.753,94.354,94.566,6441,0,0
2025-06-11 03:00:00,94.566,94.576,94.237,94.275,13943,0,0
2025-06-11 06:00:00,94.275,94.529,94.196,94.482,7866,0,0
2025-06-11 09:00:00,94.482,94.592,94.406,94.438,12045,0,0
2025-06-11 12:00:00,94.437,94.54,94.359,94.518,11786,0,0
2025-06-11 15:00:00,94.519,94.721,94.297,94.389,24554,0,0
2025-06-11 18:00:00,94.389,94.437,94.152,94.217,11809,0,0
2025-06-11 21:00:00,94.216,94.223,93.882,93.991,10737,0,0
2025-06-12 00:00:00,93.945,93.967,93.79,93.845,5439,0,0
2025-06-12 03:00:00,93.847,93.926,93.307,93.463,15628,0,0
2025-06-12 06:00:00,93.463,93.641,93.409,93.474,9583,0,0
2025-06-12 09:00:00,93.471,93.553,93.238,93.491,17612,0,0
2025-06-12 12:00:00,93.491,93.67,93.353,93.565,14920,0,0
2025-06-12 15:00:00,93.565,93.827,93.438,93.821,22035,0,0
2025-06-12 18:00:00,93.821,93.913,93.677,93.704,15057,0,0
2025-06-12 21:00:00,93.704,93.764,93.66,93.726,6629,0,0
2025-06-13 00:00:00,93.706,93.751,93.389,93.398,3955,0,0
2025-06-13 03:00:00,93.399,93.443,92.315,92.709,30589,0,0
2025-06-13 06:00:00,92.709,93.164,92.702,92.916,16405,0,0
2025-06-13 09:00:00,92.916,93.371,92.863,93.313,21835,0,0
2025-06-13 12:00:00,93.312,93.51,93.277,93.329,19104,0,0
2025-06-13 15:00:00,93.329,93.756,93.316,93.669,21176,0,0
2025-06-13 18:00:00,93.669,93.878,93.633,93.689,14262,0,0
2025-06-13 21:00:00,93.689,93.726,93.291,93.496,12706,0,0
2025-06-16 00:00:00,93.227,93.887,93.184,93.854,12405,1,0
2025-06-16 03:00:00,93.854,93.857,93.417,93.548,17218,1,0
2025-06-16 06:00:00,93.548,93.629,93.417,93.621,13768,0,0
2025-06-16 09:00:00,93.621,94.013,93.557,93.949,19309,1,0
2025-06-16 12:00:00,93.949,94.054,93.837,94.026,14400,1,0
2025-06-16 15:00:00,94.026,94.224,93.943,94.212,27540,0,0
2025-06-16 18:00:00,94.212,94.479,94.121,94.403,14714,1,0
2025-06-16 21:00:00,94.404,94.555,94.396,94.443,9071,1,0
2025-06-17 00:00:00,94.396,94.46,94.174,94.211,7090,1,0
2025-06-17 03:00:00,94.206,94.666,94.17,94.641,18478,1,0
2025-06-17 06:00:00,94.641,94.642,94.344,94.48,15266,1,0
2025-06-17 09:00:00,94.48,94.841,94.43,94.673,22552,1,0
2025-06-17 12:00:00,94.674,94.798,94.458,94.534,17008,1,0
2025-06-17 15:00:00,94.532,94.738,94.35,94.491,27834,1,0
2025-06-17 18:00:00,94.492,94.523,94.013,94.062,18879,1,0
2025-06-17 21:00:00,94.062,94.121,93.944,94.078,12205,1,0
2025-06-18 00:00:00,93.982,94.223,93.936,94.217,4546,1,0
2025-06-18 03:00:00,94.218,94.304,94.094,94.16,18334,1,0
2025-06-18 06:00:00,94.16,94.337,94.125,94.288,10214,1,0
2025-06-18 09:00:00,94.288,94.417,94.166,94.198,18591,1,0
2025-06-18 12:00:00,94.198,94.258,93.946,94.162,14852,0,0
2025-06-18 15:00:00,94.162,94.4,94.026,94.349,24416,0,0
2025-06-18 18:00:00,94.349,94.374,94.215,94.254,14049,1,0
2025-06-18 21:00:00,94.253,94.483,94.18,94.441,25355,0,0
2025-06-19 00:00:00,94.434,94.472,94.232,94.312,5003,1,0
2025-06-19 03:00:00,94.312,94.343,93.802,94.105,16974,1,0
2025-06-19 06:00:00,94.105,94.234,93.831,93.851,11996,0,0
2025-06-19 09:00:00,93.849,94.125,93.825,94.072,19677,1,0
2025-06-19 12:00:00,94.071,94.267,93.992,94.217,14514,1,0
2025-06-19 15:00:00,94.217,94.249,93.854,94.032,17233,1,0
2025-06-19 18:00:00,94.032,94.175,93.972,94.169,8580,1,0
2025-06-19 21:00:00,94.169,94.257,94.134,94.248,4464,1,0
2025-06-20 00:00:00,94.158,94.353,93.986,94.195,6735,0,0
2025-06-20 03:00:00,94.194,94.31,94.069,94.187,15386,1,0
2025-06-20 06:00:00,94.187,94.428,94.177,94.428,11753,1,0
2025-06-20 09:00:00,94.428,94.443,94.101,94.28,16760,1,0
2025-06-20 12:00:00,94.28,94.522,94.264,94.467,13272,1,0
2025-06-20 15:00:00,94.467,94.555,94.18,94.351,24412,0,0
2025-06-20 18:00:00,94.352,94.352,94.097,94.2,14892,1,0
2025-06-20 21:00:00,94.2,94.309,94.161,94.189,8610,0,0
2025-06-23 00:00:00,94.178,94.381,93.855,94.245,9204,1,0
2025-06-23 03:00:00,94.245,94.349,93.965,93.983,19725,1,0
2025-06-23 06:00:00,93.983,94.368,93.845,94.33,15865,1,0
2025-06-23 09:00:00,94.33,94.684,94.305,94.501,23209,1,0
2025-06-23 12:00:00,94.503,94.544,94.127,94.272,22240,1,0
2025-06-23 15:00:00,94.272,94.386,94.107,94.245,31057,0,0
2025-06-23 18:00:00,94.246,94.385,93.859,94.316,26194,0,0
2025-06-23 21:00:00,94.316,94.427,94.238,94.394,11733,1,0
2025-06-24 00:00:00,94.347,94.565,94.004,94.511,9550,0,0
2025-06-24 03:00:00,94.511,94.533,94.259,94.467,20217,1,0
2025-06-24 06:00:00,94.467,94.484,94.31,94.394,13074,1,0
2025-06-24 09:00:00,94.394,94.552,94.23,94.354,26839,0,0
2025-06-24 12:00:00,94.354,94.524,94.325,94.352,16476,0,0
2025-06-24 15:00:00,94.352,94.417,94.083,94.181,28101,0,0
2025-06-24 18:00:00,94.181,94.288,94.077,94.18,16560,1,0
2025-06-24 21:00:00,94.18,94.192,93.971,94.021,7730,1,0
2025-06-25 00:00:00,94.003,94.141,93.881,94.138,3588,1,0
2025-06-25 03:00:00,94.138,94.251,94.016,94.196,17183,0,0
2025-06-25 06:00:00,94.196,94.304,94.111,94.257,11094,0,0
2025-06-25 09:00:00,94.257,94.552,94.222,94.519,17971,0,0
2025-06-25 12:00:00,94.519,94.721,94.471,94.694,14084,1,0
2025-06-25 15:00:00,94.694,94.752,94.497,94.606,22474,1,0
2025-06-25 18:00:00,94.607,94.623,94.464,94.553,15389,1,0
2025-06-25 21:00:00,94.553,94.615,94.485,94.596,8712,1,0
2025-06-26 00:00:00,94.546,94.594,94.384,94.501,5520,1,0
2025-06-26 03:00:00,94.499,94.542,94.236,94.478,15047,1,0
2025-06-26 06:00:00,94.478,94.61,94.359,94.415,12562,1,0
2025-06-26 09:00:00,94.415,94.425,94.063,94.193,23818,1,0
2025-06-26 12:00:00,94.193,94.35,94.059,94.317,18853,1,0
2025-06-26 15:00:00,94.317,94.639,94.221,94.556,30828,1,0
2025-06-26 18:00:00,94.556,94.635,94.503,94.605,17441,1,0
2025-06-26 21:00:00,94.605,94.634,94.501,94.51,8666,0,0
2025-06-27 00:00:00,94.488,94.744,94.352,94.718,5167,1,0
2025-06-27 03:00:00,94.717,94.852,94.543,94.6,16641,1,0
2025-06-27 06:00:00,94.601,94.674,94.475,94.493,12020,1,0
2025-06-27 09:00:00,94.493,94.752,94.458,94.611,19096,1,0
2025-06-27 12:00:00,94.611,94.622,94.416,94.472,14893,1,0
2025-06-27 15:00:00,94.472,94.625,94.39,94.565,28219,1,0
2025-06-27 18:00:00,94.565,94.606,94.272,94.364,17151,1,0
2025-06-27 21:00:00,94.363,94.492,94.23,94.425,11451,1,0
2025-06-30 00:00:00,94.283,94.536,94.283,94.39,6690,1,0
2025-06-30 03:00:00,94.39,94.548,94.148,94.26,16402,1,0
2025-06-30 06:00:00,94.26,94.272,94.144,94.263,11132,1,0
2025-06-30 09:00:00,94.263,94.273,93.994,94.219,19895,1,0
2025-06-30 12:00:00,94.218,94.282,94.089,94.273,15282,1,0
2025-06-30 15:00:00,94.273,94.684,94.224,94.656,24018,1,0
2025-06-30 18:00:00,94.657,94.843,94.541,94.769,19139,1,0
2025-06-30 21:00:00,94.769,94.89,94.733,94.767,10846,1,0
2025-07-01 00:00:00,94.728,94.784,94.555,94.572,3833,1,0
2025-07-01 03:00:00,94.572,94.577,94.234,94.4,13536,0,0
2025-07-01 06:00:00,94.399,94.599,94.331,94.457,10941,1,0
2025-07-01 09:00:00,94.458,94.54,94.108,94.221,21011,1,0
2025-07-01 12:00:00,94.221,94.245,93.976,93.999,18344,1,0
2025-07-01 15:00:00,93.999,94.332,93.961,94.271,29319,0,0
2025-07-01 18:00:00,94.273,94.456,94.203,94.446,17476,1,0
2025-07-01 21:00:00,94.446,94.559,94.374,94.389,8598,1,0
2025-07-02 00:00:00,94.369,94.42,94.105,94.331,3045,1,0
2025-07-02 03:00:00,94.331,94.536,94.311,94.355,13711,1,0
2025-07-02 06:00:00,94.355,94.603,94.33,94.536,10836,1,0
2025-07-02 09:00:00,94.536,94.583,94.368,94.5,17224,0,0
2025-07-02 12:00:00,94.5,94.685,94.457,94.491,15754,0,0
2025-07-02 15:00:00,94.49,94.541,94.121,94.525,32261,1,0
2025-07-02 18:00:00,94.525,94.572,94.41,94.496,14968,0,0
2025-07-02 21:00:00,94.496,94.643,94.49,94.57,7196,1,0
2025-07-03 00:00:00,94.527,94.609,94.447,94.468,3423,1,0
2025-07-03 03:00:00,94.468,94.521,94.334,94.404,12624,1,0
2025-07-03 06:00:00,94.402,94.54,94.395,94.529,8327,1,0
2025-07-03 09:00:00,94.529,94.687,94.498,94.637,15582,0,0
2025-07-03 12:00:00,94.636,94.663,94.54,94.565,12533,1,0
2025-07-03 15:00:00,94.565,95.312,94.417,95.216,34598,0,0
2025-07-03 18:00:00,95.216,95.37,95.166,95.321,13496,0,0
2025-07-03 21:00:00,95.321,95.331,95.212,95.222,4398,0,0
2025-07-04 00:00:00,95.217,95.257,95.126,95.166,3298,1,0
2025-07-04 03:00:00,95.166,95.232,94.996,95.013,12031,1,0
2025-07-04 06:00:00,95.013,95.022,94.779,94.842,9246,1,0
2025-07-04 09:00:00,94.842,94.879,94.568,94.667,15955,1,0
2025-07-04 12:00:00,94.667,94.708,94.587,94.703,13611,1,0
2025-07-04 15:00:00,94.703,94.707,94.593,94.655,12435,1,0
2025-07-04 18:00:00,94.656,94.693,94.595,94.636,14305,1,0
2025-07-04 21:00:00,94.636,94.73,94.514,94.608,24611,1,0
2025-07-07 00:00:00,94.675,94.778,94.505,94.64,4553,1,0
2025-07-07 03:00:00,94.64,94.652,94.233,94.434,15249,1,0
2025-07-07 06:00:00,94.434,94.459,94.271,94.389,12583,0,0
2025-07-07 09:00:00,94.389,94.496,94.299,94.339,19087,0,0
2025-07-07 12:00:00,94.339,94.599,94.281,94.571,14529,0,0
2025-07-07 15:00:00,94.571,95.027,94.543,94.977,19441,0,0
2025-07-07 18:00:00,94.977,95.048,94.788,94.859,19113,1,0
2025-07-07 21:00:00,94.859,95.029,94.749,94.796,10161,0,0
2025-07-08 00:00:00,94.774,94.972,94.698,94.917,4575,1,0
2025-07-08 03:00:00,94.917,95.33,94.9,95.162,15039,1,0
2025-07-08 06:00:00,95.162,95.7,95.042,95.526,15414,1,0
2025-07-08 09:00:00,95.526,95.689,95.451,95.631,19354,0,0
2025-07-08 12:00:00,95.633,95.962,95.568,95.87,14521,1,0
2025-07-08 15:00:00,95.87,95.958,95.612,95.733,23184,0,0
2025-07-08 18:00:00,95.732,95.893,95.624,95.822,20236,1,0
2025-07-08 21:00:00,95.823,95.83,95.663,95.683,8406,1,0
2025-07-09 00:00:00,95.667,95.859,95.535,95.819,3678,1,0
2025-07-09 03:00:00,95.819,96.01,95.735,95.874,15346,0,0
2025-07-09 06:00:00,95.874,96.215,95.791,96.045,12114,1,0
2025-07-09 09:00:00,96.045,96.096,95.725,95.783,17953,1,0
2025-07-09 12:00:00,95.785,95.813,95.627,95.63,13539,1,0
2025-07-09 15:00:00,95.63,95.833,95.598,95.676,24389,1,0
2025-07-09 18:00:00,95.676,95.721,95.606,95.657,13274,1,0
2025-07-09 21:00:00,95.657,95.753,95.595,95.6,8482,1,0
2025-07-10 00:00:00,95.608,95.654,95.46,95.495,3064,1,0
2025-07-10 03:00:00,95.492,95.702,95.392,95.692,13533,1,0
2025-07-10 06:00:00,95.693,95.789,95.642,95.777,7374,1,0
2025-07-10 09:00:00,95.777,96.01,95.762,95.964,13854,1,0
2025-07-10 12:00:00,95.964,96.033,95.807,95.815,10681,0,0
2025-07-10 15:00:00,95.815,96.152,95.776,96.083,25161,0,0
2025-07-10 18:00:00,96.084,96.318,96.067,96.221,14010,0,0
2025-07-10 21:00:00,96.221,96.389,96.192,96.353,7804,1,0
2025-07-11 00:00:00,96.324,96.458,96.003,96.444,2978,1,0
2025-07-11 03:00:00,96.444,96.815,95.98,96.701,21987,1,0
2025-07-11 06:00:00,96.701,96.81,96.606,96.631,12657,0,0
2025-07-11 09:00:00,96.631,96.76,96.542,96.604,17075,1,0
2025-07-11 12:00:00,96.605,96.778,96.58,96.734,13890,0,0
2025-07-11 15:00:00,96.734,97.039,96.552,96.86,24354,0,0
2025-07-11 18:00:00,96.86,96.998,96.811,96.989,12787,1,0
2025-07-11 21:00:00,96.99,97.055,96.838,96.888,8302,1,0
2025-07-14 00:00:00,96.514,96.907,96.507,96.851,6979,1,0
2025-07-14 03:00:00,96.851,96.929,96.446,96.661,15506,1,0
2025-07-14 06:00:00,96.659,96.821,96.622,96.683,10710,0,0
2025-07-14 09:00:00,96.683,96.872,96.561,96.726,16945,1,0
2025-07-14 12:00:00,96.728,96.824,96.665,96.792,12815,1,0
2025-07-14 15:00:00,96.792,96.792,96.601,96.661,19294,0,0
2025-07-14 18:00:00,96.661,96.822,96.656,96.688,13006,1,0
2025-07-14 21:00:00,96.688,96.769,96.68,96.689,5973,1,0
2025-07-15 00:00:00,96.644,96.754,96.56,96.706,3063,1,0
2025-07-15 03:00:00,96.706,96.857,96.58,96.598,11809,1,0
2025-07-15 06:00:00,96.598,96.748,96.546,96.724,7926,1,0
2025-07-15 09:00:00,96.724,97.081,96.694,96.962,14571,1,0
2025-07-15 12:00:00,96.961,97.118,96.909,97.045,11949,1,0
2025-07-15 15:00:00,97.045,97.431,96.994,97.021,31403,1,0
2025-07-15 18:00:00,97.021,97.048,96.909,97.023,16037,1,0
2025-07-15 21:00:00,97.023,97.059,96.93,96.939,6537,1,0
2025-07-16 00:00:00,96.927,97.045,96.857,96.984,3638,0,0
2025-07-16 03:00:00,96.984,97.28,96.936,97.119,12579,1,0
2025-07-16 06:00:00,97.119,97.322,97.107,97.115,9963,1,0
2025-07-16 09:00:00,97.115,97.197,96.975,97.065,16194,1,0
2025-07-16 12:00:00,97.065,97.084,96.897,96.991,11822,1,0
2025-07-16 15:00:00,96.991,97.002,96.537,96.607,26961,0,0
2025-07-16 18:00:00,96.607,96.686,96.112,96.378,40226,1,0
2025-07-16 21:00:00,96.378,96.551,96.32,96.523,10498,0,0
2025-07-17 00:00:00,96.46,96.601,96.349,96.535,3977,1,0
2025-07-17 03:00:00,96.535,96.772,96.123,96.169,15807,1,0
2025-07-17 06:00:00,96.169,96.396,96.104,96.346,10107,1,0
2025-07-17 09:00:00,96.347,96.385,96.04,96.174,19202,1,0
2025-07-17 12:00:00,96.174,96.266,95.995,96.074,14397,1,0
2025-07-17 15:00:00,96.074,96.258,96.027,96.184,28044,1,0
2025-07-17 18:00:00,96.184,96.414,96.174,96.393,15115,1,0
2025-07-17 21:00:00,96.393,96.503,96.386,96.401,7823,1,0
2025-07-18 00:00:00,96.338,96.465,96.237,96.456,3709,1,0
2025-07-18 03:00:00,96.457,96.71,96.391,96.681,11561,1,0
2025-07-18 06:00:00,96.68,96.745,96.608,96.726,9548,1,0
2025-07-18 09:00:00,96.724,96.913,96.66,96.855,14841,1,0
2025-07-18 12:00:00,96.857,96.962,96.813,96.864,13038,1,0
2025-07-18 15:00:00,96.864,96.966,96.842,96.872,21847,1,0
2025-07-18 18:00:00,96.872,96.962,96.776,96.81,14373,1,0
2025-07-18 21:00:00,96.81,96.84,96.75,96.822,7288,1,0
2025-07-21 00:00:00,96.239,96.757,96.239,96.676,7547,1,0
2025-07-21 03:00:00,96.676,96.677,96.469,96.59,11961,1,0
2025-07-21 06:00:00,96.59,96.661,96.529,96.587,7989,1,0
2025-07-21 09:00:00,96.587,96.595,96.27,96.381,17690,1,0
2025-07-21 12:00:00,96.381,96.391,96.211,96.253,13850,1,0
2025-07-21 15:00:00,96.253,96.27,96.126,96.205,20468,1,0
2025-07-21 18:00:00,96.204,96.273,96.049,96.092,13371,1,0
2025-07-21 21:00:00,96.091,96.201,96.078,96.12,6833,1,0
2025-07-22 00:00:00,96.082,96.304,95.924,96.213,3065,1,0
2025-07-22 03:00:00,96.213,96.374,96.069,96.207,11225,1,0
2025-07-22 06:00:00,96.208,96.31,96.128,96.26,8672,1,0
2025-07-22 09:00:00,96.26,96.382,96.043,96.108,14201,1,0
2025-07-22 12:00:00,96.109,96.147,95.898,95.962,13504,1,0
2025-07-22 15:00:00,95.962,96.016,95.63,95.86,26498,1,0
2025-07-22 18:00:00,95.864,96.021,95.835,95.98,17313,1,0
2025-07-22 21:00:00,95.98,96.141,95.931,96.122,7095,1,0
2025-07-23 00:00:00,96.054,96.277,95.89,96.169,7053,1,0
2025-07-23 03:00:00,96.169,96.556,95.841,96.331,20200,0,0
2025-07-23 06:00:00,96.335,96.663,96.271,96.63,11219,1,0
2025-07-23 09:00:00,96.63,96.699,96.305,96.637,19539,0,0
2025-07-23 12:00:00,96.637,96.679,96.383,96.473,14688,0,0
2025-07-23 15:00:00,96.473,96.645,96.376,96.451,22157,1,0
2025-07-23 18:00:00,96.451,96.662,96.34,96.542,20520,1,0
2025-07-23 21:00:00,96.542,96.737,96.509,96.708,8846,1,0
2025-07-24 00:00:00,96.65,96.717,96.525,96.613,4497,0,0
2025-07-24 03:00:00,96.613,96.682,96.393,96.543,16360,0,0
2025-07-24 06:00:00,96.543,96.749,96.485,96.672,12471,0,0
2025-07-24 09:00:00,96.672,97.041,96.659,97.017,18351,1,0
2025-07-24 12:00:00,97.015,97.031,96.826,96.906,15263,1,0
2025-07-24 15:00:00,96.906,97.042,96.767,96.987,28806,0,0
2025-07-24 18:00:00,96.987,97.022,96.842,96.901,15722,0,0
2025-07-24 21:00:00,96.901,96.987,96.801,96.864,8318,0,0
2025-07-25 00:00:00,96.862,97.005,96.769,96.945,4115,1,0
2025-07-25 03:00:00,96.946,97.14,96.942,97.036,15044,1,0
2025-07-25 06:00:00,97.036,97.062,96.619,96.661,11322,1,0
2025-07-25 09:00:00,96.661,97.114,96.642,97.049,20272,1,0
2025-07-25 12:00:00,97.049,97.08,96.96,96.986,14117,1,0
2025-07-25 15:00:00,96.982,97.025,96.811,96.902,26802,0,0
2025-07-25 18:00:00,96.902,96.95,96.825,96.902,13779,1,0
2025-07-25 21:00:00,96.902,96.959,96.844,96.922,6852,1,0
2025-07-28 00:00:00,97.068,97.195,96.994,97.108,4803,1,0
2025-07-28 03:00:00,97.108,97.29,97.077,97.188,16611,1,0
2025-07-28 06:00:00,97.188,97.199,96.943,97.05,9892,1,0
2025-07-28 09:00:00,97.05,97.095,96.608,96.715,23200,1,0
2025-07-28 12:00:00,96.715,96.926,96.687,96.727,18014,1,0
2025-07-28 15:00:00,96.729,96.808,96.561,96.793,25968,0,0
2025-07-28 18:00:00,96.793,96.845,96.683,96.755,14692,1,0
2025-07-28 21:00:00,96.755,96.88,96.74,96.854,6690,1,0
2025-07-29 00:00:00,96.815,96.942,96.645,96.821,3292,1,0
2025-07-29 03:00:00,96.822,96.947,96.705,96.843,13190,1,0
2025-07-29 06:00:00,96.843,96.857,96.654,96.727,9353,1,0
2025-07-29 09:00:00,96.727,96.784,96.58,96.774,20463,0,0
2025-07-29 12:00:00,96.776,96.851,96.618,96.648,14819,1,0
2025-07-29 15:00:00,96.648,96.731,96.563,96.618,21937,0,0
2025-07-29 18:00:00,96.62,96.739,96.571,96.697,17619,1,0
2025-07-29 21:00:00,96.697,96.791,96.634,96.64,7679,1,0
2025-07-30 00:00:00,96.596,96.721,96.505,96.669,2431,1,0
2025-07-30 03:00:00,96.67,96.752,96.293,96.513,15281,1,0
2025-07-30 06:00:00,96.513,96.514,96.292,96.403,12500,0,0
2025-07-30 09:00:00,96.405,96.456,96.148,96.196,18492,0,0
2025-07-30 12:00:00,96.196,96.288,96.131,96.223,15029,0,0
2025-07-30 15:00:00,96.223,96.337,96.11,96.216,28192,1,0
2025-07-30 18:00:00,96.216,96.238,96.031,96.031,14734,1,0
2025-07-30 21:00:00,96.053,96.256,95.963,96.19,27892,0,0
2025-07-31 00:00:00,96.164,96.285,96.075,96.171,4848,1,0
2025-07-31 03:00:00,96.171,96.257,95.921,96.039,16571,1,0
2025-07-31 06:00:00,96.04,96.307,95.863,96.225,13877,1,0
2025-07-31 09:00:00,96.224,96.743,96.194,96.616,23791,1,0
2025-07-31 12:00:00,96.616,96.707,96.495,96.601,17281,1,0
2025-07-31 15:00:00,96.601,96.969,96.549,96.864,27160,1,0
2025-07-31 18:00:00,96.864,96.961,96.7,96.806,20467,1,0
2025-07-31 21:00:00,96.807,96.995,96.798,96.849,12840,1,0
2025-08-01 00:00:00,96.826,96.968,96.746,96.927,7031,1,0
2025-08-01 03:00:00,96.927,97.065,96.796,96.927,17527,1,0
2025-08-01 06:00:00,96.928,97.03,96.794,96.821,11068,1,0
2025-08-01 09:00:00,96.821,96.917,96.713,96.729,17159,1,0
2025-08-01 12:00:00,96.728,96.738,96.566,96.679,16734,1,0
2025-08-01 15:00:00,96.679,96.694,95.504,95.687,54536,1,0
2025-08-01 18:00:00,95.687,95.775,95.139,95.317,30903,1,0
2025-08-01 21:00:00,95.317,95.402,95.1,95.342,21092,1,0
2025-08-04 00:00:00,95.122,95.343,95.063,95.319,9751,1,0
2025-08-04 03:00:00,95.32,95.821,95.286,95.723,22415,1,0
2025-08-04 06:00:00,95.722,95.846,95.656,95.781,14028,1,0
2025-08-04 09:00:00,95.78,95.863,95.633,95.807,23688,0,0
2025-08-04 12:00:00,95.807,95.857,95.508,95.511,20879,0,0
2025-08-04 15:00:00,95.511,95.55,95.223,95.279,29786,1,0
2025-08-04 18:00:00,95.279,95.352,94.967,94.976,19623,1,0
2025-08-04 21:00:00,94.976,95.131,94.905,95.113,11540,1,0
2025-08-05 00:00:00,95.094,95.135,94.944,95.037,7094,0,0
2025-08-05 03:00:00,95.037,95.218,94.974,95.096,17436,0,0
2025-08-05 06:00:00,95.096,95.111,95.0,95.068,11773,1,0
2025-08-05 09:00:00,95.069,95.281,95.001,95.234,21011,1,0
2025-08-05 12:00:00,95.233,95.413,95.209,95.362,15686,1,0
2025-08-05 15:00:00,95.362,95.545,95.175,95.277,32629,1,0
2025-08-05 18:00:00,95.277,95.604,95.25,95.585,20414,1,0
2025-08-05 21:00:00,95.585,95.597,95.451,95.502,11359,1,0
2025-08-06 00:00:00,95.511,95.584,95.358,95.472,5758,1,0
2025-08-06 03:00:00,95.472,95.766,95.463,95.659,14775,1,0
2025-08-06 06:00:00,95.659,95.722,95.615,95.643,11539,1,0
2025-08-06 09:00:00,95.641,95.959,95.615,95.943,18487,1,0
2025-08-06 12:00:00,95.943,96.024,95.906,95.969,16588,1,0
2025-08-06 15:00:00,95.969,95.983,95.607,95.709,22557,1,0
2025-08-06 18:00:00,95.709,95.836,95.673,95.762,20600,0,0
2025-08-06 21:00:00,95.762,95.951,95.642,95.822,11513,1,0
2025-08-07 00:00:00,95.784,95.833,95.66,95.674,5113,1,0
2025-08-07 03:00:00,95.675,96.098,95.658,96.004,16871,1,0
2025-08-07 06:00:00,96.004,96.083,95.91,95.984,13282,1,0
2025-08-07 09:00:00,95.984,96.14,95.769,96.094,23404,1,0
2025-08-07 12:00:00,96.095,96.209,96.064,96.069,20013,1,0
2025-08-07 15:00:00,96.069,96.142,95.797,95.806,29983,1,0
2025-08-07 18:00:00,95.806,95.886,95.745,95.851,19993,1,0
2025-08-07 21:00:00,95.851,95.994,95.728,95.975,15685,1,0
2025-08-08 00:00:00,95.952,95.955,95.744,95.789,6917,1,0
2025-08-08 03:00:00,95.789,96.063,95.751,96.013,15833,1,0
2025-08-08 06:00:00,96.013,96.105,95.943,96.078,11725,1,0
2025-08-08 09:00:00,96.078,96.271,96.056,96.261,19993,1,0
2025-08-08 12:00:00,96.261,96.468,96.208,96.41,17686,1,0
2025-08-08 15:00:00,96.41,96.526,96.292,96.442,23250,1,0
2025-08-08 18:00:00,96.442,96.485,96.349,96.433,15871,1,0
2025-08-08 21:00:00,96.433,96.442,96.291,96.307,12645,1,0
2025-08-11 00:00:00,96.106,96.38,96.085,96.221,4929,1,0
2025-08-11 03:00:00,96.221,96.307,96.176,96.258,12606,1,0
2025-08-11 06:00:00,96.258,96.281,96.187,96.26,10159,0,0
2025-08-11 09:00:00,96.26,96.317,95.994,96.191,17719,1,0
2025-08-11 12:00:00,96.19,96.383,96.161,96.285,15276,1,0
2025-08-11 15:00:00,96.284,96.359,96.146,96.307,22950,0,0
2025-08-11 18:00:00,96.307,96.417,96.28,96.4,15461,0,0
2025-08-11 21:00:00,96.4,96.534,96.389,96.478,9701,1,0
2025-08-12 00:00:00,96.471,96.562,96.328,96.497,3865,1,0
2025-08-12 03:00:00,96.496,96.758,96.486,96.728,13621,1,0
2025-08-12 06:00:00,96.728,96.835,96.326,96.382,14656,1,0
2025-08-12 09:00:00,96.382,96.47,96.285,96.369,20389,0,0
2025-08-12 12:00:00,96.371,96.408,96.236,96.282,15386,1,0
2025-08-12 15:00:00,96.282,96.558,96.037,96.543,41556,0,0
2025-08-12 18:00:00,96.543,96.692,96.425,96.504,23521,1,0
2025-08-12 21:00:00,96.504,96.553,96.443,96.531,9420,1,0
2025-08-13 00:00:00,96.519,96.542,96.327,96.494,4087,1,0
2025-08-13 03:00:00,96.494,96.707,96.394,96.659,14301,1,0
2025-08-13 06:00:00,96.659,96.733,96.588,96.623,11345,0,0
2025-08-13 09:00:00,96.623,96.749,96.416,96.471,20433,0,0
2025-08-13 12:00:00,96.471,96.662,96.422,96.542,16586,1,0
2025-08-13 15:00:00,96.542,96.558,96.345,96.422,23978,1,0
2025-08-13 18:00:00,96.422,96.443,96.315,96.398,16191,1,0
2025-08-13 21:00:00,96.398,96.499,96.397,96.463,9260,0,0
2025-08-14 00:00:00,96.451,96.451,96.279,96.375,3684,1,0
2025-08-14 03:00:00,96.375,96.38,95.951,96.201,18575,0,0
2025-08-14 06:00:00,96.201,96.203,95.861,95.921,12588,0,0
2025-08-14 09:00:00,95.921,95.934,95.628,95.634,23464,1,0
2025-08-14 12:00:00,95.634,95.738,95.581,95.586,17515,1,0
2025-08-14 15:00:00,95.587,95.962,95.52,95.896,33755,0,0
2025-08-14 18:00:00,95.896,96.008,95.825,96.006,19311,1,0
2025-08-14 21:00:00,96.006,96.063,95.963,95.966,9780,1,0
2025-08-15 00:00:00,95.927,96.076,95.815,95.955,4265,1,0
2025-08-15 03:00:00,95.956,95.984,95.582,95.691,14246,0,0
2025-08-15 06:00:00,95.691,95.764,95.599,95.706,10040,0,0
2025-08-15 09:00:00,95.706,95.848,95.591,95.597,18046,1,0
2025-08-15 12:00:00,95.595,95.766,95.522,95.738,14355,1,0
2025-08-15 15:00:00,95.738,95.832,95.656,95.755,30115,0,0
2025-08-15 18:00:00,95.755,95.882,95.705,95.817,15900,1,0
2025-08-15 21:00:00,95.816,95.847,95.736,95.748,8934,1,0
2025-08-18 00:00:00,95.692,95.936,95.662,95.879,4672,1,0
2025-08-18 03:00:00,95.881,96.158,95.876,96.067,13627,1,0
2025-08-18 06:00:00,96.068,96.169,96.044,96.073,10238,1,0
2025-08-18 09:00:00,96.073,96.082,95.872,96.002,20751,1,0
2025-08-18 12:00:00,96.001,96.066,95.959,96.04,15689,1,0
2025-08-18 15:00:00,96.037,96.203,95.909,95.971,21164,1,0
2025-08-18 18:00:00,95.969,95.985,95.865,95.919,14517,1,0
2025-08-18 21:00:00,95.919,96.056,95.888,95.965,7523,1,0
2025-08-19 00:00:00,95.97,96.105,95.803,96.07,4902,1,0
2025-08-19 03:00:00,96.07,96.103,95.805,95.947,16164,1,0
2025-08-19 06:00:00,95.948,95.979,95.664,95.667,12030,1,0
2025-08-19 09:00:00,95.663,95.863,95.634,95.75,17933,1,0
2025-08-19 12:00:00,95.75,95.931,95.74,95.912,15069,1,0
2025-08-19 15:00:00,95.911,95.962,95.499,95.514,22975,1,0
2025-08-19 18:00:00,95.514,95.517,95.198,95.242,15298,1,0
2025-08-19 21:00:00,95.242,95.306,95.126,95.297,9038,1,0
2025-08-20 00:00:00,95.284,95.359,95.113,95.345,5076,1,0
2025-08-20 03:00:00,95.344,95.364,94.867,94.973,18096,0,0
2025-08-20 06:00:00,94.971,95.131,94.89,95.09,11968,0,0
2025-08-20 09:00:00,95.09,95.106,94.76,94.958,19714,0,0
2025-08-20 12:00:00,94.956,94.966,94.837,94.882,12508,0,0
2025-08-20 15:00:00,94.879,95.014,94.399,94.522,26425,1,0
2025-08-20 18:00:00,94.522,94.758,94.494,94.652,16098,1,0
2025-08-20 21:00:00,94.649,94.839,94.635,94.763,10547,1,0
2025-08-21 00:00:00,94.764,94.851,94.619,94.796,4552,1,0
2025-08-21 03:00:00,94.795,94.909,94.583,94.59,16482,1,0
2025-08-21 06:00:00,94.59,94.774,94.574,94.732,9714,1,0
2025-08-21 09:00:00,94.734,94.83,94.651,94.814,18021,0,0
2025-08-21 12:00:00,94.814,95.11,94.794,95.016,15900,1,0
2025-08-21 15:00:00,95.015,95.212,94.826,95.203,28160,1,0
2025-08-21 18:00:00,95.203,95.327,95.164,95.285,19028,1,0
2025-08-21 21:00:00,95.285,95.343,95.233,95.263,8049,1,0
2025-08-22 00:00:00,95.24,95.359,95.095,95.346,4776,1,0
2025-08-22 03:00:00,95.346,95.495,95.243,95.416,14446,1,0
2025-08-22 06:00:00,95.417,95.521,95.362,95.387,11186,1,0
2025-08-22 09:00:00,95.393,95.587,95.241,95.578,15925,1,0
2025-08-22 12:00:00,95.578,95.597,95.376,95.498,13005,1,0
2025-08-22 15:00:00,95.498,95.58,95.207,95.355,32198,0,0
2025-08-22 18:00:00,95.355,95.365,95.141,95.243,23843,0,0
2025-08-22 21:00:00,95.243,95.391,95.226,95.341,9710,1,0
2025-08-25 00:00:00,95.215,95.561,95.178,95.498,6240,1,0
2025-08-25 03:00:00,95.498,95.634,95.392,95.555,15100,0,0
2025-08-25 06:00:00,95.555,95.702,95.515,95.635,9469,1,0
2025-08-25 09:00:00,95.634,95.727,95.565,95.673,14577,0,0
2025-08-25 12:00:00,95.673,95.747,95.577,95.743,11889,1,0
2025-08-25 15:00:00,95.743,95.92,95.676,95.868,19174,0,0
2025-08-25 18:00:00,95.867,95.956,95.769,95.788,15626,0,0
2025-08-25 21:00:00,95.787,95.848,95.734,95.777,11803,0,0
2025-08-26 00:00:00,95.752,95.828,95.593,95.809,4737,1,0
2025-08-26 03:00:00,95.809,95.825,95.366,95.605,24910,1,0
2025-08-26 06:00:00,95.605,95.815,95.544,95.728,13110,1,0
2025-08-26 09:00:00,95.73,95.811,95.541,95.576,23520,1,0
2025-08-26 12:00:00,95.576,95.758,95.574,95.706,17444,1,0
2025-08-26 15:00:00,95.704,95.848,95.63,95.79,23261,1,0
2025-08-26 18:00:00,95.791,95.807,95.596,95.723,14799,1,0
2025-08-26 21:00:00,95.723,95.795,95.665,95.739,8569,1,0
2025-08-27 00:00:00,95.679,95.811,95.479,95.79,4503,1,0
2025-08-27 03:00:00,95.79,96.005,95.745,95.89,14596,0,0
2025-08-27 06:00:00,95.89,95.982,95.865,95.871,11025,1,0
2025-08-27 09:00:00,95.872,95.925,95.625,95.714,17149,1,0
2025-08-27 12:00:00,95.714,95.808,95.681,95.794,14914,1,0
2025-08-27 15:00:00,95.794,95.921,95.769,95.899,22035,1,0
2025-08-27 18:00:00,95.899,95.993,95.882,95.959,17082,1,0
2025-08-27 21:00:00,95.959,96.004,95.885,95.894,9974,1,0
2025-08-28 00:00:00,95.86,95.956,95.719,95.955,6110,1,0
2025-08-28 03:00:00,95.955,96.067,95.888,95.998,13900,1,0
2025-08-28 06:00:00,95.998,96.035,95.707,95.762,10369,1,0
2025-08-28 09:00:00,95.763,95.984,95.719,95.959,18436,1,0
2025-08-28 12:00:00,95.959,96.001,95.835,95.908,16149,1,0
2025-08-28 15:00:00,95.905,96.087,95.865,95.906,27985,0,0
2025-08-28 18:00:00,95.906,96.012,95.858,95.931,15493,1,0
2025-08-28 21:00:00,95.931,96.008,95.927,95.975,7544,1,0
2025-08-29 00:00:00,95.961,96.034,95.715,95.891,6481,0,0
2025-08-29 03:00:00,95.891,96.169,95.878,96.029,15124,1,0
2025-08-29 06:00:00,96.029,96.13,96.011,96.114,9689,1,0
2025-08-29 09:00:00,96.115,96.184,96.005,96.047,16129,1,0
2025-08-29 12:00:00,96.047,96.117,95.999,96.105,13793,1,0
2025-08-29 15:00:00,96.105,96.224,96.038,96.085,26905,1,0
2025-08-29 18:00:00,96.087,96.21,96.024,96.184,16093,0,0
2025-08-29 21:00:00,96.184,96.246,96.086,96.101,7843,1,0
2025-09-01 00:00:00,96.194,96.296,96.019,96.265,4431,1,0
2025-09-01 03:00:00,96.266,96.42,96.17,96.18,14650,1,0
2025-09-01 06:00:00,96.179,96.235,96.109,96.127,11195,0,0
2025-09-01 09:00:00,96.127,96.387,96.055,96.379,17142,0,0
2025-09-01 12:00:00,96.379,96.513,96.359,96.448,13731,1,0
2025-09-01 15:00:00,96.448,96.585,96.38,96.584,14995,1,0
2025-09-01 18:00:00,96.583,96.593,96.43,96.467,8177,1,0
2025-09-01 21:00:00,96.467,96.484,96.432,96.444,5653,1,0
2025-09-02 00:00:00,96.405,96.484,96.241,96.448,5123,1,0
2025-09-02 03:00:00,96.448,96.658,96.445,96.65,16981,0,0
2025-09-02 06:00:00,96.65,96.705,96.548,96.682,11005,1,0
2025-09-02 09:00:00,96.681,96.872,96.557,96.691,27104,0,0
2025-09-02 12:00:00,96.69,96.789,96.63,96.731,22761,1,0
2025-09-02 15:00:00,96.73,96.765,96.477,96.587,34314,0,0
2025-09-02 18:00:00,96.589,96.772,96.553,96.72,18275,0,0
2025-09-02 21:00:00,96.72,96.779,96.66,96.717,10194,1,0
2025-09-03 00:00:00,96.723,96.861,96.443,96.857,5063,1,0
2025-09-03 03:00:00,96.858,97.148,96.769,97.057,14421,1,0
2025-09-03 06:00:00,97.056,97.106,96.712,96.777,10722,1,0
2025-09-03 09:00:00,96.779,97.059,96.73,96.954,21419,1,0
2025-09-03 12:00:00,96.954,97.154,96.953,97.13,17617,1,0
2025-09-03 15:00:00,97.13,97.299,96.926,96.963,28997,0,0
2025-09-03 18:00:00,96.963,97.033,96.827,96.887,16949,1,0
2025-09-03 21:00:00,96.888,96.96,96.82,96.908,10581,1,0
2025-09-04 00:00:00,96.874,96.917,96.694,96.847,4586,1,0
2025-09-04 03:00:00,96.847,97.015,96.745,96.837,17998,0,0
2025-09-04 06:00:00,96.837,96.88,96.681,96.712,10581,1,0
2025-09-04 09:00:00,96.712,96.839,96.647,96.747,17668,1,0
2025-09-04 12:00:00,96.747,96.759,96.634,96.667,14876,1,0
2025-09-04 15:00:00,96.667,96.892,96.527,96.794,29226,1,0
2025-09-04 18:00:00,96.795,96.832,96.727,96.763,14749,0,0
2025-09-04 21:00:00,96.763,96.811,96.743,96.76,8020,1,0
2025-09-05 00:00:00,96.767,96.813,96.517,96.804,4848,1,0
2025-09-05 03:00:00,96.804,96.835,96.67,96.75,12741,0,0
2025-09-05 06:00:00,96.75,96.866,96.703,96.845,7539,1,0
2025-09-05 09:00:00,96.845,97.002,96.803,96.962,15480,1,0
2025-09-05 12:00:00,96.962,97.002,96.905,96.933,12145,0,0
2025-09-05 15:00:00,96.933,96.972,96.377,96.444,42444,0,0
2025-09-05 18:00:00,96.444,96.597,96.309,96.549,23341,0,0
2025-09-05 21:00:00,96.549,96.672,96.522,96.622,12276,1,0
2025-09-08 00:00:00,96.963,97.26,96.86,97.223,10515,1,0
2025-09-08 03:00:00,97.22,97.337,97.079,97.196,19760,0,0
2025-09-08 06:00:00,97.196,97.285,97.13,97.235,11872,0,0
2025-09-08 09:00:00,97.235,97.299,97.118,97.244,20006,1,0
2025-09-08 12:00:00,97.243,97.425,97.203,97.397,14937,1,0
2025-09-08 15:00:00,97.398,97.432,97.263,97.283,22522,1,0
2025-09-08 18:00:00,97.284,97.292,97.202,97.243,13846,1,0
2025-09-08 21:00:00,97.243,97.267,97.16,97.239,8800,1,0
2025-09-09 00:00:00,97.171,97.253,97.017,97.236,5731,1,0
2025-09-09 03:00:00,97.235,97.278,97.108,97.27,13560,0,0
2025-09-09 06:00:00,97.27,97.278,97.073,97.129,10269,1,0
2025-09-09 09:00:00,97.128,97.326,96.87,96.958,21467,1,0
2025-09-09 12:00:00,96.96,97.006,96.817,96.979,15630,1,0
2025-09-09 15:00:00,96.979,97.058,96.863,96.987,29739,0,0
2025-09-09 18:00:00,96.987,97.097,96.97,97.042,17142,1,0
2025-09-09 21:00:00,97.043,97.093,97.025,97.056,8680,1,0
2025-09-10 00:00:00,97.046,97.078,96.917,97.067,4203,1,0
2025-09-10 03:00:00,97.067,97.21,97.052,97.204,13975,1,0
2025-09-10 06:00:00,97.204,97.438,97.199,97.428,9536,1,0
2025-09-10 09:00:00,97.43,97.499,97.292,97.367,19505,1,0
2025-09-10 12:00:00,97.366,97.459,97.343,97.456,14416,1,0
2025-09-10 15:00:00,97.455,97.745,97.318,97.706,30345,1,0
2025-09-10 18:00:00,97.706,97.74,97.533,97.574,14072,1,0
2025-09-10 21:00:00,97.573,97.589,97.473,97.513,8304,1,0
2025-09-11 00:00:00,97.507,97.55,97.376,97.534,3870,1,0
2025-09-11 03:00:00,97.534,97.56,97.445,97.486,10613,1,0
2025-09-11 06:00:00,97.486,97.532,97.397,97.471,7576,1,0
2025-09-11 09:00:00,97.471,97.757,97.466,97.711,17589,1,0
2025-09-11 12:00:00,97.711,97.795,97.639,97.705,14589,1,0
2025-09-11 15:00:00,97.705,97.872,97.496,97.867,37150,1,0
2025-09-11 18:00:00,97.867,98.084,97.832,98.08,17251,1,0
2025-09-11 21:00:00,98.08,98.111,97.982,98.052,9685,1,0
2025-09-12 00:00:00,97.998,98.151,97.942,98.135,4321,1,0
2025-09-12 03:00:00,98.134,98.235,98.057,98.208,12887,1,0
2025-09-12 06:00:00,98.208,98.288,98.101,98.112,8517,1,0
2025-09-12 09:00:00,98.114,98.319,98.061,98.289,20072,1,0
2025-09-12 12:00:00,98.289,98.426,98.129,98.238,15183,1,0
2025-09-12 15:00:00,98.238,98.257,98.041,98.104,23578,1,0
2025-09-12 18:00:00,98.106,98.133,98.06,98.075,13676,1,0
2025-09-12 21:00:00,98.075,98.2,98.04,98.141,9142,1,0
2025-09-15 00:00:00,97.911,98.227,97.863,98.189,4794,1,0
2025-09-15 03:00:00,98.189,98.271,98.119,98.161,11915,1,0
2025-09-15 06:00:00,98.161,98.261,98.148,98.236,9995,1,0
2025-09-15 09:00:00,98.236,98.291,98.152,98.169,17241,1,0
2025-09-15 12:00:00,98.168,98.197,98.05,98.177,13695,1,0
2025-09-15 15:00:00,98.177,98.231,98.064,98.171,20262,1,0
2025-09-15 18:00:00,98.171,98.292,98.148,98.275,15745,1,0
2025-09-15 21:00:00,98.275,98.353,98.25,98.321,10787,1,0
2025-09-16 00:00:00,98.262,98.368,97.989,98.351,4777,1,0
2025-09-16 03:00:00,98.351,98.388,98.056,98.063,15385,1,0
2025-09-16 06:00:00,98.063,98.15,97.901,97.979,12993,1,0
2025-09-16 09:00:00,97.984,98.019,97.807,97.938,19725,1,0
2025-09-16 12:00:00,97.938,98.12,97.931,98.079,14213,1,0
2025-09-16 15:00:00,98.079,98.132,97.723,97.836,21932,1,0
2025-09-16 18:00:00,97.836,97.887,97.704,97.846,12155,1,0
2025-09-16 21:00:00,97.846,97.955,97.791,97.894,8094,1,0
2025-09-17 00:00:00,97.894,97.94,97.689,97.93,3286,1,0
2025-09-17 03:00:00,97.928,97.954,97.786,97.851,10707,0,0
2025-09-17 06:00:00,97.851,97.883,97.73,97.836,4960,1,0
2025-09-17 09:00:00,97.836,97.844,97.663,97.702,10114,1,0
2025-09-17 12:00:00,97.702,97.714,97.539,97.689,9011,1,0
2025-09-17 15:00:00,97.689,97.831,97.586,97.622,11908,1,0
2025-09-17 18:00:00,97.622,97.638,97.467,97.493,9566,1,0
2025-09-17 21:00:00,97.464,97.826,97.389,97.766,37478,1,0
2025-09-18 00:00:00,97.755,97.796,97.62,97.707,5855,1,0
2025-09-18 03:00:00,97.707,97.83,97.565,97.676,14001,1,0
2025-09-18 06:00:00,97.676,97.719,97.529,97.606,7863,0,0
2025-09-18 09:00:00,97.606,97.939,97.56,97.874,16704,1,0
2025-09-18 12:00:00,97.874,98.102,97.818,98.041,17113,1,0
2025-09-18 15:00:00,98.042,98.1,97.866,97.883,31905,1,0
2025-09-18 18:00:00,97.884,97.926,97.818,97.846,18505,1,0
2025-09-18 21:00:00,97.846,97.879,97.797,97.849,9567,1,0
2025-09-19 00:00:00,97.834,97.934,97.732,97.906,5841,1,0
2025-09-19 03:00:00,97.906,97.974,97.689,97.781,15615,1,0
2025-09-19 06:00:00,97.779,97.826,97.298,97.334,23139,1,0
2025-09-19 09:00:00,97.334,97.731,97.246,97.691,25768,1,0
2025-09-19 12:00:00,97.691,97.745,97.647,97.682,16029,1,0
2025-09-19 15:00:00,97.68,97.68,97.44,97.583,25718,1,0
2025-09-19 18:00:00,97.583,97.606,97.469,97.569,16041,1,0
2025-09-19 21:00:00,97.569,97.628,97.491,97.5,10033,1,0
2025-09-22 00:00:00,97.431,97.624,97.386,97.578,5196,1,0
2025-09-22 03:00:00,97.582,97.78,97.511,97.77,16883,1,0
2025-09-22 06:00:00,97.77,97.854,97.726,97.743,10004,1,0
2025-09-22 09:00:00,97.743,97.745,97.356,97.502,19277,1,0
2025-09-22 12:00:00,97.502,97.586,97.461,97.526,14027,1,0
2025-09-22 15:00:00,97.525,97.57,97.312,97.444,20883,1,0
2025-09-22 18:00:00,97.446,97.491,97.373,97.443,13757,1,0
2025-09-22 21:00:00,97.443,97.535,97.431,97.484,8286,1,0
2025-09-23 00:00:00,97.452,97.537,97.317,97.518,4339,1,0
2025-09-23 03:00:00,97.52,97.528,97.241,97.326,13645,1,0
2025-09-23 06:00:00,97.326,97.391,97.276,97.367,10663,1,0
2025-09-23 09:00:00,97.367,97.437,97.28,97.378,18888,1,0
2025-09-23 12:00:00,97.378,97.665,97.352,97.604,14041,1,0
2025-09-23 15:00:00,97.605,97.723,97.508,97.602,22030,1,0
2025-09-23 18:00:00,97.603,97.628,97.295,97.346,19549,1,0
2025-09-23 21:00:00,97.346,97.44,97.248,97.426,12113,1,0
2025-09-24 00:00:00,97.375,97.459,97.25,97.401,5137,1,0
2025-09-24 03:00:00,97.403,97.872,97.274,97.853,17588,1,0
2025-09-24 06:00:00,97.853,97.954,97.794,97.926,10994,1,0
2025-09-24 09:00:00,97.926,98.093,97.912,98.046,16864,1,0
2025-09-24 12:00:00,98.046,98.093,98.001,98.043,12649,1,0
2025-09-24 15:00:00,98.043,98.183,97.927,98.019,24893,0,0
2025-09-24 18:00:00,98.022,98.05,97.811,97.894,15159,0,0
2025-09-24 21:00:00,97.893,98.022,97.872,98.013,8564,1,0
2025-09-25 00:00:00,97.999,98.011,97.839,97.991,5609,1,0
2025-09-25 03:00:00,97.991,98.152,97.888,98.151,15989,1,0
2025-09-25 06:00:00,98.152,98.16,98.023,98.135,9954,1,0
2025-09-25 09:00:00,98.135,98.214,97.963,98.147,17544,1,0
2025-09-25 12:00:00,98.15,98.226,97.963,97.974,13737,1,0
2025-09-25 15:00:00,97.975,97.993,97.748,97.977,32912,1,0
2025-09-25 18:00:00,97.977,98.138,97.853,97.867,19786,1,0
2025-09-25 21:00:00,97.867,97.98,97.759,97.961,12023,1,0
2025-09-26 00:00:00,97.961,97.995,97.741,97.991,7604,1,0
2025-09-26 03:00:00,97.989,97.989,97.827,97.927,15204,1,0
2025-09-26 06:00:00,97.927,97.956,97.856,97.921,9675,1,0
2025-09-26 09:00:00,97.921,97.998,97.754,97.814,16239,1,0
2025-09-26 12:00:00,97.815,97.858,97.729,97.762,13384,1,0
2025-09-26 15:00:00,97.763,97.978,97.733,97.817,28083,0,0
2025-09-26 18:00:00,97.817,97.955,97.794,97.922,15333,1,0
2025-09-26 21:00:00,97.922,97.949,97.842,97.846,8535,1,0
2025-09-29 00:00:00,97.776,97.918,97.753,97.894,5223,1,0
2025-09-29 03:00:00,97.894,97.898,97.665,97.734,16495,1,0
2025-09-29 06:00:00,97.734,97.889,97.682,97.756,12319,0,0
2025-09-29 09:00:00,97.756,97.782,97.539,97.577,16557,1,0
2025-09-29 12:00:00,97.577,97.628,97.534,97.613,13005,1,0
2025-09-29 15:00:00,97.614,97.754,97.518,97.751,22357,1,0
2025-09-29 18:00:00,97.75,97.788,97.676,97.69,13753,1,0
2025-09-29 21:00:00,97.69,97.82,97.68,97.718,7463,1,0
2025-09-30 00:00:00,97.701,97.772,97.625,97.761,4990,1,0
2025-09-30 03:00:00,97.758,98.047,97.694,98.046,18761,1,0
2025-09-30 06:00:00,98.046,98.151,97.783,97.872,14874,1,0
2025-09-30 09:00:00,97.874,97.91,97.425,97.728,22446,0,0
2025-09-30 12:00:00,97.731,97.879,97.659,97.806,14753,0,0
2025-09-30 15:00:00,97.806,97.986,97.777,97.878,24338,0,0
2025-09-30 18:00:00,97.878,97.881,97.753,97.793,17696,0,0
2025-09-30 21:00:00,97.793,97.854,97.773,97.819,10664,1,0
2025-10-01 00:00:00,97.772,97.863,97.628,97.855,5957,1,0
2025-10-01 03:00:00,97.855,97.922,97.569,97.574,13901,0,0
2025-10-01 06:00:00,97.574,97.6,97.348,97.364,12841,0,0
2025-10-01 09:00:00,97.364,97.397,97.201,97.332,23354,1,0
2025-10-01 12:00:00,97.332,97.376,97.21,97.241,16750,0,0
2025-10-01 15:00:00,97.241,97.261,97.032,97.077,36824,0,0
2025-10-01 18:00:00,97.077,97.292,97.073,97.26,18391,1,0
2025-10-01 21:00:00,97.26,97.35,97.222,97.245,9942,1,0
2025-10-02 00:00:00,97.227,97.315,97.148,97.312,4166,1,0
2025-10-02 03:00:00,97.312,97.408,97.145,97.373,13354,1,0
2025-10-02 06:00:00,97.373,97.449,97.262,97.373,8956,1,0
2025-10-02 09:00:00,97.374,97.46,97.131,97.184,19524,1,0
2025-10-02 12:00:00,97.187,97.193,96.856,96.965,15873,1,0
2025-10-02 15:00:00,96.965,97.175,96.943,97.027,24990,1,0
2025-10-02 18:00:00,97.027,97.089,96.982,97.017,15796,1,0
2025-10-02 21:00:00,97.017,97.137,97.013,97.12,7394,1,0
2025-10-03 00:00:00,97.075,97.107,97.003,97.1,4001,1,0
2025-10-03 03:00:00,97.098,97.431,97.091,97.372,13580,1,0
2025-10-03 06:00:00,97.372,97.433,97.282,97.379,9459,1,0
2025-10-03 09:00:00,97.377,97.483,97.302,97.325,16928,1,0
2025-10-03 12:00:00,97.325,97.351,97.23,97.268,11964,1,0
2025-10-03 15:00:00,97.268,97.394,97.168,97.357,25585,1,0
2025-10-03 18:00:00,97.357,97.502,97.293,97.346,16225,1,0
2025-10-03 21:00:00,97.346,97.41,97.286,97.337,9748,1,0
2025-10-06 00:00:00,98.313,98.676,98.195,98.635,15801,1,0
2025-10-06 03:00:00,98.635,99.07,98.56,99.048,21311,1,0
2025-10-06 06:00:00,99.049,99.347,99.018,99.243,15644,1,0
2025-10-06 09:00:00,99.243,99.362,99.067,99.233,27437,0,0
2025-10-06 12:00:00,99.235,99.241,99.07,99.214,18447,1,0
2025-10-06 15:00:00,99.216,99.334,98.892,99.234,29761,0,0
2025-10-06 18:00:00,99.231,99.418,99.22,99.402,14936,0,0
2025-10-06 21:00:00,99.402,99.53,99.372,99.499,8181,1,0
2025-10-07 00:00:00,99.427,99.525,99.255,99.487,6869,1,0
2025-10-07 03:00:00,99.486,99.68,99.403,99.631,13166,0,0
2025-10-07 06:00:00,99.631,99.641,99.323,99.365,9996,0,0
2025-10-07 09:00:00,99.365,99.414,99.158,99.381,18639,1,0
2025-10-07 12:00:00,99.381,99.447,99.346,99.387,13075,1,0
2025-10-07 15:00:00,99.387,99.637,99.297,99.596,23981,1,0
2025-10-07 18:00:00,99.596,99.848,99.474,99.804,22503,1,0
2025-10-07 21:00:00,99.804,100.046,99.79,99.949,12935,1,0
2025-10-08 00:00:00,99.942,100.12,99.769,100.056,7322,1,0
2025-10-08 03:00:00,100.056,100.208,99.978,100.082,23017,0,0
2025-10-08 06:00:00,100.082,100.13,99.921,100.025,11210,0,0
2025-10-08 09:00:00,100.026,100.224,99.917,100.21,23839,0,0
2025-10-08 12:00:00,100.21,100.541,100.207,100.342,17641,0,0
2025-10-08 15:00:00,100.34,100.497,100.304,100.4,25017,1,0
2025-10-08 18:00:00,100.398,100.596,100.392,100.593,15118,1,0
2025-10-08 21:00:00,100.595,100.614,100.507,100.571,12998,1,0
2025-10-09 00:00:00,100.549,100.575,100.375,100.553,7630,0,0
2025-10-09 03:00:00,100.554,100.736,100.456,100.601,19307,0,0
2025-10-09 06:00:00,100.601,100.831,100.601,100.783,9736,0,0
2025-10-09 09:00:00,100.784,100.904,100.494,100.559,25707,0,0
2025-10-09 12:00:00,100.559,100.836,100.439,100.804,18319,1,0
2025-10-09 15:00:00,100.806,100.945,100.319,100.445,33129,1,0
2025-10-09 18:00:00,100.445,100.473,100.143,100.272,26080,0,0
2025-10-09 21:00:00,100.272,100.348,100.181,100.333,12678,1,0
2025-10-10 00:00:00,100.284,100.461,100.139,100.396,7855,1,0
2025-10-10 03:00:00,100.396,100.527,100.347,100.466,16668,1,0
2025-10-10 06:00:00,100.466,100.486,100.229,100.358,11934,1,0
2025-10-10 09:00:00,100.358,100.395,99.876,100.097,26802,1,0
2025-10-10 12:00:00,100.097,100.178,99.96,100.006,16926,1,0
2025-10-10 15:00:00,100.006,100.071,99.655,99.685,25828,1,0
2025-10-10 18:00:00,99.683,99.683,98.262,98.534,48445,1,0
2025-10-10 21:00:00,98.534,98.556,97.824,97.832,20617,1,0
2025-10-13 00:00:00,98.815,98.989,98.562,98.815,17253,0,0
2025-10-13 03:00:00,98.813,99.237,98.768,99.139,22843,0,0
2025-10-13 06:00:00,99.139,99.213,98.984,99.058,12839,0,0
2025-10-13 09:00:00,99.058,99.389,98.931,99.343,26196,0,0
2025-10-13 12:00:00,99.343,99.371,98.939,98.981,18923,1,0
2025-10-13 15:00:00,98.981,99.32,98.947,99.226,27969,1,0
2025-10-13 18:00:00,99.225,99.364,99.196,99.273,16388,0,0
2025-10-13 21:00:00,99.273,99.328,99.205,99.217,8562,1,0
2025-10-14 00:00:00,99.177,99.302,99.018,99.283,5986,1,0
2025-10-14 03:00:00,99.283,99.486,99.19,99.19,19678,1,0
2025-10-14 06:00:00,99.19,99.219,98.041,98.139,25120,0,0
2025-10-14 09:00:00,98.138,98.347,97.973,98.148,33329,1,0
2025-10-14 12:00:00,98.148,98.234,97.862,98.169,22651,1,0
2025-10-14 15:00:00,98.169,98.567,97.883,98.454,37131,0,0
2025-10-14 18:00:00,98.453,98.577,98.356,98.494,28417,1,0
2025-10-14 21:00:00,98.494,98.55,98.23,98.458,16091,1,0
2025-10-15 00:00:00,98.451,98.591,98.261,98.469,6845,1,0
2025-10-15 03:00:00,98.473,98.553,98.289,98.307,21931,0,0
2025-10-15 06:00:00,98.307,98.57,98.264,98.478,12429,1,0
2025-10-15 09:00:00,98.477,98.697,98.373,98.559,22389,1,0
2025-10-15 12:00:00,98.559,98.772,98.557,98.691,16032,1,0
2025-10-15 15:00:00,98.69,98.815,98.527,98.661,30108,1,0
2025-10-15 18:00:00,98.662,98.691,98.061,98.392,29489,0,0
2025-10-15 21:00:00,98.391,98.5,98.351,98.368,13656,1,0
2025-10-16 00:00:00,98.348,98.416,98.16,98.259,6926,1,0
2025-10-16 03:00:00,98.26,98.334,97.554,97.897,25798,0,0
2025-10-16 06:00:00,97.897,98.155,97.779,98.092,13943,1,0
2025-10-16 09:00:00,98.089,98.481,98.073,98.406,24773,1,0
2025-10-16 12:00:00,98.405,98.492,98.357,98.408,15566,1,0
2025-10-16 15:00:00,98.409,98.422,97.853,98.049,32733,0,0
2025-10-16 18:00:00,98.049,98.103,97.314,97.484,34206,0,0
2025-10-16 21:00:00,97.484,97.584,97.24,97.536,18563,0,0
2025-10-17 00:00:00,97.519,97.598,97.177,97.325,7158,0,0
2025-10-17 03:00:00,97.324,97.557,97.094,97.156,18503,1,0
2025-10-17 06:00:00,97.156,97.187,96.887,96.987,12518,0,0
2025-10-17 09:00:00,96.987,97.117,96.253,96.751,34711,1,0
2025-10-17 12:00:00,96.751,97.723,96.71,97.455,28166,1,0
2025-10-17 15:00:00,97.455,97.659,97.205,97.542,38414,0,0
2025-10-17 18:00:00,97.542,97.679,97.257,97.661,22683,1,0
2025-10-17 21:00:00,97.661,97.853,97.658,97.781,10910,0,0
2025-10-20 00:00:00,97.567,98.157,97.509,98.115,7675,1,0
2025-10-20 03:00:00,98.115,98.481,97.976,98.176,15357,0,0
2025-10-20 06:00:00,98.174,98.197,97.86,98.027,10171,1,0
2025-10-20 09:00:00,98.027,98.062,97.829,97.836,21120,0,0
2025-10-20 12:00:00,97.836,97.93,97.613,97.814,17784,0,0
2025-10-20 15:00:00,97.814,98.074,97.734,98.051,23436,0,0
2025-10-20 18:00:00,98.051,98.247,98.006,98.203,13969,1,0
2025-10-20 21:00:00,98.203,98.255,98.134,98.178,6835,1,0
2025-10-21 00:00:00,98.16,98.28,97.989,98.278,3792,1,0
2025-10-21 03:00:00,98.278,98.404,98.078,98.346,15268,1,0
2025-10-21 06:00:00,98.346,98.441,98.087,98.357,16602,0,0
2025-10-21 09:00:00,98.358,98.389,97.919,98.326,25600,1,0
2025-10-21 12:00:00,98.324,98.697,98.296,98.655,19750,1,0
2025-10-21 15:00:00,98.655,98.779,98.076,98.573,32920,1,0
2025-10-21 18:00:00,98.573,98.708,98.494,98.591,18690,1,0
2025-10-21 21:00:00,98.593,98.627,98.525,98.558,6687,1,0
2025-10-22 00:00:00,98.561,98.652,98.424,98.584,4006,1,0
2025-10-22 03:00:00,98.584,98.62,98.3,98.471,15956,1,0
2025-10-22 06:00:00,98.471,98.78,98.457,98.778,8686,0,0
2025-10-22 09:00:00,98.778,98.87,98.495,98.519,24527,1,0
2025-10-22 12:00:00,98.521,98.635,98.367,98.425,20128,1,0
2025-10-22 15:00:00,98.427,98.764,98.422,98.619,28149,0,0
2025-10-22 18:00:00,98.62,98.736,98.2,98.298,25416,1,0
2025-10-22 21:00:00,98.297,98.658,98.278,98.603,11995,1,0
2025-10-23 00:00:00,98.559,98.615,98.408,98.612,4826,1,0
2025-10-23 03:00:00,98.612,98.977,98.571,98.853,13343,1,0
2025-10-23 06:00:00,98.852,98.923,98.769,98.894,7418,1,0
2025-10-23 09:00:00,98.894,99.375,98.892,99.324,17503,0,0
2025-10-23 12:00:00,99.325,99.408,99.24,99.261,13595,1,0
2025-10-23 15:00:00,99.261,99.473,99.178,99.451,23940,1,0
2025-10-23 18:00:00,99.452,99.552,99.332,99.45,14023,1,0
2025-10-23 21:00:00,99.45,99.481,99.321,99.373,6473,1,0
2025-10-24 00:00:00,99.298,99.446,99.2,99.42,3813,1,0
2025-10-24 03:00:00,99.42,99.546,99.295,99.326,11962,1,0
2025-10-24 06:00:00,99.324,99.456,99.313,99.394,8694,0,0
2025-10-24 09:00:00,99.394,99.544,99.319,99.353,18368,0,0
2025-10-24 12:00:00,99.353,99.432,99.298,99.415,11960,1,0
2025-10-24 15:00:00,99.411,99.592,99.121,99.287,33432,0,0
2025-10-24 18:00:00,99.286,99.516,99.286,99.471,12493,1,0
2025-10-24 21:00:00,99.471,99.555,99.456,99.544,6179,1,0
2025-10-27 00:00:00,99.929,100.185,99.643,100.008,9105,0,0
2025-10-27 03:00:00,100.008,100.105,99.792,99.999,13956,1,0
2025-10-27 06:00:00,99.999,100.137,99.93,100.111,8476,1,0
2025-10-27 09:00:00,100.108,100.172,99.92,100.142,17651,1,0
2025-10-27 12:00:00,100.143,100.19,100.042,100.084,16903,0,0
2025-10-27 15:00:00,100.084,100.308,100.037,100.206,21401,1,0
2025-10-27 18:00:00,100.204,100.372,100.17,100.342,13355,1,0
2025-10-27 21:00:00,100.34,100.342,100.167,100.22,7626,1,0
2025-10-28 00:00:00,100.201,100.229,100.103,100.144,3976,1,0
2025-10-28 03:00:00,100.144,100.156,99.862,99.967,13756,1,0
2025-10-28 06:00:00,99.968,99.989,99.534,99.605,13947,0,0
2025-10-28 09:00:00,99.605,99.772,99.412,99.474,20795,1,0
2025-10-28 12:00:00,99.473,99.727,99.463,99.66,15892,0,0
2025-10-28 15:00:00,99.66,100.02,99.644,99.958,22758,1,0
2025-10-28 18:00:00,99.958,100.359,99.896,100.262,17466,0,0
2025-10-28 21:00:00,100.262,100.288,100.077,100.162,7368,1,0
2025-10-29 00:00:00,100.139,100.197,99.908,99.917,4943,1,0
2025-10-29 03:00:00,99.917,100.344,99.733,100.289,18973,0,0
2025-10-29 06:00:00,100.293,100.72,100.248,100.574,10547,1,0
2025-10-29 09:00:00,100.573,100.674,100.431,100.464,17288,1,0
2025-10-29 12:00:00,100.466,100.554,100.348,100.414,15708,1,0
2025-10-29 15:00:00,100.414,100.451,100.258,100.421,21002,0,0
2025-10-29 18:00:00,100.419,100.713,100.389,100.643,16424,1,0
2025-10-29 21:00:00,100.634,100.759,100.299,100.407,37286,0,0
2025-10-30 00:00:00,100.388,100.451,100.237,100.441,5107,1,0
2025-10-30 03:00:00,100.44,100.599,100.358,100.388,18624,1,0
2025-10-30 06:00:00,100.388,100.897,100.319,100.878,27503,1,0
2025-10-30 09:00:00,100.878,101.212,100.716,101.127,25385,1,0
2025-10-30 12:00:00,101.127,101.173,100.947,101.034,18878,1,0
2025-10-30 15:00:00,101.034,101.073,100.744,101.039,31535,1,0
2025-10-30 18:00:00,101.039,101.119,100.924,101.02,17651,1,0
2025-10-30 21:00:00,101.021,101.039,100.865,101.033,11180,1,0
2025-10-31 00:00:00,101.008,101.022,100.877,100.951,4692,1,0
2025-10-31 03:00:00,100.951,101.028,100.666,100.822,14014,1,0
2025-10-31 06:00:00,100.822,100.921,100.641,100.677,9075,1,0
2025-10-31 09:00:00,100.677,100.982,100.669,100.933,17929,1,0
2025-10-31 12:00:00,100.933,100.951,100.766,100.829,14374,1,0
2025-10-31 15:00:00,100.826,100.883,100.648,100.868,24500,1,0
2025-10-31 18:00:00,100.868,100.893,100.71,100.752,20980,1,0
2025-10-31 21:00:00,100.753,100.88,100.736,100.81,8503,1,0
2025-11-03 00:00:00,100.708,100.99,100.679,100.878,8194,1,0
2025-11-03 03:00:00,100.878,100.963,100.793,100.958,7519,1,0
2025-11-03 06:00:00,100.958,101.145,100.919,101.1,6828,1,0
2025-11-03 09:00:00,101.1,101.136,100.888,100.93,14934,1,0
2025-11-03 12:00:00,100.929,100.999,100.885,100.946,10856,1,0
2025-11-03 15:00:00,100.947,100.957,100.397,100.581,19996,1,0
2025-11-03 18:00:00,100.581,100.851,100.581,100.822,11896,1,0
2025-11-03 21:00:00,100.821,100.877,100.767,100.814,6952,1,0
2025-11-04 00:00:00,100.8,100.902,100.657,100.89,7264,1,0
2025-11-04 03:00:00,100.891,100.913,100.443,100.648,13449,1,0
2025-11-04 06:00:00,100.648,100.655,99.876,100.045,17335,0,0
2025-11-04 09:00:00,100.045,100.145,99.658,99.686,23143,1,0
2025-11-04 12:00:00,99.686,99.888,99.543,99.714,16175,0,0
2025-11-04 15:00:00,99.712,99.8,99.464,99.738,23298,0,0
2025-11-04 18:00:00,99.739,99.826,99.618,99.631,15338,0,0
2025-11-04 21:00:00,99.631,99.738,99.574,99.699,10186,1,0
2025-11-05 00:00:00,99.708,99.785,99.21,99.215,9309,1,0
2025-11-05 03:00:00,99.215,99.719,98.825,99.673,21098,1,0
2025-11-05 06:00:00,99.674,99.813,99.495,99.751,11989,1,0
2025-11-05 09:00:00,99.749,99.807,99.517,99.619,17826,1,0
2025-11-05 12:00:00,99.619,99.688,99.465,99.637,15046,1,0
2025-11-05 15:00:00,99.637,100.296,99.621,100.296,27102,1,0
2025-11-05 18:00:00,100.296,100.394,100.177,100.301,13452,1,0
2025-11-05 21:00:00,100.301,100.333,100.207,100.267,6255,1,0
2025-11-06 00:00:00,100.216,100.318,100.065,100.108,7767,1,0
2025-11-06 03:00:00,100.106,100.275,99.931,100.199,10390,0,0
2025-11-06 06:00:00,100.199,100.327,100.096,100.186,8388,1,0
2025-11-06 09:00:00,100.187,100.261,99.981,100.126,16440,1,0
2025-11-06 12:00:00,100.126,100.166,99.944,100.06,14272,0,0
2025-11-06 15:00:00,100.06,100.116,99.006,99.007,27111,0,0
2025-11-06 18:00:00,99.009,99.27,98.825,99.194,22307,0,0
2025-11-06 21:00:00,99.194,99.366,99.109,99.157,11395,0,0
2025-11-07 00:00:00,99.137,99.352,99.007,99.275,10023,1,0
2025-11-07 03:00:00,99.275,99.347,98.991,99.062,13935,0,0
2025-11-07 06:00:00,99.062,99.537,98.968,99.524,10551,1,0
2025-11-07 09:00:00,99.524,99.58,99.339,99.502,16846,1,0
2025-11-07 12:00:00,99.502,99.556,99.112,99.205,18071,0,0
2025-11-07 15:00:00,99.205,99.578,99.041,99.113,32749,1,0
2025-11-07 18:00:00,99.112,99.412,99.032,99.389,18986,1,0
2025-11-07 21:00:00,99.389,99.76,99.369,99.64,13655,1,0
2025-11-10 00:00:00,99.794,100.166,99.681,100.114,12525,1,0
2025-11-10 03:00:00,100.117,100.385,100.108,100.268,13518,1,0
2025-11-10 06:00:00,100.268,100.565,100.265,100.505,12694,1,0
2025-11-10 09:00:00,100.503,100.827,100.495,100.773,17914,1,0
2025-11-10 12:00:00,100.774,100.777,100.644,100.672,12943,1,0
2025-11-10 15:00:00,100.672,100.735,100.469,100.537,16967,1,0
