time,open,high,low,close,tick_volume,spread,real_volume
2024-11-11 00:00:00,174.187,174.738,174.06,174.737,10952,2,0
2024-11-11 03:00:00,174.741,175.044,174.668,175.01,13699,2,0
2024-11-11 06:00:00,175.009,175.189,174.944,174.957,12327,2,0
2024-11-11 09:00:00,174.957,175.187,174.747,174.897,22607,2,0
2024-11-11 12:00:00,174.893,174.926,174.746,174.801,15123,2,0
2024-11-11 15:00:00,174.802,174.962,174.652,174.852,22123,2,0
2024-11-11 18:00:00,174.853,174.89,174.695,174.726,12020,2,0
2024-11-11 21:00:00,174.721,174.729,174.437,174.498,8293,2,0
2024-11-12 00:00:00,174.498,174.649,174.331,174.603,8949,2,0
2024-11-12 03:00:00,174.603,174.722,174.305,174.341,15676,2,0
2024-11-12 06:00:00,174.337,174.416,174.096,174.399,14710,2,0
2024-11-12 09:00:00,174.399,174.664,174.313,174.617,25231,2,0
2024-11-12 12:00:00,174.617,175.119,174.483,174.891,20746,2,0
2024-11-12 15:00:00,174.893,175.259,174.872,175.15,26376,2,0
2024-11-12 18:00:00,175.147,175.475,175.086,175.345,21564,2,0
2024-11-12 21:00:00,175.343,175.411,175.222,175.367,11882,2,0
2024-11-13 00:00:00,175.252,175.538,175.171,175.516,10388,2,0
2024-11-13 03:00:00,175.52,175.572,175.262,175.449,16914,2,0
2024-11-13 06:00:00,175.449,175.65,175.323,175.537,14073,2,0
2024-11-13 09:00:00,175.537,175.646,175.369,175.504,21536,2,0
2024-11-13 12:00:00,175.505,175.7,175.361,175.694,16723,2,0
2024-11-13 15:00:00,175.694,175.776,175.131,175.437,45171,2,0
2024-11-13 18:00:00,175.437,175.639,175.424,175.605,22463,2,0
2024-11-13 21:00:00,175.604,175.691,175.421,175.461,14216,2,0
2024-11-14 00:00:00,175.39,175.874,175.266,175.81,13150,2,0
2024-11-14 03:00:00,175.808,175.916,175.658,175.741,15639,2,0
2024-11-14 06:00:00,175.744,175.917,175.693,175.757,13356,2,0
2024-11-14 09:00:00,175.757,175.781,175.429,175.537,21447,2,0
2024-11-14 12:00:00,175.532,175.575,175.132,175.414,21571,2,0
2024-11-14 15:00:00,175.422,175.743,175.13,175.718,39011,2,0
2024-11-14 18:00:00,175.716,175.76,175.374,175.434,20488,2,0
2024-11-14 21:00:00,175.43,175.597,175.324,175.5,24186,2,0
2024-11-15 00:00:00,175.427,176.009,175.362,175.932,11984,2,0
2024-11-15 03:00:00,175.929,175.954,175.668,175.942,17099,2,0
2024-11-15 06:00:00,175.942,175.98,175.739,175.763,14636,2,0
2024-11-15 09:00:00,175.763,175.791,174.848,174.888,26965,2,0
2024-11-15 12:00:00,174.887,175.182,174.796,175.036,20881,2,0
2024-11-15 15:00:00,175.025,175.131,174.348,174.51,44994,2,0
2024-11-15 18:00:00,174.508,174.569,173.626,173.688,31156,2,0
2024-11-15 21:00:00,173.688,173.877,173.648,173.795,18943,2,0
2024-11-18 00:00:00,173.696,174.164,173.399,173.853,16455,2,0
2024-11-18 03:00:00,173.851,174.617,173.69,174.164,26517,2,0
2024-11-18 06:00:00,174.16,174.311,173.963,174.184,19148,2,0
2024-11-18 09:00:00,174.184,174.718,174.17,174.697,29643,2,0
2024-11-18 12:00:00,174.695,174.871,174.548,174.848,22467,2,0
2024-11-18 15:00:00,174.849,175.022,174.625,174.992,31565,2,0
2024-11-18 18:00:00,174.989,175.045,174.837,175.004,20375,2,0
2024-11-18 21:00:00,175.003,175.155,174.958,175.11,13423,2,0
2024-11-19 00:00:00,175.124,175.124,174.675,174.739,10020,2,0
2024-11-19 03:00:00,174.739,174.759,174.334,174.57,17114,2,0
2024-11-19 06:00:00,174.562,174.899,174.532,174.877,13623,2,0
2024-11-19 09:00:00,174.877,174.979,173.546,174.019,41447,2,0
2024-11-19 12:00:00,174.011,174.63,173.883,174.458,30398,2,0
2024-11-19 15:00:00,174.462,174.849,174.172,174.566,45309,2,0
2024-11-19 18:00:00,174.567,175.262,174.526,175.008,22946,2,0
2024-11-19 21:00:00,175.011,175.327,174.999,175.26,11076,2,0
2024-11-20 00:00:00,175.194,175.59,175.047,175.473,10018,2,0
2024-11-20 03:00:00,175.471,175.509,175.265,175.419,13909,2,0
2024-11-20 06:00:00,175.418,175.806,175.412,175.712,12707,2,0
2024-11-20 09:00:00,175.712,176.083,175.705,175.9,23802,2,0
2024-11-20 12:00:00,175.902,176.105,175.8,175.989,18374,2,0
2024-11-20 15:00:00,175.991,176.09,175.346,175.634,30208,2,0
2024-11-20 18:00:00,175.639,175.745,175.319,175.686,22374,2,0
2024-11-20 21:00:00,175.687,175.842,175.623,175.764,13537,2,0
2024-11-21 00:00:00,175.73,175.803,175.389,175.567,10530,2,0
2024-11-21 03:00:00,175.566,175.624,175.365,175.499,14498,2,0
2024-11-21 06:00:00,175.498,175.808,175.167,175.284,16703,2,0
2024-11-21 09:00:00,175.284,175.49,174.457,174.633,39582,2,0
2024-11-21 12:00:00,174.634,175.022,174.471,174.885,23137,2,0
2024-11-21 15:00:00,174.885,174.983,174.242,174.398,39353,2,0
2024-11-21 18:00:00,174.397,174.526,174.265,174.367,29367,2,0
2024-11-21 21:00:00,174.364,174.439,174.184,174.256,14659,2,0
2024-11-22 00:00:00,174.08,174.233,173.66,174.111,13688,2,0
2024-11-22 03:00:00,174.111,174.258,173.993,174.086,15492,2,0
2024-11-22 06:00:00,174.09,174.68,174.09,174.609,14440,2,0
2024-11-22 09:00:00,174.609,174.854,173.523,173.783,37853,2,0
2024-11-22 12:00:00,173.78,173.876,173.3,173.542,26211,2,0
2024-11-22 15:00:00,173.543,173.551,172.561,173.327,40319,2,0
2024-11-22 18:00:00,173.327,173.349,172.919,173.06,20648,2,0
2024-11-22 21:00:00,173.058,173.157,172.982,173.085,11363,2,0
2024-11-25 00:00:00,172.902,173.288,172.76,173.124,19397,2,0
2024-11-25 03:00:00,173.139,173.158,172.641,172.94,20155,2,0
2024-11-25 06:00:00,172.941,173.425,172.925,173.25,17568,2,0
2024-11-25 09:00:00,173.25,173.755,173.035,173.718,29347,2,0
2024-11-25 12:00:00,173.717,173.746,173.329,173.434,20345,2,0
2024-11-25 15:00:00,173.433,174.024,173.251,173.932,40060,2,0
2024-11-25 18:00:00,173.932,174.072,173.809,174.022,24874,2,0
2024-11-25 21:00:00,174.021,174.056,173.885,173.953,14285,2,0
2024-11-26 00:00:00,173.89,173.958,173.268,173.297,22299,2,0
2024-11-26 03:00:00,173.299,173.622,173.151,173.362,22223,2,0
2024-11-26 06:00:00,173.357,173.605,173.134,173.595,15237,2,0
2024-11-26 09:00:00,173.595,173.931,173.46,173.741,27201,2,0
2024-11-26 12:00:00,173.74,173.768,173.018,173.073,23619,2,0
2024-11-26 15:00:00,173.074,173.231,172.867,172.915,35648,2,0
2024-11-26 18:00:00,172.917,173.044,172.572,172.657,24953,2,0
2024-11-26 21:00:00,172.656,172.743,172.479,172.699,18277,2,0
2024-11-27 00:00:00,172.647,172.822,172.469,172.615,13527,2,0
2024-11-27 03:00:00,172.616,172.698,172.038,172.103,17817,2,0
2024-11-27 06:00:00,172.104,172.118,171.76,171.782,15561,2,0
2024-11-27 09:00:00,171.783,171.963,171.455,171.571,35063,2,0
2024-11-27 12:00:00,171.569,171.75,171.32,171.477,26899,2,0
2024-11-27 15:00:00,171.475,171.835,171.27,171.494,40112,2,0
2024-11-27 18:00:00,171.497,171.635,170.962,171.167,28007,2,0
2024-11-27 21:00:00,171.165,171.409,171.159,171.313,13123,2,0
2024-11-28 00:00:00,171.194,171.807,171.032,171.757,12395,2,0
2024-11-28 03:00:00,171.756,171.801,171.443,171.611,15770,2,0
2024-11-28 06:00:00,171.61,171.704,171.368,171.57,12894,2,0
2024-11-28 09:00:00,171.57,171.885,171.543,171.687,24088,2,0
2024-11-28 12:00:00,171.686,171.865,171.592,171.772,14375,2,0
2024-11-28 15:00:00,171.773,171.791,171.45,171.573,16190,2,0
2024-11-28 18:00:00,171.573,171.627,171.461,171.621,7149,2,0
2024-11-28 21:00:00,171.622,171.642,171.5,171.564,4685,5,0
2024-11-29 00:00:00,171.434,171.643,170.788,170.831,14175,2,0
2024-11-29 03:00:00,170.832,170.869,170.067,170.319,28324,2,0
2024-11-29 06:00:00,170.321,170.447,170.0,170.311,18488,2,0
2024-11-29 09:00:00,170.311,170.537,169.974,170.401,27829,2,0
2024-11-29 12:00:00,170.4,170.696,170.137,170.421,19507,2,0
2024-11-29 15:00:00,170.42,170.606,169.998,170.462,27167,2,0
2024-11-29 18:00:00,170.463,170.706,169.783,169.928,28511,2,0
2024-11-29 21:00:00,169.928,170.012,169.742,169.806,40123,5,0
2024-12-02 00:00:00,169.804,170.208,169.474,170.067,21136,2,0
2024-12-02 03:00:00,170.068,170.367,170.012,170.166,19776,2,0
2024-12-02 06:00:00,170.165,170.352,169.987,170.086,18336,2,0
2024-12-02 09:00:00,170.086,170.135,169.46,169.692,29158,2,0
2024-12-02 12:00:00,169.691,169.77,169.249,169.33,21082,2,0
2024-12-02 15:00:00,169.33,169.48,168.697,168.814,36501,2,0
2024-12-02 18:00:00,168.814,168.9,168.21,168.714,26362,2,0
2024-12-02 21:00:00,168.709,168.792,168.518,168.729,16970,2,0
2024-12-03 00:00:00,168.66,168.965,168.45,168.872,12275,2,0
2024-12-03 03:00:00,168.872,169.031,168.658,168.982,17610,2,0
2024-12-03 06:00:00,168.987,169.053,168.856,169.006,13432,2,0
2024-12-03 09:00:00,169.006,169.442,168.887,169.226,24220,2,0
2024-12-03 12:00:00,169.228,169.557,168.989,169.007,16626,2,0
2024-12-03 15:00:00,169.004,169.011,168.04,168.488,38191,2,0
2024-12-03 18:00:00,168.49,168.767,168.397,168.488,25109,2,0
2024-12-03 21:00:00,168.488,168.771,168.401,168.749,12163,2,0
2024-12-04 00:00:00,168.758,168.941,168.692,168.919,10787,2,0
2024-12-04 03:00:00,168.919,169.085,168.655,168.983,18189,2,0
2024-12-04 06:00:00,168.984,169.422,168.984,169.35,18604,2,0
2024-12-04 09:00:00,169.35,169.866,169.325,169.795,26177,2,0
2024-12-04 12:00:00,169.795,170.469,169.785,170.442,20876,2,0
2024-12-04 15:00:00,170.442,170.489,169.991,170.182,36766,2,0
2024-12-04 18:00:00,170.182,170.24,169.886,170.11,19963,2,0
2024-12-04 21:00:00,170.112,170.37,169.985,170.291,17406,2,0
2024-12-05 00:00:00,170.235,170.579,169.903,169.932,9984,2,0
2024-12-05 03:00:00,169.931,170.35,169.881,170.026,14880,2,0
2024-12-05 06:00:00,170.026,170.123,169.429,169.516,15174,2,0
2024-12-05 09:00:00,169.516,169.857,169.421,169.853,21655,2,0
2024-12-05 12:00:00,169.854,170.321,169.773,170.308,18360,2,0
2024-12-05 15:00:00,170.306,171.015,170.3,170.767,34993,2,0
2024-12-05 18:00:00,170.768,170.934,170.55,170.671,18902,2,0
2024-12-05 21:00:00,170.675,170.882,170.57,170.824,12311,2,0
2024-12-06 00:00:00,170.742,171.021,170.484,170.796,10380,2,0
2024-12-06 03:00:00,170.79,170.82,170.447,170.588,14091,2,0
2024-12-06 06:00:00,170.589,170.723,170.385,170.436,10804,2,0
2024-12-06 09:00:00,170.436,171.358,170.376,171.328,18504,2,0
2024-12-06 12:00:00,171.327,171.669,171.269,171.486,16456,2,0
2024-12-06 15:00:00,171.486,172.042,170.569,170.849,43802,2,0
2024-12-06 18:00:00,170.85,170.979,170.54,170.598,19574,2,0
2024-12-06 21:00:00,170.599,170.787,170.57,170.75,9692,2,0
2024-12-09 00:00:00,170.604,170.734,170.359,170.54,11581,2,0
2024-12-09 03:00:00,170.539,170.661,170.383,170.396,13236,2,0
2024-12-09 06:00:00,170.396,170.633,170.26,170.607,11888,2,0
2024-12-09 09:00:00,170.607,171.082,170.606,170.993,21548,2,0
2024-12-09 12:00:00,170.982,171.475,170.982,171.405,14258,2,0
2024-12-09 15:00:00,171.406,172.363,171.399,172.341,25214,2,0
2024-12-09 18:00:00,172.342,172.447,172.196,172.255,14907,2,0
2024-12-09 21:00:00,172.254,172.283,171.978,172.068,9402,2,0
2024-12-10 00:00:00,171.99,172.344,171.906,172.315,9755,2,0
2024-12-10 03:00:00,172.316,172.375,171.98,172.063,15637,2,0
2024-12-10 06:00:00,172.062,172.414,171.979,172.361,14098,2,0
2024-12-10 09:00:00,172.361,172.632,172.036,172.181,21416,2,0
2024-12-10 12:00:00,172.179,172.474,172.17,172.443,16611,2,0
2024-12-10 15:00:00,172.445,172.473,172.169,172.399,25746,2,0
2024-12-10 18:00:00,172.396,172.485,172.16,172.223,16221,2,0
2024-12-10 21:00:00,172.223,172.232,172.005,172.107,9590,2,0
2024-12-11 00:00:00,172.116,172.134,171.854,171.864,7111,2,0
2024-12-11 03:00:00,171.862,171.913,171.503,171.547,12398,2,0
2024-12-11 06:00:00,171.547,171.789,171.455,171.766,8793,2,0
2024-12-11 09:00:00,171.766,172.712,170.872,172.659,30748,2,0
2024-12-11 12:00:00,172.66,172.884,172.466,172.773,20087,2,0
2024-12-11 15:00:00,172.772,172.973,172.096,172.43,38658,2,0
2024-12-11 18:00:00,172.431,172.63,172.279,172.497,19783,2,0
2024-12-11 21:00:00,172.497,172.541,172.405,172.423,10219,2,0
2024-12-12 00:00:00,172.317,172.474,172.193,172.225,8705,2,0
2024-12-12 03:00:00,172.227,172.406,171.974,172.33,12926,2,0
2024-12-12 06:00:00,172.331,172.789,172.139,172.618,13562,2,0
2024-12-12 09:00:00,172.618,173.011,171.477,172.04,25199,2,0
2024-12-12 12:00:00,172.037,172.074,171.309,171.318,17919,2,0
2024-12-12 15:00:00,171.318,171.713,170.845,171.346,42888,2,0
2024-12-12 18:00:00,171.345,171.399,171.18,171.274,22059,2,0
2024-12-12 21:00:00,171.274,171.29,171.009,171.05,12651,2,0
2024-12-13 00:00:00,170.983,171.494,170.896,171.395,11131,2,0
2024-12-13 03:00:00,171.396,171.425,171.028,171.248,14516,2,0
2024-12-13 06:00:00,171.248,171.429,171.059,171.088,9905,2,0
2024-12-13 09:00:00,171.088,171.636,170.999,171.507,20655,2,0
2024-12-13 12:00:00,171.507,171.969,171.488,171.946,17955,2,0
2024-12-13 15:00:00,171.95,172.114,171.716,171.957,23911,2,0
2024-12-13 18:00:00,171.959,172.307,171.873,172.168,14859,2,0
2024-12-13 21:00:00,172.166,172.284,172.056,172.13,8179,2,0
2024-12-16 00:00:00,172.257,172.622,171.682,172.51,12230,2,0
2024-12-16 03:00:00,172.509,172.768,172.45,172.582,13769,2,0
2024-12-16 06:00:00,172.582,172.682,172.441,172.457,10184,2,0
2024-12-16 09:00:00,172.457,172.758,172.135,172.722,21488,2,0
2024-12-16 12:00:00,172.722,172.776,172.262,172.592,14153,2,0
2024-12-16 15:00:00,172.592,172.892,172.352,172.825,24106,2,0
2024-12-16 18:00:00,172.826,172.841,172.32,172.372,15767,2,0
2024-12-16 21:00:00,172.375,172.416,172.222,172.304,9778,2,0
2024-12-17 00:00:00,172.257,172.636,172.198,172.532,9265,2,0
2024-12-17 03:00:00,172.533,172.604,171.998,172.201,12913,2,0
2024-12-17 06:00:00,172.206,172.37,171.998,172.095,12761,2,0
2024-12-17 09:00:00,172.095,172.131,171.364,171.376,20243,2,0
2024-12-17 12:00:00,171.376,171.673,171.367,171.585,15651,2,0
2024-12-17 15:00:00,171.586,171.853,171.386,171.632,30245,2,0
2024-12-17 18:00:00,171.628,171.926,171.625,171.845,19105,2,0
2024-12-17 21:00:00,171.845,172.016,171.805,171.849,9899,2,0
2024-12-18 00:00:00,171.737,172.354,171.69,172.246,8491,2,0
2024-12-18 03:00:00,172.247,172.276,172.022,172.082,10441,2,0
2024-12-18 06:00:00,172.081,172.093,171.823,172.011,10716,2,0
2024-12-18 09:00:00,172.011,172.06,171.766,171.892,16923,2,0
2024-12-18 12:00:00,171.892,172.008,171.789,172.003,13574,2,0
2024-12-18 15:00:00,172.004,172.533,171.996,172.486,22654,2,0
2024-12-18 18:00:00,172.488,172.557,172.236,172.301,15923,2,0
2024-12-18 21:00:00,172.304,172.507,171.369,171.808,41514,0,0
2024-12-19 00:00:00,171.662,171.986,171.264,171.95,15457,2,0
2024-12-19 03:00:00,171.95,172.518,171.671,172.477,20213,2,0
2024-12-19 06:00:00,172.476,173.652,172.304,173.574,19386,2,0
2024-12-19 09:00:00,173.574,175.342,173.574,175.225,36592,2,0
2024-12-19 12:00:00,175.224,175.333,174.816,175.11,24629,2,0
2024-12-19 15:00:00,175.111,175.652,174.673,175.646,39196,2,0
2024-12-19 18:00:00,175.643,175.82,175.253,175.382,26062,2,0
2024-12-19 21:00:00,175.379,175.411,175.086,175.096,15010,2,0
2024-12-20 00:00:00,174.968,175.733,174.919,175.595,15033,2,0
2024-12-20 03:00:00,175.595,175.625,174.7,174.858,22209,2,0
2024-12-20 06:00:00,174.857,175.167,174.645,174.913,18673,2,0
2024-12-20 09:00:00,174.913,175.367,174.677,175.044,26268,2,0
2024-12-20 12:00:00,175.044,175.467,175.033,175.17,18238,2,0
2024-12-20 15:00:00,175.171,175.266,174.835,174.948,38938,2,0
2024-12-20 18:00:00,174.946,175.042,174.796,174.985,26283,2,0
2024-12-20 21:00:00,174.985,175.173,174.915,175.145,13993,2,0
2024-12-23 00:00:00,174.962,175.412,174.962,175.314,13782,2,0
2024-12-23 03:00:00,175.315,175.342,175.051,175.221,12465,2,0
2024-12-23 06:00:00,175.22,175.344,175.154,175.261,9177,2,0
2024-12-23 09:00:00,175.261,175.441,174.843,174.958,16168,2,0
2024-12-23 12:00:00,174.958,175.096,174.736,174.937,14986,2,0
2024-12-23 15:00:00,174.934,175.226,174.56,174.564,22382,2,0
2024-12-23 18:00:00,174.566,174.873,174.561,174.838,15496,3,0
2024-12-23 21:00:00,174.836,174.89,174.727,174.864,9904,3,0
2024-12-24 00:00:00,174.762,174.998,174.586,174.893,7791,4,0
2024-12-24 03:00:00,174.891,174.932,174.507,174.53,9355,4,0
2024-12-24 06:00:00,174.53,174.72,174.425,174.65,10247,4,0
2024-12-24 09:00:00,174.65,174.65,174.234,174.305,10623,4,0
2024-12-24 12:00:00,174.306,174.542,174.287,174.429,8808,4,0
2024-12-24 15:00:00,174.428,174.732,174.382,174.556,15971,5,0
2024-12-24 18:00:00,174.557,174.61,174.392,174.503,11880,7,0
2024-12-24 21:00:00,174.506,174.719,174.205,174.392,5115,59,0
2024-12-26 00:00:00,174.686,174.892,174.599,174.844,9556,2,0
2024-12-26 03:00:00,174.841,175.019,174.756,174.936,8155,2,0
2024-12-26 06:00:00,174.936,174.974,174.825,174.891,7658,2,0
2024-12-26 09:00:00,174.891,175.012,174.761,174.988,12347,2,0
2024-12-26 12:00:00,174.989,175.118,174.975,175.107,10603,2,0
2024-12-26 15:00:00,175.109,175.536,175.03,175.534,16513,2,0
2024-12-26 18:00:00,175.534,175.811,175.495,175.671,16448,2,0
2024-12-26 21:00:00,175.672,175.833,175.616,175.817,9209,2,0
2024-12-27 00:00:00,175.708,175.808,175.484,175.714,8367,11,0
2024-12-27 03:00:00,175.714,175.745,175.284,175.446,10491,8,0
2024-12-27 06:00:00,175.449,175.545,175.303,175.506,8456,8,0
2024-12-27 09:00:00,175.506,175.601,175.21,175.596,13694,8,0
2024-12-27 12:00:00,175.596,175.606,175.202,175.361,12495,8,0
2024-12-27 15:00:00,175.361,175.43,174.889,174.96,21236,8,0
2024-12-27 18:00:00,174.961,175.126,174.773,175.108,17058,8,0
2024-12-27 21:00:00,175.108,175.287,175.012,175.047,8330,8,0
2024-12-30 00:00:00,174.986,175.275,174.794,175.224,6895,7,0
2024-12-30 03:00:00,175.226,175.252,174.999,175.08,5440,7,0
2024-12-30 06:00:00,175.08,175.408,175.034,175.153,7064,7,0
2024-12-30 09:00:00,175.153,175.207,174.779,175.123,13563,4,0
2024-12-30 12:00:00,175.12,175.231,174.445,174.497,14437,4,0
2024-12-30 15:00:00,174.496,174.584,173.043,173.447,32481,4,0
2024-12-30 18:00:00,173.45,173.773,173.25,173.735,18364,4,0
2024-12-30 21:00:00,173.735,173.857,173.551,173.635,10631,4,0
2024-12-31 00:00:00,173.37,173.86,173.174,173.522,5900,3,0
2024-12-31 03:00:00,173.527,173.583,173.223,173.296,11090,4,0
2024-12-31 06:00:00,173.295,173.302,172.924,173.005,8009,3,0
2024-12-31 09:00:00,173.005,173.357,172.747,173.326,14708,3,0
2024-12-31 12:00:00,173.325,173.565,172.954,173.251,17168,3,0
2024-12-31 15:00:00,173.247,173.559,173.201,173.431,27634,3,0
2024-12-31 18:00:00,173.431,173.619,173.283,173.301,20016,4,0
2024-12-31 21:00:00,173.301,173.453,173.193,173.198,7643,4,0
2025-01-02 00:00:00,173.24,173.815,173.22,173.619,11517,2,0
2025-01-02 03:00:00,173.619,173.882,173.581,173.729,10871,2,0
2025-01-02 06:00:00,173.729,173.744,173.148,173.164,9504,2,0
2025-01-02 09:00:00,173.164,173.512,172.841,173.308,20209,2,0
2025-01-02 12:00:00,173.312,173.539,172.967,172.976,19138,2,0
2025-01-02 15:00:00,172.976,173.016,172.422,172.564,33775,2,0
2025-01-02 18:00:00,172.564,172.956,172.424,172.656,25681,2,0
2025-01-02 21:00:00,172.655,172.732,172.565,172.673,9937,2,0
2025-01-03 00:00:00,172.612,172.708,172.426,172.464,7373,2,0
2025-01-03 03:00:00,172.463,172.689,172.362,172.482,9581,2,0
2025-01-03 06:00:00,172.481,172.621,172.418,172.559,8543,2,0
2025-01-03 09:00:00,172.559,173.01,172.452,172.961,18824,2,0
2025-01-03 12:00:00,172.96,173.037,172.747,172.865,14301,2,0
2025-01-03 15:00:00,172.868,173.132,172.745,172.842,22221,2,0
2025-01-03 18:00:00,172.842,173.018,172.613,172.803,12830,2,0
2025-01-03 21:00:00,172.8,173.172,172.785,173.139,6101,2,0
2025-01-06 00:00:00,172.584,173.353,172.584,173.21,11427,2,0
2025-01-06 03:00:00,173.208,173.468,173.148,173.427,12844,2,0
2025-01-06 06:00:00,173.428,173.562,173.27,173.294,8936,2,0
2025-01-06 09:00:00,173.294,174.182,173.245,174.099,18178,2,0
2025-01-06 12:00:00,174.1,174.5,173.654,173.85,30606,2,0
2025-01-06 15:00:00,173.857,174.202,173.219,174.077,39443,2,0
2025-01-06 18:00:00,174.076,174.256,174.03,174.091,17614,2,0
2025-01-06 21:00:00,174.09,174.296,174.061,174.253,9610,2,0
2025-01-07 00:00:00,174.117,174.723,173.936,174.625,11374,2,0
2025-01-07 03:00:00,174.625,174.913,174.56,174.764,14279,2,0
2025-01-07 06:00:00,174.763,174.873,174.471,174.532,11880,2,0
2025-01-07 09:00:00,174.532,174.706,174.02,174.323,25610,2,0
2025-01-07 12:00:00,174.322,174.371,173.826,173.844,18004,2,0
2025-01-07 15:00:00,173.845,174.273,173.716,173.973,29663,2,0
2025-01-07 18:00:00,173.975,174.035,173.598,173.661,25454,2,0
2025-01-07 21:00:00,173.662,173.771,173.551,173.729,10569,2,0
2025-01-08 00:00:00,173.716,173.996,173.601,173.926,10592,2,0
2025-01-08 03:00:00,173.926,173.977,173.736,173.965,10491,2,0
2025-01-08 06:00:00,173.964,174.075,173.751,173.864,9630,2,0
2025-01-08 09:00:00,173.864,173.864,173.397,173.447,20106,2,0
2025-01-08 12:00:00,173.448,173.842,173.385,173.777,22652,2,0
2025-01-08 15:00:00,173.777,173.93,173.525,173.801,32341,2,0
2025-01-08 18:00:00,173.8,173.876,173.713,173.809,20200,2,0
2025-01-08 21:00:00,173.82,173.907,173.738,173.743,11937,2,0
2025-01-09 00:00:00,173.687,173.833,173.544,173.79,8501,2,0
2025-01-09 03:00:00,173.788,173.806,173.47,173.481,10535,2,0
2025-01-09 06:00:00,173.48,173.742,173.127,173.495,13565,2,0
2025-01-09 09:00:00,173.495,173.553,173.301,173.442,18559,2,0
2025-01-09 12:00:00,173.442,173.469,172.899,172.977,15297,2,0
2025-01-09 15:00:00,172.971,173.236,172.884,173.201,17998,2,0
2025-01-09 18:00:00,173.2,173.295,173.097,173.285,11577,2,0
2025-01-09 21:00:00,173.286,173.394,173.253,173.325,5026,2,0
2025-01-10 00:00:00,173.276,173.474,173.207,173.239,8952,2,0
2025-01-10 03:00:00,173.24,173.577,173.211,173.503,10622,2,0
2025-01-10 06:00:00,173.504,173.609,173.422,173.432,9080,2,0
2025-01-10 09:00:00,173.432,173.669,172.716,172.92,20952,2,0
2025-01-10 12:00:00,172.92,173.071,172.787,172.915,15663,2,0
2025-01-10 15:00:00,172.914,173.188,171.869,171.963,48510,2,0
2025-01-10 18:00:00,171.966,172.197,171.744,172.165,22895,2,0
2025-01-10 21:00:00,172.166,172.217,172.039,172.074,10085,2,0
2025-01-13 00:00:00,172.029,172.246,171.9,172.066,9014,2,0
2025-01-13 03:00:00,172.067,172.165,171.548,171.589,13156,2,0
2025-01-13 06:00:00,171.591,171.879,171.467,171.796,11812,2,0
2025-01-13 09:00:00,171.796,172.063,171.237,171.327,26709,2,0
2025-01-13 12:00:00,171.327,171.817,171.199,171.467,19268,2,0
2025-01-13 15:00:00,171.468,171.563,171.209,171.308,28080,2,0
2025-01-13 18:00:00,171.308,171.565,171.221,171.502,16168,2,0
2025-01-13 21:00:00,171.504,171.763,171.489,171.685,10120,2,0
2025-01-14 00:00:00,171.656,171.941,171.524,171.887,12414,2,0
2025-01-14 03:00:00,171.878,172.349,171.432,171.996,16693,2,0
2025-01-14 06:00:00,171.994,172.151,171.822,172.019,11217,2,0
2025-01-14 09:00:00,172.019,172.541,171.874,172.425,24060,2,0
2025-01-14 12:00:00,172.424,172.514,172.147,172.164,14528,2,0
2025-01-14 15:00:00,172.165,172.792,171.982,172.744,35308,2,0
2025-01-14 18:00:00,172.74,173.106,172.611,173.06,18607,2,0
2025-01-14 21:00:00,173.061,173.18,172.996,173.158,9124,2,0
2025-01-15 00:00:00,173.125,173.215,172.986,173.102,6590,2,0
2025-01-15 03:00:00,173.118,173.226,172.961,173.061,8929,2,0
2025-01-15 06:00:00,173.06,173.072,172.324,172.492,13700,2,0
2025-01-15 09:00:00,172.492,172.492,171.889,172.041,23258,2,0
2025-01-15 12:00:00,172.043,172.204,171.88,172.121,14747,2,0
2025-01-15 15:00:00,172.122,172.299,171.395,171.423,40529,2,0
2025-01-15 18:00:00,171.417,171.583,171.339,171.412,19663,2,0
2025-01-15 21:00:00,171.412,171.538,171.369,171.407,8831,2,0
2025-01-16 00:00:00,171.383,171.541,171.147,171.268,8937,2,0
2025-01-16 03:00:00,171.267,171.267,170.266,170.742,20705,2,0
2025-01-16 06:00:00,170.743,171.253,170.607,171.126,11527,2,0
2025-01-16 09:00:00,171.126,171.319,170.762,170.87,18425,2,0
2025-01-16 12:00:00,170.871,171.112,170.737,171.063,14695,2,0
2025-01-16 15:00:00,171.057,171.189,170.398,170.456,34641,2,0
2025-01-16 18:00:00,170.455,170.699,170.329,170.526,23625,2,0
2025-01-16 21:00:00,170.526,170.559,170.283,170.307,8939,2,0
2025-01-17 00:00:00,170.292,170.618,170.126,170.467,9578,2,0
2025-01-17 03:00:00,170.464,170.683,170.394,170.644,11620,2,0
2025-01-17 06:00:00,170.646,170.742,170.484,170.661,9488,2,0
2025-01-17 09:00:00,170.661,171.149,170.452,170.914,18639,2,0
2025-01-17 12:00:00,170.915,170.96,170.6,170.648,14588,2,0
2025-01-17 15:00:00,170.649,171.044,170.313,170.854,30532,2,0
2025-01-17 18:00:00,170.85,171.015,170.705,170.735,16223,2,0
2025-01-17 21:00:00,170.737,170.831,170.601,170.817,7639,2,0
2025-01-20 00:00:00,170.89,171.095,170.622,170.627,9413,2,0
2025-01-20 03:00:00,170.628,170.774,170.511,170.633,11183,2,0
2025-01-20 06:00:00,170.634,171.153,170.593,171.117,8534,2,0
2025-01-20 09:00:00,171.117,171.199,170.925,171.021,15123,2,0
2025-01-20 12:00:00,171.021,171.286,171.02,171.167,12131,2,0
2025-01-20 15:00:00,171.169,171.666,170.934,171.418,38290,2,0
2025-01-20 18:00:00,171.418,171.639,171.322,171.575,19376,2,0
2025-01-20 21:00:00,171.577,171.728,171.506,171.637,14573,2,0
2025-01-21 00:00:00,171.544,171.817,171.099,171.655,18804,2,0
2025-01-21 03:00:00,171.655,171.833,170.735,171.066,29882,2,0
2025-01-21 06:00:00,171.067,171.205,170.908,171.147,13088,2,0
2025-01-21 09:00:00,171.147,171.439,171.091,171.208,21455,2,0
2025-01-21 12:00:00,171.205,171.277,171.024,171.157,17323,2,0
2025-01-21 15:00:00,171.158,171.339,170.936,171.144,30783,2,0
2025-01-21 18:00:00,171.145,171.598,171.11,171.572,17711,2,0
2025-01-21 21:00:00,171.573,171.726,171.532,171.609,8581,2,0
2025-01-22 00:00:00,171.538,171.846,171.42,171.598,14795,2,0
2025-01-22 03:00:00,171.6,171.959,171.557,171.94,12929,2,0
2025-01-22 06:00:00,171.942,171.943,171.731,171.875,11052,2,0
2025-01-22 09:00:00,171.875,172.193,171.806,172.138,21264,2,0
2025-01-22 12:00:00,172.139,172.425,172.104,172.187,15200,2,0
2025-01-22 15:00:00,172.188,172.485,171.906,172.478,25244,2,0
2025-01-22 18:00:00,172.479,172.799,172.43,172.763,15627,2,0
2025-01-22 21:00:00,172.762,172.789,172.626,172.633,8009,2,0
2025-01-23 00:00:00,172.544,172.677,172.448,172.631,7549,2,0
2025-01-23 03:00:00,172.631,172.742,172.517,172.676,12916,2,0
2025-01-23 06:00:00,172.678,172.915,172.654,172.72,18902,2,0
2025-01-23 09:00:00,172.72,172.739,172.329,172.368,20021,2,0
2025-01-23 12:00:00,172.37,172.583,172.214,172.324,14623,2,0
2025-01-23 15:00:00,172.324,172.344,171.754,171.766,25648,4,0
2025-01-23 18:00:00,171.768,172.083,171.653,172.014,23322,4,0
2025-01-23 21:00:00,172.014,172.048,171.765,171.981,9581,4,0
2025-01-24 00:00:00,171.918,172.213,171.827,172.187,8877,4,0
2025-01-24 03:00:00,172.186,172.662,171.668,171.763,21307,4,0
2025-01-24 06:00:00,171.763,172.113,171.217,171.671,23210,4,0
2025-01-24 09:00:00,171.671,172.134,171.335,172.061,31101,4,0
2025-01-24 12:00:00,172.061,172.547,172.031,172.524,19464,4,0
2025-01-24 15:00:00,172.524,172.693,172.026,172.148,28777,4,0
2025-01-24 18:00:00,172.148,172.275,171.984,172.161,15337,4,0
2025-01-24 21:00:00,172.161,172.185,171.961,172.148,7174,4,0
2025-01-27 00:00:00,171.668,171.912,171.46,171.618,12057,4,0
2025-01-27 03:00:00,171.618,171.864,171.414,171.834,14769,4,0
2025-01-27 06:00:00,171.834,172.277,171.826,171.993,11314,4,0
2025-01-27 09:00:00,171.993,172.007,171.358,171.491,29818,4,0
2025-01-27 12:00:00,171.489,171.803,171.094,171.521,34991,4,0
2025-01-27 15:00:00,171.521,171.839,171.293,171.371,34172,4,0
2025-01-27 18:00:00,171.369,171.444,171.134,171.256,22359,4,0
2025-01-27 21:00:00,171.256,171.572,171.237,171.283,12302,4,0
2025-01-28 00:00:00,171.228,171.562,171.156,171.511,18904,4,0
2025-01-28 03:00:00,171.511,172.083,171.504,172.004,19563,4,0
2025-01-28 06:00:00,172.004,172.181,171.84,172.061,12405,4,0
2025-01-28 09:00:00,172.061,172.107,171.468,171.614,23241,4,0
2025-01-28 12:00:00,171.614,171.69,171.285,171.399,14281,4,0
2025-01-28 15:00:00,171.399,172.061,171.384,171.901,24986,4,0
2025-01-28 18:00:00,171.902,172.098,171.873,172.054,15296,4,0
2025-01-28 21:00:00,172.054,172.1,171.957,172.004,9426,4,0
2025-01-29 00:00:00,171.95,172.147,171.855,172.14,6458,4,0
2025-01-29 03:00:00,172.14,172.315,171.927,172.03,10270,2,0
2025-01-29 06:00:00,172.03,172.044,171.582,171.699,10876,4,0
2025-01-29 09:00:00,171.699,171.802,171.263,171.394,19476,4,0
2025-01-29 12:00:00,171.394,171.557,171.329,171.372,15149,4,0
2025-01-29 15:00:00,171.372,171.375,170.973,171.0,24160,4,0
2025-01-29 18:00:00,171.0,171.115,170.935,171.069,18065,4,0
2025-01-29 21:00:00,171.069,171.251,170.891,171.182,28400,4,0
2025-01-30 00:00:00,171.056,171.244,170.708,170.754,14844,4,0
2025-01-30 03:00:00,170.754,170.757,170.237,170.465,17913,2,0
2025-01-30 06:00:00,170.465,170.614,170.257,170.323,10977,4,0
2025-01-30 09:00:00,170.323,170.582,170.054,170.165,19471,4,0
2025-01-30 12:00:00,170.164,170.284,169.795,169.837,16244,4,0
2025-01-30 15:00:00,169.837,170.02,169.585,169.887,34788,4,0
2025-01-30 18:00:00,169.884,170.08,169.734,169.869,17432,4,0
2025-01-30 21:00:00,169.869,169.871,169.418,169.569,17298,4,0
2025-01-31 00:00:00,169.569,169.768,169.364,169.52,13440,4,0
2025-01-31 03:00:00,169.52,169.635,169.173,169.577,15836,4,0
2025-01-31 06:00:00,169.577,170.151,169.546,169.918,14198,4,0
2025-01-31 09:00:00,169.918,170.187,169.501,169.885,21549,4,0
2025-01-31 12:00:00,169.885,170.183,169.718,170.156,13677,4,0
2025-01-31 15:00:00,170.156,170.612,169.845,170.485,29377,4,0
2025-01-31 18:00:00,170.485,170.633,170.279,170.344,29175,4,0
2025-01-31 21:00:00,170.342,170.479,170.121,170.268,19431,4,0
2025-02-03 00:00:00,168.963,170.016,168.912,169.938,29210,4,0
2025-02-03 03:00:00,169.938,170.218,169.638,169.746,24602,4,0
2025-02-03 06:00:00,169.746,169.969,169.54,169.641,18696,4,0
2025-02-03 09:00:00,169.641,169.728,168.934,168.961,29058,4,0
2025-02-03 12:00:00,168.965,169.226,168.658,168.993,24639,4,0
2025-02-03 15:00:00,168.993,169.886,168.564,169.727,43488,4,0
2025-02-03 18:00:00,169.727,169.812,169.078,169.599,32338,4,0
2025-02-03 21:00:00,169.599,170.103,169.505,169.978,16890,4,0
2025-02-04 00:00:00,169.953,170.418,169.73,170.29,14524,4,0
2025-02-04 03:00:00,170.29,170.309,170.05,170.249,14298,4,0
2025-02-04 06:00:00,170.249,170.272,169.685,170.161,18846,4,0
2025-02-04 09:00:00,170.161,170.817,170.116,170.765,22831,4,0
2025-02-04 12:00:00,170.765,170.953,170.677,170.706,15824,4,0
2025-02-04 15:00:00,170.706,171.056,170.501,170.753,28898,4,0
2025-02-04 18:00:00,170.754,170.775,170.293,170.473,21293,4,0
2025-02-04 21:00:00,170.473,170.567,170.42,170.517,10852,4,0
2025-02-05 00:00:00,170.453,170.644,169.959,169.98,12674,4,0
2025-02-05 03:00:00,169.98,169.983,169.233,169.323,22285,4,0
2025-02-05 06:00:00,169.323,169.586,169.21,169.303,15403,4,0
2025-02-05 09:00:00,169.303,169.705,169.238,169.345,24719,4,0
2025-02-05 12:00:00,169.345,169.58,169.159,169.555,17454,4,0
2025-02-05 15:00:00,169.555,169.779,168.831,168.944,36537,4,0
2025-02-05 18:00:00,168.944,169.239,168.921,169.162,19395,4,0
2025-02-05 21:00:00,169.161,169.491,169.155,169.19,11560,4,0
2025-02-06 00:00:00,169.201,169.436,168.935,168.965,9579,4,0
2025-02-06 03:00:00,168.964,169.035,168.496,168.698,16653,4,0
2025-02-06 06:00:00,168.698,168.972,168.572,168.947,11268,4,0
2025-02-06 09:00:00,168.946,169.048,168.616,168.625,21498,4,0
2025-02-06 12:00:00,168.625,168.628,168.202,168.278,20630,4,0
2025-02-06 15:00:00,168.278,168.378,167.518,167.586,30656,4,0
2025-02-06 18:00:00,167.589,167.927,167.3,167.307,20736,4,0
2025-02-06 21:00:00,167.307,167.491,167.164,167.34,11451,4,0
2025-02-07 00:00:00,167.227,167.384,166.774,166.995,11343,4,0
2025-02-07 03:00:00,166.994,167.544,166.994,167.279,15368,4,0
2025-02-07 06:00:00,167.279,167.501,167.233,167.47,10369,4,0
2025-02-07 09:00:00,167.47,167.678,167.407,167.6,17755,4,0
2025-02-07 12:00:00,167.599,167.88,167.55,167.556,14476,4,0
2025-02-07 15:00:00,167.556,167.707,166.346,166.516,42702,4,0
2025-02-07 18:00:00,166.516,166.862,165.876,166.432,34196,4,0
2025-02-07 21:00:00,166.432,166.685,166.329,166.401,13762,4,0
2025-02-10 00:00:00,166.006,166.764,165.964,166.718,13686,5,0
2025-02-10 03:00:00,166.718,166.933,166.659,166.715,14794,4,0
2025-02-10 06:00:00,166.715,166.919,166.603,166.752,10424,4,0
2025-02-10 09:00:00,166.752,167.581,166.732,167.223,20900,4,0
2025-02-10 12:00:00,167.223,167.361,166.972,166.983,15656,4,0
2025-02-10 15:00:00,166.985,167.032,166.518,166.563,22523,4,0
2025-02-10 18:00:00,166.563,166.847,166.515,166.818,14189,4,0
2025-02-10 21:00:00,166.818,166.879,166.7,166.777,9879,4,0
2025-02-11 00:00:00,166.786,166.812,166.44,166.583,8023,4,0
2025-02-11 03:00:00,166.583,166.819,166.57,166.717,10329,4,0
2025-02-11 06:00:00,166.717,166.788,166.569,166.664,6606,4,0
2025-02-11 09:00:00,166.666,166.78,166.416,166.643,18077,4,0
2025-02-11 12:00:00,166.643,166.952,166.639,166.851,15196,4,0
2025-02-11 15:00:00,166.851,167.059,166.635,166.972,25769,4,0
2025-02-11 18:00:00,166.973,167.037,166.765,166.816,15669,4,0
2025-02-11 21:00:00,166.816,167.11,166.803,166.96,12804,4,0
2025-02-12 00:00:00,166.948,167.797,166.804,167.741,10551,4,0
2025-02-12 03:00:00,167.741,168.258,167.629,168.204,16494,4,0
2025-02-12 06:00:00,168.204,168.357,168.124,168.233,13510,4,0
2025-02-12 09:00:00,168.234,168.676,168.123,168.602,20310,4,0
2025-02-12 12:00:00,168.602,168.675,168.329,168.447,14979,4,0
2025-02-12 15:00:00,168.447,169.266,168.058,169.09,38344,4,0
2025-02-12 18:00:00,169.09,169.474,169.034,169.053,25239,4,0
2025-02-12 21:00:00,169.053,169.126,168.936,169.0,10916,4,0
2025-02-13 00:00:00,169.002,169.113,168.746,169.097,9661,4,0
2025-02-13 03:00:00,169.097,169.225,168.894,169.123,16058,4,0
2025-02-13 06:00:00,169.123,169.45,168.925,169.06,16233,4,0
2025-02-13 09:00:00,169.06,169.754,168.979,169.599,23809,4,0
2025-02-13 12:00:00,169.597,169.72,169.321,169.557,18587,4,0
2025-02-13 15:00:00,169.557,169.635,168.877,169.18,34280,4,0
2025-02-13 18:00:00,169.181,169.456,169.072,169.362,23972,4,0
2025-02-13 21:00:00,169.362,169.383,169.055,169.185,13714,4,0
2025-02-14 00:00:00,169.191,169.523,168.83,169.094,13918,4,0
2025-02-14 03:00:00,169.094,169.271,168.86,169.064,13188,4,0
2025-02-14 06:00:00,169.064,169.116,168.646,168.703,10486,4,0
2025-02-14 09:00:00,168.703,169.486,168.64,169.112,23137,4,0
2025-02-14 12:00:00,169.112,169.487,169.012,169.473,14845,4,0
2025-02-14 15:00:00,169.473,169.657,169.142,169.431,30022,4,0
2025-02-14 18:00:00,169.434,169.609,169.28,169.556,14626,4,0
2025-02-14 21:00:00,169.556,169.576,169.248,169.276,9236,4,0
2025-02-17 00:00:00,169.63,169.65,168.666,168.747,15453,4,0
2025-02-17 03:00:00,168.747,168.941,168.366,168.399,16639,4,0
2025-02-17 06:00:00,168.399,168.691,168.252,168.551,16284,4,0
2025-02-17 09:00:00,168.551,168.809,168.387,168.598,18701,4,0
2025-02-17 12:00:00,168.605,168.631,167.935,168.063,14284,4,0
2025-02-17 15:00:00,168.063,168.204,167.936,167.991,11907,4,0
2025-02-17 18:00:00,167.991,168.172,167.975,168.045,6059,4,0
2025-02-17 21:00:00,168.045,168.206,168.013,168.183,6445,4,0
2025-02-18 00:00:00,168.18,168.34,167.897,168.274,10101,4,0
2025-02-18 03:00:00,168.274,168.571,168.166,168.55,16021,4,0
2025-02-18 06:00:00,168.551,168.613,168.241,168.339,14180,4,0
2025-02-18 09:00:00,168.339,168.857,168.315,168.633,18418,4,0
2025-02-18 12:00:00,168.633,168.642,168.256,168.294,15213,4,0
2025-02-18 15:00:00,168.294,168.416,168.025,168.204,23250,4,0
2025-02-18 18:00:00,168.204,168.319,168.096,168.159,16090,4,0
2025-02-18 21:00:00,168.159,168.369,168.1,168.317,11303,4,0
2025-02-19 00:00:00,168.309,168.371,168.008,168.175,11390,4,0
2025-02-19 03:00:00,168.172,168.496,167.905,168.145,18613,4,0
2025-02-19 06:00:00,168.145,168.188,167.931,167.954,14402,4,0
2025-02-19 09:00:00,167.954,167.991,167.587,167.668,22821,4,0
2025-02-19 12:00:00,167.669,168.096,167.658,167.946,19889,4,0
2025-02-19 15:00:00,167.947,168.047,167.467,167.552,28107,4,0
2025-02-19 18:00:00,167.552,167.814,167.447,167.721,16149,4,0
2025-02-19 21:00:00,167.723,167.777,167.423,167.429,11947,4,0
2025-02-20 00:00:00,167.427,167.442,166.957,167.108,14390,4,0
2025-02-20 03:00:00,167.108,167.125,166.586,166.61,22702,4,0
2025-02-20 06:00:00,166.61,166.656,166.219,166.252,17094,4,0
2025-02-20 09:00:00,166.252,166.715,166.148,166.644,21345,4,0
2025-02-20 12:00:00,166.644,166.654,166.227,166.264,18529,4,0
2025-02-20 15:00:00,166.264,166.514,166.006,166.196,35697,4,0
2025-02-20 18:00:00,166.193,166.688,166.157,166.672,20463,4,0
2025-02-20 21:00:00,166.673,166.885,166.619,166.643,10511,4,0
2025-02-21 00:00:00,166.635,166.844,166.289,166.753,16566,4,0
2025-02-21 03:00:00,166.753,167.715,166.723,167.377,18225,4,0
2025-02-21 06:00:00,167.377,167.444,167.202,167.397,12788,4,0
2025-02-21 09:00:00,167.397,167.755,167.273,167.406,29694,4,0
2025-02-21 12:00:00,167.406,167.475,167.165,167.223,12880,4,0
2025-02-21 15:00:00,167.223,167.306,166.172,166.254,33581,4,0
2025-02-21 18:00:00,166.255,166.409,166.081,166.109,26028,4,0
2025-02-21 21:00:00,166.109,166.349,165.978,166.23,18485,4,0
2025-02-24 00:00:00,166.13,166.371,165.902,166.107,19952,4,0
2025-02-24 03:00:00,166.107,166.842,166.035,166.547,25339,4,0
2025-02-24 06:00:00,166.547,166.782,166.496,166.676,18963,4,0
2025-02-24 09:00:00,166.676,166.806,166.25,166.333,26786,4,0
2025-02-24 12:00:00,166.331,166.598,166.283,166.551,16965,4,0
2025-02-24 15:00:00,166.552,166.743,166.22,166.459,37854,4,0
2025-02-24 18:00:00,166.457,166.908,166.453,166.896,26705,4,0
2025-02-24 21:00:00,166.896,167.125,166.835,166.866,16108,4,0
2025-02-25 00:00:00,166.86,167.32,166.642,167.291,13321,4,0
2025-02-25 03:00:00,167.291,167.456,166.773,166.823,18390,4,0
2025-02-25 06:00:00,166.823,167.05,166.626,166.929,17533,4,0
2025-02-25 09:00:00,166.929,166.998,166.37,166.911,33957,4,0
2025-02-25 12:00:00,166.909,167.466,166.88,167.433,26571,4,0
2025-02-25 15:00:00,167.433,167.582,166.667,166.843,41124,4,0
2025-02-25 18:00:00,166.84,167.241,166.714,167.075,32288,4,0
2025-02-25 21:00:00,167.075,167.085,166.834,166.877,20165,4,0
2025-02-26 00:00:00,166.855,167.069,166.669,166.955,13009,4,0
2025-02-26 03:00:00,166.955,167.382,166.765,167.19,20479,4,0
2025-02-26 06:00:00,167.19,167.305,166.994,167.111,17480,4,0
2025-02-26 09:00:00,167.11,167.238,166.761,166.944,28028,4,0
2025-02-26 12:00:00,166.942,167.064,166.767,166.911,24597,4,0
2025-02-26 15:00:00,166.911,167.412,166.808,167.276,38015,4,0
2025-02-26 18:00:00,167.275,167.309,166.545,166.632,33328,4,0
2025-02-26 21:00:00,166.632,166.787,166.479,166.626,19340,4,0
2025-02-27 00:00:00,166.594,166.696,166.31,166.632,13347,4,0
2025-02-27 03:00:00,166.633,166.885,166.427,166.429,16583,3,0
2025-02-27 06:00:00,166.429,166.624,166.2,166.549,19205,4,0
2025-02-27 09:00:00,166.549,167.09,166.315,166.944,27679,4,0
2025-02-27 12:00:00,166.944,167.017,166.505,166.69,22725,4,0
2025-02-27 15:00:00,166.69,166.971,166.279,166.75,50729,4,0
2025-02-27 18:00:00,166.75,166.97,166.641,166.915,31173,4,0
2025-02-27 21:00:00,166.915,166.926,166.396,166.483,20877,4,0
2025-02-28 00:00:00,166.484,166.819,166.195,166.238,15764,4,0
2025-02-28 03:00:00,166.238,166.441,165.861,166.41,22169,4,0
2025-02-28 06:00:00,166.41,166.809,166.334,166.761,16436,4,0
2025-02-28 09:00:00,166.761,167.194,166.444,166.595,27685,3,0
2025-02-28 12:00:00,166.595,167.127,166.492,167.088,17077,3,0
2025-02-28 15:00:00,167.087,167.315,166.618,166.992,44688,3,0
2025-02-28 18:00:00,167.0,167.063,166.439,166.448,39654,4,0
2025-02-28 21:00:00,166.448,166.779,166.41,166.717,21531,4,0
2025-03-03 00:00:00,166.894,167.324,166.722,166.853,18202,4,0
2025-03-03 03:00:00,166.853,167.024,166.605,166.844,21968,4,0
2025-03-03 06:00:00,166.844,166.928,166.587,166.75,16117,4,0
2025-03-03 09:00:00,166.75,166.907,166.395,166.895,26810,4,0
2025-03-03 12:00:00,166.895,167.984,166.895,167.91,29723,4,0
2025-03-03 15:00:00,167.91,168.001,167.179,167.231,39285,4,0
2025-03-03 18:00:00,167.231,167.537,167.231,167.378,33291,4,0
2025-03-03 21:00:00,167.378,167.509,166.313,166.689,31618,4,0
2025-03-04 00:00:00,166.69,166.806,166.172,166.41,18869,4,0
2025-03-04 03:00:00,166.41,166.68,166.087,166.363,28937,4,0
2025-03-04 06:00:00,166.363,166.975,166.185,166.963,26061,4,0
2025-03-04 09:00:00,166.963,167.346,166.555,167.191,39173,4,0
2025-03-04 12:00:00,167.191,167.191,166.56,167.015,36501,4,0
2025-03-04 15:00:00,167.017,167.149,166.447,166.618,52013,4,0
2025-03-04 18:00:00,166.616,167.798,166.572,167.753,45693,4,0
2025-03-04 21:00:00,167.752,168.48,167.716,168.398,36086,4,0
2025-03-05 00:00:00,168.264,168.562,168.012,168.423,17365,4,0
2025-03-05 03:00:00,168.423,168.606,168.032,168.346,29235,4,0
2025-03-05 06:00:00,168.346,168.427,168.08,168.361,19562,4,0
2025-03-05 09:00:00,168.362,168.656,168.1,168.637,36277,4,0
2025-03-05 12:00:00,168.637,168.717,167.919,168.06,29991,4,0
2025-03-05 15:00:00,168.062,168.289,167.016,167.604,56629,4,0
2025-03-05 18:00:00,167.602,167.602,166.828,167.252,46778,4,0
2025-03-05 21:00:00,167.252,167.356,166.995,167.104,23663,4,0
2025-03-06 00:00:00,166.999,167.618,166.89,167.454,12644,4,0
2025-03-06 03:00:00,167.454,167.554,167.124,167.232,20337,4,0
2025-03-06 06:00:00,167.232,167.501,167.008,167.162,20183,4,0
2025-03-06 09:00:00,167.162,167.162,166.521,166.902,44651,4,0
2025-03-06 12:00:00,166.902,167.05,166.401,166.455,30067,4,0
2025-03-06 15:00:00,166.455,167.351,166.31,167.306,58691,4,0
2025-03-06 18:00:00,167.307,167.668,167.125,167.265,48373,4,0
2025-03-06 21:00:00,167.265,167.489,167.112,167.406,27259,4,0
2025-03-07 00:00:00,167.268,167.716,167.022,167.668,14963,4,0
2025-03-07 03:00:00,167.668,167.843,167.177,167.308,21398,4,0
2025-03-07 06:00:00,167.308,167.465,167.142,167.343,18639,4,0
2025-03-07 09:00:00,167.343,168.223,167.341,167.82,36648,4,0
2025-03-07 12:00:00,167.82,168.062,167.779,167.895,29047,4,0
2025-03-07 15:00:00,167.895,168.061,167.226,167.851,57379,4,0
2025-03-07 18:00:00,167.85,168.143,167.462,168.121,48893,4,0
2025-03-07 21:00:00,168.12,168.368,168.016,168.165,24290,4,0
2025-03-10 00:00:00,168.011,168.267,167.544,168.224,14231,4,0
2025-03-10 03:00:00,168.224,168.305,167.745,167.969,21547,4,0
2025-03-10 06:00:00,167.969,168.135,167.891,167.958,12117,4,0
2025-03-10 09:00:00,167.962,168.2,167.476,167.492,26332,4,0
2025-03-10 12:00:00,167.491,167.961,167.371,167.81,32268,4,0
2025-03-10 15:00:00,167.811,167.831,167.003,167.183,43091,4,0
2025-03-10 18:00:00,167.182,167.255,166.87,167.002,37236,4,0
2025-03-10 21:00:00,167.002,167.214,166.93,167.158,25359,4,0
2025-03-11 00:00:00,167.102,167.178,166.824,167.124,10875,4,0
2025-03-11 03:00:00,167.125,167.501,166.852,167.227,28860,4,0
2025-03-11 06:00:00,167.227,167.427,167.14,167.3,16997,4,0
2025-03-11 09:00:00,167.3,167.528,167.031,167.28,30923,4,0
2025-03-11 12:00:00,167.28,167.453,167.135,167.37,26952,4,0
2025-03-11 15:00:00,167.37,168.279,167.279,167.581,50776,4,0
2025-03-11 18:00:00,167.581,167.871,167.006,167.237,44730,4,0
2025-03-11 21:00:00,167.237,167.707,167.213,167.406,32614,4,0
2025-03-12 00:00:00,167.368,167.604,167.114,167.589,7240,4,0
2025-03-12 03:00:00,167.589,167.671,167.369,167.542,17057,4,0
2025-03-12 06:00:00,167.542,167.756,167.43,167.577,12152,4,0
2025-03-12 09:00:00,167.577,168.4,167.527,168.238,22936,4,0
2025-03-12 12:00:00,168.238,168.601,168.12,168.525,18645,4,0
2025-03-12 15:00:00,168.525,168.785,167.882,168.026,44669,4,0
2025-03-12 18:00:00,168.026,168.166,167.889,167.94,31302,4,0
2025-03-12 21:00:00,167.94,168.223,167.924,168.12,19469,4,0
2025-03-13 00:00:00,168.024,168.189,167.906,168.162,5303,4,0
2025-03-13 03:00:00,168.162,168.242,168.013,168.116,14538,4,0
2025-03-13 06:00:00,168.116,168.166,167.543,167.571,13891,4,0
2025-03-13 09:00:00,167.571,167.811,167.394,167.799,26948,4,0
2025-03-13 12:00:00,167.799,167.985,167.558,167.652,22902,4,0
2025-03-13 15:00:00,167.65,167.88,167.264,167.275,40835,4,0
2025-03-13 18:00:00,167.275,167.333,166.624,167.022,36190,4,0
2025-03-13 21:00:00,167.022,167.581,166.984,167.554,18956,4,0
2025-03-14 00:00:00,167.438,167.667,167.24,167.598,6205,4,0
2025-03-14 03:00:00,167.598,168.01,167.478,167.656,15754,4,0
2025-03-14 06:00:00,167.656,168.179,167.652,168.035,12296,4,0
2025-03-14 09:00:00,168.034,168.554,167.994,168.486,25244,4,0
2025-03-14 12:00:00,168.488,168.501,168.0,168.046,26209,4,0
2025-03-14 15:00:00,168.046,168.188,167.566,167.657,31797,4,0
2025-03-14 18:00:00,167.656,167.826,167.55,167.733,24057,4,0
2025-03-14 21:00:00,167.733,167.97,167.724,167.902,10627,4,0
2025-03-17 00:00:00,167.951,168.172,167.848,168.069,7915,4,0
2025-03-17 03:00:00,168.069,168.326,167.957,168.131,14763,4,0
2025-03-17 06:00:00,168.134,168.502,168.08,168.459,11202,4,0
2025-03-17 09:00:00,168.459,168.605,168.253,168.58,19350,4,0
2025-03-17 12:00:00,168.58,168.597,168.121,168.201,17770,4,0
2025-03-17 15:00:00,168.201,168.916,168.048,168.688,38925,4,0
2025-03-17 18:00:00,168.688,169.193,168.552,169.169,22201,4,0
2025-03-17 21:00:00,169.167,169.497,169.109,169.34,12855,4,0
2025-03-18 00:00:00,169.345,169.555,169.185,169.529,4988,4,0
2025-03-18 03:00:00,169.525,169.888,169.447,169.82,13366,4,0
2025-03-18 06:00:00,169.82,169.954,169.709,169.923,8317,4,0
2025-03-18 09:00:00,169.923,170.439,169.899,170.265,16237,4,0
2025-03-18 12:00:00,170.262,170.339,170.039,170.222,17783,4,0
2025-03-18 15:00:00,170.222,170.448,170.082,170.309,31219,4,0
2025-03-18 18:00:00,170.309,170.57,170.165,170.352,27098,4,0
2025-03-18 21:00:00,170.352,170.422,170.134,170.256,13700,4,0
2025-03-19 00:00:00,170.19,170.526,170.09,170.485,5644,5,0
2025-03-19 03:00:00,170.485,170.61,170.229,170.422,12859,5,0
2025-03-19 06:00:00,170.422,170.82,170.281,170.819,8117,4,0
2025-03-19 09:00:00,170.819,171.037,169.964,170.658,24512,4,0
2025-03-19 12:00:00,170.658,170.766,170.344,170.54,14654,4,0
2025-03-19 15:00:00,170.54,170.652,170.226,170.266,23229,4,0
2025-03-19 18:00:00,170.266,170.59,170.186,170.335,16921,4,0
2025-03-19 21:00:00,170.345,170.351,169.396,169.45,30803,5,0
2025-03-20 00:00:00,169.372,169.691,169.248,169.369,7246,4,0
2025-03-20 03:00:00,169.368,169.426,169.092,169.376,14489,4,0
2025-03-20 06:00:00,169.376,169.488,169.158,169.278,9136,4,0
2025-03-20 09:00:00,169.278,169.49,168.596,168.643,19238,4,0
2025-03-20 12:00:00,168.643,168.738,168.291,168.292,24032,4,0
2025-03-20 15:00:00,168.292,168.569,168.111,168.282,30283,4,0
2025-03-20 18:00:00,168.282,168.801,168.225,168.636,22604,4,0
2025-03-20 21:00:00,168.636,168.777,168.623,168.711,12361,4,0
2025-03-21 00:00:00,168.65,168.787,168.366,168.556,6736,4,0
2025-03-21 03:00:00,168.556,169.07,168.538,168.862,13975,4,0
2025-03-21 06:00:00,168.862,169.274,168.774,169.233,9729,4,0
2025-03-21 09:00:00,169.233,169.336,168.889,169.177,16847,4,0
2025-03-21 12:00:00,169.177,169.363,168.945,169.132,16447,4,0
2025-03-21 15:00:00,169.132,169.216,168.616,168.775,30740,4,0
2025-03-21 18:00:00,168.772,169.111,168.446,169.025,24234,4,0
2025-03-21 21:00:00,169.025,169.171,168.948,168.998,11054,4,0
2025-03-24 00:00:00,168.962,169.534,168.862,169.511,8030,4,0
2025-03-24 03:00:00,169.511,169.678,169.297,169.543,13192,4,0
2025-03-24 06:00:00,169.543,169.661,169.345,169.397,8404,4,0
2025-03-24 09:00:00,169.397,169.805,169.381,169.578,17959,4,0
2025-03-24 12:00:00,169.578,170.01,169.49,169.903,16140,4,0
2025-03-24 15:00:00,169.903,170.364,169.778,170.329,25362,4,0
2025-03-24 18:00:00,170.329,170.546,170.258,170.44,19864,4,0
2025-03-24 21:00:00,170.44,170.697,170.378,170.63,11777,4,0
2025-03-25 00:00:00,170.578,170.854,170.406,170.798,6570,4,0
2025-03-25 03:00:00,170.798,170.942,170.548,170.67,13308,4,0
2025-03-25 06:00:00,170.671,170.717,170.374,170.402,8905,4,0
2025-03-25 09:00:00,170.402,170.489,170.274,170.381,15810,4,0
2025-03-25 12:00:00,170.381,170.441,170.157,170.243,17680,4,0
2025-03-25 15:00:00,170.243,170.331,169.912,169.939,25275,4,0
2025-03-25 18:00:00,169.939,170.046,169.702,169.901,18776,4,0
2025-03-25 21:00:00,169.897,169.897,169.746,169.819,9264,4,0
2025-03-26 00:00:00,169.754,169.93,169.712,169.878,5748,4,0
2025-03-26 03:00:00,169.878,170.17,169.765,170.157,13807,4,0
2025-03-26 06:00:00,170.157,170.399,170.136,170.294,9589,4,0
2025-03-26 09:00:00,170.294,170.41,169.895,169.921,17397,4,0
2025-03-26 12:00:00,169.921,170.086,169.792,169.922,13698,4,0
2025-03-26 15:00:00,169.922,170.46,169.864,170.4,25426,0,0
2025-03-26 18:00:00,170.4,170.51,169.945,170.025,23857,0,0
2025-03-26 21:00:00,170.025,170.393,170.004,170.361,13066,0,0
2025-03-27 00:00:00,170.27,170.27,169.912,170.162,6310,4,0
2025-03-27 03:00:00,170.163,170.35,169.942,170.145,13450,0,0
2025-03-27 06:00:00,170.144,170.232,170.068,170.141,9444,2,0
2025-03-27 09:00:00,170.141,170.446,169.911,170.44,16664,0,0
2025-03-27 12:00:00,170.439,170.889,170.295,170.884,14324,0,0
2025-03-27 15:00:00,170.884,171.102,170.596,171.026,22083,0,0
2025-03-27 18:00:00,171.026,171.441,170.908,171.243,18942,0,0
2025-03-27 21:00:00,171.243,171.378,171.234,171.288,7788,0,0
2025-03-28 00:00:00,171.275,171.354,171.014,171.098,5479,0,0
2025-03-28 03:00:00,171.096,171.359,170.833,170.962,11348,0,0
2025-03-28 06:00:00,170.962,171.027,170.837,170.91,5897,0,0
2025-03-28 09:00:00,170.91,170.949,170.491,170.613,12257,0,0
2025-03-28 12:00:00,170.613,170.834,170.511,170.769,10976,0,0
2025-03-28 15:00:00,170.767,170.856,170.286,170.327,23497,0,0
2025-03-28 18:00:00,170.327,170.672,169.997,170.061,16083,0,0
2025-03-28 21:00:00,170.061,170.187,169.825,170.054,8762,0,0
2025-03-31 00:00:00,169.855,170.184,169.407,169.836,5855,0,0
2025-03-31 03:00:00,169.836,170.047,169.286,169.477,18249,0,0
2025-03-31 06:00:00,169.477,169.749,169.295,169.426,11832,0,0
2025-03-31 09:00:00,169.426,169.586,169.101,169.234,22376,0,0
2025-03-31 12:00:00,169.234,169.603,169.167,169.527,13335,0,0
2025-03-31 15:00:00,169.527,169.77,168.948,169.013,25392,0,0
2025-03-31 18:00:00,169.009,169.635,168.973,169.543,16112,0,0
2025-03-31 21:00:00,169.543,169.777,169.492,169.543,11230,0,0
2025-04-01 00:00:00,169.498,169.786,169.376,169.627,5215,0,0
2025-04-01 03:00:00,169.627,169.732,169.417,169.616,16391,0,0
2025-04-01 06:00:00,169.616,169.732,169.365,169.639,8928,0,0
2025-04-01 09:00:00,169.639,169.787,169.354,169.573,14911,0,0
2025-04-01 12:00:00,169.574,169.746,168.951,169.031,17066,0,0
2025-04-01 15:00:00,169.031,169.36,168.934,169.122,24576,0,0
2025-04-01 18:00:00,169.121,169.548,169.033,169.083,19521,0,0
2025-04-01 21:00:00,169.083,169.323,168.908,169.302,11584,0,0
2025-04-02 00:00:00,169.293,169.57,169.137,169.446,4874,0,0
2025-04-02 03:00:00,169.446,169.654,169.382,169.557,12955,0,0
2025-04-02 06:00:00,169.557,169.648,169.472,169.597,6029,0,0
2025-04-02 09:00:00,169.597,169.62,169.065,169.214,12233,0,0
2025-04-02 12:00:00,169.214,169.237,168.825,168.932,12166,0,0
2025-04-02 15:00:00,168.932,169.697,168.826,169.664,22038,0,0
2025-04-02 18:00:00,169.664,170.105,169.612,170.039,17727,0,0
2025-04-02 21:00:00,170.039,170.659,168.961,169.161,24715,0,0
2025-04-03 00:00:00,169.097,169.097,168.168,168.633,14219,0,0
2025-04-03 03:00:00,168.633,168.791,168.27,168.633,24169,0,0
2025-04-03 06:00:00,168.633,168.865,168.099,168.558,16928,0,0
2025-04-03 09:00:00,168.558,169.798,168.525,169.502,30662,0,0
2025-04-03 12:00:00,169.502,170.338,169.323,169.739,28143,0,0
2025-04-03 15:00:00,169.739,170.288,169.553,169.92,39862,0,0
2025-04-03 18:00:00,169.919,170.25,169.572,169.632,33826,0,0
2025-04-03 21:00:00,169.632,170.347,169.509,169.974,21406,0,0
2025-04-04 00:00:00,169.987,170.22,169.618,170.21,8849,0,0
2025-04-04 03:00:00,170.21,170.863,170.081,170.668,19389,0,0
2025-04-04 06:00:00,170.668,170.839,170.353,170.729,20746,0,0
2025-04-04 09:00:00,170.728,171.346,170.553,171.115,32403,0,0
2025-04-04 12:00:00,171.119,171.446,170.335,170.913,43155,0,0
2025-04-04 15:00:00,170.913,171.027,169.674,169.964,50006,0,0
2025-04-04 18:00:00,169.953,171.332,169.922,171.098,42501,0,0
2025-04-04 21:00:00,171.098,171.191,170.272,170.685,27169,0,0
2025-04-07 00:00:00,170.224,170.941,169.455,170.745,17555,1,0
2025-04-07 03:00:00,170.75,171.119,170.388,170.937,36111,0,0
2025-04-07 06:00:00,170.937,171.346,170.689,171.269,21732,1,0
2025-04-07 09:00:00,171.266,172.092,170.911,171.762,43873,0,0
2025-04-07 12:00:00,171.762,171.762,171.005,171.111,35667,0,0
2025-04-07 15:00:00,171.12,171.989,170.463,171.413,48089,0,0
2025-04-07 18:00:00,171.403,172.777,171.264,172.598,40257,0,0
2025-04-07 21:00:00,172.597,172.79,171.735,171.773,25782,0,0
2025-04-08 00:00:00,171.844,172.195,171.532,171.895,9322,0,0
2025-04-08 03:00:00,171.894,172.237,171.741,171.982,21372,0,0
2025-04-08 06:00:00,171.982,172.44,171.935,172.071,14093,0,0
2025-04-08 09:00:00,172.071,172.498,171.105,171.581,26971,0,0
2025-04-08 12:00:00,171.581,172.095,171.476,171.913,23461,0,0
2025-04-08 15:00:00,171.913,172.509,171.536,171.611,35746,0,0
2025-04-08 18:00:00,171.61,172.496,171.444,172.472,36686,0,0
2025-04-08 21:00:00,172.474,172.768,172.26,172.482,31729,0,0
2025-04-09 00:00:00,172.335,172.619,172.16,172.38,12001,0,0
2025-04-09 03:00:00,172.38,172.85,172.048,172.427,33391,0,0
2025-04-09 06:00:00,172.427,172.724,172.047,172.478,29044,0,0
2025-04-09 09:00:00,172.478,172.537,171.684,172.379,36669,0,0
2025-04-09 12:00:00,172.379,172.809,172.057,172.06,29510,0,0
2025-04-09 15:00:00,172.061,172.839,171.903,172.188,39202,0,0
2025-04-09 18:00:00,172.189,172.914,171.603,171.973,28535,0,0
2025-04-09 21:00:00,171.973,172.948,171.947,172.059,22277,0,0
2025-04-10 00:00:00,172.029,172.58,171.657,172.286,14390,0,0
2025-04-10 03:00:00,172.286,172.439,171.993,172.112,20233,1,0
2025-04-10 06:00:00,172.112,172.352,171.687,171.812,14231,0,0
2025-04-10 09:00:00,171.812,173.012,171.46,172.895,27205,0,0
2025-04-10 12:00:00,172.895,173.448,172.543,173.279,19776,0,0
2025-04-10 15:00:00,173.281,173.697,172.791,173.55,38991,0,0
2025-04-10 18:00:00,173.552,175.329,173.442,175.323,39092,0,0
2025-04-10 21:00:00,175.323,175.613,175.076,175.33,23495,0,0
2025-04-11 00:00:00,175.029,175.403,174.879,175.101,12629,0,0
2025-04-11 03:00:00,175.104,175.536,174.596,174.976,31716,0,0
2025-04-11 06:00:00,174.976,175.236,174.535,174.705,20000,4,0
2025-04-11 09:00:00,174.705,175.551,174.28,175.142,38492,0,0
2025-04-11 12:00:00,175.142,175.142,174.006,174.792,28889,0,0
2025-04-11 15:00:00,174.793,176.378,174.76,176.16,39214,0,0
2025-04-11 18:00:00,176.153,176.469,175.752,175.972,26796,0,0
2025-04-11 21:00:00,175.972,176.204,175.789,176.057,13820,0,0
2025-04-14 00:00:00,175.381,175.999,175.2,175.614,9475,0,0
2025-04-14 03:00:00,175.614,175.664,174.688,174.871,22061,0,0
2025-04-14 06:00:00,174.873,175.219,174.772,174.811,11872,0,0
2025-04-14 09:00:00,174.813,175.253,174.478,174.92,25558,0,0
2025-04-14 12:00:00,174.92,175.156,174.585,174.769,19833,0,0
2025-04-14 15:00:00,174.769,175.39,174.099,175.342,29925,0,0
2025-04-14 18:00:00,175.34,176.032,175.203,175.677,22909,0,0
2025-04-14 21:00:00,175.677,175.938,175.467,175.474,10818,0,0
2025-04-15 00:00:00,175.371,175.73,175.237,175.433,7354,0,0
2025-04-15 03:00:00,175.431,175.618,175.155,175.307,12907,0,0
2025-04-15 06:00:00,175.315,175.429,175.109,175.139,9053,0,0
2025-04-15 09:00:00,175.142,175.788,174.924,175.384,19123,0,0
2025-04-15 12:00:00,175.383,175.469,175.092,175.248,16347,0,0
2025-04-15 15:00:00,175.249,175.254,174.521,174.57,26306,0,0
2025-04-15 18:00:00,174.57,174.666,174.032,174.085,15486,0,0
2025-04-15 21:00:00,174.085,174.227,173.831,173.956,8712,0,0
2025-04-16 00:00:00,173.793,174.438,173.616,174.369,7766,1,0
2025-04-16 03:00:00,174.369,174.695,174.246,174.38,12822,0,0
2025-04-16 06:00:00,174.38,174.787,174.312,174.735,12793,0,0
2025-04-16 09:00:00,174.735,174.825,174.077,174.441,21235,0,0
2025-04-16 12:00:00,174.441,174.825,174.375,174.804,15700,0,0
2025-04-16 15:00:00,174.804,175.015,174.645,174.694,21863,0,0
2025-04-16 18:00:00,174.694,175.051,174.438,174.513,16118,0,0
2025-04-16 21:00:00,174.525,174.706,174.202,174.301,13987,0,0
2025-04-17 00:00:00,174.32,174.477,174.04,174.33,7460,5,0
2025-04-17 03:00:00,174.33,174.831,174.253,174.547,17347,0,0
2025-04-17 06:00:00,174.547,174.665,174.364,174.38,7378,0,0
2025-04-17 09:00:00,174.38,174.773,174.138,174.667,17196,0,0
2025-04-17 12:00:00,174.666,174.772,174.276,174.467,13822,0,0
2025-04-17 15:00:00,174.467,174.505,173.343,173.413,23641,0,0
2025-04-17 18:00:00,173.413,173.631,173.179,173.527,16156,0,0
2025-04-17 21:00:00,173.527,173.965,173.526,173.775,8683,0,0
2025-04-18 00:00:00,173.58,173.735,173.553,173.641,3736,168,0
2025-04-18 03:00:00,173.641,174.007,173.518,173.899,43997,0,0
2025-04-18 06:00:00,173.903,174.048,173.621,173.776,52996,36,0
2025-04-18 09:00:00,173.776,174.022,173.43,173.732,32786,24,0
2025-04-18 12:00:00,173.732,173.954,173.532,173.903,51247,73,0
2025-04-18 15:00:00,173.895,174.066,173.662,174.056,25143,41,0
2025-04-18 18:00:00,174.051,174.069,173.778,173.957,13956,49,0
2025-04-18 21:00:00,173.957,174.114,173.898,173.959,19379,34,0
2025-04-21 00:00:00,173.819,174.315,173.29,174.253,10339,0,0
2025-04-21 03:00:00,174.256,174.327,173.57,174.085,15371,0,0
2025-04-21 06:00:00,174.085,174.268,173.977,174.065,8239,0,0
2025-04-21 09:00:00,174.065,174.768,173.852,174.587,12662,0,0
2025-04-21 12:00:00,174.587,174.874,174.461,174.766,12023,0,0
2025-04-21 15:00:00,174.765,174.988,174.251,174.439,16644,0,0
2025-04-21 18:00:00,174.439,174.598,174.116,174.17,13371,0,0
2025-04-21 21:00:00,174.17,174.298,174.047,174.061,7338,0,0
2025-04-22 00:00:00,173.983,174.342,173.898,174.095,4424,0,0
2025-04-22 03:00:00,174.094,174.181,173.455,173.616,14291,0,0
2025-04-22 06:00:00,173.614,173.614,173.246,173.256,13079,0,0
2025-04-22 09:00:00,173.256,173.606,172.93,173.35,18776,0,0
2025-04-22 12:00:00,173.35,173.484,172.654,172.914,13386,0,0
2025-04-22 15:00:00,172.912,173.277,172.642,172.87,20035,0,0
2025-04-22 18:00:00,172.871,173.214,172.617,172.821,20253,0,0
2025-04-22 21:00:00,172.821,173.035,172.603,172.854,9300,0,0
2025-04-23 00:00:00,172.78,173.322,172.6,172.72,15420,0,0
2025-04-23 03:00:00,172.716,172.93,172.417,172.61,19467,0,0
2025-04-23 06:00:00,172.61,172.689,172.413,172.464,10827,1,0
2025-04-23 09:00:00,172.468,172.681,172.087,172.535,19124,0,0
2025-04-23 12:00:00,172.533,172.754,172.196,172.232,14392,0,0
2025-04-23 15:00:00,172.232,172.875,172.187,172.247,26710,0,0
2025-04-23 18:00:00,172.247,172.779,172.182,172.677,21052,0,0
2025-04-23 21:00:00,172.677,172.922,172.574,172.649,8305,0,0
2025-04-24 00:00:00,172.586,172.651,172.1,172.583,5992,0,0
2025-04-24 03:00:00,172.583,172.759,172.251,172.479,14673,0,0
2025-04-24 06:00:00,172.479,172.529,172.217,172.335,7798,0,0
2025-04-24 09:00:00,172.335,172.648,172.335,172.548,15152,0,0
2025-04-24 12:00:00,172.547,172.858,172.413,172.651,11656,0,0
2025-04-24 15:00:00,172.651,172.672,172.296,172.315,17923,0,0
2025-04-24 18:00:00,172.315,172.52,172.244,172.352,12814,0,0
2025-04-24 21:00:00,172.352,172.505,172.255,172.473,7172,0,0
2025-04-25 00:00:00,172.321,172.616,172.273,172.427,3999,1,0
2025-04-25 03:00:00,172.427,172.469,172.046,172.238,11070,2,0
2025-04-25 06:00:00,172.238,172.888,172.162,172.599,13672,0,0
2025-04-25 09:00:00,172.601,172.798,172.387,172.682,16366,0,0
2025-04-25 12:00:00,172.684,173.159,172.664,172.808,13140,0,0
2025-04-25 15:00:00,172.807,173.64,172.636,173.574,17172,0,0
2025-04-25 18:00:00,173.574,173.649,173.351,173.451,9702,0,0
2025-04-25 21:00:00,173.451,173.683,173.389,173.581,6388,0,0
2025-04-28 00:00:00,173.26,173.673,172.972,173.629,5400,0,0
2025-04-28 03:00:00,173.634,173.637,173.231,173.421,11751,3,0
2025-04-28 06:00:00,173.421,173.527,173.232,173.402,7636,0,0
2025-04-28 09:00:00,173.401,173.429,172.712,172.843,12987,0,0
2025-04-28 12:00:00,172.837,173.108,172.719,172.809,9920,0,0
2025-04-28 15:00:00,172.809,173.144,172.606,173.1,16553,0,0
2025-04-28 18:00:00,173.099,173.535,172.859,173.23,14143,0,0
2025-04-28 21:00:00,173.23,173.309,173.085,173.186,8112,1,0
2025-04-29 00:00:00,173.161,173.259,172.965,173.087,4056,5,0
2025-04-29 03:00:00,173.087,173.156,172.832,172.973,11334,1,0
2025-04-29 06:00:00,172.973,172.987,172.792,172.949,8333,0,0
2025-04-29 09:00:00,172.949,173.223,172.538,172.83,13405,0,0
2025-04-29 12:00:00,172.83,172.942,172.679,172.851,9003,0,0
2025-04-29 15:00:00,172.849,173.066,172.504,172.716,28324,0,0
2025-04-29 18:00:00,172.717,172.796,172.408,172.607,20038,0,0
2025-04-29 21:00:00,172.607,172.918,172.538,172.755,10674,0,0
2025-04-30 00:00:00,172.56,172.795,172.308,172.728,6431,0,0
2025-04-30 03:00:00,172.729,172.94,172.638,172.908,14556,0,0
2025-04-30 06:00:00,172.908,173.056,172.831,173.009,8697,0,0
2025-04-30 09:00:00,173.009,173.144,172.832,173.033,17182,0,0
2025-04-30 12:00:00,173.033,173.419,173.012,173.208,15282,0,0
2025-04-30 15:00:00,173.208,173.665,173.082,173.523,34846,0,0
2025-04-30 18:00:00,173.521,173.598,173.249,173.509,23622,0,0
2025-04-30 21:00:00,173.509,173.652,172.909,173.04,16367,0,0
2025-05-01 00:00:00,173.413,173.448,172.82,173.158,5915,0,0
2025-05-01 03:00:00,173.158,173.28,172.994,173.249,10796,0,0
2025-05-01 06:00:00,173.249,174.171,173.169,174.012,14251,0,0
2025-05-01 09:00:00,174.013,174.858,174.0,174.488,20107,0,0
2025-05-01 12:00:00,174.486,174.718,174.395,174.539,14751,0,0
2025-05-01 15:00:00,174.539,174.777,174.198,174.682,32687,0,0
2025-05-01 18:00:00,174.682,175.124,174.54,175.09,18284,0,0
2025-05-01 21:00:00,175.09,175.594,175.055,175.316,10827,0,0
2025-05-02 00:00:00,175.182,175.593,174.866,175.438,6252,0,0
2025-05-02 03:00:00,175.438,175.736,175.144,175.232,17466,0,0
2025-05-02 06:00:00,175.232,175.508,175.206,175.377,12083,0,0
2025-05-02 09:00:00,175.377,175.612,175.284,175.335,19817,0,0
2025-05-02 12:00:00,175.335,176.174,175.274,175.585,19974,0,0
2025-05-02 15:00:00,175.583,175.601,174.58,174.939,41678,0,0
2025-05-02 18:00:00,174.938,175.08,174.729,175.024,25597,0,0
2025-05-02 21:00:00,175.024,175.562,175.009,175.332,12812,0,0
2025-05-05 00:00:00,174.964,175.642,174.956,175.517,8903,0,0
2025-05-05 03:00:00,175.517,175.589,175.238,175.293,14944,0,0
2025-05-05 06:00:00,175.295,175.315,174.739,174.771,10411,0,0
2025-05-05 09:00:00,174.771,174.985,174.466,174.633,18921,0,0
2025-05-05 12:00:00,174.632,174.932,174.58,174.751,16409,0,0
2025-05-05 15:00:00,174.751,175.059,174.513,174.925,27239,0,0
2025-05-05 18:00:00,174.919,175.064,174.684,175.001,16284,0,0
2025-05-05 21:00:00,174.999,175.02,174.736,174.744,9898,0,0
2025-05-06 00:00:00,174.747,174.875,174.406,174.786,6649,0,0
2025-05-06 03:00:00,174.786,174.842,174.508,174.731,15761,0,0
2025-05-06 06:00:00,174.731,174.776,174.579,174.775,10422,0,0
2025-05-06 09:00:00,174.775,174.828,173.615,173.673,22323,0,0
2025-05-06 12:00:00,173.673,173.825,173.108,173.135,18086,0,0
2025-05-06 15:00:00,173.135,173.482,172.881,173.374,24290,0,0
2025-05-06 18:00:00,173.374,173.442,173.102,173.36,18408,0,0
2025-05-06 21:00:00,173.36,173.483,173.13,173.136,10430,0,0
2025-05-07 00:00:00,173.085,173.497,173.085,173.243,14062,0,0
2025-05-07 03:00:00,173.243,173.411,172.894,173.393,21534,0,0
2025-05-07 06:00:00,173.393,173.609,173.321,173.561,10919,0,0
2025-05-07 09:00:00,173.561,173.746,173.379,173.602,18892,0,0
2025-05-07 12:00:00,173.604,174.117,173.521,173.817,14243,0,0
2025-05-07 15:00:00,173.817,174.748,173.811,174.683,22656,0,0
2025-05-07 18:00:00,174.683,174.987,174.465,174.471,19289,0,0
2025-05-07 21:00:00,174.471,174.954,174.366,174.543,28476,0,0
2025-05-08 00:00:00,174.414,174.711,174.357,174.558,5761,0,0
2025-05-08 03:00:00,174.558,174.673,174.347,174.537,19293,0,0
2025-05-08 06:00:00,174.537,174.578,174.397,174.504,13632,0,0
2025-05-08 09:00:00,174.505,175.306,174.261,175.124,23511,0,0
2025-05-08 12:00:00,175.123,175.479,175.058,175.304,17531,0,0
2025-05-08 15:00:00,175.304,175.633,174.999,175.316,30798,0,0
2025-05-08 18:00:00,175.316,175.551,175.229,175.367,28604,0,0
2025-05-08 21:00:00,175.367,175.557,175.296,175.429,13925,0,0
2025-05-09 00:00:00,175.249,175.584,175.249,175.483,9024,0,0
2025-05-09 03:00:00,175.483,175.623,174.937,175.106,17413,0,0
2025-05-09 06:00:00,175.106,175.213,174.948,175.016,12796,0,0
2025-05-09 09:00:00,175.016,175.049,174.699,174.87,18782,0,0
2025-05-09 12:00:00,174.871,174.899,174.525,174.725,15354,0,0
2025-05-09 15:00:00,174.725,175.181,174.621,174.92,21584,0,0
2025-05-09 18:00:00,174.916,175.063,174.73,174.788,16216,0,0
2025-05-09 21:00:00,174.788,174.883,174.692,174.826,8068,0,0
2025-05-12 00:00:00,174.888,175.135,174.757,174.863,10518,0,0
2025-05-12 03:00:00,174.863,175.211,174.845,174.903,18687,0,0
2025-05-12 06:00:00,174.903,175.149,174.82,175.001,11829,0,0
2025-05-12 09:00:00,175.001,175.588,174.749,175.567,39500,0,0
2025-05-12 12:00:00,175.567,175.622,175.215,175.59,29723,0,0
2025-05-12 15:00:00,175.592,175.94,175.461,175.707,31323,0,0
2025-05-12 18:00:00,175.706,175.897,175.499,175.529,20876,0,0
2025-05-12 21:00:00,175.528,175.631,175.26,175.538,12252,0,0
2025-05-13 00:00:00,175.35,175.599,175.268,175.473,6465,0,0
2025-05-13 03:00:00,175.473,175.502,175.164,175.272,16524,0,0
2025-05-13 06:00:00,175.272,175.424,175.199,175.336,10127,0,0
2025-05-13 09:00:00,175.334,176.183,175.256,176.13,22780,0,0
2025-05-13 12:00:00,176.129,176.166,175.755,175.916,14595,0,0
2025-05-13 15:00:00,175.916,175.972,175.458,175.679,32602,0,0
2025-05-13 18:00:00,175.679,175.774,175.333,175.523,20117,0,0
2025-05-13 21:00:00,175.523,175.797,175.436,175.66,10257,0,0
2025-05-14 00:00:00,175.493,175.745,175.386,175.721,6404,0,0
2025-05-14 03:00:00,175.722,175.78,175.319,175.468,16300,0,0
2025-05-14 06:00:00,175.467,175.518,175.126,175.194,11857,0,0
2025-05-14 09:00:00,175.194,175.405,174.961,175.013,25265,0,0
2025-05-14 12:00:00,175.013,175.113,174.605,174.647,23625,0,0
2025-05-14 15:00:00,174.647,174.762,174.091,174.32,30451,0,0
2025-05-14 18:00:00,174.319,174.661,174.185,174.238,23017,0,0
2025-05-14 21:00:00,174.238,174.314,174.064,174.204,12892,0,0
2025-05-15 00:00:00,174.075,174.32,173.975,174.285,6405,0,0
2025-05-15 03:00:00,174.285,174.4,173.95,174.186,15587,0,0
2025-05-15 06:00:00,174.186,174.262,173.72,173.824,12708,0,0
2025-05-15 09:00:00,173.824,174.294,173.693,174.209,19900,0,0
2025-05-15 12:00:00,174.209,174.304,174.029,174.133,15956,0,0
2025-05-15 15:00:00,174.133,174.546,174.084,174.261,31755,0,0
2025-05-15 18:00:00,174.261,174.288,174.021,174.122,16367,0,0
2025-05-15 21:00:00,174.122,174.375,174.054,174.256,9474,0,0
2025-05-16 00:00:00,174.182,174.424,174.015,174.363,6130,0,0
2025-05-16 03:00:00,174.363,174.413,173.987,174.313,16060,0,0
2025-05-16 06:00:00,174.313,174.341,174.081,174.194,10639,0,0
2025-05-16 09:00:00,174.194,174.358,173.852,173.917,17111,0,0
2025-05-16 12:00:00,173.917,174.121,173.777,173.832,15742,0,0
2025-05-16 15:00:00,173.833,174.073,173.646,173.901,21631,0,0
2025-05-16 18:00:00,173.901,173.989,173.818,173.917,13296,0,0
2025-05-16 21:00:00,173.917,174.019,173.85,173.897,9146,0,0
2025-05-19 00:00:00,173.605,174.103,173.448,173.87,12025,0,0
2025-05-19 03:00:00,173.869,173.968,173.464,173.83,20438,0,0
2025-05-19 06:00:00,173.83,173.862,173.594,173.637,11866,0,0
2025-05-19 09:00:00,173.637,173.93,173.607,173.862,23768,0,0
2025-05-19 12:00:00,173.862,174.058,173.737,173.847,19655,0,0
2025-05-19 15:00:00,173.847,174.202,173.771,174.067,27173,0,0
2025-05-19 18:00:00,174.068,174.127,173.678,173.692,16957,0,0
2025-05-19 21:00:00,173.692,173.704,173.468,173.5,9187,0,0
2025-05-20 00:00:00,173.411,174.0,173.378,173.605,5795,0,0
2025-05-20 03:00:00,173.605,174.042,173.513,173.715,16556,0,0
2025-05-20 06:00:00,173.717,173.795,173.219,173.321,16145,0,0
2025-05-20 09:00:00,173.321,173.695,173.135,173.685,22853,0,0
2025-05-20 12:00:00,173.686,173.711,173.321,173.587,15554,0,0
2025-05-20 15:00:00,173.587,173.981,173.479,173.927,26871,0,0
2025-05-20 18:00:00,173.927,174.224,173.879,174.202,15850,0,0
2025-05-20 21:00:00,174.202,174.442,174.13,174.416,9909,0,0
2025-05-21 00:00:00,174.434,174.586,174.23,174.552,7280,0,0
2025-05-21 03:00:00,174.552,174.971,174.4,174.772,16966,0,0
2025-05-21 06:00:00,174.772,174.871,174.5,174.543,13473,0,0
2025-05-21 09:00:00,174.543,174.791,174.457,174.584,22458,0,0
2025-05-21 12:00:00,174.584,174.808,174.098,174.114,21088,0,0
2025-05-21 15:00:00,174.118,174.377,173.962,174.266,28289,0,0
2025-05-21 18:00:00,174.265,174.323,174.027,174.152,21168,0,0
2025-05-21 21:00:00,174.151,174.183,173.922,174.085,15277,0,0
2025-05-22 00:00:00,173.949,174.726,173.762,174.191,9982,0,0
2025-05-22 03:00:00,174.191,174.202,173.744,173.8,19038,0,0
2025-05-22 06:00:00,173.8,173.866,173.69,173.801,9518,0,0
2025-05-22 09:00:00,173.795,173.795,173.215,173.399,24515,0,0
2025-05-22 12:00:00,173.4,173.882,173.366,173.572,19644,0,0
2025-05-22 15:00:00,173.572,173.826,173.373,173.451,31599,0,0
2025-05-22 18:00:00,173.449,173.853,173.428,173.784,19805,0,0
2025-05-22 21:00:00,173.791,173.892,173.653,173.702,9082,0,0
2025-05-23 00:00:00,173.592,173.78,173.476,173.657,5652,0,0
2025-05-23 03:00:00,173.66,173.839,173.607,173.689,14314,0,0
2025-05-23 06:00:00,173.689,173.71,173.469,173.618,8286,0,0
2025-05-23 09:00:00,173.618,173.681,173.392,173.443,17891,0,0
2025-05-23 12:00:00,173.443,173.71,173.233,173.326,24480,0,0
2025-05-23 15:00:00,173.327,173.722,173.091,173.716,37585,0,0
2025-05-23 18:00:00,173.717,173.798,173.558,173.668,19430,0,0
2025-05-23 21:00:00,173.668,173.686,173.531,173.583,10353,0,0
2025-05-26 00:00:00,173.427,173.929,173.356,173.668,10644,0,0
2025-05-26 03:00:00,173.668,173.748,173.47,173.591,14843,0,0
2025-05-26 06:00:00,173.591,173.917,173.585,173.805,11386,0,0
2025-05-26 09:00:00,173.805,174.106,173.781,173.92,14746,0,0
2025-05-26 12:00:00,173.918,174.045,173.783,173.788,9062,0,0
2025-05-26 15:00:00,173.788,174.162,173.65,174.088,10087,0,0
2025-05-26 18:00:00,174.09,174.138,173.906,173.94,5365,0,0
2025-05-26 21:00:00,173.94,174.01,173.902,173.963,2688,0,0
2025-05-27 00:00:00,173.854,174.002,173.668,173.834,6722,0,0
2025-05-27 03:00:00,173.834,173.852,173.503,173.611,13229,0,0
2025-05-27 06:00:00,173.611,174.407,173.591,174.334,13721,0,0
2025-05-27 09:00:00,174.335,174.574,174.059,174.371,23368,0,0
2025-05-27 12:00:00,174.371,174.458,174.118,174.323,17736,0,0
2025-05-27 15:00:00,174.323,174.802,174.313,174.629,25277,0,0
2025-05-27 18:00:00,174.629,174.632,174.368,174.409,13581,0,0
2025-05-27 21:00:00,174.409,174.493,174.317,174.425,7620,0,0
2025-05-28 00:00:00,174.268,174.497,174.158,174.18,5341,0,0
2025-05-28 03:00:00,174.18,174.56,173.988,174.422,17590,0,0
2025-05-28 06:00:00,174.422,174.598,174.187,174.232,14172,0,0
2025-05-28 09:00:00,174.232,174.551,174.065,174.202,18739,0,0
2025-05-28 12:00:00,174.202,174.556,174.156,174.532,13626,0,0
2025-05-28 15:00:00,174.532,175.307,174.473,175.262,24192,0,0
2025-05-28 18:00:00,175.265,175.363,175.115,175.189,13821,0,0
2025-05-28 21:00:00,175.191,175.198,175.013,175.076,12232,0,0
2025-05-29 00:00:00,174.764,175.207,174.476,174.997,15088,0,0
2025-05-29 03:00:00,174.997,175.306,174.94,175.064,26648,0,0
2025-05-29 06:00:00,175.064,175.276,174.998,175.218,12209,0,0
2025-05-29 09:00:00,175.214,175.378,174.955,175.068,20945,0,0
2025-05-29 12:00:00,175.068,175.222,174.947,175.117,15464,0,0
2025-05-29 15:00:00,175.117,175.326,174.921,175.145,29589,0,0
2025-05-29 18:00:00,175.145,175.228,175.04,175.162,18091,0,0
2025-05-29 21:00:00,175.16,175.21,175.051,175.091,11556,0,0
2025-05-30 00:00:00,175.346,175.617,174.861,174.864,8572,0,0
2025-05-30 03:00:00,174.864,175.048,174.701,174.832,17495,0,0
2025-05-30 06:00:00,174.833,174.896,174.66,174.8,11401,0,0
2025-05-30 09:00:00,174.8,174.903,174.602,174.826,20669,0,0
2025-05-30 12:00:00,174.828,175.033,174.498,174.56,16004,0,0
2025-05-30 15:00:00,174.561,175.721,174.367,175.611,32733,0,0
2025-05-30 18:00:00,175.614,175.614,174.956,175.089,22179,0,0
2025-05-30 21:00:00,175.089,175.178,174.848,174.983,12060,0,0
2025-06-02 00:00:00,174.478,175.072,174.474,174.87,8162,0,0
2025-06-02 03:00:00,174.87,174.932,174.51,174.524,16301,0,0
2025-06-02 06:00:00,174.524,174.691,174.48,174.681,12442,0,0
2025-06-02 09:00:00,174.681,174.807,174.493,174.789,21168,0,0
2025-06-02 12:00:00,174.789,175.099,174.329,174.544,18719,0,0
2025-06-02 15:00:00,174.544,174.83,174.454,174.688,26385,0,0
2025-06-02 18:00:00,174.683,174.779,174.536,174.733,17394,0,0
2025-06-02 21:00:00,174.733,174.821,174.583,174.589,11525,0,0
2025-06-03 00:00:00,174.226,174.637,174.19,174.546,6790,0,0
2025-06-03 03:00:00,174.546,175.045,174.54,174.854,14408,0,0
2025-06-03 06:00:00,174.853,174.959,174.673,174.773,10983,0,0
2025-06-03 09:00:00,174.773,174.906,174.326,174.38,16785,0,0
2025-06-03 12:00:00,174.38,174.559,174.207,174.243,14371,0,0
2025-06-03 15:00:00,174.243,174.699,174.137,174.653,25608,0,0
2025-06-03 18:00:00,174.653,174.841,174.559,174.692,13476,0,0
2025-06-03 21:00:00,174.692,174.836,174.643,174.655,9056,0,0
2025-06-04 00:00:00,174.778,174.857,174.49,174.751,5246,0,0
2025-06-04 03:00:00,174.751,175.021,174.633,174.79,16429,0,0
2025-06-04 06:00:00,174.79,175.032,174.749,174.964,11107,0,0
2025-06-04 09:00:00,174.964,175.131,174.725,175.001,15684,0,0
2025-06-04 12:00:00,175.001,175.215,174.825,175.159,13820,0,0
2025-06-04 15:00:00,175.159,175.237,174.593,174.899,28887,0,0
2025-06-04 18:00:00,174.9,174.907,174.513,174.573,17648,0,0
2025-06-04 21:00:00,174.573,174.68,174.293,174.343,9467,0,0
2025-06-05 00:00:00,174.328,174.548,174.194,174.417,7573,0,0
2025-06-05 03:00:00,174.417,174.594,174.353,174.561,15154,0,0
2025-06-05 06:00:00,174.561,174.706,174.368,174.692,12298,0,0
2025-06-05 09:00:00,174.692,174.838,174.595,174.624,16781,0,0
2025-06-05 12:00:00,174.624,174.814,174.522,174.802,15071,0,0
2025-06-05 15:00:00,174.799,175.229,174.442,174.962,38211,0,0
2025-06-05 18:00:00,174.961,175.27,174.955,175.19,18759,0,0
2025-06-05 21:00:00,175.19,175.263,174.957,175.053,15719,0,0
2025-06-06 00:00:00,174.968,175.211,174.538,175.186,6041,0,0
2025-06-06 03:00:00,175.186,175.314,175.082,175.283,12983,0,0
2025-06-06 06:00:00,175.283,175.353,175.199,175.257,9534,0,0
2025-06-06 09:00:00,175.257,175.392,175.21,175.227,16426,0,0
2025-06-06 12:00:00,175.226,175.508,175.194,175.325,13570,0,0
2025-06-06 15:00:00,175.325,176.007,175.29,175.979,36263,0,0
2025-06-06 18:00:00,175.979,176.314,175.896,176.135,19470,0,0
2025-06-06 21:00:00,176.135,176.293,176.05,176.084,8656,0,0
2025-06-09 00:00:00,176.133,176.238,175.917,176.156,5337,0,0
2025-06-09 03:00:00,176.156,176.225,175.922,175.967,12727,0,0
2025-06-09 06:00:00,175.967,175.986,175.842,175.955,8315,0,0
2025-06-09 09:00:00,175.955,175.989,175.689,175.747,15815,0,0
2025-06-09 12:00:00,175.746,176.027,175.58,176.006,14046,0,0
2025-06-09 15:00:00,176.006,176.143,175.908,175.988,18900,0,0
2025-06-09 18:00:00,175.988,176.04,175.842,175.916,11703,0,0
2025-06-09 21:00:00,175.916,176.042,175.866,175.866,7465,0,0
2025-06-10 00:00:00,175.776,176.061,175.541,176.005,5190,0,0
2025-06-10 03:00:00,176.007,176.297,175.873,176.115,16902,0,0
2025-06-10 06:00:00,176.115,176.208,175.85,175.892,14098,0,0
2025-06-10 09:00:00,175.892,176.206,175.768,176.16,20148,0,0
2025-06-10 12:00:00,176.16,176.242,175.971,176.036,13478,0,0
2025-06-10 15:00:00,176.036,176.218,175.891,176.18,19235,0,0
2025-06-10 18:00:00,176.181,176.336,176.078,176.163,13888,0,0
2025-06-10 21:00:00,176.163,176.232,176.028,176.067,9107,0,0
2025-06-11 00:00:00,175.874,176.406,175.781,176.186,8603,0,0
2025-06-11 03:00:00,176.186,176.317,176.101,176.185,15450,0,0
2025-06-11 06:00:00,176.185,176.36,176.138,176.257,9062,0,0
2025-06-11 09:00:00,176.257,176.566,176.207,176.472,15622,0,0
2025-06-11 12:00:00,176.472,176.718,176.412,176.629,14747,0,0
2025-06-11 15:00:00,176.629,176.85,176.133,176.65,30746,0,0
2025-06-11 18:00:00,176.65,176.675,176.228,176.272,15712,0,0
2025-06-11 21:00:00,176.27,176.3,176.062,176.182,12641,0,0
2025-06-12 00:00:00,176.214,176.262,175.917,176.153,7689,0,0
2025-06-12 03:00:00,176.153,176.327,176.059,176.184,17665,0,0
2025-06-12 06:00:00,176.184,176.311,176.073,176.186,10580,0,0
2025-06-12 09:00:00,176.177,176.642,175.876,176.522,21574,0,0
2025-06-12 12:00:00,176.522,176.869,176.385,176.73,19428,0,0
2025-06-12 15:00:00,176.73,176.89,176.506,176.769,28683,0,0
2025-06-12 18:00:00,176.771,176.957,176.648,176.838,19764,0,0
2025-06-12 21:00:00,176.836,177.107,176.821,177.058,10199,0,0
2025-06-13 00:00:00,177.05,177.169,176.759,177.169,6176,0,0
2025-06-13 03:00:00,177.165,177.45,176.905,177.331,36130,0,0
2025-06-13 06:00:00,177.331,177.63,177.157,177.202,19784,0,0
2025-06-13 09:00:00,177.202,177.316,176.939,176.994,26187,0,0
2025-06-13 12:00:00,176.994,177.368,176.962,177.3,22855,0,0
2025-06-13 15:00:00,177.3,177.674,177.213,177.503,22049,0,0
2025-06-13 18:00:00,177.509,177.615,177.357,177.595,16177,0,0
2025-06-13 21:00:00,177.595,177.684,177.259,177.569,13653,0,0
2025-06-16 00:00:00,177.365,178.224,177.087,178.058,23967,5,0
2025-06-16 03:00:00,178.058,178.095,177.691,177.741,19737,5,0
2025-06-16 06:00:00,177.741,177.752,177.497,177.624,14239,5,0
2025-06-16 09:00:00,177.624,177.711,177.406,177.624,23496,5,0
2025-06-16 12:00:00,177.624,177.792,177.576,177.663,17280,5,0
2025-06-16 15:00:00,177.663,177.801,177.414,177.666,32763,4,0
2025-06-16 18:00:00,177.666,177.767,177.54,177.746,17499,4,0
2025-06-16 21:00:00,177.746,177.957,177.709,177.791,12260,4,0
2025-06-17 00:00:00,177.67,177.883,177.467,177.83,9087,5,0
2025-06-17 03:00:00,177.83,178.143,177.794,178.001,19045,5,0
2025-06-17 06:00:00,178.001,178.051,177.613,177.884,15278,5,0
2025-06-17 09:00:00,177.884,178.371,177.794,178.254,26475,5,0
2025-06-17 12:00:00,178.256,178.316,177.778,177.851,19962,5,0
2025-06-17 15:00:00,177.851,178.106,177.597,177.99,33395,4,0
2025-06-17 18:00:00,177.991,178.207,177.959,178.057,22868,4,0
2025-06-17 21:00:00,178.059,178.066,177.796,177.862,16013,4,0
2025-06-18 00:00:00,178.214,178.466,177.675,177.962,6660,5,0
2025-06-18 03:00:00,177.964,178.008,177.76,177.763,18731,5,0
2025-06-18 06:00:00,177.763,177.766,177.493,177.633,11407,5,0
2025-06-18 09:00:00,177.633,177.743,177.386,177.388,21348,5,0
2025-06-18 12:00:00,177.388,177.408,177.046,177.217,18736,4,0
2025-06-18 15:00:00,177.217,177.428,176.951,177.056,28913,4,0
2025-06-18 18:00:00,177.056,177.07,176.841,176.958,17156,4,0
2025-06-18 21:00:00,176.979,177.296,176.878,177.18,30749,4,0
2025-06-19 00:00:00,177.048,177.275,176.837,176.949,7741,5,0
2025-06-19 03:00:00,176.949,177.057,176.749,177.031,17796,5,0
2025-06-19 06:00:00,177.031,177.043,176.874,176.892,12623,5,0
2025-06-19 09:00:00,176.888,178.056,176.832,178.026,24747,4,0
2025-06-19 12:00:00,178.025,178.205,177.801,178.188,17553,4,0
2025-06-19 15:00:00,178.188,178.223,177.742,177.904,20482,4,0
2025-06-19 18:00:00,177.904,177.972,177.786,177.87,12196,4,0
2025-06-19 21:00:00,177.87,178.204,177.812,178.04,7454,4,0
2025-06-20 00:00:00,177.974,178.208,177.781,177.886,7837,5,0
2025-06-20 03:00:00,177.884,178.082,177.777,177.784,15470,4,0
2025-06-20 06:00:00,177.784,178.337,177.756,178.234,13855,4,0
2025-06-20 09:00:00,178.234,178.283,178.01,178.088,18936,4,0
2025-06-20 12:00:00,178.088,178.219,177.881,178.184,16691,4,0
2025-06-20 15:00:00,178.184,178.477,178.051,178.431,29630,4,0
2025-06-20 18:00:00,178.431,178.659,178.424,178.601,18275,4,0
2025-06-20 21:00:00,178.601,178.718,178.456,178.54,10001,4,0
2025-06-23 00:00:00,179.336,179.34,178.707,178.783,11030,5,0
2025-06-23 03:00:00,178.783,179.303,178.682,179.251,23359,5,0
2025-06-23 06:00:00,179.25,180.24,179.211,180.001,17884,5,0
2025-06-23 09:00:00,180.001,180.557,179.959,180.453,28086,4,0
2025-06-23 12:00:00,180.456,180.876,180.38,180.514,27174,4,0
2025-06-23 15:00:00,180.514,180.559,179.788,180.11,37992,4,0
2025-06-23 18:00:00,180.111,180.202,179.849,179.984,31852,4,0
2025-06-23 21:00:00,179.984,180.041,179.783,179.805,16177,4,0
2025-06-24 00:00:00,179.728,179.838,179.412,179.541,11269,5,0
2025-06-24 03:00:00,179.541,179.546,179.084,179.175,20606,5,0
2025-06-24 06:00:00,179.175,179.228,179.014,179.12,12894,5,0
2025-06-24 09:00:00,179.12,179.146,178.628,178.823,30359,4,0
2025-06-24 12:00:00,178.823,179.29,178.793,179.286,21403,4,0
2025-06-24 15:00:00,179.286,179.742,179.235,179.728,34868,4,0
2025-06-24 18:00:00,179.728,180.076,179.698,179.944,22522,4,0
2025-06-24 21:00:00,179.944,180.013,179.735,179.903,10830,4,0
2025-06-25 00:00:00,179.876,180.044,179.701,179.993,6141,5,0
2025-06-25 03:00:00,179.993,180.218,179.729,179.855,17455,5,0
2025-06-25 06:00:00,179.855,180.307,179.798,180.215,10489,5,0
2025-06-25 09:00:00,180.215,180.679,180.174,180.613,21160,4,0
2025-06-25 12:00:00,180.613,180.762,180.277,180.684,18412,1,0
2025-06-25 15:00:00,180.684,180.896,180.557,180.794,26255,4,0
2025-06-25 18:00:00,180.795,180.813,180.539,180.591,18771,4,0
2025-06-25 21:00:00,180.591,180.621,180.401,180.427,11808,4,0
2025-06-26 00:00:00,180.394,180.512,180.184,180.28,7014,5,0
2025-06-26 03:00:00,180.276,180.361,180.028,180.071,14923,5,0
2025-06-26 06:00:00,180.071,180.341,179.974,180.054,12505,5,0
2025-06-26 09:00:00,180.054,180.206,179.604,180.014,28559,5,0
2025-06-26 12:00:00,180.014,180.171,179.908,180.065,21868,4,0
2025-06-26 15:00:00,180.065,180.694,179.915,180.546,36704,4,0
2025-06-26 18:00:00,180.546,180.674,180.389,180.417,22162,4,0
2025-06-26 21:00:00,180.417,180.532,180.319,180.32,11362,4,0
2025-06-27 00:00:00,180.376,180.691,180.144,180.649,6823,5,0
2025-06-27 03:00:00,180.647,180.722,180.143,180.241,17520,5,0
2025-06-27 06:00:00,180.242,180.442,180.126,180.288,12665,5,0
2025-06-27 09:00:00,180.288,180.892,180.187,180.885,22912,4,0
2025-06-27 12:00:00,180.885,181.161,180.778,180.887,17874,4,0
2025-06-27 15:00:00,180.887,181.448,180.786,181.191,35264,3,0
2025-06-27 18:00:00,181.191,181.237,180.795,180.901,21424,3,0
2025-06-27 21:00:00,180.901,181.115,180.86,180.974,12657,4,0
2025-06-30 00:00:00,180.459,181.079,180.45,181.0,9586,5,0
2025-06-30 03:00:00,181.0,181.081,180.482,180.611,17940,5,0
2025-06-30 06:00:00,180.611,180.615,180.247,180.288,14326,5,0
2025-06-30 09:00:00,180.288,180.691,180.199,180.679,25109,5,0
2025-06-30 12:00:00,180.679,181.191,180.655,181.015,20322,5,0
2025-06-30 15:00:00,181.015,181.515,180.892,181.459,30108,4,0
2025-06-30 18:00:00,181.46,181.793,181.318,181.75,24478,4,0
2025-06-30 21:00:00,181.75,181.835,181.44,181.555,14023,4,0
2025-07-01 00:00:00,181.5,181.546,181.225,181.374,4490,5,0
2025-07-01 03:00:00,181.374,181.457,181.154,181.347,14692,5,0
2025-07-01 06:00:00,181.346,181.673,181.247,181.285,11071,5,0
2025-07-01 09:00:00,181.286,181.483,180.853,181.121,25712,4,0
2025-07-01 12:00:00,181.119,181.435,181.014,181.033,24878,4,0
2025-07-01 15:00:00,181.031,181.528,180.92,181.169,35945,4,0
2025-07-01 18:00:00,181.167,181.253,180.897,181.21,22568,4,0
2025-07-01 21:00:00,181.21,181.461,181.144,181.162,11818,4,0
2025-07-02 00:00:00,181.224,181.388,181.067,181.311,4438,5,0
2025-07-02 03:00:00,181.311,181.674,181.271,181.495,14643,3,0
2025-07-02 06:00:00,181.495,181.563,181.372,181.502,11227,2,0
2025-07-02 09:00:00,181.502,181.674,181.384,181.669,21469,2,0
2025-07-02 12:00:00,181.669,181.934,181.535,181.734,19854,2,0
2025-07-02 15:00:00,181.737,181.772,181.305,181.514,38364,2,0
2025-07-02 18:00:00,181.515,181.584,181.327,181.493,18967,2,0
2025-07-02 21:00:00,181.493,181.519,181.348,181.352,9454,2,0
2025-07-03 00:00:00,181.258,181.405,181.113,181.271,4838,3,0
2025-07-03 03:00:00,181.271,181.596,181.252,181.542,12356,2,0
2025-07-03 06:00:00,181.542,181.715,181.517,181.67,8497,2,0
2025-07-03 09:00:00,181.67,181.981,181.598,181.68,19680,2,0
2025-07-03 12:00:00,181.679,181.701,181.278,181.33,15613,2,0
2025-07-03 15:00:00,181.33,182.411,181.07,182.282,41061,1,0
2025-07-03 18:00:00,182.282,182.461,182.148,182.326,17838,2,0
2025-07-03 21:00:00,182.327,182.327,182.155,182.198,7294,2,0
2025-07-04 00:00:00,182.148,182.267,181.978,182.18,5279,3,0
2025-07-04 03:00:00,182.18,182.249,181.951,182.103,13137,2,0
2025-07-04 06:00:00,182.103,182.113,181.951,182.087,9920,2,0
2025-07-04 09:00:00,182.086,182.126,181.763,181.923,19395,2,0
2025-07-04 12:00:00,181.923,182.003,181.825,181.862,16923,2,0
2025-07-04 15:00:00,181.862,182.224,181.774,182.136,14596,2,0
2025-07-04 18:00:00,182.137,182.248,182.016,182.102,23220,2,0
2025-07-04 21:00:00,182.102,182.161,181.66,181.896,37426,3,0
2025-07-07 00:00:00,181.7,182.192,181.595,181.934,6076,3,0
2025-07-07 03:00:00,181.934,182.28,181.708,182.233,15950,3,0
2025-07-07 06:00:00,182.233,182.514,182.15,182.428,13519,2,0
2025-07-07 09:00:00,182.428,182.602,182.058,182.32,22158,2,0
2025-07-07 12:00:00,182.319,182.523,182.295,182.453,17809,2,0
2025-07-07 15:00:00,182.455,183.121,182.362,182.966,22770,2,0
2025-07-07 18:00:00,182.964,183.125,182.857,182.882,21951,2,0
2025-07-07 21:00:00,182.882,183.137,182.86,182.862,11628,2,0
2025-07-08 00:00:00,182.858,183.194,182.76,182.991,5360,3,0
2025-07-08 03:00:00,182.991,183.586,182.96,183.349,16064,2,0
2025-07-08 06:00:00,183.349,183.474,183.182,183.312,12354,0,0
2025-07-08 09:00:00,183.312,183.626,183.252,183.544,20907,2,0
2025-07-08 12:00:00,183.548,183.885,183.458,183.761,16750,2,0
2025-07-08 15:00:00,183.761,184.159,183.597,184.105,26526,2,0
2025-07-08 18:00:00,184.103,184.383,184.025,184.366,21315,2,0
2025-07-08 21:00:00,184.366,184.413,184.098,184.141,10437,2,0
2025-07-09 00:00:00,184.046,184.521,183.674,184.514,5596,2,0
2025-07-09 03:00:00,184.516,184.55,184.288,184.504,15858,2,0
2025-07-09 06:00:00,184.504,184.573,184.348,184.434,10925,2,0
2025-07-09 09:00:00,184.434,184.505,184.02,184.181,19600,2,0
2025-07-09 12:00:00,184.177,184.287,184.013,184.056,16777,2,0
2025-07-09 15:00:00,184.056,184.323,184.009,184.258,27173,2,0
2025-07-09 18:00:00,184.258,184.277,183.955,184.006,15457,2,0
2025-07-09 21:00:00,184.006,184.299,183.961,184.194,10905,2,0
2025-07-10 00:00:00,184.122,184.328,183.957,184.319,5248,3,0
2025-07-10 03:00:00,184.314,184.328,183.922,184.058,12913,2,0
2025-07-10 06:00:00,184.057,184.285,184.049,184.213,7611,2,0
2025-07-10 09:00:00,184.213,184.318,183.886,184.065,16413,2,0
2025-07-10 12:00:00,184.065,184.145,183.804,183.82,13051,2,0
2025-07-10 15:00:00,183.82,183.932,183.674,183.726,29578,2,0
2025-07-10 18:00:00,183.727,183.824,183.508,183.512,17030,2,0
2025-07-10 21:00:00,183.513,183.636,183.377,183.433,9907,2,0
2025-07-11 00:00:00,183.406,183.604,183.269,183.594,5208,3,0
2025-07-11 03:00:00,183.594,184.306,183.379,184.25,18373,2,0
2025-07-11 06:00:00,184.25,184.462,184.181,184.229,11681,2,0
2025-07-11 09:00:00,184.229,184.397,184.075,184.35,18467,2,0
2025-07-11 12:00:00,184.351,184.795,184.297,184.624,16678,2,0
2025-07-11 15:00:00,184.626,185.145,184.371,184.999,27391,2,0
2025-07-11 18:00:00,184.999,185.123,184.946,184.999,15112,2,0
2025-07-11 21:00:00,184.999,185.092,184.886,185.044,8348,2,0
2025-07-14 00:00:00,184.386,185.049,184.385,184.86,8415,3,0
2025-07-14 03:00:00,184.86,184.906,184.551,184.723,15574,3,0
2025-07-14 06:00:00,184.722,184.938,184.64,184.811,12368,2,0
2025-07-14 09:00:00,184.811,184.835,184.494,184.812,19746,2,0
2025-07-14 12:00:00,184.814,185.169,184.672,185.168,16255,2,0
2025-07-14 15:00:00,185.168,185.214,184.977,185.089,23338,2,0
2025-07-14 18:00:00,185.089,185.234,185.058,185.061,15536,2,0
2025-07-14 21:00:00,185.061,185.193,185.048,185.071,7895,2,0
2025-07-15 00:00:00,185.024,185.304,184.894,185.159,3818,3,0
2025-07-15 03:00:00,185.159,185.287,185.132,185.191,10411,2,0
2025-07-15 06:00:00,185.191,185.338,185.169,185.264,6543,2,0
2025-07-15 09:00:00,185.264,185.72,185.248,185.558,15885,2,0
2025-07-15 12:00:00,185.557,185.681,185.445,185.656,14369,2,0
2025-07-15 15:00:00,185.656,186.038,185.379,185.878,36276,0,0
2025-07-15 18:00:00,185.878,185.935,185.614,185.639,19870,2,0
2025-07-15 21:00:00,185.639,185.703,185.575,185.646,8795,2,0
2025-07-16 00:00:00,185.643,185.785,185.473,185.631,5233,3,0
2025-07-16 03:00:00,185.631,185.904,185.535,185.72,11689,2,0
2025-07-16 06:00:00,185.72,186.02,185.694,185.758,10419,2,0
2025-07-16 09:00:00,185.758,185.844,185.599,185.752,18716,2,0
2025-07-16 12:00:00,185.752,185.802,184.91,185.022,15266,2,0
2025-07-16 15:00:00,185.022,185.211,184.456,184.567,33658,2,0
2025-07-16 18:00:00,184.569,185.074,184.292,184.524,48159,2,0
2025-07-16 21:00:00,184.524,184.665,184.421,184.55,14468,2,0
2025-07-17 00:00:00,184.536,184.83,184.329,184.788,5386,4,0
2025-07-17 03:00:00,184.788,185.163,184.786,185.045,15436,3,0
2025-07-17 06:00:00,185.045,185.171,184.948,185.004,9806,3,0
2025-07-17 09:00:00,185.005,185.186,184.612,184.976,23495,3,0
2025-07-17 12:00:00,184.976,185.105,184.698,184.8,17787,2,0
2025-07-17 15:00:00,184.8,184.99,184.362,184.471,34466,2,0
2025-07-17 18:00:00,184.469,184.739,184.436,184.563,17137,2,0
2025-07-17 21:00:00,184.563,184.852,184.536,184.714,9564,3,0
2025-07-18 00:00:00,184.65,184.905,184.497,184.893,5230,3,0
2025-07-18 03:00:00,184.894,185.106,184.8,185.06,12569,3,0
2025-07-18 06:00:00,185.059,185.286,185.029,185.218,10485,3,0
2025-07-18 09:00:00,185.218,185.493,185.087,185.225,17509,2,0
2025-07-18 12:00:00,185.225,185.483,185.171,185.479,16025,2,0
2025-07-18 15:00:00,185.482,185.63,185.41,185.6,27573,2,0
2025-07-18 18:00:00,185.6,185.805,185.591,185.618,18368,2,0
2025-07-18 21:00:00,185.618,185.693,185.536,185.598,8543,3,0
2025-07-21 00:00:00,184.592,185.504,184.592,185.278,8882,3,0
2025-07-21 03:00:00,185.277,185.277,185.017,185.246,14148,2,0
2025-07-21 06:00:00,185.246,185.269,185.063,185.09,9650,2,0
2025-07-21 09:00:00,185.09,185.091,184.578,184.802,21706,2,0
2025-07-21 12:00:00,184.802,184.836,184.55,184.646,18361,2,0
2025-07-21 15:00:00,184.646,184.814,184.354,184.785,25905,2,0
2025-07-21 18:00:00,184.785,184.884,184.452,184.512,17016,2,0
2025-07-21 21:00:00,184.511,184.695,184.494,184.584,8442,2,0
2025-07-22 00:00:00,184.487,184.791,184.333,184.676,5918,3,0
2025-07-22 03:00:00,184.676,184.896,184.651,184.787,11682,2,0
2025-07-22 06:00:00,184.789,185.119,184.726,185.111,8346,2,0
2025-07-22 09:00:00,185.111,185.405,185.011,185.197,16533,2,0
2025-07-22 12:00:00,185.2,185.2,184.631,184.729,16808,2,0
2025-07-22 15:00:00,184.729,184.733,183.881,184.055,31310,2,0
2025-07-22 18:00:00,184.064,184.885,184.063,184.802,19755,2,0
2025-07-22 21:00:00,184.802,185.153,184.793,185.023,8433,2,0
2025-07-23 00:00:00,184.964,185.187,184.6,184.887,9544,3,0
2025-07-23 03:00:00,184.887,185.437,184.313,185.089,21205,3,0
2025-07-23 06:00:00,185.092,185.328,185.002,185.289,10234,3,0
2025-07-23 09:00:00,185.289,185.435,184.823,185.195,22642,3,0
2025-07-23 12:00:00,185.195,185.246,184.144,184.289,17654,2,0
2025-07-23 15:00:00,184.289,184.691,184.221,184.447,27087,2,0
2025-07-23 18:00:00,184.447,184.71,184.288,184.567,24017,2,0
2025-07-23 21:00:00,184.567,185.028,184.513,184.752,11621,2,0
2025-07-24 00:00:00,184.78,184.964,184.575,184.73,7208,2,0
2025-07-24 03:00:00,184.73,184.797,184.204,184.431,17713,2,0
2025-07-24 06:00:00,184.429,184.467,184.2,184.254,12532,2,0
2025-07-24 09:00:00,184.254,184.595,184.224,184.578,21408,2,0
2025-07-24 12:00:00,184.578,184.626,184.363,184.483,18653,2,0
2025-07-24 15:00:00,184.483,184.795,184.302,184.662,35191,2,0
2025-07-24 18:00:00,184.662,184.954,184.568,184.908,19647,2,0
2025-07-24 21:00:00,184.908,184.98,184.735,184.763,10532,2,0
2025-07-25 00:00:00,184.732,185.008,184.632,184.932,6202,3,0
2025-07-25 03:00:00,184.932,185.195,184.922,185.102,16058,2,0
2025-07-25 06:00:00,185.102,185.11,184.557,184.643,11127,2,0
2025-07-25 09:00:00,184.643,185.74,184.574,185.63,24170,1,0
2025-07-25 12:00:00,185.63,185.738,185.289,185.334,17598,2,0
2025-07-25 15:00:00,185.334,185.546,185.196,185.431,30776,2,0
2025-07-25 18:00:00,185.433,185.805,185.315,185.717,16029,2,0
2025-07-25 21:00:00,185.717,185.743,185.554,185.614,8160,2,0
2025-07-28 00:00:00,185.465,185.906,185.21,185.78,5910,3,0
2025-07-28 03:00:00,185.78,185.969,185.651,185.843,19589,2,0
2025-07-28 06:00:00,185.843,185.854,185.64,185.72,12594,2,0
2025-07-28 09:00:00,185.72,186.035,185.5,185.547,27332,2,0
2025-07-28 12:00:00,185.547,185.631,184.816,184.919,22001,2,0
2025-07-28 15:00:00,184.919,185.156,184.558,185.081,30894,2,0
2025-07-28 18:00:00,185.081,185.193,184.849,184.983,17541,2,0
2025-07-28 21:00:00,184.983,185.008,184.737,184.773,6886,2,0
2025-07-29 00:00:00,184.754,184.923,184.634,184.808,4677,2,0
2025-07-29 03:00:00,184.809,185.025,184.705,184.772,14438,2,0
2025-07-29 06:00:00,184.772,184.831,184.291,184.342,9963,2,0
2025-07-29 09:00:00,184.342,184.513,184.115,184.5,25173,2,0
2025-07-29 12:00:00,184.504,184.675,184.312,184.341,19796,2,0
2025-07-29 15:00:00,184.339,184.503,183.884,183.889,27191,2,0
2025-07-29 18:00:00,183.889,184.287,183.776,184.214,22093,2,0
2025-07-29 21:00:00,184.214,184.349,184.083,184.089,8605,2,0
2025-07-30 00:00:00,184.074,184.285,183.912,184.199,4475,3,0
2025-07-30 03:00:00,184.201,184.273,183.966,183.977,14774,2,0
2025-07-30 06:00:00,183.977,183.977,183.626,183.702,10801,2,0
2025-07-30 09:00:00,183.707,184.034,183.629,183.879,23305,2,0
2025-07-30 12:00:00,183.879,183.948,183.578,183.841,18899,1,0
2025-07-30 15:00:00,183.841,183.889,183.33,183.637,34304,2,0
2025-07-30 18:00:00,183.637,183.802,183.444,183.444,17496,2,0
2025-07-30 21:00:00,183.447,183.692,183.341,183.407,29637,3,0
2025-07-31 00:00:00,183.304,183.583,183.198,183.447,7781,3,0
2025-07-31 03:00:00,183.447,183.628,182.84,183.061,14401,2,0
2025-07-31 06:00:00,183.062,183.272,182.668,183.077,13703,2,0
2025-07-31 09:00:00,183.076,184.171,183.036,184.081,28194,2,0
2025-07-31 12:00:00,184.081,184.609,184.061,184.585,21164,2,0
2025-07-31 15:00:00,184.585,185.432,184.449,185.27,32654,2,0
2025-07-31 18:00:00,185.272,185.561,185.219,185.357,23562,2,0
2025-07-31 21:00:00,185.356,185.724,185.351,185.556,14476,2,0
2025-08-01 00:00:00,185.456,185.628,185.204,185.268,9358,2,0
2025-08-01 03:00:00,185.266,185.57,185.15,185.239,18555,2,0
2025-08-01 06:00:00,185.24,185.299,184.8,184.875,12226,2,0
2025-08-01 09:00:00,184.875,185.251,184.301,184.335,21283,2,0
2025-08-01 12:00:00,184.333,184.475,184.207,184.422,23275,2,0
2025-08-01 15:00:00,184.422,184.738,183.604,183.64,62065,0,0
2025-08-01 18:00:00,183.64,183.691,183.09,183.167,35625,2,0
2025-08-01 21:00:00,183.167,183.406,182.935,183.275,22940,2,0
2025-08-04 00:00:00,182.896,183.281,182.424,183.266,11267,2,0
2025-08-04 03:00:00,183.268,183.588,182.975,183.487,26385,2,0
2025-08-04 06:00:00,183.49,183.533,183.319,183.331,16852,2,0
2025-08-04 09:00:00,183.33,183.385,182.713,182.798,30894,2,0
2025-08-04 12:00:00,182.798,182.845,182.456,182.456,27286,2,0
2025-08-04 15:00:00,182.456,182.509,181.964,182.13,37199,0,0
2025-08-04 18:00:00,182.13,182.332,181.884,181.898,23725,1,0
2025-08-04 21:00:00,181.898,182.037,181.783,181.876,14490,2,0
2025-08-05 00:00:00,181.872,182.022,181.744,181.872,11380,3,0
2025-08-05 03:00:00,181.872,181.992,181.715,181.907,20230,2,0
2025-08-05 06:00:00,181.907,181.952,181.639,181.701,13755,2,0
2025-08-05 09:00:00,181.702,182.214,181.594,181.953,24903,2,0
2025-08-05 12:00:00,181.952,182.254,181.752,182.237,20196,2,0
2025-08-05 15:00:00,182.237,182.667,182.181,182.637,38619,2,0
2025-08-05 18:00:00,182.64,182.839,182.566,182.827,24335,2,0
2025-08-05 21:00:00,182.827,182.865,182.699,182.745,12668,2,0
2025-08-06 00:00:00,182.706,182.905,182.503,182.807,9424,2,0
2025-08-06 03:00:00,182.807,182.905,182.683,182.721,17241,2,0
2025-08-06 06:00:00,182.723,182.787,182.596,182.699,14641,2,0
2025-08-06 09:00:00,182.699,182.862,182.568,182.73,23487,2,0
2025-08-06 12:00:00,182.73,183.042,182.697,182.827,22799,2,0
2025-08-06 15:00:00,182.827,182.887,182.528,182.543,28406,2,0
2025-08-06 18:00:00,182.543,182.97,182.445,182.453,25433,2,0
2025-08-06 21:00:00,182.455,182.981,182.34,182.667,14647,2,0
2025-08-07 00:00:00,182.696,182.782,182.52,182.633,8481,3,0
2025-08-07 03:00:00,182.633,183.188,182.604,183.141,18461,3,0
2025-08-07 06:00:00,183.141,183.267,182.836,182.937,15470,3,0
2025-08-07 09:00:00,182.937,182.978,182.258,182.61,29683,2,0
2025-08-07 12:00:00,182.61,182.898,182.141,182.169,26582,1,0
2025-08-07 15:00:00,182.169,182.573,182.037,182.557,36192,2,0
2025-08-07 18:00:00,182.557,182.656,182.442,182.517,23727,2,0
2025-08-07 21:00:00,182.517,182.616,182.241,182.41,18024,2,0
2025-08-08 00:00:00,182.376,182.396,182.162,182.23,10036,3,0
2025-08-08 03:00:00,182.233,182.617,182.153,182.488,18327,3,0
2025-08-08 06:00:00,182.488,182.558,182.341,182.517,13732,3,0
2025-08-08 09:00:00,182.517,182.668,182.272,182.631,25219,2,0
2025-08-08 12:00:00,182.63,183.017,182.596,182.956,23237,2,0
2025-08-08 15:00:00,182.956,183.203,182.923,183.069,29179,2,0
2025-08-08 18:00:00,183.069,183.094,182.827,182.9,20790,2,0
2025-08-08 21:00:00,182.896,182.917,182.67,182.672,16925,3,0
2025-08-11 00:00:00,182.252,182.921,182.056,182.846,6781,3,0
2025-08-11 03:00:00,182.846,182.956,182.707,182.886,16108,2,0
2025-08-11 06:00:00,182.886,182.94,182.815,182.921,15059,2,0
2025-08-11 09:00:00,182.921,182.997,182.307,182.479,22105,2,0
2025-08-11 12:00:00,182.477,182.575,182.262,182.35,19784,2,0
2025-08-11 15:00:00,182.347,182.386,181.994,182.197,28279,2,0
2025-08-11 18:00:00,182.197,182.231,181.989,182.196,17917,2,0
2025-08-11 21:00:00,182.196,182.464,182.151,182.3,10511,2,0
2025-08-12 00:00:00,182.293,182.485,182.097,182.428,6695,2,0
2025-08-12 03:00:00,182.425,182.905,182.411,182.851,16457,2,0
2025-08-12 06:00:00,182.851,183.009,182.783,182.887,15469,2,0
2025-08-12 09:00:00,182.887,183.395,182.624,183.249,24523,2,0
2025-08-12 12:00:00,183.249,183.287,182.892,182.956,20374,2,0
2025-08-12 15:00:00,182.956,183.182,182.652,183.097,48273,2,0
2025-08-12 18:00:00,183.097,183.14,182.837,182.968,28591,2,0
2025-08-12 21:00:00,182.968,183.33,182.888,183.221,12688,2,0
2025-08-13 00:00:00,183.234,183.362,183.03,183.297,7543,2,0
2025-08-13 03:00:00,183.297,183.624,183.091,183.536,17731,2,0
2025-08-13 06:00:00,183.536,183.608,183.318,183.409,14838,2,0
2025-08-13 09:00:00,183.41,183.639,183.193,183.302,24958,2,0
2025-08-13 12:00:00,183.302,183.58,183.26,183.381,22158,2,0
2025-08-13 15:00:00,183.381,183.398,182.911,183.048,30315,2,0
2025-08-13 18:00:00,183.048,183.143,182.899,183.046,20074,2,0
2025-08-13 21:00:00,183.047,183.139,182.844,182.852,11082,2,0
2025-08-14 00:00:00,182.844,183.171,182.78,182.804,7355,3,0
2025-08-14 03:00:00,182.804,182.81,181.929,182.133,22889,2,0
2025-08-14 06:00:00,182.133,182.148,181.74,181.818,16785,2,0
2025-08-14 09:00:00,181.818,181.856,181.472,181.664,28978,2,0
2025-08-14 12:00:00,181.664,182.011,181.609,181.888,23574,2,0
2025-08-14 15:00:00,181.888,182.743,181.608,182.738,41688,2,0
2025-08-14 18:00:00,182.738,182.982,182.69,182.87,24231,2,0
2025-08-14 21:00:00,182.87,183.077,182.85,182.892,12560,2,0
2025-08-15 00:00:00,182.93,183.06,182.684,182.866,6045,2,0
2025-08-15 03:00:00,182.868,182.899,182.387,182.524,17199,2,0
2025-08-15 06:00:00,182.524,182.596,182.339,182.534,11991,2,0
2025-08-15 09:00:00,182.534,182.646,182.291,182.393,22644,1,0
2025-08-15 12:00:00,182.39,182.458,182.251,182.399,18092,2,0
2025-08-15 15:00:00,182.399,182.616,182.198,182.394,36157,2,0
2025-08-15 18:00:00,182.394,182.731,182.327,182.646,20106,2,0
2025-08-15 21:00:00,182.645,182.649,182.316,182.322,11731,2,0
2025-08-18 00:00:00,182.585,182.666,182.089,182.538,7681,2,0
2025-08-18 03:00:00,182.538,182.897,182.534,182.846,18189,2,0
2025-08-18 06:00:00,182.847,182.951,182.758,182.866,16076,1,0
2025-08-18 09:00:00,182.866,182.959,182.452,182.541,26127,2,0
2025-08-18 12:00:00,182.545,182.807,182.481,182.774,20280,1,0
2025-08-18 15:00:00,182.772,183.323,182.762,183.291,26636,1,0
2025-08-18 18:00:00,183.291,183.327,182.946,182.988,18548,1,0
2025-08-18 21:00:00,182.988,183.256,182.954,183.024,10198,1,0
2025-08-19 00:00:00,183.007,183.264,182.779,183.201,7135,1,0
2025-08-19 03:00:00,183.201,183.232,182.769,183.015,18514,1,0
2025-08-19 06:00:00,183.018,183.172,182.865,182.886,13727,1,0
2025-08-19 09:00:00,182.885,183.359,182.811,183.202,22212,1,0
2025-08-19 12:00:00,183.202,183.517,183.168,183.401,19450,1,0
2025-08-19 15:00:00,183.401,183.553,183.139,183.244,27938,1,0
2025-08-19 18:00:00,183.243,183.252,182.678,182.679,20167,1,0
2025-08-19 21:00:00,182.679,182.8,182.576,182.726,11983,1,0
2025-08-20 00:00:00,182.685,182.897,182.559,182.873,8575,1,0
2025-08-20 03:00:00,182.873,182.885,182.315,182.449,18461,1,0
2025-08-20 06:00:00,182.448,182.606,182.39,182.45,11771,1,0
2025-08-20 09:00:00,182.443,182.729,182.082,182.673,23476,1,0
2025-08-20 12:00:00,182.673,182.742,182.536,182.737,14852,1,0
2025-08-20 15:00:00,182.735,183.068,182.589,182.875,32426,0,0
2025-08-20 18:00:00,182.875,183.136,182.705,183.034,19536,1,0
2025-08-20 21:00:00,183.027,183.358,182.981,183.115,12658,1,0
2025-08-21 00:00:00,183.106,183.326,183.015,183.182,7556,1,0
2025-08-21 03:00:00,183.182,183.295,182.983,183.035,19044,1,0
2025-08-21 06:00:00,183.035,183.208,182.963,183.171,11234,1,0
2025-08-21 09:00:00,183.171,183.376,182.879,183.277,22843,1,0
2025-08-21 12:00:00,183.276,183.551,183.184,183.388,19375,1,0
2025-08-21 15:00:00,183.388,183.409,182.983,183.372,34485,1,0
2025-08-21 18:00:00,183.372,183.541,183.331,183.432,22635,1,0
2025-08-21 21:00:00,183.432,183.499,183.35,183.391,9178,1,0
2025-08-22 00:00:00,183.371,183.54,183.267,183.477,7422,1,0
2025-08-22 03:00:00,183.477,183.588,183.336,183.498,15999,1,0
2025-08-22 06:00:00,183.498,183.625,183.438,183.536,12738,1,0
2025-08-22 09:00:00,183.547,183.651,183.309,183.648,19977,1,0
2025-08-22 12:00:00,183.648,183.989,183.613,183.973,17539,1,0
2025-08-22 15:00:00,183.973,184.032,183.076,183.215,37491,1,0
2025-08-22 18:00:00,183.215,183.257,183.021,183.2,28499,1,0
2025-08-22 21:00:00,183.203,183.442,183.167,183.204,10921,1,0
2025-08-25 00:00:00,183.233,183.566,182.706,183.522,8266,2,0
2025-08-25 03:00:00,183.522,183.677,183.452,183.524,16679,1,0
2025-08-25 06:00:00,183.524,183.587,183.305,183.364,10197,1,0
2025-08-25 09:00:00,183.363,183.742,183.245,183.667,17602,1,0
2025-08-25 12:00:00,183.667,183.707,183.538,183.675,14936,1,0
2025-08-25 15:00:00,183.673,183.878,183.57,183.666,22197,1,0
2025-08-25 18:00:00,183.666,183.81,183.355,183.388,20186,1,0
2025-08-25 21:00:00,183.389,183.468,183.177,183.299,15582,1,0
2025-08-26 00:00:00,183.184,183.473,183.083,183.331,7147,1,0
2025-08-26 03:00:00,183.331,183.39,183.005,183.336,27800,1,0
2025-08-26 06:00:00,183.336,183.533,183.297,183.464,15204,1,0
2025-08-26 09:00:00,183.465,183.481,182.838,182.921,29271,1,0
2025-08-26 12:00:00,182.921,183.291,182.896,183.251,22425,1,0
2025-08-26 15:00:00,183.249,183.638,183.192,183.476,28736,1,0
2025-08-26 18:00:00,183.474,183.522,183.237,183.4,20361,1,0
2025-08-26 21:00:00,183.399,183.531,183.37,183.434,11368,1,0
2025-08-27 00:00:00,183.321,183.56,183.087,183.46,7431,1,0
2025-08-27 03:00:00,183.46,183.638,183.402,183.607,15541,1,0
2025-08-27 06:00:00,183.607,183.791,183.572,183.596,12169,1,0
2025-08-27 09:00:00,183.6,183.618,183.198,183.414,20776,1,0
2025-08-27 12:00:00,183.413,183.616,183.281,183.598,18745,1,0
2025-08-27 15:00:00,183.595,184.086,183.548,183.925,26873,1,0
2025-08-27 18:00:00,183.926,183.958,183.68,183.719,21239,1,0
2025-08-27 21:00:00,183.719,183.813,183.628,183.684,11691,1,0
2025-08-28 00:00:00,183.61,183.814,183.333,183.808,7983,1,0
2025-08-28 03:00:00,183.808,183.958,183.674,183.786,15040,1,0
2025-08-28 06:00:00,183.786,183.854,183.445,183.502,11003,1,0
2025-08-28 09:00:00,183.503,183.863,183.395,183.708,22641,2,0
2025-08-28 12:00:00,183.708,183.815,183.286,183.392,20138,1,0
2025-08-28 15:00:00,183.387,183.512,183.178,183.28,34037,1,0
2025-08-28 18:00:00,183.28,183.453,183.244,183.354,19770,1,0
2025-08-28 21:00:00,183.354,183.374,183.202,183.292,9620,1,0
2025-08-29 00:00:00,183.23,183.397,182.958,183.125,8871,2,0
2025-08-29 03:00:00,183.127,183.258,182.887,182.949,17138,1,0
2025-08-29 06:00:00,182.952,183.274,182.937,183.274,11025,1,0
2025-08-29 09:00:00,183.271,183.695,183.186,183.529,20595,2,0
2025-08-29 12:00:00,183.529,183.609,183.348,183.418,18340,1,0
2025-08-29 15:00:00,183.42,183.842,183.254,183.741,32848,1,0
2025-08-29 18:00:00,183.744,183.835,183.604,183.774,20573,1,0
2025-08-29 21:00:00,183.774,183.8,183.565,183.583,9926,2,0
2025-09-01 00:00:00,183.825,183.825,183.456,183.743,5990,1,0
2025-09-01 03:00:00,183.743,183.961,183.689,183.716,19745,1,0
2025-09-01 06:00:00,183.718,183.928,183.683,183.792,14276,1,0
2025-09-01 09:00:00,183.792,184.127,183.706,184.018,20735,1,0
2025-09-01 12:00:00,184.021,184.098,183.823,183.827,17486,1,0
2025-09-01 15:00:00,183.83,184.091,183.725,184.066,19392,1,0
2025-09-01 18:00:00,184.061,184.069,183.692,183.762,11110,1,0
2025-09-01 21:00:00,183.762,183.905,183.74,183.778,6309,1,0
2025-09-02 00:00:00,183.715,183.885,183.528,183.809,7798,1,0
2025-09-02 03:00:00,183.811,184.324,183.731,184.277,19963,0,0
2025-09-02 06:00:00,184.28,184.518,184.155,184.494,13863,1,0
2025-09-02 09:00:00,184.494,185.13,184.461,184.563,31988,1,0
2025-09-02 12:00:00,184.554,184.845,184.376,184.816,28608,1,0
2025-09-02 15:00:00,184.816,184.963,184.26,184.485,39792,1,0
2025-09-02 18:00:00,184.485,184.665,184.413,184.448,22151,0,0
2025-09-02 21:00:00,184.448,184.503,184.27,184.289,12442,1,0
2025-09-03 00:00:00,184.289,184.547,184.173,184.493,6763,1,0
2025-09-03 03:00:00,184.491,184.833,184.414,184.771,16673,1,0
2025-09-03 06:00:00,184.769,184.838,184.438,184.523,12631,1,0
2025-09-03 09:00:00,184.527,184.875,184.471,184.774,25725,1,0
2025-09-03 12:00:00,184.774,184.915,184.643,184.73,21315,1,0
2025-09-03 15:00:00,184.725,184.795,184.311,184.402,34405,1,0
2025-09-03 18:00:00,184.402,184.464,184.063,184.117,20510,1,0
2025-09-03 21:00:00,184.118,184.215,184.008,184.119,12217,1,0
2025-09-04 00:00:00,184.033,184.23,183.923,184.087,6754,1,0
2025-09-04 03:00:00,184.087,184.239,183.925,184.183,21614,1,0
2025-09-04 06:00:00,184.183,184.344,184.167,184.301,12870,1,0
2025-09-04 09:00:00,184.301,184.343,184.073,184.265,22771,1,0
2025-09-04 12:00:00,184.263,184.311,184.026,184.162,18696,1,0
2025-09-04 15:00:00,184.157,184.448,183.886,184.402,34453,1,0
2025-09-04 18:00:00,184.405,184.485,184.142,184.276,17700,0,0
2025-09-04 21:00:00,184.276,184.376,184.238,184.271,9961,1,0
2025-09-05 00:00:00,184.172,184.367,183.995,184.334,7614,1,0
2025-09-05 03:00:00,184.336,184.358,184.029,184.134,16723,1,0
2025-09-05 06:00:00,184.134,184.313,184.109,184.281,9238,1,0
2025-09-05 09:00:00,184.281,184.487,184.194,184.438,18857,1,0
2025-09-05 12:00:00,184.438,184.565,184.37,184.449,16861,1,0
2025-09-05 15:00:00,184.451,184.6,183.979,184.373,49252,1,0
2025-09-05 18:00:00,184.373,184.663,184.321,184.633,26471,1,0
2025-09-05 21:00:00,184.633,184.741,184.563,184.622,13947,1,0
2025-09-08 00:00:00,185.395,185.953,185.038,185.567,15354,1,0
2025-09-08 03:00:00,185.564,185.892,185.493,185.554,23990,1,0
2025-09-08 06:00:00,185.554,185.823,185.488,185.8,16566,1,0
2025-09-08 09:00:00,185.8,185.869,185.345,185.552,24713,1,0
2025-09-08 12:00:00,185.551,185.891,185.437,185.725,19444,0,0
2025-09-08 15:00:00,185.726,186.225,185.712,186.127,27310,1,0
2025-09-08 18:00:00,186.127,186.147,185.887,185.926,17022,1,0
2025-09-08 21:00:00,185.926,185.986,185.789,185.937,11088,1,0
2025-09-09 00:00:00,185.784,185.945,185.584,185.881,8598,1,0
2025-09-09 03:00:00,185.88,185.967,185.726,185.854,17513,1,0
2025-09-09 06:00:00,185.854,185.892,185.465,185.467,12593,1,0
2025-09-09 09:00:00,185.466,185.836,184.697,184.884,26030,0,0
2025-09-09 12:00:00,184.884,184.896,184.533,184.738,19832,1,0
2025-09-09 15:00:00,184.738,184.979,184.675,184.975,36993,1,0
2025-09-09 18:00:00,184.977,185.052,184.786,184.813,21209,1,0
2025-09-09 21:00:00,184.815,184.882,184.735,184.788,11843,1,0
2025-09-10 00:00:00,184.687,184.987,184.632,184.83,6458,1,0
2025-09-10 03:00:00,184.83,184.85,184.658,184.718,16761,1,0
2025-09-10 06:00:00,184.718,185.057,184.699,185.016,11307,1,0
2025-09-10 09:00:00,185.016,185.059,184.77,184.963,22538,0,0
2025-09-10 12:00:00,184.963,185.058,184.816,185.012,17947,1,0
2025-09-10 15:00:00,185.01,185.018,184.525,184.914,35782,1,0
2025-09-10 18:00:00,184.914,184.994,184.342,184.388,17073,1,0
2025-09-10 21:00:00,184.388,184.512,184.367,184.465,10026,1,0
2025-09-11 00:00:00,184.433,184.533,184.315,184.503,6320,2,0
2025-09-11 03:00:00,184.503,184.619,184.412,184.586,12609,2,0
2025-09-11 06:00:00,184.586,184.659,184.525,184.642,8892,2,0
2025-09-11 09:00:00,184.642,185.013,184.615,184.992,20999,1,0
2025-09-11 12:00:00,184.992,185.176,184.947,185.056,17920,1,0
2025-09-11 15:00:00,185.056,185.124,184.784,184.949,44633,1,0
2025-09-11 18:00:00,184.949,185.018,184.769,185.012,20387,1,0
2025-09-11 21:00:00,185.012,185.086,184.868,184.992,12186,1,0
2025-09-12 00:00:00,184.904,185.032,184.615,184.983,6476,2,0
2025-09-12 03:00:00,184.983,185.169,184.893,185.11,13166,2,0
2025-09-12 06:00:00,185.11,185.217,185.015,185.062,8671,2,0
2025-09-12 09:00:00,185.062,185.539,185.034,185.504,22451,1,0
2025-09-12 12:00:00,185.504,185.571,185.407,185.468,18840,1,0
2025-09-12 15:00:00,185.469,185.507,185.203,185.359,26518,1,0
2025-09-12 18:00:00,185.359,185.505,185.269,185.289,14696,1,0
2025-09-12 21:00:00,185.289,185.451,185.237,185.303,9351,1,0
2025-09-15 00:00:00,185.043,185.504,184.82,185.338,6821,1,0
2025-09-15 03:00:00,185.338,185.367,185.129,185.139,13135,1,0
2025-09-15 06:00:00,185.139,185.203,185.051,185.189,10600,1,0
2025-09-15 09:00:00,185.189,185.226,185.086,185.153,18824,0,0
2025-09-15 12:00:00,185.154,185.484,185.15,185.449,15726,1,0
2025-09-15 15:00:00,185.449,185.507,185.143,185.48,23934,1,0
2025-09-15 18:00:00,185.48,185.559,185.399,185.474,16987,1,0
2025-09-15 21:00:00,185.474,185.585,185.427,185.474,11319,1,0
2025-09-16 00:00:00,185.348,185.519,185.277,185.472,6941,1,0
2025-09-16 03:00:00,185.472,185.651,185.289,185.376,17314,1,0
2025-09-16 06:00:00,185.376,185.424,185.145,185.248,15314,1,0
2025-09-16 09:00:00,185.248,185.579,185.175,185.55,23516,0,0
2025-09-16 12:00:00,185.551,185.957,185.511,185.95,18060,1,0
2025-09-16 15:00:00,185.95,186.166,185.722,186.034,25998,1,0
2025-09-16 18:00:00,186.037,186.246,185.931,186.171,14558,1,0
2025-09-16 21:00:00,186.171,186.364,186.073,186.315,10634,1,0
2025-09-17 00:00:00,186.237,186.352,186.067,186.281,5402,1,0
2025-09-17 03:00:00,186.282,186.308,186.048,186.26,12572,1,0
2025-09-17 06:00:00,186.26,186.268,186.032,186.157,5640,1,0
2025-09-17 09:00:00,186.157,186.246,186.053,186.107,12112,1,0
2025-09-17 12:00:00,186.107,186.118,185.824,185.998,11440,0,0
2025-09-17 15:00:00,185.998,186.078,185.877,185.99,14275,1,0
2025-09-17 18:00:00,185.99,186.047,185.758,185.822,11084,1,0
2025-09-17 21:00:00,185.767,186.338,185.601,186.276,39560,1,0
2025-09-18 00:00:00,186.204,186.366,186.032,186.303,8114,1,0
2025-09-18 03:00:00,186.3,186.382,186.152,186.159,15069,1,0
2025-09-18 06:00:00,186.159,186.38,186.135,186.349,9177,1,0
2025-09-18 09:00:00,186.349,186.906,186.262,186.835,19989,1,0
2025-09-18 12:00:00,186.835,187.056,186.629,186.804,20540,1,0
2025-09-18 15:00:00,186.807,186.971,186.641,186.799,36508,1,0
2025-09-18 18:00:00,186.798,186.892,186.577,186.622,21240,1,0
2025-09-18 21:00:00,186.622,186.722,186.557,186.696,11145,1,0
2025-09-19 00:00:00,186.614,186.782,186.403,186.712,13359,2,0
2025-09-19 03:00:00,186.712,186.822,186.549,186.595,20306,2,0
2025-09-19 06:00:00,186.59,186.639,185.77,186.021,28686,0,0
2025-09-19 09:00:00,186.02,186.388,185.858,185.943,30168,1,0
2025-09-19 12:00:00,185.943,186.179,185.928,186.134,19267,1,0
2025-09-19 15:00:00,186.133,186.267,185.974,186.032,31117,1,0
2025-09-19 18:00:00,186.034,186.124,185.96,186.05,18986,1,0
2025-09-19 21:00:00,186.05,186.065,185.897,185.918,11656,1,0
2025-09-22 00:00:00,185.734,186.079,185.734,186.017,11619,2,0
2025-09-22 03:00:00,186.021,186.183,185.904,186.137,19216,2,0
2025-09-22 06:00:00,186.137,186.2,186.027,186.171,14007,2,0
2025-09-22 09:00:00,186.171,186.253,186.012,186.19,21821,1,0
2025-09-22 12:00:00,186.19,186.407,186.108,186.36,16868,1,0
2025-09-22 15:00:00,186.362,186.463,186.213,186.326,24816,1,0
2025-09-22 18:00:00,186.33,186.421,186.245,186.392,15948,1,0
2025-09-22 21:00:00,186.392,186.532,186.345,186.429,10830,1,0
2025-09-23 00:00:00,186.342,186.482,186.129,186.434,8466,2,0
2025-09-23 03:00:00,186.428,186.62,186.385,186.603,18661,1,0
2025-09-23 06:00:00,186.603,186.634,186.44,186.484,13903,1,0
2025-09-23 09:00:00,186.484,186.5,186.252,186.346,22402,1,0
2025-09-23 12:00:00,186.346,186.574,186.282,186.517,16092,0,0
2025-09-23 15:00:00,186.518,186.632,186.311,186.351,32160,0,0
2025-09-23 18:00:00,186.35,186.668,186.342,186.467,26119,1,0
2025-09-23 21:00:00,186.467,186.605,186.36,186.562,15496,1,0
2025-09-24 00:00:00,186.391,186.57,186.266,186.501,10822,1,0
2025-09-24 03:00:00,186.503,186.648,186.346,186.532,17948,1,0
2025-09-24 06:00:00,186.532,186.782,186.484,186.65,12017,1,0
2025-09-24 09:00:00,186.65,186.848,186.506,186.74,21098,1,0
2025-09-24 12:00:00,186.74,186.941,186.611,186.927,19063,1,0
2025-09-24 15:00:00,186.927,187.212,186.917,187.181,26189,0,0
2025-09-24 18:00:00,187.181,187.183,186.95,187.0,15620,1,0
2025-09-24 21:00:00,187.0,187.251,186.988,187.219,9576,1,0
2025-09-25 00:00:00,187.122,187.333,186.99,187.184,8843,1,0
2025-09-25 03:00:00,187.179,187.214,186.984,187.116,16691,1,0
2025-09-25 06:00:00,187.118,187.146,186.966,187.135,10083,1,0
2025-09-25 09:00:00,187.135,187.17,186.745,186.903,20494,1,0
2025-09-25 12:00:00,186.903,187.075,186.883,186.975,16241,1,0
2025-09-25 15:00:00,186.972,187.117,186.655,186.973,37281,1,0
2025-09-25 18:00:00,186.973,187.25,186.901,187.185,22058,1,0
2025-09-25 21:00:00,187.185,187.377,187.113,187.284,13593,1,0
2025-09-26 00:00:00,187.187,187.346,186.972,187.314,9029,1,0
2025-09-26 03:00:00,187.31,187.312,187.086,187.239,16077,1,0
2025-09-26 06:00:00,187.239,187.34,187.213,187.323,10013,1,0
2025-09-26 09:00:00,187.323,187.528,187.267,187.373,18465,1,0
2025-09-26 12:00:00,187.374,187.394,187.218,187.291,15861,1,0
2025-09-26 15:00:00,187.293,187.581,187.209,187.235,30951,1,0
2025-09-26 18:00:00,187.235,187.445,187.208,187.402,16872,1,0
2025-09-26 21:00:00,187.402,187.49,187.253,187.266,9777,1,0
2025-09-29 00:00:00,187.054,187.412,187.012,187.345,9649,1,0
2025-09-29 03:00:00,187.345,187.358,187.023,187.096,17510,1,0
2025-09-29 06:00:00,187.096,187.148,186.815,186.849,13955,1,0
2025-09-29 09:00:00,186.849,186.911,186.501,186.584,19014,1,0
2025-09-29 12:00:00,186.584,186.632,186.17,186.274,15972,1,0
2025-09-29 15:00:00,186.276,186.652,186.171,186.398,26708,0,0
2025-09-29 18:00:00,186.398,186.47,186.291,186.306,15878,1,0
2025-09-29 21:00:00,186.306,186.451,186.209,186.216,9204,1,0
2025-09-30 00:00:00,186.131,186.38,186.101,186.367,7333,1,0
2025-09-30 03:00:00,186.362,186.505,186.263,186.422,18483,1,0
2025-09-30 06:00:00,186.422,186.44,185.856,185.926,14445,1,0
2025-09-30 09:00:00,185.926,186.107,185.7,185.71,22086,1,0
2025-09-30 12:00:00,185.717,185.727,185.46,185.572,15814,1,0
2025-09-30 15:00:00,185.572,185.916,185.383,185.618,27664,1,0
2025-09-30 18:00:00,185.618,185.997,185.512,185.817,20216,1,0
2025-09-30 21:00:00,185.817,185.854,185.609,185.655,12459,1,0
2025-10-01 00:00:00,185.543,185.868,185.437,185.849,9436,1,0
2025-10-01 03:00:00,185.849,186.072,185.711,185.755,16587,1,0
2025-10-01 06:00:00,185.758,185.922,185.56,185.591,16587,1,0
2025-10-01 09:00:00,185.591,185.595,184.855,184.911,25843,1,0
2025-10-01 12:00:00,184.911,185.026,184.135,184.146,20138,1,0
2025-10-01 15:00:00,184.146,184.443,183.983,184.238,42441,1,0
2025-10-01 18:00:00,184.24,184.506,184.21,184.457,21558,1,0
2025-10-01 21:00:00,184.457,184.645,184.449,184.463,12114,1,0
2025-10-02 00:00:00,184.37,184.593,184.342,184.582,5735,1,0
2025-10-02 03:00:00,184.582,184.82,184.548,184.805,14613,1,0
2025-10-02 06:00:00,184.805,184.828,184.601,184.702,9337,1,0
2025-10-02 09:00:00,184.705,184.83,184.273,184.359,22291,1,0
2025-10-02 12:00:00,184.356,184.526,184.157,184.473,18518,1,0
2025-10-02 15:00:00,184.473,184.794,184.388,184.552,28608,1,0
2025-10-02 18:00:00,184.552,184.587,184.284,184.341,17481,1,0
2025-10-02 21:00:00,184.341,184.614,184.303,184.537,8559,1,0
2025-10-03 00:00:00,184.433,184.639,184.383,184.623,7125,1,0
2025-10-03 03:00:00,184.621,185.175,184.607,185.08,16131,1,0
2025-10-03 06:00:00,185.078,185.23,185.002,185.204,10685,0,0
2025-10-03 09:00:00,185.204,185.251,184.839,185.033,18357,1,0
2025-10-03 12:00:00,185.032,185.056,184.839,184.971,13425,1,0
2025-10-03 15:00:00,184.971,185.465,184.766,185.401,28534,0,0
2025-10-03 18:00:00,185.401,185.475,185.291,185.336,17604,1,0
2025-10-03 21:00:00,185.339,185.451,185.288,185.322,9815,1,0
2025-10-06 00:00:00,187.629,187.72,186.979,187.628,22365,1,0
2025-10-06 03:00:00,187.628,188.406,187.544,188.302,26161,1,0
2025-10-06 06:00:00,188.299,188.948,188.297,188.751,19537,1,0
2025-10-06 09:00:00,188.751,188.751,187.714,188.273,31364,1,0
2025-10-06 12:00:00,188.276,188.472,188.082,188.448,20488,1,0
2025-10-06 15:00:00,188.451,188.583,187.828,188.543,34023,1,0
2025-10-06 18:00:00,188.543,188.884,188.517,188.811,16528,0,0
2025-10-06 21:00:00,188.813,189.183,188.79,189.104,9745,1,0
2025-10-07 00:00:00,189.001,189.167,188.681,189.141,11973,1,0
2025-10-07 03:00:00,189.139,189.401,189.031,189.185,16147,1,0
2025-10-07 06:00:00,189.185,189.193,188.896,189.066,12597,1,0
2025-10-07 09:00:00,189.066,189.125,188.784,189.015,20898,1,0
2025-10-07 12:00:00,189.015,189.183,188.871,188.945,15150,1,0
2025-10-07 15:00:00,188.945,189.478,188.893,189.438,28121,1,0
2025-10-07 18:00:00,189.438,190.032,189.388,189.946,24381,1,0
2025-10-07 21:00:00,189.946,190.364,189.926,190.249,14889,1,0
2025-10-08 00:00:00,190.155,190.443,190.041,190.385,10523,1,0
2025-10-08 03:00:00,190.385,190.757,190.291,190.495,24560,1,0
2025-10-08 06:00:00,190.495,190.527,190.096,190.273,12035,1,0
2025-10-08 09:00:00,190.271,190.697,190.082,190.666,27866,0,0
2025-10-08 12:00:00,190.667,191.169,190.666,190.806,20305,0,0
2025-10-08 15:00:00,190.806,190.889,190.376,190.517,29605,1,0
2025-10-08 18:00:00,190.515,190.605,190.276,190.509,18628,0,0
2025-10-08 21:00:00,190.518,190.526,190.295,190.309,14932,1,0
2025-10-09 00:00:00,190.287,190.51,190.158,190.508,10801,1,0
2025-10-09 03:00:00,190.508,190.725,190.296,190.415,21399,1,0
2025-10-09 06:00:00,190.415,190.595,190.411,190.548,10081,1,0
2025-10-09 09:00:00,190.548,190.883,190.461,190.517,28449,1,0
2025-10-09 12:00:00,190.519,190.762,190.269,190.695,21426,1,0
2025-10-09 15:00:00,190.695,190.706,189.676,190.228,36995,0,0
2025-10-09 18:00:00,190.228,190.239,189.594,189.722,28745,1,0
2025-10-09 21:00:00,189.722,189.913,189.662,189.832,14149,1,0
2025-10-10 00:00:00,189.75,190.007,189.467,189.815,10544,2,0
2025-10-10 03:00:00,189.815,189.935,189.577,189.666,19157,2,0
2025-10-10 06:00:00,189.668,189.706,189.394,189.67,13613,2,0
2025-10-10 09:00:00,189.67,189.837,189.239,189.603,30584,1,0
2025-10-10 12:00:00,189.603,189.714,189.291,189.306,19559,1,0
2025-10-10 15:00:00,189.306,189.615,189.247,189.459,29164,1,0
2025-10-10 18:00:00,189.459,189.776,189.333,189.428,50421,0,0
2025-10-10 21:00:00,189.428,189.468,188.992,189.154,21529,2,0
2025-10-13 00:00:00,189.389,189.549,189.086,189.527,19053,1,0
2025-10-13 03:00:00,189.527,189.66,189.418,189.592,25979,1,0
2025-10-13 06:00:00,189.592,189.694,189.452,189.51,15705,1,0
2025-10-13 09:00:00,189.51,190.008,189.394,189.456,29866,0,0
2025-10-13 12:00:00,189.456,189.623,189.106,189.129,23438,1,0
2025-10-13 15:00:00,189.129,189.27,189.048,189.214,31671,1,0
2025-10-13 18:00:00,189.213,189.435,189.185,189.335,16892,1,0
2025-10-13 21:00:00,189.335,189.445,189.322,189.342,9400,1,0
2025-10-14 00:00:00,189.217,189.552,189.108,189.543,7591,1,0
2025-10-14 03:00:00,189.543,189.623,189.433,189.483,20783,1,0
2025-10-14 06:00:00,189.483,189.506,189.06,189.12,25457,1,0
2025-10-14 09:00:00,189.107,189.277,188.785,189.188,36146,1,0
2025-10-14 12:00:00,189.191,189.319,188.969,189.024,24249,1,0
2025-10-14 15:00:00,189.024,189.477,188.857,189.339,41199,1,0
2025-10-14 18:00:00,189.338,189.598,189.231,189.461,31237,1,0
2025-10-14 21:00:00,189.461,189.524,189.324,189.471,16870,0,0
2025-10-15 00:00:00,189.416,189.585,189.245,189.276,8236,2,0
2025-10-15 03:00:00,189.28,189.478,188.725,188.771,23429,1,0
2025-10-15 06:00:00,188.771,189.098,188.725,188.968,13002,1,0
2025-10-15 09:00:00,188.972,189.312,188.739,189.071,26241,1,0
2025-10-15 12:00:00,189.071,189.298,188.992,189.258,18870,1,0
2025-10-15 15:00:00,189.257,189.584,189.243,189.573,33124,1,0
2025-10-15 18:00:00,189.574,189.826,189.393,189.752,29329,1,0
2025-10-15 21:00:00,189.75,189.843,189.546,189.552,14181,1,0
2025-10-16 00:00:00,189.534,189.688,189.314,189.542,8146,1,0
2025-10-16 03:00:00,189.543,189.834,189.193,189.761,24905,1,0
2025-10-16 06:00:00,189.761,189.939,189.709,189.818,14259,1,0
2025-10-16 09:00:00,189.818,190.138,189.467,189.867,26519,0,0
2025-10-16 12:00:00,189.866,189.984,189.435,189.459,17184,1,0
2025-10-16 15:00:00,189.455,189.725,189.383,189.626,35286,1,0
2025-10-16 18:00:00,189.626,189.703,189.138,189.454,36324,1,0
2025-10-16 21:00:00,189.455,189.765,189.372,189.672,19829,1,0
2025-10-17 00:00:00,189.583,189.775,189.375,189.591,9025,2,0
2025-10-17 03:00:00,189.587,189.996,189.499,189.936,20810,1,0
2025-10-17 06:00:00,189.936,189.936,189.696,189.718,14002,1,0
2025-10-17 09:00:00,189.718,190.058,189.535,189.75,40087,1,0
2025-10-17 12:00:00,189.749,189.962,189.559,189.812,31383,0,0
2025-10-17 15:00:00,189.812,190.068,189.685,189.793,43100,1,0
2025-10-17 18:00:00,189.793,189.982,189.641,189.863,24300,0,0
2025-10-17 21:00:00,189.864,189.922,189.664,189.672,12249,0,0
2025-10-20 00:00:00,189.867,190.173,189.538,190.157,9288,1,0
2025-10-20 03:00:00,190.157,190.548,190.11,190.197,17537,1,0
2025-10-20 06:00:00,190.196,190.248,189.857,190.007,12227,1,0
2025-10-20 09:00:00,190.007,190.251,189.754,190.007,24773,1,0
2025-10-20 12:00:00,190.007,190.209,189.607,190.164,20685,1,0
2025-10-20 15:00:00,190.164,190.471,190.042,190.434,27686,0,0
2025-10-20 18:00:00,190.433,190.438,190.099,190.293,16035,1,0
2025-10-20 21:00:00,190.293,190.332,190.153,190.173,8261,1,0
2025-10-21 00:00:00,190.063,190.317,190.02,190.313,6163,2,0
2025-10-21 03:00:00,190.318,190.594,190.089,190.55,18055,2,0
2025-10-21 06:00:00,190.55,190.987,190.285,190.953,19430,1,0
2025-10-21 09:00:00,190.954,191.112,190.561,191.025,30168,1,0
2025-10-21 12:00:00,191.024,191.259,190.996,191.207,23392,1,0
2025-10-21 15:00:00,191.207,191.317,190.637,190.869,38515,1,0
2025-10-21 18:00:00,190.869,190.974,190.747,190.869,21160,1,0
2025-10-21 21:00:00,190.869,190.915,190.708,190.75,7853,1,0
2025-10-22 00:00:00,190.711,190.77,190.606,190.61,6886,2,0
2025-10-22 03:00:00,190.61,190.713,190.403,190.554,17681,1,0
2025-10-22 06:00:00,190.554,190.927,190.549,190.922,8948,1,0
2025-10-22 09:00:00,190.922,190.962,190.428,190.528,28906,0,0
2025-10-22 12:00:00,190.531,190.689,190.415,190.63,23979,1,0
2025-10-22 15:00:00,190.634,190.933,190.536,190.887,32304,1,0
2025-10-22 18:00:00,190.889,190.937,190.569,190.658,26034,1,0
2025-10-22 21:00:00,190.656,190.917,190.655,190.88,12034,1,0
2025-10-23 00:00:00,190.784,190.904,190.687,190.892,6440,2,0
2025-10-23 03:00:00,190.892,191.284,190.878,191.193,13541,2,0
2025-10-23 06:00:00,191.194,191.278,191.064,191.144,7286,2,0
2025-10-23 09:00:00,191.144,191.413,191.045,191.355,18939,1,0
2025-10-23 12:00:00,191.355,191.39,191.18,191.274,16388,1,0
2025-10-23 15:00:00,191.274,191.894,191.251,191.878,27456,0,0
2025-10-23 18:00:00,191.88,192.098,191.811,191.837,14616,1,0
2025-10-23 21:00:00,191.837,191.898,191.771,191.869,7643,1,0
2025-10-24 00:00:00,191.697,191.974,191.582,191.927,6362,2,0
2025-10-24 03:00:00,191.927,192.179,191.82,192.067,13725,2,0
2025-10-24 06:00:00,192.067,192.241,191.919,192.125,9282,1,0
2025-10-24 09:00:00,192.125,192.338,192.032,192.191,21937,1,0
2025-10-24 12:00:00,192.191,192.237,191.949,192.059,14882,1,0
2025-10-24 15:00:00,192.057,192.367,191.669,192.094,36960,1,0
2025-10-24 18:00:00,192.095,192.191,191.958,192.079,14272,1,0
2025-10-24 21:00:00,192.079,192.179,192.052,192.07,8143,1,0
2025-10-27 00:00:00,191.652,192.374,191.532,192.274,9005,2,0
2025-10-27 03:00:00,192.274,192.37,192.104,192.245,15440,2,0
2025-10-27 06:00:00,192.244,192.391,192.208,192.272,10170,2,0
2025-10-27 09:00:00,192.268,192.302,191.691,191.708,19928,1,0
2025-10-27 12:00:00,191.711,192.001,191.693,191.919,19703,1,0
2025-10-27 15:00:00,191.919,192.313,191.895,192.197,24300,1,0
2025-10-27 18:00:00,192.198,192.348,192.147,192.332,15403,1,0
2025-10-27 21:00:00,192.33,192.337,192.135,192.178,8631,1,0
2025-10-28 00:00:00,192.073,192.263,191.936,192.155,5743,2,0
2025-10-28 03:00:00,192.155,192.164,191.824,191.925,15682,2,0
2025-10-28 06:00:00,191.927,191.981,191.276,191.461,16439,2,0
2025-10-28 09:00:00,191.461,191.696,191.311,191.371,24935,1,0
2025-10-28 12:00:00,191.373,191.567,191.265,191.361,19575,1,0
2025-10-28 15:00:00,191.361,191.543,191.127,191.506,28217,1,0
2025-10-28 18:00:00,191.506,192.004,191.503,191.841,21352,1,0
2025-10-28 21:00:00,191.841,191.897,191.636,191.701,9538,1,0
2025-10-29 00:00:00,191.565,191.805,191.36,191.375,6933,2,0
2025-10-29 03:00:00,191.375,191.623,191.127,191.491,19955,2,0
2025-10-29 06:00:00,191.495,191.949,191.366,191.817,11145,2,0
2025-10-29 09:00:00,191.815,191.851,191.09,191.209,19295,1,0
2025-10-29 12:00:00,191.209,191.318,190.833,190.945,18064,1,0
2025-10-29 15:00:00,190.945,191.099,190.516,190.752,23639,1,0
2025-10-29 18:00:00,190.755,191.162,190.655,190.934,19110,1,0
2025-10-29 21:00:00,190.934,191.251,190.71,190.864,36284,1,0
2025-10-30 00:00:00,190.791,190.962,190.625,190.902,7426,4,0
2025-10-30 03:00:00,190.9,191.049,190.621,190.658,17753,3,0
2025-10-30 06:00:00,190.658,191.645,190.493,191.614,27808,3,0
2025-10-30 09:00:00,191.614,192.57,191.523,192.493,27497,2,0
2025-10-30 12:00:00,192.493,192.695,192.346,192.496,21876,2,0
2025-10-30 15:00:00,192.494,192.607,192.111,192.432,34696,2,0
2025-10-30 18:00:00,192.432,192.485,192.088,192.119,19046,2,0
2025-10-30 21:00:00,192.119,192.266,192.031,192.235,10972,2,0
2025-10-31 00:00:00,192.057,192.312,191.915,192.011,5782,3,0
2025-10-31 03:00:00,192.008,192.193,191.767,191.942,15150,2,0
2025-10-31 06:00:00,191.942,192.153,191.893,191.983,9922,2,0
2025-10-31 09:00:00,191.984,192.398,191.966,192.257,20385,1,0
2025-10-31 12:00:00,192.257,192.359,191.837,191.87,17152,2,0
2025-10-31 15:00:00,191.873,191.917,191.484,191.571,28207,1,0
2025-10-31 18:00:00,191.57,191.98,191.463,191.664,22865,1,0
2025-10-31 21:00:00,191.664,191.664,191.321,191.345,9167,2,0
2025-11-03 00:00:00,191.604,191.691,191.283,191.528,15306,2,0
2025-11-03 03:00:00,191.528,191.532,191.398,191.472,8179,2,0
2025-11-03 06:00:00,191.472,191.792,191.42,191.768,7853,1,0
2025-11-03 09:00:00,191.768,191.835,190.95,190.982,17142,1,0
2025-11-03 12:00:00,190.978,191.116,190.851,190.986,13425,1,0
2025-11-03 15:00:00,190.982,191.012,190.507,190.832,22210,1,0
2025-11-03 18:00:00,190.832,190.983,190.792,190.893,13081,1,0
2025-11-03 21:00:00,190.892,190.939,190.671,190.774,8079,1,0
2025-11-04 00:00:00,190.699,190.868,190.58,190.707,10517,2,0
2025-11-04 03:00:00,190.706,190.762,190.458,190.479,13119,1,0
2025-11-04 06:00:00,190.477,190.477,189.968,190.234,17154,2,0
2025-11-04 09:00:00,190.234,190.273,189.729,189.796,25181,1,0
2025-11-04 12:00:00,189.796,190.028,189.563,189.731,18588,1,0
2025-11-04 15:00:00,189.731,189.83,189.4,189.555,25606,1,0
2025-11-04 18:00:00,189.558,189.82,189.493,189.595,16096,1,0
2025-11-04 21:00:00,189.595,189.73,189.372,189.54,10092,1,0
2025-11-05 00:00:00,189.526,189.699,189.261,189.265,11909,2,0
2025-11-05 03:00:00,189.265,189.634,189.11,189.581,21447,1,0
2025-11-05 06:00:00,189.58,189.997,189.455,189.916,13296,1,0
2025-11-05 09:00:00,189.913,189.916,189.452,189.601,20521,1,0
2025-11-05 12:00:00,189.601,189.836,189.393,189.82,17509,1,0
2025-11-05 15:00:00,189.82,190.39,189.695,190.227,29942,1,0
2025-11-05 18:00:00,190.227,190.236,189.92,190.081,15025,1,0
2025-11-05 21:00:00,190.081,190.264,190.054,190.167,7801,1,0
2025-11-06 00:00:00,190.109,190.285,189.955,190.204,9705,2,0
2025-11-06 03:00:00,190.21,190.29,190.11,190.139,10674,1,0
2025-11-06 06:00:00,190.137,190.301,190.094,190.192,9080,1,0
2025-11-06 09:00:00,190.191,190.273,189.816,190.043,18520,1,0
2025-11-06 12:00:00,190.043,190.117,189.9,190.046,15919,1,0
2025-11-06 15:00:00,190.046,190.196,189.584,189.655,27734,1,0
2025-11-06 18:00:00,189.655,189.732,189.333,189.718,22312,1,0
2025-11-06 21:00:00,189.718,189.938,189.689,189.814,11482,1,0
2025-11-07 00:00:00,189.683,189.871,189.434,189.823,14272,2,0
2025-11-07 03:00:00,189.823,189.954,189.5,189.569,14231,1,0
2025-11-07 06:00:00,189.569,190.045,189.502,190.024,10787,1,0
2025-11-07 09:00:00,190.024,190.06,189.819,189.922,17718,1,0
2025-11-07 12:00:00,189.922,190.074,189.86,189.984,19053,1,0
2025-11-07 15:00:00,189.984,190.685,189.963,190.299,33768,1,0
2025-11-07 18:00:00,190.299,190.48,190.271,190.434,18055,1,0
2025-11-07 21:00:00,190.435,190.622,190.42,190.462,14291,1,0
2025-11-10 00:00:00,190.799,190.833,190.34,190.822,16740,2,0
2025-11-10 03:00:00,190.823,190.96,190.686,190.888,15020,1,0
2025-11-10 06:00:00,190.888,191.087,190.79,190.924,16428,2,0
2025-11-10 09:00:00,190.924,191.453,190.909,191.277,23054,1,0
2025-11-10 12:00:00,191.279,191.378,191.202,191.331,15816,1,0
2025-11-10 15:00:00,191.331,191.476,191.123,191.126,19203,0,0
