time,open,high,low,close,tick_volume,spread,real_volume
2024-11-11 00:00:00,0.82821,0.82989,0.8282,0.82985,4323,0,0
2024-11-11 03:00:00,0.82982,0.83022,0.82968,0.82981,4390,0,0
2024-11-11 06:00:00,0.82981,0.83006,0.82957,0.82992,4534,0,0
2024-11-11 09:00:00,0.82992,0.8301,0.82795,0.82801,10843,0,0
2024-11-11 12:00:00,0.82802,0.82838,0.8268,0.82695,8138,0,0
2024-11-11 15:00:00,0.82695,0.82784,0.82599,0.82731,11419,0,0
2024-11-11 18:00:00,0.8273,0.8281,0.82715,0.82784,5876,0,0
2024-11-11 21:00:00,0.82784,0.82833,0.82783,0.82793,2607,0,0
2024-11-12 00:00:00,0.82795,0.82843,0.82654,0.82834,3287,0,0
2024-11-12 03:00:00,0.82833,0.82856,0.82785,0.82843,5454,0,0
2024-11-12 06:00:00,0.82843,0.82965,0.82843,0.82922,6796,0,0
2024-11-12 09:00:00,0.82922,0.83021,0.8283,0.82864,12578,0,0
2024-11-12 12:00:00,0.82865,0.82888,0.82758,0.82827,10993,0,0
2024-11-12 15:00:00,0.82827,0.83145,0.82812,0.83121,14637,0,0
2024-11-12 18:00:00,0.83121,0.83323,0.83104,0.83301,13402,0,0
2024-11-12 21:00:00,0.83301,0.8335,0.83289,0.83334,5496,0,0
2024-11-13 00:00:00,0.83329,0.83353,0.83252,0.83326,4196,0,0
2024-11-13 03:00:00,0.83328,0.83364,0.83306,0.83326,6120,0,0
2024-11-13 06:00:00,0.83326,0.83349,0.83275,0.83289,4642,0,0
2024-11-13 09:00:00,0.83289,0.83344,0.83212,0.83339,9339,0,0
2024-11-13 12:00:00,0.8334,0.83436,0.83283,0.83412,9375,0,0
2024-11-13 15:00:00,0.83412,0.83455,0.83182,0.83217,25335,0,0
2024-11-13 18:00:00,0.83216,0.83249,0.83074,0.83104,14015,0,0
2024-11-13 21:00:00,0.83103,0.83164,0.83091,0.83126,6272,0,0
2024-11-14 00:00:00,0.83114,0.83156,0.83043,0.83154,3722,0,0
2024-11-14 03:00:00,0.83155,0.83197,0.83123,0.83158,6941,0,0
2024-11-14 06:00:00,0.83158,0.83174,0.83088,0.83129,5971,0,0
2024-11-14 09:00:00,0.83129,0.83203,0.83065,0.8312,11093,0,0
2024-11-14 12:00:00,0.8312,0.83225,0.83081,0.83189,13275,0,0
2024-11-14 15:00:00,0.83188,0.83236,0.83119,0.83214,19418,0,0
2024-11-14 18:00:00,0.83213,0.83222,0.83105,0.83137,9439,0,0
2024-11-14 21:00:00,0.83137,0.83151,0.83099,0.83127,10982,0,0
2024-11-15 00:00:00,0.83125,0.83177,0.83008,0.8317,3747,0,0
2024-11-15 03:00:00,0.83168,0.83191,0.83142,0.83154,5423,0,0
2024-11-15 06:00:00,0.83154,0.83222,0.83142,0.83196,4509,0,0
2024-11-15 09:00:00,0.83196,0.83501,0.83196,0.83481,11100,0,0
2024-11-15 12:00:00,0.8348,0.835,0.83317,0.83423,9672,0,0
2024-11-15 15:00:00,0.83424,0.83506,0.83327,0.83422,21363,0,0
2024-11-15 18:00:00,0.83423,0.83591,0.83395,0.8354,12580,0,0
2024-11-15 21:00:00,0.8354,0.83567,0.83468,0.83491,8037,0,0
2024-11-18 00:00:00,0.83328,0.8352,0.83302,0.83462,5503,0,0
2024-11-18 03:00:00,0.83461,0.83472,0.83418,0.83435,6762,0,0
2024-11-18 06:00:00,0.83435,0.8346,0.83414,0.83418,4468,0,0
2024-11-18 09:00:00,0.83418,0.8373,0.83399,0.83658,10459,0,0
2024-11-18 12:00:00,0.83659,0.83677,0.83461,0.83536,8912,0,0
2024-11-18 15:00:00,0.83536,0.83715,0.83519,0.83651,10617,0,0
2024-11-18 18:00:00,0.83652,0.83652,0.8353,0.83573,8378,0,0
2024-11-18 21:00:00,0.83572,0.83624,0.8355,0.83596,4953,0,0
2024-11-19 00:00:00,0.83592,0.83617,0.83502,0.83594,3095,0,0
2024-11-19 03:00:00,0.83594,0.83608,0.8353,0.83535,4950,0,0
2024-11-19 06:00:00,0.83534,0.83578,0.83521,0.83557,3906,0,0
2024-11-19 09:00:00,0.83557,0.83564,0.83319,0.83545,17676,0,0
2024-11-19 12:00:00,0.83546,0.83642,0.8348,0.83612,12372,0,0
2024-11-19 15:00:00,0.83613,0.83755,0.83557,0.83593,16710,0,0
2024-11-19 18:00:00,0.83593,0.83595,0.83469,0.83528,9767,0,0
2024-11-19 21:00:00,0.83527,0.83571,0.83498,0.83545,4377,0,0
2024-11-20 00:00:00,0.83541,0.83584,0.83452,0.83543,3771,0,0
2024-11-20 03:00:00,0.83542,0.83557,0.83498,0.835,3180,0,0
2024-11-20 06:00:00,0.83502,0.83512,0.83436,0.83449,2925,0,0
2024-11-20 09:00:00,0.83449,0.83495,0.83257,0.83316,11575,0,0
2024-11-20 12:00:00,0.83316,0.83391,0.83284,0.83352,9707,0,0
2024-11-20 15:00:00,0.83352,0.83401,0.83131,0.83151,15068,0,0
2024-11-20 18:00:00,0.83152,0.83296,0.83136,0.83292,9728,0,0
2024-11-20 21:00:00,0.83293,0.83346,0.83293,0.83324,4602,0,0
2024-11-21 00:00:00,0.8333,0.83352,0.83134,0.83335,2426,0,0
2024-11-21 03:00:00,0.83334,0.83368,0.83327,0.83364,3321,0,0
2024-11-21 06:00:00,0.83367,0.83389,0.83343,0.83343,4363,0,0
2024-11-21 09:00:00,0.83343,0.8341,0.8324,0.83253,12922,0,0
2024-11-21 12:00:00,0.83254,0.83347,0.83209,0.83288,7854,0,0
2024-11-21 15:00:00,0.83287,0.83379,0.83207,0.83296,15992,0,0
2024-11-21 18:00:00,0.83296,0.8331,0.83166,0.83213,14518,0,0
2024-11-21 21:00:00,0.83213,0.83218,0.83172,0.83197,4485,0,0
2024-11-22 00:00:00,0.83199,0.83222,0.83024,0.83203,4367,0,0
2024-11-22 03:00:00,0.83204,0.83241,0.83175,0.83238,4160,0,0
2024-11-22 06:00:00,0.83238,0.83297,0.83218,0.83272,4496,0,0
2024-11-22 09:00:00,0.8327,0.83465,0.82676,0.83133,24004,1,0
2024-11-22 12:00:00,0.83134,0.83296,0.8311,0.83178,15618,0,0
2024-11-22 15:00:00,0.83177,0.83333,0.83045,0.83104,19461,0,0
2024-11-22 18:00:00,0.83105,0.83182,0.8306,0.8316,9624,0,0
2024-11-22 21:00:00,0.83159,0.8317,0.83091,0.83122,5973,0,0
2024-11-25 00:00:00,0.83182,0.83367,0.83136,0.83217,10207,0,0
2024-11-25 03:00:00,0.83215,0.83233,0.8318,0.83202,6794,0,0
2024-11-25 06:00:00,0.83203,0.83238,0.8316,0.83199,5428,0,0
2024-11-25 09:00:00,0.83199,0.83457,0.83091,0.83419,12988,0,0
2024-11-25 12:00:00,0.83418,0.83468,0.83332,0.83431,10049,0,0
2024-11-25 15:00:00,0.83432,0.83613,0.83423,0.83564,17986,0,0
2024-11-25 18:00:00,0.83565,0.83582,0.83413,0.83557,11163,0,0
2024-11-25 21:00:00,0.83557,0.83576,0.83485,0.83511,4918,0,0
2024-11-26 00:00:00,0.83501,0.83546,0.83306,0.8339,11719,0,0
2024-11-26 03:00:00,0.8339,0.83512,0.83383,0.83496,10837,0,0
2024-11-26 06:00:00,0.83496,0.83512,0.8347,0.835,6649,0,0
2024-11-26 09:00:00,0.835,0.83637,0.83467,0.83579,13815,0,0
2024-11-26 12:00:00,0.8358,0.83646,0.83474,0.83481,12103,0,0
2024-11-26 15:00:00,0.83482,0.83595,0.83383,0.83416,17761,0,0
2024-11-26 18:00:00,0.83415,0.83643,0.83392,0.83485,12389,0,0
2024-11-26 21:00:00,0.83484,0.83544,0.83446,0.83453,7000,0,0
2024-11-27 00:00:00,0.83436,0.83464,0.8324,0.83427,6303,0,0
2024-11-27 03:00:00,0.83427,0.8343,0.83354,0.83381,5629,0,0
2024-11-27 06:00:00,0.83383,0.8339,0.83328,0.83345,4109,0,0
2024-11-27 09:00:00,0.83345,0.83555,0.83337,0.83437,15263,0,0
2024-11-27 12:00:00,0.83436,0.83492,0.83363,0.83369,10940,0,0
2024-11-27 15:00:00,0.8337,0.83515,0.8336,0.83382,21048,0,0
2024-11-27 18:00:00,0.83383,0.83457,0.83328,0.83355,11612,0,0
2024-11-27 21:00:00,0.83354,0.83367,0.83314,0.83331,4364,0,0
2024-11-28 00:00:00,0.83285,0.83353,0.83158,0.83279,3076,0,0
2024-11-28 03:00:00,0.8328,0.8334,0.83269,0.83331,7279,0,0
2024-11-28 06:00:00,0.83331,0.83349,0.83284,0.83315,4187,0,0
2024-11-28 09:00:00,0.83315,0.83391,0.83239,0.8325,13454,0,0
2024-11-28 12:00:00,0.83249,0.8333,0.83241,0.83253,6798,0,0
2024-11-28 15:00:00,0.83252,0.83261,0.83148,0.83206,9780,0,0
2024-11-28 18:00:00,0.83206,0.83226,0.83162,0.83191,3240,0,0
2024-11-28 21:00:00,0.83193,0.832,0.83179,0.83186,810,2,0
2024-11-29 00:00:00,0.83181,0.83222,0.8306,0.83153,3802,0,0
2024-11-29 03:00:00,0.83153,0.83197,0.83116,0.8317,9770,0,0
2024-11-29 06:00:00,0.8317,0.8318,0.8313,0.83153,4688,0,0
2024-11-29 09:00:00,0.83153,0.83236,0.83047,0.83179,14570,0,0
2024-11-29 12:00:00,0.83178,0.83318,0.83136,0.83194,11790,0,0
2024-11-29 15:00:00,0.83192,0.8327,0.83095,0.83103,14550,0,0
2024-11-29 18:00:00,0.83102,0.83111,0.83019,0.83089,11538,0,0
2024-11-29 21:00:00,0.8309,0.83094,0.83001,0.83006,14366,2,0
2024-12-02 00:00:00,0.829,0.83048,0.82878,0.83003,7653,0,0
2024-12-02 03:00:00,0.83003,0.83017,0.82915,0.82934,6355,0,0
2024-12-02 06:00:00,0.82934,0.82958,0.82899,0.82906,6464,0,0
2024-12-02 09:00:00,0.82906,0.82923,0.82696,0.82761,15538,0,0
2024-12-02 12:00:00,0.82759,0.82908,0.82706,0.82905,12021,0,0
2024-12-02 15:00:00,0.82904,0.82984,0.82803,0.82905,19381,0,0
2024-12-02 18:00:00,0.82904,0.83004,0.8287,0.82954,13307,0,0
2024-12-02 21:00:00,0.82953,0.83011,0.82916,0.82955,6940,0,0
2024-12-03 00:00:00,0.82942,0.82972,0.82718,0.8293,3651,0,0
2024-12-03 03:00:00,0.82929,0.82979,0.82916,0.82953,5151,0,0
2024-12-03 06:00:00,0.82954,0.82961,0.82896,0.82908,4044,0,0
2024-12-03 09:00:00,0.82908,0.82998,0.82867,0.82984,11144,0,0
2024-12-03 12:00:00,0.82984,0.83125,0.82963,0.83095,9347,0,0
2024-12-03 15:00:00,0.83096,0.83127,0.82999,0.83055,14579,0,0
2024-12-03 18:00:00,0.83056,0.83067,0.82911,0.82912,8885,0,0
2024-12-03 21:00:00,0.82912,0.82942,0.82907,0.82928,4557,0,0
2024-12-04 00:00:00,0.82915,0.82941,0.82819,0.82906,3157,0,0
2024-12-04 03:00:00,0.82907,0.82951,0.82893,0.82915,7722,0,0
2024-12-04 06:00:00,0.82916,0.82954,0.82848,0.82875,6047,0,0
2024-12-04 09:00:00,0.82875,0.83017,0.82774,0.82855,15375,0,0
2024-12-04 12:00:00,0.82854,0.82925,0.82795,0.82829,9940,0,0
2024-12-04 15:00:00,0.82829,0.82968,0.8269,0.82854,19287,0,0
2024-12-04 18:00:00,0.82853,0.82901,0.82794,0.82845,9628,0,0
2024-12-04 21:00:00,0.82845,0.82856,0.82746,0.82755,7059,0,0
2024-12-05 00:00:00,0.82749,0.82813,0.8259,0.82804,2440,0,0
2024-12-05 03:00:00,0.82803,0.82812,0.8277,0.82795,4155,0,0
2024-12-05 06:00:00,0.82796,0.8281,0.82758,0.82775,4471,0,0
2024-12-05 09:00:00,0.82775,0.82806,0.82721,0.82759,8805,0,0
2024-12-05 12:00:00,0.82758,0.82821,0.82729,0.82789,8491,0,0
2024-12-05 15:00:00,0.82787,0.82948,0.8277,0.82873,16108,0,0
2024-12-05 18:00:00,0.82873,0.82945,0.82848,0.82945,8894,0,0
2024-12-05 21:00:00,0.82945,0.8301,0.8294,0.8297,5169,0,0
2024-12-06 00:00:00,0.82962,0.82976,0.82833,0.82944,3655,0,0
2024-12-06 03:00:00,0.82944,0.82964,0.82921,0.82944,5095,0,0
2024-12-06 06:00:00,0.82944,0.82978,0.82939,0.82962,3108,0,0
2024-12-06 09:00:00,0.82962,0.82962,0.82857,0.82898,8089,0,0
2024-12-06 12:00:00,0.82897,0.82941,0.82848,0.82867,6549,0,0
2024-12-06 15:00:00,0.82866,0.83005,0.8279,0.82889,22497,0,0
2024-12-06 18:00:00,0.82891,0.82945,0.82857,0.82871,9538,0,0
2024-12-06 21:00:00,0.82871,0.82942,0.82852,0.82931,3635,0,0
2024-12-09 00:00:00,0.82745,0.82912,0.8274,0.82872,4271,0,0
2024-12-09 03:00:00,0.82872,0.82874,0.82811,0.82815,4317,0,0
2024-12-09 06:00:00,0.82817,0.82849,0.82796,0.82821,4642,0,0
2024-12-09 09:00:00,0.82821,0.82849,0.82724,0.82749,10504,0,0
2024-12-09 12:00:00,0.8275,0.82847,0.82739,0.82813,7227,0,0
2024-12-09 15:00:00,0.82813,0.82855,0.82692,0.82774,12167,0,0
2024-12-09 18:00:00,0.82773,0.82778,0.82702,0.82742,7143,0,0
2024-12-09 21:00:00,0.82743,0.82789,0.82736,0.82765,4023,0,0
2024-12-10 00:00:00,0.82765,0.828,0.82707,0.82774,3098,0,0
2024-12-10 03:00:00,0.82775,0.82831,0.82758,0.82812,5517,0,0
2024-12-10 06:00:00,0.82812,0.82822,0.82788,0.82814,3305,0,0
2024-12-10 09:00:00,0.82814,0.82814,0.82564,0.82569,8780,0,0
2024-12-10 12:00:00,0.82569,0.82587,0.82502,0.82557,7512,0,0
2024-12-10 15:00:00,0.82558,0.82574,0.82439,0.82457,11712,0,0
2024-12-10 18:00:00,0.82458,0.82494,0.82389,0.82453,8848,0,0
2024-12-10 21:00:00,0.82453,0.8247,0.82399,0.8243,4428,0,0
2024-12-11 00:00:00,0.82421,0.8244,0.82398,0.82414,2777,0,0
2024-12-11 03:00:00,0.82413,0.82465,0.82412,0.82423,4055,0,0
2024-12-11 06:00:00,0.82423,0.82459,0.82411,0.82441,2901,0,0
2024-12-11 09:00:00,0.82441,0.82505,0.82351,0.82489,11516,0,0
2024-12-11 12:00:00,0.82488,0.82518,0.82424,0.82436,8237,0,0
2024-12-11 15:00:00,0.82436,0.82522,0.82248,0.82319,18952,0,0
2024-12-11 18:00:00,0.82318,0.82355,0.8227,0.82327,9261,0,0
2024-12-11 21:00:00,0.82327,0.82336,0.823,0.82316,4188,0,0
2024-12-12 00:00:00,0.82314,0.82347,0.82174,0.82286,3104,0,0
2024-12-12 03:00:00,0.82287,0.823,0.8227,0.82294,3582,0,0
2024-12-12 06:00:00,0.82291,0.82335,0.82287,0.82334,3066,0,0
2024-12-12 09:00:00,0.82334,0.82404,0.82316,0.82373,10214,0,0
2024-12-12 12:00:00,0.82372,0.82492,0.82346,0.82414,7721,0,0
2024-12-12 15:00:00,0.82415,0.82725,0.82309,0.82529,24192,0,0
2024-12-12 18:00:00,0.8253,0.82705,0.82524,0.82629,9928,0,0
2024-12-12 21:00:00,0.8263,0.82661,0.82584,0.82585,5280,0,0
2024-12-13 00:00:00,0.82585,0.82688,0.82508,0.82669,4165,0,0
2024-12-13 03:00:00,0.82669,0.82671,0.82604,0.82616,4395,0,0
2024-12-13 06:00:00,0.82617,0.82646,0.82609,0.82631,2862,0,0
2024-12-13 09:00:00,0.82631,0.82998,0.82631,0.82964,10951,0,0
2024-12-13 12:00:00,0.82966,0.83052,0.82911,0.83046,10236,0,0
2024-12-13 15:00:00,0.83047,0.83172,0.82938,0.83148,11974,0,0
2024-12-13 18:00:00,0.83148,0.83176,0.83113,0.83146,8386,0,0
2024-12-13 21:00:00,0.83145,0.83221,0.83145,0.83215,3973,0,0
2024-12-16 00:00:00,0.82995,0.8327,0.8294,0.83262,4432,0,0
2024-12-16 03:00:00,0.83262,0.83277,0.83206,0.83212,4572,0,0
2024-12-16 06:00:00,0.83214,0.83251,0.83205,0.83213,3412,0,0
2024-12-16 09:00:00,0.83213,0.83232,0.82963,0.83019,10840,0,0
2024-12-16 12:00:00,0.83019,0.83041,0.82901,0.82921,7073,0,0
2024-12-16 15:00:00,0.8292,0.82976,0.82775,0.8279,12549,0,0
2024-12-16 18:00:00,0.8279,0.8289,0.82727,0.8286,7837,0,0
2024-12-16 21:00:00,0.8286,0.82885,0.82839,0.82869,3473,0,0
2024-12-17 00:00:00,0.82858,0.82955,0.82734,0.8294,3875,0,0
2024-12-17 03:00:00,0.8294,0.82947,0.82874,0.82885,3125,0,0
2024-12-17 06:00:00,0.82886,0.82898,0.82857,0.82873,2641,0,0
2024-12-17 09:00:00,0.82873,0.82873,0.82587,0.82649,9736,0,0
2024-12-17 12:00:00,0.8265,0.82723,0.82581,0.82645,8529,0,0
2024-12-17 15:00:00,0.82643,0.82826,0.82581,0.82601,12419,0,0
2024-12-17 18:00:00,0.82602,0.82648,0.82496,0.82518,9256,0,0
2024-12-17 21:00:00,0.82517,0.82545,0.82494,0.82525,3321,0,0
2024-12-18 00:00:00,0.8253,0.82612,0.82326,0.82598,2651,0,0
2024-12-18 03:00:00,0.82598,0.8269,0.82591,0.82687,3262,0,0
2024-12-18 06:00:00,0.82687,0.82703,0.82659,0.82669,3213,0,0
2024-12-18 09:00:00,0.82669,0.82779,0.82583,0.82709,7318,0,0
2024-12-18 12:00:00,0.8271,0.82714,0.8251,0.82556,7636,0,0
2024-12-18 15:00:00,0.82558,0.82719,0.82506,0.8252,11280,0,0
2024-12-18 18:00:00,0.8252,0.82582,0.82384,0.82384,7252,0,0
2024-12-18 21:00:00,0.82385,0.82539,0.82299,0.82327,24866,0,0
2024-12-19 00:00:00,0.8234,0.82469,0.82234,0.82442,6817,0,0
2024-12-19 03:00:00,0.82441,0.82487,0.82414,0.82449,6104,0,0
2024-12-19 06:00:00,0.82448,0.82493,0.82427,0.82434,4733,0,0
2024-12-19 09:00:00,0.82434,0.82538,0.82223,0.82241,14660,0,0
2024-12-19 12:00:00,0.82241,0.82657,0.82234,0.82402,13194,0,0
2024-12-19 15:00:00,0.82402,0.82749,0.82394,0.82707,16211,0,0
2024-12-19 18:00:00,0.82708,0.8286,0.8264,0.82807,11613,0,0
2024-12-19 21:00:00,0.82807,0.82931,0.82797,0.82886,5526,0,0
2024-12-20 00:00:00,0.82871,0.82995,0.82767,0.82986,3093,0,0
2024-12-20 03:00:00,0.82986,0.83045,0.8292,0.83027,3821,0,0
2024-12-20 06:00:00,0.83025,0.83031,0.82879,0.82955,5787,0,0
2024-12-20 09:00:00,0.82944,0.8313,0.82941,0.83038,9986,0,0
2024-12-20 12:00:00,0.83039,0.83126,0.82959,0.83064,7626,0,0
2024-12-20 15:00:00,0.83065,0.83068,0.82777,0.82904,16189,0,0
2024-12-20 18:00:00,0.82905,0.82931,0.8271,0.82867,11146,0,0
2024-12-20 21:00:00,0.82868,0.82985,0.82819,0.82969,5937,0,0
2024-12-23 00:00:00,0.82892,0.83142,0.82883,0.82973,4115,0,0
2024-12-23 03:00:00,0.82974,0.82996,0.82931,0.82992,3685,0,0
2024-12-23 06:00:00,0.82992,0.83048,0.82978,0.83019,3415,0,0
2024-12-23 09:00:00,0.83019,0.8305,0.82784,0.82802,7005,0,0
2024-12-23 12:00:00,0.82802,0.8305,0.82774,0.83,7189,0,0
2024-12-23 15:00:00,0.82999,0.83046,0.82921,0.83006,10690,0,0
2024-12-23 18:00:00,0.83006,0.83125,0.83004,0.83075,6313,0,0
2024-12-23 21:00:00,0.83074,0.83074,0.82998,0.83007,3372,0,0
2024-12-24 00:00:00,0.82983,0.83034,0.82771,0.83009,1969,0,0
2024-12-24 03:00:00,0.83009,0.83024,0.82907,0.82922,2185,0,0
2024-12-24 06:00:00,0.8292,0.8296,0.82901,0.82937,1765,0,0
2024-12-24 09:00:00,0.82937,0.82976,0.82892,0.82907,3718,0,0
2024-12-24 12:00:00,0.82907,0.82982,0.82785,0.82797,5177,0,0
2024-12-24 15:00:00,0.82798,0.82907,0.82753,0.82869,7553,0,0
2024-12-24 18:00:00,0.82868,0.82987,0.82858,0.82914,4934,0,0
2024-12-24 21:00:00,0.82914,0.82978,0.82785,0.82801,5607,0,0
2024-12-26 00:00:00,0.82769,0.82922,0.82769,0.82878,2622,0,0
2024-12-26 03:00:00,0.82879,0.82924,0.82871,0.82896,2383,0,0
2024-12-26 06:00:00,0.82896,0.82932,0.82874,0.82917,1827,0,0
2024-12-26 09:00:00,0.82917,0.82995,0.82917,0.82986,2831,0,0
2024-12-26 12:00:00,0.82986,0.83066,0.82983,0.83062,2529,0,0
2024-12-26 15:00:00,0.83063,0.83209,0.83024,0.83197,7612,0,0
2024-12-26 18:00:00,0.83197,0.83246,0.83166,0.832,5155,0,0
2024-12-26 21:00:00,0.83201,0.83204,0.83159,0.83191,2512,0,0
2024-12-27 00:00:00,0.83175,0.83228,0.8299,0.83153,2975,0,0
2024-12-27 03:00:00,0.83154,0.83165,0.83108,0.83127,2531,0,0
2024-12-27 06:00:00,0.83127,0.83143,0.83093,0.83128,2002,0,0
2024-12-27 09:00:00,0.83128,0.83283,0.83086,0.83275,6560,0,0
2024-12-27 12:00:00,0.83275,0.83275,0.83062,0.83097,6766,0,0
2024-12-27 15:00:00,0.83097,0.83119,0.82855,0.82866,10550,0,0
2024-12-27 18:00:00,0.82866,0.82998,0.82823,0.82957,7856,0,0
2024-12-27 21:00:00,0.82958,0.82963,0.82856,0.82866,4197,0,0
2024-12-30 00:00:00,0.82843,0.8297,0.82843,0.82889,2209,0,0
2024-12-30 03:00:00,0.82891,0.829,0.82861,0.82869,1822,0,0
2024-12-30 06:00:00,0.82868,0.82883,0.82841,0.82859,1850,0,0
2024-12-30 09:00:00,0.82859,0.82975,0.82833,0.82957,6549,0,0
2024-12-30 12:00:00,0.82958,0.82989,0.82871,0.82954,7445,0,0
2024-12-30 15:00:00,0.82953,0.82986,0.82722,0.82957,14128,0,0
2024-12-30 18:00:00,0.82958,0.82991,0.82824,0.82869,8739,0,0
2024-12-30 21:00:00,0.82867,0.82911,0.82857,0.82909,3471,0,0
2024-12-31 00:00:00,0.82914,0.82931,0.82777,0.82914,2437,0,0
2024-12-31 03:00:00,0.82914,0.82932,0.82891,0.82925,3592,0,0
2024-12-31 06:00:00,0.82923,0.82944,0.82887,0.82905,1995,0,0
2024-12-31 09:00:00,0.82905,0.83004,0.82858,0.82982,6669,0,0
2024-12-31 12:00:00,0.82982,0.83074,0.82903,0.82935,7530,0,0
2024-12-31 15:00:00,0.82934,0.82984,0.82643,0.82652,16532,0,0
2024-12-31 18:00:00,0.82649,0.82788,0.82627,0.82754,10983,0,0
2024-12-31 21:00:00,0.82754,0.82787,0.82723,0.82745,4496,0,0
2025-01-02 00:00:00,0.8264,0.82779,0.8264,0.82703,4134,0,0
2025-01-02 03:00:00,0.82702,0.82763,0.82665,0.82733,4394,0,0
2025-01-02 06:00:00,0.82732,0.82741,0.82682,0.82715,3539,0,0
2025-01-02 09:00:00,0.82715,0.82957,0.8271,0.82927,8811,0,0
2025-01-02 12:00:00,0.82927,0.83105,0.82847,0.83077,11736,0,0
2025-01-02 15:00:00,0.83076,0.83251,0.83018,0.83023,17553,0,0
2025-01-02 18:00:00,0.83023,0.83036,0.82758,0.82918,15008,0,0
2025-01-02 21:00:00,0.82916,0.8293,0.82852,0.8292,4954,0,0
2025-01-03 00:00:00,0.82813,0.82947,0.82799,0.82931,2557,0,0
2025-01-03 03:00:00,0.8293,0.82931,0.82857,0.82867,2643,0,0
2025-01-03 06:00:00,0.82868,0.8288,0.82846,0.82867,2656,0,0
2025-01-03 09:00:00,0.82867,0.82994,0.82867,0.82947,9102,0,0
2025-01-03 12:00:00,0.82946,0.83005,0.82926,0.82986,6409,0,0
2025-01-03 15:00:00,0.82986,0.8303,0.82893,0.82943,11278,0,0
2025-01-03 18:00:00,0.82943,0.82957,0.8286,0.82906,6811,0,0
2025-01-03 21:00:00,0.82906,0.82984,0.82879,0.82974,3953,0,0
2025-01-06 00:00:00,0.82773,0.83,0.82773,0.82887,3800,0,0
2025-01-06 03:00:00,0.82886,0.82964,0.82876,0.82958,3914,0,0
2025-01-06 06:00:00,0.82957,0.82961,0.82855,0.82877,2998,0,0
2025-01-06 09:00:00,0.82877,0.83024,0.82864,0.83006,11279,0,0
2025-01-06 12:00:00,0.83006,0.83148,0.82883,0.83051,17758,0,0
2025-01-06 15:00:00,0.83053,0.83176,0.82978,0.83094,20861,0,0
2025-01-06 18:00:00,0.83093,0.83103,0.8296,0.83002,8722,0,0
2025-01-06 21:00:00,0.83001,0.83042,0.82967,0.82982,4189,0,0
2025-01-07 00:00:00,0.8294,0.83008,0.82896,0.82988,2953,0,0
2025-01-07 03:00:00,0.82988,0.82992,0.82906,0.82924,3731,0,0
2025-01-07 06:00:00,0.82924,0.82961,0.82907,0.82928,3353,0,0
2025-01-07 09:00:00,0.82928,0.83042,0.82915,0.82999,10032,0,0
2025-01-07 12:00:00,0.83002,0.83055,0.82896,0.82936,9892,0,0
2025-01-07 15:00:00,0.82936,0.83008,0.82867,0.82996,15815,0,0
2025-01-07 18:00:00,0.82996,0.83042,0.82889,0.8291,11397,0,0
2025-01-07 21:00:00,0.82908,0.82924,0.82861,0.82871,3396,0,0
2025-01-08 00:00:00,0.82877,0.82917,0.82828,0.82916,2584,0,0
2025-01-08 03:00:00,0.82916,0.82931,0.82894,0.82923,3653,0,0
2025-01-08 06:00:00,0.82923,0.8294,0.82863,0.82874,2435,0,0
2025-01-08 09:00:00,0.82874,0.8297,0.82839,0.82881,11485,0,0
2025-01-08 12:00:00,0.82881,0.83481,0.82834,0.83349,19992,0,0
2025-01-08 15:00:00,0.83349,0.83519,0.83301,0.8346,20344,0,0
2025-01-08 18:00:00,0.8346,0.83492,0.83378,0.83447,10053,0,0
2025-01-08 21:00:00,0.83442,0.83471,0.83411,0.83462,5459,0,0
2025-01-09 00:00:00,0.8345,0.83479,0.83315,0.83461,2361,0,0
2025-01-09 03:00:00,0.83462,0.83535,0.83443,0.83526,4142,0,0
2025-01-09 06:00:00,0.83526,0.83783,0.83526,0.83774,5649,0,0
2025-01-09 09:00:00,0.83775,0.84034,0.83716,0.8391,17410,0,0
2025-01-09 12:00:00,0.83909,0.84065,0.83733,0.83811,12343,0,0
2025-01-09 15:00:00,0.8381,0.83846,0.83672,0.83713,11851,0,0
2025-01-09 18:00:00,0.83713,0.83777,0.83648,0.83694,5911,0,0
2025-01-09 21:00:00,0.83693,0.8371,0.83658,0.83682,2194,0,0
2025-01-10 00:00:00,0.83661,0.83734,0.83633,0.83721,3162,0,0
2025-01-10 03:00:00,0.83721,0.8375,0.8369,0.83718,4662,0,0
2025-01-10 06:00:00,0.83719,0.83811,0.83704,0.83804,4279,0,0
2025-01-10 09:00:00,0.83804,0.83857,0.83697,0.83722,8517,0,0
2025-01-10 12:00:00,0.83721,0.83839,0.83654,0.83675,7207,1,0
2025-01-10 15:00:00,0.83675,0.83935,0.83647,0.83813,28355,0,0
2025-01-10 18:00:00,0.83812,0.83891,0.83796,0.83853,11156,0,0
2025-01-10 21:00:00,0.83855,0.83928,0.83843,0.83903,4875,0,0
2025-01-13 00:00:00,0.83778,0.83953,0.83778,0.83943,4120,0,0
2025-01-13 03:00:00,0.83943,0.84176,0.83935,0.84125,5404,0,0
2025-01-13 06:00:00,0.8412,0.84186,0.84051,0.84136,5970,0,0
2025-01-13 09:00:00,0.84136,0.84242,0.84045,0.84196,17969,0,0
2025-01-13 12:00:00,0.84197,0.84232,0.8401,0.84158,12797,0,0
2025-01-13 15:00:00,0.84159,0.8419,0.83903,0.83916,15003,0,0
2025-01-13 18:00:00,0.83916,0.83983,0.83876,0.83879,9370,0,0
2025-01-13 21:00:00,0.83878,0.83954,0.83856,0.83935,5258,0,0
2025-01-14 00:00:00,0.83936,0.83999,0.83804,0.83923,7894,0,0
2025-01-14 03:00:00,0.83924,0.83981,0.83892,0.83942,6097,0,0
2025-01-14 06:00:00,0.83942,0.8398,0.8391,0.83943,4249,0,0
2025-01-14 09:00:00,0.83943,0.84252,0.83868,0.84243,13409,0,0
2025-01-14 12:00:00,0.84242,0.84287,0.84153,0.84249,8879,0,0
2025-01-14 15:00:00,0.84249,0.84477,0.84232,0.84381,20305,0,0
2025-01-14 18:00:00,0.8438,0.84507,0.84338,0.84376,10247,0,0
2025-01-14 21:00:00,0.84376,0.84451,0.84352,0.84379,4605,0,0
2025-01-15 00:00:00,0.84355,0.84424,0.84301,0.84414,2649,0,0
2025-01-15 03:00:00,0.84414,0.84459,0.84395,0.84413,2691,0,0
2025-01-15 06:00:00,0.84413,0.84432,0.84364,0.8441,3669,0,0
2025-01-15 09:00:00,0.8441,0.84632,0.84196,0.84379,14792,0,0
2025-01-15 12:00:00,0.8438,0.84385,0.8425,0.8433,7803,0,0
2025-01-15 15:00:00,0.84329,0.84338,0.84047,0.84076,22557,0,0
2025-01-15 18:00:00,0.84075,0.84222,0.84047,0.84164,11216,0,0
2025-01-15 21:00:00,0.84166,0.84181,0.8404,0.84047,3770,0,0
2025-01-16 00:00:00,0.83986,0.84121,0.83945,0.84103,4727,0,0
2025-01-16 03:00:00,0.84102,0.84171,0.84098,0.84155,5809,0,0
2025-01-16 06:00:00,0.84156,0.84228,0.8415,0.84194,3826,0,0
2025-01-16 09:00:00,0.84193,0.84379,0.84189,0.8433,11456,0,0
2025-01-16 12:00:00,0.8433,0.84346,0.84163,0.84215,8136,0,0
2025-01-16 15:00:00,0.84214,0.84338,0.84162,0.84195,20218,0,0
2025-01-16 18:00:00,0.84195,0.84224,0.84108,0.84201,11767,0,0
2025-01-16 21:00:00,0.84202,0.84219,0.84167,0.84176,4839,0,0
2025-01-17 00:00:00,0.84142,0.8424,0.84112,0.84217,3398,0,0
2025-01-17 03:00:00,0.84216,0.84247,0.84189,0.84203,4595,0,0
2025-01-17 06:00:00,0.84202,0.84286,0.84189,0.84222,4330,0,0
2025-01-17 09:00:00,0.84222,0.84534,0.84222,0.84427,13560,0,0
2025-01-17 12:00:00,0.84426,0.84517,0.84354,0.84457,10115,0,0
2025-01-17 15:00:00,0.84458,0.84516,0.84381,0.84433,19789,0,0
2025-01-17 18:00:00,0.84435,0.84503,0.84369,0.84447,8827,0,0
2025-01-17 21:00:00,0.84447,0.84461,0.84389,0.84409,4966,0,0
2025-01-20 00:00:00,0.84265,0.84464,0.84265,0.84417,4699,0,0
2025-01-20 03:00:00,0.84416,0.84444,0.84388,0.84442,5173,0,0
2025-01-20 06:00:00,0.84441,0.84461,0.84364,0.84399,4477,0,0
2025-01-20 09:00:00,0.84399,0.84735,0.84394,0.84629,11655,0,0
2025-01-20 12:00:00,0.84629,0.84683,0.84569,0.84604,7701,0,0
2025-01-20 15:00:00,0.84604,0.8469,0.84505,0.84609,25363,0,0
2025-01-20 18:00:00,0.84609,0.84626,0.84442,0.84489,13903,0,0
2025-01-20 21:00:00,0.8449,0.84524,0.84446,0.84475,8487,0,0
2025-01-21 00:00:00,0.84375,0.84572,0.84349,0.84523,10081,0,0
2025-01-21 03:00:00,0.84523,0.84557,0.84455,0.84484,14437,0,0
2025-01-21 06:00:00,0.84483,0.84567,0.84472,0.84547,5948,0,0
2025-01-21 09:00:00,0.84547,0.84622,0.84488,0.84524,13057,0,0
2025-01-21 12:00:00,0.84523,0.84623,0.8447,0.84557,10204,0,0
2025-01-21 15:00:00,0.84557,0.84597,0.84476,0.84558,17060,0,0
2025-01-21 18:00:00,0.84558,0.84584,0.84506,0.84541,9919,0,0
2025-01-21 21:00:00,0.84543,0.84563,0.84372,0.84373,4846,0,0
2025-01-22 00:00:00,0.84344,0.8445,0.84311,0.8439,7321,0,0
2025-01-22 03:00:00,0.8439,0.84433,0.84373,0.84427,3923,0,0
2025-01-22 06:00:00,0.84427,0.84453,0.8435,0.84436,3724,0,0
2025-01-22 09:00:00,0.84435,0.84577,0.84403,0.84487,12950,0,0
2025-01-22 12:00:00,0.84486,0.84541,0.8446,0.84476,8692,0,0
2025-01-22 15:00:00,0.84476,0.84595,0.84429,0.84587,13592,0,0
2025-01-22 18:00:00,0.84588,0.84637,0.84507,0.84517,7546,0,0
2025-01-22 21:00:00,0.84517,0.84548,0.84505,0.84516,3434,0,0
2025-01-23 00:00:00,0.84455,0.84554,0.84449,0.84528,2686,0,0
2025-01-23 03:00:00,0.84528,0.84541,0.84498,0.84522,7045,0,0
2025-01-23 06:00:00,0.84523,0.84528,0.84494,0.84513,4877,0,0
2025-01-23 09:00:00,0.84513,0.84576,0.84491,0.84529,10180,0,0
2025-01-23 12:00:00,0.84528,0.84546,0.84458,0.84475,8093,0,0
2025-01-23 15:00:00,0.84475,0.84508,0.84357,0.84369,11747,0,0
2025-01-23 18:00:00,0.84369,0.8441,0.84318,0.84344,12311,0,0
2025-01-23 21:00:00,0.84344,0.84348,0.84309,0.84312,5126,0,0
2025-01-24 00:00:00,0.84306,0.84346,0.84235,0.84322,2500,0,0
2025-01-24 03:00:00,0.84322,0.84335,0.84248,0.84288,6531,0,0
2025-01-24 06:00:00,0.84288,0.84347,0.8422,0.84338,6210,0,0
2025-01-24 09:00:00,0.84338,0.8462,0.84322,0.84442,12838,0,0
2025-01-24 12:00:00,0.84442,0.84496,0.84367,0.84401,7225,0,0
2025-01-24 15:00:00,0.84401,0.84436,0.84228,0.8424,12011,0,0
2025-01-24 18:00:00,0.8424,0.84249,0.84084,0.84088,7145,0,0
2025-01-24 21:00:00,0.84088,0.84097,0.84038,0.84074,3344,0,0
2025-01-27 00:00:00,0.84022,0.84083,0.84001,0.84075,3987,0,0
2025-01-27 03:00:00,0.84075,0.84087,0.84033,0.84047,4716,0,0
2025-01-27 06:00:00,0.84047,0.84067,0.8396,0.83996,3781,0,0
2025-01-27 09:00:00,0.83996,0.842,0.83988,0.84002,10659,0,0
2025-01-27 12:00:00,0.84002,0.84139,0.83911,0.84081,10394,0,0
2025-01-27 15:00:00,0.84081,0.84187,0.84045,0.8417,11160,0,0
2025-01-27 18:00:00,0.8417,0.84208,0.84008,0.84028,9988,0,0
2025-01-27 21:00:00,0.84028,0.84032,0.83918,0.83932,6028,0,0
2025-01-28 00:00:00,0.83926,0.83969,0.83803,0.83851,8771,0,0
2025-01-28 03:00:00,0.83851,0.83897,0.83795,0.83828,5690,0,0
2025-01-28 06:00:00,0.83828,0.83902,0.83828,0.83893,3393,0,0
2025-01-28 09:00:00,0.83893,0.83937,0.83797,0.83826,9439,0,0
2025-01-28 12:00:00,0.83827,0.83895,0.83799,0.83851,7572,0,0
2025-01-28 15:00:00,0.83851,0.83958,0.83827,0.83846,9795,0,0
2025-01-28 18:00:00,0.83846,0.83922,0.83826,0.83881,7918,0,0
2025-01-28 21:00:00,0.83881,0.83913,0.8381,0.83818,5086,0,0
2025-01-29 00:00:00,0.83804,0.83868,0.83782,0.83862,3068,0,0
2025-01-29 03:00:00,0.83862,0.83875,0.83815,0.83846,3092,0,0
2025-01-29 06:00:00,0.83846,0.83856,0.83784,0.83784,3320,0,0
2025-01-29 09:00:00,0.83784,0.83822,0.83638,0.83761,10078,0,0
2025-01-29 12:00:00,0.83761,0.83806,0.83717,0.83731,7939,0,0
2025-01-29 15:00:00,0.83731,0.83849,0.83695,0.83795,11499,0,0
2025-01-29 18:00:00,0.83796,0.83823,0.83693,0.83704,9437,0,0
2025-01-29 21:00:00,0.83688,0.83737,0.83646,0.83668,13711,0,0
2025-01-30 00:00:00,0.83616,0.83732,0.83576,0.83711,4048,0,0
2025-01-30 03:00:00,0.83711,0.83736,0.83693,0.83723,3664,0,0
2025-01-30 06:00:00,0.83723,0.83762,0.83704,0.83707,3168,0,0
2025-01-30 09:00:00,0.83707,0.83745,0.83595,0.83643,9150,0,0
2025-01-30 12:00:00,0.83642,0.83688,0.836,0.83644,8146,0,0
2025-01-30 15:00:00,0.83644,0.83903,0.83631,0.8367,16440,0,0
2025-01-30 18:00:00,0.8367,0.83761,0.83627,0.83698,8129,0,0
2025-01-30 21:00:00,0.83698,0.83725,0.8365,0.8369,9772,0,0
2025-01-31 00:00:00,0.83676,0.83701,0.83591,0.83645,3500,0,0
2025-01-31 03:00:00,0.83645,0.83666,0.83618,0.83633,4063,0,0
2025-01-31 06:00:00,0.83633,0.83651,0.83616,0.83628,2787,0,0
2025-01-31 09:00:00,0.83628,0.83743,0.8356,0.83591,10779,0,0
2025-01-31 12:00:00,0.83591,0.83636,0.83548,0.83593,7207,0,0
2025-01-31 15:00:00,0.83593,0.83708,0.83563,0.83671,11762,0,0
2025-01-31 18:00:00,0.83671,0.83691,0.83542,0.83651,13570,0,0
2025-01-31 21:00:00,0.83651,0.83692,0.83549,0.836,11219,0,0
2025-02-03 00:00:00,0.832,0.83422,0.83094,0.83342,15229,0,0
2025-02-03 03:00:00,0.83342,0.83399,0.83241,0.83353,10696,0,0
2025-02-03 06:00:00,0.83353,0.83458,0.83334,0.83353,8810,0,0
2025-02-03 09:00:00,0.83353,0.83384,0.83116,0.83228,14421,0,0
2025-02-03 12:00:00,0.83229,0.83252,0.83082,0.83092,11536,0,0
2025-02-03 15:00:00,0.83093,0.83236,0.82952,0.83113,20793,0,0
2025-02-03 18:00:00,0.83114,0.83131,0.82916,0.82944,16728,0,0
2025-02-03 21:00:00,0.82944,0.83117,0.82929,0.83066,8284,0,0
2025-02-04 00:00:00,0.83071,0.83155,0.82973,0.83049,6399,0,0
2025-02-04 03:00:00,0.83049,0.83109,0.83042,0.83085,3971,0,0
2025-02-04 06:00:00,0.83085,0.83102,0.82968,0.83048,6757,0,0
2025-02-04 09:00:00,0.83048,0.83248,0.83012,0.83207,11235,0,0
2025-02-04 12:00:00,0.83208,0.83259,0.83122,0.8317,7951,0,0
2025-02-04 15:00:00,0.83169,0.83306,0.83141,0.83199,12359,0,0
2025-02-04 18:00:00,0.83199,0.83205,0.831,0.83157,7657,0,0
2025-02-04 21:00:00,0.83157,0.83186,0.83148,0.8315,4154,0,0
2025-02-05 00:00:00,0.83154,0.8317,0.82959,0.83147,3111,0,0
2025-02-05 03:00:00,0.83147,0.83227,0.83135,0.83206,3849,0,0
2025-02-05 06:00:00,0.83206,0.83242,0.83199,0.83233,3334,0,0
2025-02-05 09:00:00,0.83233,0.83261,0.83082,0.83114,10951,0,0
2025-02-05 12:00:00,0.83114,0.83184,0.83042,0.83105,8573,0,0
2025-02-05 15:00:00,0.83105,0.83359,0.83066,0.83257,12850,0,0
2025-02-05 18:00:00,0.83257,0.83316,0.8322,0.83252,6569,0,0
2025-02-05 21:00:00,0.83252,0.83256,0.83159,0.83183,4247,0,0
2025-02-06 00:00:00,0.83175,0.83221,0.83125,0.83157,2420,0,0
2025-02-06 03:00:00,0.83157,0.83206,0.83148,0.83173,3881,0,0
2025-02-06 06:00:00,0.83173,0.8323,0.83163,0.83216,3197,0,0
2025-02-06 09:00:00,0.83217,0.83421,0.83188,0.83372,9342,0,0
2025-02-06 12:00:00,0.83371,0.83781,0.83347,0.83733,12442,0,0
2025-02-06 15:00:00,0.83733,0.83758,0.8348,0.83527,12067,0,0
2025-02-06 18:00:00,0.83527,0.83527,0.83367,0.83454,7299,0,0
2025-02-06 21:00:00,0.83454,0.83528,0.83444,0.83494,3521,0,0
2025-02-07 00:00:00,0.83494,0.83546,0.83383,0.83526,2561,0,0
2025-02-07 03:00:00,0.83526,0.83539,0.83473,0.83519,4456,0,0
2025-02-07 06:00:00,0.83519,0.83552,0.83489,0.83499,3300,0,0
2025-02-07 09:00:00,0.83499,0.83515,0.83371,0.83399,8033,0,0
2025-02-07 12:00:00,0.83399,0.83411,0.83303,0.83348,6854,0,0
2025-02-07 15:00:00,0.83348,0.83432,0.83204,0.8334,16217,0,0
2025-02-07 18:00:00,0.8334,0.83426,0.83186,0.83235,14370,0,0
2025-02-07 21:00:00,0.83235,0.83276,0.83224,0.83272,4859,0,0
2025-02-10 00:00:00,0.83093,0.83234,0.83067,0.83202,5472,0,0
2025-02-10 03:00:00,0.83202,0.83219,0.83171,0.83179,4201,0,0
2025-02-10 06:00:00,0.83179,0.83201,0.83137,0.8315,3390,0,0
2025-02-10 09:00:00,0.8315,0.83287,0.83095,0.83221,9759,0,0
2025-02-10 12:00:00,0.83221,0.83296,0.83194,0.83253,7295,0,0
2025-02-10 15:00:00,0.83253,0.83332,0.83229,0.83256,7920,0,0
2025-02-10 18:00:00,0.83256,0.83349,0.83239,0.83349,4957,0,0
2025-02-10 21:00:00,0.83349,0.8336,0.8332,0.83334,3387,0,0
2025-02-11 00:00:00,0.8331,0.83378,0.8315,0.83359,3863,0,0
2025-02-11 03:00:00,0.83359,0.8339,0.83329,0.8336,3076,0,0
2025-02-11 06:00:00,0.8336,0.83392,0.83349,0.83386,2534,0,0
2025-02-11 09:00:00,0.83386,0.83526,0.83361,0.83441,8673,0,0
2025-02-11 12:00:00,0.83441,0.83526,0.83366,0.8337,6898,0,0
2025-02-11 15:00:00,0.8337,0.83395,0.83242,0.83348,8529,0,0
2025-02-11 18:00:00,0.83348,0.83357,0.83256,0.83264,5286,0,0
2025-02-11 21:00:00,0.83264,0.83356,0.83226,0.83234,5640,0,0
2025-02-12 00:00:00,0.83242,0.83281,0.83158,0.8322,3267,0,0
2025-02-12 03:00:00,0.8322,0.83247,0.83206,0.83222,3520,0,0
2025-02-12 06:00:00,0.83222,0.83252,0.83213,0.83252,3523,0,0
2025-02-12 09:00:00,0.83252,0.83379,0.83236,0.83345,8903,0,0
2025-02-12 12:00:00,0.83345,0.83405,0.83276,0.83303,7244,0,0
2025-02-12 15:00:00,0.83303,0.83476,0.83225,0.83433,15987,0,0
2025-02-12 18:00:00,0.83433,0.83559,0.83403,0.83485,11205,0,0
2025-02-12 21:00:00,0.83485,0.83506,0.83426,0.83437,4008,0,0
2025-02-13 00:00:00,0.83408,0.83497,0.8331,0.83482,3585,0,0
2025-02-13 03:00:00,0.83482,0.83511,0.83475,0.83507,3987,0,0
2025-02-13 06:00:00,0.83507,0.83559,0.8349,0.8352,5542,0,0
2025-02-13 09:00:00,0.83514,0.83516,0.83307,0.83442,11001,0,0
2025-02-13 12:00:00,0.83442,0.83488,0.83329,0.8334,9899,0,0
2025-02-13 15:00:00,0.8334,0.83432,0.83285,0.83311,15009,0,0
2025-02-13 18:00:00,0.83311,0.83328,0.83134,0.83219,11308,0,0
2025-02-13 21:00:00,0.83219,0.83321,0.83214,0.83279,6488,0,0
2025-02-14 00:00:00,0.83276,0.83308,0.83187,0.83278,3481,0,0
2025-02-14 03:00:00,0.83278,0.83289,0.83229,0.83281,4056,0,0
2025-02-14 06:00:00,0.83281,0.83296,0.8324,0.83268,3873,0,0
2025-02-14 09:00:00,0.83268,0.83311,0.83222,0.83265,10083,0,0
2025-02-14 12:00:00,0.83265,0.83286,0.83156,0.83204,7370,0,0
2025-02-14 15:00:00,0.83204,0.83316,0.83188,0.83281,12081,0,0
2025-02-14 18:00:00,0.83281,0.83367,0.83263,0.83355,5502,0,0
2025-02-14 21:00:00,0.83355,0.83381,0.83327,0.83353,4081,0,0
2025-02-17 00:00:00,0.8317,0.8337,0.8317,0.83365,3317,0,0
2025-02-17 03:00:00,0.83365,0.83389,0.83342,0.83345,4922,0,0
2025-02-17 06:00:00,0.83345,0.83353,0.83279,0.83284,2954,0,0
2025-02-17 09:00:00,0.83284,0.83341,0.8314,0.83185,8233,0,0
2025-02-17 12:00:00,0.83185,0.83259,0.83132,0.83151,6425,0,0
2025-02-17 15:00:00,0.83151,0.83219,0.8309,0.83131,5911,0,0
2025-02-17 18:00:00,0.83131,0.83143,0.83004,0.83014,3533,0,0
2025-02-17 21:00:00,0.83014,0.83041,0.82971,0.83027,2054,0,0
2025-02-18 00:00:00,0.83037,0.83093,0.8298,0.83064,2416,0,0
2025-02-18 03:00:00,0.83064,0.83077,0.83016,0.83019,4496,0,0
2025-02-18 06:00:00,0.83019,0.83039,0.8298,0.83009,4103,0,0
2025-02-18 09:00:00,0.83009,0.83015,0.82901,0.82999,8359,0,0
2025-02-18 12:00:00,0.82998,0.8309,0.82993,0.83054,6743,0,0
2025-02-18 15:00:00,0.83053,0.83064,0.82839,0.82962,8503,0,0
2025-02-18 18:00:00,0.82962,0.8299,0.82841,0.8288,5771,0,0
2025-02-18 21:00:00,0.8288,0.82929,0.8281,0.82813,3295,0,0
2025-02-19 00:00:00,0.82821,0.82824,0.82646,0.82794,4264,0,0
2025-02-19 03:00:00,0.82793,0.82866,0.82787,0.8284,4225,0,0
2025-02-19 06:00:00,0.8284,0.82871,0.82816,0.82852,3364,0,0
2025-02-19 09:00:00,0.82853,0.82893,0.82726,0.8274,8415,0,0
2025-02-19 12:00:00,0.8274,0.8288,0.82726,0.82851,7677,0,0
2025-02-19 15:00:00,0.82851,0.82894,0.82781,0.82801,7937,0,0
2025-02-19 18:00:00,0.82801,0.82859,0.82755,0.82852,5575,0,0
2025-02-19 21:00:00,0.82851,0.82884,0.82805,0.82809,3536,0,0
2025-02-20 00:00:00,0.82799,0.82845,0.82741,0.82822,3477,0,0
2025-02-20 03:00:00,0.82822,0.8287,0.82804,0.82836,4317,0,0
2025-02-20 06:00:00,0.82836,0.82838,0.82787,0.82802,5270,0,0
2025-02-20 09:00:00,0.82802,0.82827,0.82698,0.8274,7402,0,0
2025-02-20 12:00:00,0.8274,0.82828,0.82726,0.82824,6530,0,0
2025-02-20 15:00:00,0.82824,0.8288,0.82787,0.82858,8759,0,0
2025-02-20 18:00:00,0.82858,0.82918,0.8279,0.82913,5760,0,0
2025-02-20 21:00:00,0.82913,0.82918,0.82864,0.82881,3471,0,0
2025-02-21 00:00:00,0.82884,0.82894,0.82797,0.82865,4496,0,0
2025-02-21 03:00:00,0.82865,0.82905,0.82845,0.8289,6713,0,0
2025-02-21 06:00:00,0.8289,0.8292,0.82832,0.82837,5192,0,0
2025-02-21 09:00:00,0.82836,0.8284,0.82731,0.8276,9122,0,0
2025-02-21 12:00:00,0.8276,0.82807,0.82716,0.82771,5648,0,0
2025-02-21 15:00:00,0.82771,0.82858,0.827,0.82715,8460,0,0
2025-02-21 18:00:00,0.82715,0.82802,0.8265,0.82786,5759,0,0
2025-02-21 21:00:00,0.82786,0.82842,0.82761,0.82772,3562,0,0
2025-02-24 00:00:00,0.82777,0.82932,0.827,0.82927,5911,0,0
2025-02-24 03:00:00,0.82927,0.8299,0.82926,0.82953,7887,0,0
2025-02-24 06:00:00,0.82953,0.82983,0.82925,0.82974,5049,0,0
2025-02-24 09:00:00,0.82973,0.83019,0.82803,0.82859,7799,0,0
2025-02-24 12:00:00,0.82859,0.82914,0.82784,0.82838,5625,0,0
2025-02-24 15:00:00,0.82838,0.82955,0.82755,0.82953,7355,0,0
2025-02-24 18:00:00,0.82953,0.82965,0.82836,0.82893,5513,0,0
2025-02-24 21:00:00,0.82893,0.82934,0.82885,0.82895,4017,0,0
2025-02-25 00:00:00,0.82892,0.82928,0.82848,0.82913,3651,0,0
2025-02-25 03:00:00,0.82912,0.82925,0.82885,0.82907,5555,0,0
2025-02-25 06:00:00,0.82907,0.82957,0.82884,0.82943,4715,0,0
2025-02-25 09:00:00,0.82944,0.82993,0.82901,0.82963,7528,0,0
2025-02-25 12:00:00,0.82962,0.82975,0.82887,0.82905,5586,0,0
2025-02-25 15:00:00,0.82905,0.83008,0.82852,0.82962,9009,0,0
2025-02-25 18:00:00,0.82962,0.83023,0.82928,0.8297,6457,0,0
2025-02-25 21:00:00,0.82968,0.83011,0.8295,0.83007,3812,0,0
2025-02-26 00:00:00,0.82963,0.83029,0.8286,0.83012,3835,0,0
2025-02-26 03:00:00,0.83012,0.83043,0.82998,0.83039,5095,0,0
2025-02-26 06:00:00,0.83039,0.83046,0.82963,0.82967,4780,0,0
2025-02-26 09:00:00,0.82967,0.83024,0.82939,0.82959,6329,0,0
2025-02-26 12:00:00,0.82959,0.83053,0.82849,0.82863,5453,0,0
2025-02-26 15:00:00,0.82863,0.82898,0.82723,0.82756,8514,0,0
2025-02-26 18:00:00,0.82756,0.82833,0.82657,0.82707,8734,0,0
2025-02-26 21:00:00,0.82707,0.82736,0.82693,0.82703,3652,0,0
2025-02-27 00:00:00,0.827,0.8274,0.8258,0.8272,3499,0,0
2025-02-27 03:00:00,0.8272,0.82743,0.82675,0.82688,5543,0,0
2025-02-27 06:00:00,0.82688,0.82718,0.82675,0.82694,4960,0,0
2025-02-27 09:00:00,0.82694,0.8272,0.82644,0.82691,5447,0,0
2025-02-27 12:00:00,0.82691,0.8271,0.82619,0.82707,4106,0,0
2025-02-27 15:00:00,0.82707,0.8271,0.82428,0.82474,13492,0,0
2025-02-27 18:00:00,0.82474,0.82523,0.82423,0.82488,6544,0,0
2025-02-27 21:00:00,0.82488,0.82539,0.82468,0.82512,4711,0,0
2025-02-28 00:00:00,0.82501,0.82522,0.82358,0.82516,3856,0,0
2025-02-28 03:00:00,0.82516,0.82551,0.82448,0.82548,6283,0,0
2025-02-28 06:00:00,0.82548,0.82586,0.82537,0.82573,4704,0,0
2025-02-28 09:00:00,0.82573,0.82609,0.82523,0.82532,6684,0,0
2025-02-28 12:00:00,0.82532,0.82627,0.82515,0.82585,4878,0,0
2025-02-28 15:00:00,0.82584,0.82631,0.82543,0.82589,9146,0,0
2025-02-28 18:00:00,0.82588,0.82672,0.82477,0.82497,9762,0,0
2025-02-28 21:00:00,0.82497,0.82511,0.82421,0.8248,5210,0,0
2025-03-03 00:00:00,0.82589,0.82672,0.82548,0.82597,5798,0,0
2025-03-03 03:00:00,0.82597,0.82661,0.82592,0.82657,6119,0,0
2025-03-03 06:00:00,0.82657,0.82668,0.82614,0.82623,4247,0,0
2025-03-03 09:00:00,0.82623,0.82637,0.8252,0.82568,7333,0,0
2025-03-03 12:00:00,0.82572,0.82626,0.82504,0.82523,9398,0,0
2025-03-03 15:00:00,0.82523,0.82656,0.82497,0.8256,11457,0,0
2025-03-03 18:00:00,0.8256,0.82622,0.82477,0.82535,7600,0,0
2025-03-03 21:00:00,0.82535,0.82594,0.82512,0.82573,7967,0,0
2025-03-04 00:00:00,0.82558,0.82591,0.8245,0.82584,5116,0,0
2025-03-04 03:00:00,0.82584,0.82613,0.8257,0.82581,8180,0,0
2025-03-04 06:00:00,0.82581,0.82597,0.82538,0.82574,6538,0,0
2025-03-04 09:00:00,0.82574,0.82716,0.82555,0.8261,9111,0,0
2025-03-04 12:00:00,0.8261,0.828,0.82591,0.8279,8390,0,0
2025-03-04 15:00:00,0.8279,0.8287,0.8264,0.82778,13482,0,0
2025-03-04 18:00:00,0.82778,0.82902,0.82698,0.82898,11110,0,0
2025-03-04 21:00:00,0.82899,0.83046,0.82856,0.83038,8679,0,0
2025-03-05 00:00:00,0.83021,0.83125,0.82912,0.83052,5786,0,0
2025-03-05 03:00:00,0.83052,0.83074,0.83013,0.83042,9267,0,0
2025-03-05 06:00:00,0.83042,0.83132,0.83014,0.83084,6507,0,0
2025-03-05 09:00:00,0.83084,0.83463,0.8304,0.83452,12925,0,0
2025-03-05 12:00:00,0.83452,0.83491,0.83223,0.83476,9743,0,0
2025-03-05 15:00:00,0.83476,0.83747,0.83452,0.83662,17528,0,0
2025-03-05 18:00:00,0.83662,0.83807,0.8359,0.83596,12173,0,0
2025-03-05 21:00:00,0.83596,0.83701,0.83576,0.83657,5224,0,0
2025-03-06 00:00:00,0.8364,0.83758,0.83558,0.83728,5779,0,0
2025-03-06 03:00:00,0.83728,0.83835,0.83698,0.83726,8731,0,0
2025-03-06 06:00:00,0.83726,0.83804,0.83701,0.83748,6826,0,0
2025-03-06 09:00:00,0.83748,0.83888,0.83643,0.83872,14413,0,0
2025-03-06 12:00:00,0.83872,0.83894,0.83755,0.83808,9830,0,0
2025-03-06 15:00:00,0.83808,0.84108,0.83754,0.83914,17879,0,0
2025-03-06 18:00:00,0.83914,0.83981,0.83597,0.83689,10610,0,0
2025-03-06 21:00:00,0.83689,0.83794,0.83689,0.83712,5723,0,0
2025-03-07 00:00:00,0.83662,0.83766,0.83593,0.83741,4750,0,0
2025-03-07 03:00:00,0.83741,0.83882,0.83718,0.83846,6939,0,0
2025-03-07 06:00:00,0.83846,0.83956,0.83844,0.83922,6300,0,0
2025-03-07 09:00:00,0.83922,0.84062,0.83902,0.83948,10007,0,0
2025-03-07 12:00:00,0.83948,0.84088,0.83925,0.84071,8488,0,0
2025-03-07 15:00:00,0.84071,0.8418,0.83887,0.8411,16891,0,0
2025-03-07 18:00:00,0.8411,0.84116,0.83935,0.83959,11545,0,0
2025-03-07 21:00:00,0.83959,0.83959,0.83821,0.83822,6157,0,0
2025-03-10 00:00:00,0.83679,0.83986,0.83664,0.83979,5718,0,0
2025-03-10 03:00:00,0.83979,0.83983,0.83918,0.83925,7085,0,0
2025-03-10 06:00:00,0.83925,0.83929,0.83877,0.83911,6337,0,0
2025-03-10 09:00:00,0.83911,0.83977,0.83867,0.83943,9049,0,0
2025-03-10 12:00:00,0.83943,0.84168,0.83799,0.83965,11964,0,0
2025-03-10 15:00:00,0.83965,0.8398,0.83774,0.83958,11243,0,0
2025-03-10 18:00:00,0.83958,0.84134,0.83869,0.841,10386,0,0
2025-03-10 21:00:00,0.84099,0.84163,0.84065,0.84131,7569,0,0
2025-03-11 00:00:00,0.84083,0.84208,0.83874,0.84186,3667,0,0
2025-03-11 03:00:00,0.84186,0.84244,0.84154,0.84225,7369,0,0
2025-03-11 06:00:00,0.84225,0.84225,0.84165,0.84169,6414,0,0
2025-03-11 09:00:00,0.84169,0.84445,0.84152,0.84432,11063,0,0
2025-03-11 12:00:00,0.84432,0.84433,0.84199,0.8437,9018,0,0
2025-03-11 15:00:00,0.8437,0.84475,0.84268,0.84439,13705,0,0
2025-03-11 18:00:00,0.84439,0.84494,0.84315,0.84435,11044,0,0
2025-03-11 21:00:00,0.84435,0.8447,0.84269,0.84314,8155,0,0
2025-03-12 00:00:00,0.84295,0.84324,0.84204,0.84316,3615,0,0
2025-03-12 03:00:00,0.84316,0.84348,0.84294,0.84307,6688,0,0
2025-03-12 06:00:00,0.84307,0.84353,0.84279,0.84317,5743,0,0
2025-03-12 09:00:00,0.84317,0.84415,0.84287,0.84385,8223,0,0
2025-03-12 12:00:00,0.84385,0.84414,0.84172,0.84212,7818,0,0
2025-03-12 15:00:00,0.84212,0.84311,0.83994,0.84292,14967,0,0
2025-03-12 18:00:00,0.84292,0.84314,0.84058,0.8411,8517,0,0
2025-03-12 21:00:00,0.8411,0.84117,0.83921,0.83972,5004,0,0
2025-03-13 00:00:00,0.83933,0.84008,0.83911,0.83963,3032,0,0
2025-03-13 03:00:00,0.83963,0.84011,0.83948,0.84002,5181,0,0
2025-03-13 06:00:00,0.84002,0.8404,0.83978,0.83997,5728,0,0
2025-03-13 09:00:00,0.83997,0.84005,0.8388,0.83975,8585,0,0
2025-03-13 12:00:00,0.83975,0.84026,0.83881,0.83947,8495,0,0
2025-03-13 15:00:00,0.83947,0.8396,0.8373,0.83856,13330,0,0
2025-03-13 18:00:00,0.83856,0.84007,0.83836,0.83881,9552,0,0
2025-03-13 21:00:00,0.83881,0.83885,0.83766,0.83775,4656,0,0
2025-03-14 00:00:00,0.83763,0.83807,0.8366,0.83778,3025,0,0
2025-03-14 03:00:00,0.83778,0.83814,0.83744,0.8377,6227,0,0
2025-03-14 06:00:00,0.8377,0.83799,0.83748,0.83794,6357,0,0
2025-03-14 09:00:00,0.83794,0.83923,0.8374,0.83923,8959,0,0
2025-03-14 12:00:00,0.83924,0.84279,0.8391,0.84214,13346,0,0
2025-03-14 15:00:00,0.84214,0.8428,0.84009,0.84154,11466,0,0
2025-03-14 18:00:00,0.84154,0.84254,0.84095,0.84173,7818,0,0
2025-03-14 21:00:00,0.84173,0.8418,0.84044,0.84076,4174,0,0
2025-03-17 00:00:00,0.8402,0.8417,0.8402,0.84161,4072,0,0
2025-03-17 03:00:00,0.84161,0.8417,0.84098,0.84115,5387,0,0
2025-03-17 06:00:00,0.84115,0.84166,0.84091,0.84093,4679,0,0
2025-03-17 09:00:00,0.84093,0.84143,0.84045,0.84094,7869,0,0
2025-03-17 12:00:00,0.84094,0.84165,0.84028,0.84046,7340,0,0
2025-03-17 15:00:00,0.84046,0.84123,0.83981,0.84086,8931,0,0
2025-03-17 18:00:00,0.84086,0.84154,0.83992,0.84012,5987,0,0
2025-03-17 21:00:00,0.84012,0.84086,0.83998,0.84069,3607,0,0
2025-03-18 00:00:00,0.8407,0.84094,0.83987,0.84088,2885,0,0
2025-03-18 03:00:00,0.84088,0.84092,0.84054,0.84079,5711,0,0
2025-03-18 06:00:00,0.84079,0.84097,0.84061,0.84071,4543,0,0
2025-03-18 09:00:00,0.84071,0.84269,0.84067,0.84263,7307,0,0
2025-03-18 12:00:00,0.84262,0.84285,0.84117,0.84195,7816,0,0
2025-03-18 15:00:00,0.84195,0.8422,0.84084,0.84174,8636,0,0
2025-03-18 18:00:00,0.84172,0.84214,0.84074,0.84197,8760,0,0
2025-03-18 21:00:00,0.84198,0.84199,0.84134,0.84175,3773,0,0
2025-03-19 00:00:00,0.84161,0.8419,0.84032,0.84142,2950,0,0
2025-03-19 03:00:00,0.84142,0.84182,0.84099,0.84168,4808,0,0
2025-03-19 06:00:00,0.84168,0.84202,0.84149,0.84185,4665,0,0
2025-03-19 09:00:00,0.84185,0.84188,0.8391,0.84071,9978,0,0
2025-03-19 12:00:00,0.84071,0.84094,0.8401,0.84059,7058,0,0
2025-03-19 15:00:00,0.84059,0.84112,0.83923,0.83934,7199,0,0
2025-03-19 18:00:00,0.83934,0.83966,0.83805,0.83828,6623,0,0
2025-03-19 21:00:00,0.8379,0.83914,0.83759,0.8384,8885,0,0
2025-03-20 00:00:00,0.83831,0.83877,0.83728,0.83866,3131,0,0
2025-03-20 03:00:00,0.83866,0.83904,0.83859,0.83875,5828,0,0
2025-03-20 06:00:00,0.83875,0.83884,0.83828,0.83846,4178,0,0
2025-03-20 09:00:00,0.83845,0.83892,0.83752,0.83762,8376,0,0
2025-03-20 12:00:00,0.83762,0.83797,0.83656,0.83721,10228,0,0
2025-03-20 15:00:00,0.83721,0.83734,0.83507,0.83523,10367,0,0
2025-03-20 18:00:00,0.83523,0.83694,0.83516,0.83666,6390,0,0
2025-03-20 21:00:00,0.83665,0.83732,0.83664,0.83697,3351,0,0
2025-03-21 00:00:00,0.83673,0.83746,0.83544,0.83712,3075,0,0
2025-03-21 03:00:00,0.83712,0.83728,0.83675,0.83679,5568,0,0
2025-03-21 06:00:00,0.83679,0.83758,0.83673,0.83752,4886,0,0
2025-03-21 09:00:00,0.83752,0.83814,0.83707,0.83737,7962,0,0
2025-03-21 12:00:00,0.83737,0.83822,0.83674,0.83817,6845,0,0
2025-03-21 15:00:00,0.83818,0.83837,0.83676,0.83682,8916,0,0
2025-03-21 18:00:00,0.83682,0.8385,0.83676,0.8375,8424,0,0
2025-03-21 21:00:00,0.8375,0.83761,0.83704,0.83735,3891,0,0
2025-03-24 00:00:00,0.83773,0.83841,0.83705,0.83833,3810,0,0
2025-03-24 03:00:00,0.83833,0.83841,0.83747,0.83758,5945,0,0
2025-03-24 06:00:00,0.83758,0.83814,0.83752,0.83797,5527,0,0
2025-03-24 09:00:00,0.83797,0.83803,0.83694,0.83711,9261,0,0
2025-03-24 12:00:00,0.83711,0.83726,0.83593,0.83683,8508,0,0
2025-03-24 15:00:00,0.83683,0.83683,0.83456,0.83537,9775,0,0
2025-03-24 18:00:00,0.83537,0.83654,0.83535,0.83556,7677,0,0
2025-03-24 21:00:00,0.83556,0.83628,0.83554,0.83569,3719,0,0
2025-03-25 00:00:00,0.83563,0.83611,0.83507,0.8359,2763,0,0
2025-03-25 03:00:00,0.8359,0.83629,0.83578,0.83607,5341,0,0
2025-03-25 06:00:00,0.83607,0.83635,0.83575,0.83594,3121,0,0
2025-03-25 09:00:00,0.83594,0.83617,0.83506,0.83566,7417,0,0
2025-03-25 12:00:00,0.83567,0.83598,0.83503,0.83579,8094,0,0
2025-03-25 15:00:00,0.83579,0.83585,0.83501,0.83506,7212,0,0
2025-03-25 18:00:00,0.83506,0.83555,0.83375,0.83409,6302,0,0
2025-03-25 21:00:00,0.83412,0.83436,0.83356,0.83356,3548,0,0
2025-03-26 00:00:00,0.83353,0.83375,0.83303,0.83342,1565,0,0
2025-03-26 03:00:00,0.83342,0.83404,0.83331,0.83398,3664,0,0
2025-03-26 06:00:00,0.83398,0.83405,0.83355,0.83401,4628,0,0
2025-03-26 09:00:00,0.83401,0.83745,0.83326,0.8367,9752,0,0
2025-03-26 12:00:00,0.8367,0.83733,0.83581,0.83678,7695,0,0
2025-03-26 15:00:00,0.83678,0.83711,0.83557,0.83667,10920,0,0
2025-03-26 18:00:00,0.83666,0.83696,0.83461,0.83491,8798,0,0
2025-03-26 21:00:00,0.83491,0.83497,0.83409,0.83427,3955,0,0
2025-03-27 00:00:00,0.83431,0.83436,0.83364,0.83409,2981,0,0
2025-03-27 03:00:00,0.83409,0.83478,0.83399,0.83453,3988,0,0
2025-03-27 06:00:00,0.83453,0.83489,0.83373,0.83404,3142,0,0
2025-03-27 09:00:00,0.83403,0.83415,0.83335,0.83384,9310,0,0
2025-03-27 12:00:00,0.83384,0.83452,0.83316,0.83418,7718,0,0
2025-03-27 15:00:00,0.83418,0.8345,0.83241,0.83338,9970,0,0
2025-03-27 18:00:00,0.83338,0.83359,0.83234,0.83321,9499,0,0
2025-03-27 21:00:00,0.83321,0.83424,0.83312,0.83405,3122,0,0
2025-03-28 00:00:00,0.83392,0.83416,0.8331,0.83394,1269,0,0
2025-03-28 03:00:00,0.83394,0.83394,0.83333,0.83365,2799,0,0
2025-03-28 06:00:00,0.83365,0.83386,0.83332,0.83384,2079,0,0
2025-03-28 09:00:00,0.83384,0.83385,0.83226,0.83252,6568,0,0
2025-03-28 12:00:00,0.83252,0.83348,0.83154,0.83313,5953,0,0
2025-03-28 15:00:00,0.83313,0.836,0.83271,0.83585,9950,0,0
2025-03-28 18:00:00,0.83585,0.83679,0.83585,0.8361,7681,0,0
2025-03-28 21:00:00,0.8361,0.83691,0.83594,0.83667,4024,0,0
2025-03-31 00:00:00,0.83519,0.83696,0.83519,0.83656,3653,0,0
2025-03-31 03:00:00,0.83658,0.83675,0.83579,0.8362,5232,0,0
2025-03-31 06:00:00,0.8362,0.83655,0.83589,0.83622,3383,0,0
2025-03-31 09:00:00,0.8362,0.83655,0.835,0.83644,9450,0,0
2025-03-31 12:00:00,0.83643,0.8371,0.83526,0.83534,6927,0,0
2025-03-31 15:00:00,0.83534,0.83725,0.83496,0.83674,10447,0,0
2025-03-31 18:00:00,0.83673,0.83792,0.83601,0.83784,9161,0,0
2025-03-31 21:00:00,0.83783,0.83788,0.83697,0.83717,4350,0,0
2025-04-01 00:00:00,0.83709,0.83748,0.83657,0.8373,1935,0,0
2025-04-01 03:00:00,0.83729,0.83757,0.83698,0.83706,3271,0,0
2025-04-01 06:00:00,0.83705,0.83721,0.83644,0.83647,3780,0,0
2025-04-01 09:00:00,0.83647,0.83724,0.83604,0.83685,6792,0,0
2025-04-01 12:00:00,0.83685,0.83732,0.83559,0.83634,9182,0,0
2025-04-01 15:00:00,0.83635,0.83788,0.83617,0.83639,9853,0,0
2025-04-01 18:00:00,0.83639,0.83661,0.83514,0.8352,7440,0,0
2025-04-01 21:00:00,0.8352,0.83558,0.83503,0.83514,3490,0,0
2025-04-02 00:00:00,0.83518,0.83575,0.83502,0.83536,1759,0,0
2025-04-02 03:00:00,0.83536,0.83588,0.83531,0.83534,3093,0,0
2025-04-02 06:00:00,0.83534,0.83564,0.83528,0.83543,2595,0,0
2025-04-02 09:00:00,0.83543,0.83607,0.8354,0.83567,6392,0,0
2025-04-02 12:00:00,0.83567,0.83569,0.83416,0.83429,6739,0,0
2025-04-02 15:00:00,0.83429,0.8375,0.83424,0.83741,10068,0,0
2025-04-02 18:00:00,0.83741,0.83777,0.83627,0.83665,7828,0,0
2025-04-02 21:00:00,0.83665,0.83877,0.83264,0.83463,12748,0,0
2025-04-03 00:00:00,0.83407,0.83607,0.83222,0.83583,9162,0,0
2025-04-03 03:00:00,0.83583,0.83626,0.83491,0.83538,11966,0,0
2025-04-03 06:00:00,0.83538,0.83633,0.83489,0.83603,6157,0,0
2025-04-03 09:00:00,0.83603,0.83805,0.83488,0.83642,15970,0,0
2025-04-03 12:00:00,0.83642,0.84415,0.83616,0.8416,19435,0,0
2025-04-03 15:00:00,0.8416,0.84482,0.84135,0.84434,20871,0,0
2025-04-03 18:00:00,0.84434,0.84472,0.84133,0.84164,13687,0,0
2025-04-03 21:00:00,0.84164,0.84396,0.84164,0.84351,6256,0,0
2025-04-04 00:00:00,0.84352,0.84466,0.84205,0.84383,4986,0,0
2025-04-04 03:00:00,0.84383,0.84565,0.84336,0.84548,7613,0,0
2025-04-04 06:00:00,0.84548,0.84712,0.84526,0.84619,7720,0,0
2025-04-04 09:00:00,0.84618,0.84716,0.84496,0.84698,16484,0,0
2025-04-04 12:00:00,0.84698,0.85077,0.84488,0.84944,22992,0,0
2025-04-04 15:00:00,0.84944,0.85032,0.84722,0.84901,27568,0,0
2025-04-04 18:00:00,0.849,0.85242,0.84834,0.84844,23755,0,0
2025-04-04 21:00:00,0.84844,0.851,0.8476,0.8499,12630,0,0
2025-04-07 00:00:00,0.84595,0.8532,0.84581,0.85084,14548,0,0
2025-04-07 03:00:00,0.85084,0.85144,0.84879,0.85034,17323,0,0
2025-04-07 06:00:00,0.85035,0.85252,0.84941,0.85245,11894,0,0
2025-04-07 09:00:00,0.85245,0.85471,0.85187,0.85395,22700,0,0
2025-04-07 12:00:00,0.85395,0.85536,0.85211,0.85533,18900,0,0
2025-04-07 15:00:00,0.85534,0.8568,0.85373,0.85625,28783,0,0
2025-04-07 18:00:00,0.85626,0.85891,0.85482,0.85685,23301,0,0
2025-04-07 21:00:00,0.85684,0.85901,0.85655,0.85701,13807,0,0
2025-04-08 00:00:00,0.85675,0.85769,0.85598,0.85718,3403,0,0
2025-04-08 03:00:00,0.85718,0.85839,0.85698,0.85811,10102,0,0
2025-04-08 06:00:00,0.85811,0.85862,0.85782,0.85808,5709,0,0
2025-04-08 09:00:00,0.85808,0.85947,0.85643,0.85758,15982,0,0
2025-04-08 12:00:00,0.85758,0.85819,0.85563,0.85564,14600,0,0
2025-04-08 15:00:00,0.85564,0.85746,0.85296,0.85529,19782,0,0
2025-04-08 18:00:00,0.85528,0.85657,0.85396,0.85539,18321,0,0
2025-04-08 21:00:00,0.85539,0.85838,0.85522,0.8583,12049,0,0
2025-04-09 00:00:00,0.85811,0.85901,0.85608,0.85852,6216,0,0
2025-04-09 03:00:00,0.85852,0.85996,0.85834,0.85949,15237,0,0
2025-04-09 06:00:00,0.85949,0.86168,0.85921,0.8616,14108,0,0
2025-04-09 09:00:00,0.8616,0.86355,0.85971,0.8598,22638,0,0
2025-04-09 12:00:00,0.8598,0.8639,0.85915,0.8639,17529,0,0
2025-04-09 15:00:00,0.86391,0.86626,0.86344,0.86539,21232,0,0
2025-04-09 18:00:00,0.86539,0.86595,0.85772,0.85829,20375,0,0
2025-04-09 21:00:00,0.85833,0.85865,0.85319,0.85358,20688,0,0
2025-04-10 00:00:00,0.85275,0.85471,0.8526,0.85388,5989,0,0
2025-04-10 03:00:00,0.85388,0.8559,0.85368,0.8546,11951,0,0
2025-04-10 06:00:00,0.8546,0.85514,0.85382,0.8543,9097,0,0
2025-04-10 09:00:00,0.8543,0.85831,0.85194,0.85766,18995,0,0
2025-04-10 12:00:00,0.85766,0.85886,0.85587,0.85607,15431,0,0
2025-04-10 15:00:00,0.85607,0.86312,0.85583,0.86305,21113,0,0
2025-04-10 18:00:00,0.86306,0.86601,0.86123,0.86395,22598,0,0
2025-04-10 21:00:00,0.86394,0.86534,0.86185,0.86345,15605,0,0
2025-04-11 00:00:00,0.8633,0.86671,0.86265,0.86651,8236,0,0
2025-04-11 03:00:00,0.86651,0.87256,0.86593,0.86843,21955,0,0
2025-04-11 06:00:00,0.86843,0.87035,0.86708,0.8678,13707,0,0
2025-04-11 09:00:00,0.86754,0.87382,0.86606,0.87172,24979,0,0
2025-04-11 12:00:00,0.87172,0.87213,0.86545,0.86558,23567,0,0
2025-04-11 15:00:00,0.86559,0.86991,0.86543,0.86839,27996,0,0
2025-04-11 18:00:00,0.8684,0.86963,0.86466,0.86478,19209,0,0
2025-04-11 21:00:00,0.86479,0.86857,0.86474,0.86804,10814,0,0
2025-04-14 00:00:00,0.86296,0.86748,0.86179,0.86684,7829,0,0
2025-04-14 03:00:00,0.86684,0.8694,0.86654,0.8677,11453,0,0
2025-04-14 06:00:00,0.8677,0.86817,0.86677,0.86742,7248,0,0
2025-04-14 09:00:00,0.86742,0.868,0.8642,0.86457,16090,0,0
2025-04-14 12:00:00,0.86457,0.86532,0.86245,0.864,11391,0,0
2025-04-14 15:00:00,0.864,0.86438,0.86042,0.862,17906,0,0
2025-04-14 18:00:00,0.862,0.86333,0.85985,0.86009,13785,0,0
2025-04-14 21:00:00,0.86009,0.86138,0.86003,0.86039,6136,0,0
2025-04-15 00:00:00,0.86047,0.86132,0.85961,0.86057,3187,1,0
2025-04-15 03:00:00,0.86057,0.86059,0.85904,0.86009,6102,0,0
2025-04-15 06:00:00,0.8601,0.86023,0.85932,0.85949,5266,0,0
2025-04-15 09:00:00,0.85949,0.86019,0.8575,0.85757,13875,0,0
2025-04-15 12:00:00,0.85762,0.85788,0.85568,0.85601,10493,0,0
2025-04-15 15:00:00,0.85601,0.85677,0.85411,0.85536,17550,0,0
2025-04-15 18:00:00,0.85536,0.85542,0.85267,0.85284,10780,0,0
2025-04-15 21:00:00,0.85286,0.85338,0.85246,0.8526,4455,0,0
2025-04-16 00:00:00,0.85263,0.85373,0.85211,0.85357,3734,0,0
2025-04-16 03:00:00,0.85357,0.85508,0.85345,0.85498,6395,0,0
2025-04-16 06:00:00,0.85498,0.85675,0.85476,0.85652,6002,0,0
2025-04-16 09:00:00,0.85652,0.85768,0.85459,0.85556,13872,0,0
2025-04-16 12:00:00,0.85557,0.85691,0.85533,0.85617,11232,0,0
2025-04-16 15:00:00,0.85617,0.85876,0.85573,0.85867,14037,0,0
2025-04-16 18:00:00,0.85867,0.86078,0.85831,0.86064,10980,0,0
2025-04-16 21:00:00,0.86065,0.8615,0.85974,0.86079,8727,0,0
2025-04-17 00:00:00,0.86077,0.86167,0.85857,0.86117,4538,0,0
2025-04-17 03:00:00,0.86117,0.86141,0.85989,0.86031,10435,0,0
2025-04-17 06:00:00,0.86031,0.86039,0.85905,0.85936,6885,0,0
2025-04-17 09:00:00,0.85936,0.85992,0.85832,0.85944,10888,0,0
2025-04-17 12:00:00,0.85944,0.85944,0.85832,0.85855,8596,0,0
2025-04-17 15:00:00,0.85855,0.85891,0.85662,0.85766,18125,0,0
2025-04-17 18:00:00,0.85766,0.85824,0.85558,0.8562,10909,0,0
2025-04-17 21:00:00,0.8562,0.85752,0.85598,0.85633,4889,0,0
2025-04-18 00:00:00,0.85608,0.85714,0.85458,0.85697,8837,0,0
2025-04-18 03:00:00,0.85697,0.85725,0.85585,0.85681,36247,0,0
2025-04-18 06:00:00,0.85681,0.85733,0.85636,0.85685,42525,0,0
2025-04-18 09:00:00,0.85685,0.85738,0.85557,0.85669,46450,0,0
2025-04-18 12:00:00,0.85668,0.85746,0.85641,0.85727,50403,0,0
2025-04-18 15:00:00,0.85726,0.85795,0.85681,0.8579,39255,0,0
2025-04-18 18:00:00,0.85789,0.85825,0.85741,0.85767,37126,0,0
2025-04-18 21:00:00,0.85767,0.85785,0.85655,0.85695,33901,0,0
2025-04-21 00:00:00,0.85681,0.86046,0.85623,0.85987,7223,0,0
2025-04-21 03:00:00,0.85987,0.86187,0.85856,0.86043,12997,0,0
2025-04-21 06:00:00,0.86043,0.86113,0.86027,0.86092,7320,0,0
2025-04-21 09:00:00,0.86092,0.86239,0.86008,0.86159,10392,0,0
2025-04-21 12:00:00,0.86159,0.86238,0.86044,0.86161,9282,0,0
2025-04-21 15:00:00,0.86161,0.8619,0.85819,0.85864,11999,0,0
2025-04-21 18:00:00,0.85864,0.86079,0.85802,0.86075,8429,0,0
2025-04-21 21:00:00,0.86075,0.8614,0.86005,0.86036,4994,0,0
2025-04-22 00:00:00,0.86035,0.8611,0.85985,0.86054,2714,0,0
2025-04-22 03:00:00,0.86054,0.86055,0.85884,0.85995,7831,0,0
2025-04-22 06:00:00,0.85995,0.86087,0.85964,0.86023,8202,0,0
2025-04-22 09:00:00,0.86023,0.86054,0.85832,0.85901,14700,0,0
2025-04-22 12:00:00,0.85901,0.86022,0.85844,0.85862,10550,0,0
2025-04-22 15:00:00,0.85861,0.85912,0.85685,0.85777,14353,0,0
2025-04-22 18:00:00,0.85778,0.85826,0.85637,0.85796,11814,0,0
2025-04-22 21:00:00,0.85796,0.85801,0.8565,0.85665,5992,0,0
2025-04-23 00:00:00,0.85665,0.85669,0.8538,0.85518,9030,0,0
2025-04-23 03:00:00,0.85518,0.85719,0.85513,0.8569,10489,0,0
2025-04-23 06:00:00,0.8569,0.8569,0.85521,0.85543,9870,0,0
2025-04-23 09:00:00,0.85543,0.85775,0.85436,0.85682,15790,0,0
2025-04-23 12:00:00,0.85681,0.85803,0.85636,0.85803,11320,0,0
2025-04-23 15:00:00,0.85803,0.85834,0.85308,0.85527,18508,0,0
2025-04-23 18:00:00,0.85527,0.85713,0.85333,0.85362,13721,0,0
2025-04-23 21:00:00,0.85362,0.85398,0.85334,0.85356,6743,0,0
2025-04-24 00:00:00,0.85354,0.85483,0.85312,0.85407,3890,0,0
2025-04-24 03:00:00,0.85408,0.85492,0.8537,0.85478,8442,0,0
2025-04-24 06:00:00,0.85478,0.85482,0.85406,0.8544,4284,0,0
2025-04-24 09:00:00,0.8544,0.85654,0.8544,0.8556,10027,0,0
2025-04-24 12:00:00,0.8556,0.8559,0.85442,0.85457,7720,0,0
2025-04-24 15:00:00,0.85457,0.85552,0.85352,0.85415,11940,0,0
2025-04-24 18:00:00,0.85415,0.85431,0.85333,0.85347,8432,0,0
2025-04-24 21:00:00,0.85347,0.85426,0.85333,0.85369,4683,0,0
2025-04-25 00:00:00,0.85353,0.85392,0.85304,0.85329,2255,0,0
2025-04-25 03:00:00,0.85329,0.85329,0.8526,0.85286,5621,0,0
2025-04-25 06:00:00,0.85287,0.85343,0.8521,0.85325,6764,0,0
2025-04-25 09:00:00,0.85325,0.85476,0.85243,0.85327,9958,0,0
2025-04-25 12:00:00,0.85327,0.85394,0.85252,0.85292,7656,0,0
2025-04-25 15:00:00,0.8529,0.8546,0.85111,0.85422,9852,0,0
2025-04-25 18:00:00,0.85422,0.85435,0.85314,0.85376,6181,0,0
2025-04-25 21:00:00,0.85376,0.8539,0.85275,0.85344,4219,0,0
2025-04-28 00:00:00,0.85464,0.85464,0.85297,0.85365,3347,0,0
2025-04-28 03:00:00,0.85365,0.85446,0.85354,0.85436,3937,0,0
2025-04-28 06:00:00,0.85436,0.85441,0.85379,0.85415,3284,0,0
2025-04-28 09:00:00,0.85415,0.85426,0.85092,0.85106,9662,0,0
2025-04-28 12:00:00,0.85106,0.85127,0.85003,0.85104,7661,0,0
2025-04-28 15:00:00,0.85105,0.85176,0.84936,0.84962,11785,0,0
2025-04-28 18:00:00,0.84962,0.85124,0.84954,0.85006,9866,0,0
2025-04-28 21:00:00,0.85006,0.85049,0.84945,0.84949,4706,0,0
2025-04-29 00:00:00,0.84942,0.84977,0.84891,0.8491,4290,0,0
2025-04-29 03:00:00,0.8491,0.84965,0.8487,0.84915,5325,0,0
2025-04-29 06:00:00,0.84915,0.84963,0.84868,0.84924,4800,0,0
2025-04-29 09:00:00,0.84924,0.85053,0.84869,0.84896,8818,0,0
2025-04-29 12:00:00,0.84896,0.85034,0.84895,0.84986,6586,0,0
2025-04-29 15:00:00,0.84986,0.8512,0.84934,0.85016,11887,0,0
2025-04-29 18:00:00,0.85016,0.85099,0.84967,0.84981,7728,0,0
2025-04-29 21:00:00,0.84981,0.84996,0.84906,0.84917,4226,0,0
2025-04-30 00:00:00,0.8491,0.84976,0.84872,0.84934,2260,0,0
2025-04-30 03:00:00,0.84934,0.84979,0.84821,0.84923,5279,0,0
2025-04-30 06:00:00,0.84923,0.84966,0.84919,0.84948,3350,0,0
2025-04-30 09:00:00,0.84948,0.85085,0.84935,0.85073,8243,0,0
2025-04-30 12:00:00,0.85075,0.85167,0.8503,0.85155,7515,0,0
2025-04-30 15:00:00,0.85155,0.85383,0.85072,0.85117,14202,0,0
2025-04-30 18:00:00,0.85117,0.85185,0.84955,0.85054,10835,0,0
2025-04-30 21:00:00,0.85055,0.85102,0.84953,0.84987,6357,0,0
2025-05-01 00:00:00,0.84996,0.85024,0.84965,0.85,2800,0,0
2025-05-01 03:00:00,0.85,0.85036,0.84954,0.84994,3835,0,0
2025-05-01 06:00:00,0.84994,0.85066,0.84978,0.85035,4959,0,0
2025-05-01 09:00:00,0.85035,0.85105,0.84956,0.84959,7955,0,0
2025-05-01 12:00:00,0.84959,0.85006,0.84913,0.84963,5867,0,0
2025-05-01 15:00:00,0.84963,0.85028,0.84798,0.84859,11894,0,0
2025-05-01 18:00:00,0.84858,0.85064,0.84833,0.85053,6726,0,0
2025-05-01 21:00:00,0.85053,0.85058,0.84963,0.85034,4433,0,0
2025-05-02 00:00:00,0.85028,0.85051,0.84938,0.85026,2228,0,0
2025-05-02 03:00:00,0.85026,0.8503,0.84925,0.84967,4623,0,0
2025-05-02 06:00:00,0.84967,0.85027,0.84904,0.84946,4561,0,0
2025-05-02 09:00:00,0.84947,0.85291,0.84942,0.8526,8861,0,0
2025-05-02 12:00:00,0.85262,0.85371,0.85213,0.85351,8032,0,0
2025-05-02 15:00:00,0.85351,0.85409,0.85159,0.85347,15188,0,0
2025-05-02 18:00:00,0.85347,0.85347,0.85103,0.85145,10452,0,0
2025-05-02 21:00:00,0.85145,0.85167,0.85107,0.85145,6041,0,0
2025-05-05 00:00:00,0.85131,0.8533,0.85102,0.85316,3048,0,0
2025-05-05 03:00:00,0.85316,0.85327,0.85261,0.85296,5326,0,0
2025-05-05 06:00:00,0.85296,0.85304,0.85233,0.85256,3703,0,0
2025-05-05 09:00:00,0.85255,0.85302,0.85177,0.85274,8391,0,0
2025-05-05 12:00:00,0.85275,0.85318,0.8516,0.85174,6996,0,0
2025-05-05 15:00:00,0.85174,0.8527,0.85146,0.85211,10764,0,0
2025-05-05 18:00:00,0.85212,0.85217,0.85098,0.85106,7030,0,0
2025-05-05 21:00:00,0.85106,0.85146,0.8509,0.8509,4505,0,0
2025-05-06 00:00:00,0.85101,0.85138,0.85048,0.85112,1663,0,0
2025-05-06 03:00:00,0.85112,0.8513,0.85025,0.85103,5495,0,0
2025-05-06 06:00:00,0.85103,0.8517,0.85093,0.85166,3429,0,0
2025-05-06 09:00:00,0.85166,0.85201,0.85016,0.85068,8880,0,0
2025-05-06 12:00:00,0.85068,0.85093,0.84715,0.84722,8311,0,0
2025-05-06 15:00:00,0.84722,0.84882,0.8462,0.84815,10985,0,0
2025-05-06 18:00:00,0.84813,0.85045,0.84804,0.85025,7953,0,0
2025-05-06 21:00:00,0.85024,0.85095,0.84977,0.85041,4963,0,0
2025-05-07 00:00:00,0.84982,0.85053,0.84825,0.8493,7543,0,0
2025-05-07 03:00:00,0.8493,0.84999,0.84886,0.84979,6832,0,0
2025-05-07 06:00:00,0.84979,0.85087,0.84967,0.85083,3592,0,0
2025-05-07 09:00:00,0.85083,0.85223,0.85049,0.85166,8107,0,0
2025-05-07 12:00:00,0.85165,0.85192,0.85085,0.85086,6386,0,0
2025-05-07 15:00:00,0.85086,0.85121,0.84959,0.85044,8338,0,0
2025-05-07 18:00:00,0.85044,0.851,0.84969,0.84969,6979,0,0
2025-05-07 21:00:00,0.84969,0.85187,0.84956,0.85015,11236,0,0
2025-05-08 00:00:00,0.85,0.85104,0.84956,0.85045,2497,0,0
2025-05-08 03:00:00,0.85045,0.85112,0.84859,0.84863,6110,0,0
2025-05-08 06:00:00,0.84863,0.84948,0.84851,0.84853,4027,0,0
2025-05-08 09:00:00,0.84853,0.85107,0.84851,0.85088,9797,0,0
2025-05-08 12:00:00,0.85088,0.85221,0.84721,0.84766,9263,0,0
2025-05-08 15:00:00,0.84766,0.84869,0.84721,0.84742,11414,0,0
2025-05-08 18:00:00,0.84742,0.84808,0.84587,0.84679,12195,0,0
2025-05-08 21:00:00,0.84679,0.84775,0.84671,0.84755,5113,0,0
2025-05-09 00:00:00,0.84749,0.84802,0.84676,0.84798,2214,0,0
2025-05-09 03:00:00,0.84798,0.8483,0.84744,0.8477,5796,0,0
2025-05-09 06:00:00,0.8477,0.84857,0.84769,0.84852,4233,0,0
2025-05-09 09:00:00,0.84852,0.84923,0.84809,0.84824,7200,0,0
2025-05-09 12:00:00,0.84824,0.84849,0.84704,0.84769,6787,0,0
2025-05-09 15:00:00,0.84769,0.84824,0.84668,0.84691,8395,0,0
2025-05-09 18:00:00,0.84692,0.84738,0.8457,0.84583,5654,0,0
2025-05-09 21:00:00,0.84583,0.84599,0.84551,0.84574,2539,0,0
2025-05-12 00:00:00,0.84302,0.84541,0.84302,0.84516,3194,0,0
2025-05-12 03:00:00,0.84516,0.84578,0.84511,0.84533,5087,0,0
2025-05-12 06:00:00,0.84533,0.84552,0.84474,0.84493,3121,0,0
2025-05-12 09:00:00,0.84493,0.84506,0.84203,0.8441,16424,0,0
2025-05-12 12:00:00,0.8441,0.84421,0.84153,0.84322,11466,0,0
2025-05-12 15:00:00,0.84322,0.84325,0.84154,0.84173,11057,0,0
2025-05-12 18:00:00,0.84172,0.84213,0.84088,0.8409,7193,0,0
2025-05-12 21:00:00,0.8409,0.84187,0.84054,0.84135,4083,0,0
2025-05-13 00:00:00,0.84129,0.84227,0.84076,0.842,2603,0,0
2025-05-13 03:00:00,0.842,0.84271,0.84196,0.84223,4769,0,0
2025-05-13 06:00:00,0.84223,0.84247,0.84165,0.84165,3889,0,0
2025-05-13 09:00:00,0.84164,0.8421,0.84052,0.84102,7834,0,0
2025-05-13 12:00:00,0.84105,0.84125,0.84031,0.84057,5557,0,0
2025-05-13 15:00:00,0.84057,0.84234,0.84014,0.84176,11188,0,0
2025-05-13 18:00:00,0.84176,0.84192,0.84029,0.84039,6742,0,0
2025-05-13 21:00:00,0.84039,0.84115,0.84037,0.84062,3454,0,0
2025-05-14 00:00:00,0.84057,0.84114,0.84031,0.8408,2169,0,0
2025-05-14 03:00:00,0.84081,0.84108,0.84048,0.84102,5861,0,0
2025-05-14 06:00:00,0.84102,0.84139,0.8406,0.84096,3749,0,0
2025-05-14 09:00:00,0.84098,0.84247,0.84047,0.84202,10370,0,0
2025-05-14 12:00:00,0.84202,0.84363,0.84113,0.8413,8727,0,0
2025-05-14 15:00:00,0.8413,0.8435,0.84123,0.84275,10199,0,0
2025-05-14 18:00:00,0.84274,0.84312,0.84201,0.84261,7858,0,0
2025-05-14 21:00:00,0.84261,0.84283,0.84205,0.84252,4171,0,0
2025-05-15 00:00:00,0.8423,0.84331,0.84134,0.84302,2626,0,0
2025-05-15 03:00:00,0.84302,0.84355,0.84278,0.84296,4594,0,0
2025-05-15 06:00:00,0.84296,0.84357,0.84289,0.84328,3781,0,0
2025-05-15 09:00:00,0.84328,0.84408,0.84263,0.84354,6992,0,0
2025-05-15 12:00:00,0.84354,0.84374,0.84223,0.84269,5946,0,0
2025-05-15 15:00:00,0.84269,0.84291,0.84188,0.84241,10742,0,0
2025-05-15 18:00:00,0.84242,0.84263,0.8406,0.84074,6419,0,0
2025-05-15 21:00:00,0.84074,0.84088,0.84033,0.84057,3538,0,0
2025-05-16 00:00:00,0.84084,0.84131,0.84003,0.84125,2337,0,0
2025-05-16 03:00:00,0.84126,0.84183,0.84108,0.84157,4873,0,0
2025-05-16 06:00:00,0.84157,0.8418,0.841,0.84164,3231,0,0
2025-05-16 09:00:00,0.84164,0.84204,0.84124,0.84172,6646,0,0
2025-05-16 12:00:00,0.84172,0.8428,0.84172,0.84276,5512,0,0
2025-05-16 15:00:00,0.84276,0.84323,0.84083,0.84088,9115,0,0
2025-05-16 18:00:00,0.84088,0.84119,0.8394,0.83977,6475,0,0
2025-05-16 21:00:00,0.83977,0.84046,0.83947,0.84044,4865,0,0
2025-05-19 00:00:00,0.84072,0.84261,0.84068,0.84092,3533,0,0
2025-05-19 03:00:00,0.84092,0.84138,0.8403,0.84097,6126,0,0
2025-05-19 06:00:00,0.84097,0.84112,0.84073,0.84098,4506,0,0
2025-05-19 09:00:00,0.84098,0.84245,0.84046,0.84218,8722,0,0
2025-05-19 12:00:00,0.84217,0.84269,0.84148,0.84238,8400,0,0
2025-05-19 15:00:00,0.84238,0.84245,0.84121,0.84189,9027,0,0
2025-05-19 18:00:00,0.8419,0.84228,0.84087,0.84118,6133,0,0
2025-05-19 21:00:00,0.84118,0.84157,0.84101,0.84126,3188,0,0
2025-05-20 00:00:00,0.84114,0.84171,0.84036,0.84081,3183,0,0
2025-05-20 03:00:00,0.84081,0.84148,0.84052,0.84113,6168,0,0
2025-05-20 06:00:00,0.84113,0.84157,0.84102,0.84138,4560,0,0
2025-05-20 09:00:00,0.84137,0.84236,0.84101,0.84182,7742,0,0
2025-05-20 12:00:00,0.84182,0.84203,0.84118,0.84166,6256,0,0
2025-05-20 15:00:00,0.84166,0.84288,0.8415,0.84287,9519,0,0
2025-05-20 18:00:00,0.84287,0.84294,0.84137,0.84254,5706,0,0
2025-05-20 21:00:00,0.84254,0.84291,0.84244,0.8425,3532,0,0
2025-05-21 00:00:00,0.84235,0.84285,0.84218,0.84259,2890,0,0
2025-05-21 03:00:00,0.84259,0.84362,0.84226,0.84343,7053,0,0
2025-05-21 06:00:00,0.84343,0.844,0.84322,0.84339,5669,0,0
2025-05-21 09:00:00,0.84338,0.84505,0.8425,0.84504,10311,0,0
2025-05-21 12:00:00,0.84504,0.84592,0.84407,0.84416,8532,0,0
2025-05-21 15:00:00,0.84416,0.84478,0.84341,0.8441,11022,0,0
2025-05-21 18:00:00,0.8441,0.84487,0.84323,0.84444,8383,0,0
2025-05-21 21:00:00,0.84444,0.84453,0.84355,0.8443,5000,0,0
2025-05-22 00:00:00,0.84387,0.84446,0.8435,0.84437,3557,0,0
2025-05-22 03:00:00,0.84437,0.84458,0.8434,0.84411,7852,0,0
2025-05-22 06:00:00,0.84411,0.84431,0.84366,0.84384,4274,0,0
2025-05-22 09:00:00,0.84384,0.84492,0.84199,0.84327,10310,0,0
2025-05-22 12:00:00,0.84327,0.8435,0.84233,0.84268,7384,0,0
2025-05-22 15:00:00,0.84267,0.84296,0.84009,0.8401,11698,0,0
2025-05-22 18:00:00,0.8401,0.84076,0.83975,0.83997,7717,0,0
2025-05-22 21:00:00,0.83997,0.84088,0.83985,0.84062,3658,0,0
2025-05-23 00:00:00,0.84053,0.84093,0.83949,0.84073,1906,0,0
2025-05-23 03:00:00,0.84073,0.84187,0.84054,0.84156,4309,0,0
2025-05-23 06:00:00,0.84156,0.84167,0.84105,0.84148,2960,0,0
2025-05-23 09:00:00,0.84147,0.84161,0.84058,0.84092,6454,0,0
2025-05-23 12:00:00,0.84092,0.84176,0.8384,0.83939,10162,0,0
2025-05-23 15:00:00,0.83939,0.84067,0.83801,0.84065,15586,0,0
2025-05-23 18:00:00,0.84065,0.84068,0.83948,0.83982,7933,0,0
2025-05-23 21:00:00,0.83982,0.83998,0.8393,0.8394,5140,0,0
2025-05-26 00:00:00,0.83932,0.84087,0.83921,0.84021,4533,0,0
2025-05-26 03:00:00,0.84021,0.84089,0.83983,0.84006,6074,0,0
2025-05-26 06:00:00,0.84006,0.84046,0.83992,0.84014,4264,0,0
2025-05-26 09:00:00,0.84014,0.84078,0.8392,0.8393,6593,0,0
2025-05-26 12:00:00,0.8393,0.83967,0.83896,0.83903,4219,0,0
2025-05-26 15:00:00,0.83903,0.83949,0.8388,0.83937,4680,0,0
2025-05-26 18:00:00,0.83937,0.83955,0.83894,0.83917,2533,0,0
2025-05-26 21:00:00,0.83917,0.83971,0.83909,0.83951,1133,0,0
2025-05-27 00:00:00,0.83909,0.83986,0.83864,0.83953,2465,0,0
2025-05-27 03:00:00,0.83953,0.83981,0.8393,0.83959,4147,0,0
2025-05-27 06:00:00,0.83959,0.83983,0.8393,0.83945,4434,0,0
2025-05-27 09:00:00,0.83944,0.83967,0.83802,0.83836,8255,0,0
2025-05-27 12:00:00,0.83836,0.8384,0.83729,0.83782,6533,0,0
2025-05-27 15:00:00,0.83782,0.83913,0.83777,0.8388,9759,0,0
2025-05-27 18:00:00,0.83881,0.83933,0.83836,0.8389,6279,0,0
2025-05-27 21:00:00,0.8389,0.83914,0.83851,0.83852,3802,0,0
2025-05-28 00:00:00,0.83834,0.83902,0.83679,0.83888,2225,0,0
2025-05-28 03:00:00,0.83889,0.83915,0.83828,0.83856,5355,0,0
2025-05-28 06:00:00,0.83856,0.83932,0.8384,0.83932,4152,0,0
2025-05-28 09:00:00,0.83932,0.83949,0.83824,0.83884,6712,0,0
2025-05-28 12:00:00,0.83884,0.83998,0.83846,0.83965,6980,0,0
2025-05-28 15:00:00,0.83965,0.8402,0.83887,0.83902,10535,0,0
2025-05-28 18:00:00,0.83902,0.83927,0.83802,0.83829,6614,0,0
2025-05-28 21:00:00,0.83826,0.83858,0.83813,0.83817,4238,0,0
2025-05-29 00:00:00,0.83772,0.8387,0.83555,0.83629,5885,0,0
2025-05-29 03:00:00,0.83629,0.83722,0.83625,0.83714,9385,0,0
2025-05-29 06:00:00,0.83714,0.83741,0.83641,0.83694,4128,0,0
2025-05-29 09:00:00,0.83694,0.83786,0.83679,0.83742,8663,0,0
2025-05-29 12:00:00,0.83742,0.83807,0.83706,0.83734,5749,0,0
2025-05-29 15:00:00,0.83734,0.84224,0.83733,0.84181,12552,0,0
2025-05-29 18:00:00,0.84181,0.843,0.84181,0.84294,6826,0,0
2025-05-29 21:00:00,0.84293,0.84313,0.84192,0.84205,4228,0,0
2025-05-30 00:00:00,0.84227,0.84295,0.84144,0.84277,4266,0,0
2025-05-30 03:00:00,0.84277,0.84311,0.84216,0.84241,6053,0,0
2025-05-30 06:00:00,0.84241,0.84269,0.84186,0.84209,3653,0,0
2025-05-30 09:00:00,0.84209,0.84217,0.84081,0.84094,7248,0,0
2025-05-30 12:00:00,0.84094,0.84138,0.84028,0.84138,5634,0,0
2025-05-30 15:00:00,0.84138,0.84218,0.84046,0.84195,13354,0,0
2025-05-30 18:00:00,0.84195,0.84369,0.84171,0.84349,8365,0,0
2025-05-30 21:00:00,0.84349,0.84358,0.84266,0.84327,5586,0,0
2025-06-02 00:00:00,0.84225,0.84374,0.84221,0.84293,2512,0,0
2025-06-02 03:00:00,0.84293,0.84316,0.8426,0.84272,5157,0,0
2025-06-02 06:00:00,0.8427,0.84303,0.84244,0.84283,3648,0,0
2025-06-02 09:00:00,0.84283,0.84365,0.84234,0.84323,8639,0,0
2025-06-02 12:00:00,0.84323,0.84409,0.84311,0.84325,7724,0,0
2025-06-02 15:00:00,0.84325,0.84486,0.84303,0.84372,10812,0,0
2025-06-02 18:00:00,0.84372,0.84484,0.84322,0.84478,8049,0,0
2025-06-02 21:00:00,0.84478,0.84499,0.84444,0.84473,4185,0,0
2025-06-03 00:00:00,0.84374,0.84498,0.8427,0.84481,2703,0,0
2025-06-03 03:00:00,0.84481,0.84499,0.84436,0.84497,4898,0,0
2025-06-03 06:00:00,0.84497,0.845,0.84445,0.84458,3492,0,0
2025-06-03 09:00:00,0.84458,0.84499,0.84416,0.84439,6300,0,0
2025-06-03 12:00:00,0.84439,0.84449,0.84344,0.84352,6326,0,0
2025-06-03 15:00:00,0.84351,0.84375,0.84167,0.84204,9855,0,0
2025-06-03 18:00:00,0.84204,0.84211,0.84104,0.84111,6472,0,0
2025-06-03 21:00:00,0.84111,0.84128,0.84094,0.84102,3136,0,0
2025-06-04 00:00:00,0.84066,0.84143,0.84015,0.84134,1916,0,0
2025-06-04 03:00:00,0.84134,0.84157,0.84103,0.84123,5222,0,0
2025-06-04 06:00:00,0.84123,0.84154,0.84099,0.84102,4649,0,0
2025-06-04 09:00:00,0.84102,0.8421,0.84079,0.8419,8576,0,0
2025-06-04 12:00:00,0.8419,0.84211,0.84072,0.84205,7128,0,0
2025-06-04 15:00:00,0.84205,0.84314,0.84179,0.84208,12727,0,0
2025-06-04 18:00:00,0.84207,0.84283,0.8416,0.84249,7838,0,0
2025-06-04 21:00:00,0.84248,0.84273,0.84223,0.84224,3805,0,0
2025-06-05 00:00:00,0.84086,0.84288,0.83998,0.84281,2252,0,0
2025-06-05 03:00:00,0.84281,0.84314,0.84259,0.84279,5088,0,0
2025-06-05 06:00:00,0.84278,0.84279,0.8421,0.84214,4495,0,0
2025-06-05 09:00:00,0.84214,0.84229,0.84109,0.84122,6780,0,0
2025-06-05 12:00:00,0.84122,0.84212,0.84118,0.84197,6440,0,0
2025-06-05 15:00:00,0.84195,0.84477,0.84126,0.84301,16895,0,0
2025-06-05 18:00:00,0.843,0.84301,0.84185,0.84207,8449,0,0
2025-06-05 21:00:00,0.84207,0.84326,0.84204,0.84306,6771,0,0
2025-06-06 00:00:00,0.8423,0.84347,0.84132,0.84346,2896,0,0
2025-06-06 03:00:00,0.84346,0.84347,0.84274,0.84287,4448,0,0
2025-06-06 06:00:00,0.84287,0.84305,0.84263,0.84296,3159,0,0
2025-06-06 09:00:00,0.84296,0.84424,0.84295,0.84317,7433,0,0
2025-06-06 12:00:00,0.84316,0.84381,0.84256,0.84257,5633,0,0
2025-06-06 15:00:00,0.84257,0.84287,0.84171,0.84203,16743,0,0
2025-06-06 18:00:00,0.84204,0.84266,0.84173,0.84228,8491,0,0
2025-06-06 21:00:00,0.84228,0.84256,0.84208,0.84223,3387,0,0
2025-06-09 00:00:00,0.84032,0.84284,0.84032,0.84262,1887,0,0
2025-06-09 03:00:00,0.84262,0.84269,0.84191,0.84221,3499,0,0
2025-06-09 06:00:00,0.84221,0.84259,0.84206,0.84248,2478,0,0
2025-06-09 09:00:00,0.84248,0.84263,0.84179,0.84196,5800,0,0
2025-06-09 12:00:00,0.84196,0.84262,0.84142,0.84188,5445,0,0
2025-06-09 15:00:00,0.84188,0.84263,0.84175,0.84222,7098,0,0
2025-06-09 18:00:00,0.84222,0.84278,0.84203,0.84246,3665,0,0
2025-06-09 21:00:00,0.84246,0.84287,0.84237,0.84271,2887,0,0
2025-06-10 00:00:00,0.84248,0.84299,0.84122,0.84298,3111,0,0
2025-06-10 03:00:00,0.84298,0.84312,0.84193,0.842,4801,0,0
2025-06-10 06:00:00,0.842,0.84264,0.84178,0.84225,3550,0,0
2025-06-10 09:00:00,0.84224,0.84624,0.84216,0.84583,9791,0,0
2025-06-10 12:00:00,0.84583,0.84686,0.84557,0.84628,6638,0,0
2025-06-10 15:00:00,0.84628,0.84667,0.8448,0.84546,7770,0,0
2025-06-10 18:00:00,0.84547,0.84637,0.845,0.84613,4987,0,0
2025-06-10 21:00:00,0.84613,0.84662,0.84606,0.84637,2972,0,0
2025-06-11 00:00:00,0.84593,0.84677,0.84407,0.84675,3783,0,0
2025-06-11 03:00:00,0.84675,0.84691,0.84636,0.84684,4860,0,0
2025-06-11 06:00:00,0.84684,0.84691,0.84655,0.8467,2605,0,0
2025-06-11 09:00:00,0.8467,0.84765,0.84657,0.84707,6261,0,0
2025-06-11 12:00:00,0.84707,0.84776,0.84684,0.84716,5769,0,0
2025-06-11 15:00:00,0.84716,0.84888,0.84689,0.84805,11640,0,0
2025-06-11 18:00:00,0.84805,0.84838,0.84744,0.84771,6013,0,0
2025-06-11 21:00:00,0.84771,0.84832,0.8474,0.84792,4292,0,0
2025-06-12 00:00:00,0.8476,0.84843,0.84562,0.84832,3303,0,0
2025-06-12 03:00:00,0.84832,0.84836,0.84787,0.84809,5816,0,0
2025-06-12 06:00:00,0.84809,0.84867,0.84772,0.84829,3293,0,0
2025-06-12 09:00:00,0.84827,0.85174,0.84822,0.85095,9173,0,0
2025-06-12 12:00:00,0.85096,0.85383,0.85073,0.85266,10144,0,0
2025-06-12 15:00:00,0.85266,0.85466,0.85123,0.85197,12320,0,0
2025-06-12 18:00:00,0.85197,0.85234,0.85121,0.85168,7353,0,0
2025-06-12 21:00:00,0.85168,0.85179,0.85082,0.85096,3565,0,0
2025-06-13 00:00:00,0.84963,0.85179,0.84836,0.85178,2794,0,0
2025-06-13 03:00:00,0.85177,0.85202,0.85071,0.85158,12807,0,0
2025-06-13 06:00:00,0.85158,0.85177,0.85074,0.85154,6267,0,0
2025-06-13 09:00:00,0.85154,0.8531,0.8502,0.85026,9868,0,0
2025-06-13 12:00:00,0.85026,0.85113,0.84931,0.85013,9249,0,0
2025-06-13 15:00:00,0.85013,0.85168,0.84994,0.85041,9843,0,0
2025-06-13 18:00:00,0.85041,0.85086,0.84971,0.85022,7664,0,0
2025-06-13 21:00:00,0.85022,0.85124,0.85009,0.85087,5453,0,0
2025-06-16 00:00:00,0.84905,0.85155,0.84904,0.85155,8473,0,0
2025-06-16 03:00:00,0.85154,0.85194,0.85105,0.85137,5505,0,0
2025-06-16 06:00:00,0.85137,0.8519,0.85132,0.85158,4430,0,0
2025-06-16 09:00:00,0.85158,0.85291,0.85103,0.8526,9176,0,0
2025-06-16 12:00:00,0.8526,0.85291,0.85202,0.85234,6768,0,0
2025-06-16 15:00:00,0.85235,0.85317,0.85201,0.85254,11548,0,0
2025-06-16 18:00:00,0.85254,0.85265,0.85102,0.85153,8217,0,0
2025-06-16 21:00:00,0.85153,0.85174,0.85114,0.85132,5706,0,0
2025-06-17 00:00:00,0.85113,0.85172,0.84886,0.85153,4549,0,0
2025-06-17 03:00:00,0.85152,0.85192,0.85122,0.85178,5157,0,0
2025-06-17 06:00:00,0.85178,0.85191,0.85148,0.85175,5616,0,0
2025-06-17 09:00:00,0.85175,0.85269,0.85174,0.85264,7794,0,0
2025-06-17 12:00:00,0.85268,0.8534,0.85228,0.85252,7141,0,0
2025-06-17 15:00:00,0.85252,0.85378,0.85226,0.85303,12122,0,0
2025-06-17 18:00:00,0.85303,0.85459,0.85272,0.85432,11149,0,0
2025-06-17 21:00:00,0.85432,0.85556,0.85407,0.85479,7933,0,0
2025-06-18 00:00:00,0.85468,0.8552,0.85316,0.85499,3918,0,0
2025-06-18 03:00:00,0.85499,0.85591,0.85484,0.85574,7063,0,0
2025-06-18 06:00:00,0.85574,0.85596,0.85537,0.85548,4995,0,0
2025-06-18 09:00:00,0.85548,0.85577,0.85461,0.85496,7769,0,0
2025-06-18 12:00:00,0.85496,0.85554,0.85413,0.85548,6212,0,0
2025-06-18 15:00:00,0.85548,0.85588,0.85458,0.85542,11725,0,0
2025-06-18 18:00:00,0.85542,0.8558,0.85459,0.85514,8301,0,0
2025-06-18 21:00:00,0.85513,0.85645,0.8546,0.85554,13891,0,0
2025-06-19 00:00:00,0.85485,0.8557,0.85205,0.85551,5773,0,0
2025-06-19 03:00:00,0.85551,0.85598,0.85488,0.85512,7712,0,0
2025-06-19 06:00:00,0.85512,0.85548,0.85488,0.85529,5351,0,0
2025-06-19 09:00:00,0.85529,0.85563,0.85449,0.85471,7123,0,0
2025-06-19 12:00:00,0.85471,0.85575,0.85377,0.85378,9009,0,0
2025-06-19 15:00:00,0.85378,0.85496,0.85354,0.85417,9522,0,0
2025-06-19 18:00:00,0.85417,0.85426,0.85315,0.85323,5172,0,0
2025-06-19 21:00:00,0.85323,0.85385,0.85316,0.85363,3110,0,0
2025-06-20 00:00:00,0.8535,0.85422,0.85267,0.85422,4955,0,0
2025-06-20 03:00:00,0.85422,0.85443,0.8538,0.85404,9339,0,0
2025-06-20 06:00:00,0.85404,0.85437,0.85369,0.85395,7715,0,0
2025-06-20 09:00:00,0.85401,0.85517,0.85386,0.85409,9088,0,0
2025-06-20 12:00:00,0.85409,0.85465,0.85322,0.85356,6985,0,0
2025-06-20 15:00:00,0.85356,0.85506,0.8526,0.85506,11431,0,0
2025-06-20 18:00:00,0.85506,0.85676,0.8547,0.85624,8730,0,0
2025-06-20 21:00:00,0.85624,0.85685,0.85595,0.85623,4859,0,0
2025-06-23 00:00:00,0.85401,0.85664,0.85385,0.85596,9108,0,0
2025-06-23 03:00:00,0.85596,0.85659,0.85582,0.85654,12297,0,0
2025-06-23 06:00:00,0.85655,0.85751,0.85636,0.85719,7979,0,0
2025-06-23 09:00:00,0.85719,0.85727,0.85508,0.85591,11331,0,0
2025-06-23 12:00:00,0.85591,0.85743,0.85569,0.85651,10818,0,0
2025-06-23 15:00:00,0.85651,0.8569,0.85476,0.85488,13595,0,0
2025-06-23 18:00:00,0.85488,0.85593,0.85461,0.85567,12223,0,0
2025-06-23 21:00:00,0.85567,0.85617,0.85553,0.85593,6070,0,0
2025-06-24 00:00:00,0.85582,0.85668,0.85491,0.85623,6190,0,0
2025-06-24 03:00:00,0.85623,0.85655,0.85574,0.85584,9520,0,0
2025-06-24 06:00:00,0.85584,0.85599,0.85538,0.85565,6067,0,0
2025-06-24 09:00:00,0.85565,0.85566,0.85231,0.85237,12481,0,0
2025-06-24 12:00:00,0.85237,0.85327,0.85204,0.85271,8977,0,0
2025-06-24 15:00:00,0.85271,0.8534,0.85196,0.85279,12613,0,0
2025-06-24 18:00:00,0.85279,0.8535,0.85255,0.85264,9001,0,0
2025-06-24 21:00:00,0.85264,0.85291,0.85247,0.85249,4463,0,0
2025-06-25 00:00:00,0.85248,0.85307,0.85062,0.8529,2853,0,0
2025-06-25 03:00:00,0.8529,0.85383,0.85286,0.85323,8425,0,0
2025-06-25 06:00:00,0.85323,0.85338,0.85259,0.85289,6416,0,0
2025-06-25 09:00:00,0.85289,0.85289,0.85127,0.8523,8766,0,0
2025-06-25 12:00:00,0.85231,0.85318,0.85191,0.85246,7887,0,0
2025-06-25 15:00:00,0.85246,0.85333,0.85211,0.85295,9865,0,0
2025-06-25 18:00:00,0.85295,0.85368,0.85252,0.85294,7532,0,0
2025-06-25 21:00:00,0.85294,0.85361,0.85279,0.85317,4840,0,0
2025-06-26 00:00:00,0.85292,0.85354,0.85246,0.85347,4159,0,0
2025-06-26 03:00:00,0.85347,0.8536,0.85284,0.85291,7237,0,0
2025-06-26 06:00:00,0.85291,0.85371,0.85213,0.85234,7249,0,0
2025-06-26 09:00:00,0.85234,0.85337,0.85167,0.85295,11851,0,0
2025-06-26 12:00:00,0.85295,0.85395,0.85252,0.85315,9750,0,0
2025-06-26 15:00:00,0.85315,0.85372,0.85191,0.85258,13549,0,0
2025-06-26 18:00:00,0.85258,0.85289,0.85169,0.85224,8557,0,0
2025-06-26 21:00:00,0.85224,0.85279,0.85203,0.85231,4937,0,0
2025-06-27 00:00:00,0.85186,0.85212,0.85068,0.85193,4383,0,0
2025-06-27 03:00:00,0.85195,0.85201,0.85079,0.85131,8227,0,0
2025-06-27 06:00:00,0.85131,0.85181,0.85126,0.85157,5902,0,0
2025-06-27 09:00:00,0.85156,0.85309,0.85138,0.85201,9228,0,0
2025-06-27 12:00:00,0.85202,0.85363,0.8517,0.8527,7636,0,0
2025-06-27 15:00:00,0.8527,0.85513,0.85259,0.8544,12966,0,0
2025-06-27 18:00:00,0.8544,0.85527,0.85417,0.85464,8981,0,0
2025-06-27 21:00:00,0.85464,0.85475,0.85369,0.85377,6273,0,0
2025-06-30 00:00:00,0.8549,0.8552,0.85403,0.8548,4608,0,0
2025-06-30 03:00:00,0.8548,0.8549,0.85404,0.85427,8389,0,0
2025-06-30 06:00:00,0.85427,0.85451,0.85395,0.85413,5548,0,0
2025-06-30 09:00:00,0.85414,0.85624,0.85396,0.85619,9894,0,0
2025-06-30 12:00:00,0.85619,0.85623,0.85526,0.85538,8137,0,0
2025-06-30 15:00:00,0.85537,0.85697,0.85529,0.85661,11358,0,0
2025-06-30 18:00:00,0.85661,0.85831,0.85636,0.85825,9752,0,0
2025-06-30 21:00:00,0.85825,0.85863,0.85781,0.85812,5447,0,0
2025-07-01 00:00:00,0.85801,0.85845,0.85745,0.85838,3753,0,0
2025-07-01 03:00:00,0.85838,0.8588,0.85802,0.85814,8856,0,0
2025-07-01 06:00:00,0.85814,0.8582,0.85721,0.85735,6590,0,0
2025-07-01 09:00:00,0.85735,0.8576,0.85572,0.85705,10081,0,0
2025-07-01 12:00:00,0.85705,0.85891,0.85695,0.85889,10053,0,0
2025-07-01 15:00:00,0.85889,0.85974,0.85807,0.8587,13032,0,0
2025-07-01 18:00:00,0.8587,0.85893,0.85708,0.85773,8483,0,0
2025-07-01 21:00:00,0.85773,0.85878,0.8573,0.85872,4656,0,0
2025-07-02 00:00:00,0.8586,0.85901,0.8581,0.85882,3588,0,0
2025-07-02 03:00:00,0.85882,0.85892,0.85831,0.85841,8303,0,0
2025-07-02 06:00:00,0.85841,0.8586,0.85806,0.85808,6851,0,0
2025-07-02 09:00:00,0.85808,0.85986,0.85774,0.85966,9099,0,0
2025-07-02 12:00:00,0.85966,0.86032,0.85779,0.85996,9826,0,0
2025-07-02 15:00:00,0.85996,0.86702,0.85995,0.86567,18657,0,0
2025-07-02 18:00:00,0.86567,0.86606,0.86464,0.86518,7889,0,0
2025-07-02 21:00:00,0.86518,0.86574,0.86497,0.86519,4001,0,0
2025-07-03 00:00:00,0.86496,0.86507,0.86182,0.86442,3702,0,0
2025-07-03 03:00:00,0.86442,0.86545,0.86434,0.86529,7146,0,0
2025-07-03 06:00:00,0.86529,0.86539,0.86458,0.86485,6524,0,0
2025-07-03 09:00:00,0.86485,0.86496,0.86282,0.8634,8449,0,0
2025-07-03 12:00:00,0.8634,0.86403,0.86274,0.8629,7811,0,0
2025-07-03 15:00:00,0.86289,0.86356,0.8602,0.86125,15865,0,0
2025-07-03 18:00:00,0.86125,0.86158,0.86061,0.86128,6612,0,0
2025-07-03 21:00:00,0.86128,0.86147,0.86079,0.86106,2940,0,0
2025-07-04 00:00:00,0.86098,0.86147,0.86042,0.8612,4057,0,0
2025-07-04 03:00:00,0.8612,0.86198,0.86108,0.86172,8242,0,0
2025-07-04 06:00:00,0.86172,0.86183,0.86118,0.86165,6183,0,0
2025-07-04 09:00:00,0.86165,0.86201,0.86096,0.8617,7624,0,0
2025-07-04 12:00:00,0.86171,0.86307,0.86162,0.86232,6812,0,0
2025-07-04 15:00:00,0.86232,0.86375,0.86221,0.86332,5587,0,0
2025-07-04 18:00:00,0.86332,0.8637,0.86251,0.86279,7260,0,0
2025-07-04 21:00:00,0.86279,0.86327,0.86211,0.86227,15552,0,0
2025-07-07 00:00:00,0.8614,0.86303,0.86126,0.86296,3745,0,0
2025-07-07 03:00:00,0.86296,0.86356,0.86293,0.86346,8713,0,0
2025-07-07 06:00:00,0.86346,0.86435,0.86342,0.86405,7921,0,0
2025-07-07 09:00:00,0.86405,0.86433,0.86292,0.86333,9408,0,0
2025-07-07 12:00:00,0.86333,0.8637,0.86119,0.86147,7870,0,0
2025-07-07 15:00:00,0.86146,0.86171,0.86026,0.86085,8624,0,0
2025-07-07 18:00:00,0.86085,0.86125,0.85965,0.86045,9949,0,0
2025-07-07 21:00:00,0.86045,0.86128,0.86041,0.86074,5392,0,0
2025-07-08 00:00:00,0.8602,0.8619,0.85961,0.86148,4401,0,0
2025-07-08 03:00:00,0.86148,0.86183,0.86112,0.86115,9277,0,0
2025-07-08 06:00:00,0.86115,0.86171,0.86093,0.86101,7922,0,0
2025-07-08 09:00:00,0.86101,0.86339,0.861,0.86309,8470,0,0
2025-07-08 12:00:00,0.8631,0.86431,0.86292,0.86356,7666,0,0
2025-07-08 15:00:00,0.86356,0.86412,0.86256,0.8632,10527,0,0
2025-07-08 18:00:00,0.8632,0.86351,0.86214,0.86258,9269,0,0
2025-07-08 21:00:00,0.86258,0.86298,0.86238,0.86254,4501,0,0
2025-07-09 00:00:00,0.86242,0.86304,0.86074,0.86297,4230,0,0
2025-07-09 03:00:00,0.86297,0.86317,0.86252,0.86277,8706,0,0
2025-07-09 06:00:00,0.86277,0.86284,0.862,0.86233,6286,0,0
2025-07-09 09:00:00,0.86233,0.86253,0.86114,0.86119,8131,0,0
2025-07-09 12:00:00,0.86119,0.86185,0.86105,0.86108,6809,0,0
2025-07-09 15:00:00,0.86108,0.8624,0.86057,0.86212,9922,0,0
2025-07-09 18:00:00,0.86212,0.86214,0.8614,0.86164,6093,0,0
2025-07-09 21:00:00,0.86166,0.86276,0.86143,0.86266,5193,0,0
2025-07-10 00:00:00,0.86255,0.8633,0.86124,0.8632,2466,0,0
2025-07-10 03:00:00,0.8632,0.8634,0.86263,0.8627,6564,0,0
2025-07-10 06:00:00,0.8627,0.86277,0.86245,0.86259,3954,0,0
2025-07-10 09:00:00,0.86259,0.86259,0.86162,0.86194,6681,0,0
2025-07-10 12:00:00,0.86194,0.86288,0.86157,0.86237,5451,0,0
2025-07-10 15:00:00,0.86238,0.8634,0.86137,0.86164,11397,0,0
2025-07-10 18:00:00,0.86164,0.86187,0.861,0.8613,7235,0,0
2025-07-10 21:00:00,0.8613,0.86158,0.86112,0.8614,4002,0,0
2025-07-11 00:00:00,0.86139,0.8618,0.86107,0.86167,3217,0,0
2025-07-11 03:00:00,0.86167,0.86189,0.86089,0.86103,10949,0,0
2025-07-11 06:00:00,0.86103,0.86148,0.86098,0.86106,5892,0,0
2025-07-11 09:00:00,0.86105,0.86363,0.86103,0.86306,9160,0,0
2025-07-11 12:00:00,0.86306,0.8658,0.8625,0.86556,9144,0,0
2025-07-11 15:00:00,0.86556,0.86671,0.86508,0.86576,10966,0,0
2025-07-11 18:00:00,0.86576,0.86662,0.86515,0.86531,7309,0,0
2025-07-11 21:00:00,0.86531,0.86644,0.86506,0.86595,5245,0,0
2025-07-14 00:00:00,0.86398,0.86587,0.86359,0.86565,5256,0,0
2025-07-14 03:00:00,0.86565,0.86661,0.86541,0.8664,6855,0,0
2025-07-14 06:00:00,0.8664,0.86667,0.8662,0.86662,5842,0,0
2025-07-14 09:00:00,0.86662,0.8671,0.86599,0.86692,7948,0,0
2025-07-14 12:00:00,0.86692,0.8674,0.86645,0.86692,6809,0,0
2025-07-14 15:00:00,0.86692,0.86909,0.86631,0.8688,8695,0,0
2025-07-14 18:00:00,0.86881,0.86929,0.86777,0.8682,8027,0,0
2025-07-14 21:00:00,0.8682,0.86912,0.86819,0.86872,3757,0,0
2025-07-15 00:00:00,0.86866,0.86893,0.86775,0.86871,4485,0,0
2025-07-15 03:00:00,0.86871,0.86912,0.86859,0.86909,6035,0,0
2025-07-15 06:00:00,0.86909,0.86952,0.86903,0.8695,4274,0,0
2025-07-15 09:00:00,0.8695,0.86965,0.86886,0.86909,6967,0,0
2025-07-15 12:00:00,0.86907,0.86918,0.86777,0.86803,6481,0,0
2025-07-15 15:00:00,0.86803,0.86889,0.86697,0.86733,14679,0,0
2025-07-15 18:00:00,0.86732,0.86755,0.86604,0.86638,8768,0,0
2025-07-15 21:00:00,0.86638,0.86701,0.86629,0.86677,4076,0,0
2025-07-16 00:00:00,0.86656,0.86702,0.86595,0.86664,2248,0,0
2025-07-16 03:00:00,0.86664,0.86738,0.86658,0.86735,6840,0,0
2025-07-16 06:00:00,0.86735,0.8675,0.86713,0.86717,5402,0,0
2025-07-16 09:00:00,0.86712,0.86818,0.86593,0.86811,8775,0,0
2025-07-16 12:00:00,0.86811,0.86814,0.86573,0.86582,7851,0,0
2025-07-16 15:00:00,0.86586,0.86661,0.86476,0.8656,12681,0,0
2025-07-16 18:00:00,0.8656,0.86981,0.86546,0.86743,21861,0,0
2025-07-16 21:00:00,0.86743,0.86767,0.86686,0.86731,5179,0,0
2025-07-17 00:00:00,0.86699,0.86775,0.8655,0.86766,3711,0,0
2025-07-17 03:00:00,0.86766,0.86788,0.86714,0.8678,6716,0,0
2025-07-17 06:00:00,0.8678,0.86796,0.86721,0.86727,5043,0,0
2025-07-17 09:00:00,0.86729,0.86792,0.86478,0.86509,10667,0,0
2025-07-17 12:00:00,0.86509,0.86577,0.86415,0.86425,6842,0,0
2025-07-17 15:00:00,0.86425,0.8652,0.8637,0.86415,12059,0,0
2025-07-17 18:00:00,0.86415,0.86468,0.86401,0.8643,7198,0,0
2025-07-17 21:00:00,0.8643,0.86447,0.86383,0.86408,3918,0,0
2025-07-18 00:00:00,0.86407,0.86511,0.8636,0.86478,3411,0,0
2025-07-18 03:00:00,0.86478,0.86572,0.86476,0.86543,6550,0,0
2025-07-18 06:00:00,0.86543,0.866,0.86536,0.8659,4378,0,0
2025-07-18 09:00:00,0.8659,0.86643,0.86508,0.86594,8035,0,0
2025-07-18 12:00:00,0.86594,0.86619,0.86512,0.8653,7327,0,0
2025-07-18 15:00:00,0.8653,0.86653,0.86511,0.86651,11383,0,0
2025-07-18 18:00:00,0.86651,0.86714,0.86623,0.86645,8145,0,0
2025-07-18 21:00:00,0.86645,0.86702,0.86606,0.86633,4804,0,0
2025-07-21 00:00:00,0.86499,0.86702,0.86473,0.86689,5634,0,0
2025-07-21 03:00:00,0.86689,0.8671,0.86609,0.86653,6028,0,0
2025-07-21 06:00:00,0.86653,0.86676,0.86637,0.86667,4144,0,0
2025-07-21 09:00:00,0.86667,0.86669,0.86518,0.86545,7518,0,0
2025-07-21 12:00:00,0.86545,0.86613,0.86502,0.86567,7051,0,0
2025-07-21 15:00:00,0.86567,0.86697,0.86528,0.86685,9811,0,0
2025-07-21 18:00:00,0.86686,0.86739,0.86663,0.86685,7721,0,0
2025-07-21 21:00:00,0.86685,0.86705,0.86656,0.86676,3783,0,0
2025-07-22 00:00:00,0.86638,0.86704,0.86613,0.86697,2593,0,0
2025-07-22 03:00:00,0.86697,0.86724,0.86668,0.8671,5078,0,0
2025-07-22 06:00:00,0.8671,0.86751,0.86692,0.8674,3930,0,0
2025-07-22 09:00:00,0.8674,0.86797,0.86713,0.8672,7044,0,0
2025-07-22 12:00:00,0.8672,0.86827,0.86685,0.86767,7427,0,0
2025-07-22 15:00:00,0.86767,0.86834,0.8664,0.86825,12206,0,0
2025-07-22 18:00:00,0.86823,0.86937,0.86795,0.86857,8206,0,0
2025-07-22 21:00:00,0.86857,0.86868,0.86817,0.86846,3664,0,0
2025-07-23 00:00:00,0.86824,0.86866,0.86774,0.86812,3621,0,0
2025-07-23 03:00:00,0.86812,0.86853,0.86773,0.86799,9330,0,0
2025-07-23 06:00:00,0.868,0.86805,0.86712,0.86745,5454,0,0
2025-07-23 09:00:00,0.86745,0.86794,0.86632,0.8664,8334,0,0
2025-07-23 12:00:00,0.8664,0.86677,0.86597,0.86602,7267,0,0
2025-07-23 15:00:00,0.86602,0.86684,0.86518,0.86531,10080,0,0
2025-07-23 18:00:00,0.86531,0.86697,0.86466,0.86672,10449,0,0
2025-07-23 21:00:00,0.86672,0.86711,0.86644,0.86666,5075,0,0
2025-07-24 00:00:00,0.86647,0.86716,0.86566,0.86701,2599,0,0
2025-07-24 03:00:00,0.86701,0.86722,0.86659,0.86713,7201,0,0
2025-07-24 06:00:00,0.86713,0.86729,0.86688,0.86691,6121,0,0
2025-07-24 09:00:00,0.86691,0.86838,0.86678,0.86814,7941,0,0
2025-07-24 12:00:00,0.86814,0.86815,0.86714,0.86748,6566,0,0
2025-07-24 15:00:00,0.86748,0.86974,0.8667,0.86887,13498,0,0
2025-07-24 18:00:00,0.86886,0.87101,0.86886,0.87064,8517,0,0
2025-07-24 21:00:00,0.87064,0.87066,0.86911,0.86932,4717,0,0
2025-07-25 00:00:00,0.86925,0.87026,0.86754,0.87014,3360,0,0
2025-07-25 03:00:00,0.87014,0.87035,0.86967,0.86997,6948,0,0
2025-07-25 06:00:00,0.86997,0.87027,0.8698,0.86986,6108,0,0
2025-07-25 09:00:00,0.86985,0.8727,0.86982,0.87225,9299,0,0
2025-07-25 12:00:00,0.87225,0.87265,0.87121,0.87138,6990,0,0
2025-07-25 15:00:00,0.8714,0.87341,0.87133,0.87336,11199,0,0
2025-07-25 18:00:00,0.87336,0.87433,0.87318,0.87402,8609,0,0
2025-07-25 21:00:00,0.87402,0.8743,0.87362,0.87366,5198,0,0
2025-07-28 00:00:00,0.87477,0.87524,0.87433,0.87479,4395,0,0
2025-07-28 03:00:00,0.87479,0.87523,0.87453,0.87466,9047,0,0
2025-07-28 06:00:00,0.87466,0.8748,0.87419,0.8744,4878,0,0
2025-07-28 09:00:00,0.8744,0.87447,0.86999,0.8702,10727,0,0
2025-07-28 12:00:00,0.8702,0.87034,0.86746,0.86772,9305,0,0
2025-07-28 15:00:00,0.86773,0.86849,0.86655,0.86765,12298,0,0
2025-07-28 18:00:00,0.86763,0.86787,0.8668,0.86769,9524,0,0
2025-07-28 21:00:00,0.86769,0.86835,0.86749,0.86755,5756,0,0
2025-07-29 00:00:00,0.86752,0.86804,0.86619,0.868,2934,0,0
2025-07-29 03:00:00,0.868,0.86853,0.86791,0.86825,5764,0,0
2025-07-29 06:00:00,0.86825,0.86834,0.86734,0.86739,5999,0,0
2025-07-29 09:00:00,0.86738,0.86768,0.86516,0.86712,11467,0,0
2025-07-29 12:00:00,0.86712,0.86768,0.86499,0.86507,9498,0,0
2025-07-29 15:00:00,0.86507,0.86676,0.86416,0.86456,13360,0,0
2025-07-29 18:00:00,0.86456,0.86581,0.86439,0.86522,10369,0,0
2025-07-29 21:00:00,0.86522,0.86538,0.8646,0.86474,6118,0,0
2025-07-30 00:00:00,0.86466,0.86506,0.8642,0.865,3129,0,0
2025-07-30 03:00:00,0.865,0.86592,0.86495,0.86557,6039,0,0
2025-07-30 06:00:00,0.86557,0.86563,0.8651,0.86528,5305,0,0
2025-07-30 09:00:00,0.86528,0.86547,0.86441,0.86455,7943,0,0
2025-07-30 12:00:00,0.86454,0.86468,0.86212,0.86226,8063,0,0
2025-07-30 15:00:00,0.86226,0.86406,0.86144,0.86378,13994,0,0
2025-07-30 18:00:00,0.86378,0.86437,0.8636,0.8636,8502,0,0
2025-07-30 21:00:00,0.8636,0.86413,0.86119,0.86126,15422,0,0
2025-07-31 00:00:00,0.86133,0.86214,0.86082,0.86211,3280,0,0
2025-07-31 03:00:00,0.86211,0.86327,0.86175,0.86191,8306,0,0
2025-07-31 06:00:00,0.86191,0.86221,0.86107,0.86219,5865,0,0
2025-07-31 09:00:00,0.86218,0.86433,0.86203,0.86416,9800,0,0
2025-07-31 12:00:00,0.86416,0.86503,0.86348,0.86483,8725,0,0
2025-07-31 15:00:00,0.86482,0.86593,0.86412,0.86494,12715,0,0
2025-07-31 18:00:00,0.86494,0.86521,0.8632,0.86488,10887,0,0
2025-07-31 21:00:00,0.86487,0.86494,0.86391,0.86417,7718,0,0
2025-08-01 00:00:00,0.86397,0.86487,0.8634,0.86477,3998,0,0
2025-08-01 03:00:00,0.86478,0.86508,0.86436,0.86478,7605,0,0
2025-08-01 06:00:00,0.86479,0.8659,0.86475,0.86576,5496,0,0
2025-08-01 09:00:00,0.86576,0.86678,0.86514,0.86668,9488,0,0
2025-08-01 12:00:00,0.86668,0.86751,0.8666,0.86671,8991,0,0
2025-08-01 15:00:00,0.86671,0.87207,0.86619,0.87126,25769,0,0
2025-08-01 18:00:00,0.87126,0.87214,0.87054,0.87134,13255,0,0
2025-08-01 21:00:00,0.87134,0.87285,0.87123,0.87224,11162,0,0
2025-08-04 00:00:00,0.87084,0.87295,0.87082,0.87182,5207,0,0
2025-08-04 03:00:00,0.87182,0.87218,0.87123,0.87158,9560,0,0
2025-08-04 06:00:00,0.87158,0.87201,0.87148,0.87152,5760,0,0
2025-08-04 09:00:00,0.87152,0.87164,0.87038,0.87047,11328,0,0
2025-08-04 12:00:00,0.87047,0.87076,0.86975,0.87004,10094,0,0
2025-08-04 15:00:00,0.87003,0.87082,0.86868,0.8699,12501,0,0
2025-08-04 18:00:00,0.86991,0.87137,0.86982,0.87133,10006,0,0
2025-08-04 21:00:00,0.87133,0.8715,0.87092,0.87093,6826,0,0
2025-08-05 00:00:00,0.87091,0.87131,0.8697,0.87111,3231,0,0
2025-08-05 03:00:00,0.87111,0.8713,0.86979,0.87023,7637,0,0
2025-08-05 06:00:00,0.87023,0.87041,0.86975,0.8699,5935,0,0
2025-08-05 09:00:00,0.8699,0.87026,0.86867,0.86873,10554,0,0
2025-08-05 12:00:00,0.86875,0.86945,0.86795,0.86889,9126,0,0
2025-08-05 15:00:00,0.86889,0.87047,0.86834,0.87023,13194,0,0
2025-08-05 18:00:00,0.87023,0.87081,0.86965,0.87025,9932,0,0
2025-08-05 21:00:00,0.87025,0.87064,0.87001,0.87014,6388,0,0
2025-08-06 00:00:00,0.8699,0.87072,0.86901,0.87067,2621,0,0
2025-08-06 03:00:00,0.87067,0.8707,0.86966,0.86979,5963,0,0
2025-08-06 06:00:00,0.86978,0.87033,0.86977,0.87026,4985,0,0
2025-08-06 09:00:00,0.87023,0.87135,0.87016,0.87134,9628,0,0
2025-08-06 12:00:00,0.87134,0.87205,0.87095,0.87133,9051,0,0
2025-08-06 15:00:00,0.87133,0.87317,0.87133,0.87226,10524,0,0
2025-08-06 18:00:00,0.87226,0.8725,0.87145,0.87221,10015,0,0
2025-08-06 21:00:00,0.87222,0.87288,0.87209,0.87281,6683,0,0
2025-08-07 00:00:00,0.87255,0.8732,0.87187,0.87313,4039,0,0
2025-08-07 03:00:00,0.87313,0.87324,0.87277,0.87309,6787,0,0
2025-08-07 06:00:00,0.87309,0.87339,0.87295,0.87321,4945,0,0
2025-08-07 09:00:00,0.8732,0.87436,0.87278,0.87385,10290,0,0
2025-08-07 12:00:00,0.87385,0.87391,0.86797,0.86815,11178,0,0
2025-08-07 15:00:00,0.86815,0.8687,0.86649,0.86725,14236,0,0
2025-08-07 18:00:00,0.86725,0.86746,0.86636,0.86681,10226,0,0
2025-08-07 21:00:00,0.86681,0.86789,0.86651,0.86754,8797,0,0
2025-08-08 00:00:00,0.86745,0.86819,0.86696,0.86809,3972,0,0
2025-08-08 03:00:00,0.86809,0.8682,0.86739,0.86745,6909,0,0
2025-08-08 06:00:00,0.86745,0.86784,0.8669,0.86703,4783,0,0
2025-08-08 09:00:00,0.86703,0.86767,0.86611,0.86621,8675,0,0
2025-08-08 12:00:00,0.8662,0.86677,0.86535,0.86632,8561,0,0
2025-08-08 15:00:00,0.86632,0.8676,0.86629,0.86738,9524,0,0
2025-08-08 18:00:00,0.86738,0.86749,0.86654,0.86659,8188,0,0
2025-08-08 21:00:00,0.86658,0.86682,0.86529,0.86545,7475,0,0
2025-08-11 00:00:00,0.86454,0.86645,0.86442,0.86642,2726,0,0
2025-08-11 03:00:00,0.86642,0.86701,0.86622,0.867,6126,0,0
2025-08-11 06:00:00,0.867,0.86723,0.86637,0.86645,5786,0,0
2025-08-11 09:00:00,0.86644,0.86644,0.86554,0.86563,8121,0,0
2025-08-11 12:00:00,0.8656,0.86634,0.86508,0.86585,7759,0,0
2025-08-11 15:00:00,0.86585,0.86616,0.86477,0.8649,9809,0,0
2025-08-11 18:00:00,0.8649,0.86542,0.8644,0.86452,8024,0,0
2025-08-11 21:00:00,0.86452,0.86488,0.86416,0.86476,5849,0,0
2025-08-12 00:00:00,0.86473,0.86492,0.86385,0.86473,3293,0,0
2025-08-12 03:00:00,0.86473,0.86527,0.86462,0.86493,6086,0,0
2025-08-12 06:00:00,0.86493,0.86546,0.86481,0.86502,5743,0,0
2025-08-12 09:00:00,0.86502,0.86509,0.86217,0.86235,10311,0,0
2025-08-12 12:00:00,0.86235,0.86295,0.86207,0.86236,8162,0,0
2025-08-12 15:00:00,0.86236,0.86455,0.8594,0.8643,16894,0,0
2025-08-12 18:00:00,0.8643,0.86494,0.86389,0.86418,9737,0,0
2025-08-12 21:00:00,0.86418,0.8652,0.86416,0.8646,5812,0,0
2025-08-13 00:00:00,0.86457,0.86497,0.86392,0.86473,4199,0,0
2025-08-13 03:00:00,0.86473,0.86537,0.86461,0.86515,6618,0,0
2025-08-13 06:00:00,0.86515,0.86535,0.86453,0.86458,5280,0,0
2025-08-13 09:00:00,0.86456,0.86534,0.86404,0.86404,10629,0,0
2025-08-13 12:00:00,0.86404,0.86431,0.86273,0.86316,8776,0,0
2025-08-13 15:00:00,0.86316,0.86353,0.86202,0.86353,10110,0,0
2025-08-13 18:00:00,0.86353,0.8637,0.86242,0.86247,7391,0,0
2025-08-13 21:00:00,0.86247,0.86253,0.86184,0.86205,3696,0,0
2025-08-14 00:00:00,0.86201,0.86233,0.8615,0.86211,2463,0,0
2025-08-14 03:00:00,0.86211,0.8625,0.86186,0.86206,6855,0,0
2025-08-14 06:00:00,0.86204,0.8623,0.86189,0.86194,5379,0,0
2025-08-14 09:00:00,0.86183,0.86196,0.85963,0.85973,11020,0,0
2025-08-14 12:00:00,0.85974,0.86123,0.85974,0.86102,9373,0,0
2025-08-14 15:00:00,0.86105,0.86122,0.85966,0.8602,12707,0,0
2025-08-14 18:00:00,0.86019,0.86064,0.85991,0.85993,7574,0,0
2025-08-14 21:00:00,0.85993,0.86093,0.8599,0.86083,4236,0,0
2025-08-15 00:00:00,0.86004,0.8612,0.86,0.86108,2719,0,0
2025-08-15 03:00:00,0.86108,0.86109,0.86057,0.86069,5568,0,0
2025-08-15 06:00:00,0.86069,0.86122,0.86059,0.86121,4173,0,0
2025-08-15 09:00:00,0.86121,0.86238,0.86109,0.86236,8214,0,0
2025-08-15 12:00:00,0.86236,0.8625,0.86163,0.86192,6847,0,0
2025-08-15 15:00:00,0.86192,0.86377,0.86164,0.86371,10573,0,0
2025-08-15 18:00:00,0.86371,0.86377,0.86301,0.86343,5783,0,0
2025-08-15 21:00:00,0.86343,0.86362,0.863,0.86307,4123,0,0
2025-08-18 00:00:00,0.86311,0.86385,0.86212,0.86354,3040,0,0
2025-08-18 03:00:00,0.86354,0.86359,0.86287,0.86357,5346,0,0
2025-08-18 06:00:00,0.86356,0.86363,0.86288,0.86317,4570,0,0
2025-08-18 09:00:00,0.86316,0.86375,0.86209,0.86237,9277,0,0
2025-08-18 12:00:00,0.86237,0.8629,0.86187,0.86238,7764,0,0
2025-08-18 15:00:00,0.86244,0.86301,0.86186,0.86296,8096,0,0
2025-08-18 18:00:00,0.86296,0.8635,0.86255,0.86326,6909,0,0
2025-08-18 21:00:00,0.86327,0.86399,0.86326,0.86354,3826,0,0
2025-08-19 00:00:00,0.86334,0.86397,0.86176,0.86379,3146,0,0
2025-08-19 03:00:00,0.8638,0.86385,0.86296,0.86322,6684,0,0
2025-08-19 06:00:00,0.86325,0.86367,0.86313,0.86338,5422,0,0
2025-08-19 09:00:00,0.86338,0.86412,0.86317,0.86351,8336,0,0
2025-08-19 12:00:00,0.8635,0.86457,0.86334,0.86422,7040,0,0
2025-08-19 15:00:00,0.86424,0.86479,0.8635,0.86443,7953,0,0
2025-08-19 18:00:00,0.86444,0.86457,0.86375,0.86394,6028,0,0
2025-08-19 21:00:00,0.86395,0.86422,0.86311,0.86312,3826,0,0
2025-08-20 00:00:00,0.8631,0.86344,0.86214,0.8633,4218,0,0
2025-08-20 03:00:00,0.86328,0.86357,0.86296,0.86331,7211,0,0
2025-08-20 06:00:00,0.86331,0.86354,0.86287,0.86299,5126,0,0
2025-08-20 09:00:00,0.863,0.863,0.86084,0.86203,10466,0,0
2025-08-20 12:00:00,0.86203,0.86414,0.86174,0.86414,7214,0,0
2025-08-20 15:00:00,0.86416,0.86619,0.86406,0.86567,10131,0,0
2025-08-20 18:00:00,0.86567,0.86672,0.86546,0.86647,7421,0,0
2025-08-20 21:00:00,0.86641,0.86666,0.86566,0.86579,4531,0,0
2025-08-21 00:00:00,0.86558,0.86619,0.86488,0.86527,2678,0,0
2025-08-21 03:00:00,0.86525,0.8659,0.86525,0.86587,6160,0,0
2025-08-21 06:00:00,0.86587,0.86596,0.86554,0.86593,4822,0,0
2025-08-21 09:00:00,0.86595,0.8666,0.86477,0.86555,9894,0,0
2025-08-21 12:00:00,0.86555,0.86557,0.86461,0.86522,8655,0,0
2025-08-21 15:00:00,0.86523,0.86645,0.86446,0.86516,11472,0,0
2025-08-21 18:00:00,0.86517,0.86568,0.86492,0.86538,8362,0,0
2025-08-21 21:00:00,0.86538,0.86547,0.86495,0.86525,4325,0,0
2025-08-22 00:00:00,0.8652,0.86562,0.8645,0.8655,3265,0,0
2025-08-22 03:00:00,0.86551,0.86577,0.86529,0.86561,5714,0,0
2025-08-22 06:00:00,0.86559,0.86565,0.86466,0.8651,5260,0,0
2025-08-22 09:00:00,0.86511,0.86538,0.86439,0.86478,7746,0,0
2025-08-22 12:00:00,0.86478,0.86521,0.86433,0.86506,7077,0,0
2025-08-22 15:00:00,0.86506,0.8668,0.86396,0.86648,15209,0,0
2025-08-22 18:00:00,0.86648,0.8672,0.86579,0.86709,10747,0,0
2025-08-22 21:00:00,0.86709,0.86714,0.86606,0.86617,5224,0,0
2025-08-25 00:00:00,0.86633,0.86698,0.86587,0.86672,4939,0,0
2025-08-25 03:00:00,0.86672,0.86697,0.8664,0.86647,6419,0,0
2025-08-25 06:00:00,0.86647,0.86661,0.86594,0.86597,4103,0,0
2025-08-25 09:00:00,0.86597,0.8671,0.86597,0.86676,8023,0,0
2025-08-25 12:00:00,0.86676,0.86692,0.8652,0.86561,6443,0,0
2025-08-25 15:00:00,0.86561,0.86662,0.86553,0.86575,7666,0,0
2025-08-25 18:00:00,0.86577,0.86601,0.86361,0.86405,8421,0,0
2025-08-25 21:00:00,0.86405,0.86413,0.86276,0.86346,6304,0,0
2025-08-26 00:00:00,0.86334,0.86375,0.86179,0.86321,3923,0,0
2025-08-26 03:00:00,0.86322,0.86459,0.8632,0.86424,11157,0,0
2025-08-26 06:00:00,0.86424,0.86459,0.86405,0.86451,5652,0,0
2025-08-26 09:00:00,0.86451,0.86452,0.86231,0.86291,11770,0,0
2025-08-26 12:00:00,0.86291,0.86433,0.86289,0.86403,8408,0,0
2025-08-26 15:00:00,0.86403,0.86495,0.86369,0.86468,10803,0,0
2025-08-26 18:00:00,0.86468,0.8648,0.86375,0.8638,7862,0,0
2025-08-26 21:00:00,0.8638,0.86394,0.86345,0.86369,4654,0,0
2025-08-27 00:00:00,0.8635,0.86405,0.86248,0.86347,3700,0,0
2025-08-27 03:00:00,0.86347,0.86399,0.8634,0.86397,5882,0,0
2025-08-27 06:00:00,0.86397,0.86398,0.86344,0.86358,4819,0,0
2025-08-27 09:00:00,0.86355,0.86367,0.86172,0.86192,9255,0,0
2025-08-27 12:00:00,0.86193,0.86294,0.8619,0.86265,7843,0,0
2025-08-27 15:00:00,0.86265,0.86279,0.86098,0.86122,10168,0,0
2025-08-27 18:00:00,0.86123,0.86255,0.86111,0.86194,8272,0,0
2025-08-27 21:00:00,0.86195,0.86212,0.86163,0.86205,4683,0,0
2025-08-28 00:00:00,0.86208,0.86255,0.86092,0.86253,2842,0,0
2025-08-28 03:00:00,0.86252,0.8627,0.86198,0.86212,5465,0,0
2025-08-28 06:00:00,0.86212,0.86222,0.86173,0.86175,4329,0,0
2025-08-28 09:00:00,0.86176,0.86284,0.86153,0.86246,9282,0,0
2025-08-28 12:00:00,0.86246,0.86331,0.86234,0.86325,8627,0,0
2025-08-28 15:00:00,0.86326,0.86456,0.86318,0.86371,12891,0,0
2025-08-28 18:00:00,0.86371,0.86475,0.86321,0.86442,7618,0,0
2025-08-28 21:00:00,0.86442,0.86484,0.86434,0.86453,3966,0,0
2025-08-29 00:00:00,0.86448,0.86464,0.86398,0.86453,4140,0,0
2025-08-29 03:00:00,0.86452,0.86466,0.86355,0.8637,6506,0,0
2025-08-29 06:00:00,0.86372,0.8645,0.86368,0.86442,4542,0,0
2025-08-29 09:00:00,0.86441,0.86691,0.86411,0.86632,8385,0,0
2025-08-29 12:00:00,0.8663,0.86738,0.86619,0.86691,7822,0,0
2025-08-29 15:00:00,0.8669,0.86709,0.86601,0.86636,11738,0,0
2025-08-29 18:00:00,0.86638,0.86655,0.86573,0.86621,8444,0,0
2025-08-29 21:00:00,0.86621,0.86624,0.86504,0.86509,5267,0,0
2025-09-01 00:00:00,0.86597,0.86605,0.86488,0.86571,2394,0,0
2025-09-01 03:00:00,0.86571,0.86591,0.8652,0.8658,6477,0,0
2025-09-01 06:00:00,0.86579,0.86619,0.86567,0.86612,4595,0,0
2025-09-01 09:00:00,0.86612,0.86702,0.86606,0.86699,8162,0,0
2025-09-01 12:00:00,0.867,0.86703,0.86607,0.86617,7143,0,0
2025-09-01 15:00:00,0.86617,0.86635,0.86432,0.86442,6428,0,0
2025-09-01 18:00:00,0.86442,0.86449,0.86379,0.86426,3486,0,0
2025-09-01 21:00:00,0.86427,0.86459,0.86423,0.8645,2019,0,0
2025-09-02 00:00:00,0.86428,0.86485,0.86383,0.86479,2838,0,0
2025-09-02 03:00:00,0.86479,0.86483,0.86433,0.86467,6214,0,0
2025-09-02 06:00:00,0.86467,0.86491,0.86416,0.86489,4997,0,0
2025-09-02 09:00:00,0.8649,0.87001,0.86479,0.86816,15517,0,0
2025-09-02 12:00:00,0.86816,0.87077,0.86794,0.87021,13286,0,0
2025-09-02 15:00:00,0.87021,0.87121,0.8693,0.87051,16620,0,0
2025-09-02 18:00:00,0.8705,0.8713,0.86939,0.86983,9235,0,0
2025-09-02 21:00:00,0.86983,0.87008,0.86897,0.86902,4881,0,0
2025-09-03 00:00:00,0.86903,0.86932,0.86724,0.8693,2681,0,0
2025-09-03 03:00:00,0.8693,0.87005,0.86925,0.86994,6158,0,0
2025-09-03 06:00:00,0.86994,0.87043,0.86977,0.87035,4593,0,0
2025-09-03 09:00:00,0.87035,0.87112,0.86921,0.86941,11540,0,0
2025-09-03 12:00:00,0.86941,0.86974,0.86855,0.86875,8834,0,0
2025-09-03 15:00:00,0.86874,0.86907,0.86719,0.86824,12091,0,0
2025-09-03 18:00:00,0.86824,0.86885,0.86736,0.86755,8359,0,0
2025-09-03 21:00:00,0.86755,0.86778,0.86716,0.86717,4524,0,0
2025-09-04 00:00:00,0.86714,0.86768,0.86616,0.86758,4367,0,0
2025-09-04 03:00:00,0.86758,0.86777,0.86718,0.86762,5849,0,0
2025-09-04 06:00:00,0.86762,0.86803,0.86753,0.86796,4053,0,0
2025-09-04 09:00:00,0.86795,0.86807,0.86608,0.86647,8065,0,0
2025-09-04 12:00:00,0.86647,0.86707,0.86598,0.8667,8147,0,0
2025-09-04 15:00:00,0.8667,0.86732,0.86565,0.8665,13066,0,0
2025-09-04 18:00:00,0.86651,0.86733,0.8661,0.86701,6593,0,0
2025-09-04 21:00:00,0.86701,0.86742,0.86686,0.86707,3331,0,0
2025-09-05 00:00:00,0.86697,0.86737,0.86622,0.86707,2882,0,0
2025-09-05 03:00:00,0.86707,0.86774,0.86674,0.86734,5868,0,0
2025-09-05 06:00:00,0.86733,0.86759,0.86719,0.86735,4406,0,0
2025-09-05 09:00:00,0.86734,0.86772,0.86649,0.86733,7570,0,0
2025-09-05 12:00:00,0.86733,0.86813,0.86681,0.86813,6619,0,0
2025-09-05 15:00:00,0.86814,0.86863,0.86561,0.86807,18339,0,0
2025-09-05 18:00:00,0.86806,0.86865,0.8675,0.86776,10043,0,0
2025-09-05 21:00:00,0.86776,0.86782,0.86718,0.86718,5646,0,0
2025-09-08 00:00:00,0.8666,0.86832,0.86581,0.86805,3789,0,0
2025-09-08 03:00:00,0.86804,0.86814,0.86738,0.86751,7975,0,0
2025-09-08 06:00:00,0.86752,0.8681,0.8674,0.86799,6183,0,0
2025-09-08 09:00:00,0.868,0.86838,0.86725,0.86816,9030,0,0
2025-09-08 12:00:00,0.86816,0.86823,0.86639,0.86692,7669,0,0
2025-09-08 15:00:00,0.86691,0.86796,0.86627,0.86775,9505,0,0
2025-09-08 18:00:00,0.86775,0.86785,0.86716,0.86779,6804,0,0
2025-09-08 21:00:00,0.86779,0.86839,0.86747,0.86839,4677,0,0
2025-09-09 00:00:00,0.86831,0.86845,0.86704,0.86835,4740,0,0
2025-09-09 03:00:00,0.86834,0.86841,0.86755,0.86765,7579,0,0
2025-09-09 06:00:00,0.86764,0.86774,0.86721,0.86738,6028,0,0
2025-09-09 09:00:00,0.86737,0.86744,0.86604,0.86636,10000,0,0
2025-09-09 12:00:00,0.86636,0.86652,0.86559,0.86603,7897,0,0
2025-09-09 15:00:00,0.86603,0.86679,0.86557,0.86639,11229,0,0
2025-09-09 18:00:00,0.86639,0.86661,0.86559,0.86567,8320,0,0
2025-09-09 21:00:00,0.86568,0.866,0.8655,0.86558,4855,0,0
2025-09-10 00:00:00,0.86552,0.86595,0.86412,0.8655,4820,0,0
2025-09-10 03:00:00,0.8655,0.86556,0.86488,0.86517,8101,0,0
2025-09-10 06:00:00,0.86517,0.86529,0.86493,0.86504,4877,0,0
2025-09-10 09:00:00,0.86503,0.86555,0.86425,0.86491,9035,0,0
2025-09-10 12:00:00,0.8649,0.86508,0.86401,0.86481,7256,0,0
2025-09-10 15:00:00,0.86481,0.86548,0.8641,0.86547,12680,0,0
2025-09-10 18:00:00,0.86547,0.86556,0.86436,0.86487,7335,0,0
2025-09-10 21:00:00,0.86487,0.86497,0.86424,0.86425,4729,0,0
2025-09-11 00:00:00,0.86418,0.86472,0.86371,0.86472,2992,0,0
2025-09-11 03:00:00,0.8647,0.86485,0.86438,0.86474,5116,0,0
2025-09-11 06:00:00,0.86474,0.86498,0.86453,0.86485,5169,0,0
2025-09-11 09:00:00,0.86485,0.86556,0.86461,0.86511,8997,0,0
2025-09-11 12:00:00,0.86511,0.86561,0.86403,0.86496,8486,0,0
2025-09-11 15:00:00,0.86496,0.86625,0.86351,0.86503,17725,0,0
2025-09-11 18:00:00,0.86504,0.86529,0.86417,0.86448,8254,0,0
2025-09-11 21:00:00,0.86448,0.86463,0.86412,0.86449,4689,0,0
2025-09-12 00:00:00,0.86429,0.86462,0.86312,0.86437,4225,0,0
2025-09-12 03:00:00,0.86437,0.86503,0.86404,0.8649,8539,0,0
2025-09-12 06:00:00,0.8649,0.86536,0.86462,0.86511,4683,0,0
2025-09-12 09:00:00,0.86505,0.86647,0.8648,0.86579,9873,0,0
2025-09-12 12:00:00,0.86579,0.86599,0.86489,0.86511,8001,0,0
2025-09-12 15:00:00,0.86511,0.86543,0.864,0.86473,9137,0,0
2025-09-12 18:00:00,0.86473,0.86529,0.86454,0.86518,5984,0,0
2025-09-12 21:00:00,0.86518,0.86547,0.86495,0.86499,3470,0,0
2025-09-15 00:00:00,0.86417,0.86541,0.86417,0.86518,2530,0,0
2025-09-15 03:00:00,0.86518,0.8652,0.86478,0.86488,3210,0,0
2025-09-15 06:00:00,0.86488,0.86494,0.8646,0.86478,2004,0,0
2025-09-15 09:00:00,0.86475,0.86475,0.86324,0.86416,6903,0,0
2025-09-15 12:00:00,0.86416,0.86451,0.86351,0.86382,6744,0,0
2025-09-15 15:00:00,0.86381,0.86539,0.86381,0.86522,8614,0,0
2025-09-15 18:00:00,0.86521,0.86538,0.86457,0.86494,6224,0,0
2025-09-15 21:00:00,0.86493,0.86527,0.86443,0.86481,3739,0,0
2025-09-16 00:00:00,0.86468,0.86495,0.86429,0.86484,1769,0,0
2025-09-16 03:00:00,0.86484,0.86525,0.86458,0.86513,4250,0,0
2025-09-16 06:00:00,0.86513,0.86522,0.8646,0.86466,3987,0,0
2025-09-16 09:00:00,0.8647,0.86565,0.86448,0.86552,7693,0,0
2025-09-16 12:00:00,0.86553,0.86665,0.86539,0.86592,7686,0,0
2025-09-16 15:00:00,0.86593,0.86789,0.86479,0.86782,12056,0,0
2025-09-16 18:00:00,0.86782,0.86946,0.86731,0.86875,7846,0,0
2025-09-16 21:00:00,0.86876,0.86964,0.86851,0.86963,4518,0,0
2025-09-17 00:00:00,0.86934,0.86959,0.86691,0.86949,2196,0,0
2025-09-17 03:00:00,0.86949,0.86951,0.86873,0.86897,4091,0,0
2025-09-17 06:00:00,0.86897,0.86905,0.86864,0.8687,2434,0,0
2025-09-17 09:00:00,0.86832,0.86938,0.86781,0.86862,6416,0,0
2025-09-17 12:00:00,0.86863,0.86866,0.86732,0.86753,5835,0,0
2025-09-17 15:00:00,0.86753,0.8681,0.86706,0.8675,6851,0,0
2025-09-17 18:00:00,0.8675,0.86758,0.86687,0.86687,5655,0,0
2025-09-17 21:00:00,0.86654,0.86849,0.86587,0.86704,20455,0,0
2025-09-18 00:00:00,0.86663,0.86768,0.86595,0.86763,3120,0,0
2025-09-18 03:00:00,0.86763,0.86788,0.86726,0.86732,6346,0,0
2025-09-18 06:00:00,0.86732,0.86738,0.86667,0.86716,3473,0,0
2025-09-18 09:00:00,0.86716,0.86828,0.86679,0.86716,9111,0,0
2025-09-18 12:00:00,0.86715,0.86853,0.86647,0.86811,8309,0,0
2025-09-18 15:00:00,0.86811,0.86894,0.86726,0.8689,13628,0,0
2025-09-18 18:00:00,0.86891,0.8698,0.86875,0.86957,7710,0,0
2025-09-18 21:00:00,0.86957,0.86988,0.86947,0.86956,3898,0,0
2025-09-19 00:00:00,0.86956,0.86981,0.86837,0.86971,3407,0,0
2025-09-19 03:00:00,0.86971,0.87022,0.86946,0.86992,4233,0,0
2025-09-19 06:00:00,0.86992,0.87003,0.869,0.86921,5624,0,0
2025-09-19 09:00:00,0.86922,0.87286,0.86912,0.87122,10767,0,0
2025-09-19 12:00:00,0.87122,0.87182,0.87052,0.87082,7229,0,0
2025-09-19 15:00:00,0.87082,0.87219,0.8706,0.87204,9875,0,0
2025-09-19 18:00:00,0.87204,0.87218,0.87117,0.87194,6279,0,0
2025-09-19 21:00:00,0.87194,0.8723,0.8715,0.87157,3508,0,0
2025-09-22 00:00:00,0.87009,0.87212,0.87009,0.87175,3769,0,0
2025-09-22 03:00:00,0.87174,0.87174,0.8711,0.87135,4596,0,0
2025-09-22 06:00:00,0.87135,0.87166,0.87099,0.8713,3133,0,0
2025-09-22 09:00:00,0.87131,0.87201,0.87086,0.87154,7342,0,0
2025-09-22 12:00:00,0.87154,0.87285,0.87148,0.87256,5953,0,0
2025-09-22 15:00:00,0.87257,0.8734,0.87141,0.87217,8389,0,0
2025-09-22 18:00:00,0.87217,0.87295,0.87173,0.87272,5924,0,0
2025-09-22 21:00:00,0.87274,0.87333,0.87241,0.87333,3582,0,0
2025-09-23 00:00:00,0.87326,0.87339,0.87237,0.87319,3265,0,0
2025-09-23 03:00:00,0.87319,0.87386,0.87307,0.87377,4307,0,0
2025-09-23 06:00:00,0.87377,0.87383,0.87329,0.87345,3189,0,0
2025-09-23 09:00:00,0.87347,0.87456,0.87173,0.87402,9198,0,0
2025-09-23 12:00:00,0.87403,0.87447,0.87248,0.87253,6751,0,0
2025-09-23 15:00:00,0.87255,0.87329,0.87189,0.87213,9706,0,0
2025-09-23 18:00:00,0.87214,0.87391,0.8721,0.87387,7097,0,0
2025-09-23 21:00:00,0.87387,0.87405,0.87332,0.87338,3757,0,0
2025-09-24 00:00:00,0.87333,0.87382,0.87317,0.87362,3282,0,0
2025-09-24 03:00:00,0.87362,0.87366,0.87302,0.87312,4848,0,0
2025-09-24 06:00:00,0.87311,0.87374,0.87302,0.87349,3172,0,0
2025-09-24 09:00:00,0.87349,0.87451,0.87299,0.87305,7442,0,0
2025-09-24 12:00:00,0.87304,0.87335,0.87228,0.87306,6463,0,0
2025-09-24 15:00:00,0.87306,0.87388,0.87259,0.873,10253,0,0
2025-09-24 18:00:00,0.873,0.87338,0.87242,0.87245,6634,0,0
2025-09-24 21:00:00,0.87245,0.87301,0.87226,0.87278,3600,0,0
2025-09-25 00:00:00,0.8728,0.87316,0.87236,0.87305,3149,0,0
2025-09-25 03:00:00,0.87305,0.87316,0.87276,0.873,4876,0,0
2025-09-25 06:00:00,0.87301,0.87311,0.87259,0.8727,2898,0,0
2025-09-25 09:00:00,0.87272,0.87326,0.87226,0.8729,7620,0,0
2025-09-25 12:00:00,0.87287,0.87482,0.87285,0.8747,6773,0,0
2025-09-25 15:00:00,0.87471,0.87512,0.87353,0.87477,14291,0,0
2025-09-25 18:00:00,0.87476,0.87503,0.87413,0.87417,7806,0,0
2025-09-25 21:00:00,0.87418,0.87444,0.87377,0.87422,4728,0,0
2025-09-26 00:00:00,0.87407,0.87461,0.87353,0.8745,3679,0,0
2025-09-26 03:00:00,0.8745,0.87468,0.87437,0.87467,3699,0,0
2025-09-26 06:00:00,0.87467,0.87474,0.87437,0.87444,2727,0,0
2025-09-26 09:00:00,0.87446,0.87486,0.87378,0.87394,7159,0,0
2025-09-26 12:00:00,0.87394,0.87482,0.87377,0.87397,6020,0,0
2025-09-26 15:00:00,0.87397,0.87422,0.87238,0.87238,11487,0,0
2025-09-26 18:00:00,0.87238,0.87284,0.87208,0.87281,7196,0,0
2025-09-26 21:00:00,0.87281,0.87315,0.87266,0.8729,4233,0,0
2025-09-29 00:00:00,0.87246,0.87351,0.87227,0.87301,2958,0,0
2025-09-29 03:00:00,0.87301,0.87337,0.87288,0.87311,4697,0,0
2025-09-29 06:00:00,0.87311,0.87317,0.87239,0.87253,3766,0,0
2025-09-29 09:00:00,0.8725,0.87259,0.87153,0.87258,6825,0,0
2025-09-29 12:00:00,0.87259,0.8728,0.87196,0.8722,6304,0,0
2025-09-29 15:00:00,0.8722,0.87448,0.87209,0.87421,10653,0,0
2025-09-29 18:00:00,0.8742,0.87425,0.873,0.87311,6828,0,0
2025-09-29 21:00:00,0.87312,0.87319,0.87277,0.87307,4097,0,0
2025-09-30 00:00:00,0.87287,0.87319,0.87255,0.87314,2033,0,0
2025-09-30 03:00:00,0.87314,0.87326,0.8726,0.87276,4053,0,0
2025-09-30 06:00:00,0.87276,0.87345,0.8725,0.8734,3499,0,0
2025-09-30 09:00:00,0.87337,0.87434,0.87267,0.87429,7919,0,0
2025-09-30 12:00:00,0.87429,0.87449,0.87348,0.87388,6448,0,0
2025-09-30 15:00:00,0.87386,0.87399,0.87233,0.87283,11903,0,0
2025-09-30 18:00:00,0.87283,0.87365,0.8723,0.87349,8802,0,0
2025-09-30 21:00:00,0.87348,0.87349,0.87269,0.87274,5061,0,0
2025-10-01 00:00:00,0.87238,0.87316,0.8712,0.87293,3227,0,0
2025-10-01 03:00:00,0.87293,0.87349,0.87284,0.87327,3338,0,0
2025-10-01 06:00:00,0.87327,0.87362,0.87318,0.87341,3383,0,0
2025-10-01 09:00:00,0.87343,0.87418,0.87236,0.87246,9457,0,0
2025-10-01 12:00:00,0.87246,0.87254,0.87005,0.87035,7839,0,0
2025-10-01 15:00:00,0.87036,0.87096,0.86897,0.86967,15575,0,0
2025-10-01 18:00:00,0.86965,0.87052,0.86952,0.87016,8884,0,0
2025-10-01 21:00:00,0.87019,0.87068,0.87009,0.87032,5046,0,0
2025-10-02 00:00:00,0.87027,0.87064,0.86957,0.87047,3123,0,0
2025-10-02 03:00:00,0.87047,0.87084,0.87038,0.87064,4037,0,0
2025-10-02 06:00:00,0.87064,0.87096,0.87051,0.87089,3115,0,0
2025-10-02 09:00:00,0.87086,0.87116,0.87017,0.87033,7054,0,0
2025-10-02 12:00:00,0.87033,0.87229,0.8702,0.87191,6486,0,0
2025-10-02 15:00:00,0.87191,0.87295,0.87129,0.87276,11011,0,0
2025-10-02 18:00:00,0.87275,0.87277,0.8712,0.87168,8499,0,0
2025-10-02 21:00:00,0.87169,0.87185,0.87144,0.87171,4584,0,0
2025-10-03 00:00:00,0.87127,0.87211,0.87061,0.87196,2533,0,0
2025-10-03 03:00:00,0.87196,0.8725,0.87177,0.87238,3574,0,0
2025-10-03 06:00:00,0.87238,0.87249,0.87203,0.87228,3397,0,0
2025-10-03 09:00:00,0.87228,0.87252,0.87141,0.87235,5949,0,0
2025-10-03 12:00:00,0.87235,0.87298,0.8722,0.87246,5198,0,0
2025-10-03 15:00:00,0.87248,0.87291,0.87149,0.87152,9691,0,0
2025-10-03 18:00:00,0.87152,0.87178,0.87077,0.871,6547,0,0
2025-10-03 21:00:00,0.871,0.87116,0.87068,0.87091,4649,0,0
2025-10-06 00:00:00,0.87112,0.87286,0.87081,0.87195,6636,0,0
2025-10-06 03:00:00,0.87195,0.87228,0.8715,0.87159,5325,0,0
2025-10-06 06:00:00,0.87159,0.87183,0.87141,0.87159,3925,0,0
2025-10-06 09:00:00,0.87156,0.87156,0.86735,0.86837,11532,0,0
2025-10-06 12:00:00,0.86836,0.86981,0.86789,0.86968,7818,0,0
2025-10-06 15:00:00,0.86968,0.87002,0.86816,0.86915,10049,0,0
2025-10-06 18:00:00,0.86916,0.86947,0.86845,0.86846,7097,0,0
2025-10-06 21:00:00,0.86846,0.86883,0.86832,0.86845,4519,0,0
2025-10-07 00:00:00,0.8683,0.86878,0.8682,0.86838,2982,0,0
2025-10-07 03:00:00,0.86839,0.86861,0.86809,0.86834,3399,0,0
2025-10-07 06:00:00,0.86834,0.86886,0.86821,0.86865,4654,0,0
2025-10-07 09:00:00,0.86864,0.86958,0.86809,0.86819,7405,0,0
2025-10-07 12:00:00,0.86819,0.87037,0.86771,0.87025,7204,0,0
2025-10-07 15:00:00,0.87025,0.8705,0.86813,0.86835,9469,0,0
2025-10-07 18:00:00,0.86834,0.86865,0.86802,0.86806,8424,0,0
2025-10-07 21:00:00,0.86806,0.86839,0.86783,0.86826,5406,0,0
2025-10-08 00:00:00,0.86782,0.86848,0.8659,0.86829,3215,0,0
2025-10-08 03:00:00,0.86829,0.86842,0.86721,0.86761,6981,0,0
2025-10-08 06:00:00,0.86761,0.86778,0.86733,0.86752,3509,0,0
2025-10-08 09:00:00,0.8675,0.86766,0.86605,0.86622,8091,0,0
2025-10-08 12:00:00,0.86622,0.86775,0.86586,0.86714,7448,0,0
2025-10-08 15:00:00,0.86714,0.86753,0.86566,0.86592,8708,0,0
2025-10-08 18:00:00,0.86592,0.8675,0.86559,0.86742,7287,0,0
2025-10-08 21:00:00,0.86743,0.86806,0.86724,0.86753,6307,0,0
2025-10-09 00:00:00,0.86748,0.86799,0.86669,0.86784,5328,0,0
2025-10-09 03:00:00,0.86784,0.86818,0.86766,0.86789,4582,0,0
2025-10-09 06:00:00,0.86789,0.86836,0.86785,0.86817,3019,0,0
2025-10-09 09:00:00,0.86815,0.86984,0.86795,0.86905,9082,0,0
2025-10-09 12:00:00,0.86907,0.86942,0.86804,0.86818,7835,0,0
2025-10-09 15:00:00,0.86818,0.86936,0.86743,0.86865,12792,0,0
2025-10-09 18:00:00,0.86864,0.86965,0.86813,0.86927,11403,0,0
2025-10-09 21:00:00,0.86927,0.86959,0.8691,0.86917,5649,0,0
2025-10-10 00:00:00,0.86833,0.86955,0.86822,0.86941,2210,0,0
2025-10-10 03:00:00,0.8694,0.86963,0.86923,0.86937,3804,0,0
2025-10-10 06:00:00,0.86937,0.86965,0.8692,0.86947,3024,0,0
2025-10-10 09:00:00,0.86948,0.87115,0.86937,0.87005,8912,0,0
2025-10-10 12:00:00,0.87005,0.8725,0.86989,0.87106,7820,0,0
2025-10-10 15:00:00,0.87105,0.87181,0.86998,0.87038,10199,0,0
2025-10-10 18:00:00,0.87038,0.87133,0.86912,0.86934,17403,0,0
2025-10-10 21:00:00,0.86934,0.87049,0.86919,0.87008,7560,0,0
2025-10-13 00:00:00,0.86882,0.87043,0.86866,0.86995,6317,0,0
2025-10-13 03:00:00,0.86995,0.87032,0.86958,0.87024,7290,0,0
2025-10-13 06:00:00,0.87024,0.87031,0.86976,0.87013,4492,0,0
2025-10-13 09:00:00,0.87013,0.87072,0.86934,0.86935,8742,0,0
2025-10-13 12:00:00,0.86935,0.86961,0.86771,0.86779,7322,0,0
2025-10-13 15:00:00,0.86781,0.86823,0.86733,0.86753,8843,0,0
2025-10-13 18:00:00,0.86753,0.8685,0.86749,0.86805,5309,0,0
2025-10-13 21:00:00,0.86805,0.86811,0.8675,0.86754,3040,0,0
2025-10-14 00:00:00,0.86741,0.86784,0.8674,0.86749,1491,0,0
2025-10-14 03:00:00,0.86747,0.86753,0.86666,0.86736,3784,0,0
2025-10-14 06:00:00,0.86737,0.86841,0.86726,0.86835,4630,0,0
2025-10-14 09:00:00,0.86829,0.87202,0.86827,0.87015,12271,0,0
2025-10-14 12:00:00,0.87013,0.87149,0.86998,0.87061,8592,0,0
2025-10-14 15:00:00,0.87061,0.8722,0.8706,0.87196,12716,0,0
2025-10-14 18:00:00,0.87197,0.8722,0.87093,0.87106,9417,0,0
2025-10-14 21:00:00,0.87107,0.87139,0.87064,0.87126,4689,0,0
2025-10-15 00:00:00,0.8709,0.87156,0.87068,0.871,1732,0,0
2025-10-15 03:00:00,0.871,0.87139,0.87058,0.87067,4077,0,0
2025-10-15 06:00:00,0.87067,0.87075,0.87009,0.8702,3193,0,0
2025-10-15 09:00:00,0.87021,0.8721,0.86956,0.87164,8558,0,0
2025-10-15 12:00:00,0.87163,0.87197,0.86978,0.87027,6316,0,0
2025-10-15 15:00:00,0.87028,0.87164,0.86961,0.86978,10024,0,0
2025-10-15 18:00:00,0.86979,0.86983,0.86836,0.86936,9033,0,0
2025-10-15 21:00:00,0.86936,0.8697,0.86866,0.86894,4000,0,0
2025-10-16 00:00:00,0.8688,0.86925,0.86861,0.86889,2012,0,0
2025-10-16 03:00:00,0.86889,0.86899,0.86844,0.8686,5518,0,0
2025-10-16 06:00:00,0.8686,0.86907,0.86851,0.86904,3253,0,0
2025-10-16 09:00:00,0.86904,0.86943,0.86721,0.86761,8914,0,0
2025-10-16 12:00:00,0.86762,0.86796,0.86687,0.86708,6592,0,0
2025-10-16 15:00:00,0.86708,0.86966,0.86642,0.86925,11312,0,0
2025-10-16 18:00:00,0.86925,0.87008,0.86867,0.86979,12495,0,0
2025-10-16 21:00:00,0.86979,0.87043,0.86978,0.86984,7567,0,0
2025-10-17 00:00:00,0.86983,0.87033,0.86822,0.87022,3573,0,0
2025-10-17 03:00:00,0.87021,0.87093,0.86996,0.87066,7284,0,0
2025-10-17 06:00:00,0.87066,0.87083,0.87033,0.87041,6395,0,0
2025-10-17 09:00:00,0.87041,0.87249,0.87007,0.8714,13703,0,0
2025-10-17 12:00:00,0.87141,0.87147,0.86953,0.86974,10244,0,0
2025-10-17 15:00:00,0.86975,0.87135,0.86937,0.87118,13352,0,0
2025-10-17 18:00:00,0.87118,0.87121,0.8694,0.86962,10475,0,0
2025-10-17 21:00:00,0.86964,0.86964,0.86758,0.86764,7057,0,0
2025-10-20 00:00:00,0.86797,0.86848,0.86768,0.86838,3914,0,0
2025-10-20 03:00:00,0.86837,0.86872,0.868,0.86824,6936,0,0
2025-10-20 06:00:00,0.86825,0.86878,0.86805,0.86855,4866,0,0
2025-10-20 09:00:00,0.86854,0.8695,0.86839,0.8686,8802,0,0
2025-10-20 12:00:00,0.8686,0.86928,0.86782,0.86911,8024,0,0
2025-10-20 15:00:00,0.8691,0.86922,0.8676,0.86863,10462,0,0
2025-10-20 18:00:00,0.86863,0.86899,0.86831,0.86876,9516,0,0
2025-10-20 21:00:00,0.86875,0.86878,0.86812,0.86843,5181,0,0
2025-10-21 00:00:00,0.86839,0.86875,0.86686,0.86869,2766,0,0
2025-10-21 03:00:00,0.86869,0.86908,0.86862,0.86868,7335,0,0
2025-10-21 06:00:00,0.86869,0.86943,0.8686,0.86918,5987,0,0
2025-10-21 09:00:00,0.86915,0.86917,0.86798,0.86854,11279,0,0
2025-10-21 12:00:00,0.86855,0.86866,0.86752,0.86762,9637,0,0
2025-10-21 15:00:00,0.86761,0.86854,0.86733,0.86775,15691,0,0
2025-10-21 18:00:00,0.86775,0.86834,0.867,0.86777,11907,0,0
2025-10-21 21:00:00,0.86777,0.86795,0.86738,0.86756,4795,0,0
2025-10-22 00:00:00,0.86744,0.86799,0.86521,0.86787,3405,0,0
2025-10-22 03:00:00,0.86787,0.86815,0.86761,0.86784,6957,0,0
2025-10-22 06:00:00,0.86784,0.86792,0.86753,0.86765,5232,0,0
2025-10-22 09:00:00,0.86767,0.87125,0.86745,0.87064,13452,0,0
2025-10-22 12:00:00,0.87063,0.87073,0.86887,0.86903,8524,0,0
2025-10-22 15:00:00,0.86904,0.86986,0.8684,0.86943,14118,0,0
2025-10-22 18:00:00,0.86941,0.86947,0.86823,0.86934,11783,0,0
2025-10-22 21:00:00,0.86933,0.86947,0.8688,0.86915,4965,0,0
2025-10-23 00:00:00,0.86909,0.86949,0.86824,0.86939,3941,0,0
2025-10-23 03:00:00,0.86938,0.86962,0.86923,0.8695,5974,0,0
2025-10-23 06:00:00,0.8695,0.86964,0.86912,0.86918,3839,0,0
2025-10-23 09:00:00,0.86918,0.86926,0.86817,0.86864,7656,0,0
2025-10-23 12:00:00,0.86863,0.86901,0.86828,0.86884,6407,0,0
2025-10-23 15:00:00,0.86885,0.87185,0.86882,0.87171,12515,0,0
2025-10-23 18:00:00,0.87171,0.87216,0.87119,0.87193,9112,0,0
2025-10-23 21:00:00,0.87193,0.87199,0.87162,0.87181,4177,0,0
2025-10-24 00:00:00,0.87173,0.87193,0.87094,0.87172,4060,0,0
2025-10-24 03:00:00,0.87172,0.87185,0.87128,0.87156,5617,0,0
2025-10-24 06:00:00,0.87156,0.87159,0.87113,0.87137,3995,0,0
2025-10-24 09:00:00,0.87137,0.87316,0.87058,0.87157,10663,0,0
2025-10-24 12:00:00,0.87157,0.87297,0.87118,0.87289,7312,0,0
2025-10-24 15:00:00,0.87291,0.87437,0.87013,0.87411,17427,0,0
2025-10-24 18:00:00,0.87411,0.87469,0.8739,0.87405,9006,0,0
2025-10-24 21:00:00,0.87407,0.87408,0.87303,0.87314,5578,0,0
2025-10-27 00:00:00,0.87259,0.87326,0.87164,0.87307,5390,0,0
2025-10-27 03:00:00,0.87307,0.87349,0.87291,0.87296,6881,0,0
2025-10-27 06:00:00,0.87297,0.87306,0.87266,0.87281,4890,0,0
2025-10-27 09:00:00,0.87281,0.87315,0.8723,0.87253,7896,0,0
2025-10-27 12:00:00,0.87242,0.87273,0.87199,0.87249,8208,0,0
2025-10-27 15:00:00,0.87249,0.87323,0.872,0.87321,10319,0,0
2025-10-27 18:00:00,0.87321,0.87357,0.87255,0.87279,9403,0,0
2025-10-27 21:00:00,0.87281,0.87365,0.87256,0.87316,5399,0,0
2025-10-28 00:00:00,0.87313,0.87348,0.87174,0.87335,4759,0,0
2025-10-28 03:00:00,0.87335,0.87342,0.87284,0.87306,6119,0,0
2025-10-28 06:00:00,0.87306,0.87319,0.87262,0.8729,4549,0,0
2025-10-28 09:00:00,0.87288,0.87649,0.87257,0.87561,8651,0,0
2025-10-28 12:00:00,0.87562,0.8762,0.87488,0.87612,7414,0,0
2025-10-28 15:00:00,0.87607,0.87898,0.87556,0.87829,13002,0,0
2025-10-28 18:00:00,0.87828,0.87866,0.87746,0.87844,10198,0,0
2025-10-28 21:00:00,0.87845,0.87854,0.87759,0.87794,4647,0,0
2025-10-29 00:00:00,0.87778,0.87808,0.87723,0.8779,2695,0,0
2025-10-29 03:00:00,0.8779,0.87841,0.8778,0.87806,6141,0,0
2025-10-29 06:00:00,0.87805,0.87885,0.87776,0.87882,5622,0,0
2025-10-29 09:00:00,0.87883,0.8804,0.87837,0.87997,7597,0,0
2025-10-29 12:00:00,0.87997,0.88139,0.87988,0.88061,8378,0,0
2025-10-29 15:00:00,0.88061,0.8818,0.88045,0.88079,12029,0,0
2025-10-29 18:00:00,0.88079,0.88136,0.88013,0.8803,10501,0,0
2025-10-29 21:00:00,0.88007,0.88161,0.87894,0.87909,18940,0,0
2025-10-30 00:00:00,0.87913,0.87975,0.87847,0.87938,4278,0,0
2025-10-30 03:00:00,0.87938,0.87983,0.87929,0.87981,6749,0,0
2025-10-30 06:00:00,0.87981,0.88042,0.87951,0.87992,9053,0,0
2025-10-30 09:00:00,0.87992,0.88062,0.87934,0.87947,10309,0,0
2025-10-30 12:00:00,0.87946,0.88134,0.87941,0.88007,9138,0,0
2025-10-30 15:00:00,0.88008,0.88075,0.87889,0.87959,17084,0,0
2025-10-30 18:00:00,0.87959,0.88007,0.87893,0.87939,9297,0,0
2025-10-30 21:00:00,0.87938,0.88001,0.87911,0.87926,5874,0,0
2025-10-31 00:00:00,0.87927,0.87962,0.87825,0.87939,4818,0,0
2025-10-31 03:00:00,0.87939,0.87987,0.87931,0.87952,5659,0,0
2025-10-31 06:00:00,0.87953,0.8798,0.87946,0.87971,5282,0,0
2025-10-31 09:00:00,0.87971,0.88051,0.87942,0.88049,6617,0,0
2025-10-31 12:00:00,0.88049,0.88139,0.88019,0.88104,7330,0,0
2025-10-31 15:00:00,0.88104,0.88178,0.87853,0.87881,12769,0,0
2025-10-31 18:00:00,0.87882,0.87915,0.8774,0.8776,12657,0,0
2025-10-31 21:00:00,0.8776,0.87769,0.87707,0.87741,5665,0,0
2025-11-03 00:00:00,0.87721,0.87815,0.87714,0.87747,6872,0,0
2025-11-03 03:00:00,0.87747,0.87783,0.87733,0.8778,4993,0,0
2025-11-03 06:00:00,0.87781,0.87785,0.8775,0.87762,4146,0,0
2025-11-03 09:00:00,0.87765,0.87838,0.87691,0.87727,7398,0,0
2025-11-03 12:00:00,0.87727,0.87776,0.87634,0.87648,6324,0,0
2025-11-03 15:00:00,0.87646,0.87796,0.87628,0.87671,11794,0,0
2025-11-03 18:00:00,0.87671,0.87739,0.87646,0.87706,8544,0,0
2025-11-03 21:00:00,0.87705,0.87714,0.87648,0.87664,3737,0,0
2025-11-04 00:00:00,0.87652,0.87714,0.87532,0.87686,5357,0,0
2025-11-04 03:00:00,0.87686,0.87718,0.87648,0.877,5956,0,0
2025-11-04 06:00:00,0.877,0.87828,0.87681,0.87805,6528,0,0
2025-11-04 09:00:00,0.87806,0.88099,0.87751,0.88045,9912,0,0
2025-11-04 12:00:00,0.88045,0.88084,0.87891,0.87928,7974,0,0
2025-11-04 15:00:00,0.87928,0.88098,0.87927,0.88085,12043,0,0
2025-11-04 18:00:00,0.88086,0.88212,0.88051,0.88183,7643,0,0
2025-11-04 21:00:00,0.88182,0.88213,0.88157,0.88185,5480,0,0
2025-11-05 00:00:00,0.88171,0.88241,0.88026,0.88209,5188,0,0
2025-11-05 03:00:00,0.88209,0.88297,0.88203,0.8824,7643,0,0
2025-11-05 06:00:00,0.8824,0.88253,0.88158,0.88176,5367,0,0
2025-11-05 09:00:00,0.88175,0.88222,0.88035,0.88073,7424,0,0
2025-11-05 12:00:00,0.88074,0.88228,0.88069,0.88107,7245,0,0
2025-11-05 15:00:00,0.88107,0.88196,0.87994,0.88021,13145,0,0
2025-11-05 18:00:00,0.88023,0.88054,0.88,0.88013,7462,0,0
2025-11-05 21:00:00,0.88013,0.88063,0.88013,0.88046,3471,0,0
2025-11-06 00:00:00,0.88051,0.88095,0.88002,0.88063,4056,0,0
2025-11-06 03:00:00,0.88064,0.88106,0.88061,0.88086,5195,0,0
2025-11-06 06:00:00,0.88086,0.88148,0.88076,0.88147,4614,0,0
2025-11-06 09:00:00,0.88147,0.88158,0.87989,0.88023,8391,0,0
2025-11-06 12:00:00,0.88019,0.88186,0.87957,0.88019,9101,0,0
2025-11-06 15:00:00,0.8802,0.88095,0.87949,0.88074,13466,0,0
2025-11-06 18:00:00,0.88073,0.88078,0.87874,0.87882,9722,0,0
2025-11-06 21:00:00,0.87881,0.87927,0.87866,0.87884,5471,0,0
2025-11-07 00:00:00,0.87886,0.87924,0.87804,0.87889,6690,0,0
2025-11-07 03:00:00,0.8789,0.87957,0.87888,0.8795,6984,0,0
2025-11-07 06:00:00,0.8795,0.87957,0.87899,0.8793,5628,0,0
2025-11-07 09:00:00,0.8793,0.8812,0.87863,0.88092,7578,0,0
2025-11-07 12:00:00,0.88092,0.88163,0.88039,0.88109,8422,0,0
2025-11-07 15:00:00,0.88108,0.88129,0.87945,0.87987,12935,0,0
2025-11-07 18:00:00,0.87987,0.87993,0.87849,0.87851,7032,0,0
2025-11-07 21:00:00,0.87851,0.87913,0.87824,0.87835,5148,0,0
2025-11-10 00:00:00,0.87742,0.87908,0.87722,0.87901,7833,0,0
2025-11-10 03:00:00,0.87901,0.87917,0.87863,0.87888,7587,0,0
2025-11-10 06:00:00,0.87889,0.87932,0.87877,0.87922,6559,0,0
2025-11-10 09:00:00,0.87921,0.87945,0.87796,0.87817,9341,0,0
2025-11-10 12:00:00,0.87817,0.87876,0.87742,0.87763,7362,0,0
2025-11-10 15:00:00,0.87763,0.87896,0.87749,0.87818,8136,0,0
