time,open,high,low,close,tick_volume,spread,real_volume
2024-11-11 00:00:00,0.97792,0.98368,0.97761,0.98361,15456,112,0
2024-11-11 03:00:00,0.98363,0.98366,0.98201,0.98258,24269,112,0
2024-11-11 06:00:00,0.98257,0.98313,0.98139,0.98139,28151,112,0
2024-11-11 09:00:00,0.98139,0.98475,0.98131,0.98312,12452,42,0
2024-11-11 12:00:00,0.98312,0.98363,0.98193,0.98273,10551,41,0
2024-11-11 15:00:00,0.98273,0.9837,0.98148,0.9819,16237,41,0
2024-11-11 18:00:00,0.98192,0.98317,0.98131,0.98251,27686,41,0
2024-11-11 21:00:00,0.98251,0.98315,0.98174,0.98176,16305,60,0
2024-11-12 00:00:00,0.98187,0.98287,0.97894,0.98275,25296,115,0
2024-11-12 03:00:00,0.98277,0.98286,0.98162,0.98194,22227,103,0
2024-11-12 06:00:00,0.98191,0.98277,0.98169,0.98175,17859,103,0
2024-11-12 09:00:00,0.98175,0.9847,0.98159,0.98416,16224,42,0
2024-11-12 12:00:00,0.9842,0.98484,0.98293,0.98322,14260,41,0
2024-11-12 15:00:00,0.98324,0.98616,0.98211,0.98438,18486,41,0
2024-11-12 18:00:00,0.98437,0.98522,0.98381,0.9842,24374,41,0
2024-11-12 21:00:00,0.98419,0.98427,0.98253,0.98274,11862,60,0
2024-11-13 00:00:00,0.98161,0.98441,0.98064,0.98438,15404,104,0
2024-11-13 03:00:00,0.98437,0.98479,0.98303,0.98328,26875,90,0
2024-11-13 06:00:00,0.98325,0.98432,0.98286,0.98352,19235,90,0
2024-11-13 09:00:00,0.98352,0.98523,0.9827,0.98361,11921,41,0
2024-11-13 12:00:00,0.98361,0.98534,0.98291,0.98494,10942,41,0
2024-11-13 15:00:00,0.98494,0.98686,0.98038,0.9862,26539,40,0
2024-11-13 18:00:00,0.98628,0.98718,0.98562,0.98585,21869,41,0
2024-11-13 21:00:00,0.98595,0.98658,0.98525,0.98541,16603,59,0
2024-11-14 00:00:00,0.98446,0.98607,0.98092,0.98589,11868,98,0
2024-11-14 03:00:00,0.9859,0.9864,0.98483,0.98505,20251,98,0
2024-11-14 06:00:00,0.98504,0.98563,0.98435,0.98471,11774,98,0
2024-11-14 09:00:00,0.98471,0.98816,0.9842,0.98795,14791,41,0
2024-11-14 12:00:00,0.98797,0.98873,0.98607,0.98616,16489,41,0
2024-11-14 15:00:00,0.98614,0.98827,0.98575,0.98646,23065,41,0
2024-11-14 18:00:00,0.98649,0.98732,0.98576,0.98642,20765,41,0
2024-11-14 21:00:00,0.98641,0.98678,0.98488,0.9854,30860,58,0
2024-11-15 00:00:00,0.98482,0.98656,0.98043,0.98584,18315,105,0
2024-11-15 03:00:00,0.98583,0.98641,0.98503,0.98618,26366,103,0
2024-11-15 06:00:00,0.98617,0.98627,0.98436,0.98447,17229,103,0
2024-11-15 09:00:00,0.9845,0.98848,0.98432,0.98783,14456,41,0
2024-11-15 12:00:00,0.98783,0.99069,0.98763,0.99017,10709,41,0
2024-11-15 15:00:00,0.99017,0.99249,0.98846,0.99036,26305,41,0
2024-11-15 18:00:00,0.99036,0.991,0.98865,0.98972,30804,41,0
2024-11-15 21:00:00,0.9897,0.99,0.98863,0.989,28944,57,0
2024-11-18 00:00:00,0.98589,0.98994,0.98547,0.98966,23372,104,0
2024-11-18 03:00:00,0.98967,0.99005,0.98927,0.98974,21365,104,0
2024-11-18 06:00:00,0.98976,0.99053,0.9891,0.99024,16483,103,0
2024-11-18 09:00:00,0.99024,0.99059,0.98808,0.99014,16887,41,0
2024-11-18 12:00:00,0.99015,0.9924,0.98937,0.9901,17016,40,0
2024-11-18 15:00:00,0.99,0.99247,0.98938,0.99182,20347,40,0
2024-11-18 18:00:00,0.99182,0.99242,0.99111,0.99189,15177,40,0
2024-11-18 21:00:00,0.99189,0.99207,0.98998,0.99027,10843,57,0
2024-11-19 00:00:00,0.99048,0.9911,0.98846,0.99033,14643,99,0
2024-11-19 03:00:00,0.99032,0.99189,0.98984,0.99162,33843,99,0
2024-11-19 06:00:00,0.99166,0.99179,0.99079,0.99121,26056,99,0
2024-11-19 09:00:00,0.99121,0.99387,0.99065,0.9928,22493,42,0
2024-11-19 12:00:00,0.99281,0.99451,0.99209,0.9934,19337,41,0
2024-11-19 15:00:00,0.99339,0.9978,0.99287,0.99681,31025,41,0
2024-11-19 18:00:00,0.99681,0.99693,0.99393,0.99438,23655,41,0
2024-11-19 21:00:00,0.99438,0.99476,0.9932,0.99364,20082,58,0
2024-11-20 00:00:00,0.99346,0.99494,0.9877,0.99443,19637,120,0
2024-11-20 03:00:00,0.99436,0.99501,0.99299,0.99393,16984,120,0
2024-11-20 06:00:00,0.9939,0.99417,0.99303,0.99343,12022,120,0
2024-11-20 09:00:00,0.99343,0.99521,0.99329,0.99461,14168,42,0
2024-11-20 12:00:00,0.99461,0.99665,0.99395,0.99662,14632,41,0
2024-11-20 15:00:00,0.99664,0.99807,0.99549,0.9976,20857,41,0
2024-11-20 18:00:00,0.99767,0.9982,0.99634,0.99667,19899,41,0
2024-11-20 21:00:00,0.99669,0.99706,0.99603,0.9962,16682,56,0
2024-11-21 00:00:00,0.99622,0.99669,0.99419,0.99634,5725,102,0
2024-11-21 03:00:00,0.99626,0.99658,0.99585,0.9962,34774,102,0
2024-11-21 06:00:00,0.99621,0.99742,0.99554,0.99691,26642,102,0
2024-11-21 09:00:00,0.99691,0.99781,0.99496,0.99721,18450,41,0
2024-11-21 12:00:00,0.9972,0.99983,0.9964,0.99886,14236,41,0
2024-11-21 15:00:00,0.99885,0.99906,0.99661,0.99793,22466,41,0
2024-11-21 18:00:00,0.99791,0.99972,0.99749,0.99879,29376,41,0
2024-11-21 21:00:00,0.99878,0.99971,0.99794,0.99834,23372,56,0
2024-11-22 00:00:00,0.99831,0.99931,0.99584,0.99894,8976,107,0
2024-11-22 03:00:00,0.99895,0.99966,0.99879,0.99934,18822,107,0
2024-11-22 06:00:00,0.99931,0.99955,0.9986,0.99883,12552,107,0
2024-11-22 09:00:00,0.99883,0.9999,0.9868,0.99919,25013,41,0
2024-11-22 12:00:00,0.99919,0.99959,0.99837,0.99928,18697,40,0
2024-11-22 15:00:00,0.99928,0.99928,0.99442,0.9948,27898,40,0
2024-11-22 18:00:00,0.9949,0.99691,0.99475,0.99631,28524,40,0
2024-11-22 21:00:00,0.99635,0.99683,0.99497,0.99588,21401,55,0
2024-11-25 00:00:00,0.99156,0.99685,0.98983,0.99625,21442,111,0
2024-11-25 03:00:00,0.99619,0.99661,0.99501,0.99537,19559,99,0
2024-11-25 06:00:00,0.99535,0.99566,0.99454,0.99491,20458,99,0
2024-11-25 09:00:00,0.99491,0.99576,0.99376,0.99449,17407,41,0
2024-11-25 12:00:00,0.99447,0.99452,0.99213,0.99221,14416,40,0
2024-11-25 15:00:00,0.9922,0.99252,0.98742,0.98968,24187,40,0
2024-11-25 18:00:00,0.9897,0.9906,0.98885,0.99029,26358,40,0
2024-11-25 21:00:00,0.99028,0.99074,0.98943,0.98958,21334,54,0
2024-11-26 00:00:00,0.98921,0.99226,0.98449,0.99054,20309,156,0
2024-11-26 03:00:00,0.99054,0.99146,0.99,0.99061,62758,93,0
2024-11-26 06:00:00,0.9906,0.99146,0.99044,0.99081,54826,93,0
2024-11-26 09:00:00,0.99071,0.99156,0.98597,0.98712,21337,41,0
2024-11-26 12:00:00,0.98722,0.98754,0.98496,0.9857,16769,40,0
2024-11-26 15:00:00,0.9857,0.98657,0.9843,0.98547,24587,40,0
2024-11-26 18:00:00,0.98548,0.98551,0.98335,0.98364,21593,40,0
2024-11-26 21:00:00,0.98368,0.98494,0.98284,0.9833,19872,53,0
2024-11-27 00:00:00,0.98342,0.98552,0.98059,0.9818,33558,166,0
2024-11-27 03:00:00,0.98192,0.98446,0.98192,0.98349,33549,115,0
2024-11-27 06:00:00,0.98349,0.98453,0.98331,0.98418,13908,115,0
2024-11-27 09:00:00,0.98417,0.98528,0.98256,0.98517,16679,41,0
2024-11-27 12:00:00,0.98518,0.98663,0.98358,0.98595,16077,40,0
2024-11-27 15:00:00,0.98596,0.98681,0.98398,0.98619,25178,40,0
2024-11-27 18:00:00,0.9862,0.98688,0.98527,0.98626,30268,40,0
2024-11-27 21:00:00,0.98619,0.98671,0.98495,0.98528,15524,51,0
2024-11-28 00:00:00,0.98515,0.9858,0.9744,0.9848,26359,144,0
2024-11-28 03:00:00,0.9848,0.9857,0.98461,0.9849,38534,105,0
2024-11-28 06:00:00,0.98491,0.98587,0.98486,0.98557,25027,105,0
2024-11-28 09:00:00,0.98557,0.98808,0.98414,0.98807,16313,41,0
2024-11-28 12:00:00,0.98798,0.98919,0.98731,0.98876,11573,40,0
2024-11-28 15:00:00,0.98876,0.99023,0.98676,0.98845,13493,40,0
2024-11-28 18:00:00,0.98853,0.98903,0.98746,0.98817,28972,40,0
2024-11-28 21:00:00,0.98818,0.98871,0.98729,0.98736,16266,85,0
2024-11-29 00:00:00,0.98097,0.9891,0.97593,0.98841,13720,115,0
2024-11-29 03:00:00,0.9884,0.98928,0.98563,0.98873,18913,106,0
2024-11-29 06:00:00,0.9887,0.98872,0.98802,0.98802,11805,106,0
2024-11-29 09:00:00,0.98802,0.9886,0.98127,0.98293,17464,41,0
2024-11-29 12:00:00,0.98292,0.98555,0.98228,0.98537,17589,40,0
2024-11-29 15:00:00,0.98535,0.98787,0.98436,0.9875,21473,40,0
2024-11-29 18:00:00,0.98745,0.98763,0.98633,0.98717,22614,40,0
2024-11-29 21:00:00,0.98721,0.98742,0.98221,0.98499,27277,73,0
2024-12-02 00:00:00,0.97708,0.98728,0.97649,0.98451,23622,132,0
2024-12-02 03:00:00,0.98462,0.9867,0.98457,0.98634,31062,106,0
2024-12-02 06:00:00,0.98637,0.98784,0.98611,0.98759,20339,106,0
2024-12-02 09:00:00,0.98759,0.98963,0.98702,0.9893,17464,41,0
2024-12-02 12:00:00,0.9893,0.98967,0.98818,0.9887,14743,40,0
2024-12-02 15:00:00,0.98867,0.99023,0.98637,0.98965,23298,40,0
2024-12-02 18:00:00,0.98958,0.99007,0.98853,0.98916,22827,40,0
2024-12-02 21:00:00,0.98914,0.99017,0.98849,0.98934,16855,55,0
2024-12-03 00:00:00,0.98929,0.98974,0.98006,0.98956,4567,152,0
2024-12-03 03:00:00,0.98958,0.99019,0.9889,0.98981,30953,108,0
2024-12-03 06:00:00,0.98985,0.9902,0.98905,0.98969,26837,108,0
2024-12-03 09:00:00,0.98968,0.99443,0.98968,0.99427,14997,41,0
2024-12-03 12:00:00,0.99428,0.99595,0.99328,0.99541,13126,40,0
2024-12-03 15:00:00,0.99541,0.99613,0.99283,0.99534,20236,40,0
2024-12-03 18:00:00,0.99534,0.99581,0.99463,0.995,32320,40,0
2024-12-03 21:00:00,0.995,0.9953,0.99377,0.99405,20391,55,0
2024-12-04 00:00:00,0.99409,0.99508,0.99191,0.99392,5395,140,0
2024-12-04 03:00:00,0.99383,0.99469,0.99383,0.99423,33872,137,0
2024-12-04 06:00:00,0.99442,0.99498,0.99406,0.9943,21739,137,0
2024-12-04 09:00:00,0.9943,0.9973,0.9943,0.99599,14118,41,0
2024-12-04 12:00:00,0.99591,0.99618,0.99338,0.99349,10943,40,0
2024-12-04 15:00:00,0.99339,0.99418,0.99051,0.99134,19787,40,0
2024-12-04 18:00:00,0.99134,0.99149,0.98776,0.98859,26313,40,0
2024-12-04 21:00:00,0.98859,0.98914,0.98611,0.98729,26384,55,0
2024-12-05 00:00:00,0.98743,0.98803,0.98323,0.98711,12968,142,0
2024-12-05 03:00:00,0.9872,0.98869,0.98693,0.98841,35286,103,0
2024-12-05 06:00:00,0.98844,0.98865,0.98765,0.98765,18180,103,0
2024-12-05 09:00:00,0.98765,0.98972,0.98718,0.98947,10952,41,0
2024-12-05 12:00:00,0.98947,0.98974,0.98663,0.98722,9410,40,0
2024-12-05 15:00:00,0.9872,0.98749,0.9838,0.98403,19344,40,0
2024-12-05 18:00:00,0.9841,0.98427,0.98268,0.98333,23090,40,0
2024-12-05 21:00:00,0.98331,0.98338,0.98167,0.98234,16364,54,0
2024-12-06 00:00:00,0.9824,0.98292,0.97649,0.98211,20274,152,0
2024-12-06 03:00:00,0.98217,0.98266,0.98163,0.98229,26559,102,0
2024-12-06 06:00:00,0.98231,0.98259,0.98135,0.98135,32520,102,0
2024-12-06 09:00:00,0.98135,0.98301,0.9802,0.98226,12529,41,0
2024-12-06 12:00:00,0.98228,0.98242,0.98071,0.98119,9907,40,0
2024-12-06 15:00:00,0.98117,0.98154,0.97769,0.98041,22996,40,0
2024-12-06 18:00:00,0.98048,0.98072,0.97899,0.9801,23019,41,0
2024-12-06 21:00:00,0.98012,0.98037,0.97857,0.97886,16207,56,0
2024-12-09 00:00:00,0.97623,0.98019,0.97623,0.97861,33078,113,0
2024-12-09 03:00:00,0.97871,0.97971,0.97808,0.97901,25967,113,0
2024-12-09 06:00:00,0.97902,0.97972,0.97853,0.97969,11901,113,0
2024-12-09 09:00:00,0.97969,0.98185,0.9795,0.98086,16008,40,0
2024-12-09 12:00:00,0.98085,0.98206,0.97998,0.98154,12842,40,0
2024-12-09 15:00:00,0.98153,0.98417,0.9814,0.98214,17630,40,0
2024-12-09 18:00:00,0.98215,0.98288,0.98163,0.98194,18795,40,0
2024-12-09 21:00:00,0.98195,0.98213,0.97947,0.97989,9779,56,0
2024-12-10 00:00:00,0.97998,0.97999,0.96766,0.97934,10643,151,0
2024-12-10 03:00:00,0.97934,0.98064,0.97924,0.97998,43565,113,0
2024-12-10 06:00:00,0.97999,0.98037,0.97923,0.97931,19950,113,0
2024-12-10 09:00:00,0.97931,0.98604,0.97692,0.98577,14275,40,0
2024-12-10 12:00:00,0.98578,0.98594,0.98323,0.98334,12560,40,0
2024-12-10 15:00:00,0.98331,0.98382,0.98262,0.98322,16506,40,0
2024-12-10 18:00:00,0.9833,0.98425,0.98276,0.98364,24307,40,0
2024-12-10 21:00:00,0.98363,0.98398,0.98279,0.98304,11615,57,0
2024-12-11 00:00:00,0.98255,0.98304,0.97817,0.98229,7226,145,0
2024-12-11 03:00:00,0.98215,0.98312,0.98215,0.98282,18395,138,0
2024-12-11 06:00:00,0.98282,0.98322,0.98228,0.98291,10604,138,0
2024-12-11 09:00:00,0.98291,0.98524,0.98197,0.98517,17297,41,0
2024-12-11 12:00:00,0.98517,0.98518,0.98317,0.98381,13978,40,0
2024-12-11 15:00:00,0.98381,0.98428,0.97759,0.98361,24162,40,0
2024-12-11 18:00:00,0.9836,0.98489,0.98336,0.98388,29720,40,0
2024-12-11 21:00:00,0.98393,0.98492,0.98343,0.9836,16623,57,0
2024-12-12 00:00:00,0.98311,0.98466,0.97668,0.98411,9915,139,0
2024-12-12 03:00:00,0.98413,0.98435,0.98308,0.98363,24733,139,0
2024-12-12 06:00:00,0.98362,0.98402,0.98317,0.98327,18115,139,0
2024-12-12 09:00:00,0.98327,0.98708,0.98327,0.98668,14731,41,0
2024-12-12 12:00:00,0.98667,0.98787,0.98607,0.98667,15152,40,0
2024-12-12 15:00:00,0.98657,0.98771,0.98401,0.98712,27150,40,0
2024-12-12 18:00:00,0.98708,0.9873,0.98542,0.98581,18578,40,0
2024-12-12 21:00:00,0.98581,0.98614,0.98453,0.98494,18089,57,0
2024-12-13 00:00:00,0.98469,0.98554,0.97933,0.9852,15186,139,0
2024-12-13 03:00:00,0.98504,0.98591,0.98444,0.98497,24047,139,0
2024-12-13 06:00:00,0.98497,0.98556,0.98459,0.98506,14523,139,0
2024-12-13 09:00:00,0.98506,0.98818,0.98469,0.98771,15231,41,0
2024-12-13 12:00:00,0.98773,0.98842,0.98628,0.98632,13164,40,0
2024-12-13 15:00:00,0.98632,0.98656,0.9848,0.98507,17926,40,0
2024-12-13 18:00:00,0.98506,0.98529,0.98377,0.98475,25148,40,0
2024-12-13 21:00:00,0.98476,0.98491,0.98354,0.98413,20400,57,0
2024-12-16 00:00:00,0.97662,0.98506,0.97662,0.98404,13590,148,0
2024-12-16 03:00:00,0.98407,0.98464,0.98382,0.98418,35649,139,0
2024-12-16 06:00:00,0.98419,0.9846,0.98354,0.98445,33367,138,0
2024-12-16 09:00:00,0.98445,0.98475,0.98008,0.98023,11633,41,0
2024-12-16 12:00:00,0.98025,0.98054,0.97621,0.9765,11232,40,0
2024-12-16 15:00:00,0.97652,0.97837,0.97452,0.97576,17037,40,0
2024-12-16 18:00:00,0.97576,0.97678,0.97563,0.97581,25215,40,0
2024-12-16 21:00:00,0.97582,0.97657,0.97447,0.97474,14203,57,0
2024-12-17 00:00:00,0.97429,0.97576,0.96864,0.97535,10627,155,0
2024-12-17 03:00:00,0.97535,0.9764,0.97531,0.97613,12628,138,0
2024-12-17 06:00:00,0.9761,0.97631,0.97556,0.97586,16648,133,0
2024-12-17 09:00:00,0.97586,0.97762,0.97075,0.97552,13155,41,0
2024-12-17 12:00:00,0.97552,0.97604,0.97427,0.9748,10257,40,0
2024-12-17 15:00:00,0.97482,0.97883,0.97459,0.97617,15607,40,0
2024-12-17 18:00:00,0.97618,0.97809,0.97575,0.97777,22246,40,0
2024-12-17 21:00:00,0.97777,0.97911,0.97764,0.978,15883,57,0
2024-12-18 00:00:00,0.97632,0.97821,0.97502,0.97804,21305,138,0
2024-12-18 03:00:00,0.97805,0.97841,0.97749,0.97774,22379,138,0
2024-12-18 06:00:00,0.97773,0.97811,0.97721,0.97742,12039,138,0
2024-12-18 09:00:00,0.97742,0.97833,0.97509,0.97523,11792,41,0
2024-12-18 12:00:00,0.97522,0.9766,0.97468,0.97641,10018,40,0
2024-12-18 15:00:00,0.97639,0.97735,0.97522,0.97533,15937,40,0
2024-12-18 18:00:00,0.97534,0.97603,0.97351,0.97351,18644,40,0
2024-12-18 21:00:00,0.97316,0.97869,0.97265,0.97653,34424,57,0
2024-12-19 00:00:00,0.97653,0.97737,0.9735,0.97657,7156,137,0
2024-12-19 03:00:00,0.97666,0.97776,0.97649,0.97709,42929,137,0
2024-12-19 06:00:00,0.9771,0.978,0.97668,0.97759,32908,137,0
2024-12-19 09:00:00,0.97761,0.97802,0.97212,0.97437,17686,41,0
2024-12-19 12:00:00,0.97437,0.97478,0.96852,0.97039,13200,40,0
2024-12-19 15:00:00,0.97039,0.97185,0.96614,0.96644,19523,40,0
2024-12-19 18:00:00,0.96643,0.9669,0.96286,0.96336,20423,40,0
2024-12-19 21:00:00,0.96336,0.96348,0.9624,0.96273,12747,56,0
2024-12-20 00:00:00,0.96273,0.96361,0.95921,0.96194,10491,163,0
2024-12-20 03:00:00,0.96194,0.9629,0.96191,0.96257,37929,135,0
2024-12-20 06:00:00,0.96257,0.9638,0.96098,0.96098,20711,135,0
2024-12-20 09:00:00,0.96109,0.96669,0.96084,0.96562,14300,41,0
2024-12-20 12:00:00,0.96558,0.96751,0.96459,0.96723,9659,40,0
2024-12-20 15:00:00,0.96725,0.96928,0.9645,0.96892,22659,40,0
2024-12-20 18:00:00,0.96891,0.97308,0.96769,0.97265,22105,40,0
2024-12-20 21:00:00,0.97262,0.97477,0.97234,0.9734,19816,57,0
2024-12-23 00:00:00,0.96485,0.97359,0.96485,0.97226,24667,178,0
2024-12-23 03:00:00,0.97236,0.97432,0.97201,0.9734,33032,137,0
2024-12-23 06:00:00,0.97341,0.97344,0.97271,0.97306,32264,137,0
2024-12-23 09:00:00,0.97306,0.97738,0.973,0.9745,10189,41,0
2024-12-23 12:00:00,0.97448,0.97477,0.9728,0.97309,9566,40,0
2024-12-23 15:00:00,0.97307,0.97309,0.96955,0.9724,15636,40,0
2024-12-23 18:00:00,0.9724,0.97284,0.97107,0.97114,13678,40,0
2024-12-23 21:00:00,0.97113,0.97256,0.97082,0.97173,11659,57,0
2024-12-24 00:00:00,0.97136,0.97205,0.96598,0.97072,5346,168,0
2024-12-24 03:00:00,0.97071,0.97177,0.97051,0.971,14205,136,0
2024-12-24 06:00:00,0.97101,0.97138,0.97071,0.97097,11265,136,0
2024-12-24 09:00:00,0.97097,0.97223,0.96982,0.97073,7888,50,0
2024-12-24 12:00:00,0.97078,0.97347,0.97036,0.97318,6402,44,0
2024-12-24 15:00:00,0.97317,0.97729,0.97269,0.97706,9677,43,0
2024-12-24 18:00:00,0.97707,0.97804,0.97057,0.97479,16048,40,0
2024-12-24 21:00:00,0.97479,0.97493,0.97034,0.97213,770,329,0
2024-12-26 00:00:00,0.97115,0.97614,0.96838,0.97371,3084,198,0
2024-12-26 03:00:00,0.97371,0.97691,0.97323,0.97673,11652,137,0
2024-12-26 06:00:00,0.97675,0.97688,0.9747,0.97495,11180,137,0
2024-12-26 09:00:00,0.97495,0.97567,0.9707,0.97199,11120,50,0
2024-12-26 12:00:00,0.97199,0.97357,0.97077,0.97311,9051,45,0
2024-12-26 15:00:00,0.97309,0.97492,0.97173,0.97346,14390,43,0
2024-12-26 18:00:00,0.97346,0.9737,0.96976,0.97001,19712,52,0
2024-12-26 21:00:00,0.97,0.97023,0.96828,0.96843,8092,60,0
2024-12-27 00:00:00,0.96842,0.96973,0.96657,0.96817,4649,152,0
2024-12-27 03:00:00,0.96817,0.96961,0.96813,0.96923,16981,139,0
2024-12-27 06:00:00,0.96923,0.97012,0.96835,0.96974,14630,139,0
2024-12-27 09:00:00,0.96971,0.97058,0.96656,0.96939,9275,46,0
2024-12-27 12:00:00,0.96941,0.96947,0.96801,0.96837,6911,46,0
2024-12-27 15:00:00,0.96839,0.96895,0.96653,0.96838,15648,46,0
2024-12-27 18:00:00,0.96837,0.96911,0.96757,0.96831,23265,47,0
2024-12-27 21:00:00,0.96829,0.96869,0.96717,0.96723,16099,77,0
2024-12-30 00:00:00,0.96412,0.96804,0.96404,0.96745,5586,170,0
2024-12-30 03:00:00,0.96747,0.96853,0.96741,0.96781,14512,138,0
2024-12-30 06:00:00,0.9678,0.96882,0.96748,0.96875,12762,138,0
2024-12-30 09:00:00,0.96875,0.96969,0.96654,0.96697,9800,43,0
2024-12-30 12:00:00,0.96693,0.97045,0.96588,0.97009,8376,43,0
2024-12-30 15:00:00,0.97013,0.97159,0.96912,0.97029,13549,43,0
2024-12-30 18:00:00,0.97022,0.97238,0.97014,0.97236,19783,42,0
2024-12-30 21:00:00,0.97234,0.97267,0.9717,0.97202,13957,58,0
2024-12-31 00:00:00,0.97179,0.97204,0.96216,0.97186,7540,185,0
2024-12-31 03:00:00,0.97188,0.97267,0.97135,0.97142,3710,148,0
2024-12-31 06:00:00,0.97142,0.97232,0.97134,0.9721,2773,137,0
2024-12-31 09:00:00,0.9721,0.97252,0.96945,0.97113,6696,46,0
2024-12-31 12:00:00,0.97111,0.97204,0.97078,0.97164,6910,43,0
2024-12-31 15:00:00,0.97173,0.97349,0.96997,0.97248,13003,41,0
2024-12-31 18:00:00,0.97255,0.97401,0.97122,0.97142,20969,40,0
2024-12-31 21:00:00,0.97141,0.9719,0.97093,0.97094,5474,57,0
2025-01-02 00:00:00,0.96948,0.97157,0.96829,0.9713,14961,206,0
2025-01-02 03:00:00,0.97128,0.97245,0.97113,0.97203,12025,138,0
2025-01-02 06:00:00,0.97204,0.9726,0.97118,0.97212,8608,138,0
2025-01-02 09:00:00,0.97213,0.97465,0.97105,0.97325,10261,43,0
2025-01-02 12:00:00,0.97325,0.97479,0.97316,0.97452,10580,41,0
2025-01-02 15:00:00,0.97455,0.97974,0.97242,0.97882,15945,41,0
2025-01-02 18:00:00,0.97881,0.98046,0.97851,0.97895,17412,41,0
2025-01-02 21:00:00,0.97893,0.97903,0.97787,0.97798,7596,58,0
2025-01-03 00:00:00,0.97811,0.9787,0.97612,0.97796,3482,140,0
2025-01-03 03:00:00,0.97796,0.97867,0.97786,0.97824,9439,139,0
2025-01-03 06:00:00,0.97825,0.97842,0.97771,0.97807,7119,139,0
2025-01-03 09:00:00,0.97807,0.97922,0.97621,0.97782,8736,42,0
2025-01-03 12:00:00,0.9778,0.97881,0.97627,0.97667,7898,41,0
2025-01-03 15:00:00,0.97667,0.97777,0.97454,0.97776,16619,41,0
2025-01-03 18:00:00,0.97775,0.97796,0.97658,0.97764,19211,41,0
2025-01-03 21:00:00,0.97764,0.9779,0.97611,0.97629,5988,58,0
2025-01-06 00:00:00,0.97188,0.9782,0.97107,0.97643,9885,166,0
2025-01-06 03:00:00,0.97648,0.97829,0.97647,0.97683,14803,138,0
2025-01-06 06:00:00,0.97684,0.97707,0.9758,0.97668,11442,138,0
2025-01-06 09:00:00,0.97667,0.97761,0.97458,0.97583,13599,41,0
2025-01-06 12:00:00,0.97583,0.97919,0.97566,0.97788,18051,40,0
2025-01-06 15:00:00,0.97783,0.97994,0.97754,0.97954,23709,40,0
2025-01-06 18:00:00,0.97952,0.97956,0.97725,0.97791,14442,40,0
2025-01-06 21:00:00,0.97792,0.97833,0.97682,0.97705,7226,57,0
2025-01-07 00:00:00,0.97708,0.97759,0.97473,0.97681,3894,138,0
2025-01-07 03:00:00,0.9769,0.97797,0.97689,0.97782,9867,138,0
2025-01-07 06:00:00,0.97779,0.97808,0.97712,0.97724,4565,138,0
2025-01-07 09:00:00,0.97727,0.97769,0.97438,0.97438,12737,41,0
2025-01-07 12:00:00,0.97431,0.97822,0.97408,0.97723,12943,40,0
2025-01-07 15:00:00,0.97727,0.97924,0.97625,0.97864,15630,40,0
2025-01-07 18:00:00,0.97864,0.98014,0.97803,0.97971,20317,40,0
2025-01-07 21:00:00,0.97967,0.98057,0.97925,0.9795,7330,57,0
2025-01-08 00:00:00,0.9741,0.98024,0.97217,0.97898,12845,138,0
2025-01-08 03:00:00,0.97899,0.9802,0.97879,0.97902,13981,138,0
2025-01-08 06:00:00,0.97901,0.97986,0.97716,0.97716,9206,138,0
2025-01-08 09:00:00,0.97716,0.9851,0.97716,0.98349,12373,41,0
2025-01-08 12:00:00,0.98349,0.98352,0.98013,0.98054,15897,40,0
2025-01-08 15:00:00,0.98053,0.98094,0.97224,0.97956,18612,40,0
2025-01-08 18:00:00,0.97957,0.97979,0.97595,0.97595,16524,40,0
2025-01-08 21:00:00,0.97594,0.97771,0.97536,0.97675,7070,57,0
2025-01-09 00:00:00,0.97676,0.97731,0.96784,0.97614,12514,139,0
2025-01-09 03:00:00,0.97613,0.9769,0.97588,0.97681,9199,137,0
2025-01-09 06:00:00,0.97679,0.97796,0.97618,0.9771,12852,137,0
2025-01-09 09:00:00,0.97706,0.97853,0.9757,0.97667,11734,41,0
2025-01-09 12:00:00,0.97667,0.97855,0.97646,0.97756,9295,41,0
2025-01-09 15:00:00,0.97758,0.97873,0.97651,0.97786,10229,40,0
2025-01-09 18:00:00,0.97786,0.97922,0.97763,0.97904,5594,40,0
2025-01-09 21:00:00,0.97904,0.97918,0.97797,0.97829,7511,57,0
2025-01-10 00:00:00,0.97712,0.97854,0.97584,0.97823,4790,138,0
2025-01-10 03:00:00,0.97824,0.97887,0.97799,0.97822,10660,138,0
2025-01-10 06:00:00,0.97821,0.97891,0.97538,0.97538,10876,138,0
2025-01-10 09:00:00,0.97555,0.97816,0.97275,0.97506,9576,41,0
2025-01-10 12:00:00,0.97503,0.9784,0.97472,0.97804,8735,41,0
2025-01-10 15:00:00,0.97804,0.98031,0.9729,0.97772,22367,40,0
2025-01-10 18:00:00,0.97774,0.9781,0.97704,0.97791,16145,40,0
2025-01-10 21:00:00,0.97789,0.97807,0.97622,0.97647,13380,57,0
2025-01-13 00:00:00,0.96876,0.97996,0.96855,0.97893,15555,188,0
2025-01-13 03:00:00,0.97895,0.97948,0.97833,0.97867,48878,138,0
2025-01-13 06:00:00,0.97868,0.97937,0.97846,0.97914,37690,138,0
2025-01-13 09:00:00,0.97914,0.98201,0.9788,0.98092,24468,41,0
2025-01-13 12:00:00,0.98089,0.98268,0.98032,0.98211,8973,40,0
2025-01-13 15:00:00,0.98212,0.98348,0.98134,0.98277,15636,40,0
2025-01-13 18:00:00,0.98279,0.98419,0.98275,0.98386,14018,40,0
2025-01-13 21:00:00,0.98387,0.98472,0.98345,0.98353,8491,57,0
2025-01-14 00:00:00,0.98346,0.98407,0.98175,0.98367,2058,149,0
2025-01-14 03:00:00,0.98371,0.98406,0.98318,0.98365,12539,139,0
2025-01-14 06:00:00,0.98361,0.98393,0.98327,0.98386,6727,139,0
2025-01-14 09:00:00,0.98386,0.98492,0.9827,0.98274,11562,41,0
2025-01-14 12:00:00,0.98275,0.98358,0.98209,0.98229,10495,40,0
2025-01-14 15:00:00,0.9823,0.98318,0.97992,0.98189,20188,40,0
2025-01-14 18:00:00,0.98189,0.9824,0.9809,0.98144,12884,40,0
2025-01-14 21:00:00,0.98143,0.9823,0.981,0.98108,8759,57,0
2025-01-15 00:00:00,0.98007,0.98218,0.97628,0.98185,12824,142,0
2025-01-15 03:00:00,0.98189,0.98201,0.98117,0.98158,17675,138,0
2025-01-15 06:00:00,0.98157,0.98241,0.98147,0.98209,9127,138,0
2025-01-15 09:00:00,0.98216,0.98377,0.98108,0.98247,12406,41,0
2025-01-15 12:00:00,0.98241,0.98312,0.98162,0.98193,9405,40,0
2025-01-15 15:00:00,0.98192,0.98364,0.97879,0.98275,20796,40,0
2025-01-15 18:00:00,0.98275,0.98493,0.98264,0.98479,15887,40,0
2025-01-15 21:00:00,0.98478,0.98562,0.9836,0.98365,6662,58,0
2025-01-16 00:00:00,0.98362,0.98497,0.97978,0.98444,7199,139,0
2025-01-16 03:00:00,0.98444,0.98477,0.98354,0.98372,14962,139,0
2025-01-16 06:00:00,0.98368,0.98415,0.98323,0.98372,15176,139,0
2025-01-16 09:00:00,0.98372,0.98435,0.98117,0.98173,11290,41,0
2025-01-16 12:00:00,0.98175,0.98221,0.97985,0.9817,9603,40,0
2025-01-16 15:00:00,0.98171,0.98273,0.97828,0.98164,18254,40,0
2025-01-16 18:00:00,0.98163,0.98179,0.98029,0.98131,14132,40,0
2025-01-16 21:00:00,0.98132,0.98159,0.9802,0.98031,8979,57,0
2025-01-17 00:00:00,0.98044,0.98134,0.97824,0.98026,12080,138,0
2025-01-17 03:00:00,0.98025,0.98096,0.97965,0.98035,5037,141,0
2025-01-17 06:00:00,0.98035,0.98163,0.9798,0.97997,8607,138,0
2025-01-17 09:00:00,0.97997,0.98208,0.97921,0.97961,10789,41,0
2025-01-17 12:00:00,0.97953,0.98045,0.97771,0.97879,9572,40,0
2025-01-17 15:00:00,0.97875,0.97881,0.97667,0.97726,18956,40,0
2025-01-17 18:00:00,0.97725,0.97856,0.97689,0.97731,13901,40,0
2025-01-17 21:00:00,0.97732,0.97755,0.97525,0.97649,12921,57,0
2025-01-20 00:00:00,0.97023,0.97757,0.9701,0.97723,32676,156,0
2025-01-20 03:00:00,0.97726,0.97756,0.97662,0.97668,30883,138,0
2025-01-20 06:00:00,0.97669,0.97705,0.97632,0.97666,9336,138,0
2025-01-20 09:00:00,0.97666,0.97795,0.97631,0.97672,10664,41,0
2025-01-20 12:00:00,0.97671,0.97711,0.97513,0.97646,10035,40,0
2025-01-20 15:00:00,0.97646,0.97694,0.97352,0.97452,22212,40,0
2025-01-20 18:00:00,0.97452,0.97549,0.97415,0.97464,37710,40,0
2025-01-20 21:00:00,0.97467,0.97561,0.97432,0.97446,46280,63,0
2025-01-21 00:00:00,0.9743,0.97447,0.97138,0.97392,11598,190,0
2025-01-21 03:00:00,0.97394,0.97471,0.97109,0.97314,34699,153,0
2025-01-21 06:00:00,0.97308,0.97435,0.9727,0.97336,7752,137,0
2025-01-21 09:00:00,0.97336,0.97432,0.97229,0.9731,10915,41,0
2025-01-21 12:00:00,0.9731,0.97361,0.97029,0.9712,10163,40,0
2025-01-21 15:00:00,0.97118,0.97273,0.97058,0.97254,18955,40,0
2025-01-21 18:00:00,0.97254,0.97313,0.97187,0.97213,14718,40,0
2025-01-21 21:00:00,0.97216,0.97238,0.97091,0.97144,8495,57,0
2025-01-22 00:00:00,0.97131,0.97177,0.96972,0.9707,9424,146,0
2025-01-22 03:00:00,0.97099,0.97137,0.97007,0.97125,20575,137,0
2025-01-22 06:00:00,0.97126,0.97147,0.97047,0.97072,13872,137,0
2025-01-22 09:00:00,0.97072,0.97464,0.97072,0.97449,12635,41,0
2025-01-22 12:00:00,0.97447,0.9763,0.97432,0.97509,12329,41,0
2025-01-22 15:00:00,0.97509,0.97649,0.97405,0.97597,20243,41,0
2025-01-22 18:00:00,0.97599,0.9768,0.97534,0.97541,7494,41,0
2025-01-22 21:00:00,0.9754,0.97551,0.97449,0.97466,5225,54,0
2025-01-23 00:00:00,0.97468,0.97542,0.97305,0.97516,5795,118,0
2025-01-23 03:00:00,0.9751,0.97538,0.97476,0.97494,20173,118,0
2025-01-23 06:00:00,0.97495,0.9753,0.97478,0.97526,16580,118,0
2025-01-23 09:00:00,0.97527,0.97701,0.97323,0.97564,13266,43,0
2025-01-23 12:00:00,0.97557,0.97789,0.97511,0.97739,11827,40,0
2025-01-23 15:00:00,0.97739,0.97775,0.97597,0.97675,17853,40,0
2025-01-23 18:00:00,0.97674,0.97721,0.97523,0.97651,21925,40,0
2025-01-23 21:00:00,0.97651,0.97669,0.97507,0.97507,12693,41,0
2025-01-24 00:00:00,0.9738,0.97611,0.97219,0.97576,11495,69,0
2025-01-24 03:00:00,0.9758,0.97657,0.97503,0.97638,51841,69,0
2025-01-24 06:00:00,0.97638,0.97679,0.97518,0.97572,40121,69,0
2025-01-24 09:00:00,0.97572,0.97676,0.97308,0.97333,16611,43,0
2025-01-24 12:00:00,0.97333,0.97518,0.97297,0.9749,12514,40,0
2025-01-24 15:00:00,0.9749,0.97618,0.97408,0.97555,17614,40,0
2025-01-24 18:00:00,0.97555,0.97677,0.97539,0.97622,16995,40,0
2025-01-24 21:00:00,0.97622,0.97642,0.97441,0.97465,9433,41,0
2025-01-27 00:00:00,0.96951,0.97657,0.96951,0.97477,23756,69,0
2025-01-27 03:00:00,0.97477,0.97542,0.9743,0.97537,26247,69,0
2025-01-27 06:00:00,0.97537,0.97581,0.97506,0.97537,13578,69,0
2025-01-27 09:00:00,0.97537,0.97675,0.97418,0.97601,14724,43,0
2025-01-27 12:00:00,0.97602,0.97673,0.97328,0.97365,16866,40,0
2025-01-27 15:00:00,0.97365,0.97435,0.97187,0.97311,18992,40,0
2025-01-27 18:00:00,0.97311,0.97317,0.97192,0.9725,19727,40,0
2025-01-27 21:00:00,0.9725,0.97285,0.97091,0.9719,13395,41,0
2025-01-28 00:00:00,0.9718,0.97323,0.96563,0.97245,20282,69,0
2025-01-28 03:00:00,0.97245,0.97299,0.97181,0.97269,44616,69,0
2025-01-28 06:00:00,0.97269,0.9734,0.97224,0.97298,26387,69,0
2025-01-28 09:00:00,0.97298,0.97563,0.97298,0.97501,13917,43,0
2025-01-28 12:00:00,0.97501,0.97566,0.97399,0.97411,11684,40,0
2025-01-28 15:00:00,0.97411,0.97508,0.97307,0.97403,15330,40,0
2025-01-28 18:00:00,0.97403,0.97472,0.97348,0.9745,17865,40,0
2025-01-28 21:00:00,0.9745,0.97495,0.97392,0.97413,10817,41,0
2025-01-29 00:00:00,0.97276,0.97499,0.9714,0.97393,8531,69,0
2025-01-29 03:00:00,0.97398,0.97426,0.97267,0.97409,23360,69,0
2025-01-29 06:00:00,0.97409,0.97427,0.97318,0.97392,19465,69,0
2025-01-29 09:00:00,0.97392,0.97584,0.97208,0.9723,12221,43,0
2025-01-29 12:00:00,0.9723,0.97308,0.97109,0.97234,10189,40,0
2025-01-29 15:00:00,0.97233,0.97379,0.97178,0.97299,14776,40,0
2025-01-29 18:00:00,0.97302,0.97377,0.97157,0.97157,19577,40,0
2025-01-29 21:00:00,0.97166,0.9742,0.97131,0.97361,38552,44,0
2025-01-30 00:00:00,0.9734,0.97435,0.97153,0.97376,6708,69,0
2025-01-30 03:00:00,0.97376,0.97407,0.97302,0.97327,32185,69,0
2025-01-30 06:00:00,0.97327,0.97366,0.97246,0.97313,23700,69,0
2025-01-30 09:00:00,0.97313,0.97396,0.9719,0.97357,11465,43,0
2025-01-30 12:00:00,0.97357,0.97574,0.97343,0.975,11230,40,0
2025-01-30 15:00:00,0.975,0.97577,0.97241,0.97555,18751,40,0
2025-01-30 18:00:00,0.97557,0.97602,0.9749,0.97527,18320,40,0
2025-01-30 21:00:00,0.97528,0.9755,0.97373,0.97398,25253,41,0
2025-01-31 00:00:00,0.97356,0.97699,0.97125,0.97524,27030,69,0
2025-01-31 03:00:00,0.97524,0.97625,0.97499,0.97601,57301,69,0
2025-01-31 06:00:00,0.97602,0.97609,0.97531,0.97564,49084,69,0
2025-01-31 09:00:00,0.97564,0.97697,0.97475,0.97537,13111,43,0
2025-01-31 12:00:00,0.97537,0.97768,0.97502,0.97753,11674,40,0
2025-01-31 15:00:00,0.97753,0.97882,0.97273,0.97802,16206,40,0
2025-01-31 18:00:00,0.97802,0.97986,0.97769,0.97955,23572,40,0
2025-01-31 21:00:00,0.97955,0.97976,0.97713,0.97859,28161,41,0
2025-02-03 00:00:00,0.97494,0.97971,0.9738,0.97908,17701,69,0
2025-02-03 03:00:00,0.97908,0.98018,0.97886,0.97984,47650,69,0
2025-02-03 06:00:00,0.97984,0.98167,0.97914,0.98151,34005,69,0
2025-02-03 09:00:00,0.98151,0.98332,0.98135,0.98204,15833,43,0
2025-02-03 12:00:00,0.98204,0.98283,0.98023,0.98121,13746,40,0
2025-02-03 15:00:00,0.98121,0.98121,0.97454,0.97599,24112,40,0
2025-02-03 18:00:00,0.97598,0.97738,0.97498,0.97615,24974,40,0
2025-02-03 21:00:00,0.97615,0.97659,0.97416,0.97488,17392,41,0
2025-02-04 00:00:00,0.97458,0.97649,0.97114,0.97486,5994,69,0
2025-02-04 03:00:00,0.97486,0.97552,0.97472,0.97501,23685,69,0
2025-02-04 06:00:00,0.97501,0.97571,0.97438,0.97537,29726,69,0
2025-02-04 09:00:00,0.97537,0.9766,0.97433,0.97505,14451,43,0
2025-02-04 12:00:00,0.97505,0.97508,0.97295,0.974,11727,40,0
2025-02-04 15:00:00,0.97399,0.97589,0.97189,0.97436,21091,40,0
2025-02-04 18:00:00,0.97436,0.97649,0.97425,0.97616,14634,40,0
2025-02-04 21:00:00,0.97616,0.97639,0.97494,0.97525,7922,41,0
2025-02-05 00:00:00,0.97488,0.97557,0.97129,0.97524,6445,70,0
2025-02-05 03:00:00,0.97524,0.97583,0.97485,0.97518,24745,70,0
2025-02-05 06:00:00,0.97517,0.97573,0.9748,0.97534,13121,70,0
2025-02-05 09:00:00,0.97534,0.97658,0.97473,0.97599,13886,43,0
2025-02-05 12:00:00,0.97598,0.97606,0.97138,0.97213,10418,40,0
2025-02-05 15:00:00,0.97213,0.97345,0.97018,0.9706,18179,40,0
2025-02-05 18:00:00,0.9706,0.97104,0.96993,0.97059,9868,40,0
2025-02-05 21:00:00,0.97059,0.97194,0.97041,0.97077,13779,41,0
2025-02-06 00:00:00,0.97015,0.97241,0.96861,0.97218,13048,69,0
2025-02-06 03:00:00,0.97218,0.97226,0.97064,0.9708,12923,69,0
2025-02-06 06:00:00,0.9708,0.97134,0.97029,0.97102,11055,69,0
2025-02-06 09:00:00,0.97102,0.97155,0.96756,0.97131,12183,43,0
2025-02-06 12:00:00,0.97131,0.97228,0.96923,0.97113,12846,40,0
2025-02-06 15:00:00,0.97114,0.97114,0.96921,0.97052,15163,40,0
2025-02-06 18:00:00,0.97052,0.9725,0.97022,0.97146,13549,40,0
2025-02-06 21:00:00,0.97146,0.97173,0.97078,0.97122,7742,41,0
2025-02-07 00:00:00,0.97142,0.97233,0.96088,0.97155,32558,70,0
2025-02-07 03:00:00,0.97155,0.97241,0.9715,0.972,18110,70,0
2025-02-07 06:00:00,0.972,0.97259,0.9717,0.97198,15967,70,0
2025-02-07 09:00:00,0.97197,0.97242,0.96955,0.96997,9893,43,0
2025-02-07 12:00:00,0.96997,0.97049,0.96886,0.97029,8791,40,0
2025-02-07 15:00:00,0.97029,0.9715,0.96752,0.97103,19830,40,0
2025-02-07 18:00:00,0.97103,0.97378,0.97063,0.97315,34349,40,0
2025-02-07 21:00:00,0.97315,0.97402,0.97246,0.97249,23439,41,0
2025-02-10 00:00:00,0.9698,0.97463,0.96687,0.97453,24081,70,0
2025-02-10 03:00:00,0.97453,0.97486,0.97359,0.97401,19358,70,0
2025-02-10 06:00:00,0.97401,0.97419,0.97338,0.97393,14386,70,0
2025-02-10 09:00:00,0.97395,0.97478,0.9726,0.97278,10507,43,0
2025-02-10 12:00:00,0.97275,0.97397,0.97207,0.97364,9676,40,0
2025-02-10 15:00:00,0.97364,0.97516,0.97291,0.97326,12077,40,0
2025-02-10 18:00:00,0.97327,0.97466,0.97317,0.97387,11418,40,0
2025-02-10 21:00:00,0.97387,0.97471,0.97325,0.97335,6798,41,0
2025-02-11 00:00:00,0.97105,0.97393,0.96912,0.97358,7981,70,0
2025-02-11 03:00:00,0.97358,0.97419,0.97297,0.9741,12828,70,0
2025-02-11 06:00:00,0.97411,0.97431,0.97343,0.97386,6015,70,0
2025-02-11 09:00:00,0.97386,0.97457,0.97323,0.97333,9262,43,0
2025-02-11 12:00:00,0.97333,0.9734,0.97149,0.97212,9428,40,0
2025-02-11 15:00:00,0.97212,0.97215,0.96758,0.96879,12563,40,0
2025-02-11 18:00:00,0.96879,0.97067,0.96862,0.97035,12606,40,0
2025-02-11 21:00:00,0.97035,0.97104,0.96899,0.96908,14841,41,0
2025-02-12 00:00:00,0.96872,0.96945,0.96261,0.96896,10482,70,0
2025-02-12 03:00:00,0.96896,0.96929,0.9685,0.96913,16273,70,0
2025-02-12 06:00:00,0.96913,0.96924,0.96824,0.96889,8387,70,0
2025-02-12 09:00:00,0.96889,0.96942,0.96627,0.96656,10522,43,0
2025-02-12 12:00:00,0.96656,0.9677,0.9652,0.96765,8562,40,0
2025-02-12 15:00:00,0.96765,0.96988,0.96382,0.96659,20422,40,0
2025-02-12 18:00:00,0.96662,0.96737,0.96448,0.96562,22917,40,0
2025-02-12 21:00:00,0.96562,0.96622,0.96503,0.96512,10947,41,0
2025-02-13 00:00:00,0.96505,0.96598,0.96258,0.96483,38869,69,0
2025-02-13 03:00:00,0.96479,0.96479,0.96374,0.96409,17818,69,0
2025-02-13 06:00:00,0.96409,0.9642,0.96212,0.96259,16353,69,0
2025-02-13 09:00:00,0.96259,0.96348,0.96154,0.9621,12497,43,0
2025-02-13 12:00:00,0.9621,0.96289,0.96142,0.96275,10839,40,0
2025-02-13 15:00:00,0.96276,0.96296,0.95962,0.9627,20093,40,0
2025-02-13 18:00:00,0.96271,0.9649,0.9621,0.96301,14344,40,0
2025-02-13 21:00:00,0.96312,0.96414,0.96175,0.96179,19227,41,0
2025-02-14 00:00:00,0.9617,0.96267,0.95789,0.96205,28235,69,0
2025-02-14 03:00:00,0.96205,0.96252,0.96171,0.96216,24219,69,0
2025-02-14 06:00:00,0.96216,0.96273,0.96176,0.96251,22018,69,0
2025-02-14 09:00:00,0.96251,0.96383,0.96153,0.96336,11530,43,0
2025-02-14 12:00:00,0.96347,0.96587,0.96247,0.96535,9641,40,0
2025-02-14 15:00:00,0.96535,0.96535,0.96239,0.96292,15516,40,0
2025-02-14 18:00:00,0.96292,0.96299,0.96146,0.96159,12392,40,0
2025-02-14 21:00:00,0.9616,0.96212,0.95997,0.9601,13865,41,0
2025-02-17 00:00:00,0.9587,0.96227,0.95724,0.96192,34853,69,0
2025-02-17 03:00:00,0.96192,0.96236,0.96146,0.96191,15402,69,0
2025-02-17 06:00:00,0.96191,0.96242,0.96146,0.96213,8848,69,0
2025-02-17 09:00:00,0.96213,0.96336,0.96192,0.96304,9872,43,0
2025-02-17 12:00:00,0.96305,0.96394,0.96189,0.9628,8985,40,0
2025-02-17 15:00:00,0.9628,0.96399,0.96221,0.96351,8916,40,0
2025-02-17 18:00:00,0.96351,0.96358,0.96271,0.96297,5524,40,0
2025-02-17 21:00:00,0.96297,0.9633,0.96224,0.96241,3330,41,0
2025-02-18 00:00:00,0.96208,0.96344,0.95641,0.96247,9542,69,0
2025-02-18 03:00:00,0.96249,0.96345,0.96238,0.96327,18026,69,0
2025-02-18 06:00:00,0.96327,0.96369,0.96286,0.96309,13828,69,0
2025-02-18 09:00:00,0.96309,0.96415,0.9618,0.96235,9440,43,0
2025-02-18 12:00:00,0.96235,0.96308,0.96104,0.96131,8988,40,0
2025-02-18 15:00:00,0.96131,0.96167,0.95841,0.96024,12999,40,0
2025-02-18 18:00:00,0.96025,0.96116,0.96009,0.96069,17229,40,0
2025-02-18 21:00:00,0.96069,0.96096,0.96002,0.96022,8087,41,0
2025-02-19 00:00:00,0.95998,0.96174,0.95136,0.96045,11668,69,0
2025-02-19 03:00:00,0.96045,0.96097,0.95998,0.96039,18238,69,0
2025-02-19 06:00:00,0.96039,0.96106,0.95996,0.96081,12320,69,0
2025-02-19 09:00:00,0.96081,0.96322,0.96075,0.96292,10110,43,0
2025-02-19 12:00:00,0.96293,0.96447,0.96174,0.96437,11903,40,0
2025-02-19 15:00:00,0.96437,0.96472,0.96308,0.96391,15525,40,0
2025-02-19 18:00:00,0.96392,0.96525,0.96299,0.96314,25844,40,0
2025-02-19 21:00:00,0.96311,0.96324,0.96206,0.96223,10360,41,0
2025-02-20 00:00:00,0.96091,0.96296,0.9575,0.96282,12993,69,0
2025-02-20 03:00:00,0.96282,0.96308,0.96187,0.96292,20518,69,0
2025-02-20 06:00:00,0.96292,0.96348,0.96251,0.9632,10276,69,0
2025-02-20 09:00:00,0.9632,0.96445,0.96228,0.96268,9515,43,0
2025-02-20 12:00:00,0.96268,0.96276,0.96065,0.96097,9031,40,0
2025-02-20 15:00:00,0.96097,0.96191,0.95798,0.9583,16824,40,0
2025-02-20 18:00:00,0.95831,0.95925,0.95745,0.95812,12545,40,0
2025-02-20 21:00:00,0.95812,0.95832,0.95711,0.95745,8441,41,0
2025-02-21 00:00:00,0.95746,0.95799,0.95368,0.95711,10072,69,0
2025-02-21 03:00:00,0.95711,0.95761,0.95666,0.95748,15061,69,0
2025-02-21 06:00:00,0.95748,0.95777,0.95658,0.95662,14141,69,0
2025-02-21 09:00:00,0.95662,0.95887,0.95662,0.9582,11312,43,0
2025-02-21 12:00:00,0.9582,0.95842,0.95713,0.95796,8180,40,0
2025-02-21 15:00:00,0.95796,0.95883,0.95565,0.95624,13444,40,0
2025-02-21 18:00:00,0.95623,0.95707,0.95568,0.95573,17379,40,0
2025-02-21 21:00:00,0.95573,0.956,0.95138,0.95229,26862,41,0
2025-02-24 00:00:00,0.94659,0.95683,0.94659,0.95523,38565,69,0
2025-02-24 03:00:00,0.95534,0.95544,0.95352,0.95459,40079,69,0
2025-02-24 06:00:00,0.95459,0.95494,0.95365,0.95422,16041,69,0
2025-02-24 09:00:00,0.95422,0.9568,0.95409,0.95653,11875,43,0
2025-02-24 12:00:00,0.95653,0.95926,0.95644,0.95824,10043,40,0
2025-02-24 15:00:00,0.95823,0.95899,0.95731,0.95828,12717,40,0
2025-02-24 18:00:00,0.95828,0.95902,0.9577,0.95799,11874,40,0
2025-02-24 21:00:00,0.95799,0.95816,0.95674,0.95762,12758,41,0
2025-02-25 00:00:00,0.95779,0.9585,0.95424,0.95757,19597,69,0
2025-02-25 03:00:00,0.95757,0.95908,0.95744,0.95888,30327,69,0
2025-02-25 06:00:00,0.95888,0.95909,0.9577,0.95772,13789,69,0
2025-02-25 09:00:00,0.95772,0.95843,0.95597,0.95605,11374,43,0
2025-02-25 12:00:00,0.95605,0.95641,0.95446,0.95498,10194,40,0
2025-02-25 15:00:00,0.95498,0.95593,0.95317,0.95335,15481,40,0
2025-02-25 18:00:00,0.95335,0.95374,0.9527,0.95315,16073,40,0
2025-02-25 21:00:00,0.95315,0.95389,0.95157,0.95189,13313,41,0
2025-02-26 00:00:00,0.95094,0.95361,0.94616,0.95297,7777,69,0
2025-02-26 03:00:00,0.95297,0.95343,0.95259,0.95281,13403,69,0
2025-02-26 06:00:00,0.95281,0.95372,0.95249,0.95356,14642,69,0
2025-02-26 09:00:00,0.95356,0.95421,0.9519,0.95389,10008,43,0
2025-02-26 12:00:00,0.95389,0.95433,0.95257,0.95305,9165,40,0
2025-02-26 15:00:00,0.95305,0.95403,0.95177,0.9531,13043,40,0
2025-02-26 18:00:00,0.95309,0.95488,0.95276,0.95433,18071,40,0
2025-02-26 21:00:00,0.95433,0.95521,0.95383,0.95397,12511,41,0
2025-02-27 00:00:00,0.952,0.95481,0.95126,0.95405,25801,69,0
2025-02-27 03:00:00,0.95405,0.95512,0.95371,0.95438,28906,69,0
2025-02-27 06:00:00,0.95438,0.95455,0.95358,0.95363,16507,69,0
2025-02-27 09:00:00,0.95363,0.95505,0.95352,0.95488,11604,43,0
2025-02-27 12:00:00,0.95488,0.95597,0.95318,0.95328,8212,40,0
2025-02-27 15:00:00,0.95328,0.95556,0.95142,0.9551,17978,40,0
2025-02-27 18:00:00,0.95508,0.95558,0.95416,0.9554,16539,40,0
2025-02-27 21:00:00,0.9554,0.95591,0.95505,0.95549,17316,41,0
2025-02-28 00:00:00,0.954,0.95641,0.95223,0.9559,10371,69,0
2025-02-28 03:00:00,0.9559,0.95619,0.95529,0.95587,23319,69,0
2025-02-28 06:00:00,0.95587,0.9564,0.95461,0.95471,12523,69,0
2025-02-28 09:00:00,0.95471,0.95536,0.95249,0.95439,11431,43,0
2025-02-28 12:00:00,0.95439,0.95554,0.95258,0.95336,9917,40,0
2025-02-28 15:00:00,0.95336,0.95485,0.95163,0.95443,15258,40,0
2025-02-28 18:00:00,0.95443,0.95674,0.95291,0.95642,31938,40,0
2025-02-28 21:00:00,0.95642,0.95725,0.95249,0.95425,23383,41,0
2025-03-03 00:00:00,0.94845,0.95595,0.94634,0.9552,17684,69,0
2025-03-03 03:00:00,0.9552,0.95582,0.95422,0.95468,18965,69,0
2025-03-03 06:00:00,0.95468,0.95472,0.95282,0.9532,12275,69,0
2025-03-03 09:00:00,0.95323,0.95418,0.95197,0.95231,13013,43,0
2025-03-03 12:00:00,0.95233,0.954,0.95126,0.95366,12072,40,0
2025-03-03 15:00:00,0.95366,0.95373,0.94425,0.94676,19217,40,0
2025-03-03 18:00:00,0.94677,0.94689,0.93929,0.94137,30393,40,0
2025-03-03 21:00:00,0.94137,0.94199,0.93678,0.93707,37756,41,0
2025-03-04 00:00:00,0.93683,0.93897,0.93572,0.9386,24446,68,0
2025-03-04 03:00:00,0.9386,0.93901,0.93749,0.93865,30145,68,0
2025-03-04 06:00:00,0.93865,0.93936,0.93816,0.93931,22119,68,0
2025-03-04 09:00:00,0.93931,0.94171,0.9375,0.94084,14303,42,0
2025-03-04 12:00:00,0.94085,0.94356,0.93889,0.93935,15536,40,0
2025-03-04 15:00:00,0.93935,0.94235,0.93928,0.94067,19831,40,0
2025-03-04 18:00:00,0.94067,0.94081,0.93907,0.93934,45360,40,0
2025-03-04 21:00:00,0.93934,0.9404,0.937,0.93739,32264,41,0
2025-03-05 00:00:00,0.93638,0.93901,0.9325,0.93793,16762,68,0
2025-03-05 03:00:00,0.93793,0.93851,0.93722,0.93786,64476,68,0
2025-03-05 06:00:00,0.93786,0.93803,0.9364,0.93739,34075,68,0
2025-03-05 09:00:00,0.9374,0.93872,0.93463,0.93474,17452,42,0
2025-03-05 12:00:00,0.93476,0.93525,0.92999,0.93009,16613,40,0
2025-03-05 15:00:00,0.93008,0.93654,0.92998,0.93493,29195,40,0
2025-03-05 18:00:00,0.93492,0.93603,0.9327,0.93543,46599,40,0
2025-03-05 21:00:00,0.93543,0.93554,0.93223,0.93281,33927,41,0
2025-03-06 00:00:00,0.92991,0.93463,0.92718,0.93294,16927,68,0
2025-03-06 03:00:00,0.93295,0.93366,0.93269,0.93319,40792,68,0
2025-03-06 06:00:00,0.93319,0.93331,0.93181,0.93247,21883,68,0
2025-03-06 09:00:00,0.93245,0.93294,0.92778,0.92918,20097,42,0
2025-03-06 12:00:00,0.92918,0.93556,0.92787,0.93507,15402,40,0
2025-03-06 15:00:00,0.93508,0.93778,0.93157,0.93467,33408,40,0
2025-03-06 18:00:00,0.93465,0.93622,0.93312,0.93586,32670,40,0
2025-03-06 21:00:00,0.93586,0.93602,0.93294,0.93296,21097,41,0
2025-03-07 00:00:00,0.92991,0.93452,0.92803,0.93393,16892,68,0
2025-03-07 03:00:00,0.93393,0.93433,0.93274,0.93291,46986,68,0
2025-03-07 06:00:00,0.93291,0.9333,0.93148,0.93149,25679,68,0
2025-03-07 09:00:00,0.93149,0.93337,0.92925,0.93108,13299,42,0
2025-03-07 12:00:00,0.93108,0.9348,0.93092,0.93217,12610,40,0
2025-03-07 15:00:00,0.93218,0.93315,0.92406,0.92886,25563,40,0
2025-03-07 18:00:00,0.92886,0.9313,0.92774,0.92915,31635,40,0
2025-03-07 21:00:00,0.92916,0.9301,0.92686,0.92771,14346,40,0
2025-03-10 00:00:00,0.92284,0.92944,0.92265,0.92665,39307,70,0
2025-03-10 03:00:00,0.92665,0.92969,0.92566,0.92905,29459,68,0
2025-03-10 06:00:00,0.92905,0.92972,0.92857,0.92937,22633,68,0
2025-03-10 09:00:00,0.92935,0.9387,0.92684,0.93852,30744,42,0
2025-03-10 12:00:00,0.93852,0.94272,0.93839,0.94163,15267,40,0
2025-03-10 15:00:00,0.94163,0.94215,0.93676,0.93956,17811,40,0
2025-03-10 18:00:00,0.93956,0.94103,0.93871,0.93919,20287,40,0
2025-03-10 21:00:00,0.93919,0.94001,0.93803,0.93912,25636,41,0
2025-03-11 00:00:00,0.9388,0.94104,0.93416,0.93987,8895,69,0
2025-03-11 03:00:00,0.93987,0.93994,0.93832,0.9389,35184,68,0
2025-03-11 06:00:00,0.9389,0.9395,0.93864,0.93908,19006,68,0
2025-03-11 09:00:00,0.93908,0.94004,0.93721,0.93932,18302,42,0
2025-03-11 12:00:00,0.93932,0.94484,0.93827,0.94352,13751,40,0
2025-03-11 15:00:00,0.94352,0.94407,0.9385,0.93875,19729,40,0
2025-03-11 18:00:00,0.93875,0.94176,0.93729,0.94172,28930,40,0
2025-03-11 21:00:00,0.94166,0.94284,0.93738,0.93808,36394,41,0
2025-03-12 00:00:00,0.93671,0.93958,0.93311,0.93875,9595,69,0
2025-03-12 03:00:00,0.93875,0.93983,0.9384,0.93944,32547,69,0
2025-03-12 06:00:00,0.93944,0.94086,0.93912,0.94054,43085,69,0
2025-03-12 09:00:00,0.94053,0.94364,0.93957,0.94327,20550,43,0
2025-03-12 12:00:00,0.94327,0.9466,0.94322,0.94606,11602,40,0
2025-03-12 15:00:00,0.94606,0.94783,0.93745,0.94682,21692,40,0
2025-03-12 18:00:00,0.94688,0.94794,0.94524,0.94765,24182,40,0
2025-03-12 21:00:00,0.94765,0.94914,0.9473,0.94816,22995,41,0
2025-03-13 00:00:00,0.94226,0.94918,0.94037,0.94849,8206,69,0
2025-03-13 03:00:00,0.94846,0.94917,0.94744,0.94818,22548,69,0
2025-03-13 06:00:00,0.94818,0.94894,0.94777,0.94865,12589,69,0
2025-03-13 09:00:00,0.94865,0.95228,0.94504,0.94968,15324,43,0
2025-03-13 12:00:00,0.94968,0.95339,0.94856,0.95263,12220,40,0
2025-03-13 15:00:00,0.95263,0.95526,0.95027,0.95279,20344,40,0
2025-03-13 18:00:00,0.95279,0.95536,0.95278,0.95425,21264,40,0
2025-03-13 21:00:00,0.95425,0.95491,0.95194,0.95238,22536,41,0
2025-03-14 00:00:00,0.95111,0.95512,0.9492,0.95401,9631,69,0
2025-03-14 03:00:00,0.95401,0.95425,0.95255,0.95399,50603,69,0
2025-03-14 06:00:00,0.95399,0.95454,0.95384,0.9543,26269,69,0
2025-03-14 09:00:00,0.9543,0.95578,0.95131,0.95287,18126,43,0
2025-03-14 12:00:00,0.95287,0.95358,0.94644,0.9471,17253,40,0
2025-03-14 15:00:00,0.9471,0.95142,0.9471,0.95061,20447,40,0
2025-03-14 18:00:00,0.95061,0.95283,0.94974,0.9527,26458,40,0
2025-03-14 21:00:00,0.9527,0.95304,0.95033,0.95054,39426,41,0
2025-03-17 00:00:00,0.94592,0.9523,0.94302,0.95135,28709,75,0
2025-03-17 03:00:00,0.95135,0.95267,0.95068,0.9513,35324,69,0
2025-03-17 06:00:00,0.9513,0.95232,0.951,0.95202,26348,69,0
2025-03-17 09:00:00,0.95202,0.95656,0.95202,0.9557,19546,43,0
2025-03-17 12:00:00,0.9557,0.95714,0.95458,0.95701,13434,40,0
2025-03-17 15:00:00,0.95701,0.95797,0.95395,0.95419,17064,40,0
2025-03-17 18:00:00,0.95419,0.9578,0.9537,0.95736,17315,40,0
2025-03-17 21:00:00,0.95737,0.95789,0.95571,0.95593,14203,41,0
2025-03-18 00:00:00,0.95455,0.95765,0.94803,0.95688,6944,70,0
2025-03-18 03:00:00,0.95688,0.95764,0.95619,0.95723,12541,70,0
2025-03-18 06:00:00,0.95723,0.95796,0.95689,0.95771,13035,70,0
2025-03-18 09:00:00,0.95771,0.95805,0.95444,0.95628,14552,43,0
2025-03-18 12:00:00,0.95628,0.9578,0.95577,0.9569,12136,40,0
2025-03-18 15:00:00,0.95689,0.95712,0.95074,0.9513,18230,40,0
2025-03-18 18:00:00,0.9513,0.95279,0.94887,0.95034,19788,40,0
2025-03-18 21:00:00,0.95034,0.95179,0.94934,0.94938,14853,41,0
2025-03-19 00:00:00,0.9494,0.95109,0.9461,0.95064,8503,69,0
2025-03-19 03:00:00,0.95068,0.95175,0.95033,0.95113,32061,69,0
2025-03-19 06:00:00,0.95113,0.95183,0.95069,0.9513,24582,69,0
2025-03-19 09:00:00,0.9513,0.953,0.95041,0.95283,17269,43,0
2025-03-19 12:00:00,0.95283,0.95415,0.95198,0.95388,10847,40,0
2025-03-19 15:00:00,0.95388,0.95673,0.95362,0.95624,13774,40,0
2025-03-19 18:00:00,0.95624,0.95684,0.95239,0.95239,20517,40,0
2025-03-19 21:00:00,0.95196,0.95703,0.95153,0.95498,29759,41,0
2025-03-20 00:00:00,0.95414,0.95656,0.95108,0.95553,8823,70,0
2025-03-20 03:00:00,0.95551,0.95613,0.95312,0.9544,34917,70,0
2025-03-20 06:00:00,0.95443,0.95584,0.95435,0.95568,22894,70,0
2025-03-20 09:00:00,0.95566,0.95815,0.95458,0.95753,28921,43,0
2025-03-20 12:00:00,0.95746,0.95966,0.95561,0.95843,20776,40,0
2025-03-20 15:00:00,0.95843,0.96044,0.95763,0.95902,20268,40,0
2025-03-20 18:00:00,0.95902,0.96079,0.95863,0.96003,21503,40,0
2025-03-20 21:00:00,0.96003,0.96051,0.95828,0.95838,27148,41,0
2025-03-21 00:00:00,0.95808,0.96041,0.95434,0.9586,17526,77,0
2025-03-21 03:00:00,0.9586,0.96082,0.9583,0.95984,28027,70,0
2025-03-21 06:00:00,0.95984,0.96078,0.95949,0.96025,15280,70,0
2025-03-21 09:00:00,0.96025,0.96224,0.95938,0.95956,19247,43,0
2025-03-21 12:00:00,0.95956,0.95988,0.95748,0.95894,9986,40,0
2025-03-21 15:00:00,0.95894,0.96085,0.95686,0.96079,18105,40,0
2025-03-21 18:00:00,0.96079,0.96184,0.95891,0.96047,25534,40,0
2025-03-21 21:00:00,0.96047,0.96134,0.95869,0.96014,23319,41,0
2025-03-24 00:00:00,0.95407,0.96093,0.95397,0.96017,26788,70,0
2025-03-24 03:00:00,0.96017,0.9607,0.95945,0.95984,18659,70,0
2025-03-24 06:00:00,0.95984,0.96028,0.95919,0.95928,24171,70,0
2025-03-24 09:00:00,0.95928,0.96317,0.95924,0.96128,15724,43,0
2025-03-24 12:00:00,0.96128,0.96391,0.96035,0.96368,13203,41,0
2025-03-24 15:00:00,0.96368,0.9643,0.96129,0.96324,19920,40,0
2025-03-24 18:00:00,0.96324,0.96332,0.95958,0.95985,22650,41,0
2025-03-24 21:00:00,0.95985,0.96044,0.95808,0.9587,18843,42,0
2025-03-25 00:00:00,0.95752,0.95943,0.95437,0.95907,18373,70,0
2025-03-25 03:00:00,0.95907,0.95943,0.95869,0.959,14786,70,0
2025-03-25 06:00:00,0.959,0.95926,0.95829,0.95878,9587,70,0
2025-03-25 09:00:00,0.95878,0.95988,0.95682,0.95723,16112,43,0
2025-03-25 12:00:00,0.95723,0.95771,0.95473,0.95496,14873,41,0
2025-03-25 15:00:00,0.95496,0.95629,0.95323,0.95455,21068,41,0
2025-03-25 18:00:00,0.95455,0.95635,0.95356,0.95436,20289,41,0
2025-03-25 21:00:00,0.95434,0.95479,0.95238,0.95307,22493,41,0
2025-03-26 00:00:00,0.95164,0.9544,0.95014,0.95362,5439,70,0
2025-03-26 03:00:00,0.95361,0.95461,0.95345,0.95454,32653,70,0
2025-03-26 06:00:00,0.95454,0.95584,0.95411,0.9555,15596,70,0
2025-03-26 09:00:00,0.9555,0.95764,0.95533,0.9569,14709,43,0
2025-03-26 12:00:00,0.9569,0.95699,0.95526,0.95589,14664,40,0
2025-03-26 15:00:00,0.95589,0.95698,0.952,0.95227,4848,0,0
2025-03-26 18:00:00,0.95227,0.9536,0.95172,0.9526,2314,0,0
2025-03-26 21:00:00,0.95247,0.95297,0.95088,0.95122,867,0,0
2025-03-27 00:00:00,0.94713,0.95301,0.94691,0.95203,4778,80,0
2025-03-27 03:00:00,0.95203,0.95302,0.95173,0.95209,2941,10,0
2025-03-27 06:00:00,0.95209,0.9522,0.95082,0.95143,3577,3,0
2025-03-27 09:00:00,0.95139,0.95283,0.94852,0.94977,2569,0,0
2025-03-27 12:00:00,0.95042,0.9551,0.94923,0.9528,1974,0,0
2025-03-27 15:00:00,0.9528,0.9554,0.95228,0.95442,3502,0,0
2025-03-27 18:00:00,0.95442,0.95452,0.95239,0.9529,2936,0,0
2025-03-27 21:00:00,0.9529,0.954,0.95203,0.95362,1496,0,0
2025-03-28 00:00:00,0.95144,0.95311,0.94606,0.95289,2511,112,0
2025-03-28 03:00:00,0.95289,0.95384,0.95217,0.95345,2620,26,0
2025-03-28 06:00:00,0.95339,0.95367,0.95284,0.95334,1525,34,0
2025-03-28 09:00:00,0.95321,0.9564,0.95133,0.95617,1876,0,0
2025-03-28 12:00:00,0.95617,0.958,0.95536,0.9576,1865,0,0
2025-03-28 15:00:00,0.9576,0.959,0.9545,0.95597,2918,0,0
2025-03-28 18:00:00,0.95597,0.9562,0.95209,0.9524,2425,0,0
2025-03-28 21:00:00,0.95245,0.95398,0.9523,0.95315,1513,0,0
2025-03-31 00:00:00,0.94926,0.95504,0.94926,0.95457,4574,2,0
2025-03-31 03:00:00,0.9546,0.9546,0.952,0.95249,6085,0,0
2025-03-31 06:00:00,0.95249,0.95288,0.95208,0.95239,3327,10,0
2025-03-31 09:00:00,0.95239,0.95424,0.9502,0.95077,3405,0,0
2025-03-31 12:00:00,0.95077,0.95105,0.9494,0.95034,1957,0,0
2025-03-31 15:00:00,0.95034,0.9544,0.94983,0.9538,2891,0,0
2025-03-31 18:00:00,0.95373,0.95594,0.95302,0.95487,2207,0,0
2025-03-31 21:00:00,0.9549,0.95578,0.9546,0.95471,1690,4,0
2025-04-01 00:00:00,0.95249,0.95566,0.9462,0.95526,2971,17,0
2025-04-01 03:00:00,0.95535,0.95535,0.95396,0.95492,4277,16,0
2025-04-01 06:00:00,0.9549,0.9555,0.95434,0.9554,3994,10,0
2025-04-01 09:00:00,0.9554,0.95641,0.95376,0.95384,2808,0,0
2025-04-01 12:00:00,0.95384,0.95596,0.95325,0.95491,2880,0,0
2025-04-01 15:00:00,0.9549,0.95841,0.95439,0.9557,3139,0,0
2025-04-01 18:00:00,0.95563,0.95706,0.95496,0.95683,2739,0,0
2025-04-01 21:00:00,0.95683,0.95746,0.95522,0.95645,1866,0,0
2025-04-02 00:00:00,0.95321,0.95725,0.94903,0.95636,1706,25,0
2025-04-02 03:00:00,0.95636,0.95726,0.9557,0.9568,8961,1,0
2025-04-02 06:00:00,0.95672,0.95792,0.95626,0.9576,6847,1,0
2025-04-02 09:00:00,0.9576,0.9581,0.95554,0.95621,2149,0,0
2025-04-02 12:00:00,0.95625,0.9566,0.95377,0.95473,1647,0,0
2025-04-02 15:00:00,0.95473,0.95512,0.9512,0.95145,2718,0,0
2025-04-02 18:00:00,0.95145,0.95279,0.95115,0.95219,3883,0,0
2025-04-02 21:00:00,0.95218,0.9534,0.9493,0.9529,1889,0,0
2025-04-03 00:00:00,0.94241,0.95046,0.93836,0.94889,964,77,0
2025-04-03 03:00:00,0.94889,0.94957,0.94672,0.94746,15835,36,0
2025-04-03 06:00:00,0.94746,0.94853,0.9449,0.9449,7402,35,0
2025-04-03 09:00:00,0.9449,0.94551,0.94,0.94206,4635,0,0
2025-04-03 12:00:00,0.94199,0.94361,0.93862,0.9393,3508,0,0
2025-04-03 15:00:00,0.9392,0.94336,0.9365,0.9432,4971,0,0
2025-04-03 18:00:00,0.94319,0.9456,0.9416,0.94551,3816,0,0
2025-04-03 21:00:00,0.94551,0.94763,0.9449,0.94535,1805,3,0
2025-04-04 00:00:00,0.94052,0.94722,0.93986,0.94717,5478,103,0
2025-04-04 03:00:00,0.94717,0.94795,0.9445,0.94535,13100,0,0
2025-04-04 06:00:00,0.94535,0.94535,0.94246,0.94317,12921,0,0
2025-04-04 09:00:00,0.94317,0.9457,0.94135,0.9437,3829,0,0
2025-04-04 12:00:00,0.9437,0.94667,0.9376,0.93971,5660,0,0
2025-04-04 15:00:00,0.93978,0.94016,0.92934,0.9347,8756,0,0
2025-04-04 18:00:00,0.9348,0.9368,0.92841,0.93133,10207,0,0
2025-04-04 21:00:00,0.93133,0.93411,0.92441,0.92511,3899,16,0
2025-04-07 00:00:00,0.91831,0.92789,0.91566,0.92444,527,228,0
2025-04-07 03:00:00,0.92444,0.93444,0.92444,0.92855,18399,40,0
2025-04-07 06:00:00,0.92855,0.9302,0.9262,0.92781,15016,10,0
2025-04-07 09:00:00,0.92781,0.9307,0.91922,0.9272,7763,0,0
2025-04-07 12:00:00,0.9272,0.9294,0.92338,0.9279,6139,0,0
2025-04-07 15:00:00,0.928,0.92822,0.91663,0.91859,10385,0,0
2025-04-07 18:00:00,0.9185,0.92025,0.91111,0.91899,7064,0,0
2025-04-07 21:00:00,0.91899,0.9191,0.91256,0.9136,5761,0,0
2025-04-08 00:00:00,0.9109,0.91878,0.9073,0.91758,828,169,0
2025-04-08 03:00:00,0.91758,0.91883,0.91529,0.91797,5549,29,0
2025-04-08 06:00:00,0.91796,0.921,0.91702,0.919,4275,0,0
2025-04-08 09:00:00,0.919,0.9196,0.91186,0.9182,5651,0,0
2025-04-08 12:00:00,0.9181,0.9192,0.9143,0.9179,5657,0,0
2025-04-08 15:00:00,0.9179,0.9226,0.91341,0.9147,6224,0,0
2025-04-08 18:00:00,0.9147,0.9192,0.91446,0.91711,3631,0,0
2025-04-08 21:00:00,0.91711,0.91735,0.9125,0.91392,3555,2,0
2025-04-09 00:00:00,0.90747,0.91505,0.90183,0.91446,2145,41,0
2025-04-09 03:00:00,0.91448,0.91718,0.91029,0.91467,29551,0,0
2025-04-09 06:00:00,0.9145,0.9153,0.91277,0.914,27878,5,0
2025-04-09 09:00:00,0.9141,0.9162,0.9107,0.913,6519,0,0
2025-04-09 12:00:00,0.9131,0.914,0.906,0.91196,6833,0,0
2025-04-09 15:00:00,0.91196,0.9183,0.9082,0.9082,9216,0,0
2025-04-09 18:00:00,0.9083,0.92467,0.9074,0.9234,7407,0,0
2025-04-09 21:00:00,0.9234,0.93116,0.91903,0.92353,7347,0,0
2025-04-10 00:00:00,0.91638,0.92621,0.91638,0.92561,299,103,0
2025-04-10 03:00:00,0.92561,0.9262,0.92236,0.9226,30045,21,0
2025-04-10 06:00:00,0.9226,0.92675,0.91997,0.92304,21041,25,0
2025-04-10 09:00:00,0.92304,0.92781,0.9164,0.91803,8500,0,0
2025-04-10 12:00:00,0.91803,0.92139,0.91659,0.91909,4960,0,0
2025-04-10 15:00:00,0.91902,0.91972,0.9097,0.9113,6033,0,0
2025-04-10 18:00:00,0.9113,0.9163,0.90655,0.91395,7681,0,0
2025-04-10 21:00:00,0.91395,0.91694,0.90825,0.90894,10759,0,0
2025-04-11 00:00:00,0.90489,0.91125,0.89876,0.91093,4368,147,0
2025-04-11 03:00:00,0.911,0.91356,0.90707,0.90984,20310,59,0
2025-04-11 06:00:00,0.90985,0.91347,0.90937,0.90985,12549,30,0
2025-04-11 09:00:00,0.90985,0.91817,0.90916,0.91459,10766,0,0
2025-04-11 12:00:00,0.91459,0.92052,0.91226,0.9199,9085,0,0
2025-04-11 15:00:00,0.9199,0.9214,0.9142,0.92037,10465,0,0
2025-04-11 18:00:00,0.92031,0.9204,0.91061,0.91879,8134,0,0
2025-04-11 21:00:00,0.91879,0.92031,0.91247,0.91266,15719,0,0
2025-04-14 00:00:00,0.90665,0.91161,0.90422,0.9085,276,663,0
2025-04-14 03:00:00,0.91339,0.91865,0.91215,0.91503,56345,46,0
2025-04-14 06:00:00,0.91503,0.91851,0.91493,0.9181,60921,30,0
2025-04-14 09:00:00,0.9181,0.91961,0.9124,0.9188,5902,0,0
2025-04-14 12:00:00,0.9188,0.9192,0.9145,0.9164,3663,0,0
2025-04-14 15:00:00,0.9164,0.92149,0.91518,0.91704,4812,0,0
2025-04-14 18:00:00,0.91704,0.92552,0.9163,0.9239,5175,0,0
2025-04-14 21:00:00,0.9239,0.92653,0.92243,0.92404,9638,0,0
2025-04-15 00:00:00,0.9147,0.92293,0.91195,0.92288,2492,145,0
2025-04-15 03:00:00,0.923,0.92565,0.923,0.92465,58233,38,0
2025-04-15 06:00:00,0.92465,0.92606,0.92389,0.92484,39857,14,0
2025-04-15 09:00:00,0.92484,0.92578,0.91873,0.91993,5051,0,0
2025-04-15 12:00:00,0.91993,0.92394,0.91978,0.9228,4419,0,0
2025-04-15 15:00:00,0.9228,0.92988,0.9228,0.92675,4759,0,0
2025-04-15 18:00:00,0.92675,0.93061,0.92605,0.93025,4828,0,0
2025-04-15 21:00:00,0.93021,0.93073,0.92543,0.92682,7703,0,0
2025-04-16 00:00:00,0.92422,0.92872,0.91851,0.9254,928,122,0
2025-04-16 03:00:00,0.9254,0.9268,0.92439,0.9265,21688,6,0
2025-04-16 06:00:00,0.9264,0.92763,0.92502,0.92598,3928,10,0
2025-04-16 09:00:00,0.92598,0.9274,0.9212,0.92237,4936,0,0
2025-04-16 12:00:00,0.92234,0.92528,0.92229,0.92423,5092,0,0
2025-04-16 15:00:00,0.92423,0.9258,0.92211,0.9242,6845,0,0
2025-04-16 18:00:00,0.9242,0.92469,0.9222,0.92274,6393,0,0
2025-04-16 21:00:00,0.92274,0.92367,0.92164,0.92224,13042,0,0
2025-04-17 00:00:00,0.92101,0.92224,0.9145,0.92195,4708,161,0
2025-04-17 03:00:00,0.92196,0.92412,0.92149,0.9232,39318,19,0
2025-04-17 06:00:00,0.92325,0.92704,0.92294,0.92657,43449,0,0
2025-04-17 09:00:00,0.92654,0.92654,0.9225,0.92402,6311,0,0
2025-04-17 12:00:00,0.92402,0.92482,0.9201,0.92203,4013,0,0
2025-04-17 15:00:00,0.92203,0.92305,0.91669,0.91855,5123,0,0
2025-04-17 18:00:00,0.91855,0.91945,0.91747,0.91858,2526,0,0
2025-04-17 21:00:00,0.91858,0.9192,0.91758,0.91786,2589,0,0
2025-04-18 00:00:00,0.91399,0.91842,0.91399,0.91768,539,228,0
2025-04-18 03:00:00,0.91825,0.919,0.9156,0.91816,11976,70,0
2025-04-18 06:00:00,0.91811,0.91865,0.91742,0.91829,29952,71,0
2025-04-18 09:00:00,0.91829,0.91941,0.91718,0.9185,14037,9,0
2025-04-18 12:00:00,0.91805,0.91862,0.91607,0.91727,15754,22,0
2025-04-18 15:00:00,0.91719,0.91788,0.91425,0.91627,31848,9,0
2025-04-18 18:00:00,0.91622,0.91881,0.9143,0.91803,24896,30,0
2025-04-18 21:00:00,0.91783,0.91835,0.91493,0.91576,38781,59,0
2025-04-21 00:00:00,0.91115,0.91542,0.90853,0.91299,3287,234,0
2025-04-21 03:00:00,0.91299,0.91798,0.91235,0.91367,31988,3,0
2025-04-21 06:00:00,0.91362,0.915,0.91292,0.91492,23830,0,0
2025-04-21 09:00:00,0.915,0.9167,0.91257,0.9127,2625,0,0
2025-04-21 12:00:00,0.9127,0.91466,0.91231,0.91357,2932,14,0
2025-04-21 15:00:00,0.91357,0.91981,0.9128,0.9193,3981,0,0
2025-04-21 18:00:00,0.9193,0.91978,0.91745,0.9183,2550,0,0
2025-04-21 21:00:00,0.9183,0.9187,0.91718,0.91749,5883,0,0
2025-04-22 00:00:00,0.90936,0.9177,0.9092,0.9174,9817,89,0
2025-04-22 03:00:00,0.9174,0.91936,0.91651,0.91911,53538,53,0
2025-04-22 06:00:00,0.91909,0.9207,0.90105,0.91463,47163,0,0
2025-04-22 09:00:00,0.91463,0.92343,0.91463,0.92013,5362,0,0
2025-04-22 12:00:00,0.92013,0.9206,0.9163,0.9187,3416,0,0
2025-04-22 15:00:00,0.9187,0.9213,0.91761,0.91966,4394,0,0
2025-04-22 18:00:00,0.91963,0.92031,0.91667,0.91895,5416,0,0
2025-04-22 21:00:00,0.91895,0.92047,0.91804,0.91915,4392,0,0
2025-04-23 00:00:00,0.90928,0.92316,0.90261,0.91984,2129,238,0
2025-04-23 03:00:00,0.9199,0.92321,0.91965,0.92084,46809,54,0
2025-04-23 06:00:00,0.92083,0.92302,0.91972,0.92223,38698,10,0
2025-04-23 09:00:00,0.9222,0.92541,0.9184,0.92092,5299,0,0
2025-04-23 12:00:00,0.92092,0.9224,0.91942,0.9204,2788,0,0
2025-04-23 15:00:00,0.9204,0.92351,0.91783,0.921,6298,0,0
2025-04-23 18:00:00,0.92101,0.92275,0.91949,0.92171,5099,0,0
2025-04-23 21:00:00,0.92171,0.92233,0.91947,0.9196,4479,0,0
2025-04-24 00:00:00,0.91578,0.92039,0.90614,0.92017,13055,145,0
2025-04-24 03:00:00,0.9202,0.92139,0.91905,0.91977,16059,0,0
2025-04-24 06:00:00,0.91977,0.92055,0.91953,0.9198,16187,14,0
2025-04-24 09:00:00,0.91971,0.924,0.9193,0.92232,4420,1,0
2025-04-24 12:00:00,0.9224,0.92385,0.92058,0.92248,3742,0,0
2025-04-24 15:00:00,0.92248,0.92316,0.91974,0.9223,5481,0,0
2025-04-24 18:00:00,0.9223,0.92308,0.9215,0.92221,3675,0,0
2025-04-24 21:00:00,0.92221,0.9227,0.9198,0.92119,7808,0,0
2025-04-25 00:00:00,0.913,0.92302,0.89439,0.92276,8437,0,0
2025-04-25 03:00:00,0.92276,0.92299,0.92091,0.92258,44583,0,0
2025-04-25 06:00:00,0.92258,0.92315,0.92157,0.9224,11314,0,0
2025-04-25 09:00:00,0.9224,0.9264,0.92164,0.92574,4200,0,0
2025-04-25 12:00:00,0.92574,0.9303,0.9254,0.92934,4198,0,0
2025-04-25 15:00:00,0.92942,0.93304,0.92853,0.9303,4486,0,0
2025-04-25 18:00:00,0.9303,0.93222,0.92718,0.92758,4221,0,0
2025-04-25 21:00:00,0.92762,0.92839,0.92639,0.92736,8500,4,0
2025-04-28 00:00:00,0.92577,0.93284,0.90523,0.92492,1963,159,0
2025-04-28 03:00:00,0.92509,0.92871,0.92509,0.92677,21661,47,0
2025-04-28 06:00:00,0.92673,0.92848,0.92564,0.92838,52935,32,0
2025-04-28 09:00:00,0.92838,0.93163,0.92524,0.93035,2929,0,0
2025-04-28 12:00:00,0.9303,0.9304,0.9272,0.92742,2167,0,0
2025-04-28 15:00:00,0.92742,0.92819,0.92503,0.92749,3935,0,0
2025-04-28 18:00:00,0.92749,0.92891,0.92498,0.92637,3240,0,0
2025-04-28 21:00:00,0.92632,0.9277,0.92512,0.92552,3788,0,0
2025-04-29 00:00:00,0.92148,0.9271,0.92063,0.92656,7331,189,0
2025-04-29 03:00:00,0.9266,0.92817,0.92587,0.928,25199,0,0
2025-04-29 06:00:00,0.92801,0.92816,0.92659,0.92681,20015,2,0
2025-04-29 09:00:00,0.92669,0.92861,0.9252,0.92656,2920,0,0
2025-04-29 12:00:00,0.92656,0.9302,0.925,0.92933,3316,0,0
2025-04-29 15:00:00,0.92933,0.93101,0.92839,0.92849,4549,0,0
2025-04-29 18:00:00,0.92856,0.9298,0.92675,0.9285,3445,0,0
2025-04-29 21:00:00,0.9285,0.92934,0.92667,0.92689,4048,0,0
2025-04-30 00:00:00,0.92153,0.92981,0.92099,0.92916,3505,45,0
2025-04-30 03:00:00,0.92923,0.92987,0.9281,0.929,52060,6,0
2025-04-30 06:00:00,0.92906,0.92945,0.9278,0.9291,16610,11,0
2025-04-30 09:00:00,0.9292,0.93183,0.92805,0.93061,3970,0,0
2025-04-30 12:00:00,0.93061,0.93229,0.92916,0.9297,2027,0,0
2025-04-30 15:00:00,0.9297,0.93128,0.9265,0.92975,4836,0,0
2025-04-30 18:00:00,0.9297,0.9315,0.92739,0.929,4973,0,0
2025-04-30 21:00:00,0.929,0.92957,0.9278,0.928,8454,0,0
2025-05-01 00:00:00,0.92579,0.92918,0.9223,0.92823,11940,16,0
2025-05-01 03:00:00,0.92823,0.92909,0.92755,0.929,20586,0,0
2025-05-01 06:00:00,0.929,0.9303,0.92828,0.92936,8584,40,0
2025-05-01 09:00:00,0.92929,0.93209,0.9287,0.93174,3544,0,0
2025-05-01 12:00:00,0.93174,0.9335,0.9304,0.93179,3480,3,0
2025-05-01 15:00:00,0.93179,0.93522,0.92928,0.93436,4433,0,0
2025-05-01 18:00:00,0.93436,0.93472,0.93328,0.93408,5680,0,0
2025-05-01 21:00:00,0.93412,0.93558,0.93261,0.93366,3976,0,0
2025-05-02 00:00:00,0.92448,0.9345,0.92413,0.93334,17835,0,0
2025-05-02 03:00:00,0.93353,0.93473,0.93269,0.93392,40388,48,0
2025-05-02 06:00:00,0.93387,0.93562,0.93307,0.93391,32651,12,0
2025-05-02 09:00:00,0.93431,0.93533,0.92979,0.93196,4061,0,0
2025-05-02 12:00:00,0.93196,0.9324,0.92934,0.9306,3519,3,0
2025-05-02 15:00:00,0.9306,0.93254,0.92659,0.9269,4517,0,0
2025-05-02 18:00:00,0.92685,0.92795,0.92484,0.92725,4981,0,0
2025-05-02 21:00:00,0.92723,0.92832,0.92545,0.92702,7115,5,0
2025-05-05 00:00:00,0.92102,0.92631,0.91903,0.92493,10936,153,0
2025-05-05 03:00:00,0.92493,0.92567,0.92282,0.92324,19450,67,0
2025-05-05 06:00:00,0.92322,0.9249,0.92277,0.9247,4297,0,0
2025-05-05 09:00:00,0.9247,0.9295,0.92414,0.9293,2046,5,0
2025-05-05 12:00:00,0.9293,0.9306,0.9269,0.92798,2046,0,0
2025-05-05 15:00:00,0.92798,0.9288,0.92556,0.92867,2835,0,0
2025-05-05 18:00:00,0.92867,0.93075,0.92772,0.93034,1603,0,0
2025-05-05 21:00:00,0.93034,0.93114,0.92864,0.92892,3446,6,0
2025-05-06 00:00:00,0.92355,0.93087,0.9134,0.92876,7578,3,0
2025-05-06 03:00:00,0.92876,0.93127,0.92876,0.93097,27417,11,0
2025-05-06 06:00:00,0.93106,0.93109,0.9296,0.92987,11036,0,0
2025-05-06 09:00:00,0.92987,0.9312,0.92683,0.92775,3840,0,0
2025-05-06 12:00:00,0.92775,0.93042,0.92704,0.93005,3005,0,0
2025-05-06 15:00:00,0.93001,0.93089,0.92755,0.93036,3723,0,0
2025-05-06 18:00:00,0.93036,0.93242,0.9294,0.93058,2056,0,0
2025-05-06 21:00:00,0.93058,0.93183,0.93019,0.931,2164,0,0
2025-05-07 00:00:00,0.92649,0.93398,0.92619,0.93199,12830,72,0
2025-05-07 03:00:00,0.93199,0.93309,0.93067,0.9311,24110,1,0
2025-05-07 06:00:00,0.93113,0.93287,0.93004,0.93017,33491,8,0
2025-05-07 09:00:00,0.93045,0.93485,0.92939,0.93294,3548,0,0
2025-05-07 12:00:00,0.93294,0.9344,0.93215,0.9339,2304,0,0
2025-05-07 15:00:00,0.9339,0.93446,0.93213,0.93314,2564,0,0
2025-05-07 18:00:00,0.93314,0.93347,0.92969,0.92969,3731,0,0
2025-05-07 21:00:00,0.92969,0.9339,0.92969,0.9335,7450,10,0
2025-05-08 00:00:00,0.93245,0.9328,0.92535,0.93206,10422,79,0
2025-05-08 03:00:00,0.93206,0.93333,0.93187,0.93228,19119,18,0
2025-05-08 06:00:00,0.93223,0.93278,0.93047,0.93104,8054,9,0
2025-05-08 09:00:00,0.93104,0.9338,0.93039,0.93361,3962,0,0
2025-05-08 12:00:00,0.93361,0.9358,0.93198,0.9326,2728,0,0
2025-05-08 15:00:00,0.9326,0.93282,0.92984,0.9317,3207,0,0
2025-05-08 18:00:00,0.9317,0.93475,0.9312,0.93158,7631,0,0
2025-05-08 21:00:00,0.93158,0.9341,0.93099,0.9326,7882,0,0
2025-05-09 00:00:00,0.92999,0.93411,0.92669,0.93389,4803,15,0
2025-05-09 03:00:00,0.9339,0.93414,0.93287,0.93323,55538,18,0
2025-05-09 06:00:00,0.93311,0.93371,0.93084,0.93113,21852,27,0
2025-05-09 09:00:00,0.93113,0.9329,0.92921,0.93242,3547,0,0
2025-05-09 12:00:00,0.93242,0.9355,0.9314,0.93546,1896,0,0
2025-05-09 15:00:00,0.9355,0.9361,0.934,0.9359,2418,0,0
2025-05-09 18:00:00,0.93584,0.93904,0.93584,0.93749,2819,0,0
2025-05-09 21:00:00,0.93749,0.93834,0.93634,0.93723,7809,0,0
2025-05-12 00:00:00,0.93102,0.9366,0.93092,0.93645,1331,63,0
2025-05-12 03:00:00,0.93645,0.9374,0.93645,0.93692,6680,0,0
2025-05-12 06:00:00,0.93692,0.93854,0.93686,0.9383,9563,0,0
2025-05-12 09:00:00,0.9383,0.9426,0.9374,0.9391,3732,0,0
2025-05-12 12:00:00,0.9391,0.94068,0.93659,0.9392,2192,0,0
2025-05-12 15:00:00,0.9392,0.94075,0.93749,0.9394,2460,0,0
2025-05-12 18:00:00,0.9393,0.94015,0.9384,0.93987,2939,0,0
2025-05-12 21:00:00,0.93987,0.9405,0.9389,0.93908,5755,0,0
2025-05-13 00:00:00,0.93761,0.94004,0.93195,0.93961,7542,37,0
2025-05-13 03:00:00,0.93961,0.93961,0.93831,0.93871,16880,16,0
2025-05-13 06:00:00,0.93869,0.94018,0.93841,0.93931,8069,0,0
2025-05-13 09:00:00,0.93931,0.9417,0.9353,0.93726,2303,0,0
2025-05-13 12:00:00,0.93734,0.9388,0.9345,0.93513,1811,0,0
2025-05-13 15:00:00,0.93513,0.938,0.93491,0.93761,2249,0,0
2025-05-13 18:00:00,0.9376,0.94006,0.93736,0.93907,2994,0,0
2025-05-13 21:00:00,0.93907,0.93988,0.93542,0.93633,3619,0,0
2025-05-14 00:00:00,0.93292,0.93826,0.93248,0.93699,30553,54,0
2025-05-14 03:00:00,0.93699,0.93858,0.93699,0.93805,34452,2,0
2025-05-14 06:00:00,0.93803,0.93938,0.93691,0.93691,22596,0,0
2025-05-14 09:00:00,0.93653,0.9405,0.9358,0.9401,2600,0,0
2025-05-14 12:00:00,0.9401,0.9408,0.93798,0.9383,1745,0,0
2025-05-14 15:00:00,0.9383,0.9389,0.9357,0.9384,2449,0,0
2025-05-14 18:00:00,0.9384,0.93942,0.9373,0.93881,9285,0,0
2025-05-14 21:00:00,0.93881,0.93954,0.93769,0.93806,3495,0,0
2025-05-15 00:00:00,0.93484,0.93952,0.93419,0.93866,34127,84,0
2025-05-15 03:00:00,0.93866,0.93914,0.93601,0.93616,28732,23,0
2025-05-15 06:00:00,0.9361,0.93676,0.93537,0.93554,19877,13,0
2025-05-15 09:00:00,0.9354,0.9387,0.93464,0.93567,2914,0,0
2025-05-15 12:00:00,0.93567,0.9365,0.9333,0.936,2033,0,0
2025-05-15 15:00:00,0.936,0.9363,0.93326,0.93423,2837,0,0
2025-05-15 18:00:00,0.93423,0.9349,0.93352,0.934,1722,0,0
2025-05-15 21:00:00,0.934,0.93458,0.93335,0.93357,4758,0,0
2025-05-16 00:00:00,0.93264,0.9342,0.93002,0.93381,23654,141,0
2025-05-16 03:00:00,0.93375,0.9343,0.93246,0.93336,13812,49,0
2025-05-16 06:00:00,0.93339,0.93476,0.93298,0.9341,6303,0,0
2025-05-16 09:00:00,0.9341,0.93887,0.93328,0.93879,2099,0,0
2025-05-16 12:00:00,0.93879,0.9405,0.93791,0.93911,1814,0,0
2025-05-16 15:00:00,0.9393,0.94103,0.93863,0.9402,1968,0,0
2025-05-16 18:00:00,0.9403,0.94196,0.94012,0.94068,1997,0,0
2025-05-16 21:00:00,0.94064,0.9417,0.93954,0.94029,2909,0,0
2025-05-19 00:00:00,0.93441,0.94032,0.93419,0.93694,30851,156,0
2025-05-19 03:00:00,0.93696,0.9407,0.93696,0.94001,32548,0,0
2025-05-19 06:00:00,0.94005,0.94068,0.93899,0.9401,27574,15,0
2025-05-19 09:00:00,0.9401,0.942,0.93831,0.9409,2243,0,0
2025-05-19 12:00:00,0.94078,0.94126,0.9389,0.9399,1775,0,0
2025-05-19 15:00:00,0.9399,0.94093,0.93932,0.94005,1697,0,0
2025-05-19 18:00:00,0.94005,0.94067,0.93947,0.9399,1661,0,0
2025-05-19 21:00:00,0.9399,0.9403,0.93851,0.93942,1813,0,0
2025-05-20 00:00:00,0.93706,0.93949,0.93461,0.93927,15738,33,0
2025-05-20 03:00:00,0.93927,0.94047,0.93859,0.93917,13382,27,0
2025-05-20 06:00:00,0.93917,0.93931,0.93764,0.9383,16018,0,0
2025-05-20 09:00:00,0.9383,0.9418,0.93765,0.9404,2014,0,0
2025-05-20 12:00:00,0.94035,0.9411,0.9383,0.9386,1071,0,0
2025-05-20 15:00:00,0.9386,0.94057,0.9378,0.9385,2149,0,0
2025-05-20 18:00:00,0.9386,0.94014,0.9383,0.94008,1268,0,0
2025-05-20 21:00:00,0.94012,0.94048,0.93819,0.93838,6084,0,0
2025-05-21 00:00:00,0.93694,0.93948,0.93216,0.93904,20540,185,0
2025-05-21 03:00:00,0.93904,0.93985,0.9379,0.93843,33766,157,0
2025-05-21 06:00:00,0.93843,0.93869,0.93661,0.93675,15981,158,0
2025-05-21 09:00:00,0.93675,0.94211,0.93675,0.94092,16928,93,0
2025-05-21 12:00:00,0.94091,0.94371,0.93991,0.94334,15376,86,0
2025-05-21 15:00:00,0.94334,0.94567,0.94071,0.94106,22176,86,0
2025-05-21 18:00:00,0.94106,0.94275,0.93947,0.94,60780,86,0
2025-05-21 21:00:00,0.94,0.94056,0.93851,0.93885,44930,103,0
2025-05-22 00:00:00,0.93793,0.94045,0.93768,0.94026,44061,157,0
2025-05-22 03:00:00,0.94026,0.94034,0.93873,0.93948,35100,157,0
2025-05-22 06:00:00,0.93948,0.94082,0.93865,0.93975,23479,157,0
2025-05-22 09:00:00,0.93975,0.94281,0.93965,0.94244,16605,94,0
2025-05-22 12:00:00,0.94244,0.94268,0.94108,0.94142,14810,86,0
2025-05-22 15:00:00,0.94142,0.94396,0.93883,0.9426,23856,86,0
2025-05-22 18:00:00,0.94259,0.94397,0.94187,0.94348,27090,86,0
2025-05-22 21:00:00,0.94348,0.94497,0.94183,0.94201,27545,103,0
2025-05-23 00:00:00,0.93867,0.94418,0.93842,0.94365,48476,158,0
2025-05-23 03:00:00,0.9437,0.94461,0.9431,0.94403,37559,158,0
2025-05-23 06:00:00,0.94403,0.94472,0.94015,0.94015,16843,158,0
2025-05-23 09:00:00,0.94015,0.94532,0.93885,0.94206,17404,94,0
2025-05-23 12:00:00,0.94205,0.94324,0.93938,0.94021,17892,93,0
2025-05-23 15:00:00,0.94021,0.94225,0.93924,0.94152,26039,86,0
2025-05-23 18:00:00,0.94151,0.94319,0.94109,0.94215,29444,87,0
2025-05-23 21:00:00,0.94215,0.94283,0.93758,0.93951,30501,103,0
2025-05-26 00:00:00,0.93606,0.94102,0.93596,0.93929,29929,157,0
2025-05-26 03:00:00,0.93929,0.94135,0.9391,0.94029,66111,158,0
2025-05-26 06:00:00,0.94029,0.94125,0.93827,0.94044,58292,158,0
2025-05-26 09:00:00,0.94044,0.94294,0.9401,0.94264,12077,94,0
2025-05-26 12:00:00,0.94265,0.94329,0.94112,0.94231,9008,88,0
2025-05-26 15:00:00,0.94228,0.94373,0.94149,0.9419,8411,87,0
2025-05-26 18:00:00,0.9419,0.94267,0.94092,0.94107,6355,87,0
2025-05-26 21:00:00,0.94107,0.94157,0.94063,0.94114,5488,103,0
2025-05-27 00:00:00,0.94007,0.94134,0.93236,0.94087,59521,176,0
2025-05-27 03:00:00,0.94089,0.94223,0.93969,0.94143,68446,158,0
2025-05-27 06:00:00,0.94143,0.94228,0.94019,0.9412,37415,158,0
2025-05-27 09:00:00,0.94118,0.94399,0.94103,0.94322,15549,94,0
2025-05-27 12:00:00,0.94323,0.94505,0.94254,0.94476,11926,87,0
2025-05-27 15:00:00,0.94472,0.95185,0.94348,0.94768,20066,87,0
2025-05-27 18:00:00,0.94771,0.94852,0.94567,0.94581,19982,95,0
2025-05-27 21:00:00,0.94581,0.94704,0.94528,0.94589,10302,103,0
2025-05-28 00:00:00,0.9446,0.94647,0.94193,0.94597,9513,133,0
2025-05-28 03:00:00,0.94597,0.94652,0.94499,0.94629,13518,158,0
2025-05-28 06:00:00,0.94629,0.94749,0.94573,0.94611,10874,158,0
2025-05-28 09:00:00,0.94611,0.94761,0.94493,0.94551,15878,94,0
2025-05-28 12:00:00,0.94549,0.94688,0.94512,0.94537,13992,87,0
2025-05-28 15:00:00,0.94537,0.94721,0.94489,0.94703,20558,87,0
2025-05-28 18:00:00,0.94703,0.94822,0.94627,0.94696,13900,87,0
2025-05-28 21:00:00,0.94696,0.94765,0.94627,0.94697,15878,103,0
2025-05-29 00:00:00,0.94502,0.94966,0.94313,0.94784,34514,173,0
2025-05-29 03:00:00,0.94784,0.94865,0.94715,0.9479,28242,158,0
2025-05-29 06:00:00,0.9479,0.94872,0.94708,0.94723,17990,158,0
2025-05-29 09:00:00,0.94724,0.94898,0.94663,0.94697,15306,94,0
2025-05-29 12:00:00,0.94697,0.9479,0.9451,0.94609,15107,87,0
2025-05-29 15:00:00,0.94609,0.94655,0.94269,0.94351,19546,86,0
2025-05-29 18:00:00,0.94351,0.94413,0.94216,0.9428,32609,86,0
2025-05-29 21:00:00,0.9428,0.94377,0.94055,0.94063,21155,103,0
2025-05-30 00:00:00,0.93916,0.94323,0.93808,0.9424,46582,158,0
2025-05-30 03:00:00,0.9424,0.94388,0.94081,0.94342,30699,158,0
2025-05-30 06:00:00,0.94342,0.94418,0.94169,0.94186,23513,158,0
2025-05-30 09:00:00,0.94195,0.9446,0.94133,0.94239,13181,94,0
2025-05-30 12:00:00,0.94239,0.94316,0.94066,0.9424,12595,86,0
2025-05-30 15:00:00,0.9424,0.94319,0.93884,0.93947,23258,86,0
2025-05-30 18:00:00,0.93947,0.94038,0.93708,0.93812,34085,86,0
2025-05-30 21:00:00,0.93812,0.93901,0.93615,0.93625,22866,102,0
2025-06-02 00:00:00,0.93463,0.93869,0.93453,0.93758,29894,179,0
2025-06-02 03:00:00,0.93758,0.9389,0.93658,0.93887,28636,156,0
2025-06-02 06:00:00,0.93887,0.93934,0.93759,0.93866,21582,157,0
2025-06-02 09:00:00,0.93866,0.9411,0.9349,0.94053,14727,94,0
2025-06-02 12:00:00,0.94053,0.94331,0.94,0.94254,12960,86,0
2025-06-02 15:00:00,0.94254,0.94528,0.94172,0.94518,18387,86,0
2025-06-02 18:00:00,0.94517,0.94543,0.94404,0.94505,25328,86,0
2025-06-02 21:00:00,0.94505,0.9451,0.94292,0.94325,18221,103,0
2025-06-03 00:00:00,0.94288,0.94512,0.9399,0.94482,15611,158,0
2025-06-03 03:00:00,0.94482,0.94534,0.94323,0.94461,22889,158,0
2025-06-03 06:00:00,0.94461,0.94468,0.94271,0.94368,20097,157,0
2025-06-03 09:00:00,0.94368,0.94677,0.94283,0.94605,14182,94,0
2025-06-03 12:00:00,0.94605,0.9476,0.94401,0.94625,14590,87,0
2025-06-03 15:00:00,0.94625,0.94975,0.94519,0.94744,23014,86,0
2025-06-03 18:00:00,0.94744,0.94834,0.94648,0.94707,26838,88,0
2025-06-03 21:00:00,0.94707,0.94813,0.94618,0.94666,8853,103,0
2025-06-04 00:00:00,0.944,0.94803,0.9432,0.94768,15040,161,0
2025-06-04 03:00:00,0.94768,0.94786,0.94501,0.94569,31003,159,0
2025-06-04 06:00:00,0.94569,0.94711,0.94454,0.94496,19534,159,0
2025-06-04 09:00:00,0.94497,0.94946,0.94497,0.94793,13596,95,0
2025-06-04 12:00:00,0.94793,0.94991,0.94761,0.94955,11893,91,0
2025-06-04 15:00:00,0.94955,0.94978,0.94814,0.94859,16882,89,0
2025-06-04 18:00:00,0.9486,0.9488,0.94646,0.94714,23628,87,0
2025-06-04 21:00:00,0.94714,0.94802,0.94421,0.94448,12866,104,0
2025-06-05 00:00:00,0.94151,0.94743,0.93802,0.94655,17932,190,0
2025-06-05 03:00:00,0.94655,0.94777,0.94526,0.9466,25648,158,0
2025-06-05 06:00:00,0.9466,0.94745,0.94556,0.94643,16054,158,0
2025-06-05 09:00:00,0.94643,0.94966,0.94599,0.94965,9954,94,0
2025-06-05 12:00:00,0.94965,0.95028,0.94838,0.94888,9605,89,0
2025-06-05 15:00:00,0.94888,0.95065,0.94698,0.95013,26952,86,0
2025-06-05 18:00:00,0.95013,0.9514,0.94848,0.94919,23543,87,0
2025-06-05 21:00:00,0.94919,0.94976,0.94714,0.94714,19800,103,0
2025-06-06 00:00:00,0.94612,0.94956,0.94423,0.94872,37796,206,0
2025-06-06 03:00:00,0.94872,0.94975,0.94834,0.94903,29347,158,0
2025-06-06 06:00:00,0.94903,0.95024,0.94839,0.9485,12647,158,0
2025-06-06 09:00:00,0.9485,0.95092,0.94823,0.95038,12192,94,0
2025-06-06 12:00:00,0.95038,0.95221,0.95008,0.95027,8635,87,0
2025-06-06 15:00:00,0.95027,0.95306,0.94878,0.95257,25066,87,0
2025-06-06 18:00:00,0.95257,0.95345,0.95233,0.95308,15050,87,0
2025-06-06 21:00:00,0.95307,0.95347,0.95092,0.95158,16485,104,0
2025-06-09 00:00:00,0.94886,0.95312,0.94642,0.95255,52374,178,0
2025-06-09 03:00:00,0.95254,0.95303,0.95155,0.9522,37273,158,0
2025-06-09 06:00:00,0.95221,0.95382,0.95176,0.95302,22174,158,0
2025-06-09 09:00:00,0.95302,0.95456,0.95169,0.95418,8087,94,0
2025-06-09 12:00:00,0.95418,0.95503,0.95273,0.95294,8266,93,0
2025-06-09 15:00:00,0.95294,0.95421,0.95219,0.95371,11062,87,0
2025-06-09 18:00:00,0.95371,0.95455,0.95259,0.95274,13683,87,0
2025-06-09 21:00:00,0.95276,0.95367,0.95208,0.95229,10592,104,0
2025-06-10 00:00:00,0.94888,0.95313,0.94348,0.95163,40852,158,0
2025-06-10 03:00:00,0.95163,0.95277,0.95052,0.95241,29252,158,0
2025-06-10 06:00:00,0.95241,0.9534,0.94463,0.94691,26001,159,0
2025-06-10 09:00:00,0.94723,0.9535,0.94623,0.95061,14609,94,0
2025-06-10 12:00:00,0.95061,0.9518,0.94938,0.95065,9396,87,0
2025-06-10 15:00:00,0.95065,0.95126,0.94948,0.95043,14788,87,0
2025-06-10 18:00:00,0.95043,0.95116,0.94854,0.94888,13922,87,0
2025-06-10 21:00:00,0.94888,0.94917,0.94786,0.94857,11189,103,0
2025-06-11 00:00:00,0.94828,0.94897,0.9438,0.94768,11634,157,0
2025-06-11 03:00:00,0.94767,0.94883,0.94713,0.9478,25123,157,0
2025-06-11 06:00:00,0.9478,0.94867,0.9469,0.94767,25351,159,0
2025-06-11 09:00:00,0.94767,0.95079,0.94767,0.9488,10156,94,0
2025-06-11 12:00:00,0.9488,0.9501,0.94789,0.94963,9641,89,0
2025-06-11 15:00:00,0.94963,0.95029,0.94724,0.94778,19603,86,0
2025-06-11 18:00:00,0.94778,0.9483,0.94694,0.94764,18862,86,0
2025-06-11 21:00:00,0.94764,0.94951,0.94763,0.94821,17502,103,0
2025-06-12 00:00:00,0.94631,0.94948,0.94202,0.94833,24413,172,0
2025-06-12 03:00:00,0.94833,0.94912,0.94632,0.94691,33741,157,0
2025-06-12 06:00:00,0.94691,0.94813,0.94614,0.94799,20340,157,0
2025-06-12 09:00:00,0.94799,0.94883,0.94583,0.94693,14029,94,0
2025-06-12 12:00:00,0.94693,0.94764,0.94369,0.94428,16835,93,0
2025-06-12 15:00:00,0.94428,0.949,0.9429,0.94887,22288,87,0
2025-06-12 18:00:00,0.94887,0.94988,0.94853,0.94929,26298,87,0
2025-06-12 21:00:00,0.94931,0.95042,0.9479,0.94802,13688,103,0
2025-06-13 00:00:00,0.9431,0.95071,0.93459,0.94976,15069,167,0
2025-06-13 03:00:00,0.94976,0.95249,0.94641,0.95075,52642,159,0
2025-06-13 06:00:00,0.95073,0.95326,0.94969,0.9508,48570,158,0
2025-06-13 09:00:00,0.9508,0.95453,0.9508,0.95413,17809,94,0
2025-06-13 12:00:00,0.95413,0.95876,0.95376,0.95738,15408,87,0
2025-06-13 15:00:00,0.95738,0.95862,0.95202,0.95668,19472,89,0
2025-06-13 18:00:00,0.95664,0.95886,0.95653,0.95807,24525,89,0
2025-06-13 21:00:00,0.95807,0.9589,0.95641,0.95642,19675,104,0
2025-06-16 00:00:00,0.95028,0.95854,0.94929,0.95838,17009,163,0
2025-06-16 03:00:00,0.95838,0.95909,0.95654,0.95873,33452,160,0
2025-06-16 06:00:00,0.95873,0.95939,0.95706,0.95788,20481,160,0
2025-06-16 09:00:00,0.95788,0.96018,0.95498,0.95619,11654,95,0
2025-06-16 12:00:00,0.95619,0.95659,0.95493,0.95554,9967,87,0
2025-06-16 15:00:00,0.95554,0.95617,0.9529,0.95382,17598,87,0
2025-06-16 18:00:00,0.95383,0.95614,0.95369,0.95529,18207,87,0
2025-06-16 21:00:00,0.9553,0.9568,0.95521,0.95566,15786,104,0
2025-06-17 00:00:00,0.9543,0.9571,0.95203,0.95695,29380,173,0
2025-06-17 03:00:00,0.95695,0.95745,0.95541,0.95666,29147,160,0
2025-06-17 06:00:00,0.95665,0.95732,0.9557,0.95579,15384,160,0
2025-06-17 09:00:00,0.95579,0.95912,0.95527,0.95871,12797,95,0
2025-06-17 12:00:00,0.95872,0.95904,0.95549,0.95841,12321,95,0
2025-06-17 15:00:00,0.9584,0.96018,0.95768,0.95887,20228,88,0
2025-06-17 18:00:00,0.95888,0.96011,0.95875,0.95927,29300,88,0
2025-06-17 21:00:00,0.95927,0.96043,0.95904,0.95962,22316,105,0
2025-06-18 00:00:00,0.94776,0.96053,0.94622,0.96006,26967,172,0
2025-06-18 03:00:00,0.96007,0.96063,0.95881,0.9599,32930,161,0
2025-06-18 06:00:00,0.9599,0.96059,0.95871,0.95985,30636,161,0
2025-06-18 09:00:00,0.95985,0.96207,0.95839,0.96152,16429,97,0
2025-06-18 12:00:00,0.96151,0.96327,0.96103,0.96254,12153,88,0
2025-06-18 15:00:00,0.96252,0.9663,0.96237,0.96312,23218,88,0
2025-06-18 18:00:00,0.96312,0.96616,0.96235,0.96411,17599,88,0
2025-06-18 21:00:00,0.9641,0.96694,0.96387,0.96543,31610,105,0
2025-06-19 00:00:00,0.9651,0.9659,0.96253,0.96558,21370,163,0
2025-06-19 03:00:00,0.96558,0.96693,0.96428,0.96674,28785,160,0
2025-06-19 06:00:00,0.96674,0.9668,0.96471,0.9662,22714,160,0
2025-06-19 09:00:00,0.9662,0.96735,0.95226,0.96027,18601,98,0
2025-06-19 12:00:00,0.96028,0.9615,0.95691,0.96044,10817,87,0
2025-06-19 15:00:00,0.96044,0.96069,0.95681,0.95813,13982,87,0
2025-06-19 18:00:00,0.95815,0.96111,0.95801,0.96023,19751,87,0
2025-06-19 21:00:00,0.96023,0.96036,0.95684,0.95701,24100,104,0
2025-06-20 00:00:00,0.954,0.95931,0.95306,0.95854,9394,158,0
2025-06-20 03:00:00,0.95854,0.96003,0.95754,0.95951,31640,158,0
2025-06-20 06:00:00,0.95951,0.96051,0.95814,0.95905,23213,158,0
2025-06-20 09:00:00,0.95905,0.95983,0.95487,0.95636,13757,94,0
2025-06-20 12:00:00,0.95636,0.95977,0.9562,0.95846,14561,87,0
2025-06-20 15:00:00,0.95846,0.95935,0.95629,0.95657,23388,86,0
2025-06-20 18:00:00,0.95657,0.95678,0.95417,0.9552,23314,86,0
2025-06-20 21:00:00,0.9552,0.9563,0.95357,0.95377,18398,103,0
2025-06-23 00:00:00,0.95306,0.95886,0.95257,0.95777,18851,157,0
2025-06-23 03:00:00,0.95777,0.95803,0.95491,0.95598,35785,157,0
2025-06-23 06:00:00,0.95598,0.95627,0.95464,0.95535,27100,157,0
2025-06-23 09:00:00,0.95535,0.95726,0.95465,0.95516,13797,94,0
2025-06-23 12:00:00,0.95517,0.95766,0.95372,0.95695,13822,92,0
2025-06-23 15:00:00,0.95695,0.95791,0.95443,0.95486,29378,86,0
2025-06-23 18:00:00,0.95486,0.95527,0.95065,0.95187,36783,88,0
2025-06-23 21:00:00,0.95187,0.95205,0.95018,0.95043,17956,102,0
2025-06-24 00:00:00,0.94966,0.95041,0.9448,0.94968,26014,156,0
2025-06-24 03:00:00,0.94968,0.95182,0.94888,0.9517,43691,156,0
2025-06-24 06:00:00,0.9517,0.95197,0.94872,0.94972,29180,156,0
2025-06-24 09:00:00,0.94972,0.95056,0.94531,0.9464,22871,93,0
2025-06-24 12:00:00,0.94642,0.9473,0.944,0.94421,18219,85,0
2025-06-24 15:00:00,0.94421,0.94433,0.94024,0.94182,23975,85,0
2025-06-24 18:00:00,0.94182,0.94207,0.94009,0.94113,31141,85,0
2025-06-24 21:00:00,0.94113,0.94166,0.93922,0.93956,24459,101,0
2025-06-25 00:00:00,0.93838,0.94017,0.93409,0.93963,10326,155,0
2025-06-25 03:00:00,0.93963,0.94064,0.93885,0.94032,28973,155,0
2025-06-25 06:00:00,0.94032,0.94125,0.93938,0.94037,24818,155,0
2025-06-25 09:00:00,0.94037,0.94212,0.93995,0.94033,13781,92,0
2025-06-25 12:00:00,0.94033,0.94036,0.93711,0.93812,12392,85,0
2025-06-25 15:00:00,0.93812,0.93854,0.93552,0.93655,21945,85,0
2025-06-25 18:00:00,0.93655,0.93739,0.93566,0.93672,26225,85,0
2025-06-25 21:00:00,0.93672,0.93706,0.93505,0.93526,19623,101,0
2025-06-26 00:00:00,0.93261,0.9361,0.93028,0.93404,4179,196,0
2025-06-26 03:00:00,0.93404,0.93497,0.93341,0.93475,25080,154,0
2025-06-26 06:00:00,0.93475,0.93532,0.93349,0.93462,24360,154,0
2025-06-26 09:00:00,0.93464,0.93637,0.93242,0.93553,15083,92,0
2025-06-26 12:00:00,0.93553,0.93872,0.93478,0.93744,15764,85,0
2025-06-26 15:00:00,0.93744,0.94341,0.93743,0.94285,29899,85,0
2025-06-26 18:00:00,0.94285,0.94401,0.94109,0.94184,26852,85,0
2025-06-26 21:00:00,0.94184,0.94232,0.94082,0.94163,14857,101,0
2025-06-27 00:00:00,0.94055,0.94262,0.9381,0.94186,20297,154,0
2025-06-27 03:00:00,0.94186,0.94554,0.94079,0.94315,37867,154,0
2025-06-27 06:00:00,0.94314,0.94362,0.94194,0.94194,22453,154,0
2025-06-27 09:00:00,0.94194,0.9444,0.94047,0.94075,17346,92,0
2025-06-27 12:00:00,0.94073,0.94233,0.93981,0.94209,18497,88,0
2025-06-27 15:00:00,0.94207,0.94312,0.93849,0.9401,28010,86,0
2025-06-27 18:00:00,0.94011,0.94104,0.93881,0.93948,20775,85,0
2025-06-27 21:00:00,0.93948,0.94025,0.93861,0.93934,21503,101,0
2025-06-30 00:00:00,0.93534,0.93996,0.93356,0.93872,15368,172,0
2025-06-30 03:00:00,0.93872,0.94033,0.93815,0.93904,45429,154,0
2025-06-30 06:00:00,0.93904,0.94109,0.93874,0.93973,30959,154,0
2025-06-30 09:00:00,0.93971,0.94216,0.93854,0.94173,14729,92,0
2025-06-30 12:00:00,0.94173,0.94194,0.93962,0.9411,13278,85,0
2025-06-30 15:00:00,0.9411,0.94217,0.93799,0.94109,21498,85,0
2025-06-30 18:00:00,0.94109,0.94134,0.93786,0.93835,24326,84,0
2025-06-30 21:00:00,0.93835,0.93858,0.93689,0.9371,12208,100,0
2025-07-01 00:00:00,0.93398,0.93889,0.93207,0.93648,38748,153,0
2025-07-01 03:00:00,0.93648,0.93731,0.93577,0.93649,20755,153,0
2025-07-01 06:00:00,0.93649,0.93792,0.93591,0.93706,17811,153,0
2025-07-01 09:00:00,0.93706,0.94028,0.93706,0.93981,16768,93,0
2025-07-01 12:00:00,0.93981,0.94173,0.93909,0.9412,15205,86,0
2025-07-01 15:00:00,0.9412,0.94264,0.93905,0.94121,27929,84,0
2025-07-01 18:00:00,0.94121,0.94223,0.9408,0.94121,21143,86,0
2025-07-01 21:00:00,0.94121,0.94154,0.93865,0.93962,14440,100,0
2025-07-02 00:00:00,0.93857,0.94123,0.93671,0.93982,13342,153,0
2025-07-02 03:00:00,0.93982,0.94031,0.93825,0.93892,22360,169,0
2025-07-02 06:00:00,0.93893,0.94066,0.93801,0.93956,22882,153,0
2025-07-02 09:00:00,0.93956,0.94129,0.93933,0.94072,11235,91,0
2025-07-02 12:00:00,0.94072,0.94332,0.94003,0.9426,14140,84,0
2025-07-02 15:00:00,0.9426,0.94517,0.94021,0.94331,27688,87,0
2025-07-02 18:00:00,0.94331,0.94592,0.94331,0.94559,25903,84,0
2025-07-02 21:00:00,0.94559,0.94618,0.9437,0.94489,21441,101,0
2025-07-03 00:00:00,0.94416,0.94545,0.9416,0.94456,36336,173,0
2025-07-03 03:00:00,0.94456,0.94495,0.94334,0.94397,25027,153,0
2025-07-03 06:00:00,0.94397,0.94505,0.94321,0.94466,21624,153,0
2025-07-03 09:00:00,0.94466,0.94695,0.94401,0.94645,13448,93,0
2025-07-03 12:00:00,0.94645,0.94808,0.94524,0.9469,12693,88,0
2025-07-03 15:00:00,0.9469,0.94995,0.94253,0.9498,25468,85,0
2025-07-03 18:00:00,0.94981,0.95182,0.94961,0.95073,17329,87,0
2025-07-03 21:00:00,0.95073,0.95276,0.95064,0.95148,9800,101,0
2025-07-04 00:00:00,0.94769,0.95185,0.94153,0.95123,16192,154,0
2025-07-04 03:00:00,0.95123,0.95174,0.94988,0.95052,30632,154,0
2025-07-04 06:00:00,0.95052,0.95067,0.94871,0.94971,21811,154,0
2025-07-04 09:00:00,0.94975,0.95092,0.947,0.94702,10174,92,0
2025-07-04 12:00:00,0.94702,0.94928,0.94629,0.94908,14114,85,0
2025-07-04 15:00:00,0.94908,0.95001,0.948,0.94868,20098,85,0
2025-07-04 18:00:00,0.94868,0.9496,0.94792,0.9486,21284,85,0
2025-07-04 21:00:00,0.9486,0.94884,0.94464,0.94678,26967,101,0
2025-07-07 00:00:00,0.94417,0.9496,0.94096,0.94918,20407,154,0
2025-07-07 03:00:00,0.94911,0.94913,0.94663,0.94713,27386,154,0
2025-07-07 06:00:00,0.94713,0.94803,0.94531,0.94531,20656,154,0
2025-07-07 09:00:00,0.94531,0.9475,0.93842,0.93892,20530,92,0
2025-07-07 12:00:00,0.93892,0.94006,0.93718,0.93971,22765,84,0
2025-07-07 15:00:00,0.93971,0.94191,0.93933,0.94179,23769,84,0
2025-07-07 18:00:00,0.94179,0.94183,0.93849,0.93935,26343,85,0
2025-07-07 21:00:00,0.93935,0.94063,0.93866,0.93929,19388,100,0
2025-07-08 00:00:00,0.93855,0.93986,0.93389,0.93973,35737,168,0
2025-07-08 03:00:00,0.93973,0.94004,0.93872,0.93962,25871,153,0
2025-07-08 06:00:00,0.93962,0.94065,0.93875,0.93981,19872,153,0
2025-07-08 09:00:00,0.93981,0.9448,0.93981,0.94263,15903,92,0
2025-07-08 12:00:00,0.94263,0.94411,0.94076,0.94357,12631,85,0
2025-07-08 15:00:00,0.9436,0.94419,0.941,0.94336,23743,85,0
2025-07-08 18:00:00,0.94336,0.94482,0.94226,0.94263,21793,85,0
2025-07-08 21:00:00,0.94263,0.94335,0.94091,0.94142,16051,101,0
2025-07-09 00:00:00,0.94079,0.94328,0.93864,0.94276,12167,154,0
2025-07-09 03:00:00,0.94276,0.94329,0.9405,0.94226,22830,154,0
2025-07-09 06:00:00,0.94226,0.94325,0.94138,0.94285,19620,154,0
2025-07-09 09:00:00,0.94285,0.94378,0.94122,0.94258,14964,92,0
2025-07-09 12:00:00,0.94257,0.94381,0.94159,0.94337,15366,86,0
2025-07-09 15:00:00,0.94337,0.94378,0.94225,0.94285,23125,85,0
2025-07-09 18:00:00,0.94285,0.94333,0.94181,0.94189,18336,85,0
2025-07-09 21:00:00,0.94189,0.94233,0.93993,0.94012,15956,101,0
2025-07-10 00:00:00,0.9393,0.94184,0.92492,0.94068,27725,177,0
2025-07-10 03:00:00,0.94064,0.94171,0.93985,0.9407,22740,154,0
2025-07-10 06:00:00,0.94069,0.94188,0.94002,0.94103,19775,154,0
2025-07-10 09:00:00,0.94103,0.94447,0.93891,0.94325,8641,94,0
2025-07-10 12:00:00,0.94325,0.94481,0.94316,0.94416,8720,85,0
2025-07-10 15:00:00,0.94416,0.9449,0.94337,0.94426,19896,85,0
2025-07-10 18:00:00,0.94426,0.94449,0.94307,0.94328,14883,85,0
2025-07-10 21:00:00,0.94328,0.9436,0.9415,0.9418,9534,101,0
2025-07-11 00:00:00,0.94088,0.94254,0.93779,0.94125,8569,154,0
2025-07-11 03:00:00,0.94125,0.9424,0.94043,0.94181,30961,154,0
2025-07-11 06:00:00,0.94181,0.94237,0.94041,0.94067,22191,154,0
2025-07-11 09:00:00,0.94068,0.94264,0.94059,0.94085,8958,92,0
2025-07-11 12:00:00,0.94085,0.94391,0.94042,0.94257,9541,85,0
2025-07-11 15:00:00,0.94257,0.94313,0.9413,0.9419,20123,85,0
2025-07-11 18:00:00,0.94188,0.94278,0.94115,0.94185,19759,85,0
2025-07-11 21:00:00,0.94185,0.94277,0.93984,0.94131,15002,101,0
2025-07-14 00:00:00,0.93641,0.94358,0.93631,0.94297,51033,154,0
2025-07-14 03:00:00,0.94297,0.94352,0.94111,0.94199,32380,153,0
2025-07-14 06:00:00,0.94193,0.94336,0.94125,0.94233,21287,153,0
2025-07-14 09:00:00,0.94233,0.94867,0.94233,0.94818,12735,92,0
2025-07-14 12:00:00,0.94818,0.94976,0.94782,0.94961,13715,85,0
2025-07-14 15:00:00,0.94961,0.95084,0.94873,0.94953,17639,85,0
2025-07-14 18:00:00,0.94954,0.94985,0.94671,0.94716,20901,85,0
2025-07-14 21:00:00,0.94716,0.94735,0.94497,0.94579,14925,101,0
2025-07-15 00:00:00,0.94267,0.94814,0.93551,0.94727,31393,176,0
2025-07-15 03:00:00,0.94725,0.94803,0.94594,0.94709,38525,154,0
2025-07-15 06:00:00,0.94709,0.94787,0.94557,0.94722,23191,154,0
2025-07-15 09:00:00,0.94722,0.94824,0.94549,0.94677,12121,92,0
2025-07-15 12:00:00,0.94679,0.94924,0.94632,0.94907,12855,85,0
2025-07-15 15:00:00,0.94907,0.95021,0.94469,0.94883,27852,85,0
2025-07-15 18:00:00,0.94883,0.94969,0.94705,0.94736,18760,85,0
2025-07-15 21:00:00,0.94736,0.9478,0.9464,0.94655,8754,101,0
2025-07-16 00:00:00,0.94579,0.94779,0.94182,0.94754,24515,153,0
2025-07-16 03:00:00,0.94754,0.948,0.94627,0.94746,20769,153,0
2025-07-16 06:00:00,0.94746,0.94784,0.94622,0.94629,16899,153,0
2025-07-16 09:00:00,0.94629,0.94801,0.94597,0.94621,12004,91,0
2025-07-16 12:00:00,0.94621,0.94807,0.94595,0.94716,15718,84,0
2025-07-16 15:00:00,0.94716,0.94856,0.94618,0.94738,22740,84,0
2025-07-16 18:00:00,0.94738,0.94834,0.94409,0.94794,46130,87,0
2025-07-16 21:00:00,0.94793,0.94895,0.94635,0.94654,28048,100,0
2025-07-17 00:00:00,0.9417,0.94796,0.93987,0.94668,27460,165,0
2025-07-17 03:00:00,0.94668,0.94765,0.94546,0.94594,25000,153,0
2025-07-17 06:00:00,0.94594,0.94769,0.94555,0.94626,25487,153,0
2025-07-17 09:00:00,0.94621,0.94761,0.94403,0.94403,14512,91,0
2025-07-17 12:00:00,0.94403,0.94623,0.94403,0.94478,12132,84,0
2025-07-17 15:00:00,0.94479,0.94562,0.94129,0.94543,23238,86,0
2025-07-17 18:00:00,0.94543,0.94623,0.94473,0.94542,26689,84,0
2025-07-17 21:00:00,0.94542,0.94611,0.94469,0.94569,22928,100,0
2025-07-18 00:00:00,0.94541,0.94625,0.94053,0.9445,19754,156,0
2025-07-18 03:00:00,0.94449,0.94589,0.94446,0.94525,16147,153,0
2025-07-18 06:00:00,0.94525,0.94614,0.94397,0.9445,18572,153,0
2025-07-18 09:00:00,0.9445,0.94659,0.94449,0.94577,14903,92,0
2025-07-18 12:00:00,0.94577,0.94977,0.94537,0.94969,15079,85,0
2025-07-18 15:00:00,0.9497,0.95138,0.94937,0.95073,19907,85,0
2025-07-18 18:00:00,0.95073,0.95097,0.94815,0.9498,22543,89,0
2025-07-18 21:00:00,0.94979,0.95057,0.94704,0.94777,17785,101,0
2025-07-21 00:00:00,0.94092,0.94952,0.9408,0.94778,33576,154,0
2025-07-21 03:00:00,0.94778,0.95042,0.94746,0.95024,30661,154,0
2025-07-21 06:00:00,0.95023,0.95044,0.94886,0.94975,13670,154,0
2025-07-21 09:00:00,0.94975,0.95052,0.94468,0.94519,12351,92,0
2025-07-21 12:00:00,0.94521,0.94541,0.9439,0.94425,11614,84,0
2025-07-21 15:00:00,0.94425,0.94464,0.94145,0.94153,16556,84,0
2025-07-21 18:00:00,0.94152,0.94267,0.94095,0.94234,13613,84,0
2025-07-21 21:00:00,0.94234,0.94281,0.94039,0.9411,12003,100,0
2025-07-22 00:00:00,0.94112,0.94175,0.93836,0.94053,22457,153,0
2025-07-22 03:00:00,0.94053,0.94131,0.93966,0.94072,16772,153,0
2025-07-22 06:00:00,0.94072,0.94132,0.93938,0.94003,14590,153,0
2025-07-22 09:00:00,0.94003,0.94312,0.94003,0.94049,9159,91,0
2025-07-22 12:00:00,0.94049,0.94277,0.94031,0.94242,10135,87,0
2025-07-22 15:00:00,0.94242,0.94389,0.94147,0.94281,18268,84,0
2025-07-22 18:00:00,0.94281,0.94401,0.94265,0.94369,17150,84,0
2025-07-22 21:00:00,0.94369,0.94426,0.94097,0.9428,11683,101,0
2025-07-23 00:00:00,0.94253,0.94486,0.93579,0.94386,24572,175,0
2025-07-23 03:00:00,0.94386,0.94398,0.9421,0.94371,29091,154,0
2025-07-23 06:00:00,0.94369,0.94419,0.9425,0.94409,19812,154,0
2025-07-23 09:00:00,0.94409,0.94454,0.94174,0.9429,11556,92,0
2025-07-23 12:00:00,0.9429,0.94332,0.9418,0.94225,11822,85,0
2025-07-23 15:00:00,0.94226,0.94257,0.94029,0.94043,21023,85,0
2025-07-23 18:00:00,0.94044,0.9413,0.9395,0.93989,27715,84,0
2025-07-23 21:00:00,0.93989,0.94047,0.93919,0.93966,13199,100,0
2025-07-24 00:00:00,0.93963,0.94075,0.93526,0.94021,31472,153,0
2025-07-24 03:00:00,0.94021,0.94056,0.93866,0.93991,30986,153,0
2025-07-24 06:00:00,0.93991,0.94017,0.93873,0.93899,27937,153,0
2025-07-24 09:00:00,0.93901,0.94276,0.9381,0.9423,14007,92,0
2025-07-24 12:00:00,0.9423,0.94373,0.94167,0.94191,14937,89,0
2025-07-24 15:00:00,0.94192,0.94241,0.93904,0.94173,24774,84,0
2025-07-24 18:00:00,0.94173,0.94195,0.93974,0.94015,30283,84,0
2025-07-24 21:00:00,0.94013,0.94262,0.93699,0.94043,25321,100,0
2025-07-25 00:00:00,0.93997,0.94157,0.93834,0.94067,17496,153,0
2025-07-25 03:00:00,0.94067,0.94106,0.93943,0.9398,23610,153,0
2025-07-25 06:00:00,0.9398,0.94053,0.93912,0.93968,15941,153,0
2025-07-25 09:00:00,0.93969,0.94201,0.93727,0.93748,12650,91,0
2025-07-25 12:00:00,0.93748,0.93852,0.93731,0.93825,15200,84,0
2025-07-25 15:00:00,0.93829,0.9389,0.93682,0.93686,22413,84,0
2025-07-25 18:00:00,0.93686,0.93708,0.93533,0.93583,19555,84,0
2025-07-25 21:00:00,0.93583,0.9365,0.93347,0.93487,11777,100,0
2025-07-28 00:00:00,0.93291,0.9395,0.93224,0.93694,39030,155,0
2025-07-28 03:00:00,0.93694,0.93706,0.93533,0.93608,41323,152,0
2025-07-28 06:00:00,0.93613,0.93661,0.935,0.93557,17246,152,0
2025-07-28 09:00:00,0.93558,0.9379,0.93537,0.9363,16283,91,0
2025-07-28 12:00:00,0.9363,0.9401,0.93591,0.93994,12653,84,0
2025-07-28 15:00:00,0.93994,0.94217,0.93962,0.94185,19682,85,0
2025-07-28 18:00:00,0.94186,0.9426,0.94101,0.94138,21147,85,0
2025-07-28 21:00:00,0.94138,0.94254,0.93981,0.94012,11353,101,0
2025-07-29 00:00:00,0.93995,0.94227,0.93292,0.94203,18272,162,0
2025-07-29 03:00:00,0.94203,0.94259,0.9404,0.94167,22439,154,0
2025-07-29 06:00:00,0.94167,0.94254,0.94066,0.94128,18711,154,0
2025-07-29 09:00:00,0.94127,0.94542,0.94127,0.94518,11513,92,0
2025-07-29 12:00:00,0.94517,0.9455,0.94238,0.9436,12115,85,0
2025-07-29 15:00:00,0.9436,0.94659,0.94315,0.94404,19600,85,0
2025-07-29 18:00:00,0.94404,0.94528,0.94333,0.94445,20274,85,0
2025-07-29 21:00:00,0.94445,0.94553,0.94405,0.94444,14922,101,0
2025-07-30 00:00:00,0.94419,0.94559,0.93825,0.94465,20736,154,0
2025-07-30 03:00:00,0.94465,0.94562,0.94341,0.94429,27784,154,0
2025-07-30 06:00:00,0.94429,0.94476,0.94332,0.94404,22094,155,0
2025-07-30 09:00:00,0.94407,0.94991,0.94407,0.94671,12999,93,0
2025-07-30 12:00:00,0.94671,0.9468,0.94463,0.94547,10793,85,0
2025-07-30 15:00:00,0.94547,0.94773,0.94453,0.94684,22777,85,0
2025-07-30 18:00:00,0.94684,0.94855,0.94608,0.94673,17492,85,0
2025-07-30 21:00:00,0.94661,0.9487,0.9432,0.94729,32929,101,0
2025-07-31 00:00:00,0.94652,0.94888,0.93897,0.9484,27444,155,0
2025-07-31 03:00:00,0.9484,0.94876,0.94685,0.94723,25945,155,0
2025-07-31 06:00:00,0.94722,0.94886,0.94664,0.94782,23361,155,0
2025-07-31 09:00:00,0.9478,0.94898,0.9443,0.94466,15059,92,0
2025-07-31 12:00:00,0.94465,0.94702,0.9444,0.94659,15757,85,0
2025-07-31 15:00:00,0.94659,0.95058,0.94646,0.94769,21401,85,0
2025-07-31 18:00:00,0.94769,0.94793,0.94595,0.94623,21852,85,0
2025-07-31 21:00:00,0.94623,0.94701,0.94535,0.94627,20882,101,0
2025-08-01 00:00:00,0.94422,0.94772,0.94155,0.94711,27823,154,0
2025-08-01 03:00:00,0.9471,0.94783,0.94594,0.94734,32234,155,0
2025-08-01 06:00:00,0.94734,0.94754,0.94601,0.94628,21326,155,0
2025-08-01 09:00:00,0.94628,0.94873,0.94562,0.94753,15272,93,0
2025-08-01 12:00:00,0.94753,0.94906,0.94714,0.94741,14352,85,0
2025-08-01 15:00:00,0.94741,0.94823,0.94086,0.94261,33621,85,0
2025-08-01 18:00:00,0.9426,0.9432,0.94138,0.94287,24252,85,0
2025-08-01 21:00:00,0.94287,0.94344,0.93747,0.94091,18381,101,0
2025-08-04 00:00:00,0.93291,0.94078,0.9275,0.93987,12034,169,0
2025-08-04 03:00:00,0.93987,0.94198,0.93906,0.94146,37469,153,0
2025-08-04 06:00:00,0.94146,0.9422,0.94056,0.94202,26554,154,0
2025-08-04 09:00:00,0.94202,0.94434,0.9418,0.94254,11635,92,0
2025-08-04 12:00:00,0.94254,0.94293,0.93991,0.94072,12333,84,0
2025-08-04 15:00:00,0.94072,0.94183,0.93984,0.94111,18866,84,0
2025-08-04 18:00:00,0.94112,0.94153,0.9395,0.94001,17451,84,0
2025-08-04 21:00:00,0.94001,0.94112,0.93931,0.93979,12734,100,0
2025-08-05 00:00:00,0.93897,0.94064,0.93455,0.93948,22433,176,0
2025-08-05 03:00:00,0.93948,0.94055,0.93852,0.94033,32082,153,0
2025-08-05 06:00:00,0.94033,0.94047,0.93898,0.93935,23120,154,0
2025-08-05 09:00:00,0.93935,0.94317,0.93935,0.94254,13217,92,0
2025-08-05 12:00:00,0.94254,0.94338,0.94154,0.94218,11051,85,0
2025-08-05 15:00:00,0.94218,0.94266,0.93988,0.94101,23578,84,0
2025-08-05 18:00:00,0.94101,0.94185,0.94063,0.94159,19906,84,0
2025-08-05 21:00:00,0.94159,0.94238,0.94038,0.94081,11544,100,0
2025-08-06 00:00:00,0.9396,0.94252,0.93652,0.94218,22717,153,0
2025-08-06 03:00:00,0.94218,0.94304,0.94116,0.94217,24061,153,0
2025-08-06 06:00:00,0.94217,0.94333,0.94129,0.94141,20932,154,0
2025-08-06 09:00:00,0.94142,0.94462,0.94142,0.94385,11542,92,0
2025-08-06 12:00:00,0.94385,0.94466,0.94261,0.94411,12653,85,0
2025-08-06 15:00:00,0.94411,0.94484,0.94334,0.94427,22386,85,0
2025-08-06 18:00:00,0.94427,0.94484,0.94208,0.94289,23451,85,0
2025-08-06 21:00:00,0.94289,0.94328,0.94027,0.94128,13266,100,0
2025-08-07 00:00:00,0.94096,0.94272,0.93725,0.94209,18571,163,0
2025-08-07 03:00:00,0.9421,0.94356,0.941,0.94301,31047,153,0
2025-08-07 06:00:00,0.94301,0.94429,0.9421,0.94271,19236,154,0
2025-08-07 09:00:00,0.94258,0.94458,0.9392,0.94011,16282,91,0
2025-08-07 12:00:00,0.94011,0.94228,0.9395,0.94168,15921,84,0
2025-08-07 15:00:00,0.94166,0.94201,0.93513,0.93559,20027,84,0
2025-08-07 18:00:00,0.93557,0.93614,0.93459,0.93525,18443,84,0
2025-08-07 21:00:00,0.93525,0.93557,0.93359,0.93416,20436,100,0
2025-08-08 00:00:00,0.93286,0.93544,0.92957,0.93525,18011,172,0
2025-08-08 03:00:00,0.93525,0.93543,0.93302,0.93518,33021,152,0
2025-08-08 06:00:00,0.93516,0.93526,0.93347,0.93427,34944,152,0
2025-08-08 09:00:00,0.93427,0.93669,0.93391,0.93668,12180,92,0
2025-08-08 12:00:00,0.93668,0.93715,0.93481,0.93497,12902,75,0
2025-08-08 15:00:00,0.93497,0.93538,0.93065,0.93103,23030,84,0
2025-08-08 18:00:00,0.93103,0.93171,0.92923,0.92979,19516,84,0
2025-08-08 21:00:00,0.92978,0.93005,0.92697,0.92839,14206,99,0
2025-08-11 00:00:00,0.9253,0.93153,0.92364,0.92936,9100,228,0
2025-08-11 03:00:00,0.92936,0.93019,0.92791,0.92874,34224,151,0
2025-08-11 06:00:00,0.92875,0.9296,0.92787,0.92856,17053,151,0
2025-08-11 09:00:00,0.92863,0.93459,0.92863,0.93436,14798,91,0
2025-08-11 12:00:00,0.93436,0.93904,0.93422,0.93846,13282,84,0
2025-08-11 15:00:00,0.93846,0.94211,0.93827,0.94128,21119,84,0
2025-08-11 18:00:00,0.94128,0.94242,0.94071,0.94103,14011,84,0
2025-08-11 21:00:00,0.94103,0.94189,0.93974,0.94019,10558,100,0
2025-08-12 00:00:00,0.93898,0.94197,0.93335,0.94178,31739,153,0
2025-08-12 03:00:00,0.94176,0.94223,0.94052,0.94103,33200,153,0
2025-08-12 06:00:00,0.94103,0.94244,0.94022,0.94113,22037,153,0
2025-08-12 09:00:00,0.94112,0.94259,0.93947,0.94018,13450,92,0
2025-08-12 12:00:00,0.94018,0.94145,0.9399,0.94035,13480,84,0
2025-08-12 15:00:00,0.94036,0.94081,0.93546,0.93598,26742,84,0
2025-08-12 18:00:00,0.93598,0.93653,0.93223,0.93268,18859,84,0
2025-08-12 21:00:00,0.93268,0.93439,0.93237,0.93251,15087,100,0
2025-08-13 00:00:00,0.93058,0.93453,0.92959,0.93392,13463,152,0
2025-08-13 03:00:00,0.93392,0.93405,0.93228,0.93275,18480,152,0
2025-08-13 06:00:00,0.93275,0.93438,0.9325,0.93329,13286,152,0
2025-08-13 09:00:00,0.93323,0.93485,0.93236,0.93314,14440,91,0
2025-08-13 12:00:00,0.93315,0.93451,0.93276,0.93357,14464,84,0
2025-08-13 15:00:00,0.93357,0.93627,0.93339,0.93519,20075,84,0
2025-08-13 18:00:00,0.93519,0.93559,0.93438,0.93518,14549,84,0
2025-08-13 21:00:00,0.93517,0.93637,0.93446,0.93521,10422,100,0
2025-08-14 00:00:00,0.93433,0.93602,0.93153,0.93554,6352,152,0
2025-08-14 03:00:00,0.93554,0.93609,0.93452,0.93583,22887,160,0
2025-08-14 06:00:00,0.93583,0.93623,0.93461,0.93461,16525,152,0
2025-08-14 09:00:00,0.93475,0.94109,0.93475,0.94051,13517,91,0
2025-08-14 12:00:00,0.94051,0.94157,0.93716,0.93751,12805,84,0
2025-08-14 15:00:00,0.93751,0.93885,0.93588,0.93751,26030,84,0
2025-08-14 18:00:00,0.93754,0.93865,0.93698,0.93726,15835,84,0
2025-08-14 21:00:00,0.93727,0.93787,0.9359,0.93637,9586,100,0
2025-08-15 00:00:00,0.93578,0.93766,0.93122,0.93683,15219,190,0
2025-08-15 03:00:00,0.93683,0.93707,0.93496,0.935,18921,153,0
2025-08-15 06:00:00,0.935,0.93696,0.93493,0.9361,13311,153,0
2025-08-15 09:00:00,0.9361,0.93903,0.93597,0.93765,10983,91,0
2025-08-15 12:00:00,0.93765,0.93964,0.93713,0.93902,11027,84,0
2025-08-15 15:00:00,0.93902,0.93995,0.93437,0.93786,16759,84,0
2025-08-15 18:00:00,0.93786,0.93806,0.93606,0.93636,12040,84,0
2025-08-15 21:00:00,0.93636,0.93644,0.93507,0.93586,9849,100,0
2025-08-18 00:00:00,0.9322,0.93726,0.92857,0.93606,5921,191,0
2025-08-18 03:00:00,0.93606,0.9372,0.93545,0.93605,27446,152,0
2025-08-18 06:00:00,0.93605,0.93709,0.93555,0.93645,21453,153,0
2025-08-18 09:00:00,0.93645,0.93735,0.93466,0.93701,12357,91,0
2025-08-18 12:00:00,0.93701,0.93895,0.93696,0.93808,13851,64,0
2025-08-18 15:00:00,0.93807,0.93897,0.93664,0.93672,17917,64,0
2025-08-18 18:00:00,0.93676,0.93723,0.93574,0.93663,17826,64,0
2025-08-18 21:00:00,0.93663,0.93692,0.93542,0.93599,13128,80,0
2025-08-19 00:00:00,0.93511,0.93684,0.93025,0.93593,8408,133,0
2025-08-19 03:00:00,0.93593,0.93729,0.93492,0.93648,22538,133,0
2025-08-19 06:00:00,0.93648,0.93732,0.93497,0.93528,16100,133,0
2025-08-19 09:00:00,0.93527,0.93664,0.93392,0.93554,12439,71,0
2025-08-19 12:00:00,0.93554,0.93576,0.93356,0.9345,12083,64,0
2025-08-19 15:00:00,0.9345,0.93531,0.93286,0.93301,19345,64,0
2025-08-19 18:00:00,0.93301,0.93362,0.93207,0.93231,14153,64,0
2025-08-19 21:00:00,0.93232,0.93298,0.93196,0.93219,10924,79,0
2025-08-20 00:00:00,0.93213,0.93332,0.92915,0.93255,13540,132,0
2025-08-20 03:00:00,0.93256,0.93354,0.93146,0.93196,20193,132,0
2025-08-20 06:00:00,0.93196,0.93304,0.93148,0.93271,15332,132,0
2025-08-20 09:00:00,0.93273,0.9366,0.93262,0.93511,15804,71,0
2025-08-20 12:00:00,0.93512,0.93515,0.93306,0.93428,11703,64,0
2025-08-20 15:00:00,0.93427,0.93703,0.93417,0.93563,21244,64,0
2025-08-20 18:00:00,0.93563,0.93683,0.93482,0.93482,16465,64,0
2025-08-20 21:00:00,0.93479,0.93678,0.93455,0.93576,12437,80,0
2025-08-21 00:00:00,0.93516,0.93683,0.93034,0.93607,11583,132,0
2025-08-21 03:00:00,0.93607,0.93631,0.93456,0.93558,19130,132,0
2025-08-21 06:00:00,0.93558,0.93668,0.93481,0.93529,13941,132,0
2025-08-21 09:00:00,0.93529,0.94118,0.93506,0.94009,11461,72,0
2025-08-21 12:00:00,0.94009,0.94208,0.93931,0.9415,10051,65,0
2025-08-21 15:00:00,0.9415,0.94432,0.93756,0.94414,18498,64,0
2025-08-21 18:00:00,0.94414,0.94485,0.9433,0.94411,16419,65,0
2025-08-21 21:00:00,0.94411,0.94525,0.94373,0.94453,13852,81,0
2025-08-22 00:00:00,0.94215,0.94455,0.94056,0.94409,14603,134,0
2025-08-22 03:00:00,0.94409,0.94437,0.94257,0.94305,24754,134,0
2025-08-22 06:00:00,0.94307,0.94469,0.94272,0.94351,16005,134,0
2025-08-22 09:00:00,0.94366,0.94566,0.94341,0.94365,12041,72,0
2025-08-22 12:00:00,0.94365,0.94477,0.94165,0.94407,11918,65,0
2025-08-22 15:00:00,0.94407,0.94616,0.93852,0.94469,24890,65,0
2025-08-22 18:00:00,0.94469,0.94538,0.94263,0.94381,19628,65,0
2025-08-22 21:00:00,0.94381,0.9446,0.94232,0.94299,9760,81,0
2025-08-25 00:00:00,0.93657,0.94329,0.93657,0.94222,14977,134,0
2025-08-25 03:00:00,0.94222,0.94362,0.9419,0.94303,18755,134,0
2025-08-25 06:00:00,0.94303,0.94421,0.9426,0.94369,13639,135,0
2025-08-25 09:00:00,0.94369,0.94444,0.94171,0.94187,11343,72,0
2025-08-25 12:00:00,0.94187,0.94265,0.94042,0.94223,11527,65,0
2025-08-25 15:00:00,0.94223,0.94564,0.94201,0.94512,15176,65,0
2025-08-25 18:00:00,0.94513,0.9461,0.94458,0.94552,10630,65,0
2025-08-25 21:00:00,0.94552,0.94613,0.94504,0.9451,13704,81,0
2025-08-26 00:00:00,0.94483,0.94624,0.94275,0.94565,17383,176,0
2025-08-26 03:00:00,0.94565,0.94574,0.9437,0.94412,20676,135,0
2025-08-26 06:00:00,0.94412,0.94578,0.94369,0.94448,12244,135,0
2025-08-26 09:00:00,0.94448,0.94625,0.94285,0.94345,14970,72,0
2025-08-26 12:00:00,0.94345,0.94403,0.9419,0.94206,11733,65,0
2025-08-26 15:00:00,0.94206,0.94519,0.94197,0.94348,13237,65,0
2025-08-26 18:00:00,0.94349,0.94409,0.94282,0.94386,10704,65,0
2025-08-26 21:00:00,0.94386,0.94427,0.94218,0.94248,6850,81,0
2025-08-27 00:00:00,0.94245,0.94362,0.93611,0.94295,20004,134,0
2025-08-27 03:00:00,0.94295,0.94342,0.94139,0.94248,11080,145,0
2025-08-27 06:00:00,0.94248,0.94339,0.94179,0.94297,12929,134,0
2025-08-27 09:00:00,0.94299,0.94466,0.94233,0.94319,9052,72,0
2025-08-27 12:00:00,0.94319,0.94347,0.94131,0.94259,9236,65,0
2025-08-27 15:00:00,0.94258,0.94404,0.94212,0.94383,14642,65,0
2025-08-27 18:00:00,0.94383,0.9451,0.94383,0.94469,12300,65,0
2025-08-27 21:00:00,0.94469,0.94534,0.94411,0.94444,12377,82,0
2025-08-28 00:00:00,0.9423,0.9453,0.939,0.94468,7459,135,0
2025-08-28 03:00:00,0.94468,0.94505,0.94318,0.94381,15587,135,0
2025-08-28 06:00:00,0.94381,0.9444,0.94258,0.9428,9994,141,0
2025-08-28 09:00:00,0.9428,0.94448,0.94177,0.94293,8314,72,0
2025-08-28 12:00:00,0.94293,0.94318,0.94117,0.94257,9504,65,0
2025-08-28 15:00:00,0.94255,0.94336,0.93971,0.94108,16848,65,0
2025-08-28 18:00:00,0.94107,0.94144,0.94007,0.94095,12814,65,0
2025-08-28 21:00:00,0.94095,0.94154,0.94027,0.94055,6695,81,0
2025-08-29 00:00:00,0.93802,0.94109,0.9362,0.941,12702,135,0
2025-08-29 03:00:00,0.94103,0.94168,0.94022,0.94134,13109,135,0
2025-08-29 06:00:00,0.94134,0.94158,0.9396,0.93974,11227,153,0
2025-08-29 09:00:00,0.93985,0.94229,0.93985,0.94085,9506,72,0
2025-08-29 12:00:00,0.94085,0.94153,0.93986,0.94103,7991,65,0
2025-08-29 15:00:00,0.94105,0.94345,0.94073,0.94183,15646,65,0
2025-08-29 18:00:00,0.94184,0.94187,0.94043,0.94121,15390,65,0
2025-08-29 21:00:00,0.94121,0.94169,0.9381,0.93876,11134,81,0
2025-09-01 00:00:00,0.93372,0.93963,0.93249,0.939,12281,155,0
2025-09-01 03:00:00,0.939,0.93949,0.93813,0.93832,11077,134,0
2025-09-01 06:00:00,0.93833,0.94018,0.93833,0.93925,9679,134,0
2025-09-01 09:00:00,0.93925,0.94087,0.93854,0.93941,10019,72,0
2025-09-01 12:00:00,0.93941,0.94044,0.93805,0.93838,8855,65,0
2025-09-01 15:00:00,0.93838,0.94016,0.93784,0.93935,10264,65,0
2025-09-01 18:00:00,0.93937,0.93999,0.93887,0.93929,6967,65,0
2025-09-01 21:00:00,0.93929,0.93961,0.93775,0.93834,5836,81,0
2025-09-02 00:00:00,0.93827,0.93921,0.93289,0.93821,8388,90,0
2025-09-02 03:00:00,0.93824,0.94055,0.93798,0.93951,10725,139,0
2025-09-02 06:00:00,0.93951,0.94065,0.93874,0.93886,11244,137,0
2025-09-02 09:00:00,0.93886,0.94358,0.93886,0.94327,11864,73,0
2025-09-02 12:00:00,0.94325,0.9453,0.9422,0.94235,11143,66,0
2025-09-02 15:00:00,0.94235,0.9427,0.93964,0.94052,20450,65,0
2025-09-02 18:00:00,0.94053,0.94229,0.9405,0.94131,16850,65,0
2025-09-02 21:00:00,0.94129,0.9424,0.94105,0.94141,8537,82,0
2025-09-03 00:00:00,0.9399,0.9422,0.93658,0.9418,9499,135,0
2025-09-03 03:00:00,0.94181,0.94273,0.94095,0.94237,12431,136,0
2025-09-03 06:00:00,0.94238,0.94265,0.9409,0.94132,13015,136,0
2025-09-03 09:00:00,0.94132,0.94325,0.94057,0.94288,11062,73,0
2025-09-03 12:00:00,0.94287,0.94327,0.93982,0.94004,10023,65,0
2025-09-03 15:00:00,0.94004,0.94158,0.93753,0.93909,17248,65,0
2025-09-03 18:00:00,0.93908,0.93932,0.93768,0.9383,15273,65,0
2025-09-03 21:00:00,0.9383,0.93877,0.93751,0.93793,12179,81,0
2025-09-04 00:00:00,0.93789,0.9388,0.92894,0.93702,11808,174,0
2025-09-04 03:00:00,0.93701,0.93793,0.93612,0.93707,13173,135,0
2025-09-04 06:00:00,0.93707,0.93814,0.93632,0.93671,11442,135,0
2025-09-04 09:00:00,0.93672,0.93863,0.93533,0.93576,8864,72,0
2025-09-04 12:00:00,0.93576,0.93699,0.93535,0.9366,9737,65,0
2025-09-04 15:00:00,0.9366,0.93799,0.93611,0.93747,16282,65,0
2025-09-04 18:00:00,0.93747,0.9387,0.93666,0.93805,15383,65,0
2025-09-04 21:00:00,0.93804,0.93853,0.93686,0.93715,12348,81,0
2025-09-05 00:00:00,0.93663,0.93799,0.93291,0.93731,23855,136,0
2025-09-05 03:00:00,0.93731,0.93781,0.93675,0.93775,15238,135,0
2025-09-05 06:00:00,0.93775,0.93811,0.93678,0.93693,10459,135,0
2025-09-05 09:00:00,0.93687,0.93849,0.93654,0.93696,8754,72,0
2025-09-05 12:00:00,0.93695,0.93709,0.93556,0.93592,8075,65,0
2025-09-05 15:00:00,0.93592,0.93665,0.93212,0.93294,23871,65,0
2025-09-05 18:00:00,0.93294,0.93333,0.93191,0.93279,19664,65,0
2025-09-05 21:00:00,0.93279,0.93446,0.93206,0.93274,13244,81,0
2025-09-08 00:00:00,0.92791,0.93591,0.92791,0.93577,17829,134,0
2025-09-08 03:00:00,0.93576,0.93596,0.93374,0.93461,8480,134,0
2025-09-08 06:00:00,0.9346,0.9356,0.93408,0.93467,5473,134,0
2025-09-08 09:00:00,0.93467,0.93784,0.93467,0.9376,8496,72,0
2025-09-08 12:00:00,0.9376,0.94036,0.93735,0.93884,11040,65,0
2025-09-08 15:00:00,0.93885,0.93911,0.93614,0.93667,14457,65,0
2025-09-08 18:00:00,0.93667,0.93712,0.9354,0.93644,14274,65,0
2025-09-08 21:00:00,0.93644,0.93729,0.93586,0.93623,11046,81,0
2025-09-09 00:00:00,0.93491,0.93673,0.93044,0.93594,23445,144,0
2025-09-09 03:00:00,0.93596,0.93706,0.93547,0.93559,14238,134,0
2025-09-09 06:00:00,0.93558,0.93625,0.93416,0.9346,18623,134,0
2025-09-09 09:00:00,0.9346,0.93841,0.9346,0.93827,8910,72,0
2025-09-09 12:00:00,0.93827,0.9398,0.93711,0.93932,8663,65,0
2025-09-09 15:00:00,0.93932,0.94099,0.93848,0.94061,15690,65,0
2025-09-09 18:00:00,0.9406,0.94114,0.9388,0.93904,14408,65,0
2025-09-09 21:00:00,0.93904,0.9396,0.93805,0.93876,9422,82,0
2025-09-10 00:00:00,0.93875,0.93991,0.93345,0.9382,25615,135,0
2025-09-10 03:00:00,0.93822,0.9401,0.93484,0.93954,17556,135,0
2025-09-10 06:00:00,0.93954,0.94025,0.93848,0.9388,7329,136,0
2025-09-10 09:00:00,0.93857,0.94304,0.93797,0.94118,11745,73,0
2025-09-10 12:00:00,0.94118,0.94295,0.94059,0.94186,13623,66,0
2025-09-10 15:00:00,0.94185,0.94324,0.94101,0.94172,23536,66,0
2025-09-10 18:00:00,0.94172,0.9427,0.94092,0.94182,17578,66,0
2025-09-10 21:00:00,0.94181,0.94225,0.94032,0.94037,13474,82,0
2025-09-11 00:00:00,0.93836,0.9407,0.93179,0.93976,24784,147,0
2025-09-11 03:00:00,0.93976,0.94058,0.93909,0.93952,7502,136,0
2025-09-11 06:00:00,0.93954,0.94095,0.93927,0.9399,6693,136,0
2025-09-11 09:00:00,0.93987,0.94267,0.93987,0.94243,12316,73,0
2025-09-11 12:00:00,0.94243,0.94406,0.94227,0.94354,11960,66,0
2025-09-11 15:00:00,0.94355,0.94356,0.94012,0.94315,23650,66,0
2025-09-11 18:00:00,0.94315,0.94452,0.94256,0.94385,18315,66,0
2025-09-11 21:00:00,0.94385,0.94412,0.94253,0.94273,9281,83,0
2025-09-12 00:00:00,0.94267,0.94413,0.93416,0.94366,23589,137,0
2025-09-12 03:00:00,0.94365,0.94367,0.94185,0.94198,11158,140,0
2025-09-12 06:00:00,0.94198,0.94373,0.94189,0.94255,12913,137,0
2025-09-12 09:00:00,0.94255,0.94428,0.94225,0.94342,12688,73,0
2025-09-12 12:00:00,0.94342,0.94525,0.943,0.9447,14804,66,0
2025-09-12 15:00:00,0.94471,0.94667,0.94406,0.94439,22918,66,0
2025-09-12 18:00:00,0.94439,0.9458,0.94419,0.94476,18957,66,0
2025-09-12 21:00:00,0.94476,0.94617,0.94448,0.94457,9805,84,0
2025-09-15 00:00:00,0.93,0.94449,0.93,0.94324,28193,165,0
2025-09-15 03:00:00,0.94324,0.94551,0.94324,0.94515,17701,137,0
2025-09-15 06:00:00,0.94515,0.94649,0.94481,0.94559,13364,137,0
2025-09-15 09:00:00,0.94559,0.94687,0.94459,0.94675,13834,74,0
2025-09-15 12:00:00,0.94674,0.94685,0.94357,0.94357,15555,66,0
2025-09-15 15:00:00,0.94357,0.94393,0.94217,0.94247,18528,66,0
2025-09-15 18:00:00,0.94248,0.94344,0.94157,0.94308,18678,66,0
2025-09-15 21:00:00,0.94308,0.94386,0.94279,0.94317,12581,83,0
2025-09-16 00:00:00,0.9431,0.94349,0.9406,0.9434,28704,156,0
2025-09-16 03:00:00,0.94343,0.944,0.94201,0.94213,15266,137,0
2025-09-16 06:00:00,0.94212,0.94328,0.94185,0.94221,18695,137,0
2025-09-16 09:00:00,0.94221,0.94447,0.94053,0.9409,15225,73,0
2025-09-16 12:00:00,0.94089,0.94344,0.94053,0.94266,13470,66,0
2025-09-16 15:00:00,0.94266,0.94511,0.94195,0.9447,25649,66,0
2025-09-16 18:00:00,0.94472,0.9456,0.94405,0.94473,23300,66,0
2025-09-16 21:00:00,0.94469,0.9453,0.94316,0.94322,15008,83,0
2025-09-17 00:00:00,0.94155,0.94522,0.94034,0.9447,15983,137,0
2025-09-17 03:00:00,0.94468,0.94528,0.94386,0.9443,17683,137,0
2025-09-17 06:00:00,0.9443,0.94528,0.94358,0.9442,14559,137,0
2025-09-17 09:00:00,0.9442,0.94556,0.94202,0.94233,17004,73,0
2025-09-17 12:00:00,0.94231,0.94269,0.9411,0.94215,11698,66,0
2025-09-17 15:00:00,0.94215,0.94449,0.94213,0.94415,16852,66,0
2025-09-17 18:00:00,0.94416,0.94588,0.94359,0.9443,15033,66,0
2025-09-17 21:00:00,0.94448,0.94688,0.94265,0.94517,37771,83,0
2025-09-18 00:00:00,0.94285,0.94652,0.94088,0.94533,33698,137,0
2025-09-18 03:00:00,0.94533,0.94598,0.94435,0.94565,21464,137,0
2025-09-18 06:00:00,0.94565,0.94653,0.94485,0.94498,16355,137,0
2025-09-18 09:00:00,0.945,0.94785,0.93864,0.94718,17103,73,0
2025-09-18 12:00:00,0.94719,0.94963,0.94444,0.94886,17612,67,0
2025-09-18 15:00:00,0.94884,0.95026,0.94628,0.94653,25153,66,0
2025-09-18 18:00:00,0.94652,0.94658,0.94482,0.94588,19997,66,0
2025-09-18 21:00:00,0.94588,0.94711,0.94536,0.94563,12443,82,0
2025-09-19 00:00:00,0.94526,0.94595,0.93501,0.94584,21529,120,0
2025-09-19 03:00:00,0.94584,0.94627,0.94428,0.94436,10498,136,0
2025-09-19 06:00:00,0.94436,0.94613,0.94405,0.94508,13155,136,0
2025-09-19 09:00:00,0.94508,0.94809,0.94508,0.94795,15618,73,0
2025-09-19 12:00:00,0.94795,0.94922,0.94693,0.94848,14747,66,0
2025-09-19 15:00:00,0.94848,0.94912,0.94509,0.94646,22509,65,0
2025-09-19 18:00:00,0.94646,0.94675,0.94493,0.94597,16036,65,0
2025-09-19 21:00:00,0.94599,0.94664,0.9449,0.94526,6663,82,0
2025-09-22 00:00:00,0.94238,0.94937,0.94021,0.94743,27647,136,0
2025-09-22 03:00:00,0.94741,0.94801,0.94581,0.94641,16184,152,0
2025-09-22 06:00:00,0.94641,0.94684,0.94541,0.94554,11110,136,0
2025-09-22 09:00:00,0.94554,0.94754,0.94554,0.94681,14063,73,0
2025-09-22 12:00:00,0.94682,0.94717,0.94347,0.94362,14268,70,0
2025-09-22 15:00:00,0.94363,0.94435,0.94215,0.94282,16857,65,0
2025-09-22 18:00:00,0.94282,0.94341,0.94217,0.9428,11429,65,0
2025-09-22 21:00:00,0.9428,0.94304,0.94154,0.94172,6305,82,0
2025-09-23 00:00:00,0.9412,0.94314,0.93337,0.94297,19657,129,0
2025-09-23 03:00:00,0.94293,0.94296,0.94032,0.94146,11944,135,0
2025-09-23 06:00:00,0.94146,0.94185,0.94051,0.94119,8575,135,0
2025-09-23 09:00:00,0.94119,0.94435,0.93908,0.94092,17944,73,0
2025-09-23 12:00:00,0.94092,0.94293,0.94028,0.94108,13293,70,0
2025-09-23 15:00:00,0.94108,0.94466,0.94082,0.94388,18072,65,0
2025-09-23 18:00:00,0.94387,0.94493,0.94213,0.94244,19619,66,0
2025-09-23 21:00:00,0.94243,0.94317,0.94187,0.94235,12923,82,0
2025-09-24 00:00:00,0.94227,0.94388,0.93686,0.94387,22608,98,0
2025-09-24 03:00:00,0.9439,0.9439,0.94221,0.9434,10323,136,0
2025-09-24 06:00:00,0.9434,0.94357,0.94187,0.94194,14974,136,0
2025-09-24 09:00:00,0.94194,0.94499,0.9419,0.94329,15202,73,0
2025-09-24 12:00:00,0.94329,0.94404,0.94226,0.94334,13300,66,0
2025-09-24 15:00:00,0.94333,0.94579,0.94308,0.94472,21626,65,0
2025-09-24 18:00:00,0.94472,0.94552,0.94436,0.94495,18319,66,0
2025-09-24 21:00:00,0.94495,0.94549,0.94446,0.94458,10679,82,0
2025-09-25 00:00:00,0.94327,0.94548,0.93812,0.94543,26795,123,0
2025-09-25 03:00:00,0.94538,0.9455,0.94344,0.94358,10610,136,0
2025-09-25 06:00:00,0.94358,0.94484,0.9431,0.94414,10863,136,0
2025-09-25 09:00:00,0.94416,0.94563,0.94377,0.94451,15451,73,0
2025-09-25 12:00:00,0.94451,0.94576,0.94364,0.94474,12039,66,0
2025-09-25 15:00:00,0.94476,0.94665,0.94238,0.94374,23699,65,0
2025-09-25 18:00:00,0.94374,0.94426,0.94049,0.94193,19474,65,0
2025-09-25 21:00:00,0.94193,0.94266,0.94169,0.94185,16614,82,0
2025-09-26 00:00:00,0.94166,0.94321,0.93552,0.94218,25416,144,0
2025-09-26 03:00:00,0.94218,0.94218,0.94072,0.94124,9790,135,0
2025-09-26 06:00:00,0.94125,0.94235,0.94092,0.94117,12620,135,0
2025-09-26 09:00:00,0.94117,0.94284,0.94014,0.94088,12042,73,0
2025-09-26 12:00:00,0.94087,0.94334,0.94087,0.94219,10756,67,0
2025-09-26 15:00:00,0.94218,0.94433,0.94072,0.94413,23363,65,0
2025-09-26 18:00:00,0.94413,0.94485,0.94233,0.94246,18776,66,0
2025-09-26 21:00:00,0.94246,0.94319,0.94165,0.94182,9560,82,0
2025-09-29 00:00:00,0.9378,0.94376,0.9378,0.94263,44392,209,0
2025-09-29 03:00:00,0.94263,0.94299,0.94112,0.94207,12105,136,0
2025-09-29 06:00:00,0.94207,0.94265,0.94081,0.94115,9062,136,0
2025-09-29 09:00:00,0.94115,0.94228,0.94101,0.94156,13230,73,0
2025-09-29 12:00:00,0.94156,0.94486,0.94126,0.94404,13000,65,0
2025-09-29 15:00:00,0.94404,0.94544,0.94291,0.9434,19222,65,0
2025-09-29 18:00:00,0.94338,0.94393,0.94277,0.94292,14013,65,0
2025-09-29 21:00:00,0.94292,0.94397,0.94251,0.94346,10706,82,0
2025-09-30 00:00:00,0.94331,0.9434,0.93805,0.94229,10488,120,0
2025-09-30 03:00:00,0.94229,0.94315,0.94126,0.94264,13374,135,0
2025-09-30 06:00:00,0.94264,0.94439,0.94231,0.9437,14292,136,0
2025-09-30 09:00:00,0.9437,0.94497,0.94108,0.9418,13118,73,0
2025-09-30 12:00:00,0.9418,0.94343,0.94095,0.94275,9156,65,0
2025-09-30 15:00:00,0.94273,0.9445,0.9414,0.94221,13106,65,0
2025-09-30 18:00:00,0.94219,0.94313,0.94094,0.94171,15739,65,0
2025-09-30 21:00:00,0.94171,0.94278,0.94058,0.94101,9561,82,0
2025-10-01 00:00:00,0.93994,0.94281,0.93634,0.94191,37425,135,0
2025-10-01 03:00:00,0.94191,0.94231,0.9406,0.941,14558,135,0
2025-10-01 06:00:00,0.94101,0.94192,0.94002,0.94129,13760,135,0
2025-10-01 09:00:00,0.94129,0.94485,0.94127,0.94419,13675,73,0
2025-10-01 12:00:00,0.94416,0.94641,0.94381,0.94599,9571,66,0
2025-10-01 15:00:00,0.94599,0.94668,0.94384,0.94477,16896,66,0
2025-10-01 18:00:00,0.94476,0.94582,0.94405,0.94456,11041,66,0
2025-10-01 21:00:00,0.94456,0.9456,0.9444,0.94471,9648,82,0
2025-10-02 00:00:00,0.9441,0.94523,0.93905,0.94456,36084,86,0
2025-10-02 03:00:00,0.94456,0.94551,0.94365,0.94452,11175,136,0
2025-10-02 06:00:00,0.94452,0.94515,0.94285,0.94367,9900,136,0
2025-10-02 09:00:00,0.94364,0.94443,0.94196,0.94312,16407,73,0
2025-10-02 12:00:00,0.94314,0.94315,0.9412,0.94195,15007,65,0
2025-10-02 15:00:00,0.94193,0.9428,0.94087,0.94129,21693,65,0
2025-10-02 18:00:00,0.94129,0.94238,0.9403,0.94118,18382,65,0
2025-10-02 21:00:00,0.94118,0.94187,0.94054,0.94103,9700,82,0
2025-10-03 00:00:00,0.9388,0.94167,0.93505,0.94064,24355,135,0
2025-10-03 03:00:00,0.94062,0.94118,0.93983,0.94045,7690,154,0
2025-10-03 06:00:00,0.94045,0.9413,0.93934,0.94097,12473,136,0
2025-10-03 09:00:00,0.94097,0.94303,0.94022,0.9414,17625,73,0
2025-10-03 12:00:00,0.94138,0.94278,0.94042,0.94206,13974,65,0
2025-10-03 15:00:00,0.94206,0.94315,0.94102,0.94148,20102,66,0
2025-10-03 18:00:00,0.94148,0.94229,0.9407,0.94138,11910,66,0
2025-10-03 21:00:00,0.94139,0.94178,0.93963,0.94042,9594,82,0
2025-10-06 00:00:00,0.93467,0.94251,0.93375,0.94133,33185,136,0
2025-10-06 03:00:00,0.94125,0.94215,0.94089,0.94158,7559,136,0
2025-10-06 06:00:00,0.94158,0.94316,0.941,0.94277,10442,136,0
2025-10-06 09:00:00,0.94278,0.94561,0.94259,0.94456,22719,73,0
2025-10-06 12:00:00,0.94457,0.9457,0.94359,0.94456,16743,66,0
2025-10-06 15:00:00,0.94456,0.94569,0.94366,0.94428,18324,66,0
2025-10-06 18:00:00,0.94428,0.94561,0.94405,0.94445,16078,66,0
2025-10-06 21:00:00,0.94445,0.94486,0.94324,0.94341,8615,82,0
2025-10-07 00:00:00,0.94292,0.94491,0.93869,0.94404,11726,157,0
2025-10-07 03:00:00,0.94404,0.94493,0.94321,0.94404,11610,137,0
2025-10-07 06:00:00,0.94404,0.9455,0.94367,0.94414,10087,137,0
2025-10-07 09:00:00,0.94421,0.94562,0.94191,0.94239,17296,73,0
2025-10-07 12:00:00,0.94237,0.94355,0.94196,0.94355,12431,66,0
2025-10-07 15:00:00,0.94354,0.94395,0.94172,0.94349,23485,66,0
2025-10-07 18:00:00,0.94351,0.94381,0.94124,0.94264,17718,66,0
2025-10-07 21:00:00,0.94264,0.94335,0.94149,0.94161,15059,82,0
2025-10-08 00:00:00,0.94076,0.94323,0.93814,0.94258,18480,129,0
2025-10-08 03:00:00,0.9426,0.94392,0.94191,0.94389,14106,136,0
2025-10-08 06:00:00,0.94389,0.94444,0.94261,0.94261,10301,136,0
2025-10-08 09:00:00,0.94274,0.94511,0.94098,0.94132,18830,73,0
2025-10-08 12:00:00,0.94132,0.94366,0.94098,0.94362,16276,66,0
2025-10-08 15:00:00,0.94362,0.9456,0.94349,0.944,18978,66,0
2025-10-08 18:00:00,0.944,0.94601,0.94399,0.94512,13003,66,0
2025-10-08 21:00:00,0.94511,0.94564,0.94452,0.94479,13158,82,0
2025-10-09 00:00:00,0.94465,0.94486,0.94264,0.94406,13205,137,0
2025-10-09 03:00:00,0.94406,0.9446,0.94285,0.94381,9966,137,0
2025-10-09 06:00:00,0.94381,0.94442,0.94278,0.94379,10024,137,0
2025-10-09 09:00:00,0.94376,0.94731,0.94376,0.94603,20958,73,0
2025-10-09 12:00:00,0.94604,0.94632,0.94365,0.94422,15926,66,0
2025-10-09 15:00:00,0.94422,0.94747,0.9441,0.94688,26257,66,0
2025-10-09 18:00:00,0.94687,0.94799,0.94579,0.94618,23072,66,0
2025-10-09 21:00:00,0.94618,0.94745,0.94609,0.94642,11065,82,0
2025-10-10 00:00:00,0.94387,0.9462,0.9391,0.94574,20451,160,0
2025-10-10 03:00:00,0.94573,0.94629,0.94508,0.94563,8948,136,0
2025-10-10 06:00:00,0.94563,0.94671,0.94469,0.94472,6804,136,0
2025-10-10 09:00:00,0.94473,0.94647,0.94234,0.94277,18604,73,0
2025-10-10 12:00:00,0.94277,0.94337,0.94192,0.94245,13991,65,0
2025-10-10 15:00:00,0.94245,0.94293,0.94034,0.94077,25176,65,0
2025-10-10 18:00:00,0.94077,0.94144,0.93826,0.93922,31851,66,0
2025-10-10 21:00:00,0.93923,0.9395,0.93425,0.93715,11398,81,0
2025-10-13 00:00:00,0.93145,0.94142,0.93027,0.93963,24187,135,0
2025-10-13 03:00:00,0.93963,0.94049,0.93931,0.93935,6956,135,0
2025-10-13 06:00:00,0.93935,0.94051,0.93848,0.9401,6147,135,0
2025-10-13 09:00:00,0.9401,0.94481,0.94008,0.94429,19998,73,0
2025-10-13 12:00:00,0.94429,0.94482,0.94273,0.94325,15516,66,0
2025-10-13 15:00:00,0.94325,0.94325,0.94017,0.94211,22782,65,0
2025-10-13 18:00:00,0.94211,0.94239,0.94085,0.94122,12351,65,0
2025-10-13 21:00:00,0.94122,0.9421,0.94056,0.94115,6564,82,0
2025-10-14 00:00:00,0.94099,0.94205,0.93901,0.94181,14961,144,0
2025-10-14 03:00:00,0.94181,0.94216,0.94081,0.94116,9304,136,0
2025-10-14 06:00:00,0.94116,0.9417,0.93798,0.93833,16287,135,0
2025-10-14 09:00:00,0.93889,0.94022,0.93552,0.93617,22412,72,0
2025-10-14 12:00:00,0.93621,0.93721,0.93457,0.93686,20626,65,0
2025-10-14 15:00:00,0.93686,0.93834,0.93469,0.93744,26037,65,0
2025-10-14 18:00:00,0.93744,0.93922,0.93723,0.93885,21821,65,0
2025-10-14 21:00:00,0.93885,0.93931,0.93757,0.9376,17297,81,0
2025-10-15 00:00:00,0.93558,0.93903,0.93037,0.93864,28115,134,0
2025-10-15 03:00:00,0.93864,0.93891,0.93727,0.93798,20815,134,0
2025-10-15 06:00:00,0.93798,0.93839,0.9367,0.93724,10638,135,0
2025-10-15 09:00:00,0.93708,0.93938,0.93708,0.93844,15826,72,0
2025-10-15 12:00:00,0.93833,0.94041,0.93804,0.93936,13875,65,0
2025-10-15 15:00:00,0.93936,0.94079,0.93822,0.93917,23663,65,0
2025-10-15 18:00:00,0.93917,0.93917,0.93675,0.93741,20742,65,0
2025-10-15 21:00:00,0.93741,0.93865,0.93721,0.93724,12255,81,0
2025-10-16 00:00:00,0.93451,0.93832,0.93157,0.93722,29251,134,0
2025-10-16 03:00:00,0.93721,0.93796,0.93656,0.93761,15116,134,0
2025-10-16 06:00:00,0.93761,0.93816,0.93679,0.93679,9767,134,0
2025-10-16 09:00:00,0.9368,0.93985,0.9368,0.93876,18650,72,0
2025-10-16 12:00:00,0.93876,0.93931,0.93718,0.93824,13695,66,0
2025-10-16 15:00:00,0.93825,0.93981,0.93696,0.93728,22312,65,0
2025-10-16 18:00:00,0.93729,0.93777,0.93425,0.9347,22407,65,0
2025-10-16 21:00:00,0.9347,0.93571,0.93374,0.93515,12550,81,0
2025-10-17 00:00:00,0.9351,0.93571,0.93228,0.93454,9214,134,0
2025-10-17 03:00:00,0.93454,0.93571,0.9339,0.93429,14808,134,0
2025-10-17 06:00:00,0.93428,0.93513,0.93371,0.93396,12866,134,0
2025-10-17 09:00:00,0.93397,0.93809,0.93387,0.93649,24085,72,0
2025-10-17 12:00:00,0.93657,0.94042,0.93551,0.93952,24363,67,0
2025-10-17 15:00:00,0.93952,0.94023,0.93639,0.93732,35286,65,0
2025-10-17 18:00:00,0.93732,0.93835,0.93629,0.93765,19783,65,0
2025-10-17 21:00:00,0.93765,0.93796,0.9348,0.93558,13722,81,0
2025-10-20 00:00:00,0.92933,0.93679,0.92807,0.93641,42554,135,0
2025-10-20 03:00:00,0.93641,0.93668,0.93505,0.93592,22952,135,0
2025-10-20 06:00:00,0.9359,0.93663,0.93506,0.93538,13841,135,0
2025-10-20 09:00:00,0.93538,0.93824,0.93528,0.93732,17502,72,0
2025-10-20 12:00:00,0.93732,0.93741,0.93511,0.93545,14812,65,0
2025-10-20 15:00:00,0.93545,0.93692,0.9343,0.93622,22040,65,0
2025-10-20 18:00:00,0.93623,0.93707,0.93605,0.93664,14654,65,0
2025-10-20 21:00:00,0.93664,0.93726,0.93475,0.93523,11207,81,0
2025-10-21 00:00:00,0.93465,0.93669,0.9304,0.93665,14539,135,0
2025-10-21 03:00:00,0.93663,0.93664,0.93472,0.93547,15478,135,0
2025-10-21 06:00:00,0.93546,0.93648,0.93497,0.93622,8812,135,0
2025-10-21 09:00:00,0.93622,0.93717,0.934,0.93535,14436,72,0
2025-10-21 12:00:00,0.93536,0.93698,0.93503,0.93655,15169,65,0
2025-10-21 15:00:00,0.93655,0.93831,0.93532,0.93666,25011,65,0
2025-10-21 18:00:00,0.93667,0.93788,0.93511,0.93532,15115,65,0
2025-10-21 21:00:00,0.93533,0.93629,0.93526,0.93594,7903,82,0
2025-10-22 00:00:00,0.93439,0.93615,0.93264,0.9358,31923,135,0
2025-10-22 03:00:00,0.9358,0.93639,0.93506,0.93566,15955,135,0
2025-10-22 06:00:00,0.93566,0.93773,0.93546,0.93688,12214,135,0
2025-10-22 09:00:00,0.93688,0.94092,0.93688,0.93999,23081,73,0
2025-10-22 12:00:00,0.93996,0.94026,0.93759,0.93811,20663,66,0
2025-10-22 15:00:00,0.93811,0.93838,0.93664,0.93708,25254,66,0
2025-10-22 18:00:00,0.93711,0.93855,0.93563,0.93713,20606,66,0
2025-10-22 21:00:00,0.93713,0.93886,0.93686,0.93778,10019,82,0
2025-10-23 00:00:00,0.93692,0.93863,0.92184,0.9372,26573,136,0
2025-10-23 03:00:00,0.9372,0.93876,0.9372,0.93799,16421,136,0
2025-10-23 06:00:00,0.93799,0.93988,0.93777,0.93866,10144,136,0
2025-10-23 09:00:00,0.93866,0.94238,0.93862,0.94156,20377,73,0
2025-10-23 12:00:00,0.94156,0.94322,0.94099,0.94259,16782,66,0
2025-10-23 15:00:00,0.94259,0.94282,0.93964,0.94,23775,66,0
2025-10-23 18:00:00,0.94,0.94144,0.93941,0.94078,14335,66,0
2025-10-23 21:00:00,0.94078,0.94166,0.93993,0.93993,7251,82,0
2025-10-24 00:00:00,0.93956,0.94129,0.9346,0.93933,21658,107,0
2025-10-24 03:00:00,0.93933,0.94014,0.93857,0.93888,10173,137,0
2025-10-24 06:00:00,0.93888,0.94011,0.93839,0.93866,9491,136,0
2025-10-24 09:00:00,0.93866,0.94015,0.93742,0.93842,17562,73,0
2025-10-24 12:00:00,0.93842,0.93852,0.93701,0.9381,10886,66,0
2025-10-24 15:00:00,0.93811,0.9388,0.93539,0.93812,25976,67,0
2025-10-24 18:00:00,0.93812,0.93894,0.93664,0.93716,13556,71,0
2025-10-24 21:00:00,0.93714,0.9379,0.93509,0.93525,9411,82,0
2025-10-27 00:00:00,0.93237,0.93868,0.93237,0.9374,29877,136,0
2025-10-27 03:00:00,0.9374,0.93815,0.936,0.93616,27073,136,0
2025-10-27 06:00:00,0.93614,0.93739,0.93584,0.93721,9218,136,0
2025-10-27 09:00:00,0.93721,0.93834,0.9368,0.93771,16991,73,0
2025-10-27 12:00:00,0.93765,0.93777,0.93635,0.93704,14971,66,0
2025-10-27 15:00:00,0.93704,0.93961,0.93667,0.93941,19586,66,0
2025-10-27 18:00:00,0.93939,0.94033,0.93859,0.93911,13321,67,0
2025-10-27 21:00:00,0.93911,0.93932,0.93817,0.93846,7815,82,0
2025-10-28 00:00:00,0.93862,0.93879,0.93426,0.93765,19316,143,0
2025-10-28 03:00:00,0.93764,0.93833,0.93663,0.9373,21097,136,0
2025-10-28 06:00:00,0.9373,0.93823,0.93683,0.9373,16894,136,0
2025-10-28 09:00:00,0.9373,0.93899,0.93578,0.93652,16397,73,0
2025-10-28 12:00:00,0.93653,0.93731,0.93575,0.9373,14797,65,0
2025-10-28 15:00:00,0.9373,0.93865,0.93698,0.93793,20754,66,0
2025-10-28 18:00:00,0.93793,0.93891,0.93729,0.93798,18363,66,0
2025-10-28 21:00:00,0.93799,0.93936,0.93724,0.93803,10196,82,0
2025-10-29 00:00:00,0.9363,0.93889,0.93239,0.9378,12983,103,0
2025-10-29 03:00:00,0.93781,0.93906,0.93734,0.93825,20634,136,0
2025-10-29 06:00:00,0.93825,0.93946,0.93758,0.93859,16831,136,0
2025-10-29 09:00:00,0.93856,0.94018,0.9358,0.93621,16866,73,0
2025-10-29 12:00:00,0.93624,0.9368,0.93569,0.93618,14404,66,0
2025-10-29 15:00:00,0.93619,0.93777,0.93515,0.93721,21279,66,0
2025-10-29 18:00:00,0.93719,0.93952,0.93697,0.93714,15187,66,0
2025-10-29 21:00:00,0.93714,0.93991,0.93552,0.93807,29434,82,0
2025-10-30 00:00:00,0.93763,0.93893,0.9336,0.93811,21544,136,0
2025-10-30 03:00:00,0.93813,0.93915,0.93709,0.93776,17157,136,0
2025-10-30 06:00:00,0.93776,0.93842,0.93648,0.93736,14846,136,0
2025-10-30 09:00:00,0.93736,0.93866,0.93642,0.9372,16115,73,0
2025-10-30 12:00:00,0.9372,0.93761,0.93603,0.93664,15344,65,0
2025-10-30 15:00:00,0.93666,0.93927,0.93604,0.93729,25803,65,0
2025-10-30 18:00:00,0.9373,0.93931,0.93722,0.93886,15857,66,0
2025-10-30 21:00:00,0.93879,0.93882,0.93691,0.9374,12436,82,0
2025-10-31 00:00:00,0.93609,0.93915,0.93158,0.93757,33900,136,0
2025-10-31 03:00:00,0.93757,0.93813,0.93668,0.93728,12487,136,0
2025-10-31 06:00:00,0.93729,0.93789,0.9366,0.93737,11934,136,0
2025-10-31 09:00:00,0.93737,0.93893,0.9368,0.93696,13240,74,0
2025-10-31 12:00:00,0.93696,0.93699,0.93074,0.93616,16838,69,0
2025-10-31 15:00:00,0.93616,0.93852,0.93607,0.93781,21169,65,0
2025-10-31 18:00:00,0.93781,0.93856,0.93684,0.93764,19772,65,0
2025-10-31 21:00:00,0.93764,0.93808,0.93586,0.9363,12054,82,0
2025-11-03 00:00:00,0.93266,0.9378,0.93219,0.93756,11436,135,0
2025-11-03 03:00:00,0.93756,0.93807,0.93612,0.93634,10457,135,0
2025-11-03 06:00:00,0.9363,0.93749,0.93595,0.93749,10061,135,0
2025-11-03 09:00:00,0.93749,0.93959,0.93737,0.93893,15992,73,0
2025-11-03 12:00:00,0.93893,0.93956,0.93769,0.9383,12232,66,0
2025-11-03 15:00:00,0.9383,0.9387,0.93425,0.93567,21469,65,0
2025-11-03 18:00:00,0.93568,0.93659,0.93513,0.9358,12935,66,0
2025-11-03 21:00:00,0.93575,0.93623,0.9353,0.93556,7573,82,0
2025-11-04 00:00:00,0.93437,0.93665,0.93078,0.93622,24391,135,0
2025-11-04 03:00:00,0.93621,0.93631,0.93423,0.93475,14793,135,0
2025-11-04 06:00:00,0.93475,0.93587,0.93401,0.93524,13591,135,0
2025-11-04 09:00:00,0.93524,0.93569,0.93404,0.93453,19980,72,0
2025-11-04 12:00:00,0.93453,0.93693,0.9339,0.93663,16076,65,0
2025-11-04 15:00:00,0.93663,0.93755,0.93575,0.93724,17136,65,0
2025-11-04 18:00:00,0.93724,0.93832,0.93647,0.93689,12951,65,0
2025-11-04 21:00:00,0.93689,0.93745,0.93536,0.93593,8037,81,0
2025-11-05 00:00:00,0.93282,0.93708,0.93196,0.93632,10378,135,0
2025-11-05 03:00:00,0.93632,0.93769,0.93491,0.9366,18709,135,0
2025-11-05 06:00:00,0.93659,0.93809,0.93603,0.93704,12574,135,0
2025-11-05 09:00:00,0.93704,0.93925,0.93644,0.93766,17699,72,0
2025-11-05 12:00:00,0.93765,0.93846,0.9351,0.93708,14717,65,0
2025-11-05 15:00:00,0.93708,0.93791,0.93321,0.9366,29644,65,0
2025-11-05 18:00:00,0.93661,0.93758,0.93539,0.93583,18739,65,0
2025-11-05 21:00:00,0.93583,0.93651,0.93461,0.93507,10044,81,0
2025-11-06 00:00:00,0.9351,0.93593,0.9311,0.93496,11737,94,0
2025-11-06 03:00:00,0.93497,0.93549,0.9342,0.93525,8719,135,0
2025-11-06 06:00:00,0.93526,0.936,0.93431,0.93467,8780,134,0
2025-11-06 09:00:00,0.93473,0.93815,0.93408,0.93711,20313,72,0
2025-11-06 12:00:00,0.93711,0.93814,0.93682,0.93748,19578,65,0
2025-11-06 15:00:00,0.93747,0.93878,0.93544,0.9376,27812,65,0
2025-11-06 18:00:00,0.9376,0.93798,0.93599,0.93668,18164,65,0
2025-11-06 21:00:00,0.93668,0.93734,0.93569,0.93574,8986,81,0
2025-11-07 00:00:00,0.93548,0.93877,0.93072,0.93834,27767,134,0
2025-11-07 03:00:00,0.93834,0.93851,0.93617,0.93647,20358,134,0
2025-11-07 06:00:00,0.93647,0.93792,0.93626,0.93723,12491,134,0
2025-11-07 09:00:00,0.93723,0.93924,0.93691,0.93708,15536,72,0
2025-11-07 12:00:00,0.93709,0.93817,0.93583,0.93809,16439,65,0
2025-11-07 15:00:00,0.93808,0.93851,0.93693,0.938,28545,65,0
2025-11-07 18:00:00,0.93799,0.93873,0.93672,0.93756,14847,65,0
2025-11-07 21:00:00,0.93756,0.93853,0.93554,0.93689,11135,81,0
2025-11-10 00:00:00,0.93219,0.93785,0.93219,0.93728,15726,140,0
2025-11-10 03:00:00,0.93729,0.93886,0.93676,0.93756,9381,135,0
2025-11-10 06:00:00,0.93756,0.93847,0.93629,0.9363,7923,135,0
2025-11-10 09:00:00,0.93617,0.94131,0.93617,0.93994,19234,73,0
2025-11-10 12:00:00,0.93994,0.94113,0.93935,0.93997,16200,65,0
2025-11-10 15:00:00,0.93994,0.94017,0.93777,0.93911,17566,65,0
