time,open,high,low,close,tick_volume,spread,real_volume
2024-11-11 00:00:00,31.241,31.42,31.203,31.386,2388,9,0
2024-11-11 03:00:00,31.386,31.414,31.096,31.202,13113,9,0
2024-11-11 06:00:00,31.202,31.376,31.139,31.371,6993,9,0
2024-11-11 09:00:00,31.371,31.391,31.169,31.347,11042,7,0
2024-11-11 12:00:00,31.345,31.561,31.138,31.147,10272,6,0
2024-11-11 15:00:00,31.147,31.147,30.45,30.47,29588,6,0
2024-11-11 18:00:00,30.476,30.632,30.421,30.611,11015,6,0
2024-11-11 21:00:00,30.614,30.741,30.591,30.68,3981,7,0
2024-11-12 00:00:00,30.678,30.734,30.643,30.701999999999998,2022,8,0
2024-11-12 03:00:00,30.708,30.784,30.555,30.562,11729,8,0
2024-11-12 06:00:00,30.562,30.584,30.225,30.353,12415,8,0
2024-11-12 09:00:00,30.353,30.464,30.184,30.274,14067,7,0
2024-11-12 12:00:00,30.271,30.524,30.232,30.473,12400,6,0
2024-11-12 15:00:00,30.47,30.772,30.47,30.507,24869,6,0
2024-11-12 18:00:00,30.508,30.711,30.496,30.707,15150,6,0
2024-11-12 21:00:00,30.703,30.818,30.661,30.708,5271,6,0
2024-11-13 00:00:00,30.712,30.767,30.64,30.746,1770,8,0
2024-11-13 03:00:00,30.743,31.041,30.739,30.982,12951,9,0
2024-11-13 06:00:00,30.981,31.016,30.839,30.846,8344,8,0
2024-11-13 09:00:00,30.846,30.99,30.782,30.954,8744,6,0
2024-11-13 12:00:00,30.953,30.957,30.798000000000002,30.841,7725,6,0
2024-11-13 15:00:00,30.839,31.144,30.516,30.792,32793,6,0
2024-11-13 18:00:00,30.793,30.799,30.429,30.58,18774,6,0
2024-11-13 21:00:00,30.58,30.639,30.281,30.303,6112,6,0
2024-11-14 00:00:00,30.296,30.423,30.221,30.42,3141,8,0
2024-11-14 03:00:00,30.419,30.419,30.038,30.155,13337,8,0
2024-11-14 06:00:00,30.154,30.22,29.806,29.882,10682,8,0
2024-11-14 09:00:00,29.882,29.96,29.674,29.811,13626,6,0
2024-11-14 12:00:00,29.812,30.033,29.719,29.899,11599,6,0
2024-11-14 15:00:00,29.897,30.462,29.888,30.348,30261,6,0
2024-11-14 18:00:00,30.35,30.548000000000002,30.342,30.477,14421,6,0
2024-11-14 21:00:00,30.478,30.649,30.375,30.434,10415,6,0
2024-11-15 00:00:00,30.434,30.441,30.345,30.386,2223,7,0
2024-11-15 03:00:00,30.387,30.559,30.312,30.479,10405,7,0
2024-11-15 06:00:00,30.478,30.543,30.216,30.329,7150,7,0
2024-11-15 09:00:00,30.329,30.48,30.273,30.334,9466,6,0
2024-11-15 12:00:00,30.335,30.778,30.29,30.638,10639,6,0
2024-11-15 15:00:00,30.639,30.813,30.37,30.498,31790,6,0
2024-11-15 18:00:00,30.497,30.548000000000002,30.238,30.353,15363,6,0
2024-11-15 21:00:00,30.357,30.367,30.176,30.236,5480,6,0
2024-11-18 00:00:00,30.275,30.467,30.251,30.461,3335,8,0
2024-11-18 03:00:00,30.459,30.67,30.445,30.625,14019,8,0
2024-11-18 06:00:00,30.625,30.72,30.513,30.643,8574,8,0
2024-11-18 09:00:00,30.643,30.761,30.582,30.753,9839,6,0
2024-11-18 12:00:00,30.753,30.852,30.696,30.81,7958,6,0
2024-11-18 15:00:00,30.809,31.257,30.778,31.196,21598,6,0
2024-11-18 18:00:00,31.197,31.266,31.014,31.067,9716,6,0
2024-11-18 21:00:00,31.067,31.17,31.045,31.165,3832,6,0
2024-11-19 00:00:00,31.165,31.177,31.127,31.146,1294,8,0
2024-11-19 03:00:00,31.151,31.435,31.143,31.371,10378,7,0
2024-11-19 06:00:00,31.368,31.404,31.253,31.296,8480,7,0
2024-11-19 09:00:00,31.296,31.533,31.186,31.381,14504,6,0
2024-11-19 12:00:00,31.38,31.45,31.277,31.432,10379,6,0
2024-11-19 15:00:00,31.431,31.433,31.043,31.097,25255,6,0
2024-11-19 18:00:00,31.1,31.266,31.048,31.236,11033,6,0
2024-11-19 21:00:00,31.238,31.307,31.196,31.203,4108,6,0
2024-11-20 00:00:00,31.206,31.306,31.206,31.265,1837,8,0
2024-11-20 03:00:00,31.266,31.328,31.129,31.171,9755,8,0
2024-11-20 06:00:00,31.17,31.202,30.971,31.029,7915,7,0
2024-11-20 09:00:00,31.029,31.057,30.844,30.85,9229,6,0
2024-11-20 12:00:00,30.849,31.019,30.803,31.011,8777,6,0
2024-11-20 15:00:00,31.01,31.233,30.946,31.091,16879,6,0
2024-11-20 18:00:00,31.091,31.143,30.845,30.907,11323,6,0
2024-11-20 21:00:00,30.906,30.976,30.771,30.85,5251,6,0
2024-11-21 00:00:00,30.84,31.031,30.833,31.013,1904,7,0
2024-11-21 03:00:00,31.017,31.152,30.946,31.151,9412,7,0
2024-11-21 06:00:00,31.151,31.259,31.094,31.246,7533,7,0
2024-11-21 09:00:00,31.246,31.307,30.992,31.132,10207,6,0
2024-11-21 12:00:00,31.136,31.145,30.992,31.028,7616,6,0
2024-11-21 15:00:00,31.023,31.138,30.69,30.83,22395,6,0
2024-11-21 18:00:00,30.831,30.907,30.64,30.89,13360,6,0
2024-11-21 21:00:00,30.892,30.908,30.749,30.787,5018,6,0
2024-11-22 00:00:00,30.781,30.833,30.731,30.81,2317,7,0
2024-11-22 03:00:00,30.804,31.019,30.804,30.921,10972,7,0
2024-11-22 06:00:00,30.92,31.111,30.771,31.08,9099,7,0
2024-11-22 09:00:00,31.08,31.403,31.075,31.24,14716,6,0
2024-11-22 12:00:00,31.242,31.397,31.22,31.351,10846,6,0
2024-11-22 15:00:00,31.35,31.395,30.939,31.245,23704,5,0
2024-11-22 18:00:00,31.246,31.308,31.103,31.272,9982,5,0
2024-11-22 21:00:00,31.272,31.325,31.2,31.324,5278,6,0
2024-11-25 00:00:00,31.283,31.468,31.133,31.207,4603,7,0
2024-11-25 03:00:00,31.208,31.213,30.693,30.818,15122,7,0
2024-11-25 06:00:00,30.819,30.865,30.514,30.695,11803,7,0
2024-11-25 09:00:00,30.695,30.841,30.641,30.795,9125,5,0
2024-11-25 12:00:00,30.794,30.853,30.686,30.735,7472,5,0
2024-11-25 15:00:00,30.736,30.867,30.061,30.101,29332,5,0
2024-11-25 18:00:00,30.101,30.312,30.08,30.256,13619,5,0
2024-11-25 21:00:00,30.256,30.377,30.244,30.298,5253,6,0
2024-11-26 00:00:00,30.285,30.316,29.978,30.096,8311,7,0
2024-11-26 03:00:00,30.096,30.409,30.049,30.377,10499,7,0
2024-11-26 06:00:00,30.377,30.407,30.234,30.248,5921,7,0
2024-11-26 09:00:00,30.247,30.443,30.113,30.44,8312,6,0
2024-11-26 12:00:00,30.441,30.584,30.432,30.558,8319,5,0
2024-11-26 15:00:00,30.558,30.69,30.286,30.471,21737,5,0
2024-11-26 18:00:00,30.471,30.531,30.298,30.357,9632,5,0
2024-11-26 21:00:00,30.357,30.523,30.324,30.437,4778,6,0
2024-11-27 00:00:00,30.422,30.443,30.334,30.355,1834,12,0
2024-11-27 03:00:00,30.358,30.531,30.263,30.5,8668,7,0
2024-11-27 06:00:00,30.499,30.646,30.458,30.644,5994,7,0
2024-11-27 09:00:00,30.644,30.7,30.469,30.504,7564,6,0
2024-11-27 12:00:00,30.503,30.521,30.375,30.406,6280,5,0
2024-11-27 15:00:00,30.411,30.585,30.086,30.091,20658,5,0
2024-11-27 18:00:00,30.09,30.195,29.972,30.074,11137,5,0
2024-11-27 21:00:00,30.072,30.113,29.996,30.089,3818,5,0
2024-11-28 00:00:00,29.978,30.156,29.977,30.106,1130,7,0
2024-11-28 03:00:00,30.105,30.144,29.637,29.802,13373,7,0
2024-11-28 06:00:00,29.802,29.95,29.781,29.891,5772,7,0
2024-11-28 09:00:00,29.891,30.053,29.812,29.987,7173,5,0
2024-11-28 12:00:00,29.988,30.126,29.983,30.092,4530,5,0
2024-11-28 15:00:00,30.091,30.25,30.031,30.213,11566,5,0
2024-11-28 18:00:00,30.212,30.289,30.199,30.245,3378,5,0
2024-11-28 21:00:00,30.249,30.249,30.215,30.217,304,8,0
2024-11-29 00:00:00,30.219,30.253,30.18,30.209,1613,7,0
2024-11-29 03:00:00,30.211,30.703,30.194,30.683,12265,7,0
2024-11-29 06:00:00,30.684,30.753,30.632,30.701,7509,7,0
2024-11-29 09:00:00,30.701,30.72,30.572,30.703,7327,5,0
2024-11-29 12:00:00,30.701999999999998,30.791,30.665,30.784,5849,5,0
2024-11-29 15:00:00,30.793,30.892,30.522,30.677,18145,5,0
2024-11-29 18:00:00,30.678,30.735,30.549,30.572,8548,5,0
2024-11-29 21:00:00,30.571,30.621,30.543,30.603,686,7,0
2024-12-02 00:00:00,30.591,30.634,30.368,30.406,4520,7,0
2024-12-02 03:00:00,30.405,30.449,30.132,30.221,13742,7,0
2024-12-02 06:00:00,30.225,30.225,30.052,30.179,6755,7,0
2024-12-02 09:00:00,30.179,30.299,30.06,30.223,9195,6,0
2024-12-02 12:00:00,30.224,30.53,30.213,30.365,8028,5,0
2024-12-02 15:00:00,30.364,30.674,30.321,30.355,16890,5,0
2024-12-02 18:00:00,30.354,30.51,30.311,30.426,7549,5,0
2024-12-02 21:00:00,30.422,30.586,30.385,30.498,4745,5,0
2024-12-03 00:00:00,30.494,30.609,30.479,30.523,2330,7,0
2024-12-03 03:00:00,30.524,30.706,30.456,30.592,11160,7,0
2024-12-03 06:00:00,30.589,30.936,30.516,30.893,8360,7,0
2024-12-03 09:00:00,30.893,31.021,30.851,31.0,9248,5,0
2024-12-03 12:00:00,31.0,31.007,30.793,30.806,6025,5,0
2024-12-03 15:00:00,30.812,31.072,30.714,30.869,21275,5,0
2024-12-03 18:00:00,30.869,31.087,30.857,31.076,10933,5,0
2024-12-03 21:00:00,31.078,31.081,30.989,31.025,3465,5,0
2024-12-04 00:00:00,31.012,31.021,30.946,30.954,1710,7,0
2024-12-04 03:00:00,30.951999999999998,31.112,30.902,30.967,9071,7,0
2024-12-04 06:00:00,30.965,31.137,30.959,31.031,6636,7,0
2024-12-04 09:00:00,31.031,31.046,30.786,30.816,7102,5,0
2024-12-04 12:00:00,30.819,30.905,30.541,30.569,7722,5,0
2024-12-04 15:00:00,30.568,31.454,30.465,31.364,24653,5,0
2024-12-04 18:00:00,31.364,31.475,31.251,31.263,11175,5,0
2024-12-04 21:00:00,31.265,31.359,31.202,31.285,5115,5,0
2024-12-05 00:00:00,31.263,31.357,31.263,31.321,1969,7,0
2024-12-05 03:00:00,31.323,31.419,31.132,31.258,9871,7,0
2024-12-05 06:00:00,31.258,31.367,31.181,31.224,8050,7,0
2024-12-05 09:00:00,31.224,31.344,31.189,31.321,6651,5,0
2024-12-05 12:00:00,31.321,31.407,31.248,31.364,5814,5,0
2024-12-05 15:00:00,31.364,31.414,31.013,31.173,21748,5,0
2024-12-05 18:00:00,31.172,31.254,31.01,31.121,12309,5,0
2024-12-05 21:00:00,31.123,31.372,31.123,31.323,4343,5,0
2024-12-06 00:00:00,31.317,31.371,31.223,31.232,2128,7,0
2024-12-06 03:00:00,31.23,31.421,30.9,31.38,13913,7,0
2024-12-06 06:00:00,31.377,31.434,31.229,31.298,8043,7,0
2024-12-06 09:00:00,31.298,31.369,31.204,31.314,6221,5,0
2024-12-06 12:00:00,31.314,31.316,31.087,31.175,5730,5,0
2024-12-06 15:00:00,31.172,31.358,30.822,31.087,32328,5,0
2024-12-06 18:00:00,31.088,31.273,31.005,31.029,12376,5,0
2024-12-06 21:00:00,31.03,31.033,30.92,30.962,3426,5,0
2024-12-09 00:00:00,30.992,31.108,30.915,30.979,4328,7,0
2024-12-09 03:00:00,30.979,31.291,30.946,30.963,13497,7,0
2024-12-09 06:00:00,30.961,31.168,30.863,31.128,7695,7,0
2024-12-09 09:00:00,31.128,31.413,31.12,31.4,9669,5,0
2024-12-09 12:00:00,31.401,31.735,31.384,31.724,8168,5,0
2024-12-09 15:00:00,31.725,32.273,31.657,32.099,25228,5,0
2024-12-09 18:00:00,32.098,32.142,31.87,31.885,14364,5,0
2024-12-09 21:00:00,31.885,31.903,31.765,31.822,5674,5,0
2024-12-10 00:00:00,31.823,31.97,31.786,31.961,2368,7,0
2024-12-10 03:00:00,31.963,32.027,31.811,31.991,12066,7,0
2024-12-10 06:00:00,31.992,32.051,31.873,31.93,7986,7,0
2024-12-10 09:00:00,31.93,31.933,31.7,31.814,7650,5,0
2024-12-10 12:00:00,31.814,31.949,31.77,31.912,8958,5,0
2024-12-10 15:00:00,31.913,32.056,31.737,31.93,20576,5,0
2024-12-10 18:00:00,31.93,32.088,31.837,32.011,10251,5,0
2024-12-10 21:00:00,32.015,32.057,31.804,31.892,4488,5,0
2024-12-11 00:00:00,31.898,32.004,31.879,31.997,3066,8,0
2024-12-11 03:00:00,31.999,32.092,31.765,31.789,11556,7,0
2024-12-11 06:00:00,31.711,31.803,31.47,31.766,8099,7,0
2024-12-11 09:00:00,31.766,31.83,31.55,31.662,10100,5,0
2024-12-11 12:00:00,31.661,31.779,31.602,31.686,8061,5,0
2024-12-11 15:00:00,31.687,32.14,31.572,32.051,22490,5,0
2024-12-11 18:00:00,32.053,32.183,31.795,31.808,10237,5,0
2024-12-11 21:00:00,31.807,31.992,31.779,31.903,4008,5,0
2024-12-12 00:00:00,31.802,32.049,31.802,32.042,1900,9,0
2024-12-12 03:00:00,32.042,32.087,31.865,32.024,11584,7,0
2024-12-12 06:00:00,32.022,32.17,31.999,32.149,5662,7,0
2024-12-12 09:00:00,32.149,32.343,32.088,32.156,7294,8,0
2024-12-12 12:00:00,32.155,32.161,31.714,31.724,8241,5,0
2024-12-12 15:00:00,31.723,31.872,30.874,30.96,24966,5,0
2024-12-12 18:00:00,30.958,31.134,30.94,31.03,11393,5,0
2024-12-12 21:00:00,31.029,31.082,30.925,30.959,4303,5,0
2024-12-13 00:00:00,30.923000000000002,30.961,30.848,30.945,2043,10,0
2024-12-13 03:00:00,30.936,31.095,30.883,30.937,8892,7,0
2024-12-13 06:00:00,30.934,31.001,30.861,30.95,4430,7,0
2024-12-13 09:00:00,30.95,30.967,30.65,30.709,8560,9,0
2024-12-13 12:00:00,30.71,30.853,30.681,30.82,6258,5,0
2024-12-13 15:00:00,30.821,30.856,30.285,30.504,17048,5,0
2024-12-13 18:00:00,30.502,30.58,30.402,30.515,7680,5,0
2024-12-13 21:00:00,30.517,30.581,30.413,30.553,3433,5,0
2024-12-16 00:00:00,30.535,30.614,30.484,30.55,2327,9,0
2024-12-16 03:00:00,30.549,30.616,30.462,30.514,9135,7,0
2024-12-16 06:00:00,30.513,30.593,30.482,30.58,5918,7,0
2024-12-16 09:00:00,30.58,30.7,30.545,30.636,5870,7,0
2024-12-16 12:00:00,30.637,30.675,30.599,30.642,4914,5,0
2024-12-16 15:00:00,30.641,30.751,30.465,30.586,12893,5,0
2024-12-16 18:00:00,30.589,30.633,30.502,30.605,5121,5,0
2024-12-16 21:00:00,30.605,30.629,30.48,30.516,2174,5,0
2024-12-17 00:00:00,30.496,30.569,30.465,30.559,1292,7,0
2024-12-17 03:00:00,30.556,30.6,30.434,30.479,6440,7,0
2024-12-17 06:00:00,30.476,30.545,30.376,30.406,4803,7,0
2024-12-17 09:00:00,30.406,30.524,30.21,30.282,6111,5,0
2024-12-17 12:00:00,30.282,30.348,30.172,30.283,5532,5,0
2024-12-17 15:00:00,30.282,30.431,30.145,30.392,16768,5,0
2024-12-17 18:00:00,30.394,30.526,30.348,30.516,8602,5,0
2024-12-17 21:00:00,30.515,30.536,30.462,30.529,3179,5,0
2024-12-18 00:00:00,30.53,30.543,30.468,30.529,1613,8,0
2024-12-18 03:00:00,30.53,30.572,30.37,30.379,7031,7,0
2024-12-18 06:00:00,30.378,30.484,30.356,30.411,4528,7,0
2024-12-18 09:00:00,30.411,30.457,30.338,30.413,6123,5,0
2024-12-18 12:00:00,30.41,30.474,30.333,30.346,4477,5,0
2024-12-18 15:00:00,30.345,30.387,30.179,30.223,13752,5,0
2024-12-18 18:00:00,30.222,30.277,30.11,30.219,7855,5,0
2024-12-18 21:00:00,30.218,30.219,29.302,29.351,26741,5,0
2024-12-19 00:00:00,29.345,29.631,29.249,29.583,3810,7,0
2024-12-19 03:00:00,29.572,29.61,29.407,29.459,8713,7,0
2024-12-19 06:00:00,29.46,29.609,29.356,29.571,5864,7,0
2024-12-19 09:00:00,29.571,29.655,29.488,29.543,10190,5,0
2024-12-19 12:00:00,29.542,29.704,29.278,29.329,9576,5,0
2024-12-19 15:00:00,29.326,29.382,28.738,28.807,22361,5,0
2024-12-19 18:00:00,28.807,29.101,28.788,29.074,13384,5,0
2024-12-19 21:00:00,29.071,29.161,29.019,29.032,6019,5,0
2024-12-20 00:00:00,28.995,29.039,28.937,28.937,2462,7,0
2024-12-20 03:00:00,28.937,29.066,28.847,28.914,10212,7,0
2024-12-20 06:00:00,28.913,29.105,28.912,29.077,5684,7,0
2024-12-20 09:00:00,29.077,29.083,28.841,28.903,7296,5,0
2024-12-20 12:00:00,28.904,28.941,28.806,28.876,6186,5,0
2024-12-20 15:00:00,28.876,29.531,28.831,29.504,21313,5,0
2024-12-20 18:00:00,29.51,29.677,29.389,29.61,11306,5,0
2024-12-20 21:00:00,29.611,29.69,29.455,29.511,5078,5,0
2024-12-23 00:00:00,29.345,29.714,29.345,29.58,2958,7,0
2024-12-23 03:00:00,29.579,29.746,29.519,29.636,5991,7,0
2024-12-23 06:00:00,29.634,29.784,29.601,29.759,5958,7,0
2024-12-23 09:00:00,29.759,29.867,29.673000000000002,29.711,7020,5,0
2024-12-23 12:00:00,29.712,29.747,29.529,29.627,7218,5,0
2024-12-23 15:00:00,29.626,29.7,29.415,29.496,14845,5,0
2024-12-23 18:00:00,29.496,29.706,29.487,29.672,8327,5,0
2024-12-23 21:00:00,29.671,29.712,29.617,29.618,3413,5,0
2024-12-24 00:00:00,29.606,29.715,29.604,29.667,1003,9,0
2024-12-24 03:00:00,29.667,29.784,29.645,29.716,4644,7,0
2024-12-24 06:00:00,29.717,29.789,29.635,29.681,4093,7,0
2024-12-24 09:00:00,29.681,29.755,29.526,29.542,4028,8,0
2024-12-24 12:00:00,29.542,29.585,29.47,29.502,4674,9,0
2024-12-24 15:00:00,29.502,29.665,29.488,29.54,9345,5,0
2024-12-24 18:00:00,29.54,29.693,29.535,29.624,3883,5,0
2024-12-26 00:00:00,29.516,29.723,29.516,29.701999999999998,1130,9,0
2024-12-26 03:00:00,29.701999999999998,29.753,29.591,29.698,4061,7,0
2024-12-26 06:00:00,29.698,29.7,29.55,29.565,2676,8,0
2024-12-26 09:00:00,29.565,29.665,29.494,29.662,2494,6,0
2024-12-26 12:00:00,29.662,29.754,29.644,29.751,2361,6,0
2024-12-26 15:00:00,29.749,29.868,29.671,29.817,11213,5,0
2024-12-26 18:00:00,29.815,29.836,29.568,29.682,7347,5,0
2024-12-26 21:00:00,29.682,29.813,29.653,29.781,2386,13,0
2024-12-27 00:00:00,29.655,29.797,29.645,29.775,1544,9,0
2024-12-27 03:00:00,29.771,29.886,29.74,29.882,6039,7,0
2024-12-27 06:00:00,29.882,29.885,29.777,29.81,5138,7,0
2024-12-27 09:00:00,29.81,29.873,29.627,29.627,4441,5,0
2024-12-27 12:00:00,29.625,29.695,29.524,29.529,4436,8,0
2024-12-27 15:00:00,29.534,29.587,29.335,29.474,14024,5,0
2024-12-27 18:00:00,29.474,29.5,29.323,29.42,7554,5,0
2024-12-27 21:00:00,29.418,29.447,29.311,29.372,4126,5,0
2024-12-30 00:00:00,29.299,29.472,29.257,29.407,1287,9,0
2024-12-30 03:00:00,29.405,29.468,29.315,29.463,4405,9,0
2024-12-30 06:00:00,29.463,29.522,29.335,29.426,4183,7,0
2024-12-30 09:00:00,29.426,29.504,29.311,29.416,5065,5,0
2024-12-30 12:00:00,29.413,29.509,29.376,29.46,4622,7,0
2024-12-30 15:00:00,29.456,29.466,28.834,28.872,13849,5,0
2024-12-30 18:00:00,28.871,28.999,28.791,28.978,8447,5,0
2024-12-30 21:00:00,28.979,29.046,28.922,28.951999999999998,3532,5,0
2024-12-31 00:00:00,28.937,28.961,28.904,28.946,1043,7,0
2024-12-31 03:00:00,28.947,29.025,28.824,28.842,4557,7,0
2024-12-31 06:00:00,28.845,28.918,28.784,28.859,4085,7,0
2024-12-31 09:00:00,28.859,28.995,28.837,28.974,5497,5,0
2024-12-31 12:00:00,28.979,29.014,28.84,28.877,4644,6,0
2024-12-31 15:00:00,28.879,29.024,28.767,28.913,13217,5,0
2024-12-31 18:00:00,28.91,28.943,28.788,28.812,7776,5,0
2024-12-31 21:00:00,28.811,28.919,28.811,28.895,1857,8,0
2025-01-02 00:00:00,28.898,29.026,28.855,29.013,1514,9,0
2025-01-02 03:00:00,29.013,29.324,28.999,29.277,9641,7,0
2025-01-02 06:00:00,29.279,29.394,29.271,29.386,5009,7,0
2025-01-02 09:00:00,29.386,29.397,29.16,29.291,6752,5,0
2025-01-02 12:00:00,29.292,29.444,29.266,29.407,6633,5,0
2025-01-02 15:00:00,29.407,29.525,29.175,29.458,18553,5,0
2025-01-02 18:00:00,29.45,29.59,29.383,29.432,13710,5,0
2025-01-02 21:00:00,29.431,29.584,29.4,29.556,6202,5,0
2025-01-03 00:00:00,29.555,29.598,29.518,29.592,1070,7,0
2025-01-03 03:00:00,29.591,29.641,29.491,29.592,7974,7,0
2025-01-03 06:00:00,29.59,29.614,29.506,29.608,4237,7,0
2025-01-03 09:00:00,29.608,29.769,29.528,29.689,6408,5,0
2025-01-03 12:00:00,29.689,29.815,29.67,29.782,4018,5,0
2025-01-03 15:00:00,29.782,29.891,29.658,29.763,14681,5,0
2025-01-03 18:00:00,29.759,29.844,29.541,29.67,10153,5,0
2025-01-03 21:00:00,29.666,29.713,29.576999999999998,29.623,3258,5,0
2025-01-06 00:00:00,29.524,29.706,29.524,29.682,1653,7,0
2025-01-06 03:00:00,29.687,29.746,29.566,29.574,8642,7,0
2025-01-06 06:00:00,29.574,29.621,29.404,29.557,5688,7,0
2025-01-06 09:00:00,29.557,29.797,29.55,29.766,5985,5,0
2025-01-06 12:00:00,29.766,30.33,29.726,30.27,9788,5,0
2025-01-06 15:00:00,30.271,30.341,29.557,30.063,26251,5,0
2025-01-06 18:00:00,30.065,30.169,29.945,29.951,10670,5,0
2025-01-06 21:00:00,29.95,29.973,29.871,29.935,5085,5,0
2025-01-07 00:00:00,29.928,29.948,29.876,29.937,1563,7,0
2025-01-07 03:00:00,29.936,30.089,29.921,30.061,6434,7,0
2025-01-07 06:00:00,30.062,30.173,30.019,30.066,4900,7,0
2025-01-07 09:00:00,30.066,30.226,30.064,30.193,4598,6,0
2025-01-07 12:00:00,30.187,30.287,30.114,30.242,4317,5,0
2025-01-07 15:00:00,30.244,30.382,29.974,30.087,21544,5,0
2025-01-07 18:00:00,30.088,30.158,30.008,30.082,12347,5,0
2025-01-07 21:00:00,30.079,30.135,30.016,30.037,4970,5,0
2025-01-08 00:00:00,30.026,30.15,30.026,30.099,1586,7,0
2025-01-08 03:00:00,30.1,30.134,29.988,30.007,5534,8,0
2025-01-08 06:00:00,30.007,30.142,29.984,30.118,5601,7,0
2025-01-08 09:00:00,30.118,30.218,30.0,30.207,7689,5,0
2025-01-08 12:00:00,30.207,30.248,30.001,30.045,9816,5,0
2025-01-08 15:00:00,30.044,30.344,30.012,30.162,23358,5,0
2025-01-08 18:00:00,30.161,30.223,29.801,29.99,14546,5,0
2025-01-08 21:00:00,29.992,30.149,29.93,30.102,7302,5,0
2025-01-09 00:00:00,30.081,30.148,30.024,30.066,1855,7,0
2025-01-09 03:00:00,30.064,30.179,30.019,30.099,8259,7,0
2025-01-09 06:00:00,30.101,30.19,30.059,30.166,5307,7,0
2025-01-09 09:00:00,30.166,30.293,30.057,30.244,6739,5,0
2025-01-09 12:00:00,30.242,30.403,30.237,30.382,5098,5,0
2025-01-09 15:00:00,30.38,30.47,30.18,30.191,8598,5,0
2025-01-09 18:00:00,30.187,30.253,29.994,30.084,4335,5,0
2025-01-09 21:00:00,30.088,30.154,30.057,30.108,1390,5,0
2025-01-10 00:00:00,30.024,30.156,30.024,30.124,1682,8,0
2025-01-10 03:00:00,30.125,30.298,30.087,30.255,5551,7,0
2025-01-10 06:00:00,30.255,30.313,30.183,30.27,4290,7,0
2025-01-10 09:00:00,30.27,30.38,30.165,30.302,5707,8,0
2025-01-10 12:00:00,30.304,30.435,30.28,30.339,5252,7,0
2025-01-10 15:00:00,30.341,30.656,29.932,30.333,27075,5,0
2025-01-10 18:00:00,30.333,30.564,30.248,30.416,14378,5,0
2025-01-10 21:00:00,30.416,30.44,30.315,30.385,4429,5,0
2025-01-13 00:00:00,30.426,30.489,30.35,30.399,2148,7,0
2025-01-13 03:00:00,30.399,30.401,30.184,30.236,7959,7,0
2025-01-13 06:00:00,30.236,30.31,30.094,30.264,4910,8,0
2025-01-13 09:00:00,30.264,30.37,29.997,30.008,7500,5,0
2025-01-13 12:00:00,30.006,30.053,29.555,29.834,9242,5,0
2025-01-13 15:00:00,29.838,29.852,29.516,29.541,16585,5,0
2025-01-13 18:00:00,29.541,29.713,29.501,29.617,7299,5,0
2025-01-13 21:00:00,29.62,29.633,29.536,29.608,3134,7,0
2025-01-14 00:00:00,29.615,29.747,29.604,29.672,1695,7,0
2025-01-14 03:00:00,29.672,29.691,29.547,29.643,6915,7,0
2025-01-14 06:00:00,29.643,29.7,29.578,29.68,5000,7,0
2025-01-14 09:00:00,29.68,29.866,29.509,29.703,5674,5,0
2025-01-14 12:00:00,29.703,29.763,29.665,29.68,3340,5,0
2025-01-14 15:00:00,29.682,29.966,29.641,29.909,14739,5,0
2025-01-14 18:00:00,29.909,29.964,29.734,29.853,6231,5,0
2025-01-14 21:00:00,29.852,29.908,29.757,29.888,3303,5,0
2025-01-15 00:00:00,29.886,29.911,29.765,29.79,950,7,0
2025-01-15 03:00:00,29.789,29.875,29.73,29.851,5896,7,0
2025-01-15 06:00:00,29.851,29.989,29.779,29.941,5229,7,0
2025-01-15 09:00:00,29.941,30.134,29.905,30.099,5132,5,0
2025-01-15 12:00:00,30.098,30.117,29.902,29.91,4428,5,0
2025-01-15 15:00:00,29.912,30.425,29.863,30.283,21620,5,0
2025-01-15 18:00:00,30.284,30.66,30.284,30.6,7514,5,0
2025-01-15 21:00:00,30.6,30.745,30.542,30.639,2833,5,0
2025-01-16 00:00:00,30.674,30.742,30.557,30.571,1615,9,0
2025-01-16 03:00:00,30.571,30.758,30.554,30.654,12211,7,0
2025-01-16 06:00:00,30.656,30.747,30.605,30.737,7662,7,0
2025-01-16 09:00:00,30.735,30.903,30.721,30.823,6198,5,0
2025-01-16 12:00:00,30.824,30.877,30.533,30.537,5663,5,0
2025-01-16 15:00:00,30.54,30.85,30.514,30.785,15233,5,0
2025-01-16 18:00:00,30.784,30.964,30.753,30.777,7737,7,0
2025-01-16 21:00:00,30.776,30.851,30.765,30.801,2790,5,0
2025-01-17 00:00:00,30.79,30.822,30.721,30.822,1277,7,0
2025-01-17 03:00:00,30.818,30.832,30.716,30.772,9063,7,0
2025-01-17 06:00:00,30.77,30.8,30.592,30.661,8777,7,0
2025-01-17 09:00:00,30.661,30.675,30.455,30.478,5846,5,0
2025-01-17 12:00:00,30.481,30.661,30.44,30.46,4661,5,0
2025-01-17 15:00:00,30.461,30.464,30.123,30.315,16470,5,0
2025-01-17 18:00:00,30.316,30.444,30.285,30.306,5720,5,0
2025-01-17 21:00:00,30.303,30.341,30.124,30.326,3156,5,0
2025-01-20 00:00:00,30.23,30.339,30.215,30.295,1947,9,0
2025-01-20 03:00:00,30.295,30.35,30.113,30.349,6315,7,0
2025-01-20 06:00:00,30.348,30.435,30.312,30.386,4082,7,0
2025-01-20 09:00:00,30.386,30.412,30.26,30.263,4234,6,0
2025-01-20 12:00:00,30.262,30.3,30.187,30.215,3443,6,0
2025-01-20 15:00:00,30.215,30.567,29.982,30.46,17212,5,0
2025-01-20 18:00:00,30.462,30.615,30.364,30.546,6244,5,0
2025-01-20 21:00:00,30.549,30.566,30.466,30.475,335,9,0
2025-01-21 00:00:00,30.483,30.638,30.243,30.263,4031,7,0
2025-01-21 03:00:00,30.263,30.72,30.182,30.61,11635,7,0
2025-01-21 06:00:00,30.618,30.677,30.541,30.555,4746,7,0
2025-01-21 09:00:00,30.555,30.654,30.327,30.459,6660,5,0
2025-01-21 12:00:00,30.457,30.608,30.426,30.567,5727,6,0
2025-01-21 15:00:00,30.569,30.738,30.487,30.65,11696,5,0
2025-01-21 18:00:00,30.648,30.834,30.615,30.83,5991,5,0
2025-01-21 21:00:00,30.83,30.852,30.738,30.83,2532,5,0
2025-01-22 00:00:00,30.81,30.863,30.725,30.853,1752,7,0
2025-01-22 03:00:00,30.848,30.902,30.73,30.889,5006,7,0
2025-01-22 06:00:00,30.886,30.941,30.757,30.823,4867,7,0
2025-01-22 09:00:00,30.823,30.938,30.765,30.928,6234,5,0
2025-01-22 12:00:00,30.928,30.951999999999998,30.686,30.78,5037,5,0
2025-01-22 15:00:00,30.784,30.896,30.559,30.7,13213,10,0
2025-01-22 18:00:00,30.701,30.902,30.657,30.88,4896,10,0
2025-01-22 21:00:00,30.881,30.895,30.787,30.807,2078,10,0
2025-01-23 00:00:00,30.797,30.837,30.739,30.828,1089,13,0
2025-01-23 03:00:00,30.824,30.857,30.567,30.576999999999998,5442,13,0
2025-01-23 06:00:00,30.578,30.703,30.576,30.64,3011,13,0
2025-01-23 09:00:00,30.64,30.665,30.411,30.551,4807,10,0
2025-01-23 12:00:00,30.545,30.608,30.264,30.404,6950,5,0
2025-01-23 15:00:00,30.404,30.432,30.085,30.149,15496,6,0
2025-01-23 18:00:00,30.151,30.5,30.1,30.455,9675,5,0
2025-01-23 21:00:00,30.455,30.484,30.391,30.432,3542,5,0
2025-01-24 00:00:00,30.43,30.476,30.427,30.467,1532,7,0
2025-01-24 03:00:00,30.467,30.816,30.433,30.764,9274,7,0
2025-01-24 06:00:00,30.764,30.869,30.736,30.817,6178,7,0
2025-01-24 09:00:00,30.817,30.946,30.739,30.839,6621,5,0
2025-01-24 12:00:00,30.839,30.951999999999998,30.801,30.879,5591,5,0
2025-01-24 15:00:00,30.879,31.02,30.539,30.635,15664,6,0
2025-01-24 18:00:00,30.635,30.832,30.612,30.694,7656,5,0
2025-01-24 21:00:00,30.694,30.716,30.556,30.6,3405,5,0
2025-01-27 00:00:00,30.46,30.62,30.174,30.516,3703,7,0
2025-01-27 03:00:00,30.516,30.567,30.149,30.356,8569,7,0
2025-01-27 06:00:00,30.356,30.36,30.177,30.273,5576,7,0
2025-01-27 09:00:00,30.273,30.495,30.105,30.456,7465,5,0
2025-01-27 12:00:00,30.456,30.606,30.437,30.518,8432,5,0
2025-01-27 15:00:00,30.518,30.537,30.115,30.371,14414,6,0
2025-01-27 18:00:00,30.371,30.379,29.698,30.088,11844,5,0
2025-01-27 21:00:00,30.088,30.242,30.088,30.199,3911,5,0
2025-01-28 00:00:00,30.2,30.247,30.12,30.141,4314,7,0
2025-01-28 03:00:00,30.141,30.219,29.994,30.019,5801,7,0
2025-01-28 06:00:00,30.019,30.147,29.965,29.979,3319,7,0
2025-01-28 09:00:00,29.979,30.122,29.882,30.106,6627,5,0
2025-01-28 12:00:00,30.106,30.192,30.084,30.178,5010,5,0
2025-01-28 15:00:00,30.178,30.393,30.074,30.32,11823,6,0
2025-01-28 18:00:00,30.316,30.488,30.235,30.456,6672,5,0
2025-01-28 21:00:00,30.456,30.461,30.332,30.397,2916,5,0
2025-01-29 00:00:00,30.404,30.475,30.394,30.452,1376,7,0
2025-01-29 03:00:00,30.452,30.483,30.375,30.388,3165,7,0
2025-01-29 06:00:00,30.388,30.467,30.34,30.363,3817,7,0
2025-01-29 09:00:00,30.363,30.541,30.281,30.421,5184,5,0
2025-01-29 12:00:00,30.421,30.54,30.41,30.538,5750,5,0
2025-01-29 15:00:00,30.538,30.983,30.412,30.871,15683,6,0
2025-01-29 18:00:00,30.871,30.907,30.585,30.714,8775,5,0
2025-01-29 21:00:00,30.714,30.906,30.579,30.83,15591,5,0
2025-01-30 00:00:00,30.833,30.889,30.799,30.874,1794,7,0
2025-01-30 03:00:00,30.874,30.898,30.811,30.889,3668,7,0
2025-01-30 06:00:00,30.889,30.916,30.808,30.91,3456,7,0
2025-01-30 09:00:00,30.91,31.071,30.879,31.041,6363,5,0
2025-01-30 12:00:00,31.041,31.13,30.963,31.099,6211,5,0
2025-01-30 15:00:00,31.099,31.726,31.098,31.588,17602,6,0
2025-01-30 18:00:00,31.588,31.647,31.333,31.574,12052,5,0
2025-01-30 21:00:00,31.574,31.659,31.435,31.627,7880,5,0
2025-01-31 00:00:00,31.605,31.692,31.484,31.504,3326,7,0
2025-01-31 03:00:00,31.504,31.599,31.09,31.52,6188,7,0
2025-01-31 06:00:00,31.52,31.52,31.292,31.432,4704,7,0
2025-01-31 09:00:00,31.432,31.64,31.42,31.621,7374,5,0
2025-01-31 12:00:00,31.621,31.705,31.51,31.664,6249,5,0
2025-01-31 15:00:00,31.664,31.705,31.383,31.472,13029,6,0
2025-01-31 18:00:00,31.472,31.607,31.262,31.29,18558,5,0
2025-01-31 21:00:00,31.29,31.381,31.171,31.305,10002,5,0
2025-02-03 00:00:00,31.431,31.528,30.694,31.125,9883,7,0
2025-02-03 03:00:00,31.125,31.132,30.678,30.808,12879,7,0
2025-02-03 06:00:00,30.808,31.161,30.805,31.121,6700,7,0
2025-02-03 09:00:00,31.121,31.265,30.97,31.133,11460,5,0
2025-02-03 12:00:00,31.134,31.38,31.125,31.334,6766,5,0
2025-02-03 15:00:00,31.334,31.533,30.961,31.398,27277,6,0
2025-02-03 18:00:00,31.4,31.675,31.298,31.574,21939,5,0
2025-02-03 21:00:00,31.574,31.626,31.457,31.564,7543,5,0
2025-02-04 00:00:00,31.511,31.581,31.464,31.547,2509,7,0
2025-02-04 03:00:00,31.547,31.631,31.439,31.515,5062,7,0
2025-02-04 06:00:00,31.515,31.515,31.352,31.49,5328,7,0
2025-02-04 09:00:00,31.49,31.693,31.412,31.625,7653,5,0
2025-02-04 12:00:00,31.625,31.695,31.58,31.685,6834,5,0
2025-02-04 15:00:00,31.685,32.318,31.667,31.957,19328,6,0
2025-02-04 18:00:00,31.951,32.375,31.881,32.285,11502,5,0
2025-02-04 21:00:00,32.285,32.325,32.043,32.124,4749,5,0
2025-02-05 00:00:00,32.113,32.184,31.926,32.031,3168,7,0
2025-02-05 03:00:00,32.031,32.262,31.963,32.221,12478,7,0
2025-02-05 06:00:00,32.221,32.361,32.197,32.24,4902,7,0
2025-02-05 09:00:00,32.24,32.48,32.173,32.467,7438,5,0
2025-02-05 12:00:00,32.467,32.551,32.234,32.391,6572,5,0
2025-02-05 15:00:00,32.391,32.525,32.061,32.492,19291,6,0
2025-02-05 18:00:00,32.492,32.542,32.248,32.353,11687,5,0
2025-02-05 21:00:00,32.353,32.403,32.205,32.3,5669,5,0
2025-02-06 00:00:00,32.284,32.397,32.233,32.395,2592,7,0
2025-02-06 03:00:00,32.395,32.42,32.207,32.222,7423,7,0
2025-02-06 06:00:00,32.222,32.354,32.16,32.202,5275,7,0
2025-02-06 09:00:00,32.202,32.266,31.794,32.044,8054,5,0
2025-02-06 12:00:00,32.044,32.12,31.907,32.027,6132,5,0
2025-02-06 15:00:00,32.026,32.145,31.736,32.068,18163,6,0
2025-02-06 18:00:00,32.068,32.27,32.067,32.238,7622,5,0
2025-02-06 21:00:00,32.238,32.274,32.17,32.2,4960,5,0
2025-02-07 00:00:00,32.216,32.254,32.164,32.24,1722,7,0
2025-02-07 03:00:00,32.24,32.308,32.217,32.255,6174,7,0
2025-02-07 06:00:00,32.255,32.266,32.13,32.209,4754,7,0
2025-02-07 09:00:00,32.209,32.406,32.17,32.326,5510,5,0
2025-02-07 12:00:00,32.326,32.329,32.175,32.2,4075,5,0
2025-02-07 15:00:00,32.2,32.645,31.944,32.447,24763,6,0
2025-02-07 18:00:00,32.447,32.458,31.84,31.858,21632,5,0
2025-02-07 21:00:00,31.858,31.937,31.767,31.783,6868,5,0
2025-02-10 00:00:00,31.701,31.928,31.613,31.918,3760,7,0
2025-02-10 03:00:00,31.918,32.034,31.835,32.021,8034,7,0
2025-02-10 06:00:00,32.021,32.081,31.964,32.052,4239,7,0
2025-02-10 09:00:00,32.052,32.313,32.025,32.3,5040,5,0
2025-02-10 12:00:00,32.3,32.333,32.191,32.198,5227,5,0
2025-02-10 15:00:00,32.198,32.297,31.912,32.184,14954,6,0
2025-02-10 18:00:00,32.184,32.221,31.94,32.065,8210,5,0
2025-02-10 21:00:00,32.065,32.123,32.013,32.027,2653,5,0
2025-02-11 00:00:00,31.961,32.204,31.961,32.187,2976,7,0
2025-02-11 03:00:00,32.187,32.242,31.625,31.888,12873,7,0
2025-02-11 06:00:00,31.888,32.038,31.795,31.824,6563,7,0
2025-02-11 09:00:00,31.824,31.901,31.672,31.747,7358,5,0
2025-02-11 12:00:00,31.747,31.81,31.483,31.567,6083,5,0
2025-02-11 15:00:00,31.567,31.943,31.249,31.925,18828,6,0
2025-02-11 18:00:00,31.925,31.959,31.839,31.893,5940,5,0
2025-02-11 21:00:00,31.893,31.917,31.772,31.803,2965,5,0
2025-02-12 00:00:00,31.812,31.849,31.738,31.746,1562,7,0
2025-02-12 03:00:00,31.746,31.936,31.669,31.844,8052,7,0
2025-02-12 06:00:00,31.844,31.898,31.732,31.884,5592,7,0
2025-02-12 09:00:00,31.884,31.939,31.715,31.734,5796,5,0
2025-02-12 12:00:00,31.734,31.884,31.698,31.754,5758,5,0
2025-02-12 15:00:00,31.754,32.205,31.489,32.192,22065,6,0
2025-02-12 18:00:00,32.192,32.361,32.078,32.238,9915,5,0
2025-02-12 21:00:00,32.238,32.248,32.149,32.216,4498,5,0
2025-02-13 00:00:00,32.21,32.329,32.194,32.301,2065,7,0
2025-02-13 03:00:00,32.301,32.32,32.17,32.279,8633,7,0
2025-02-13 06:00:00,32.279,32.386,32.259,32.326,6066,7,0
2025-02-13 09:00:00,32.326,32.398,32.196,32.27,7735,5,0
2025-02-13 12:00:00,32.27,32.338,32.204,32.263,6459,5,0
2025-02-13 15:00:00,32.263,32.3,31.986,32.224,17307,6,0
2025-02-13 18:00:00,32.224,32.282,32.094,32.252,9806,5,0
2025-02-13 21:00:00,32.252,32.413,32.25,32.31,4614,5,0
2025-02-14 00:00:00,32.187,32.396,32.187,32.292,2341,7,0
2025-02-14 03:00:00,32.292,32.513,32.292,32.427,8399,7,0
2025-02-14 06:00:00,32.427,32.989,32.425,32.976,8847,7,0
2025-02-14 09:00:00,32.976,33.293,32.934,33.269,8721,5,0
2025-02-14 12:00:00,33.269,33.36,33.078,33.193,7946,5,0
2025-02-14 15:00:00,33.193,33.392,32.653,32.728,29535,6,0
2025-02-14 18:00:00,32.728,32.737,32.248,32.324,14820,5,0
2025-02-14 21:00:00,32.324,32.38,32.065,32.138,4618,5,0
2025-02-17 00:00:00,32.151,32.223,31.953,32.036,4807,7,0
2025-02-17 03:00:00,32.036,32.477,31.909,32.445,8713,7,0
2025-02-17 06:00:00,32.445,32.468,31.981,32.154,6531,7,0
2025-02-17 09:00:00,32.154,32.462,32.116,32.443,5670,5,0
2025-02-17 12:00:00,32.443,32.486,32.288,32.289,5019,5,0
2025-02-17 15:00:00,32.289,32.399,32.194,32.308,7554,6,0
2025-02-17 18:00:00,32.308,32.43,32.263,32.426,2896,5,0
2025-02-17 21:00:00,32.426,32.428,32.354,32.354,284,5,0
2025-02-18 00:00:00,32.349,32.411,32.293,32.36,1399,7,0
2025-02-18 03:00:00,32.36,32.416,32.07,32.372,9972,7,0
2025-02-18 06:00:00,32.372,32.48,32.299,32.419,7325,7,0
2025-02-18 09:00:00,32.419,32.526,32.319,32.503,6656,5,0
2025-02-18 12:00:00,32.503,32.506,32.41,32.471,4870,5,0
2025-02-18 15:00:00,32.471,32.677,32.382,32.664,14649,6,0
2025-02-18 18:00:00,32.667,32.915,32.634,32.849,9263,5,0
2025-02-18 21:00:00,32.849,32.888,32.79,32.869,3469,5,0
2025-02-19 00:00:00,32.743,32.946,32.725,32.893,1851,7,0
2025-02-19 03:00:00,32.893,32.903,32.462,32.629,9621,7,0
2025-02-19 06:00:00,32.629,32.861,32.609,32.784,5942,7,0
2025-02-19 09:00:00,32.785,32.997,32.759,32.985,5613,5,0
2025-02-19 12:00:00,32.985,33.071,32.823,32.831,5752,5,0
2025-02-19 15:00:00,32.831,32.972,32.457,32.467,19281,6,0
2025-02-19 18:00:00,32.465,32.698,32.438,32.607,10094,5,0
2025-02-19 21:00:00,32.607,32.777,32.604,32.691,4968,5,0
2025-02-20 00:00:00,32.717,32.775,32.578,32.775,1740,7,0
2025-02-20 03:00:00,32.775,32.851,32.623,32.816,8231,7,0
2025-02-20 06:00:00,32.816,32.907,32.768,32.9,4941,7,0
2025-02-20 09:00:00,32.9,33.111,32.88,33.098,4805,5,0
2025-02-20 12:00:00,33.098,33.207,32.982,33.093,5777,5,0
2025-02-20 15:00:00,33.093,33.163,32.781,32.966,19768,6,0
2025-02-20 18:00:00,32.966,33.104,32.91,33.054,8553,5,0
2025-02-20 21:00:00,33.054,33.055,32.834,32.935,3981,5,0
2025-02-21 00:00:00,32.931,32.983,32.862,32.884,1789,7,0
2025-02-21 03:00:00,32.884,33.063,32.823,32.873,10140,7,0
2025-02-21 06:00:00,32.873,32.931,32.738,32.915,7241,7,0
2025-02-21 09:00:00,32.915,33.011,32.675,32.902,8017,5,0
2025-02-21 12:00:00,32.902,33.016,32.836,32.846,5254,5,0
2025-02-21 15:00:00,32.846,33.021,32.497,32.58,20033,6,0
2025-02-21 18:00:00,32.579,32.779,32.526,32.73,11874,5,0
2025-02-21 21:00:00,32.73,32.735,32.486,32.492,6079,5,0
2025-02-24 00:00:00,32.444,32.7,32.364,32.535,3423,7,0
2025-02-24 03:00:00,32.526,32.757,32.355,32.67,13270,7,0
2025-02-24 06:00:00,32.67,32.722,32.554,32.634,7620,7,0
2025-02-24 09:00:00,32.634,32.691,32.454,32.535,7010,5,0
2025-02-24 12:00:00,32.535,32.562,32.416,32.552,6140,5,0
2025-02-24 15:00:00,32.552,32.733,32.089,32.167,20832,6,0
2025-02-24 18:00:00,32.166,32.35,32.162,32.32,8325,5,0
2025-02-24 21:00:00,32.32,32.416,32.311,32.346,4206,5,0
2025-02-25 00:00:00,32.298,32.385,32.236,32.263,2235,7,0
2025-02-25 03:00:00,32.263,32.481,32.249,32.394,8740,7,0
2025-02-25 06:00:00,32.394,32.407,32.256,32.286,5540,7,0
2025-02-25 09:00:00,32.286,32.377,32.027,32.195,8419,5,0
2025-02-25 12:00:00,32.195,32.274,31.713,31.839,8548,5,0
2025-02-25 15:00:00,31.839,32.189,31.469,31.502,25257,6,0
2025-02-25 18:00:00,31.503,31.65,31.284,31.571,18095,5,0
2025-02-25 21:00:00,31.571,31.783,31.435,31.725,8284,5,0
2025-02-26 00:00:00,31.669,31.821,31.669,31.727,2769,7,0
2025-02-26 03:00:00,31.727,31.813,31.68,31.771,9052,7,0
2025-02-26 06:00:00,31.771,31.807,31.593,31.593,6956,7,0
2025-02-26 09:00:00,31.593,31.921,31.572,31.763,7264,5,0
2025-02-26 12:00:00,31.763,31.845,31.701,31.789,4723,5,0
2025-02-26 15:00:00,31.789,31.866,31.49,31.837,17717,6,0
2025-02-26 18:00:00,31.837,31.953,31.769,31.801,11371,5,0
2025-02-26 21:00:00,31.801,31.882,31.723,31.83,5105,5,0
2025-02-27 00:00:00,31.922,31.927,31.828,31.892,2374,7,0
2025-02-27 03:00:00,31.892,31.937,31.701,31.716,7154,7,0
2025-02-27 06:00:00,31.717,31.793,31.531,31.771,6984,7,0
2025-02-27 09:00:00,31.771,31.871,31.61,31.774,9498,5,0
2025-02-27 12:00:00,31.774,31.902,31.71,31.858,5436,5,0
2025-02-27 15:00:00,31.858,31.915,31.264,31.434,26325,6,0
2025-02-27 18:00:00,31.434,31.541,31.335,31.489,10015,5,0
2025-02-27 21:00:00,31.489,31.495,31.181,31.252,7951,5,0
2025-02-28 00:00:00,31.267,31.282,31.158,31.231,2435,7,0
2025-02-28 03:00:00,31.231,31.397,31.193,31.238,9920,7,0
2025-02-28 06:00:00,31.238,31.277,31.142,31.206,7067,7,0
2025-02-28 09:00:00,31.206,31.219,30.997,31.141,7110,5,0
2025-02-28 12:00:00,31.141,31.172,31.01,31.068,5545,5,0
2025-02-28 15:00:00,31.068,31.208,30.803,31.151,21917,6,0
2025-02-28 18:00:00,31.151,31.2,30.922,30.965,11705,5,0
2025-02-28 21:00:00,30.965,31.159,30.96,31.141,6300,5,0
2025-03-03 00:00:00,31.057,31.314,31.056,31.14,4958,8,0
2025-03-03 03:00:00,31.14,31.402,31.132,31.294,8054,7,0
2025-03-03 06:00:00,31.294,31.329,31.164,31.253,4600,7,0
2025-03-03 09:00:00,31.253,31.428,31.116,31.412,7700,5,0
2025-03-03 12:00:00,31.412,31.654,31.376,31.637,6887,5,0
2025-03-03 15:00:00,31.637,31.84,31.564,31.762,20240,5,0
2025-03-03 18:00:00,31.762,31.816,31.616,31.751,12871,5,0
2025-03-03 21:00:00,31.751,31.803,31.487,31.684,11580,5,0
2025-03-04 00:00:00,31.677,31.708,31.614,31.701999999999998,2567,7,0
2025-03-04 03:00:00,31.701999999999998,31.726,31.494,31.647,7413,7,0
2025-03-04 06:00:00,31.647,31.748,31.607,31.698,5998,7,0
2025-03-04 09:00:00,31.698,31.909,31.629,31.869,9550,5,0
2025-03-04 12:00:00,31.869,31.969,31.76,31.959,8299,5,0
2025-03-04 15:00:00,31.958,31.988,31.462,31.542,25489,6,0
2025-03-04 18:00:00,31.542,31.843,31.506,31.836,14171,5,0
2025-03-04 21:00:00,31.836,32.012,31.807,31.954,9245,5,0
2025-03-05 00:00:00,31.967,31.985,31.865,31.866,2614,7,0
2025-03-05 03:00:00,31.866,32.001,31.768,31.967,11156,7,0
2025-03-05 06:00:00,31.967,32.17,31.96,32.118,5760,7,0
2025-03-05 09:00:00,32.118,32.364,32.118,32.323,9745,5,0
2025-03-05 12:00:00,32.323,32.403,32.174,32.319,9346,5,0
2025-03-05 15:00:00,32.319,32.531,31.934,32.481,29130,6,0
2025-03-05 18:00:00,32.481,32.619,32.42,32.6,18343,5,0
2025-03-05 21:00:00,32.6,32.706,32.577,32.614,7592,5,0
2025-03-06 00:00:00,32.594,32.709,32.549,32.554,2111,8,0
2025-03-06 03:00:00,32.554,32.675,32.489,32.594,8208,7,0
2025-03-06 06:00:00,32.594,32.629,32.486,32.609,5738,7,0
2025-03-06 09:00:00,32.609,32.647,32.255,32.321,11400,5,0
2025-03-06 12:00:00,32.321,32.454,32.282,32.365,9256,5,0
2025-03-06 15:00:00,32.365,32.724,32.28,32.685,22492,6,0
2025-03-06 18:00:00,32.685,32.761,32.58,32.664,12846,5,0
2025-03-06 21:00:00,32.664,32.759,32.582,32.617,9136,5,0
2025-03-07 00:00:00,32.648,32.694,32.533,32.558,2699,9,0
2025-03-07 03:00:00,32.558,32.607,32.433,32.571,7744,7,0
2025-03-07 06:00:00,32.571,32.642,32.524,32.575,5801,7,0
2025-03-07 09:00:00,32.575,32.667,32.547,32.639,6919,5,0
2025-03-07 12:00:00,32.639,32.654,32.389,32.398,6088,5,0
2025-03-07 15:00:00,32.398,32.604,32.167,32.327,31473,6,0
2025-03-07 18:00:00,32.327,32.379,32.101,32.355,20987,5,0
2025-03-07 21:00:00,32.355,32.53,32.318,32.505,7979,5,0
2025-03-10 00:00:00,32.409,32.64,32.333,32.574,4399,9,0
2025-03-10 03:00:00,32.574,32.665,32.32,32.388,10447,7,0
2025-03-10 06:00:00,32.388,32.454,32.344,32.41,6224,7,0
2025-03-10 09:00:00,32.41,32.619,32.324,32.365,11275,5,0
2025-03-10 12:00:00,32.365,32.629,32.332,32.484,12385,5,0
2025-03-10 15:00:00,32.484,32.559,32.157,32.246,24214,6,0
2025-03-10 18:00:00,32.246,32.32,32.0,32.025,18795,5,0
2025-03-10 21:00:00,32.025,32.146,31.933,32.098,12294,5,0
2025-03-11 00:00:00,32.103,32.132,31.975,32.011,3212,9,0
2025-03-11 03:00:00,32.011,32.205,31.802,32.163,12257,7,0
2025-03-11 06:00:00,32.163,32.207,32.02,32.083,6181,7,0
2025-03-11 09:00:00,32.083,32.415,32.081,32.412,10039,5,0
2025-03-11 12:00:00,32.412,32.565,32.412,32.545,8062,5,0
2025-03-11 15:00:00,32.545,32.945,32.426,32.73,24002,6,0
2025-03-11 18:00:00,32.73,32.851,32.622,32.78,18660,5,0
2025-03-11 21:00:00,32.78,32.972,32.777,32.928,11602,5,0
2025-03-12 00:00:00,32.946,32.982,32.838,32.847,2274,7,0
2025-03-12 03:00:00,32.847,32.847,32.726,32.76,7263,7,0
2025-03-12 06:00:00,32.76,32.857,32.725,32.79,5618,7,0
2025-03-12 09:00:00,32.79,33.037,32.702,33.034,9873,5,0
2025-03-12 12:00:00,33.034,33.086,32.989,33.037,7445,5,0
2025-03-12 15:00:00,33.037,33.216,32.881,33.108,27441,6,0
2025-03-12 18:00:00,33.108,33.316,33.02,33.225,15453,5,0
2025-03-12 21:00:00,33.225,33.316,33.149,33.254,6779,5,0
2025-03-13 00:00:00,33.222,33.279,33.218,33.272,1619,7,0
2025-03-13 03:00:00,33.272,33.32,33.147,33.276,6123,7,0
2025-03-13 06:00:00,33.276,33.278,33.042,33.062,5858,7,0
2025-03-13 09:00:00,33.062,33.117,32.93,33.036,8639,5,0
2025-03-13 12:00:00,33.036,33.22,32.986,33.149,7367,5,0
2025-03-13 15:00:00,33.149,33.443,32.971,33.418,20511,6,0
2025-03-13 18:00:00,33.417,33.957,33.375,33.64,25371,5,0
2025-03-13 21:00:00,33.64,33.88,33.627,33.864,8981,5,0
2025-03-14 00:00:00,33.88,33.925,33.802,33.858,2323,7,0
2025-03-14 03:00:00,33.858,33.885,33.67,33.785,9684,7,0
2025-03-14 06:00:00,33.785,33.946,33.768,33.856,6604,7,0
2025-03-14 09:00:00,33.856,33.986,33.787,33.976,9548,5,0
2025-03-14 12:00:00,33.976,34.002,33.735,33.885,10604,5,0
2025-03-14 15:00:00,33.885,34.075,33.525,33.638,21839,6,0
2025-03-14 18:00:00,33.638,33.816,33.528,33.776,11984,5,0
2025-03-14 21:00:00,33.776,33.817,33.645,33.741,5469,5,0
2025-03-17 00:00:00,33.859,33.859,33.765,33.783,3350,7,0
2025-03-17 03:00:00,33.783,33.894,33.733,33.817,7963,7,0
2025-03-17 06:00:00,33.817,33.85,33.677,33.797,5062,7,0
2025-03-17 09:00:00,33.797,33.858,33.647,33.745,6555,5,0
2025-03-17 12:00:00,33.745,33.866,33.707,33.762,5967,5,0
2025-03-17 15:00:00,33.762,33.794,33.433,33.682,19694,6,0
2025-03-17 18:00:00,33.682,33.83,33.604,33.801,9420,5,0
2025-03-17 21:00:00,33.801,33.88,33.776,33.844,4382,5,0
2025-03-18 00:00:00,33.824,33.878,33.742,33.747,1500,7,0
2025-03-18 03:00:00,33.747,33.924,33.746,33.869,8645,7,0
2025-03-18 06:00:00,33.869,33.936,33.835,33.914,5525,7,0
2025-03-18 09:00:00,33.914,34.11,33.855,34.098,6910,5,0
2025-03-18 12:00:00,34.099,34.125,34.011,34.092,6976,5,0
2025-03-18 15:00:00,34.092,34.232,33.868,33.9,22054,6,0
2025-03-18 18:00:00,33.9,34.149,33.861,33.996,11710,5,0
2025-03-18 21:00:00,33.996,34.097,33.904,33.998,6248,5,0
2025-03-19 00:00:00,34.015,34.021,33.932,33.951,1691,7,0
2025-03-19 03:00:00,33.951,34.059,33.868,34.028,6416,7,0
2025-03-19 06:00:00,34.028,34.09,33.955,34.069,5701,7,0
2025-03-19 09:00:00,34.069,34.072,33.645,33.699,9767,5,0
2025-03-19 12:00:00,33.699,33.92,33.559,33.92,7042,5,0
2025-03-19 15:00:00,33.92,33.938,33.461,33.518,16671,6,0
2025-03-19 18:00:00,33.518,33.626,33.465,33.489,10146,5,0
2025-03-19 21:00:00,33.489,33.936,33.447,33.789,14821,5,0
2025-03-20 00:00:00,33.714,33.911,33.672,33.907,1620,7,0
2025-03-20 03:00:00,33.907,33.943,33.771,33.796,6897,5,0
2025-03-20 06:00:00,33.796,33.932,33.723,33.809,4905,7,0
2025-03-20 09:00:00,33.809,33.929,33.47,33.563,6446,5,0
2025-03-20 12:00:00,33.563,33.622,33.098,33.374,9488,5,0
2025-03-20 15:00:00,33.374,33.518,33.216,33.509,17550,6,0
2025-03-20 18:00:00,33.509,33.511,33.36,33.412,10101,5,0
2025-03-20 21:00:00,33.412,33.587,33.391,33.569,4937,5,0
2025-03-21 00:00:00,33.58,33.589,33.464,33.538,1431,7,0
2025-03-21 03:00:00,33.538,33.546,33.224,33.254,8078,7,0
2025-03-21 06:00:00,33.254,33.254,32.956,33.023,6506,7,0
2025-03-21 09:00:00,33.023,33.219,32.957,33.061,9370,5,0
2025-03-21 12:00:00,33.061,33.209,32.936,33.181,7508,5,0
2025-03-21 15:00:00,33.181,33.248,32.659,32.913,22229,6,0
2025-03-21 18:00:00,32.913,33.032,32.836,32.948,11124,5,0
2025-03-21 21:00:00,32.948,33.052,32.854,33.02,5085,5,0
2025-03-24 00:00:00,32.862,33.093,32.862,33.057,2411,7,0
2025-03-24 03:00:00,33.057,33.188,32.942,33.051,8184,7,0
2025-03-24 06:00:00,33.051,33.197,33.046,33.178,4550,7,0
2025-03-24 09:00:00,33.178,33.3,33.084,33.242,7451,5,0
2025-03-24 12:00:00,33.242,33.256,33.091,33.092,6699,5,0
2025-03-24 15:00:00,33.092,33.234,32.975,33.03,13038,6,0
2025-03-24 18:00:00,33.03,33.075,32.908,32.958,8092,5,0
2025-03-24 21:00:00,32.958,33.042,32.887,33.002,3681,5,0
2025-03-25 00:00:00,33.02,33.028,32.914,32.928,1279,7,0
2025-03-25 03:00:00,32.928,33.089,32.917,33.042,5224,7,0
2025-03-25 06:00:00,33.042,33.176,33.039,33.138,4269,7,0
2025-03-25 09:00:00,33.138,33.294,33.093,33.289,4705,5,0
2025-03-25 12:00:00,33.289,33.541,33.227,33.428,5171,5,0
2025-03-25 15:00:00,33.428,33.8,33.36,33.685,17118,6,0
2025-03-25 18:00:00,33.686,33.706,33.533,33.635,8779,5,0
2025-03-25 21:00:00,33.635,33.726,33.617,33.711,3914,5,0
2025-03-26 00:00:00,33.727,33.748,33.64,33.67,1510,7,0
2025-03-26 03:00:00,33.67,33.809,33.626,33.796,7002,7,0
2025-03-26 06:00:00,33.796,33.796,33.549,33.628,5394,7,0
2025-03-26 09:00:00,33.627,33.793,33.597,33.64,6408,5,0
2025-03-26 12:00:00,33.64,33.789,33.623,33.774,4953,5,0
2025-03-26 15:00:00,33.774,33.925,33.516,33.684,14647,0,0
2025-03-26 18:00:00,33.684,33.762,33.582,33.651,13708,0,0
2025-03-26 21:00:00,33.652,33.682,33.507,33.635,5088,2,0
2025-03-27 00:00:00,33.546,33.674,33.546,33.64,2334,2,0
2025-03-27 03:00:00,33.64,33.73,33.598,33.705,8001,2,0
2025-03-27 06:00:00,33.704,33.759,33.635,33.639,4515,2,0
2025-03-27 09:00:00,33.639,33.777,33.628,33.736,5989,2,0
2025-03-27 12:00:00,33.736,34.093,33.655,34.092,9492,2,0
2025-03-27 15:00:00,34.091,34.266,33.702,34.241,21101,0,0
2025-03-27 18:00:00,34.241,34.4,34.132,34.304,14721,0,0
2025-03-27 21:00:00,34.304,34.467,34.293,34.407,8933,2,0
2025-03-28 00:00:00,34.166,34.464,34.166,34.414,1278,2,0
2025-03-28 03:00:00,34.414,34.493,34.228,34.252,10987,2,0
2025-03-28 06:00:00,34.252,34.364,34.161,34.282,5705,2,0
2025-03-28 09:00:00,34.282,34.497,34.255,34.494,10269,0,0
2025-03-28 12:00:00,34.494,34.517,34.359,34.409,8371,1,0
2025-03-28 15:00:00,34.409,34.578,33.983,34.023,26552,6,0
2025-03-28 18:00:00,34.02,34.238,33.98,34.043,15853,5,0
2025-03-28 21:00:00,34.043,34.136,33.925,34.095,7254,5,0
2025-03-31 00:00:00,34.117,34.242,34.099,34.211,4177,7,0
2025-03-31 03:00:00,34.211,34.307,33.889,34.294,13750,7,0
2025-03-31 06:00:00,34.294,34.423,34.217,34.372,9063,7,0
2025-03-31 09:00:00,34.372,34.464,34.216,34.219,12682,5,0
2025-03-31 12:00:00,34.219,34.239,34.005,34.149,9520,5,0
2025-03-31 15:00:00,34.149,34.206,33.5,33.906,27216,6,0
2025-03-31 18:00:00,33.906,33.98,33.763,33.928,14077,5,0
2025-03-31 21:00:00,33.928,34.09,33.91,34.071,6605,5,0
2025-04-01 00:00:00,34.052,34.109,33.962,34.04,2555,7,0
2025-04-01 03:00:00,34.039,34.193,33.947,34.159,11271,7,0
2025-04-01 06:00:00,34.158,34.204,33.96,33.994,7548,7,0
2025-04-01 09:00:00,33.994,34.089,33.818,34.02,11094,5,0
2025-04-01 12:00:00,34.02,34.086,33.814,33.855,8414,5,0
2025-04-01 15:00:00,33.855,34.024,33.677,33.927,21595,6,0
2025-04-01 18:00:00,33.928,33.968,33.47,33.643,18983,5,0
2025-04-01 21:00:00,33.643,33.725,33.542,33.668,6228,5,0
2025-04-02 00:00:00,33.692,33.73,33.653,33.666,2390,7,0
2025-04-02 03:00:00,33.666,33.869,33.601,33.829,8424,7,0
2025-04-02 06:00:00,33.829,33.903,33.728,33.855,6622,7,0
2025-04-02 09:00:00,33.855,34.012,33.633,33.961,8199,5,0
2025-04-02 12:00:00,33.961,34.049,33.806,33.832,8537,5,0
2025-04-02 15:00:00,33.832,34.005,33.659,33.961,19839,6,0
2025-04-02 18:00:00,33.961,34.032,33.741,33.784,13996,5,0
2025-04-02 21:00:00,33.783,34.138,33.696,33.839,14987,5,0
2025-04-03 00:00:00,33.805,33.912,32.732,33.791,10896,7,0
2025-04-03 03:00:00,33.791,33.961,33.362,33.542,18809,7,0
2025-04-03 06:00:00,33.542,33.579,33.082,33.25,11746,7,0
2025-04-03 09:00:00,33.25,33.311,32.975,33.065,14758,5,0
2025-04-03 12:00:00,33.065,33.069,32.365,32.454,17701,5,0
2025-04-03 15:00:00,32.454,32.474,31.748,32.368,35531,6,0
2025-04-03 18:00:00,32.367,32.426,31.854,32.022,21276,5,0
2025-04-03 21:00:00,32.022,32.04,31.715,31.835,9790,5,0
2025-04-04 00:00:00,31.81,31.981,31.789,31.902,3552,7,0
2025-04-04 03:00:00,31.902,31.982,31.505,31.557,11396,7,0
2025-04-04 06:00:00,31.557,31.681,31.399,31.629,10491,7,0
2025-04-04 09:00:00,31.629,31.686,31.155,31.377,13971,5,0
2025-04-04 12:00:00,31.377,31.545,30.891,31.208,21996,5,0
2025-04-04 15:00:00,31.212,31.23,29.363,29.668,37710,5,0
2025-04-04 18:00:00,29.666,30.119,29.185,29.593,29846,5,0
2025-04-04 21:00:00,29.593,29.799,29.323,29.56,12928,5,0
2025-04-07 00:00:00,28.95,29.166,28.218,28.665,7866,7,0
2025-04-07 03:00:00,28.665,30.817,28.453,30.357,28228,7,0
2025-04-07 06:00:00,30.355,30.391,29.933,29.999,15181,7,0
2025-04-07 09:00:00,29.999,30.405,29.716,30.277,23203,5,0
2025-04-07 12:00:00,30.277,30.525,30.0,30.138,22224,5,0
2025-04-07 15:00:00,30.143,30.588,29.781,30.11,44674,6,0
2025-04-07 18:00:00,30.11,30.295,29.593,29.871,35972,5,0
2025-04-07 21:00:00,29.865,30.108,29.696,30.06,18170,5,0
2025-04-08 00:00:00,30.059,30.124,29.895,30.012,3450,7,0
2025-04-08 03:00:00,30.012,30.192,29.835,30.116,15836,7,0
2025-04-08 06:00:00,30.116,30.175,30.0,30.115,9744,7,0
2025-04-08 09:00:00,30.115,30.283,30.006,30.262,15630,5,0
2025-04-08 12:00:00,30.262,30.418,30.069,30.403,11504,5,0
2025-04-08 15:00:00,30.403,30.529,30.154,30.164,25694,6,0
2025-04-08 18:00:00,30.164,30.201,29.686,29.905,25086,5,0
2025-04-08 21:00:00,29.905,30.075,29.619,29.79,16106,5,0
2025-04-09 00:00:00,29.84,29.875,29.377,29.59,4677,7,0
2025-04-09 03:00:00,29.595,29.948,29.331,29.873,16111,7,0
2025-04-09 06:00:00,29.873,29.949,29.703,29.932,10425,7,0
2025-04-09 09:00:00,29.932,30.426,29.919,30.381,16463,5,0
2025-04-09 12:00:00,30.381,30.666,30.074,30.61,15318,5,0
2025-04-09 15:00:00,30.61,30.66,30.136,30.2,28255,6,0
2025-04-09 18:00:00,30.201,30.877,30.172,30.79,25476,5,0
2025-04-09 21:00:00,30.79,31.047,30.605,31.01,24714,5,0
2025-04-10 00:00:00,30.962,31.068,30.811,30.923000000000002,3642,7,0
2025-04-10 03:00:00,30.923000000000002,31.166,30.798000000000002,31.101,15009,7,0
2025-04-10 06:00:00,31.101,31.273,30.993,31.244,8296,7,0
2025-04-10 09:00:00,31.244,31.31,30.717,30.906,13994,5,0
2025-04-10 12:00:00,30.906,31.018,30.692,30.911,11623,5,0
2025-04-10 15:00:00,30.911,31.083,30.566,31.048,26791,6,0
2025-04-10 18:00:00,31.048,31.198,30.674,30.939,27366,5,0
2025-04-10 21:00:00,30.939,31.242,30.875,31.203,15244,5,0
2025-04-11 00:00:00,31.241,31.296,31.116,31.171,4860,7,0
2025-04-11 03:00:00,31.171,31.352,30.904,31.168,18138,7,0
2025-04-11 06:00:00,31.168,31.377,31.137,31.256,10590,7,0
2025-04-11 09:00:00,31.256,31.493,31.202,31.345,16668,5,0
2025-04-11 12:00:00,31.345,31.518,31.211,31.469,15529,5,0
2025-04-11 15:00:00,31.467,32.053,31.35,32.03,28963,6,0
2025-04-11 18:00:00,32.03,32.268,31.845,32.119,21582,5,0
2025-04-11 21:00:00,32.119,32.279,32.081,32.267,8978,5,0
2025-04-14 00:00:00,32.244,32.299,31.975,32.078,6031,7,0
2025-04-14 03:00:00,32.078,32.144,31.816,31.865,13684,7,0
2025-04-14 06:00:00,31.865,32.035,31.813,32.011,6580,7,0
2025-04-14 09:00:00,32.011,32.323,31.947,32.296,10166,5,0
2025-04-14 12:00:00,32.296,32.379,32.136,32.266,9686,5,0
2025-04-14 15:00:00,32.266,32.396,31.733,32.097,21936,6,0
2025-04-14 18:00:00,32.097,32.309,31.93,32.277,12398,5,0
2025-04-14 21:00:00,32.277,32.37,32.216,32.337,5415,5,0
2025-04-15 00:00:00,32.349,32.381,32.282,32.295,2019,7,0
2025-04-15 03:00:00,32.295,32.316,32.146,32.236,8014,7,0
2025-04-15 06:00:00,32.236,32.377,32.165,32.281,5889,7,0
2025-04-15 09:00:00,32.281,32.398,32.202,32.313,9652,5,0
2025-04-15 12:00:00,32.313,32.385,32.209,32.263,6826,5,0
2025-04-15 15:00:00,32.264,32.37,32.151,32.172,16137,6,0
2025-04-15 18:00:00,32.172,32.349,32.09,32.312,8317,5,0
2025-04-15 21:00:00,32.312,32.365,32.274,32.3,3732,5,0
2025-04-16 00:00:00,32.313,32.403,32.267,32.393,3319,7,0
2025-04-16 03:00:00,32.393,32.488,32.291,32.304,11178,7,0
2025-04-16 06:00:00,32.304,32.496,32.281,32.493,7242,7,0
2025-04-16 09:00:00,32.493,33.109,32.369,32.917,15010,5,0
2025-04-16 12:00:00,32.917,33.056,32.796,32.939,10975,5,0
2025-04-16 15:00:00,32.939,33.069,32.66,32.727,17982,6,0
2025-04-16 18:00:00,32.727,33.007,32.701,32.785,14672,5,0
2025-04-16 21:00:00,32.789,32.979,32.715,32.733,9470,5,0
2025-04-17 00:00:00,32.734,32.931,32.734,32.821,3576,7,0
2025-04-17 03:00:00,32.821,32.936,32.126,32.37,14311,7,0
2025-04-17 06:00:00,32.37,32.671,32.341,32.474,7639,7,0
2025-04-17 09:00:00,32.474,32.592,32.243,32.424,11276,5,0
2025-04-17 12:00:00,32.424,32.462,32.262,32.366,7142,5,0
2025-04-17 15:00:00,32.366,32.636,32.078,32.135,22334,6,0
2025-04-17 18:00:00,32.135,32.533,32.106,32.483,12473,6,0
2025-04-17 21:00:00,32.483,32.564,32.353,32.522,5257,11,0
2025-04-21 00:00:00,32.342,32.59,32.299,32.551,4654,15,0
2025-04-21 03:00:00,32.551,32.715,32.54,32.71,9555,15,0
2025-04-21 06:00:00,32.71,32.941,32.634,32.935,6049,15,0
2025-04-21 09:00:00,32.935,32.961,32.645,32.823,7782,13,0
2025-04-21 12:00:00,32.823,33.03,32.759,32.969,7327,13,0
2025-04-21 15:00:00,32.969,33.047,32.58,32.682,19278,15,0
2025-04-21 18:00:00,32.682,32.782,32.481,32.649,12066,11,0
2025-04-21 21:00:00,32.649,32.754,32.578,32.656,5677,11,0
2025-04-22 00:00:00,32.66,32.771,32.64,32.731,3482,15,0
2025-04-22 03:00:00,32.73,32.837,32.527,32.621,12194,15,0
2025-04-22 06:00:00,32.62,32.906,32.57,32.846,9656,15,0
2025-04-22 09:00:00,32.846,32.893,32.275,32.343,15497,5,0
2025-04-22 12:00:00,32.343,32.751,32.339,32.708,9644,5,0
2025-04-22 15:00:00,32.708,33.004,32.508,32.952,24353,6,0
2025-04-22 18:00:00,32.952,33.145,32.574,32.926,22121,5,0
2025-04-22 21:00:00,32.926,32.947,32.445,32.479,10038,5,0
2025-04-23 00:00:00,32.301,32.618,32.088,32.51,7775,7,0
2025-04-23 03:00:00,32.51,32.862,32.505,32.639,14683,7,0
2025-04-23 06:00:00,32.639,32.808,32.545,32.69,9747,7,0
2025-04-23 09:00:00,32.69,32.913,32.625,32.913,11291,5,0
2025-04-23 12:00:00,32.913,33.024,32.816,32.863,9063,5,0
2025-04-23 15:00:00,32.863,33.671,32.67,33.575,27416,6,0
2025-04-23 18:00:00,33.575,33.639,33.316,33.564,18198,5,0
2025-04-23 21:00:00,33.564,33.665,33.493,33.559,5729,5,0
2025-04-24 00:00:00,33.517,33.648,33.483,33.625,2985,7,0
2025-04-24 03:00:00,33.625,33.677,33.355,33.382,13932,7,0
2025-04-24 06:00:00,33.383,33.447,33.249,33.387,6957,7,0
2025-04-24 09:00:00,33.387,33.465,33.274,33.343,10174,5,0
2025-04-24 12:00:00,33.343,33.49,33.292,33.447,7747,5,0
2025-04-24 15:00:00,33.445,33.518,33.167,33.402,18036,6,0
2025-04-24 18:00:00,33.402,33.556,33.325,33.534,9722,5,0
2025-04-24 21:00:00,33.534,33.62,33.447,33.562,4078,5,0
2025-04-25 00:00:00,33.584,33.679,33.57,33.616,4092,7,0
2025-04-25 03:00:00,33.616,33.675,33.381,33.48,8926,7,0
2025-04-25 06:00:00,33.48,33.553,33.3,33.342,9894,7,0
2025-04-25 09:00:00,33.34,33.475,33.254,33.417,10671,5,0
2025-04-25 12:00:00,33.418,33.46,33.096,33.248,8878,5,0
2025-04-25 15:00:00,33.248,33.373,32.773,32.909,18633,6,0
2025-04-25 18:00:00,32.909,33.093,32.882,32.972,7854,5,0
2025-04-25 21:00:00,32.972,33.082,32.899,33.072,4788,5,0
2025-04-28 00:00:00,33.066,33.168,32.882,32.891,4346,7,0
2025-04-28 03:00:00,32.891,33.021,32.651,32.773,13046,7,0
2025-04-28 06:00:00,32.773,32.968,32.763,32.905,6242,7,0
2025-04-28 09:00:00,32.905,33.009,32.773,32.925,8272,5,0
2025-04-28 12:00:00,32.925,33.085,32.81,33.045,7290,5,0
2025-04-28 15:00:00,33.045,33.148,32.79,33.055,15156,6,0
2025-04-28 18:00:00,33.055,33.149,33.007,33.042,11461,5,0
2025-04-28 21:00:00,33.042,33.191,33.034,33.136,5560,5,0
2025-04-29 00:00:00,33.149,33.198,33.073,33.108,2724,7,0
2025-04-29 03:00:00,33.108,33.244,33.066,33.082,7244,7,0
2025-04-29 06:00:00,33.082,33.094,32.875,32.939,6490,7,0
2025-04-29 09:00:00,32.939,33.257,32.932,33.239,8119,5,0
2025-04-29 12:00:00,33.239,33.369,33.186,33.216,7051,5,0
2025-04-29 15:00:00,33.216,33.53,33.161,33.335,18155,6,0
2025-04-29 18:00:00,33.335,33.35,33.038,33.128,9015,5,0
2025-04-29 21:00:00,33.128,33.183,32.802,32.915,5028,5,0
2025-04-30 00:00:00,32.9,32.937,32.846,32.931,2301,7,0
2025-04-30 03:00:00,32.931,33.103,32.913,32.942,7643,7,0
2025-04-30 06:00:00,32.942,32.992,32.719,32.881,5998,7,0
2025-04-30 09:00:00,32.881,32.984,32.328,32.409,10364,5,0
2025-04-30 12:00:00,32.409,32.453,32.178,32.217,9509,5,0
2025-04-30 15:00:00,32.217,32.756,32.184,32.673,23297,6,0
2025-04-30 18:00:00,32.673,32.775,32.534,32.624,11999,5,0
2025-04-30 21:00:00,32.624,32.707,32.527,32.601,6495,5,0
2025-05-01 00:00:00,32.592,32.665,32.578,32.618,3554,7,0
2025-05-01 03:00:00,32.618,32.668,32.218,32.271,8854,7,0
2025-05-01 06:00:00,32.271,32.271,31.968,32.07,7452,7,0
2025-05-01 09:00:00,32.07,32.287,32.025,32.267,6945,5,0
2025-05-01 12:00:00,32.267,32.317,31.667,31.721,8378,5,0
2025-05-01 15:00:00,31.721,32.5,31.684,32.295,22219,6,0
2025-05-01 18:00:00,32.295,32.413,32.095,32.258,11543,5,0
2025-05-01 21:00:00,32.258,32.412,32.235,32.397,4966,5,0
2025-05-02 00:00:00,32.397,32.45,32.382,32.437,2639,7,0
2025-05-02 03:00:00,32.437,32.661,32.404,32.594,6718,7,0
2025-05-02 06:00:00,32.594,32.71,32.556,32.583,5185,7,0
2025-05-02 09:00:00,32.583,32.707,32.48,32.49,9214,5,0
2025-05-02 12:00:00,32.49,32.545,32.26,32.288,8171,5,0
2025-05-02 15:00:00,32.288,32.606,32.048,32.331,22459,6,0
2025-05-02 18:00:00,32.331,32.335,31.931,32.022,14037,5,0
2025-05-02 21:00:00,32.022,32.069,31.951999999999998,31.997,4598,5,0
2025-05-05 00:00:00,32.002,32.09,31.972,32.062,3630,7,0
2025-05-05 03:00:00,32.062,32.186,31.989,32.156,6707,7,0
2025-05-05 06:00:00,32.156,32.31,32.105,32.282,4786,7,0
2025-05-05 09:00:00,32.282,32.456,32.278,32.408,6548,5,0
2025-05-05 12:00:00,32.41,32.479,32.335,32.392,8060,5,0
2025-05-05 15:00:00,32.392,32.669,32.231,32.284,17177,6,0
2025-05-05 18:00:00,32.283,32.354,32.16,32.314,10596,5,0
2025-05-05 21:00:00,32.314,32.487,32.292,32.473,5086,5,0
2025-05-06 00:00:00,32.479,32.521,32.434,32.509,2268,7,0
2025-05-06 03:00:00,32.51,33.039,32.476,33.005,15235,7,0
2025-05-06 06:00:00,33.005,33.113,32.948,32.99,6815,7,0
2025-05-06 09:00:00,32.99,33.159,32.866,33.025,9938,5,0
2025-05-06 12:00:00,33.025,33.125,32.925,33.091,8291,5,0
2025-05-06 15:00:00,33.091,33.234,33.011,33.116,17275,6,0
2025-05-06 18:00:00,33.116,33.202,32.989,33.154,9132,5,0
2025-05-06 21:00:00,33.154,33.242,33.112,33.208,4153,5,0
2025-05-07 00:00:00,33.224,33.252,33.035,33.152,7705,7,0
2025-05-07 03:00:00,33.152,33.155,32.826,33.066,13498,7,0
2025-05-07 06:00:00,33.066,33.076,32.948,33.05,6394,7,0
2025-05-07 09:00:00,33.05,33.108,32.837,32.883,8438,5,0
2025-05-07 12:00:00,32.883,32.946,32.727,32.887,8672,5,0
2025-05-07 15:00:00,32.887,32.952,32.547,32.633,16943,6,0
2025-05-07 18:00:00,32.633,32.673,32.531,32.531,8533,5,0
2025-05-07 21:00:00,32.533,32.683,32.245,32.442,14876,5,0
2025-05-08 00:00:00,32.365,32.462,32.365,32.461,2382,7,0
2025-05-08 03:00:00,32.461,32.882,32.429,32.787,10495,7,0
2025-05-08 06:00:00,32.787,32.943,32.569,32.569,7741,7,0
2025-05-08 09:00:00,32.569,32.652,32.218,32.339,14353,5,0
2025-05-08 12:00:00,32.339,32.533,32.314,32.394,8738,5,0
2025-05-08 15:00:00,32.394,32.751,32.373,32.626,14111,6,0
2025-05-08 18:00:00,32.626,32.711,32.395,32.491,12970,5,0
2025-05-08 21:00:00,32.491,32.519,32.295,32.445,5392,5,0
2025-05-09 00:00:00,32.448,32.519,32.422,32.435,3201,7,0
2025-05-09 03:00:00,32.435,32.528,32.216,32.42,11454,7,0
2025-05-09 06:00:00,32.42,32.568,32.343,32.472,7404,7,0
2025-05-09 09:00:00,32.472,32.714,32.46,32.584,9359,5,0
2025-05-09 12:00:00,32.584,32.639,32.412,32.547,7367,5,0
2025-05-09 15:00:00,32.547,32.802,32.518,32.693,13455,6,0
2025-05-09 18:00:00,32.693,32.866,32.649,32.778,8542,5,0
2025-05-09 21:00:00,32.778,32.818,32.703,32.717,4054,5,0
2025-05-12 00:00:00,32.34,32.674,32.233,32.66,5651,7,0
2025-05-12 03:00:00,32.66,32.761,32.485,32.638,11519,7,0
2025-05-12 06:00:00,32.638,32.91,32.611,32.905,6452,7,0
2025-05-12 09:00:00,32.905,32.99,31.888,32.273,21808,5,0
2025-05-12 12:00:00,32.273,32.404,31.94,32.32,13730,5,0
2025-05-12 15:00:00,32.32,32.738,32.139,32.594,24206,5,0
2025-05-12 18:00:00,32.595,32.653,32.357,32.414,9992,5,0
2025-05-12 21:00:00,32.414,32.601,32.398,32.586,4056,5,0
2025-05-13 00:00:00,32.59,32.617,32.558,32.576,2009,7,0
2025-05-13 03:00:00,32.576,32.837,32.531,32.741,9548,7,0
2025-05-13 06:00:00,32.741,33.075,32.736,33.05,7617,7,0
2025-05-13 09:00:00,33.05,33.224,32.971,33.128,9096,5,0
2025-05-13 12:00:00,33.128,33.132,32.845,32.858,7285,5,0
2025-05-13 15:00:00,32.857,32.957,32.515,32.901,25881,6,0
2025-05-13 18:00:00,32.901,32.998,32.831,32.891,10625,5,0
2025-05-13 21:00:00,32.891,32.979,32.843,32.898,3684,5,0
2025-05-14 00:00:00,32.894,32.972,32.892,32.946,1675,7,0
2025-05-14 03:00:00,32.946,32.952,32.622,32.635,9227,7,0
2025-05-14 06:00:00,32.635,32.73,32.572,32.729,6716,7,0
2025-05-14 09:00:00,32.729,32.928,32.706,32.832,9723,5,0
2025-05-14 12:00:00,32.832,32.932,32.762,32.857,8179,5,0
2025-05-14 15:00:00,32.857,32.917,32.125,32.197,25712,6,0
2025-05-14 18:00:00,32.197,32.308,32.131,32.256,10552,5,0
2025-05-14 21:00:00,32.256,32.267,32.083,32.208,4714,5,0
2025-05-15 00:00:00,32.218,32.247,32.179,32.215,2158,7,0
2025-05-15 03:00:00,32.215,32.292,31.955,32.0,10042,7,0
2025-05-15 06:00:00,32.0,32.022,31.719,31.812,9624,7,0
2025-05-15 09:00:00,31.812,31.991,31.651,31.917,13526,5,0
2025-05-15 12:00:00,31.917,32.204,31.881,32.18,8159,5,0
2025-05-15 15:00:00,32.18,32.364,32.069,32.356,17045,6,0
2025-05-15 18:00:00,32.356,32.551,32.35,32.482,7464,5,0
2025-05-15 21:00:00,32.482,32.64,32.446,32.629,3703,5,0
2025-05-16 00:00:00,32.642,32.687,32.614,32.627,3207,7,0
2025-05-16 03:00:00,32.627,32.663,32.447,32.466,9239,7,0
2025-05-16 06:00:00,32.466,32.47,32.344,32.431,5785,7,0
2025-05-16 09:00:00,32.431,32.477,32.201,32.253,7833,5,0
2025-05-16 12:00:00,32.253,32.319,31.896,31.972,10617,5,0
2025-05-16 15:00:00,31.972,32.311,31.864,32.027,20028,6,0
2025-05-16 18:00:00,32.027,32.252,31.998,32.21,8532,5,0
2025-05-16 21:00:00,32.21,32.3,32.203,32.267,4282,5,0
2025-05-19 00:00:00,32.298,32.519,32.268,32.463,4836,7,0
2025-05-19 03:00:00,32.463,32.558,32.34,32.407,9345,7,0
2025-05-19 06:00:00,32.407,32.45,32.265,32.4,5467,7,0
2025-05-19 09:00:00,32.4,32.604,32.372,32.594,8296,5,0
2025-05-19 12:00:00,32.594,32.61,32.446,32.599,6475,5,0
2025-05-19 15:00:00,32.599,32.621,32.233,32.368,13459,6,0
2025-05-19 18:00:00,32.368,32.467,32.3,32.307,6472,5,0
2025-05-19 21:00:00,32.308,32.39,32.298,32.344,2792,5,0
2025-05-20 00:00:00,32.343,32.368,32.327,32.357,1826,7,0
2025-05-20 03:00:00,32.357,32.403,32.195,32.222,7850,7,0
2025-05-20 06:00:00,32.222,32.316,32.135,32.264,5981,7,0
2025-05-20 09:00:00,32.264,32.391,32.122,32.382,8107,5,0
2025-05-20 12:00:00,32.382,32.584,32.358,32.539,6232,5,0
2025-05-20 15:00:00,32.539,32.909,32.43,32.864,18552,6,0
2025-05-20 18:00:00,32.864,33.03,32.789,33.022,7673,5,0
2025-05-20 21:00:00,33.022,33.124,32.98,33.074,3755,5,0
2025-05-21 00:00:00,33.091,33.142,33.08,33.09,3746,7,0
2025-05-21 03:00:00,33.09,33.172,32.919,33.001,11131,7,0
2025-05-21 06:00:00,33.001,33.18,32.99,33.167,6228,7,0
2025-05-21 09:00:00,33.167,33.197,33.058,33.145,8839,5,0
2025-05-21 12:00:00,33.145,33.208,33.079,33.117,6993,5,0
2025-05-21 15:00:00,33.117,33.357,32.975,33.34,15824,6,0
2025-05-21 18:00:00,33.34,33.514,33.21,33.384,11265,5,0
2025-05-21 21:00:00,33.384,33.57,33.323,33.381,6624,5,0
2025-05-22 00:00:00,33.312,33.521,33.312,33.446,2843,7,0
2025-05-22 03:00:00,33.446,33.582,33.409,33.562,10497,7,0
2025-05-22 06:00:00,33.562,33.695,33.526,33.611,6685,7,0
2025-05-22 09:00:00,33.611,33.641,33.33,33.348,10498,5,0
2025-05-22 12:00:00,33.348,33.348,32.609,32.852,13974,5,0
2025-05-22 15:00:00,32.852,33.192,32.719,32.959,20871,6,0
2025-05-22 18:00:00,32.959,33.118,32.838,33.103,9381,5,0
2025-05-22 21:00:00,33.103,33.127,33.012,33.038,3759,5,0
2025-05-23 00:00:00,33.046,33.074,33.017,33.044,1604,7,0
2025-05-23 03:00:00,33.044,33.137,33.01,33.087,7318,7,0
2025-05-23 06:00:00,33.087,33.207,33.078,33.184,5697,7,0
2025-05-23 09:00:00,33.184,33.288,33.149,33.212,7663,5,0
2025-05-23 12:00:00,33.211,33.222,32.981,33.087,10509,5,0
2025-05-23 15:00:00,33.087,33.311,32.895,33.297,22573,6,0
2025-05-23 18:00:00,33.297,33.482,33.233,33.449,8490,5,0
2025-05-23 21:00:00,33.449,33.541,33.442,33.467,4071,5,0
2025-05-26 00:00:00,33.391,33.551,33.307,33.432,3498,7,0
2025-05-26 03:00:00,33.432,33.561,33.349,33.505,8671,7,0
2025-05-26 06:00:00,33.505,33.541,33.426,33.538,4693,7,0
2025-05-26 09:00:00,33.538,33.553,33.36,33.449,6648,5,0
2025-05-26 12:00:00,33.45,33.481,33.234,33.354,5005,5,0
2025-05-26 15:00:00,33.354,33.403,33.291,33.322,5815,6,0
2025-05-26 18:00:00,33.322,33.463,33.321,33.459,2668,5,0
2025-05-26 21:00:00,33.459,33.481,33.455,33.479,233,5,0
2025-05-27 00:00:00,33.472,33.49,33.395,33.41,1563,7,0
2025-05-27 03:00:00,33.41,33.52,33.281,33.392,6382,7,0
2025-05-27 06:00:00,33.392,33.402,33.086,33.221,6743,7,0
2025-05-27 09:00:00,33.221,33.321,32.963,33.059,10489,5,0
2025-05-27 12:00:00,33.059,33.167,32.846,32.85,8092,5,0
2025-05-27 15:00:00,32.849,33.145,32.756,33.03,15787,6,0
2025-05-27 18:00:00,33.03,33.219,33.007,33.191,7093,5,0
2025-05-27 21:00:00,33.191,33.27,33.183,33.247,2855,5,0
2025-05-28 00:00:00,33.262,33.29,33.246,33.272,1688,7,0
2025-05-28 03:00:00,33.272,33.331,33.212,33.313,6548,7,0
2025-05-28 06:00:00,33.313,33.343,33.218,33.28,5734,7,0
2025-05-28 09:00:00,33.279,33.388,33.127,33.366,7657,5,0
2025-05-28 12:00:00,33.366,33.433,33.171,33.254,5641,5,0
2025-05-28 15:00:00,33.254,33.274,33.055,33.099,12443,6,0
2025-05-28 18:00:00,33.099,33.108,32.959,33.013,6118,5,0
2025-05-28 21:00:00,33.013,33.049,32.895,32.956,4342,5,0
2025-05-29 00:00:00,32.962,32.995,32.689,32.875,4760,7,0
2025-05-29 03:00:00,32.875,33.174,32.812,33.145,11060,7,0
2025-05-29 06:00:00,33.145,33.252,33.124,33.236,5291,7,0
2025-05-29 09:00:00,33.236,33.36,33.116,33.33,7971,5,0
2025-05-29 12:00:00,33.33,33.467,33.239,33.419,7366,5,0
2025-05-29 15:00:00,33.419,33.494,33.068,33.148,18160,6,0
2025-05-29 18:00:00,33.148,33.356,33.139,33.31,7933,5,0
2025-05-29 21:00:00,33.31,33.361,33.271,33.307,3386,5,0
2025-05-30 00:00:00,33.319,33.336,33.242,33.255,1551,7,0
2025-05-30 03:00:00,33.255,33.282,32.977,33.004,6852,7,0
2025-05-30 06:00:00,33.004,33.129,32.932,33.117,5455,7,0
2025-05-30 09:00:00,33.117,33.201,33.03,33.178,7412,5,0
2025-05-30 12:00:00,33.178,33.2,32.986,33.108,6056,5,0
2025-05-30 15:00:00,33.108,33.304,32.873,32.969,20066,6,0
2025-05-30 18:00:00,32.969,33.067,32.761,32.875,11135,5,0
2025-05-30 21:00:00,32.875,33.014,32.873,32.956,3712,5,0
2025-06-02 00:00:00,33.016,33.132,32.992,33.075,3571,7,0
2025-06-02 03:00:00,33.075,33.127,32.954,33.032,6318,7,0
2025-06-02 06:00:00,33.032,33.168,32.963,33.157,5277,7,0
2025-06-02 09:00:00,33.157,33.567,33.137,33.402,10337,5,0
2025-06-02 12:00:00,33.402,33.418,33.189,33.285,8700,5,0
2025-06-02 15:00:00,33.285,34.43,33.271,34.3,21328,6,0
2025-06-02 18:00:00,34.293,34.607,34.293,34.55,10071,5,0
2025-06-02 21:00:00,34.55,34.788,34.507,34.735,4737,5,0
2025-06-03 00:00:00,34.746,34.76,34.638,34.73,2572,7,0
2025-06-03 03:00:00,34.73,34.747,34.024,34.027,14026,7,0
2025-06-03 06:00:00,34.027,34.245,33.955,34.208,7172,7,0
2025-06-03 09:00:00,34.208,34.275,34.022,34.245,8681,5,0
2025-06-03 12:00:00,34.245,34.304,34.183,34.293,5686,5,0
2025-06-03 15:00:00,34.293,34.511,34.184,34.502,14643,6,0
2025-06-03 18:00:00,34.502,34.545,34.355,34.53,7273,5,0
2025-06-03 21:00:00,34.53,34.605,34.487,34.499,3256,5,0
2025-06-04 00:00:00,34.511,34.587,34.504,34.584,1536,7,0
2025-06-04 03:00:00,34.584,34.644,34.472,34.551,7058,7,0
2025-06-04 06:00:00,34.551,34.571,34.405,34.431,5086,7,0
2025-06-04 09:00:00,34.431,34.557,34.397,34.548,5945,5,0
2025-06-04 12:00:00,34.548,34.556,34.177,34.368,6451,5,0
2025-06-04 15:00:00,34.368,34.565,34.223,34.494,15105,6,0
2025-06-04 18:00:00,34.494,34.517,34.348,34.487,7194,5,0
2025-06-04 21:00:00,34.487,34.552,34.444,34.489,3651,5,0
2025-06-05 00:00:00,34.465,34.533,34.465,34.499,1585,7,0
2025-06-05 03:00:00,34.499,34.571,34.446,34.527,6427,7,0
2025-06-05 06:00:00,34.527,34.588,34.428,34.481,5918,7,0
2025-06-05 09:00:00,34.481,34.863,34.454,34.847,7792,5,0
2025-06-05 12:00:00,34.847,35.95,34.845,35.703,17400,5,0
2025-06-05 15:00:00,35.703,36.067,35.526,35.791,29945,6,0
2025-06-05 18:00:00,35.791,35.855,35.291,35.664,17629,5,0
2025-06-05 21:00:00,35.664,35.698,35.566,35.637,5594,5,0
2025-06-06 00:00:00,35.629,35.749,35.603,35.718,2599,7,0
2025-06-06 03:00:00,35.718,36.063,35.698,35.994,8619,7,0
2025-06-06 06:00:00,35.994,36.169,35.901,36.033,7463,7,0
2025-06-06 09:00:00,36.033,36.265,35.985,36.219,10173,5,0
2025-06-06 12:00:00,36.219,36.235,35.989,36.102,7347,5,0
2025-06-06 15:00:00,36.102,36.331,35.809,35.851,26578,6,0
2025-06-06 18:00:00,35.85,36.1,35.832,36.03,9867,5,0
2025-06-06 21:00:00,36.03,36.038,35.918,35.986,4838,5,0
2025-06-09 00:00:00,36.02,36.095,35.957,36.047,2978,7,0
2025-06-09 03:00:00,36.047,36.077,35.91,36.008,10451,7,0
2025-06-09 06:00:00,36.008,36.106,35.938,36.082,6516,7,0
2025-06-09 09:00:00,36.082,36.437,36.046,36.285,10566,5,0
2025-06-09 12:00:00,36.285,36.354,36.133,36.354,7014,5,0
2025-06-09 15:00:00,36.354,36.678,36.247,36.584,18129,6,0
2025-06-09 18:00:00,36.584,36.746,36.567,36.73,8468,5,0
2025-06-09 21:00:00,36.73,36.884,36.687,36.745,4712,5,0
2025-06-10 00:00:00,36.743,36.824,36.736,36.8,1995,7,0
2025-06-10 03:00:00,36.8,36.801,36.302,36.511,12308,7,0
2025-06-10 06:00:00,36.511,36.63,36.452,36.491,8237,7,0
2025-06-10 09:00:00,36.491,36.585,36.41,36.54,10154,5,0
2025-06-10 12:00:00,36.54,36.801,36.528,36.721,7073,5,0
2025-06-10 15:00:00,36.721,36.772,36.317,36.392,16578,6,0
2025-06-10 18:00:00,36.393,36.579,36.351,36.555,8271,5,0
2025-06-10 21:00:00,36.555,36.601,36.448,36.515,4718,5,0
2025-06-11 00:00:00,36.551,36.594,36.501,36.584,2470,7,0
2025-06-11 03:00:00,36.584,36.638,36.493,36.567,7296,7,0
2025-06-11 06:00:00,36.567,36.622,36.409,36.494,5714,7,0
2025-06-11 09:00:00,36.494,36.595,36.365,36.495,8191,5,0
2025-06-11 12:00:00,36.495,36.495,36.016,36.252,10251,6,0
2025-06-11 15:00:00,36.252,36.555,36.024,36.28,24475,6,0
2025-06-11 18:00:00,36.278,36.344,36.053,36.086,9929,5,0
2025-06-11 21:00:00,36.086,36.267,36.056,36.233,7571,5,0
2025-06-12 00:00:00,36.195,36.362,36.195,36.353,3593,7,0
2025-06-12 03:00:00,36.353,36.382,36.265,36.313,9298,7,0
2025-06-12 06:00:00,36.313,36.449,36.293,36.393,5692,7,0
2025-06-12 09:00:00,36.393,36.411,35.444,35.932,15361,5,0
2025-06-12 12:00:00,35.932,36.309,35.869,36.248,11078,5,0
2025-06-12 15:00:00,36.248,36.397,36.07,36.263,19473,6,0
2025-06-12 18:00:00,36.263,36.341,36.195,36.229,9832,5,0
2025-06-12 21:00:00,36.23,36.371,36.221,36.345,3523,5,0
2025-06-13 00:00:00,36.334,36.39,36.307,36.388,1957,7,0
2025-06-13 03:00:00,36.388,36.639,35.97,36.497,20358,7,0
2025-06-13 06:00:00,36.497,36.511,36.14,36.298,10880,7,0
2025-06-13 09:00:00,36.298,36.364,35.97,36.338,12161,5,0
2025-06-13 12:00:00,36.338,36.458,36.059,36.232,11728,5,0
2025-06-13 15:00:00,36.232,36.363,36.07,36.167,18221,6,0
2025-06-13 18:00:00,36.167,36.33,36.115,36.295,9323,5,0
2025-06-13 21:00:00,36.295,36.342,36.225,36.309,5580,5,0
2025-06-16 00:00:00,36.343,36.395,36.046,36.294,5296,7,0
2025-06-16 03:00:00,36.294,36.387,36.086,36.323,11173,7,0
2025-06-16 06:00:00,36.323,36.381,36.184,36.32,8299,7,0
2025-06-16 09:00:00,36.32,36.535,36.314,36.405,10989,5,0
2025-06-16 12:00:00,36.405,36.438,36.271,36.31,7554,5,0
2025-06-16 15:00:00,36.31,36.496,36.194,36.36,18104,6,0
2025-06-16 18:00:00,36.36,36.461,36.321,36.335,8641,5,0
2025-06-16 21:00:00,36.334,36.348,36.276,36.303,4026,5,0
2025-06-17 00:00:00,36.301,36.389,36.281,36.322,3224,7,0
2025-06-17 03:00:00,36.322,36.437,36.23,36.355,9126,7,0
2025-06-17 06:00:00,36.355,36.459,36.132,36.427,7157,7,0
2025-06-17 09:00:00,36.427,36.491,36.362,36.418,8387,5,0
2025-06-17 12:00:00,36.418,37.233,36.34,37.001,13137,5,0
2025-06-17 15:00:00,37.001,37.175,36.744,37.163,22441,6,0
2025-06-17 18:00:00,37.163,37.251,37.005,37.063,11325,5,0
2025-06-17 21:00:00,37.063,37.135,37.012,37.116,5416,5,0
2025-06-18 00:00:00,37.133,37.166,37.093,37.119,2289,7,0
2025-06-18 03:00:00,37.119,37.185,37.054,37.167,8400,7,0
2025-06-18 06:00:00,37.167,37.295,37.129,37.283,7155,7,0
2025-06-18 09:00:00,37.283,37.309,37.089,37.177,8347,5,0
2025-06-18 12:00:00,37.177,37.287,37.094,37.131,7770,5,0
2025-06-18 15:00:00,37.131,37.168,36.635,36.861,17775,6,0
2025-06-18 18:00:00,36.862,36.949,36.826,36.869,7790,5,0
2025-06-18 21:00:00,36.869,36.989,36.527,36.73,14188,5,0
2025-06-19 00:00:00,36.668,36.77,36.668,36.747,2593,7,0
2025-06-19 03:00:00,36.747,36.782,36.593,36.692,7878,7,0
2025-06-19 06:00:00,36.692,36.781,36.569,36.621,5503,7,0
2025-06-19 09:00:00,36.621,36.623,36.219,36.369,13237,5,0
2025-06-19 12:00:00,36.369,36.431,36.216,36.351,6994,5,0
2025-06-19 15:00:00,36.351,36.42,36.203,36.351,11663,6,0
2025-06-19 18:00:00,36.351,36.41,36.277,36.385,5334,5,0
2025-06-19 21:00:00,36.385,36.408,36.374,36.392,549,5,0
2025-06-20 00:00:00,36.331,36.427,36.312,36.391,2630,7,0
2025-06-20 03:00:00,36.391,36.41,35.697,35.771,10543,7,0
2025-06-20 06:00:00,35.771,35.845,35.531,35.582,9543,7,0
2025-06-20 09:00:00,35.582,36.093,35.504,36.031,11660,5,0
2025-06-20 12:00:00,36.031,36.161,35.884,35.994,8560,5,0
2025-06-20 15:00:00,35.994,36.104,35.842,35.964,19246,6,0
2025-06-20 18:00:00,35.964,36.07,35.891,36.055,9710,5,0
2025-06-20 21:00:00,36.055,36.078,35.956,35.967,5023,5,0
2025-06-23 00:00:00,35.965,36.12,35.799,36.079,5913,7,0
2025-06-23 03:00:00,36.079,36.132,35.881,36.01,11648,7,0
2025-06-23 06:00:00,36.01,36.127,35.939,36.033,8780,7,0
2025-06-23 09:00:00,36.033,36.226,35.974,36.206,10950,5,0
2025-06-23 12:00:00,36.206,36.24,36.059,36.21,8690,5,0
2025-06-23 15:00:00,36.21,36.299,35.935,36.257,18286,6,0
2025-06-23 18:00:00,36.257,36.339,36.157,36.324,11725,5,0
2025-06-23 21:00:00,36.324,36.361,36.055,36.08,5681,4,0
2025-06-24 00:00:00,36.061,36.115,35.598,35.895,5354,7,0
2025-06-24 03:00:00,35.895,36.125,35.819,36.118,11544,7,0
2025-06-24 06:00:00,36.118,36.196,35.972,36.087,8371,7,0
2025-06-24 09:00:00,36.087,36.152,35.925,36.142,14078,5,0
2025-06-24 12:00:00,36.142,36.17,36.036,36.149,9184,5,0
2025-06-24 15:00:00,36.149,36.151,35.276,35.482,23607,6,0
2025-06-24 18:00:00,35.482,35.852,35.473,35.825,9407,5,0
2025-06-24 21:00:00,35.825,35.92,35.814,35.902,4174,5,0
2025-06-25 00:00:00,35.885,35.962,35.885,35.944,1847,7,0
2025-06-25 03:00:00,35.944,35.983,35.896,35.944,7170,7,0
2025-06-25 06:00:00,35.944,36.016,35.898,35.994,5135,7,0
2025-06-25 09:00:00,35.994,36.051,35.791,35.871,8324,5,0
2025-06-25 12:00:00,35.871,35.872,35.671,35.757,7287,5,0
2025-06-25 15:00:00,35.757,35.991,35.7,35.942,14096,6,0
2025-06-25 18:00:00,35.942,36.235,35.938,36.234,9216,5,0
2025-06-25 21:00:00,36.234,36.324,36.2,36.253,4704,5,0
2025-06-26 00:00:00,36.262,36.358,36.227,36.336,2792,7,0
2025-06-26 03:00:00,36.336,36.382,36.233,36.358,10764,7,0
2025-06-26 06:00:00,36.358,36.417,36.308,36.317,7444,7,0
2025-06-26 09:00:00,36.317,36.822,36.234,36.786,10510,5,0
2025-06-26 12:00:00,36.785,36.828,36.441,36.619,11032,5,0
2025-06-26 15:00:00,36.619,36.68,36.259,36.554,21679,6,0
2025-06-26 18:00:00,36.553,36.71,36.541,36.644,11485,5,0
2025-06-26 21:00:00,36.644,36.701,36.575,36.638,5458,5,0
2025-06-27 00:00:00,36.651,36.687,36.609,36.63,2510,7,0
2025-06-27 03:00:00,36.63,36.685,36.512,36.662,10334,7,0
2025-06-27 06:00:00,36.662,36.72,36.39,36.586,10225,7,0
2025-06-27 09:00:00,36.588,36.608,36.008,36.064,15906,5,0
2025-06-27 12:00:00,36.064,36.072,35.788,36.03,12559,5,0
2025-06-27 15:00:00,36.03,36.144,35.802,36.108,25013,6,0
2025-06-27 18:00:00,36.108,36.208,36.075,36.117,11151,5,0
2025-06-27 21:00:00,36.117,36.122,35.871,35.967,6544,5,0
2025-06-30 00:00:00,35.96,36.075,35.414,35.762,5680,7,0
2025-06-30 03:00:00,35.762,36.081,35.753,36.062,10882,7,0
2025-06-30 06:00:00,36.062,36.194,36.057,36.152,5726,7,0
2025-06-30 09:00:00,36.152,36.234,36.069,36.142,8051,5,0
2025-06-30 12:00:00,36.142,36.142,35.825,35.907,6713,5,0
2025-06-30 15:00:00,35.907,36.078,35.887,35.956,13005,6,0
2025-06-30 18:00:00,35.956,36.027,35.888,35.961,7332,5,0
2025-06-30 21:00:00,35.961,36.111,35.956,36.098,4088,5,0
2025-07-01 00:00:00,36.07,36.156,36.07,36.151,2200,7,0
2025-07-01 03:00:00,36.151,36.191,35.802,35.88,8332,7,0
2025-07-01 06:00:00,35.88,36.193,35.817,36.121,6779,7,0
2025-07-01 09:00:00,36.121,36.508,36.045,36.314,11173,6,0
2025-07-01 12:00:00,36.314,36.615,36.305,36.422,8265,5,0
2025-07-01 15:00:00,36.422,36.549,36.191,36.339,17511,6,0
2025-07-01 18:00:00,36.336,36.339,36.089,36.169,8811,5,0
2025-07-01 21:00:00,36.169,36.171,35.988,36.02,3849,5,0
2025-07-02 00:00:00,36.029,36.099,35.984,36.087,2369,7,0
2025-07-02 03:00:00,36.087,36.183,36.005,36.17,8244,7,0
2025-07-02 06:00:00,36.17,36.203,35.901,36.088,5806,7,0
2025-07-02 09:00:00,36.088,36.159,35.864,36.128,9176,5,0
2025-07-02 12:00:00,36.128,36.368,36.113,36.253,6339,5,0
2025-07-02 15:00:00,36.253,36.445,36.17,36.429,17257,6,0
2025-07-02 18:00:00,36.429,36.52,36.407,36.51,6816,5,0
2025-07-02 21:00:00,36.51,36.581,36.48,36.543,3454,5,0
2025-07-03 00:00:00,36.548,36.586,36.381,36.409,2235,7,0
2025-07-03 03:00:00,36.409,36.445,36.345,36.423,5892,7,0
2025-07-03 06:00:00,36.423,36.758,36.334,36.754,5079,7,0
2025-07-03 09:00:00,36.754,37.072,36.741,37.039,8846,5,0
2025-07-03 12:00:00,37.039,37.053,36.68,36.858,7798,5,0
2025-07-03 15:00:00,36.858,36.911,36.383,36.649,21695,6,0
2025-07-03 18:00:00,36.649,36.917,36.618,36.86,6344,5,0
2025-07-03 21:00:00,36.86,36.861,36.797,36.83,1624,5,0
2025-07-04 00:00:00,36.845,36.869,36.767,36.793,1336,7,0
2025-07-04 03:00:00,36.793,36.837,36.65,36.691,4857,7,0
2025-07-04 06:00:00,36.691,36.879,36.617,36.845,5036,7,0
2025-07-04 09:00:00,36.845,36.922,36.66,36.832,6699,5,0
2025-07-04 12:00:00,36.832,36.926,36.763,36.86,5145,5,0
2025-07-04 15:00:00,36.86,36.954,36.762,36.874,7008,6,0
2025-07-04 18:00:00,36.874,36.955,36.85,36.927,2184,5,0
2025-07-07 00:00:00,36.904,37.223,36.898,36.991,3490,7,0
2025-07-07 03:00:00,36.991,37.001,36.649,36.755,8958,7,0
2025-07-07 06:00:00,36.754,36.817,36.36,36.638,9196,7,0
2025-07-07 09:00:00,36.638,36.679,36.443,36.6,9595,5,0
2025-07-07 12:00:00,36.6,36.63,36.15,36.224,10088,5,0
2025-07-07 15:00:00,36.224,36.661,36.179,36.599,14774,6,0
2025-07-07 18:00:00,36.599,36.77,36.57,36.722,7645,5,0
2025-07-07 21:00:00,36.722,36.809,36.646,36.761,4943,5,0
2025-07-08 00:00:00,36.788,36.822,36.766,36.79,1808,7,0
2025-07-08 03:00:00,36.79,36.822,36.648,36.795,7755,7,0
2025-07-08 06:00:00,36.795,36.852,36.732,36.812,4695,7,0
2025-07-08 09:00:00,36.812,36.879,36.688,36.741,7771,5,0
2025-07-08 12:00:00,36.741,36.846,36.66,36.703,6129,5,0
2025-07-08 15:00:00,36.703,36.787,36.366,36.423,16526,6,0
2025-07-08 18:00:00,36.423,36.665,36.285,36.65,14005,5,0
2025-07-08 21:00:00,36.65,36.748,36.604,36.744,5603,5,0
2025-07-09 00:00:00,36.742,36.761,36.505,36.544,2841,7,0
2025-07-09 03:00:00,36.544,36.719,36.47,36.543,8354,7,0
2025-07-09 06:00:00,36.543,36.714,36.487,36.709,7667,7,0
2025-07-09 09:00:00,36.709,36.726,36.429,36.501,9351,5,0
2025-07-09 12:00:00,36.501,36.654,36.409,36.487,6030,5,0
2025-07-09 15:00:00,36.487,36.512,36.264,36.402,14589,6,0
2025-07-09 18:00:00,36.402,36.466,36.28,36.28,6542,5,0
2025-07-09 21:00:00,36.28,36.423,36.271,36.366,4945,5,0
2025-07-10 00:00:00,36.372,36.425,36.366,36.408,1500,7,0
2025-07-10 03:00:00,36.408,36.477,36.347,36.434,7750,7,0
2025-07-10 06:00:00,36.434,36.488,36.364,36.465,4887,7,0
2025-07-10 09:00:00,36.465,36.71,36.432,36.633,7047,5,0
2025-07-10 12:00:00,36.633,36.84,36.549,36.615,8944,5,0
2025-07-10 15:00:00,36.615,36.894,36.422,36.661,21910,6,0
2025-07-10 18:00:00,36.661,36.892,36.657,36.874,9645,5,0
2025-07-10 21:00:00,36.874,37.12,36.869,36.99,7030,5,0
2025-07-11 00:00:00,36.893,37.143,36.893,37.103,2887,7,0
2025-07-11 03:00:00,37.103,37.211,36.91,37.129,12611,7,0
2025-07-11 06:00:00,37.129,37.439,37.079,37.366,10249,7,0
2025-07-11 09:00:00,37.366,37.526,37.255,37.413,14654,5,0
2025-07-11 12:00:00,37.413,37.657,37.396,37.642,9830,5,0
2025-07-11 15:00:00,37.642,38.234,37.509,38.11,24515,7,0
2025-07-11 18:00:00,38.11,38.435,38.093,38.419,14089,2,0
2025-07-11 21:00:00,38.415,38.528,38.322,38.324,8792,0,0
2025-07-14 00:00:00,38.332,38.569,38.145,38.497,5543,0,0
2025-07-14 03:00:00,38.505,38.64,38.41,38.552,12384,0,0
2025-07-14 06:00:00,38.556,39.086,38.521,39.058,10338,0,0
2025-07-14 09:00:00,39.058,39.067,38.811,38.978,14560,2,0
2025-07-14 12:00:00,38.979,39.126,38.916,38.97,10097,2,0
2025-07-14 15:00:00,38.972,39.047,38.288,38.291,20446,2,0
2025-07-14 18:00:00,38.291,38.48,38.205,38.341,11023,2,0
2025-07-14 21:00:00,38.341,38.391,38.061,38.082,5073,2,0
2025-07-15 00:00:00,38.091,38.263,37.944,38.263,1404,2,0
2025-07-15 03:00:00,38.263,38.29,38.13,38.178,6499,2,0
2025-07-15 06:00:00,38.178,38.319,37.912,38.289,6968,2,0
2025-07-15 09:00:00,38.289,38.379,38.22,38.247,7319,2,0
2025-07-15 12:00:00,38.247,38.33,38.122,38.27,8037,2,0
2025-07-15 15:00:00,38.27,38.289,37.83,37.891,18622,2,0
2025-07-15 18:00:00,37.891,37.924,37.587,37.803,13273,2,0
2025-07-15 21:00:00,37.803,37.822,37.656,37.666,4758,2,0
2025-07-16 00:00:00,37.522,37.803,37.506,37.795,1714,5,0
2025-07-16 03:00:00,37.795,37.838,37.719,37.785,6400,3,0
2025-07-16 06:00:00,37.785,37.868,37.779,37.852,4975,2,0
2025-07-16 09:00:00,37.852,38.013,37.827,37.984,6278,2,0
2025-07-16 12:00:00,37.982,38.085,37.828,38.004,7456,2,0
2025-07-16 15:00:00,38.004,38.043,37.499,37.754,16552,2,0
2025-07-16 18:00:00,37.754,38.044,37.706,37.922,22882,2,0
2025-07-16 21:00:00,37.922,37.942,37.851,37.905,5950,2,0
2025-07-17 00:00:00,37.826,37.931,37.824,37.892,1540,10,0
2025-07-17 03:00:00,37.892,37.98,37.832,37.93,5495,2,0
2025-07-17 06:00:00,37.93,38.006,37.889,37.999,3729,2,0
2025-07-17 09:00:00,37.999,38.013,37.757,37.769,10200,2,0
2025-07-17 12:00:00,37.769,37.887,37.757,37.859,7388,2,0
2025-07-17 15:00:00,37.861,37.981,37.531,37.967,17496,2,0
2025-07-17 18:00:00,37.967,38.102,37.932,38.1,8079,2,0
2025-07-17 21:00:00,38.1,38.163,38.069,38.131,3783,2,0
2025-07-18 00:00:00,38.009,38.184,37.998,38.117,2089,5,0
2025-07-18 03:00:00,38.117,38.205,38.041,38.163,7213,2,0
2025-07-18 06:00:00,38.163,38.189,38.09,38.102,4435,2,0
2025-07-18 09:00:00,38.102,38.393,38.069,38.293,9299,2,0
2025-07-18 12:00:00,38.293,38.43,38.274,38.394,7638,2,0
2025-07-18 15:00:00,38.394,38.44,38.208,38.275,15524,2,0
2025-07-18 18:00:00,38.275,38.314,38.148,38.268,8075,2,0
2025-07-18 21:00:00,38.268,38.285,38.105,38.205,3886,2,0
2025-07-21 00:00:00,37.931,38.203,37.918,38.203,2015,2,0
2025-07-21 03:00:00,38.203,38.296,38.172,38.242,6024,16,0
2025-07-21 06:00:00,38.242,38.323,38.149,38.278,5194,16,0
2025-07-21 09:00:00,38.278,38.489,38.265,38.453,9294,13,0
2025-07-21 12:00:00,38.453,38.562,38.38,38.545,7027,13,0
2025-07-21 15:00:00,38.544,38.964,38.456,38.941,19404,2,0
2025-07-21 18:00:00,38.941,39.026,38.797,38.996,10621,12,0
2025-07-21 21:00:00,38.996,39.054,38.883,38.929,5501,2,0
2025-07-22 00:00:00,38.548,38.991,38.548,38.964,1325,10,0
2025-07-22 03:00:00,38.964,38.982,38.73,38.849,7088,7,0
2025-07-22 06:00:00,38.849,38.873,38.71,38.783,6600,16,0
2025-07-22 09:00:00,38.783,38.933,38.754,38.844,8695,13,0
2025-07-22 12:00:00,38.844,38.95,38.754,38.935,6746,13,0
2025-07-22 15:00:00,38.935,39.211,38.72,39.1,24435,2,0
2025-07-22 18:00:00,39.1,39.256,39.077,39.189,12421,12,0
2025-07-22 21:00:00,39.189,39.311,39.149,39.279,5800,12,0
2025-07-23 00:00:00,39.234,39.336,39.222,39.236,1901,16,0
2025-07-23 03:00:00,39.236,39.327,39.116,39.2,8993,16,0
2025-07-23 06:00:00,39.2,39.37,39.166,39.261,8717,16,0
2025-07-23 09:00:00,39.261,39.382,39.15,39.37,10031,13,0
2025-07-23 12:00:00,39.37,39.447,39.305,39.372,8661,13,0
2025-07-23 15:00:00,39.372,39.479,39.227,39.408,19248,15,0
2025-07-23 18:00:00,39.408,39.526,39.038,39.218,19399,12,0
2025-07-23 21:00:00,39.218,39.305,39.2,39.256,6192,12,0
2025-07-24 00:00:00,39.28,39.344,39.22,39.284,1793,16,0
2025-07-24 03:00:00,39.284,39.309,38.954,39.078,10668,16,0
2025-07-24 06:00:00,39.078,39.098,38.786,39.046,8977,16,0
2025-07-24 09:00:00,39.046,39.155,38.939,39.086,10840,13,0
2025-07-24 12:00:00,39.086,39.128,38.96,39.07,8784,13,0
2025-07-24 15:00:00,39.07,39.114,38.682,39.014,21071,15,0
2025-07-24 18:00:00,39.014,39.061,38.896,39.021,9345,12,0
2025-07-24 21:00:00,39.021,39.131,39.002,39.042,4517,12,0
2025-07-25 00:00:00,39.016,39.138,39.01,39.096,1752,16,0
2025-07-25 03:00:00,39.096,39.19,39.059,39.067,8201,16,0
2025-07-25 06:00:00,39.067,39.099,38.925,38.983,7062,16,0
2025-07-25 09:00:00,38.983,39.132,38.82,38.848,9063,13,0
2025-07-25 12:00:00,38.848,38.898,38.623,38.756,6857,13,0
2025-07-25 15:00:00,38.756,38.954,38.338,38.38,22004,15,0
2025-07-25 18:00:00,38.38,38.43,37.943,38.212,17370,12,0
2025-07-25 21:00:00,38.212,38.262,38.137,38.15,4129,12,0
2025-07-28 00:00:00,37.853,38.202,37.846,38.173,3280,17,0
2025-07-28 03:00:00,38.173,38.303,38.143,38.274,9778,16,0
2025-07-28 06:00:00,38.274,38.311,38.167,38.284,6525,16,0
2025-07-28 09:00:00,38.284,38.327,38.15,38.209,9434,13,0
2025-07-28 12:00:00,38.209,38.225,38.083,38.122,6916,13,0
2025-07-28 15:00:00,38.126,38.17,37.894,38.083,19163,15,0
2025-07-28 18:00:00,38.082,38.17,38.03,38.05,7143,12,0
2025-07-28 21:00:00,38.05,38.177,38.02,38.147,3905,12,0
2025-07-29 00:00:00,38.136,38.189,38.103,38.179,1457,16,0
2025-07-29 03:00:00,38.179,38.181,38.037,38.174,7404,16,0
2025-07-29 06:00:00,38.174,38.197,38.068,38.186,6092,16,0
2025-07-29 09:00:00,38.186,38.23,37.9,38.154,10891,13,0
2025-07-29 12:00:00,38.154,38.18,38.024,38.035,7271,13,0
2025-07-29 15:00:00,38.035,38.181,37.948,38.139,18033,15,0
2025-07-29 18:00:00,38.139,38.287,37.999,38.196,10550,12,0
2025-07-29 21:00:00,38.196,38.223,38.123,38.19,3914,12,0
2025-07-30 00:00:00,38.221,38.222,38.178,38.2,1213,16,0
2025-07-30 03:00:00,38.2,38.223,37.995,38.162,7606,16,0
2025-07-30 06:00:00,38.162,38.239,38.08,38.082,5267,16,0
2025-07-30 09:00:00,38.085,38.143,38.015,38.101,8472,13,0
2025-07-30 12:00:00,38.101,38.122,37.767,37.946,8913,13,0
2025-07-30 15:00:00,37.946,37.966,37.478,37.663,21984,16,0
2025-07-30 18:00:00,37.663,37.706,37.481,37.624,9678,12,0
2025-07-30 21:00:00,37.624,37.74,36.778,37.11,24152,12,0
2025-07-31 00:00:00,37.11,37.163,37.076,37.139,2438,16,0
2025-07-31 03:00:00,37.139,37.168,36.968,37.163,12029,16,0
2025-07-31 06:00:00,37.163,37.266,37.071,37.219,6229,16,0
2025-07-31 09:00:00,37.216,37.231,36.906,36.944,10438,13,0
2025-07-31 12:00:00,36.944,36.958,36.204,36.581,14301,13,0
2025-07-31 15:00:00,36.581,36.805,36.454,36.459,20239,14,0
2025-07-31 18:00:00,36.459,36.71,36.451,36.621,10162,12,0
2025-07-31 21:00:00,36.621,36.735,36.62,36.699,5241,12,0
2025-08-01 00:00:00,36.709,36.745,36.647,36.676,1966,16,0
2025-08-01 03:00:00,36.676,36.722,36.417,36.549,8731,16,0
2025-08-01 06:00:00,36.549,36.702,36.546,36.686,7343,16,0
2025-08-01 09:00:00,36.686,36.717,36.354,36.419,11290,13,0
2025-08-01 12:00:00,36.419,36.526,36.394,36.44,8837,13,0
2025-08-01 15:00:00,36.44,37.178,36.377,36.907,30852,15,0
2025-08-01 18:00:00,36.907,36.974,36.76,36.88,11245,12,0
2025-08-01 21:00:00,36.88,37.026,36.854,37.001,6327,12,0
2025-08-04 00:00:00,37.024,37.046,36.952,37.025,3116,16,0
2025-08-04 03:00:00,37.025,37.025,36.665,36.986,9880,16,0
2025-08-04 06:00:00,36.986,37.157,36.985,37.135,6888,16,0
2025-08-04 09:00:00,37.135,37.391,37.118,37.359,8904,13,0
2025-08-04 12:00:00,37.359,37.37,37.126,37.337,7821,13,0
2025-08-04 15:00:00,37.337,37.473,37.142,37.349,13123,15,0
2025-08-04 18:00:00,37.349,37.398,37.272,37.339,6610,12,0
2025-08-04 21:00:00,37.339,37.432,37.318,37.403,2778,12,0
2025-08-05 00:00:00,37.41,37.436,37.378,37.432,1852,16,0
2025-08-05 03:00:00,37.432,37.483,37.359,37.424,5930,16,0
2025-08-05 06:00:00,37.424,37.485,37.318,37.462,5124,16,0
2025-08-05 09:00:00,37.462,37.516,37.319,37.441,7625,13,0
2025-08-05 12:00:00,37.441,37.477,37.3,37.358,7046,13,0
2025-08-05 15:00:00,37.358,37.87,37.35,37.772,16618,15,0
2025-08-05 18:00:00,37.772,37.875,37.696,37.84,7800,12,0
2025-08-05 21:00:00,37.84,37.871,37.784,37.798,3660,12,0
2025-08-06 00:00:00,37.807,37.82,37.769,37.807,1352,16,0
2025-08-06 03:00:00,37.807,37.862,37.758,37.799,5322,16,0
2025-08-06 06:00:00,37.799,37.866,37.758,37.815,4536,16,0
2025-08-06 09:00:00,37.815,37.895,37.738,37.777,7131,13,0
2025-08-06 12:00:00,37.777,37.847,37.643,37.802,6741,13,0
2025-08-06 15:00:00,37.802,37.93,37.605,37.928,12467,15,0
2025-08-06 18:00:00,37.928,37.943,37.744,37.886,8532,12,0
2025-08-06 21:00:00,37.887,37.897,37.799,37.815,4733,12,0
2025-08-07 00:00:00,37.836,37.942,37.813,37.872,1924,16,0
2025-08-07 03:00:00,37.872,38.021,37.811,37.981,6963,16,0
2025-08-07 06:00:00,37.981,38.072,37.953,38.008,5098,16,0
2025-08-07 09:00:00,38.009,38.309,37.879,38.231,12231,13,0
2025-08-07 12:00:00,38.231,38.47,38.127,38.311,12161,13,0
2025-08-07 15:00:00,38.311,38.501,38.164,38.188,25013,15,0
2025-08-07 18:00:00,38.188,38.298,38.106,38.136,9753,12,0
2025-08-07 21:00:00,38.136,38.291,37.997,38.249,7154,12,0
2025-08-08 00:00:00,38.261,38.376,38.11,38.305,4798,16,0
2025-08-08 03:00:00,38.305,38.315,37.946,38.107,10895,16,0
2025-08-08 06:00:00,38.107,38.343,38.044,38.329,7435,16,0
2025-08-08 09:00:00,38.329,38.478,38.055,38.33,13021,12,0
2025-08-08 12:00:00,38.33,38.408,38.241,38.293,8752,13,0
2025-08-08 15:00:00,38.293,38.414,38.192,38.347,19360,15,0
2025-08-08 18:00:00,38.347,38.395,38.116,38.126,9075,12,0
2025-08-08 21:00:00,38.129,38.422,37.977,38.291,10037,12,0
2025-08-11 00:00:00,38.256,38.402,38.168,38.171,1869,16,0
2025-08-11 03:00:00,38.171,38.245,37.912,38.094,8362,16,0
2025-08-11 06:00:00,38.094,38.212,38.017,38.184,5324,16,0
2025-08-11 09:00:00,38.184,38.219,37.595,37.934,13199,13,0
2025-08-11 12:00:00,37.934,37.977,37.683,37.723,9926,13,0
2025-08-11 15:00:00,37.722,37.903,37.542,37.754,18011,15,0
2025-08-11 18:00:00,37.754,37.786,37.651,37.773,9166,12,0
2025-08-11 21:00:00,37.773,37.792,37.597,37.602,4027,12,0
2025-08-12 00:00:00,37.561,37.682,37.49,37.676,1860,16,0
2025-08-12 03:00:00,37.676,37.834,37.66,37.808,6165,16,0
2025-08-12 06:00:00,37.808,37.943,37.804,37.935,4848,16,0
2025-08-12 09:00:00,37.935,37.947,37.709,37.785,7168,13,0
2025-08-12 12:00:00,37.785,37.827,37.593,37.76,6195,13,0
2025-08-12 15:00:00,37.76,37.835,37.559,37.659,22821,15,0
2025-08-12 18:00:00,37.659,38.015,37.659,37.907,10176,12,0
2025-08-12 21:00:00,37.907,37.942,37.836,37.903,3304,12,0
2025-08-13 00:00:00,37.853,37.96,37.853,37.908,1138,16,0
2025-08-13 03:00:00,37.908,38.188,37.84,38.123,6258,16,0
2025-08-13 06:00:00,38.123,38.213,38.113,38.207,3721,16,0
2025-08-13 09:00:00,38.207,38.499,38.199,38.492,6657,13,0
2025-08-13 12:00:00,38.492,38.64,38.463,38.571,5675,13,0
2025-08-13 15:00:00,38.571,38.606,38.341,38.508,14127,15,0
2025-08-13 18:00:00,38.508,38.571,38.39,38.49,5897,12,0
2025-08-13 21:00:00,38.49,38.547,38.442,38.485,3085,12,0
2025-08-14 00:00:00,38.531,38.544,38.488,38.522,1309,17,0
2025-08-14 03:00:00,38.522,38.731,38.522,38.701,6793,16,0
2025-08-14 06:00:00,38.701,38.703,38.419,38.479,5622,16,0
2025-08-14 09:00:00,38.479,38.516,38.203,38.228,10130,13,0
2025-08-14 12:00:00,38.228,38.42,38.224,38.308,6625,13,0
2025-08-14 15:00:00,38.308,38.325,37.829,37.985,24389,15,0
2025-08-14 18:00:00,37.985,38.084,37.862,37.998,11760,12,0
2025-08-14 21:00:00,37.998,38.072,37.941,37.997,4443,12,0
2025-08-15 00:00:00,38.009,38.028,37.98,38.001,1263,16,0
2025-08-15 03:00:00,38.001,38.023,37.809,37.946,6393,16,0
2025-08-15 06:00:00,37.946,38.097,37.942,38.067,4669,16,0
2025-08-15 09:00:00,38.067,38.072,37.875,37.95,6860,13,0
2025-08-15 12:00:00,37.95,37.95,37.724,37.819,8021,13,0
2025-08-15 15:00:00,37.819,37.913,37.675,37.896,15630,15,0
2025-08-15 18:00:00,37.896,37.994,37.874,37.961,7078,12,0
2025-08-15 21:00:00,37.961,38.009,37.942,37.971,3945,12,0
2025-08-18 00:00:00,38.005,38.016,37.809,37.861,2297,16,0
2025-08-18 03:00:00,37.861,38.123,37.853,37.984,8762,16,0
2025-08-18 06:00:00,37.984,38.166,37.982,38.079,5365,16,0
2025-08-18 09:00:00,38.079,38.143,37.983,38.094,8507,13,0
2025-08-18 12:00:00,38.096,38.168,38.034,38.05,5801,13,0
2025-08-18 15:00:00,38.05,38.265,37.998,38.063,11631,15,0
2025-08-18 18:00:00,38.063,38.085,37.957,38.025,5175,12,0
2025-08-18 21:00:00,38.023,38.051,37.99,38.018,2379,12,0
2025-08-19 00:00:00,37.953,38.091,37.944,38.054,1467,16,0
2025-08-19 03:00:00,38.054,38.086,37.719,37.883,8147,16,0
2025-08-19 06:00:00,37.883,37.994,37.852,37.864,5000,16,0
2025-08-19 09:00:00,37.863,38.054,37.837,38.041,6865,13,0
2025-08-19 12:00:00,38.041,38.107,38.03,38.048,4165,13,0
2025-08-19 15:00:00,38.048,38.145,37.433,37.482,15686,15,0
2025-08-19 18:00:00,37.482,37.529,37.271,37.342,11528,12,0
2025-08-19 21:00:00,37.342,37.383,37.274,37.378,4020,12,0
2025-08-20 00:00:00,37.327,37.429,37.327,37.358,1572,16,0
2025-08-20 03:00:00,37.359,37.386,37.189,37.228,7633,16,0
2025-08-20 06:00:00,37.228,37.266,37.144,37.215,5309,16,0
2025-08-20 09:00:00,37.215,37.228,36.953,37.053,7255,13,0
2025-08-20 12:00:00,37.053,37.188,36.978,37.174,6514,13,0
2025-08-20 15:00:00,37.174,37.838,37.172,37.756,16126,15,0
2025-08-20 18:00:00,37.755,37.829,37.707,37.812,6321,12,0
2025-08-20 21:00:00,37.812,37.935,37.774,37.881,4118,12,0
2025-08-21 00:00:00,37.922,37.954,37.871,37.898,1397,16,0
2025-08-21 03:00:00,37.899,37.966,37.818,37.855,5459,16,0
2025-08-21 06:00:00,37.855,37.937,37.839,37.87,3696,16,0
2025-08-21 09:00:00,37.87,37.909,37.781,37.805,7361,13,0
2025-08-21 12:00:00,37.805,37.807,37.527,37.716,7187,13,0
2025-08-21 15:00:00,37.717,38.199,37.705,38.11,16406,15,0
2025-08-21 18:00:00,38.111,38.202,38.014,38.095,7513,12,0
2025-08-21 21:00:00,38.095,38.135,38.066,38.122,3219,12,0
2025-08-22 00:00:00,38.07,38.154,38.07,38.095,1495,16,0
2025-08-22 03:00:00,38.095,38.186,38.072,38.099,5893,16,0
2025-08-22 06:00:00,38.099,38.113,37.998,38.04,4302,16,0
2025-08-22 09:00:00,38.04,38.107,37.895,38.019,6695,13,0
2025-08-22 12:00:00,38.019,38.058,37.903,37.97,5404,13,0
2025-08-22 15:00:00,37.97,38.969,37.686,38.941,24244,15,0
2025-08-22 18:00:00,38.941,39.059,38.88,39.009,11797,12,0
2025-08-22 21:00:00,39.009,39.031,38.855,38.855,3981,12,0
2025-08-25 00:00:00,38.87,38.953,38.861,38.907,2154,16,0
2025-08-25 03:00:00,38.907,38.992,38.756,38.771,6348,16,0
2025-08-25 06:00:00,38.771,38.876,38.75,38.856,4676,16,0
2025-08-25 09:00:00,38.856,38.973,38.788,38.799,5286,13,0
2025-08-25 12:00:00,38.799,38.823,38.687,38.819,5017,13,0
2025-08-25 15:00:00,38.819,38.931,38.562,38.856,12665,15,0
2025-08-25 18:00:00,38.856,38.906,38.704,38.721,6783,12,0
2025-08-25 21:00:00,38.721,38.729,38.52,38.557,4398,12,0
2025-08-26 00:00:00,38.538,38.579,38.363,38.405,2722,16,0
2025-08-26 03:00:00,38.405,38.765,38.331,38.693,12624,16,0
2025-08-26 06:00:00,38.693,38.849,38.656,38.813,5390,16,0
2025-08-26 09:00:00,38.813,38.837,38.555,38.628,7976,13,0
2025-08-26 12:00:00,38.628,38.736,38.366,38.509,9008,13,0
2025-08-26 15:00:00,38.509,38.6,38.376,38.582,15480,15,0
2025-08-26 18:00:00,38.582,38.651,38.486,38.503,7415,12,0
2025-08-26 21:00:00,38.503,38.609,38.494,38.6,3605,12,0
2025-08-27 00:00:00,38.555,38.695,38.555,38.655,2464,16,0
2025-08-27 03:00:00,38.655,38.673,38.493,38.533,5809,16,0
2025-08-27 06:00:00,38.533,38.567,38.427,38.464,4406,16,0
2025-08-27 09:00:00,38.465,38.532,38.335,38.378,7323,13,0
2025-08-27 12:00:00,38.378,38.381,38.073,38.27,8102,13,0
2025-08-27 15:00:00,38.27,38.417,38.119,38.393,15592,15,0
2025-08-27 18:00:00,38.393,38.625,38.381,38.598,9026,12,0
2025-08-27 21:00:00,38.598,38.603,38.466,38.57,4137,12,0
2025-08-28 00:00:00,38.532,38.629,38.532,38.61,1419,16,0
2025-08-28 03:00:00,38.61,38.751,38.585,38.745,6477,16,0
2025-08-28 06:00:00,38.745,38.78,38.666,38.729,4424,16,0
2025-08-28 09:00:00,38.728,38.926,38.727,38.879,8495,13,0
2025-08-28 12:00:00,38.879,39.03,38.816,39.012,6309,13,0
2025-08-28 15:00:00,39.012,39.118,38.852,38.961,18993,15,0
2025-08-28 18:00:00,38.961,39.111,38.801,39.088,7793,12,0
2025-08-28 21:00:00,39.088,39.115,39.012,39.025,4783,12,0
2025-08-29 00:00:00,38.981,39.099,38.953,38.982,1760,16,0
2025-08-29 03:00:00,38.982,39.042,38.836,38.853,5076,16,0
2025-08-29 06:00:00,38.853,38.934,38.778,38.928,4437,16,0
2025-08-29 09:00:00,38.928,38.986,38.757,38.986,7819,13,0
2025-08-29 12:00:00,38.986,39.004,38.78,38.838,6277,13,0
2025-08-29 15:00:00,38.838,39.312,38.713,39.311,18499,15,0
2025-08-29 18:00:00,39.312,39.964,39.297,39.765,15311,12,0
2025-08-29 21:00:00,39.766,39.829,39.643,39.654,7373,12,0
2025-09-01 00:00:00,39.699,39.83,39.509,39.773,3069,16,0
2025-09-01 03:00:00,39.773,40.534,39.74,40.48,16248,16,0
2025-09-01 06:00:00,40.48,40.51,40.276,40.469,11045,16,0
2025-09-01 09:00:00,40.469,40.756,40.405,40.693,16348,13,0
2025-09-01 12:00:00,40.693,40.693,40.445,40.546,13307,13,0
2025-09-01 15:00:00,40.545,40.748,40.477,40.679,19024,15,0
2025-09-01 18:00:00,40.676,40.732,40.524,40.697,7823,12,0
2025-09-01 21:00:00,40.697,40.753,40.687,40.687,918,12,0
2025-09-02 00:00:00,40.631,40.733,40.554,40.652,2602,16,0
2025-09-02 03:00:00,40.653,40.846,40.569,40.672,19042,16,0
2025-09-02 06:00:00,40.672,40.818,40.607,40.709,9524,16,0
2025-09-02 09:00:00,40.709,40.776,40.165,40.236,19647,13,0
2025-09-02 12:00:00,40.236,40.607,40.233,40.593,13317,13,0
2025-09-02 15:00:00,40.593,40.769,40.132,40.751,32076,15,0
2025-09-02 18:00:00,40.751,40.91,40.705,40.852,14785,12,0
2025-09-02 21:00:00,40.852,40.928,40.796,40.881,6089,12,0
2025-09-03 00:00:00,40.846,40.9,40.781,40.868,2100,16,0
2025-09-03 03:00:00,40.867,40.971,40.647,40.671,16743,16,0
2025-09-03 06:00:00,40.67,40.774,40.62,40.659,11386,16,0
2025-09-03 09:00:00,40.659,40.864,40.659,40.789,13486,13,0
2025-09-03 12:00:00,40.79,40.941,40.765,40.883,13892,13,0
2025-09-03 15:00:00,40.883,41.456,40.833,41.048,30817,15,0
2025-09-03 18:00:00,41.048,41.365,41.032,41.296,14655,12,0
2025-09-03 21:00:00,41.296,41.396,41.059,41.186,11426,12,0
2025-09-04 00:00:00,41.138,41.189,40.954,41.069,3491,16,0
2025-09-04 03:00:00,41.069,41.222,40.634,40.671,18623,16,0
2025-09-04 06:00:00,40.671,40.872,40.523,40.802,13286,16,0
2025-09-04 09:00:00,40.802,40.947,40.749,40.93,15676,13,0
2025-09-04 12:00:00,40.93,41.037,40.814,40.894,14907,13,0
2025-09-04 15:00:00,40.894,41.018,40.392,40.649,30348,15,0
2025-09-04 18:00:00,40.649,40.794,40.48,40.492,12013,12,0
2025-09-04 21:00:00,40.493,40.718,40.477,40.648,6354,12,0
2025-09-05 00:00:00,40.587,40.755,40.544,40.729,2565,16,0
2025-09-05 03:00:00,40.729,40.839,40.696,40.834,11146,16,0
2025-09-05 06:00:00,40.834,40.915,40.798,40.909,8011,16,0
2025-09-05 09:00:00,40.909,40.92,40.714,40.772,12416,13,0
2025-09-05 12:00:00,40.772,40.816,40.67,40.777,6808,13,0
2025-09-05 15:00:00,40.777,41.412,40.564,40.954,42917,15,0
2025-09-05 18:00:00,40.954,41.094,40.821,40.993,18507,12,0
2025-09-05 21:00:00,40.993,41.015,40.908,40.97,7011,12,0
2025-09-08 00:00:00,40.944,40.957,40.738,40.862,4803,16,0
2025-09-08 03:00:00,40.862,41.059,40.621,40.72,16161,16,0
2025-09-08 06:00:00,40.72,40.83,40.521,40.81,9607,16,0
2025-09-08 09:00:00,40.81,41.199,40.799,41.166,13996,13,0
2025-09-08 12:00:00,41.166,41.345,41.104,41.28,11251,13,0
2025-09-08 15:00:00,41.278,41.574,41.149,41.558,27191,15,0
2025-09-08 18:00:00,41.559,41.661,41.221,41.242,18779,12,0
2025-09-08 21:00:00,41.242,41.367,41.215,41.318,5559,12,0
2025-09-09 00:00:00,41.274,41.338,41.248,41.318,2221,16,0
2025-09-09 03:00:00,41.319,41.415,41.24,41.376,11979,16,0
2025-09-09 06:00:00,41.377,41.475,41.199,41.408,10415,16,0
2025-09-09 09:00:00,41.41,41.443,41.204,41.221,17628,13,0
2025-09-09 12:00:00,41.221,41.32,41.134,41.195,12484,13,0
2025-09-09 15:00:00,41.195,41.393,40.788,40.963,36026,15,0
2025-09-09 18:00:00,40.963,40.99,40.776,40.836,17303,12,0
2025-09-09 21:00:00,40.836,40.985,40.832,40.86,7166,12,0
2025-09-10 00:00:00,40.776,40.912,40.747,40.871,3039,16,0
2025-09-10 03:00:00,40.871,41.023,40.706,41.008,12576,16,0
2025-09-10 06:00:00,41.008,41.08,40.987,41.057,6880,16,0
2025-09-10 09:00:00,41.057,41.177,40.992,41.102,12140,13,0
2025-09-10 12:00:00,41.102,41.238,41.067,41.1,9850,13,0
2025-09-10 15:00:00,41.099,41.285,40.957,41.186,25868,15,0
2025-09-10 18:00:00,41.186,41.21,41.059,41.182,9531,12,0
2025-09-10 21:00:00,41.182,41.218,41.029,41.14,6083,12,0
2025-09-11 00:00:00,41.131,41.237,41.122,41.195,1921,16,0
2025-09-11 03:00:00,41.195,41.238,41.072,41.107,8453,16,0
2025-09-11 06:00:00,41.107,41.143,40.903,40.935,9135,16,0
2025-09-11 09:00:00,40.935,41.147,40.922,41.042,12452,13,0
2025-09-11 12:00:00,41.045,41.119,40.883,41.02,10518,13,0
2025-09-11 15:00:00,41.02,41.467,40.869,41.322,32302,15,0
2025-09-11 18:00:00,41.322,41.759,41.314,41.646,15854,12,0
2025-09-11 21:00:00,41.646,41.657,41.46,41.536,5856,12,0
2025-09-12 00:00:00,41.486,41.562,41.462,41.516,1697,16,0
2025-09-12 03:00:00,41.516,42.093,41.386,41.861,15119,16,0
2025-09-12 06:00:00,41.861,42.164,41.786,42.105,8054,16,0
2025-09-12 09:00:00,42.105,42.46,41.966,42.236,10138,13,0
2025-09-12 12:00:00,42.235,42.382,42.158,42.222,9137,13,0
2025-09-12 15:00:00,42.223,42.338,41.81,42.206,25142,15,0
2025-09-12 18:00:00,42.206,42.331,42.103,42.297,10920,12,0
2025-09-12 21:00:00,42.297,42.297,42.103,42.153,4798,12,0
2025-09-15 00:00:00,42.137,42.237,42.056,42.093,2348,16,0
2025-09-15 03:00:00,42.093,42.235,41.998,42.141,9815,16,0
2025-09-15 06:00:00,42.141,42.304,42.14,42.21,5527,16,0
2025-09-15 09:00:00,42.21,42.245,42.07,42.206,10549,13,0
2025-09-15 12:00:00,42.206,42.256,42.091,42.189,8178,13,0
2025-09-15 15:00:00,42.189,42.443,42.019,42.443,19130,15,0
2025-09-15 18:00:00,42.444,42.667,42.402,42.628,13714,12,0
2025-09-15 21:00:00,42.628,42.731,42.551,42.664,5447,12,0
2025-09-16 00:00:00,42.65,42.692,42.599,42.613,1602,16,0
2025-09-16 03:00:00,42.613,42.74,42.34,42.371,13712,16,0
2025-09-16 06:00:00,42.371,42.714,42.352,42.664,7548,16,0
2025-09-16 09:00:00,42.664,42.773,42.664,42.686,10439,13,0
2025-09-16 12:00:00,42.686,42.859,42.673,42.811,8410,13,0
2025-09-16 15:00:00,42.811,42.961,42.558,42.613,24454,15,0
2025-09-16 18:00:00,42.614,42.651,42.247,42.481,15959,12,0
2025-09-16 21:00:00,42.481,42.597,42.433,42.541,4767,12,0
2025-09-17 00:00:00,42.562,42.632,42.53,42.615,1237,16,0
2025-09-17 03:00:00,42.615,42.623,41.783,41.963,15552,16,0
2025-09-17 06:00:00,41.963,42.111,41.819,41.989,8841,16,0
2025-09-17 09:00:00,41.989,42.003,41.538,41.598,11181,13,0
2025-09-17 12:00:00,41.599,41.643,41.106,41.583,11862,13,0
2025-09-17 15:00:00,41.583,42.077,41.571,42.065,19909,15,0
2025-09-17 18:00:00,42.065,42.08,41.719,41.893,9739,12,0
2025-09-17 21:00:00,41.893,42.234,41.156,41.666,34801,12,0
2025-09-18 00:00:00,41.574,41.881,41.574,41.81,2525,16,0
2025-09-18 03:00:00,41.81,41.872,41.469,41.683,15079,16,0
2025-09-18 06:00:00,41.683,41.695,41.294,41.333,8554,16,0
2025-09-18 09:00:00,41.331,41.855,41.186,41.824,14797,13,0
2025-09-18 12:00:00,41.824,41.966,41.791,41.823,8796,13,0
2025-09-18 15:00:00,41.823,41.926,41.446,41.594,24999,15,0
2025-09-18 18:00:00,41.595,41.835,41.568,41.791,12073,12,0
2025-09-18 21:00:00,41.791,41.854,41.763,41.801,4258,12,0
2025-09-19 00:00:00,41.743,41.819,41.687,41.716,1345,16,0
2025-09-19 03:00:00,41.716,42.165,41.644,42.025,10684,16,0
2025-09-19 06:00:00,42.025,42.378,41.972,42.198,9602,16,0
2025-09-19 09:00:00,42.198,42.248,41.945,42.243,9917,13,0
2025-09-19 12:00:00,42.243,42.279,42.023,42.085,4726,13,0
2025-09-19 15:00:00,42.085,42.69,41.955,42.601,18296,15,0
2025-09-19 18:00:00,42.601,42.906,42.589,42.899,12619,12,0
2025-09-19 21:00:00,42.898,43.075,42.865,43.053,6704,12,0
2025-09-22 00:00:00,43.098,43.148,43.017,43.099,4647,16,0
2025-09-22 03:00:00,43.097,43.25,43.075,43.241,13522,16,0
2025-09-22 06:00:00,43.241,43.684,43.229,43.622,9382,16,0
2025-09-22 09:00:00,43.622,43.766,43.452,43.692,14264,13,0
2025-09-22 12:00:00,43.692,43.796,43.535,43.637,10080,13,0
2025-09-22 15:00:00,43.639,43.739,43.341,43.716,25030,15,0
2025-09-22 18:00:00,43.716,44.045,43.696,44.045,12378,12,0
2025-09-22 21:00:00,44.045,44.11,44.019,44.061,5228,12,0
2025-09-23 00:00:00,44.027,44.094,43.964,44.012,2555,16,0
2025-09-23 03:00:00,44.012,44.037,43.632,43.782,14527,16,0
2025-09-23 06:00:00,43.782,44.101,43.723,43.802,8377,16,0
2025-09-23 09:00:00,43.802,44.145,43.657,44.104,13470,13,0
2025-09-23 12:00:00,44.104,44.426,44.085,44.348,11590,13,0
2025-09-23 15:00:00,44.348,44.457,44.123,44.291,25576,15,0
2025-09-23 18:00:00,44.291,44.354,44.067,44.207,16831,12,0
2025-09-23 21:00:00,44.207,44.264,43.841,44.027,13550,12,0
2025-09-24 00:00:00,43.982,44.153,43.892,43.942,2468,16,0
2025-09-24 03:00:00,43.94,44.04,43.664,43.922,13108,16,0
2025-09-24 06:00:00,43.922,44.296,43.913,44.248,8037,16,0
2025-09-24 09:00:00,44.248,44.289,44.053,44.125,10203,13,0
2025-09-24 12:00:00,44.125,44.172,43.822,44.022,9167,13,0
2025-09-24 15:00:00,44.022,44.308,43.918,43.961,24310,15,0
2025-09-24 18:00:00,43.961,44.171,43.766,43.846,17924,12,0
2025-09-24 21:00:00,43.846,43.924,43.669,43.889,10507,12,0
2025-09-25 00:00:00,43.842,43.94,43.842,43.922,1852,16,0
2025-09-25 03:00:00,43.922,43.985,43.763,43.969,11022,16,0
2025-09-25 06:00:00,43.969,44.005,43.85,43.941,5523,16,0
2025-09-25 09:00:00,43.941,44.869,43.927,44.792,14736,13,0
2025-09-25 12:00:00,44.792,45.068,44.738,44.807,15381,13,0
2025-09-25 15:00:00,44.807,44.986,44.196,44.69,38898,15,0
2025-09-25 18:00:00,44.69,44.907,44.605,44.816,17261,12,0
2025-09-25 21:00:00,44.815,45.219,44.724,45.166,10779,12,0
2025-09-26 00:00:00,45.172,45.177,44.632,44.889,4818,16,0
2025-09-26 03:00:00,44.889,45.06,44.595,44.687,14685,16,0
2025-09-26 06:00:00,44.687,44.812,44.613,44.737,7309,16,0
2025-09-26 09:00:00,44.737,45.209,44.733,45.096,15339,13,0
2025-09-26 12:00:00,45.096,45.159,44.946,45.024,9591,13,0
2025-09-26 15:00:00,45.023,45.726,44.989,45.717,32748,15,0
2025-09-26 18:00:00,45.717,46.601,45.68,46.594,24052,12,0
2025-09-26 21:00:00,46.593,46.624,46.01,46.043,14579,12,0
2025-09-29 00:00:00,46.135,46.36,46.104,46.249,4646,16,0
2025-09-29 03:00:00,46.249,46.626,45.939,46.492,24361,16,0
2025-09-29 06:00:00,46.492,47.169,46.47,46.872,22714,16,0
2025-09-29 09:00:00,46.872,47.175,46.597,46.98,22573,13,0
2025-09-29 12:00:00,46.98,47.069,46.801,46.952,14643,13,0
2025-09-29 15:00:00,46.952,47.067,46.47,46.983,35813,12,0
2025-09-29 18:00:00,46.983,47.089,46.748,46.852,19136,12,0
2025-09-29 21:00:00,46.852,46.931,46.72,46.914,9930,12,0
2025-09-30 00:00:00,46.912,46.954,46.723,46.809,2570,16,0
2025-09-30 03:00:00,46.809,47.112,46.778,46.972,18200,16,0
2025-09-30 06:00:00,46.972,47.166,46.891,47.097,13653,16,0
2025-09-30 09:00:00,47.097,47.151,46.158,46.186,27890,13,0
2025-09-30 12:00:00,46.186,46.33,45.797,46.197,20796,13,0
2025-09-30 15:00:00,46.197,46.784,45.946,46.754,28315,15,0
2025-09-30 18:00:00,46.754,46.763,46.191,46.442,20365,12,0
2025-09-30 21:00:00,46.442,46.689,46.332,46.619,8695,12,0
2025-10-01 00:00:00,46.685,46.729,46.621,46.708,3086,16,0
2025-10-01 03:00:00,46.708,47.55,46.65,47.31,16397,16,0
2025-10-01 06:00:00,47.306,47.358,46.858,47.004,13787,16,0
2025-10-01 09:00:00,47.004,47.461,46.676,47.38,20402,13,0
2025-10-01 12:00:00,47.383,47.412,47.133,47.406,15261,13,0
2025-10-01 15:00:00,47.406,47.82,47.084,47.467,37499,15,0
2025-10-01 18:00:00,47.467,47.605,47.238,47.366,21549,12,0
2025-10-01 21:00:00,47.366,47.496,47.2,47.308,11342,12,0
2025-10-02 00:00:00,47.244,47.362,47.063,47.221,3458,16,0
2025-10-02 03:00:00,47.221,47.519,46.963,47.278,12298,16,0
2025-10-02 06:00:00,47.278,47.498,47.151,47.467,7469,16,0
2025-10-02 09:00:00,47.477,47.521,47.247,47.497,13437,13,0
2025-10-02 12:00:00,47.497,47.541,47.356,47.524,10755,13,0
2025-10-02 15:00:00,47.524,48.045,45.923,46.315,40443,15,0
2025-10-02 18:00:00,46.315,46.627,45.905,46.587,26791,12,0
2025-10-02 21:00:00,46.587,46.974,46.587,46.963,7858,12,0
2025-10-03 00:00:00,46.899,46.989,46.866,46.974,3365,16,0
2025-10-03 03:00:00,46.974,46.983,46.637,46.816,10544,16,0
2025-10-03 06:00:00,46.816,47.218,46.654,47.119,9391,16,0
2025-10-03 09:00:00,47.119,47.428,47.011,47.415,10750,13,0
2025-10-03 12:00:00,47.415,47.664,47.21,47.537,11465,13,0
2025-10-03 15:00:00,47.537,47.939,47.406,47.91,29777,15,0
2025-10-03 18:00:00,47.91,48.368,47.713,47.846,23699,12,0
2025-10-03 21:00:00,47.848,48.099,47.795,47.964,10393,12,0
2025-10-06 00:00:00,48.053,48.273,47.935,48.227,8262,16,0
2025-10-06 03:00:00,48.227,48.373,47.973,48.27,12961,16,0
2025-10-06 06:00:00,48.27,48.628,48.252,48.507,12397,16,0
2025-10-06 09:00:00,48.507,48.755,48.425,48.678,17234,13,0
2025-10-06 12:00:00,48.679,48.722,48.158,48.401,14859,13,0
2025-10-06 15:00:00,48.4,48.739,48.049,48.65,32584,10,0
2025-10-06 18:00:00,48.652,48.761,48.346,48.637,20770,12,0
2025-10-06 21:00:00,48.637,48.718,48.487,48.494,6863,12,0
2025-10-07 00:00:00,48.422,48.61,48.356,48.487,5994,16,0
2025-10-07 03:00:00,48.487,48.583,48.251,48.531,11368,16,0
2025-10-07 06:00:00,48.531,48.642,48.348,48.601,11148,16,0
2025-10-07 09:00:00,48.601,48.602,47.723,48.18,21335,13,0
2025-10-07 12:00:00,48.18,48.632,48.174,48.582,11147,13,0
2025-10-07 15:00:00,48.58,48.627,47.99,48.174,32617,15,0
2025-10-07 18:00:00,48.176,48.286,47.333,47.629,33464,12,0
2025-10-07 21:00:00,47.63,47.837,47.438,47.804,12003,12,0
2025-10-08 00:00:00,47.812,47.942,47.782,47.92,4161,16,0
2025-10-08 03:00:00,47.92,48.452,47.733,48.451,15593,16,0
2025-10-08 06:00:00,48.451,48.93,48.227,48.665,15359,16,0
2025-10-08 09:00:00,48.671,48.866,48.386,48.746,18261,13,0
2025-10-08 12:00:00,48.746,49.011,48.686,48.984,16693,13,0
2025-10-08 15:00:00,48.976,49.203,48.76,49.194,27860,15,0
2025-10-08 18:00:00,49.194,49.543,49.193,49.448,23872,12,0
2025-10-08 21:00:00,49.448,49.484,48.701,48.838,18694,12,0
2025-10-09 00:00:00,48.809,49.074,48.351,48.774,7655,8,0
2025-10-09 03:00:00,48.774,49.124,48.462,48.779,25217,16,0
2025-10-09 06:00:00,48.779,49.248,48.768,49.197,14154,16,0
2025-10-09 09:00:00,49.197,49.318,48.746,49.312,17213,13,0
2025-10-09 12:00:00,49.313,49.73,49.308,49.723,12158,13,0
2025-10-09 15:00:00,49.723,51.243,49.67,50.565,42989,8,0
2025-10-09 18:00:00,50.563,51.067,48.46,48.856,36046,12,0
2025-10-09 21:00:00,48.828,49.41,48.62,49.269,19839,12,0
2025-10-10 00:00:00,48.886,49.276,48.653,49.116,2109,151,0
2025-10-10 03:00:00,49.208,49.789,49.19,49.515,18503,16,0
2025-10-10 06:00:00,49.514,49.906,48.86,49.87,19102,16,0
2025-10-10 09:00:00,49.871,50.98,49.775,50.965,23836,13,0
2025-10-10 12:00:00,50.966,51.132,49.598,50.029,15578,13,0
2025-10-10 15:00:00,50.029,50.733,49.727,50.369,40150,15,0
2025-10-10 18:00:00,50.368,50.42,49.704,49.9,49675,12,0
2025-10-10 21:00:00,49.902,50.288,49.733,49.978,22297,12,0
2025-10-13 00:00:00,50.196,50.607,50.194,50.539,730,200,0
2025-10-13 03:00:00,50.581,50.907,50.013,50.854,22776,16,0
2025-10-13 06:00:00,50.854,51.7,50.849,51.605,16981,16,0
2025-10-13 09:00:00,51.605,51.733,51.13,51.468,18402,13,0
2025-10-13 12:00:00,51.468,51.506,50.431,51.484,15758,13,0
2025-10-13 15:00:00,51.484,52.057,51.342,51.927,32265,14,0
2025-10-13 18:00:00,51.93,52.075,51.418,51.927,28112,12,0
2025-10-13 21:00:00,51.927,52.449,51.878,52.367,13795,12,0
2025-10-14 00:00:00,51.79,52.607,51.748,52.48,5959,16,0
2025-10-14 03:00:00,52.479,53.066,52.28,52.887,22056,16,0
2025-10-14 06:00:00,52.887,53.528,51.407,52.347,16447,16,0
2025-10-14 09:00:00,52.32,52.438,50.129,51.908,35954,14,0
2025-10-14 12:00:00,51.909,51.93,50.792,51.415,25741,22,0
2025-10-14 15:00:00,51.414,51.801,50.459,51.4,47823,22,0
2025-10-14 18:00:00,51.397,51.926,51.342,51.892,36853,22,0
2025-10-14 21:00:00,51.891,51.93,51.303,51.343,20580,22,0
2025-10-15 00:00:00,51.419,52.094,51.362,51.954,7435,22,0
2025-10-15 03:00:00,51.954,52.224,51.573,51.642,26461,22,0
2025-10-15 06:00:00,51.642,52.384,51.64,52.358,16143,22,0
2025-10-15 09:00:00,52.354,53.034,52.264,52.975,21171,22,0
2025-10-15 12:00:00,52.975,53.077,52.281,52.95,18541,22,0
2025-10-15 15:00:00,52.95,53.063,52.358,52.695,39098,22,0
2025-10-15 18:00:00,52.695,52.941,52.283,52.724,41580,21,0
2025-10-15 21:00:00,52.724,53.165,52.632,52.939,14995,22,0
2025-10-16 00:00:00,52.946,53.186,52.775,53.05,7052,22,0
2025-10-16 03:00:00,53.052,53.268,52.911,53.232,20236,22,0
2025-10-16 06:00:00,53.232,53.247,52.421,52.625,21937,22,0
2025-10-16 09:00:00,52.625,53.016,52.592,52.896,19006,21,0
2025-10-16 12:00:00,52.896,53.197,52.794,52.908,13178,22,0
2025-10-16 15:00:00,52.912,53.84,52.749,53.685,38567,21,0
2025-10-16 18:00:00,53.685,54.157,53.445,53.917,50242,22,0
2025-10-16 21:00:00,53.919,54.162,53.548,54.038,32986,22,0
2025-10-17 00:00:00,54.117,54.372,53.814,54.288,13991,22,0
2025-10-17 03:00:00,54.284,54.292,53.454,53.964,37434,22,0
2025-10-17 06:00:00,53.967,54.453,53.919,54.42,19016,22,0
2025-10-17 09:00:00,54.42,54.445,53.602,53.873,45145,22,0
2025-10-17 12:00:00,53.87,54.112,53.315,53.336,27017,22,0
2025-10-17 15:00:00,53.336,53.787,51.673,52.251,55762,22,0
2025-10-17 18:00:00,52.249,52.456,50.606,51.549,46434,16,0
2025-10-17 21:00:00,51.548,51.935,51.322,51.609,27416,22,0
2025-10-20 00:00:00,51.49,51.993,51.132,51.836,10807,22,0
2025-10-20 03:00:00,51.836,52.292,51.276,52.182,36284,22,0
2025-10-20 06:00:00,52.182,52.253,51.731,51.757,24189,22,0
2025-10-20 09:00:00,51.757,52.149,51.456,52.021,28520,22,0
2025-10-20 12:00:00,52.021,52.205,51.577,52.032,19649,22,0
2025-10-20 15:00:00,52.032,52.764,51.899,52.359,50374,22,0
2025-10-20 18:00:00,52.362,52.62,52.04,52.219,39948,22,0
2025-10-20 21:00:00,52.219,52.621,52.107,52.234,19482,22,0
2025-10-21 00:00:00,52.324,52.602,52.291,52.516,5880,22,0
2025-10-21 03:00:00,52.517,52.523,51.573,51.704,33783,22,0
2025-10-21 06:00:00,51.704,52.062,51.445,51.462,24039,22,0
2025-10-21 09:00:00,51.462,51.933,49.193,49.888,45072,22,0
2025-10-21 12:00:00,49.89,50.386,49.493,50.054,36147,22,0
2025-10-21 15:00:00,50.051,50.136,47.822,48.316,57705,22,0
2025-10-21 18:00:00,48.316,49.057,48.26,48.572,49441,22,0
2025-10-21 21:00:00,48.574,48.723,47.958,48.628,25598,22,0
2025-10-22 00:00:00,48.517,48.741,48.032,48.198,8290,22,0
2025-10-22 03:00:00,48.198,48.977,47.32,48.784,47431,22,0
2025-10-22 06:00:00,48.784,49.153,48.703,49.14,24519,22,0
2025-10-22 09:00:00,49.14,49.294,48.282,48.306,37964,22,0
2025-10-22 12:00:00,48.306,48.8,47.688,47.773,46307,22,0
2025-10-22 15:00:00,47.773,48.662,47.773,47.939,46658,22,0
2025-10-22 18:00:00,47.939,48.389,47.926,48.09,34552,22,0
2025-10-22 21:00:00,48.09,48.663,48.07,48.439,21821,22,0
2025-10-23 00:00:00,48.436,48.652,48.133,48.147,8954,22,0
2025-10-23 03:00:00,48.147,48.452,47.89,48.412,28232,22,0
2025-10-23 06:00:00,48.416,48.77,48.311,48.759,22727,22,0
2025-10-23 09:00:00,48.759,49.313,48.741,49.151,29963,22,0
2025-10-23 12:00:00,49.151,49.363,48.897,49.111,20375,22,0
2025-10-23 15:00:00,49.111,49.449,48.979,49.211,40283,22,0
2025-10-23 18:00:00,49.212,49.318,48.88,49.128,30400,22,0
2025-10-23 21:00:00,49.129,49.162,48.708,48.818,18122,22,0
2025-10-24 00:00:00,48.759,49.022,48.62,48.793,4003,24,0
2025-10-24 03:00:00,48.793,48.988,48.38,48.581,17965,22,0
2025-10-24 06:00:00,48.581,48.827,48.199,48.431,18414,22,0
2025-10-24 09:00:00,48.43,48.459,47.816,48.165,22107,22,0
2025-10-24 12:00:00,48.165,48.263,47.825,48.029,17155,22,0
2025-10-24 15:00:00,48.029,48.94,47.869,48.569,40860,22,0
2025-10-24 18:00:00,48.569,48.857,48.477,48.484,25674,22,0
2025-10-24 21:00:00,48.483,48.613,48.38,48.536,18594,22,0
2025-10-27 00:00:00,48.516,48.683,48.059,48.151,11905,23,0
2025-10-27 03:00:00,48.151,48.536,47.983,48.171,20993,22,0
2025-10-27 06:00:00,48.171,48.311,47.775,48.306,15252,22,0
2025-10-27 09:00:00,48.306,48.373,47.561,47.685,18974,22,0
2025-10-27 12:00:00,47.683,47.921,47.315,47.355,20573,22,0
2025-10-27 15:00:00,47.355,47.782,46.168,46.225,39541,22,0
2025-10-27 18:00:00,46.241,46.971,46.063,46.929,29997,22,0
2025-10-27 21:00:00,46.931,47.006,46.645,46.881,17836,22,0
2025-10-28 00:00:00,46.577,47.096,46.515,46.931,7834,22,0
2025-10-28 03:00:00,46.931,47.203,46.66,46.72,18624,22,0
2025-10-28 06:00:00,46.721,46.867,46.47,46.652,20444,22,0
2025-10-28 09:00:00,46.652,46.752,45.642,45.669,28173,22,0
2025-10-28 12:00:00,45.671,46.534,45.538,46.451,24632,22,0
2025-10-28 15:00:00,46.45,47.029,46.258,46.953,36364,22,0
2025-10-28 18:00:00,46.952,47.244,46.912,47.15,28044,22,0
2025-10-28 21:00:00,47.15,47.166,46.833,47.032,16848,22,0
2025-10-29 00:00:00,47.041,47.152,46.79,47.128,7274,22,0
2025-10-29 03:00:00,47.124,47.598,47.071,47.443,19989,22,0
2025-10-29 06:00:00,47.446,47.587,47.359,47.496,13320,22,0
2025-10-29 09:00:00,47.496,48.305,47.444,48.302,19682,22,0
2025-10-29 12:00:00,48.302,48.398,48.073,48.157,18440,22,0
2025-10-29 15:00:00,48.159,48.439,47.997,48.221,28060,22,0
2025-10-29 18:00:00,48.221,48.327,47.867,48.058,23669,22,0
2025-10-29 21:00:00,48.058,48.216,47.233,47.554,44161,22,0
2025-10-30 00:00:00,47.568,47.828,47.283,47.789,7575,25,0
2025-10-30 03:00:00,47.789,47.952,47.248,47.319,24154,22,0
2025-10-30 06:00:00,47.319,47.912,47.257,47.726,19692,22,0
2025-10-30 09:00:00,47.726,47.95,47.517,47.934,18334,22,0
2025-10-30 12:00:00,47.936,48.269,47.849,48.119,19141,22,0
2025-10-30 15:00:00,48.119,48.764,47.889,48.728,36706,22,0
2025-10-30 18:00:00,48.728,48.916,48.656,48.75,23499,22,0
2025-10-30 21:00:00,48.751,48.974,48.676,48.895,14463,22,0
2025-10-31 00:00:00,48.912,49.157,48.73,49.073,7834,22,0
2025-10-31 03:00:00,49.073,49.224,48.742,48.935,20427,22,0
2025-10-31 06:00:00,48.932,49.006,48.668,48.977,17139,22,0
2025-10-31 09:00:00,48.977,49.353,48.774,48.807,23491,22,0
2025-10-31 12:00:00,48.807,49.023,48.711,48.997,17655,22,0
2025-10-31 15:00:00,48.998,49.149,48.71,48.959,30564,22,0
2025-10-31 18:00:00,48.958,49.036,48.355,48.648,33684,22,0
2025-10-31 21:00:00,48.648,48.812,48.461,48.621,15363,22,0
2025-11-03 00:00:00,48.481,48.752,48.251,48.371,10450,22,0
2025-11-03 03:00:00,48.371,48.908,48.19,48.855,23061,22,0
2025-11-03 06:00:00,48.855,48.992,48.731,48.853,15272,22,0
2025-11-03 09:00:00,48.853,49.093,48.475,48.64,21094,22,0
2025-11-03 12:00:00,48.644,48.821,48.517,48.798,16375,22,0
2025-11-03 15:00:00,48.798,48.962,48.137,48.416,32242,22,0
2025-11-03 18:00:00,48.416,48.483,48.17,48.192,22268,22,0
2025-11-03 21:00:00,48.192,48.276,47.999,48.07,11344,22,0
2025-11-04 00:00:00,48.068,48.155,47.491,47.935,7275,22,0
2025-11-04 03:00:00,47.935,48.172,47.614,48.159,21197,22,0
2025-11-04 06:00:00,48.159,48.211,47.471,47.644,21028,22,0
2025-11-04 09:00:00,47.644,48.11,47.573,47.745,19657,22,0
2025-11-04 12:00:00,47.745,47.94,47.596,47.658,18309,22,0
2025-11-04 15:00:00,47.652,47.811,46.845,47.462,29844,22,0
2025-11-04 18:00:00,47.462,47.879,47.277,47.385,24793,22,0
2025-11-04 21:00:00,47.385,47.442,47.064,47.134,15121,22,0
2025-11-05 00:00:00,47.155,47.206,46.828,47.11,7659,22,0
2025-11-05 03:00:00,47.11,47.703,47.002,47.61,21679,22,0
2025-11-05 06:00:00,47.61,47.83,47.51,47.695,19028,22,0
2025-11-05 09:00:00,47.695,47.955,47.577,47.817,14983,22,0
2025-11-05 12:00:00,47.818,47.826,47.477,47.684,15434,22,0
2025-11-05 15:00:00,47.684,48.218,47.597,48.144,31310,22,0
2025-11-05 18:00:00,48.144,48.228,47.981,48.168,17524,22,0
2025-11-05 21:00:00,48.168,48.258,47.959,47.997,8379,22,0
2025-11-06 00:00:00,47.272,48.115,47.199,48.109,4759,22,0
2025-11-06 03:00:00,48.109,48.219,47.722,48.204,14395,22,0
2025-11-06 06:00:00,48.204,48.35,48.19,48.341,11420,22,0
2025-11-06 09:00:00,48.341,48.782,48.332,48.637,13999,22,0
2025-11-06 12:00:00,48.637,48.742,48.485,48.513,12280,22,0
2025-11-06 15:00:00,48.513,48.66,47.82,47.883,29808,22,0
2025-11-06 18:00:00,47.88,48.259,47.638,48.159,26739,22,0
2025-11-06 21:00:00,48.159,48.27,47.957,47.986,12122,22,0
2025-11-07 00:00:00,47.569,48.24,47.394,48.18,4594,22,0
2025-11-07 03:00:00,48.18,48.425,48.14,48.278,16262,22,0
2025-11-07 06:00:00,48.278,48.725,48.227,48.683,12414,22,0
2025-11-07 09:00:00,48.683,48.864,48.566,48.754,12267,22,0
2025-11-07 12:00:00,48.754,48.843,48.374,48.518,16884,22,0
2025-11-07 15:00:00,48.518,48.694,48.075,48.201,33770,22,0
2025-11-07 18:00:00,48.201,48.765,47.964,48.323,32943,22,0
2025-11-07 21:00:00,48.323,48.447,48.183,48.293,15704,22,0
2025-11-10 00:00:00,48.158,48.608,47.718,48.52,7025,26,0
2025-11-10 03:00:00,48.519,49.286,48.5,49.097,27342,22,0
2025-11-10 06:00:00,49.097,49.564,49.094,49.528,18446,22,0
2025-11-10 09:00:00,49.528,49.991,49.509,49.828,21171,22,0
2025-11-10 12:00:00,49.83,50.134,49.813,50.099,16156,22,0
2025-11-10 15:00:00,50.1,50.187,49.593,50.019,35975,22,0
